# epoch_ms,event_ts_ns,AX,AY,AZ,GX,GY,GZ,label,sessionID
1776116523285,1506708635775233,8.832211,-0.21547815,-4.3263226,NaN,NaN,NaN,TONIC,4fc4d1339fb4
1776116523293,1506708643864702,8.820239,-0.19632454,-4.31914,0.004886922,0.0018325958,6.1086525E-4,TONIC,4fc4d1339fb4
1776116523301,1506708651857940,8.848969,-0.22026655,-4.307169,0.004886922,0.0018325958,6.1086525E-4,TONIC,4fc4d1339fb4
1776116523309,1506708659854024,8.858546,-0.20829555,-4.3263226,0.004886922,0.0018325958,6.1086525E-4,TONIC,4fc4d1339fb4
1776116523317,1506708667851185,8.825027,-0.23702596,-4.333505,0.004886922,0.0018325958,6.1086525E-4,TONIC,4fc4d1339fb4
1776116523325,1506708675846038,8.813056,-0.22984336,-4.3287168,0.004886922,0.0018325958,6.1086525E-4,TONIC,4fc4d1339fb4
1776116523333,1506708683843199,8.801085,-0.22744916,-4.321534,0.004886922,0.0018325958,6.1086525E-4,TONIC,4fc4d1339fb4
1776116523341,1506708691927591,8.817844,-0.22266077,-4.3143516,0.004886922,0.0018325958,6.1086525E-4,TONIC,4fc4d1339fb4
1776116523349,1506708699863291,8.815451,-0.20829555,-4.31914,0.004886922,0.0018325958,6.1086525E-4,TONIC,4fc4d1339fb4
1776116523357,1506708707850914,8.825027,-0.20350714,-4.3382936,0.004886922,0.0018325958,6.1086525E-4,TONIC,4fc4d1339fb4
1776116523365,1506708715823305,8.822633,-0.21308395,-4.3358994,0.004886922,0.0018325958,6.1086525E-4,TONIC,4fc4d1339fb4
1776116523373,1506708723850697,8.829816,-0.22744916,-4.343082,0.004886922,0.0018325958,6.1086525E-4,TONIC,4fc4d1339fb4
1776116523381,1506708731847242,8.841787,-0.24181437,-4.3143516,0.004886922,0.0018325958,6.1086525E-4,TONIC,4fc4d1339fb4
1776116523389,1506708739841096,8.825027,-0.23223756,-4.285621,0.004886922,0.0018325958,6.1086525E-4,TONIC,4fc4d1339fb4
1776116523397,1506708747868488,8.820239,-0.24660277,-4.2999864,0.004886922,0.0018325958,6.1086525E-4,TONIC,4fc4d1339fb4
1776116523405,1506708755864188,8.817844,-0.22984336,-4.3167458,0.004886922,0.0018325958,6.1086525E-4,TONIC,4fc4d1339fb4
1776116523413,1506708763883656,8.820239,-0.23223756,-4.3239284,0.004886922,0.0018325958,6.1086525E-4,TONIC,4fc4d1339fb4
1776116523421,1506708771853509,8.815451,-0.21308395,-4.3406878,0.0036651916,-0.002443461,-0.004886922,TONIC,4fc4d1339fb4
1776116523429,1506708779850439,8.796297,-0.19393034,-4.309563,0.0036651916,-0.0030543262,-0.004276057,TONIC,4fc4d1339fb4
1776116523437,1506708787845140,8.781932,-0.17477672,-4.31914,0.0030543262,0.0012217305,-0.004886922,TONIC,4fc4d1339fb4
1776116523445,1506708795841531,8.789114,-0.1604115,-4.3167458,0.0018325958,0.0030543262,-0.0036651916,TONIC,4fc4d1339fb4
1776116523453,1506708803869769,8.801085,-0.17717093,-4.309563,0.002443461,0.0036651916,-0.0012217305,TONIC,4fc4d1339fb4
1776116523461,1506708811861545,8.791509,-0.19393034,-4.3167458,0.0036651916,0.004886922,0.0,TONIC,4fc4d1339fb4
1776116523469,1506708819858476,8.808268,-0.20111294,-4.307169,0.002443461,0.007941248,0.0030543262,TONIC,4fc4d1339fb4
1776116523477,1506708827854406,8.805874,-0.21308395,-4.321534,0.002443461,0.01038471,0.004886922,TONIC,4fc4d1339fb4
1776116523485,1506708835850721,8.815451,-0.19393034,-4.3119574,0.0018325958,0.01282817,0.0036651916,TONIC,4fc4d1339fb4
1776116523493,1506708843847728,8.803479,-0.23223756,-4.3047748,0.0018325958,0.01282817,0.004886922,TONIC,4fc4d1339fb4
1776116523501,1506708851841582,8.815451,-0.22984336,-4.295198,0.0018325958,0.009162978,0.005497787,TONIC,4fc4d1339fb4
1776116523509,1506708859831050,8.817844,-0.23702596,-4.3119574,6.1086525E-4,0.0067195175,0.0067195175,TONIC,4fc4d1339fb4
1776116523517,1506708867831980,8.796297,-0.23942018,-4.3047748,0.0,0.004886922,0.007941248,TONIC,4fc4d1339fb4
1776116523525,1506708875858757,8.789114,-0.24420857,-4.3119574,-0.0012217305,0.0030543262,0.007330383,TONIC,4fc4d1339fb4
1776116523533,1506708883856303,8.793902,-0.23942018,-4.3406878,-0.0012217305,0.0018325958,0.009162978,TONIC,4fc4d1339fb4
1776116523541,1506708891910156,8.825027,-0.24181437,-4.3358994,-0.0012217305,0.0030543262,0.007941248,TONIC,4fc4d1339fb4
1776116523549,1506708899845932,8.817844,-0.22984336,-4.31914,-0.002443461,0.0067195175,0.009162978,TONIC,4fc4d1339fb4
1776116523557,1506708907840939,8.815451,-0.24660277,-4.297592,-0.0018325958,0.0061086523,0.009773844,TONIC,4fc4d1339fb4
1776116523565,1506708915836946,8.822633,-0.23702596,-4.2999864,-0.0030543262,0.005497787,0.009162978,TONIC,4fc4d1339fb4
1776116523573,1506708923865031,8.825027,-0.22984336,-4.3023806,-0.004886922,0.0,0.008552114,TONIC,4fc4d1339fb4
1776116523581,1506708931859500,8.839393,-0.25617957,-4.295198,-0.002443461,0.0018325958,0.008552114,TONIC,4fc4d1339fb4
1776116523589,1506708939909276,8.825027,-0.23702596,-4.297592,-0.004276057,6.1086525E-4,0.007330383,TONIC,4fc4d1339fb4
1776116523597,1506708947848975,8.820239,-0.22744916,-4.3047748,-0.0030543262,6.1086525E-4,0.0061086523,TONIC,4fc4d1339fb4
1776116523605,1506708955846213,8.829816,-0.23223756,-4.3023806,-0.0030543262,0.0012217305,0.004886922,TONIC,4fc4d1339fb4
1776116523613,1506708963842606,8.820239,-0.23463176,-4.3047748,-0.002443461,-0.0018325958,0.004276057,TONIC,4fc4d1339fb4
1776116523621,1506708971866613,8.834604,-0.23223756,-4.3119574,-0.0030543262,-0.0018325958,0.004276057,TONIC,4fc4d1339fb4
1776116523629,1506708979862543,8.815451,-0.24660277,-4.309563,-0.002443461,-0.0012217305,0.004276057,TONIC,4fc4d1339fb4
1776116523637,1506708987913396,8.832211,-0.22266077,-4.297592,-0.0036651916,0.0,0.0018325958,TONIC,4fc4d1339fb4
1776116523645,1506708995853019,8.822633,-0.23463176,-4.297592,-0.002443461,0.002443461,0.0,TONIC,4fc4d1339fb4
1776116523653,1506709003851179,8.834604,-0.23942018,-4.2999864,-0.002443461,0.004276057,0.0012217305,TONIC,4fc4d1339fb4
1776116523661,1506709011844187,8.844181,-0.24420857,-4.297592,-0.0030543262,0.004886922,0.0,TONIC,4fc4d1339fb4
1776116523669,1506709019840425,8.856153,-0.22984336,-4.297592,-0.0018325958,0.004276057,-0.0012217305,TONIC,4fc4d1339fb4
1776116523677,1506709027865740,8.836999,-0.24899697,-4.307169,-0.002443461,0.007941248,-0.0018325958,TONIC,4fc4d1339fb4
1776116523685,1506709035861055,8.827422,-0.23702596,-4.295198,-0.0012217305,0.007941248,-0.0036651916,TONIC,4fc4d1339fb4
1776116523693,1506709043857139,8.817844,-0.21308395,-4.283227,-0.0012217305,0.0067195175,-0.0030543262,TONIC,4fc4d1339fb4
1776116523701,1506709051853993,8.827422,-0.22505496,-4.295198,-6.1086525E-4,0.0067195175,-0.0030543262,TONIC,4fc4d1339fb4
1776116523709,1506709059904461,8.820239,-0.21068975,-4.2784386,-0.0018325958,0.004886922,-0.0036651916,TONIC,4fc4d1339fb4
1776116523717,1506709067845084,8.825027,-0.19153613,-4.2880154,-0.0012217305,0.005497787,-0.0030543262,TONIC,4fc4d1339fb4
1776116523725,1506709075870629,8.817844,-0.21308395,-4.297592,-0.0018325958,0.0036651916,-0.002443461,TONIC,4fc4d1339fb4
1776116523733,1506709083891329,8.832211,-0.20829555,-4.2880154,-0.0018325958,0.0012217305,-0.0030543262,TONIC,4fc4d1339fb4
1776116523741,1506709091862951,8.832211,-0.22505496,-4.268862,-0.0012217305,0.0030543262,-0.002443461,TONIC,4fc4d1339fb4
1776116523749,1506709099856497,8.825027,-0.19632454,-4.247314,-0.0030543262,-0.0018325958,-6.1086525E-4,TONIC,4fc4d1339fb4
1776116523757,1506709107853120,8.836999,-0.19871874,-4.2784386,-6.1086525E-4,-6.1086525E-4,-0.0030543262,TONIC,4fc4d1339fb4
1776116523765,1506709115850742,8.822633,-0.19871874,-4.285621,6.1086525E-4,-0.005497787,-0.0036651916,TONIC,4fc4d1339fb4
1776116523773,1506709123846134,8.848969,-0.20111294,-4.297592,-6.1086525E-4,-0.0061086523,-0.0030543262,TONIC,4fc4d1339fb4
1776116523781,1506709131872218,8.863335,-0.21547815,-4.3023806,6.1086525E-4,-0.007330383,-0.0036651916,TONIC,4fc4d1339fb4
1776116523789,1506709139988610,8.839393,-0.21547815,-4.2880154,0.0,-0.0067195175,-0.0030543262,TONIC,4fc4d1339fb4
1776116523797,1506709147861771,8.839393,-0.23223756,-4.2999864,6.1086525E-4,-0.004276057,-0.0018325958,TONIC,4fc4d1339fb4
1776116523805,1506709155858163,8.822633,-0.21068975,-4.283227,0.002443461,-0.004276057,-0.0030543262,TONIC,4fc4d1339fb4
1776116523813,1506709163854708,8.822633,-0.22505496,-4.3023806,0.0018325958,-0.005497787,-0.0030543262,TONIC,4fc4d1339fb4
1776116523821,1506709171849177,8.808268,-0.24420857,-4.2999864,0.0018325958,-0.0061086523,-0.0030543262,TONIC,4fc4d1339fb4
1776116523829,1506709179845261,8.798691,-0.22026655,-4.295198,0.0012217305,-0.008552114,-0.0030543262,TONIC,4fc4d1339fb4
1776116523837,1506709187839730,8.801085,-0.23702596,-4.297592,0.0012217305,-0.009773844,-0.0018325958,TONIC,4fc4d1339fb4
1776116523845,1506709195835122,8.78672,-0.22026655,-4.309563,0.0012217305,-0.009162978,-0.0018325958,TONIC,4fc4d1339fb4
1776116523853,1506709203862821,8.798691,-0.21787235,-4.2880154,6.1086525E-4,-0.01282817,-0.002443461,TONIC,4fc4d1339fb4
1776116523861,1506709211856982,8.827422,-0.22505496,-4.3167458,6.1086525E-4,-0.01282817,-0.002443461,TONIC,4fc4d1339fb4
1776116523869,1506709219853605,8.803479,-0.21787235,-4.3047748,0.0012217305,-0.012217305,-0.002443461,TONIC,4fc4d1339fb4
1776116523877,1506709227849536,8.820239,-0.21787235,-4.2999864,0.0012217305,-0.01282817,-0.0030543262,TONIC,4fc4d1339fb4
1776116523885,1506709235845004,8.808268,-0.22505496,-4.309563,0.0030543262,-0.009162978,-0.0036651916,TONIC,4fc4d1339fb4
1776116523893,1506709243842858,8.817844,-0.22026655,-4.309563,0.0018325958,-0.0067195175,-0.0036651916,TONIC,4fc4d1339fb4
1776116523901,1506709251866788,8.815451,-0.21547815,-4.3263226,0.002443461,-0.004886922,-0.004276057,TONIC,4fc4d1339fb4
1776116523909,1506709259861564,8.817844,-0.24181437,-4.3263226,0.002443461,-6.1086525E-4,-0.004276057,TONIC,4fc4d1339fb4
1776116523917,1506709267912418,8.810662,-0.22505496,-4.333505,0.0030543262,-6.1086525E-4,-0.004886922,TONIC,4fc4d1339fb4
1776116523925,1506709275853040,8.808268,-0.22744916,-4.3263226,0.0036651916,0.004276057,-0.004276057,TONIC,4fc4d1339fb4
1776116523933,1506709283850201,8.820239,-0.22026655,-4.3023806,0.004886922,0.007941248,-0.004886922,TONIC,4fc4d1339fb4
1776116523941,1506709291807747,8.805874,-0.22505496,-4.309563,0.0036651916,0.01038471,-0.0036651916,TONIC,4fc4d1339fb4
1776116523949,1506709299838523,8.798691,-0.22266077,-4.3119574,0.0030543262,0.01038471,-0.004886922,TONIC,4fc4d1339fb4
1776116523957,1506709307864761,8.803479,-0.21308395,-4.2904096,0.0030543262,0.0067195175,-0.0036651916,TONIC,4fc4d1339fb4
1776116523965,1506709315825077,8.784326,-0.22026655,-4.3047748,0.004276057,0.007941248,-0.0036651916,TONIC,4fc4d1339fb4
1776116523973,1506709323826622,8.813056,-0.20829555,-4.292804,0.0030543262,0.007330383,-0.0018325958,TONIC,4fc4d1339fb4
1776116523981,1506709331851475,8.808268,-0.20111294,-4.295198,0.0030543262,0.0067195175,-0.002443461,TONIC,4fc4d1339fb4
1776116523989,1506709339903482,8.808268,-0.20590134,-4.297592,0.0036651916,0.0061086523,-0.0030543262,TONIC,4fc4d1339fb4
1776116523997,1506709347842951,8.803479,-0.20829555,-4.3167458,0.005497787,0.004886922,-0.0018325958,TONIC,4fc4d1339fb4
1776116524005,1506709355839266,8.825027,-0.21068975,-4.3263226,0.002443461,0.0036651916,-0.0012217305,TONIC,4fc4d1339fb4
1776116524013,1506709363866350,8.803479,-0.20590134,-4.3143516,0.004276057,0.009162978,-0.0012217305,TONIC,4fc4d1339fb4
1776116524021,1506709371952127,8.813056,-0.20350714,-4.321534,0.005497787,0.01282817,-6.1086525E-4,TONIC,4fc4d1339fb4
1776116524029,1506709379855826,8.810662,-0.20829555,-4.3023806,0.0061086523,0.017104227,-6.1086525E-4,TONIC,4fc4d1339fb4
1776116524037,1506709387852756,8.844181,-0.22505496,-4.3119574,0.005497787,0.018325957,0.0012217305,TONIC,4fc4d1339fb4
1776116524045,1506709395849071,8.832211,-0.22744916,-4.2880154,0.007330383,0.02076942,-0.0012217305,TONIC,4fc4d1339fb4
1776116524053,1506709403845771,8.822633,-0.23463176,-4.271256,0.0061086523,0.018325957,6.1086525E-4,TONIC,4fc4d1339fb4
1776116524061,1506709411869394,8.820239,-0.22026655,-4.2784386,0.0061086523,0.016493361,-0.0012217305,TONIC,4fc4d1339fb4
1776116524069,1506709419920554,8.834604,-0.21547815,-4.27365,0.0061086523,0.01160644,6.1086525E-4,TONIC,4fc4d1339fb4
1776116524077,1506709427830715,8.829816,-0.23463176,-4.283227,0.0067195175,0.01282817,-0.0012217305,TONIC,4fc4d1339fb4
1776116524085,1506709435857492,8.825027,-0.23702596,-4.2784386,0.004886922,0.009773844,-0.0018325958,TONIC,4fc4d1339fb4
1776116524093,1506709443853807,8.827422,-0.23463176,-4.2760444,0.005497787,0.007941248,0.0,TONIC,4fc4d1339fb4
1776116524101,1506709451847353,8.844181,-0.25378537,-4.2760444,0.0061086523,0.005497787,-6.1086525E-4,TONIC,4fc4d1339fb4
1776116524109,1506709459843667,8.853758,-0.23463176,-4.285621,0.004886922,0.004276057,6.1086525E-4,TONIC,4fc4d1339fb4
1776116524117,1506709467863905,8.844181,-0.23463176,-4.2544966,0.004886922,0.0018325958,-0.0018325958,TONIC,4fc4d1339fb4
1776116524125,1506709475865528,8.836999,-0.24899697,-4.2640734,0.0061086523,-0.0012217305,-0.0030543262,TONIC,4fc4d1339fb4
1776116524133,1506709483862381,8.834604,-0.23702596,-4.283227,0.004886922,-0.0061086523,-0.002443461,TONIC,4fc4d1339fb4
1776116524141,1506709491855927,8.865729,-0.23463176,-4.283227,0.005497787,-0.010995574,-0.0030543262,TONIC,4fc4d1339fb4
1776116524149,1506709499851704,8.836999,-0.23942018,-4.2904096,0.004886922,-0.01160644,-0.002443461,TONIC,4fc4d1339fb4
1776116524157,1506709507846711,8.827422,-0.23223756,-4.307169,0.004276057,-0.01282817,-0.004276057,TONIC,4fc4d1339fb4
1776116524165,1506709515843641,8.815451,-0.23223756,-4.3119574,0.004276057,-0.01038471,-0.005497787,TONIC,4fc4d1339fb4
1776116524173,1506709523870186,8.817844,-0.22984336,-4.3287168,0.004886922,-0.0067195175,-0.007330383,TONIC,4fc4d1339fb4
1776116524181,1506709531865502,8.829816,-0.22266077,-4.309563,0.005497787,-0.005497787,-0.007330383,TONIC,4fc4d1339fb4
1776116524189,1506709539860893,8.813056,-0.22744916,-4.307169,0.004886922,-0.0036651916,-0.007330383,TONIC,4fc4d1339fb4
1776116524197,1506709547856593,8.803479,-0.21068975,-4.3287168,0.005497787,0.0,-0.007330383,TONIC,4fc4d1339fb4
1776116524205,1506709555852061,8.810662,-0.22026655,-4.3143516,0.0061086523,0.002443461,-0.0067195175,TONIC,4fc4d1339fb4
1776116524213,1506709563847068,8.793902,-0.20111294,-4.3047748,0.004886922,0.005497787,-0.0067195175,TONIC,4fc4d1339fb4
1776116524221,1506709571776306,8.810662,-0.20350714,-4.268862,0.007330383,0.0061086523,-0.0067195175,TONIC,4fc4d1339fb4
1776116524229,1506709579837622,8.798691,-0.20590134,-4.271256,0.005497787,0.01038471,-0.0067195175,TONIC,4fc4d1339fb4
1776116524237,1506709587834860,8.817844,-0.22026655,-4.2904096,0.0067195175,0.0067195175,-0.005497787,TONIC,4fc4d1339fb4
1776116524245,1506709595824097,8.808268,-0.22505496,-4.268862,0.008552114,0.004276057,-0.004276057,TONIC,4fc4d1339fb4
1776116524253,1506709603826489,8.808268,-0.24420857,-4.2880154,0.007330383,0.0018325958,-0.005497787,TONIC,4fc4d1339fb4
1776116524261,1506709611850188,8.803479,-0.22266077,-4.3023806,0.004886922,-0.004276057,-0.0067195175,TONIC,4fc4d1339fb4
1776116524269,1506709619847735,8.832211,-0.22026655,-4.297592,0.008552114,-6.1086525E-4,-0.0067195175,TONIC,4fc4d1339fb4
1776116524277,1506709627842819,8.808268,-0.22266077,-4.295198,0.0067195175,-0.004886922,-0.004886922,TONIC,4fc4d1339fb4
1776116524285,1506709635832749,8.813056,-0.18914193,-4.295198,0.007330383,-0.0036651916,-0.004886922,TONIC,4fc4d1339fb4
1776116524293,1506709643834602,8.803479,-0.21787235,-4.2880154,0.007330383,-0.0036651916,-0.0061086523,TONIC,4fc4d1339fb4
1776116524301,1506709651829994,8.822633,-0.22266077,-4.307169,0.009773844,-0.0012217305,-0.0067195175,TONIC,4fc4d1339fb4
1776116524309,1506709659825693,8.825027,-0.22266077,-4.309563,0.007941248,0.0,-0.004276057,TONIC,4fc4d1339fb4
1776116524317,1506709667851163,8.825027,-0.21068975,-4.3119574,0.009773844,-6.1086525E-4,-0.005497787,TONIC,4fc4d1339fb4
1776116524325,1506709675847247,8.803479,-0.22505496,-4.283227,0.007330383,0.004276057,-0.0067195175,TONIC,4fc4d1339fb4
1776116524333,1506709683928484,8.793902,-0.22984336,-4.2904096,0.008552114,0.0036651916,-0.007330383,TONIC,4fc4d1339fb4
1776116524341,1506709691838953,8.813056,-0.22026655,-4.292804,0.007330383,0.004886922,-0.007330383,TONIC,4fc4d1339fb4
1776116524349,1506709699889114,8.813056,-0.23702596,-4.292804,0.007941248,0.0036651916,-0.007330383,TONIC,4fc4d1339fb4
1776116524357,1506709707862045,8.841787,-0.24420857,-4.3023806,0.01038471,0.005497787,-0.0067195175,TONIC,4fc4d1339fb4
1776116524365,1506709715855513,8.834604,-0.24660277,-4.3143516,0.004886922,0.0036651916,-0.005497787,TONIC,4fc4d1339fb4
1776116524373,1506709723822059,8.839393,-0.24899697,-4.3047748,0.0061086523,0.009162978,-0.007941248,TONIC,4fc4d1339fb4
1776116524381,1506709731871604,8.851364,-0.23463176,-4.295198,0.005497787,0.01038471,-0.0067195175,TONIC,4fc4d1339fb4
1776116524389,1506709739842688,8.846576,-0.22026655,-4.283227,0.0061086523,0.010995574,-0.007330383,TONIC,4fc4d1339fb4
1776116524397,1506709747893389,8.841787,-0.23463176,-4.2760444,0.0061086523,0.01038471,-0.009162978,TONIC,4fc4d1339fb4
1776116524405,1506709755862934,8.822633,-0.21787235,-4.2904096,0.0067195175,0.007330383,-0.007941248,TONIC,4fc4d1339fb4
1776116524413,1506709763976172,8.825027,-0.23702596,-4.2999864,0.004886922,0.002443461,-0.007941248,TONIC,4fc4d1339fb4
1776116524421,1506709771855948,8.808268,-0.24181437,-4.292804,0.0030543262,-0.0012217305,-0.007941248,TONIC,4fc4d1339fb4
1776116524429,1506709779851647,8.808268,-0.23463176,-4.3143516,0.004276057,-0.0012217305,-0.007941248,TONIC,4fc4d1339fb4
1776116524437,1506709787846424,8.791509,-0.22505496,-4.309563,0.004276057,-0.0018325958,-0.008552114,TONIC,4fc4d1339fb4
1776116524445,1506709795841816,8.810662,-0.22744916,-4.297592,0.0030543262,-0.0018325958,-0.01038471,TONIC,4fc4d1339fb4
1776116524453,1506709803954131,8.829816,-0.20111294,-4.3023806,0.0030543262,6.1086525E-4,-0.009162978,TONIC,4fc4d1339fb4
1776116524461,1506709811832830,8.832211,-0.22026655,-4.3167458,0.002443461,-6.1086525E-4,-0.009162978,TONIC,4fc4d1339fb4
1776116524469,1506709819829145,8.848969,-0.22026655,-4.3047748,0.0030543262,0.002443461,-0.007941248,TONIC,4fc4d1339fb4
1776116524477,1506709827856306,8.822633,-0.19871874,-4.2880154,0.002443461,0.0061086523,-0.008552114,TONIC,4fc4d1339fb4
1776116524485,1506709835852852,8.829816,-0.21787235,-4.2784386,0.0036651916,0.007330383,-0.009162978,TONIC,4fc4d1339fb4
1776116524493,1506709843962783,8.822633,-0.20590134,-4.271256,0.004886922,0.0061086523,-0.008552114,TONIC,4fc4d1339fb4
1776116524501,1506709851841174,8.817844,-0.21308395,-4.2784386,0.0030543262,0.0030543262,-0.01038471,TONIC,4fc4d1339fb4
1776116524509,1506709859801489,8.822633,-0.20829555,-4.2760444,0.005497787,0.0018325958,-0.007941248,TONIC,4fc4d1339fb4
1776116524517,1506709867832342,8.798691,-0.20590134,-4.285621,0.004276057,-0.0012217305,-0.009162978,TONIC,4fc4d1339fb4
1776116524525,1506709875858734,8.822633,-0.19153613,-4.307169,0.0036651916,-0.002443461,-0.008552114,TONIC,4fc4d1339fb4
1776116524533,1506709883825896,8.820239,-0.18674773,-4.295198,0.004886922,-0.0018325958,-0.007941248,TONIC,4fc4d1339fb4
1776116524541,1506709891936364,8.822633,-0.19632454,-4.2904096,0.005497787,0.002443461,-0.009162978,TONIC,4fc4d1339fb4
1776116524549,1506709899817833,8.817844,-0.19871874,-4.2664676,0.005497787,6.1086525E-4,-0.007330383,TONIC,4fc4d1339fb4
1776116524557,1506709907903455,8.825027,-0.20590134,-4.271256,0.007330383,0.0061086523,-0.0061086523,TONIC,4fc4d1339fb4
1776116524565,1506709915868924,8.832211,-0.19153613,-4.259285,0.004886922,0.0,-0.0061086523,TONIC,4fc4d1339fb4
1776116524573,1506709923833624,8.817844,-0.21308395,-4.271256,0.0061086523,-0.0036651916,-0.005497787,TONIC,4fc4d1339fb4
1776116524581,1506709931851169,8.825027,-0.20829555,-4.283227,0.005497787,-0.004886922,-0.0061086523,TONIC,4fc4d1339fb4
1776116524589,1506709939823792,8.841787,-0.21068975,-4.285621,0.0067195175,-0.005497787,-0.005497787,TONIC,4fc4d1339fb4
1776116524597,1506709947853030,8.829816,-0.20829555,-4.3167458,0.007330383,-0.0061086523,-0.0061086523,TONIC,4fc4d1339fb4
1776116524605,1506709955845037,8.822633,-0.20111294,-4.2999864,0.01038471,-6.1086525E-4,-0.0061086523,TONIC,4fc4d1339fb4
1776116524613,1506709963988429,8.822633,-0.21547815,-4.2904096,0.0067195175,6.1086525E-4,-0.005497787,TONIC,4fc4d1339fb4
1776116524621,1506709971868744,8.817844,-0.21547815,-4.283227,0.004886922,-6.1086525E-4,-0.004886922,TONIC,4fc4d1339fb4
1776116524629,1506709979862828,8.810662,-0.19871874,-4.2880154,0.005497787,0.0012217305,-0.0036651916,TONIC,4fc4d1339fb4
1776116524637,1506709987914297,8.817844,-0.20590134,-4.3119574,0.005497787,0.0012217305,-0.0030543262,TONIC,4fc4d1339fb4
1776116524645,1506709995855842,8.820239,-0.23702596,-4.283227,0.007330383,0.0012217305,-0.0030543262,TONIC,4fc4d1339fb4
1776116524653,1506710003911234,8.793902,-0.23223756,-4.2880154,0.004886922,-0.0018325958,-0.0036651916,TONIC,4fc4d1339fb4
1776116524661,1506710011998319,8.805874,-0.22984336,-4.292804,0.004886922,0.0012217305,-0.002443461,TONIC,4fc4d1339fb4
1776116524669,1506710019841095,8.822633,-0.21308395,-4.2880154,0.0036651916,-0.004276057,-0.0012217305,TONIC,4fc4d1339fb4
1776116524677,1506710027868486,8.827422,-0.21068975,-4.307169,0.0036651916,-0.002443461,-0.002443461,TONIC,4fc4d1339fb4
1776116524685,1506710035864109,8.808268,-0.21068975,-4.297592,0.004276057,-0.0012217305,6.1086525E-4,TONIC,4fc4d1339fb4
1776116524693,1506710043944731,8.7771435,-0.21308395,-4.321534,0.0030543262,-6.1086525E-4,-6.1086525E-4,TONIC,4fc4d1339fb4
1776116524701,1506710051856200,8.7771435,-0.20350714,-4.3143516,0.0030543262,0.0018325958,-6.1086525E-4,TONIC,4fc4d1339fb4
1776116524709,1506710059849054,8.789114,-0.22744916,-4.292804,0.0030543262,-6.1086525E-4,0.0012217305,TONIC,4fc4d1339fb4
1776116524717,1506710067846676,8.798691,-0.22026655,-4.292804,0.0018325958,0.002443461,6.1086525E-4,TONIC,4fc4d1339fb4
1776116524725,1506710075842068,8.808268,-0.23463176,-4.297592,0.0018325958,0.0018325958,0.0018325958,TONIC,4fc4d1339fb4
1776116524733,1506710083868844,8.810662,-0.21308395,-4.321534,0.0018325958,0.0036651916,0.0012217305,TONIC,4fc4d1339fb4
1776116524741,1506710091948851,8.803479,-0.22026655,-4.31914,0.0018325958,0.0030543262,6.1086525E-4,TONIC,4fc4d1339fb4
1776116524749,1506710099829167,8.808268,-0.20829555,-4.3239284,0.0012217305,0.004886922,0.0018325958,TONIC,4fc4d1339fb4
1776116524757,1506710107940174,8.827422,-0.22026655,-4.292804,0.002443461,0.013439035,0.0012217305,TONIC,4fc4d1339fb4
1776116524765,1506710115850335,8.832211,-0.23463176,-4.309563,0.0018325958,0.013439035,0.0012217305,TONIC,4fc4d1339fb4
1776116524773,1506710123845419,8.825027,-0.20350714,-4.2880154,6.1086525E-4,0.017104227,0.0018325958,TONIC,4fc4d1339fb4
1776116524781,1506710131840810,8.825027,-0.21787235,-4.3143516,0.002443461,0.016493361,6.1086525E-4,TONIC,4fc4d1339fb4
1776116524789,1506710139830971,8.822633,-0.21068975,-4.27365,0.0012217305,0.018936822,0.0018325958,TONIC,4fc4d1339fb4
1776116524797,1506710147833518,8.822633,-0.22984336,-4.2784386,0.0012217305,0.016493361,0.002443461,TONIC,4fc4d1339fb4
1776116524805,1506710155858063,8.815451,-0.21308395,-4.2760444,0.0012217305,0.021380283,0.0012217305,TONIC,4fc4d1339fb4
1776116524813,1506710163853763,8.829816,-0.21547815,-4.2521024,0.002443461,0.019547688,6.1086525E-4,TONIC,4fc4d1339fb4
1776116524821,1506710171848539,8.839393,-0.21547815,-4.256891,0.0012217305,0.015882496,0.002443461,TONIC,4fc4d1339fb4
1776116524829,1506710179846161,8.841787,-0.22266077,-4.261679,6.1086525E-4,0.012217305,0.0012217305,TONIC,4fc4d1339fb4
1776116524837,1506710187840631,8.836999,-0.21547815,-4.268862,6.1086525E-4,0.007941248,0.002443461,TONIC,4fc4d1339fb4
1776116524845,1506710195866792,8.822633,-0.20350714,-4.285621,6.1086525E-4,0.005497787,0.002443461,TONIC,4fc4d1339fb4
1776116524853,1506710203862722,8.848969,-0.22026655,-4.283227,6.1086525E-4,0.007330383,0.0018325958,TONIC,4fc4d1339fb4
1776116524861,1506710211857190,8.839393,-0.21068975,-4.261679,6.1086525E-4,0.008552114,6.1086525E-4,TONIC,4fc4d1339fb4
1776116524869,1506710219854197,8.822633,-0.22266077,-4.261679,6.1086525E-4,0.0067195175,0.0018325958,TONIC,4fc4d1339fb4
1776116524877,1506710227850435,8.829816,-0.22026655,-4.2521024,0.0012217305,0.0067195175,0.0018325958,TONIC,4fc4d1339fb4
1776116524885,1506710235845289,8.829816,-0.20829555,-4.261679,0.0012217305,0.0018325958,0.0030543262,TONIC,4fc4d1339fb4
1776116524893,1506710243841835,8.853758,-0.19871874,-4.2664676,6.1086525E-4,0.0,0.0012217305,TONIC,4fc4d1339fb4
1776116524901,1506710251866457,8.815451,-0.21787235,-4.283227,0.0012217305,-0.0036651916,0.0,TONIC,4fc4d1339fb4
1776116524909,1506710259862464,8.825027,-0.22266077,-4.3023806,0.0012217305,-0.002443461,0.0012217305,TONIC,4fc4d1339fb4
1776116524917,1506710267857856,8.820239,-0.19393034,-4.2760444,6.1086525E-4,-0.002443461,0.0012217305,TONIC,4fc4d1339fb4
1776116524925,1506710275853556,8.827422,-0.21068975,-4.2640734,0.0,-0.0018325958,0.0018325958,TONIC,4fc4d1339fb4
1776116524933,1506710283849025,8.817844,-0.21308395,-4.2544966,0.0012217305,0.0,0.0036651916,TONIC,4fc4d1339fb4
1776116524941,1506710291844724,8.817844,-0.20590134,-4.2640734,0.0018325958,-0.0018325958,0.0036651916,TONIC,4fc4d1339fb4
1776116524949,1506710299840347,8.832211,-0.21547815,-4.2401314,0.0012217305,-0.0036651916,0.004886922,TONIC,4fc4d1339fb4
1776116524957,1506710307866892,8.846576,-0.22266077,-4.261679,0.0018325958,-0.005497787,0.0036651916,TONIC,4fc4d1339fb4
1776116524965,1506710315863207,8.813056,-0.22026655,-4.259285,6.1086525E-4,-0.007330383,0.004886922,TONIC,4fc4d1339fb4
1776116524973,1506710323821599,8.820239,-0.23223756,-4.283227,0.0012217305,-0.009773844,0.0036651916,TONIC,4fc4d1339fb4
1776116524981,1506710331853376,8.820239,-0.23223756,-4.295198,0.0,-0.01038471,0.002443461,TONIC,4fc4d1339fb4
1776116524989,1506710339909921,8.813056,-0.21547815,-4.307169,0.0012217305,-0.008552114,0.0018325958,TONIC,4fc4d1339fb4
1776116524997,1506710347930543,8.820239,-0.21068975,-4.295198,0.0018325958,-0.007330383,6.1086525E-4,TONIC,4fc4d1339fb4
1776116525005,1506710355872704,8.825027,-0.21308395,-4.297592,0.0018325958,-0.005497787,0.002443461,TONIC,4fc4d1339fb4
1776116525013,1506710363867174,8.836999,-0.23223756,-4.2880154,0.0018325958,-0.0030543262,0.0,TONIC,4fc4d1339fb4
1776116525021,1506710371862335,8.846576,-0.23463176,-4.271256,0.002443461,-0.0012217305,-6.1086525E-4,TONIC,4fc4d1339fb4
1776116525029,1506710379857111,8.839393,-0.22984336,-4.280833,0.0018325958,-0.002443461,6.1086525E-4,TONIC,4fc4d1339fb4
1776116525037,1506710387853656,8.825027,-0.23702596,-4.285621,0.0018325958,-0.0018325958,-6.1086525E-4,TONIC,4fc4d1339fb4
1776116525045,1506710395847894,8.822633,-0.21068975,-4.27365,0.002443461,-0.0036651916,-0.0012217305,TONIC,4fc4d1339fb4
1776116525053,1506710403930287,8.832211,-0.23223756,-4.2880154,6.1086525E-4,-0.0030543262,6.1086525E-4,TONIC,4fc4d1339fb4
1776116525061,1506710411870679,8.820239,-0.24420857,-4.2784386,0.0018325958,-0.005497787,-0.0012217305,TONIC,4fc4d1339fb4
1776116525069,1506710419797070,8.839393,-0.24181437,-4.3023806,0.0012217305,-0.0030543262,0.0,TONIC,4fc4d1339fb4
1776116525077,1506710427831231,8.813056,-0.24181437,-4.3023806,-0.002443461,-0.010995574,0.0,TONIC,4fc4d1339fb4
1776116525085,1506710435827853,8.813056,-0.23702596,-4.295198,0.005497787,-0.0030543262,0.0,TONIC,4fc4d1339fb4
1776116525093,1506710443877784,8.791509,-0.22505496,-4.31914,0.0,-0.005497787,-6.1086525E-4,TONIC,4fc4d1339fb4
1776116525101,1506710451718637,8.805874,-0.20590134,-4.285621,-6.1086525E-4,-0.0018325958,-0.002443461,TONIC,4fc4d1339fb4
1776116525109,1506710459843876,8.815451,-0.21547815,-4.292804,0.0012217305,-0.0018325958,6.1086525E-4,TONIC,4fc4d1339fb4
1776116525117,1506710467895267,8.820239,-0.21547815,-4.3143516,-0.0030543262,-0.0018325958,-6.1086525E-4,TONIC,4fc4d1339fb4
1776116525125,1506710475836582,8.808268,-0.21068975,-4.3023806,0.0012217305,6.1086525E-4,0.0018325958,TONIC,4fc4d1339fb4
1776116525133,1506710483916897,8.813056,-0.21308395,-4.3023806,-6.1086525E-4,0.0,0.0018325958,TONIC,4fc4d1339fb4
1776116525141,1506710491827596,8.815451,-0.21787235,-4.3023806,-0.0012217305,0.0012217305,-6.1086525E-4,TONIC,4fc4d1339fb4
1776116525149,1506710499877758,8.820239,-0.21547815,-4.307169,0.002443461,0.0030543262,-6.1086525E-4,TONIC,4fc4d1339fb4
1776116525157,1506710507851072,8.805874,-0.21068975,-4.3047748,6.1086525E-4,0.004276057,-0.0018325958,TONIC,4fc4d1339fb4
1776116525165,1506710515845156,8.817844,-0.23702596,-4.295198,6.1086525E-4,0.007330383,-0.0018325958,TONIC,4fc4d1339fb4
1776116525173,1506710523840933,8.815451,-0.22505496,-4.285621,0.0012217305,0.008552114,-0.0012217305,TONIC,4fc4d1339fb4
1776116525181,1506710531921170,8.815451,-0.21308395,-4.292804,0.0012217305,0.01160644,0.0,TONIC,4fc4d1339fb4
1776116525189,1506710539831332,8.822633,-0.24181437,-4.297592,6.1086525E-4,0.01160644,0.0,TONIC,4fc4d1339fb4
1776116525197,1506710547829262,8.822633,-0.23223756,-4.280833,6.1086525E-4,0.010995574,6.1086525E-4,TONIC,4fc4d1339fb4
1776116525205,1506710555854500,8.827422,-0.22505496,-4.280833,0.0,0.01160644,-6.1086525E-4,TONIC,4fc4d1339fb4
1776116525213,1506710563964661,8.832211,-0.20829555,-4.2760444,0.0,0.010995574,-0.0018325958,TONIC,4fc4d1339fb4
1776116525221,1506710571845283,8.825027,-0.20590134,-4.2544966,0.002443461,0.01282817,-0.0018325958,TONIC,4fc4d1339fb4
1776116525229,1506710579861830,8.820239,-0.21787235,-4.268862,-0.0036651916,0.009162978,-0.002443461,TONIC,4fc4d1339fb4
1776116525237,1506710587834529,8.834604,-0.22744916,-4.256891,0.0018325958,0.009773844,-0.0030543262,TONIC,4fc4d1339fb4
1776116525245,1506710595860075,8.834604,-0.22266077,-4.268862,0.0018325958,0.007941248,-0.0036651916,TONIC,4fc4d1339fb4
1776116525253,1506710603973236,8.815451,-0.23223756,-4.280833,0.0012217305,0.004886922,-0.002443461,TONIC,4fc4d1339fb4
1776116525261,1506710611822473,8.817844,-0.22984336,-4.2760444,0.0036651916,0.002443461,-0.004886922,TONIC,4fc4d1339fb4
1776116525269,1506710619872942,8.810662,-0.22744916,-4.307169,-6.1086525E-4,0.0,-0.0036651916,TONIC,4fc4d1339fb4
1776116525277,1506710627844642,8.844181,-0.21787235,-4.2880154,0.004276057,0.005497787,-0.002443461,TONIC,4fc4d1339fb4
1776116525285,1506710635870265,8.825027,-0.23223756,-4.280833,0.0030543262,0.0067195175,-0.004276057,TONIC,4fc4d1339fb4
1776116525293,1506710643867118,8.817844,-0.21787235,-4.292804,0.0036651916,0.01160644,-0.004276057,TONIC,4fc4d1339fb4
1776116525301,1506710651861356,8.829816,-0.21068975,-4.2760444,0.0012217305,0.010995574,-0.0036651916,TONIC,4fc4d1339fb4
1776116525309,1506710659824747,8.839393,-0.20350714,-4.2640734,0.0036651916,0.015882496,-0.004886922,TONIC,4fc4d1339fb4
1776116525317,1506710667938217,8.848969,-0.22266077,-4.259285,0.004276057,0.016493361,-0.004276057,TONIC,4fc4d1339fb4
1776116525325,1506710675817301,8.834604,-0.21308395,-4.237737,0.005497787,0.014660766,-0.004276057,TONIC,4fc4d1339fb4
1776116525333,1506710683929385,8.829816,-0.20829555,-4.24492,0.007941248,0.012217305,-0.004886922,TONIC,4fc4d1339fb4
1776116525341,1506710691841315,8.825027,-0.21547815,-4.256891,0.004276057,0.0036651916,-0.004886922,TONIC,4fc4d1339fb4
1776116525349,1506710699920706,8.810662,-0.19871874,-4.271256,0.002443461,0.002443461,-0.0030543262,TONIC,4fc4d1339fb4
1776116525357,1506710707862867,8.817844,-0.20350714,-4.283227,0.004276057,0.004276057,-0.0030543262,TONIC,4fc4d1339fb4
1776116525365,1506710715856721,8.822633,-0.20111294,-4.2664676,0.0030543262,0.004276057,-0.004886922,TONIC,4fc4d1339fb4
1776116525373,1506710723852421,8.848969,-0.19393034,-4.2544966,0.0036651916,0.0067195175,-0.0018325958,TONIC,4fc4d1339fb4
1776116525381,1506710731842043,8.836999,-0.22026655,-4.2640734,0.0036651916,0.01038471,-0.0030543262,TONIC,4fc4d1339fb4
1776116525389,1506710739842666,8.836999,-0.20590134,-4.2401314,0.0036651916,0.007330383,-0.0018325958,TONIC,4fc4d1339fb4
1776116525397,1506710747871826,8.841787,-0.23223756,-4.249708,0.0036651916,0.0061086523,-0.0018325958,TONIC,4fc4d1339fb4
1776116525405,1506710755826681,8.839393,-0.22026655,-4.2521024,0.0018325958,0.0030543262,-0.0018325958,TONIC,4fc4d1339fb4
1776116525413,1506710763830995,8.832211,-0.22266077,-4.247314,0.004276057,0.0,-0.002443461,TONIC,4fc4d1339fb4
1776116525421,1506710771857156,8.846576,-0.20829555,-4.259285,0.0067195175,-0.0018325958,-0.0018325958,TONIC,4fc4d1339fb4
1776116525429,1506710779852548,8.832211,-0.20350714,-4.2760444,0.004276057,-0.0036651916,-0.0030543262,TONIC,4fc4d1339fb4
1776116525437,1506710787847940,8.822633,-0.20111294,-4.268862,0.0030543262,-0.0067195175,-0.0012217305,TONIC,4fc4d1339fb4
1776116525445,1506710795898409,8.829816,-0.23223756,-4.261679,-6.1086525E-4,-0.008552114,6.1086525E-4,TONIC,4fc4d1339fb4
1776116525453,1506710803838108,8.820239,-0.22266077,-4.256891,-0.0018325958,-0.008552114,0.0030543262,TONIC,4fc4d1339fb4
1776116525461,1506710811950731,8.822633,-0.22026655,-4.268862,-0.0018325958,-0.009773844,0.002443461,TONIC,4fc4d1339fb4
1776116525469,1506710819830738,8.815451,-0.22984336,-4.285621,6.1086525E-4,-0.01038471,0.004276057,TONIC,4fc4d1339fb4
1776116525477,1506710827911360,8.817844,-0.23223756,-4.280833,-0.0030543262,-0.01282817,0.0036651916,TONIC,4fc4d1339fb4
1776116525485,1506710835822060,8.813056,-0.23942018,-4.2664676,-0.0012217305,-0.008552114,0.002443461,TONIC,4fc4d1339fb4
1776116525493,1506710843872221,8.822633,-0.22266077,-4.292804,-0.0018325958,-0.010995574,0.0018325958,TONIC,4fc4d1339fb4
1776116525501,1506710851844305,8.829816,-0.23223756,-4.2784386,-0.0030543262,-0.012217305,0.002443461,TONIC,4fc4d1339fb4
1776116525509,1506710859839312,8.851364,-0.22744916,-4.2880154,-0.004886922,-0.012217305,0.0036651916,TONIC,4fc4d1339fb4
1776116525517,1506710867836319,8.825027,-0.22026655,-4.285621,-0.007330383,-0.01282817,0.004276057,TONIC,4fc4d1339fb4
1776116525525,1506710875860942,8.791509,-0.23942018,-4.2904096,-0.0061086523,-0.013439035,0.0030543262,TONIC,4fc4d1339fb4
1776116525533,1506710883972258,8.801085,-0.22984336,-4.2904096,-0.0030543262,-0.009162978,0.002443461,TONIC,4fc4d1339fb4
1776116525541,1506710891820265,8.820239,-0.23223756,-4.2904096,-0.005497787,-0.009162978,0.0012217305,TONIC,4fc4d1339fb4
1776116525549,1506710899871964,8.813056,-0.21308395,-4.2999864,-0.0036651916,-0.007330383,0.004276057,TONIC,4fc4d1339fb4
1776116525557,1506710907872663,8.822633,-0.22984336,-4.3119574,-0.004276057,-0.005497787,0.0030543262,TONIC,4fc4d1339fb4
1776116525565,1506710915870439,8.827422,-0.22266077,-4.309563,-0.004276057,-0.0030543262,0.0030543262,TONIC,4fc4d1339fb4
1776116525573,1506710923980909,8.820239,-0.24420857,-4.2999864,-0.0036651916,-6.1086525E-4,0.0036651916,TONIC,4fc4d1339fb4
1776116525581,1506710931859378,8.827422,-0.23702596,-4.292804,-0.004886922,-6.1086525E-4,0.0030543262,TONIC,4fc4d1339fb4
1776116525589,1506710939911077,8.808268,-0.22744916,-4.297592,-0.0030543262,0.0012217305,0.0012217305,TONIC,4fc4d1339fb4
1776116525597,1506710947851469,8.822633,-0.22266077,-4.285621,-0.0030543262,-6.1086525E-4,6.1086525E-4,TONIC,4fc4d1339fb4
1776116525605,1506710955848014,8.808268,-0.21547815,-4.280833,-0.0030543262,-0.0012217305,0.0,TONIC,4fc4d1339fb4
1776116525613,1506710963804021,8.827422,-0.21547815,-4.285621,-0.004276057,0.0,-0.0012217305,TONIC,4fc4d1339fb4
1776116525621,1506710971837874,8.820239,-0.23223756,-4.280833,-0.0030543262,-6.1086525E-4,-0.0018325958,TONIC,4fc4d1339fb4
1776116525629,1506710979862882,8.815451,-0.20829555,-4.27365,-0.004276057,-0.0030543262,-6.1086525E-4,TONIC,4fc4d1339fb4
1776116525637,1506710987859735,8.815451,-0.21547815,-4.27365,-0.0036651916,6.1086525E-4,-0.0018325958,TONIC,4fc4d1339fb4
1776116525645,1506710995847742,8.813056,-0.22026655,-4.285621,0.0012217305,0.0018325958,-0.0018325958,TONIC,4fc4d1339fb4
1776116525653,1506711003721057,8.808268,-0.20590134,-4.2880154,-0.0012217305,0.0012217305,-0.002443461,TONIC,4fc4d1339fb4
1776116525661,1506711011847526,8.796297,-0.21547815,-4.283227,0.0012217305,0.0018325958,-0.0018325958,TONIC,4fc4d1339fb4
1776116525669,1506711019841688,8.815451,-0.20590134,-4.271256,-0.0036651916,0.0,-0.002443461,TONIC,4fc4d1339fb4
1776116525677,1506711027923848,8.825027,-0.21308395,-4.259285,-6.1086525E-4,0.0018325958,-0.0018325958,TONIC,4fc4d1339fb4
1776116525685,1506711035866009,8.825027,-0.21308395,-4.2664676,0.0,0.0012217305,-0.0012217305,TONIC,4fc4d1339fb4
1776116525694,1506711044037093,8.805874,-0.19871874,-4.280833,-0.002443461,0.0,0.0,TONIC,4fc4d1339fb4
1776116525701,1506711051826869,8.825027,-0.20829555,-4.268862,6.1086525E-4,0.0018325958,-6.1086525E-4,TONIC,4fc4d1339fb4
1776116525709,1506711059906262,8.829816,-0.20590134,-4.271256,6.1086525E-4,0.0030543262,-0.0018325958,TONIC,4fc4d1339fb4
1776116525717,1506711067846038,8.820239,-0.22026655,-4.268862,0.0018325958,0.0036651916,-0.0012217305,TONIC,4fc4d1339fb4
1776116525725,1506711075773122,8.810662,-0.22026655,-4.280833,0.0012217305,0.0030543262,-0.0012217305,TONIC,4fc4d1339fb4
1776116525733,1506711083838899,8.820239,-0.22266077,-4.271256,6.1086525E-4,0.0018325958,-0.0018325958,TONIC,4fc4d1339fb4
1776116525741,1506711091833752,8.827422,-0.22266077,-4.292804,-0.0030543262,-0.0018325958,-0.0018325958,TONIC,4fc4d1339fb4
1776116525749,1506711099828528,8.827422,-0.23463176,-4.2904096,6.1086525E-4,-0.0030543262,-0.0030543262,TONIC,4fc4d1339fb4
1776116525757,1506711107941074,8.817844,-0.22505496,-4.295198,0.0018325958,0.0012217305,-0.0036651916,TONIC,4fc4d1339fb4
1776116525765,1506711115850081,8.834604,-0.21787235,-4.283227,0.0018325958,0.002443461,-0.002443461,TONIC,4fc4d1339fb4
1776116525773,1506711123962704,8.844181,-0.21547815,-4.271256,0.004886922,0.008552114,-0.002443461,TONIC,4fc4d1339fb4
1776116525781,1506711131841172,8.822633,-0.20829555,-4.2521024,0.002443461,0.008552114,-0.0036651916,TONIC,4fc4d1339fb4
1776116525789,1506711139829487,8.825027,-0.22026655,-4.259285,0.002443461,0.007941248,-0.0036651916,TONIC,4fc4d1339fb4
1776116525797,1506711147832494,8.834604,-0.21068975,-4.2521024,6.1086525E-4,0.0061086523,-0.002443461,TONIC,4fc4d1339fb4
1776116525805,1506711155859887,8.834604,-0.21308395,-4.2544966,0.0036651916,0.0,-0.0018325958,TONIC,4fc4d1339fb4
1776116525813,1506711163854740,8.825027,-0.21787235,-4.2760444,0.002443461,-0.002443461,-0.002443461,TONIC,4fc4d1339fb4
1776116525821,1506711171849516,8.827422,-0.21547815,-4.2880154,6.1086525E-4,0.0,-0.0030543262,TONIC,4fc4d1339fb4
1776116525829,1506711179931985,8.822633,-0.22984336,-4.283227,0.002443461,-0.0018325958,-0.0030543262,TONIC,4fc4d1339fb4
1776116525837,1506711187842146,8.825027,-0.21308395,-4.2784386,0.0012217305,6.1086525E-4,-0.0036651916,TONIC,4fc4d1339fb4
1776116525845,1506711195868846,8.825027,-0.22026655,-4.261679,0.0036651916,0.002443461,-0.002443461,TONIC,4fc4d1339fb4
1776116525853,1506711203834699,8.829816,-0.22266077,-4.283227,6.1086525E-4,-0.0012217305,-0.002443461,TONIC,4fc4d1339fb4
1776116525861,1506711211858168,8.827422,-0.20111294,-4.2784386,-0.0012217305,-0.0030543262,-0.002443461,TONIC,4fc4d1339fb4
1776116525869,1506711219879636,8.815451,-0.20590134,-4.280833,-6.1086525E-4,-0.0012217305,-0.0018325958,TONIC,4fc4d1339fb4
1776116525877,1506711227850797,8.813056,-0.21547815,-4.280833,-6.1086525E-4,-6.1086525E-4,-0.0012217305,TONIC,4fc4d1339fb4
1776116525885,1506711235845190,8.832211,-0.20350714,-4.2640734,0.0018325958,0.0030543262,6.1086525E-4,TONIC,4fc4d1339fb4
1776116525893,1506711243957889,8.817844,-0.21068975,-4.285621,-6.1086525E-4,0.0036651916,6.1086525E-4,TONIC,4fc4d1339fb4
1776116525901,1506711251868588,8.834604,-0.22266077,-4.2784386,-0.002443461,0.0061086523,0.0,TONIC,4fc4d1339fb4
1776116525909,1506711259918749,8.825027,-0.22266077,-4.259285,-0.0012217305,0.0036651916,0.002443461,TONIC,4fc4d1339fb4
1776116525917,1506711267859987,8.815451,-0.20350714,-4.259285,-0.0012217305,0.004886922,0.0018325958,TONIC,4fc4d1339fb4
1776116525925,1506711275854533,8.813056,-0.21787235,-4.271256,0.0012217305,0.0061086523,0.0018325958,TONIC,4fc4d1339fb4
1776116525933,1506711283852002,8.805874,-0.22744916,-4.271256,-0.0018325958,6.1086525E-4,0.0036651916,TONIC,4fc4d1339fb4
1776116525941,1506711291845624,8.817844,-0.20829555,-4.283227,-0.002443461,0.0,0.002443461,TONIC,4fc4d1339fb4
1776116525949,1506711299896708,8.827422,-0.22026655,-4.261679,-0.0030543262,0.0,0.004276057,TONIC,4fc4d1339fb4
1776116525957,1506711307838792,8.813056,-0.23463176,-4.271256,-0.002443461,-6.1086525E-4,0.002443461,TONIC,4fc4d1339fb4
1776116525965,1506711315863799,8.825027,-0.23942018,-4.27365,-0.004276057,0.0012217305,0.0030543262,TONIC,4fc4d1339fb4
1776116525973,1506711323975115,8.829816,-0.22266077,-4.283227,-0.004276057,6.1086525E-4,0.0018325958,TONIC,4fc4d1339fb4
1776116525981,1506711331853661,8.839393,-0.23702596,-4.2640734,-0.0030543262,0.0036651916,0.0012217305,TONIC,4fc4d1339fb4
1776116525989,1506711339849898,8.834604,-0.22984336,-4.2640734,-0.0018325958,-0.0012217305,0.0018325958,TONIC,4fc4d1339fb4
1776116525997,1506711347845905,8.846576,-0.22505496,-4.2784386,-0.004886922,-0.0018325958,-0.0012217305,TONIC,4fc4d1339fb4
1776116526005,1506711355841374,8.856153,-0.22026655,-4.2904096,-0.0061086523,-0.004276057,-0.002443461,TONIC,4fc4d1339fb4
1776116526013,1506711363869612,8.848969,-0.20111294,-4.295198,-0.007330383,-0.004276057,-0.0018325958,TONIC,4fc4d1339fb4
1776116526021,1506711371948774,8.841787,-0.18195933,-4.295198,-0.0061086523,-0.0036651916,0.0,TONIC,4fc4d1339fb4
1776116526029,1506711379829319,8.805874,-0.18195933,-4.283227,-0.007941248,-0.0012217305,0.0018325958,TONIC,4fc4d1339fb4
1776116526037,1506711387724095,8.798691,-0.14604631,-4.2640734,-0.0061086523,0.0036651916,6.1086525E-4,TONIC,4fc4d1339fb4
1776116526045,1506711395850025,8.7771435,-0.15322891,-4.2521024,-0.0067195175,0.0061086523,0.004276057,TONIC,4fc4d1339fb4
1776116526053,1506711403931186,8.798691,-0.15322891,-4.2664676,-0.004886922,0.0067195175,0.0061086523,TONIC,4fc4d1339fb4
1776116526061,1506711411842271,8.810662,-0.19632454,-4.283227,-0.004886922,0.002443461,0.01038471,TONIC,4fc4d1339fb4
1776116526069,1506711419866663,8.839393,-0.18674773,-4.2904096,-0.0018325958,0.0061086523,0.012217305,TONIC,4fc4d1339fb4
1776116526077,1506711427948516,8.820239,-0.20829555,-4.280833,-0.005497787,0.0036651916,0.013439035,TONIC,4fc4d1339fb4
1776116526085,1506711435857369,8.815451,-0.21547815,-4.2664676,-0.0030543262,0.007941248,0.01282817,TONIC,4fc4d1339fb4
1776116526093,1506711443855915,8.805874,-0.20350714,-4.235343,-0.004886922,0.004886922,0.014049901,TONIC,4fc4d1339fb4
1776116526101,1506711451874383,8.801085,-0.19632454,-4.237737,-0.004886922,0.0036651916,0.015271631,TONIC,4fc4d1339fb4
1776116526109,1506711459845468,8.805874,-0.18674773,-4.237737,-0.0036651916,0.0018325958,0.015882496,TONIC,4fc4d1339fb4
1776116526117,1506711467987629,8.796297,-0.18435353,-4.2784386,-0.0036651916,-0.002443461,0.016493361,TONIC,4fc4d1339fb4
1776116526125,1506711475867251,8.813056,-0.22744916,-4.285621,-0.004276057,-0.0036651916,0.017104227,TONIC,4fc4d1339fb4
1776116526133,1506711483978951,8.803479,-0.20590134,-4.283227,6.1086525E-4,0.0018325958,0.015271631,TONIC,4fc4d1339fb4
1776116526141,1506711491760881,8.796297,-0.23223756,-4.295198,-0.0018325958,0.004886922,0.015882496,TONIC,4fc4d1339fb4
1776116526149,1506711499853120,8.827422,-0.22744916,-4.27365,-0.0012217305,0.012217305,0.014660766,TONIC,4fc4d1339fb4
1776116526157,1506711507850357,8.846576,-0.22744916,-4.2640734,6.1086525E-4,0.015271631,0.01282817,TONIC,4fc4d1339fb4
1776116526165,1506711515844903,8.839393,-0.24420857,-4.237737,-6.1086525E-4,0.015882496,0.01160644,TONIC,4fc4d1339fb4
1776116526173,1506711523870448,8.851364,-0.260968,-4.256891,6.1086525E-4,0.015882496,0.010995574,TONIC,4fc4d1339fb4
1776116526181,1506711531867609,8.880095,-0.272939,-4.249708,0.002443461,0.015271631,0.009162978,TONIC,4fc4d1339fb4
1776116526189,1506711539863078,8.880095,-0.2801216,-4.237737,6.1086525E-4,0.012217305,0.008552114,TONIC,4fc4d1339fb4
1776116526197,1506711547913240,8.892065,-0.2896984,-4.259285,0.0012217305,0.0067195175,0.0036651916,TONIC,4fc4d1339fb4
1776116526205,1506711555822785,8.889671,-0.29688102,-4.247314,0.0030543262,0.002443461,0.0030543262,TONIC,4fc4d1339fb4
1776116526213,1506711563850100,8.882488,-0.29209262,-4.249708,0.004276057,0.002443461,0.0012217305,TONIC,4fc4d1339fb4
1776116526221,1506711571844568,8.892065,-0.2657564,-4.2521024,0.0,-0.0030543262,-6.1086525E-4,TONIC,4fc4d1339fb4
1776116526229,1506711579840268,8.863335,-0.2657564,-4.27365,-0.0012217305,-0.005497787,-0.0036651916,TONIC,4fc4d1339fb4
1776116526237,1506711587867430,8.846576,-0.2681506,-4.297592,6.1086525E-4,-0.0067195175,-0.0067195175,TONIC,4fc4d1339fb4
1776116526245,1506711595861898,8.858546,-0.2633622,-4.2760444,-0.0012217305,-0.0061086523,-0.0067195175,TONIC,4fc4d1339fb4
1776116526253,1506711603980059,8.844181,-0.2705448,-4.283227,-0.0012217305,-0.0030543262,-0.0067195175,TONIC,4fc4d1339fb4
1776116526261,1506711611878220,8.841787,-0.25617957,-4.261679,-0.0018325958,0.0,-0.008552114,TONIC,4fc4d1339fb4
1776116526269,1506711619850535,8.858546,-0.25857377,-4.259285,-0.0036651916,0.002443461,-0.007941248,TONIC,4fc4d1339fb4
1776116526277,1506711627900004,8.858546,-0.23942018,-4.249708,-0.004276057,-0.0012217305,-0.009773844,TONIC,4fc4d1339fb4
1776116526285,1506711635839473,8.848969,-0.21547815,-4.2521024,-0.002443461,-0.002443461,-0.009773844,TONIC,4fc4d1339fb4
1776116526293,1506711643952095,8.846576,-0.21547815,-4.256891,-0.0061086523,-0.002443461,-0.010995574,TONIC,4fc4d1339fb4
1776116526301,1506711651833871,8.846576,-0.20829555,-4.261679,-0.0036651916,-0.0036651916,-0.01038471,TONIC,4fc4d1339fb4
1776116526309,1506711659912955,8.844181,-0.20111294,-4.249708,-0.004886922,-0.0061086523,-0.012217305,TONIC,4fc4d1339fb4
1776116526317,1506711667852655,8.846576,-0.19632454,-4.220978,-0.0036651916,-0.0061086523,-0.010995574,TONIC,4fc4d1339fb4
1776116526325,1506711675781970,8.844181,-0.21068975,-4.235343,-0.0030543262,-0.009162978,-0.009773844,TONIC,4fc4d1339fb4
1776116526333,1506711683843747,8.815451,-0.19393034,-4.235343,-0.0030543262,-0.01038471,-0.009773844,TONIC,4fc4d1339fb4
1776116526341,1506711691839831,8.805874,-0.18195933,-4.24492,-0.002443461,-0.016493361,-0.007941248,TONIC,4fc4d1339fb4
1776116526349,1506711699834838,8.805874,-0.18914193,-4.256891,-0.004886922,-0.018936822,-0.007330383,TONIC,4fc4d1339fb4
1776116526357,1506711707862306,8.793902,-0.20590134,-4.280833,-0.004276057,-0.019547688,-0.004886922,TONIC,4fc4d1339fb4
1776116526365,1506711715829082,8.779537,-0.21068975,-4.2760444,-0.0018325958,-0.018325957,-0.0067195175,TONIC,4fc4d1339fb4
1776116526373,1506711723938860,8.7771435,-0.19632454,-4.27365,-0.0036651916,-0.020158553,-0.0036651916,TONIC,4fc4d1339fb4
1776116526381,1506711731847790,8.762778,-0.21308395,-4.259285,-0.0012217305,-0.016493361,-0.0018325958,TONIC,4fc4d1339fb4
1776116526389,1506711739899566,8.781932,-0.20590134,-4.285621,-0.0030543262,-0.017715093,-0.0030543262,TONIC,4fc4d1339fb4
1776116526397,1506711747871265,8.772355,-0.22026655,-4.31914,-0.004276057,-0.018936822,-0.0036651916,TONIC,4fc4d1339fb4
1776116526405,1506711755837349,8.789114,-0.20590134,-4.331111,-0.0030543262,-0.014660766,-0.004886922,TONIC,4fc4d1339fb4
1776116526413,1506711763947511,8.813056,-0.20590134,-4.345476,-0.004276057,-0.007941248,-0.0067195175,TONIC,4fc4d1339fb4
1776116526421,1506711771856441,8.803479,-0.18195933,-4.369418,-0.0030543262,0.0018325958,-0.0067195175,TONIC,4fc4d1339fb4
1776116526429,1506711779852525,8.803479,-0.16519992,-4.331111,0.0012217305,0.01282817,-0.007330383,TONIC,4fc4d1339fb4
1776116526437,1506711787819532,8.820239,-0.16759412,-4.3167458,-6.1086525E-4,0.022602014,-0.0061086523,TONIC,4fc4d1339fb4
1776116526445,1506711795843924,8.808268,-0.15801731,-4.295198,0.0,0.03726278,-0.0061086523,TONIC,4fc4d1339fb4
1776116526453,1506711803872778,8.810662,-0.17238252,-4.261679,0.0012217305,0.043982297,-0.002443461,TONIC,4fc4d1339fb4
1776116526461,1506711811866323,8.836999,-0.16759412,-4.271256,0.0012217305,0.04337143,-6.1086525E-4,TONIC,4fc4d1339fb4
1776116526469,1506711819886100,8.829816,-0.18674773,-4.237737,6.1086525E-4,0.04520403,0.002443461,TONIC,4fc4d1339fb4
1776116526477,1506711827859261,8.839393,-0.18195933,-4.235343,-6.1086525E-4,0.042760566,0.004886922,TONIC,4fc4d1339fb4
1776116526485,1506711835853498,8.848969,-0.17717093,-4.237737,-0.0018325958,0.040317107,0.008552114,TONIC,4fc4d1339fb4
1776116526493,1506711843911044,8.846576,-0.18195933,-4.225766,-0.002443461,0.03604105,0.010995574,TONIC,4fc4d1339fb4
1776116526501,1506711851899283,8.863335,-0.17956513,-4.2066126,-0.0036651916,0.03359759,0.014660766,TONIC,4fc4d1339fb4
1776116526509,1506711859840520,8.860941,-0.19393034,-4.187459,-0.0036651916,0.029321533,0.015882496,TONIC,4fc4d1339fb4
1776116526517,1506711867865143,8.853758,-0.19871874,-4.175488,-0.0036651916,0.02321288,0.018936822,TONIC,4fc4d1339fb4
1776116526525,1506711875831381,8.846576,-0.20350714,-4.1635165,-0.004276057,0.010995574,0.020158553,TONIC,4fc4d1339fb4
1776116526533,1506711883973157,8.848969,-0.22026655,-4.1706996,-0.005497787,0.0036651916,0.021991149,TONIC,4fc4d1339fb4
1776116526541,1506711891851626,8.841787,-0.24181437,-4.197036,-0.005497787,-0.009162978,0.022602014,TONIC,4fc4d1339fb4
1776116526549,1506711899903326,8.863335,-0.25378537,-4.223372,-0.0061086523,-0.016493361,0.02321288,TONIC,4fc4d1339fb4
1776116526557,1506711907874794,8.858546,-0.2633622,-4.2544966,-0.0061086523,-0.02565634,0.020158553,TONIC,4fc4d1339fb4
1776116526565,1506711915869186,8.856153,-0.2801216,-4.24492,-0.009162978,-0.028099801,0.02076942,TONIC,4fc4d1339fb4
1776116526573,1506711923836885,8.870518,-0.260968,-4.2640734,-0.007941248,-0.026267206,0.018325957,TONIC,4fc4d1339fb4
1776116526581,1506711931830431,8.884883,-0.260968,-4.2640734,-0.01038471,-0.021991149,0.015271631,TONIC,4fc4d1339fb4
1776116526589,1506711939855439,8.89446,-0.25617957,-4.2760444,-0.01038471,-0.018936822,0.015271631,TONIC,4fc4d1339fb4
1776116526597,1506711947968600,8.899248,-0.2657564,-4.2880154,-0.009162978,-0.014660766,0.014660766,TONIC,4fc4d1339fb4
1776116526605,1506711955847453,8.896853,-0.272939,-4.280833,-0.009162978,-0.01160644,0.014049901,TONIC,4fc4d1339fb4
1776116526613,1506711963929306,8.860941,-0.24420857,-4.247314,-0.01038471,-0.007330383,0.012217305,TONIC,4fc4d1339fb4
1776116526621,1506711971840313,8.865729,-0.24181437,-4.247314,-0.009162978,-0.009773844,0.009773844,TONIC,4fc4d1339fb4
1776116526629,1506711979927398,8.844181,-0.23942018,-4.2305546,-0.009162978,-0.01160644,0.009773844,TONIC,4fc4d1339fb4
1776116526637,1506711987861328,8.827422,-0.25857377,-4.2425256,-0.01038471,-0.017715093,0.009773844,TONIC,4fc4d1339fb4
1776116526645,1506711995856950,8.817844,-0.24899697,-4.2521024,-0.01038471,-0.025045475,0.007330383,TONIC,4fc4d1339fb4
1776116526653,1506712003846265,8.822633,-0.23942018,-4.2521024,-0.01038471,-0.028099801,0.005497787,TONIC,4fc4d1339fb4
1776116526661,1506712011846811,8.813056,-0.22744916,-4.2664676,-0.010995574,-0.028710667,0.004886922,TONIC,4fc4d1339fb4
1776116526669,1506712019844048,8.810662,-0.22984336,-4.2999864,-0.009162978,-0.028099801,0.002443461,TONIC,4fc4d1339fb4
1776116526677,1506712027991210,8.834604,-0.21308395,-4.2880154,-0.009773844,-0.025045475,0.002443461,TONIC,4fc4d1339fb4
1776116526685,1506712035864987,8.834604,-0.21068975,-4.271256,-0.007941248,-0.021991149,0.0012217305,TONIC,4fc4d1339fb4
1776116526693,1506712043885378,8.829816,-0.21308395,-4.27365,-0.0067195175,-0.016493361,0.0030543262,TONIC,4fc4d1339fb4
1776116526701,1506712051857001,8.820239,-0.21308395,-4.2640734,-0.0067195175,-0.014049901,0.0012217305,TONIC,4fc4d1339fb4
1776116526709,1506712059821700,8.815451,-0.22026655,-4.2640734,-0.008552114,-0.014049901,0.0012217305,TONIC,4fc4d1339fb4
1776116526717,1506712067849708,8.825027,-0.22266077,-4.27365,-0.0067195175,-0.014049901,0.0,TONIC,4fc4d1339fb4
1776116526725,1506712075873100,8.798691,-0.22505496,-4.295198,-0.005497787,-0.01282817,6.1086525E-4,TONIC,4fc4d1339fb4
1776116526733,1506712083985645,8.779537,-0.24181437,-4.2904096,-0.0067195175,-0.016493361,6.1086525E-4,TONIC,4fc4d1339fb4
1776116526741,1506712091834883,8.801085,-0.23463176,-4.3143516,-0.0030543262,-0.009162978,-6.1086525E-4,TONIC,4fc4d1339fb4
1776116526749,1506712099852428,8.813056,-0.22744916,-4.3047748,-0.004276057,-0.009162978,0.0,TONIC,4fc4d1339fb4
1776116526757,1506712107826666,8.803479,-0.2657564,-4.3119574,-0.008552114,-0.008552114,0.0,TONIC,4fc4d1339fb4
1776116526765,1506712115850905,8.810662,-0.25617957,-4.2999864,-0.009162978,-0.0061086523,6.1086525E-4,TONIC,4fc4d1339fb4
1776116526773,1506712123933143,8.810662,-0.24420857,-4.2904096,-0.008552114,-0.004886922,0.0,TONIC,4fc4d1339fb4
1776116526781,1506712131842304,8.798691,-0.23702596,-4.307169,-0.005497787,-6.1086525E-4,-0.002443461,TONIC,4fc4d1339fb4
1776116526789,1506712139924234,8.793902,-0.23702596,-4.3119574,-0.01160644,-0.0030543262,-0.0030543262,TONIC,4fc4d1339fb4
1776116526797,1506712147865779,8.793902,-0.22505496,-4.3047748,-0.007941248,-0.002443461,-0.004886922,TONIC,4fc4d1339fb4
1776116526805,1506712155861095,8.801085,-0.23223756,-4.297592,-0.008552114,-0.0012217305,-0.005497787,TONIC,4fc4d1339fb4
1776116526813,1506712163972179,8.801085,-0.20590134,-4.3047748,-0.007941248,-6.1086525E-4,-0.004886922,TONIC,4fc4d1339fb4
1776116526821,1506712171821109,8.796297,-0.20829555,-4.292804,-0.0067195175,0.0,-0.0061086523,TONIC,4fc4d1339fb4
1776116526829,1506712179871885,8.796297,-0.21308395,-4.292804,-0.008552114,0.0030543262,-0.007330383,TONIC,4fc4d1339fb4
1776116526837,1506712187873815,8.793902,-0.19153613,-4.3143516,-0.0067195175,0.004276057,-0.008552114,TONIC,4fc4d1339fb4
1776116526845,1506712195868208,8.803479,-0.18435353,-4.3119574,-0.002443461,0.0067195175,-0.01038471,TONIC,4fc4d1339fb4
1776116526853,1506712203835369,8.803479,-0.16998832,-4.3119574,-0.004276057,0.012217305,-0.007941248,TONIC,4fc4d1339fb4
1776116526861,1506712211828607,8.829816,-0.17717093,-4.3119574,-0.004276057,0.015271631,-0.0061086523,TONIC,4fc4d1339fb4
1776116526869,1506712219849844,8.836999,-0.15562311,-4.3023806,-0.0036651916,0.023823744,-0.005497787,TONIC,4fc4d1339fb4
1776116526877,1506712227851928,8.820239,-0.17238252,-4.283227,0.0,0.032375857,-0.0061086523,TONIC,4fc4d1339fb4
1776116526885,1506712235846397,8.829816,-0.17477672,-4.249708,6.1086525E-4,0.03848451,-0.004886922,TONIC,4fc4d1339fb4
1776116526893,1506712243958789,8.820239,-0.17956513,-4.225766,0.002443461,0.040317107,-0.004276057,TONIC,4fc4d1339fb4
1776116526901,1506712251839950,8.829816,-0.18195933,-4.247314,0.0030543262,0.0421497,-0.0036651916,TONIC,4fc4d1339fb4
1776116526909,1506712259950111,8.817844,-0.20590134,-4.2401314,0.0030543262,0.03848451,-0.002443461,TONIC,4fc4d1339fb4
1776116526917,1506712267859426,8.810662,-0.21787235,-4.2425256,0.002443461,0.03481932,-0.0030543262,TONIC,4fc4d1339fb4
1776116526925,1506712275855741,8.813056,-0.20829555,-4.247314,0.002443461,0.03481932,-0.0036651916,TONIC,4fc4d1339fb4
1776116526933,1506712283875749,8.832211,-0.21787235,-4.247314,0.0036651916,0.034208454,-0.004276057,TONIC,4fc4d1339fb4
1776116526941,1506712291846140,8.813056,-0.21308395,-4.235343,0.002443461,0.035430185,-0.004276057,TONIC,4fc4d1339fb4
1776116526949,1506712299989224,8.856153,-0.22026655,-4.235343,0.002443461,0.03176499,-0.005497787,TONIC,4fc4d1339fb4
1776116526957,1506712307868924,8.848969,-0.20111294,-4.256891,-6.1086525E-4,0.031154128,-0.004886922,TONIC,4fc4d1339fb4
1776116526965,1506712315863777,8.856153,-0.20829555,-4.261679,0.004886922,0.037873644,-0.004886922,TONIC,4fc4d1339fb4
1776116526973,1506712323760322,8.853758,-0.19393034,-4.237737,0.005497787,0.04153884,-0.0061086523,TONIC,4fc4d1339fb4
1776116526981,1506712331854792,8.856153,-0.21308395,-4.2425256,0.0036651916,0.04337143,-0.004886922,TONIC,4fc4d1339fb4
1776116526989,1506712339851414,8.858546,-0.21547815,-4.237737,0.005497787,0.047647487,-0.005497787,TONIC,4fc4d1339fb4
1776116526997,1506712347932344,8.868123,-0.22266077,-4.223372,0.0036651916,0.047647487,-0.004886922,TONIC,4fc4d1339fb4
1776116527005,1506712355841967,8.853758,-0.20590134,-4.201824,0.004276057,0.047647487,-0.0036651916,TONIC,4fc4d1339fb4
1776116527013,1506712363984666,8.865729,-0.21547815,-4.201824,0.0067195175,0.049480084,-0.005497787,TONIC,4fc4d1339fb4
1776116527021,1506712371834596,8.8777,-0.18674773,-4.19943,0.0036651916,0.044593163,-0.005497787,TONIC,4fc4d1339fb4
1776116527029,1506712379914835,8.868123,-0.18195933,-4.1922474,0.004276057,0.040927973,-0.0061086523,TONIC,4fc4d1339fb4
1776116527037,1506712387825380,8.858546,-0.18435353,-4.1683054,0.0018325958,0.03359759,-0.004886922,TONIC,4fc4d1339fb4
1776116527045,1506712395751234,8.884883,-0.18674773,-4.175488,0.0012217305,0.032986723,-0.004276057,TONIC,4fc4d1339fb4
1776116527053,1506712403847779,8.882488,-0.19632454,-4.173094,0.002443461,0.029321533,-0.002443461,TONIC,4fc4d1339fb4
1776116527061,1506712411897324,8.875306,-0.20590134,-4.1683054,0.0036651916,0.025045475,-0.0036651916,TONIC,4fc4d1339fb4
1776116527069,1506712419837102,8.887277,-0.20350714,-4.177882,0.004886922,0.021991149,-0.004886922,TONIC,4fc4d1339fb4
1776116527077,1506712427864724,8.868123,-0.21547815,-4.175488,0.0018325958,0.014660766,-0.005497787,TONIC,4fc4d1339fb4
1776116527085,1506712435859193,8.892065,-0.21308395,-4.1826706,0.002443461,0.010995574,-0.0036651916,TONIC,4fc4d1339fb4
1776116527093,1506712443857738,8.896853,-0.23463176,-4.19943,0.0012217305,0.007330383,-0.0036651916,TONIC,4fc4d1339fb4
1776116527101,1506712451936437,8.889671,-0.22026655,-4.19943,0.002443461,0.004276057,-0.004886922,TONIC,4fc4d1339fb4
1776116527109,1506712459846369,8.9040365,-0.20111294,-4.2042184,0.002443461,6.1086525E-4,-0.0030543262,TONIC,4fc4d1339fb4
1776116527117,1506712467803222,8.901642,-0.22744916,-4.2066126,0.0018325958,0.002443461,-0.004276057,TONIC,4fc4d1339fb4
1776116527125,1506712475837075,8.901642,-0.20829555,-4.2066126,6.1086525E-4,0.0018325958,-0.0030543262,TONIC,4fc4d1339fb4
1776116527133,1506712483979851,8.892065,-0.21547815,-4.197036,6.1086525E-4,0.005497787,-0.0030543262,TONIC,4fc4d1339fb4
1776116527141,1506712491827935,8.868123,-0.21308395,-4.173094,0.0061086523,0.009773844,-0.005497787,TONIC,4fc4d1339fb4
1776116527149,1506712499910019,8.870518,-0.23463176,-4.187459,0.0,6.1086525E-4,-0.004886922,TONIC,4fc4d1339fb4
1776116527157,1506712507851027,8.846576,-0.23223756,-4.197036,-6.1086525E-4,-0.005497787,-0.0018325958,TONIC,4fc4d1339fb4
1776116527165,1506712515846649,8.832211,-0.22505496,-4.2161894,-0.0030543262,-0.01160644,-0.0030543262,TONIC,4fc4d1339fb4
1776116527173,1506712523896810,8.827422,-0.22266077,-4.256891,-0.0030543262,-0.015882496,-0.0030543262,TONIC,4fc4d1339fb4
1776116527181,1506712531839048,8.798691,-0.22744916,-4.256891,-0.005497787,-0.015271631,-0.0012217305,TONIC,4fc4d1339fb4
1776116527189,1506712539887978,8.836999,-0.21547815,-4.2664676,-0.007330383,-0.015882496,-0.0018325958,TONIC,4fc4d1339fb4
1776116527197,1506712547859986,8.798691,-0.21308395,-4.249708,-0.0067195175,-0.012217305,6.1086525E-4,TONIC,4fc4d1339fb4
1776116527205,1506712555855301,8.784326,-0.16998832,-4.2305546,-0.007330383,-0.007941248,0.0018325958,TONIC,4fc4d1339fb4
1776116527213,1506712563852231,8.836999,-0.16998832,-4.2066126,-0.0067195175,-6.1086525E-4,0.004886922,TONIC,4fc4d1339fb4
1776116527221,1506712571931623,8.863335,-0.17477672,-4.1922474,-0.008552114,6.1086525E-4,0.005497787,TONIC,4fc4d1339fb4
1776116527229,1506712579866168,8.848969,-0.16759412,-4.1922474,-0.007330383,-0.002443461,0.007941248,TONIC,4fc4d1339fb4
1776116527237,1506712587837483,8.858546,-0.17238252,-4.1683054,-0.007941248,-0.0012217305,0.009162978,TONIC,4fc4d1339fb4
1776116527245,1506712595863337,8.884883,-0.18674773,-4.1659107,-0.005497787,-0.0030543262,0.009162978,TONIC,4fc4d1339fb4
1776116527253,1506712603975036,8.899248,-0.20350714,-4.1611223,-0.0061086523,-0.008552114,0.01282817,TONIC,4fc4d1339fb4
1776116527261,1506712611854505,8.899248,-0.20590134,-4.1611223,-0.005497787,-0.014049901,0.010995574,TONIC,4fc4d1339fb4
1776116527269,1506712619849820,8.89446,-0.18435353,-4.1659107,-0.005497787,-0.021380283,0.01038471,TONIC,4fc4d1339fb4
1776116527277,1506712627844981,8.872911,-0.19632454,-4.1802764,-0.0067195175,-0.02565634,0.010995574,TONIC,4fc4d1339fb4
1776116527285,1506712635927065,8.865729,-0.20111294,-4.201824,-0.0067195175,-0.03604105,0.010995574,TONIC,4fc4d1339fb4
1776116527293,1506712643835765,8.868123,-0.21787235,-4.2185836,-0.005497787,-0.03848451,0.010995574,TONIC,4fc4d1339fb4
1776116527301,1506712651979156,8.858546,-0.22505496,-4.249708,-0.0061086523,-0.036651913,0.01038471,TONIC,4fc4d1339fb4
1776116527309,1506712659828087,8.853758,-0.20350714,-4.297592,-0.0067195175,-0.03604105,0.009162978,TONIC,4fc4d1339fb4
1776116527317,1506712667878863,8.860941,-0.21308395,-4.2999864,-0.007330383,-0.029321533,0.009162978,TONIC,4fc4d1339fb4
1776116527325,1506712675849870,8.813056,-0.21787235,-4.2880154,-0.0061086523,-0.018936822,0.008552114,TONIC,4fc4d1339fb4
1776116527333,1506712683931185,8.803479,-0.20829555,-4.280833,-0.004276057,-0.007330383,0.007941248,TONIC,4fc4d1339fb4
1776116527341,1506712691870500,8.803479,-0.22984336,-4.2664676,-0.007330383,-0.0018325958,0.0067195175,TONIC,4fc4d1339fb4
1776116527349,1506712699922507,8.803479,-0.23942018,-4.256891,-0.007330383,0.004886922,0.0067195175,TONIC,4fc4d1339fb4
1776116527357,1506712707863514,8.789114,-0.23942018,-4.2640734,-0.005497787,0.002443461,0.007941248,TONIC,4fc4d1339fb4
1776116527365,1506712715819752,8.78672,-0.23223756,-4.259285,-0.007330383,0.0030543262,0.007330383,TONIC,4fc4d1339fb4
1776116527373,1506712723853683,8.784326,-0.17956513,-4.256891,-0.007330383,0.007941248,0.007330383,TONIC,4fc4d1339fb4
1776116527381,1506712731935459,8.827422,-0.18914193,-4.24492,-0.0067195175,0.015882496,0.0061086523,TONIC,4fc4d1339fb4
1776116527389,1506712739846928,8.827422,-0.20350714,-4.2425256,-0.004276057,0.021380283,0.0061086523,TONIC,4fc4d1339fb4
1776116527397,1506712747932089,8.848969,-0.21068975,-4.2281604,-0.002443461,0.021380283,0.0067195175,TONIC,4fc4d1339fb4
1776116527405,1506712755865942,8.868123,-0.21787235,-4.2185836,-0.0012217305,0.029932396,0.004276057,TONIC,4fc4d1339fb4
1776116527413,1506712763862641,8.880095,-0.23223756,-4.2305546,-0.0036651916,0.027488936,0.004886922,TONIC,4fc4d1339fb4
1776116527421,1506712771857111,8.887277,-0.22984336,-4.2161894,-0.0030543262,0.028710667,0.004276057,TONIC,4fc4d1339fb4
1776116527429,1506712779939579,8.875306,-0.23702596,-4.201824,-0.002443461,0.028099801,0.004886922,TONIC,4fc4d1339fb4
1776116527437,1506712787849433,8.901642,-0.260968,-4.2066126,-0.0036651916,0.025045475,0.0036651916,TONIC,4fc4d1339fb4
1776116527445,1506712795844209,8.901642,-0.22266077,-4.173094,-0.0030543262,0.019547688,0.002443461,TONIC,4fc4d1339fb4
1776116527453,1506712803926370,8.884883,-0.21308395,-4.1611223,-0.005497787,0.01160644,6.1086525E-4,TONIC,4fc4d1339fb4
1776116527461,1506712811836839,8.875306,-0.20829555,-4.1922474,-0.004886922,0.009773844,0.0,TONIC,4fc4d1339fb4
1776116527469,1506712819887000,8.865729,-0.20350714,-4.187459,-0.008552114,0.0012217305,0.0,TONIC,4fc4d1339fb4
1776116527477,1506712827859007,8.89446,-0.20829555,-4.189853,-0.005497787,-0.0018325958,0.0036651916,TONIC,4fc4d1339fb4
1776116527485,1506712835854399,8.918402,-0.21068975,-4.1922474,-0.0067195175,-0.0061086523,0.0036651916,TONIC,4fc4d1339fb4
1776116527493,1506712843848483,8.865729,-0.20111294,-4.173094,-0.0067195175,-0.0067195175,0.0018325958,TONIC,4fc4d1339fb4
1776116527501,1506712851843644,8.851364,-0.16519992,-4.185065,-0.007330383,-0.007330383,0.0012217305,TONIC,4fc4d1339fb4
1776116527509,1506712859871267,8.856153,-0.19393034,-4.1611223,-0.0061086523,-0.012217305,0.002443461,TONIC,4fc4d1339fb4
1776116527517,1506712867827889,8.8777,-0.20111294,-4.185065,-0.005497787,-0.014660766,0.0030543262,TONIC,4fc4d1339fb4
1776116527525,1506712875833204,8.882488,-0.19871874,-4.1659107,-0.0061086523,-0.020158553,0.0030543262,TONIC,4fc4d1339fb4
1776116527533,1506712883857827,8.892065,-0.19393034,-4.1515455,-0.005497787,-0.021991149,0.004276057,TONIC,4fc4d1339fb4
1776116527541,1506712891939064,8.90643,-0.19871874,-4.1683054,-0.0061086523,-0.026267206,0.0018325958,TONIC,4fc4d1339fb4
1776116527549,1506712899848534,8.896853,-0.21308395,-4.1802764,-0.004276057,-0.03359759,-6.1086525E-4,TONIC,4fc4d1339fb4
1776116527557,1506712907869464,8.865729,-0.21308395,-4.189853,-0.0030543262,-0.037873644,-0.0012217305,TONIC,4fc4d1339fb4
1776116527565,1506712915839009,8.839393,-0.20590134,-4.201824,-0.004886922,-0.04520403,6.1086525E-4,TONIC,4fc4d1339fb4
1776116527573,1506712923952016,8.841787,-0.19393034,-4.209007,-0.007941248,-0.05497787,0.0012217305,TONIC,4fc4d1339fb4
1776116527581,1506712931860562,8.844181,-0.22026655,-4.2281604,-0.005497787,-0.059253927,0.0,TONIC,4fc4d1339fb4
1776116527589,1506712939912878,8.829816,-0.22026655,-4.247314,-0.004276057,-0.061086524,6.1086525E-4,TONIC,4fc4d1339fb4
1776116527597,1506712947854423,8.820239,-0.22984336,-4.2664676,-0.0067195175,-0.06352998,0.002443461,TONIC,4fc4d1339fb4
1776116527605,1506712955781892,8.829816,-0.19871874,-4.283227,-0.007330383,-0.06352998,0.0036651916,TONIC,4fc4d1339fb4
1776116527613,1506712963845283,8.801085,-0.18435353,-4.3119574,-0.0061086523,-0.06291912,0.002443461,TONIC,4fc4d1339fb4
1776116527621,1506712971801521,8.76996,-0.20590134,-4.2904096,-0.007330383,-0.056199603,0.0018325958,TONIC,4fc4d1339fb4
1776116527629,1506712979834759,8.817844,-0.20829555,-4.307169,-0.005497787,-0.04886922,0.004886922,TONIC,4fc4d1339fb4
1776116527637,1506712987886536,8.839393,-0.19632454,-4.3263226,-0.004886922,-0.036651913,0.004276057,TONIC,4fc4d1339fb4
1776116527645,1506712995827697,8.801085,-0.21547815,-4.3047748,-0.004276057,-0.031154128,0.0061086523,TONIC,4fc4d1339fb4
1776116527653,1506713003908319,8.7771435,-0.22984336,-4.27365,-0.0018325958,-0.019547688,0.004886922,TONIC,4fc4d1339fb4
1776116527661,1506713011850557,8.813056,-0.20111294,-4.2760444,-0.004886922,-0.020158553,0.004886922,TONIC,4fc4d1339fb4
1776116527669,1506713019843103,8.834604,-0.22984336,-4.285621,-0.004886922,-0.015271631,0.004276057,TONIC,4fc4d1339fb4
1776116527677,1506713027870572,8.858546,-0.22744916,-4.268862,-0.004886922,-0.016493361,0.004276057,TONIC,4fc4d1339fb4
1776116527685,1506713035890810,8.834604,-0.23463176,-4.280833,-0.005497787,-0.016493361,0.0061086523,TONIC,4fc4d1339fb4
1776116527693,1506713043862202,8.865729,-0.22984336,-4.2760444,-0.0036651916,-0.015882496,6.1086525E-4,TONIC,4fc4d1339fb4
1776116527701,1506713051820978,8.860941,-0.22266077,-4.295198,-0.004276057,-0.009773844,0.002443461,TONIC,4fc4d1339fb4
1776116527709,1506713059851831,8.846576,-0.21068975,-4.31914,-0.005497787,-0.009162978,-0.0018325958,TONIC,4fc4d1339fb4
1776116527717,1506713067849069,8.834604,-0.21068975,-4.3143516,-0.005497787,-0.0030543262,-0.002443461,TONIC,4fc4d1339fb4
1776116527725,1506713075843462,8.827422,-0.21547815,-4.297592,-0.0036651916,0.004886922,-0.004886922,TONIC,4fc4d1339fb4
1776116527733,1506713083955853,8.832211,-0.21787235,-4.285621,-0.002443461,0.01282817,-0.0061086523,TONIC,4fc4d1339fb4
1776116527741,1506713091834552,8.801085,-0.20590134,-4.3143516,-0.004276057,0.020158553,-0.004276057,TONIC,4fc4d1339fb4
1776116527749,1506713099916713,8.803479,-0.21068975,-4.295198,-0.0036651916,0.02565634,-0.002443461,TONIC,4fc4d1339fb4
1776116527757,1506713107828413,8.793902,-0.19632454,-4.259285,-0.004886922,0.031154128,-0.0012217305,TONIC,4fc4d1339fb4
1776116527765,1506713115853344,8.805874,-0.21308395,-4.24492,-0.004276057,0.034208454,-0.0018325958,TONIC,4fc4d1339fb4
1776116527773,1506713123848505,8.825027,-0.21547815,-4.232949,-0.0061086523,0.034208454,0.0,TONIC,4fc4d1339fb4
1776116527781,1506713131898973,8.839393,-0.20829555,-4.2066126,-0.004886922,0.029321533,-6.1086525E-4,TONIC,4fc4d1339fb4
1776116527789,1506713139839826,8.851364,-0.20590134,-4.197036,-0.005497787,0.02443461,0.002443461,TONIC,4fc4d1339fb4
1776116527797,1506713147866680,8.868123,-0.19632454,-4.209007,-0.007330383,0.020158553,0.0018325958,TONIC,4fc4d1339fb4
1776116527805,1506713155830917,8.865729,-0.19632454,-4.187459,-0.005497787,0.007330383,0.002443461,TONIC,4fc4d1339fb4
1776116527813,1506713163942618,8.846576,-0.20111294,-4.177882,-0.0067195175,0.0012217305,0.0,TONIC,4fc4d1339fb4
1776116527821,1506713171851009,8.865729,-0.17238252,-4.173094,-0.005497787,-0.008552114,0.0,TONIC,4fc4d1339fb4
1776116527829,1506713179847247,8.875306,-0.17477672,-4.1706996,-0.004276057,-0.018936822,0.0,TONIC,4fc4d1339fb4
1776116527837,1506713187843869,8.880095,-0.15801731,-4.1922474,-0.004886922,-0.034208454,6.1086525E-4,TONIC,4fc4d1339fb4
1776116527845,1506713195894415,8.9040365,-0.15322891,-4.2161894,-0.002443461,-0.047036625,0.0018325958,TONIC,4fc4d1339fb4
1776116527853,1506713203866346,8.8777,-0.16519992,-4.2521024,-6.1086525E-4,-0.047036625,0.0018325958,TONIC,4fc4d1339fb4
1776116527861,1506713211885738,8.851364,-0.16519992,-4.2521024,-0.0012217305,-0.043982297,0.0,TONIC,4fc4d1339fb4
1776116527869,1506713219856206,8.853758,-0.19153613,-4.27365,-6.1086525E-4,-0.03848451,6.1086525E-4,TONIC,4fc4d1339fb4
1776116527877,1506713227907367,8.817844,-0.23463176,-4.268862,-6.1086525E-4,-0.037873644,0.002443461,TONIC,4fc4d1339fb4
1776116527885,1506713235847990,8.810662,-0.2681506,-4.2880154,6.1086525E-4,-0.040927973,0.002443461,TONIC,4fc4d1339fb4
1776116527893,1506713243959690,8.803479,-0.25378537,-4.2999864,-0.0018325958,-0.042760566,0.004276057,TONIC,4fc4d1339fb4
1776116527901,1506713251839697,8.798691,-0.23702596,-4.3358994,-0.0018325958,-0.044593163,0.004276057,TONIC,4fc4d1339fb4
1776116527909,1506713259889858,8.784326,-0.21547815,-4.3263226,-0.009162978,-0.044593163,0.004276057,TONIC,4fc4d1339fb4
1776116527917,1506713267859711,8.743625,-0.20111294,-4.321534,-0.007941248,-0.03970624,0.004276057,TONIC,4fc4d1339fb4
1776116527925,1506713275855333,8.793902,-0.17956513,-4.2880154,-0.0061086523,-0.03726278,0.0036651916,TONIC,4fc4d1339fb4
1776116527933,1506713283854417,8.813056,-0.18195933,-4.2784386,-0.0067195175,-0.034208454,0.005497787,TONIC,4fc4d1339fb4
1776116527941,1506713291846810,8.827422,-0.19632454,-4.292804,-0.0061086523,-0.03359759,0.005497787,TONIC,4fc4d1339fb4
1776116527949,1506713299872894,8.825027,-0.18195933,-4.2999864,-0.0036651916,-0.030543262,0.004276057,TONIC,4fc4d1339fb4
1776116527957,1506713307869209,8.805874,-0.17477672,-4.3047748,-0.004886922,-0.03176499,0.0036651916,TONIC,4fc4d1339fb4
1776116527965,1506713315865600,8.803479,-0.17956513,-4.3023806,-0.004886922,-0.028710667,0.0018325958,TONIC,4fc4d1339fb4
1776116527973,1506713323861915,8.815451,-0.18914193,-4.3119574,-0.002443461,-0.025045475,0.002443461,TONIC,4fc4d1339fb4
1776116527981,1506713331856614,8.827422,-0.21068975,-4.31914,-6.1086525E-4,-0.02321288,0.0030543262,TONIC,4fc4d1339fb4
1776116527989,1506713339850853,8.817844,-0.20350714,-4.3287168,-0.0012217305,-0.018325957,0.002443461,TONIC,4fc4d1339fb4
1776116527997,1506713347848014,8.822633,-0.22026655,-4.3263226,-6.1086525E-4,-0.017715093,0.002443461,TONIC,4fc4d1339fb4
1776116528005,1506713355872713,8.815451,-0.22266077,-4.3239284,-0.0012217305,-0.007941248,0.002443461,TONIC,4fc4d1339fb4
1776116528013,1506713363870874,8.827422,-0.21787235,-4.31914,0.0018325958,-0.0036651916,-6.1086525E-4,TONIC,4fc4d1339fb4
1776116528021,1506713371863727,8.825027,-0.24899697,-4.321534,0.0018325958,0.0018325958,-0.0018325958,TONIC,4fc4d1339fb4
1776116528029,1506713379859735,8.810662,-0.22505496,-4.3263226,0.0012217305,0.007330383,-0.002443461,TONIC,4fc4d1339fb4
1776116528037,1506713387855742,8.822633,-0.22505496,-4.3263226,0.0018325958,0.008552114,-0.0036651916,TONIC,4fc4d1339fb4
1776116528045,1506713395851134,8.825027,-0.21787235,-4.3239284,0.0018325958,0.009162978,-0.004886922,TONIC,4fc4d1339fb4
1776116528053,1506713403848679,8.834604,-0.21547815,-4.3047748,0.0,0.01160644,-0.004276057,TONIC,4fc4d1339fb4
1776116528061,1506713411872456,8.841787,-0.23463176,-4.2904096,-6.1086525E-4,0.01038471,-0.004886922,TONIC,4fc4d1339fb4
1776116528069,1506713419869616,8.839393,-0.22505496,-4.268862,-0.0012217305,0.01038471,-0.004886922,TONIC,4fc4d1339fb4
1776116528077,1506713427865317,8.834604,-0.21547815,-4.247314,-0.0012217305,0.0067195175,-0.0061086523,TONIC,4fc4d1339fb4
1776116528085,1506713435860785,8.813056,-0.21547815,-4.247314,-0.0012217305,0.004276057,-0.0061086523,TONIC,4fc4d1339fb4
1776116528093,1506713443819562,8.813056,-0.17956513,-4.256891,-6.1086525E-4,-0.0012217305,-0.007941248,TONIC,4fc4d1339fb4
1776116528101,1506713451850338,8.801085,-0.18435353,-4.2664676,-0.002443461,-0.009773844,-0.007941248,TONIC,4fc4d1339fb4
1776116528109,1506713459871806,8.810662,-0.20350714,-4.297592,-6.1086525E-4,-0.012217305,-0.007941248,TONIC,4fc4d1339fb4
1776116528117,1506713467872507,8.803479,-0.16998832,-4.2784386,-0.0018325958,-0.014049901,-0.005497787,TONIC,4fc4d1339fb4
1776116528125,1506713475839514,8.813056,-0.16759412,-4.295198,-0.0061086523,-0.018936822,-0.0036651916,TONIC,4fc4d1339fb4
1776116528133,1506713483858675,8.801085,-0.18674773,-4.307169,-6.1086525E-4,-0.01160644,-0.004886922,TONIC,4fc4d1339fb4
1776116528141,1506713491828836,8.793902,-0.17477672,-4.307169,0.0,-0.009773844,-0.002443461,TONIC,4fc4d1339fb4
1776116528149,1506713499855535,8.793902,-0.17717093,-4.2999864,-0.0018325958,-0.0067195175,-0.0036651916,TONIC,4fc4d1339fb4
1776116528157,1506713507851619,8.796297,-0.19153613,-4.2999864,0.0018325958,-6.1086525E-4,-0.0012217305,TONIC,4fc4d1339fb4
1776116528165,1506713515847627,8.829816,-0.18674773,-4.307169,-0.0012217305,-0.004886922,-0.0012217305,TONIC,4fc4d1339fb4
1776116528173,1506713523897711,8.825027,-0.19393034,-4.3119574,6.1086525E-4,6.1086525E-4,-0.0012217305,TONIC,4fc4d1339fb4
1776116528181,1506713531840179,8.805874,-0.19393034,-4.283227,-6.1086525E-4,-0.0012217305,0.0,TONIC,4fc4d1339fb4
1776116528189,1506713539925186,8.791509,-0.19632454,-4.2880154,-0.004276057,-0.0030543262,0.0,TONIC,4fc4d1339fb4
1776116528197,1506713547915039,8.820239,-0.19153613,-4.297592,-0.002443461,-0.0036651916,6.1086525E-4,TONIC,4fc4d1339fb4
1776116528205,1506713555825817,8.784326,-0.18674773,-4.307169,-6.1086525E-4,-0.0030543262,0.004276057,TONIC,4fc4d1339fb4
1776116528213,1506713563936824,8.774749,-0.19153613,-4.2880154,-0.002443461,-0.004276057,0.004886922,TONIC,4fc4d1339fb4
1776116528221,1506713571847600,8.75799,-0.16759412,-4.307169,-0.0036651916,-0.005497787,0.002443461,TONIC,4fc4d1339fb4
1776116528229,1506713579897530,8.779537,-0.15322891,-4.295198,-0.002443461,-0.007330383,0.004886922,TONIC,4fc4d1339fb4
1776116528237,1506713587867614,8.7771435,-0.18195933,-4.309563,-0.002443461,-0.01160644,0.0067195175,TONIC,4fc4d1339fb4
1776116528245,1506713595919314,8.779537,-0.18195933,-4.3143516,-0.002443461,-0.012217305,0.009162978,TONIC,4fc4d1339fb4
1776116528253,1506713603829783,8.774749,-0.20111294,-4.3358994,-0.0030543262,-0.014049901,0.009162978,TONIC,4fc4d1339fb4
1776116528261,1506713611910482,8.76996,-0.18914193,-4.321534,-0.004886922,-0.017715093,0.008552114,TONIC,4fc4d1339fb4
1776116528269,1506713619812028,8.796297,-0.20350714,-4.3143516,-0.002443461,-0.015271631,0.009162978,TONIC,4fc4d1339fb4
1776116528277,1506713627845496,8.817844,-0.22505496,-4.321534,-0.0030543262,-0.014049901,0.01038471,TONIC,4fc4d1339fb4
1776116528285,1506713635897273,8.822633,-0.21068975,-4.333505,-0.0036651916,-0.010995574,0.009773844,TONIC,4fc4d1339fb4
1776116528293,1506713643868896,8.848969,-0.21787235,-4.3622355,-0.0030543262,-0.005497787,0.007330383,TONIC,4fc4d1339fb4
1776116528301,1506713651764057,8.889671,-0.24181437,-4.3646297,-0.0067195175,0.0018325958,0.007941248,TONIC,4fc4d1339fb4
1776116528309,1506713659830756,8.892065,-0.24660277,-4.3718123,-0.007941248,0.009773844,0.007941248,TONIC,4fc4d1339fb4
1776116528317,1506713667856917,8.872911,-0.28491,-4.367024,-0.004276057,0.02565634,0.004886922,TONIC,4fc4d1339fb4
1776116528325,1506713675849847,8.870518,-0.29448682,-4.3885717,-0.0067195175,0.03970624,0.0,TONIC,4fc4d1339fb4
1776116528333,1506713683962547,8.856153,-0.2801216,-4.3598413,-0.0061086523,0.048258353,0.0,TONIC,4fc4d1339fb4
1776116528341,1506713691842785,8.858546,-0.2873042,-4.381389,-0.008552114,0.0580322,-6.1086525E-4,TONIC,4fc4d1339fb4
1776116528349,1506713699923408,8.860941,-0.28491,-4.3622355,-0.012217305,0.06291912,-0.0012217305,TONIC,4fc4d1339fb4
1776116528357,1506713707862568,8.841787,-0.23942018,-4.343082,-0.008552114,0.07513642,-0.0018325958,TONIC,4fc4d1339fb4
1776116528365,1506713715859499,8.829816,-0.21068975,-4.3167458,-0.01038471,0.084910266,-0.004276057,TONIC,4fc4d1339fb4
1776116528373,1506713723940660,8.820239,-0.19153613,-4.283227,-0.008552114,0.09101892,-0.0036651916,TONIC,4fc4d1339fb4
1776116528381,1506713731905667,8.841787,-0.19393034,-4.237737,-0.008552114,0.09468412,-0.0061086523,TONIC,4fc4d1339fb4
1776116528389,1506713739845598,8.774749,-0.19393034,-4.225766,-0.007330383,0.09285152,-0.007941248,TONIC,4fc4d1339fb4
1776116528397,1506713747896989,8.779537,-0.17956513,-4.220978,-0.007941248,0.0842994,-0.009773844,TONIC,4fc4d1339fb4
1776116528405,1506713755837073,8.779537,-0.1604115,-4.2185836,-0.007330383,0.081855945,-0.010995574,TONIC,4fc4d1339fb4
1776116528413,1506713763918619,8.762778,-0.16519992,-4.249708,-0.009773844,0.07452556,-0.009162978,TONIC,4fc4d1339fb4
1776116528421,1506713771829011,8.743625,-0.15322891,-4.2544966,-0.007330383,0.07086037,-0.005497787,TONIC,4fc4d1339fb4
1776116528429,1506713779879480,8.74123,-0.15322891,-4.232949,-0.0067195175,0.073303826,-0.004886922,TONIC,4fc4d1339fb4
1776116528437,1506713787850948,8.75799,-0.17477672,-4.2281604,-0.005497787,0.077579886,-0.0030543262,TONIC,4fc4d1339fb4
1776116528445,1506713795779186,8.798691,-0.17956513,-4.2281604,-0.0067195175,0.073303826,0.0,TONIC,4fc4d1339fb4
1776116528453,1506713803843501,8.808268,-0.18914193,-4.2185836,-0.0061086523,0.07391469,0.0036651916,TONIC,4fc4d1339fb4
1776116528461,1506713811953432,8.848969,-0.20350714,-4.2066126,-0.0012217305,0.07696902,0.0067195175,TONIC,4fc4d1339fb4
1776116528469,1506713819832208,8.89446,-0.21068975,-4.2042184,-0.0061086523,0.07086037,0.008552114,TONIC,4fc4d1339fb4
1776116528477,1506713827728831,8.851364,-0.18914193,-4.1635165,-0.004886922,0.06841691,0.008552114,TONIC,4fc4d1339fb4
1776116528485,1506713835854068,8.839393,-0.20590134,-4.122815,-0.0061086523,0.058643065,0.005497787,TONIC,4fc4d1339fb4
1776116528493,1506713843935845,8.858546,-0.16998832,-4.1012673,-0.012217305,0.04642576,0.007330383,TONIC,4fc4d1339fb4
1776116528501,1506713851844467,8.89446,-0.20111294,-4.1180267,-0.005497787,0.035430185,0.009773844,TONIC,4fc4d1339fb4
1776116528509,1506713859896552,8.9279785,-0.20111294,-4.1252093,-0.0061086523,0.023823744,0.014049901,TONIC,4fc4d1339fb4
1776116528517,1506713867868867,8.949526,-0.21068975,-4.098873,-0.007330383,0.01160644,0.01160644,TONIC,4fc4d1339fb4
1776116528525,1506713875833412,8.949526,-0.22744916,-4.1252093,-0.0030543262,0.0018325958,0.012217305,TONIC,4fc4d1339fb4
1776116528533,1506713883974958,8.959103,-0.22026655,-4.120421,-0.004886922,-0.01160644,0.009773844,TONIC,4fc4d1339fb4
1776116528541,1506713891853119,8.956709,-0.18674773,-4.122815,-0.007330383,-0.029932396,0.007330383,TONIC,4fc4d1339fb4
1776116528549,1506713899849202,8.937555,-0.19632454,-4.158728,-0.0067195175,-0.042760566,0.0061086523,TONIC,4fc4d1339fb4
1776116528557,1506713907846134,8.918402,-0.19153613,-4.177882,-0.007941248,-0.05131268,0.005497787,TONIC,4fc4d1339fb4
1776116528565,1506713915870371,8.896853,-0.19871874,-4.2161894,-0.007941248,-0.055588737,0.0030543262,TONIC,4fc4d1339fb4
1776116528574,1506713924044609,8.882488,-0.17238252,-4.2185836,-0.007941248,-0.061086524,-6.1086525E-4,TONIC,4fc4d1339fb4
1776116528581,1506713931831385,8.853758,-0.17238252,-4.2305546,-0.0067195175,-0.058643065,0.0,TONIC,4fc4d1339fb4
1776116528589,1506713939920315,8.832211,-0.17477672,-4.235343,-0.0030543262,-0.05375614,0.0012217305,TONIC,4fc4d1339fb4
1776116528597,1506713947878785,8.834604,-0.1604115,-4.232949,-0.0036651916,-0.04642576,-6.1086525E-4,TONIC,4fc4d1339fb4
1776116528605,1506713955848638,8.791509,-0.15562311,-4.237737,-0.0030543262,-0.04153884,0.0,TONIC,4fc4d1339fb4
1776116528613,1506713963845491,8.798691,-0.16519992,-4.2281604,-0.0012217305,-0.030543262,0.0030543262,TONIC,4fc4d1339fb4
1776116528621,1506713971926729,8.803479,-0.15801731,-4.2425256,-0.002443461,-0.02443461,0.0036651916,TONIC,4fc4d1339fb4
1776116528629,1506713979837813,8.803479,-0.17477672,-4.211401,0.0012217305,-0.019547688,0.0030543262,TONIC,4fc4d1339fb4
1776116528637,1506713987861897,8.839393,-0.19153613,-4.2066126,-0.0012217305,-0.018936822,0.004276057,TONIC,4fc4d1339fb4
1776116528645,1506713995827136,8.865729,-0.19393034,-4.2161894,0.002443461,-0.021380283,0.004276057,TONIC,4fc4d1339fb4
1776116528653,1506714003915989,8.865729,-0.17956513,-4.2161894,0.002443461,-0.022602014,0.0036651916,TONIC,4fc4d1339fb4
1776116528661,1506714011849842,8.868123,-0.19153613,-4.2161894,0.0036651916,-0.02687807,0.005497787,TONIC,4fc4d1339fb4
1776116528669,1506714019806542,8.853758,-0.19632454,-4.223372,0.0030543262,-0.029321533,0.004276057,TONIC,4fc4d1339fb4
1776116528677,1506714027840625,8.860941,-0.18435353,-4.2401314,0.002443461,-0.031154128,0.0030543262,TONIC,4fc4d1339fb4
1776116528685,1506714035867172,8.865729,-0.22744916,-4.2521024,0.004276057,-0.03359759,0.004886922,TONIC,4fc4d1339fb4
1776116528693,1506714043978794,8.870518,-0.21068975,-4.271256,0.0036651916,-0.029932396,0.0036651916,TONIC,4fc4d1339fb4
1776116528701,1506714051826571,8.863335,-0.22505496,-4.2760444,0.0012217305,-0.03176499,0.0061086523,TONIC,4fc4d1339fb4
1776116528709,1506714059939501,8.882488,-0.24420857,-4.2784386,0.0,-0.029321533,0.0030543262,TONIC,4fc4d1339fb4
1776116528717,1506714067848123,8.856153,-0.22744916,-4.285621,0.0018325958,-0.023823744,0.002443461,TONIC,4fc4d1339fb4
1776116528725,1506714075843746,8.865729,-0.22744916,-4.2640734,6.1086525E-4,-0.017104227,0.0036651916,TONIC,4fc4d1339fb4
1776116528733,1506714083804138,8.848969,-0.22505496,-4.249708,0.0,-0.018325957,0.0030543262,TONIC,4fc4d1339fb4
1776116528741,1506714091836068,8.860941,-0.21068975,-4.2401314,-0.0018325958,-0.018325957,0.002443461,TONIC,4fc4d1339fb4
1776116528749,1506714099854306,8.846576,-0.21547815,-4.223372,-0.004886922,-0.02076942,0.0,TONIC,4fc4d1339fb4
1776116528757,1506714107858621,8.832211,-0.19632454,-4.2425256,-0.0012217305,-0.02321288,-0.0012217305,TONIC,4fc4d1339fb4
1776116528765,1506714115824474,8.825027,-0.17477672,-4.225766,-0.002443461,-0.02687807,-0.0018325958,TONIC,4fc4d1339fb4
1776116528773,1506714123934943,8.825027,-0.19153613,-4.2521024,-0.0018325958,-0.028099801,-0.0012217305,TONIC,4fc4d1339fb4
1776116528781,1506714131845104,8.810662,-0.19871874,-4.2401314,-0.002443461,-0.029932396,-0.0018325958,TONIC,4fc4d1339fb4
1776116528789,1506714139895573,8.825027,-0.21308395,-4.2544966,0.0030543262,-0.028710667,-0.0012217305,TONIC,4fc4d1339fb4
1776116528797,1506714147868503,8.827422,-0.21547815,-4.283227,-6.1086525E-4,-0.029321533,0.0018325958,TONIC,4fc4d1339fb4
1776116528805,1506714155793125,8.801085,-0.21308395,-4.297592,0.0,-0.027488936,0.0012217305,TONIC,4fc4d1339fb4
1776116528813,1506714163858672,8.808268,-0.21547815,-4.2904096,-6.1086525E-4,-0.02443461,6.1086525E-4,TONIC,4fc4d1339fb4
1776116528821,1506714171854910,8.817844,-0.21308395,-4.283227,-0.004276057,-0.02443461,-0.0018325958,TONIC,4fc4d1339fb4
1776116528829,1506714179840763,8.836999,-0.21068975,-4.2999864,-0.0018325958,-0.018936822,0.0012217305,TONIC,4fc4d1339fb4
1776116528837,1506714187843539,8.836999,-0.20111294,-4.280833,-0.0018325958,-0.015882496,0.002443461,TONIC,4fc4d1339fb4
1776116528845,1506714195870931,8.822633,-0.21068975,-4.3023806,-0.0030543262,-0.010995574,0.0018325958,TONIC,4fc4d1339fb4
1776116528853,1506714203982631,8.853758,-0.20829555,-4.295198,-6.1086525E-4,-0.0067195175,0.002443461,TONIC,4fc4d1339fb4
1776116528861,1506714211863946,8.817844,-0.19871874,-4.2999864,-0.0012217305,-0.004276057,0.004276057,TONIC,4fc4d1339fb4
1776116528869,1506714219856184,8.841787,-0.19153613,-4.280833,-0.0018325958,-6.1086525E-4,0.0018325958,TONIC,4fc4d1339fb4
1776116528877,1506714227852498,8.836999,-0.20350714,-4.261679,-0.002443461,0.0012217305,0.0030543262,TONIC,4fc4d1339fb4
1776116528885,1506714235847351,8.827422,-0.18435353,-4.283227,-0.002443461,0.002443461,0.0036651916,TONIC,4fc4d1339fb4
1776116528893,1506714243877128,8.822633,-0.18195933,-4.261679,-0.0018325958,0.005497787,0.004276057,TONIC,4fc4d1339fb4
1776116528901,1506714251925751,8.820239,-0.19393034,-4.259285,-0.0036651916,0.005497787,0.004276057,TONIC,4fc4d1339fb4
1776116528909,1506714259837450,8.820239,-0.16998832,-4.2640734,-0.0030543262,0.004276057,0.0030543262,TONIC,4fc4d1339fb4
1776116528917,1506714267863688,8.820239,-0.21308395,-4.2544966,0.0,0.005497787,0.0036651916,TONIC,4fc4d1339fb4
1776116528925,1506714275828311,8.808268,-0.22026655,-4.249708,-0.0018325958,0.0030543262,0.004886922,TONIC,4fc4d1339fb4
1776116528933,1506714283969241,8.834604,-0.18195933,-4.24492,-0.004886922,-0.0018325958,0.004276057,TONIC,4fc4d1339fb4
1776116528941,1506714291849478,8.820239,-0.20111294,-4.2401314,-0.0036651916,-0.0018325958,0.005497787,TONIC,4fc4d1339fb4
1776116528949,1506714299868871,8.832211,-0.20350714,-4.256891,-0.0030543262,-0.0067195175,0.004886922,TONIC,4fc4d1339fb4
1776116528957,1506714307838724,8.820239,-0.21308395,-4.268862,-0.0030543262,-0.007330383,0.004886922,TONIC,4fc4d1339fb4
1776116528965,1506714315836885,8.851364,-0.20111294,-4.2760444,-0.0030543262,-0.007941248,0.005497787,TONIC,4fc4d1339fb4
1776116528973,1506714323794738,8.860941,-0.20829555,-4.2640734,-0.0030543262,-0.005497787,0.005497787,TONIC,4fc4d1339fb4
1776116528981,1506714331857515,8.841787,-0.21068975,-4.261679,-0.0018325958,-0.0061086523,0.0061086523,TONIC,4fc4d1339fb4
1776116528989,1506714339914215,8.836999,-0.20111294,-4.247314,-0.0018325958,-0.0061086523,0.005497787,TONIC,4fc4d1339fb4
1776116528997,1506714347934145,8.839393,-0.22026655,-4.2425256,-0.0012217305,-0.004276057,0.0061086523,TONIC,4fc4d1339fb4
1776116529005,1506714355844614,8.810662,-0.22505496,-4.261679,-0.0018325958,-0.009773844,0.004886922,TONIC,4fc4d1339fb4
1776116529013,1506714363955774,8.822633,-0.21787235,-4.268862,-0.0030543262,-0.01282817,0.004886922,TONIC,4fc4d1339fb4
1776116529021,1506714371834166,8.825027,-0.21787235,-4.27365,-0.0067195175,-0.018325957,0.004886922,TONIC,4fc4d1339fb4
1776116529029,1506714379977636,8.825027,-0.21068975,-4.2640734,-0.005497787,-0.017715093,0.0030543262,TONIC,4fc4d1339fb4
1776116529037,1506714387825566,8.803479,-0.21547815,-4.268862,-0.0030543262,-0.019547688,0.0030543262,TONIC,4fc4d1339fb4
1776116529045,1506714395846804,8.834604,-0.22026655,-4.2664676,-0.0036651916,-0.02076942,0.004276057,TONIC,4fc4d1339fb4
1776116529053,1506714403849041,8.825027,-0.21308395,-4.2784386,-0.004886922,-0.022602014,0.0036651916,TONIC,4fc4d1339fb4
1776116529061,1506714411873048,8.813056,-0.20829555,-4.2904096,-0.0030543262,-0.02321288,0.002443461,TONIC,4fc4d1339fb4
1776116529069,1506714419838825,8.834604,-0.22026655,-4.292804,-0.0018325958,-0.021380283,0.0036651916,TONIC,4fc4d1339fb4
1776116529077,1506714427981679,8.822633,-0.21068975,-4.292804,-0.0030543262,-0.021991149,0.0012217305,TONIC,4fc4d1339fb4
1776116529085,1506714435830301,8.805874,-0.20829555,-4.295198,-0.0030543262,-0.016493361,6.1086525E-4,TONIC,4fc4d1339fb4
1776116529093,1506714443858231,8.822633,-0.22505496,-4.31914,0.0,-0.014049901,-6.1086525E-4,TONIC,4fc4d1339fb4
1776116529101,1506714451877084,8.813056,-0.21547815,-4.3023806,-0.0018325958,-0.013439035,0.0,TONIC,4fc4d1339fb4
1776116529109,1506714459848091,8.805874,-0.22266077,-4.309563,-0.0018325958,-0.01038471,-0.0012217305,TONIC,4fc4d1339fb4
1776116529117,1506714467873714,8.78672,-0.20590134,-4.3263226,-0.002443461,-0.005497787,-0.0018325958,TONIC,4fc4d1339fb4
1776116529125,1506714475839260,8.789114,-0.20829555,-4.331111,-0.0018325958,0.0,-0.002443461,TONIC,4fc4d1339fb4
1776116529133,1506714483798575,8.801085,-0.20350714,-4.331111,0.0,0.0061086523,-0.002443461,TONIC,4fc4d1339fb4
1776116529141,1506714491861044,8.808268,-0.22266077,-4.297592,-0.0012217305,0.005497787,-6.1086525E-4,TONIC,4fc4d1339fb4
1776116529149,1506714499826358,8.805874,-0.22026655,-4.283227,-0.0018325958,0.01038471,-0.0018325958,TONIC,4fc4d1339fb4
1776116529157,1506714507850981,8.839393,-0.20829555,-4.31914,0.0,0.014049901,-0.0030543262,TONIC,4fc4d1339fb4
1776116529165,1506714515846604,8.825027,-0.21068975,-4.2760444,-0.0018325958,0.014049901,-0.0030543262,TONIC,4fc4d1339fb4
1776116529173,1506714523874996,8.825027,-0.21787235,-4.27365,0.0,0.014049901,-0.0030543262,TONIC,4fc4d1339fb4
1776116529181,1506714531868464,8.829816,-0.20590134,-4.27365,-6.1086525E-4,0.01282817,-0.0036651916,TONIC,4fc4d1339fb4
1776116529189,1506714539865779,8.825027,-0.19871874,-4.285621,0.0018325958,0.01160644,-0.0036651916,TONIC,4fc4d1339fb4
1776116529197,1506714547859248,8.813056,-0.19393034,-4.2760444,-6.1086525E-4,0.009162978,-0.0036651916,TONIC,4fc4d1339fb4
1776116529205,1506714555855255,8.841787,-0.18914193,-4.2880154,-6.1086525E-4,0.008552114,-0.004276057,TONIC,4fc4d1339fb4
1776116529213,1506714563968263,8.829816,-0.17477672,-4.292804,0.0,0.009773844,-0.005497787,TONIC,4fc4d1339fb4
1776116529221,1506714571849731,8.848969,-0.18914193,-4.297592,0.0,0.010995574,-0.0061086523,TONIC,4fc4d1339fb4
1776116529229,1506714579874430,8.853758,-0.19153613,-4.3023806,0.0018325958,0.016493361,-0.004276057,TONIC,4fc4d1339fb4
1776116529237,1506714587840822,8.844181,-0.20111294,-4.307169,0.0,0.023823744,-0.0036651916,TONIC,4fc4d1339fb4
1776116529245,1506714595889752,8.848969,-0.19632454,-4.27365,0.002443461,0.029321533,-0.004276057,TONIC,4fc4d1339fb4
1776116529253,1506714603861145,8.839393,-0.21068975,-4.261679,0.0018325958,0.034208454,-0.004886922,TONIC,4fc4d1339fb4
1776116529261,1506714611855306,8.827422,-0.21308395,-4.2401314,0.0,0.032986723,-0.005497787,TONIC,4fc4d1339fb4
1776116529269,1506714619851082,8.793902,-0.20829555,-4.247314,6.1086525E-4,0.030543262,-0.004886922,TONIC,4fc4d1339fb4
1776116529277,1506714627963704,8.781932,-0.19393034,-4.24492,-0.0012217305,0.02687807,-0.002443461,TONIC,4fc4d1339fb4
1776116529285,1506714635872250,8.801085,-0.17717093,-4.261679,-6.1086525E-4,0.021380283,-6.1086525E-4,TONIC,4fc4d1339fb4
1776116529293,1506714643954796,8.817844,-0.17717093,-4.2640734,0.0012217305,0.022602014,0.0012217305,TONIC,4fc4d1339fb4
1776116529301,1506714651865265,8.822633,-0.18195933,-4.3119574,-0.0036651916,0.02076942,0.0012217305,TONIC,4fc4d1339fb4
1776116529309,1506714659885195,8.825027,-0.19153613,-4.2640734,-6.1086525E-4,0.027488936,0.002443461,TONIC,4fc4d1339fb4
1776116529317,1506714667826433,8.839393,-0.18195933,-4.237737,-0.0012217305,0.032375857,6.1086525E-4,TONIC,4fc4d1339fb4
1776116529325,1506714675752286,8.848969,-0.19871874,-4.2425256,0.0018325958,0.03481932,0.0030543262,TONIC,4fc4d1339fb4
1776116529333,1506714683849908,8.858546,-0.19632454,-4.2305546,6.1086525E-4,0.03359759,0.002443461,TONIC,4fc4d1339fb4
1776116529341,1506714691842224,8.839393,-0.21787235,-4.232949,-0.0018325958,0.031154128,0.0030543262,TONIC,4fc4d1339fb4
1776116529349,1506714699954770,8.836999,-0.22505496,-4.232949,-0.0018325958,0.028710667,0.0036651916,TONIC,4fc4d1339fb4
1776116529357,1506714707889238,8.844181,-0.21547815,-4.2425256,-0.0030543262,0.021991149,0.0036651916,TONIC,4fc4d1339fb4
1776116529365,1506714715859476,8.844181,-0.23223756,-4.2544966,-0.002443461,0.021380283,0.004276057,TONIC,4fc4d1339fb4
1776116529373,1506714723972098,8.860941,-0.24181437,-4.2760444,-0.002443461,0.020158553,0.004276057,TONIC,4fc4d1339fb4
1776116529381,1506714731822798,8.860941,-0.22744916,-4.2521024,-0.004886922,0.020158553,0.0030543262,TONIC,4fc4d1339fb4
1776116529389,1506714739871729,8.860941,-0.22505496,-4.2425256,-0.004886922,0.02321288,0.002443461,TONIC,4fc4d1339fb4
1776116529397,1506714747843428,8.863335,-0.19871874,-4.24492,-0.004886922,0.02565634,0.0036651916,TONIC,4fc4d1339fb4
1776116529405,1506714755801897,8.844181,-0.20590134,-4.232949,-0.004886922,0.026267206,0.0030543262,TONIC,4fc4d1339fb4
1776116529413,1506714763836365,8.863335,-0.20590134,-4.2185836,-0.0061086523,0.028710667,0.0036651916,TONIC,4fc4d1339fb4
1776116529421,1506714771828449,8.860941,-0.18435353,-4.220978,-0.004886922,0.028710667,0.0012217305,TONIC,4fc4d1339fb4
1776116529429,1506714779941380,8.875306,-0.20829555,-4.2305546,-0.004886922,0.032986723,0.0030543262,TONIC,4fc4d1339fb4
1776116529437,1506714787852080,8.870518,-0.19871874,-4.2185836,-0.004886922,0.030543262,0.002443461,TONIC,4fc4d1339fb4
1776116529445,1506714795847163,8.870518,-0.21547815,-4.220978,-0.004886922,0.031154128,0.0018325958,TONIC,4fc4d1339fb4
1776116529453,1506714803872094,8.851364,-0.20111294,-4.2042184,-0.0061086523,0.028710667,0.0,TONIC,4fc4d1339fb4
1776116529461,1506714811867562,8.841787,-0.19871874,-4.209007,-0.0036651916,0.027488936,-0.0018325958,TONIC,4fc4d1339fb4
1776116529469,1506714819833031,8.832211,-0.21547815,-4.189853,-0.0036651916,0.02321288,-0.0018325958,TONIC,4fc4d1339fb4
1776116529477,1506714827830885,8.820239,-0.21308395,-4.2066126,-0.004276057,0.02076942,-6.1086525E-4,TONIC,4fc4d1339fb4
1776116529485,1506714835856430,8.834604,-0.22026655,-4.220978,-0.0061086523,0.015882496,0.0,TONIC,4fc4d1339fb4
1776116529493,1506714843967283,8.836999,-0.21787235,-4.2281604,-0.0067195175,0.01160644,0.0036651916,TONIC,4fc4d1339fb4
1776116529501,1506714851847829,8.853758,-0.18914193,-4.249708,-0.007330383,0.01282817,0.0018325958,TONIC,4fc4d1339fb4
1776116529509,1506714859927913,8.851364,-0.19632454,-4.247314,-0.007330383,0.018325957,0.0030543262,TONIC,4fc4d1339fb4
1776116529517,1506714867869152,8.882488,-0.19153613,-4.2281604,-0.0061086523,0.02321288,0.002443461,TONIC,4fc4d1339fb4
1776116529525,1506714875863005,8.884883,-0.21068975,-4.2042184,-0.0030543262,0.030543262,0.0036651916,TONIC,4fc4d1339fb4
1776116529533,1506714883790397,8.856153,-0.19393034,-4.1922474,-0.0061086523,0.03176499,0.0018325958,TONIC,4fc4d1339fb4
1776116529541,1506714891854096,8.848969,-0.16759412,-4.1683054,-0.0067195175,0.034208454,0.0018325958,TONIC,4fc4d1339fb4
1776116529549,1506714899851564,8.865729,-0.18914193,-4.1635165,-0.004276057,0.030543262,0.004276057,TONIC,4fc4d1339fb4
1776116529557,1506714907846419,8.884883,-0.18195933,-4.177882,-0.004886922,0.025045475,0.004276057,TONIC,4fc4d1339fb4
1776116529565,1506714915874656,8.882488,-0.21547815,-4.185065,-0.005497787,0.017715093,0.005497787,TONIC,4fc4d1339fb4
1776116529573,1506714923953817,8.851364,-0.19632454,-4.187459,-0.004276057,0.015271631,0.0036651916,TONIC,4fc4d1339fb4
1776116529581,1506714931862363,8.875306,-0.19153613,-4.1946416,-0.004886922,0.01282817,0.0030543262,TONIC,4fc4d1339fb4
1776116529589,1506714939859985,8.856153,-0.21068975,-4.189853,-0.005497787,0.01160644,0.0030543262,TONIC,4fc4d1339fb4
1776116529597,1506714947856915,8.899248,-0.21068975,-4.1802764,-0.004886922,0.01038471,0.0036651916,TONIC,4fc4d1339fb4
1776116529605,1506714955851923,8.868123,-0.21787235,-4.187459,-0.0067195175,0.005497787,0.0030543262,TONIC,4fc4d1339fb4
1776116529613,1506714963962469,8.887277,-0.20350714,-4.185065,-0.004276057,0.005497787,0.0018325958,TONIC,4fc4d1339fb4
1776116529621,1506714971840630,8.865729,-0.18435353,-4.201824,-0.004886922,0.0018325958,0.0,TONIC,4fc4d1339fb4
1776116529629,1506714979923098,8.875306,-0.19393034,-4.2042184,-0.0030543262,0.0018325958,-6.1086525E-4,TONIC,4fc4d1339fb4
1776116529637,1506714987864259,8.858546,-0.19632454,-4.1946416,-0.004276057,0.0036651916,-0.0012217305,TONIC,4fc4d1339fb4
1776116529645,1506714995858113,8.889671,-0.16519992,-4.197036,-0.002443461,0.004276057,-0.0030543262,TONIC,4fc4d1339fb4
1776116529653,1506715003854505,8.882488,-0.19153613,-4.189853,-6.1086525E-4,0.004276057,-0.0018325958,TONIC,4fc4d1339fb4
1776116529661,1506715011849589,8.846576,-0.17717093,-4.2042184,6.1086525E-4,0.004886922,-0.002443461,TONIC,4fc4d1339fb4
1776116529669,1506715019809827,8.868123,-0.18914193,-4.2161894,0.0,0.0061086523,-0.0036651916,TONIC,4fc4d1339fb4
1776116529677,1506715027840680,8.8777,-0.18914193,-4.1826706,6.1086525E-4,0.0061086523,-6.1086525E-4,TONIC,4fc4d1339fb4
1776116529685,1506715035866841,8.856153,-0.21068975,-4.175488,6.1086525E-4,0.007330383,-0.0012217305,TONIC,4fc4d1339fb4
1776116529693,1506715043864695,8.863335,-0.18914193,-4.189853,0.0,0.0067195175,-0.0012217305,TONIC,4fc4d1339fb4
1776116529701,1506715051828394,8.868123,-0.20590134,-4.197036,0.0,0.004276057,-0.0012217305,TONIC,4fc4d1339fb4
1776116529709,1506715059815786,8.851364,-0.20111294,-4.211401,0.0012217305,0.0012217305,0.0,TONIC,4fc4d1339fb4
1776116529717,1506715067849562,8.856153,-0.20829555,-4.1946416,-0.0012217305,0.004886922,-0.002443461,TONIC,4fc4d1339fb4
1776116529725,1506715075779107,8.853758,-0.19153613,-4.185065,-6.1086525E-4,0.0036651916,-0.0030543262,TONIC,4fc4d1339fb4
1776116529733,1506715083842192,8.836999,-0.17956513,-4.1922474,6.1086525E-4,0.005497787,-0.002443461,TONIC,4fc4d1339fb4
1776116529741,1506715091836353,8.836999,-0.16759412,-4.197036,0.0,0.004886922,-0.0018325958,TONIC,4fc4d1339fb4
1776116529749,1506715099861976,8.863335,-0.18914193,-4.1802764,6.1086525E-4,0.005497787,-0.0018325958,TONIC,4fc4d1339fb4
1776116529757,1506715107883521,8.868123,-0.19153613,-4.189853,0.0018325958,0.005497787,0.0,TONIC,4fc4d1339fb4
1776116529765,1506715115854836,8.872911,-0.18435353,-4.2042184,0.0012217305,0.007941248,0.0,TONIC,4fc4d1339fb4
1776116529773,1506715123966305,8.872911,-0.21787235,-4.189853,0.0018325958,0.009162978,0.0012217305,TONIC,4fc4d1339fb4
1776116529781,1506715131847159,8.868123,-0.20111294,-4.185065,0.0018325958,0.013439035,0.0012217305,TONIC,4fc4d1339fb4
1776116529789,1506715139896473,8.884883,-0.20829555,-4.175488,0.0012217305,0.01160644,0.0,TONIC,4fc4d1339fb4
1776116529797,1506715147866865,8.8777,-0.20111294,-4.1826706,6.1086525E-4,0.012217305,0.0,TONIC,4fc4d1339fb4
1776116529805,1506715155824487,8.8777,-0.21308395,-4.177882,0.0012217305,0.009773844,-0.0018325958,TONIC,4fc4d1339fb4
1776116529813,1506715163858956,8.882488,-0.21308395,-4.1683054,0.0012217305,0.007330383,-0.0012217305,TONIC,4fc4d1339fb4
1776116529821,1506715171878964,8.89446,-0.20350714,-4.177882,6.1086525E-4,0.009162978,-6.1086525E-4,TONIC,4fc4d1339fb4
1776116529829,1506715179849971,8.899248,-0.20590134,-4.185065,-6.1086525E-4,0.007941248,-0.0012217305,TONIC,4fc4d1339fb4
1776116529837,1506715187845978,8.892065,-0.18195933,-4.173094,0.0,0.007941248,-0.0012217305,TONIC,4fc4d1339fb4
1776116529845,1506715195835293,8.908825,-0.18674773,-4.173094,0.0012217305,0.01038471,-0.0018325958,TONIC,4fc4d1339fb4
1776116529853,1506715203835300,8.882488,-0.20111294,-4.1826706,6.1086525E-4,0.01038471,-0.0018325958,TONIC,4fc4d1339fb4
1776116529861,1506715211862307,8.882488,-0.20590134,-4.187459,0.0018325958,0.012217305,-0.0030543262,TONIC,4fc4d1339fb4
1776116529869,1506715219761084,8.9040365,-0.19153613,-4.173094,6.1086525E-4,0.013439035,-0.002443461,TONIC,4fc4d1339fb4
1776116529877,1506715227853091,8.887277,-0.18914193,-4.173094,0.0030543262,0.014660766,-0.0036651916,TONIC,4fc4d1339fb4
1776116529885,1506715235849790,8.8777,-0.19153613,-4.175488,6.1086525E-4,0.015882496,-0.004276057,TONIC,4fc4d1339fb4
1776116529893,1506715243876567,8.846576,-0.20111294,-4.1683054,0.0018325958,0.016493361,-0.0030543262,TONIC,4fc4d1339fb4
1776116529901,1506715251926650,8.856153,-0.21787235,-4.1659107,6.1086525E-4,0.015882496,-0.0030543262,TONIC,4fc4d1339fb4
1776116529909,1506715259838043,8.872911,-0.21787235,-4.1539397,0.0012217305,0.014660766,-6.1086525E-4,TONIC,4fc4d1339fb4
1776116529917,1506715267887358,8.899248,-0.20829555,-4.1802764,6.1086525E-4,0.009162978,-0.0018325958,TONIC,4fc4d1339fb4
1776116529925,1506715275859288,8.892065,-0.20350714,-4.1659107,6.1086525E-4,0.005497787,-6.1086525E-4,TONIC,4fc4d1339fb4
1776116529933,1506715283970141,8.920795,-0.19871874,-4.177882,-0.0012217305,0.0067195175,0.0,TONIC,4fc4d1339fb4
1776116529941,1506715291847994,8.901642,-0.19153613,-4.1706996,-6.1086525E-4,0.007941248,-0.0030543262,TONIC,4fc4d1339fb4
1776116529949,1506715299930772,8.899248,-0.20350714,-4.1539397,0.0,0.01160644,-0.0030543262,TONIC,4fc4d1339fb4
1776116529957,1506715307871394,8.887277,-0.20111294,-4.1371803,0.0,0.009773844,-0.002443461,TONIC,4fc4d1339fb4
1776116529965,1506715315867401,8.860941,-0.18195933,-4.144363,-0.0036651916,0.005497787,-0.004276057,TONIC,4fc4d1339fb4
1776116529973,1506715323832254,8.865729,-0.19632454,-4.173094,0.0,0.002443461,-0.004276057,TONIC,4fc4d1339fb4
1776116529981,1506715331857261,8.865729,-0.19393034,-4.175488,-6.1086525E-4,-0.002443461,-0.0036651916,TONIC,4fc4d1339fb4
1776116529989,1506715339908884,8.887277,-0.17717093,-4.1946416,0.0,0.0,-0.004886922,TONIC,4fc4d1339fb4
1776116529997,1506715347848353,8.875306,-0.18195933,-4.211401,-6.1086525E-4,6.1086525E-4,-0.0036651916,TONIC,4fc4d1339fb4
1776116530005,1506715355930745,8.889671,-0.18195933,-4.2042184,-0.0012217305,0.0067195175,-0.0030543262,TONIC,4fc4d1339fb4
1776116530013,1506715363872675,8.889671,-0.18914193,-4.1826706,-6.1086525E-4,0.014660766,-0.002443461,TONIC,4fc4d1339fb4
1776116530021,1506715371891374,8.880095,-0.17956513,-4.173094,-0.0018325958,0.018936822,-0.0018325958,TONIC,4fc4d1339fb4
1776116530029,1506715379863073,8.892065,-0.20111294,-4.1611223,0.0,0.022602014,0.0,TONIC,4fc4d1339fb4
1776116530037,1506715387913005,8.920795,-0.19393034,-4.1299977,-0.0036651916,0.02443461,0.0018325958,TONIC,4fc4d1339fb4
1776116530045,1506715395853012,8.896853,-0.19393034,-4.1180267,-6.1086525E-4,0.02443461,0.0,TONIC,4fc4d1339fb4
1776116530053,1506715403965326,8.889671,-0.20111294,-4.1036615,-0.002443461,0.021380283,0.0018325958,TONIC,4fc4d1339fb4
1776116530061,1506715411845641,8.892065,-0.18435353,-4.1252093,-0.0018325958,0.01282817,0.0018325958,TONIC,4fc4d1339fb4
1776116530069,1506715419895494,8.896853,-0.18674773,-4.1180267,0.0030543262,0.010995574,0.0012217305,TONIC,4fc4d1339fb4
1776116530077,1506715427865578,8.884883,-0.18914193,-4.146757,-0.0018325958,0.004276057,0.0030543262,TONIC,4fc4d1339fb4
1776116530085,1506715435862509,8.889671,-0.18914193,-4.1395745,-0.0030543262,0.004276057,6.1086525E-4,TONIC,4fc4d1339fb4
1776116530093,1506715443857055,8.884883,-0.17477672,-4.1539397,-0.0012217305,0.004886922,-6.1086525E-4,TONIC,4fc4d1339fb4
1776116530101,1506715451853600,8.896853,-0.18195933,-4.1515455,-0.0018325958,0.007330383,0.0018325958,TONIC,4fc4d1339fb4
1776116530109,1506715459849607,8.9040365,-0.17956513,-4.1419687,-6.1086525E-4,0.007330383,0.0012217305,TONIC,4fc4d1339fb4
1776116530117,1506715467899768,8.889671,-0.18674773,-4.158728,-0.0012217305,0.007941248,0.0,TONIC,4fc4d1339fb4
1776116530125,1506715475871545,8.901642,-0.18195933,-4.1252093,-0.002443461,0.009773844,6.1086525E-4,TONIC,4fc4d1339fb4
1776116530133,1506715483952091,8.90643,-0.20590134,-4.134786,0.0,0.01160644,0.0030543262,TONIC,4fc4d1339fb4
1776116530141,1506715491860482,8.90643,-0.20829555,-4.144363,0.0,0.010995574,0.0036651916,TONIC,4fc4d1339fb4
1776116530149,1506715499912720,8.899248,-0.23463176,-4.144363,0.0036651916,0.014660766,0.0012217305,TONIC,4fc4d1339fb4
1776116530157,1506715507853035,8.90643,-0.22984336,-4.132392,-0.0018325958,0.0061086523,0.0018325958,TONIC,4fc4d1339fb4
1776116530165,1506715515847811,8.9040365,-0.20590134,-4.1276035,-0.0018325958,0.0,0.0012217305,TONIC,4fc4d1339fb4
1776116530173,1506715523876512,8.880095,-0.18195933,-4.1515455,-0.002443461,-6.1086525E-4,6.1086525E-4,TONIC,4fc4d1339fb4
1776116530181,1506715531869749,8.884883,-0.17956513,-4.1395745,-0.0030543262,-0.0036651916,0.0012217305,TONIC,4fc4d1339fb4
1776116530189,1506715539866295,8.870518,-0.17717093,-4.1276035,-0.0030543262,-0.0030543262,0.0012217305,TONIC,4fc4d1339fb4
1776116530197,1506715547886379,8.8777,-0.18674773,-4.146757,-0.002443461,-0.005497787,6.1086525E-4,TONIC,4fc4d1339fb4
1776116530205,1506715555858078,8.884883,-0.18435353,-4.144363,-0.0018325958,-0.005497787,0.0012217305,TONIC,4fc4d1339fb4
1776116530213,1506715563969163,8.872911,-0.18435353,-4.156334,-0.004276057,-0.007330383,0.002443461,TONIC,4fc4d1339fb4
1776116530221,1506715571877478,8.896853,-0.19153613,-4.1539397,-0.002443461,-0.005497787,0.0036651916,TONIC,4fc4d1339fb4
1776116530229,1506715579844254,8.887277,-0.19393034,-4.1491513,-0.0036651916,-0.005497787,0.0018325958,TONIC,4fc4d1339fb4
1776116530237,1506715587841107,8.911219,-0.18674773,-4.134786,-0.0018325958,-0.002443461,0.0012217305,TONIC,4fc4d1339fb4
1776116530245,1506715595865422,8.913613,-0.18914193,-4.120421,-0.002443461,-0.004886922,0.0036651916,TONIC,4fc4d1339fb4
1776116530254,1506715604013507,8.916007,-0.18674773,-4.1299977,0.0018325958,-0.002443461,0.004276057,TONIC,4fc4d1339fb4
1776116530261,1506715611881821,8.9040365,-0.17956513,-4.132392,-0.0018325958,-0.005497787,0.002443461,TONIC,4fc4d1339fb4
1776116530269,1506715619853136,8.932767,-0.17956513,-4.120421,0.0,-0.007330383,0.0018325958,TONIC,4fc4d1339fb4
1776116530277,1506715627878374,8.916007,-0.16759412,-4.1276035,0.0,-0.007941248,6.1086525E-4,TONIC,4fc4d1339fb4
1776116530285,1506715635874689,8.89446,-0.17477672,-4.1299977,-0.0012217305,-0.007941248,0.0,TONIC,4fc4d1339fb4
1776116530293,1506715643986388,8.8777,-0.16519992,-4.1395745,0.0030543262,-0.004276057,-0.0012217305,TONIC,4fc4d1339fb4
1776116530301,1506715651833550,8.896853,-0.18195933,-4.1491513,0.0,-0.0067195175,-0.0012217305,TONIC,4fc4d1339fb4
1776116530309,1506715659886095,8.896853,-0.19871874,-4.146757,0.0018325958,-0.005497787,-6.1086525E-4,TONIC,4fc4d1339fb4
1776116530317,1506715667857564,8.887277,-0.18435353,-4.134786,0.0012217305,-0.0030543262,-0.002443461,TONIC,4fc4d1339fb4
1776116530325,1506715675851648,8.882488,-0.21547815,-4.1299977,0.0018325958,0.0,-0.0012217305,TONIC,4fc4d1339fb4
1776116530333,1506715683933886,8.896853,-0.20590134,-4.144363,6.1086525E-4,-0.004276057,0.0,TONIC,4fc4d1339fb4
1776116530341,1506715691845893,8.884883,-0.19871874,-4.134786,0.004276057,-0.0067195175,-6.1086525E-4,TONIC,4fc4d1339fb4
1776116530349,1506715699925208,8.89446,-0.22505496,-4.1539397,0.002443461,-0.008552114,-0.002443461,TONIC,4fc4d1339fb4
1776116530357,1506715707867369,8.892065,-0.21787235,-4.1419687,0.0018325958,-0.01038471,-0.002443461,TONIC,4fc4d1339fb4
1776116530365,1506715715861530,8.899248,-0.20829555,-4.1515455,0.0012217305,-0.012217305,-0.0030543262,TONIC,4fc4d1339fb4
1776116530373,1506715723850845,8.892065,-0.19871874,-4.1371803,0.0030543262,-0.014049901,-0.004886922,TONIC,4fc4d1339fb4
1776116530381,1506715731852390,8.899248,-0.19393034,-4.175488,0.002443461,-0.01282817,-0.0067195175,TONIC,4fc4d1339fb4
1776116530389,1506715739848321,8.908825,-0.17477672,-4.1539397,0.0036651916,-0.009162978,-0.005497787,TONIC,4fc4d1339fb4
1776116530397,1506715747843713,8.901642,-0.18674773,-4.175488,6.1086525E-4,-0.009162978,-0.0067195175,TONIC,4fc4d1339fb4
1776116530405,1506715755868412,8.901642,-0.19632454,-4.1611223,0.004886922,-0.0030543262,-0.0067195175,TONIC,4fc4d1339fb4
1776116530413,1506715763864342,8.911219,-0.20350714,-4.1515455,0.0036651916,0.0,-0.007330383,TONIC,4fc4d1339fb4
1776116530421,1506715771916119,8.89446,-0.20111294,-4.156334,0.0036651916,0.002443461,-0.0067195175,TONIC,4fc4d1339fb4
1776116530429,1506715779824741,8.90643,-0.17956513,-4.1371803,0.0030543262,0.0030543262,-0.0061086523,TONIC,4fc4d1339fb4
1776116530437,1506715787813365,8.89446,-0.19393034,-4.134786,0.0061086523,0.004886922,-0.0061086523,TONIC,4fc4d1339fb4
1776116530445,1506715795847833,8.89446,-0.18914193,-4.1515455,0.002443461,0.0018325958,-0.0061086523,TONIC,4fc4d1339fb4
1776116530453,1506715803929071,8.920795,-0.19153613,-4.132392,0.0030543262,0.0012217305,-0.0067195175,TONIC,4fc4d1339fb4
1776116530461,1506715811838232,8.899248,-0.17717093,-4.144363,0.0012217305,0.0,-0.005497787,TONIC,4fc4d1339fb4
1776116530469,1506715819889700,8.8777,-0.1604115,-4.144363,0.0030543262,0.0012217305,-0.004886922,TONIC,4fc4d1339fb4
1776116530477,1506715827861631,8.8777,-0.1604115,-4.1371803,0.0012217305,-0.002443461,-0.0030543262,TONIC,4fc4d1339fb4
1776116530485,1506715835855869,8.872911,-0.16519992,-4.144363,6.1086525E-4,-0.002443461,-0.0012217305,TONIC,4fc4d1339fb4
1776116530493,1506715843937645,8.875306,-0.18674773,-4.1371803,0.0,-0.0036651916,0.0,TONIC,4fc4d1339fb4
1776116530501,1506715851847883,8.868123,-0.16759412,-4.1252093,0.0,-0.0036651916,0.0012217305,TONIC,4fc4d1339fb4
1776116530509,1506715859898352,8.863335,-0.17477672,-4.134786,6.1086525E-4,-0.009162978,0.0030543262,TONIC,4fc4d1339fb4
1776116530517,1506715867869743,8.865729,-0.17956513,-4.1252093,-0.0018325958,-0.007330383,0.0030543262,TONIC,4fc4d1339fb4
1776116530525,1506715875889674,8.884883,-0.17238252,-4.1252093,-0.0012217305,-0.008552114,0.004886922,TONIC,4fc4d1339fb4
1776116530533,1506715883861989,8.916007,-0.17956513,-4.1371803,0.0,-0.01038471,0.0061086523,TONIC,4fc4d1339fb4
1776116530541,1506715891824765,8.90643,-0.19153613,-4.158728,0.0,-0.0067195175,0.005497787,TONIC,4fc4d1339fb4
1776116530549,1506715899853465,8.899248,-0.17477672,-4.1491513,-0.005497787,-0.012217305,0.005497787,TONIC,4fc4d1339fb4
1776116530557,1506715907878933,8.899248,-0.19632454,-4.1611223,-0.002443461,-0.007330383,0.0061086523,TONIC,4fc4d1339fb4
1776116530565,1506715915898095,8.884883,-0.18674773,-4.146757,-0.0018325958,-0.007330383,0.0061086523,TONIC,4fc4d1339fb4
1776116530573,1506715923870410,8.913613,-0.19871874,-4.158728,-0.002443461,-0.0061086523,0.004886922,TONIC,4fc4d1339fb4
1776116530581,1506715931919955,8.908825,-0.16998832,-4.1419687,-0.0061086523,-0.009162978,0.004886922,TONIC,4fc4d1339fb4
1776116530589,1506715939830347,8.89446,-0.20111294,-4.1491513,-0.0018325958,-0.0067195175,0.004886922,TONIC,4fc4d1339fb4
1776116530597,1506715947857508,8.887277,-0.20111294,-4.1611223,-0.0030543262,-0.009162978,0.004886922,TONIC,4fc4d1339fb4
1776116530605,1506715955853746,8.887277,-0.22505496,-4.1611223,-0.0018325958,-0.0061086523,0.005497787,TONIC,4fc4d1339fb4
1776116530613,1506715963780292,8.887277,-0.21068975,-4.175488,-0.0036651916,-0.007941248,0.005497787,TONIC,4fc4d1339fb4
1776116530621,1506715971842068,8.884883,-0.18435353,-4.1659107,-0.004276057,-0.0067195175,0.0036651916,TONIC,4fc4d1339fb4
1776116530629,1506715979869460,8.899248,-0.21068975,-4.1491513,-0.0012217305,-0.0030543262,0.0030543262,TONIC,4fc4d1339fb4
1776116530637,1506715987863698,8.892065,-0.20111294,-4.144363,-0.0018325958,-0.004276057,0.0030543262,TONIC,4fc4d1339fb4
1776116530645,1506715995860243,8.889671,-0.20111294,-4.1371803,-0.002443461,-0.002443461,0.002443461,TONIC,4fc4d1339fb4
1776116530653,1506716003854790,8.901642,-0.22266077,-4.1419687,-0.002443461,-0.002443461,0.0030543262,TONIC,4fc4d1339fb4
1776116530661,1506716011851412,8.908825,-0.20350714,-4.1539397,-0.0030543262,-0.002443461,0.002443461,TONIC,4fc4d1339fb4
1776116530669,1506716019902188,8.887277,-0.20350714,-4.173094,-0.002443461,-0.0030543262,0.0012217305,TONIC,4fc4d1339fb4
1776116530677,1506716027874119,8.8777,-0.19871874,-4.1635165,-0.002443461,0.0,0.0030543262,TONIC,4fc4d1339fb4
1776116530685,1506716035870741,8.913613,-0.19393034,-4.1515455,-0.0018325958,6.1086525E-4,6.1086525E-4,TONIC,4fc4d1339fb4
1776116530693,1506716043980595,8.9040365,-0.19871874,-4.1419687,-0.0067195175,-0.0018325958,0.0,TONIC,4fc4d1339fb4
1776116530701,1506716051858525,8.89446,-0.20590134,-4.1539397,-6.1086525E-4,0.0061086523,6.1086525E-4,TONIC,4fc4d1339fb4
1776116530709,1506716059880301,8.90643,-0.20590134,-4.158728,-0.002443461,0.007330383,6.1086525E-4,TONIC,4fc4d1339fb4
1776116530717,1506716067814847,8.896853,-0.20111294,-4.1419687,-0.0018325958,0.008552114,-6.1086525E-4,TONIC,4fc4d1339fb4
1776116530725,1506716075847700,8.892065,-0.18195933,-4.1299977,-0.0036651916,0.004276057,6.1086525E-4,TONIC,4fc4d1339fb4
1776116530733,1506716083989247,8.89446,-0.21547815,-4.120421,0.0018325958,0.0061086523,6.1086525E-4,TONIC,4fc4d1339fb4
1776116530741,1506716091839715,8.9040365,-0.20111294,-4.1276035,-0.004276057,0.0012217305,0.0,TONIC,4fc4d1339fb4
1776116530749,1506716099863184,8.887277,-0.17956513,-4.1419687,-0.0030543262,-0.002443461,0.0,TONIC,4fc4d1339fb4
1776116530757,1506716107858268,8.887277,-0.20111294,-4.1515455,-0.0012217305,-0.004886922,-6.1086525E-4,TONIC,4fc4d1339fb4
1776116530765,1506716115853890,8.882488,-0.19393034,-4.156334,-0.0030543262,-0.005497787,-0.0012217305,TONIC,4fc4d1339fb4
1776116530773,1506716123852743,8.870518,-0.20111294,-4.132392,-0.002443461,-0.0067195175,0.0,TONIC,4fc4d1339fb4
1776116530781,1506716131876136,8.880095,-0.17717093,-4.146757,-0.0018325958,-0.005497787,6.1086525E-4,TONIC,4fc4d1339fb4
1776116530789,1506716139841066,8.8777,-0.18435353,-4.1132383,-0.002443461,-0.007941248,0.0018325958,TONIC,4fc4d1339fb4
1776116530797,1506716147870535,8.892065,-0.18435353,-4.1180267,-0.0012217305,-0.007330383,6.1086525E-4,TONIC,4fc4d1339fb4
1776116530805,1506716155864465,8.8777,-0.18674773,-4.1252093,0.0012217305,-0.009162978,0.0018325958,TONIC,4fc4d1339fb4
1776116530813,1506716163975779,8.882488,-0.20350714,-4.132392,-0.0030543262,-0.015882496,0.002443461,TONIC,4fc4d1339fb4
1776116530821,1506716171826325,8.884883,-0.19393034,-4.120421,-0.0018325958,-0.020158553,0.002443461,TONIC,4fc4d1339fb4
1776116530829,1506716179875487,8.868123,-0.18435353,-4.1299977,-0.0030543262,-0.023823744,0.002443461,TONIC,4fc4d1339fb4
1776116530837,1506716187877417,8.853758,-0.19871874,-4.1156325,-0.0036651916,-0.030543262,0.002443461,TONIC,4fc4d1339fb4
1776116530845,1506716195897116,8.832211,-0.18195933,-4.132392,-0.002443461,-0.03604105,0.005497787,TONIC,4fc4d1339fb4
1776116530853,1506716203869662,8.839393,-0.18914193,-4.122815,-0.0030543262,-0.047036625,0.0067195175,TONIC,4fc4d1339fb4
1776116530861,1506716211833746,8.870518,-0.19632454,-4.1395745,-0.0036651916,-0.05375614,0.0067195175,TONIC,4fc4d1339fb4
1776116530870,1506716220006061,8.875306,-0.19871874,-4.120421,-0.0061086523,-0.06536258,0.01038471,TONIC,4fc4d1339fb4
1776116530877,1506716227823607,8.875306,-0.20350714,-4.134786,-0.004276057,-0.07147124,0.012217305,TONIC,4fc4d1339fb4
1776116530885,1506716235850614,8.868123,-0.19393034,-4.146757,-0.0036651916,-0.07880162,0.009773844,TONIC,4fc4d1339fb4
1776116530893,1506716243746621,8.887277,-0.17717093,-4.1419687,-0.004886922,-0.0842994,0.01282817,TONIC,4fc4d1339fb4
1776116530901,1506716251842705,8.889671,-0.20590134,-4.158728,-0.004276057,-0.087964594,0.014049901,TONIC,4fc4d1339fb4
1776116530909,1506716259868481,8.908825,-0.18674773,-4.1635165,-0.0036651916,-0.093462385,0.014660766,TONIC,4fc4d1339fb4
1776116530917,1506716267834643,8.918402,-0.21547815,-4.173094,-0.0036651916,-0.095294975,0.015271631,TONIC,4fc4d1339fb4
1776116530925,1506716275859573,8.918402,-0.21308395,-4.1922474,-0.004276057,-0.09590584,0.014660766,TONIC,4fc4d1339fb4
1776116530933,1506716283854965,8.911219,-0.21547815,-4.201824,-0.0012217305,-0.096516706,0.012217305,TONIC,4fc4d1339fb4
1776116530941,1506716291850048,8.896853,-0.23223756,-4.19943,-6.1086525E-4,-0.096516706,0.01282817,TONIC,4fc4d1339fb4
1776116530949,1506716299877209,8.896853,-0.20829555,-4.209007,-0.0030543262,-0.096516706,0.009773844,TONIC,4fc4d1339fb4
1776116530957,1506716307835910,8.913613,-0.21068975,-4.220978,-0.002443461,-0.10323623,0.007330383,TONIC,4fc4d1339fb4
1776116530965,1506716315836532,8.896853,-0.20590134,-4.24492,-0.002443461,-0.10567969,0.0061086523,TONIC,4fc4d1339fb4
1776116530973,1506716323824616,8.887277,-0.20350714,-4.271256,-0.0036651916,-0.105068825,0.002443461,TONIC,4fc4d1339fb4
1776116530981,1506716331860854,8.892065,-0.18914193,-4.285621,-0.0036651916,-0.10323623,6.1086525E-4,TONIC,4fc4d1339fb4
1776116530989,1506716339970784,8.8777,-0.15322891,-4.292804,-0.002443461,-0.093462385,-0.0018325958,TONIC,4fc4d1339fb4
1776116530997,1506716347850791,8.834604,-0.1436521,-4.3047748,-0.0018325958,-0.08552113,-0.004886922,TONIC,4fc4d1339fb4
1776116531005,1506716355876568,8.817844,-0.16759412,-4.3167458,-6.1086525E-4,-0.07513642,-0.005497787,TONIC,4fc4d1339fb4
1776116531013,1506716363927114,8.798691,-0.18435353,-4.3239284,0.0018325958,-0.059864793,-0.007330383,TONIC,4fc4d1339fb4
1776116531021,1506716371839351,8.779537,-0.18674773,-4.3239284,0.0012217305,-0.05009095,-0.005497787,TONIC,4fc4d1339fb4
1776116531029,1506716379796282,8.755595,-0.19632454,-4.297592,0.0,-0.045814894,-0.0036651916,TONIC,4fc4d1339fb4
1776116531037,1506716387857904,8.743625,-0.19871874,-4.3287168,0.0018325958,-0.028099801,-0.004886922,TONIC,4fc4d1339fb4
1776116531045,1506716395852989,8.750807,-0.19393034,-4.3263226,0.002443461,-0.021991149,-0.0018325958,TONIC,4fc4d1339fb4
1776116531053,1506716403852304,8.7771435,-0.22026655,-4.3502645,0.0018325958,-0.017715093,0.0018325958,TONIC,4fc4d1339fb4
1776116531061,1506716411874541,8.772355,-0.23223756,-4.345476,0.0,-0.01038471,0.0067195175,TONIC,4fc4d1339fb4
1776116531069,1506716419871779,8.793902,-0.20829555,-4.3358994,6.1086525E-4,0.005497787,0.0061086523,TONIC,4fc4d1339fb4
1776116531077,1506716427867479,8.836999,-0.21308395,-4.309563,0.0012217305,0.013439035,0.007330383,TONIC,4fc4d1339fb4
1776116531085,1506716435861639,8.827422,-0.21308395,-4.259285,0.0012217305,0.021991149,0.0067195175,TONIC,4fc4d1339fb4
1776116531093,1506716443859109,8.844181,-0.22026655,-4.256891,6.1086525E-4,0.02321288,0.005497787,TONIC,4fc4d1339fb4
1776116531101,1506716451853270,8.848969,-0.20590134,-4.247314,0.0,0.021380283,0.004886922,TONIC,4fc4d1339fb4
1776116531109,1506716459849969,8.848969,-0.21308395,-4.237737,6.1086525E-4,0.015271631,0.004276057,TONIC,4fc4d1339fb4
1776116531117,1506716467875207,8.839393,-0.22744916,-4.268862,0.0,0.008552114,0.0030543262,TONIC,4fc4d1339fb4
1776116531125,1506716475870522,8.836999,-0.22266077,-4.27365,0.0,0.0061086523,0.0018325958,TONIC,4fc4d1339fb4
1776116531133,1506716483868145,8.829816,-0.21547815,-4.2784386,0.0,0.004886922,0.0,TONIC,4fc4d1339fb4
1776116531141,1506716491861691,8.836999,-0.22266077,-4.261679,0.0,0.0061086523,-0.0012217305,TONIC,4fc4d1339fb4
1776116531149,1506716499857390,8.810662,-0.21068975,-4.2640734,-6.1086525E-4,0.005497787,-0.0018325958,TONIC,4fc4d1339fb4
1776116531157,1506716507854551,8.829816,-0.21787235,-4.259285,-0.0012217305,0.0036651916,-0.0030543262,TONIC,4fc4d1339fb4
1776116531165,1506716515848481,8.817844,-0.19153613,-4.2640734,-0.002443461,0.005497787,-0.002443461,TONIC,4fc4d1339fb4
1776116531173,1506716523877335,8.810662,-0.20829555,-4.261679,-0.002443461,0.0036651916,-0.004276057,TONIC,4fc4d1339fb4
1776116531181,1506716531870573,8.825027,-0.21547815,-4.249708,-0.0012217305,0.007330383,-0.004276057,TONIC,4fc4d1339fb4
1776116531189,1506716539866272,8.834604,-0.18914193,-4.256891,-6.1086525E-4,0.0061086523,-0.0030543262,TONIC,4fc4d1339fb4
1776116531197,1506716547864433,8.817844,-0.20350714,-4.232949,-6.1086525E-4,0.0067195175,-0.0012217305,TONIC,4fc4d1339fb4
1776116531205,1506716555857671,8.832211,-0.20111294,-4.249708,-6.1086525E-4,0.005497787,0.0,TONIC,4fc4d1339fb4
1776116531213,1506716563852832,8.851364,-0.18674773,-4.24492,-6.1086525E-4,0.0018325958,0.0012217305,TONIC,4fc4d1339fb4
1776116531221,1506716571849686,8.844181,-0.16998832,-4.2521024,-6.1086525E-4,-0.0012217305,6.1086525E-4,TONIC,4fc4d1339fb4
1776116531229,1506716579874693,8.860941,-0.19632454,-4.2521024,6.1086525E-4,-0.004886922,0.0,TONIC,4fc4d1339fb4
1776116531237,1506716587841469,8.832211,-0.19153613,-4.235343,-0.0030543262,-0.01038471,0.0,TONIC,4fc4d1339fb4
1776116531245,1506716595866091,8.834604,-0.18674773,-4.2521024,-0.0012217305,-0.01160644,-0.0018325958,TONIC,4fc4d1339fb4
1776116531253,1506716603978637,8.817844,-0.19153613,-4.27365,6.1086525E-4,-0.015882496,-0.0018325958,TONIC,4fc4d1339fb4
1776116531261,1506716611827875,8.810662,-0.19153613,-4.283227,6.1086525E-4,-0.012217305,-0.0030543262,TONIC,4fc4d1339fb4
1776116531269,1506716619908806,8.805874,-0.19871874,-4.280833,-6.1086525E-4,-0.010995574,-0.0012217305,TONIC,4fc4d1339fb4
1776116531277,1506716627881197,8.813056,-0.17477672,-4.2760444,6.1086525E-4,-0.0067195175,-0.0018325958,TONIC,4fc4d1339fb4
1776116531285,1506716635844281,8.801085,-0.17477672,-4.271256,0.004886922,0.0,-0.0018325958,TONIC,4fc4d1339fb4
1776116531293,1506716643956596,8.808268,-0.19153613,-4.2544966,0.002443461,0.0036651916,6.1086525E-4,TONIC,4fc4d1339fb4
1776116531301,1506716651838065,8.796297,-0.18674773,-4.2544966,0.0030543262,0.007330383,0.0012217305,TONIC,4fc4d1339fb4
1776116531309,1506716659862996,8.834604,-0.19632454,-4.247314,0.005497787,0.007941248,0.0012217305,TONIC,4fc4d1339fb4
1776116531317,1506716667857157,8.822633,-0.20829555,-4.256891,0.004886922,0.007330383,0.0012217305,TONIC,4fc4d1339fb4
1776116531325,1506716675853471,8.815451,-0.21308395,-4.249708,0.0030543262,0.005497787,0.0,TONIC,4fc4d1339fb4
1776116531333,1506716683849863,8.829816,-0.18674773,-4.259285,0.0036651916,0.002443461,0.0018325958,TONIC,4fc4d1339fb4
1776116531341,1506716691874716,8.839393,-0.19153613,-4.2640734,0.0018325958,0.0,0.0018325958,TONIC,4fc4d1339fb4
1776116531349,1506716699869493,8.858546,-0.22266077,-4.2640734,0.0036651916,0.0030543262,6.1086525E-4,TONIC,4fc4d1339fb4
1776116531357,1506716707867039,8.846576,-0.19393034,-4.259285,0.004886922,0.002443461,6.1086525E-4,TONIC,4fc4d1339fb4
1776116531365,1506716715860969,8.858546,-0.21547815,-4.24492,0.0030543262,0.004886922,6.1086525E-4,TONIC,4fc4d1339fb4
1776116531373,1506716723859745,8.870518,-0.20590134,-4.24492,0.004276057,0.004276057,0.0012217305,TONIC,4fc4d1339fb4
1776116531381,1506716731853829,8.858546,-0.22026655,-4.24492,6.1086525E-4,6.1086525E-4,6.1086525E-4,TONIC,4fc4d1339fb4
1776116531389,1506716739847990,8.848969,-0.23223756,-4.259285,0.0061086523,0.0030543262,6.1086525E-4,TONIC,4fc4d1339fb4
1776116531397,1506716747844690,8.851364,-0.22744916,-4.256891,0.0030543262,0.0,0.0,TONIC,4fc4d1339fb4
1776116531405,1506716755869620,8.851364,-0.24181437,-4.247314,0.0030543262,-0.0030543262,0.0,TONIC,4fc4d1339fb4
1776116531413,1506716763866243,8.858546,-0.21547815,-4.24492,0.0018325958,-0.0030543262,0.0,TONIC,4fc4d1339fb4
1776116531421,1506716771861327,8.839393,-0.21547815,-4.249708,6.1086525E-4,-0.004276057,-0.0012217305,TONIC,4fc4d1339fb4
1776116531429,1506716779857257,8.865729,-0.22266077,-4.24492,0.0018325958,-0.0067195175,-0.0012217305,TONIC,4fc4d1339fb4
1776116531437,1506716787852342,8.841787,-0.21787235,-4.256891,0.0,-0.007330383,-0.002443461,TONIC,4fc4d1339fb4
1776116531445,1506716795812349,8.829816,-0.21308395,-4.235343,0.0,-0.009162978,-0.0018325958,TONIC,4fc4d1339fb4
1776116531453,1506716803844971,8.836999,-0.20829555,-4.2521024,-6.1086525E-4,-0.01038471,-0.0036651916,TONIC,4fc4d1339fb4
1776116531461,1506716811869286,8.851364,-0.21308395,-4.24492,-0.002443461,-0.013439035,-0.004886922,TONIC,4fc4d1339fb4
1776116531469,1506716819864755,8.858546,-0.19871874,-4.2640734,0.0012217305,-0.013439035,-0.002443461,TONIC,4fc4d1339fb4
1776116531477,1506716827947224,8.848969,-0.20829555,-4.268862,-0.0012217305,-0.013439035,-0.0036651916,TONIC,4fc4d1339fb4
1776116531485,1506716835856770,8.832211,-0.20590134,-4.271256,-6.1086525E-4,-0.017104227,-0.002443461,TONIC,4fc4d1339fb4
1776116531493,1506716843854623,8.839393,-0.20111294,-4.271256,0.0,-0.016493361,-0.002443461,TONIC,4fc4d1339fb4
1776116531501,1506716851964707,8.827422,-0.18674773,-4.2760444,0.0,-0.014049901,-0.0036651916,TONIC,4fc4d1339fb4
1776116531509,1506716859875791,8.825027,-0.21308395,-4.261679,-0.0012217305,-0.012217305,-0.002443461,TONIC,4fc4d1339fb4
1776116531517,1506716867871567,8.825027,-0.21547815,-4.259285,-0.0012217305,-0.01160644,-0.0018325958,TONIC,4fc4d1339fb4
1776116531525,1506716875864729,8.817844,-0.20350714,-4.261679,-0.0036651916,-0.013439035,-0.0012217305,TONIC,4fc4d1339fb4
1776116531533,1506716883947197,8.827422,-0.19153613,-4.280833,0.0,-0.01160644,-6.1086525E-4,TONIC,4fc4d1339fb4
1776116531541,1506716891858666,8.822633,-0.19871874,-4.280833,-0.0018325958,-0.01160644,0.0,TONIC,4fc4d1339fb4
1776116531549,1506716899907827,8.825027,-0.18914193,-4.285621,-0.0012217305,-0.007941248,-0.0012217305,TONIC,4fc4d1339fb4
1776116531557,1506716907880218,8.808268,-0.19632454,-4.295198,-0.0012217305,-0.0061086523,0.0012217305,TONIC,4fc4d1339fb4
1776116531565,1506716915843302,8.820239,-0.18674773,-4.249708,6.1086525E-4,-0.0036651916,6.1086525E-4,TONIC,4fc4d1339fb4
1776116531573,1506716923894695,8.832211,-0.19393034,-4.27365,-0.0018325958,-0.004886922,6.1086525E-4,TONIC,4fc4d1339fb4
1776116531581,1506716931865087,8.810662,-0.18435353,-4.271256,-0.0030543262,-0.004276057,0.002443461,TONIC,4fc4d1339fb4
1776116531589,1506716939916478,8.810662,-0.19393034,-4.2544966,-0.0012217305,-0.004276057,0.0030543262,TONIC,4fc4d1339fb4
1776116531597,1506716947859024,8.822633,-0.19632454,-4.271256,-0.0036651916,-0.0036651916,0.0018325958,TONIC,4fc4d1339fb4
1776116531605,1506716955844261,8.825027,-0.19393034,-4.256891,-0.0012217305,-0.004276057,0.0018325958,TONIC,4fc4d1339fb4
1776116531613,1506716963849423,8.834604,-0.20350714,-4.2664676,-6.1086525E-4,-0.005497787,0.0018325958,TONIC,4fc4d1339fb4
1776116531621,1506716971959969,8.832211,-0.20590134,-4.256891,-6.1086525E-4,-0.0030543262,0.002443461,TONIC,4fc4d1339fb4
1776116531629,1506716979894437,8.822633,-0.18674773,-4.2664676,6.1086525E-4,-0.004276057,0.002443461,TONIC,4fc4d1339fb4
1776116531637,1506716987865829,8.841787,-0.19632454,-4.2640734,0.0,-0.005497787,0.0018325958,TONIC,4fc4d1339fb4
1776116531645,1506716995861144,8.832211,-0.20590134,-4.27365,-0.0036651916,-0.007941248,0.0036651916,TONIC,4fc4d1339fb4
1776116531653,1506717003858766,8.836999,-0.18674773,-4.285621,6.1086525E-4,-0.0036651916,0.0012217305,TONIC,4fc4d1339fb4
1776116531661,1506717011907390,8.832211,-0.19871874,-4.256891,6.1086525E-4,-6.1086525E-4,0.002443461,TONIC,4fc4d1339fb4
1776116531669,1506717019847320,8.827422,-0.18674773,-4.268862,6.1086525E-4,0.0,6.1086525E-4,TONIC,4fc4d1339fb4
1776116531677,1506717027898711,8.834604,-0.18195933,-4.2544966,0.0012217305,-0.0018325958,0.0012217305,TONIC,4fc4d1339fb4
1776116531685,1506717035839026,8.820239,-0.21068975,-4.259285,0.0018325958,-0.0018325958,0.0,TONIC,4fc4d1339fb4
1776116531693,1506717043981495,8.815451,-0.19871874,-4.27365,0.0,-6.1086525E-4,0.0,TONIC,4fc4d1339fb4
1776116531701,1506717051862195,8.808268,-0.20590134,-4.261679,0.0,-0.002443461,0.0,TONIC,4fc4d1339fb4
1776116531709,1506717059856279,8.834604,-0.19632454,-4.256891,-6.1086525E-4,-0.0018325958,0.0012217305,TONIC,4fc4d1339fb4
1776116531717,1506717067907363,8.820239,-0.21068975,-4.271256,6.1086525E-4,-0.002443461,6.1086525E-4,TONIC,4fc4d1339fb4
1776116531725,1506717075849216,8.813056,-0.20829555,-4.2664676,0.0,-0.002443461,0.0012217305,TONIC,4fc4d1339fb4
1776116531733,1506717083874838,8.822633,-0.19393034,-4.259285,6.1086525E-4,-0.0018325958,6.1086525E-4,TONIC,4fc4d1339fb4
1776116531741,1506717091924616,8.839393,-0.17238252,-4.2640734,0.0012217305,-0.0012217305,0.002443461,TONIC,4fc4d1339fb4
1776116531749,1506717099864699,8.841787,-0.19393034,-4.261679,0.0,-6.1086525E-4,0.002443461,TONIC,4fc4d1339fb4
1776116531757,1506717107861553,8.827422,-0.18674773,-4.261679,0.004276057,0.002443461,0.0030543262,TONIC,4fc4d1339fb4
1776116531765,1506717115826483,8.815451,-0.19393034,-4.259285,0.0,0.0018325958,0.004276057,TONIC,4fc4d1339fb4
1776116531773,1506717123937644,8.813056,-0.21068975,-4.259285,6.1086525E-4,-6.1086525E-4,0.0030543262,TONIC,4fc4d1339fb4
1776116531781,1506717131848112,8.817844,-0.20350714,-4.24492,0.0018325958,-0.0030543262,0.0061086523,TONIC,4fc4d1339fb4
1776116531789,1506717139898274,8.827422,-0.21068975,-4.268862,0.0030543262,-0.002443461,0.004276057,TONIC,4fc4d1339fb4
1776116531797,1506717147870512,8.820239,-0.22266077,-4.2880154,-6.1086525E-4,-0.008552114,0.0067195175,TONIC,4fc4d1339fb4
1776116531805,1506717155864980,8.810662,-0.22026655,-4.2640734,-6.1086525E-4,-0.005497787,0.0061086523,TONIC,4fc4d1339fb4
1776116531813,1506717163915757,8.827422,-0.20590134,-4.285621,-6.1086525E-4,-0.004276057,0.004886922,TONIC,4fc4d1339fb4
1776116531821,1506717171756456,8.822633,-0.20111294,-4.24492,-6.1086525E-4,-0.002443461,0.004886922,TONIC,4fc4d1339fb4
1776116531829,1506717179851155,8.827422,-0.21308395,-4.2640734,-0.002443461,-0.0036651916,0.004886922,TONIC,4fc4d1339fb4
1776116531837,1506717187963548,8.858546,-0.20829555,-4.249708,-0.002443461,-6.1086525E-4,0.0067195175,TONIC,4fc4d1339fb4
1776116531845,1506717195873324,8.839393,-0.20350714,-4.259285,-0.0030543262,-0.005497787,0.0061086523,TONIC,4fc4d1339fb4
1776116531853,1506717203954870,8.822633,-0.21308395,-4.2640734,-6.1086525E-4,-0.0036651916,0.004276057,TONIC,4fc4d1339fb4
1776116531861,1506717211865031,8.846576,-0.22266077,-4.261679,-6.1086525E-4,-6.1086525E-4,0.002443461,TONIC,4fc4d1339fb4
1776116531869,1506717219915499,8.846576,-0.22026655,-4.2521024,-0.0012217305,-0.004276057,0.004276057,TONIC,4fc4d1339fb4
1776116531877,1506717227855199,8.832211,-0.22026655,-4.261679,0.0012217305,-0.0061086523,0.0036651916,TONIC,4fc4d1339fb4
1776116531885,1506717235850591,8.827422,-0.22744916,-4.280833,-0.0018325958,-0.008552114,0.002443461,TONIC,4fc4d1339fb4
1776116531893,1506717243963290,8.853758,-0.22744916,-4.2640734,-0.0018325958,-0.010995574,0.0036651916,TONIC,4fc4d1339fb4
1776116531901,1506717251872528,8.839393,-0.21787235,-4.295198,-6.1086525E-4,-0.013439035,0.0018325958,TONIC,4fc4d1339fb4
1776116531909,1506717259924151,8.853758,-0.21547815,-4.292804,-0.002443461,-0.01282817,6.1086525E-4,TONIC,4fc4d1339fb4
1776116531917,1506717267866389,8.848969,-0.20111294,-4.2521024,-0.004276057,-0.01038471,6.1086525E-4,TONIC,4fc4d1339fb4
1776116531925,1506717275821704,8.834604,-0.21547815,-4.271256,-0.002443461,-0.008552114,0.0018325958,TONIC,4fc4d1339fb4
1776116531933,1506717283857403,8.832211,-0.20590134,-4.259285,0.0,-0.007330383,6.1086525E-4,TONIC,4fc4d1339fb4
1776116531941,1506717291851257,8.805874,-0.21068975,-4.2640734,-0.0012217305,-0.007941248,6.1086525E-4,TONIC,4fc4d1339fb4
1776116531949,1506717299846110,8.822633,-0.21308395,-4.295198,-0.0012217305,-0.009773844,0.0,TONIC,4fc4d1339fb4
1776116531957,1506717307873117,8.803479,-0.20829555,-4.295198,-0.0012217305,-0.009773844,-0.0012217305,TONIC,4fc4d1339fb4
1776116531965,1506717315801740,8.808268,-0.21547815,-4.3023806,0.0018325958,-0.004886922,-0.002443461,TONIC,4fc4d1339fb4
1776116531973,1506717323834055,8.801085,-0.21308395,-4.3023806,6.1086525E-4,0.0,-0.002443461,TONIC,4fc4d1339fb4
1776116531981,1506717331859062,8.839393,-0.20111294,-4.2880154,6.1086525E-4,0.004276057,-0.0018325958,TONIC,4fc4d1339fb4
1776116531989,1506717339854454,8.839393,-0.21068975,-4.271256,6.1086525E-4,0.009162978,-0.004276057,TONIC,4fc4d1339fb4
1776116531997,1506717347967307,8.820239,-0.19632454,-4.268862,6.1086525E-4,0.014049901,-0.0018325958,TONIC,4fc4d1339fb4
1776116532005,1506717355845238,8.832211,-0.17717093,-4.268862,0.0018325958,0.013439035,-0.002443461,TONIC,4fc4d1339fb4
1776116532013,1506717363958476,8.829816,-0.19632454,-4.2425256,6.1086525E-4,0.013439035,-0.0018325958,TONIC,4fc4d1339fb4
1776116532021,1506717371839636,8.822633,-0.18914193,-4.261679,0.0030543262,0.01282817,-0.0018325958,TONIC,4fc4d1339fb4
1776116532029,1506717379919336,8.822633,-0.20829555,-4.256891,0.0036651916,0.01160644,-0.002443461,TONIC,4fc4d1339fb4
1776116532037,1506717387858727,8.836999,-0.21068975,-4.2640734,0.0030543262,0.01282817,-0.0018325958,TONIC,4fc4d1339fb4
1776116532045,1506717395816581,8.834604,-0.22026655,-4.2640734,0.0036651916,0.009773844,-0.0018325958,TONIC,4fc4d1339fb4
1776116532053,1506717403852589,8.836999,-0.21068975,-4.249708,0.002443461,0.007330383,-0.0018325958,TONIC,4fc4d1339fb4
1776116532061,1506717411777596,8.825027,-0.21068975,-4.2305546,0.002443461,0.0030543262,-0.002443461,TONIC,4fc4d1339fb4
1776116532069,1506717419843141,8.863335,-0.20350714,-4.247314,6.1086525E-4,0.004276057,-0.0036651916,TONIC,4fc4d1339fb4
1776116532077,1506717427923456,8.853758,-0.18674773,-4.249708,0.002443461,0.0036651916,-0.0036651916,TONIC,4fc4d1339fb4
1776116532085,1506717435832924,8.841787,-0.20111294,-4.2305546,6.1086525E-4,0.0030543262,-0.0036651916,TONIC,4fc4d1339fb4
1776116532093,1506717443860702,8.856153,-0.18914193,-4.225766,6.1086525E-4,0.0030543262,-0.0030543262,TONIC,4fc4d1339fb4
1776116532101,1506717451940939,8.851364,-0.18674773,-4.225766,0.0018325958,6.1086525E-4,-0.0018325958,TONIC,4fc4d1339fb4
1776116532109,1506717459880946,8.863335,-0.20350714,-4.223372,0.002443461,-6.1086525E-4,-6.1086525E-4,TONIC,4fc4d1339fb4
1776116532117,1506717467845646,8.848969,-0.22505496,-4.223372,-0.0012217305,-0.004886922,-0.0018325958,TONIC,4fc4d1339fb4
1776116532125,1506717475872960,8.829816,-0.20829555,-4.232949,0.0012217305,-0.010995574,-0.0012217305,TONIC,4fc4d1339fb4
1776116532133,1506717483923199,8.839393,-0.21068975,-4.271256,0.0,-0.013439035,6.1086525E-4,TONIC,4fc4d1339fb4
1776116532141,1506717491833668,8.836999,-0.19153613,-4.256891,-6.1086525E-4,-0.015882496,-6.1086525E-4,TONIC,4fc4d1339fb4
1776116532149,1506717499829598,8.839393,-0.20350714,-4.259285,0.0012217305,-0.015882496,0.0,TONIC,4fc4d1339fb4
1776116532157,1506717507853374,8.832211,-0.22505496,-4.2760444,-0.0012217305,-0.015882496,6.1086525E-4,TONIC,4fc4d1339fb4
1776116532165,1506717515849381,8.822633,-0.20829555,-4.249708,-6.1086525E-4,-0.016493361,0.0012217305,TONIC,4fc4d1339fb4
1776116532173,1506717523992773,8.846576,-0.20350714,-4.256891,-0.002443461,-0.015882496,0.0,TONIC,4fc4d1339fb4
1776116532181,1506717531841089,8.846576,-0.19632454,-4.2784386,-0.0012217305,-0.016493361,0.0012217305,TONIC,4fc4d1339fb4
1776116532189,1506717539923172,8.844181,-0.20829555,-4.283227,-0.0018325958,-0.016493361,0.0,TONIC,4fc4d1339fb4
1776116532197,1506717547864410,8.832211,-0.20350714,-4.285621,-0.0012217305,-0.012217305,0.0012217305,TONIC,4fc4d1339fb4
1776116532205,1506717555857725,8.834604,-0.20829555,-4.259285,-0.0012217305,-0.014049901,-0.0018325958,TONIC,4fc4d1339fb4
1776116532213,1506717563855270,8.815451,-0.22744916,-4.268862,-0.0012217305,-0.013439035,0.0,TONIC,4fc4d1339fb4
1776116532221,1506717571966586,8.825027,-0.22505496,-4.283227,-6.1086525E-4,-0.01282817,-6.1086525E-4,TONIC,4fc4d1339fb4
1776116532229,1506717579847824,8.805874,-0.23702596,-4.283227,-6.1086525E-4,-0.014660766,0.0,TONIC,4fc4d1339fb4
1776116532237,1506717587896754,8.817844,-0.20590134,-4.285621,-0.002443461,-0.013439035,6.1086525E-4,TONIC,4fc4d1339fb4
1776116532245,1506717595869069,8.808268,-0.21068975,-4.2904096,0.0012217305,-0.009162978,6.1086525E-4,TONIC,4fc4d1339fb4
1776116532253,1506717603864845,8.822633,-0.22026655,-4.297592,-0.0018325958,-0.007330383,0.0012217305,TONIC,4fc4d1339fb4
1776116532261,1506717611858083,8.817844,-0.20350714,-4.3023806,0.0012217305,-0.0036651916,6.1086525E-4,TONIC,4fc4d1339fb4
1776116532269,1506717619853398,8.822633,-0.22505496,-4.297592,-0.002443461,-0.002443461,-6.1086525E-4,TONIC,4fc4d1339fb4
1776116532277,1506717627849482,8.829816,-0.18914193,-4.292804,-0.0012217305,0.0018325958,-6.1086525E-4,TONIC,4fc4d1339fb4
1776116532285,1506717635839951,8.839393,-0.19153613,-4.2880154,-0.0018325958,0.005497787,6.1086525E-4,TONIC,4fc4d1339fb4
1776116532293,1506717643842727,8.817844,-0.20829555,-4.285621,-0.0012217305,0.005497787,0.0,TONIC,4fc4d1339fb4
1776116532301,1506717651836196,8.813056,-0.20590134,-4.2640734,-0.0030543262,0.007941248,0.0,TONIC,4fc4d1339fb4
1776116532309,1506717659948819,8.832211,-0.18914193,-4.268862,-6.1086525E-4,0.007330383,0.0,TONIC,4fc4d1339fb4
1776116532317,1506717667827595,8.827422,-0.20590134,-4.268862,0.0,0.0030543262,0.0012217305,TONIC,4fc4d1339fb4
1776116532325,1506717675854372,8.817844,-0.20350714,-4.2664676,-6.1086525E-4,0.0036651916,-0.0012217305,TONIC,4fc4d1339fb4
1776116532333,1506717683966148,8.822633,-0.18914193,-4.2760444,-0.0030543262,0.0030543262,-6.1086525E-4,TONIC,4fc4d1339fb4
1776116532341,1506717691845540,8.805874,-0.19393034,-4.268862,-0.0012217305,0.005497787,-0.0018325958,TONIC,4fc4d1339fb4
1776116532349,1506717699927008,8.825027,-0.18674773,-4.2760444,0.0,0.007330383,6.1086525E-4,TONIC,4fc4d1339fb4
1776116532357,1506717707868555,8.820239,-0.19871874,-4.256891,0.0018325958,0.01038471,-0.0012217305,TONIC,4fc4d1339fb4
1776116532365,1506717715763331,8.829816,-0.20590134,-4.259285,0.0,0.01038471,-6.1086525E-4,TONIC,4fc4d1339fb4
1776116532373,1506717723859953,8.832211,-0.21068975,-4.2664676,-6.1086525E-4,0.010995574,6.1086525E-4,TONIC,4fc4d1339fb4
1776116532381,1506717731970422,8.844181,-0.21308395,-4.259285,0.0,0.012217305,-0.0012217305,TONIC,4fc4d1339fb4
1776116532389,1506717739849506,8.836999,-0.19871874,-4.2425256,-0.0030543262,0.007330383,-0.0012217305,TONIC,4fc4d1339fb4
1776116532397,1506717747876360,8.832211,-0.21068975,-4.237737,0.0,0.007941248,0.0,TONIC,4fc4d1339fb4
1776116532405,1506717755871136,8.832211,-0.21068975,-4.2521024,6.1086525E-4,0.009162978,0.0012217305,TONIC,4fc4d1339fb4
1776116532413,1506717763867989,8.846576,-0.17956513,-4.24492,6.1086525E-4,0.0036651916,6.1086525E-4,TONIC,4fc4d1339fb4
1776116532421,1506717771861919,8.827422,-0.19632454,-4.2401314,0.0012217305,0.002443461,-6.1086525E-4,TONIC,4fc4d1339fb4
1776116532429,1506717779883080,8.841787,-0.20829555,-4.237737,6.1086525E-4,-6.1086525E-4,-0.0012217305,TONIC,4fc4d1339fb4
1776116532437,1506717787853626,8.832211,-0.20111294,-4.2521024,0.0012217305,0.0012217305,0.0,TONIC,4fc4d1339fb4
1776116532445,1506717795782788,8.836999,-0.21068975,-4.2521024,0.0018325958,6.1086525E-4,0.0,TONIC,4fc4d1339fb4
1776116532453,1506717803846564,8.834604,-0.22984336,-4.247314,0.0018325958,-0.0018325958,0.0,TONIC,4fc4d1339fb4
1776116532461,1506717811840032,8.846576,-0.21787235,-4.247314,0.005497787,0.0012217305,0.0,TONIC,4fc4d1339fb4
1776116532469,1506717819891501,8.856153,-0.21308395,-4.2640734,0.002443461,-0.0030543262,0.0,TONIC,4fc4d1339fb4
1776116532477,1506717827864662,8.853758,-0.21787235,-4.261679,0.0012217305,-0.0061086523,6.1086525E-4,TONIC,4fc4d1339fb4
1776116532485,1506717835913362,8.848969,-0.19871874,-4.27365,6.1086525E-4,-0.004886922,0.0012217305,TONIC,4fc4d1339fb4
1776116532493,1506717843853908,8.839393,-0.21547815,-4.249708,0.0012217305,-0.0061086523,0.0,TONIC,4fc4d1339fb4
1776116532501,1506717851965607,8.834604,-0.21547815,-4.2521024,-6.1086525E-4,-0.0061086523,-6.1086525E-4,TONIC,4fc4d1339fb4
1776116532509,1506717859876999,8.820239,-0.20590134,-4.2760444,0.0018325958,-0.007330383,-6.1086525E-4,TONIC,4fc4d1339fb4
1776116532517,1506717867926313,8.836999,-0.20829555,-4.2521024,0.004276057,-0.005497787,-6.1086525E-4,TONIC,4fc4d1339fb4
1776116532525,1506717875865936,8.834604,-0.21308395,-4.261679,0.0012217305,-0.009162978,6.1086525E-4,TONIC,4fc4d1339fb4
1776116532533,1506717883861405,8.836999,-0.18914193,-4.2664676,6.1086525E-4,-0.007941248,-0.0018325958,TONIC,4fc4d1339fb4
1776116532541,1506717891858028,8.801085,-0.21308395,-4.2640734,0.0018325958,-0.004886922,-6.1086525E-4,TONIC,4fc4d1339fb4
1776116532550,1506717900000419,8.836999,-0.22744916,-4.268862,0.0012217305,-0.004886922,-6.1086525E-4,TONIC,4fc4d1339fb4
1776116532557,1506717907878965,8.834604,-0.22266077,-4.268862,0.0018325958,-0.002443461,0.0,TONIC,4fc4d1339fb4
1776116532565,1506717915808433,8.829816,-0.22266077,-4.27365,0.0,-0.0012217305,6.1086525E-4,TONIC,4fc4d1339fb4
1776116532573,1506717923841440,8.834604,-0.22266077,-4.259285,-6.1086525E-4,-0.002443461,0.0012217305,TONIC,4fc4d1339fb4
1776116532581,1506717931891218,8.827422,-0.21787235,-4.271256,-0.0018325958,-0.002443461,6.1086525E-4,TONIC,4fc4d1339fb4
1776116532589,1506717939862609,8.827422,-0.19871874,-4.271256,6.1086525E-4,-0.0012217305,0.0,TONIC,4fc4d1339fb4
1776116532597,1506717947858309,8.817844,-0.19153613,-4.2760444,0.0,-6.1086525E-4,-0.0012217305,TONIC,4fc4d1339fb4
1776116532605,1506717955878008,8.846576,-0.21068975,-4.2760444,0.0030543262,0.002443461,-6.1086525E-4,TONIC,4fc4d1339fb4
1776116532613,1506717963849784,8.827422,-0.19871874,-4.271256,0.0,-0.0018325958,0.0,TONIC,4fc4d1339fb4
1776116532621,1506717971930331,8.827422,-0.22026655,-4.280833,-6.1086525E-4,6.1086525E-4,-0.0012217305,TONIC,4fc4d1339fb4
1776116532629,1506717979839876,8.820239,-0.19393034,-4.261679,-6.1086525E-4,0.0018325958,0.0,TONIC,4fc4d1339fb4
1776116532637,1506717987921499,8.813056,-0.21787235,-4.2640734,-6.1086525E-4,-6.1086525E-4,0.0,TONIC,4fc4d1339fb4
1776116532645,1506717995832198,8.827422,-0.20350714,-4.2640734,-0.0030543262,0.0018325958,0.0,TONIC,4fc4d1339fb4
1776116532653,1506718003856590,8.827422,-0.20350714,-4.2664676,-0.0012217305,0.0012217305,0.0,TONIC,4fc4d1339fb4
1776116532661,1506718011852213,8.841787,-0.22026655,-4.271256,-0.0012217305,0.002443461,-6.1086525E-4,TONIC,4fc4d1339fb4
1776116532669,1506718019848220,8.848969,-0.21308395,-4.27365,-0.002443461,0.0030543262,6.1086525E-4,TONIC,4fc4d1339fb4
1776116532677,1506718027873535,8.836999,-0.19153613,-4.268862,-0.002443461,0.0018325958,-6.1086525E-4,TONIC,4fc4d1339fb4
1776116532685,1506718035868926,8.827422,-0.20350714,-4.24492,-0.002443461,0.002443461,6.1086525E-4,TONIC,4fc4d1339fb4
1776116532693,1506718043921241,8.834604,-0.20829555,-4.247314,-0.0012217305,6.1086525E-4,6.1086525E-4,TONIC,4fc4d1339fb4
1776116532701,1506718051860325,8.846576,-0.20111294,-4.2640734,-0.0012217305,0.0,-6.1086525E-4,TONIC,4fc4d1339fb4
1776116532709,1506718059882102,8.829816,-0.20350714,-4.2544966,-6.1086525E-4,-6.1086525E-4,0.0,TONIC,4fc4d1339fb4
1776116532717,1506718067908263,8.844181,-0.20829555,-4.256891,-0.0012217305,-6.1086525E-4,6.1086525E-4,TONIC,4fc4d1339fb4
1776116532725,1506718075849809,8.844181,-0.21787235,-4.261679,0.0,-0.0012217305,0.0012217305,TONIC,4fc4d1339fb4
1776116532733,1506718083876585,8.839393,-0.22026655,-4.256891,6.1086525E-4,-0.002443461,6.1086525E-4,TONIC,4fc4d1339fb4
1776116532741,1506718091840284,8.827422,-0.19153613,-4.249708,-0.0012217305,-0.0036651916,6.1086525E-4,TONIC,4fc4d1339fb4
1776116532749,1506718099836600,8.827422,-0.20111294,-4.256891,0.0012217305,-0.0018325958,-6.1086525E-4,TONIC,4fc4d1339fb4
1776116532757,1506718107916684,8.832211,-0.20829555,-4.268862,-0.0018325958,-0.0067195175,6.1086525E-4,TONIC,4fc4d1339fb4
1776116532765,1506718115825845,8.829816,-0.21308395,-4.271256,-6.1086525E-4,-0.0067195175,6.1086525E-4,TONIC,4fc4d1339fb4
1776116532773,1506718123969006,8.846576,-0.19632454,-4.268862,-6.1086525E-4,-0.0067195175,0.0,TONIC,4fc4d1339fb4
1776116532781,1506718131877551,8.841787,-0.19632454,-4.2544966,-0.0036651916,-0.007941248,0.0,TONIC,4fc4d1339fb4
1776116532789,1506718139899173,8.827422,-0.20829555,-4.2904096,-0.004276057,-0.0067195175,-0.0018325958,TONIC,4fc4d1339fb4
1776116532797,1506718147868951,8.844181,-0.19632454,-4.280833,-0.0012217305,-0.002443461,0.0,TONIC,4fc4d1339fb4
1776116532805,1506718155865342,8.825027,-0.20350714,-4.2880154,-0.0018325958,-0.0030543262,-6.1086525E-4,TONIC,4fc4d1339fb4
1776116532813,1506718163831734,8.841787,-0.19153613,-4.280833,0.0,-0.002443461,-6.1086525E-4,TONIC,4fc4d1339fb4
1776116532821,1506718171881664,8.825027,-0.19871874,-4.268862,6.1086525E-4,0.0012217305,0.0,TONIC,4fc4d1339fb4
1776116532829,1506718179907825,8.832211,-0.20590134,-4.249708,0.0,0.0030543262,-0.0012217305,TONIC,4fc4d1339fb4
1776116532837,1506718187878910,8.834604,-0.18674773,-4.2544966,0.0012217305,0.002443461,0.0,TONIC,4fc4d1339fb4
1776116532845,1506718195845301,8.825027,-0.20350714,-4.259285,0.0,-0.0012217305,-6.1086525E-4,TONIC,4fc4d1339fb4
1776116532853,1506718203955770,8.820239,-0.21308395,-4.2521024,6.1086525E-4,-6.1086525E-4,-6.1086525E-4,TONIC,4fc4d1339fb4
1776116532861,1506718211866316,8.829816,-0.21787235,-4.249708,0.002443461,-0.0012217305,0.0,TONIC,4fc4d1339fb4
1776116532869,1506718219822553,8.832211,-0.21308395,-4.2664676,6.1086525E-4,-0.0018325958,-6.1086525E-4,TONIC,4fc4d1339fb4
1776116532877,1506718227827176,8.815451,-0.18914193,-4.2760444,6.1086525E-4,-0.002443461,-0.0012217305,TONIC,4fc4d1339fb4
1776116532885,1506718235853030,8.815451,-0.18914193,-4.2664676,0.0012217305,6.1086525E-4,-0.0012217305,TONIC,4fc4d1339fb4
1776116532893,1506718243994883,8.832211,-0.19153613,-4.2640734,0.0018325958,0.002443461,-6.1086525E-4,TONIC,4fc4d1339fb4
1776116532901,1506718251844429,8.839393,-0.19871874,-4.2521024,0.002443461,0.0036651916,6.1086525E-4,TONIC,4fc4d1339fb4
1776116532909,1506718259925051,8.834604,-0.19153613,-4.256891,0.0012217305,0.0030543262,6.1086525E-4,TONIC,4fc4d1339fb4
1776116532917,1506718267864520,8.839393,-0.20350714,-4.259285,0.0030543262,0.0036651916,0.0,TONIC,4fc4d1339fb4
1776116532925,1506718275863220,8.817844,-0.20829555,-4.24492,0.0018325958,0.002443461,6.1086525E-4,TONIC,4fc4d1339fb4
1776116532933,1506718283857381,8.832211,-0.22744916,-4.271256,0.0018325958,0.0012217305,6.1086525E-4,TONIC,4fc4d1339fb4
1776116532941,1506718291851542,8.839393,-0.21068975,-4.259285,0.0012217305,-0.0061086523,0.0012217305,TONIC,4fc4d1339fb4
1776116532949,1506718299846933,8.822633,-0.22026655,-4.259285,-0.0012217305,-0.005497787,6.1086525E-4,TONIC,4fc4d1339fb4
1776116532957,1506718307990094,8.832211,-0.22026655,-4.285621,-0.0012217305,-0.007330383,0.0012217305,TONIC,4fc4d1339fb4
1776116532965,1506718315870332,8.832211,-0.21068975,-4.27365,0.0,-0.007941248,0.002443461,TONIC,4fc4d1339fb4
1776116532973,1506718323828801,8.841787,-0.22505496,-4.27365,0.0030543262,-0.002443461,0.0030543262,TONIC,4fc4d1339fb4
1776116532981,1506718331861424,8.836999,-0.22026655,-4.280833,-0.0012217305,-0.0030543262,0.0036651916,TONIC,4fc4d1339fb4
1776116532989,1506718339917815,8.851364,-0.22984336,-4.2760444,-0.0012217305,-0.0018325958,0.002443461,TONIC,4fc4d1339fb4
1776116532997,1506718347937746,8.832211,-0.22505496,-4.271256,6.1086525E-4,-0.0012217305,0.0012217305,TONIC,4fc4d1339fb4
1776116533005,1506718355878983,8.822633,-0.23942018,-4.2640734,6.1086525E-4,6.1086525E-4,0.0,TONIC,4fc4d1339fb4
1776116533013,1506718363990068,8.846576,-0.23942018,-4.2664676,0.0012217305,-0.0012217305,-0.0018325958,TONIC,4fc4d1339fb4
1776116533021,1506718371839614,8.829816,-0.22984336,-4.27365,-0.0018325958,-0.0030543262,-0.0012217305,TONIC,4fc4d1339fb4
1776116533029,1506718379920236,8.846576,-0.23942018,-4.2784386,-6.1086525E-4,-0.0030543262,-0.0018325958,TONIC,4fc4d1339fb4
1776116533037,1506718387860859,8.815451,-0.23223756,-4.285621,-6.1086525E-4,-0.0030543262,-0.0030543262,TONIC,4fc4d1339fb4
1776116533045,1506718395911404,8.813056,-0.21068975,-4.2664676,-0.004276057,-0.007941248,-0.0030543262,TONIC,4fc4d1339fb4
1776116533053,1506718403852334,8.827422,-0.19871874,-4.2760444,-6.1086525E-4,0.0018325958,-0.004886922,TONIC,4fc4d1339fb4
1776116533061,1506718411902727,8.832211,-0.20829555,-4.283227,-0.0030543262,6.1086525E-4,-0.0061086523,TONIC,4fc4d1339fb4
1776116533069,1506718419843118,8.851364,-0.19871874,-4.2760444,-0.0018325958,0.002443461,-0.004276057,TONIC,4fc4d1339fb4
1776116533077,1506718427838510,8.839393,-0.20350714,-4.2784386,-0.0018325958,0.0030543262,-0.0030543262,TONIC,4fc4d1339fb4
1776116533085,1506718435863748,8.846576,-0.21547815,-4.2760444,-6.1086525E-4,0.004276057,-0.0036651916,TONIC,4fc4d1339fb4
1776116533093,1506718443860601,8.829816,-0.20111294,-4.27365,-6.1086525E-4,0.0061086523,-0.0036651916,TONIC,4fc4d1339fb4
1776116533101,1506718451856071,8.813056,-0.20350714,-4.271256,-6.1086525E-4,0.007330383,-0.0030543262,TONIC,4fc4d1339fb4
1776116533109,1506718459906847,8.822633,-0.19871874,-4.2521024,0.0,0.007941248,-0.0036651916,TONIC,4fc4d1339fb4
1776116533117,1506718467876700,8.825027,-0.20111294,-4.256891,0.0,0.004886922,-0.002443461,TONIC,4fc4d1339fb4
1776116533125,1506718475872015,8.825027,-0.20111294,-4.261679,-0.002443461,0.0030543262,-0.0030543262,TONIC,4fc4d1339fb4
1776116533133,1506718483924099,8.829816,-0.19153613,-4.2640734,-0.0012217305,-6.1086525E-4,-0.0030543262,TONIC,4fc4d1339fb4
1776116533141,1506718491864645,8.803479,-0.19393034,-4.259285,-6.1086525E-4,0.0,-0.0018325958,TONIC,4fc4d1339fb4
1776116533149,1506718499860421,8.815451,-0.16998832,-4.2640734,-0.004276057,-6.1086525E-4,-0.0018325958,TONIC,4fc4d1339fb4
1776116533157,1506718507819428,8.836999,-0.18435353,-4.249708,-0.0012217305,0.0018325958,-0.0018325958,TONIC,4fc4d1339fb4
1776116533165,1506718515852358,8.839393,-0.19153613,-4.2401314,-0.0012217305,0.004886922,0.0,TONIC,4fc4d1339fb4
1776116533173,1506718523993673,8.827422,-0.17477672,-4.2521024,6.1086525E-4,0.0036651916,0.0,TONIC,4fc4d1339fb4
1776116533181,1506718531841065,8.820239,-0.18435353,-4.2425256,-0.0018325958,0.0030543262,0.0,TONIC,4fc4d1339fb4
1776116533189,1506718539924073,8.825027,-0.18674773,-4.247314,-0.0030543262,0.002443461,0.0012217305,TONIC,4fc4d1339fb4
1776116533197,1506718547865618,8.827422,-0.20111294,-4.2425256,0.0,6.1086525E-4,0.0030543262,TONIC,4fc4d1339fb4
1776116533205,1506718555859164,8.822633,-0.18435353,-4.2425256,-6.1086525E-4,0.0,0.0036651916,TONIC,4fc4d1339fb4
1776116533213,1506718563941325,8.860941,-0.18195933,-4.2401314,-0.0012217305,-0.0030543262,0.004276057,TONIC,4fc4d1339fb4
1776116533221,1506718571853024,8.825027,-0.19393034,-4.2425256,6.1086525E-4,-0.0061086523,0.004276057,TONIC,4fc4d1339fb4
1776116533229,1506718579876494,8.820239,-0.20111294,-4.249708,6.1086525E-4,-0.0067195175,0.004276057,TONIC,4fc4d1339fb4
1776116533237,1506718587897654,8.844181,-0.19153613,-4.2640734,0.0,-0.008552114,0.005497787,TONIC,4fc4d1339fb4
1776116533245,1506718595868738,8.829816,-0.20350714,-4.261679,0.0012217305,-0.007941248,0.0061086523,TONIC,4fc4d1339fb4
1776116533253,1506718603863207,8.839393,-0.19871874,-4.256891,6.1086525E-4,-0.008552114,0.005497787,TONIC,4fc4d1339fb4
1776116533261,1506718611858599,8.829816,-0.21787235,-4.271256,6.1086525E-4,-0.007941248,0.004886922,TONIC,4fc4d1339fb4
1776116533269,1506718619854606,8.829816,-0.22266077,-4.271256,0.0,-0.0067195175,0.004886922,TONIC,4fc4d1339fb4
1776116533277,1506718627851537,8.839393,-0.22744916,-4.2664676,0.0,-0.005497787,0.004886922,TONIC,4fc4d1339fb4
1776116533285,1506718635877159,8.839393,-0.20829555,-4.27365,6.1086525E-4,-0.004886922,0.004886922,TONIC,4fc4d1339fb4
1776116533293,1506718643873474,8.839393,-0.22984336,-4.249708,-6.1086525E-4,-0.0018325958,0.004886922,TONIC,4fc4d1339fb4
1776116533301,1506718651867865,8.817844,-0.22026655,-4.27365,0.0012217305,-6.1086525E-4,0.0030543262,TONIC,4fc4d1339fb4
1776116533309,1506718659863565,8.844181,-0.23223756,-4.271256,0.0,0.0,0.0036651916,TONIC,4fc4d1339fb4
1776116533317,1506718667859573,8.827422,-0.22026655,-4.2640734,0.0,-6.1086525E-4,0.0036651916,TONIC,4fc4d1339fb4
1776116533325,1506718675854426,8.836999,-0.20590134,-4.2640734,0.0,-0.0030543262,0.0030543262,TONIC,4fc4d1339fb4
1776116533333,1506718683850125,8.832211,-0.21308395,-4.2760444,-6.1086525E-4,-0.0018325958,0.0030543262,TONIC,4fc4d1339fb4
1776116533341,1506718691877132,8.836999,-0.20350714,-4.280833,-6.1086525E-4,-0.0012217305,0.0018325958,TONIC,4fc4d1339fb4
1776116533349,1506718699871909,8.836999,-0.21547815,-4.283227,-0.0018325958,0.0018325958,0.004276057,TONIC,4fc4d1339fb4
1776116533357,1506718707860223,8.839393,-0.21547815,-4.271256,-0.0012217305,0.0036651916,0.002443461,TONIC,4fc4d1339fb4
1776116533365,1506718715831616,8.834604,-0.22266077,-4.2640734,0.0,0.0036651916,0.0018325958,TONIC,4fc4d1339fb4
1776116533373,1506718723945161,8.827422,-0.20111294,-4.261679,-0.005497787,0.0036651916,0.002443461,TONIC,4fc4d1339fb4
1776116533381,1506718731825168,8.822633,-0.21787235,-4.2544966,-6.1086525E-4,0.0030543262,0.0030543262,TONIC,4fc4d1339fb4
1776116533389,1506718739905868,8.841787,-0.22505496,-4.259285,-0.0012217305,0.004886922,0.0018325958,TONIC,4fc4d1339fb4
1776116533397,1506718747877798,8.813056,-0.20350714,-4.2664676,-0.0012217305,0.0036651916,0.0012217305,TONIC,4fc4d1339fb4
1776116533405,1506718755872652,8.848969,-0.22744916,-4.2425256,-6.1086525E-4,0.002443461,0.0030543262,TONIC,4fc4d1339fb4
1776116533413,1506718763869813,8.825027,-0.21068975,-4.2544966,-6.1086525E-4,0.0030543262,0.0030543262,TONIC,4fc4d1339fb4
1776116533421,1506718771863051,8.844181,-0.22026655,-4.268862,-6.1086525E-4,0.0036651916,0.002443461,TONIC,4fc4d1339fb4
1776116533429,1506718779975442,8.834604,-0.21547815,-4.256891,-6.1086525E-4,0.002443461,0.002443461,TONIC,4fc4d1339fb4
1776116533437,1506718787856065,8.815451,-0.22744916,-4.27365,-0.0012217305,0.0012217305,0.0012217305,TONIC,4fc4d1339fb4
1776116533445,1506718795811995,8.825027,-0.21068975,-4.27365,-0.0036651916,-0.002443461,6.1086525E-4,TONIC,4fc4d1339fb4
1776116533453,1506718803848310,8.834604,-0.20590134,-4.2784386,-0.0018325958,0.0030543262,-6.1086525E-4,TONIC,4fc4d1339fb4
1776116533461,1506718811927394,8.834604,-0.21068975,-4.2640734,6.1086525E-4,0.004886922,-0.002443461,TONIC,4fc4d1339fb4
1776116533469,1506718819837632,8.829816,-0.20590134,-4.2640734,-6.1086525E-4,0.004276057,-0.0018325958,TONIC,4fc4d1339fb4
1776116533477,1506718827918562,8.825027,-0.21787235,-4.261679,0.0030543262,0.008552114,-0.0012217305,TONIC,4fc4d1339fb4
1776116533485,1506718835859723,8.846576,-0.19632454,-4.2640734,6.1086525E-4,0.005497787,0.0,TONIC,4fc4d1339fb4
1776116533493,1506718843940347,8.820239,-0.20590134,-4.268862,6.1086525E-4,0.0067195175,-0.0012217305,TONIC,4fc4d1339fb4
1776116533501,1506718851852046,8.825027,-0.20350714,-4.249708,-6.1086525E-4,0.005497787,-0.0012217305,TONIC,4fc4d1339fb4
1776116533509,1506718859931514,8.844181,-0.19871874,-4.261679,-0.0018325958,0.0036651916,-0.002443461,TONIC,4fc4d1339fb4
1776116533517,1506718867840983,8.827422,-0.20350714,-4.2544966,-0.0012217305,0.004886922,-0.002443461,TONIC,4fc4d1339fb4
1776116533525,1506718875866605,8.820239,-0.20350714,-4.2664676,6.1086525E-4,0.0067195175,0.0,TONIC,4fc4d1339fb4
1776116533533,1506718883979460,8.834604,-0.22266077,-4.2521024,0.0,0.0061086523,0.0,TONIC,4fc4d1339fb4
1776116533541,1506718891829313,8.836999,-0.20829555,-4.2521024,0.0012217305,0.005497787,-0.0018325958,TONIC,4fc4d1339fb4
1776116533549,1506718899848704,8.834604,-0.20829555,-4.2401314,-0.0018325958,0.0030543262,6.1086525E-4,TONIC,4fc4d1339fb4
1776116533557,1506718907851173,8.827422,-0.20350714,-4.232949,6.1086525E-4,0.0030543262,-6.1086525E-4,TONIC,4fc4d1339fb4
1776116533565,1506718915876488,8.839393,-0.20590134,-4.249708,6.1086525E-4,0.0018325958,0.0012217305,TONIC,4fc4d1339fb4
1776116533573,1506718923741725,8.829816,-0.19632454,-4.256891,0.0,0.0018325958,0.0,TONIC,4fc4d1339fb4
1776116533581,1506718931836426,8.856153,-0.20350714,-4.2544966,0.0,0.0018325958,0.0018325958,TONIC,4fc4d1339fb4
1776116533589,1506718939831510,8.848969,-0.20590134,-4.2544966,0.0018325958,0.0030543262,0.0018325958,TONIC,4fc4d1339fb4
1776116533597,1506718947828209,8.834604,-0.21547815,-4.261679,0.0030543262,0.0030543262,0.0012217305,TONIC,4fc4d1339fb4
1776116533605,1506718955854908,8.846576,-0.20829555,-4.256891,-6.1086525E-4,6.1086525E-4,0.0012217305,TONIC,4fc4d1339fb4
1776116533613,1506718963935608,8.839393,-0.19632454,-4.256891,-0.0012217305,0.0012217305,0.0018325958,TONIC,4fc4d1339fb4
1776116533621,1506718971844230,8.825027,-0.20350714,-4.261679,6.1086525E-4,0.002443461,0.0012217305,TONIC,4fc4d1339fb4
1776116533629,1506718979926700,8.839393,-0.20829555,-4.259285,-0.0036651916,-0.0012217305,0.0030543262,TONIC,4fc4d1339fb4
1776116533637,1506718987867630,8.839393,-0.19153613,-4.2640734,6.1086525E-4,0.0036651916,0.002443461,TONIC,4fc4d1339fb4
1776116533645,1506718995863252,8.841787,-0.19393034,-4.259285,0.0,0.004276057,0.002443461,TONIC,4fc4d1339fb4
1776116533653,1506719003858721,8.832211,-0.20111294,-4.235343,0.0,0.0018325958,0.005497787,TONIC,4fc4d1339fb4
1776116533661,1506719011909189,8.805874,-0.18195933,-4.2640734,-6.1086525E-4,0.0036651916,0.0036651916,TONIC,4fc4d1339fb4
1776116533669,1506719019850351,8.817844,-0.18435353,-4.268862,-6.1086525E-4,0.0036651916,0.004276057,TONIC,4fc4d1339fb4
1776116533677,1506719027877743,8.810662,-0.18195933,-4.24492,0.0012217305,0.0036651916,0.005497787,TONIC,4fc4d1339fb4
1776116533685,1506719035870673,8.813056,-0.17717093,-4.2521024,0.0,0.005497787,0.005497787,TONIC,4fc4d1339fb4
1776116533693,1506719043983295,8.810662,-0.19632454,-4.256891,6.1086525E-4,0.004886922,0.0067195175,TONIC,4fc4d1339fb4
1776116533701,1506719051833764,8.820239,-0.19393034,-4.24492,0.0012217305,0.008552114,0.008552114,TONIC,4fc4d1339fb4
1776116533709,1506719059913464,8.817844,-0.20829555,-4.2425256,-0.0030543262,0.0030543262,0.009773844,TONIC,4fc4d1339fb4
1776116533717,1506719067853856,8.827422,-0.21068975,-4.2401314,0.0018325958,0.008552114,0.008552114,TONIC,4fc4d1339fb4
1776116533725,1506719075880017,8.846576,-0.22266077,-4.2401314,0.0,0.0061086523,0.009773844,TONIC,4fc4d1339fb4
1776116533733,1506719083874485,8.860941,-0.22026655,-4.235343,6.1086525E-4,0.007330383,0.010995574,TONIC,4fc4d1339fb4
1776116533741,1506719091987415,8.841787,-0.24420857,-4.247314,0.0,0.0061086523,0.01038471,TONIC,4fc4d1339fb4
1776116533749,1506719099836653,8.829816,-0.24181437,-4.235343,0.0,0.0030543262,0.009162978,TONIC,4fc4d1339fb4
1776116533757,1506719107917584,8.853758,-0.260968,-4.2401314,-6.1086525E-4,-6.1086525E-4,0.007941248,TONIC,4fc4d1339fb4
1776116533765,1506719115828053,8.856153,-0.23942018,-4.268862,0.0,-0.0018325958,0.007330383,TONIC,4fc4d1339fb4
1776116533773,1506719123969906,8.870518,-0.22984336,-4.237737,-0.005497787,-0.0061086523,0.004886922,TONIC,4fc4d1339fb4
1776116533781,1506719131848298,8.848969,-0.24420857,-4.2401314,-0.002443461,-0.0061086523,0.0061086523,TONIC,4fc4d1339fb4
1776116533789,1506719139875458,8.856153,-0.23942018,-4.247314,-0.002443461,-0.007330383,0.005497787,TONIC,4fc4d1339fb4
1776116533797,1506719147869620,8.858546,-0.21787235,-4.2521024,-0.0018325958,-0.01038471,0.0036651916,TONIC,4fc4d1339fb4
1776116533805,1506719155866243,8.846576,-0.24660277,-4.249708,-0.002443461,-0.007330383,0.002443461,TONIC,4fc4d1339fb4
1776116533813,1506719163864404,8.844181,-0.23702596,-4.261679,-0.0012217305,-0.008552114,0.004276057,TONIC,4fc4d1339fb4
1776116533821,1506719171858488,8.846576,-0.23702596,-4.2521024,-0.0030543262,-0.009162978,0.0012217305,TONIC,4fc4d1339fb4
1776116533829,1506719179853264,8.834604,-0.25378537,-4.2664676,-0.0018325958,-0.009162978,-6.1086525E-4,TONIC,4fc4d1339fb4
1776116533837,1506719187849886,8.848969,-0.24899697,-4.2760444,-0.002443461,-0.008552114,-0.0018325958,TONIC,4fc4d1339fb4
1776116533845,1506719195874894,8.844181,-0.24660277,-4.295198,-0.002443461,-0.007941248,-0.004276057,TONIC,4fc4d1339fb4
1776116533853,1506719203872747,8.829816,-0.22505496,-4.283227,-0.0018325958,-0.005497787,-0.004276057,TONIC,4fc4d1339fb4
1776116533861,1506719211865985,8.841787,-0.22984336,-4.280833,-0.0018325958,-6.1086525E-4,-0.0067195175,TONIC,4fc4d1339fb4
1776116533869,1506719219860761,8.834604,-0.21547815,-4.27365,-6.1086525E-4,0.002443461,-0.007330383,TONIC,4fc4d1339fb4
1776116533877,1506719227858230,8.827422,-0.22026655,-4.2640734,6.1086525E-4,0.0067195175,-0.007330383,TONIC,4fc4d1339fb4
1776116533885,1506719235853930,8.839393,-0.19153613,-4.249708,6.1086525E-4,0.008552114,-0.007941248,TONIC,4fc4d1339fb4
1776116533893,1506719243849630,8.829816,-0.20590134,-4.2544966,-6.1086525E-4,0.007330383,-0.007941248,TONIC,4fc4d1339fb4
1776116533901,1506719251874560,8.839393,-0.23223756,-4.2664676,0.0012217305,0.009162978,-0.009162978,TONIC,4fc4d1339fb4
1776116533909,1506719259870951,8.839393,-0.20350714,-4.2640734,0.0,0.01038471,-0.008552114,TONIC,4fc4d1339fb4
1776116533917,1506719267866343,8.817844,-0.20590134,-4.247314,0.0,0.009162978,-0.007941248,TONIC,4fc4d1339fb4
1776116533925,1506719275860812,8.834604,-0.19153613,-4.2521024,0.0,0.012217305,-0.0061086523,TONIC,4fc4d1339fb4
1776116533933,1506719283860204,8.798691,-0.20590134,-4.237737,-0.0012217305,0.007330383,-0.007330383,TONIC,4fc4d1339fb4
1776116533941,1506719291852134,8.829816,-0.18914193,-4.2401314,-6.1086525E-4,0.007330383,-0.008552114,TONIC,4fc4d1339fb4
1776116533949,1506719299879911,8.822633,-0.17238252,-4.2401314,0.0,0.007941248,-0.005497787,TONIC,4fc4d1339fb4
1776116533957,1506719307875302,8.834604,-0.17477672,-4.235343,0.0,0.009162978,-0.007330383,TONIC,4fc4d1339fb4
1776116533965,1506719315869155,8.817844,-0.18914193,-4.2281604,0.0,0.008552114,-0.005497787,TONIC,4fc4d1339fb4
1776116533973,1506719323866086,8.839393,-0.17477672,-4.235343,-0.0012217305,0.008552114,-0.0030543262,TONIC,4fc4d1339fb4
1776116533981,1506719331862017,8.836999,-0.19153613,-4.2161894,6.1086525E-4,0.004276057,-0.002443461,TONIC,4fc4d1339fb4
1776116533989,1506719339855870,8.829816,-0.18435353,-4.2185836,0.0012217305,0.0,-0.0012217305,TONIC,4fc4d1339fb4
1776116533997,1506719347851569,8.839393,-0.17477672,-4.2305546,6.1086525E-4,-0.0012217305,-0.0012217305,TONIC,4fc4d1339fb4
1776116534005,1506719355847653,8.827422,-0.17956513,-4.2401314,-6.1086525E-4,-0.0030543262,0.0,TONIC,4fc4d1339fb4
1776116534013,1506719363873737,8.836999,-0.17956513,-4.2544966,0.0,-0.004276057,0.0018325958,TONIC,4fc4d1339fb4
1776116534021,1506719371868822,8.825027,-0.18674773,-4.237737,-0.0012217305,-0.0030543262,0.002443461,TONIC,4fc4d1339fb4
1776116534029,1506719379866444,8.829816,-0.19632454,-4.249708,-6.1086525E-4,-0.0030543262,0.004886922,TONIC,4fc4d1339fb4
1776116534037,1506719387861759,8.827422,-0.21068975,-4.24492,0.0,-0.0036651916,0.005497787,TONIC,4fc4d1339fb4
1776116534045,1506719395856228,8.834604,-0.19393034,-4.249708,-6.1086525E-4,-0.0036651916,0.005497787,TONIC,4fc4d1339fb4
1776116534053,1506719403854773,8.827422,-0.19632454,-4.247314,6.1086525E-4,-0.002443461,0.0061086523,TONIC,4fc4d1339fb4
1776116534061,1506719411848627,8.829816,-0.19632454,-4.24492,0.0,-0.0018325958,0.007330383,TONIC,4fc4d1339fb4
1776116534069,1506719419873557,8.856153,-0.19632454,-4.247314,0.0,-0.0061086523,0.007330383,TONIC,4fc4d1339fb4
1776116534077,1506719427869487,8.836999,-0.20829555,-4.247314,0.0,-0.007941248,0.008552114,TONIC,4fc4d1339fb4
1776116534085,1506719435866187,8.858546,-0.20590134,-4.2640734,0.0,-0.008552114,0.007330383,TONIC,4fc4d1339fb4
1776116534093,1506719443862424,8.851364,-0.21308395,-4.2401314,0.0,-0.007330383,0.007941248,TONIC,4fc4d1339fb4
1776116534101,1506719451856047,8.825027,-0.22266077,-4.2544966,6.1086525E-4,-0.007330383,0.007330383,TONIC,4fc4d1339fb4
1776116534109,1506719459853209,8.841787,-0.22505496,-4.247314,6.1086525E-4,-0.008552114,0.007330383,TONIC,4fc4d1339fb4
1776116534117,1506719467847985,8.820239,-0.22505496,-4.2640734,0.0012217305,-0.0067195175,0.005497787,TONIC,4fc4d1339fb4
1776116534125,1506719475874838,8.834604,-0.23942018,-4.2544966,-6.1086525E-4,-0.005497787,0.0061086523,TONIC,4fc4d1339fb4
1776116534133,1506719483869922,8.836999,-0.24420857,-4.2880154,0.0,-0.0067195175,0.005497787,TONIC,4fc4d1339fb4
1776116534141,1506719491866237,8.844181,-0.21787235,-4.2784386,6.1086525E-4,-0.0030543262,0.0036651916,TONIC,4fc4d1339fb4
1776116534149,1506719499859783,8.841787,-0.22984336,-4.2640734,-0.0018325958,0.0012217305,0.004886922,TONIC,4fc4d1339fb4
1776116534157,1506719507857252,8.836999,-0.23702596,-4.261679,0.0,0.004886922,0.0030543262,TONIC,4fc4d1339fb4
1776116534165,1506719515852951,8.858546,-0.22744916,-4.2640734,0.0,0.009162978,0.0030543262,TONIC,4fc4d1339fb4
1776116534173,1506719523880650,8.858546,-0.22026655,-4.24492,6.1086525E-4,0.012217305,0.002443461,TONIC,4fc4d1339fb4
1776116534181,1506719531873042,8.836999,-0.22505496,-4.2544966,0.0012217305,0.01038471,0.0018325958,TONIC,4fc4d1339fb4
1776116534189,1506719539869049,8.834604,-0.21787235,-4.2425256,0.0018325958,0.008552114,0.0012217305,TONIC,4fc4d1339fb4
1776116534197,1506719547865673,8.836999,-0.22744916,-4.24492,6.1086525E-4,0.01038471,0.0,TONIC,4fc4d1339fb4
1776116534205,1506719555859526,8.853758,-0.22026655,-4.2425256,0.0,0.009773844,-6.1086525E-4,TONIC,4fc4d1339fb4
1776116534213,1506719563855456,8.851364,-0.22026655,-4.256891,0.0,0.01038471,-6.1086525E-4,TONIC,4fc4d1339fb4
1776116534221,1506719571852386,8.841787,-0.23223756,-4.235343,6.1086525E-4,0.008552114,-0.0012217305,TONIC,4fc4d1339fb4
1776116534229,1506719579877701,8.848969,-0.24181437,-4.2401314,0.0,0.007941248,-6.1086525E-4,TONIC,4fc4d1339fb4
1776116534237,1506719587875478,8.860941,-0.22505496,-4.2425256,0.0,0.009773844,-0.0030543262,TONIC,4fc4d1339fb4
1776116534245,1506719595869023,8.853758,-0.22744916,-4.2281604,6.1086525E-4,0.0061086523,-6.1086525E-4,TONIC,4fc4d1339fb4
1776116534253,1506719603865953,8.863335,-0.21068975,-4.225766,-0.0018325958,0.005497787,-0.002443461,TONIC,4fc4d1339fb4
1776116534261,1506719611861653,8.846576,-0.18914193,-4.2305546,-6.1086525E-4,0.002443461,-0.002443461,TONIC,4fc4d1339fb4
1776116534269,1506719619856121,8.863335,-0.20590134,-4.232949,-0.0012217305,6.1086525E-4,-0.0036651916,TONIC,4fc4d1339fb4
1776116534277,1506719627852128,8.860941,-0.19632454,-4.2305546,-0.0018325958,-0.0030543262,-0.0030543262,TONIC,4fc4d1339fb4
1776116534285,1506719635877059,8.848969,-0.23463176,-4.232949,-0.0018325958,-0.004276057,-0.004886922,TONIC,4fc4d1339fb4
1776116534293,1506719643874990,8.827422,-0.20829555,-4.2281604,0.0,-0.005497787,-0.0036651916,TONIC,4fc4d1339fb4
1776116534301,1506719651867843,8.820239,-0.19871874,-4.2281604,-0.002443461,-0.008552114,-0.005497787,TONIC,4fc4d1339fb4
1776116534309,1506719659863927,8.848969,-0.20350714,-4.2281604,-6.1086525E-4,-0.012217305,-0.004886922,TONIC,4fc4d1339fb4
1776116534317,1506719667859934,8.839393,-0.20829555,-4.237737,-0.0012217305,-0.01282817,-0.004886922,TONIC,4fc4d1339fb4
1776116534325,1506719675856249,8.841787,-0.21547815,-4.249708,-0.002443461,-0.01282817,-0.004886922,TONIC,4fc4d1339fb4
1776116534333,1506719683851256,8.832211,-0.21308395,-4.249708,-6.1086525E-4,-0.015271631,-0.005497787,TONIC,4fc4d1339fb4
1776116534341,1506719691879033,8.827422,-0.21787235,-4.2425256,-0.0018325958,-0.012217305,-0.004276057,TONIC,4fc4d1339fb4
1776116534349,1506719699873501,8.844181,-0.20829555,-4.24492,-6.1086525E-4,-0.012217305,-0.0067195175,TONIC,4fc4d1339fb4
1776116534357,1506719707869739,8.846576,-0.19871874,-4.24492,-6.1086525E-4,-0.01282817,-0.005497787,TONIC,4fc4d1339fb4
1776116534365,1506719715863362,8.839393,-0.19632454,-4.261679,-0.0012217305,-0.012217305,-0.0061086523,TONIC,4fc4d1339fb4
1776116534373,1506719723860523,8.817844,-0.21308395,-4.259285,-0.0018325958,-0.017104227,-0.004276057,TONIC,4fc4d1339fb4
1776116534381,1506719731854684,8.841787,-0.19393034,-4.2760444,0.0,-0.014049901,-0.004886922,TONIC,4fc4d1339fb4
1776116534389,1506719739851999,8.832211,-0.20350714,-4.2880154,-0.0012217305,-0.013439035,-0.004886922,TONIC,4fc4d1339fb4
1776116534397,1506719747877775,8.856153,-0.22266077,-4.268862,0.0,-0.009162978,-0.004886922,TONIC,4fc4d1339fb4
1776116534405,1506719755872936,8.832211,-0.19153613,-4.283227,-6.1086525E-4,-0.0061086523,-0.0036651916,TONIC,4fc4d1339fb4
1776116534413,1506719763869867,8.825027,-0.20350714,-4.2664676,0.0,-0.005497787,-0.004886922,TONIC,4fc4d1339fb4
1776116534421,1506719771863720,8.808268,-0.18195933,-4.261679,0.0,-0.002443461,-0.004276057,TONIC,4fc4d1339fb4
1776116534429,1506719779859035,8.805874,-0.20111294,-4.249708,0.0,-0.0018325958,-0.004886922,TONIC,4fc4d1339fb4
1776116534437,1506719787854504,8.817844,-0.18914193,-4.2760444,0.0,0.0,-0.0030543262,TONIC,4fc4d1339fb4
1776116534445,1506719795849895,8.813056,-0.18195933,-4.271256,0.0,0.0,-0.002443461,TONIC,4fc4d1339fb4
1776116534453,1506719803878134,8.825027,-0.20829555,-4.2664676,0.002443461,0.002443461,-0.0012217305,TONIC,4fc4d1339fb4
1776116534461,1506719811873526,8.832211,-0.18914193,-4.259285,0.0,0.0061086523,-6.1086525E-4,TONIC,4fc4d1339fb4
1776116534469,1506719819868379,8.834604,-0.22266077,-4.2425256,0.0,0.007941248,-0.0012217305,TONIC,4fc4d1339fb4
1776116534477,1506719827864309,8.813056,-0.19632454,-4.2521024,6.1086525E-4,0.008552114,0.0012217305,TONIC,4fc4d1339fb4
1776116534485,1506719835858854,8.805874,-0.20111294,-4.2401314,-6.1086525E-4,0.005497787,6.1086525E-4,TONIC,4fc4d1339fb4
1776116534493,1506719843855784,8.822633,-0.20829555,-4.2521024,-0.0012217305,0.005497787,0.0,TONIC,4fc4d1339fb4
1776116534501,1506719851850485,8.834604,-0.21308395,-4.2640734,-6.1086525E-4,0.002443461,0.0018325958,TONIC,4fc4d1339fb4
1776116534509,1506719859876030,8.836999,-0.21787235,-4.247314,-6.1086525E-4,0.0030543262,0.0018325958,TONIC,4fc4d1339fb4
1776116534517,1506719867873576,8.825027,-0.21787235,-4.268862,0.0,0.005497787,0.002443461,TONIC,4fc4d1339fb4
1776116534525,1506719875867737,8.853758,-0.23463176,-4.2401314,-6.1086525E-4,0.005497787,0.004276057,TONIC,4fc4d1339fb4
1776116534533,1506719883864667,8.853758,-0.21308395,-4.249708,6.1086525E-4,0.005497787,0.0030543262,TONIC,4fc4d1339fb4
1776116534541,1506719891860367,8.844181,-0.21308395,-4.223372,-6.1086525E-4,0.007330383,0.0018325958,TONIC,4fc4d1339fb4
1776116534549,1506719899854297,8.872911,-0.22026655,-4.223372,-6.1086525E-4,0.005497787,0.0018325958,TONIC,4fc4d1339fb4
1776116534557,1506719907849996,8.860941,-0.22744916,-4.232949,-6.1086525E-4,6.1086525E-4,6.1086525E-4,TONIC,4fc4d1339fb4
1776116534565,1506719915877003,8.848969,-0.21068975,-4.237737,-0.0012217305,-0.0030543262,6.1086525E-4,TONIC,4fc4d1339fb4
1776116534573,1506719923872087,8.860941,-0.23702596,-4.2425256,-6.1086525E-4,-0.0018325958,6.1086525E-4,TONIC,4fc4d1339fb4
1776116534581,1506719931867171,8.856153,-0.22744916,-4.24492,-0.0018325958,-0.0067195175,6.1086525E-4,TONIC,4fc4d1339fb4
1776116534589,1506719939862564,8.844181,-0.23463176,-4.24492,-0.0036651916,-0.007941248,-6.1086525E-4,TONIC,4fc4d1339fb4
1776116534597,1506719947859571,8.836999,-0.20350714,-4.256891,-0.002443461,-0.007941248,6.1086525E-4,TONIC,4fc4d1339fb4
1776116534605,1506719955853732,8.827422,-0.21068975,-4.249708,-0.002443461,-0.005497787,-6.1086525E-4,TONIC,4fc4d1339fb4
1776116534613,1506719963850893,8.846576,-0.21787235,-4.2640734,-0.0018325958,-0.007330383,-6.1086525E-4,TONIC,4fc4d1339fb4
1776116534621,1506719971875900,8.853758,-0.21547815,-4.261679,-0.002443461,-0.007941248,-0.002443461,TONIC,4fc4d1339fb4
1776116534629,1506719979872523,8.868123,-0.21547815,-4.2521024,-0.0018325958,-0.009162978,-0.0012217305,TONIC,4fc4d1339fb4
1776116534637,1506719987866992,8.836999,-0.22026655,-4.2521024,-0.0012217305,-0.0067195175,-0.002443461,TONIC,4fc4d1339fb4
1776116534645,1506719995863845,8.848969,-0.19632454,-4.2521024,-6.1086525E-4,-0.005497787,-0.002443461,TONIC,4fc4d1339fb4
1776116534653,1506720003860775,8.844181,-0.20590134,-4.2521024,-0.0012217305,-0.005497787,-0.0012217305,TONIC,4fc4d1339fb4
1776116534661,1506720011854090,8.839393,-0.20829555,-4.256891,-0.002443461,-0.008552114,-0.002443461,TONIC,4fc4d1339fb4
1776116534669,1506720019849789,8.836999,-0.19871874,-4.259285,-0.0012217305,-0.01160644,-0.0030543262,TONIC,4fc4d1339fb4
1776116534677,1506720027876797,8.825027,-0.20350714,-4.27365,-0.0018325958,-0.009773844,-0.0018325958,TONIC,4fc4d1339fb4
1776116534685,1506720035871342,8.801085,-0.19632454,-4.256891,-0.0030543262,-0.01038471,-0.0030543262,TONIC,4fc4d1339fb4
1776116534693,1506720043867042,8.805874,-0.19632454,-4.2664676,-6.1086525E-4,-0.009162978,-0.002443461,TONIC,4fc4d1339fb4
1776116534701,1506720051863049,8.820239,-0.20350714,-4.259285,-6.1086525E-4,-0.0067195175,-0.002443461,TONIC,4fc4d1339fb4
1776116534709,1506720059858364,8.827422,-0.19393034,-4.256891,-0.0018325958,-0.0036651916,-0.002443461,TONIC,4fc4d1339fb4
1776116534717,1506720067854756,8.820239,-0.19632454,-4.271256,0.0,-0.002443461,-0.0012217305,TONIC,4fc4d1339fb4
1776116534725,1506720075879994,8.822633,-0.20111294,-4.261679,0.0,-0.002443461,-0.002443461,TONIC,4fc4d1339fb4
1776116534733,1506720083876847,8.827422,-0.20829555,-4.2640734,0.0,-0.0018325958,-0.0018325958,TONIC,4fc4d1339fb4
1776116534741,1506720091871700,8.829816,-0.21068975,-4.268862,0.0,-0.0018325958,-0.0018325958,TONIC,4fc4d1339fb4
1776116534749,1506720099866784,8.820239,-0.20590134,-4.2664676,6.1086525E-4,-0.0030543262,-0.0012217305,TONIC,4fc4d1339fb4
1776116534757,1506720107862099,8.822633,-0.19871874,-4.249708,6.1086525E-4,-0.002443461,0.0,TONIC,4fc4d1339fb4
1776116534765,1506720115859030,8.820239,-0.19632454,-4.259285,0.0,-0.0018325958,-0.002443461,TONIC,4fc4d1339fb4
1776116534773,1506720123855960,8.846576,-0.22026655,-4.2401314,6.1086525E-4,-0.004276057,-0.0018325958,TONIC,4fc4d1339fb4
1776116534781,1506720131849275,8.829816,-0.22026655,-4.249708,0.0,-0.0036651916,-0.0018325958,TONIC,4fc4d1339fb4
1776116534789,1506720139876974,8.834604,-0.20590134,-4.2664676,0.0,-0.004276057,-0.0018325958,TONIC,4fc4d1339fb4
1776116534797,1506720147871366,8.815451,-0.19871874,-4.2521024,6.1086525E-4,-0.0036651916,0.0,TONIC,4fc4d1339fb4
1776116534805,1506720155867143,8.839393,-0.21308395,-4.247314,6.1086525E-4,-0.0036651916,0.0,TONIC,4fc4d1339fb4
1776116534813,1506720163862150,8.825027,-0.21068975,-4.2425256,0.0,-0.0030543262,-0.0012217305,TONIC,4fc4d1339fb4
1776116534821,1506720171857619,8.856153,-0.20590134,-4.2544966,-6.1086525E-4,-0.0036651916,-0.0012217305,TONIC,4fc4d1339fb4
1776116534829,1506720179855087,8.817844,-0.20590134,-4.261679,6.1086525E-4,-0.005497787,0.0,TONIC,4fc4d1339fb4
1776116534837,1506720187881248,8.825027,-0.20111294,-4.268862,-6.1086525E-4,-0.004276057,0.0,TONIC,4fc4d1339fb4
1776116534845,1506720195876717,8.844181,-0.22026655,-4.261679,0.0,-0.0036651916,-0.0012217305,TONIC,4fc4d1339fb4
1776116534853,1506720203872725,8.836999,-0.19632454,-4.259285,0.0,0.0,0.0,TONIC,4fc4d1339fb4
1776116534861,1506720211866886,8.827422,-0.20590134,-4.2521024,0.0,-0.0012217305,0.0012217305,TONIC,4fc4d1339fb4
1776116534869,1506720219861969,8.825027,-0.20111294,-4.261679,-0.0012217305,6.1086525E-4,0.0,TONIC,4fc4d1339fb4
1776116534877,1506720227858900,8.822633,-0.19393034,-4.249708,-6.1086525E-4,0.0,-0.0012217305,TONIC,4fc4d1339fb4
1776116534885,1506720235852984,8.815451,-0.20350714,-4.2640734,-0.0018325958,-6.1086525E-4,6.1086525E-4,TONIC,4fc4d1339fb4
1776116534893,1506720243882299,8.832211,-0.20590134,-4.2544966,-6.1086525E-4,-0.0012217305,-6.1086525E-4,TONIC,4fc4d1339fb4
1776116534901,1506720251874845,8.851364,-0.21308395,-4.249708,-0.0012217305,6.1086525E-4,-0.0012217305,TONIC,4fc4d1339fb4
1776116534909,1506720259872159,8.844181,-0.20829555,-4.259285,-0.0012217305,6.1086525E-4,-6.1086525E-4,TONIC,4fc4d1339fb4
1776116534917,1506720267867474,8.853758,-0.20590134,-4.261679,-6.1086525E-4,0.002443461,6.1086525E-4,TONIC,4fc4d1339fb4
1776116534925,1506720275861943,8.827422,-0.21068975,-4.2401314,-0.0012217305,0.0018325958,0.0012217305,TONIC,4fc4d1339fb4
1776116534933,1506720283858950,8.829816,-0.21068975,-4.259285,-0.0012217305,6.1086525E-4,6.1086525E-4,TONIC,4fc4d1339fb4
1776116534941,1506720291853342,8.841787,-0.20829555,-4.2521024,-0.0018325958,0.0012217305,0.0,TONIC,4fc4d1339fb4
1776116534949,1506720299848196,8.829816,-0.21308395,-4.261679,-0.0012217305,-6.1086525E-4,6.1086525E-4,TONIC,4fc4d1339fb4
1776116534957,1506720307874356,8.844181,-0.20590134,-4.24492,-0.0018325958,-0.0012217305,0.002443461,TONIC,4fc4d1339fb4
1776116534965,1506720315869979,8.829816,-0.21547815,-4.2544966,-0.002443461,-0.0012217305,0.002443461,TONIC,4fc4d1339fb4
1776116534973,1506720323868140,8.844181,-0.22266077,-4.2544966,-0.0012217305,0.0,0.0018325958,TONIC,4fc4d1339fb4
1776116534981,1506720331862071,8.841787,-0.22026655,-4.247314,-0.0018325958,-0.005497787,0.0012217305,TONIC,4fc4d1339fb4
1776116534989,1506720339857155,8.825027,-0.21787235,-4.247314,-0.0030543262,-0.004276057,0.0018325958,TONIC,4fc4d1339fb4
1776116534997,1506720347853777,8.834604,-0.20829555,-4.2521024,-0.0018325958,-0.0061086523,0.0,TONIC,4fc4d1339fb4
1776116535005,1506720355879015,8.848969,-0.20111294,-4.2544966,-0.0036651916,-0.007330383,0.0018325958,TONIC,4fc4d1339fb4
1776116535013,1506720363875560,8.822633,-0.19153613,-4.247314,-0.0030543262,-0.0067195175,-6.1086525E-4,TONIC,4fc4d1339fb4
1776116535021,1506720371871568,8.815451,-0.20111294,-4.2640734,-0.0030543262,-0.007330383,0.0012217305,TONIC,4fc4d1339fb4
1776116535029,1506720379866960,8.841787,-0.20590134,-4.2664676,-0.002443461,-0.007941248,0.0,TONIC,4fc4d1339fb4
1776116535037,1506720387863044,8.827422,-0.20111294,-4.2521024,-0.002443461,-0.0067195175,-0.0012217305,TONIC,4fc4d1339fb4
1776116535045,1506720395856589,8.836999,-0.20590134,-4.2425256,-0.002443461,-0.004276057,6.1086525E-4,TONIC,4fc4d1339fb4
1776116535053,1506720403854673,8.851364,-0.20829555,-4.2401314,-0.002443461,-0.0036651916,-0.0012217305,TONIC,4fc4d1339fb4
1776116535061,1506720411848834,8.817844,-0.19871874,-4.249708,-6.1086525E-4,-0.0030543262,0.0,TONIC,4fc4d1339fb4
1776116535069,1506720419874458,8.805874,-0.21308395,-4.2544966,0.0,-0.0061086523,0.0,TONIC,4fc4d1339fb4
1776116535077,1506720427869542,8.822633,-0.19871874,-4.247314,0.0,-0.009773844,-0.0012217305,TONIC,4fc4d1339fb4
1776116535085,1506720435865164,8.832211,-0.20590134,-4.261679,-0.002443461,-0.008552114,-0.0012217305,TONIC,4fc4d1339fb4
1776116535093,1506720443862094,8.834604,-0.21068975,-4.27365,-0.0018325958,-0.007941248,6.1086525E-4,TONIC,4fc4d1339fb4
1776116535101,1506720451857255,8.827422,-0.19871874,-4.2880154,-0.002443461,-0.007330383,-0.002443461,TONIC,4fc4d1339fb4
1776116535109,1506720459852571,8.836999,-0.19632454,-4.268862,-0.0012217305,-0.0067195175,-0.0030543262,TONIC,4fc4d1339fb4
1776116535117,1506720467848270,8.832211,-0.19153613,-4.2521024,-0.0012217305,-0.004276057,-6.1086525E-4,TONIC,4fc4d1339fb4
1776116535125,1506720475875969,8.834604,-0.19632454,-4.2544966,-0.0012217305,-0.0012217305,-0.002443461,TONIC,4fc4d1339fb4
1776116535133,1506720483872053,8.829816,-0.18435353,-4.2640734,-0.0012217305,0.0012217305,-0.002443461,TONIC,4fc4d1339fb4
1776116535141,1506720491865906,8.829816,-0.21068975,-4.271256,6.1086525E-4,6.1086525E-4,-0.0018325958,TONIC,4fc4d1339fb4
1776116535149,1506720499861837,8.822633,-0.20590134,-4.2664676,0.0,0.0,-0.0018325958,TONIC,4fc4d1339fb4
1776116535157,1506720507856383,8.832211,-0.19871874,-4.285621,0.0012217305,0.0030543262,-0.002443461,TONIC,4fc4d1339fb4
1776116535165,1506720515851775,8.844181,-0.21308395,-4.268862,0.0012217305,0.0061086523,-0.002443461,TONIC,4fc4d1339fb4
1776116535173,1506720523881551,8.815451,-0.21068975,-4.2544966,0.0012217305,0.0067195175,-0.0030543262,TONIC,4fc4d1339fb4
1776116535181,1506720531930173,8.825027,-0.19871874,-4.2401314,0.0018325958,0.005497787,-0.0018325958,TONIC,4fc4d1339fb4
1776116535189,1506720539869334,8.822633,-0.20111294,-4.232949,0.0018325958,0.007941248,-0.0030543262,TONIC,4fc4d1339fb4
1776116535197,1506720547865342,8.825027,-0.18914193,-4.2521024,0.002443461,0.004276057,-0.0030543262,TONIC,4fc4d1339fb4
1776116535205,1506720555861965,8.839393,-0.20111294,-4.261679,6.1086525E-4,0.0036651916,-0.0030543262,TONIC,4fc4d1339fb4
1776116535213,1506720563790510,8.836999,-0.19153613,-4.2784386,6.1086525E-4,0.0036651916,-0.0018325958,TONIC,4fc4d1339fb4
1776116535221,1506720571853671,8.848969,-0.20590134,-4.24492,6.1086525E-4,0.002443461,-0.0018325958,TONIC,4fc4d1339fb4
1776116535229,1506720579878524,8.839393,-0.18674773,-4.2544966,0.0012217305,0.0061086523,-0.0012217305,TONIC,4fc4d1339fb4
1776116535237,1506720587874531,8.846576,-0.19632454,-4.223372,0.0012217305,0.005497787,0.0,TONIC,4fc4d1339fb4
1776116535245,1506720595869616,8.860941,-0.20111294,-4.223372,6.1086525E-4,0.0036651916,-0.0012217305,TONIC,4fc4d1339fb4
1776116535253,1506720603865085,8.848969,-0.19632454,-4.249708,6.1086525E-4,0.0,-6.1086525E-4,TONIC,4fc4d1339fb4
1776116535261,1506720611861015,8.841787,-0.20111294,-4.247314,0.0018325958,-0.002443461,-0.0018325958,TONIC,4fc4d1339fb4
1776116535269,1506720619881945,8.836999,-0.21308395,-4.2425256,0.0012217305,-0.0036651916,0.0,TONIC,4fc4d1339fb4
1776116535277,1506720627882875,8.836999,-0.20111294,-4.259285,0.0012217305,-0.0036651916,-6.1086525E-4,TONIC,4fc4d1339fb4
1776116535285,1506720635842652,8.844181,-0.22505496,-4.268862,0.0,-0.005497787,0.0,TONIC,4fc4d1339fb4
1776116535293,1506720643842967,8.851364,-0.22984336,-4.2664676,6.1086525E-4,-0.004276057,6.1086525E-4,TONIC,4fc4d1339fb4
1776116535301,1506720651869128,8.848969,-0.21308395,-4.271256,0.002443461,-0.0030543262,0.0012217305,TONIC,4fc4d1339fb4
1776116535309,1506720659865058,8.844181,-0.22026655,-4.259285,-0.0018325958,-0.0012217305,6.1086525E-4,TONIC,4fc4d1339fb4
1776116535317,1506720667860834,8.856153,-0.21787235,-4.259285,-0.002443461,-0.004276057,0.0,TONIC,4fc4d1339fb4
1776116535325,1506720675857380,8.851364,-0.22026655,-4.261679,-0.002443461,-0.0012217305,6.1086525E-4,TONIC,4fc4d1339fb4
1776116535333,1506720683938388,8.853758,-0.22266077,-4.247314,-6.1086525E-4,-6.1086525E-4,0.0012217305,TONIC,4fc4d1339fb4
1776116535341,1506720691881087,8.839393,-0.21547815,-4.2664676,-0.0018325958,6.1086525E-4,-0.0012217305,TONIC,4fc4d1339fb4
1776116535349,1506720699866402,8.846576,-0.21068975,-4.2544966,-0.002443461,6.1086525E-4,6.1086525E-4,TONIC,4fc4d1339fb4
1776116535357,1506720707869486,8.848969,-0.21547815,-4.261679,-0.004276057,-0.0030543262,0.0012217305,TONIC,4fc4d1339fb4
1776116535365,1506720715864800,8.834604,-0.20829555,-4.2640734,-0.0018325958,-0.0030543262,0.0,TONIC,4fc4d1339fb4
1776116535373,1506720723822654,8.834604,-0.21547815,-4.259285,-0.002443461,-6.1086525E-4,-6.1086525E-4,TONIC,4fc4d1339fb4
1776116535381,1506720731856200,8.820239,-0.20111294,-4.2664676,-0.002443461,-0.002443461,0.0,TONIC,4fc4d1339fb4
1776116535389,1506720739853438,8.834604,-0.20829555,-4.2760444,-0.002443461,-0.0018325958,-6.1086525E-4,TONIC,4fc4d1339fb4
1776116535397,1506720747964291,8.851364,-0.18914193,-4.261679,-0.0036651916,-0.0030543262,-0.0018325958,TONIC,4fc4d1339fb4
1776116535405,1506720755874759,8.839393,-0.19871874,-4.259285,-0.002443461,-0.002443461,-0.0018325958,TONIC,4fc4d1339fb4
1776116535413,1506720763955614,8.858546,-0.21787235,-4.271256,-0.002443461,-0.0018325958,0.0,TONIC,4fc4d1339fb4
1776116535421,1506720771836928,8.851364,-0.19871874,-4.27365,6.1086525E-4,0.0,0.0,TONIC,4fc4d1339fb4
1776116535429,1506720779822166,8.836999,-0.20350714,-4.261679,-0.0030543262,6.1086525E-4,-6.1086525E-4,TONIC,4fc4d1339fb4
1776116535437,1506720787855942,8.817844,-0.21308395,-4.2544966,-0.0012217305,0.004276057,0.0012217305,TONIC,4fc4d1339fb4
1776116535445,1506720795883949,8.832211,-0.19871874,-4.261679,-0.0018325958,0.004276057,-0.0012217305,TONIC,4fc4d1339fb4
1776116535453,1506720803964033,8.829816,-0.18435353,-4.256891,-0.0018325958,0.0012217305,6.1086525E-4,TONIC,4fc4d1339fb4
1776116535461,1506720811845580,8.817844,-0.19393034,-4.268862,-0.0018325958,-6.1086525E-4,-6.1086525E-4,TONIC,4fc4d1339fb4
1776116535469,1506720819924895,8.832211,-0.18435353,-4.259285,-0.005497787,-0.0018325958,6.1086525E-4,TONIC,4fc4d1339fb4
1776116535477,1506720827866440,8.846576,-0.19632454,-4.2544966,-0.0018325958,0.002443461,6.1086525E-4,TONIC,4fc4d1339fb4
1776116535485,1506720835862524,8.844181,-0.21308395,-4.24492,6.1086525E-4,0.004276057,0.0012217305,TONIC,4fc4d1339fb4
1776116535493,1506720843911685,8.839393,-0.19871874,-4.249708,-0.0012217305,0.0012217305,6.1086525E-4,TONIC,4fc4d1339fb4
1776116535501,1506720851883077,8.836999,-0.20350714,-4.2544966,-6.1086525E-4,0.0,6.1086525E-4,TONIC,4fc4d1339fb4
1776116535509,1506720859879084,8.825027,-0.19632454,-4.2521024,0.0,6.1086525E-4,6.1086525E-4,TONIC,4fc4d1339fb4
1776116535517,1506720867843476,8.832211,-0.21547815,-4.259285,-6.1086525E-4,-0.0012217305,0.002443461,TONIC,4fc4d1339fb4
1776116535525,1506720875869637,8.844181,-0.18674773,-4.24492,-6.1086525E-4,-0.0018325958,0.0030543262,TONIC,4fc4d1339fb4
1776116535533,1506720883981259,8.856153,-0.19871874,-4.247314,-0.0012217305,-0.004886922,0.0030543262,TONIC,4fc4d1339fb4
1776116535541,1506720891832113,8.825027,-0.20111294,-4.247314,0.0,-0.0067195175,0.002443461,TONIC,4fc4d1339fb4
1776116535549,1506720899855428,8.836999,-0.22744916,-4.261679,-0.0012217305,-0.0061086523,0.002443461,TONIC,4fc4d1339fb4
1776116535557,1506720907968128,8.846576,-0.22266077,-4.259285,-0.002443461,-0.008552114,0.004886922,TONIC,4fc4d1339fb4
1776116535565,1506720915878904,8.817844,-0.20111294,-4.2544966,6.1086525E-4,-0.008552114,0.0018325958,TONIC,4fc4d1339fb4
1776116535573,1506720923989911,8.817844,-0.20350714,-4.268862,0.0,-0.009162978,0.0030543262,TONIC,4fc4d1339fb4
1776116535581,1506720931868149,8.817844,-0.20111294,-4.27365,-0.0012217305,-0.0061086523,0.0018325958,TONIC,4fc4d1339fb4
1776116535589,1506720939889618,8.825027,-0.20350714,-4.280833,-0.002443461,-0.005497787,0.002443461,TONIC,4fc4d1339fb4
1776116535597,1506720947861625,8.851364,-0.21308395,-4.27365,0.0018325958,-0.0036651916,0.002443461,TONIC,4fc4d1339fb4
1776116535605,1506720955855863,8.822633,-0.21308395,-4.268862,-6.1086525E-4,-0.0030543262,0.0018325958,TONIC,4fc4d1339fb4
1776116535613,1506720963854024,8.820239,-0.22505496,-4.2760444,-0.0018325958,-0.002443461,0.0018325958,TONIC,4fc4d1339fb4
1776116535621,1506720971876723,8.827422,-0.19153613,-4.261679,-0.0012217305,-6.1086525E-4,0.002443461,TONIC,4fc4d1339fb4
1776116535629,1506720979933653,8.825027,-0.20111294,-4.2640734,-6.1086525E-4,0.0012217305,0.0018325958,TONIC,4fc4d1339fb4
1776116535637,1506720987868815,8.844181,-0.19871874,-4.2784386,-0.0018325958,-0.002443461,0.002443461,TONIC,4fc4d1339fb4
1776116535645,1506720995863822,8.829816,-0.21068975,-4.271256,0.0,0.004276057,0.0018325958,TONIC,4fc4d1339fb4
1776116535653,1506721003793368,8.839393,-0.21308395,-4.27365,-0.002443461,0.004276057,0.0012217305,TONIC,4fc4d1339fb4
1776116535661,1506721011855298,8.822633,-0.20829555,-4.271256,-0.0012217305,0.0067195175,0.0012217305,TONIC,4fc4d1339fb4
1776116535669,1506721019853689,8.810662,-0.21308395,-4.256891,-0.0012217305,0.007330383,0.0018325958,TONIC,4fc4d1339fb4
1776116535677,1506721027878313,8.839393,-0.21547815,-4.2760444,-6.1086525E-4,0.007941248,0.0,TONIC,4fc4d1339fb4
1776116535685,1506721035841781,8.832211,-0.21547815,-4.2664676,-0.0036651916,0.0061086523,0.0018325958,TONIC,4fc4d1339fb4
1776116535693,1506721043985096,8.829816,-0.22026655,-4.2521024,-6.1086525E-4,0.0061086523,0.0012217305,TONIC,4fc4d1339fb4
1776116535701,1506721051866334,8.839393,-0.20350714,-4.2401314,6.1086525E-4,0.007330383,0.0012217305,TONIC,4fc4d1339fb4
1776116535709,1506721059821495,8.841787,-0.21787235,-4.259285,-6.1086525E-4,0.0067195175,-6.1086525E-4,TONIC,4fc4d1339fb4
1776116535717,1506721067854348,8.827422,-0.20350714,-4.256891,-0.0012217305,0.007941248,-6.1086525E-4,TONIC,4fc4d1339fb4
1776116535725,1506721075851279,8.836999,-0.22026655,-4.27365,-0.0036651916,0.0036651916,0.0,TONIC,4fc4d1339fb4
1776116535733,1506721083877748,8.848969,-0.19153613,-4.256891,6.1086525E-4,0.0067195175,-0.0012217305,TONIC,4fc4d1339fb4
1776116535741,1506721091872216,8.841787,-0.19153613,-4.256891,-0.0012217305,0.005497787,-6.1086525E-4,TONIC,4fc4d1339fb4
1776116535749,1506721099801762,8.844181,-0.20111294,-4.247314,0.0,0.004886922,-0.0012217305,TONIC,4fc4d1339fb4
1776116535757,1506721107832307,8.851364,-0.20590134,-4.249708,0.0,0.008552114,-0.0018325958,TONIC,4fc4d1339fb4
1776116535765,1506721115860546,8.827422,-0.21068975,-4.249708,0.0,0.005497787,0.0,TONIC,4fc4d1339fb4
1776116535773,1506721123948937,8.858546,-0.20590134,-4.256891,0.0,0.0036651916,-0.0012217305,TONIC,4fc4d1339fb4
1776116535781,1506721131906175,8.839393,-0.18435353,-4.24492,-6.1086525E-4,0.0018325958,-6.1086525E-4,TONIC,4fc4d1339fb4
1776116535789,1506721139847644,8.853758,-0.18674773,-4.237737,-0.0012217305,-6.1086525E-4,-0.0018325958,TONIC,4fc4d1339fb4
1776116535797,1506721147841574,8.841787,-0.21787235,-4.2425256,0.004276057,0.0061086523,-6.1086525E-4,TONIC,4fc4d1339fb4
1776116535805,1506721155838196,8.829816,-0.21068975,-4.249708,0.0018325958,6.1086525E-4,0.0,TONIC,4fc4d1339fb4
1776116535813,1506721163949820,8.834604,-0.20829555,-4.249708,0.0012217305,6.1086525E-4,6.1086525E-4,TONIC,4fc4d1339fb4
1776116535821,1506721171859058,8.848969,-0.21308395,-4.2640734,6.1086525E-4,0.0,6.1086525E-4,TONIC,4fc4d1339fb4
1776116535829,1506721179910526,8.858546,-0.22026655,-4.249708,-0.002443461,-0.005497787,-0.0012217305,TONIC,4fc4d1339fb4
1776116535837,1506721187852072,8.834604,-0.19393034,-4.2401314,0.0,-0.0036651916,0.0,TONIC,4fc4d1339fb4
1776116535845,1506721195875463,8.827422,-0.20111294,-4.2521024,-0.002443461,-0.004886922,-0.0012217305,TONIC,4fc4d1339fb4
1776116535853,1506721203897317,8.836999,-0.21068975,-4.259285,-0.0018325958,-0.007330383,0.0,TONIC,4fc4d1339fb4
1776116535861,1506721211867478,8.834604,-0.22026655,-4.271256,-0.0012217305,-0.007941248,-6.1086525E-4,TONIC,4fc4d1339fb4
1776116535869,1506721219919101,8.846576,-0.19393034,-4.2664676,-0.0036651916,-0.007330383,-0.0012217305,TONIC,4fc4d1339fb4
1776116535877,1506721227859415,8.832211,-0.20829555,-4.27365,-6.1086525E-4,-0.0036651916,0.0,TONIC,4fc4d1339fb4
1776116535885,1506721235855115,8.836999,-0.20111294,-4.2640734,-6.1086525E-4,-0.004886922,-6.1086525E-4,TONIC,4fc4d1339fb4
1776116535893,1506721243905891,8.848969,-0.20829555,-4.259285,-0.0012217305,-0.0036651916,0.0012217305,TONIC,4fc4d1339fb4
1776116535901,1506721251846284,8.848969,-0.19871874,-4.247314,-0.0012217305,0.0,0.0,TONIC,4fc4d1339fb4
1776116535909,1506721259840675,8.822633,-0.21547815,-4.27365,0.0030543262,0.0012217305,6.1086525E-4,TONIC,4fc4d1339fb4
1776116535917,1506721267839451,8.836999,-0.20350714,-4.2760444,-0.0018325958,6.1086525E-4,0.0012217305,TONIC,4fc4d1339fb4
1776116535925,1506721275865689,8.841787,-0.20111294,-4.27365,0.0,-0.0012217305,0.0,TONIC,4fc4d1339fb4
1776116535933,1506721283975542,8.841787,-0.21068975,-4.2664676,-0.002443461,6.1086525E-4,0.0012217305,TONIC,4fc4d1339fb4
1776116535941,1506721291853704,8.827422,-0.20829555,-4.2640734,-6.1086525E-4,6.1086525E-4,-0.0012217305,TONIC,4fc4d1339fb4
1776116535949,1506721299875173,8.825027,-0.20829555,-4.2664676,-0.0018325958,0.0,0.0,TONIC,4fc4d1339fb4
1776116535957,1506721307846641,8.827422,-0.21547815,-4.27365,-0.0012217305,-0.0036651916,6.1086525E-4,TONIC,4fc4d1339fb4
1776116535965,1506721315805341,8.827422,-0.19393034,-4.268862,-0.0018325958,-0.002443461,6.1086525E-4,TONIC,4fc4d1339fb4
1776116535973,1506721323837655,8.820239,-0.18674773,-4.2760444,-0.0018325958,0.0,0.0018325958,TONIC,4fc4d1339fb4
1776116535981,1506721331863586,8.820239,-0.19393034,-4.283227,6.1086525E-4,0.0061086523,0.0,TONIC,4fc4d1339fb4
1776116535989,1506721339919517,8.829816,-0.18674773,-4.271256,0.0,0.0067195175,0.002443461,TONIC,4fc4d1339fb4
1776116535997,1506721347970908,8.803479,-0.19871874,-4.2521024,-0.004276057,0.004276057,0.002443461,TONIC,4fc4d1339fb4
1776116536005,1506721355881377,8.832211,-0.19393034,-4.2401314,-0.0012217305,0.0067195175,0.002443461,TONIC,4fc4d1339fb4
1776116536013,1506721363931615,8.836999,-0.20350714,-4.27365,-0.0036651916,0.0036651916,0.004276057,TONIC,4fc4d1339fb4
1776116536021,1506721371870929,8.851364,-0.21547815,-4.261679,0.0,0.004276057,0.002443461,TONIC,4fc4d1339fb4
1776116536029,1506721379892245,8.844181,-0.21787235,-4.2760444,0.0,0.0036651916,0.004276057,TONIC,4fc4d1339fb4
1776116536037,1506721387865483,8.825027,-0.20590134,-4.249708,-0.0012217305,0.0018325958,0.004886922,TONIC,4fc4d1339fb4
1776116536045,1506721395858721,8.841787,-0.20829555,-4.27365,-0.0030543262,6.1086525E-4,0.004276057,TONIC,4fc4d1339fb4
1776116536053,1506721403855574,8.817844,-0.20590134,-4.256891,-0.0012217305,-0.0012217305,0.0061086523,TONIC,4fc4d1339fb4
1776116536061,1506721411874735,8.844181,-0.21068975,-4.27365,-0.002443461,-6.1086525E-4,0.004886922,TONIC,4fc4d1339fb4
1776116536069,1506721419846126,8.844181,-0.22266077,-4.2521024,-0.0012217305,-0.0012217305,0.004886922,TONIC,4fc4d1339fb4
1776116536077,1506721427872288,8.848969,-0.22505496,-4.2664676,-0.0012217305,-0.002443461,0.004886922,TONIC,4fc4d1339fb4
1776116536085,1506721435800603,8.844181,-0.21547815,-4.256891,-0.0067195175,-0.0012217305,0.002443461,TONIC,4fc4d1339fb4
1776116536093,1506721443864533,8.836999,-0.20590134,-4.2544966,-0.002443461,-6.1086525E-4,0.0036651916,TONIC,4fc4d1339fb4
1776116536101,1506721451857540,8.836999,-0.21547815,-4.249708,-0.0036651916,-0.0018325958,0.0012217305,TONIC,4fc4d1339fb4
1776116536109,1506721459854470,8.848969,-0.21787235,-4.27365,-0.0018325958,-0.0030543262,0.0012217305,TONIC,4fc4d1339fb4
1776116536117,1506721467780863,8.834604,-0.20590134,-4.2664676,-0.002443461,-0.002443461,-6.1086525E-4,TONIC,4fc4d1339fb4
1776116536125,1506721475845485,8.839393,-0.22505496,-4.280833,-0.0012217305,-0.004886922,6.1086525E-4,TONIC,4fc4d1339fb4
1776116536133,1506721483863415,8.832211,-0.22744916,-4.271256,-0.0012217305,-0.0030543262,-0.0018325958,TONIC,4fc4d1339fb4
1776116536141,1506721491837191,8.829816,-0.21308395,-4.2904096,-0.0018325958,-0.0018325958,-0.0030543262,TONIC,4fc4d1339fb4
1776116536149,1506721499862814,8.829816,-0.20350714,-4.2784386,0.0,0.002443461,-6.1086525E-4,TONIC,4fc4d1339fb4
1776116536157,1506721507857205,8.836999,-0.20350714,-4.261679,0.0,0.0036651916,-0.0030543262,TONIC,4fc4d1339fb4
1776116536165,1506721515854829,8.856153,-0.20590134,-4.2784386,0.0,0.004886922,-0.002443461,TONIC,4fc4d1339fb4
1776116536173,1506721523811067,8.846576,-0.21547815,-4.259285,6.1086525E-4,0.007330383,-0.0030543262,TONIC,4fc4d1339fb4
1776116536181,1506721531847074,8.839393,-0.21547815,-4.2544966,-6.1086525E-4,0.007330383,-0.0030543262,TONIC,4fc4d1339fb4
1776116536189,1506721539841542,8.841787,-0.21068975,-4.2640734,0.0012217305,0.009773844,-0.0036651916,TONIC,4fc4d1339fb4
1776116536197,1506721547866780,8.839393,-0.22266077,-4.24492,-0.0030543262,0.0036651916,-0.0036651916,TONIC,4fc4d1339fb4
1776116536205,1506721555861634,8.836999,-0.21547815,-4.24492,0.0012217305,0.004886922,-0.002443461,TONIC,4fc4d1339fb4
1776116536213,1506721563944026,8.827422,-0.19632454,-4.256891,6.1086525E-4,0.004886922,-0.0030543262,TONIC,4fc4d1339fb4
1776116536221,1506721571884956,8.827422,-0.18435353,-4.2760444,-0.0036651916,0.0018325958,-0.004276057,TONIC,4fc4d1339fb4
1776116536229,1506721579879117,8.829816,-0.18914193,-4.2640734,0.002443461,0.0067195175,-0.0036651916,TONIC,4fc4d1339fb4
1776116536237,1506721587874893,8.836999,-0.20111294,-4.259285,-6.1086525E-4,0.004276057,-0.0030543262,TONIC,4fc4d1339fb4
1776116536245,1506721595869901,8.817844,-0.18195933,-4.259285,-6.1086525E-4,0.009162978,-0.002443461,TONIC,4fc4d1339fb4
1776116536253,1506721603957370,8.844181,-0.19393034,-4.2760444,-6.1086525E-4,0.008552114,-0.002443461,TONIC,4fc4d1339fb4
1776116536261,1506721611917684,8.827422,-0.19153613,-4.256891,-0.0018325958,0.008552114,-0.002443461,TONIC,4fc4d1339fb4
1776116536269,1506721619858614,8.825027,-0.19393034,-4.2544966,-0.002443461,0.009162978,0.0,TONIC,4fc4d1339fb4
1776116536277,1506721627914852,8.817844,-0.19153613,-4.2521024,-6.1086525E-4,0.008552114,0.0,TONIC,4fc4d1339fb4
1776116536285,1506721635880090,8.808268,-0.18674773,-4.261679,0.002443461,0.01160644,-6.1086525E-4,TONIC,4fc4d1339fb4
1776116536293,1506721643991790,8.825027,-0.18674773,-4.2521024,-6.1086525E-4,0.008552114,0.0,TONIC,4fc4d1339fb4
1776116536301,1506721651871874,8.820239,-0.18914193,-4.261679,0.0,0.009162978,0.0012217305,TONIC,4fc4d1339fb4
1776116536309,1506721659982958,8.839393,-0.20350714,-4.2425256,-0.0036651916,0.005497787,0.0012217305,TONIC,4fc4d1339fb4
1776116536317,1506721667862581,8.846576,-0.18195933,-4.2401314,-6.1086525E-4,0.0061086523,0.0036651916,TONIC,4fc4d1339fb4
1776116536325,1506721675849665,8.841787,-0.18674773,-4.249708,0.0,0.005497787,0.002443461,TONIC,4fc4d1339fb4
1776116536333,1506721683855519,8.848969,-0.18674773,-4.249708,0.0,0.005497787,0.0018325958,TONIC,4fc4d1339fb4
1776116536341,1506721691849372,8.841787,-0.19871874,-4.256891,0.0012217305,0.0067195175,0.002443461,TONIC,4fc4d1339fb4
1776116536349,1506721699845379,8.846576,-0.19871874,-4.24492,0.004886922,0.0036651916,0.0030543262,TONIC,4fc4d1339fb4
1776116536357,1506721707871309,8.839393,-0.20350714,-4.2521024,0.0018325958,0.0012217305,0.0030543262,TONIC,4fc4d1339fb4
1776116536365,1506721715799624,8.836999,-0.21308395,-4.271256,0.0012217305,-6.1086525E-4,0.002443461,TONIC,4fc4d1339fb4
1776116536373,1506721723862323,8.846576,-0.22505496,-4.259285,0.0018325958,0.0018325958,0.002443461,TONIC,4fc4d1339fb4
1776116536381,1506721731856793,8.858546,-0.22984336,-4.2640734,-0.0012217305,-0.0012217305,6.1086525E-4,TONIC,4fc4d1339fb4
1776116536389,1506721739852569,8.865729,-0.22026655,-4.249708,0.0012217305,6.1086525E-4,0.0030543262,TONIC,4fc4d1339fb4
1776116536397,1506721747848191,8.865729,-0.22505496,-4.2401314,0.0,0.0018325958,0.0018325958,TONIC,4fc4d1339fb4
1776116536405,1506721755874121,8.863335,-0.21308395,-4.2401314,0.0,-0.0030543262,0.0012217305,TONIC,4fc4d1339fb4
1776116536413,1506721763956513,8.848969,-0.20590134,-4.2401314,-6.1086525E-4,-0.004886922,-0.0018325958,TONIC,4fc4d1339fb4
1776116536421,1506721771835290,8.832211,-0.19153613,-4.259285,-6.1086525E-4,-0.009162978,0.0012217305,TONIC,4fc4d1339fb4
1776116536429,1506721779978143,8.834604,-0.21068975,-4.249708,-0.0012217305,-0.01282817,-0.0018325958,TONIC,4fc4d1339fb4
1776116536437,1506721787858689,8.844181,-0.21308395,-4.2544966,0.002443461,-0.010995574,-0.0018325958,TONIC,4fc4d1339fb4
1776116536445,1506721795852234,8.841787,-0.19632454,-4.2544966,-0.0036651916,-0.014049901,-0.0018325958,TONIC,4fc4d1339fb4
1776116536453,1506721803879088,8.825027,-0.19153613,-4.261679,0.0,-0.01160644,-0.0018325958,TONIC,4fc4d1339fb4
1776116536461,1506721811876248,8.844181,-0.19632454,-4.261679,-0.0012217305,-0.010995574,-0.0012217305,TONIC,4fc4d1339fb4
1776116536469,1506721819871026,8.827422,-0.21547815,-4.2640734,-0.0012217305,-0.010995574,0.0,TONIC,4fc4d1339fb4
1776116536477,1506721827865494,8.844181,-0.19632454,-4.27365,-0.0018325958,-0.009773844,-6.1086525E-4,TONIC,4fc4d1339fb4
1776116536485,1506721835860347,8.822633,-0.20590134,-4.280833,-0.002443461,-0.010995574,-6.1086525E-4,TONIC,4fc4d1339fb4
1776116536493,1506721843858431,8.813056,-0.22026655,-4.271256,-6.1086525E-4,-0.01282817,-6.1086525E-4,TONIC,4fc4d1339fb4
1776116536501,1506721851877592,8.822633,-0.20590134,-4.27365,-0.0030543262,-0.0061086523,0.0012217305,TONIC,4fc4d1339fb4
1776116536509,1506721859848908,8.829816,-0.19393034,-4.271256,-0.004276057,-0.005497787,0.0,TONIC,4fc4d1339fb4
1776116536517,1506721867875376,8.839393,-0.20111294,-4.2664676,-0.0030543262,-0.0012217305,6.1086525E-4,TONIC,4fc4d1339fb4
1776116536525,1506721875840614,8.825027,-0.19393034,-4.2760444,-6.1086525E-4,-0.0012217305,0.0012217305,TONIC,4fc4d1339fb4
1776116536533,1506721883982160,8.822633,-0.20590134,-4.268862,-0.005497787,-0.0018325958,0.0012217305,TONIC,4fc4d1339fb4
1776116536541,1506721891831705,8.834604,-0.20111294,-4.2544966,-0.002443461,0.0018325958,0.0012217305,TONIC,4fc4d1339fb4
1776116536549,1506721899856635,8.841787,-0.18674773,-4.2640734,-0.002443461,0.0012217305,-0.002443461,TONIC,4fc4d1339fb4
1776116536557,1506721907877566,8.839393,-0.17956513,-4.2521024,0.0,0.004276057,-0.0012217305,TONIC,4fc4d1339fb4
1776116536565,1506721915850804,8.839393,-0.19393034,-4.2544966,-0.0012217305,0.0018325958,0.0012217305,TONIC,4fc4d1339fb4
1776116536573,1506721923929657,8.827422,-0.20111294,-4.249708,-6.1086525E-4,0.0012217305,0.0030543262,TONIC,4fc4d1339fb4
1776116536581,1506721931841587,8.822633,-0.21308395,-4.2664676,0.0,0.0012217305,0.002443461,TONIC,4fc4d1339fb4
1776116536589,1506721939798902,8.839393,-0.20829555,-4.2544966,0.0,-0.004276057,0.0018325958,TONIC,4fc4d1339fb4
1776116536597,1506721947860372,8.848969,-0.19632454,-4.24492,-6.1086525E-4,-0.0030543262,0.0012217305,TONIC,4fc4d1339fb4
1776116536605,1506721955859148,8.844181,-0.20111294,-4.24492,0.0,-0.0067195175,0.0,TONIC,4fc4d1339fb4
1776116536613,1506721963938309,8.834604,-0.22026655,-4.261679,0.0012217305,-0.01038471,0.002443461,TONIC,4fc4d1339fb4
1776116536621,1506721971879162,8.825027,-0.20111294,-4.261679,-0.004276057,-0.012217305,0.0012217305,TONIC,4fc4d1339fb4
1776116536629,1506721979898938,8.820239,-0.20829555,-4.27365,6.1086525E-4,-0.008552114,-6.1086525E-4,TONIC,4fc4d1339fb4
1776116536637,1506721987838561,8.836999,-0.20829555,-4.2784386,0.0,-0.013439035,6.1086525E-4,TONIC,4fc4d1339fb4
1776116536645,1506721995863876,8.810662,-0.18674773,-4.295198,0.0,-0.007330383,-6.1086525E-4,TONIC,4fc4d1339fb4
1776116536653,1506722003885960,8.817844,-0.18195933,-4.3047748,0.0,-0.007330383,6.1086525E-4,TONIC,4fc4d1339fb4
1776116536661,1506722011857660,8.815451,-0.21787235,-4.2999864,0.0,-0.0012217305,0.0,TONIC,4fc4d1339fb4
1776116536669,1506722019877051,8.829816,-0.21787235,-4.295198,0.0,0.0036651916,0.0012217305,TONIC,4fc4d1339fb4
1776116536677,1506722027848520,8.848969,-0.21308395,-4.292804,6.1086525E-4,0.007330383,6.1086525E-4,TONIC,4fc4d1339fb4
1776116536685,1506722035842297,8.848969,-0.22026655,-4.2664676,0.0,0.010995574,0.002443461,TONIC,4fc4d1339fb4
1776116536693,1506722043955535,8.841787,-0.21308395,-4.259285,0.0,0.007330383,0.0018325958,TONIC,4fc4d1339fb4
1776116536701,1506722051833773,8.825027,-0.21308395,-4.261679,-0.0012217305,0.007941248,6.1086525E-4,TONIC,4fc4d1339fb4
1776116536709,1506722059885703,8.848969,-0.21068975,-4.259285,-0.0018325958,0.009162978,0.0,TONIC,4fc4d1339fb4
1776116536717,1506722067856479,8.841787,-0.20829555,-4.27365,-0.002443461,0.0067195175,6.1086525E-4,TONIC,4fc4d1339fb4
1776116536725,1506722075851025,8.839393,-0.20590134,-4.259285,0.0,0.004276057,-0.0012217305,TONIC,4fc4d1339fb4
1776116536733,1506722083963956,8.827422,-0.21308395,-4.261679,-0.0012217305,0.002443461,-6.1086525E-4,TONIC,4fc4d1339fb4
1776116536741,1506722091845732,8.841787,-0.20590134,-4.261679,-0.0018325958,0.004276057,-0.0012217305,TONIC,4fc4d1339fb4
1776116536749,1506722099802662,8.808268,-0.19393034,-4.2664676,0.0,0.007941248,-6.1086525E-4,TONIC,4fc4d1339fb4
1776116536757,1506722107866977,8.827422,-0.17717093,-4.2544966,-0.0012217305,0.010995574,-0.0030543262,TONIC,4fc4d1339fb4
1776116536765,1506722115861138,8.844181,-0.18435353,-4.2544966,-6.1086525E-4,0.01160644,-0.0018325958,TONIC,4fc4d1339fb4
1776116536773,1506722123972607,8.820239,-0.17477672,-4.261679,0.0030543262,0.013439035,-0.0012217305,TONIC,4fc4d1339fb4
1776116536781,1506722131852922,8.839393,-0.19153613,-4.261679,0.0,0.014660766,-0.0012217305,TONIC,4fc4d1339fb4
1776116536789,1506722139902775,8.846576,-0.21547815,-4.237737,-0.0012217305,0.01282817,-6.1086525E-4,TONIC,4fc4d1339fb4
1776116536797,1506722147874782,8.856153,-0.20350714,-4.249708,0.0030543262,0.015882496,-0.0012217305,TONIC,4fc4d1339fb4
1776116536805,1506722155802481,8.844181,-0.19871874,-4.223372,0.0036651916,0.015882496,-0.0012217305,TONIC,4fc4d1339fb4
1776116536813,1506722163867027,8.839393,-0.19871874,-4.213795,0.0012217305,0.01160644,0.0,TONIC,4fc4d1339fb4
1776116536821,1506722171861189,8.836999,-0.18435353,-4.223372,6.1086525E-4,0.005497787,-6.1086525E-4,TONIC,4fc4d1339fb4
1776116536829,1506722179855350,8.860941,-0.20111294,-4.235343,6.1086525E-4,0.0018325958,-6.1086525E-4,TONIC,4fc4d1339fb4
1776116536837,1506722187853818,8.856153,-0.19632454,-4.247314,6.1086525E-4,0.0,-6.1086525E-4,TONIC,4fc4d1339fb4
1776116536845,1506722195877287,8.8777,-0.18435353,-4.2401314,-6.1086525E-4,-0.004276057,-6.1086525E-4,TONIC,4fc4d1339fb4
1776116536853,1506722203989833,8.863335,-0.21547815,-4.223372,0.0018325958,-0.0036651916,0.0,TONIC,4fc4d1339fb4
1776116536861,1506722211839456,8.870518,-0.19632454,-4.232949,0.0012217305,-0.005497787,-0.0012217305,TONIC,4fc4d1339fb4
1776116536869,1506722219797924,8.860941,-0.21068975,-4.249708,0.0,-0.008552114,-0.002443461,TONIC,4fc4d1339fb4
1776116536877,1506722227861854,8.856153,-0.20590134,-4.237737,0.0,-0.009773844,-0.002443461,TONIC,4fc4d1339fb4
1776116536885,1506722235855169,8.848969,-0.21308395,-4.2425256,6.1086525E-4,-0.01038471,-0.002443461,TONIC,4fc4d1339fb4
1776116536893,1506722243876330,8.846576,-0.20829555,-4.259285,0.0036651916,-0.014049901,-0.0012217305,TONIC,4fc4d1339fb4
1776116536901,1506722251847414,8.848969,-0.22026655,-4.261679,0.0,-0.015271631,-0.0012217305,TONIC,4fc4d1339fb4
1776116536909,1506722259873268,8.841787,-0.21547815,-4.285621,6.1086525E-4,-0.01282817,-0.0012217305,TONIC,4fc4d1339fb4
1776116536917,1506722267839198,8.813056,-0.21547815,-4.2640734,6.1086525E-4,-0.015271631,-0.0018325958,TONIC,4fc4d1339fb4
1776116536925,1506722275835513,8.832211,-0.22266077,-4.2784386,0.0036651916,-0.01038471,-6.1086525E-4,TONIC,4fc4d1339fb4
1776116536933,1506722283976443,8.844181,-0.19393034,-4.2640734,0.0036651916,-0.008552114,-0.0018325958,TONIC,4fc4d1339fb4
1776116536941,1506722291857373,8.834604,-0.19393034,-4.2904096,-6.1086525E-4,-0.01038471,-0.0012217305,TONIC,4fc4d1339fb4
1776116536949,1506722299937073,8.836999,-0.20111294,-4.283227,0.0012217305,-0.0067195175,-0.0018325958,TONIC,4fc4d1339fb4
1776116536957,1506722307879542,8.822633,-0.19393034,-4.285621,0.0,-0.0061086523,0.0012217305,TONIC,4fc4d1339fb4
1776116536965,1506722315873703,8.841787,-0.18195933,-4.2640734,-0.0030543262,-0.0036651916,0.0,TONIC,4fc4d1339fb4
1776116536973,1506722323868787,8.829816,-0.20590134,-4.261679,6.1086525E-4,0.0012217305,0.002443461,TONIC,4fc4d1339fb4
1776116536981,1506722331863563,8.825027,-0.18914193,-4.27365,0.0,0.002443461,6.1086525E-4,TONIC,4fc4d1339fb4
1776116536989,1506722339860494,8.808268,-0.19153613,-4.268862,0.0,0.0030543262,6.1086525E-4,TONIC,4fc4d1339fb4
1776116536997,1506722347855578,8.817844,-0.19153613,-4.2640734,-0.0012217305,0.002443461,0.0012217305,TONIC,4fc4d1339fb4
1776116537005,1506722355849739,8.815451,-0.20111294,-4.2760444,0.0,6.1086525E-4,6.1086525E-4,TONIC,4fc4d1339fb4
1776116537013,1506722363932515,8.834604,-0.19393034,-4.2880154,-0.0012217305,-0.0012217305,0.0030543262,TONIC,4fc4d1339fb4
1776116537021,1506722371843907,8.820239,-0.20350714,-4.2904096,0.0012217305,0.0030543262,0.002443461,TONIC,4fc4d1339fb4
1776116537029,1506722379837375,8.820239,-0.21068975,-4.271256,0.0,0.0030543262,0.0036651916,TONIC,4fc4d1339fb4
1776116537037,1506722387863537,8.846576,-0.20590134,-4.261679,0.0,0.0061086523,0.0036651916,TONIC,4fc4d1339fb4
1776116537045,1506722395860159,8.815451,-0.20829555,-4.2521024,-0.002443461,0.008552114,0.002443461,TONIC,4fc4d1339fb4
1776116537053,1506722403941090,8.839393,-0.20590134,-4.237737,-6.1086525E-4,0.009162978,0.0030543262,TONIC,4fc4d1339fb4
1776116537061,1506722411852789,8.836999,-0.19871874,-4.259285,-0.0036651916,0.0067195175,0.002443461,TONIC,4fc4d1339fb4
1776116537069,1506722419901796,8.846576,-0.21787235,-4.2425256,-0.0012217305,0.0067195175,0.0030543262,TONIC,4fc4d1339fb4
1776116537077,1506722427873112,8.860941,-0.21787235,-4.261679,-6.1086525E-4,0.004886922,6.1086525E-4,TONIC,4fc4d1339fb4
1776116537085,1506722435870349,8.853758,-0.21547815,-4.2640734,-0.0012217305,0.0036651916,0.0012217305,TONIC,4fc4d1339fb4
1776116537093,1506722443949741,8.836999,-0.20590134,-4.259285,0.0012217305,0.004886922,6.1086525E-4,TONIC,4fc4d1339fb4
1776116537101,1506722451828286,8.848969,-0.20111294,-4.2425256,-6.1086525E-4,0.005497787,0.0,TONIC,4fc4d1339fb4
1776116537109,1506722459879909,8.846576,-0.18914193,-4.2305546,0.0030543262,0.007941248,0.0,TONIC,4fc4d1339fb4
1776116537117,1506722467851070,8.846576,-0.19632454,-4.2281604,-6.1086525E-4,0.004276057,-6.1086525E-4,TONIC,4fc4d1339fb4
1776116537125,1506722475875616,8.863335,-0.20829555,-4.2401314,-0.0012217305,6.1086525E-4,0.0012217305,TONIC,4fc4d1339fb4
1776116537133,1506722483965239,8.846576,-0.20829555,-4.2401314,-6.1086525E-4,-6.1086525E-4,0.0,TONIC,4fc4d1339fb4
1776116537141,1506722491867630,8.860941,-0.20590134,-4.24492,-6.1086525E-4,-0.002443461,0.0012217305,TONIC,4fc4d1339fb4
1776116537149,1506722499888560,8.851364,-0.22026655,-4.268862,6.1086525E-4,-6.1086525E-4,-6.1086525E-4,TONIC,4fc4d1339fb4
1776116537157,1506722507860952,8.856153,-0.19153613,-4.256891,0.0,-0.004276057,-6.1086525E-4,TONIC,4fc4d1339fb4
1776116537165,1506722515856345,8.863335,-0.20590134,-4.2544966,6.1086525E-4,-0.0030543262,-0.0018325958,TONIC,4fc4d1339fb4
1776116537173,1506722523966813,8.844181,-0.21308395,-4.2521024,0.0,-0.002443461,0.0,TONIC,4fc4d1339fb4
1776116537181,1506722531848051,8.848969,-0.20829555,-4.237737,0.0,-0.002443461,-0.0012217305,TONIC,4fc4d1339fb4
1776116537189,1506722539896981,8.844181,-0.20350714,-4.2544966,0.0012217305,-0.0036651916,-6.1086525E-4,TONIC,4fc4d1339fb4
1776116537197,1506722547869219,8.829816,-0.20111294,-4.271256,-6.1086525E-4,-0.0036651916,-0.002443461,TONIC,4fc4d1339fb4
1776116537205,1506722555862226,8.822633,-0.21308395,-4.2521024,-0.0012217305,-0.0030543262,-0.0012217305,TONIC,4fc4d1339fb4
1776116537213,1506722563975465,8.825027,-0.18674773,-4.24492,-6.1086525E-4,-0.0036651916,-0.0018325958,TONIC,4fc4d1339fb4
1776116537221,1506722571856395,8.834604,-0.20590134,-4.256891,-0.0018325958,-0.0067195175,-0.002443461,TONIC,4fc4d1339fb4
1776116537229,1506722579936094,8.825027,-0.21547815,-4.2760444,0.0,-0.005497787,-6.1086525E-4,TONIC,4fc4d1339fb4
1776116537237,1506722587847486,8.825027,-0.18195933,-4.2425256,0.0,-0.005497787,6.1086525E-4,TONIC,4fc4d1339fb4
1776116537245,1506722595835800,8.844181,-0.20350714,-4.24492,-0.0036651916,-0.009162978,-0.0012217305,TONIC,4fc4d1339fb4
1776116537253,1506722603839732,8.841787,-0.19871874,-4.2401314,-0.0018325958,-0.007330383,-0.0018325958,TONIC,4fc4d1339fb4
1776116537261,1506722611827123,8.829816,-0.20111294,-4.2521024,0.0,-0.007941248,-0.0030543262,TONIC,4fc4d1339fb4
1776116537269,1506722619860746,8.834604,-0.20590134,-4.2640734,-0.0018325958,-0.007941248,-0.0030543262,TONIC,4fc4d1339fb4
1776116537277,1506722627853676,8.827422,-0.20111294,-4.2544966,-0.0018325958,-0.01282817,-0.0018325958,TONIC,4fc4d1339fb4
1776116537285,1506722635879452,8.839393,-0.20829555,-4.2664676,-0.0036651916,-0.010995574,-0.0012217305,TONIC,4fc4d1339fb4
1776116537293,1506722643877690,8.827422,-0.19393034,-4.27365,-0.0012217305,-0.01282817,-0.002443461,TONIC,4fc4d1339fb4
1776116537301,1506722651872390,8.817844,-0.19153613,-4.2904096,-6.1086525E-4,-0.008552114,-6.1086525E-4,TONIC,4fc4d1339fb4
1776116537309,1506722659867166,8.829816,-0.19153613,-4.285621,-6.1086525E-4,-0.008552114,-0.0018325958,TONIC,4fc4d1339fb4
1776116537317,1506722667863866,8.834604,-0.20111294,-4.268862,-0.0018325958,-0.007330383,-0.002443461,TONIC,4fc4d1339fb4
1776116537325,1506722675857950,8.820239,-0.19632454,-4.2784386,0.0,-0.005497787,-6.1086525E-4,TONIC,4fc4d1339fb4
1776116537333,1506722683854880,8.820239,-0.18674773,-4.2544966,-6.1086525E-4,-0.004276057,6.1086525E-4,TONIC,4fc4d1339fb4
1776116537341,1506722691881349,8.815451,-0.19393034,-4.2640734,6.1086525E-4,-0.0030543262,6.1086525E-4,TONIC,4fc4d1339fb4
1776116537349,1506722699876510,8.803479,-0.19393034,-4.280833,-6.1086525E-4,-0.0012217305,-6.1086525E-4,TONIC,4fc4d1339fb4
1776116537357,1506722707870363,8.808268,-0.18674773,-4.285621,0.0,0.0,6.1086525E-4,TONIC,4fc4d1339fb4
1776116537365,1506722715865986,8.813056,-0.18435353,-4.261679,6.1086525E-4,0.0012217305,-6.1086525E-4,TONIC,4fc4d1339fb4
1776116537373,1506722723862070,8.825027,-0.18674773,-4.280833,0.0012217305,0.002443461,6.1086525E-4,TONIC,4fc4d1339fb4
1776116537381,1506722731857692,8.813056,-0.19153613,-4.280833,0.0012217305,0.002443461,6.1086525E-4,TONIC,4fc4d1339fb4
1776116537389,1506722739853162,8.820239,-0.20829555,-4.2784386,6.1086525E-4,0.0036651916,0.0018325958,TONIC,4fc4d1339fb4
1776116537397,1506722747882092,8.834604,-0.18914193,-4.2880154,0.0012217305,0.007941248,0.0012217305,TONIC,4fc4d1339fb4
1776116537405,1506722755875022,8.832211,-0.19393034,-4.2521024,6.1086525E-4,0.005497787,0.002443461,TONIC,4fc4d1339fb4
1776116537413,1506722763872490,8.817844,-0.19871874,-4.2664676,0.0,0.007330383,0.0030543262,TONIC,4fc4d1339fb4
1776116537421,1506722771867343,8.829816,-0.20111294,-4.280833,0.0018325958,0.004886922,0.004276057,TONIC,4fc4d1339fb4
1776116537429,1506722779862967,8.829816,-0.22026655,-4.27365,0.0,0.0067195175,0.0030543262,TONIC,4fc4d1339fb4
1776116537437,1506722787859051,8.846576,-0.20590134,-4.256891,0.0,0.008552114,0.0030543262,TONIC,4fc4d1339fb4
1776116537445,1506722795853827,8.817844,-0.20111294,-4.2760444,6.1086525E-4,0.007941248,0.002443461,TONIC,4fc4d1339fb4
1776116537453,1506722803880911,8.834604,-0.22266077,-4.256891,0.0018325958,0.01038471,0.0030543262,TONIC,4fc4d1339fb4
1776116537461,1506722811876303,8.846576,-0.21547815,-4.27365,0.0,0.01160644,0.0030543262,TONIC,4fc4d1339fb4
1776116537469,1506722819840310,8.848969,-0.21308395,-4.280833,-6.1086525E-4,0.010995574,0.0012217305,TONIC,4fc4d1339fb4
1776116537477,1506722827797856,8.848969,-0.20350714,-4.2784386,6.1086525E-4,0.010995574,0.0012217305,TONIC,4fc4d1339fb4
1776116537485,1506722835864248,8.841787,-0.20111294,-4.2640734,0.0012217305,0.01038471,6.1086525E-4,TONIC,4fc4d1339fb4
1776116537493,1506722843858178,8.839393,-0.20829555,-4.259285,0.0018325958,0.012217305,6.1086525E-4,TONIC,4fc4d1339fb4
1776116537501,1506722851970108,8.856153,-0.19393034,-4.249708,0.0012217305,0.014660766,0.0012217305,TONIC,4fc4d1339fb4
1776116537509,1506722859850192,8.848969,-0.19393034,-4.2305546,0.0012217305,0.01282817,0.0012217305,TONIC,4fc4d1339fb4
1776116537517,1506722867875046,8.865729,-0.21068975,-4.2305546,0.0012217305,0.01160644,-6.1086525E-4,TONIC,4fc4d1339fb4
1776116537525,1506722875870130,8.853758,-0.21308395,-4.235343,0.0,0.007941248,0.0,TONIC,4fc4d1339fb4
1776116537533,1506722883836983,8.848969,-0.21308395,-4.2521024,0.0018325958,0.002443461,0.0012217305,TONIC,4fc4d1339fb4
1776116537541,1506722891861529,8.844181,-0.21308395,-4.27365,-6.1086525E-4,-0.0018325958,0.0,TONIC,4fc4d1339fb4
1776116537549,1506722899788997,8.853758,-0.20829555,-4.268862,0.002443461,-6.1086525E-4,-6.1086525E-4,TONIC,4fc4d1339fb4
1776116537557,1506722907854467,8.839393,-0.19871874,-4.2664676,0.0,0.0,0.0012217305,TONIC,4fc4d1339fb4
1776116537565,1506722915878551,8.848969,-0.20590134,-4.256891,0.0,0.002443461,6.1086525E-4,TONIC,4fc4d1339fb4
1776116537573,1506722923900096,8.839393,-0.20111294,-4.2425256,0.0012217305,0.002443461,0.0018325958,TONIC,4fc4d1339fb4
1776116537581,1506722931862796,8.856153,-0.20111294,-4.225766,0.0,0.002443461,0.0018325958,TONIC,4fc4d1339fb4
1776116537589,1506722939836649,8.868123,-0.22026655,-4.235343,0.0012217305,0.0030543262,0.0,TONIC,4fc4d1339fb4
1776116537597,1506722947863117,8.858546,-0.20829555,-4.232949,0.0,-0.0012217305,6.1086525E-4,TONIC,4fc4d1339fb4
1776116537605,1506722955857048,8.832211,-0.22505496,-4.235343,-6.1086525E-4,-0.004886922,0.0012217305,TONIC,4fc4d1339fb4
1776116537613,1506722963939209,8.836999,-0.21787235,-4.2640734,-6.1086525E-4,-0.0067195175,0.0,TONIC,4fc4d1339fb4
1776116537621,1506722971878524,8.836999,-0.21308395,-4.2544966,-0.0012217305,-0.01038471,0.0,TONIC,4fc4d1339fb4
1776116537629,1506722979930300,8.841787,-0.21308395,-4.256891,-0.002443461,-0.010995574,6.1086525E-4,TONIC,4fc4d1339fb4
1776116537637,1506722987871846,8.839393,-0.19632454,-4.261679,-0.0018325958,-0.01038471,0.0030543262,TONIC,4fc4d1339fb4
1776116537645,1506722995865084,8.829816,-0.21068975,-4.261679,-0.0018325958,-0.010995574,0.002443461,TONIC,4fc4d1339fb4
1776116537653,1506723003860784,8.841787,-0.20829555,-4.24492,-0.0030543262,-0.008552114,0.002443461,TONIC,4fc4d1339fb4
1776116537661,1506723011856483,8.834604,-0.21547815,-4.2664676,-0.0018325958,-0.009773844,0.0018325958,TONIC,4fc4d1339fb4
1776116537669,1506723019852413,8.827422,-0.21547815,-4.2544966,-0.0012217305,-0.007941248,0.0,TONIC,4fc4d1339fb4
1776116537677,1506723027878959,8.844181,-0.21068975,-4.2544966,-6.1086525E-4,-0.004886922,6.1086525E-4,TONIC,4fc4d1339fb4
1776116537685,1506723035874043,8.834604,-0.21308395,-4.2760444,-6.1086525E-4,-0.007330383,-0.002443461,TONIC,4fc4d1339fb4
1776116537693,1506723043925743,8.820239,-0.20350714,-4.27365,-0.0018325958,-0.007941248,-0.0012217305,TONIC,4fc4d1339fb4
1776116537701,1506723051868212,8.820239,-0.22505496,-4.280833,-6.1086525E-4,-0.0061086523,0.0,TONIC,4fc4d1339fb4
1776116537709,1506723059832219,8.827422,-0.20350714,-4.2640734,0.0018325958,-0.002443461,-0.0018325958,TONIC,4fc4d1339fb4
1776116537717,1506723067849379,8.825027,-0.22026655,-4.27365,-0.0012217305,-0.0061086523,-6.1086525E-4,TONIC,4fc4d1339fb4
1776116537725,1506723075853386,8.836999,-0.21068975,-4.2784386,-6.1086525E-4,-0.002443461,-0.0018325958,TONIC,4fc4d1339fb4
1776116537733,1506723083995548,8.827422,-0.21787235,-4.2880154,-0.0012217305,-0.0030543262,-6.1086525E-4,TONIC,4fc4d1339fb4
1776116537741,1506723091845094,8.810662,-0.20829555,-4.2664676,0.0,0.0,-6.1086525E-4,TONIC,4fc4d1339fb4
1776116537749,1506723099925716,8.841787,-0.20590134,-4.237737,-0.0012217305,0.0018325958,-6.1086525E-4,TONIC,4fc4d1339fb4
1776116537757,1506723107868262,8.841787,-0.19871874,-4.268862,0.0,0.005497787,-6.1086525E-4,TONIC,4fc4d1339fb4
1776116537765,1506723115862115,8.817844,-0.20590134,-4.259285,-0.0012217305,0.0061086523,-6.1086525E-4,TONIC,4fc4d1339fb4
1776116537773,1506723123912506,8.832211,-0.21068975,-4.259285,-6.1086525E-4,0.0067195175,0.0,TONIC,4fc4d1339fb4
1776116537781,1506723131852899,8.839393,-0.20111294,-4.2425256,-0.0012217305,0.004276057,-6.1086525E-4,TONIC,4fc4d1339fb4
1776116537789,1506723139812214,8.839393,-0.18674773,-4.259285,6.1086525E-4,0.005497787,-6.1086525E-4,TONIC,4fc4d1339fb4
1776116537797,1506723147843298,8.841787,-0.19632454,-4.2664676,0.0,0.0012217305,6.1086525E-4,TONIC,4fc4d1339fb4
1776116537805,1506723155841228,8.822633,-0.18674773,-4.259285,-0.0012217305,0.0036651916,-0.0018325958,TONIC,4fc4d1339fb4
1776116537813,1506723163951619,8.832211,-0.17717093,-4.2544966,-0.0012217305,0.0067195175,-6.1086525E-4,TONIC,4fc4d1339fb4
1776116537821,1506723171832628,8.844181,-0.19153613,-4.259285,-0.0012217305,0.0067195175,-0.0018325958,TONIC,4fc4d1339fb4
1776116537829,1506723179881788,8.836999,-0.17956513,-4.2425256,6.1086525E-4,0.010995574,-6.1086525E-4,TONIC,4fc4d1339fb4
1776116537837,1506723187854411,8.827422,-0.20350714,-4.247314,-6.1086525E-4,0.009162978,-6.1086525E-4,TONIC,4fc4d1339fb4
1776116537845,1506723195779110,8.851364,-0.20350714,-4.2401314,0.0018325958,0.008552114,6.1086525E-4,TONIC,4fc4d1339fb4
1776116537853,1506723203845271,8.844181,-0.18914193,-4.2425256,0.0,0.007330383,0.0012217305,TONIC,4fc4d1339fb4
1776116537861,1506723211955741,8.841787,-0.19393034,-4.249708,0.0018325958,0.007330383,6.1086525E-4,TONIC,4fc4d1339fb4
1776116537869,1506723219836901,8.836999,-0.19632454,-4.268862,6.1086525E-4,0.0018325958,0.002443461,TONIC,4fc4d1339fb4
1776116537877,1506723227885908,8.851364,-0.20829555,-4.2784386,0.0012217305,0.004886922,0.0012217305,TONIC,4fc4d1339fb4
1776116537885,1506723235856377,8.839393,-0.20350714,-4.261679,0.0012217305,0.0030543262,-0.0012217305,TONIC,4fc4d1339fb4
1776116537893,1506723243877230,8.829816,-0.20350714,-4.2425256,6.1086525E-4,0.0030543262,6.1086525E-4,TONIC,4fc4d1339fb4
1776116537901,1506723251848929,8.844181,-0.19393034,-4.2640734,-0.0018325958,0.004276057,0.0,TONIC,4fc4d1339fb4
1776116537909,1506723259960014,8.829816,-0.19393034,-4.2401314,-6.1086525E-4,0.0018325958,0.0018325958,TONIC,4fc4d1339fb4
1776116537917,1506723267870791,8.853758,-0.19393034,-4.237737,0.0,0.004276057,0.0,TONIC,4fc4d1339fb4
1776116537925,1506723275920721,8.839393,-0.18674773,-4.2401314,0.0012217305,0.007330383,0.002443461,TONIC,4fc4d1339fb4
1776116537933,1506723283829959,8.848969,-0.20111294,-4.249708,6.1086525E-4,0.004886922,0.0030543262,TONIC,4fc4d1339fb4
1776116537941,1506723291881350,8.853758,-0.19393034,-4.261679,6.1086525E-4,0.004886922,0.002443461,TONIC,4fc4d1339fb4
1776116537949,1506723299851203,8.836999,-0.21547815,-4.2425256,0.0018325958,0.0036651916,0.002443461,TONIC,4fc4d1339fb4
1776116537957,1506723307903134,8.858546,-0.21068975,-4.235343,-6.1086525E-4,0.0012217305,0.004276057,TONIC,4fc4d1339fb4
1776116537965,1506723315875757,8.853758,-0.23942018,-4.232949,0.0,-6.1086525E-4,0.002443461,TONIC,4fc4d1339fb4
1776116537973,1506723323802841,8.844181,-0.21547815,-4.2521024,0.0,-0.0018325958,6.1086525E-4,TONIC,4fc4d1339fb4
1776116537981,1506723331867156,8.870518,-0.23463176,-4.2305546,-0.0018325958,-0.0030543262,0.0012217305,TONIC,4fc4d1339fb4
1776116537989,1506723339861624,8.858546,-0.22744916,-4.2521024,0.0012217305,-0.004886922,0.0,TONIC,4fc4d1339fb4
1776116537997,1506723347881094,8.839393,-0.21547815,-4.256891,-6.1086525E-4,-0.005497787,6.1086525E-4,TONIC,4fc4d1339fb4
1776116538005,1506723355853101,8.839393,-0.20350714,-4.259285,-6.1086525E-4,-0.007941248,-6.1086525E-4,TONIC,4fc4d1339fb4
1776116538013,1506723363994569,8.829816,-0.19393034,-4.261679,-0.0018325958,-0.007941248,-0.002443461,TONIC,4fc4d1339fb4
1776116538021,1506723371898576,8.844181,-0.20350714,-4.27365,0.0,-0.0067195175,-0.0030543262,TONIC,4fc4d1339fb4
1776116538029,1506723379869737,8.839393,-0.21547815,-4.2521024,6.1086525E-4,-0.0067195175,-0.0018325958,TONIC,4fc4d1339fb4
1776116538037,1506723387833744,8.834604,-0.21068975,-4.2664676,-0.0012217305,-0.009162978,-0.0012217305,TONIC,4fc4d1339fb4
1776116538045,1506723395861444,8.822633,-0.21787235,-4.256891,-6.1086525E-4,-0.004886922,-0.0018325958,TONIC,4fc4d1339fb4
1776116538053,1506723403972528,8.825027,-0.20829555,-4.249708,0.0018325958,-0.004276057,-0.0030543262,TONIC,4fc4d1339fb4
1776116538061,1506723411853766,8.829816,-0.21068975,-4.2544966,-0.0018325958,-0.004886922,-0.0018325958,TONIC,4fc4d1339fb4
1776116538069,1506723419933158,8.832211,-0.19871874,-4.24492,-6.1086525E-4,-0.0061086523,-0.0012217305,TONIC,4fc4d1339fb4
1776116538077,1506723427872857,8.825027,-0.20590134,-4.2521024,-0.0018325958,-0.005497787,-0.002443461,TONIC,4fc4d1339fb4
1776116538085,1506723435830634,8.832211,-0.21787235,-4.249708,-0.0012217305,-0.007941248,-6.1086525E-4,TONIC,4fc4d1339fb4
1776116538093,1506723443866718,8.839393,-0.20350714,-4.2640734,-0.0018325958,-0.0061086523,-6.1086525E-4,TONIC,4fc4d1339fb4
1776116538101,1506723451946341,8.825027,-0.17956513,-4.261679,-6.1086525E-4,-0.004276057,-0.0012217305,TONIC,4fc4d1339fb4
1776116538109,1506723459887040,8.820239,-0.17956513,-4.27365,-0.0012217305,-0.0030543262,6.1086525E-4,TONIC,4fc4d1339fb4
1776116538117,1506723467851355,8.827422,-0.19393034,-4.256891,-6.1086525E-4,0.0012217305,0.0,TONIC,4fc4d1339fb4
1776116538125,1506723475848900,8.829816,-0.19393034,-4.259285,0.0,0.0036651916,0.0,TONIC,4fc4d1339fb4
1776116538133,1506723483873831,8.839393,-0.20350714,-4.261679,-6.1086525E-4,0.004276057,0.002443461,TONIC,4fc4d1339fb4
1776116538141,1506723491868608,8.839393,-0.21068975,-4.249708,-6.1086525E-4,0.007941248,0.0018325958,TONIC,4fc4d1339fb4
1776116538149,1506723499865153,8.836999,-0.20829555,-4.2425256,-6.1086525E-4,0.0067195175,0.0018325958,TONIC,4fc4d1339fb4
1776116538157,1506723507921160,8.815451,-0.21787235,-4.249708,-6.1086525E-4,0.007330383,0.0018325958,TONIC,4fc4d1339fb4
1776116538165,1506723515789167,8.829816,-0.20829555,-4.249708,-0.004276057,0.002443461,0.002443461,TONIC,4fc4d1339fb4
1776116538173,1506723523851714,8.836999,-0.20350714,-4.2401314,-0.0018325958,0.002443461,0.0018325958,TONIC,4fc4d1339fb4
1776116538181,1506723531869798,8.860941,-0.20350714,-4.27365,0.0012217305,0.0036651916,0.0018325958,TONIC,4fc4d1339fb4
1776116538189,1506723539843035,8.856153,-0.22266077,-4.27365,-0.0030543262,0.002443461,6.1086525E-4,TONIC,4fc4d1339fb4
1776116538197,1506723547868042,8.853758,-0.18435353,-4.256891,-0.0018325958,0.004886922,0.0012217305,TONIC,4fc4d1339fb4
1776116538205,1506723555863972,8.848969,-0.17717093,-4.2640734,-0.0012217305,0.004886922,-6.1086525E-4,TONIC,4fc4d1339fb4
1776116538213,1506723563945827,8.865729,-0.19153613,-4.2425256,-6.1086525E-4,0.0067195175,-0.0012217305,TONIC,4fc4d1339fb4
1776116538221,1506723571887141,8.848969,-0.20590134,-4.2401314,-0.002443461,0.009773844,-0.0012217305,TONIC,4fc4d1339fb4
1776116538229,1506723579881533,8.844181,-0.20111294,-4.247314,0.0,0.007330383,-6.1086525E-4,TONIC,4fc4d1339fb4
1776116538237,1506723587810540,8.836999,-0.21068975,-4.24492,-6.1086525E-4,0.0067195175,0.0012217305,TONIC,4fc4d1339fb4
1776116538245,1506723595841855,8.846576,-0.23223756,-4.223372,0.0,0.005497787,-0.0012217305,TONIC,4fc4d1339fb4
1776116538254,1506723604053863,8.817844,-0.20590134,-4.2401314,-6.1086525E-4,0.0,-6.1086525E-4,TONIC,4fc4d1339fb4
1776116538261,1506723611919485,8.836999,-0.20111294,-4.232949,0.0012217305,-0.0012217305,-6.1086525E-4,TONIC,4fc4d1339fb4
1776116538269,1506723619860107,8.841787,-0.21068975,-4.24492,-6.1086525E-4,-0.002443461,-0.002443461,TONIC,4fc4d1339fb4
1776116538277,1506723627856422,8.839393,-0.20590134,-4.261679,0.0012217305,-0.0030543262,-0.0018325958,TONIC,4fc4d1339fb4
1776116538285,1506723635884429,8.853758,-0.20350714,-4.259285,0.0012217305,-6.1086525E-4,-0.0012217305,TONIC,4fc4d1339fb4
1776116538293,1506723643962898,8.851364,-0.18914193,-4.24492,6.1086525E-4,0.0,-0.002443461,TONIC,4fc4d1339fb4
1776116538301,1506723651843829,8.846576,-0.17717093,-4.2305546,6.1086525E-4,-0.002443461,-0.0012217305,TONIC,4fc4d1339fb4
1776116538309,1506723659893297,8.836999,-0.19153613,-4.235343,6.1086525E-4,-0.0018325958,-0.0018325958,TONIC,4fc4d1339fb4
1776116538317,1506723667864381,8.839393,-0.20590134,-4.235343,0.0012217305,-0.004886922,0.0,TONIC,4fc4d1339fb4
1776116538325,1506723675851465,8.839393,-0.22026655,-4.2521024,0.005497787,-0.002443461,6.1086525E-4,TONIC,4fc4d1339fb4
1776116538333,1506723683856703,8.848969,-0.20590134,-4.2521024,6.1086525E-4,-0.0067195175,-6.1086525E-4,TONIC,4fc4d1339fb4
1776116538341,1506723691852402,8.851364,-0.22026655,-4.24492,0.0018325958,-0.0061086523,0.0012217305,TONIC,4fc4d1339fb4
1776116538349,1506723699846026,8.839393,-0.22266077,-4.2425256,-6.1086525E-4,-0.008552114,-6.1086525E-4,TONIC,4fc4d1339fb4
1776116538357,1506723707872802,8.836999,-0.23463176,-4.2544966,-6.1086525E-4,-0.010995574,0.0,TONIC,4fc4d1339fb4
1776116538365,1506723715801424,8.836999,-0.19632454,-4.2640734,6.1086525E-4,-0.008552114,-0.0012217305,TONIC,4fc4d1339fb4
1776116538373,1506723723864739,8.844181,-0.18914193,-4.2664676,-0.0012217305,-0.012217305,0.0,TONIC,4fc4d1339fb4
1776116538381,1506723731860746,8.844181,-0.20590134,-4.2640734,-0.0012217305,-0.010995574,-6.1086525E-4,TONIC,4fc4d1339fb4
1776116538389,1506723739884754,8.820239,-0.22026655,-4.2401314,-0.0030543262,-0.01282817,6.1086525E-4,TONIC,4fc4d1339fb4
1776116538397,1506723747852454,8.825027,-0.21308395,-4.261679,-0.004886922,-0.015271631,0.0012217305,TONIC,4fc4d1339fb4
1776116538405,1506723755846999,8.851364,-0.20590134,-4.2640734,-0.004886922,-0.013439035,0.0,TONIC,4fc4d1339fb4
1776116538413,1506723763958314,8.822633,-0.22984336,-4.27365,-0.0018325958,-0.012217305,0.0012217305,TONIC,4fc4d1339fb4
1776116538421,1506723771839859,8.841787,-0.19632454,-4.280833,-0.0018325958,-0.009773844,-0.0018325958,TONIC,4fc4d1339fb4
1776116538429,1506723779888482,8.836999,-0.21787235,-4.283227,-0.0018325958,-0.01038471,6.1086525E-4,TONIC,4fc4d1339fb4
1776116538437,1506723787860182,8.846576,-0.21547815,-4.27365,-0.0012217305,-0.004886922,0.0,TONIC,4fc4d1339fb4
1776116538445,1506723795853727,8.832211,-0.23223756,-4.271256,-0.0018325958,-0.0036651916,-0.0012217305,TONIC,4fc4d1339fb4
1776116538453,1506723803783658,8.829816,-0.22266077,-4.256891,-0.0030543262,-0.002443461,-0.0012217305,TONIC,4fc4d1339fb4
1776116538461,1506723811848203,8.825027,-0.20350714,-4.268862,-0.0018325958,-0.0036651916,-0.002443461,TONIC,4fc4d1339fb4
1776116538469,1506723819842979,8.815451,-0.20829555,-4.2544966,0.0,-0.002443461,-6.1086525E-4,TONIC,4fc4d1339fb4
1776116538477,1506723827836833,8.810662,-0.18674773,-4.2784386,-6.1086525E-4,-0.002443461,-0.002443461,TONIC,4fc4d1339fb4
1776116538485,1506723835763994,8.815451,-0.18674773,-4.285621,-0.0030543262,-0.004276057,-0.0018325958,TONIC,4fc4d1339fb4
1776116538493,1506723843860001,8.827422,-0.20111294,-4.280833,-0.002443461,-0.0012217305,-0.0018325958,TONIC,4fc4d1339fb4
1776116538501,1506723851787931,8.832211,-0.18435353,-4.268862,-6.1086525E-4,0.002443461,-0.0012217305,TONIC,4fc4d1339fb4
1776116538509,1506723859849785,8.827422,-0.18195933,-4.261679,-0.0018325958,0.007941248,-0.0012217305,TONIC,4fc4d1339fb4
1776116538517,1506723867901177,8.841787,-0.18674773,-4.249708,-6.1086525E-4,0.010995574,-0.002443461,TONIC,4fc4d1339fb4
1776116538525,1506723875840877,8.834604,-0.20829555,-4.2425256,0.0,0.013439035,-0.002443461,TONIC,4fc4d1339fb4
1776116538533,1506723883983961,8.829816,-0.20111294,-4.2401314,6.1086525E-4,0.01282817,-0.0018325958,TONIC,4fc4d1339fb4
1776116538541,1506723891831429,8.841787,-0.20829555,-4.24492,-6.1086525E-4,0.01038471,-0.002443461,TONIC,4fc4d1339fb4
1776116538549,1506723899914128,8.839393,-0.21068975,-4.259285,-0.002443461,0.007330383,-0.0012217305,TONIC,4fc4d1339fb4
1776116538557,1506723907853905,8.848969,-0.20829555,-4.2760444,0.0,0.0061086523,-0.002443461,TONIC,4fc4d1339fb4
1776116538565,1506723915780989,8.846576,-0.20829555,-4.295198,0.0,0.0030543262,-0.002443461,TONIC,4fc4d1339fb4
1776116538573,1506723923848074,8.822633,-0.20111294,-4.268862,6.1086525E-4,0.004886922,-0.002443461,TONIC,4fc4d1339fb4
1776116538581,1506723931872081,8.832211,-0.20350714,-4.261679,0.0,0.008552114,-0.0018325958,TONIC,4fc4d1339fb4
1776116538589,1506723939837318,8.846576,-0.20350714,-4.24492,-0.0012217305,0.01038471,-0.004276057,TONIC,4fc4d1339fb4
1776116538597,1506723947948941,8.853758,-0.17956513,-4.259285,0.0,0.01160644,-0.0018325958,TONIC,4fc4d1339fb4
1776116538605,1506723955859409,8.839393,-0.19871874,-4.2401314,-6.1086525E-4,0.013439035,-0.0018325958,TONIC,4fc4d1339fb4
1776116538613,1506723963940110,8.839393,-0.19153613,-4.2544966,0.004886922,0.014049901,-0.002443461,TONIC,4fc4d1339fb4
1776116538621,1506723971879501,8.844181,-0.17238252,-4.2281604,0.0,0.009162978,-0.0012217305,TONIC,4fc4d1339fb4
1776116538629,1506723979843816,8.836999,-0.19871874,-4.2281604,0.002443461,0.008552114,-6.1086525E-4,TONIC,4fc4d1339fb4
1776116538637,1506723987872131,8.848969,-0.18674773,-4.220978,0.0012217305,0.004276057,6.1086525E-4,TONIC,4fc4d1339fb4
1776116538645,1506723995867445,8.851364,-0.17477672,-4.249708,0.002443461,0.0030543262,0.0012217305,TONIC,4fc4d1339fb4
1776116538653,1506724003796069,8.848969,-0.20829555,-4.247314,0.0018325958,-6.1086525E-4,0.0,TONIC,4fc4d1339fb4
1776116538661,1506724011859537,8.856153,-0.20590134,-4.2521024,0.0012217305,6.1086525E-4,0.0,TONIC,4fc4d1339fb4
1776116538669,1506724019909391,8.846576,-0.21308395,-4.2544966,0.0012217305,0.0,6.1086525E-4,TONIC,4fc4d1339fb4
1776116538677,1506724027880705,8.872911,-0.20111294,-4.24492,0.0030543262,0.0012217305,0.0018325958,TONIC,4fc4d1339fb4
1776116538685,1506724035874328,8.851364,-0.20829555,-4.2305546,0.0018325958,-6.1086525E-4,0.0012217305,TONIC,4fc4d1339fb4
1776116538693,1506724043872797,8.841787,-0.21308395,-4.232949,0.0012217305,-0.0012217305,0.002443461,TONIC,4fc4d1339fb4
1776116538701,1506724051835573,8.856153,-0.21308395,-4.24492,0.0018325958,-0.004276057,0.0,TONIC,4fc4d1339fb4
1776116538709,1506724059917965,8.832211,-0.20590134,-4.259285,6.1086525E-4,-0.007330383,6.1086525E-4,TONIC,4fc4d1339fb4
1776116538717,1506724067858587,8.851364,-0.22984336,-4.24492,0.0012217305,-0.009773844,0.002443461,TONIC,4fc4d1339fb4
1776116538725,1506724075817671,8.836999,-0.20829555,-4.2521024,6.1086525E-4,-0.008552114,0.0012217305,TONIC,4fc4d1339fb4
1776116538733,1506724083851602,8.848969,-0.21547815,-4.256891,6.1086525E-4,-0.013439035,0.0018325958,TONIC,4fc4d1339fb4
1776116538741,1506724091844763,8.844181,-0.19153613,-4.259285,-0.0012217305,-0.01038471,0.0030543262,TONIC,4fc4d1339fb4
1776116538749,1506724099842001,8.848969,-0.21787235,-4.256891,-6.1086525E-4,-0.009162978,0.002443461,TONIC,4fc4d1339fb4
1776116538757,1506724107891624,8.856153,-0.22744916,-4.271256,-0.0012217305,-0.0067195175,0.002443461,TONIC,4fc4d1339fb4
1776116538765,1506724115863323,8.822633,-0.20590134,-4.259285,-0.0012217305,-0.0067195175,0.0018325958,TONIC,4fc4d1339fb4
1776116538773,1506724123850099,8.841787,-0.19632454,-4.256891,-0.002443461,-0.007330383,6.1086525E-4,TONIC,4fc4d1339fb4
1776116538781,1506724131853107,8.832211,-0.20111294,-4.2544966,-0.0012217305,-0.007330383,0.0018325958,TONIC,4fc4d1339fb4
1776116538789,1506724139879037,8.822633,-0.22266077,-4.268862,-6.1086525E-4,-0.009162978,0.0012217305,TONIC,4fc4d1339fb4
1776116538797,1506724147877506,8.832211,-0.21308395,-4.280833,-0.0012217305,-0.009773844,0.002443461,TONIC,4fc4d1339fb4
1776116538805,1506724155834744,8.825027,-0.20829555,-4.2784386,-0.0018325958,-0.009773844,6.1086525E-4,TONIC,4fc4d1339fb4
1776116538813,1506724163837135,8.834604,-0.20111294,-4.280833,-0.0030543262,-0.009162978,0.0018325958,TONIC,4fc4d1339fb4
1776116538821,1506724171887065,8.820239,-0.21068975,-4.2760444,-0.002443461,-0.0067195175,6.1086525E-4,TONIC,4fc4d1339fb4
1776116538829,1506724179858073,8.846576,-0.19871874,-4.271256,-0.002443461,-0.0061086523,0.002443461,TONIC,4fc4d1339fb4
1776116538837,1506724187883311,8.836999,-0.19632454,-4.2760444,0.0012217305,-0.0012217305,0.0012217305,TONIC,4fc4d1339fb4
1776116538845,1506724195812857,8.834604,-0.18435353,-4.271256,-0.0018325958,6.1086525E-4,0.0018325958,TONIC,4fc4d1339fb4
1776116538853,1506724203845171,8.832211,-0.19393034,-4.271256,-0.0012217305,0.0036651916,6.1086525E-4,TONIC,4fc4d1339fb4
1776116538861,1506724211926178,8.820239,-0.18435353,-4.271256,-0.0012217305,0.0067195175,0.002443461,TONIC,4fc4d1339fb4
1776116538869,1506724219835108,8.822633,-0.20590134,-4.24492,-0.0018325958,0.004886922,0.0018325958,TONIC,4fc4d1339fb4
1776116538877,1506724227922116,8.832211,-0.20111294,-4.256891,-0.005497787,0.0030543262,0.0018325958,TONIC,4fc4d1339fb4
1776116538885,1506724235857893,8.841787,-0.20829555,-4.256891,-0.005497787,6.1086525E-4,0.0012217305,TONIC,4fc4d1339fb4
1776116538893,1506724243908592,8.844181,-0.19632454,-4.2544966,-0.002443461,0.0018325958,-0.0018325958,TONIC,4fc4d1339fb4
1776116538901,1506724251848368,8.853758,-0.20111294,-4.2664676,-0.0012217305,0.0018325958,6.1086525E-4,TONIC,4fc4d1339fb4
1776116538909,1506724259930452,8.846576,-0.20829555,-4.261679,-0.0012217305,0.0012217305,6.1086525E-4,TONIC,4fc4d1339fb4
1776116538917,1506724267869306,8.851364,-0.19393034,-4.2640734,6.1086525E-4,0.0030543262,-6.1086525E-4,TONIC,4fc4d1339fb4
1776116538925,1506724275799467,8.822633,-0.20590134,-4.249708,0.0,0.002443461,0.0,TONIC,4fc4d1339fb4
1776116538933,1506724283862859,8.825027,-0.19393034,-4.2425256,-6.1086525E-4,6.1086525E-4,-0.0012217305,TONIC,4fc4d1339fb4
1776116538941,1506724291858174,8.825027,-0.22505496,-4.24492,0.0,-0.0036651916,0.0012217305,TONIC,4fc4d1339fb4
1776116538949,1506724299908411,8.832211,-0.20590134,-4.2425256,0.0030543262,-0.0036651916,-0.0012217305,TONIC,4fc4d1339fb4
1776116538957,1506724307881266,8.834604,-0.20590134,-4.259285,-6.1086525E-4,-0.005497787,-6.1086525E-4,TONIC,4fc4d1339fb4
1776116538965,1506724315874503,8.834604,-0.20829555,-4.268862,0.0,-0.002443461,-0.0030543262,TONIC,4fc4d1339fb4
1776116538973,1506724323871741,8.839393,-0.18195933,-4.280833,-0.0012217305,-0.0018325958,-0.0036651916,TONIC,4fc4d1339fb4
1776116538981,1506724331864441,8.825027,-0.19153613,-4.2640734,6.1086525E-4,-0.0018325958,-0.0030543262,TONIC,4fc4d1339fb4
1776116538989,1506724339860448,8.846576,-0.18914193,-4.2664676,0.0012217305,-0.0012217305,-0.0030543262,TONIC,4fc4d1339fb4
1776116538997,1506724347856070,8.846576,-0.21068975,-4.2664676,0.0012217305,0.0018325958,-0.0030543262,TONIC,4fc4d1339fb4
1776116539005,1506724355847155,8.836999,-0.20590134,-4.249708,0.0012217305,0.0030543262,-0.0030543262,TONIC,4fc4d1339fb4
1776116539013,1506724363849393,8.856153,-0.18674773,-4.2640734,0.0012217305,0.0036651916,-0.002443461,TONIC,4fc4d1339fb4
1776116539021,1506724371842938,8.846576,-0.19871874,-4.2521024,-0.0012217305,0.0036651916,-0.0036651916,TONIC,4fc4d1339fb4
1776116539029,1506724379839176,8.834604,-0.18674773,-4.247314,0.005497787,0.004276057,-0.004276057,TONIC,4fc4d1339fb4
1776116539037,1506724387834875,8.827422,-0.20350714,-4.2544966,0.0012217305,0.0036651916,-0.004276057,TONIC,4fc4d1339fb4
1776116539045,1506724395862652,8.836999,-0.21068975,-4.247314,0.002443461,0.0030543262,-0.0018325958,TONIC,4fc4d1339fb4
1776116539053,1506724403942890,8.836999,-0.17956513,-4.2664676,0.0012217305,6.1086525E-4,-0.0018325958,TONIC,4fc4d1339fb4
1776116539061,1506724411853359,8.817844,-0.19153613,-4.261679,0.0,-0.0018325958,-0.002443461,TONIC,4fc4d1339fb4
1776116539069,1506724419934058,8.817844,-0.18674773,-4.2664676,6.1086525E-4,0.0,-6.1086525E-4,TONIC,4fc4d1339fb4
1776116539077,1506724427874373,8.815451,-0.18435353,-4.2640734,0.0018325958,0.0,-6.1086525E-4,TONIC,4fc4d1339fb4
1776116539085,1506724435869380,8.817844,-0.17956513,-4.2521024,0.0,6.1086525E-4,0.0,TONIC,4fc4d1339fb4
1776116539093,1506724443951542,8.839393,-0.19393034,-4.2640734,0.0012217305,0.002443461,6.1086525E-4,TONIC,4fc4d1339fb4
1776116539101,1506724451863010,8.832211,-0.17717093,-4.235343,0.0018325958,0.0030543262,0.0012217305,TONIC,4fc4d1339fb4
1776116539109,1506724459855940,8.839393,-0.19153613,-4.2401314,6.1086525E-4,0.0,0.002443461,TONIC,4fc4d1339fb4
1776116539117,1506724467851871,8.832211,-0.20111294,-4.249708,6.1086525E-4,0.0,0.0036651916,TONIC,4fc4d1339fb4
1776116539125,1506724475848262,8.839393,-0.21068975,-4.2640734,-6.1086525E-4,-0.0036651916,0.0036651916,TONIC,4fc4d1339fb4
1776116539133,1506724483876578,8.820239,-0.20829555,-4.2784386,6.1086525E-4,-0.004276057,0.0030543262,TONIC,4fc4d1339fb4
1776116539141,1506724491870739,8.836999,-0.19632454,-4.256891,0.0,0.0,0.004276057,TONIC,4fc4d1339fb4
1776116539149,1506724499890361,8.817844,-0.20590134,-4.256891,0.0,-0.0036651916,0.0036651916,TONIC,4fc4d1339fb4
1776116539157,1506724507831291,8.827422,-0.20829555,-4.261679,-0.002443461,-0.0012217305,0.0036651916,TONIC,4fc4d1339fb4
1776116539165,1506724515857144,8.825027,-0.22744916,-4.268862,-0.0036651916,-0.0018325958,0.0036651916,TONIC,4fc4d1339fb4
1776116539173,1506724523968614,8.863335,-0.20111294,-4.283227,-0.0012217305,6.1086525E-4,0.004276057,TONIC,4fc4d1339fb4
1776116539181,1506724531849467,8.834604,-0.23223756,-4.2640734,-6.1086525E-4,0.0018325958,0.0030543262,TONIC,4fc4d1339fb4
1776116539189,1506724539959936,8.834604,-0.21547815,-4.259285,-0.0012217305,-6.1086525E-4,0.0036651916,TONIC,4fc4d1339fb4
1776116539197,1506724547838173,8.832211,-0.22266077,-4.2760444,-6.1086525E-4,0.0018325958,0.0018325958,TONIC,4fc4d1339fb4
1776116539205,1506724555864873,8.853758,-0.21308395,-4.2664676,0.0018325958,0.0036651916,0.002443461,TONIC,4fc4d1339fb4
1776116539213,1506724563862495,8.841787,-0.20829555,-4.271256,-0.0012217305,6.1086525E-4,0.0012217305,TONIC,4fc4d1339fb4
1776116539221,1506724571855965,8.844181,-0.21068975,-4.256891,-0.0018325958,0.0,0.0,TONIC,4fc4d1339fb4
1776116539229,1506724579882741,8.829816,-0.22744916,-4.24492,-6.1086525E-4,0.0018325958,-0.0012217305,TONIC,4fc4d1339fb4
1776116539237,1506724587849517,8.829816,-0.20590134,-4.268862,0.0018325958,0.0036651916,-0.0012217305,TONIC,4fc4d1339fb4
1776116539245,1506724595872986,8.856153,-0.20111294,-4.259285,0.0,0.004886922,0.0,TONIC,4fc4d1339fb4
1776116539253,1506724603924916,8.848969,-0.19632454,-4.2664676,-0.0018325958,0.0030543262,-0.0018325958,TONIC,4fc4d1339fb4
1776116539261,1506724611833615,8.836999,-0.20590134,-4.271256,-0.0012217305,0.004276057,-6.1086525E-4,TONIC,4fc4d1339fb4
1776116539269,1506724619916008,8.853758,-0.20350714,-4.27365,0.0012217305,0.0061086523,-0.002443461,TONIC,4fc4d1339fb4
1776116539277,1506724627855707,8.860941,-0.20111294,-4.2425256,-6.1086525E-4,0.01038471,-0.0030543262,TONIC,4fc4d1339fb4
1776116539285,1506724635851714,8.863335,-0.18435353,-4.2401314,-0.0012217305,0.009162978,-0.0036651916,TONIC,4fc4d1339fb4
1776116539293,1506724643994490,8.848969,-0.18914193,-4.2425256,0.0,0.007941248,-0.0036651916,TONIC,4fc4d1339fb4
1776116539301,1506724651844651,8.853758,-0.19871874,-4.237737,-0.0018325958,0.004886922,-0.0012217305,TONIC,4fc4d1339fb4
1776116539309,1506724659929659,8.848969,-0.21547815,-4.2544966,-0.0030543262,0.002443461,-0.0036651916,TONIC,4fc4d1339fb4
1776116539317,1506724667889666,8.844181,-0.20350714,-4.256891,-0.0012217305,0.0,-0.0018325958,TONIC,4fc4d1339fb4
1776116539325,1506724675859750,8.834604,-0.18195933,-4.259285,-0.0012217305,-6.1086525E-4,-0.0012217305,TONIC,4fc4d1339fb4
1776116539333,1506724683941988,8.832211,-0.19871874,-4.259285,0.0,-0.0012217305,-0.0018325958,TONIC,4fc4d1339fb4
1776116539341,1506724691851149,8.839393,-0.18674773,-4.235343,0.0,-0.0012217305,-6.1086525E-4,TONIC,4fc4d1339fb4
1776116539349,1506724699933311,8.829816,-0.16759412,-4.24492,0.0018325958,-6.1086525E-4,-0.0012217305,TONIC,4fc4d1339fb4
1776116539357,1506724707873626,8.856153,-0.18195933,-4.2305546,-0.0018325958,-0.0018325958,-0.0018325958,TONIC,4fc4d1339fb4
1776116539365,1506724715868171,8.834604,-0.20111294,-4.2305546,6.1086525E-4,-0.0036651916,-6.1086525E-4,TONIC,4fc4d1339fb4
1776116539373,1506724723889409,8.836999,-0.19153613,-4.2544966,0.0012217305,-0.004886922,0.0018325958,TONIC,4fc4d1339fb4
1776116539381,1506724731859800,8.820239,-0.18435353,-4.249708,0.0018325958,-0.004886922,0.0012217305,TONIC,4fc4d1339fb4
1776116539389,1506724739855269,8.839393,-0.19871874,-4.2425256,-0.002443461,-0.008552114,0.0018325958,TONIC,4fc4d1339fb4
1776116539397,1506724747850662,8.827422,-0.19393034,-4.247314,0.0012217305,-0.009162978,-6.1086525E-4,TONIC,4fc4d1339fb4
1776116539405,1506724755877976,8.839393,-0.20350714,-4.2640734,0.0,-0.01160644,0.0018325958,TONIC,4fc4d1339fb4
1776116539413,1506724763989676,8.839393,-0.20350714,-4.283227,-0.0030543262,-0.014049901,0.0012217305,TONIC,4fc4d1339fb4
1776116539421,1506724771837760,8.832211,-0.19632454,-4.27365,0.0,-0.01160644,0.0036651916,TONIC,4fc4d1339fb4
1776116539429,1506724779950382,8.846576,-0.18914193,-4.2640734,-0.0036651916,-0.01282817,0.0036651916,TONIC,4fc4d1339fb4
1776116539437,1506724787861082,8.832211,-0.19632454,-4.2664676,-0.0012217305,-0.007330383,0.0030543262,TONIC,4fc4d1339fb4
1776116539445,1506724795854397,8.813056,-0.21547815,-4.2521024,-6.1086525E-4,-0.0061086523,0.0030543262,TONIC,4fc4d1339fb4
1776116539453,1506724803850943,8.834604,-0.20829555,-4.261679,6.1086525E-4,-0.004886922,0.0030543262,TONIC,4fc4d1339fb4
1776116539461,1506724811847565,8.829816,-0.21308395,-4.24492,0.0012217305,-0.005497787,0.002443461,TONIC,4fc4d1339fb4
1776116539469,1506724819773803,8.817844,-0.20350714,-4.261679,0.0,-0.0067195175,0.0030543262,TONIC,4fc4d1339fb4
1776116539477,1506724827869425,8.820239,-0.20350714,-4.283227,-0.0012217305,-0.007941248,0.0036651916,TONIC,4fc4d1339fb4
1776116539485,1506724835863279,8.827422,-0.20590134,-4.2784386,6.1086525E-4,-0.0036651916,0.0036651916,TONIC,4fc4d1339fb4
1776116539493,1506724843730056,8.829816,-0.19153613,-4.2784386,-0.0012217305,-0.0061086523,0.002443461,TONIC,4fc4d1339fb4
1776116539501,1506724851856832,8.813056,-0.19632454,-4.285621,-0.0018325958,-0.0030543262,0.002443461,TONIC,4fc4d1339fb4
1776116539509,1506724859852608,8.829816,-0.20829555,-4.271256,-0.002443461,-6.1086525E-4,0.0036651916,TONIC,4fc4d1339fb4
1776116539517,1506724867848307,8.820239,-0.21068975,-4.285621,-0.0018325958,0.002443461,0.002443461,TONIC,4fc4d1339fb4
1776116539525,1506724875872238,8.817844,-0.19393034,-4.261679,0.0,0.002443461,0.002443461,TONIC,4fc4d1339fb4
1776116539533,1506724883801784,8.817844,-0.21547815,-4.2784386,-6.1086525E-4,0.0030543262,0.004276057,TONIC,4fc4d1339fb4
1776116539541,1506724891863099,8.832211,-0.21068975,-4.2784386,-0.0018325958,0.005497787,0.0030543262,TONIC,4fc4d1339fb4
1776116539549,1506724899861875,8.839393,-0.19871874,-4.285621,-0.0018325958,0.004886922,0.0018325958,TONIC,4fc4d1339fb4
1776116539557,1506724907941190,8.817844,-0.22026655,-4.268862,-0.0018325958,0.005497787,0.0036651916,TONIC,4fc4d1339fb4
1776116539565,1506724915883735,8.825027,-0.19393034,-4.259285,-0.0018325958,0.007941248,0.0030543262,TONIC,4fc4d1339fb4
1776116539573,1506724923962820,8.832211,-0.21068975,-4.2760444,-6.1086525E-4,0.009773844,0.0018325958,TONIC,4fc4d1339fb4
1776116539581,1506724931842519,8.827422,-0.19393034,-4.2760444,-0.0012217305,0.010995574,0.002443461,TONIC,4fc4d1339fb4
1776116539589,1506724939893219,8.817844,-0.21308395,-4.2521024,-6.1086525E-4,0.01160644,0.0030543262,TONIC,4fc4d1339fb4
1776116539597,1506724947865303,8.846576,-0.20829555,-4.247314,-0.0018325958,0.007330383,0.0,TONIC,4fc4d1339fb4
1776116539605,1506724955858464,8.844181,-0.19393034,-4.2425256,-0.0030543262,0.0036651916,0.0012217305,TONIC,4fc4d1339fb4
1776116539613,1506724963971472,8.832211,-0.18674773,-4.24492,-6.1086525E-4,0.009773844,0.0018325958,TONIC,4fc4d1339fb4
1776116539621,1506724971850248,8.829816,-0.17956513,-4.235343,-0.002443461,0.004886922,0.002443461,TONIC,4fc4d1339fb4
1776116539629,1506724979876332,8.858546,-0.20350714,-4.2521024,-0.0012217305,0.004276057,6.1086525E-4,TONIC,4fc4d1339fb4
1776116539637,1506724987873339,8.844181,-0.18674773,-4.2425256,6.1086525E-4,0.005497787,0.0,TONIC,4fc4d1339fb4
1776116539645,1506724995923423,8.870518,-0.19393034,-4.24492,0.0,0.004886922,0.0012217305,TONIC,4fc4d1339fb4
1776116539653,1506725003836045,8.860941,-0.19153613,-4.2664676,0.0,0.0036651916,0.0030543262,TONIC,4fc4d1339fb4
1776116539661,1506725011860130,8.834604,-0.19632454,-4.24492,0.0012217305,0.0030543262,0.002443461,TONIC,4fc4d1339fb4
1776116539669,1506725019940752,8.856153,-0.18674773,-4.2401314,-0.0018325958,0.004276057,0.0012217305,TONIC,4fc4d1339fb4
1776116539677,1506725027882606,8.834604,-0.20829555,-4.2425256,-6.1086525E-4,0.0018325958,0.0030543262,TONIC,4fc4d1339fb4
1776116539685,1506725035875843,8.829816,-0.20829555,-4.247314,0.0036651916,0.0030543262,0.0018325958,TONIC,4fc4d1339fb4
1776116539693,1506725043958235,8.829816,-0.20829555,-4.259285,-6.1086525E-4,-0.0036651916,0.0,TONIC,4fc4d1339fb4
1776116539701,1506725051831782,8.820239,-0.20350714,-4.2640734,-6.1086525E-4,-0.004276057,0.0,TONIC,4fc4d1339fb4
1776116539709,1506725059864481,8.832211,-0.20350714,-4.27365,-0.0030543262,-0.007330383,0.0012217305,TONIC,4fc4d1339fb4
1776116539717,1506725067858026,8.841787,-0.20590134,-4.249708,0.0030543262,-0.0036651916,0.0012217305,TONIC,4fc4d1339fb4
1776116539725,1506725075886880,8.844181,-0.19632454,-4.259285,6.1086525E-4,-0.004886922,0.0,TONIC,4fc4d1339fb4
1776116539733,1506725083966656,8.841787,-0.19393034,-4.256891,-6.1086525E-4,-0.004276057,-0.002443461,TONIC,4fc4d1339fb4
1776116539741,1506725091847278,8.841787,-0.19871874,-4.280833,-6.1086525E-4,-0.0012217305,0.0,TONIC,4fc4d1339fb4
1776116539749,1506725099896825,8.848969,-0.19632454,-4.27365,0.0,0.0,6.1086525E-4,TONIC,4fc4d1339fb4
1776116539757,1506725107866601,8.822633,-0.19393034,-4.261679,0.0,6.1086525E-4,0.0,TONIC,4fc4d1339fb4
1776116539765,1506725115862608,8.848969,-0.21308395,-4.256891,0.0012217305,0.0,6.1086525E-4,TONIC,4fc4d1339fb4
1776116539773,1506725123975307,8.839393,-0.21547815,-4.256891,0.0018325958,0.004276057,-6.1086525E-4,TONIC,4fc4d1339fb4
1776116539781,1506725131856237,8.825027,-0.20590134,-4.27365,0.0012217305,0.002443461,0.0012217305,TONIC,4fc4d1339fb4
1776116539789,1506725139905476,8.832211,-0.21068975,-4.259285,-0.002443461,-0.0018325958,0.0012217305,TONIC,4fc4d1339fb4
1776116539797,1506725147876560,8.825027,-0.21547815,-4.2760444,0.0,-6.1086525E-4,0.0018325958,TONIC,4fc4d1339fb4
1776116539805,1506725155871029,8.822633,-0.20350714,-4.271256,6.1086525E-4,0.0012217305,6.1086525E-4,TONIC,4fc4d1339fb4
1776116539813,1506725163983882,8.808268,-0.21068975,-4.271256,0.0,0.0018325958,6.1086525E-4,TONIC,4fc4d1339fb4
1776116539821,1506725171831966,8.825027,-0.18674773,-4.259285,0.0012217305,0.0012217305,0.0012217305,TONIC,4fc4d1339fb4
1776116539829,1506725179883589,8.817844,-0.18435353,-4.2640734,-0.0030543262,0.002443461,0.0012217305,TONIC,4fc4d1339fb4
1776116539837,1506725187886365,8.834604,-0.19632454,-4.2521024,-6.1086525E-4,0.005497787,0.0012217305,TONIC,4fc4d1339fb4
1776116539845,1506725195849526,8.825027,-0.19632454,-4.2544966,0.0018325958,0.0067195175,0.002443461,TONIC,4fc4d1339fb4
1776116539853,1506725203877456,8.822633,-0.19632454,-4.2401314,6.1086525E-4,0.0067195175,0.0012217305,TONIC,4fc4d1339fb4
1776116539861,1506725211988002,8.829816,-0.17956513,-4.2401314,-6.1086525E-4,0.0067195175,0.0018325958,TONIC,4fc4d1339fb4
1776116539869,1506725219836240,8.817844,-0.20350714,-4.261679,0.0,0.0012217305,0.002443461,TONIC,4fc4d1339fb4
1776116539877,1506725227796248,8.829816,-0.20590134,-4.256891,0.0,0.0018325958,0.002443461,TONIC,4fc4d1339fb4
1776116539885,1506725235857870,8.820239,-0.21787235,-4.261679,-6.1086525E-4,0.0012217305,0.0030543262,TONIC,4fc4d1339fb4
1776116539894,1506725244067031,8.844181,-0.21547815,-4.2664676,0.0012217305,0.004276057,0.0030543262,TONIC,4fc4d1339fb4
1776116539901,1506725251905192,8.834604,-0.21308395,-4.2544966,-0.0030543262,0.0030543262,0.002443461,TONIC,4fc4d1339fb4
1776116539909,1506725259876968,8.839393,-0.20590134,-4.2544966,-6.1086525E-4,0.002443461,0.002443461,TONIC,4fc4d1339fb4
1776116539917,1506725267872053,8.846576,-0.20829555,-4.256891,-0.0018325958,0.0036651916,0.0018325958,TONIC,4fc4d1339fb4
1776116539925,1506725275865906,8.858546,-0.21068975,-4.2664676,-0.0018325958,6.1086525E-4,0.0018325958,TONIC,4fc4d1339fb4
1776116539933,1506725283979144,8.839393,-0.22984336,-4.249708,-0.0012217305,0.0012217305,0.002443461,TONIC,4fc4d1339fb4
1776116539941,1506725291856997,8.851364,-0.21308395,-4.259285,-6.1086525E-4,0.0018325958,6.1086525E-4,TONIC,4fc4d1339fb4
1776116539949,1506725299884696,8.844181,-0.23223756,-4.24492,-0.002443461,0.002443461,-6.1086525E-4,TONIC,4fc4d1339fb4
1776116539957,1506725307940627,8.844181,-0.20829555,-4.2401314,-6.1086525E-4,6.1086525E-4,-0.0012217305,TONIC,4fc4d1339fb4
1776116539965,1506725315875173,8.846576,-0.22266077,-4.2521024,0.0012217305,6.1086525E-4,-0.0012217305,TONIC,4fc4d1339fb4
1776116539973,1506725323804642,8.834604,-0.21068975,-4.259285,-6.1086525E-4,-6.1086525E-4,-0.0018325958,TONIC,4fc4d1339fb4
1776116539981,1506725331867802,8.848969,-0.19871874,-4.261679,-6.1086525E-4,6.1086525E-4,-0.0030543262,TONIC,4fc4d1339fb4
1776116539989,1506725339923502,8.841787,-0.21547815,-4.2640734,0.0,0.0012217305,-0.004276057,TONIC,4fc4d1339fb4
1776116539997,1506725347944047,8.839393,-0.18914193,-4.268862,0.0018325958,6.1086525E-4,-0.0018325958,TONIC,4fc4d1339fb4
1776116540005,1506725355855209,8.822633,-0.20350714,-4.271256,6.1086525E-4,0.002443461,-0.0030543262,TONIC,4fc4d1339fb4
1776116540013,1506725363965678,8.841787,-0.21547815,-4.2640734,0.0,0.004276057,-0.0018325958,TONIC,4fc4d1339fb4
1776116540021,1506725371845608,8.848969,-0.20829555,-4.2664676,0.0,0.0061086523,-0.002443461,TONIC,4fc4d1339fb4
1776116540029,1506725379926538,8.841787,-0.21547815,-4.2640734,0.0,0.01038471,-0.0018325958,TONIC,4fc4d1339fb4
1776116540037,1506725387867160,8.836999,-0.19632454,-4.249708,0.0018325958,0.007941248,-0.0030543262,TONIC,4fc4d1339fb4
1776116540045,1506725395793398,8.825027,-0.19871874,-4.256891,-0.002443461,0.0067195175,-0.0036651916,TONIC,4fc4d1339fb4
1776116540053,1506725403758560,8.841787,-0.20350714,-4.2521024,-0.0012217305,0.007330383,-0.0030543262,TONIC,4fc4d1339fb4
1776116540061,1506725411854028,8.839393,-0.18435353,-4.232949,-6.1086525E-4,0.004886922,-0.0036651916,TONIC,4fc4d1339fb4
1776116540069,1506725419879189,8.829816,-0.19393034,-4.2521024,-0.0018325958,0.0030543262,-0.0036651916,TONIC,4fc4d1339fb4
1776116540077,1506725427875889,8.808268,-0.17477672,-4.2521024,0.0,0.004276057,-0.002443461,TONIC,4fc4d1339fb4
1776116540085,1506725435870050,8.832211,-0.17477672,-4.24492,0.0012217305,0.004276057,6.1086525E-4,TONIC,4fc4d1339fb4
1776116540093,1506725443891288,8.829816,-0.18674773,-4.24492,0.0,0.002443461,-0.0012217305,TONIC,4fc4d1339fb4
1776116540101,1506725451861757,8.834604,-0.18435353,-4.237737,6.1086525E-4,0.0036651916,0.0012217305,TONIC,4fc4d1339fb4
1776116540109,1506725459857072,8.839393,-0.18195933,-4.232949,0.0,0.0012217305,0.0012217305,TONIC,4fc4d1339fb4
1776116540117,1506725467853771,8.846576,-0.20111294,-4.24492,0.0030543262,0.0018325958,0.0018325958,TONIC,4fc4d1339fb4
1776116540125,1506725475848470,8.841787,-0.21068975,-4.256891,0.0,-6.1086525E-4,0.0012217305,TONIC,4fc4d1339fb4
1776116540133,1506725483876785,8.844181,-0.20350714,-4.256891,-6.1086525E-4,-0.0036651916,0.002443461,TONIC,4fc4d1339fb4
1776116540141,1506725491803947,8.848969,-0.20829555,-4.249708,6.1086525E-4,-0.004276057,0.0030543262,TONIC,4fc4d1339fb4
1776116540149,1506725499865185,8.820239,-0.20829555,-4.237737,-0.0012217305,-0.004276057,0.0030543262,TONIC,4fc4d1339fb4
1776116540157,1506725507833422,8.844181,-0.19393034,-4.247314,-0.002443461,-0.007330383,0.0030543262,TONIC,4fc4d1339fb4
1776116540165,1506725515856276,8.839393,-0.18674773,-4.261679,0.0018325958,-0.0030543262,0.002443461,TONIC,4fc4d1339fb4
1776116540173,1506725523908513,8.832211,-0.20590134,-4.24492,-6.1086525E-4,-0.0036651916,0.0036651916,TONIC,4fc4d1339fb4
1776116540181,1506725531881214,8.834604,-0.21308395,-4.259285,6.1086525E-4,-0.0036651916,0.002443461,TONIC,4fc4d1339fb4
1776116540189,1506725539874375,8.836999,-0.19393034,-4.249708,-6.1086525E-4,-0.0030543262,0.0036651916,TONIC,4fc4d1339fb4
1776116540197,1506725547872535,8.839393,-0.18195933,-4.2401314,-0.0018325958,-0.0036651916,0.002443461,TONIC,4fc4d1339fb4
1776116540205,1506725555886461,8.829816,-0.21068975,-4.271256,-6.1086525E-4,-0.004276057,0.0036651916,TONIC,4fc4d1339fb4
1776116540213,1506725563882778,8.841787,-0.21068975,-4.261679,0.0,-0.0067195175,0.0036651916,TONIC,4fc4d1339fb4
1776116540221,1506725571877556,8.827422,-0.21068975,-4.259285,-0.0018325958,-0.0067195175,0.004276057,TONIC,4fc4d1339fb4
1776116540229,1506725579902565,8.839393,-0.20829555,-4.268862,-0.002443461,-0.004886922,0.0030543262,TONIC,4fc4d1339fb4
1776116540237,1506725587867189,8.825027,-0.22266077,-4.2760444,-0.0012217305,-0.005497787,0.004886922,TONIC,4fc4d1339fb4
1776116540245,1506725595865352,8.827422,-0.21308395,-4.261679,-0.002443461,-0.0061086523,0.004276057,TONIC,4fc4d1339fb4
1776116540254,1506725604073977,8.832211,-0.22744916,-4.280833,-0.0012217305,-0.0018325958,0.0030543262,TONIC,4fc4d1339fb4
1776116540261,1506725611885370,8.836999,-0.21308395,-4.261679,-0.0012217305,-0.0018325958,0.0030543262,TONIC,4fc4d1339fb4
1776116540269,1506725619966918,8.844181,-0.22744916,-4.24492,-0.002443461,0.0,0.0030543262,TONIC,4fc4d1339fb4
1776116540277,1506725627878542,8.836999,-0.22266077,-4.268862,-0.004276057,6.1086525E-4,0.0030543262,TONIC,4fc4d1339fb4
1776116540285,1506725635902320,8.834604,-0.21547815,-4.256891,-0.002443461,0.0018325958,0.0018325958,TONIC,4fc4d1339fb4
1776116540293,1506725643898868,8.836999,-0.21308395,-4.2521024,-0.0012217305,0.005497787,0.0012217305,TONIC,4fc4d1339fb4
1776116540301,1506725651894338,8.846576,-0.20350714,-4.259285,-0.0018325958,0.004886922,0.0012217305,TONIC,4fc4d1339fb4
1776116540309,1506725659859501,8.820239,-0.21547815,-4.261679,-0.0030543262,0.0036651916,0.0018325958,TONIC,4fc4d1339fb4
1776116540317,1506725667884741,8.834604,-0.21308395,-4.256891,-0.002443461,0.0061086523,6.1086525E-4,TONIC,4fc4d1339fb4
1776116540325,1506725675881750,8.822633,-0.21068975,-4.2664676,-0.002443461,0.004886922,6.1086525E-4,TONIC,4fc4d1339fb4
1776116540333,1506725683901374,8.834604,-0.20590134,-4.27365,-0.0012217305,0.007330383,-6.1086525E-4,TONIC,4fc4d1339fb4
1776116540341,1506725691871922,8.834604,-0.19871874,-4.2544966,-0.0012217305,0.0067195175,0.0,TONIC,4fc4d1339fb4
1776116540349,1506725699923008,8.851364,-0.19153613,-4.259285,-0.002443461,0.007330383,0.0012217305,TONIC,4fc4d1339fb4
1776116540357,1506725707894632,8.844181,-0.21787235,-4.2521024,0.0030543262,0.009773844,0.0012217305,TONIC,4fc4d1339fb4
1776116540365,1506725715891334,8.844181,-0.20590134,-4.259285,0.0,0.007941248,0.0,TONIC,4fc4d1339fb4
1776116540374,1506725724001498,8.832211,-0.20111294,-4.247314,0.0012217305,0.007330383,-6.1086525E-4,TONIC,4fc4d1339fb4
1776116540381,1506725731849736,8.853758,-0.20590134,-4.2425256,0.0012217305,0.005497787,0.0,TONIC,4fc4d1339fb4
1776116540389,1506725739901130,8.834604,-0.22266077,-4.2401314,-0.0012217305,0.0036651916,-0.0012217305,TONIC,4fc4d1339fb4
1776116540397,1506725747871600,8.817844,-0.22744916,-4.232949,-0.0018325958,0.0018325958,-6.1086525E-4,TONIC,4fc4d1339fb4
1776116540405,1506725755898995,8.848969,-0.20111294,-4.2425256,0.0,-0.0012217305,-0.0018325958,TONIC,4fc4d1339fb4
1776116540413,1506725763896004,8.834604,-0.21308395,-4.247314,6.1086525E-4,-0.002443461,-0.0030543262,TONIC,4fc4d1339fb4
1776116540421,1506725771889244,8.829816,-0.18914193,-4.271256,-0.0012217305,-0.0018325958,-0.0036651916,TONIC,4fc4d1339fb4
1776116540429,1506725779885791,8.832211,-0.19153613,-4.2664676,6.1086525E-4,-0.0036651916,-0.004276057,TONIC,4fc4d1339fb4
1776116540437,1506725787880877,8.851364,-0.21068975,-4.283227,0.0,0.0,-0.004886922,TONIC,4fc4d1339fb4
1776116540445,1506725795877194,8.853758,-0.20350714,-4.259285,0.0,0.002443461,-0.004886922,TONIC,4fc4d1339fb4
1776116540453,1506725803902818,8.846576,-0.20590134,-4.256891,6.1086525E-4,0.0030543262,-0.0036651916,TONIC,4fc4d1339fb4
1776116540461,1506725811896981,8.836999,-0.20111294,-4.2401314,0.0018325958,0.004276057,-0.0018325958,TONIC,4fc4d1339fb4
1776116540469,1506725819894221,8.834604,-0.21547815,-4.249708,0.0012217305,0.0030543262,-0.0030543262,TONIC,4fc4d1339fb4
1776116540477,1506725827888922,8.836999,-0.21068975,-4.24492,0.0012217305,0.0018325958,-0.0030543262,TONIC,4fc4d1339fb4
1776116540485,1506725835884393,8.825027,-0.19632454,-4.2521024,-6.1086525E-4,6.1086525E-4,-0.004276057,TONIC,4fc4d1339fb4
1776116540493,1506725843882248,8.827422,-0.21787235,-4.2425256,0.0012217305,-0.002443461,-0.0030543262,TONIC,4fc4d1339fb4
1776116540501,1506725851876411,8.836999,-0.19632454,-4.2521024,6.1086525E-4,-0.0012217305,-0.0036651916,TONIC,4fc4d1339fb4
1776116540509,1506725859900959,8.825027,-0.19871874,-4.2664676,0.0,-0.0012217305,-0.002443461,TONIC,4fc4d1339fb4
1776116540517,1506725867897044,8.822633,-0.18914193,-4.249708,0.0,-0.0012217305,-0.0018325958,TONIC,4fc4d1339fb4
1776116540525,1506725875892977,8.820239,-0.17717093,-4.247314,0.0,0.0,-0.0018325958,TONIC,4fc4d1339fb4
1776116540533,1506725883889986,8.825027,-0.18674773,-4.2401314,6.1086525E-4,0.0,-0.0030543262,TONIC,4fc4d1339fb4
1776116540541,1506725891884764,8.815451,-0.19153613,-4.259285,6.1086525E-4,0.0018325958,-0.002443461,TONIC,4fc4d1339fb4
1776116540549,1506725899879234,8.820239,-0.19153613,-4.271256,0.0,6.1086525E-4,-0.002443461,TONIC,4fc4d1339fb4
1776116540557,1506725907876705,8.844181,-0.19632454,-4.256891,6.1086525E-4,0.0036651916,0.0,TONIC,4fc4d1339fb4
1776116540565,1506725915900791,8.841787,-0.21547815,-4.2784386,0.0012217305,0.0018325958,-6.1086525E-4,TONIC,4fc4d1339fb4
1776116540573,1506725923899261,8.832211,-0.19871874,-4.2640734,6.1086525E-4,0.004276057,0.0018325958,TONIC,4fc4d1339fb4
1776116540581,1506725931826347,8.822633,-0.20829555,-4.2544966,6.1086525E-4,0.004886922,0.0018325958,TONIC,4fc4d1339fb4
1776116540589,1506725939888741,8.841787,-0.21308395,-4.237737,0.0,0.0030543262,0.0018325958,TONIC,4fc4d1339fb4
1776116540597,1506725947884442,8.832211,-0.20350714,-4.247314,6.1086525E-4,0.002443461,0.0012217305,TONIC,4fc4d1339fb4
1776116540605,1506725955880759,8.825027,-0.21547815,-4.261679,6.1086525E-4,6.1086525E-4,0.0018325958,TONIC,4fc4d1339fb4
1776116540613,1506725963874922,8.844181,-0.21308395,-4.2544966,-0.0012217305,-0.0012217305,0.002443461,TONIC,4fc4d1339fb4
1776116540621,1506725971802316,8.841787,-0.20350714,-4.249708,-6.1086525E-4,-0.0018325958,0.0012217305,TONIC,4fc4d1339fb4
1776116540629,1506725979867325,8.8777,-0.19632454,-4.2640734,-0.0018325958,-0.002443461,0.0012217305,TONIC,4fc4d1339fb4
1776116540637,1506725987892795,8.844181,-0.21308395,-4.2544966,-6.1086525E-4,-0.002443461,0.0012217305,TONIC,4fc4d1339fb4
1776116540645,1506725995888573,8.839393,-0.20829555,-4.271256,-0.0012217305,-0.002443461,0.0,TONIC,4fc4d1339fb4
1776116540653,1506726003883582,8.844181,-0.20590134,-4.2544966,-6.1086525E-4,-0.004276057,-6.1086525E-4,TONIC,4fc4d1339fb4
1776116540661,1506726011879361,8.841787,-0.21068975,-4.2664676,-0.0012217305,-0.0012217305,-0.0012217305,TONIC,4fc4d1339fb4
1776116540669,1506726019876524,8.834604,-0.21547815,-4.249708,6.1086525E-4,-0.0012217305,-6.1086525E-4,TONIC,4fc4d1339fb4
1776116540677,1506726027926379,8.841787,-0.21547815,-4.261679,-0.004276057,-0.0030543262,-6.1086525E-4,TONIC,4fc4d1339fb4
1776116540685,1506726035896542,8.836999,-0.21787235,-4.2760444,-0.0018325958,-0.002443461,0.0,TONIC,4fc4d1339fb4
1776116540693,1506726043948012,8.832211,-0.18674773,-4.2664676,-0.0018325958,-0.0036651916,-0.0012217305,TONIC,4fc4d1339fb4
1776116540701,1506726051857790,8.832211,-0.19632454,-4.2664676,-0.0018325958,-0.004886922,-6.1086525E-4,TONIC,4fc4d1339fb4
1776116540709,1506726059817261,8.839393,-0.22026655,-4.2664676,-0.0018325958,-0.0036651916,-0.0018325958,TONIC,4fc4d1339fb4
1776116540717,1506726067880655,8.829816,-0.20350714,-4.268862,0.0,0.0,-0.0012217305,TONIC,4fc4d1339fb4
1776116540725,1506726075904356,8.836999,-0.20590134,-4.268862,-0.0018325958,0.0030543262,-0.0030543262,TONIC,4fc4d1339fb4
1776116540733,1506726083987135,8.827422,-0.21068975,-4.268862,-6.1086525E-4,0.0067195175,-0.002443461,TONIC,4fc4d1339fb4
1776116540741,1506726091867374,8.860941,-0.21547815,-4.256891,0.0,0.007941248,-0.0036651916,TONIC,4fc4d1339fb4
1776116540749,1506726099917307,8.846576,-0.19871874,-4.223372,-6.1086525E-4,0.009162978,-0.0030543262,TONIC,4fc4d1339fb4
1776116540757,1506726107888930,8.841787,-0.21308395,-4.2401314,-6.1086525E-4,0.005497787,-0.0036651916,TONIC,4fc4d1339fb4
1776116540765,1506726115817016,8.841787,-0.19393034,-4.232949,0.0,0.0030543262,-0.0030543262,TONIC,4fc4d1339fb4
1776116540773,1506726123880719,8.848969,-0.18674773,-4.2521024,-6.1086525E-4,6.1086525E-4,-0.002443461,TONIC,4fc4d1339fb4
1776116540782,1506726132021958,8.827422,-0.17956513,-4.247314,-0.0012217305,0.0,-0.002443461,TONIC,4fc4d1339fb4
1776116540789,1506726139870583,8.829816,-0.18435353,-4.2640734,0.0012217305,-0.0018325958,-0.0036651916,TONIC,4fc4d1339fb4
1776116540797,1506726147897284,8.829816,-0.18914193,-4.249708,6.1086525E-4,-0.0018325958,-0.002443461,TONIC,4fc4d1339fb4
1776116540805,1506726155823447,8.822633,-0.19871874,-4.2425256,6.1086525E-4,0.0,-0.0030543262,TONIC,4fc4d1339fb4
1776116540813,1506726163889918,8.827422,-0.20350714,-4.2425256,0.0,0.002443461,-0.002443461,TONIC,4fc4d1339fb4
1776116540821,1506726171885311,8.836999,-0.20111294,-4.2521024,0.0,-0.002443461,-0.002443461,TONIC,4fc4d1339fb4
1776116540829,1506726179878936,8.856153,-0.19632454,-4.2544966,0.0,-0.0012217305,-0.0018325958,TONIC,4fc4d1339fb4
1776116540837,1506726187906560,8.834604,-0.17477672,-4.249708,0.0012217305,-0.002443461,0.0,TONIC,4fc4d1339fb4
1776116540845,1506726195901723,8.822633,-0.17956513,-4.2521024,0.0018325958,-0.002443461,-0.0018325958,TONIC,4fc4d1339fb4
1776116540854,1506726204013040,8.836999,-0.19632454,-4.2281604,0.0,-0.004276057,-0.0012217305,TONIC,4fc4d1339fb4
1776116540861,1506726211861433,8.829816,-0.18435353,-4.249708,0.002443461,-0.002443461,0.0,TONIC,4fc4d1339fb4
1776116540869,1506726219943212,8.820239,-0.20829555,-4.2544966,0.002443461,-0.0036651916,-0.0012217305,TONIC,4fc4d1339fb4
1776116540877,1506726227883836,8.822633,-0.20111294,-4.259285,0.0012217305,-0.004886922,0.0,TONIC,4fc4d1339fb4
1776116540885,1506726235879614,8.841787,-0.20350714,-4.24492,0.0,-0.0061086523,0.0,TONIC,4fc4d1339fb4
1776116540893,1506726243991008,8.834604,-0.19871874,-4.259285,0.0,-0.005497787,0.0,TONIC,4fc4d1339fb4
1776116540901,1506726251869786,8.846576,-0.19871874,-4.2664676,0.0018325958,-0.004276057,0.0012217305,TONIC,4fc4d1339fb4
1776116540909,1506726259865410,8.834604,-0.21547815,-4.2544966,0.0012217305,-0.005497787,-6.1086525E-4,TONIC,4fc4d1339fb4
1776116540917,1506726267861112,8.836999,-0.20590134,-4.247314,6.1086525E-4,-0.0036651916,6.1086525E-4,TONIC,4fc4d1339fb4
1776116540925,1506726275887352,8.844181,-0.19393034,-4.2521024,0.0,-0.0061086523,6.1086525E-4,TONIC,4fc4d1339fb4
1776116540933,1506726283885130,8.844181,-0.19632454,-4.256891,0.0018325958,-0.002443461,0.0018325958,TONIC,4fc4d1339fb4
1776116540941,1506726291878754,8.839393,-0.19393034,-4.271256,-0.0012217305,-0.008552114,0.0012217305,TONIC,4fc4d1339fb4
1776116540949,1506726299875379,8.822633,-0.21068975,-4.2640734,-0.0012217305,-0.009162978,0.0012217305,TONIC,4fc4d1339fb4
1776116540957,1506726307870465,8.834604,-0.20111294,-4.261679,-6.1086525E-4,-0.0067195175,6.1086525E-4,TONIC,4fc4d1339fb4
1776116540965,1506726315867320,8.836999,-0.21068975,-4.261679,0.0,-0.004886922,0.002443461,TONIC,4fc4d1339fb4
1776116540973,1506726323886175,8.822633,-0.21787235,-4.268862,0.0012217305,-0.0018325958,6.1086525E-4,TONIC,4fc4d1339fb4
1776116540981,1506726331887953,8.839393,-0.20590134,-4.256891,-0.0012217305,-0.0030543262,0.004276057,TONIC,4fc4d1339fb4
1776116540989,1506726339883655,8.839393,-0.21547815,-4.2664676,-6.1086525E-4,6.1086525E-4,0.0018325958,TONIC,4fc4d1339fb4
1776116540997,1506726347995048,8.815451,-0.19871874,-4.285621,-0.0018325958,6.1086525E-4,6.1086525E-4,TONIC,4fc4d1339fb4
1776116541005,1506726355904288,8.829816,-0.21308395,-4.2664676,-0.0018325958,0.002443461,0.002443461,TONIC,4fc4d1339fb4
1776116541013,1506726363925297,8.829816,-0.20350714,-4.27365,-0.0012217305,0.0030543262,0.0018325958,TONIC,4fc4d1339fb4
1776116541021,1506726371896306,8.839393,-0.20829555,-4.2544966,-0.0012217305,0.004886922,0.0012217305,TONIC,4fc4d1339fb4
1776116541029,1506726379893623,8.827422,-0.20350714,-4.256891,-6.1086525E-4,0.0067195175,0.0012217305,TONIC,4fc4d1339fb4
1776116541037,1506726387858170,8.827422,-0.20350714,-4.2521024,-0.002443461,0.007330383,0.0012217305,TONIC,4fc4d1339fb4
1776116541045,1506726395883179,8.825027,-0.20350714,-4.2521024,6.1086525E-4,0.007330383,6.1086525E-4,TONIC,4fc4d1339fb4
1776116541053,1506726403964342,8.815451,-0.20350714,-4.256891,-0.0012217305,0.0018325958,0.0018325958,TONIC,4fc4d1339fb4
1776116541061,1506726411904120,8.839393,-0.20590134,-4.2640734,6.1086525E-4,-6.1086525E-4,0.0012217305,TONIC,4fc4d1339fb4
1776116541069,1506726419869052,8.825027,-0.18914193,-4.2640734,-0.0012217305,0.0012217305,0.0,TONIC,4fc4d1339fb4
1776116541077,1506726427897061,8.841787,-0.19871874,-4.2544966,-0.004886922,-0.0030543262,0.0012217305,TONIC,4fc4d1339fb4
1776116541085,1506726435863224,8.822633,-0.18914193,-4.235343,-0.004886922,-0.0018325958,6.1086525E-4,TONIC,4fc4d1339fb4
1776116541093,1506726443973004,8.817844,-0.16998832,-4.2521024,-6.1086525E-4,0.0018325958,0.0,TONIC,4fc4d1339fb4
1776116541101,1506726451852704,8.832211,-0.20111294,-4.259285,-6.1086525E-4,0.002443461,0.0,TONIC,4fc4d1339fb4
1776116541109,1506726459933714,8.853758,-0.22505496,-4.2544966,-6.1086525E-4,0.002443461,-0.0012217305,TONIC,4fc4d1339fb4
1776116541117,1506726467905415,8.856153,-0.19871874,-4.259285,-6.1086525E-4,0.002443461,6.1086525E-4,TONIC,4fc4d1339fb4
1776116541125,1506726475899886,8.844181,-0.20829555,-4.2544966,0.0012217305,0.007330383,0.002443461,TONIC,4fc4d1339fb4
1776116541133,1506726483894972,8.841787,-0.22505496,-4.2281604,-0.0012217305,0.007330383,0.0018325958,TONIC,4fc4d1339fb4
1776116541141,1506726491916135,8.834604,-0.21308395,-4.232949,6.1086525E-4,0.007330383,6.1086525E-4,TONIC,4fc4d1339fb4
1776116541149,1506726499886374,8.825027,-0.22026655,-4.2185836,0.0012217305,0.0030543262,0.0,TONIC,4fc4d1339fb4
1776116541157,1506726507945460,8.836999,-0.19632454,-4.2305546,-0.005497787,-0.004276057,-6.1086525E-4,TONIC,4fc4d1339fb4
1776116541165,1506726515903008,8.836999,-0.21308395,-4.235343,-0.002443461,-0.004886922,-0.0030543262,TONIC,4fc4d1339fb4
1776116541173,1506726523873709,8.846576,-0.20350714,-4.259285,-0.0018325958,-0.007941248,-6.1086525E-4,TONIC,4fc4d1339fb4
1776116541182,1506726532016257,8.834604,-0.20590134,-4.271256,0.0,-0.0067195175,0.0,TONIC,4fc4d1339fb4
1776116541189,1506726539896496,8.856153,-0.20590134,-4.261679,-6.1086525E-4,-0.007330383,-0.0012217305,TONIC,4fc4d1339fb4
1776116541197,1506726547915967,8.820239,-0.19393034,-4.2521024,6.1086525E-4,-0.002443461,-0.0012217305,TONIC,4fc4d1339fb4
1776116541205,1506726555886130,8.844181,-0.19632454,-4.24492,0.0,-0.0030543262,-0.0012217305,TONIC,4fc4d1339fb4
1776116541213,1506726563883600,8.853758,-0.19871874,-4.2521024,6.1086525E-4,-0.0030543262,-6.1086525E-4,TONIC,4fc4d1339fb4
1776116541221,1506726571994379,8.841787,-0.19632454,-4.2664676,0.0012217305,-0.0030543262,-0.0012217305,TONIC,4fc4d1339fb4
1776116541229,1506726579905465,8.853758,-0.22505496,-4.271256,6.1086525E-4,-0.0036651916,-0.002443461,TONIC,4fc4d1339fb4
1776116541237,1506726587868858,8.863335,-0.21308395,-4.259285,0.0018325958,-0.0018325958,-0.0018325958,TONIC,4fc4d1339fb4
1776116541245,1506726595864021,8.848969,-0.21547815,-4.235343,0.0012217305,-0.0030543262,-0.0018325958,TONIC,4fc4d1339fb4
1776116541253,1506726603976876,8.844181,-0.22505496,-4.268862,0.0018325958,-0.0036651916,-0.0018325958,TONIC,4fc4d1339fb4
1776116541261,1506726611885885,8.836999,-0.22266077,-4.24492,-6.1086525E-4,-0.007330383,-0.002443461,TONIC,4fc4d1339fb4
1776116541269,1506726619883433,8.815451,-0.19393034,-4.256891,-0.0018325958,-0.005497787,-0.0030543262,TONIC,4fc4d1339fb4
1776116541277,1506726627908980,8.815451,-0.21068975,-4.27365,6.1086525E-4,-0.0061086523,-0.0018325958,TONIC,4fc4d1339fb4
1776116541285,1506726635872912,8.805874,-0.18914193,-4.2760444,6.1086525E-4,-0.005497787,-0.0018325958,TONIC,4fc4d1339fb4
1776116541293,1506726643985306,8.825027,-0.18435353,-4.27365,0.002443461,-0.007330383,-0.0012217305,TONIC,4fc4d1339fb4
1776116541301,1506726651896007,8.836999,-0.20590134,-4.249708,0.0012217305,-0.0018325958,-0.002443461,TONIC,4fc4d1339fb4
1776116541309,1506726659891093,8.844181,-0.19153613,-4.249708,6.1086525E-4,0.0,-6.1086525E-4,TONIC,4fc4d1339fb4
1776116541317,1506726667887410,8.853758,-0.19393034,-4.256891,0.0012217305,0.0018325958,6.1086525E-4,TONIC,4fc4d1339fb4
1776116541325,1506726675883496,8.825027,-0.19632454,-4.2521024,6.1086525E-4,0.002443461,0.0,TONIC,4fc4d1339fb4
1776116541333,1506726683993966,8.827422,-0.19632454,-4.2640734,-0.0012217305,6.1086525E-4,0.0012217305,TONIC,4fc4d1339fb4
1776116541341,1506726691873591,8.829816,-0.19632454,-4.2521024,0.0,0.0,0.0012217305,TONIC,4fc4d1339fb4
1776116541349,1506726699899138,8.832211,-0.21068975,-4.256891,6.1086525E-4,-0.002443461,0.002443461,TONIC,4fc4d1339fb4
1776116541357,1506726707894840,8.841787,-0.20350714,-4.268862,0.0,-0.004276057,0.0018325958,TONIC,4fc4d1339fb4
1776116541365,1506726715890541,8.825027,-0.21068975,-4.271256,-0.0012217305,-0.0036651916,0.0012217305,TONIC,4fc4d1339fb4
1776116541373,1506726723972088,8.822633,-0.20590134,-4.268862,-6.1086525E-4,-0.0061086523,0.002443461,TONIC,4fc4d1339fb4
1776116541381,1506726731881405,8.836999,-0.20590134,-4.280833,-0.0018325958,-0.0030543262,0.002443461,TONIC,4fc4d1339fb4
1776116541389,1506726739932799,8.829816,-0.20829555,-4.2640734,0.0,6.1086525E-4,0.002443461,TONIC,4fc4d1339fb4
1776116541397,1506726747903808,8.839393,-0.20590134,-4.2664676,-0.002443461,0.002443461,0.002443461,TONIC,4fc4d1339fb4
1776116541405,1506726755924125,8.841787,-0.21547815,-4.2544966,-0.004276057,6.1086525E-4,0.0030543262,TONIC,4fc4d1339fb4
1776116541413,1506726763894057,8.846576,-0.21787235,-4.249708,-0.0030543262,0.002443461,0.0012217305,TONIC,4fc4d1339fb4
1776116541421,1506726771915219,8.841787,-0.22744916,-4.259285,-0.0012217305,0.0012217305,0.0012217305,TONIC,4fc4d1339fb4
1776116541429,1506726779886382,8.832211,-0.22505496,-4.27365,-0.0012217305,0.0,0.0018325958,TONIC,4fc4d1339fb4
1776116541437,1506726787883314,8.829816,-0.22744916,-4.2544966,-0.0036651916,-6.1086525E-4,0.0,TONIC,4fc4d1339fb4
1776116541445,1506726795876785,8.825027,-0.21787235,-4.2521024,0.0,0.0012217305,-0.0012217305,TONIC,4fc4d1339fb4
1776116541453,1506726803904563,8.817844,-0.22026655,-4.268862,-0.0018325958,-0.002443461,-0.0018325958,TONIC,4fc4d1339fb4
1776116541461,1506726811898111,8.839393,-0.19153613,-4.256891,-0.0018325958,0.0012217305,-0.0012217305,TONIC,4fc4d1339fb4
1776116541469,1506726819919352,8.848969,-0.21308395,-4.261679,-6.1086525E-4,0.0012217305,-0.0030543262,TONIC,4fc4d1339fb4
1776116541477,1506726827860590,8.851364,-0.20111294,-4.249708,-0.0018325958,0.0030543262,-0.0018325958,TONIC,4fc4d1339fb4
1776116541485,1506726835886754,8.870518,-0.21308395,-4.247314,-6.1086525E-4,0.0030543262,-0.002443461,TONIC,4fc4d1339fb4
1776116541493,1506726843943302,8.853758,-0.19153613,-4.235343,-6.1086525E-4,0.005497787,-0.0036651916,TONIC,4fc4d1339fb4
1776116541501,1506726851932541,8.822633,-0.19632454,-4.2401314,-0.0018325958,0.002443461,-0.004276057,TONIC,4fc4d1339fb4
1776116541509,1506726859874704,8.827422,-0.19871874,-4.2521024,0.0,6.1086525E-4,-0.0030543262,TONIC,4fc4d1339fb4
1776116541517,1506726867898713,8.817844,-0.17956513,-4.256891,0.0030543262,0.0012217305,-0.0030543262,TONIC,4fc4d1339fb4
1776116541525,1506726875894107,8.825027,-0.18435353,-4.2640734,0.0,-0.002443461,-0.004276057,TONIC,4fc4d1339fb4
1776116541533,1506726883890424,8.829816,-0.17477672,-4.259285,0.0,-0.002443461,-0.0030543262,TONIC,4fc4d1339fb4
1776116541541,1506726891971433,8.834604,-0.19153613,-4.261679,0.0,-6.1086525E-4,-0.0012217305,TONIC,4fc4d1339fb4
1776116541549,1506726899881596,8.827422,-0.16280572,-4.256891,0.0018325958,6.1086525E-4,-0.0018325958,TONIC,4fc4d1339fb4
1776116541557,1506726907876374,8.836999,-0.18674773,-4.249708,0.002443461,0.004276057,-6.1086525E-4,TONIC,4fc4d1339fb4
1776116541565,1506726915902767,8.832211,-0.18674773,-4.259285,6.1086525E-4,0.0036651916,-0.0012217305,TONIC,4fc4d1339fb4
1776116541573,1506726923899776,8.822633,-0.18914193,-4.2305546,0.0012217305,0.005497787,0.0,TONIC,4fc4d1339fb4
1776116541581,1506726931894862,8.815451,-0.17956513,-4.2425256,6.1086525E-4,0.002443461,6.1086525E-4,TONIC,4fc4d1339fb4
1776116541589,1506726939945256,8.820239,-0.19153613,-4.237737,0.0,0.0,0.0012217305,TONIC,4fc4d1339fb4
1776116541597,1506726947886804,8.858546,-0.18914193,-4.261679,0.0018325958,-0.0012217305,0.0018325958,TONIC,4fc4d1339fb4
1776116541605,1506726955812043,8.832211,-0.20111294,-4.2544966,0.0030543262,-0.005497787,6.1086525E-4,TONIC,4fc4d1339fb4
1776116541613,1506726963878898,8.832211,-0.20111294,-4.2640734,0.0012217305,-0.0036651916,6.1086525E-4,TONIC,4fc4d1339fb4
1776116541621,1506726971871523,8.839393,-0.18914193,-4.27365,-0.0012217305,-0.009162978,0.0012217305,TONIC,4fc4d1339fb4
1776116541629,1506726979897686,8.841787,-0.19153613,-4.268862,-0.0030543262,-0.01038471,0.0018325958,TONIC,4fc4d1339fb4
1776116541637,1506726987949387,8.827422,-0.19153613,-4.271256,6.1086525E-4,-0.007330383,0.0018325958,TONIC,4fc4d1339fb4
1776116541645,1506726995890627,8.822633,-0.19393034,-4.271256,6.1086525E-4,-0.0067195175,0.0018325958,TONIC,4fc4d1339fb4
1776116541653,1506727003910251,8.829816,-0.21068975,-4.247314,0.0,-0.005497787,0.0012217305,TONIC,4fc4d1339fb4
1776116541661,1506727011880414,8.851364,-0.20111294,-4.2544966,0.0012217305,-0.007330383,0.0018325958,TONIC,4fc4d1339fb4
1776116541669,1506727019901346,8.820239,-0.19632454,-4.271256,0.0030543262,-0.005497787,0.002443461,TONIC,4fc4d1339fb4
1776116541677,1506727027904124,8.836999,-0.21068975,-4.256891,0.0,-0.0067195175,0.002443461,TONIC,4fc4d1339fb4
1776116541685,1506727035866980,8.822633,-0.21547815,-4.280833,-6.1086525E-4,-0.007330383,0.0,TONIC,4fc4d1339fb4
1776116541693,1506727043918681,8.813056,-0.20111294,-4.271256,-0.0018325958,-0.005497787,0.0012217305,TONIC,4fc4d1339fb4
1776116541701,1506727051889152,8.834604,-0.19871874,-4.271256,0.0,-0.0030543262,0.0018325958,TONIC,4fc4d1339fb4
1776116541709,1506727059885776,8.808268,-0.21068975,-4.261679,-0.0018325958,-0.0067195175,0.0,TONIC,4fc4d1339fb4
1776116541717,1506727067881785,8.832211,-0.18674773,-4.27365,0.0012217305,-0.0030543262,6.1086525E-4,TONIC,4fc4d1339fb4
1776116541725,1506727075877102,8.817844,-0.19632454,-4.268862,-0.002443461,-6.1086525E-4,0.0018325958,TONIC,4fc4d1339fb4
1776116541734,1506727084018957,8.839393,-0.22505496,-4.285621,0.0,0.0018325958,-6.1086525E-4,TONIC,4fc4d1339fb4
1776116541741,1506727091867581,8.832211,-0.20350714,-4.292804,-0.0018325958,0.0,6.1086525E-4,TONIC,4fc4d1339fb4
1776116541749,1506727099918436,8.829816,-0.19871874,-4.2760444,-0.0012217305,0.0030543262,6.1086525E-4,TONIC,4fc4d1339fb4
1776116541757,1506727107890369,8.839393,-0.20590134,-4.2760444,0.0,0.005497787,-6.1086525E-4,TONIC,4fc4d1339fb4
1776116541765,1506727115885454,8.841787,-0.20111294,-4.259285,0.0,0.007330383,0.0030543262,TONIC,4fc4d1339fb4
1776116541773,1506727123966463,8.834604,-0.20829555,-4.261679,-0.004276057,0.0067195175,6.1086525E-4,TONIC,4fc4d1339fb4
1776116541781,1506727131877857,8.822633,-0.21068975,-4.2521024,-0.0012217305,0.007330383,0.0030543262,TONIC,4fc4d1339fb4
1776116541789,1506727139957558,8.851364,-0.20350714,-4.232949,-0.0018325958,0.009162978,6.1086525E-4,TONIC,4fc4d1339fb4
1776116541797,1506727147867029,8.817844,-0.19871874,-4.259285,-0.002443461,0.004276057,6.1086525E-4,TONIC,4fc4d1339fb4
1776116541805,1506727155894423,8.839393,-0.20829555,-4.2664676,0.0,0.007330383,0.0,TONIC,4fc4d1339fb4
1776116541813,1506727163944585,8.832211,-0.20111294,-4.247314,-6.1086525E-4,0.0030543262,0.0,TONIC,4fc4d1339fb4
1776116541821,1506727171855056,8.839393,-0.18435353,-4.249708,0.0,0.004276057,6.1086525E-4,TONIC,4fc4d1339fb4
1776116541829,1506727179780911,8.836999,-0.20111294,-4.249708,-6.1086525E-4,0.005497787,-6.1086525E-4,TONIC,4fc4d1339fb4
1776116541837,1506727187875151,8.834604,-0.19632454,-4.24492,-0.0012217305,0.0036651916,0.0,TONIC,4fc4d1339fb4
1776116541845,1506727195872698,8.848969,-0.20590134,-4.2425256,6.1086525E-4,0.007330383,0.0012217305,TONIC,4fc4d1339fb4
1776116541853,1506727203831092,8.856153,-0.21068975,-4.2425256,0.0036651916,0.005497787,-0.0012217305,TONIC,4fc4d1339fb4
1776116541861,1506727211863102,8.834604,-0.19871874,-4.2425256,-6.1086525E-4,0.0018325958,6.1086525E-4,TONIC,4fc4d1339fb4
1776116541869,1506727219913880,8.853758,-0.20111294,-4.2664676,6.1086525E-4,0.0,0.0,TONIC,4fc4d1339fb4
1776116541877,1506727227885351,8.853758,-0.20829555,-4.237737,0.0018325958,0.0018325958,-6.1086525E-4,TONIC,4fc4d1339fb4
1776116541885,1506727235879514,8.853758,-0.19632454,-4.2521024,-6.1086525E-4,-0.0030543262,0.0,TONIC,4fc4d1339fb4
1776116541893,1506727243992138,8.844181,-0.20590134,-4.24492,0.002443461,-6.1086525E-4,-0.0018325958,TONIC,4fc4d1339fb4
1776116541901,1506727251872378,8.836999,-0.19871874,-4.24492,0.0012217305,-0.002443461,-0.0012217305,TONIC,4fc4d1339fb4
1776116541909,1506727259922310,8.834604,-0.19871874,-4.247314,6.1086525E-4,-0.0067195175,0.0,TONIC,4fc4d1339fb4
1776116541917,1506727267893935,8.827422,-0.21068975,-4.249708,-6.1086525E-4,-0.005497787,0.0012217305,TONIC,4fc4d1339fb4
1776116541925,1506727275822020,8.825027,-0.18914193,-4.268862,-0.0030543262,-0.009162978,-6.1086525E-4,TONIC,4fc4d1339fb4
1776116541933,1506727283885722,8.825027,-0.21068975,-4.2760444,6.1086525E-4,-0.005497787,-6.1086525E-4,TONIC,4fc4d1339fb4
1776116541941,1506727291881115,8.827422,-0.18914193,-4.2664676,0.0,-0.0036651916,-0.0018325958,TONIC,4fc4d1339fb4
1776116541949,1506727299961432,8.844181,-0.21068975,-4.261679,0.0012217305,-0.0036651916,-0.0012217305,TONIC,4fc4d1339fb4
1776116541957,1506727307870595,8.839393,-0.19632454,-4.256891,0.0,-0.0018325958,0.0,TONIC,4fc4d1339fb4
1776116541965,1506727315896450,8.827422,-0.20111294,-4.2664676,0.0012217305,-0.0030543262,-0.0012217305,TONIC,4fc4d1339fb4
1776116541973,1506727323826305,8.822633,-0.20350714,-4.2521024,0.0012217305,-0.0036651916,-0.002443461,TONIC,4fc4d1339fb4
1776116541981,1506727331887622,8.841787,-0.19632454,-4.2521024,0.0012217305,-6.1086525E-4,-0.002443461,TONIC,4fc4d1339fb4
1776116541989,1506727339945400,8.827422,-0.19393034,-4.261679,-0.0018325958,-0.0036651916,-0.0012217305,TONIC,4fc4d1339fb4
1776116541997,1506727347965717,8.839393,-0.18435353,-4.2544966,-6.1086525E-4,0.0012217305,-0.0018325958,TONIC,4fc4d1339fb4
1776116542005,1506727355907957,8.825027,-0.19153613,-4.259285,0.0018325958,0.0018325958,-0.0012217305,TONIC,4fc4d1339fb4
1776116542013,1506727363902658,8.825027,-0.18914193,-4.2640734,-6.1086525E-4,0.0,0.0,TONIC,4fc4d1339fb4
1776116542021,1506727371952513,8.822633,-0.19632454,-4.268862,0.0012217305,0.0012217305,-6.1086525E-4,TONIC,4fc4d1339fb4
1776116542029,1506727379864599,8.815451,-0.19393034,-4.271256,-6.1086525E-4,0.0036651916,0.0,TONIC,4fc4d1339fb4
1776116542037,1506727387943685,8.810662,-0.19153613,-4.2760444,0.005497787,0.0036651916,6.1086525E-4,TONIC,4fc4d1339fb4
1776116542045,1506727395854156,8.827422,-0.18674773,-4.2544966,6.1086525E-4,0.0067195175,0.0018325958,TONIC,4fc4d1339fb4
1776116542053,1506727403965472,8.839393,-0.18914193,-4.249708,0.0,0.004886922,0.0,TONIC,4fc4d1339fb4
1776116542061,1506727411875712,8.839393,-0.18435353,-4.237737,0.0012217305,0.0061086523,6.1086525E-4,TONIC,4fc4d1339fb4
1776116542069,1506727419956644,8.834604,-0.19393034,-4.256891,-0.0036651916,0.0036651916,6.1086525E-4,TONIC,4fc4d1339fb4
1776116542077,1506727427896884,8.829816,-0.20111294,-4.237737,0.0,0.0030543262,0.0012217305,TONIC,4fc4d1339fb4
1776116542085,1506727435862124,8.827422,-0.19632454,-4.2544966,0.0,0.0012217305,0.002443461,TONIC,4fc4d1339fb4
1776116542094,1506727444004594,8.834604,-0.20111294,-4.259285,-0.0018325958,-6.1086525E-4,0.002443461,TONIC,4fc4d1339fb4
1776116542101,1506727451853219,8.832211,-0.21308395,-4.2544966,-0.0018325958,0.0,0.004276057,TONIC,4fc4d1339fb4
1776116542109,1506727459934843,8.836999,-0.21787235,-4.27365,0.0,0.0,0.0030543262,TONIC,4fc4d1339fb4
1776116542117,1506727467905545,8.832211,-0.22026655,-4.259285,-0.0012217305,0.0,0.0036651916,TONIC,4fc4d1339fb4
1776116542125,1506727475901246,8.834604,-0.21787235,-4.2544966,6.1086525E-4,0.0,0.002443461,TONIC,4fc4d1339fb4
1776116542133,1506727483899178,8.832211,-0.22026655,-4.2521024,-0.0018325958,6.1086525E-4,0.0030543262,TONIC,4fc4d1339fb4
1776116542141,1506727491917264,8.856153,-0.21787235,-4.2544966,-0.0018325958,-0.0012217305,0.0036651916,TONIC,4fc4d1339fb4
1776116542149,1506727499888965,8.844181,-0.21308395,-4.256891,-0.0012217305,6.1086525E-4,0.0018325958,TONIC,4fc4d1339fb4
1776116542157,1506727507882897,8.832211,-0.21547815,-4.2521024,6.1086525E-4,0.0030543262,0.0018325958,TONIC,4fc4d1339fb4
1776116542165,1506727515880137,8.836999,-0.21547815,-4.2544966,0.0,0.0030543262,6.1086525E-4,TONIC,4fc4d1339fb4
1776116542174,1506727524021686,8.844181,-0.22505496,-4.2544966,0.0018325958,0.004886922,6.1086525E-4,TONIC,4fc4d1339fb4
1776116542181,1506727531871232,8.832211,-0.22026655,-4.256891,0.0,0.0012217305,0.0,TONIC,4fc4d1339fb4
1776116542189,1506727539860472,8.844181,-0.22026655,-4.259285,-0.0012217305,-0.0012217305,0.0,TONIC,4fc4d1339fb4
1776116542197,1506727547862327,8.832211,-0.21787235,-4.261679,-6.1086525E-4,-0.0030543262,-0.0018325958,TONIC,4fc4d1339fb4
1776116542205,1506727555887876,8.834604,-0.21308395,-4.261679,-0.002443461,-0.0018325958,-0.0030543262,TONIC,4fc4d1339fb4
1776116542213,1506727563885346,8.822633,-0.21787235,-4.2640734,-0.0012217305,-0.002443461,0.0,TONIC,4fc4d1339fb4
1776116542221,1506727571881124,8.829816,-0.21068975,-4.285621,-6.1086525E-4,0.0,-0.002443461,TONIC,4fc4d1339fb4
1776116542229,1506727579905672,8.834604,-0.20829555,-4.271256,-6.1086525E-4,0.004276057,-0.0018325958,TONIC,4fc4d1339fb4
1776116542238,1506727588017142,8.841787,-0.20829555,-4.24492,0.0018325958,0.0067195175,-0.0018325958,TONIC,4fc4d1339fb4
1776116542245,1506727595867921,8.844181,-0.21547815,-4.2544966,0.0012217305,0.007941248,-0.002443461,TONIC,4fc4d1339fb4
1776116542254,1506727604046007,8.822633,-0.21547815,-4.247314,-0.0018325958,0.005497787,-0.0030543262,TONIC,4fc4d1339fb4
1776116542261,1506727611887631,8.834604,-0.18435353,-4.247314,0.0,0.0030543262,-0.0036651916,TONIC,4fc4d1339fb4
1776116542269,1506727619884255,8.820239,-0.20590134,-4.2544966,6.1086525E-4,0.0012217305,-0.004276057,TONIC,4fc4d1339fb4
1776116542277,1506727627879034,8.841787,-0.17717093,-4.2425256,-6.1086525E-4,0.0012217305,-0.0036651916,TONIC,4fc4d1339fb4
1776116542285,1506727635868889,8.836999,-0.18914193,-4.2544966,0.0,-0.0012217305,-0.004276057,TONIC,4fc4d1339fb4
1776116542293,1506727643871359,8.822633,-0.18195933,-4.247314,-6.1086525E-4,-0.0018325958,-0.004276057,TONIC,4fc4d1339fb4
1776116542301,1506727651951599,8.829816,-0.18914193,-4.249708,6.1086525E-4,6.1086525E-4,-0.002443461,TONIC,4fc4d1339fb4
1776116542309,1506727659861762,8.822633,-0.19153613,-4.2760444,0.0,0.0030543262,-0.0036651916,TONIC,4fc4d1339fb4
1776116542317,1506727667856540,8.841787,-0.18914193,-4.256891,0.0030543262,0.004886922,-0.0018325958,TONIC,4fc4d1339fb4
1776116542325,1506727675882703,8.805874,-0.19871874,-4.249708,0.0036651916,0.004886922,-6.1086525E-4,TONIC,4fc4d1339fb4
1776116542333,1506727683964635,8.836999,-0.20350714,-4.2401314,0.002443461,0.0012217305,-6.1086525E-4,TONIC,4fc4d1339fb4
1776116542341,1506727691904567,8.815451,-0.18914193,-4.2521024,0.0012217305,-0.002443461,-0.0012217305,TONIC,4fc4d1339fb4
1776116542349,1506727699900346,8.836999,-0.20829555,-4.259285,-6.1086525E-4,-0.005497787,0.0,TONIC,4fc4d1339fb4
1776116542357,1506727707897278,8.839393,-0.19393034,-4.261679,0.002443461,-0.0018325958,0.0012217305,TONIC,4fc4d1339fb4
1776116542365,1506727715892902,8.822633,-0.20350714,-4.271256,0.0018325958,-0.0036651916,0.0,TONIC,4fc4d1339fb4
1776116542374,1506727724003757,8.825027,-0.20829555,-4.268862,6.1086525E-4,-0.004886922,0.0012217305,TONIC,4fc4d1339fb4
1776116542381,1506727731853305,8.820239,-0.19871874,-4.271256,0.0012217305,-0.004276057,0.0018325958,TONIC,4fc4d1339fb4
1776116542389,1506727739811775,8.836999,-0.19632454,-4.2664676,-0.0012217305,-0.0061086523,0.0,TONIC,4fc4d1339fb4
1776116542397,1506727747875784,8.829816,-0.20590134,-4.2760444,6.1086525E-4,-0.004276057,0.0018325958,TONIC,4fc4d1339fb4
1776116542405,1506727755898870,8.829816,-0.19632454,-4.2640734,-6.1086525E-4,-0.002443461,0.0012217305,TONIC,4fc4d1339fb4
1776116542413,1506727763857341,8.846576,-0.21068975,-4.2521024,0.0012217305,-0.0036651916,0.0018325958,TONIC,4fc4d1339fb4
1776116542421,1506727771891427,8.820239,-0.20590134,-4.259285,-6.1086525E-4,-0.0030543262,0.002443461,TONIC,4fc4d1339fb4
1776116542429,1506727779887128,8.832211,-0.20590134,-4.27365,-0.0018325958,-0.004886922,6.1086525E-4,TONIC,4fc4d1339fb4
1776116542437,1506727787943522,8.822633,-0.21308395,-4.2784386,-6.1086525E-4,-0.004276057,6.1086525E-4,TONIC,4fc4d1339fb4
1776116542445,1506727795877300,8.822633,-0.19871874,-4.2640734,-0.0036651916,-0.0030543262,6.1086525E-4,TONIC,4fc4d1339fb4
1776116542453,1506727803837694,8.827422,-0.20829555,-4.2664676,0.0,-0.0012217305,0.002443461,TONIC,4fc4d1339fb4
1776116542461,1506727811868780,8.834604,-0.20350714,-4.2664676,-6.1086525E-4,0.0,0.002443461,TONIC,4fc4d1339fb4
1776116542469,1506727819865942,8.815451,-0.19871874,-4.271256,-0.002443461,0.0,0.0012217305,TONIC,4fc4d1339fb4
1776116542477,1506727827860182,8.839393,-0.20111294,-4.2640734,-0.002443461,0.0,6.1086525E-4,TONIC,4fc4d1339fb4
1776116542485,1506727835888422,8.832211,-0.21068975,-4.2664676,-6.1086525E-4,0.0,6.1086525E-4,TONIC,4fc4d1339fb4
1776116542493,1506727843968431,8.844181,-0.20350714,-4.268862,0.0,0.0030543262,6.1086525E-4,TONIC,4fc4d1339fb4
1776116542501,1506727851909671,8.836999,-0.22026655,-4.2640734,-0.0030543262,0.002443461,0.0,TONIC,4fc4d1339fb4
1776116542509,1506727859959603,8.829816,-0.20111294,-4.268862,-0.0012217305,0.0030543262,0.0,TONIC,4fc4d1339fb4
1776116542517,1506727867900766,8.832211,-0.21547815,-4.2544966,-0.0012217305,0.008552114,0.0,TONIC,4fc4d1339fb4
1776116542525,1506727875864467,8.851364,-0.21308395,-4.247314,-6.1086525E-4,0.005497787,6.1086525E-4,TONIC,4fc4d1339fb4
1776116542533,1506727883977093,8.851364,-0.20829555,-4.259285,0.0012217305,0.0067195175,-6.1086525E-4,TONIC,4fc4d1339fb4
1776116542541,1506727891856870,8.853758,-0.19393034,-4.2425256,-0.0018325958,0.0036651916,0.0,TONIC,4fc4d1339fb4
1776116542549,1506727899937726,8.827422,-0.20829555,-4.2521024,-0.0012217305,0.005497787,-0.002443461,TONIC,4fc4d1339fb4
1776116542557,1506727907909120,8.841787,-0.21068975,-4.2640734,6.1086525E-4,0.004276057,-0.0012217305,TONIC,4fc4d1339fb4
1776116542565,1506727915873743,8.834604,-0.19871874,-4.249708,-0.002443461,0.0012217305,-0.0012217305,TONIC,4fc4d1339fb4
1776116542573,1506727923985522,8.825027,-0.19871874,-4.2425256,-0.002443461,0.0036651916,-0.0018325958,TONIC,4fc4d1339fb4
1776116542581,1506727931864531,8.832211,-0.19393034,-4.261679,-6.1086525E-4,0.004886922,-6.1086525E-4,TONIC,4fc4d1339fb4
1776116542589,1506727939946386,8.839393,-0.21308395,-4.237737,-6.1086525E-4,0.0030543262,-0.0018325958,TONIC,4fc4d1339fb4
1776116542597,1506727947887934,8.839393,-0.18674773,-4.2425256,-0.002443461,0.0018325958,0.0,TONIC,4fc4d1339fb4
1776116542605,1506727955815404,8.820239,-0.19393034,-4.2640734,6.1086525E-4,6.1086525E-4,0.0018325958,TONIC,4fc4d1339fb4
1776116542613,1506727963879644,8.820239,-0.18914193,-4.2544966,-0.0012217305,6.1086525E-4,-0.0018325958,TONIC,4fc4d1339fb4
1776116542621,1506727971905269,8.848969,-0.18914193,-4.235343,0.0,-6.1086525E-4,0.0,TONIC,4fc4d1339fb4
1776116542629,1506727979899432,8.846576,-0.18435353,-4.259285,0.0,-0.0012217305,-6.1086525E-4,TONIC,4fc4d1339fb4
1776116542637,1506727987894517,8.836999,-0.18674773,-4.24492,6.1086525E-4,-6.1086525E-4,0.0,TONIC,4fc4d1339fb4
1776116542645,1506727995890450,8.834604,-0.19871874,-4.2640734,0.0012217305,-6.1086525E-4,6.1086525E-4,TONIC,4fc4d1339fb4
1776116542653,1506728003887151,8.851364,-0.20590134,-4.256891,-6.1086525E-4,-0.0018325958,-6.1086525E-4,TONIC,4fc4d1339fb4
1776116542661,1506728011881929,8.844181,-0.19871874,-4.247314,6.1086525E-4,-0.0018325958,-6.1086525E-4,TONIC,4fc4d1339fb4
1776116542669,1506728019993938,8.846576,-0.21308395,-4.256891,0.0,-0.004276057,0.0,TONIC,4fc4d1339fb4
1776116542677,1506728027904332,8.829816,-0.20350714,-4.235343,0.0,-0.004886922,-6.1086525E-4,TONIC,4fc4d1339fb4
1776116542685,1506728035897879,8.844181,-0.20590134,-4.24492,0.0030543262,-0.0036651916,0.0,TONIC,4fc4d1339fb4
1776116542693,1506728043895734,8.832211,-0.20350714,-4.283227,6.1086525E-4,-0.007941248,-6.1086525E-4,TONIC,4fc4d1339fb4
1776116542701,1506728051976436,8.813056,-0.21308395,-4.3119574,6.1086525E-4,-0.007330383,6.1086525E-4,TONIC,4fc4d1339fb4
1776116542709,1506728059856676,8.817844,-0.21308395,-4.283227,-6.1086525E-4,-0.0030543262,-6.1086525E-4,TONIC,4fc4d1339fb4
1776116542717,1506728067937300,8.829816,-0.20829555,-4.259285,-0.0012217305,-0.0036651916,-0.002443461,TONIC,4fc4d1339fb4
1776116542725,1506728075877001,8.827422,-0.21068975,-4.259285,0.0,6.1086525E-4,0.0,TONIC,4fc4d1339fb4
1776116542733,1506728083989395,8.841787,-0.22026655,-4.280833,0.0012217305,0.0,6.1086525E-4,TONIC,4fc4d1339fb4
1776116542741,1506728091867865,8.841787,-0.19153613,-4.27365,0.0,-0.002443461,0.0,TONIC,4fc4d1339fb4
1776116542749,1506728099950259,8.820239,-0.19153613,-4.280833,-0.0012217305,6.1086525E-4,-6.1086525E-4,TONIC,4fc4d1339fb4
1776116542757,1506728107859499,8.839393,-0.20111294,-4.268862,-6.1086525E-4,0.0030543262,0.0,TONIC,4fc4d1339fb4
1776116542765,1506728115886969,8.827422,-0.19153613,-4.2640734,6.1086525E-4,0.0061086523,-0.0012217305,TONIC,4fc4d1339fb4
1776116542773,1506728123881978,8.839393,-0.20829555,-4.2544966,6.1086525E-4,0.005497787,-0.0012217305,TONIC,4fc4d1339fb4
1776116542781,1506728131877141,8.841787,-0.21068975,-4.259285,6.1086525E-4,0.0067195175,-0.0012217305,TONIC,4fc4d1339fb4
1776116542789,1506728139903612,8.829816,-0.21547815,-4.271256,0.0,0.005497787,-6.1086525E-4,TONIC,4fc4d1339fb4
1776116542797,1506728147899236,8.810662,-0.20590134,-4.271256,0.0012217305,0.004886922,-0.0012217305,TONIC,4fc4d1339fb4
1776116542805,1506728155895322,8.817844,-0.21068975,-4.271256,0.0,0.004276057,-0.0018325958,TONIC,4fc4d1339fb4
1776116542813,1506728163915024,8.827422,-0.18195933,-4.27365,0.0,0.0067195175,-6.1086525E-4,TONIC,4fc4d1339fb4
1776116542821,1506728171886417,8.820239,-0.18914193,-4.2544966,-0.0018325958,0.005497787,6.1086525E-4,TONIC,4fc4d1339fb4
1776116542829,1506728179880888,8.841787,-0.19393034,-4.2664676,0.0018325958,0.010995574,6.1086525E-4,TONIC,4fc4d1339fb4
1776116542837,1506728187907358,8.848969,-0.18435353,-4.249708,0.0,0.009773844,0.0030543262,TONIC,4fc4d1339fb4
1776116542845,1506728195872829,8.839393,-0.20829555,-4.247314,0.0012217305,0.01038471,0.0012217305,TONIC,4fc4d1339fb4
1776116542854,1506728204045761,8.844181,-0.22026655,-4.237737,0.0,0.007941248,0.002443461,TONIC,4fc4d1339fb4
1776116542861,1506728211893232,8.832211,-0.20829555,-4.232949,0.0012217305,0.007330383,0.0018325958,TONIC,4fc4d1339fb4
1776116542869,1506728219945471,8.834604,-0.20590134,-4.2401314,0.0030543262,0.005497787,0.0018325958,TONIC,4fc4d1339fb4
1776116542877,1506728227886711,8.848969,-0.21308395,-4.2640734,6.1086525E-4,0.0,0.004886922,TONIC,4fc4d1339fb4
1776116542885,1506728235881874,8.832211,-0.22026655,-4.237737,-6.1086525E-4,-0.004276057,0.0030543262,TONIC,4fc4d1339fb4
1776116542893,1506728243840652,8.841787,-0.22026655,-4.2640734,-0.0018325958,-0.0061086523,0.002443461,TONIC,4fc4d1339fb4
1776116542901,1506728251873584,8.853758,-0.21308395,-4.280833,-0.0012217305,-0.004886922,0.004276057,TONIC,4fc4d1339fb4
1776116542909,1506728259954133,8.841787,-0.21787235,-4.2521024,-0.0030543262,-0.004276057,0.0036651916,TONIC,4fc4d1339fb4
1776116542917,1506728267895372,8.848969,-0.21547815,-4.2544966,-0.002443461,-0.002443461,0.0036651916,TONIC,4fc4d1339fb4
1776116542925,1506728275889920,8.856153,-0.23942018,-4.259285,-0.0018325958,-0.0036651916,0.0018325958,TONIC,4fc4d1339fb4
1776116542933,1506728283887391,8.832211,-0.21068975,-4.2544966,-0.002443461,-0.002443461,0.0018325958,TONIC,4fc4d1339fb4
1776116542941,1506728291881938,8.839393,-0.20590134,-4.2544966,6.1086525E-4,-0.004276057,0.0012217305,TONIC,4fc4d1339fb4
1776116542949,1506728299877870,8.834604,-0.22505496,-4.2521024,-0.0012217305,-0.0036651916,6.1086525E-4,TONIC,4fc4d1339fb4
1776116542957,1506728307866802,8.834604,-0.21308395,-4.271256,-0.004276057,-0.008552114,-0.0012217305,TONIC,4fc4d1339fb4
1776116542965,1506728315868965,8.836999,-0.21308395,-4.2664676,-0.0018325958,-0.005497787,6.1086525E-4,TONIC,4fc4d1339fb4
1776116542973,1506728323827436,8.827422,-0.20590134,-4.259285,-0.0012217305,-0.0030543262,-0.0036651916,TONIC,4fc4d1339fb4
1776116542981,1506728331890291,8.841787,-0.19393034,-4.27365,-0.0012217305,-0.0036651916,-0.0030543262,TONIC,4fc4d1339fb4
1776116542989,1506728339947531,8.829816,-0.18914193,-4.285621,-0.0012217305,-0.002443461,-0.0030543262,TONIC,4fc4d1339fb4
1776116542997,1506728347966847,8.829816,-0.20590134,-4.259285,0.0,0.0018325958,-0.0036651916,TONIC,4fc4d1339fb4
1776116543005,1506728355907241,8.834604,-0.20590134,-4.24492,-0.0012217305,0.0030543262,-0.0018325958,TONIC,4fc4d1339fb4
1776116543014,1506728364019173,8.856153,-0.18674773,-4.2521024,0.0018325958,0.0061086523,-0.004276057,TONIC,4fc4d1339fb4
1776116543021,1506728371867798,8.848969,-0.20350714,-4.2640734,-6.1086525E-4,0.004886922,-0.0030543262,TONIC,4fc4d1339fb4
1776116543029,1506728379894037,8.836999,-0.19632454,-4.2544966,0.002443461,0.004886922,-0.0030543262,TONIC,4fc4d1339fb4
1776116543037,1506728387860200,8.813056,-0.20590134,-4.249708,0.0,0.004276057,-0.0036651916,TONIC,4fc4d1339fb4
1776116543045,1506728395785748,8.813056,-0.18914193,-4.259285,6.1086525E-4,0.002443461,-0.004276057,TONIC,4fc4d1339fb4
1776116543053,1506728403881987,8.829816,-0.18435353,-4.2784386,0.0,0.0,-0.004886922,TONIC,4fc4d1339fb4
1776116543061,1506728411931843,8.827422,-0.18914193,-4.268862,-0.0012217305,0.0,-0.0012217305,TONIC,4fc4d1339fb4
1776116543069,1506728419873698,8.827422,-0.17717093,-4.268862,0.0012217305,0.0012217305,-0.002443461,TONIC,4fc4d1339fb4
1776116543077,1506728427953476,8.822633,-0.17238252,-4.268862,6.1086525E-4,0.004886922,-0.0012217305,TONIC,4fc4d1339fb4
1776116543085,1506728435894408,8.832211,-0.18674773,-4.2544966,0.0,0.004276057,-0.0036651916,TONIC,4fc4d1339fb4
1776116543094,1506728444005725,8.803479,-0.19393034,-4.249708,6.1086525E-4,0.0061086523,-0.0030543262,TONIC,4fc4d1339fb4
1776116543101,1506728451883657,8.841787,-0.18195933,-4.2305546,-6.1086525E-4,0.005497787,-6.1086525E-4,TONIC,4fc4d1339fb4
1776116543109,1506728459881512,8.813056,-0.18914193,-4.256891,6.1086525E-4,0.0018325958,6.1086525E-4,TONIC,4fc4d1339fb4
1776116543117,1506728467907598,8.815451,-0.20829555,-4.259285,-0.0012217305,-0.0018325958,0.0,TONIC,4fc4d1339fb4
1776116543125,1506728475901838,8.841787,-0.20829555,-4.2640734,0.0,-6.1086525E-4,-0.0018325958,TONIC,4fc4d1339fb4
1776116543133,1506728483922770,8.827422,-0.21068975,-4.271256,-0.0012217305,-0.002443461,-0.0012217305,TONIC,4fc4d1339fb4
1776116543141,1506728491895317,8.841787,-0.18674773,-4.256891,-6.1086525E-4,-0.004886922,-6.1086525E-4,TONIC,4fc4d1339fb4
1776116543149,1506728499888250,8.834604,-0.18914193,-4.261679,-0.0012217305,-0.0036651916,6.1086525E-4,TONIC,4fc4d1339fb4
1776116543157,1506728507853874,8.817844,-0.18674773,-4.2640734,0.0018325958,-0.0012217305,0.0,TONIC,4fc4d1339fb4
1776116543165,1506728515880268,8.839393,-0.21068975,-4.247314,0.0012217305,-0.002443461,0.0,TONIC,4fc4d1339fb4
1776116543173,1506728523931353,8.829816,-0.20829555,-4.268862,-0.0012217305,-0.0030543262,-6.1086525E-4,TONIC,4fc4d1339fb4
1776116543181,1506728531872363,8.834604,-0.18435353,-4.259285,0.0,-0.004886922,0.0012217305,TONIC,4fc4d1339fb4
1776116543189,1506728539922525,8.813056,-0.20829555,-4.261679,6.1086525E-4,-0.0061086523,6.1086525E-4,TONIC,4fc4d1339fb4
1776116543197,1506728547893842,8.836999,-0.21068975,-4.268862,-6.1086525E-4,-0.004886922,6.1086525E-4,TONIC,4fc4d1339fb4
1776116543205,1506728555888005,8.829816,-0.20111294,-4.27365,-0.0012217305,-0.004886922,6.1086525E-4,TONIC,4fc4d1339fb4
1776116543213,1506728563885860,8.827422,-0.20111294,-4.268862,-6.1086525E-4,-0.004276057,6.1086525E-4,TONIC,4fc4d1339fb4
1776116543221,1506728571996638,8.817844,-0.20590134,-4.2760444,-0.002443461,-0.0030543262,0.0018325958,TONIC,4fc4d1339fb4
1776116543229,1506728579931186,8.825027,-0.20350714,-4.268862,-0.0018325958,-0.0018325958,0.0018325958,TONIC,4fc4d1339fb4
1776116543237,1506728587902579,8.834604,-0.20111294,-4.2880154,-0.002443461,-0.0018325958,0.0018325958,TONIC,4fc4d1339fb4
1776116543245,1506728595897358,8.827422,-0.20111294,-4.268862,-0.0036651916,0.0036651916,6.1086525E-4,TONIC,4fc4d1339fb4
1776116543253,1506728603948674,8.825027,-0.19153613,-4.271256,-0.0018325958,0.0012217305,0.002443461,TONIC,4fc4d1339fb4
1776116543261,1506728611889299,8.832211,-0.20590134,-4.2521024,-0.0018325958,0.0036651916,0.002443461,TONIC,4fc4d1339fb4
1776116543269,1506728619909308,8.822633,-0.17717093,-4.249708,-6.1086525E-4,0.0030543262,0.0012217305,TONIC,4fc4d1339fb4
1776116543277,1506728627874317,8.846576,-0.20350714,-4.2544966,-6.1086525E-4,0.002443461,0.0030543262,TONIC,4fc4d1339fb4
1776116543285,1506728635876711,8.829816,-0.21068975,-4.24492,0.0,0.005497787,0.0018325958,TONIC,4fc4d1339fb4
1776116543293,1506728643957105,8.851364,-0.21787235,-4.2784386,-0.002443461,0.0030543262,0.0030543262,TONIC,4fc4d1339fb4
1776116543301,1506728651865960,8.848969,-0.21787235,-4.259285,-0.0012217305,0.002443461,0.0,TONIC,4fc4d1339fb4
1776116543309,1506728659948431,8.844181,-0.19393034,-4.2521024,-0.002443461,0.004276057,0.0,TONIC,4fc4d1339fb4
1776116543317,1506728667889440,8.851364,-0.19632454,-4.24492,-0.0012217305,0.005497787,6.1086525E-4,TONIC,4fc4d1339fb4
1776116543325,1506728675886372,8.848969,-0.20350714,-4.2521024,-0.0012217305,0.004886922,6.1086525E-4,TONIC,4fc4d1339fb4
1776116543333,1506728683965766,8.834604,-0.19393034,-4.256891,-0.0012217305,0.0030543262,0.0018325958,TONIC,4fc4d1339fb4
1776116543341,1506728691874621,8.817844,-0.19632454,-4.2664676,6.1086525E-4,0.0036651916,0.0012217305,TONIC,4fc4d1339fb4
1776116543349,1506728699926399,8.832211,-0.19153613,-4.2544966,-0.0012217305,0.0018325958,6.1086525E-4,TONIC,4fc4d1339fb4
1776116543357,1506728707898100,8.832211,-0.20111294,-4.256891,0.0,0.0018325958,6.1086525E-4,TONIC,4fc4d1339fb4
1776116543365,1506728715893109,8.834604,-0.20350714,-4.256891,-6.1086525E-4,6.1086525E-4,0.0018325958,TONIC,4fc4d1339fb4
1776116543374,1506728724004888,8.836999,-0.19632454,-4.2664676,-0.002443461,0.004276057,6.1086525E-4,TONIC,4fc4d1339fb4
1776116543381,1506728731884897,8.841787,-0.20350714,-4.2521024,6.1086525E-4,0.0012217305,0.0,TONIC,4fc4d1339fb4
1776116543389,1506728739880598,8.832211,-0.19632454,-4.232949,0.0,0.0018325958,6.1086525E-4,TONIC,4fc4d1339fb4
1776116543397,1506728747905453,8.832211,-0.19632454,-4.249708,-6.1086525E-4,0.0,6.1086525E-4,TONIC,4fc4d1339fb4
1776116543405,1506728755901462,8.825027,-0.17717093,-4.24492,0.0,-0.0018325958,-6.1086525E-4,TONIC,4fc4d1339fb4
1776116543413,1506728763897548,8.844181,-0.19632454,-4.237737,0.0,-0.002443461,-6.1086525E-4,TONIC,4fc4d1339fb4
1776116543421,1506728771948019,8.827422,-0.20111294,-4.259285,0.0,-0.004276057,0.0018325958,TONIC,4fc4d1339fb4
1776116543429,1506728779788951,8.832211,-0.19632454,-4.2521024,-6.1086525E-4,-0.008552114,-6.1086525E-4,TONIC,4fc4d1339fb4
1776116543437,1506728787884960,8.841787,-0.21308395,-4.2760444,-6.1086525E-4,-0.008552114,-6.1086525E-4,TONIC,4fc4d1339fb4
1776116543445,1506728795910738,8.836999,-0.20350714,-4.2401314,0.0,-0.009162978,0.0012217305,TONIC,4fc4d1339fb4
1776116543453,1506728803907362,8.839393,-0.21547815,-4.268862,0.0,-0.009162978,-6.1086525E-4,TONIC,4fc4d1339fb4
1776116543461,1506728811926141,8.851364,-0.21068975,-4.27365,0.0,-0.0067195175,0.0012217305,TONIC,4fc4d1339fb4
1776116543469,1506728819898534,8.829816,-0.21547815,-4.261679,-0.0012217305,-0.0061086523,-6.1086525E-4,TONIC,4fc4d1339fb4
1776116543477,1506728827947774,8.829816,-0.21068975,-4.271256,0.0,-0.009162978,-6.1086525E-4,TONIC,4fc4d1339fb4
1776116543485,1506728835889014,8.834604,-0.21547815,-4.280833,-0.0018325958,-0.01038471,-0.0012217305,TONIC,4fc4d1339fb4
1776116543493,1506728843883177,8.832211,-0.20829555,-4.2760444,0.0,-0.0061086523,-6.1086525E-4,TONIC,4fc4d1339fb4
1776116543501,1506728851904109,8.827422,-0.21068975,-4.280833,-0.0012217305,-0.004886922,-0.0018325958,TONIC,4fc4d1339fb4
1776116543509,1506728859874579,8.829816,-0.20111294,-4.271256,-0.0030543262,-0.002443461,-0.0018325958,TONIC,4fc4d1339fb4
1776116543517,1506728867869588,8.832211,-0.17238252,-4.2640734,-0.0036651916,-0.0018325958,-0.0012217305,TONIC,4fc4d1339fb4
1776116543525,1506728875897367,8.829816,-0.19153613,-4.2784386,-0.0012217305,-0.0012217305,-0.0018325958,TONIC,4fc4d1339fb4
1776116543533,1506728883894299,8.810662,-0.18435353,-4.297592,-0.0030543262,-0.0030543262,-0.0018325958,TONIC,4fc4d1339fb4
1776116543541,1506728891887154,8.825027,-0.17956513,-4.283227,-0.002443461,0.0012217305,6.1086525E-4,TONIC,4fc4d1339fb4
1776116543549,1506728899883778,8.808268,-0.19871874,-4.280833,-0.002443461,0.0036651916,0.0,TONIC,4fc4d1339fb4
1776116543557,1506728907879249,8.810662,-0.19153613,-4.256891,-0.0018325958,0.005497787,0.0,TONIC,4fc4d1339fb4
1776116543565,1506728915905950,8.820239,-0.20350714,-4.268862,-0.0012217305,0.007330383,0.0012217305,TONIC,4fc4d1339fb4
1776116543573,1506728923903498,8.813056,-0.18674773,-4.2760444,-0.0018325958,0.009773844,-6.1086525E-4,TONIC,4fc4d1339fb4
1776116543581,1506728931896430,8.839393,-0.18435353,-4.2544966,-0.0012217305,0.0067195175,0.0,TONIC,4fc4d1339fb4
1776116543589,1506728939893054,8.813056,-0.19871874,-4.268862,-0.0012217305,0.005497787,0.0012217305,TONIC,4fc4d1339fb4
1776116543597,1506728947887909,8.817844,-0.17956513,-4.259285,-0.0018325958,0.004886922,0.0018325958,TONIC,4fc4d1339fb4
1776116543605,1506728955884226,8.796297,-0.19153613,-4.259285,-0.0012217305,0.0061086523,0.0036651916,TONIC,4fc4d1339fb4
1776116543613,1506728963879927,8.808268,-0.17717093,-4.271256,-0.0012217305,0.007330383,0.0018325958,TONIC,4fc4d1339fb4
1776116543621,1506728971906629,8.820239,-0.18435353,-4.2521024,0.0,0.008552114,0.004276057,TONIC,4fc4d1339fb4
1776116543629,1506728979900176,8.829816,-0.17717093,-4.2401314,-6.1086525E-4,0.01038471,0.004886922,TONIC,4fc4d1339fb4
1776116543637,1506728987895262,8.832211,-0.18674773,-4.235343,-6.1086525E-4,0.009162978,0.005497787,TONIC,4fc4d1339fb4
1776116543645,1506728995891580,8.825027,-0.20111294,-4.2425256,0.0,0.007330383,0.0067195175,TONIC,4fc4d1339fb4
1776116543653,1506729003888512,8.827422,-0.20590134,-4.2401314,-0.0012217305,0.0036651916,0.007941248,TONIC,4fc4d1339fb4
1776116543661,1506729011884598,8.832211,-0.21068975,-4.2640734,-0.0012217305,0.0012217305,0.0067195175,TONIC,4fc4d1339fb4
1776116543669,1506729019878992,8.832211,-0.19871874,-4.261679,-6.1086525E-4,0.0012217305,0.0067195175,TONIC,4fc4d1339fb4
1776116543677,1506729027904924,8.839393,-0.22744916,-4.2664676,-6.1086525E-4,6.1086525E-4,0.008552114,TONIC,4fc4d1339fb4
1776116543685,1506729035901471,8.846576,-0.21308395,-4.2664676,-6.1086525E-4,0.002443461,0.0067195175,TONIC,4fc4d1339fb4
1776116543693,1506729043897249,8.836999,-0.22026655,-4.259285,-0.0012217305,0.002443461,0.004886922,TONIC,4fc4d1339fb4
1776116543701,1506729051883643,8.844181,-0.20111294,-4.2544966,0.0,0.0018325958,0.0061086523,TONIC,4fc4d1339fb4
1776116543709,1506729059887037,8.848969,-0.20111294,-4.256891,-0.0018325958,0.0018325958,0.0061086523,TONIC,4fc4d1339fb4
1776116543717,1506729067883123,8.853758,-0.21547815,-4.2305546,0.0018325958,0.0030543262,0.004276057,TONIC,4fc4d1339fb4
1776116543725,1506729075903439,8.846576,-0.22266077,-4.24492,-0.0036651916,0.002443461,0.004276057,TONIC,4fc4d1339fb4
1776116543733,1506729083876064,8.836999,-0.22984336,-4.259285,0.0,0.0030543262,0.002443461,TONIC,4fc4d1339fb4
1776116543741,1506729091925227,8.839393,-0.22744916,-4.261679,-6.1086525E-4,0.002443461,6.1086525E-4,TONIC,4fc4d1339fb4
1776116543749,1506729099897313,8.848969,-0.22984336,-4.271256,-0.0012217305,6.1086525E-4,0.002443461,TONIC,4fc4d1339fb4
1776116543757,1506729107891091,8.825027,-0.21787235,-4.271256,-0.0036651916,0.0012217305,6.1086525E-4,TONIC,4fc4d1339fb4
1776116543765,1506729115858484,8.829816,-0.22984336,-4.2640734,-6.1086525E-4,0.0036651916,-6.1086525E-4,TONIC,4fc4d1339fb4
1776116543773,1506729123999186,8.839393,-0.21547815,-4.259285,-0.0012217305,0.002443461,-0.0012217305,TONIC,4fc4d1339fb4
1776116543781,1506729131878272,8.829816,-0.21308395,-4.2760444,-6.1086525E-4,0.0036651916,-0.0012217305,TONIC,4fc4d1339fb4
1776116543789,1506729139898896,8.841787,-0.20111294,-4.261679,0.0,0.004886922,-0.0030543262,TONIC,4fc4d1339fb4
1776116543797,1506729147900136,8.848969,-0.20350714,-4.261679,0.0012217305,0.0067195175,-0.0018325958,TONIC,4fc4d1339fb4
1776116543805,1506729155867837,8.853758,-0.20829555,-4.259285,6.1086525E-4,0.008552114,-0.0030543262,TONIC,4fc4d1339fb4
1776116543813,1506729163916154,8.856153,-0.20111294,-4.2401314,6.1086525E-4,0.009162978,-0.004886922,TONIC,4fc4d1339fb4
1776116543821,1506729171887471,8.839393,-0.21547815,-4.24492,0.0,0.009162978,-0.0030543262,TONIC,4fc4d1339fb4
1776116543829,1506729179883480,8.846576,-0.20111294,-4.2521024,-0.0012217305,0.005497787,-0.0036651916,TONIC,4fc4d1339fb4
1776116543838,1506729188025104,8.839393,-0.20111294,-4.237737,-0.002443461,0.0067195175,-0.0036651916,TONIC,4fc4d1339fb4
1776116543845,1506729195903498,8.836999,-0.20829555,-4.247314,0.0012217305,0.0018325958,-0.0030543262,TONIC,4fc4d1339fb4
1776116543854,1506729204016430,8.848969,-0.19632454,-4.237737,-0.0012217305,6.1086525E-4,-0.002443461,TONIC,4fc4d1339fb4
1776116543861,1506729211864131,8.839393,-0.18674773,-4.2521024,0.0012217305,6.1086525E-4,-0.0036651916,TONIC,4fc4d1339fb4
1776116543869,1506729219916140,8.858546,-0.18195933,-4.247314,-6.1086525E-4,6.1086525E-4,-0.0030543262,TONIC,4fc4d1339fb4
1776116543877,1506729227887534,8.841787,-0.17717093,-4.2521024,-6.1086525E-4,0.004886922,-0.0030543262,TONIC,4fc4d1339fb4
1776116543885,1506729235815620,8.851364,-0.20111294,-4.2305546,0.0018325958,0.0036651916,-0.0030543262,TONIC,4fc4d1339fb4
1776116543893,1506729243880244,8.841787,-0.21787235,-4.232949,0.0,0.002443461,-0.002443461,TONIC,4fc4d1339fb4
1776116543901,1506729251905407,8.848969,-0.19871874,-4.237737,0.0036651916,0.0018325958,-0.0018325958,TONIC,4fc4d1339fb4
1776116543909,1506729259899878,8.827422,-0.20111294,-4.2401314,0.0030543262,0.0012217305,-0.0012217305,TONIC,4fc4d1339fb4
1776116543917,1506729267894963,8.832211,-0.19153613,-4.24492,0.0,-0.007330383,-0.0012217305,TONIC,4fc4d1339fb4
1776116543925,1506729275854742,8.825027,-0.20350714,-4.24492,-6.1086525E-4,-0.008552114,0.0,TONIC,4fc4d1339fb4
1776116543933,1506729283888520,8.846576,-0.19871874,-4.256891,6.1086525E-4,-0.010995574,-0.002443461,TONIC,4fc4d1339fb4
1776116543941,1506729291968221,8.839393,-0.19393034,-4.24492,-0.004276057,-0.014049901,-6.1086525E-4,TONIC,4fc4d1339fb4
1776116543949,1506729299879923,8.825027,-0.20350714,-4.256891,0.0,-0.01282817,0.0,TONIC,4fc4d1339fb4
1776116543957,1506729307774162,8.829816,-0.20590134,-4.261679,-0.0018325958,-0.010995574,-6.1086525E-4,TONIC,4fc4d1339fb4
1776116543965,1506729315869248,8.839393,-0.20350714,-4.256891,-0.0018325958,-0.01038471,0.0,TONIC,4fc4d1339fb4
1776116543973,1506729323981181,8.829816,-0.18914193,-4.268862,-0.004276057,-0.014660766,0.0,TONIC,4fc4d1339fb4
1776116543981,1506729331860959,8.825027,-0.19632454,-4.259285,-0.0018325958,-0.009162978,6.1086525E-4,TONIC,4fc4d1339fb4
1776116543989,1506729339947353,8.817844,-0.20590134,-4.261679,0.0,-0.009162978,6.1086525E-4,TONIC,4fc4d1339fb4
1776116543997,1506729347998439,8.832211,-0.18914193,-4.261679,0.0018325958,-0.007330383,0.0018325958,TONIC,4fc4d1339fb4
1776116544005,1506729355908910,8.808268,-0.21547815,-4.285621,-0.0018325958,-0.008552114,0.0018325958,TONIC,4fc4d1339fb4
1776116544014,1506729364020303,8.815451,-0.20350714,-4.271256,0.0030543262,-0.004276057,0.0012217305,TONIC,4fc4d1339fb4
1776116544021,1506729371869313,8.817844,-0.19153613,-4.2784386,0.0,-0.005497787,0.0012217305,TONIC,4fc4d1339fb4
1776116544029,1506729379893860,8.813056,-0.20829555,-4.261679,-0.002443461,-0.0061086523,0.0030543262,TONIC,4fc4d1339fb4
1776116544038,1506729388007100,8.817844,-0.19153613,-4.2760444,-0.0012217305,-0.0036651916,0.002443461,TONIC,4fc4d1339fb4
1776116544045,1506729395885340,8.822633,-0.21068975,-4.280833,-0.0018325958,-0.0018325958,0.0036651916,TONIC,4fc4d1339fb4
1776116544053,1506729403998272,8.829816,-0.20829555,-4.256891,-0.002443461,0.0,0.0036651916,TONIC,4fc4d1339fb4
1776116544061,1506729411908358,8.822633,-0.20111294,-4.2760444,-0.0012217305,0.0012217305,0.004276057,TONIC,4fc4d1339fb4
1776116544069,1506729419928444,8.834604,-0.20590134,-4.2640734,-0.0018325958,-6.1086525E-4,0.0030543262,TONIC,4fc4d1339fb4
1776116544077,1506729427899145,8.839393,-0.20111294,-4.261679,-0.0012217305,0.0036651916,0.004276057,TONIC,4fc4d1339fb4
1776116544085,1506729435893615,8.822633,-0.18914193,-4.283227,-0.004276057,0.0036651916,0.0030543262,TONIC,4fc4d1339fb4
1776116544093,1506729443890855,8.846576,-0.20350714,-4.261679,-0.0030543262,0.0061086523,0.004886922,TONIC,4fc4d1339fb4
1776116544101,1506729451885095,8.844181,-0.19393034,-4.2760444,-0.0012217305,0.007330383,0.002443461,TONIC,4fc4d1339fb4
1776116544109,1506729459882258,8.836999,-0.20590134,-4.259285,-6.1086525E-4,0.008552114,0.004886922,TONIC,4fc4d1339fb4
1776116544117,1506729467877113,8.839393,-0.20590134,-4.2425256,-0.0012217305,0.007330383,0.0030543262,TONIC,4fc4d1339fb4
1776116544125,1506729475904430,8.851364,-0.20111294,-4.249708,-0.0012217305,0.0067195175,0.002443461,TONIC,4fc4d1339fb4
1776116544133,1506729483799823,8.839393,-0.21787235,-4.2544966,-0.0018325958,0.007330383,0.0018325958,TONIC,4fc4d1339fb4
1776116544141,1506729491863525,8.844181,-0.20111294,-4.2521024,-6.1086525E-4,0.005497787,0.002443461,TONIC,4fc4d1339fb4
1776116544149,1506729499890611,8.846576,-0.19153613,-4.2640734,0.0,0.0067195175,0.0030543262,TONIC,4fc4d1339fb4
1776116544157,1506729507886620,8.825027,-0.21787235,-4.24492,0.0012217305,0.004886922,0.0,TONIC,4fc4d1339fb4
1776116544165,1506729515812552,8.836999,-0.20590134,-4.247314,-0.0018325958,0.002443461,0.0018325958,TONIC,4fc4d1339fb4
1776116544173,1506729523879561,8.846576,-0.20590134,-4.249708,-0.0018325958,0.004276057,6.1086525E-4,TONIC,4fc4d1339fb4
1776116544181,1506729531895339,8.829816,-0.20111294,-4.2521024,-0.0012217305,0.0030543262,0.0,TONIC,4fc4d1339fb4
1776116544189,1506729539868887,8.827422,-0.18914193,-4.259285,-6.1086525E-4,6.1086525E-4,0.0,TONIC,4fc4d1339fb4
1776116544197,1506729547949819,8.827422,-0.21308395,-4.247314,-0.002443461,6.1086525E-4,-6.1086525E-4,TONIC,4fc4d1339fb4
1776116544205,1506729555890751,8.834604,-0.19632454,-4.2640734,0.0012217305,0.0012217305,6.1086525E-4,TONIC,4fc4d1339fb4
1776116544213,1506729563885837,8.832211,-0.20590134,-4.2640734,0.0012217305,-6.1086525E-4,-0.0012217305,TONIC,4fc4d1339fb4
1776116544221,1506729571881769,8.851364,-0.21547815,-4.235343,6.1086525E-4,0.0,-0.0018325958,TONIC,4fc4d1339fb4
1776116544229,1506729579869239,8.846576,-0.21308395,-4.259285,0.0012217305,6.1086525E-4,-0.0012217305,TONIC,4fc4d1339fb4
1776116544237,1506729587872248,8.853758,-0.22505496,-4.2544966,6.1086525E-4,-6.1086525E-4,-0.0012217305,TONIC,4fc4d1339fb4
1776116544245,1506729595897796,8.851364,-0.20829555,-4.237737,0.0018325958,-6.1086525E-4,-0.002443461,TONIC,4fc4d1339fb4
1776116544253,1506729603864882,8.844181,-0.21308395,-4.247314,0.0,0.0,-0.0018325958,TONIC,4fc4d1339fb4
1776116544261,1506729611945275,8.820239,-0.21068975,-4.259285,6.1086525E-4,-0.0012217305,-0.0036651916,TONIC,4fc4d1339fb4
1776116544269,1506729619879977,8.832211,-0.18914193,-4.2544966,0.0012217305,-6.1086525E-4,-0.002443461,TONIC,4fc4d1339fb4
1776116544277,1506729627882524,8.822633,-0.20350714,-4.268862,0.002443461,0.0012217305,-0.004886922,TONIC,4fc4d1339fb4
1776116544285,1506729635840610,8.846576,-0.19871874,-4.2784386,6.1086525E-4,0.0012217305,-0.0030543262,TONIC,4fc4d1339fb4
1776116544293,1506729643874235,8.834604,-0.20350714,-4.280833,6.1086525E-4,0.0030543262,-0.002443461,TONIC,4fc4d1339fb4
1776116544301,1506729651868628,8.834604,-0.19632454,-4.271256,6.1086525E-4,0.002443461,-0.004276057,TONIC,4fc4d1339fb4
1776116544309,1506729659894176,8.832211,-0.19393034,-4.24492,-0.0018325958,0.0030543262,-0.002443461,TONIC,4fc4d1339fb4
1776116544318,1506729668006186,8.839393,-0.21308395,-4.247314,0.0012217305,0.004886922,-0.0018325958,TONIC,4fc4d1339fb4
1776116544325,1506729675884963,8.851364,-0.20111294,-4.247314,0.0012217305,0.002443461,-0.0030543262,TONIC,4fc4d1339fb4
1776116544333,1506729683997358,8.827422,-0.20829555,-4.2401314,6.1086525E-4,0.004276057,-0.002443461,TONIC,4fc4d1339fb4
1776116544341,1506729691906289,8.822633,-0.19871874,-4.256891,0.0018325958,0.0012217305,-0.002443461,TONIC,4fc4d1339fb4
1776116544349,1506729699958222,8.829816,-0.19393034,-4.247314,0.0012217305,6.1086525E-4,-0.002443461,TONIC,4fc4d1339fb4
1776116544357,1506729707898922,8.848969,-0.21547815,-4.256891,0.0012217305,-6.1086525E-4,0.0,TONIC,4fc4d1339fb4
1776116544365,1506729715918855,8.810662,-0.19632454,-4.2544966,6.1086525E-4,-6.1086525E-4,-0.0012217305,TONIC,4fc4d1339fb4
1776116544373,1506729723914326,8.822633,-0.20829555,-4.247314,6.1086525E-4,-0.0018325958,6.1086525E-4,TONIC,4fc4d1339fb4
1776116544381,1506729731884719,8.827422,-0.20111294,-4.261679,-0.0012217305,-0.002443461,0.0,TONIC,4fc4d1339fb4
1776116544389,1506729739910651,8.820239,-0.20590134,-4.259285,0.0012217305,-0.0018325958,0.0012217305,TONIC,4fc4d1339fb4
1776116544397,1506729747875584,8.817844,-0.18435353,-4.27365,-6.1086525E-4,0.0,0.002443461,TONIC,4fc4d1339fb4
1776116544405,1506729755870900,8.846576,-0.19632454,-4.256891,6.1086525E-4,0.0,0.004276057,TONIC,4fc4d1339fb4
1776116544413,1506729763899909,8.846576,-0.20829555,-4.261679,0.0,0.0,0.002443461,TONIC,4fc4d1339fb4
1776116544421,1506729771918611,8.846576,-0.20829555,-4.2544966,6.1086525E-4,0.0012217305,0.0030543262,TONIC,4fc4d1339fb4
1776116544429,1506729779891004,8.836999,-0.20111294,-4.2544966,-0.0018325958,0.0012217305,0.004276057,TONIC,4fc4d1339fb4
1776116544437,1506729787855244,8.832211,-0.21308395,-4.259285,0.0,0.0,0.0012217305,TONIC,4fc4d1339fb4
1776116544445,1506729795811638,8.839393,-0.21068975,-4.256891,-0.0030543262,-0.0012217305,0.0036651916,TONIC,4fc4d1339fb4
1776116544453,1506729803878416,8.822633,-0.22505496,-4.261679,-0.0012217305,0.0,0.0030543262,TONIC,4fc4d1339fb4
1776116544461,1506729811873194,8.844181,-0.22026655,-4.2401314,-0.0018325958,0.0,0.0012217305,TONIC,4fc4d1339fb4
1776116544469,1506729819898742,8.841787,-0.22744916,-4.271256,-0.0018325958,-6.1086525E-4,0.0,TONIC,4fc4d1339fb4
1776116544477,1506729827864905,8.846576,-0.22984336,-4.24492,-0.002443461,-0.004276057,6.1086525E-4,TONIC,4fc4d1339fb4
1776116544485,1506729835822452,8.836999,-0.22984336,-4.2544966,-0.002443461,-0.0012217305,0.0018325958,TONIC,4fc4d1339fb4
1776116544493,1506729843886076,8.841787,-0.21068975,-4.2544966,-0.002443461,-0.0018325958,0.0018325958,TONIC,4fc4d1339fb4
1776116544501,1506729851912009,8.832211,-0.21547815,-4.256891,-6.1086525E-4,-0.0018325958,-6.1086525E-4,TONIC,4fc4d1339fb4
1776116544509,1506729859906787,8.839393,-0.22026655,-4.259285,-0.0018325958,-0.0036651916,0.0,TONIC,4fc4d1339fb4
1776116544518,1506729868018488,8.846576,-0.22266077,-4.247314,-0.0018325958,-6.1086525E-4,-0.0018325958,TONIC,4fc4d1339fb4
1776116544525,1506729875867036,8.846576,-0.22744916,-4.2544966,-0.0030543262,-6.1086525E-4,-0.0012217305,TONIC,4fc4d1339fb4
1776116544533,1506729883918198,8.834604,-0.22984336,-4.2544966,0.0,0.0012217305,-0.0036651916,TONIC,4fc4d1339fb4
1776116544541,1506729891890438,8.851364,-0.21308395,-4.261679,-0.0012217305,-0.0030543262,-0.0036651916,TONIC,4fc4d1339fb4
1776116544549,1506729899886524,8.834604,-0.19393034,-4.2784386,-6.1086525E-4,-0.0012217305,-0.0030543262,TONIC,4fc4d1339fb4
1776116544557,1506729907879687,8.836999,-0.18435353,-4.2760444,-0.002443461,-0.002443461,-0.0030543262,TONIC,4fc4d1339fb4
1776116544565,1506729915906542,8.836999,-0.18914193,-4.259285,-0.005497787,-0.0018325958,-0.0036651916,TONIC,4fc4d1339fb4
1776116544574,1506729924018474,8.858546,-0.21787235,-4.2664676,0.0,0.005497787,-0.0036651916,TONIC,4fc4d1339fb4
1776116544581,1506729931868099,8.836999,-0.19153613,-4.261679,-0.0012217305,0.004276057,-0.004276057,TONIC,4fc4d1339fb4
1776116544589,1506729939918185,8.836999,-0.20590134,-4.261679,0.0018325958,0.005497787,-0.004276057,TONIC,4fc4d1339fb4
1776116544597,1506729947889040,8.834604,-0.20590134,-4.237737,0.0,0.005497787,-0.0030543262,TONIC,4fc4d1339fb4
1776116544605,1506729955886510,8.839393,-0.19871874,-4.2521024,0.004276057,0.007330383,-0.004886922,TONIC,4fc4d1339fb4
1776116544613,1506729963996442,8.836999,-0.18195933,-4.2521024,0.0,0.005497787,-0.004276057,TONIC,4fc4d1339fb4
1776116544621,1506729971876990,8.820239,-0.18914193,-4.2401314,0.0,0.005497787,-0.002443461,TONIC,4fc4d1339fb4
1776116544629,1506729979865614,8.813056,-0.20111294,-4.261679,0.0012217305,0.0012217305,-0.0030543262,TONIC,4fc4d1339fb4
1776116544637,1506729987867546,8.825027,-0.18914193,-4.2521024,0.0012217305,0.0030543262,-0.004276057,TONIC,4fc4d1339fb4
1776116544645,1506729995891863,8.836999,-0.19393034,-4.237737,0.0030543262,0.0036651916,-0.0036651916,TONIC,4fc4d1339fb4
1776116544653,1506730003889026,8.829816,-0.17956513,-4.261679,0.0012217305,0.004886922,-0.002443461,TONIC,4fc4d1339fb4
1776116544662,1506730012000727,8.829816,-0.20111294,-4.2305546,0.0012217305,0.0036651916,-0.0030543262,TONIC,4fc4d1339fb4
1776116544669,1506730019880429,8.832211,-0.17238252,-4.232949,0.0012217305,0.0030543262,-0.002443461,TONIC,4fc4d1339fb4
1776116544677,1506730027930899,8.820239,-0.17717093,-4.24492,6.1086525E-4,0.0036651916,-0.0036651916,TONIC,4fc4d1339fb4
1776116544685,1506730035902370,8.822633,-0.20590134,-4.24492,0.0018325958,-0.0018325958,-0.0012217305,TONIC,4fc4d1339fb4
1776116544693,1506730043897379,8.825027,-0.20590134,-4.2521024,0.0018325958,-0.002443461,-0.002443461,TONIC,4fc4d1339fb4
1776116544701,1506730051892234,8.820239,-0.20111294,-4.2544966,6.1086525E-4,-0.0036651916,0.0,TONIC,4fc4d1339fb4
1776116544709,1506730059887628,8.839393,-0.18674773,-4.2425256,0.004886922,-0.004276057,-0.0012217305,TONIC,4fc4d1339fb4
1776116544717,1506730067883637,8.836999,-0.19393034,-4.259285,-0.0018325958,-0.004276057,0.0,TONIC,4fc4d1339fb4
1776116544725,1506730075880261,8.846576,-0.18914193,-4.2664676,0.0012217305,-0.004886922,6.1086525E-4,TONIC,4fc4d1339fb4
1776116544733,1506730083991656,8.841787,-0.18674773,-4.2640734,-6.1086525E-4,-0.004886922,0.0018325958,TONIC,4fc4d1339fb4
1776116544741,1506730091901126,8.848969,-0.20590134,-4.24492,0.0018325958,-0.004276057,0.0012217305,TONIC,4fc4d1339fb4
1776116544749,1506730099952520,8.848969,-0.20350714,-4.259285,-0.0036651916,-0.007941248,6.1086525E-4,TONIC,4fc4d1339fb4
1776116544757,1506730107891683,8.836999,-0.21787235,-4.2640734,6.1086525E-4,-0.0061086523,0.0012217305,TONIC,4fc4d1339fb4
1776116544765,1506730115821538,8.834604,-0.18674773,-4.256891,0.0,-0.0067195175,0.0018325958,TONIC,4fc4d1339fb4
1776116544773,1506730123885547,8.827422,-0.20829555,-4.271256,0.0,-0.008552114,0.0012217305,TONIC,4fc4d1339fb4
1776116544781,1506730131995941,8.844181,-0.20590134,-4.271256,0.0030543262,-0.005497787,0.0012217305,TONIC,4fc4d1339fb4
1776116544789,1506730139839027,8.822633,-0.21547815,-4.2664676,0.0,-0.0036651916,0.002443461,TONIC,4fc4d1339fb4
1776116544797,1506730147872036,8.836999,-0.21547815,-4.27365,-0.0012217305,-0.0036651916,0.0030543262,TONIC,4fc4d1339fb4
1776116544805,1506730155865506,8.803479,-0.22505496,-4.259285,-0.0012217305,-0.0030543262,0.0012217305,TONIC,4fc4d1339fb4
1776116544813,1506730163978438,8.829816,-0.21787235,-4.27365,0.0012217305,-0.0012217305,0.0012217305,TONIC,4fc4d1339fb4
1776116544821,1506730171858832,8.844181,-0.22026655,-4.2521024,-6.1086525E-4,-0.0030543262,0.002443461,TONIC,4fc4d1339fb4
1776116544829,1506730179908610,8.813056,-0.21787235,-4.271256,-0.0018325958,-0.002443461,6.1086525E-4,TONIC,4fc4d1339fb4
1776116544837,1506730187911158,8.829816,-0.23463176,-4.283227,-0.002443461,-0.0036651916,0.0012217305,TONIC,4fc4d1339fb4
1776116544845,1506730195904320,8.817844,-0.21308395,-4.2880154,-6.1086525E-4,0.0,0.0018325958,TONIC,4fc4d1339fb4
1776116544853,1506730203895406,8.827422,-0.22026655,-4.2760444,-0.0018325958,-6.1086525E-4,0.0012217305,TONIC,4fc4d1339fb4
1776116544861,1506730211867492,8.829816,-0.20350714,-4.2664676,-0.0012217305,0.0030543262,6.1086525E-4,TONIC,4fc4d1339fb4
1776116544869,1506730219863732,8.822633,-0.19871874,-4.2521024,-0.0018325958,0.005497787,6.1086525E-4,TONIC,4fc4d1339fb4
1776116544877,1506730227889664,8.839393,-0.19871874,-4.24492,-0.0012217305,0.0061086523,-6.1086525E-4,TONIC,4fc4d1339fb4
1776116544885,1506730235883212,8.827422,-0.20829555,-4.237737,-0.0012217305,0.0061086523,0.0,TONIC,4fc4d1339fb4
1776116544893,1506730243904067,8.839393,-0.22026655,-4.271256,-0.0018325958,0.007330383,-6.1086525E-4,TONIC,4fc4d1339fb4
1776116544901,1506730251874307,8.825027,-0.20829555,-4.2544966,-0.002443461,0.004886922,-0.0012217305,TONIC,4fc4d1339fb4
1776116544909,1506730259900162,8.834604,-0.20350714,-4.259285,-0.0012217305,0.004276057,-0.0012217305,TONIC,4fc4d1339fb4
1776116544917,1506730267958248,8.829816,-0.20111294,-4.247314,-0.0012217305,0.0067195175,-0.0018325958,TONIC,4fc4d1339fb4
1776116544925,1506730275890949,8.836999,-0.20111294,-4.2640734,-6.1086525E-4,0.007330383,-6.1086525E-4,TONIC,4fc4d1339fb4
1776116544933,1506730283973650,8.834604,-0.18674773,-4.24492,-6.1086525E-4,0.009162978,0.0,TONIC,4fc4d1339fb4
1776116544941,1506730291882890,8.858546,-0.19871874,-4.237737,0.0,0.0061086523,-0.0012217305,TONIC,4fc4d1339fb4
1776116544949,1506730299878976,8.846576,-0.19871874,-4.2544966,-6.1086525E-4,0.0018325958,-0.002443461,TONIC,4fc4d1339fb4
1776116544957,1506730307875908,8.848969,-0.20111294,-4.261679,-0.002443461,0.0012217305,0.0,TONIC,4fc4d1339fb4
1776116544965,1506730315833994,8.851364,-0.20111294,-4.268862,-0.0012217305,-0.0012217305,-0.0018325958,TONIC,4fc4d1339fb4
1776116544973,1506730323866388,8.846576,-0.19871874,-4.2544966,6.1086525E-4,6.1086525E-4,0.0,TONIC,4fc4d1339fb4
1776116544981,1506730331891320,8.839393,-0.19632454,-4.2544966,-6.1086525E-4,0.0018325958,-6.1086525E-4,TONIC,4fc4d1339fb4
1776116544989,1506730339949483,8.834604,-0.20111294,-4.2305546,6.1086525E-4,0.0030543262,-0.0018325958,TONIC,4fc4d1339fb4
1776116544997,1506730347999569,8.827422,-0.19632454,-4.225766,0.0030543262,0.0012217305,-0.0018325958,TONIC,4fc4d1339fb4
1776116545005,1506730355911039,8.834604,-0.20111294,-4.2544966,-6.1086525E-4,-0.005497787,0.0,TONIC,4fc4d1339fb4
1776116545014,1506730364021433,8.829816,-0.20111294,-4.247314,6.1086525E-4,-0.0067195175,-0.0018325958,TONIC,4fc4d1339fb4
1776116545021,1506730371870365,8.846576,-0.20350714,-4.27365,0.0,-0.0067195175,0.0,TONIC,4fc4d1339fb4
1776116545029,1506730379895682,8.856153,-0.19153613,-4.2640734,-0.0012217305,-0.004886922,-0.0012217305,TONIC,4fc4d1339fb4
1776116545037,1506730387891998,8.834604,-0.19153613,-4.2640734,0.0012217305,-0.0012217305,-0.0018325958,TONIC,4fc4d1339fb4
1776116545045,1506730395886161,8.851364,-0.18674773,-4.2521024,0.0018325958,6.1086525E-4,-0.0012217305,TONIC,4fc4d1339fb4
1776116545053,1506730403874786,8.846576,-0.19871874,-4.2305546,0.002443461,0.0,0.0,TONIC,4fc4d1339fb4
1776116545061,1506730411877872,8.825027,-0.19871874,-4.2664676,0.0012217305,-0.002443461,-6.1086525E-4,TONIC,4fc4d1339fb4
1776116545069,1506730419904265,8.856153,-0.20829555,-4.2760444,0.0,-0.005497787,6.1086525E-4,TONIC,4fc4d1339fb4
1776116545077,1506730427986198,8.829816,-0.21787235,-4.249708,0.0012217305,-0.005497787,6.1086525E-4,TONIC,4fc4d1339fb4
1776116545085,1506730435895361,8.851364,-0.20829555,-4.271256,0.0030543262,-0.0030543262,-0.0012217305,TONIC,4fc4d1339fb4
1776116545093,1506730443977524,8.851364,-0.22266077,-4.268862,0.0012217305,-0.002443461,-6.1086525E-4,TONIC,4fc4d1339fb4
1776116545101,1506730451857225,8.832211,-0.22984336,-4.2760444,0.0,-0.002443461,-0.0018325958,TONIC,4fc4d1339fb4
1776116545109,1506730459883157,8.836999,-0.20829555,-4.2640734,0.002443461,0.0,-0.0012217305,TONIC,4fc4d1339fb4
1776116545117,1506730467907782,8.817844,-0.18195933,-4.261679,-0.0012217305,-0.0030543262,-0.002443461,TONIC,4fc4d1339fb4
1776116545125,1506730475905329,8.829816,-0.18674773,-4.256891,-6.1086525E-4,-0.0012217305,-0.0018325958,TONIC,4fc4d1339fb4
1776116545134,1506730484016646,8.829816,-0.18435353,-4.261679,0.0,-0.002443461,-0.0030543262,TONIC,4fc4d1339fb4
1776116545141,1506730491896655,8.834604,-0.18195933,-4.256891,-0.0012217305,-0.002443461,-0.002443461,TONIC,4fc4d1339fb4
1776116545149,1506730499916356,8.829816,-0.21068975,-4.2521024,6.1086525E-4,0.0012217305,-6.1086525E-4,TONIC,4fc4d1339fb4
1776116545157,1506730507886827,8.827422,-0.20111294,-4.268862,0.0,0.0012217305,-0.0018325958,TONIC,4fc4d1339fb4
1776116545165,1506730515884990,8.832211,-0.18914193,-4.2425256,-0.0012217305,0.0012217305,-0.0018325958,TONIC,4fc4d1339fb4
1776116545173,1506730523994614,8.841787,-0.19871874,-4.24492,-6.1086525E-4,0.0030543262,-0.0018325958,TONIC,4fc4d1339fb4
1776116545181,1506730531872700,8.832211,-0.20350714,-4.256891,0.0012217305,0.0018325958,-6.1086525E-4,TONIC,4fc4d1339fb4
1776116545189,1506730539900402,8.825027,-0.18914193,-4.261679,-0.0018325958,-6.1086525E-4,0.0,TONIC,4fc4d1339fb4
1776116545197,1506730547894641,8.822633,-0.19871874,-4.2664676,-0.0012217305,-0.0012217305,0.0012217305,TONIC,4fc4d1339fb4
1776116545205,1506730555946573,8.827422,-0.18674773,-4.261679,-0.0018325958,-0.002443461,6.1086525E-4,TONIC,4fc4d1339fb4
1776116545213,1506730563857121,8.834604,-0.20111294,-4.2640734,-0.0012217305,-0.0036651916,0.002443461,TONIC,4fc4d1339fb4
1776116545221,1506730571937745,8.841787,-0.18914193,-4.2521024,-0.004276057,-0.0036651916,0.0,TONIC,4fc4d1339fb4
1776116545229,1506730579878293,8.836999,-0.18914193,-4.256891,-0.0012217305,-0.0036651916,0.0012217305,TONIC,4fc4d1339fb4
1776116545238,1506730588020533,8.856153,-0.19153613,-4.261679,-0.0018325958,-0.0018325958,0.0030543262,TONIC,4fc4d1339fb4
1776116545245,1506730595868465,8.829816,-0.18674773,-4.2784386,-0.002443461,6.1086525E-4,0.0018325958,TONIC,4fc4d1339fb4
1776116545254,1506730604011858,8.829816,-0.20350714,-4.2640734,-0.0036651916,-0.002443461,0.0036651916,TONIC,4fc4d1339fb4
1776116545261,1506730611859252,8.844181,-0.18674773,-4.2521024,-0.0012217305,-0.0018325958,0.004276057,TONIC,4fc4d1339fb4
1776116545269,1506730619942030,8.822633,-0.20590134,-4.2425256,-6.1086525E-4,0.0018325958,0.0018325958,TONIC,4fc4d1339fb4
1776116545277,1506730627915039,8.832211,-0.22505496,-4.249708,-6.1086525E-4,-0.0018325958,0.002443461,TONIC,4fc4d1339fb4
1776116545285,1506730635908202,8.827422,-0.20829555,-4.261679,-6.1086525E-4,6.1086525E-4,0.004276057,TONIC,4fc4d1339fb4
1776116545294,1506730644020519,8.829816,-0.21787235,-4.247314,-6.1086525E-4,-0.0030543262,0.0018325958,TONIC,4fc4d1339fb4
1776116545301,1506730651870451,8.817844,-0.18914193,-4.271256,0.0,-0.002443461,0.0012217305,TONIC,4fc4d1339fb4
1776116545309,1506730659828537,8.822633,-0.18914193,-4.268862,-0.0012217305,-6.1086525E-4,0.002443461,TONIC,4fc4d1339fb4
1776116545317,1506730667890084,8.858546,-0.19393034,-4.2784386,-6.1086525E-4,-0.0012217305,6.1086525E-4,TONIC,4fc4d1339fb4
1776116545325,1506730675887016,8.832211,-0.19871874,-4.2544966,0.0018325958,0.0018325958,0.002443461,TONIC,4fc4d1339fb4
1776116545333,1506730683998487,8.839393,-0.19153613,-4.249708,6.1086525E-4,0.004276057,0.002443461,TONIC,4fc4d1339fb4
1776116545341,1506730691877188,8.863335,-0.19871874,-4.249708,0.0,0.0036651916,0.0,TONIC,4fc4d1339fb4
1776116545349,1506730699872274,8.851364,-0.21068975,-4.247314,0.0012217305,0.0018325958,0.0,TONIC,4fc4d1339fb4
1776116545357,1506730707900668,8.846576,-0.22266077,-4.261679,-0.0012217305,-0.002443461,6.1086525E-4,TONIC,4fc4d1339fb4
1776116545365,1506730715894831,8.839393,-0.20829555,-4.2664676,-0.0012217305,-0.0030543262,0.0,TONIC,4fc4d1339fb4
1776116545374,1506730724007147,8.844181,-0.20111294,-4.2521024,0.0,-6.1086525E-4,0.0,TONIC,4fc4d1339fb4
1776116545381,1506730731888618,8.844181,-0.19871874,-4.2664676,0.0018325958,-0.0036651916,-0.0018325958,TONIC,4fc4d1339fb4
1776116545389,1506730739813012,8.825027,-0.19393034,-4.261679,0.0012217305,-0.0018325958,-6.1086525E-4,TONIC,4fc4d1339fb4
1776116545397,1506730747878174,8.841787,-0.20590134,-4.247314,6.1086525E-4,-6.1086525E-4,-0.0018325958,TONIC,4fc4d1339fb4
1776116545405,1506730755902491,8.827422,-0.20590134,-4.259285,-0.002443461,-0.0018325958,-6.1086525E-4,TONIC,4fc4d1339fb4
1776116545413,1506730763900731,8.827422,-0.18914193,-4.2521024,-6.1086525E-4,-6.1086525E-4,-6.1086525E-4,TONIC,4fc4d1339fb4
1776116545421,1506730771894586,8.827422,-0.20111294,-4.2521024,-6.1086525E-4,6.1086525E-4,6.1086525E-4,TONIC,4fc4d1339fb4
1776116545429,1506730779890211,8.834604,-0.19632454,-4.259285,6.1086525E-4,0.0018325958,-0.0012217305,TONIC,4fc4d1339fb4
1776116545437,1506730787886527,8.839393,-0.19393034,-4.259285,0.0,0.0012217305,0.0,TONIC,4fc4d1339fb4
1776116545445,1506730795880998,8.839393,-0.19393034,-4.2521024,-0.0012217305,-6.1086525E-4,0.0012217305,TONIC,4fc4d1339fb4
1776116545453,1506730803932700,8.844181,-0.20590134,-4.256891,0.0012217305,-0.0012217305,-0.0012217305,TONIC,4fc4d1339fb4
1776116545461,1506730811872709,8.822633,-0.20111294,-4.249708,0.0012217305,0.0,0.0,TONIC,4fc4d1339fb4
1776116545469,1506730819923872,8.827422,-0.19153613,-4.268862,0.0012217305,-0.0012217305,-6.1086525E-4,TONIC,4fc4d1339fb4
1776116545477,1506730827895266,8.834604,-0.19153613,-4.24492,-6.1086525E-4,-0.002443461,-6.1086525E-4,TONIC,4fc4d1339fb4
1776116545485,1506730835915198,8.815451,-0.19393034,-4.2521024,-6.1086525E-4,-0.0030543262,-6.1086525E-4,TONIC,4fc4d1339fb4
1776116545493,1506730843887514,8.825027,-0.18674773,-4.2544966,-6.1086525E-4,-0.004276057,0.0,TONIC,4fc4d1339fb4
1776116545501,1506730851997985,8.825027,-0.21787235,-4.27365,-6.1086525E-4,-0.0067195175,0.0012217305,TONIC,4fc4d1339fb4
1776116545509,1506730859877763,8.834604,-0.20350714,-4.2760444,0.0,-0.004886922,6.1086525E-4,TONIC,4fc4d1339fb4
1776116545517,1506730867928157,8.832211,-0.21308395,-4.2760444,0.0012217305,-0.005497787,-6.1086525E-4,TONIC,4fc4d1339fb4
1776116545525,1506730875899551,8.815451,-0.20590134,-4.27365,-6.1086525E-4,-0.004886922,0.0012217305,TONIC,4fc4d1339fb4
1776116545533,1506730883919329,8.825027,-0.19871874,-4.256891,-6.1086525E-4,-0.004886922,0.0012217305,TONIC,4fc4d1339fb4
1776116545541,1506730891821415,8.820239,-0.21068975,-4.271256,-6.1086525E-4,-0.0018325958,6.1086525E-4,TONIC,4fc4d1339fb4
1776116545549,1506730899885116,8.822633,-0.19393034,-4.259285,0.0018325958,0.0,0.0018325958,TONIC,4fc4d1339fb4
1776116545557,1506730907912510,8.832211,-0.19393034,-4.261679,-6.1086525E-4,-0.0036651916,0.0012217305,TONIC,4fc4d1339fb4
1776116545565,1506730915876211,8.844181,-0.18914193,-4.2760444,0.0,-0.0012217305,0.0012217305,TONIC,4fc4d1339fb4
1776116545573,1506730923905759,8.808268,-0.19632454,-4.2640734,-0.0012217305,-0.0018325958,0.002443461,TONIC,4fc4d1339fb4
1776116545581,1506730931954152,8.822633,-0.18914193,-4.256891,-6.1086525E-4,0.0018325958,0.0012217305,TONIC,4fc4d1339fb4
1776116545589,1506730939865853,8.829816,-0.18435353,-4.2664676,-6.1086525E-4,0.0018325958,0.0012217305,TONIC,4fc4d1339fb4
1776116545597,1506730947889555,8.832211,-0.19632454,-4.256891,0.0,0.0,0.0030543262,TONIC,4fc4d1339fb4
1776116545605,1506730955818795,8.856153,-0.19871874,-4.271256,-6.1086525E-4,0.0012217305,0.0030543262,TONIC,4fc4d1339fb4
1776116545613,1506730963880881,8.832211,-0.19871874,-4.256891,-0.0018325958,6.1086525E-4,0.0018325958,TONIC,4fc4d1339fb4
1776116545621,1506730971906736,8.848969,-0.20829555,-4.259285,0.0,-0.0012217305,0.0012217305,TONIC,4fc4d1339fb4
1776116545629,1506730979958206,8.829816,-0.20829555,-4.27365,-0.0012217305,0.0,0.0018325958,TONIC,4fc4d1339fb4
1776116545637,1506730987899677,8.813056,-0.21068975,-4.268862,-0.0018325958,-6.1086525E-4,6.1086525E-4,TONIC,4fc4d1339fb4
1776116545645,1506730995895070,8.827422,-0.22026655,-4.256891,-0.0018325958,0.0012217305,6.1086525E-4,TONIC,4fc4d1339fb4
1776116545653,1506731003891156,8.841787,-0.20590134,-4.2640734,-6.1086525E-4,0.0012217305,6.1086525E-4,TONIC,4fc4d1339fb4
1776116545662,1506731012006858,8.834604,-0.20590134,-4.271256,-0.0012217305,0.0012217305,-6.1086525E-4,TONIC,4fc4d1339fb4
1776116545669,1506731019936405,8.839393,-0.20350714,-4.27365,0.0,0.0018325958,0.0012217305,TONIC,4fc4d1339fb4
1776116545677,1506731027907183,8.822633,-0.20111294,-4.259285,0.0,0.0036651916,-6.1086525E-4,TONIC,4fc4d1339fb4
1776116545685,1506731035873346,8.832211,-0.19632454,-4.256891,-0.0018325958,6.1086525E-4,6.1086525E-4,TONIC,4fc4d1339fb4
1776116545693,1506731043984355,8.841787,-0.19153613,-4.2521024,-0.002443461,6.1086525E-4,6.1086525E-4,TONIC,4fc4d1339fb4
1776116545701,1506731051862287,8.846576,-0.18435353,-4.247314,-6.1086525E-4,0.0018325958,-6.1086525E-4,TONIC,4fc4d1339fb4
1776116545709,1506731059944989,8.844181,-0.19393034,-4.2664676,0.0030543262,0.0,-0.0012217305,TONIC,4fc4d1339fb4
1776116545717,1506731067884382,8.829816,-0.19632454,-4.247314,0.0,0.0018325958,-6.1086525E-4,TONIC,4fc4d1339fb4
1776116545725,1506731075814238,8.844181,-0.18195933,-4.235343,0.0,0.0036651916,-0.0012217305,TONIC,4fc4d1339fb4
1776116545733,1506731083876093,8.839393,-0.20590134,-4.2425256,-0.0012217305,6.1086525E-4,-6.1086525E-4,TONIC,4fc4d1339fb4
1776116545741,1506731091871794,8.832211,-0.20111294,-4.2521024,-0.0012217305,-0.0036651916,6.1086525E-4,TONIC,4fc4d1339fb4
1776116545749,1506731099897649,8.817844,-0.21068975,-4.259285,0.0,-0.004276057,0.0,TONIC,4fc4d1339fb4
1776116545758,1506731108010275,8.834604,-0.20590134,-4.27365,0.0,-0.008552114,-6.1086525E-4,TONIC,4fc4d1339fb4
1776116545765,1506731115890590,8.810662,-0.19632454,-4.280833,-0.0018325958,-0.007941248,-0.0012217305,TONIC,4fc4d1339fb4
1776116545773,1506731123877369,8.825027,-0.20829555,-4.2784386,-0.0012217305,-0.008552114,-6.1086525E-4,TONIC,4fc4d1339fb4
1776116545781,1506731131880147,8.851364,-0.17717093,-4.2784386,-6.1086525E-4,-0.004886922,-0.002443461,TONIC,4fc4d1339fb4
1776116545789,1506731139875925,8.825027,-0.17717093,-4.2640734,0.0012217305,0.0,-6.1086525E-4,TONIC,4fc4d1339fb4
1776116545797,1506731147903011,8.817844,-0.18914193,-4.261679,-6.1086525E-4,-6.1086525E-4,6.1086525E-4,TONIC,4fc4d1339fb4
1776116545805,1506731155831328,8.841787,-0.18435353,-4.259285,0.0012217305,-6.1086525E-4,-6.1086525E-4,TONIC,4fc4d1339fb4
1776116545813,1506731163864260,8.822633,-0.19871874,-4.268862,0.0012217305,-0.0012217305,0.0,TONIC,4fc4d1339fb4
1776116545821,1506731171944578,8.817844,-0.19153613,-4.27365,0.0,0.0012217305,0.0,TONIC,4fc4d1339fb4
1776116545829,1506731179883971,8.829816,-0.20590134,-4.2544966,-0.0012217305,0.0012217305,0.0,TONIC,4fc4d1339fb4
1776116545837,1506731187910365,8.832211,-0.20111294,-4.268862,0.0,6.1086525E-4,0.0,TONIC,4fc4d1339fb4
1776116545845,1506731195876528,8.829816,-0.19871874,-4.2640734,0.0,0.0018325958,6.1086525E-4,TONIC,4fc4d1339fb4
1776116545854,1506731204018691,8.836999,-0.19632454,-4.249708,0.0030543262,0.004276057,-0.0012217305,TONIC,4fc4d1339fb4
1776116545861,1506731211869469,8.808268,-0.19871874,-4.271256,-6.1086525E-4,-0.0012217305,0.0012217305,TONIC,4fc4d1339fb4
1776116545869,1506731219948862,8.803479,-0.20111294,-4.2664676,6.1086525E-4,0.0030543262,6.1086525E-4,TONIC,4fc4d1339fb4
1776116545877,1506731227890487,8.805874,-0.17717093,-4.2640734,6.1086525E-4,6.1086525E-4,6.1086525E-4,TONIC,4fc4d1339fb4
1776116545885,1506731235884265,8.822633,-0.17238252,-4.283227,6.1086525E-4,0.0030543262,0.0012217305,TONIC,4fc4d1339fb4
1776116545893,1506731243905197,8.822633,-0.18195933,-4.261679,0.0012217305,0.004276057,0.0030543262,TONIC,4fc4d1339fb4
1776116545901,1506731251875668,8.836999,-0.19153613,-4.2521024,0.0,0.009162978,0.002443461,TONIC,4fc4d1339fb4
1776116545909,1506731259871138,8.825027,-0.19632454,-4.2401314,0.0018325958,0.009162978,0.0030543262,TONIC,4fc4d1339fb4
1776116545917,1506731267896917,8.834604,-0.20111294,-4.247314,0.0,0.010995574,0.0018325958,TONIC,4fc4d1339fb4
1776116545925,1506731275893926,8.829816,-0.21068975,-4.237737,0.0018325958,0.0061086523,0.0036651916,TONIC,4fc4d1339fb4
1776116545933,1506731283974781,8.832211,-0.22505496,-4.235343,-6.1086525E-4,0.0012217305,0.0030543262,TONIC,4fc4d1339fb4
1776116545941,1506731291883482,8.846576,-0.22026655,-4.261679,0.0,-0.0018325958,0.004276057,TONIC,4fc4d1339fb4
1776116545949,1506731299879414,8.846576,-0.21547815,-4.2521024,0.0012217305,-0.004276057,0.004886922,TONIC,4fc4d1339fb4
1776116545957,1506731307877039,8.853758,-0.21308395,-4.247314,6.1086525E-4,-0.002443461,0.0036651916,TONIC,4fc4d1339fb4
1776116545965,1506731315901048,8.829816,-0.21547815,-4.249708,-0.0018325958,-0.005497787,0.004276057,TONIC,4fc4d1339fb4
1776116545973,1506731323983441,8.841787,-0.22266077,-4.259285,-0.0012217305,-0.0030543262,0.0030543262,TONIC,4fc4d1339fb4
1776116545981,1506731331861681,8.846576,-0.22026655,-4.27365,-0.0012217305,-0.0030543262,0.002443461,TONIC,4fc4d1339fb4
1776116545989,1506731339850536,8.841787,-0.21787235,-4.27365,-0.002443461,-0.0036651916,0.004276057,TONIC,4fc4d1339fb4
1776116545997,1506731347883545,8.860941,-0.22505496,-4.259285,-0.0018325958,-0.0036651916,0.0030543262,TONIC,4fc4d1339fb4
1776116546005,1506731355810939,8.836999,-0.21308395,-4.2760444,-0.0012217305,-0.004276057,0.0012217305,TONIC,4fc4d1339fb4
1776116546013,1506731363877102,8.851364,-0.20829555,-4.24492,-6.1086525E-4,-0.0061086523,-6.1086525E-4,TONIC,4fc4d1339fb4
1776116546021,1506731371957034,8.863335,-0.23463176,-4.2784386,-0.0018325958,-0.0061086523,0.0,TONIC,4fc4d1339fb4
1776116546029,1506731379897966,8.832211,-0.22026655,-4.280833,-0.0012217305,-0.005497787,-0.0018325958,TONIC,4fc4d1339fb4
1776116546037,1506731387894590,8.820239,-0.22266077,-4.285621,0.0018325958,-6.1086525E-4,-0.004276057,TONIC,4fc4d1339fb4
1776116546045,1506731395889445,8.820239,-0.19871874,-4.259285,-0.0030543262,-0.0018325958,-0.004276057,TONIC,4fc4d1339fb4
1776116546054,1506731404000531,8.839393,-0.20111294,-4.2544966,0.0,0.002443461,-0.004276057,TONIC,4fc4d1339fb4
1776116546061,1506731411910925,8.846576,-0.22026655,-4.2760444,0.0,6.1086525E-4,-0.005497787,TONIC,4fc4d1339fb4
1776116546069,1506731419930703,8.829816,-0.19871874,-4.268862,-0.0012217305,-6.1086525E-4,-0.004276057,TONIC,4fc4d1339fb4
1776116546077,1506731427902943,8.834604,-0.18435353,-4.261679,-0.0012217305,6.1086525E-4,-0.004886922,TONIC,4fc4d1339fb4
1776116546085,1506731435867644,8.839393,-0.19871874,-4.259285,6.1086525E-4,0.002443461,-0.0030543262,TONIC,4fc4d1339fb4
1776116546094,1506731444039653,8.841787,-0.19153613,-4.271256,-0.0012217305,0.004276057,-0.0036651916,TONIC,4fc4d1339fb4
1776116546101,1506731451890355,8.805874,-0.20111294,-4.271256,0.0018325958,0.004886922,-0.0036651916,TONIC,4fc4d1339fb4
1776116546109,1506731459885210,8.825027,-0.18674773,-4.249708,0.0012217305,0.0036651916,-0.0030543262,TONIC,4fc4d1339fb4
1776116546117,1506731467878373,8.829816,-0.19871874,-4.249708,0.0,0.0012217305,-0.002443461,TONIC,4fc4d1339fb4
1776116546125,1506731475838997,8.813056,-0.16998832,-4.259285,6.1086525E-4,-0.0012217305,-0.0030543262,TONIC,4fc4d1339fb4
1776116546133,1506731483872237,8.825027,-0.17238252,-4.2664676,0.0,0.0018325958,-0.0030543262,TONIC,4fc4d1339fb4
1776116546141,1506731491952324,8.822633,-0.17717093,-4.256891,-6.1086525E-4,0.0036651916,-0.0012217305,TONIC,4fc4d1339fb4
1776116546149,1506731499861563,8.827422,-0.16519992,-4.2521024,0.0,0.002443461,0.0012217305,TONIC,4fc4d1339fb4
1776116546157,1506731507889879,8.820239,-0.17477672,-4.24492,6.1086525E-4,0.004276057,0.0012217305,TONIC,4fc4d1339fb4
1776116546165,1506731515882735,8.834604,-0.19153613,-4.232949,6.1086525E-4,0.005497787,0.002443461,TONIC,4fc4d1339fb4
1776116546174,1506731524026206,8.827422,-0.19871874,-4.237737,0.0018325958,0.002443461,0.0036651916,TONIC,4fc4d1339fb4
1776116546181,1506731531904677,8.834604,-0.18435353,-4.2544966,0.0030543262,6.1086525E-4,0.0036651916,TONIC,4fc4d1339fb4
1776116546189,1506731539961532,8.836999,-0.21308395,-4.2521024,0.0012217305,-0.002443461,0.002443461,TONIC,4fc4d1339fb4
1776116546197,1506731547895464,8.836999,-0.20111294,-4.2544966,0.0030543262,-0.0030543262,0.0012217305,TONIC,4fc4d1339fb4
1776116546205,1506731555891396,8.839393,-0.20350714,-4.2640734,0.0012217305,-0.007330383,0.002443461,TONIC,4fc4d1339fb4
1776116546214,1506731564004405,8.848969,-0.20829555,-4.259285,6.1086525E-4,-0.004886922,0.0018325958,TONIC,4fc4d1339fb4
1776116546221,1506731571884337,8.834604,-0.18435353,-4.249708,-0.0012217305,-0.009773844,0.0018325958,TONIC,4fc4d1339fb4
1776116546229,1506731579995731,8.832211,-0.18435353,-4.247314,-6.1086525E-4,-0.0061086523,0.0018325958,TONIC,4fc4d1339fb4
1776116546237,1506731587906509,8.841787,-0.20111294,-4.256891,6.1086525E-4,-0.007941248,0.0018325958,TONIC,4fc4d1339fb4
1776116546245,1506731595893057,8.825027,-0.20590134,-4.2544966,0.0,-0.007941248,0.0018325958,TONIC,4fc4d1339fb4
1776116546253,1506731603867143,8.822633,-0.18435353,-4.247314,-6.1086525E-4,-0.009162978,0.0018325958,TONIC,4fc4d1339fb4
1776116546261,1506731611853690,8.841787,-0.20111294,-4.2664676,6.1086525E-4,-0.009162978,0.002443461,TONIC,4fc4d1339fb4
1776116546269,1506731619888699,8.844181,-0.22026655,-4.261679,0.0,-0.008552114,0.0018325958,TONIC,4fc4d1339fb4
1776116546277,1506731627882862,8.836999,-0.20350714,-4.295198,0.0,-0.007330383,0.0018325958,TONIC,4fc4d1339fb4
1776116546285,1506731635810025,8.836999,-0.21068975,-4.295198,-6.1086525E-4,-0.005497787,6.1086525E-4,TONIC,4fc4d1339fb4
1776116546293,1506731643874880,8.815451,-0.20829555,-4.2760444,-6.1086525E-4,-0.0012217305,0.002443461,TONIC,4fc4d1339fb4
1776116546301,1506731651986658,8.829816,-0.20829555,-4.280833,-6.1086525E-4,0.0012217305,0.0012217305,TONIC,4fc4d1339fb4
1776116546309,1506731659865667,8.829816,-0.20590134,-4.271256,0.0,0.0036651916,0.0012217305,TONIC,4fc4d1339fb4
1776116546317,1506731667892215,8.820239,-0.20829555,-4.259285,-0.0018325958,0.004886922,6.1086525E-4,TONIC,4fc4d1339fb4
1776116546325,1506731675887916,8.817844,-0.17717093,-4.2664676,-6.1086525E-4,0.0067195175,0.0018325958,TONIC,4fc4d1339fb4
1776116546333,1506731683969156,8.815451,-0.19871874,-4.2544966,0.0018325958,0.005497787,0.0036651916,TONIC,4fc4d1339fb4
1776116546341,1506731691879242,8.829816,-0.20829555,-4.268862,-0.002443461,0.005497787,0.0018325958,TONIC,4fc4d1339fb4
1776116546349,1506731699929789,8.827422,-0.19153613,-4.259285,-6.1086525E-4,0.007330383,6.1086525E-4,TONIC,4fc4d1339fb4
1776116546357,1506731707901798,8.825027,-0.18914193,-4.2544966,-6.1086525E-4,0.008552114,6.1086525E-4,TONIC,4fc4d1339fb4
1776116546365,1506731715868192,8.822633,-0.19871874,-4.249708,-0.0036651916,0.0061086523,-6.1086525E-4,TONIC,4fc4d1339fb4
1776116546374,1506731724008278,8.841787,-0.19871874,-4.24492,0.0,0.008552114,0.0012217305,TONIC,4fc4d1339fb4
1776116546381,1506731731887979,8.841787,-0.18195933,-4.247314,-0.0012217305,0.008552114,-0.0012217305,TONIC,4fc4d1339fb4
1776116546389,1506731739938450,8.825027,-0.17717093,-4.2640734,0.0012217305,0.01038471,0.0,TONIC,4fc4d1339fb4
1776116546397,1506731747910689,8.832211,-0.20350714,-4.259285,0.0,0.007330383,6.1086525E-4,TONIC,4fc4d1339fb4
1776116546405,1506731755905237,8.851364,-0.19153613,-4.2281604,-0.0030543262,0.007330383,6.1086525E-4,TONIC,4fc4d1339fb4
1776116546413,1506731763986400,8.822633,-0.20111294,-4.2521024,0.0,0.0067195175,0.0018325958,TONIC,4fc4d1339fb4
1776116546421,1506731771866178,8.848969,-0.19632454,-4.2521024,-6.1086525E-4,0.002443461,0.0012217305,TONIC,4fc4d1339fb4
1776116546429,1506731779952264,8.844181,-0.19153613,-4.2664676,0.0,0.004886922,6.1086525E-4,TONIC,4fc4d1339fb4
1776116546437,1506731787879427,8.839393,-0.19632454,-4.256891,0.0018325958,0.004276057,0.0018325958,TONIC,4fc4d1339fb4
1776116546445,1506731795883667,8.853758,-0.21308395,-4.256891,6.1086525E-4,0.0018325958,0.002443461,TONIC,4fc4d1339fb4
1776116546453,1506731803910445,8.848969,-0.18914193,-4.249708,0.0,0.0018325958,6.1086525E-4,TONIC,4fc4d1339fb4
1776116546461,1506731811905531,8.836999,-0.19632454,-4.237737,0.0,-0.002443461,6.1086525E-4,TONIC,4fc4d1339fb4
1776116546469,1506731819900694,8.839393,-0.19153613,-4.235343,0.0,-0.0036651916,0.0,TONIC,4fc4d1339fb4
1776116546477,1506731827895472,8.829816,-0.20350714,-4.247314,6.1086525E-4,-0.0061086523,6.1086525E-4,TONIC,4fc4d1339fb4
1776116546485,1506731835890866,8.839393,-0.20590134,-4.256891,0.0,-0.007941248,-0.0012217305,TONIC,4fc4d1339fb4
1776116546493,1506731843888413,8.815451,-0.19393034,-4.280833,-0.0012217305,-0.009162978,6.1086525E-4,TONIC,4fc4d1339fb4
1776116546501,1506731851938191,8.815451,-0.20829555,-4.2784386,0.0,-0.008552114,0.0,TONIC,4fc4d1339fb4
1776116546509,1506731859878585,8.839393,-0.18674773,-4.2521024,0.002443461,-0.0067195175,-0.0012217305,TONIC,4fc4d1339fb4
1776116546517,1506731867903209,8.839393,-0.19153613,-4.256891,6.1086525E-4,-0.0061086523,-6.1086525E-4,TONIC,4fc4d1339fb4
1776116546525,1506731875830911,8.848969,-0.19393034,-4.2784386,0.002443461,-0.0018325958,-0.0018325958,TONIC,4fc4d1339fb4
1776116546533,1506731883897613,8.836999,-0.20111294,-4.283227,0.0012217305,-0.0018325958,6.1086525E-4,TONIC,4fc4d1339fb4
1776116546541,1506731891890314,8.848969,-0.18914193,-4.27365,6.1086525E-4,-0.0030543262,6.1086525E-4,TONIC,4fc4d1339fb4
1776116546549,1506731899911785,8.825027,-0.20590134,-4.2760444,0.0012217305,0.0012217305,0.0,TONIC,4fc4d1339fb4
1776116546557,1506731907882563,8.844181,-0.21308395,-4.268862,6.1086525E-4,0.004886922,-6.1086525E-4,TONIC,4fc4d1339fb4
1776116546565,1506731915879265,8.829816,-0.20111294,-4.2401314,0.0,0.005497787,0.0,TONIC,4fc4d1339fb4
1776116546574,1506731924020735,8.789114,-0.22026655,-4.271256,6.1086525E-4,0.004276057,-6.1086525E-4,TONIC,4fc4d1339fb4
1776116546581,1506731931869436,8.813056,-0.20590134,-4.2640734,6.1086525E-4,0.0036651916,6.1086525E-4,TONIC,4fc4d1339fb4
1776116546589,1506731939981368,8.817844,-0.19153613,-4.2544966,6.1086525E-4,0.004276057,-6.1086525E-4,TONIC,4fc4d1339fb4
1776116546597,1506731947863224,8.829816,-0.18914193,-4.2664676,0.0,0.0,0.0,TONIC,4fc4d1339fb4
1776116546605,1506731955887310,8.829816,-0.17956513,-4.271256,-0.0012217305,0.0036651916,-6.1086525E-4,TONIC,4fc4d1339fb4
1776116546613,1506731963882626,8.856153,-0.20829555,-4.268862,-6.1086525E-4,0.005497787,0.0018325958,TONIC,4fc4d1339fb4
1776116546621,1506731971907635,8.832211,-0.20590134,-4.2664676,-6.1086525E-4,0.0067195175,0.0018325958,TONIC,4fc4d1339fb4
1776116546629,1506731979902952,8.846576,-0.18914193,-4.2401314,0.0,0.008552114,0.002443461,TONIC,4fc4d1339fb4
1776116546637,1506731987898653,8.851364,-0.19153613,-4.2401314,0.0,0.007941248,0.0012217305,TONIC,4fc4d1339fb4
1776116546645,1506731995895893,8.829816,-0.20111294,-4.223372,-6.1086525E-4,0.0030543262,0.0030543262,TONIC,4fc4d1339fb4
1776116546653,1506732003891671,8.822633,-0.19153613,-4.2305546,-0.0012217305,0.0,0.0030543262,TONIC,4fc4d1339fb4
1776116546661,1506732011886142,8.829816,-0.21068975,-4.259285,-6.1086525E-4,-0.0036651916,0.0012217305,TONIC,4fc4d1339fb4
1776116546669,1506732019881536,8.841787,-0.19871874,-4.261679,-0.0018325958,-0.002443461,0.0036651916,TONIC,4fc4d1339fb4
1776116546677,1506732027907622,8.836999,-0.21787235,-4.268862,-6.1086525E-4,-0.004886922,0.0030543262,TONIC,4fc4d1339fb4
1776116546685,1506732035903092,8.860941,-0.20350714,-4.2664676,-0.0018325958,-0.0061086523,0.004276057,TONIC,4fc4d1339fb4
1776116546693,1506732043899101,8.844181,-0.21068975,-4.256891,-0.0018325958,-0.004886922,0.0030543262,TONIC,4fc4d1339fb4
1776116546701,1506732051895956,8.836999,-0.20350714,-4.271256,-6.1086525E-4,-0.004276057,0.0030543262,TONIC,4fc4d1339fb4
1776116546709,1506732059890196,8.834604,-0.21308395,-4.2521024,-6.1086525E-4,-0.002443461,0.0018325958,TONIC,4fc4d1339fb4
1776116546717,1506732067887128,8.851364,-0.19393034,-4.259285,-6.1086525E-4,-0.0030543262,0.0018325958,TONIC,4fc4d1339fb4
1776116546725,1506732075911368,8.820239,-0.19632454,-4.2521024,-6.1086525E-4,-0.0030543262,0.0018325958,TONIC,4fc4d1339fb4
1776116546733,1506732083909839,8.846576,-0.22505496,-4.27365,-6.1086525E-4,-0.0030543262,0.0018325958,TONIC,4fc4d1339fb4
1776116546741,1506732091903078,8.846576,-0.22744916,-4.2880154,0.0,-0.0036651916,-0.0012217305,TONIC,4fc4d1339fb4
1776116546749,1506732099900087,8.820239,-0.22026655,-4.261679,-0.0018325958,-0.0036651916,-0.0012217305,TONIC,4fc4d1339fb4
1776116546757,1506732107895404,8.829816,-0.20590134,-4.285621,-0.0018325958,-0.002443461,-0.002443461,TONIC,4fc4d1339fb4
1776116546765,1506732115889875,8.820239,-0.19632454,-4.2640734,-6.1086525E-4,-0.0030543262,-0.0018325958,TONIC,4fc4d1339fb4
1776116546773,1506732123888345,8.846576,-0.19153613,-4.259285,-6.1086525E-4,6.1086525E-4,-0.0018325958,TONIC,4fc4d1339fb4
1776116546781,1506732131911123,8.829816,-0.20350714,-4.27365,-0.002443461,0.002443461,-0.002443461,TONIC,4fc4d1339fb4
1776116546789,1506732139907209,8.844181,-0.19153613,-4.27365,0.0,0.004886922,-6.1086525E-4,TONIC,4fc4d1339fb4
1776116546797,1506732147902526,8.848969,-0.19871874,-4.2544966,0.0,0.004276057,-0.0012217305,TONIC,4fc4d1339fb4
1776116546805,1506732155898920,8.841787,-0.19632454,-4.2521024,0.0,0.009162978,-0.0030543262,TONIC,4fc4d1339fb4
1776116546813,1506732163950236,8.846576,-0.19632454,-4.232949,0.0012217305,0.0067195175,-0.0018325958,TONIC,4fc4d1339fb4
1776116546821,1506732171890553,8.836999,-0.20590134,-4.2425256,0.0,0.0030543262,-0.002443461,TONIC,4fc4d1339fb4
1776116546829,1506732179885716,8.813056,-0.20829555,-4.2425256,-6.1086525E-4,6.1086525E-4,-0.0018325958,TONIC,4fc4d1339fb4
1776116546837,1506732187880494,8.817844,-0.19871874,-4.249708,0.0,-0.002443461,-0.0018325958,TONIC,4fc4d1339fb4
1776116546845,1506732195907888,8.825027,-0.18674773,-4.2640734,-6.1086525E-4,-0.004276057,-0.0012217305,TONIC,4fc4d1339fb4
1776116546853,1506732203902897,8.825027,-0.18914193,-4.295198,0.0,-0.004886922,-0.0012217305,TONIC,4fc4d1339fb4
1776116546861,1506732211898060,8.815451,-0.19632454,-4.283227,-6.1086525E-4,-0.0018325958,-6.1086525E-4,TONIC,4fc4d1339fb4
1776116546869,1506732219893761,8.825027,-0.17956513,-4.256891,0.0,0.0018325958,0.0012217305,TONIC,4fc4d1339fb4
1776116546877,1506732227889155,8.827422,-0.18674773,-4.259285,6.1086525E-4,0.004276057,-0.0018325958,TONIC,4fc4d1339fb4
1776116546885,1506732235886625,8.836999,-0.19632454,-4.247314,0.0012217305,0.005497787,-6.1086525E-4,TONIC,4fc4d1339fb4
1776116546893,1506732243882328,8.822633,-0.18435353,-4.249708,6.1086525E-4,0.0030543262,0.0,TONIC,4fc4d1339fb4
1776116546901,1506732251906721,8.817844,-0.18914193,-4.2401314,6.1086525E-4,0.004276057,0.0,TONIC,4fc4d1339fb4
1776116546909,1506732259902038,8.825027,-0.19871874,-4.268862,0.0018325958,0.0030543262,0.0,TONIC,4fc4d1339fb4
1776116546917,1506732267897739,8.834604,-0.20350714,-4.261679,6.1086525E-4,0.0036651916,-6.1086525E-4,TONIC,4fc4d1339fb4
1776116546925,1506732275827671,8.851364,-0.18914193,-4.271256,6.1086525E-4,0.0012217305,6.1086525E-4,TONIC,4fc4d1339fb4
1776116546933,1506732283891296,8.846576,-0.19632454,-4.2784386,0.0018325958,0.0030543262,-0.0018325958,TONIC,4fc4d1339fb4
1776116546941,1506732291885459,8.844181,-0.19632454,-4.2664676,0.002443461,0.004886922,0.0012217305,TONIC,4fc4d1339fb4
1776116546949,1506732299997775,8.822633,-0.19393034,-4.247314,6.1086525E-4,0.0061086523,6.1086525E-4,TONIC,4fc4d1339fb4
1776116546957,1506732307908323,8.836999,-0.18435353,-4.24492,6.1086525E-4,0.0030543262,0.0012217305,TONIC,4fc4d1339fb4
1776116546965,1506732315901870,8.834604,-0.19871874,-4.237737,-6.1086525E-4,6.1086525E-4,0.0036651916,TONIC,4fc4d1339fb4
1776116546973,1506732323984572,8.815451,-0.21547815,-4.24492,0.0,-0.004276057,0.0030543262,TONIC,4fc4d1339fb4
1776116546981,1506732331864581,8.846576,-0.19871874,-4.271256,-0.0012217305,-0.0061086523,0.002443461,TONIC,4fc4d1339fb4
1776116546989,1506732339950436,8.829816,-0.22266077,-4.285621,0.0030543262,-0.007330383,0.004276057,TONIC,4fc4d1339fb4
1776116546998,1506732348001829,8.846576,-0.20350714,-4.2784386,-0.005497787,-0.007941248,0.004276057,TONIC,4fc4d1339fb4
1776116547005,1506732355912300,8.829816,-0.19153613,-4.2760444,-6.1086525E-4,-0.0030543262,0.0018325958,TONIC,4fc4d1339fb4
1776116547014,1506732364023694,8.817844,-0.19393034,-4.261679,-0.0012217305,-0.005497787,0.004276057,TONIC,4fc4d1339fb4
1776116547021,1506732371901626,8.810662,-0.19393034,-4.2521024,-0.0012217305,-0.0030543262,0.004886922,TONIC,4fc4d1339fb4
1776116547029,1506732379898173,8.822633,-0.20829555,-4.268862,-0.0067195175,-0.007941248,0.004276057,TONIC,4fc4d1339fb4
1776116547037,1506732387894567,8.829816,-0.20829555,-4.2784386,-0.0036651916,-0.0012217305,0.004886922,TONIC,4fc4d1339fb4
1776116547045,1506732395889037,8.827422,-0.20350714,-4.2664676,-0.002443461,0.0012217305,0.004276057,TONIC,4fc4d1339fb4
1776116547054,1506732404001662,8.822633,-0.20350714,-4.2760444,-0.002443461,0.002443461,0.005497787,TONIC,4fc4d1339fb4
1776116547061,1506732411913363,8.817844,-0.16998832,-4.261679,-0.0018325958,0.004276057,0.005497787,TONIC,4fc4d1339fb4
1776116547069,1506732419906911,8.815451,-0.18195933,-4.2664676,-6.1086525E-4,0.0061086523,0.0036651916,TONIC,4fc4d1339fb4
1776116547077,1506732427904997,8.820239,-0.20111294,-4.2664676,-0.0012217305,0.0061086523,0.004886922,TONIC,4fc4d1339fb4
1776116547085,1506732435953621,8.825027,-0.22505496,-4.249708,-0.002443461,0.005497787,0.0030543262,TONIC,4fc4d1339fb4
1776116547093,1506732443893630,8.836999,-0.21308395,-4.268862,-0.0018325958,0.004276057,0.004886922,TONIC,4fc4d1339fb4
1776116547102,1506732452005947,8.836999,-0.21547815,-4.2760444,-0.002443461,0.005497787,0.002443461,TONIC,4fc4d1339fb4
1776116547109,1506732459884802,8.853758,-0.21308395,-4.271256,0.0,0.007330383,0.0036651916,TONIC,4fc4d1339fb4
1776116547117,1506732467910349,8.853758,-0.22026655,-4.247314,0.0,0.010995574,0.0012217305,TONIC,4fc4d1339fb4
1776116547125,1506732475776820,8.846576,-0.21547815,-4.247314,6.1086525E-4,0.01038471,0.0012217305,TONIC,4fc4d1339fb4
1776116547133,1506732483873060,8.836999,-0.20111294,-4.2401314,0.0,0.009162978,0.0,TONIC,4fc4d1339fb4
1776116547141,1506732491897069,8.853758,-0.21787235,-4.235343,0.0012217305,0.0067195175,6.1086525E-4,TONIC,4fc4d1339fb4
1776116547149,1506732499979539,8.848969,-0.20590134,-4.237737,6.1086525E-4,-0.0012217305,-6.1086525E-4,TONIC,4fc4d1339fb4
1776116547157,1506732507890394,8.851364,-0.21068975,-4.2544966,0.002443461,-0.0030543262,-0.0018325958,TONIC,4fc4d1339fb4
1776116547165,1506732515884250,8.839393,-0.21308395,-4.268862,-0.002443461,-0.0067195175,-0.0030543262,TONIC,4fc4d1339fb4
1776116547173,1506732523935874,8.836999,-0.21787235,-4.2544966,-6.1086525E-4,-0.005497787,-0.0036651916,TONIC,4fc4d1339fb4
1776116547181,1506732531876191,8.836999,-0.21068975,-4.237737,-0.0012217305,-0.004886922,-0.0036651916,TONIC,4fc4d1339fb4
1776116547190,1506732540024892,8.836999,-0.21068975,-4.259285,-0.0012217305,-0.0030543262,-0.004276057,TONIC,4fc4d1339fb4
1776116547197,1506732547859593,8.820239,-0.18914193,-4.249708,6.1086525E-4,-0.004276057,-0.0036651916,TONIC,4fc4d1339fb4
1776116547205,1506732555894064,8.839393,-0.19632454,-4.2521024,0.0,-0.007941248,-0.0036651916,TONIC,4fc4d1339fb4
1776116547213,1506732563891073,8.829816,-0.18914193,-4.249708,-6.1086525E-4,-0.007941248,-0.004276057,TONIC,4fc4d1339fb4
1776116547221,1506732571884544,8.822633,-0.16759412,-4.2760444,6.1086525E-4,-0.005497787,-0.0012217305,TONIC,4fc4d1339fb4
1776116547229,1506732579905245,8.825027,-0.16998832,-4.2640734,6.1086525E-4,-0.0012217305,-0.002443461,TONIC,4fc4d1339fb4
1776116547237,1506732587875100,8.820239,-0.19632454,-4.259285,6.1086525E-4,-6.1086525E-4,-0.0036651916,TONIC,4fc4d1339fb4
1776116547245,1506732595900956,8.822633,-0.18435353,-4.2664676,-0.0012217305,-0.0018325958,-0.0036651916,TONIC,4fc4d1339fb4
1776116547253,1506732603899427,8.815451,-0.20111294,-4.259285,0.002443461,0.0012217305,-0.0012217305,TONIC,4fc4d1339fb4
1776116547261,1506732611863667,8.805874,-0.17956513,-4.256891,0.0012217305,0.0,-6.1086525E-4,TONIC,4fc4d1339fb4
1776116547269,1506732619859060,8.796297,-0.19393034,-4.2760444,6.1086525E-4,0.0,-0.0012217305,TONIC,4fc4d1339fb4
1776116547277,1506732627915377,8.820239,-0.16759412,-4.2664676,0.0030543262,0.002443461,6.1086525E-4,TONIC,4fc4d1339fb4
1776116547285,1506732635880617,8.825027,-0.17956513,-4.285621,0.0012217305,-6.1086525E-4,-0.0018325958,TONIC,4fc4d1339fb4
1776116547294,1506732644022780,8.836999,-0.19153613,-4.2664676,0.0012217305,0.004886922,0.0018325958,TONIC,4fc4d1339fb4
1776116547301,1506732651957250,8.834604,-0.20111294,-4.2425256,6.1086525E-4,0.007941248,0.0,TONIC,4fc4d1339fb4
1776116547309,1506732659867105,8.846576,-0.18914193,-4.235343,0.0018325958,0.0067195175,0.0018325958,TONIC,4fc4d1339fb4
1776116547317,1506732667948422,8.817844,-0.19393034,-4.235343,6.1086525E-4,0.004886922,0.002443461,TONIC,4fc4d1339fb4
1776116547325,1506732675888431,8.832211,-0.20590134,-4.256891,0.002443461,0.004276057,0.0018325958,TONIC,4fc4d1339fb4
1776116547333,1506732683970286,8.841787,-0.19632454,-4.235343,0.0018325958,0.0012217305,0.002443461,TONIC,4fc4d1339fb4
1776116547341,1506732691878911,8.815451,-0.21068975,-4.2544966,0.002443461,-0.0018325958,0.0018325958,TONIC,4fc4d1339fb4
1776116547349,1506732699867766,8.834604,-0.20829555,-4.259285,-0.0018325958,-0.0061086523,0.0018325958,TONIC,4fc4d1339fb4
1776116547357,1506732707870852,8.836999,-0.21308395,-4.2544966,0.0012217305,-0.0067195175,0.002443461,TONIC,4fc4d1339fb4
1776116547365,1506732715861091,8.870518,-0.21308395,-4.2784386,0.0,-0.007941248,0.0018325958,TONIC,4fc4d1339fb4
1776116547373,1506732723826254,8.858546,-0.19393034,-4.285621,6.1086525E-4,-0.004886922,0.0018325958,TONIC,4fc4d1339fb4
1776116547381,1506732731850033,8.839393,-0.19632454,-4.259285,-0.0036651916,-0.002443461,6.1086525E-4,TONIC,4fc4d1339fb4
1776116547389,1506732739883811,8.825027,-0.20111294,-4.2664676,0.0,0.002443461,6.1086525E-4,TONIC,4fc4d1339fb4
1776116547397,1506732747874051,8.839393,-0.20590134,-4.247314,-0.002443461,6.1086525E-4,0.0030543262,TONIC,4fc4d1339fb4
1776116547405,1506732755874906,8.836999,-0.21068975,-4.256891,0.0,0.0030543262,0.002443461,TONIC,4fc4d1339fb4
1776116547413,1506732763987530,8.836999,-0.21547815,-4.247314,0.0,-6.1086525E-4,0.0012217305,TONIC,4fc4d1339fb4
1776116547421,1506732771896155,8.834604,-0.21787235,-4.2784386,-6.1086525E-4,0.0,0.0,TONIC,4fc4d1339fb4
1776116547429,1506732779978702,8.836999,-0.20590134,-4.2664676,0.0,0.0,0.0012217305,TONIC,4fc4d1339fb4
1776116547437,1506732787887557,8.839393,-0.20350714,-4.2784386,0.0,-0.0012217305,0.0018325958,TONIC,4fc4d1339fb4
1776116547445,1506732795754105,8.834604,-0.18914193,-4.268862,-6.1086525E-4,0.0018325958,6.1086525E-4,TONIC,4fc4d1339fb4
1776116547453,1506732803880191,8.841787,-0.20590134,-4.2664676,-0.0030543262,0.0036651916,6.1086525E-4,TONIC,4fc4d1339fb4
1776116547461,1506732811775969,8.836999,-0.19871874,-4.2521024,6.1086525E-4,0.0061086523,0.0012217305,TONIC,4fc4d1339fb4
1776116547469,1506732819871286,8.829816,-0.21068975,-4.2425256,-0.0036651916,0.004276057,6.1086525E-4,TONIC,4fc4d1339fb4
1776116547477,1506732827982756,8.860941,-0.18195933,-4.249708,-0.0012217305,0.008552114,0.0,TONIC,4fc4d1339fb4
1776116547485,1506732835893765,8.834604,-0.19153613,-4.235343,0.002443461,0.009162978,0.0,TONIC,4fc4d1339fb4
1776116547494,1506732844004620,8.832211,-0.18435353,-4.237737,-0.0036651916,0.0018325958,-6.1086525E-4,TONIC,4fc4d1339fb4
1776116547501,1506732851914783,8.810662,-0.20829555,-4.2664676,-0.002443461,0.002443461,-0.0018325958,TONIC,4fc4d1339fb4
1776116547509,1506732859810485,8.825027,-0.18674773,-4.2521024,-0.0012217305,-0.002443461,-6.1086525E-4,TONIC,4fc4d1339fb4
1776116547517,1506732867875647,8.841787,-0.18674773,-4.259285,-0.0012217305,-0.0018325958,6.1086525E-4,TONIC,4fc4d1339fb4
1776116547525,1506732875900964,8.825027,-0.19632454,-4.249708,-6.1086525E-4,-6.1086525E-4,-0.002443461,TONIC,4fc4d1339fb4
1776116547533,1506732883860666,8.827422,-0.20350714,-4.268862,-0.002443461,6.1086525E-4,-6.1086525E-4,TONIC,4fc4d1339fb4
1776116547541,1506732891793213,8.829816,-0.19871874,-4.249708,-0.0012217305,6.1086525E-4,-0.0018325958,TONIC,4fc4d1339fb4
1776116547549,1506732899888914,8.844181,-0.20111294,-4.247314,-0.0012217305,6.1086525E-4,-0.0030543262,TONIC,4fc4d1339fb4
1776116547557,1506732907969539,8.822633,-0.19153613,-4.24492,0.0,-0.0018325958,-0.0018325958,TONIC,4fc4d1339fb4
1776116547565,1506732915881317,8.846576,-0.18674773,-4.247314,-6.1086525E-4,-0.0018325958,-0.0012217305,TONIC,4fc4d1339fb4
1776116547574,1506732924021865,8.848969,-0.17956513,-4.27365,0.0012217305,-0.005497787,-0.002443461,TONIC,4fc4d1339fb4
1776116547581,1506732931864720,8.839393,-0.18435353,-4.271256,6.1086525E-4,-0.009162978,-0.0018325958,TONIC,4fc4d1339fb4
1776116547589,1506732939799421,8.832211,-0.21308395,-4.2760444,6.1086525E-4,-0.009162978,-0.0030543262,TONIC,4fc4d1339fb4
1776116547597,1506732947823430,8.817844,-0.20350714,-4.2664676,0.0018325958,-0.007330383,-0.002443461,TONIC,4fc4d1339fb4
1776116547605,1506732955889901,8.825027,-0.18435353,-4.2784386,0.0012217305,-0.0067195175,-0.0030543262,TONIC,4fc4d1339fb4
1776116547613,1506732963884757,8.832211,-0.18435353,-4.2640734,0.002443461,-0.004886922,-0.0030543262,TONIC,4fc4d1339fb4
1776116547621,1506732971909304,8.820239,-0.16998832,-4.2521024,6.1086525E-4,-0.004886922,-0.0018325958,TONIC,4fc4d1339fb4
1776116547629,1506732979875775,8.813056,-0.19632454,-4.259285,0.0018325958,-0.004276057,-6.1086525E-4,TONIC,4fc4d1339fb4
1776116547637,1506732987872707,8.832211,-0.18195933,-4.292804,6.1086525E-4,-0.004886922,-6.1086525E-4,TONIC,4fc4d1339fb4
1776116547645,1506732995895870,8.815451,-0.19632454,-4.2880154,0.004276057,0.0,-6.1086525E-4,TONIC,4fc4d1339fb4
1776116547653,1506733003952494,8.820239,-0.19153613,-4.261679,0.0018325958,0.0,-6.1086525E-4,TONIC,4fc4d1339fb4
1776116547661,1506733011942965,8.827422,-0.18674773,-4.2760444,0.0012217305,6.1086525E-4,0.0,TONIC,4fc4d1339fb4
1776116547669,1506733019914589,8.815451,-0.18914193,-4.2640734,6.1086525E-4,0.004276057,-6.1086525E-4,TONIC,4fc4d1339fb4
1776116547677,1506733027909752,8.815451,-0.20350714,-4.261679,0.0030543262,0.004276057,0.0012217305,TONIC,4fc4d1339fb4
1776116547685,1506733035903607,8.829816,-0.20350714,-4.259285,-0.0012217305,0.002443461,6.1086525E-4,TONIC,4fc4d1339fb4
1776116547694,1506733044017078,8.813056,-0.19871874,-4.259285,6.1086525E-4,0.004276057,0.0018325958,TONIC,4fc4d1339fb4
1776116547701,1506733051895625,8.829816,-0.20111294,-4.256891,-0.0030543262,-0.0012217305,0.0018325958,TONIC,4fc4d1339fb4
1776116547709,1506733059825173,8.827422,-0.19153613,-4.259285,0.0030543262,0.0036651916,0.0018325958,TONIC,4fc4d1339fb4
1776116547717,1506733067888182,8.822633,-0.20350714,-4.2760444,6.1086525E-4,0.0012217305,0.002443461,TONIC,4fc4d1339fb4
1776116547725,1506733075883575,8.829816,-0.20590134,-4.2760444,0.0,0.002443461,-0.0012217305,TONIC,4fc4d1339fb4
1776116547733,1506733083995046,8.825027,-0.19153613,-4.280833,-6.1086525E-4,0.002443461,0.0018325958,TONIC,4fc4d1339fb4
1776116547741,1506733091904286,8.834604,-0.20350714,-4.259285,-0.0012217305,0.007330383,0.0012217305,TONIC,4fc4d1339fb4
1776116547749,1506733099901141,8.834604,-0.20111294,-4.247314,-0.0012217305,0.0036651916,0.0018325958,TONIC,4fc4d1339fb4
1776116547757,1506733107895304,8.848969,-0.18195933,-4.2401314,6.1086525E-4,0.007330383,0.0018325958,TONIC,4fc4d1339fb4
1776116547765,1506733115855620,8.846576,-0.19871874,-4.261679,0.0,0.0036651916,0.0012217305,TONIC,4fc4d1339fb4
1776116547773,1506733123888860,8.860941,-0.20590134,-4.256891,0.0,0.0018325958,0.0012217305,TONIC,4fc4d1339fb4
1776116547781,1506733131883408,8.841787,-0.21787235,-4.256891,6.1086525E-4,0.002443461,0.0018325958,TONIC,4fc4d1339fb4
1776116547789,1506733139877801,8.844181,-0.21068975,-4.256891,0.0018325958,0.002443461,0.0012217305,TONIC,4fc4d1339fb4
1776116547797,1506733147906503,8.839393,-0.20590134,-4.24492,-0.0012217305,0.0012217305,-6.1086525E-4,TONIC,4fc4d1339fb4
1776116547805,1506733155901819,8.820239,-0.21308395,-4.247314,-0.0012217305,0.0018325958,0.0,TONIC,4fc4d1339fb4
1776116547813,1506733163981828,8.846576,-0.21068975,-4.2640734,-0.0018325958,-0.002443461,0.0,TONIC,4fc4d1339fb4
1776116547821,1506733171862530,8.822633,-0.21787235,-4.256891,-6.1086525E-4,-0.0018325958,6.1086525E-4,TONIC,4fc4d1339fb4
1776116547829,1506733179848923,8.825027,-0.19153613,-4.259285,0.0012217305,6.1086525E-4,6.1086525E-4,TONIC,4fc4d1339fb4
1776116547837,1506733187883471,8.832211,-0.18674773,-4.2544966,-0.0012217305,-0.002443461,-6.1086525E-4,TONIC,4fc4d1339fb4
1776116547845,1506733195878480,8.834604,-0.21308395,-4.24492,-0.002443461,-0.004276057,0.0018325958,TONIC,4fc4d1339fb4
1776116547854,1506733204020950,8.834604,-0.19393034,-4.268862,0.0,-0.005497787,6.1086525E-4,TONIC,4fc4d1339fb4
1776116547861,1506733211868959,8.836999,-0.19393034,-4.271256,-6.1086525E-4,-0.0061086523,-6.1086525E-4,TONIC,4fc4d1339fb4
1776116547869,1506733219920661,8.829816,-0.19153613,-4.2784386,0.0,-0.004886922,6.1086525E-4,TONIC,4fc4d1339fb4
1776116547877,1506733227861054,8.825027,-0.20590134,-4.271256,0.0,-0.002443461,-0.0012217305,TONIC,4fc4d1339fb4
1776116547885,1506733235885986,8.825027,-0.18914193,-4.268862,-0.0012217305,-0.002443461,-0.0018325958,TONIC,4fc4d1339fb4
1776116547893,1506733243883534,8.815451,-0.20111294,-4.2664676,0.0012217305,0.0,-0.0012217305,TONIC,4fc4d1339fb4
1776116547901,1506733251933620,8.827422,-0.21547815,-4.268862,-6.1086525E-4,-0.002443461,-0.002443461,TONIC,4fc4d1339fb4
1776116547909,1506733259905937,8.817844,-0.21787235,-4.285621,-6.1086525E-4,-0.0018325958,-6.1086525E-4,TONIC,4fc4d1339fb4
1776116547917,1506733267899253,8.825027,-0.20111294,-4.27365,6.1086525E-4,0.0,-0.0018325958,TONIC,4fc4d1339fb4
1776116547925,1506733275894647,8.810662,-0.19153613,-4.2904096,6.1086525E-4,0.004886922,0.0,TONIC,4fc4d1339fb4
1776116547933,1506733283977041,8.805874,-0.17956513,-4.2521024,6.1086525E-4,0.004276057,0.0,TONIC,4fc4d1339fb4
1776116547941,1506733291886973,8.805874,-0.19153613,-4.2784386,0.0012217305,0.007330383,6.1086525E-4,TONIC,4fc4d1339fb4
1776116547949,1506733299937751,8.815451,-0.17477672,-4.261679,0.0,0.004276057,0.0018325958,TONIC,4fc4d1339fb4
1776116547957,1506733307909145,8.829816,-0.18435353,-4.247314,6.1086525E-4,0.0030543262,0.0012217305,TONIC,4fc4d1339fb4
1776116547965,1506733315835000,8.827422,-0.18674773,-4.235343,6.1086525E-4,0.004886922,6.1086525E-4,TONIC,4fc4d1339fb4
1776116547973,1506733323869470,8.839393,-0.19393034,-4.237737,-6.1086525E-4,0.0,0.0012217305,TONIC,4fc4d1339fb4
1776116547981,1506733331894634,8.827422,-0.21068975,-4.261679,0.0,0.0,0.0012217305,TONIC,4fc4d1339fb4
1776116547989,1506733339890028,8.836999,-0.19871874,-4.249708,0.0,-0.004276057,0.0012217305,TONIC,4fc4d1339fb4
1776116547997,1506733347886037,8.834604,-0.19632454,-4.2640734,-0.0012217305,-0.005497787,0.0018325958,TONIC,4fc4d1339fb4
1776116548005,1506733355911353,8.834604,-0.21308395,-4.259285,0.0,-0.007330383,0.002443461,TONIC,4fc4d1339fb4
1776116548013,1506733363933209,8.836999,-0.19632454,-4.2664676,0.0,-0.009162978,0.0018325958,TONIC,4fc4d1339fb4
1776116548021,1506733371903372,8.834604,-0.19153613,-4.261679,-0.0018325958,-0.007330383,0.0012217305,TONIC,4fc4d1339fb4
1776116548029,1506733379954996,8.844181,-0.20829555,-4.2760444,0.0,-0.007941248,0.0012217305,TONIC,4fc4d1339fb4
1776116548037,1506733387863928,8.825027,-0.22266077,-4.271256,6.1086525E-4,-0.0036651916,6.1086525E-4,TONIC,4fc4d1339fb4
1776116548045,1506733395824014,8.834604,-0.18914193,-4.2880154,-0.0030543262,-0.004276057,0.002443461,TONIC,4fc4d1339fb4
1776116548053,1506733403888638,8.822633,-0.20350714,-4.2784386,0.0,-0.0012217305,6.1086525E-4,TONIC,4fc4d1339fb4
1776116548061,1506733411998417,8.832211,-0.21308395,-4.2760444,0.0012217305,-0.0012217305,6.1086525E-4,TONIC,4fc4d1339fb4
1776116548069,1506733419878426,8.825027,-0.20111294,-4.2664676,-0.0012217305,0.0,-0.0012217305,TONIC,4fc4d1339fb4
1776116548077,1506733427959127,8.825027,-0.20590134,-4.259285,-0.0012217305,-6.1086525E-4,-0.002443461,TONIC,4fc4d1339fb4
1776116548085,1506733435869828,8.827422,-0.19871874,-4.283227,0.0012217305,0.002443461,-0.002443461,TONIC,4fc4d1339fb4
1776116548093,1506733443894222,8.822633,-0.21068975,-4.2760444,6.1086525E-4,0.0030543262,-0.0012217305,TONIC,4fc4d1339fb4
1776116548101,1506733451976616,8.829816,-0.21547815,-4.283227,0.0018325958,0.007941248,-0.0012217305,TONIC,4fc4d1339fb4
1776116548109,1506733459886163,8.841787,-0.19393034,-4.2760444,0.0012217305,0.01038471,-0.002443461,TONIC,4fc4d1339fb4
1776116548117,1506733467880634,8.832211,-0.21068975,-4.268862,0.0030543262,0.014049901,-0.0018325958,TONIC,4fc4d1339fb4
1776116548125,1506733475808412,8.839393,-0.19393034,-4.2544966,0.0012217305,0.017104227,-0.0018325958,TONIC,4fc4d1339fb4
1776116548133,1506733483873267,8.822633,-0.18914193,-4.2425256,0.002443461,0.018936822,-0.002443461,TONIC,4fc4d1339fb4
1776116548141,1506733491898276,8.817844,-0.18914193,-4.237737,0.0012217305,0.015271631,-0.0036651916,TONIC,4fc4d1339fb4
1776116548149,1506733499863208,8.829816,-0.21068975,-4.249708,0.0030543262,0.015271631,-0.0012217305,TONIC,4fc4d1339fb4
1776116548157,1506733507915217,8.834604,-0.19632454,-4.2401314,0.0012217305,0.013439035,-0.004886922,TONIC,4fc4d1339fb4
1776116548165,1506733515887226,8.834604,-0.20350714,-4.247314,6.1086525E-4,0.010995574,-0.0030543262,TONIC,4fc4d1339fb4
1776116548173,1506733523998004,8.863335,-0.19153613,-4.24492,6.1086525E-4,0.01160644,-0.0030543262,TONIC,4fc4d1339fb4
1776116548181,1506733531879475,8.841787,-0.17477672,-4.235343,0.0012217305,0.012217305,-0.002443461,TONIC,4fc4d1339fb4
1776116548189,1506733539928176,8.846576,-0.17717093,-4.2401314,-0.002443461,0.010995574,0.0,TONIC,4fc4d1339fb4
1776116548197,1506733547899493,8.844181,-0.17956513,-4.220978,-6.1086525E-4,0.012217305,0.0,TONIC,4fc4d1339fb4
1776116548205,1506733555893425,8.834604,-0.18914193,-4.2281604,-6.1086525E-4,0.007941248,6.1086525E-4,TONIC,4fc4d1339fb4
1776116548213,1506733563945665,8.832211,-0.18914193,-4.2185836,0.0,0.005497787,0.0018325958,TONIC,4fc4d1339fb4
1776116548221,1506733571884828,8.848969,-0.20350714,-4.223372,0.0012217305,0.002443461,0.0018325958,TONIC,4fc4d1339fb4
1776116548229,1506733579967298,8.836999,-0.21068975,-4.2281604,-0.0012217305,-0.005497787,0.0030543262,TONIC,4fc4d1339fb4
1776116548237,1506733587908461,8.846576,-0.18914193,-4.2281604,-6.1086525E-4,-0.0067195175,0.002443461,TONIC,4fc4d1339fb4
1776116548245,1506733595867009,8.856153,-0.19632454,-4.237737,6.1086525E-4,-0.01160644,0.004276057,TONIC,4fc4d1339fb4
1776116548253,1506733603868864,8.846576,-0.21068975,-4.247314,-6.1086525E-4,-0.01282817,0.004276057,TONIC,4fc4d1339fb4
1776116548261,1506733611949796,8.839393,-0.20350714,-4.249708,6.1086525E-4,-0.014049901,0.0036651916,TONIC,4fc4d1339fb4
1776116548269,1506733619861728,8.853758,-0.20590134,-4.259285,0.0,-0.014660766,0.004886922,TONIC,4fc4d1339fb4
1776116548278,1506733628032584,8.846576,-0.19871874,-4.24492,-0.0030543262,-0.016493361,0.004886922,TONIC,4fc4d1339fb4
1776116548285,1506733635911900,8.841787,-0.22505496,-4.259285,-0.0018325958,-0.017104227,0.0036651916,TONIC,4fc4d1339fb4
1776116548293,1506733643993218,8.829816,-0.20350714,-4.249708,0.0,-0.013439035,0.0036651916,TONIC,4fc4d1339fb4
1776116548301,1506733651902687,8.841787,-0.21308395,-4.249708,-0.002443461,-0.018325957,0.0030543262,TONIC,4fc4d1339fb4
1776116548309,1506733659923619,8.829816,-0.20590134,-4.27365,-6.1086525E-4,-0.017104227,0.0036651916,TONIC,4fc4d1339fb4
1776116548317,1506733667895936,8.832211,-0.20350714,-4.2880154,-0.0036651916,-0.017715093,0.002443461,TONIC,4fc4d1339fb4
1776116548325,1506733675889176,8.832211,-0.22026655,-4.27365,0.0,-0.014660766,0.002443461,TONIC,4fc4d1339fb4
1776116548334,1506733684001878,8.836999,-0.20829555,-4.285621,6.1086525E-4,-0.013439035,0.0012217305,TONIC,4fc4d1339fb4
1776116548341,1506733691912579,8.832211,-0.22026655,-4.285621,-0.0030543262,-0.01160644,0.0030543262,TONIC,4fc4d1339fb4
1776116548349,1506733699932050,8.827422,-0.19393034,-4.2760444,-0.0012217305,-0.01038471,0.002443461,TONIC,4fc4d1339fb4
1776116548357,1506733707904597,8.820239,-0.21308395,-4.285621,-0.0018325958,-0.007330383,0.002443461,TONIC,4fc4d1339fb4
1776116548365,1506733715868683,8.813056,-0.21308395,-4.285621,-0.0030543262,-0.008552114,0.0036651916,TONIC,4fc4d1339fb4
1776116548373,1506733723827385,8.822633,-0.20111294,-4.261679,-0.0018325958,-0.0067195175,0.0030543262,TONIC,4fc4d1339fb4
1776116548381,1506733731790240,8.803479,-0.20111294,-4.285621,-0.0030543262,-0.005497787,0.002443461,TONIC,4fc4d1339fb4
1776116548389,1506733739884095,8.810662,-0.19153613,-4.2904096,-0.0018325958,-0.0012217305,0.0018325958,TONIC,4fc4d1339fb4
1776116548397,1506733747997335,8.805874,-0.20590134,-4.285621,-0.0018325958,0.0018325958,0.004276057,TONIC,4fc4d1339fb4
1776116548405,1506733755906190,8.815451,-0.21547815,-4.297592,-6.1086525E-4,0.004276057,0.0036651916,TONIC,4fc4d1339fb4
1776116548413,1506733763903814,8.822633,-0.20350714,-4.295198,-6.1086525E-4,0.009773844,0.004276057,TONIC,4fc4d1339fb4
1776116548421,1506733771923131,8.827422,-0.18195933,-4.283227,-0.0018325958,0.01038471,0.002443461,TONIC,4fc4d1339fb4
1776116548429,1506733779893063,8.846576,-0.20111294,-4.268862,-0.0018325958,0.015882496,0.0012217305,TONIC,4fc4d1339fb4
1776116548437,1506733787889380,8.829816,-0.21068975,-4.256891,0.0,0.018325957,0.0018325958,TONIC,4fc4d1339fb4
1776116548445,1506733795917620,8.839393,-0.21068975,-4.2544966,-0.0018325958,0.016493361,0.0012217305,TONIC,4fc4d1339fb4
1776116548454,1506733804027783,8.839393,-0.20590134,-4.271256,-0.0018325958,0.017715093,0.002443461,TONIC,4fc4d1339fb4
1776116548461,1506733811876099,8.820239,-0.20350714,-4.232949,-0.0012217305,0.014049901,6.1086525E-4,TONIC,4fc4d1339fb4
1776116548469,1506733819957955,8.827422,-0.21547815,-4.2544966,0.0,0.01160644,-0.0012217305,TONIC,4fc4d1339fb4
1776116548477,1506733827898348,8.832211,-0.22026655,-4.256891,-0.0018325958,0.01038471,6.1086525E-4,TONIC,4fc4d1339fb4
1776116548485,1506733835763819,8.839393,-0.21547815,-4.268862,-0.0012217305,0.008552114,-6.1086525E-4,TONIC,4fc4d1339fb4
1776116548493,1506733843890674,8.848969,-0.19871874,-4.268862,-0.0012217305,0.005497787,-6.1086525E-4,TONIC,4fc4d1339fb4
1776116548501,1506733851886606,8.844181,-0.21308395,-4.2640734,0.0,0.007330383,-0.0012217305,TONIC,4fc4d1339fb4
1776116548510,1506733860027538,8.846576,-0.18435353,-4.249708,-6.1086525E-4,0.008552114,-0.0018325958,TONIC,4fc4d1339fb4
1776116548517,1506733867906393,8.851364,-0.18674773,-4.2521024,0.0012217305,0.007330383,-0.002443461,TONIC,4fc4d1339fb4
1776116548525,1506733875901479,8.848969,-0.18435353,-4.232949,0.0012217305,0.010995574,-0.0012217305,TONIC,4fc4d1339fb4
1776116548533,1506733883890104,8.827422,-0.19393034,-4.232949,0.0018325958,0.007941248,0.0,TONIC,4fc4d1339fb4
1776116548541,1506733891895882,8.841787,-0.17477672,-4.235343,0.0018325958,0.0067195175,0.0,TONIC,4fc4d1339fb4
1776116548549,1506733899890737,8.841787,-0.18435353,-4.2425256,0.0018325958,0.005497787,0.0,TONIC,4fc4d1339fb4
1776116548557,1506733907848592,8.836999,-0.19393034,-4.247314,0.0018325958,0.0018325958,6.1086525E-4,TONIC,4fc4d1339fb4
1776116548565,1506733915879601,8.827422,-0.21308395,-4.2664676,0.0012217305,0.0,6.1086525E-4,TONIC,4fc4d1339fb4
1776116548573,1506733923992303,8.841787,-0.20829555,-4.2425256,0.0018325958,-0.002443461,0.0018325958,TONIC,4fc4d1339fb4
1776116548581,1506733931902388,8.825027,-0.20111294,-4.247314,0.0,-0.002443461,0.0,TONIC,4fc4d1339fb4
1776116548589,1506733939953167,8.827422,-0.18435353,-4.249708,-0.0012217305,-0.0030543262,0.0018325958,TONIC,4fc4d1339fb4
1776116548597,1506733947893253,8.808268,-0.19393034,-4.2521024,6.1086525E-4,-0.002443461,0.0012217305,TONIC,4fc4d1339fb4
1776116548605,1506733955889877,8.848969,-0.17956513,-4.2401314,-0.0012217305,-0.004276057,0.0012217305,TONIC,4fc4d1339fb4
1776116548613,1506733963886425,8.846576,-0.20111294,-4.2281604,0.0012217305,-0.0030543262,0.0012217305,TONIC,4fc4d1339fb4
1776116548621,1506733971844049,8.846576,-0.19632454,-4.2425256,0.0012217305,-0.004276057,0.002443461,TONIC,4fc4d1339fb4
1776116548629,1506733979876981,8.836999,-0.19871874,-4.24492,0.0012217305,-0.0061086523,0.0036651916,TONIC,4fc4d1339fb4
1776116548637,1506733987871067,8.834604,-0.20350714,-4.24492,0.0018325958,-0.0067195175,0.0030543262,TONIC,4fc4d1339fb4
1776116548645,1506733995896922,8.848969,-0.22026655,-4.2544966,-0.0030543262,-0.010995574,0.0012217305,TONIC,4fc4d1339fb4
1776116548653,1506734003763162,8.822633,-0.21068975,-4.2640734,0.0012217305,-0.009162978,0.0030543262,TONIC,4fc4d1339fb4
1776116548661,1506734011888094,8.825027,-0.21308395,-4.2784386,6.1086525E-4,-0.01038471,0.0012217305,TONIC,4fc4d1339fb4
1776116548669,1506734019883795,8.832211,-0.20590134,-4.268862,-0.0012217305,-0.01038471,0.0018325958,TONIC,4fc4d1339fb4
1776116548677,1506734027879497,8.841787,-0.22744916,-4.2760444,6.1086525E-4,-0.008552114,6.1086525E-4,TONIC,4fc4d1339fb4
1776116548685,1506734035906891,8.841787,-0.21547815,-4.2784386,6.1086525E-4,-0.007330383,0.0030543262,TONIC,4fc4d1339fb4
1776116548693,1506734043987747,8.841787,-0.21547815,-4.271256,-0.0012217305,-0.0061086523,0.0012217305,TONIC,4fc4d1339fb4
1776116548701,1506734051896986,8.834604,-0.21068975,-4.283227,-0.0018325958,-0.0030543262,0.0,TONIC,4fc4d1339fb4
1776116548710,1506734060009380,8.839393,-0.22984336,-4.2544966,0.0012217305,-0.0012217305,-6.1086525E-4,TONIC,4fc4d1339fb4
1776116548717,1506734067890004,8.820239,-0.21547815,-4.271256,6.1086525E-4,0.0,-0.0012217305,TONIC,4fc4d1339fb4
1776116548725,1506734075817629,8.827422,-0.20590134,-4.271256,-0.0012217305,-6.1086525E-4,-0.0012217305,TONIC,4fc4d1339fb4
1776116548733,1506734083880792,8.825027,-0.23223756,-4.285621,-6.1086525E-4,0.0,-0.002443461,TONIC,4fc4d1339fb4
1776116548741,1506734091905416,8.817844,-0.22505496,-4.2664676,0.0,6.1086525E-4,-0.002443461,TONIC,4fc4d1339fb4
1776116548749,1506734099901425,8.820239,-0.22266077,-4.261679,-0.002443461,-0.002443461,-0.0012217305,TONIC,4fc4d1339fb4
1776116548757,1506734107766973,8.813056,-0.21068975,-4.271256,-6.1086525E-4,0.0018325958,-0.0036651916,TONIC,4fc4d1339fb4
1776116548765,1506734115894597,8.841787,-0.19632454,-4.2760444,-0.0012217305,0.0036651916,-0.002443461,TONIC,4fc4d1339fb4
1776116548773,1506734123974375,8.829816,-0.20590134,-4.256891,-0.0012217305,0.002443461,-0.002443461,TONIC,4fc4d1339fb4
1776116548781,1506734131886076,8.868123,-0.19393034,-4.268862,-0.0018325958,0.007330383,-0.0018325958,TONIC,4fc4d1339fb4
1776116548789,1506734139935009,8.841787,-0.20590134,-4.2521024,-0.0012217305,0.007330383,-0.0018325958,TONIC,4fc4d1339fb4
1776116548797,1506734147905095,8.834604,-0.21308395,-4.261679,6.1086525E-4,0.01038471,0.0,TONIC,4fc4d1339fb4
1776116548805,1506734155871642,8.810662,-0.21547815,-4.2425256,0.0,0.01282817,-0.0018325958,TONIC,4fc4d1339fb4
1776116548813,1506734163921805,8.841787,-0.18914193,-4.256891,-6.1086525E-4,0.008552114,-0.0012217305,TONIC,4fc4d1339fb4
1776116548821,1506734171917506,8.844181,-0.20590134,-4.247314,-0.0012217305,0.009773844,-0.0012217305,TONIC,4fc4d1339fb4
1776116548829,1506734179887592,8.827422,-0.19153613,-4.235343,-0.0018325958,0.005497787,-6.1086525E-4,TONIC,4fc4d1339fb4
1776116548837,1506734187915678,8.839393,-0.18674773,-4.24492,-0.0018325958,0.0030543262,-0.0012217305,TONIC,4fc4d1339fb4
1776116548845,1506734195880841,8.839393,-0.18674773,-4.247314,-0.0012217305,0.002443461,-0.0018325958,TONIC,4fc4d1339fb4
1776116548853,1506734203991619,8.836999,-0.19871874,-4.247314,-0.0012217305,0.0018325958,-0.0012217305,TONIC,4fc4d1339fb4
1776116548861,1506734211873167,8.839393,-0.17477672,-4.24492,0.0,0.0036651916,-0.0012217305,TONIC,4fc4d1339fb4
1776116548869,1506734219830176,8.832211,-0.18195933,-4.2521024,-6.1086525E-4,0.005497787,6.1086525E-4,TONIC,4fc4d1339fb4
1776116548877,1506734227891954,8.846576,-0.18674773,-4.235343,-6.1086525E-4,0.004276057,-6.1086525E-4,TONIC,4fc4d1339fb4
1776116548885,1506734235887655,8.841787,-0.20111294,-4.232949,-6.1086525E-4,0.0012217305,6.1086525E-4,TONIC,4fc4d1339fb4
1776116548893,1506734243969587,8.836999,-0.19632454,-4.24492,-0.0018325958,0.0030543262,6.1086525E-4,TONIC,4fc4d1339fb4
1776116548901,1506734251878750,8.836999,-0.19871874,-4.2425256,-0.0012217305,-0.0036651916,6.1086525E-4,TONIC,4fc4d1339fb4
1776116548909,1506734259930221,8.844181,-0.20590134,-4.2664676,0.0,-0.0061086523,0.0,TONIC,4fc4d1339fb4
1776116548917,1506734267956384,8.836999,-0.20350714,-4.256891,0.0,-0.007330383,0.0030543262,TONIC,4fc4d1339fb4
1776116548925,1506734275867162,8.844181,-0.19632454,-4.2640734,0.0012217305,-0.007330383,6.1086525E-4,TONIC,4fc4d1339fb4
1776116548934,1506734284008709,8.825027,-0.19871874,-4.232949,-0.002443461,-0.0067195175,6.1086525E-4,TONIC,4fc4d1339fb4
1776116548941,1506734291886257,8.844181,-0.21068975,-4.2544966,0.0012217305,-0.009773844,6.1086525E-4,TONIC,4fc4d1339fb4
1776116548949,1506734299969343,8.829816,-0.19632454,-4.2425256,-6.1086525E-4,-0.009162978,6.1086525E-4,TONIC,4fc4d1339fb4
1776116548957,1506734307910198,8.825027,-0.22266077,-4.261679,6.1086525E-4,-0.008552114,0.0012217305,TONIC,4fc4d1339fb4
1776116548965,1506734315899515,8.834604,-0.21308395,-4.259285,0.0018325958,-0.007330383,6.1086525E-4,TONIC,4fc4d1339fb4
1776116548973,1506734323902293,8.834604,-0.21068975,-4.261679,0.0,-0.007941248,6.1086525E-4,TONIC,4fc4d1339fb4
1776116548981,1506734331896148,8.832211,-0.22266077,-4.2664676,0.0012217305,-0.01038471,0.0,TONIC,4fc4d1339fb4
1776116548989,1506734339890849,8.851364,-0.21547815,-4.27365,0.0012217305,-0.010995574,-0.0012217305,TONIC,4fc4d1339fb4
1776116548997,1506734347973628,8.863335,-0.20111294,-4.2999864,-6.1086525E-4,-0.01038471,0.0,TONIC,4fc4d1339fb4
1776116549005,1506734355915175,8.839393,-0.22744916,-4.280833,6.1086525E-4,-0.01038471,-0.0012217305,TONIC,4fc4d1339fb4
1776116549014,1506734364025954,8.846576,-0.22266077,-4.280833,0.0,-0.007941248,0.0,TONIC,4fc4d1339fb4
1776116549021,1506734371903886,8.834604,-0.20829555,-4.27365,-0.0012217305,-0.0067195175,-0.0030543262,TONIC,4fc4d1339fb4
1776116549029,1506734379899895,8.820239,-0.21547815,-4.261679,-6.1086525E-4,-0.004886922,-0.002443461,TONIC,4fc4d1339fb4
1776116549037,1506734387895827,8.825027,-0.20590134,-4.27365,-0.0012217305,-0.004886922,-0.0018325958,TONIC,4fc4d1339fb4
1776116549045,1506734395892451,8.808268,-0.21068975,-4.27365,-6.1086525E-4,-0.005497787,-0.0018325958,TONIC,4fc4d1339fb4
1776116549053,1506734403942923,8.801085,-0.21068975,-4.285621,-0.0012217305,-0.0018325958,-0.0012217305,TONIC,4fc4d1339fb4
1776116549061,1506734411881778,8.810662,-0.20111294,-4.271256,-0.0012217305,-0.0012217305,-0.0030543262,TONIC,4fc4d1339fb4
1776116549069,1506734419878094,8.815451,-0.19153613,-4.268862,0.0,-6.1086525E-4,-0.0036651916,TONIC,4fc4d1339fb4
1776116549077,1506734427873180,8.829816,-0.18674773,-4.2784386,-6.1086525E-4,0.0,-0.0012217305,TONIC,4fc4d1339fb4
1776116549085,1506734435901113,8.829816,-0.19393034,-4.27365,0.0012217305,0.005497787,-0.0018325958,TONIC,4fc4d1339fb4
1776116549093,1506734443897122,8.832211,-0.18195933,-4.280833,-6.1086525E-4,0.005497787,-0.0030543262,TONIC,4fc4d1339fb4
1776116549101,1506734451977746,8.827422,-0.18674773,-4.2664676,0.0,0.005497787,-0.0018325958,TONIC,4fc4d1339fb4
1776116549109,1506734459887986,8.836999,-0.19632454,-4.268862,-6.1086525E-4,0.009773844,-0.0030543262,TONIC,4fc4d1339fb4
1776116549117,1506734467884918,8.827422,-0.19871874,-4.2521024,0.0,0.008552114,-0.0018325958,TONIC,4fc4d1339fb4
1776116549125,1506734475909773,8.820239,-0.21308395,-4.2521024,-6.1086525E-4,0.007330383,-6.1086525E-4,TONIC,4fc4d1339fb4
1776116549133,1506734483874397,8.813056,-0.19393034,-4.2521024,6.1086525E-4,0.0067195175,-0.0012217305,TONIC,4fc4d1339fb4
1776116549141,1506734491869483,8.832211,-0.20350714,-4.259285,-0.0012217305,6.1086525E-4,-0.0018325958,TONIC,4fc4d1339fb4
1776116549149,1506734499864877,8.817844,-0.19153613,-4.271256,-0.002443461,0.0,-0.0012217305,TONIC,4fc4d1339fb4
1776116549158,1506734508007963,8.829816,-0.19871874,-4.271256,0.0030543262,0.0012217305,-0.0012217305,TONIC,4fc4d1339fb4
1776116549165,1506734515887972,8.825027,-0.19153613,-4.2640734,6.1086525E-4,0.0061086523,-0.0018325958,TONIC,4fc4d1339fb4
1776116549174,1506734524029596,8.848969,-0.17956513,-4.2664676,0.0012217305,0.007941248,-6.1086525E-4,TONIC,4fc4d1339fb4
1776116549181,1506734531879990,8.844181,-0.16998832,-4.2425256,0.0,0.01038471,0.0,TONIC,4fc4d1339fb4
1776116549189,1506734539959999,8.834604,-0.18674773,-4.237737,0.0036651916,0.009773844,-6.1086525E-4,TONIC,4fc4d1339fb4
1776116549197,1506734547900623,8.825027,-0.18195933,-4.2401314,0.0012217305,0.007941248,-6.1086525E-4,TONIC,4fc4d1339fb4
1776116549205,1506734555896402,8.844181,-0.19393034,-4.2425256,0.0018325958,0.004886922,0.0,TONIC,4fc4d1339fb4
1776116549213,1506734563892641,8.839393,-0.20111294,-4.2544966,0.0012217305,0.002443461,-0.0012217305,TONIC,4fc4d1339fb4
1776116549221,1506734571972958,8.827422,-0.19871874,-4.247314,0.0018325958,6.1086525E-4,-6.1086525E-4,TONIC,4fc4d1339fb4
1776116549229,1506734579881659,8.860941,-0.19871874,-4.249708,0.002443461,0.0,0.0,TONIC,4fc4d1339fb4
1776116549237,1506734587964130,8.856153,-0.19153613,-4.2425256,0.0018325958,-0.002443461,-6.1086525E-4,TONIC,4fc4d1339fb4
1776116549245,1506734595906293,8.836999,-0.22266077,-4.2521024,0.002443461,-0.0018325958,-6.1086525E-4,TONIC,4fc4d1339fb4
1776116549253,1506734603924763,8.822633,-0.20111294,-4.2521024,6.1086525E-4,-0.002443461,-0.0012217305,TONIC,4fc4d1339fb4
1776116549261,1506734611895234,8.841787,-0.18674773,-4.2640734,6.1086525E-4,-6.1086525E-4,-0.0012217305,TONIC,4fc4d1339fb4
1776116549269,1506734619890551,8.820239,-0.18195933,-4.2664676,0.004276057,6.1086525E-4,0.0,TONIC,4fc4d1339fb4
1776116549277,1506734627887867,8.834604,-0.19153613,-4.259285,6.1086525E-4,-0.002443461,-0.0012217305,TONIC,4fc4d1339fb4
1776116549285,1506734635881723,8.825027,-0.20111294,-4.2425256,0.0012217305,-6.1086525E-4,0.0,TONIC,4fc4d1339fb4
1776116549293,1506734643994347,8.848969,-0.20829555,-4.2544966,-6.1086525E-4,-0.0030543262,0.0012217305,TONIC,4fc4d1339fb4
1776116549301,1506734651903587,8.827422,-0.19153613,-4.268862,0.0,-0.0012217305,0.0012217305,TONIC,4fc4d1339fb4
1776116549309,1506734659924750,8.839393,-0.21787235,-4.261679,0.0018325958,-6.1086525E-4,0.0,TONIC,4fc4d1339fb4
1776116549317,1506734667889759,8.832211,-0.20829555,-4.256891,6.1086525E-4,-0.0012217305,0.0012217305,TONIC,4fc4d1339fb4
1776116549325,1506734675891614,8.820239,-0.20350714,-4.2544966,0.0,-0.0018325958,0.0012217305,TONIC,4fc4d1339fb4
1776116549333,1506734683887007,8.829816,-0.20350714,-4.249708,0.0018325958,-6.1086525E-4,0.0018325958,TONIC,4fc4d1339fb4
1776116549341,1506734691911940,8.844181,-0.20829555,-4.2544966,-6.1086525E-4,-0.004886922,0.0012217305,TONIC,4fc4d1339fb4
1776116549349,1506734699907026,8.834604,-0.21547815,-4.259285,-6.1086525E-4,-0.0061086523,0.0,TONIC,4fc4d1339fb4
1776116549357,1506734707903342,8.851364,-0.21068975,-4.2880154,0.0,-0.005497787,0.0,TONIC,4fc4d1339fb4
1776116549365,1506734715898967,8.839393,-0.21547815,-4.271256,0.0,-0.0030543262,6.1086525E-4,TONIC,4fc4d1339fb4
1776116549373,1506734723895053,8.822633,-0.20590134,-4.2640734,-0.0012217305,-0.0030543262,6.1086525E-4,TONIC,4fc4d1339fb4
1776116549381,1506734731915677,8.832211,-0.21308395,-4.256891,-0.0018325958,-0.0018325958,0.0012217305,TONIC,4fc4d1339fb4
1776116549389,1506734739885840,8.825027,-0.20111294,-4.237737,-0.0012217305,-0.0030543262,-6.1086525E-4,TONIC,4fc4d1339fb4
1776116549397,1506734747883387,8.841787,-0.20111294,-4.268862,-0.002443461,-0.004276057,6.1086525E-4,TONIC,4fc4d1339fb4
1776116549405,1506734755841473,8.829816,-0.21547815,-4.2664676,0.0018325958,-0.0030543262,0.0012217305,TONIC,4fc4d1339fb4
1776116549413,1506734763874790,8.817844,-0.22026655,-4.2640734,-0.0012217305,-0.0061086523,-6.1086525E-4,TONIC,4fc4d1339fb4
1776116549421,1506734771869262,8.827422,-0.21068975,-4.27365,-6.1086525E-4,-0.0012217305,-0.0018325958,TONIC,4fc4d1339fb4
1776116549429,1506734779896347,8.839393,-0.21068975,-4.268862,0.0,-0.0030543262,0.0,TONIC,4fc4d1339fb4
1776116549437,1506734787891357,8.841787,-0.20350714,-4.2880154,0.0018325958,0.0012217305,-0.0012217305,TONIC,4fc4d1339fb4
1776116549445,1506734795817519,8.841787,-0.21068975,-4.280833,0.0036651916,0.005497787,-6.1086525E-4,TONIC,4fc4d1339fb4
1776116549453,1506734803883451,8.839393,-0.21308395,-4.27365,-6.1086525E-4,0.004886922,-0.0012217305,TONIC,4fc4d1339fb4
1776116549461,1506734811969230,8.844181,-0.21787235,-4.2544966,0.0,0.0061086523,-0.0018325958,TONIC,4fc4d1339fb4
1776116549469,1506734819903393,8.822633,-0.19393034,-4.2664676,0.0012217305,0.008552114,-6.1086525E-4,TONIC,4fc4d1339fb4
1776116549477,1506734827832632,8.863335,-0.19393034,-4.261679,-0.0012217305,0.008552114,-0.0030543262,TONIC,4fc4d1339fb4
1776116549485,1506734835894180,8.825027,-0.20829555,-4.24492,0.0,0.007330383,-6.1086525E-4,TONIC,4fc4d1339fb4
1776116549493,1506734843823804,8.836999,-0.20350714,-4.2664676,6.1086525E-4,0.0030543262,-0.0018325958,TONIC,4fc4d1339fb4
1776116549501,1506734851888429,8.817844,-0.19632454,-4.2401314,-6.1086525E-4,0.004886922,-0.0012217305,TONIC,4fc4d1339fb4
1776116549509,1506734859881053,8.829816,-0.18914193,-4.2664676,-0.002443461,-6.1086525E-4,-0.0018325958,TONIC,4fc4d1339fb4
1776116549517,1506734867906908,8.846576,-0.19393034,-4.259285,-0.0036651916,0.0,0.0,TONIC,4fc4d1339fb4
1776116549525,1506734875902840,8.827422,-0.18674773,-4.2425256,-0.0036651916,0.0012217305,-0.0012217305,TONIC,4fc4d1339fb4
1776116549533,1506734883898311,8.844181,-0.18674773,-4.24492,0.0,-0.0012217305,0.0,TONIC,4fc4d1339fb4
1776116549541,1506734891950012,8.839393,-0.19153613,-4.2401314,-6.1086525E-4,0.0,-0.0012217305,TONIC,4fc4d1339fb4
1776116549549,1506734899891790,8.846576,-0.18195933,-4.24492,0.0,0.0,6.1086525E-4,TONIC,4fc4d1339fb4
1776116549557,1506734907819184,8.808268,-0.19153613,-4.2425256,-0.0018325958,-0.002443461,0.0012217305,TONIC,4fc4d1339fb4
1776116549565,1506734915882039,8.822633,-0.17956513,-4.247314,0.0,-0.0012217305,6.1086525E-4,TONIC,4fc4d1339fb4
1776116549573,1506734923906894,8.834604,-0.18435353,-4.237737,0.0,-0.0036651916,0.0018325958,TONIC,4fc4d1339fb4
1776116549581,1506734931872134,8.815451,-0.20111294,-4.2640734,0.0,-0.0061086523,0.002443461,TONIC,4fc4d1339fb4
1776116549589,1506734939954297,8.841787,-0.17717093,-4.2544966,-0.004276057,-0.01038471,0.0030543262,TONIC,4fc4d1339fb4
1776116549597,1506734947895922,8.832211,-0.19632454,-4.2544966,-6.1086525E-4,-0.007941248,0.0018325958,TONIC,4fc4d1339fb4
1776116549605,1506734955889084,8.822633,-0.19632454,-4.2640734,-6.1086525E-4,-0.009773844,0.0030543262,TONIC,4fc4d1339fb4
1776116549613,1506734963886016,8.839393,-0.19632454,-4.249708,0.0,-0.0067195175,6.1086525E-4,TONIC,4fc4d1339fb4
1776116549621,1506734971967256,8.834604,-0.20590134,-4.271256,0.0,-0.0067195175,6.1086525E-4,TONIC,4fc4d1339fb4
1776116549629,1506734979876804,8.834604,-0.20829555,-4.2784386,-6.1086525E-4,-0.007941248,0.0018325958,TONIC,4fc4d1339fb4
1776116549638,1506734988019582,8.825027,-0.21308395,-4.268862,-6.1086525E-4,-0.007330383,0.002443461,TONIC,4fc4d1339fb4
1776116549645,1506734995899053,8.834604,-0.20350714,-4.2664676,0.0,-0.004276057,0.002443461,TONIC,4fc4d1339fb4
1776116549653,1506735003895908,8.834604,-0.20111294,-4.249708,-0.0012217305,-0.005497787,0.002443461,TONIC,4fc4d1339fb4
1776116549661,1506735011914763,8.829816,-0.20350714,-4.2544966,0.0,-0.0061086523,0.0012217305,TONIC,4fc4d1339fb4
1776116549669,1506735019886695,8.822633,-0.19871874,-4.268862,0.0,-0.009162978,-6.1086525E-4,TONIC,4fc4d1339fb4
1776116549677,1506735027912012,8.808268,-0.20590134,-4.27365,0.0,-0.007941248,0.0030543262,TONIC,4fc4d1339fb4
1776116549685,1506735035906482,8.827422,-0.21068975,-4.2664676,6.1086525E-4,-0.0061086523,0.0018325958,TONIC,4fc4d1339fb4
1776116549693,1506735043958184,8.829816,-0.18914193,-4.2880154,-6.1086525E-4,-0.0067195175,0.0018325958,TONIC,4fc4d1339fb4
1776116549701,1506735051868654,8.810662,-0.19393034,-4.271256,-0.0036651916,-0.0036651916,6.1086525E-4,TONIC,4fc4d1339fb4
1776116549709,1506735059919048,8.825027,-0.19393034,-4.27365,0.0036651916,0.002443461,6.1086525E-4,TONIC,4fc4d1339fb4
1776116549717,1506735067888903,8.834604,-0.19871874,-4.268862,0.0,0.0018325958,6.1086525E-4,TONIC,4fc4d1339fb4
1776116549725,1506735075816604,8.827422,-0.20350714,-4.271256,0.0,0.002443461,6.1086525E-4,TONIC,4fc4d1339fb4
1776116549733,1506735083883075,8.832211,-0.19632454,-4.27365,-6.1086525E-4,0.0018325958,0.0018325958,TONIC,4fc4d1339fb4
1776116549741,1506735091906545,8.815451,-0.19871874,-4.2664676,-0.0030543262,0.0018325958,0.0018325958,TONIC,4fc4d1339fb4
1776116549749,1506735099871401,8.836999,-0.19393034,-4.268862,-0.0012217305,0.0036651916,0.0012217305,TONIC,4fc4d1339fb4
1776116549757,1506735107897563,8.827422,-0.19153613,-4.2544966,-0.0012217305,0.005497787,6.1086525E-4,TONIC,4fc4d1339fb4
1776116549765,1506735115893342,8.841787,-0.20590134,-4.271256,0.0012217305,0.007330383,6.1086525E-4,TONIC,4fc4d1339fb4
1776116549773,1506735123891813,8.822633,-0.18674773,-4.27365,-0.0012217305,0.0067195175,0.0,TONIC,4fc4d1339fb4
1776116549781,1506735131915130,8.822633,-0.19632454,-4.249708,6.1086525E-4,0.0061086523,0.0012217305,TONIC,4fc4d1339fb4
1776116549789,1506735139910600,8.832211,-0.20350714,-4.2640734,0.0,0.002443461,0.002443461,TONIC,4fc4d1339fb4
1776116549797,1506735147906302,8.836999,-0.19871874,-4.259285,-6.1086525E-4,0.004886922,6.1086525E-4,TONIC,4fc4d1339fb4
1776116549805,1506735155903234,8.822633,-0.20829555,-4.256891,-6.1086525E-4,0.0018325958,6.1086525E-4,TONIC,4fc4d1339fb4
1776116549813,1506735163899551,8.827422,-0.20590134,-4.2544966,-0.0012217305,0.0036651916,0.0018325958,TONIC,4fc4d1339fb4
1776116549821,1506735171893021,8.822633,-0.19153613,-4.259285,-6.1086525E-4,0.002443461,0.0,TONIC,4fc4d1339fb4
1776116549829,1506735179888799,8.839393,-0.20350714,-4.268862,0.0,0.0,6.1086525E-4,TONIC,4fc4d1339fb4
1776116549837,1506735187884424,8.829816,-0.18914193,-4.249708,-6.1086525E-4,-0.0018325958,6.1086525E-4,TONIC,4fc4d1339fb4
1776116549845,1506735195910279,8.844181,-0.18674773,-4.247314,6.1086525E-4,-0.0012217305,0.0012217305,TONIC,4fc4d1339fb4
1776116549853,1506735203907519,8.860941,-0.19871874,-4.256891,-6.1086525E-4,0.0,0.0,TONIC,4fc4d1339fb4
1776116549861,1506735211902912,8.851364,-0.20829555,-4.280833,6.1086525E-4,-0.0018325958,6.1086525E-4,TONIC,4fc4d1339fb4
1776116549869,1506735219897460,8.836999,-0.21308395,-4.261679,0.0,-0.0012217305,-6.1086525E-4,TONIC,4fc4d1339fb4
1776116549877,1506735227894315,8.825027,-0.21547815,-4.256891,0.0,-0.002443461,0.0012217305,TONIC,4fc4d1339fb4
1776116549885,1506735235890093,8.813056,-0.20590134,-4.2664676,-0.0012217305,-0.005497787,6.1086525E-4,TONIC,4fc4d1339fb4
1776116549893,1506735243918025,8.829816,-0.20111294,-4.2784386,6.1086525E-4,-0.0067195175,-0.0012217305,TONIC,4fc4d1339fb4
1776116549901,1506735251911342,8.822633,-0.19871874,-4.2664676,-6.1086525E-4,-0.007330383,-6.1086525E-4,TONIC,4fc4d1339fb4
1776116549909,1506735259906043,8.822633,-0.20829555,-4.280833,0.0,-0.005497787,-0.0012217305,TONIC,4fc4d1339fb4
1776116549917,1506735267902437,8.834604,-0.19871874,-4.280833,-0.0012217305,-0.0036651916,-0.0012217305,TONIC,4fc4d1339fb4
1776116549925,1506735275896908,8.820239,-0.20350714,-4.2784386,0.0,-0.0036651916,-0.0012217305,TONIC,4fc4d1339fb4
1776116549933,1506735283857224,8.832211,-0.21068975,-4.271256,-6.1086525E-4,0.0,-6.1086525E-4,TONIC,4fc4d1339fb4
1776116549941,1506735291889156,8.848969,-0.18674773,-4.259285,0.0,6.1086525E-4,-6.1086525E-4,TONIC,4fc4d1339fb4
1776116549949,1506735299909473,8.827422,-0.19393034,-4.261679,0.0,0.002443461,-6.1086525E-4,TONIC,4fc4d1339fb4
1776116549957,1506735307910175,8.834604,-0.18914193,-4.259285,0.0018325958,0.0018325958,-0.0018325958,TONIC,4fc4d1339fb4
1776116549965,1506735315807030,8.825027,-0.18195933,-4.268862,-0.0030543262,-0.0018325958,6.1086525E-4,TONIC,4fc4d1339fb4
1776116549973,1506735323903654,8.839393,-0.20829555,-4.27365,6.1086525E-4,0.0030543262,-6.1086525E-4,TONIC,4fc4d1339fb4
1776116549981,1506735331896894,8.834604,-0.19871874,-4.27365,0.002443461,0.0018325958,-6.1086525E-4,TONIC,4fc4d1339fb4
1776116549989,1506735339954134,8.817844,-0.19153613,-4.2664676,6.1086525E-4,0.0018325958,0.0012217305,TONIC,4fc4d1339fb4
1776116549997,1506735347974758,8.820239,-0.20111294,-4.2664676,6.1086525E-4,0.002443461,-6.1086525E-4,TONIC,4fc4d1339fb4
1776116550005,1506735355915998,8.827422,-0.19393034,-4.268862,0.0,0.0012217305,-6.1086525E-4,TONIC,4fc4d1339fb4
1776116550013,1506735363996391,8.808268,-0.18674773,-4.2521024,-0.0012217305,6.1086525E-4,0.0012217305,TONIC,4fc4d1339fb4
1776116550021,1506735371877631,8.815451,-0.19393034,-4.2664676,-6.1086525E-4,0.0036651916,-6.1086525E-4,TONIC,4fc4d1339fb4
1776116550029,1506735379901025,8.834604,-0.19871874,-4.261679,-6.1086525E-4,-0.0030543262,0.0012217305,TONIC,4fc4d1339fb4
1776116550037,1506735387922265,8.822633,-0.18195933,-4.2544966,-6.1086525E-4,0.0018325958,0.0012217305,TONIC,4fc4d1339fb4
1776116550045,1506735395863812,8.839393,-0.19871874,-4.2760444,6.1086525E-4,0.0061086523,0.002443461,TONIC,4fc4d1339fb4
1776116550053,1506735403889590,8.825027,-0.19153613,-4.256891,6.1086525E-4,0.004886922,0.002443461,TONIC,4fc4d1339fb4
1776116550061,1506735411939753,8.846576,-0.20350714,-4.2305546,0.0012217305,0.004276057,0.002443461,TONIC,4fc4d1339fb4
1776116550069,1506735419879839,8.829816,-0.19393034,-4.247314,0.0,0.0030543262,0.0018325958,TONIC,4fc4d1339fb4
1776116550078,1506735428022310,8.822633,-0.19632454,-4.249708,0.0,-0.0018325958,0.002443461,TONIC,4fc4d1339fb4
1776116550085,1506735435902857,8.820239,-0.20350714,-4.259285,-0.0012217305,-0.004276057,0.0018325958,TONIC,4fc4d1339fb4
1776116550093,1506735443898251,8.825027,-0.20590134,-4.2784386,-0.002443461,-0.0061086523,0.0036651916,TONIC,4fc4d1339fb4
1776116550102,1506735452076492,8.827422,-0.21068975,-4.2760444,0.0,-0.0036651916,0.0030543262,TONIC,4fc4d1339fb4
1776116550109,1506735459888730,8.844181,-0.20350714,-4.2544966,0.0,-0.004276057,0.0036651916,TONIC,4fc4d1339fb4
1776116550117,1506735467847893,8.863335,-0.20829555,-4.2664676,-6.1086525E-4,-0.005497787,0.002443461,TONIC,4fc4d1339fb4
1776116550125,1506735475880133,8.858546,-0.21068975,-4.2664676,-0.0012217305,-0.005497787,0.002443461,TONIC,4fc4d1339fb4
1776116550134,1506735484022297,8.846576,-0.21787235,-4.249708,-0.002443461,-0.0036651916,0.0018325958,TONIC,4fc4d1339fb4
1776116550141,1506735491869997,8.829816,-0.22505496,-4.268862,-6.1086525E-4,-0.0036651916,0.0012217305,TONIC,4fc4d1339fb4
1776116550149,1506735499922007,8.834604,-0.21068975,-4.2544966,0.0,-0.002443461,6.1086525E-4,TONIC,4fc4d1339fb4
1776116550157,1506735507894324,8.834604,-0.21068975,-4.256891,-0.0018325958,-0.0036651916,-0.0012217305,TONIC,4fc4d1339fb4
1776116550165,1506735515887256,8.829816,-0.22266077,-4.256891,-0.0018325958,-0.004886922,-0.002443461,TONIC,4fc4d1339fb4
1776116550173,1506735523939265,8.813056,-0.21308395,-4.285621,-0.0018325958,-0.004886922,-0.0012217305,TONIC,4fc4d1339fb4
1776116550181,1506735531879351,8.813056,-0.21787235,-4.280833,-0.0012217305,-0.0030543262,-0.0030543262,TONIC,4fc4d1339fb4
1776116550189,1506735539874437,8.817844,-0.21068975,-4.283227,-0.0012217305,-0.0018325958,-0.002443461,TONIC,4fc4d1339fb4
1776116550197,1506735547956600,8.822633,-0.21068975,-4.285621,-0.002443461,0.0,-0.0030543262,TONIC,4fc4d1339fb4
1776116550205,1506735555898994,8.844181,-0.19393034,-4.2760444,0.0,0.0018325958,-0.0036651916,TONIC,4fc4d1339fb4
1776116550213,1506735563894156,8.827422,-0.18914193,-4.2760444,-0.004886922,0.0036651916,-0.0036651916,TONIC,4fc4d1339fb4
1776116550221,1506735571821473,8.841787,-0.19393034,-4.2544966,0.0,0.0067195175,-0.004276057,TONIC,4fc4d1339fb4
1776116550229,1506735579883098,8.839393,-0.19871874,-4.256891,6.1086525E-4,0.008552114,-0.004276057,TONIC,4fc4d1339fb4
1776116550237,1506735587934722,8.836999,-0.17717093,-4.249708,0.0012217305,0.009162978,-0.0030543262,TONIC,4fc4d1339fb4
1776116550245,1506735595875731,8.825027,-0.18674773,-4.2544966,-6.1086525E-4,0.007330383,-0.004276057,TONIC,4fc4d1339fb4
1776116550254,1506735604084355,8.829816,-0.18195933,-4.256891,6.1086525E-4,0.002443461,-0.0036651916,TONIC,4fc4d1339fb4
1776116550261,1506735611921595,8.817844,-0.17956513,-4.256891,-0.0018325958,-0.0018325958,-0.0030543262,TONIC,4fc4d1339fb4
1776116550269,1506735619891758,8.832211,-0.17238252,-4.256891,-6.1086525E-4,0.0018325958,-0.002443461,TONIC,4fc4d1339fb4
1776116550277,1506735627888998,8.822633,-0.16998832,-4.2640734,0.0012217305,6.1086525E-4,-0.0018325958,TONIC,4fc4d1339fb4
1776116550285,1506735635882545,8.820239,-0.18674773,-4.2760444,0.0,6.1086525E-4,-0.0012217305,TONIC,4fc4d1339fb4
1776116550294,1506735644026170,8.822633,-0.17477672,-4.2664676,0.0012217305,0.0036651916,-0.0012217305,TONIC,4fc4d1339fb4
1776116550301,1506735651906179,8.822633,-0.18674773,-4.256891,0.0012217305,0.005497787,0.002443461,TONIC,4fc4d1339fb4
1776116550309,1506735659901572,8.822633,-0.18914193,-4.232949,0.0012217305,0.004886922,0.004276057,TONIC,4fc4d1339fb4
1776116550317,1506735667895428,8.844181,-0.19153613,-4.24492,6.1086525E-4,0.0018325958,0.004886922,TONIC,4fc4d1339fb4
1776116550325,1506735675892129,8.829816,-0.19153613,-4.237737,-6.1086525E-4,-0.002443461,0.0030543262,TONIC,4fc4d1339fb4
1776116550333,1506735683888676,8.832211,-0.19632454,-4.237737,-0.0012217305,-0.004276057,0.004276057,TONIC,4fc4d1339fb4
1776116550341,1506735691913301,8.836999,-0.19153613,-4.256891,6.1086525E-4,-0.0067195175,0.004886922,TONIC,4fc4d1339fb4
1776116550349,1506735699908771,8.827422,-0.20111294,-4.261679,0.0,-0.008552114,0.0030543262,TONIC,4fc4d1339fb4
1776116550357,1506735707907165,8.829816,-0.18674773,-4.2760444,-0.0012217305,-0.008552114,0.0030543262,TONIC,4fc4d1339fb4
1776116550365,1506735715902866,8.827422,-0.20111294,-4.268862,6.1086525E-4,-0.0067195175,0.004276057,TONIC,4fc4d1339fb4
1776116550373,1506735723898875,8.848969,-0.20350714,-4.2521024,0.0,-0.004276057,0.004276057,TONIC,4fc4d1339fb4
1776116550381,1506735731890654,8.846576,-0.20590134,-4.261679,6.1086525E-4,-0.0061086523,0.0036651916,TONIC,4fc4d1339fb4
1776116550389,1506735739886355,8.827422,-0.19632454,-4.271256,0.0,-0.0067195175,0.0036651916,TONIC,4fc4d1339fb4
1776116550397,1506735747914056,8.834604,-0.20350714,-4.2784386,0.0,-0.0067195175,0.0036651916,TONIC,4fc4d1339fb4
1776116550405,1506735755908758,8.848969,-0.22026655,-4.2880154,0.0,-0.008552114,0.004276057,TONIC,4fc4d1339fb4
1776116550413,1506735763907305,8.825027,-0.21787235,-4.292804,-0.0030543262,-0.008552114,0.0036651916,TONIC,4fc4d1339fb4
1776116550421,1506735771899622,8.829816,-0.22266077,-4.27365,-0.0012217305,-0.007330383,0.0030543262,TONIC,4fc4d1339fb4
1776116550429,1506735779896169,8.832211,-0.22984336,-4.297592,-6.1086525E-4,-0.004276057,0.0018325958,TONIC,4fc4d1339fb4
1776116550437,1506735787892563,8.808268,-0.20350714,-4.280833,0.0,-0.002443461,0.0,TONIC,4fc4d1339fb4
1776116550445,1506735795887649,8.822633,-0.21787235,-4.280833,-0.0012217305,0.0012217305,0.0018325958,TONIC,4fc4d1339fb4
1776116550453,1506735803999351,8.825027,-0.22505496,-4.295198,-6.1086525E-4,0.0030543262,0.0012217305,TONIC,4fc4d1339fb4
1776116550461,1506735811910359,8.832211,-0.21308395,-4.280833,-0.0012217305,0.0036651916,-6.1086525E-4,TONIC,4fc4d1339fb4
1776116550469,1506735819904214,8.820239,-0.20350714,-4.27365,-0.0036651916,0.0061086523,0.0,TONIC,4fc4d1339fb4
1776116550477,1506735827925223,8.813056,-0.19871874,-4.2760444,-6.1086525E-4,0.007941248,-0.0012217305,TONIC,4fc4d1339fb4
1776116550485,1506735835896232,8.813056,-0.21068975,-4.2664676,0.0,0.009773844,0.0012217305,TONIC,4fc4d1339fb4
1776116550494,1506735844008012,8.815451,-0.21547815,-4.256891,6.1086525E-4,0.007941248,0.0,TONIC,4fc4d1339fb4
1776116550501,1506735851886405,8.829816,-0.20590134,-4.2544966,-0.0012217305,0.007330383,0.0012217305,TONIC,4fc4d1339fb4
1776116550509,1506735859938183,8.817844,-0.20350714,-4.2640734,6.1086525E-4,0.009162978,-6.1086525E-4,TONIC,4fc4d1339fb4
1776116550517,1506735867909500,8.827422,-0.18435353,-4.259285,-0.0012217305,0.007330383,-0.0018325958,TONIC,4fc4d1339fb4
1776116550525,1506735875903740,8.834604,-0.18914193,-4.247314,0.0,0.007330383,-6.1086525E-4,TONIC,4fc4d1339fb4
1776116550533,1506735883901826,8.820239,-0.19871874,-4.256891,0.0,0.009162978,0.0,TONIC,4fc4d1339fb4
1776116550541,1506735891896912,8.825027,-0.18195933,-4.259285,-0.0030543262,0.004886922,-6.1086525E-4,TONIC,4fc4d1339fb4
1776116550549,1506735899946767,8.836999,-0.19871874,-4.2544966,6.1086525E-4,0.005497787,-0.0012217305,TONIC,4fc4d1339fb4
1776116550557,1506735907889545,8.817844,-0.19393034,-4.2544966,-0.0012217305,0.004886922,-0.0012217305,TONIC,4fc4d1339fb4
1776116550565,1506735915912093,8.829816,-0.19632454,-4.256891,0.0012217305,0.004886922,0.0012217305,TONIC,4fc4d1339fb4
1776116550573,1506735923964102,8.832211,-0.18195933,-4.24492,-6.1086525E-4,0.004276057,0.0,TONIC,4fc4d1339fb4
1776116550581,1506735931906803,8.836999,-0.19871874,-4.2544966,0.0012217305,0.0030543262,0.0,TONIC,4fc4d1339fb4
1776116550589,1506735939899197,8.836999,-0.20350714,-4.237737,-6.1086525E-4,-6.1086525E-4,0.0,TONIC,4fc4d1339fb4
1776116550597,1506735947894590,8.856153,-0.20829555,-4.268862,6.1086525E-4,-0.0036651916,-6.1086525E-4,TONIC,4fc4d1339fb4
1776116550605,1506735955889984,8.848969,-0.19393034,-4.268862,-6.1086525E-4,-0.005497787,-0.0012217305,TONIC,4fc4d1339fb4
1776116550613,1506735963885993,8.863335,-0.19393034,-4.2521024,0.0,-0.0067195175,0.0,TONIC,4fc4d1339fb4
1776116550621,1506735971912694,8.832211,-0.21308395,-4.259285,-6.1086525E-4,-0.009162978,0.002443461,TONIC,4fc4d1339fb4
1776116550629,1506735979963857,8.820239,-0.20829555,-4.247314,-6.1086525E-4,-0.008552114,0.0012217305,TONIC,4fc4d1339fb4
1776116550637,1506735987906635,8.810662,-0.21308395,-4.261679,0.0,-0.01038471,0.0,TONIC,4fc4d1339fb4
1776116550645,1506735995868183,8.820239,-0.19871874,-4.27365,-0.0018325958,-0.01282817,-6.1086525E-4,TONIC,4fc4d1339fb4
1776116550653,1506736003859269,8.827422,-0.20590134,-4.280833,0.0,-0.01160644,-6.1086525E-4,TONIC,4fc4d1339fb4
1776116550661,1506736011891586,8.825027,-0.18195933,-4.280833,-0.0012217305,-0.013439035,6.1086525E-4,TONIC,4fc4d1339fb4
1776116550669,1506736019886979,8.805874,-0.19153613,-4.3047748,6.1086525E-4,-0.009773844,6.1086525E-4,TONIC,4fc4d1339fb4
1776116550677,1506736027881681,8.810662,-0.19153613,-4.280833,0.0012217305,-0.004276057,0.0,TONIC,4fc4d1339fb4
1776116550685,1506736035878382,8.817844,-0.19632454,-4.2760444,6.1086525E-4,-0.0030543262,-0.0012217305,TONIC,4fc4d1339fb4
1776116550693,1506736043990006,8.817844,-0.19871874,-4.2904096,0.0018325958,0.0012217305,-6.1086525E-4,TONIC,4fc4d1339fb4
1776116550701,1506736051869785,8.839393,-0.17717093,-4.297592,6.1086525E-4,6.1086525E-4,6.1086525E-4,TONIC,4fc4d1339fb4
1776116550709,1506736059765409,8.815451,-0.17717093,-4.283227,-6.1086525E-4,0.0030543262,6.1086525E-4,TONIC,4fc4d1339fb4
1776116550717,1506736067891572,8.822633,-0.18914193,-4.285621,0.0012217305,0.005497787,0.0012217305,TONIC,4fc4d1339fb4
1776116550725,1506736075916273,8.813056,-0.18435353,-4.271256,-0.0018325958,0.007941248,6.1086525E-4,TONIC,4fc4d1339fb4
1776116550734,1506736084029128,8.832211,-0.20111294,-4.271256,0.0012217305,0.009162978,6.1086525E-4,TONIC,4fc4d1339fb4
1776116550741,1506736091878676,8.815451,-0.20111294,-4.2664676,0.0,0.009773844,6.1086525E-4,TONIC,4fc4d1339fb4
1776116550749,1506736099959300,8.810662,-0.20829555,-4.261679,-0.0012217305,0.01282817,6.1086525E-4,TONIC,4fc4d1339fb4
1776116550757,1506736107898771,8.805874,-0.18435353,-4.280833,6.1086525E-4,0.01038471,0.0,TONIC,4fc4d1339fb4
1776116550765,1506736115828318,8.810662,-0.18195933,-4.261679,6.1086525E-4,0.01282817,-6.1086525E-4,TONIC,4fc4d1339fb4
1776116550773,1506736123892020,8.839393,-0.18674773,-4.2904096,6.1086525E-4,0.01160644,0.002443461,TONIC,4fc4d1339fb4
1776116550781,1506736131916029,8.825027,-0.17477672,-4.259285,6.1086525E-4,0.012217305,0.0012217305,TONIC,4fc4d1339fb4
1776116550789,1506736139881191,8.815451,-0.18435353,-4.2521024,0.0018325958,0.014049901,0.0012217305,TONIC,4fc4d1339fb4
1776116550797,1506736147993893,8.829816,-0.17956513,-4.247314,0.0018325958,0.01282817,6.1086525E-4,TONIC,4fc4d1339fb4
1776116550805,1506736155903440,8.841787,-0.19632454,-4.235343,6.1086525E-4,0.01038471,0.002443461,TONIC,4fc4d1339fb4
1776116550813,1506736163985218,8.841787,-0.20590134,-4.237737,0.0018325958,0.008552114,0.0036651916,TONIC,4fc4d1339fb4
1776116550821,1506736171864689,8.848969,-0.20829555,-4.237737,0.0012217305,0.0036651916,0.0030543262,TONIC,4fc4d1339fb4
1776116550829,1506736179890544,8.829816,-0.22026655,-4.24492,-0.0012217305,0.0030543262,0.0018325958,TONIC,4fc4d1339fb4
1776116550837,1506736187917322,8.844181,-0.20111294,-4.2521024,6.1086525E-4,0.0,0.002443461,TONIC,4fc4d1339fb4
1776116550845,1506736195880947,8.841787,-0.20590134,-4.2521024,-6.1086525E-4,-6.1086525E-4,0.002443461,TONIC,4fc4d1339fb4
1776116550854,1506736204024341,8.841787,-0.21308395,-4.256891,-6.1086525E-4,-0.0036651916,0.0018325958,TONIC,4fc4d1339fb4
1776116550861,1506736211872119,8.846576,-0.19632454,-4.2544966,-0.0012217305,-0.007330383,0.0030543262,TONIC,4fc4d1339fb4
1776116550869,1506736219899436,8.829816,-0.23223756,-4.261679,-6.1086525E-4,-0.008552114,0.002443461,TONIC,4fc4d1339fb4
1776116550877,1506736227980676,8.863335,-0.21787235,-4.256891,-0.0018325958,-0.007330383,0.0030543262,TONIC,4fc4d1339fb4
1776116550885,1506736235889916,8.846576,-0.20590134,-4.256891,-0.0012217305,-0.0061086523,0.002443461,TONIC,4fc4d1339fb4
1776116550894,1506736244033002,8.844181,-0.22026655,-4.256891,-0.0018325958,-0.004276057,6.1086525E-4,TONIC,4fc4d1339fb4
1776116550901,1506736251883242,8.827422,-0.22266077,-4.2664676,-0.0012217305,-0.004276057,6.1086525E-4,TONIC,4fc4d1339fb4
1776116550909,1506736259908174,8.820239,-0.21547815,-4.2640734,-6.1086525E-4,-0.004886922,0.0,TONIC,4fc4d1339fb4
1776116550917,1506736267903491,8.832211,-0.21787235,-4.2784386,-0.0018325958,-0.004276057,0.0,TONIC,4fc4d1339fb4
1776116550925,1506736275890961,8.832211,-0.20590134,-4.2784386,-0.0012217305,-0.005497787,-0.0018325958,TONIC,4fc4d1339fb4
1776116550933,1506736283896816,8.808268,-0.20111294,-4.27365,-0.0018325958,-0.0061086523,-0.002443461,TONIC,4fc4d1339fb4
1776116550941,1506736291889671,8.817844,-0.21068975,-4.280833,-0.0018325958,-0.004886922,-0.0018325958,TONIC,4fc4d1339fb4
1776116550949,1506736299884834,8.825027,-0.19871874,-4.280833,-0.002443461,-0.002443461,-0.002443461,TONIC,4fc4d1339fb4
1776116550957,1506736307882305,8.825027,-0.18195933,-4.2640734,0.002443461,0.0036651916,-0.0018325958,TONIC,4fc4d1339fb4
1776116550965,1506736315840775,8.822633,-0.19871874,-4.2784386,0.0012217305,0.002443461,-0.0030543262,TONIC,4fc4d1339fb4
1776116550973,1506736323875246,8.817844,-0.19871874,-4.271256,6.1086525E-4,0.004276057,-0.0018325958,TONIC,4fc4d1339fb4
1776116550981,1506736331898947,8.829816,-0.18435353,-4.2784386,-6.1086525E-4,0.0061086523,-0.0018325958,TONIC,4fc4d1339fb4
1776116550989,1506736339955649,8.839393,-0.17717093,-4.2664676,-6.1086525E-4,0.0061086523,-0.0030543262,TONIC,4fc4d1339fb4
1776116550998,1506736348043042,8.817844,-0.17956513,-4.261679,0.0,0.004276057,-0.002443461,TONIC,4fc4d1339fb4
1776116551005,1506736355915667,8.829816,-0.19871874,-4.268862,0.0,0.0018325958,-0.0018325958,TONIC,4fc4d1339fb4
1776116551013,1506736363880522,8.817844,-0.18674773,-4.2784386,6.1086525E-4,0.004276057,-0.0030543262,TONIC,4fc4d1339fb4
1776116551021,1506736371877839,8.803479,-0.18435353,-4.2664676,6.1086525E-4,0.004276057,-6.1086525E-4,TONIC,4fc4d1339fb4
1776116551029,1506736379872309,8.836999,-0.18435353,-4.261679,0.0030543262,0.0061086523,-0.0018325958,TONIC,4fc4d1339fb4
1776116551037,1506736387867703,8.841787,-0.17956513,-4.261679,0.0012217305,0.004886922,-0.0012217305,TONIC,4fc4d1339fb4
1776116551045,1506736395949558,8.829816,-0.18195933,-4.247314,-0.0012217305,0.0036651916,-6.1086525E-4,TONIC,4fc4d1339fb4
1776116551053,1506736403890182,8.829816,-0.18195933,-4.261679,6.1086525E-4,0.004276057,6.1086525E-4,TONIC,4fc4d1339fb4
1776116551061,1506736411847114,8.836999,-0.18674773,-4.256891,0.0,0.0036651916,6.1086525E-4,TONIC,4fc4d1339fb4
1776116551069,1506736419880662,8.827422,-0.18914193,-4.24492,-0.0018325958,6.1086525E-4,6.1086525E-4,TONIC,4fc4d1339fb4
1776116551078,1506736428023440,8.834604,-0.18674773,-4.2521024,-0.0012217305,0.0,0.002443461,TONIC,4fc4d1339fb4
1776116551085,1506736435901911,8.841787,-0.19632454,-4.261679,0.0,-0.0018325958,0.0012217305,TONIC,4fc4d1339fb4
1776116551094,1506736444014766,8.832211,-0.20590134,-4.2544966,-0.0012217305,-0.0018325958,0.0,TONIC,4fc4d1339fb4
1776116551101,1506736451862467,8.834604,-0.17238252,-4.27365,-0.0012217305,-0.0061086523,0.0018325958,TONIC,4fc4d1339fb4
1776116551109,1506736459888399,8.841787,-0.21068975,-4.268862,-6.1086525E-4,-0.0036651916,0.0030543262,TONIC,4fc4d1339fb4
1776116551117,1506736467910178,8.839393,-0.20111294,-4.283227,0.0,-0.0061086523,0.0036651916,TONIC,4fc4d1339fb4
1776116551125,1506736475912340,8.841787,-0.21068975,-4.2640734,6.1086525E-4,-0.005497787,0.0018325958,TONIC,4fc4d1339fb4
1776116551133,1506736483992965,8.839393,-0.19393034,-4.268862,-0.0012217305,-0.004886922,0.004886922,TONIC,4fc4d1339fb4
1776116551141,1506736491871435,8.834604,-0.19393034,-4.256891,-0.0012217305,-0.0036651916,0.0018325958,TONIC,4fc4d1339fb4
1776116551149,1506736499923137,8.844181,-0.21068975,-4.280833,-0.0018325958,-0.005497787,6.1086525E-4,TONIC,4fc4d1339fb4
1776116551157,1506736507894915,8.853758,-0.21308395,-4.2784386,0.0,-0.002443461,0.0018325958,TONIC,4fc4d1339fb4
1776116551165,1506736515888693,8.827422,-0.21308395,-4.285621,-0.0018325958,-0.004276057,0.0018325958,TONIC,4fc4d1339fb4
1776116551173,1506736523884087,8.834604,-0.20350714,-4.280833,-0.0012217305,-0.004886922,6.1086525E-4,TONIC,4fc4d1339fb4
1776116551181,1506736531881096,8.829816,-0.20111294,-4.249708,6.1086525E-4,-0.004276057,-6.1086525E-4,TONIC,4fc4d1339fb4
1776116551189,1506736539968414,8.844181,-0.19393034,-4.268862,-0.0018325958,-0.0036651916,6.1086525E-4,TONIC,4fc4d1339fb4
1776116551197,1506736547772191,8.844181,-0.19393034,-4.2664676,0.0018325958,-6.1086525E-4,-0.002443461,TONIC,4fc4d1339fb4
1776116551205,1506736555898584,8.841787,-0.19632454,-4.2640734,-6.1086525E-4,-0.004276057,-0.0030543262,TONIC,4fc4d1339fb4
1776116551213,1506736563843150,8.844181,-0.20590134,-4.261679,-0.0030543262,-0.004886922,-0.0030543262,TONIC,4fc4d1339fb4
1776116551221,1506736571837845,8.834604,-0.19871874,-4.2640734,-0.0012217305,-0.0030543262,-0.0012217305,TONIC,4fc4d1339fb4
1776116551229,1506736579865616,8.822633,-0.19871874,-4.2664676,-0.0012217305,-0.0018325958,-6.1086525E-4,TONIC,4fc4d1339fb4
1776116551237,1506736587915771,8.829816,-0.20350714,-4.2904096,6.1086525E-4,-0.002443461,-0.0012217305,TONIC,4fc4d1339fb4
1776116551245,1506736595857004,8.817844,-0.19393034,-4.27365,0.0,-0.002443461,0.0,TONIC,4fc4d1339fb4
1776116551253,1506736603968006,8.820239,-0.20590134,-4.2904096,0.0012217305,0.0018325958,0.0012217305,TONIC,4fc4d1339fb4
1776116551261,1506736611818853,8.827422,-0.17477672,-4.285621,-6.1086525E-4,0.0,-0.0012217305,TONIC,4fc4d1339fb4
1776116551269,1506736619867701,8.827422,-0.20111294,-4.2760444,-6.1086525E-4,0.0018325958,-0.0018325958,TONIC,4fc4d1339fb4
1776116551277,1506736627869549,8.839393,-0.17477672,-4.268862,0.0,0.0061086523,-0.0018325958,TONIC,4fc4d1339fb4
1776116551285,1506736635865319,8.810662,-0.18435353,-4.285621,-0.0030543262,0.0012217305,-0.0012217305,TONIC,4fc4d1339fb4
1776116551293,1506736643915475,8.817844,-0.18195933,-4.256891,6.1086525E-4,0.0067195175,-0.0012217305,TONIC,4fc4d1339fb4
1776116551301,1506736651825246,8.829816,-0.18914193,-4.271256,0.0,0.0030543262,-0.0030543262,TONIC,4fc4d1339fb4
1776116551309,1506736659937248,8.839393,-0.19153613,-4.271256,0.0,0.005497787,0.0,TONIC,4fc4d1339fb4
1776116551317,1506736667848326,8.825027,-0.19871874,-4.259285,0.0,0.004886922,-0.0018325958,TONIC,4fc4d1339fb4
1776116551325,1506736675897944,8.817844,-0.19393034,-4.280833,0.0012217305,0.004886922,0.0012217305,TONIC,4fc4d1339fb4
1776116551333,1506736683840637,8.813056,-0.18914193,-4.261679,0.0012217305,0.004886922,6.1086525E-4,TONIC,4fc4d1339fb4
1776116551341,1506736691889255,8.822633,-0.20829555,-4.259285,0.0012217305,0.0030543262,6.1086525E-4,TONIC,4fc4d1339fb4
1776116551349,1506736699860949,8.820239,-0.19632454,-4.256891,6.1086525E-4,6.1086525E-4,0.0,TONIC,4fc4d1339fb4
1776116551357,1506736707880335,8.846576,-0.17956513,-4.256891,6.1086525E-4,0.002443461,6.1086525E-4,TONIC,4fc4d1339fb4
1776116551365,1506736715852337,8.820239,-0.17956513,-4.285621,6.1086525E-4,0.0018325958,0.002443461,TONIC,4fc4d1339fb4
1776116551373,1506736723932646,8.822633,-0.21068975,-4.259285,-6.1086525E-4,6.1086525E-4,0.0,TONIC,4fc4d1339fb4
1776116551381,1506736731840724,8.825027,-0.21068975,-4.259285,0.0018325958,6.1086525E-4,0.0018325958,TONIC,4fc4d1339fb4
1776116551389,1506736739954265,8.858546,-0.19871874,-4.283227,-0.0012217305,-0.0030543262,0.0012217305,TONIC,4fc4d1339fb4
1776116551397,1506736747865882,8.846576,-0.19393034,-4.2784386,0.0012217305,-6.1086525E-4,0.0018325958,TONIC,4fc4d1339fb4
1776116551405,1506736755860652,8.841787,-0.21308395,-4.259285,-0.0012217305,-0.004276057,0.0012217305,TONIC,4fc4d1339fb4
1776116551413,1506736763971731,8.827422,-0.19871874,-4.2544966,-0.0012217305,-0.002443461,-6.1086525E-4,TONIC,4fc4d1339fb4
1776116551421,1506736771819503,8.813056,-0.20350714,-4.2664676,0.0012217305,-0.0018325958,0.0018325958,TONIC,4fc4d1339fb4
1776116551429,1506736779932427,8.827422,-0.20829555,-4.259285,-0.0036651916,-0.0061086523,0.002443461,TONIC,4fc4d1339fb4
1776116551437,1506736787841583,8.815451,-0.19153613,-4.27365,-0.0012217305,-0.0067195175,6.1086525E-4,TONIC,4fc4d1339fb4
1776116551445,1506736795836738,8.836999,-0.18914193,-4.2999864,-0.0012217305,-0.007330383,0.0012217305,TONIC,4fc4d1339fb4
1776116551453,1506736803919201,8.827422,-0.20350714,-4.283227,-6.1086525E-4,-0.007941248,0.0018325958,TONIC,4fc4d1339fb4
1776116551461,1506736811858511,8.820239,-0.19871874,-4.295198,-0.0012217305,-0.0036651916,0.0012217305,TONIC,4fc4d1339fb4
1776116551469,1506736819855436,8.827422,-0.19632454,-4.271256,0.0018325958,-6.1086525E-4,0.0,TONIC,4fc4d1339fb4
1776116551477,1506736827851206,8.822633,-0.19393034,-4.283227,-0.004886922,-6.1086525E-4,-6.1086525E-4,TONIC,4fc4d1339fb4
1776116551485,1506736835846208,8.834604,-0.19632454,-4.27365,0.0,0.0030543262,0.0,TONIC,4fc4d1339fb4
1776116551493,1506736843841902,8.815451,-0.17956513,-4.2880154,-6.1086525E-4,0.002443461,0.0,TONIC,4fc4d1339fb4
1776116551501,1506736851892980,8.827422,-0.19153613,-4.2904096,0.002443461,0.0036651916,-0.0012217305,TONIC,4fc4d1339fb4
1776116551509,1506736859835213,8.839393,-0.18435353,-4.285621,0.0,0.004276057,0.0012217305,TONIC,4fc4d1339fb4
1776116551517,1506736867827754,8.834604,-0.19393034,-4.2880154,-6.1086525E-4,0.0067195175,0.0012217305,TONIC,4fc4d1339fb4
1776116551525,1506736875823139,8.810662,-0.18674773,-4.2664676,0.0,0.009773844,0.0,TONIC,4fc4d1339fb4
1776116551533,1506736883852141,8.820239,-0.17956513,-4.27365,-0.0018325958,0.009162978,0.0012217305,TONIC,4fc4d1339fb4
1776116551541,1506736891962528,8.825027,-0.19393034,-4.280833,-0.0012217305,0.008552114,0.0018325958,TONIC,4fc4d1339fb4
1776116551549,1506736899843837,8.820239,-0.19393034,-4.283227,0.0,0.007941248,0.002443461,TONIC,4fc4d1339fb4
1776116551557,1506736907892685,8.810662,-0.17956513,-4.2664676,-6.1086525E-4,0.009162978,0.0018325958,TONIC,4fc4d1339fb4
1776116551565,1506736915832148,8.808268,-0.18914193,-4.292804,-6.1086525E-4,0.01038471,0.0018325958,TONIC,4fc4d1339fb4
1776116551574,1506736924043457,8.825027,-0.19871874,-4.2544966,-0.0018325958,0.010995574,6.1086525E-4,TONIC,4fc4d1339fb4
1776116551581,1506736931909997,8.841787,-0.17956513,-4.271256,0.0,0.015882496,6.1086525E-4,TONIC,4fc4d1339fb4
1776116551589,1506736939852692,8.853758,-0.18195933,-4.247314,0.0,0.016493361,0.0030543262,TONIC,4fc4d1339fb4
1776116551597,1506736947844385,8.851364,-0.20350714,-4.2664676,6.1086525E-4,0.015882496,0.002443461,TONIC,4fc4d1339fb4
1776116551605,1506736955841003,8.848969,-0.19632454,-4.2544966,6.1086525E-4,0.015271631,0.0030543262,TONIC,4fc4d1339fb4
1776116551613,1506736963861928,8.851364,-0.18195933,-4.223372,-6.1086525E-4,0.013439035,0.0030543262,TONIC,4fc4d1339fb4
1776116551621,1506736971833698,8.829816,-0.18435353,-4.24492,-0.0012217305,0.007941248,0.0030543262,TONIC,4fc4d1339fb4
1776116551629,1506736979914008,8.822633,-0.18914193,-4.24492,-6.1086525E-4,0.0067195175,0.004276057,TONIC,4fc4d1339fb4
1776116551637,1506736987856163,8.841787,-0.19393034,-4.232949,-6.1086525E-4,0.002443461,0.0036651916,TONIC,4fc4d1339fb4
1776116551645,1506736995849626,8.820239,-0.18914193,-4.2544966,-0.004276057,-0.002443461,0.007941248,TONIC,4fc4d1339fb4
1776116551653,1506737003901013,8.827422,-0.18435353,-4.247314,-0.0018325958,-0.004276057,0.0067195175,TONIC,4fc4d1339fb4
1776116551661,1506737011840399,8.832211,-0.19153613,-4.249708,-0.0018325958,-0.0067195175,0.007330383,TONIC,4fc4d1339fb4
1776116551669,1506737019953093,8.839393,-0.20111294,-4.2425256,-0.0018325958,-0.009162978,0.0067195175,TONIC,4fc4d1339fb4
1776116551677,1506737027832095,8.834604,-0.21068975,-4.256891,-0.0030543262,-0.01160644,0.0061086523,TONIC,4fc4d1339fb4
1776116551685,1506737035883481,8.841787,-0.21547815,-4.256891,0.0012217305,-0.009773844,0.0067195175,TONIC,4fc4d1339fb4
1776116551693,1506737043854021,8.846576,-0.21308395,-4.2784386,-0.0036651916,-0.014660766,0.005497787,TONIC,4fc4d1339fb4
1776116551701,1506737051849023,8.844181,-0.21068975,-4.271256,-0.0030543262,-0.015882496,0.004276057,TONIC,4fc4d1339fb4
1776116551709,1506737059813948,8.827422,-0.21308395,-4.271256,-0.0018325958,-0.015271631,0.004886922,TONIC,4fc4d1339fb4
1776116551717,1506737067957333,8.827422,-0.22266077,-4.280833,-0.0018325958,-0.01160644,0.002443461,TONIC,4fc4d1339fb4
1776116551725,1506737075869105,8.834604,-0.21068975,-4.283227,-0.0030543262,-0.014660766,0.0012217305,TONIC,4fc4d1339fb4
1776116551733,1506737083979184,8.822633,-0.20590134,-4.295198,-0.0018325958,-0.014049901,0.002443461,TONIC,4fc4d1339fb4
1776116551741,1506737091883185,8.803479,-0.20590134,-4.3143516,-0.0012217305,-0.010995574,0.0018325958,TONIC,4fc4d1339fb4
1776116551749,1506737099853341,8.827422,-0.21068975,-4.292804,-0.0012217305,-0.004886922,6.1086525E-4,TONIC,4fc4d1339fb4
1776116551757,1506737107874343,8.839393,-0.19393034,-4.3023806,0.0012217305,6.1086525E-4,0.0018325958,TONIC,4fc4d1339fb4
1776116551765,1506737115847190,8.825027,-0.19153613,-4.2760444,-0.0012217305,0.004886922,0.0,TONIC,4fc4d1339fb4
1776116551773,1506737123926653,8.815451,-0.20829555,-4.268862,-6.1086525E-4,0.007941248,6.1086525E-4,TONIC,4fc4d1339fb4
1776116551781,1506737131867271,8.827422,-0.20111294,-4.259285,-0.0012217305,0.0067195175,6.1086525E-4,TONIC,4fc4d1339fb4
1776116551789,1506737139832118,8.822633,-0.19153613,-4.261679,6.1086525E-4,0.0067195175,0.0,TONIC,4fc4d1339fb4
1776116551797,1506737147858889,8.822633,-0.20829555,-4.2664676,-0.0036651916,0.004886922,-0.0018325958,TONIC,4fc4d1339fb4
1776116551805,1506737155822276,8.825027,-0.20350714,-4.27365,-6.1086525E-4,0.0018325958,-0.0012217305,TONIC,4fc4d1339fb4
1776116551813,1506737163965662,8.825027,-0.19871874,-4.271256,-6.1086525E-4,0.002443461,-0.0018325958,TONIC,4fc4d1339fb4
1776116551821,1506737171845433,8.844181,-0.19871874,-4.2760444,0.0030543262,0.002443461,0.0,TONIC,4fc4d1339fb4
1776116551829,1506737179895896,8.832211,-0.18914193,-4.2784386,0.0030543262,0.0067195175,-0.002443461,TONIC,4fc4d1339fb4
1776116551837,1506737187867513,8.825027,-0.18914193,-4.247314,0.0,0.0030543262,-0.0012217305,TONIC,4fc4d1339fb4
1776116551845,1506737195834361,8.827422,-0.20350714,-4.247314,-0.0012217305,0.0030543262,-6.1086525E-4,TONIC,4fc4d1339fb4
1776116551853,1506737203943824,8.820239,-0.19393034,-4.2640734,0.0,0.0018325958,-0.0012217305,TONIC,4fc4d1339fb4
1776116551861,1506737211855288,8.820239,-0.20350714,-4.261679,-0.0012217305,0.0,-6.1086525E-4,TONIC,4fc4d1339fb4
1776116551869,1506737219782366,8.820239,-0.19393034,-4.2544966,0.0018325958,-0.0018325958,0.0018325958,TONIC,4fc4d1339fb4
1776116551877,1506737227845752,8.832211,-0.19393034,-4.271256,-0.0012217305,-0.004276057,0.0012217305,TONIC,4fc4d1339fb4
1776116551885,1506737235841985,8.817844,-0.19153613,-4.2664676,-6.1086525E-4,-0.005497787,0.002443461,TONIC,4fc4d1339fb4
1776116551893,1506737243927602,8.813056,-0.17956513,-4.27365,-0.0018325958,-0.005497787,0.0018325958,TONIC,4fc4d1339fb4
1776116551901,1506737251861065,8.815451,-0.19632454,-4.261679,-6.1086525E-4,-0.0067195175,0.0036651916,TONIC,4fc4d1339fb4
1776116551909,1506737259857760,8.825027,-0.19153613,-4.261679,-0.0012217305,-0.002443461,0.0030543262,TONIC,4fc4d1339fb4
1776116551917,1506737267853376,8.822633,-0.19632454,-4.249708,-0.0012217305,-0.0036651916,0.0030543262,TONIC,4fc4d1339fb4
1776116551925,1506737275847840,8.805874,-0.20590134,-4.268862,-0.0012217305,-0.0030543262,0.0036651916,TONIC,4fc4d1339fb4
1776116551933,1506737283899842,8.820239,-0.20111294,-4.2521024,-6.1086525E-4,-0.005497787,0.0030543262,TONIC,4fc4d1339fb4
1776116551941,1506737291842304,8.825027,-0.19632454,-4.2880154,0.0,-0.0061086523,0.0036651916,TONIC,4fc4d1339fb4
1776116551949,1506737299865691,8.832211,-0.19632454,-4.283227,-6.1086525E-4,-0.0061086523,0.0030543262,TONIC,4fc4d1339fb4
1776116551957,1506737307830000,8.836999,-0.21787235,-4.280833,-6.1086525E-4,-0.0036651916,0.0018325958,TONIC,4fc4d1339fb4
1776116551965,1506737315882309,8.839393,-0.20111294,-4.297592,-6.1086525E-4,-0.004886922,0.002443461,TONIC,4fc4d1339fb4
1776116551973,1506737323853080,8.810662,-0.19632454,-4.2904096,6.1086525E-4,-0.002443461,0.0030543262,TONIC,4fc4d1339fb4
1776116551981,1506737331847852,8.832211,-0.21787235,-4.295198,0.0012217305,-6.1086525E-4,0.002443461,TONIC,4fc4d1339fb4
1776116551989,1506737339906314,8.825027,-0.21068975,-4.283227,0.0,0.0012217305,0.002443461,TONIC,4fc4d1339fb4
1776116551997,1506737347925701,8.815451,-0.19632454,-4.27365,0.0,0.004886922,0.0036651916,TONIC,4fc4d1339fb4
1776116552005,1506737355865780,8.810662,-0.20350714,-4.2664676,-0.0012217305,0.002443461,0.0030543262,TONIC,4fc4d1339fb4
1776116552013,1506737363916858,8.827422,-0.21068975,-4.2784386,0.0030543262,0.0067195175,0.002443461,TONIC,4fc4d1339fb4
1776116552021,1506737371856244,8.829816,-0.19871874,-4.280833,-0.0012217305,0.0061086523,0.0030543262,TONIC,4fc4d1339fb4
1776116552029,1506737379877477,8.813056,-0.20111294,-4.27365,0.0,0.009162978,0.004276057,TONIC,4fc4d1339fb4
1776116552037,1506737387848863,8.817844,-0.20829555,-4.261679,6.1086525E-4,0.008552114,0.0030543262,TONIC,4fc4d1339fb4
1776116552045,1506737395843865,8.825027,-0.19153613,-4.27365,0.0036651916,0.014660766,0.0030543262,TONIC,4fc4d1339fb4
1776116552053,1506737403955944,8.825027,-0.19393034,-4.283227,-6.1086525E-4,0.010995574,0.0030543262,TONIC,4fc4d1339fb4
1776116552061,1506737411864791,8.836999,-0.21068975,-4.280833,6.1086525E-4,0.012217305,0.0036651916,TONIC,4fc4d1339fb4
1776116552069,1506737419947254,8.834604,-0.19871874,-4.2664676,6.1086525E-4,0.01160644,0.0030543262,TONIC,4fc4d1339fb4
1776116552077,1506737427857795,8.839393,-0.21308395,-4.2640734,0.0018325958,0.014049901,0.002443461,TONIC,4fc4d1339fb4
1776116552085,1506737435816258,8.848969,-0.21068975,-4.2544966,0.0030543262,0.01282817,0.0018325958,TONIC,4fc4d1339fb4
1776116552093,1506737443849721,8.825027,-0.20111294,-4.2544966,-6.1086525E-4,0.01282817,0.0012217305,TONIC,4fc4d1339fb4
1776116552101,1506737451843877,8.825027,-0.21787235,-4.271256,-6.1086525E-4,0.010995574,0.0018325958,TONIC,4fc4d1339fb4
1776116552109,1506737459839647,8.841787,-0.20590134,-4.247314,-0.0012217305,0.012217305,0.0030543262,TONIC,4fc4d1339fb4
1776116552117,1506737467890342,8.834604,-0.20111294,-4.2521024,0.0,0.009162978,0.0018325958,TONIC,4fc4d1339fb4
1776116552125,1506737475832574,8.829816,-0.18674773,-4.261679,-6.1086525E-4,0.008552114,0.0018325958,TONIC,4fc4d1339fb4
1776116552133,1506737483948806,8.848969,-0.20829555,-4.247314,-0.0018325958,0.0036651916,0.002443461,TONIC,4fc4d1339fb4
1776116552141,1506737491851577,8.834604,-0.20590134,-4.259285,0.0,0.007330383,0.004276057,TONIC,4fc4d1339fb4
1776116552149,1506737499848579,8.822633,-0.19153613,-4.2544966,-0.0012217305,0.007941248,0.005497787,TONIC,4fc4d1339fb4
1776116552157,1506737507868273,8.822633,-0.18674773,-4.259285,-0.002443461,0.007330383,0.004276057,TONIC,4fc4d1339fb4
1776116552165,1506737515840198,8.817844,-0.17956513,-4.2640734,-0.0018325958,0.007330383,0.0061086523,TONIC,4fc4d1339fb4
1776116552173,1506737523920584,8.803479,-0.19871874,-4.2521024,-0.002443461,0.0067195175,0.007330383,TONIC,4fc4d1339fb4
1776116552181,1506737531830970,8.808268,-0.18195933,-4.259285,-0.0036651916,0.002443461,0.007941248,TONIC,4fc4d1339fb4
1776116552189,1506737539881203,8.808268,-0.20829555,-4.2425256,-0.004276057,0.004276057,0.009162978,TONIC,4fc4d1339fb4
1776116552197,1506737547853128,8.836999,-0.17477672,-4.2664676,-0.004886922,0.002443461,0.01038471,TONIC,4fc4d1339fb4
1776116552205,1506737555817744,8.832211,-0.21308395,-4.2760444,-0.0036651916,0.004886922,0.01038471,TONIC,4fc4d1339fb4
1776116552213,1506737563959669,8.836999,-0.21068975,-4.271256,-0.005497787,0.005497787,0.01160644,TONIC,4fc4d1339fb4
1776116552221,1506737571838364,8.810662,-0.20590134,-4.2640734,-0.005497787,0.007941248,0.01160644,TONIC,4fc4d1339fb4
1776116552229,1506737579889826,8.822633,-0.20590134,-4.2640734,-0.005497787,0.005497787,0.013439035,TONIC,4fc4d1339fb4
1776116552237,1506737587861521,8.817844,-0.20350714,-4.27365,-0.004276057,0.0067195175,0.014049901,TONIC,4fc4d1339fb4
1776116552245,1506737595856600,8.832211,-0.20590134,-4.256891,-0.0067195175,0.009162978,0.014049901,TONIC,4fc4d1339fb4
1776116552254,1506737604005754,8.829816,-0.20590134,-4.268862,-0.005497787,0.010995574,0.014049901,TONIC,4fc4d1339fb4
1776116552261,1506737611902756,8.825027,-0.21308395,-4.280833,-0.005497787,0.010995574,0.014049901,TONIC,4fc4d1339fb4
1776116552269,1506737619841758,8.822633,-0.22505496,-4.2784386,-0.0061086523,0.012217305,0.017104227,TONIC,4fc4d1339fb4
1776116552277,1506737627839298,8.839393,-0.24420857,-4.27365,-0.002443461,0.016493361,0.017715093,TONIC,4fc4d1339fb4
1776116552285,1506737635834069,8.841787,-0.23702596,-4.256891,-0.007330383,0.014660766,0.018936822,TONIC,4fc4d1339fb4
1776116552293,1506737643791610,8.836999,-0.25139117,-4.249708,-0.007941248,0.016493361,0.018936822,TONIC,4fc4d1339fb4
1776116552301,1506737651825765,8.844181,-0.2681506,-4.256891,-0.009773844,0.01282817,0.017715093,TONIC,4fc4d1339fb4
1776116552309,1506737659852305,8.853758,-0.2633622,-4.24492,-0.01038471,0.014049901,0.017104227,TONIC,4fc4d1339fb4
1776116552317,1506737667815922,8.858546,-0.272939,-4.232949,-0.012217305,0.0036651916,0.018936822,TONIC,4fc4d1339fb4
1776116552325,1506737675774077,8.863335,-0.29927522,-4.256891,-0.01282817,-6.1086525E-4,0.015271631,TONIC,4fc4d1339fb4
1776116552333,1506737683840541,8.860941,-0.29209262,-4.268862,-0.014049901,-0.004276057,0.015882496,TONIC,4fc4d1339fb4
1776116552341,1506737691835312,8.846576,-0.28491,-4.261679,-0.017104227,-0.007941248,0.014049901,TONIC,4fc4d1339fb4
1776116552349,1506737699946082,8.839393,-0.272939,-4.2521024,-0.013439035,-0.0067195175,0.013439035,TONIC,4fc4d1339fb4
1776116552357,1506737707858392,8.844181,-0.2801216,-4.237737,-0.016493361,-0.01160644,0.01282817,TONIC,4fc4d1339fb4
1776116552365,1506737715851394,8.851364,-0.2633622,-4.256891,-0.019547688,-0.016493361,0.013439035,TONIC,4fc4d1339fb4
1776116552373,1506737723849549,8.841787,-0.272939,-4.261679,-0.02076942,-0.019547688,0.012217305,TONIC,4fc4d1339fb4
1776116552381,1506737731844013,8.829816,-0.272939,-4.27365,-0.02076942,-0.02076942,0.01160644,TONIC,4fc4d1339fb4
1776116552389,1506737739838091,8.844181,-0.24899697,-4.27365,-0.022602014,-0.02565634,0.01282817,TONIC,4fc4d1339fb4
1776116552397,1506737747833169,8.829816,-0.2657564,-4.2784386,-0.021991149,-0.026267206,0.010995574,TONIC,4fc4d1339fb4
1776116552405,1506737755860633,8.813056,-0.24660277,-4.2784386,-0.023823744,-0.02565634,0.012217305,TONIC,4fc4d1339fb4
1776116552413,1506737763880327,8.803479,-0.24660277,-4.2880154,-0.025045475,-0.02687807,0.01282817,TONIC,4fc4d1339fb4
1776116552421,1506737771850790,8.817844,-0.24420857,-4.283227,-0.02687807,-0.026267206,0.009773844,TONIC,4fc4d1339fb4
1776116552429,1506737779848638,8.791509,-0.23223756,-4.2904096,-0.026267206,-0.026267206,0.014049901,TONIC,4fc4d1339fb4
1776116552437,1506737787928255,8.791509,-0.22266077,-4.27365,-0.026267206,-0.026267206,0.012217305,TONIC,4fc4d1339fb4
1776116552445,1506737795838410,8.798691,-0.23702596,-4.292804,-0.027488936,-0.02443461,0.01160644,TONIC,4fc4d1339fb4
1776116552453,1506737803980566,8.808268,-0.21308395,-4.295198,-0.028099801,-0.021380283,0.012217305,TONIC,4fc4d1339fb4
1776116552461,1506737811858799,8.808268,-0.18195933,-4.307169,-0.027488936,-0.018936822,0.01160644,TONIC,4fc4d1339fb4
1776116552469,1506737819880031,8.825027,-0.18435353,-4.2880154,-0.02565634,-0.015882496,0.013439035,TONIC,4fc4d1339fb4
1776116552477,1506737827851417,8.817844,-0.18435353,-4.2904096,-0.026267206,-0.009773844,0.014049901,TONIC,4fc4d1339fb4
1776116552485,1506737835807958,8.820239,-0.17477672,-4.280833,-0.026267206,-0.008552114,0.01282817,TONIC,4fc4d1339fb4
1776116552493,1506737843843728,8.822633,-0.18674773,-4.2521024,-0.022602014,-0.002443461,0.014660766,TONIC,4fc4d1339fb4
1776116552501,1506737851837192,8.817844,-0.19153613,-4.259285,-0.021991149,0.0018325958,0.014660766,TONIC,4fc4d1339fb4
1776116552509,1506737859832578,8.825027,-0.19871874,-4.249708,-0.02076942,0.0012217305,0.014049901,TONIC,4fc4d1339fb4
1776116552517,1506737867860272,8.825027,-0.19871874,-4.2640734,-0.020158553,6.1086525E-4,0.01282817,TONIC,4fc4d1339fb4
1776116552525,1506737875825274,8.827422,-0.22505496,-4.2664676,-0.018936822,0.004276057,0.014049901,TONIC,4fc4d1339fb4
1776116552533,1506737883936583,8.829816,-0.22026655,-4.2544966,-0.022602014,6.1086525E-4,0.01282817,TONIC,4fc4d1339fb4
1776116552541,1506737891846738,8.829816,-0.22744916,-4.268862,-0.020158553,-6.1086525E-4,0.012217305,TONIC,4fc4d1339fb4
1776116552549,1506737899866740,8.825027,-0.23463176,-4.259285,-0.02076942,-0.0018325958,0.013439035,TONIC,4fc4d1339fb4
1776116552557,1506737907839742,8.858546,-0.23702596,-4.27365,-0.020158553,-6.1086525E-4,0.01282817,TONIC,4fc4d1339fb4
1776116552565,1506737915824897,8.841787,-0.23942018,-4.2544966,-0.021991149,-0.004276057,0.012217305,TONIC,4fc4d1339fb4
1776116552573,1506737923829899,8.832211,-0.22266077,-4.24492,-0.021380283,-0.007330383,0.01160644,TONIC,4fc4d1339fb4
1776116552581,1506737931855670,8.820239,-0.22266077,-4.2521024,-0.02076942,-0.01160644,0.010995574,TONIC,4fc4d1339fb4
1776116552589,1506737939966825,8.805874,-0.21787235,-4.2760444,-0.019547688,-0.014660766,0.012217305,TONIC,4fc4d1339fb4
1776116552597,1506737947848673,8.808268,-0.22266077,-4.3023806,-0.02076942,-0.02076942,0.01282817,TONIC,4fc4d1339fb4
1776116552605,1506737955841906,8.796297,-0.20111294,-4.3047748,-0.02321288,-0.02076942,0.01282817,TONIC,4fc4d1339fb4
1776116552613,1506737963862138,8.808268,-0.18674773,-4.31914,-0.021380283,-0.018936822,0.013439035,TONIC,4fc4d1339fb4
1776116552621,1506737971833294,8.813056,-0.19393034,-4.307169,-0.021991149,-0.015271631,0.012217305,TONIC,4fc4d1339fb4
1776116552629,1506737979944911,8.815451,-0.19153613,-4.307169,-0.018936822,-0.009773844,0.014660766,TONIC,4fc4d1339fb4
1776116552637,1506737987854220,8.791509,-0.17717093,-4.271256,-0.020158553,-0.0061086523,0.014660766,TONIC,4fc4d1339fb4
1776116552645,1506737995851068,8.808268,-0.1604115,-4.259285,-0.019547688,-0.0030543262,0.015882496,TONIC,4fc4d1339fb4
1776116552653,1506738003870762,8.808268,-0.18914193,-4.2784386,-0.017715093,-0.0030543262,0.014660766,TONIC,4fc4d1339fb4
1776116552661,1506738011841302,8.822633,-0.18195933,-4.2784386,-0.016493361,-0.0018325958,0.014660766,TONIC,4fc4d1339fb4
1776116552669,1506738019892381,8.808268,-0.18674773,-4.283227,-0.018936822,-0.0036651916,0.015271631,TONIC,4fc4d1339fb4
1776116552677,1506738027863998,8.793902,-0.19632454,-4.285621,-0.014049901,-0.002443461,0.015271631,TONIC,4fc4d1339fb4
1776116552685,1506738035859692,8.810662,-0.21547815,-4.297592,-0.01282817,0.0018325958,0.014660766,TONIC,4fc4d1339fb4
1776116552693,1506738043824386,8.801085,-0.21068975,-4.2784386,-0.012217305,0.0030543262,0.014049901,TONIC,4fc4d1339fb4
1776116552701,1506738051783157,8.810662,-0.22026655,-4.271256,-0.010995574,0.0067195175,0.014049901,TONIC,4fc4d1339fb4
1776116552709,1506738059845004,8.815451,-0.20590134,-4.2521024,-0.01282817,0.004276057,0.014660766,TONIC,4fc4d1339fb4
1776116552717,1506738067840622,8.836999,-0.23702596,-4.259285,-0.01038471,0.002443461,0.01282817,TONIC,4fc4d1339fb4
1776116552725,1506738075798239,8.832211,-0.22984336,-4.271256,-0.010995574,6.1086525E-4,0.013439035,TONIC,4fc4d1339fb4
1776116552733,1506738083833625,8.834604,-0.22744916,-4.2904096,-0.009773844,-0.0018325958,0.012217305,TONIC,4fc4d1339fb4
1776116552741,1506738091859704,8.853758,-0.24899697,-4.261679,-0.0067195175,-0.0018325958,0.010995574,TONIC,4fc4d1339fb4
1776116552749,1506738099825629,8.856153,-0.24660277,-4.271256,-0.01038471,-0.005497787,0.009773844,TONIC,4fc4d1339fb4
1776116552757,1506738107874553,8.848969,-0.24181437,-4.280833,-0.007941248,-0.0030543262,0.0067195175,TONIC,4fc4d1339fb4
1776116552765,1506738115844632,8.853758,-0.22984336,-4.271256,-0.008552114,-0.0030543262,0.0036651916,TONIC,4fc4d1339fb4
1776116552773,1506738123926865,8.856153,-0.23463176,-4.271256,-0.005497787,-0.002443461,0.0036651916,TONIC,4fc4d1339fb4
1776116552781,1506738131836020,8.839393,-0.22984336,-4.280833,-0.007941248,-0.004276057,0.002443461,TONIC,4fc4d1339fb4
1776116552789,1506738139917945,8.848969,-0.24181437,-4.2880154,-0.009773844,-0.005497787,0.0018325958,TONIC,4fc4d1339fb4
1776116552797,1506738147860024,8.839393,-0.20829555,-4.2999864,-0.0061086523,-0.004886922,-0.0012217305,TONIC,4fc4d1339fb4
1776116552805,1506738155852640,8.839393,-0.20829555,-4.283227,-0.005497787,-0.0018325958,-0.0012217305,TONIC,4fc4d1339fb4
1776116552813,1506738163848950,8.848969,-0.18914193,-4.283227,-0.0030543262,0.0012217305,-0.002443461,TONIC,4fc4d1339fb4
1776116552821,1506738171844721,8.856153,-0.19871874,-4.268862,-0.0036651916,0.0036651916,-0.0036651916,TONIC,4fc4d1339fb4
1776116552829,1506738179865568,8.841787,-0.21308395,-4.261679,-0.0030543262,0.004886922,-0.0018325958,TONIC,4fc4d1339fb4
1776116552837,1506738187867724,8.846576,-0.22026655,-4.2640734,-0.0018325958,0.004276057,-0.002443461,TONIC,4fc4d1339fb4
1776116552845,1506738195831188,8.846576,-0.22266077,-4.261679,6.1086525E-4,0.0030543262,-0.005497787,TONIC,4fc4d1339fb4
1776116552853,1506738203944035,8.844181,-0.23702596,-4.249708,0.0030543262,0.005497787,-0.0067195175,TONIC,4fc4d1339fb4
1776116552861,1506738211852652,8.832211,-0.22744916,-4.235343,0.0,0.0018325958,-0.004886922,TONIC,4fc4d1339fb4
1776116552869,1506738219849039,8.829816,-0.22026655,-4.2544966,0.0012217305,-0.004276057,-0.007330383,TONIC,4fc4d1339fb4
1776116552877,1506738227844347,8.839393,-0.24420857,-4.256891,6.1086525E-4,-0.009162978,-0.007330383,TONIC,4fc4d1339fb4
1776116552885,1506738235840734,8.822633,-0.24899697,-4.271256,6.1086525E-4,-0.01038471,-0.007330383,TONIC,4fc4d1339fb4
1776116552893,1506738243837967,8.832211,-0.22984336,-4.295198,6.1086525E-4,-0.015271631,-0.007330383,TONIC,4fc4d1339fb4
1776116552901,1506738251861891,8.827422,-0.24181437,-4.2640734,6.1086525E-4,-0.016493361,-0.009162978,TONIC,4fc4d1339fb4
1776116552909,1506738259857585,8.820239,-0.22744916,-4.285621,0.0012217305,-0.019547688,-0.012217305,TONIC,4fc4d1339fb4
1776116552917,1506738267852972,8.801085,-0.22744916,-4.3023806,6.1086525E-4,-0.02076942,-0.009773844,TONIC,4fc4d1339fb4
1776116552925,1506738275849358,8.827422,-0.21308395,-4.321534,0.0,-0.02076942,-0.009773844,TONIC,4fc4d1339fb4
1776116552933,1506738283846898,8.808268,-0.21308395,-4.3263226,0.0018325958,-0.02076942,-0.008552114,TONIC,4fc4d1339fb4
1776116552941,1506738291839131,8.825027,-0.22984336,-4.3167458,-6.1086525E-4,-0.014660766,-0.008552114,TONIC,4fc4d1339fb4
1776116552949,1506738299836363,8.805874,-0.22026655,-4.3287168,0.0012217305,-0.015271631,-0.009162978,TONIC,4fc4d1339fb4
1776116552957,1506738307860980,8.803479,-0.20590134,-4.333505,6.1086525E-4,-0.009162978,-0.008552114,TONIC,4fc4d1339fb4
1776116552965,1506738315857367,8.78672,-0.20829555,-4.3119574,0.0018325958,-0.007330383,-0.007330383,TONIC,4fc4d1339fb4
1776116552973,1506738323852675,8.798691,-0.20350714,-4.309563,6.1086525E-4,-0.0067195175,-0.0061086523,TONIC,4fc4d1339fb4
1776116552981,1506738331848447,8.772355,-0.22505496,-4.297592,6.1086525E-4,-0.0061086523,-0.0067195175,TONIC,4fc4d1339fb4
1776116552989,1506738339845064,8.762778,-0.19871874,-4.3119574,6.1086525E-4,-0.0061086523,-0.0067195175,TONIC,4fc4d1339fb4
1776116552997,1506738347839142,8.78672,-0.21787235,-4.3167458,-6.1086525E-4,-0.007941248,-0.004276057,TONIC,4fc4d1339fb4
1776116553005,1506738355867144,8.78672,-0.20829555,-4.3358994,0.0012217305,-0.0061086523,-0.005497787,TONIC,4fc4d1339fb4
1776116553013,1506738363862223,8.767567,-0.21068975,-4.333505,0.0012217305,-0.004886922,-0.002443461,TONIC,4fc4d1339fb4
1776116553021,1506738371858609,8.76996,-0.21068975,-4.331111,0.0012217305,0.0,-0.0030543262,TONIC,4fc4d1339fb4
1776116553029,1506738379852072,8.784326,-0.20350714,-4.321534,0.0018325958,0.0018325958,-0.002443461,TONIC,4fc4d1339fb4
1776116553037,1506738387848997,8.791509,-0.20829555,-4.333505,0.0,0.0067195175,-6.1086525E-4,TONIC,4fc4d1339fb4
1776116553045,1506738395843844,8.791509,-0.20350714,-4.309563,0.0018325958,0.01038471,0.0,TONIC,4fc4d1339fb4
1776116553053,1506738403840462,8.805874,-0.21547815,-4.2904096,6.1086525E-4,0.013439035,0.0030543262,TONIC,4fc4d1339fb4
1776116553061,1506738411921310,8.801085,-0.21547815,-4.295198,6.1086525E-4,0.014660766,0.002443461,TONIC,4fc4d1339fb4
1776116553069,1506738419831465,8.803479,-0.22744916,-4.307169,0.0,0.016493361,0.002443461,TONIC,4fc4d1339fb4
1776116553077,1506738427826236,8.820239,-0.22266077,-4.3023806,0.0,0.016493361,0.004276057,TONIC,4fc4d1339fb4
1776116553085,1506738435851854,8.808268,-0.21787235,-4.307169,-0.0012217305,0.013439035,0.005497787,TONIC,4fc4d1339fb4
1776116553093,1506738443849393,8.801085,-0.21787235,-4.3047748,-0.002443461,0.009162978,0.007330383,TONIC,4fc4d1339fb4
1776116553101,1506738451843857,8.805874,-0.23223756,-4.3119574,-0.0018325958,0.012217305,0.005497787,TONIC,4fc4d1339fb4
1776116553109,1506738459864397,8.798691,-0.22505496,-4.2904096,-0.002443461,0.01038471,0.0061086523,TONIC,4fc4d1339fb4
1776116553117,1506738467866552,8.813056,-0.19393034,-4.295198,-0.002443461,0.013439035,0.008552114,TONIC,4fc4d1339fb4
1776116553125,1506738475860785,8.822633,-0.20829555,-4.2880154,-0.0030543262,0.013439035,0.008552114,TONIC,4fc4d1339fb4
1776116553133,1506738483856710,8.829816,-0.22505496,-4.295198,-0.002443461,0.013439035,0.008552114,TONIC,4fc4d1339fb4
1776116553141,1506738491852172,8.825027,-0.24181437,-4.295198,-0.0036651916,0.012217305,0.007330383,TONIC,4fc4d1339fb4
1776116553149,1506738499848097,8.825027,-0.23702596,-4.2760444,-0.0018325958,0.01282817,0.007941248,TONIC,4fc4d1339fb4
1776116553157,1506738507842946,8.827422,-0.23463176,-4.283227,-0.002443461,0.010995574,0.007941248,TONIC,4fc4d1339fb4
1776116553165,1506738515831485,8.822633,-0.22505496,-4.285621,-0.0030543262,0.009162978,0.007941248,TONIC,4fc4d1339fb4
1776116553173,1506738523837102,8.827422,-0.22984336,-4.285621,-0.002443461,0.004886922,0.0061086523,TONIC,4fc4d1339fb4
1776116553181,1506738531831489,8.829816,-0.23463176,-4.3047748,-0.0012217305,0.0036651916,0.0061086523,TONIC,4fc4d1339fb4
1776116553189,1506738539912106,8.820239,-0.23942018,-4.3047748,-0.0012217305,0.002443461,0.004886922,TONIC,4fc4d1339fb4
1776116553197,1506738547852800,8.836999,-0.22266077,-4.295198,-0.002443461,0.0030543262,0.005497787,TONIC,4fc4d1339fb4
1776116553205,1506738555848494,8.839393,-0.23463176,-4.27365,-0.002443461,0.0036651916,0.0030543262,TONIC,4fc4d1339fb4
1776116553213,1506738563868418,8.863335,-0.23463176,-4.295198,-0.002443461,0.0030543262,0.004276057,TONIC,4fc4d1339fb4
1776116553221,1506738571838882,8.851364,-0.23223756,-4.2664676,-0.0030543262,0.0012217305,0.0036651916,TONIC,4fc4d1339fb4
1776116553229,1506738579859576,8.844181,-0.23223756,-4.268862,-0.0012217305,0.0030543262,0.002443461,TONIC,4fc4d1339fb4
1776116553237,1506738587830269,8.844181,-0.22984336,-4.271256,-6.1086525E-4,0.0,0.0012217305,TONIC,4fc4d1339fb4
1776116553245,1506738595856810,8.836999,-0.22744916,-4.2640734,-0.0018325958,-0.0030543262,0.0,TONIC,4fc4d1339fb4
1776116553253,1506738603968427,8.832211,-0.23702596,-4.295198,0.0,-0.005497787,-0.0018325958,TONIC,4fc4d1339fb4
1776116553261,1506738611846659,8.822633,-0.22744916,-4.2784386,0.0012217305,-0.007330383,-0.002443461,TONIC,4fc4d1339fb4
1776116553269,1506738619898584,8.820239,-0.22984336,-4.2904096,0.0018325958,-0.009773844,-0.0012217305,TONIC,4fc4d1339fb4
1776116553277,1506738627868509,8.820239,-0.22026655,-4.307169,0.0,-0.009162978,-0.002443461,TONIC,4fc4d1339fb4
1776116553285,1506738635836126,8.815451,-0.22026655,-4.297592,0.0012217305,-0.009162978,-0.0030543262,TONIC,4fc4d1339fb4
1776116553293,1506738643977051,8.834604,-0.22505496,-4.2880154,0.0030543262,-0.007941248,-0.002443461,TONIC,4fc4d1339fb4
1776116553301,1506738651825437,8.829816,-0.23223756,-4.309563,0.0018325958,-0.008552114,-0.0030543262,TONIC,4fc4d1339fb4
1776116553309,1506738659843900,8.832211,-0.21787235,-4.3143516,6.1086525E-4,-0.01038471,-0.004886922,TONIC,4fc4d1339fb4
1776116553317,1506738667818364,8.829816,-0.23463176,-4.2904096,0.0012217305,-0.008552114,-0.0030543262,TONIC,4fc4d1339fb4
1776116553325,1506738675844827,8.820239,-0.21068975,-4.297592,-0.0012217305,-0.008552114,-0.0030543262,TONIC,4fc4d1339fb4
1776116553333,1506738683924521,8.820239,-0.22266077,-4.297592,6.1086525E-4,-0.005497787,-0.0018325958,TONIC,4fc4d1339fb4
1776116553341,1506738691834907,8.810662,-0.22026655,-4.27365,-0.0012217305,-0.005497787,-0.0036651916,TONIC,4fc4d1339fb4
1776116553349,1506738699854678,8.793902,-0.22266077,-4.295198,-0.0018325958,-0.009162978,-0.002443461,TONIC,4fc4d1339fb4
1776116553357,1506738707856449,8.791509,-0.21308395,-4.3167458,-0.0018325958,-0.01160644,-0.0030543262,TONIC,4fc4d1339fb4
1776116553365,1506738715853374,8.789114,-0.21308395,-4.3358994,-0.002443461,-0.01282817,-0.002443461,TONIC,4fc4d1339fb4
1776116553373,1506738723963607,8.810662,-0.19393034,-4.3263226,-0.0012217305,-0.009162978,-6.1086525E-4,TONIC,4fc4d1339fb4
1776116553381,1506738731812761,8.789114,-0.20350714,-4.309563,-0.0018325958,-0.007941248,-0.002443461,TONIC,4fc4d1339fb4
1776116553389,1506738739893763,8.803479,-0.20829555,-4.297592,-0.002443461,-0.0036651916,-6.1086525E-4,TONIC,4fc4d1339fb4
1776116553397,1506738747865381,8.793902,-0.20111294,-4.297592,-0.002443461,-0.002443461,6.1086525E-4,TONIC,4fc4d1339fb4
1776116553405,1506738755851921,8.801085,-0.19871874,-4.2904096,-0.0030543262,-0.0030543262,0.0,TONIC,4fc4d1339fb4
1776116553413,1506738763827307,8.813056,-0.20829555,-4.3167458,-0.0018325958,-0.0030543262,0.0012217305,TONIC,4fc4d1339fb4
1776116553421,1506738771850617,8.803479,-0.21308395,-4.31914,-6.1086525E-4,-0.0012217305,0.0012217305,TONIC,4fc4d1339fb4
1776116553429,1506738779778079,8.781932,-0.21787235,-4.309563,-0.002443461,-0.0030543262,0.004276057,TONIC,4fc4d1339fb4
1776116553437,1506738787842620,8.796297,-0.22026655,-4.31914,-0.0012217305,-0.0036651916,0.004276057,TONIC,4fc4d1339fb4
1776116553445,1506738795771545,8.796297,-0.21787235,-4.3143516,-0.0012217305,-0.0018325958,0.004276057,TONIC,4fc4d1339fb4
1776116553453,1506738803835008,8.796297,-0.22026655,-4.3119574,-0.0030543262,-0.002443461,0.0036651916,TONIC,4fc4d1339fb4
1776116553461,1506738811859317,8.798691,-0.22026655,-4.3263226,-0.002443461,-0.002443461,0.0036651916,TONIC,4fc4d1339fb4
1776116553469,1506738819826088,8.803479,-0.22026655,-4.31914,-6.1086525E-4,-6.1086525E-4,0.005497787,TONIC,4fc4d1339fb4
1776116553477,1506738827822629,8.815451,-0.21308395,-4.3143516,-0.004276057,0.0018325958,0.004276057,TONIC,4fc4d1339fb4
1776116553485,1506738835847630,8.808268,-0.22505496,-4.321534,-0.0036651916,0.002443461,0.004276057,TONIC,4fc4d1339fb4
1776116553493,1506738843958709,8.813056,-0.23223756,-4.307169,-0.0018325958,0.0067195175,0.004276057,TONIC,4fc4d1339fb4
1776116553501,1506738851867865,8.796297,-0.22744916,-4.295198,-0.0018325958,0.004886922,0.005497787,TONIC,4fc4d1339fb4
1776116553509,1506738859888866,8.805874,-0.23223756,-4.309563,-0.002443461,0.0036651916,0.0036651916,TONIC,4fc4d1339fb4
1776116553517,1506738867861714,8.817844,-0.24420857,-4.31914,-0.002443461,0.002443461,0.004276057,TONIC,4fc4d1339fb4
1776116553525,1506738875788562,8.774749,-0.22744916,-4.3167458,-0.0030543262,0.0,0.0036651916,TONIC,4fc4d1339fb4
1776116553533,1506738883853101,8.791509,-0.22026655,-4.3119574,-0.0030543262,0.0,0.004886922,TONIC,4fc4d1339fb4
1776116553541,1506738891962950,8.801085,-0.20829555,-4.3119574,-0.0030543262,0.0012217305,0.004886922,TONIC,4fc4d1339fb4
1776116553549,1506738899813798,8.805874,-0.21308395,-4.307169,-0.0018325958,0.002443461,0.0036651916,TONIC,4fc4d1339fb4
1776116553557,1506738907893106,8.791509,-0.21547815,-4.297592,-6.1086525E-4,0.0036651916,0.005497787,TONIC,4fc4d1339fb4
1776116553565,1506738915832493,8.815451,-0.20829555,-4.297592,-0.0036651916,0.0012217305,0.004276057,TONIC,4fc4d1339fb4
1776116553573,1506738923945187,8.825027,-0.21787235,-4.3047748,0.0012217305,0.0036651916,0.0036651916,TONIC,4fc4d1339fb4
1776116553581,1506738931879881,8.817844,-0.19632454,-4.295198,-0.0012217305,0.0018325958,0.0030543262,TONIC,4fc4d1339fb4
1776116553589,1506738939852575,8.832211,-0.21308395,-4.3023806,0.0,0.0018325958,0.002443461,TONIC,4fc4d1339fb4
1776116553597,1506738947846346,8.815451,-0.21787235,-4.297592,6.1086525E-4,0.0030543262,0.002443461,TONIC,4fc4d1339fb4
1776116553605,1506738955842655,8.808268,-0.22026655,-4.2904096,0.0012217305,0.0036651916,0.002443461,TONIC,4fc4d1339fb4
1776116553613,1506738963838965,8.827422,-0.20829555,-4.285621,6.1086525E-4,0.0030543262,0.0018325958,TONIC,4fc4d1339fb4
1776116553621,1506738971863044,8.815451,-0.23223756,-4.3047748,0.0030543262,0.0030543262,0.0012217305,TONIC,4fc4d1339fb4
1776116553629,1506738979857814,8.841787,-0.24181437,-4.2999864,0.004886922,0.0030543262,-0.0012217305,TONIC,4fc4d1339fb4
1776116553637,1506738987854739,8.815451,-0.24181437,-4.295198,0.0036651916,0.0012217305,-0.0012217305,TONIC,4fc4d1339fb4
1776116553645,1506738995850433,8.822633,-0.24181437,-4.307169,0.0036651916,0.0012217305,-0.0030543262,TONIC,4fc4d1339fb4
1776116553653,1506739003848511,8.822633,-0.24420857,-4.2999864,0.004276057,6.1086525E-4,-0.0030543262,TONIC,4fc4d1339fb4
1776116553661,1506739011840590,8.836999,-0.24181437,-4.2760444,0.0030543262,0.0,-0.0018325958,TONIC,4fc4d1339fb4
1776116553669,1506739019837131,8.825027,-0.24420857,-4.292804,0.004886922,6.1086525E-4,-0.002443461,TONIC,4fc4d1339fb4
# SUMMARY,duration_ms=30445,accN=3799,gyroN=3799,accAvg=(8.834712744951561,-0.2054261607374132,-4.258841282758439),gyroAvg=(-8.200612684184008E-4,-3.1853752049795694E-4,5.655206830944855E-4)
