# epoch_ms,event_ts_ns,AX,AY,AZ,GX,GY,GZ,label,sessionID
1776793176940,1901401390969827,-1.9776106,1.1348516,-9.387665,NaN,NaN,NaN,TREMOR,5fa135632fe9
1776793176949,1901401399696986,-1.9608512,1.1563994,-9.390059,0.002443461,0.007941248,0.002443461,TREMOR,5fa135632fe9
1776793176957,1901401407691068,-1.9776106,1.151611,-9.394848,0.002443461,0.007941248,0.002443461,TREMOR,5fa135632fe9
1776793176965,1901401415688304,-2.0039468,1.1683705,-9.392453,0.002443461,0.007941248,0.002443461,TREMOR,5fa135632fe9
1776793176973,1901401423683771,-2.0111294,1.1731589,-9.397242,0.002443461,0.007941248,0.002443461,TREMOR,5fa135632fe9
1776793176981,1901401431678545,-2.0374656,1.1803415,-9.361329,0.002443461,0.007941248,0.002443461,TREMOR,5fa135632fe9
1776793176989,1901401439674242,-2.087744,1.1731589,-9.358934,0.002443461,0.007941248,0.002443461,TREMOR,5fa135632fe9
1776793176997,1901401447702170,-2.1140802,1.1563994,-9.3421755,0.002443461,0.007941248,0.002443461,TREMOR,5fa135632fe9
1776793177005,1901401455695406,-2.1571758,1.1779473,-9.334992,0.002443461,0.007941248,0.002443461,TREMOR,5fa135632fe9
1776793177013,1901401463693565,-2.1763294,1.1755531,-9.344569,0.002443461,0.007941248,0.002443461,TREMOR,5fa135632fe9
1776793177021,1901401471687185,-2.2242134,1.1707647,-9.356541,0.002443461,0.007941248,0.002443461,TREMOR,5fa135632fe9
1776793177029,1901401479683190,-2.255338,1.1563994,-9.332599,0.002443461,0.007941248,0.002443461,TREMOR,5fa135632fe9
1776793177037,1901401487680118,-2.267309,1.163582,-9.346964,0.002443461,0.007941248,0.002443461,TREMOR,5fa135632fe9
1776793177045,1901401495676047,-2.2816741,1.1372458,-9.349358,0.002443461,0.007941248,0.002443461,TREMOR,5fa135632fe9
1776793177053,1901401503700744,-2.315193,1.13964,-9.344569,0.013439035,-0.02443461,-0.005497787,TREMOR,5fa135632fe9
1776793177061,1901401511695518,-2.3080103,1.1180922,-9.346964,0.014049901,-0.02321288,-0.002443461,TREMOR,5fa135632fe9
1776793177069,1901401519691831,-2.2768857,1.0941502,-9.349358,0.014660766,-0.021380283,6.1086525E-4,TREMOR,5fa135632fe9
1776793177077,1901401527689682,-2.2601264,1.1061212,-9.349358,0.014049901,-0.019547688,0.0030543262,TREMOR,5fa135632fe9
1776793177085,1901401535683841,-2.2385786,1.0893618,-9.349358,0.012217305,-0.018936822,0.0061086523,TREMOR,5fa135632fe9
1776793177093,1901401543678000,-2.2050598,1.103727,-9.346964,0.012217305,-0.018325957,0.007941248,TREMOR,5fa135632fe9
1776793177101,1901401551674543,-2.1667526,1.1324574,-9.354146,0.012217305,-0.016493361,0.008552114,TREMOR,5fa135632fe9
1776793177109,1901401559699241,-2.1547816,1.1324574,-9.337387,0.01038471,-0.017104227,0.007941248,TREMOR,5fa135632fe9
1776793177117,1901401567696476,-2.1499932,1.1420342,-9.349358,0.009773844,-0.015882496,0.007330383,TREMOR,5fa135632fe9
1776793177125,1901401575690635,-2.1332338,1.1468226,-9.344569,0.0067195175,-0.014660766,0.007330383,TREMOR,5fa135632fe9
1776793177133,1901401583688794,-2.1428106,1.1731589,-9.344569,0.0061086523,-0.012217305,0.005497787,TREMOR,5fa135632fe9
1776793177141,1901401591681722,-2.1428106,1.163582,-9.351752,0.0067195175,-0.008552114,0.0036651916,TREMOR,5fa135632fe9
1776793177149,1901401599678266,-2.147599,1.1587936,-9.334992,0.004886922,-0.007941248,0.002443461,TREMOR,5fa135632fe9
1776793177157,1901401607672424,-2.1619642,1.1587936,-9.346964,0.002443461,-0.0061086523,0.0,TREMOR,5fa135632fe9
1776793177165,1901401615700814,-2.1930888,1.1803415,-9.339781,0.0012217305,-0.005497787,-0.0018325958,TREMOR,5fa135632fe9
1776793177173,1901401623694588,-2.1978772,1.1611878,-9.332599,0.0012217305,-0.004276057,-6.1086525E-4,TREMOR,5fa135632fe9
1776793177181,1901401631690978,-2.2098482,1.1779473,-9.332599,6.1086525E-4,-0.004886922,-0.0018325958,TREMOR,5fa135632fe9
1776793177189,1901401639687214,-2.2122424,1.1875241,-9.344569,-6.1086525E-4,-0.004276057,-0.0030543262,TREMOR,5fa135632fe9
1776793177197,1901401647684450,-2.2002714,1.1923125,-9.3421755,0.0,-0.005497787,-0.0036651916,TREMOR,5fa135632fe9
1776793177205,1901401655677147,-2.2098482,1.2114661,-9.354146,-0.0012217305,-0.005497787,-0.004276057,TREMOR,5fa135632fe9
1776793177213,1901401663674921,-2.1883004,1.2042835,-9.356541,6.1086525E-4,-0.002443461,-0.002443461,TREMOR,5fa135632fe9
1776793177221,1901401671699618,-2.195483,1.2138603,-9.375694,0.0,-0.0030543262,-0.0030543262,TREMOR,5fa135632fe9
1776793177229,1901401679695854,-2.1811178,1.1731589,-9.3661175,0.002443461,0.0,-0.005497787,TREMOR,5fa135632fe9
1776793177237,1901401687691629,-2.1667526,1.151611,-9.361329,0.0030543262,0.0012217305,-0.005497787,TREMOR,5fa135632fe9
1776793177245,1901401695687249,-2.1547816,1.1372458,-9.351752,0.0061086523,0.0018325958,-0.004886922,TREMOR,5fa135632fe9
1776793177253,1901401703682946,-2.1547816,1.1109096,-9.344569,0.0061086523,-6.1086525E-4,-0.005497787,TREMOR,5fa135632fe9
1776793177261,1901401711676797,-2.1547816,1.115698,-9.351752,0.007941248,6.1086525E-4,-0.005497787,TREMOR,5fa135632fe9
1776793177269,1901401719676187,-2.1188686,1.1180922,-9.378088,0.009162978,-0.002443461,-0.007330383,TREMOR,5fa135632fe9
1776793177277,1901401727702423,-2.1428106,1.1252748,-9.378088,0.009773844,-0.0067195175,-0.004886922,TREMOR,5fa135632fe9
1776793177285,1901401735696582,-2.1380222,1.1133038,-9.394848,0.008552114,-0.0067195175,-0.004886922,TREMOR,5fa135632fe9
1776793177293,1901401743691279,-2.1452048,1.1133038,-9.368511,0.009162978,-0.007941248,-0.004886922,TREMOR,5fa135632fe9
1776793177301,1901401751686669,-2.1404164,1.0965444,-9.378088,0.009162978,-0.009162978,-0.004276057,TREMOR,5fa135632fe9
1776793177309,1901401759681828,-2.1547816,1.1061212,-9.375694,0.01038471,-0.008552114,-0.0030543262,TREMOR,5fa135632fe9
1776793177317,1901401767676217,-2.1643584,1.1133038,-9.3733,0.01038471,-0.007330383,-0.0036651916,TREMOR,5fa135632fe9
1776793177325,1901401775673530,-2.1547816,1.1013328,-9.368511,0.012217305,-0.005497787,-0.002443461,TREMOR,5fa135632fe9
1776793177333,1901401783699996,-2.1691468,1.079785,-9.358934,0.008552114,-0.007330383,-0.002443461,TREMOR,5fa135632fe9
1776793177341,1901401791693771,-2.1859062,1.0989386,-9.339781,0.009162978,-0.007330383,-0.0018325958,TREMOR,5fa135632fe9
1776793177349,1901401799689237,-2.1667526,1.0869676,-9.339781,0.008552114,-0.0061086523,0.0,TREMOR,5fa135632fe9
1776793177357,1901401807686473,-2.171541,1.091756,-9.334992,0.0061086523,-0.005497787,-0.0012217305,TREMOR,5fa135632fe9
1776793177365,1901401815683093,-2.183512,1.1013328,-9.337387,0.0061086523,-0.007941248,-6.1086525E-4,TREMOR,5fa135632fe9
1776793177373,1901401823680022,-2.183512,1.127669,-9.344569,0.0036651916,-0.007941248,6.1086525E-4,TREMOR,5fa135632fe9
1776793177381,1901401831674411,-2.1547816,1.13964,-9.349358,6.1086525E-4,-0.008552114,0.0012217305,TREMOR,5fa135632fe9
1776793177389,1901401839698416,-2.1523874,1.1300632,-9.346964,-6.1086525E-4,-0.007941248,0.0,TREMOR,5fa135632fe9
1776793177397,1901401847693883,-2.1978772,1.1611878,-9.32781,-0.0012217305,-0.007330383,0.0018325958,TREMOR,5fa135632fe9
1776793177405,1901401855689503,-2.1883004,1.1563994,-9.334992,-0.0018325958,-0.007330383,0.002443461,TREMOR,5fa135632fe9
1776793177413,1901401863684970,-2.183512,1.1492168,-9.346964,-0.002443461,-0.0036651916,6.1086525E-4,TREMOR,5fa135632fe9
1776793177421,1901401871681205,-2.1859062,1.1563994,-9.337387,-0.002443461,-0.005497787,-0.0018325958,TREMOR,5fa135632fe9
1776793177429,1901401879678441,-2.2026656,1.1659763,-9.368511,-0.0018325958,-0.004276057,-0.0012217305,TREMOR,5fa135632fe9
1776793177437,1901401887673292,-2.1930888,1.1659763,-9.351752,-0.0018325958,-0.002443461,-0.004276057,TREMOR,5fa135632fe9
1776793177445,1901401895701221,-2.195483,1.1683705,-9.354146,-0.002443461,-0.0012217305,-0.004276057,TREMOR,5fa135632fe9
1776793177453,1901401903695764,-2.2002714,1.1875241,-9.354146,-0.0030543262,0.0018325958,-0.0061086523,TREMOR,5fa135632fe9
1776793177461,1901401911689615,-2.2002714,1.1827357,-9.346964,-6.1086525E-4,0.0030543262,-0.007330383,TREMOR,5fa135632fe9
1776793177469,1901401919685851,-2.1811178,1.1851299,-9.354146,-0.0018325958,0.005497787,-0.008552114,TREMOR,5fa135632fe9
1776793177477,1901401927682471,-2.1859062,1.1971009,-9.363723,0.0,0.007330383,-0.01038471,TREMOR,5fa135632fe9
1776793177485,1901401935676092,-2.195483,1.1923125,-9.375694,0.002443461,0.007941248,-0.007941248,TREMOR,5fa135632fe9
1776793177493,1901401943703789,-2.1811178,1.1947067,-9.346964,0.004276057,0.005497787,-0.009773844,TREMOR,5fa135632fe9
1776793177501,1901401951698563,-2.1811178,1.1827357,-9.358934,0.004886922,0.0067195175,-0.009162978,TREMOR,5fa135632fe9
1776793177509,1901401959697030,-2.1811178,1.1683705,-9.344569,0.0061086523,0.0036651916,-0.008552114,TREMOR,5fa135632fe9
1776793177517,1901401967689266,-2.1619642,1.1611878,-9.351752,0.008552114,0.0030543262,-0.004276057,TREMOR,5fa135632fe9
1776793177525,1901401975685886,-2.1428106,1.1492168,-9.349358,0.009773844,6.1086525E-4,-0.004276057,TREMOR,5fa135632fe9
1776793177533,1901401983681968,-2.1428106,1.1180922,-9.361329,0.009773844,-0.004276057,-0.0030543262,TREMOR,5fa135632fe9
1776793177541,1901401991677588,-2.123657,1.1109096,-9.368511,0.010995574,-0.005497787,-6.1086525E-4,TREMOR,5fa135632fe9
1776793177549,1901401999702517,-2.1140802,1.1085154,-9.349358,0.010995574,-0.005497787,0.0,TREMOR,5fa135632fe9
1776793177557,1901402007697368,-2.1045034,1.1013328,-9.354146,0.009162978,-0.008552114,0.0018325958,TREMOR,5fa135632fe9
1776793177565,1901402015694834,-2.0949266,1.1061212,-9.351752,0.009162978,-0.007941248,0.0012217305,TREMOR,5fa135632fe9
1776793177573,1901402023691147,-2.0973208,1.1085154,-9.356541,0.009162978,-0.007330383,6.1086525E-4,TREMOR,5fa135632fe9
1776793177581,1901402031685075,-2.0925324,1.1085154,-9.3421755,0.008552114,-0.007941248,0.0012217305,TREMOR,5fa135632fe9
1776793177589,1901402039681388,-2.1045034,1.0965444,-9.356541,0.007330383,-0.008552114,-0.0012217305,TREMOR,5fa135632fe9
1776793177597,1901402047677393,-2.1068976,1.115698,-9.354146,0.004886922,-0.007330383,0.0,TREMOR,5fa135632fe9
1776793177605,1901402055702859,-2.1284454,1.1109096,-9.354146,0.005497787,-0.007941248,-0.0012217305,TREMOR,5fa135632fe9
1776793177613,1901402063697634,-2.1308396,1.127669,-9.354146,0.005497787,-0.008552114,-6.1086525E-4,TREMOR,5fa135632fe9
1776793177621,1901402071693716,-2.1499932,1.1204864,-9.354146,0.0061086523,-0.009162978,0.0,TREMOR,5fa135632fe9
1776793177629,1901402079689105,-2.1691468,1.1420342,-9.349358,0.005497787,-0.009162978,6.1086525E-4,TREMOR,5fa135632fe9
1776793177637,1901402087685726,-2.1763294,1.1563994,-9.354146,0.004886922,-0.01038471,-6.1086525E-4,TREMOR,5fa135632fe9
1776793177645,1901402095679884,-2.1619642,1.1540052,-9.351752,0.0061086523,-0.010995574,-0.0012217305,TREMOR,5fa135632fe9
1776793177653,1901402103675197,-2.1763294,1.13964,-9.358934,0.0067195175,-0.014049901,-6.1086525E-4,TREMOR,5fa135632fe9
1776793177661,1901402111701741,-2.2026656,1.1324574,-9.3733,0.0067195175,-0.01282817,0.0,TREMOR,5fa135632fe9
1776793177669,1901402119697438,-2.1811178,1.1372458,-9.354146,0.007330383,-0.01160644,0.0030543262,TREMOR,5fa135632fe9
1776793177677,1901402127694058,-2.1883004,1.1204864,-9.349358,0.007330383,-0.01282817,6.1086525E-4,TREMOR,5fa135632fe9
1776793177685,1901402135689987,-2.1883004,1.1300632,-9.356541,0.008552114,-0.014049901,0.002443461,TREMOR,5fa135632fe9
1776793177693,1901402143685376,-2.1859062,1.1420342,-9.354146,0.009162978,-0.013439035,0.0018325958,TREMOR,5fa135632fe9
1776793177701,1901402151680150,-2.1691468,1.127669,-9.354146,0.0061086523,-0.012217305,0.0018325958,TREMOR,5fa135632fe9
1776793177709,1901402159677155,-2.1763294,1.1348516,-9.349358,0.005497787,-0.01282817,0.0012217305,TREMOR,5fa135632fe9
1776793177717,1901402167672853,-2.1906946,1.1420342,-9.346964,0.004886922,-0.012217305,0.0012217305,TREMOR,5fa135632fe9
1776793177725,1901402175698089,-2.183512,1.1300632,-9.356541,0.0036651916,-0.01038471,6.1086525E-4,TREMOR,5fa135632fe9
1776793177733,1901402183693786,-2.1859062,1.1324574,-9.349358,0.0030543262,-0.007941248,0.0,TREMOR,5fa135632fe9
1776793177741,1901402191690022,-2.207454,1.1444284,-9.349358,0.0030543262,-0.005497787,-0.0030543262,TREMOR,5fa135632fe9
1776793177749,1901402199684565,-2.2098482,1.1492168,-9.339781,0.0030543262,-0.005497787,-6.1086525E-4,TREMOR,5fa135632fe9
1776793177757,1901402207680262,-2.219425,1.1492168,-9.346964,0.0030543262,-0.004276057,-0.005497787,TREMOR,5fa135632fe9
1776793177765,1901402215675960,-2.2122424,1.1540052,-9.361329,0.0036651916,-6.1086525E-4,-0.004276057,TREMOR,5fa135632fe9
1776793177773,1901402223702042,-2.2002714,1.1803415,-9.363723,0.004276057,0.0,-0.007330383,TREMOR,5fa135632fe9
1776793177781,1901402231696585,-2.1906946,1.1779473,-9.332599,0.0036651916,0.002443461,-0.005497787,TREMOR,5fa135632fe9
1776793177789,1901402239693744,-2.2026656,1.1923125,-9.356541,0.005497787,0.0036651916,-0.005497787,TREMOR,5fa135632fe9
1776793177797,1901402247689211,-2.2026656,1.1779473,-9.356541,0.005497787,0.0030543262,-0.007330383,TREMOR,5fa135632fe9
1776793177805,1901402255685754,-2.195483,1.1994951,-9.332599,0.0061086523,0.0018325958,-0.0067195175,TREMOR,5fa135632fe9
1776793177813,1901402263682067,-2.2026656,1.1707647,-9.363723,0.008552114,0.0012217305,-0.004886922,TREMOR,5fa135632fe9
1776793177821,1901402271675995,-2.1859062,1.1707647,-9.351752,0.01038471,-0.0018325958,-0.004276057,TREMOR,5fa135632fe9
1776793177829,1901402279700615,-2.183512,1.1540052,-9.3421755,0.007941248,-0.0012217305,-0.005497787,TREMOR,5fa135632fe9
1776793177837,1901402287700313,-2.1691468,1.1563994,-9.3421755,0.007941248,0.0,-0.004276057,TREMOR,5fa135632fe9
1776793177845,1901402295694087,-2.1667526,1.1468226,-9.351752,0.008552114,-0.002443461,-0.005497787,TREMOR,5fa135632fe9
1776793177853,1901402303688861,-2.1284454,1.1492168,-9.334992,0.008552114,-0.0018325958,-0.0030543262,TREMOR,5fa135632fe9
1776793177861,1901402311685251,-2.1188686,1.1085154,-9.334992,0.008552114,0.0012217305,-0.004886922,TREMOR,5fa135632fe9
1776793177869,1901402319682487,-2.1092918,1.1013328,-9.346964,0.008552114,-0.0018325958,-0.0030543262,TREMOR,5fa135632fe9
1776793177877,1901402327675645,-2.111686,1.0941502,-9.334992,0.0061086523,-0.0018325958,-0.005497787,TREMOR,5fa135632fe9
1776793177885,1901402335702804,-2.123657,1.0893618,-9.339781,0.005497787,-0.0018325958,-0.0036651916,TREMOR,5fa135632fe9
1776793177893,1901402343697886,-2.1092918,1.1180922,-9.3421755,0.005497787,-0.0036651916,-0.004886922,TREMOR,5fa135632fe9
1776793177901,1901402351692584,-2.1021092,1.1204864,-9.351752,0.0036651916,-0.0030543262,-0.002443461,TREMOR,5fa135632fe9
1776793177909,1901402359688281,-2.1188686,1.1324574,-9.351752,0.0036651916,-0.004276057,-0.0018325958,TREMOR,5fa135632fe9
1776793177917,1901402367684286,-2.1380222,1.127669,-9.361329,0.0030543262,-0.002443461,-0.0018325958,TREMOR,5fa135632fe9
1776793177925,1901402375680599,-2.1284454,1.115698,-9.358934,0.0018325958,-0.002443461,-0.0030543262,TREMOR,5fa135632fe9
1776793177933,1901402383676604,-2.135628,1.1300632,-9.361329,0.002443461,-0.002443461,-0.002443461,TREMOR,5fa135632fe9
1776793177941,1901402391701839,-2.1428106,1.115698,-9.368511,0.0036651916,-0.0036651916,-0.002443461,TREMOR,5fa135632fe9
1776793177949,1901402399697537,-2.1428106,1.1204864,-9.363723,0.0036651916,-0.0061086523,-0.0012217305,TREMOR,5fa135632fe9
1776793177957,1901402407692003,-2.1691468,1.1204864,-9.358934,0.004276057,-0.007330383,0.0,TREMOR,5fa135632fe9
1776793177965,1901402415688701,-2.1380222,1.1372458,-9.358934,0.005497787,-0.009162978,0.0,TREMOR,5fa135632fe9
1776793177973,1901402423684090,-2.1499932,1.1348516,-9.363723,0.0061086523,-0.009162978,-6.1086525E-4,TREMOR,5fa135632fe9
1776793177981,1901402431679403,-2.135628,1.1420342,-9.354146,0.0061086523,-0.01160644,0.0018325958,TREMOR,5fa135632fe9
1776793177989,1901402439675485,-2.135628,1.1180922,-9.351752,0.008552114,-0.01282817,0.0018325958,TREMOR,5fa135632fe9
1776793177997,1901402447670182,-2.135628,1.1252748,-9.346964,0.0061086523,-0.014049901,0.0030543262,TREMOR,5fa135632fe9
1776793178005,1901402455698495,-2.1499932,1.1180922,-9.344569,0.0061086523,-0.015882496,0.0036651916,TREMOR,5fa135632fe9
1776793178013,1901402463694577,-2.1380222,1.1300632,-9.349358,0.0067195175,-0.017715093,0.004276057,TREMOR,5fa135632fe9
1776793178021,1901402471686505,-2.1499932,1.1180922,-9.3421755,0.0036651916,-0.016493361,0.004886922,TREMOR,5fa135632fe9
1776793178029,1901402479682895,-2.171541,1.127669,-9.346964,0.0030543262,-0.017104227,0.0036651916,TREMOR,5fa135632fe9
1776793178037,1901402487680438,-2.1691468,1.1180922,-9.349358,0.002443461,-0.015271631,0.004886922,TREMOR,5fa135632fe9
1776793178045,1901402495675751,-2.2122424,1.1252748,-9.332599,6.1086525E-4,-0.014660766,0.0036651916,TREMOR,5fa135632fe9
1776793178053,1901402503670525,-2.2170308,1.127669,-9.346964,0.0030543262,-0.01160644,0.0012217305,TREMOR,5fa135632fe9
1776793178061,1901402511696376,-2.2146366,1.1324574,-9.339781,0.0012217305,-0.009773844,6.1086525E-4,TREMOR,5fa135632fe9
1776793178069,1901402519691766,-2.2170308,1.1611878,-9.351752,0.002443461,-0.008552114,-0.004276057,TREMOR,5fa135632fe9
1776793178077,1901402527686925,-2.231396,1.1659763,-9.3421755,0.004886922,-0.005497787,-0.0030543262,TREMOR,5fa135632fe9
1776793178085,1901402535684776,-2.2409728,1.1683705,-9.332599,0.005497787,-0.0030543262,-0.002443461,TREMOR,5fa135632fe9
1776793178093,1901402543680396,-2.2266076,1.1731589,-9.334992,0.005497787,-0.002443461,-0.0018325958,TREMOR,5fa135632fe9
1776793178101,1901402551675247,-2.2266076,1.1923125,-9.337387,0.0061086523,-0.0018325958,-0.0036651916,TREMOR,5fa135632fe9
1776793178109,1901402559703560,-2.2218192,1.1827357,-9.332599,0.007330383,-0.0018325958,-0.0018325958,TREMOR,5fa135632fe9
1776793178117,1901402567698565,-2.2242134,1.1923125,-9.349358,0.0067195175,0.0,-0.0030543262,TREMOR,5fa135632fe9
1776793178125,1901402575693339,-2.231396,1.1851299,-9.356541,0.007941248,-6.1086525E-4,-0.0030543262,TREMOR,5fa135632fe9
1776793178133,1901402583689652,-2.207454,1.1923125,-9.339781,0.0067195175,0.0,-0.0036651916,TREMOR,5fa135632fe9
1776793178141,1901402591682965,-2.195483,1.163582,-9.332599,0.007941248,6.1086525E-4,-0.0061086523,TREMOR,5fa135632fe9
1776793178149,1901402599678893,-2.1811178,1.1563994,-9.332599,0.007330383,0.0030543262,-0.004276057,TREMOR,5fa135632fe9
1776793178157,1901402607673667,-2.1667526,1.1563994,-9.351752,0.007941248,0.0036651916,-0.004276057,TREMOR,5fa135632fe9
1776793178165,1901402615701134,-2.1667526,1.127669,-9.344569,0.005497787,0.004886922,-0.0061086523,TREMOR,5fa135632fe9
1776793178173,1901402623695523,-2.1404164,1.115698,-9.334992,0.005497787,0.005497787,-0.0061086523,TREMOR,5fa135632fe9
1776793178181,1901402631692221,-2.1092918,1.0989386,-9.3421755,0.0061086523,0.004276057,-0.005497787,TREMOR,5fa135632fe9
1776793178189,1901402639689687,-2.1068976,1.115698,-9.351752,0.0036651916,0.004886922,-0.004276057,TREMOR,5fa135632fe9
1776793178197,1901402647683846,-2.1021092,1.1133038,-9.358934,0.0030543262,0.005497787,-0.002443461,TREMOR,5fa135632fe9
1776793178205,1901402655677390,-2.0901382,1.1133038,-9.349358,0.004276057,0.004886922,-0.0018325958,TREMOR,5fa135632fe9
1776793178213,1901402663675010,-2.1045034,1.1085154,-9.3661175,0.0030543262,0.0018325958,-0.002443461,TREMOR,5fa135632fe9
1776793178221,1901402671699323,-2.0853498,1.103727,-9.370906,0.0030543262,0.0018325958,-0.0012217305,TREMOR,5fa135632fe9
1776793178229,1901402679696559,-2.1092918,1.1133038,-9.3661175,0.0036651916,6.1086525E-4,-0.0012217305,TREMOR,5fa135632fe9
1776793178237,1901402687692487,-2.1068976,1.1133038,-9.385271,0.0036651916,-6.1086525E-4,-0.0018325958,TREMOR,5fa135632fe9
1776793178245,1901402695687569,-2.1021092,1.1300632,-9.337387,0.004276057,-0.0036651916,-0.0018325958,TREMOR,5fa135632fe9
1776793178253,1901402703684266,-2.0853498,1.1348516,-9.349358,0.0030543262,-0.0030543262,-0.0018325958,TREMOR,5fa135632fe9
1776793178261,1901402711678425,-2.1212628,1.1444284,-9.346964,0.004276057,-0.004886922,0.0012217305,TREMOR,5fa135632fe9
1776793178269,1901402719675353,-2.1092918,1.1659763,-9.332599,0.005497787,-0.007330383,6.1086525E-4,TREMOR,5fa135632fe9
1776793178277,1901402727701204,-2.135628,1.1659763,-9.334992,0.005497787,-0.010995574,-0.002443461,TREMOR,5fa135632fe9
1776793178285,1901402735696901,-2.1428106,1.1779473,-9.332599,0.0067195175,-0.010995574,6.1086525E-4,TREMOR,5fa135632fe9
1776793178293,1901402743690753,-2.1691468,1.1587936,-9.349358,0.0061086523,-0.013439035,0.0,TREMOR,5fa135632fe9
1776793178301,1901402751687373,-2.1787236,1.1587936,-9.344569,0.0067195175,-0.012217305,0.0,TREMOR,5fa135632fe9
1776793178309,1901402759681840,-2.1763294,1.13964,-9.3661175,0.008552114,-0.015271631,-0.0018325958,TREMOR,5fa135632fe9
1776793178317,1901402767678768,-2.1691468,1.1563994,-9.332599,0.007941248,-0.015882496,0.0012217305,TREMOR,5fa135632fe9
1776793178325,1901402775674465,-2.1571758,1.151611,-9.3421755,0.008552114,-0.014660766,0.0012217305,TREMOR,5fa135632fe9
1776793178333,1901402783701239,-2.15957,1.127669,-9.339781,0.007941248,-0.01282817,0.0018325958,TREMOR,5fa135632fe9
1776793178341,1901402791695321,-2.1667526,1.1300632,-9.332599,0.008552114,-0.014660766,0.0030543262,TREMOR,5fa135632fe9
1776793178349,1901402799692326,-2.1571758,1.127669,-9.3421755,0.008552114,-0.014049901,0.0036651916,TREMOR,5fa135632fe9
1776793178357,1901402807688331,-2.1547816,1.1228806,-9.349358,0.009162978,-0.013439035,0.0036651916,TREMOR,5fa135632fe9
1776793178365,1901402815684029,-2.1428106,1.0965444,-9.346964,0.004886922,-0.013439035,0.0018325958,TREMOR,5fa135632fe9
1776793178373,1901402823676572,-2.15957,1.0989386,-9.356541,0.004886922,-0.012217305,0.0036651916,TREMOR,5fa135632fe9
1776793178381,1901402831672962,-2.171541,1.0941502,-9.356541,0.004276057,-0.010995574,0.004276057,TREMOR,5fa135632fe9
1776793178389,1901402839701274,-2.1523874,1.0893618,-9.351752,0.004276057,-0.007941248,0.0030543262,TREMOR,5fa135632fe9
1776793178397,1901402847696049,-2.1547816,1.1180922,-9.354146,0.0030543262,-0.0067195175,0.0018325958,TREMOR,5fa135632fe9
1776793178405,1901402855691977,-2.1739352,1.1204864,-9.368511,0.002443461,-0.0067195175,0.002443461,TREMOR,5fa135632fe9
1776793178413,1901402863687751,-2.1547816,1.1348516,-9.363723,0.0018325958,-0.0061086523,0.0,TREMOR,5fa135632fe9
1776793178421,1901402871683064,-2.1811178,1.1324574,-9.346964,0.002443461,-0.0012217305,0.0018325958,TREMOR,5fa135632fe9
1776793178429,1901402879678761,-2.1643584,1.151611,-9.344569,0.002443461,-0.002443461,6.1086525E-4,TREMOR,5fa135632fe9
1776793178437,1901402887672381,-2.1739352,1.1683705,-9.344569,0.0018325958,-0.0036651916,-0.0012217305,TREMOR,5fa135632fe9
1776793178445,1901402895701540,-2.1787236,1.163582,-9.339781,0.004886922,-0.002443461,-0.0018325958,TREMOR,5fa135632fe9
1776793178453,1901402903694545,-2.1883004,1.1803415,-9.334992,0.004276057,-0.0012217305,-0.0036651916,TREMOR,5fa135632fe9
1776793178461,1901402911690473,-2.1811178,1.1875241,-9.337387,0.005497787,-0.0030543262,-0.004886922,TREMOR,5fa135632fe9
1776793178469,1901402919688632,-2.207454,1.1803415,-9.323022,0.0061086523,-0.0030543262,-0.0030543262,TREMOR,5fa135632fe9
1776793178477,1901402927683176,-2.207454,1.1875241,-9.315839,0.0067195175,-0.004276057,-0.004276057,TREMOR,5fa135632fe9
1776793178485,1901402935678258,-2.1978772,1.1923125,-9.339781,0.0061086523,-0.0067195175,-0.0036651916,TREMOR,5fa135632fe9
1776793178493,1901402943673878,-2.1978772,1.1875241,-9.361329,0.0067195175,-0.009162978,-0.004276057,TREMOR,5fa135632fe9
1776793178501,1901402951699498,-2.1930888,1.1707647,-9.339781,0.007330383,-0.010995574,-0.004886922,TREMOR,5fa135632fe9
1776793178509,1901402959696657,-2.1906946,1.1851299,-9.334992,0.0067195175,-0.009162978,-0.0036651916,TREMOR,5fa135632fe9
1776793178517,1901402967689355,-2.2002714,1.1731589,-9.344569,0.0067195175,-0.01038471,-0.0030543262,TREMOR,5fa135632fe9
1776793178525,1901402975685975,-2.1691468,1.1324574,-9.346964,0.0067195175,-0.009773844,-6.1086525E-4,TREMOR,5fa135632fe9
1776793178533,1901402983681903,-2.1739352,1.1085154,-9.3661175,0.0061086523,-0.008552114,0.0,TREMOR,5fa135632fe9
1776793178541,1901402991677370,-2.1643584,1.0941502,-9.349358,0.0067195175,-0.007330383,-0.002443461,TREMOR,5fa135632fe9
1776793178549,1901402999672452,-2.1571758,1.103727,-9.3421755,0.007330383,-0.0067195175,-6.1086525E-4,TREMOR,5fa135632fe9
1776793178557,1901403007699841,-2.147599,1.0869676,-9.351752,0.005497787,-0.0030543262,-0.002443461,TREMOR,5fa135632fe9
1776793178565,1901403015694000,-2.1332338,1.0893618,-9.344569,0.004886922,-6.1086525E-4,-0.002443461,TREMOR,5fa135632fe9
1776793178573,1901403023690005,-2.1332338,1.0941502,-9.375694,0.004886922,6.1086525E-4,-0.0018325958,TREMOR,5fa135632fe9
1776793178581,1901403031685087,-2.1284454,1.1204864,-9.375694,0.004276057,0.0018325958,-0.0036651916,TREMOR,5fa135632fe9
1776793178589,1901403039681631,-2.123657,1.103727,-9.370906,0.0030543262,0.0030543262,-0.005497787,TREMOR,5fa135632fe9
1776793178597,1901403047677943,-2.1404164,1.1133038,-9.356541,0.0018325958,0.0030543262,-0.004276057,TREMOR,5fa135632fe9
1776793178605,1901403055703487,-2.1308396,1.1133038,-9.370906,0.0018325958,0.0018325958,-0.0036651916,TREMOR,5fa135632fe9
1776793178613,1901403063699492,-2.1739352,1.1324574,-9.368511,6.1086525E-4,0.0012217305,-0.0061086523,TREMOR,5fa135632fe9
1776793178621,1901403071694881,-2.1523874,1.127669,-9.363723,0.002443461,6.1086525E-4,-0.004886922,TREMOR,5fa135632fe9
1776793178629,1901403079690886,-2.1428106,1.13964,-9.380483,0.0036651916,-0.0018325958,-0.0030543262,TREMOR,5fa135632fe9
1776793178637,1901403087686276,-2.15957,1.1324574,-9.346964,0.005497787,-0.0030543262,-0.004886922,TREMOR,5fa135632fe9
1776793178645,1901403095681127,-2.1404164,1.1444284,-9.346964,0.005497787,-0.002443461,-0.0018325958,TREMOR,5fa135632fe9
1776793178653,1901403103679209,-2.1499932,1.1683705,-9.3421755,0.0061086523,-0.004276057,-0.0012217305,TREMOR,5fa135632fe9
1776793178661,1901403111673676,-2.1571758,1.1587936,-9.346964,0.007941248,-0.007941248,-0.0018325958,TREMOR,5fa135632fe9
1776793178669,1901403119700758,-2.1452048,1.1707647,-9.351752,0.007330383,-0.009162978,6.1086525E-4,TREMOR,5fa135632fe9
1776793178677,1901403127696147,-2.147599,1.1563994,-9.349358,0.007941248,-0.012217305,0.0,TREMOR,5fa135632fe9
1776793178685,1901403135692768,-2.147599,1.1468226,-9.361329,0.007941248,-0.014660766,-0.0012217305,TREMOR,5fa135632fe9
1776793178693,1901403143684234,-2.1428106,1.1468226,-9.354146,0.007941248,-0.014049901,0.0012217305,TREMOR,5fa135632fe9
1776793178701,1901403151681470,-2.1428106,1.13964,-9.356541,0.007941248,-0.01282817,6.1086525E-4,TREMOR,5fa135632fe9
1776793178709,1901403159675860,-2.1547816,1.1372458,-9.351752,0.0067195175,-0.013439035,6.1086525E-4,TREMOR,5fa135632fe9
1776793178717,1901403167672249,-2.1811178,1.1204864,-9.337387,0.007941248,-0.012217305,0.0,TREMOR,5fa135632fe9
1776793178725,1901403175697177,-2.147599,1.1133038,-9.337387,0.007330383,-0.014049901,-0.0012217305,TREMOR,5fa135632fe9
1776793178733,1901403183694413,-2.171541,1.1013328,-9.3421755,0.0061086523,-0.012217305,6.1086525E-4,TREMOR,5fa135632fe9
1776793178741,1901403191689111,-2.1619642,1.1013328,-9.346964,0.004886922,-0.01160644,0.0012217305,TREMOR,5fa135632fe9
1776793178749,1901403199686346,-2.1691468,1.0893618,-9.337387,0.004276057,-0.010995574,-0.0012217305,TREMOR,5fa135632fe9
1776793178757,1901403207681428,-2.1547816,1.1061212,-9.344569,0.0036651916,-0.007941248,0.0,TREMOR,5fa135632fe9
1776793178765,1901403215677818,-2.1619642,1.1085154,-9.349358,0.0018325958,-0.004886922,-0.0018325958,TREMOR,5fa135632fe9
1776793178773,1901403223704515,-2.1643584,1.1252748,-9.368511,6.1086525E-4,-0.0036651916,-0.0012217305,TREMOR,5fa135632fe9
1776793178781,1901403231698443,-2.15957,1.1420342,-9.356541,6.1086525E-4,-0.0018325958,-6.1086525E-4,TREMOR,5fa135632fe9
1776793178789,1901403239695295,-2.1571758,1.151611,-9.354146,0.0012217305,0.0,6.1086525E-4,TREMOR,5fa135632fe9
1776793178797,1901403247689838,-2.1404164,1.127669,-9.354146,0.0012217305,0.002443461,0.0,TREMOR,5fa135632fe9
1776793178805,1901403255686074,-2.147599,1.1492168,-9.346964,0.0036651916,-6.1086525E-4,-0.0012217305,TREMOR,5fa135632fe9
1776793178813,1901403263682387,-2.1619642,1.127669,-9.356541,0.004886922,-0.0030543262,-0.0012217305,TREMOR,5fa135632fe9
1776793178821,1901403271677468,-2.1619642,1.1444284,-9.361329,0.004276057,-0.004886922,0.0,TREMOR,5fa135632fe9
1776793178829,1901403279703089,-2.1547816,1.1611878,-9.356541,0.0036651916,-0.0067195175,0.0018325958,TREMOR,5fa135632fe9
1776793178837,1901403287699325,-2.1571758,1.151611,-9.3661175,0.0061086523,-0.009773844,0.0012217305,TREMOR,5fa135632fe9
1776793178845,1901403295692868,-2.15957,1.1540052,-9.346964,0.0067195175,-0.01282817,0.0,TREMOR,5fa135632fe9
1776793178853,1901403303690719,-2.15957,1.1563994,-9.3421755,0.0067195175,-0.012217305,6.1086525E-4,TREMOR,5fa135632fe9
1776793178861,1901403311685186,-2.1739352,1.1755531,-9.344569,0.007330383,-0.01282817,0.0,TREMOR,5fa135632fe9
1776793178869,1901403319680575,-2.1883004,1.1492168,-9.334992,0.005497787,-0.014049901,-6.1086525E-4,TREMOR,5fa135632fe9
1776793178877,1901403327678811,-2.1643584,1.1468226,-9.339781,0.0061086523,-0.01160644,-0.0012217305,TREMOR,5fa135632fe9
1776793178885,1901403335702509,-2.1883004,1.1492168,-9.32781,0.0067195175,-0.01160644,0.0,TREMOR,5fa135632fe9
1776793178893,1901403343699052,-2.1619642,1.1563994,-9.337387,0.005497787,-0.01038471,-6.1086525E-4,TREMOR,5fa135632fe9
1776793178901,1901403351692365,-2.1930888,1.1444284,-9.332599,0.004886922,-0.007941248,-0.002443461,TREMOR,5fa135632fe9
1776793178909,1901403359688678,-2.2002714,1.1348516,-9.332599,0.004276057,-0.005497787,-0.0018325958,TREMOR,5fa135632fe9
1776793178917,1901403367684683,-2.2002714,1.1324574,-9.325416,0.0036651916,-0.0018325958,-0.002443461,TREMOR,5fa135632fe9
1776793178925,1901403375682226,-2.1859062,1.1204864,-9.358934,0.002443461,0.0018325958,-0.0030543262,TREMOR,5fa135632fe9
1776793178933,1901403383678539,-2.1883004,1.115698,-9.354146,0.0018325958,0.0036651916,-0.004276057,TREMOR,5fa135632fe9
1776793178941,1901403391702467,-2.1906946,1.1300632,-9.351752,6.1086525E-4,0.004276057,-0.0030543262,TREMOR,5fa135632fe9
1776793178949,1901403399699703,-2.1906946,1.1252748,-9.370906,-6.1086525E-4,0.004886922,-0.004276057,TREMOR,5fa135632fe9
1776793178957,1901403407693938,-2.1691468,1.1252748,-9.363723,6.1086525E-4,0.0067195175,-0.004886922,TREMOR,5fa135632fe9
1776793178965,1901403415689636,-2.1643584,1.1204864,-9.356541,0.002443461,0.0061086523,-0.005497787,TREMOR,5fa135632fe9
1776793178973,1901403423684641,-2.1523874,1.1420342,-9.358934,0.002443461,0.004276057,-0.004276057,TREMOR,5fa135632fe9
1776793178981,1901403431680338,-2.1332338,1.1468226,-9.356541,0.0012217305,0.0030543262,-0.002443461,TREMOR,5fa135632fe9
1776793178989,1901403439675112,-2.123657,1.1324574,-9.375694,0.0036651916,0.0,-6.1086525E-4,TREMOR,5fa135632fe9
1776793178997,1901403447703194,-2.1308396,1.1420342,-9.3661175,0.0030543262,-0.0018325958,-0.0018325958,TREMOR,5fa135632fe9
1776793179005,1901403455697969,-2.0973208,1.1563994,-9.368511,0.0067195175,-0.0018325958,-6.1086525E-4,TREMOR,5fa135632fe9
1776793179013,1901403463692358,-2.0949266,1.13964,-9.346964,0.0061086523,-0.004886922,-0.0012217305,TREMOR,5fa135632fe9
1776793179021,1901403471688440,-2.099715,1.1324574,-9.356541,0.0067195175,-0.004276057,6.1086525E-4,TREMOR,5fa135632fe9
1776793179029,1901403479683830,-2.1021092,1.1348516,-9.344569,0.007330383,-0.007941248,-6.1086525E-4,TREMOR,5fa135632fe9
1776793179037,1901403487679142,-2.0805612,1.1444284,-9.339781,0.007941248,-0.007330383,-6.1086525E-4,TREMOR,5fa135632fe9
1776793179045,1901403495675840,-2.1021092,1.1444284,-9.344569,0.007330383,-0.007941248,-0.0018325958,TREMOR,5fa135632fe9
1776793179053,1901403503671768,-2.1021092,1.1492168,-9.332599,0.0061086523,-0.009773844,-0.0018325958,TREMOR,5fa135632fe9
1776793179061,1901403511697388,-2.1260512,1.1420342,-9.32781,0.005497787,-0.009773844,-6.1086525E-4,TREMOR,5fa135632fe9
1776793179069,1901403519694239,-2.1068976,1.127669,-9.337387,0.004886922,-0.01038471,-0.0030543262,TREMOR,5fa135632fe9
1776793179077,1901403527689091,-2.1452048,1.1300632,-9.325416,0.004276057,-0.009773844,-0.0018325958,TREMOR,5fa135632fe9
1776793179085,1901403535684711,-2.15957,1.1348516,-9.339781,0.0030543262,-0.009773844,-0.002443461,TREMOR,5fa135632fe9
1776793179093,1901403543678870,-2.1811178,1.1468226,-9.354146,0.0030543262,-0.010995574,-0.0018325958,TREMOR,5fa135632fe9
1776793179101,1901403551674259,-2.1787236,1.1540052,-9.358934,0.0030543262,-0.012217305,-0.0012217305,TREMOR,5fa135632fe9
1776793179109,1901403559702341,-2.1883004,1.13964,-9.349358,0.004276057,-0.012217305,-0.0012217305,TREMOR,5fa135632fe9
1776793179117,1901403567697346,-2.2170308,1.1420342,-9.346964,0.004886922,-0.013439035,-0.0012217305,TREMOR,5fa135632fe9
1776793179125,1901403575694582,-2.1930888,1.1731589,-9.354146,0.0067195175,-0.012217305,0.0018325958,TREMOR,5fa135632fe9
1776793179133,1901403583688818,-2.2050598,1.1468226,-9.354146,0.0061086523,-0.013439035,0.0036651916,TREMOR,5fa135632fe9
1776793179141,1901403591683592,-2.195483,1.1444284,-9.3661175,0.0061086523,-0.012217305,0.004276057,TREMOR,5fa135632fe9
1776793179149,1901403599679213,-2.207454,1.1492168,-9.3733,0.007941248,-0.01282817,0.0036651916,TREMOR,5fa135632fe9
1776793179157,1901403607675525,-2.195483,1.1300632,-9.361329,0.008552114,-0.01282817,0.0030543262,TREMOR,5fa135632fe9
1776793179165,1901403615699915,-2.1883004,1.1372458,-9.3661175,0.007941248,-0.009773844,6.1086525E-4,TREMOR,5fa135632fe9
1776793179173,1901403623697151,-2.1978772,1.13964,-9.363723,0.007330383,-0.008552114,0.0,TREMOR,5fa135632fe9
1776793179181,1901403631692848,-2.1883004,1.1300632,-9.361329,0.007941248,-0.0067195175,-0.0030543262,TREMOR,5fa135632fe9
1776793179189,1901403639688853,-2.1667526,1.1372458,-9.337387,0.0067195175,-0.0036651916,-0.0030543262,TREMOR,5fa135632fe9
1776793179197,1901403647684858,-2.1763294,1.1348516,-9.346964,0.0067195175,-0.002443461,-0.0036651916,TREMOR,5fa135632fe9
1776793179205,1901403655680786,-2.1763294,1.1468226,-9.346964,0.004276057,-0.0012217305,-0.004276057,TREMOR,5fa135632fe9
1776793179213,1901403663675868,-2.1571758,1.1300632,-9.368511,-0.0012217305,0.007941248,-0.004276057,TREMOR,5fa135632fe9
1776793179221,1901403671700181,-2.1691468,1.1348516,-9.363723,-0.002443461,0.007941248,-0.005497787,TREMOR,5fa135632fe9
1776793179229,1901403679699032,-2.1691468,1.1085154,-9.394848,-0.0036651916,0.009773844,-0.0067195175,TREMOR,5fa135632fe9
1776793179237,1901403687692191,-2.183512,1.1204864,-9.397242,-0.0067195175,0.007941248,-0.005497787,TREMOR,5fa135632fe9
1776793179245,1901403695687888,-2.171541,1.1300632,-9.363723,-0.0061086523,0.007330383,-0.004276057,TREMOR,5fa135632fe9
1776793179253,1901403703685201,-2.15957,1.1348516,-9.313444,-0.004886922,0.007330383,-0.004886922,TREMOR,5fa135632fe9
1776793179261,1901403711679591,-2.1140802,1.1540052,-9.306262,-0.0012217305,0.007330383,-0.0030543262,TREMOR,5fa135632fe9
1776793179269,1901403719675057,-2.1045034,1.1300632,-9.346964,0.0018325958,0.004276057,-0.0012217305,TREMOR,5fa135632fe9
1776793179277,1901403727699601,-2.1260512,1.1180922,-9.40203,0.0030543262,6.1086525E-4,-6.1086525E-4,TREMOR,5fa135632fe9
1776793179285,1901403735697836,-2.1380222,1.1085154,-9.43076,0.0018325958,-0.0036651916,0.0,TREMOR,5fa135632fe9
1776793179293,1901403743692226,-2.135628,1.1085154,-9.411607,-0.0018325958,-0.005497787,0.0,TREMOR,5fa135632fe9
1776793179301,1901403751688923,-2.1404164,1.1324574,-9.3733,-0.0018325958,-0.0030543262,0.002443461,TREMOR,5fa135632fe9
1776793179309,1901403759685852,-2.111686,1.1540052,-9.301474,0.0,-6.1086525E-4,0.0018325958,TREMOR,5fa135632fe9
1776793179317,1901403767678703,-2.1021092,1.1707647,-9.291897,0.0030543262,-6.1086525E-4,0.0012217305,TREMOR,5fa135632fe9
1776793179325,1901403775673554,-2.111686,1.1851299,-9.344569,0.0061086523,-0.004886922,-6.1086525E-4,TREMOR,5fa135632fe9
1776793179333,1901403783702097,-2.1308396,1.1659763,-9.425972,0.005497787,-0.007330383,0.0,TREMOR,5fa135632fe9
1776793179341,1901403791695718,-2.1787236,1.127669,-9.454702,-0.0012217305,-0.009162978,-0.0018325958,TREMOR,5fa135632fe9
1776793179349,1901403799691338,-2.1978772,1.1372458,-9.397242,-0.0030543262,-0.005497787,-0.004276057,TREMOR,5fa135632fe9
1776793179357,1901403807690112,-2.2026656,1.13964,-9.308656,-0.0036651916,-0.002443461,-0.0012217305,TREMOR,5fa135632fe9
1776793179365,1901403815683733,-2.1667526,1.1731589,-9.289502,-0.0018325958,0.0018325958,0.0,TREMOR,5fa135632fe9
1776793179373,1901403823679969,-2.1619642,1.151611,-9.296685,0.0036651916,6.1086525E-4,0.0012217305,TREMOR,5fa135632fe9
1776793179381,1901403831674743,-2.1643584,1.1659763,-9.351752,0.0061086523,-0.0030543262,-0.0030543262,TREMOR,5fa135632fe9
1776793179389,1901403839700979,-2.1978772,1.1492168,-9.414001,0.0036651916,-0.004886922,-0.0018325958,TREMOR,5fa135632fe9
1776793179397,1901403847695368,-2.195483,1.1300632,-9.421184,0.0012217305,-0.005497787,0.0,TREMOR,5fa135632fe9
1776793179405,1901403855693527,-2.2122424,1.1180922,-9.392453,-0.0018325958,-0.0012217305,-0.0012217305,TREMOR,5fa135632fe9
1776793179413,1901403863688917,-2.1930888,1.1252748,-9.323022,-0.002443461,0.0012217305,0.0018325958,TREMOR,5fa135632fe9
1776793179421,1901403871682768,-2.1691468,1.1348516,-9.308656,-6.1086525E-4,0.0012217305,-6.1086525E-4,TREMOR,5fa135632fe9
1776793179429,1901403879678542,-2.1523874,1.13964,-9.32781,0.002443461,0.0,-6.1086525E-4,TREMOR,5fa135632fe9
1776793179437,1901403887675393,-2.1643584,1.1372458,-9.375694,0.004276057,-0.0030543262,6.1086525E-4,TREMOR,5fa135632fe9
1776793179445,1901403895699475,-2.1691468,1.115698,-9.399636,0.0030543262,-0.004276057,-0.002443461,TREMOR,5fa135632fe9
1776793179453,1901403903694557,-2.2002714,1.1204864,-9.406818,0.0012217305,-0.002443461,-0.002443461,TREMOR,5fa135632fe9
1776793179461,1901403911691101,-2.1930888,1.091756,-9.394848,-0.0012217305,0.0012217305,-0.0030543262,TREMOR,5fa135632fe9
1776793179469,1901403919688644,-2.183512,1.1252748,-9.368511,-0.0012217305,0.002443461,-0.0030543262,TREMOR,5fa135632fe9
1776793179477,1901403927681572,-2.1811178,1.1348516,-9.325416,0.0,0.0030543262,-0.004886922,TREMOR,5fa135632fe9
1776793179485,1901403935677962,-2.1643584,1.1492168,-9.3182335,0.0,0.0018325958,-0.004276057,TREMOR,5fa135632fe9
1776793179493,1901403943673352,-2.1667526,1.1587936,-9.337387,6.1086525E-4,-0.0012217305,-0.002443461,TREMOR,5fa135632fe9
1776793179501,1901403951699741,-2.171541,1.1468226,-9.3733,6.1086525E-4,6.1086525E-4,-0.004276057,TREMOR,5fa135632fe9
1776793179509,1901403959695131,-2.1859062,1.13964,-9.40203,-0.0018325958,0.0036651916,-0.0030543262,TREMOR,5fa135632fe9
1776793179517,1901403967690290,-2.2122424,1.1444284,-9.375694,-0.004886922,0.0036651916,-0.0030543262,TREMOR,5fa135632fe9
1776793179525,1901403975687141,-2.1739352,1.1492168,-9.361329,-0.0067195175,0.004276057,-6.1086525E-4,TREMOR,5fa135632fe9
1776793179533,1901403983683531,-2.1691468,1.1611878,-9.334992,-0.0061086523,0.007330383,-0.0030543262,TREMOR,5fa135632fe9
1776793179541,1901403991677305,-2.1571758,1.1563994,-9.337387,-0.004276057,0.0061086523,-0.0036651916,TREMOR,5fa135632fe9
1776793179549,1901403999704156,-2.1380222,1.1444284,-9.356541,-0.0012217305,0.008552114,-0.002443461,TREMOR,5fa135632fe9
1776793179557,1901404007702007,-2.1428106,1.1468226,-9.390059,-0.0012217305,0.007941248,-0.002443461,TREMOR,5fa135632fe9
1776793179565,1901404015697628,-2.1308396,1.1133038,-9.385271,-0.0030543262,0.0061086523,-0.0036651916,TREMOR,5fa135632fe9
1776793179573,1901404023691863,-2.123657,1.115698,-9.382876,-0.004886922,0.002443461,-0.005497787,TREMOR,5fa135632fe9
1776793179581,1901404031686330,-2.1260512,1.1228806,-9.361329,-0.0030543262,0.004886922,-0.004276057,TREMOR,5fa135632fe9
1776793179589,1901404039682643,-2.1260512,1.1180922,-9.339781,-0.0018325958,0.004276057,-0.002443461,TREMOR,5fa135632fe9
1776793179597,1901404047678340,-2.1045034,1.1252748,-9.361329,6.1086525E-4,0.0030543262,-0.0030543262,TREMOR,5fa135632fe9
1776793179605,1901404055705653,-2.1045034,1.1109096,-9.375694,0.0,0.0018325958,-0.0012217305,TREMOR,5fa135632fe9
1776793179613,1901404063698888,-2.1068976,1.115698,-9.385271,0.0,-0.0012217305,-0.0012217305,TREMOR,5fa135632fe9
1776793179621,1901404071694893,-2.123657,1.1109096,-9.378088,0.0,-0.0030543262,0.0,TREMOR,5fa135632fe9
1776793179629,1901404079690668,-2.1260512,1.0989386,-9.368511,-0.0012217305,-0.0018325958,-0.0018325958,TREMOR,5fa135632fe9
1776793179637,1901404087686903,-2.1308396,1.1348516,-9.356541,6.1086525E-4,-0.0030543262,6.1086525E-4,TREMOR,5fa135632fe9
1776793179645,1901404095683293,-2.1212628,1.1300632,-9.337387,0.0018325958,-0.0036651916,-0.0012217305,TREMOR,5fa135632fe9
1776793179653,1901404103676221,-2.135628,1.1563994,-9.3421755,0.002443461,-0.0067195175,0.0,TREMOR,5fa135632fe9
1776793179661,1901404111703842,-2.1380222,1.1540052,-9.378088,0.004276057,-0.007941248,-0.002443461,TREMOR,5fa135632fe9
1776793179669,1901404119698385,-2.1787236,1.13964,-9.356541,0.0036651916,-0.008552114,-0.0018325958,TREMOR,5fa135632fe9
1776793179677,1901404127694929,-2.183512,1.163582,-9.349358,0.002443461,-0.0067195175,-0.0030543262,TREMOR,5fa135632fe9
1776793179685,1901404135691857,-2.1883004,1.151611,-9.344569,0.0030543262,-0.0067195175,-0.002443461,TREMOR,5fa135632fe9
1776793179693,1901404143685169,-2.1906946,1.151611,-9.3421755,6.1086525E-4,-0.004886922,-6.1086525E-4,TREMOR,5fa135632fe9
1776793179701,1901404151681713,-2.1811178,1.1611878,-9.334992,0.0018325958,-0.004886922,-6.1086525E-4,TREMOR,5fa135632fe9
1776793179709,1901404159678410,-2.1930888,1.1468226,-9.332599,0.0030543262,-0.0036651916,6.1086525E-4,TREMOR,5fa135632fe9
1776793179717,1901404167674108,-2.1859062,1.163582,-9.349358,0.0036651916,-0.004276057,-0.0012217305,TREMOR,5fa135632fe9
1776793179725,1901404175700805,-2.1978772,1.1420342,-9.361329,0.0036651916,-0.005497787,0.0,TREMOR,5fa135632fe9
1776793179733,1901404183695964,-2.2098482,1.1372458,-9.356541,0.0030543262,-0.0067195175,-6.1086525E-4,TREMOR,5fa135632fe9
1776793179741,1901404191690353,-2.1763294,1.1228806,-9.351752,0.0018325958,-0.0061086523,0.002443461,TREMOR,5fa135632fe9
1776793179749,1901404199685128,-2.1811178,1.115698,-9.339781,0.0030543262,-0.0061086523,0.0018325958,TREMOR,5fa135632fe9
1776793179757,1901404207683056,-2.171541,1.1109096,-9.356541,0.0030543262,-0.005497787,0.0036651916,TREMOR,5fa135632fe9
1776793179765,1901404215675984,-2.1643584,1.1061212,-9.351752,0.002443461,-0.007330383,0.0030543262,TREMOR,5fa135632fe9
1776793179773,1901404223704527,-2.1619642,1.1133038,-9.375694,0.002443461,-0.005497787,0.0030543262,TREMOR,5fa135632fe9
1776793179781,1901404231698763,-2.1667526,1.1061212,-9.368511,-6.1086525E-4,-0.004276057,6.1086525E-4,TREMOR,5fa135632fe9
1776793179789,1901404239696922,-2.171541,1.1109096,-9.3661175,-6.1086525E-4,-0.0036651916,6.1086525E-4,TREMOR,5fa135632fe9
1776793179797,1901404247690696,-2.171541,1.1180922,-9.349358,-0.0018325958,-0.0012217305,-0.002443461,TREMOR,5fa135632fe9
1776793179805,1901404255686163,-2.1691468,1.1324574,-9.370906,-6.1086525E-4,-6.1086525E-4,-0.0018325958,TREMOR,5fa135632fe9
1776793179813,1901404263681783,-2.1883004,1.1300632,-9.375694,-6.1086525E-4,0.0012217305,-0.0018325958,TREMOR,5fa135632fe9
1776793179821,1901404271676557,-2.1978772,1.1300632,-9.3661175,-0.0018325958,-0.0018325958,-0.0030543262,TREMOR,5fa135632fe9
1776793179829,1901404279675024,-2.2146366,1.1372458,-9.346964,-0.004276057,0.0036651916,-0.002443461,TREMOR,5fa135632fe9
1776793179837,1901404287700029,-2.2170308,1.1348516,-9.339781,-0.0030543262,0.0030543262,-0.004276057,TREMOR,5fa135632fe9
1776793179845,1901404295695034,-2.2050598,1.1492168,-9.361329,-0.0018325958,6.1086525E-4,-0.005497787,TREMOR,5fa135632fe9
1776793179853,1901404303690501,-2.2218192,1.1587936,-9.358934,-0.0018325958,0.0036651916,-0.0036651916,TREMOR,5fa135632fe9
1776793179861,1901404311684890,-2.2002714,1.1420342,-9.3661175,-0.0030543262,0.0036651916,-0.0018325958,TREMOR,5fa135632fe9
1776793179869,1901404319682741,-2.2098482,1.1468226,-9.3661175,-6.1086525E-4,0.005497787,-0.0030543262,TREMOR,5fa135632fe9
1776793179877,1901404327675669,-2.2050598,1.1324574,-9.356541,-6.1086525E-4,0.0036651916,-0.004276057,TREMOR,5fa135632fe9
1776793179885,1901404335674136,-2.2026656,1.1372458,-9.349358,-0.0018325958,0.004886922,-0.0036651916,TREMOR,5fa135632fe9
1776793179893,1901404343697603,-2.1930888,1.1372458,-9.332599,0.0,0.0036651916,-0.002443461,TREMOR,5fa135632fe9
1776793179901,1901404351693915,-2.1691468,1.1372458,-9.354146,-6.1086525E-4,0.004276057,-0.002443461,TREMOR,5fa135632fe9
1776793179909,1901404359689305,-2.1787236,1.13964,-9.368511,-6.1086525E-4,0.0061086523,6.1086525E-4,TREMOR,5fa135632fe9
1776793179917,1901404367686771,-2.1571758,1.1300632,-9.375694,-6.1086525E-4,0.0061086523,0.0012217305,TREMOR,5fa135632fe9
1776793179925,1901404375682238,-2.1404164,1.127669,-9.349358,-0.0018325958,0.0067195175,0.0,TREMOR,5fa135632fe9
1776793179933,1901404383677243,-2.123657,1.1324574,-9.356541,-0.0018325958,0.0061086523,0.0018325958,TREMOR,5fa135632fe9
1776793179941,1901404391702248,-2.1308396,1.1204864,-9.356541,-0.0018325958,0.0061086523,0.0012217305,TREMOR,5fa135632fe9
1776793179949,1901404399700330,-2.1260512,1.1133038,-9.3661175,-6.1086525E-4,0.0061086523,6.1086525E-4,TREMOR,5fa135632fe9
1776793179957,1901404407694797,-2.111686,1.091756,-9.363723,6.1086525E-4,0.004886922,-6.1086525E-4,TREMOR,5fa135632fe9
1776793179965,1901404415690878,-2.1140802,1.0845734,-9.361329,0.0,6.1086525E-4,6.1086525E-4,TREMOR,5fa135632fe9
1776793179973,1901404423685653,-2.1212628,1.0893618,-9.3733,0.0012217305,0.0018325958,0.0018325958,TREMOR,5fa135632fe9
1776793179981,1901404431680658,-2.1140802,1.091756,-9.356541,6.1086525E-4,-6.1086525E-4,6.1086525E-4,TREMOR,5fa135632fe9
1776793179989,1901404439675817,-2.1212628,1.1085154,-9.349358,0.0012217305,0.0,6.1086525E-4,TREMOR,5fa135632fe9
1776793179997,1901404447701591,-2.1045034,1.1133038,-9.325416,0.0018325958,-0.002443461,0.0012217305,TREMOR,5fa135632fe9
1776793180005,1901404455698288,-2.1332338,1.1085154,-9.3421755,0.0,-0.0030543262,0.0012217305,TREMOR,5fa135632fe9
1776793180013,1901404463695139,-2.1308396,1.1133038,-9.337387,0.0,-0.0036651916,0.0012217305,TREMOR,5fa135632fe9
1776793180021,1901404471688991,-2.1452048,1.13964,-9.354146,0.0,-0.004886922,0.0012217305,TREMOR,5fa135632fe9
1776793180029,1901404479685303,-2.1811178,1.1420342,-9.351752,-0.0018325958,-0.004276057,0.0012217305,TREMOR,5fa135632fe9
1776793180037,1901404487683154,-2.1883004,1.1420342,-9.344569,-0.002443461,-0.002443461,-6.1086525E-4,TREMOR,5fa135632fe9
1776793180045,1901404495676698,-2.2170308,1.1444284,-9.358934,-6.1086525E-4,-0.0018325958,6.1086525E-4,TREMOR,5fa135632fe9
1776793180053,1901404503701318,-2.2050598,1.1444284,-9.358934,-6.1086525E-4,0.002443461,6.1086525E-4,TREMOR,5fa135632fe9
1776793180061,1901404511697939,-2.2170308,1.1492168,-9.354146,-0.002443461,6.1086525E-4,-0.002443461,TREMOR,5fa135632fe9
1776793180069,1901404519693944,-2.219425,1.1420342,-9.346964,-6.1086525E-4,0.004276057,-0.0012217305,TREMOR,5fa135632fe9
1776793180077,1901404527689641,-2.2122424,1.1611878,-9.3421755,-6.1086525E-4,0.0067195175,-6.1086525E-4,TREMOR,5fa135632fe9
1776793180085,1901404535685031,-2.2146366,1.1707647,-9.354146,0.0012217305,0.004886922,-0.0036651916,TREMOR,5fa135632fe9
1776793180093,1901404543681728,-2.2050598,1.1659763,-9.361329,6.1086525E-4,0.0030543262,0.0,TREMOR,5fa135632fe9
1776793180101,1901404551675810,-2.2026656,1.1444284,-9.3661175,0.002443461,0.0018325958,-0.0012217305,TREMOR,5fa135632fe9
1776793180109,1901404559702584,-2.1906946,1.1324574,-9.354146,0.0036651916,0.0012217305,0.0,TREMOR,5fa135632fe9
1776793180117,1901404567697435,-2.1691468,1.1180922,-9.351752,0.0036651916,0.0012217305,6.1086525E-4,TREMOR,5fa135632fe9
1776793180125,1901404575692440,-2.1667526,1.1204864,-9.361329,0.002443461,-6.1086525E-4,0.0018325958,TREMOR,5fa135632fe9
1776793180133,1901404583687830,-2.1547816,1.1180922,-9.370906,0.005497787,-6.1086525E-4,0.0018325958,TREMOR,5fa135632fe9
1776793180141,1901404591685066,-2.1260512,1.1252748,-9.3421755,0.004886922,-0.0036651916,0.0018325958,TREMOR,5fa135632fe9
1776793180149,1901404599679225,-2.135628,1.1109096,-9.363723,0.004276057,-0.0036651916,0.0036651916,TREMOR,5fa135632fe9
1776793180157,1901404607676537,-2.1140802,1.1252748,-9.358934,0.0030543262,-0.0030543262,0.0030543262,TREMOR,5fa135632fe9
1776793180165,1901404615702081,-2.1212628,1.0965444,-9.370906,0.004276057,-0.002443461,0.0061086523,TREMOR,5fa135632fe9
1776793180173,1901404623698317,-2.123657,1.1133038,-9.361329,0.002443461,-0.0018325958,0.004276057,TREMOR,5fa135632fe9
1776793180181,1901404631692860,-2.1188686,1.0989386,-9.344569,6.1086525E-4,-0.002443461,0.0036651916,TREMOR,5fa135632fe9
1776793180189,1901404639690096,-2.123657,1.1061212,-9.354146,6.1086525E-4,-6.1086525E-4,0.0018325958,TREMOR,5fa135632fe9
1776793180197,1901404647684562,-2.135628,1.1085154,-9.346964,-6.1086525E-4,6.1086525E-4,0.0030543262,TREMOR,5fa135632fe9
1776793180205,1901404655681491,-2.1547816,1.103727,-9.344569,-6.1086525E-4,0.0,0.0018325958,TREMOR,5fa135632fe9
1776793180213,1901404663675957,-2.1571758,1.1133038,-9.354146,-0.0018325958,-6.1086525E-4,0.0,TREMOR,5fa135632fe9
1776793180221,1901404671670654,-2.1739352,1.1013328,-9.346964,-0.002443461,-6.1086525E-4,6.1086525E-4,TREMOR,5fa135632fe9
1776793180229,1901404679697429,-2.171541,1.1180922,-9.330204,-6.1086525E-4,-6.1086525E-4,0.0018325958,TREMOR,5fa135632fe9
1776793180237,1901404687695588,-2.1906946,1.1348516,-9.344569,-0.0012217305,-0.0018325958,6.1086525E-4,TREMOR,5fa135632fe9
1776793180245,1901404695689208,-2.1978772,1.13964,-9.349358,-0.002443461,-0.0018325958,0.0030543262,TREMOR,5fa135632fe9
1776793180253,1901404703684213,-2.2002714,1.1252748,-9.337387,-0.0030543262,-0.0012217305,0.0018325958,TREMOR,5fa135632fe9
1776793180261,1901404711679603,-2.219425,1.1420342,-9.337387,0.0,0.0,0.002443461,TREMOR,5fa135632fe9
1776793180269,1901404719675915,-2.2002714,1.13964,-9.346964,-0.0012217305,-6.1086525E-4,0.0018325958,TREMOR,5fa135632fe9
1776793180277,1901404727702074,-2.2098482,1.1563994,-9.349358,-0.002443461,6.1086525E-4,0.002443461,TREMOR,5fa135632fe9
1776793180285,1901404735699079,-2.219425,1.163582,-9.339781,-0.0030543262,0.0030543262,0.0018325958,TREMOR,5fa135632fe9
1776793180293,1901404743693469,-2.207454,1.1372458,-9.339781,-0.0018325958,0.004276057,6.1086525E-4,TREMOR,5fa135632fe9
1776793180301,1901404751687935,-2.207454,1.1372458,-9.346964,-0.0030543262,0.005497787,0.0,TREMOR,5fa135632fe9
1776793180309,1901404759686479,-2.1978772,1.1492168,-9.358934,-0.0012217305,0.005497787,6.1086525E-4,TREMOR,5fa135632fe9
1776793180317,1901404767680638,-2.207454,1.1492168,-9.354146,-0.0018325958,0.0061086523,6.1086525E-4,TREMOR,5fa135632fe9
1776793180325,1901404775675643,-2.1930888,1.151611,-9.349358,-0.0012217305,0.004276057,6.1086525E-4,TREMOR,5fa135632fe9
1776793180333,1901404783701879,-2.1667526,1.1468226,-9.354146,-0.0012217305,0.004886922,6.1086525E-4,TREMOR,5fa135632fe9
1776793180341,1901404791696345,-2.1571758,1.1540052,-9.363723,-0.0030543262,0.004276057,-0.002443461,TREMOR,5fa135632fe9
1776793180349,1901404799694812,-2.1691468,1.1683705,-9.354146,-0.0018325958,0.004276057,-6.1086525E-4,TREMOR,5fa135632fe9
1776793180357,1901404807687355,-2.1691468,1.1300632,-9.3661175,-0.002443461,0.004276057,-0.0012217305,TREMOR,5fa135632fe9
1776793180365,1901404815685514,-2.1739352,1.127669,-9.368511,-0.0018325958,0.004886922,-0.0018325958,TREMOR,5fa135632fe9
1776793180373,1901404823678519,-2.1523874,1.115698,-9.349358,-0.0012217305,0.005497787,-0.0018325958,TREMOR,5fa135632fe9
1776793180381,1901404831674755,-2.1523874,1.1180922,-9.3421755,0.0,0.004886922,-0.0030543262,TREMOR,5fa135632fe9
1776793180389,1901404839703375,-2.1284454,1.1013328,-9.344569,0.0,0.0030543262,-6.1086525E-4,TREMOR,5fa135632fe9
1776793180397,1901404847698150,-2.1332338,1.1085154,-9.3421755,-6.1086525E-4,0.002443461,-6.1086525E-4,TREMOR,5fa135632fe9
1776793180405,1901404855693308,-2.135628,1.1109096,-9.346964,-0.0012217305,0.0030543262,-6.1086525E-4,TREMOR,5fa135632fe9
1776793180413,1901404863690160,-2.1452048,1.127669,-9.358934,-0.0012217305,0.0036651916,0.0,TREMOR,5fa135632fe9
1776793180421,1901404871682165,-2.1452048,1.1228806,-9.363723,-0.002443461,0.0036651916,0.0,TREMOR,5fa135632fe9
1776793180429,1901404879680093,-2.15957,1.0989386,-9.354146,-0.002443461,0.004276057,0.0012217305,TREMOR,5fa135632fe9
1776793180437,1901404887704405,-2.1523874,1.1061212,-9.351752,-0.002443461,0.004886922,-0.002443461,TREMOR,5fa135632fe9
1776793180445,1901404895701333,-2.1571758,1.1180922,-9.375694,-0.004276057,0.005497787,6.1086525E-4,TREMOR,5fa135632fe9
1776793180453,1901404903696415,-2.1619642,1.1133038,-9.349358,-0.002443461,0.0067195175,-6.1086525E-4,TREMOR,5fa135632fe9
1776793180461,1901404911692036,-2.1763294,1.1204864,-9.356541,-0.0018325958,0.0061086523,-0.002443461,TREMOR,5fa135632fe9
1776793180469,1901404919688349,-2.1643584,1.1324574,-9.349358,-0.0030543262,0.0061086523,-0.0012217305,TREMOR,5fa135632fe9
1776793180477,1901404927684046,-2.1523874,1.1252748,-9.363723,-0.0018325958,0.004276057,-0.002443461,TREMOR,5fa135632fe9
1776793180485,1901404935679128,-2.1811178,1.127669,-9.358934,-0.0018325958,0.0030543262,-0.0018325958,TREMOR,5fa135632fe9
1776793180493,1901404943674287,-2.1619642,1.13964,-9.358934,-0.0012217305,0.0036651916,-6.1086525E-4,TREMOR,5fa135632fe9
1776793180501,1901404951700446,-2.15957,1.1228806,-9.356541,-0.002443461,0.0018325958,6.1086525E-4,TREMOR,5fa135632fe9
1776793180509,1901404959697604,-2.1428106,1.1300632,-9.361329,-0.0018325958,6.1086525E-4,6.1086525E-4,TREMOR,5fa135632fe9
1776793180517,1901404967692379,-2.15957,1.127669,-9.358934,-0.0012217305,-0.0012217305,0.002443461,TREMOR,5fa135632fe9
1776793180525,1901404975688153,-2.1428106,1.127669,-9.363723,0.0,-0.0030543262,0.0018325958,TREMOR,5fa135632fe9
1776793180533,1901404983682004,-2.135628,1.127669,-9.351752,-0.0012217305,-0.004886922,0.002443461,TREMOR,5fa135632fe9
1776793180541,1901404991677701,-2.135628,1.1204864,-9.339781,0.0,-0.0061086523,0.0030543262,TREMOR,5fa135632fe9
1776793180549,1901404999675783,-2.1428106,1.1228806,-9.349358,-6.1086525E-4,-0.005497787,0.004886922,TREMOR,5fa135632fe9
1776793180557,1901405007700711,-2.1188686,1.1468226,-9.330204,-0.0012217305,-0.004886922,0.0036651916,TREMOR,5fa135632fe9
1776793180565,1901405015697716,-2.135628,1.1252748,-9.337387,0.0012217305,-0.005497787,0.004886922,TREMOR,5fa135632fe9
1776793180573,1901405023692414,-2.1404164,1.1252748,-9.354146,-0.0012217305,-0.007330383,0.002443461,TREMOR,5fa135632fe9
1776793180581,1901405031686342,-2.1284454,1.1492168,-9.3421755,-6.1086525E-4,-0.004276057,0.0036651916,TREMOR,5fa135632fe9
1776793180589,1901405039684424,-2.1404164,1.1420342,-9.356541,-0.002443461,-0.0036651916,6.1086525E-4,TREMOR,5fa135632fe9
1776793180597,1901405047680429,-2.1619642,1.13964,-9.358934,-0.002443461,-0.004886922,0.0012217305,TREMOR,5fa135632fe9
1776793180605,1901405055676742,-2.1978772,1.1611878,-9.344569,-0.0018325958,-0.002443461,0.0012217305,TREMOR,5fa135632fe9
1776793180613,1901405063702593,-2.2026656,1.1563994,-9.330204,-0.0036651916,6.1086525E-4,-0.0012217305,TREMOR,5fa135632fe9
1776793180621,1901405071697136,-2.2146366,1.1540052,-9.337387,-0.0018325958,0.0,-0.0018325958,TREMOR,5fa135632fe9
1776793180629,1901405079690680,-2.2242134,1.1683705,-9.32781,-6.1086525E-4,0.0,0.0,TREMOR,5fa135632fe9
1776793180637,1901405087687531,-2.2170308,1.1683705,-9.346964,-6.1086525E-4,0.0018325958,-0.0018325958,TREMOR,5fa135632fe9
1776793180645,1901405095682920,-2.2170308,1.163582,-9.344569,0.0018325958,0.002443461,-0.002443461,TREMOR,5fa135632fe9
1776793180653,1901405103679002,-2.231396,1.1707647,-9.354146,0.0012217305,6.1086525E-4,-6.1086525E-4,TREMOR,5fa135632fe9
1776793180661,1901405111704238,-2.2337902,1.1683705,-9.346964,0.002443461,0.002443461,-0.0018325958,TREMOR,5fa135632fe9
1776793180669,1901405119700243,-2.2242134,1.1611878,-9.361329,0.002443461,0.002443461,-6.1086525E-4,TREMOR,5fa135632fe9
1776793180677,1901405127696171,-2.2002714,1.163582,-9.337387,0.002443461,0.0030543262,-6.1086525E-4,TREMOR,5fa135632fe9
1776793180685,1901405135692561,-2.195483,1.1540052,-9.346964,0.002443461,0.0036651916,-0.0018325958,TREMOR,5fa135632fe9
1776793180693,1901405143686643,-2.1883004,1.1348516,-9.334992,0.0036651916,0.004886922,-6.1086525E-4,TREMOR,5fa135632fe9
1776793180701,1901405151683340,-2.1763294,1.1348516,-9.346964,0.0018325958,0.004886922,-6.1086525E-4,TREMOR,5fa135632fe9
1776793180709,1901405159678422,-2.1571758,1.1204864,-9.344569,0.002443461,0.004886922,-0.0018325958,TREMOR,5fa135632fe9
1776793180717,1901405167674120,-2.1787236,1.1109096,-9.346964,0.0030543262,0.0036651916,-6.1086525E-4,TREMOR,5fa135632fe9
1776793180725,1901405175700894,-2.1428106,1.1085154,-9.344569,6.1086525E-4,0.0036651916,-0.0012217305,TREMOR,5fa135632fe9
1776793180733,1901405183696283,-2.1332338,1.0869676,-9.358934,0.0018325958,0.002443461,-0.0030543262,TREMOR,5fa135632fe9
1776793180741,1901405191691981,-2.1284454,1.067814,-9.370906,0.0,0.0036651916,-0.0012217305,TREMOR,5fa135632fe9
1776793180749,1901405199687601,-2.1284454,1.0965444,-9.363723,0.0,0.0012217305,-0.002443461,TREMOR,5fa135632fe9
1776793180757,1901405207683991,-2.1308396,1.0989386,-9.363723,-0.0012217305,0.002443461,-0.002443461,TREMOR,5fa135632fe9
1776793180765,1901405215679688,-2.1380222,1.1109096,-9.363723,-0.0012217305,0.0018325958,-0.002443461,TREMOR,5fa135632fe9
1776793180773,1901405223704616,-2.1404164,1.1133038,-9.356541,-0.002443461,0.0018325958,-0.0018325958,TREMOR,5fa135632fe9
1776793180781,1901405231699083,-2.135628,1.091756,-9.3661175,-0.0036651916,0.0012217305,-6.1086525E-4,TREMOR,5fa135632fe9
1776793180789,1901405239697857,-2.1499932,1.0941502,-9.3661175,-0.0030543262,6.1086525E-4,-0.002443461,TREMOR,5fa135632fe9
1776793180797,1901405247691939,-2.1691468,1.1300632,-9.361329,-0.0036651916,0.0030543262,-0.0018325958,TREMOR,5fa135632fe9
1776793180805,1901405255687021,-2.171541,1.1204864,-9.356541,-0.004276057,0.0030543262,0.0,TREMOR,5fa135632fe9
1776793180813,1901405263683026,-2.183512,1.127669,-9.346964,-0.004886922,0.0030543262,0.0,TREMOR,5fa135632fe9
1776793180821,1901405271678416,-2.1547816,1.1228806,-9.3661175,-0.004276057,0.0030543262,0.0018325958,TREMOR,5fa135632fe9
1776793180829,1901405279703421,-2.1787236,1.1372458,-9.354146,-0.002443461,0.0036651916,6.1086525E-4,TREMOR,5fa135632fe9
1776793180837,1901405287698733,-2.1763294,1.1324574,-9.358934,-0.002443461,0.005497787,0.0012217305,TREMOR,5fa135632fe9
1776793180845,1901405295695046,-2.1763294,1.1348516,-9.349358,-0.0036651916,0.0030543262,0.0018325958,TREMOR,5fa135632fe9
1776793180853,1901405303692974,-2.1667526,1.1468226,-9.349358,-0.002443461,0.0036651916,0.0,TREMOR,5fa135632fe9
1776793180861,1901405311685518,-2.1763294,1.1468226,-9.32781,-0.0012217305,0.0012217305,0.0,TREMOR,5fa135632fe9
1776793180869,1901405319682446,-2.1763294,1.1492168,-9.3421755,6.1086525E-4,0.0018325958,6.1086525E-4,TREMOR,5fa135632fe9
1776793180877,1901405327678220,-2.1643584,1.1492168,-9.349358,0.0,0.0012217305,6.1086525E-4,TREMOR,5fa135632fe9
1776793180885,1901405335704379,-2.171541,1.1468226,-9.351752,6.1086525E-4,0.004276057,0.0012217305,TREMOR,5fa135632fe9
1776793180893,1901405343699384,-2.1787236,1.1420342,-9.3421755,0.0,0.0018325958,-6.1086525E-4,TREMOR,5fa135632fe9
1776793180901,1901405351694543,-2.1523874,1.1468226,-9.349358,0.0,0.0030543262,-0.002443461,TREMOR,5fa135632fe9
1776793180909,1901405359690855,-2.1763294,1.1324574,-9.354146,-0.002443461,0.0036651916,-0.0018325958,TREMOR,5fa135632fe9
1776793180917,1901405367686168,-2.1523874,1.1348516,-9.334992,0.0,0.0036651916,-0.0036651916,TREMOR,5fa135632fe9
1776793180925,1901405375682173,-2.1547816,1.127669,-9.354146,-6.1086525E-4,0.004276057,-0.0030543262,TREMOR,5fa135632fe9
1776793180933,1901405383676024,-2.1404164,1.127669,-9.3421755,0.0,0.005497787,-0.0036651916,TREMOR,5fa135632fe9
1776793180941,1901405391704337,-2.147599,1.1228806,-9.344569,6.1086525E-4,0.0036651916,-6.1086525E-4,TREMOR,5fa135632fe9
1776793180949,1901405399700419,-2.1428106,1.127669,-9.351752,6.1086525E-4,0.0018325958,0.0,TREMOR,5fa135632fe9
1776793180957,1901405407695732,-2.1332338,1.1372458,-9.356541,-0.0012217305,-0.0018325958,-0.002443461,TREMOR,5fa135632fe9
1776793180965,1901405415690275,-2.1404164,1.1300632,-9.346964,0.0,-0.002443461,0.0012217305,TREMOR,5fa135632fe9
1776793180973,1901405423688049,-2.135628,1.1228806,-9.363723,0.0,-0.0036651916,0.0030543262,TREMOR,5fa135632fe9
1776793180981,1901405431680670,-2.1284454,1.1252748,-9.3661175,0.0012217305,-0.0030543262,0.0036651916,TREMOR,5fa135632fe9
1776793180989,1901405439676135,-2.1332338,1.115698,-9.344569,0.002443461,-0.004276057,0.004276057,TREMOR,5fa135632fe9
1776793180997,1901405447703526,-2.1260512,1.1085154,-9.356541,0.002443461,-0.004276057,0.004276057,TREMOR,5fa135632fe9
1776793181005,1901405455699146,-2.1188686,1.103727,-9.334992,0.0030543262,-0.005497787,0.004886922,TREMOR,5fa135632fe9
1776793181013,1901405463695228,-2.1260512,1.115698,-9.3421755,0.0036651916,-0.004276057,0.004276057,TREMOR,5fa135632fe9
1776793181021,1901405471690849,-2.1308396,1.1228806,-9.32781,0.002443461,-0.004886922,0.004276057,TREMOR,5fa135632fe9
1776793181029,1901405479686853,-2.1380222,1.1085154,-9.337387,0.0012217305,-0.0061086523,0.0018325958,TREMOR,5fa135632fe9
1776793181037,1901405487682012,-2.1523874,1.1228806,-9.334992,0.0,-0.0030543262,0.002443461,TREMOR,5fa135632fe9
1776793181045,1901405495676709,-2.1619642,1.1372458,-9.334992,-0.0012217305,-0.0012217305,0.002443461,TREMOR,5fa135632fe9
1776793181053,1901405503704100,-2.1859062,1.1324574,-9.334992,-6.1086525E-4,-0.0036651916,0.002443461,TREMOR,5fa135632fe9
1776793181061,1901405511697412,-2.2026656,1.1204864,-9.351752,-0.0018325958,-6.1086525E-4,0.0012217305,TREMOR,5fa135632fe9
1776793181069,1901405519695493,-2.2098482,1.115698,-9.344569,-0.002443461,-0.0030543262,6.1086525E-4,TREMOR,5fa135632fe9
1776793181077,1901405527690267,-2.2266076,1.1324574,-9.346964,-0.0018325958,-0.002443461,-6.1086525E-4,TREMOR,5fa135632fe9
1776793181085,1901405535686349,-2.2146366,1.1300632,-9.356541,-0.0030543262,-0.0012217305,0.0,TREMOR,5fa135632fe9
1776793181093,1901405543679508,-2.2242134,1.13964,-9.349358,-0.004886922,-0.0018325958,-0.002443461,TREMOR,5fa135632fe9
1776793181101,1901405551676129,-2.2146366,1.151611,-9.349358,-0.0036651916,0.002443461,-0.002443461,TREMOR,5fa135632fe9
1776793181109,1901405559703903,-2.231396,1.1540052,-9.3421755,-0.0018325958,0.004276057,-0.0030543262,TREMOR,5fa135632fe9
1776793181117,1901405567699908,-2.2266076,1.1659763,-9.358934,-0.0018325958,0.0036651916,-0.0012217305,TREMOR,5fa135632fe9
1776793181125,1901405575693451,-2.207454,1.1659763,-9.344569,-0.0018325958,0.0061086523,-0.0036651916,TREMOR,5fa135632fe9
1776793181133,1901405583690303,-2.1930888,1.1563994,-9.339781,-0.0012217305,0.007941248,-0.0036651916,TREMOR,5fa135632fe9
1776793181141,1901405591685769,-2.2098482,1.1540052,-9.354146,-6.1086525E-4,0.007330383,-0.0030543262,TREMOR,5fa135632fe9
1776793181149,1901405599682620,-2.1859062,1.1420342,-9.332599,-0.0018325958,0.007941248,-0.0036651916,TREMOR,5fa135632fe9
1776793181157,1901405607677164,-2.1787236,1.1492168,-9.339781,-6.1086525E-4,0.007330383,-0.0030543262,TREMOR,5fa135632fe9
1776793181165,1901405615704861,-2.1691468,1.13964,-9.337387,-6.1086525E-4,0.007941248,-0.0036651916,TREMOR,5fa135632fe9
1776793181173,1901405623698712,-2.1499932,1.1252748,-9.344569,-0.002443461,0.007330383,-0.0018325958,TREMOR,5fa135632fe9
1776793181181,1901405631693717,-2.135628,1.1180922,-9.356541,0.0,0.005497787,6.1086525E-4,TREMOR,5fa135632fe9
1776793181189,1901405639689799,-2.1284454,1.0965444,-9.361329,-0.002443461,0.0061086523,6.1086525E-4,TREMOR,5fa135632fe9
1776793181197,1901405647685189,-2.1188686,1.1133038,-9.370906,-0.002443461,0.0036651916,0.002443461,TREMOR,5fa135632fe9
1776793181205,1901405655682348,-2.1164744,1.115698,-9.358934,-0.0012217305,0.004276057,0.004276057,TREMOR,5fa135632fe9
1776793181213,1901405663676276,-2.099715,1.115698,-9.346964,-0.0018325958,0.002443461,0.0030543262,TREMOR,5fa135632fe9
1776793181221,1901405671702050,-2.0901382,1.1085154,-9.361329,-0.0012217305,0.0036651916,0.0012217305,TREMOR,5fa135632fe9
1776793181229,1901405679698363,-2.0805612,1.1013328,-9.356541,-6.1086525E-4,0.0030543262,0.0030543262,TREMOR,5fa135632fe9
1776793181237,1901405687694137,-2.0949266,1.1180922,-9.344569,-0.0012217305,0.002443461,0.0018325958,TREMOR,5fa135632fe9
1776793181245,1901405695689219,-2.1021092,1.1204864,-9.339781,-0.0018325958,0.002443461,0.002443461,TREMOR,5fa135632fe9
1776793181253,1901405703684916,-2.1021092,1.1252748,-9.349358,-0.0030543262,0.002443461,0.0,TREMOR,5fa135632fe9
1776793181261,1901405711681229,-2.1188686,1.13964,-9.356541,0.0,6.1086525E-4,-0.0018325958,TREMOR,5fa135632fe9
1776793181269,1901405719676849,-2.1164744,1.1587936,-9.344569,-0.0012217305,0.0018325958,-0.0018325958,TREMOR,5fa135632fe9
1776793181277,1901405727673854,-2.1332338,1.1348516,-9.354146,-0.0012217305,0.0,-0.0030543262,TREMOR,5fa135632fe9
1776793181285,1901405735699936,-2.1667526,1.1492168,-9.354146,0.0,-6.1086525E-4,-0.004276057,TREMOR,5fa135632fe9
1776793181293,1901405743692634,-2.171541,1.1492168,-9.363723,-0.0012217305,-0.0012217305,-0.0030543262,TREMOR,5fa135632fe9
1776793181301,1901405751690716,-2.1739352,1.151611,-9.361329,6.1086525E-4,0.0,-0.0030543262,TREMOR,5fa135632fe9
1776793181309,1901405759685182,-2.1739352,1.1372458,-9.354146,0.0018325958,-0.0018325958,-0.0036651916,TREMOR,5fa135632fe9
1776793181317,1901405767679956,-2.2050598,1.1348516,-9.349358,0.0036651916,-0.0036651916,-0.002443461,TREMOR,5fa135632fe9
1776793181325,1901405775676577,-2.2002714,1.1348516,-9.363723,0.0061086523,-0.004886922,-6.1086525E-4,TREMOR,5fa135632fe9
1776793181333,1901405783701505,-2.2146366,1.1204864,-9.356541,0.004886922,-0.0067195175,-0.0012217305,TREMOR,5fa135632fe9
1776793181341,1901405791698433,-2.1930888,1.1252748,-9.356541,0.004276057,-0.004276057,6.1086525E-4,TREMOR,5fa135632fe9
1776793181349,1901405799693284,-2.2002714,1.1228806,-9.370906,0.005497787,-0.0061086523,-0.002443461,TREMOR,5fa135632fe9
1776793181357,1901405807689597,-2.2026656,1.1109096,-9.356541,0.004276057,-0.007330383,6.1086525E-4,TREMOR,5fa135632fe9
1776793181365,1901405815684910,-2.1978772,1.1348516,-9.349358,0.0030543262,-0.0067195175,-6.1086525E-4,TREMOR,5fa135632fe9
1776793181373,1901405823680376,-2.2002714,1.1468226,-9.363723,0.0012217305,-0.005497787,0.0,TREMOR,5fa135632fe9
1776793181381,1901405831676304,-2.2050598,1.1420342,-9.368511,0.0,-0.0018325958,-0.0012217305,TREMOR,5fa135632fe9
1776793181389,1901405839702771,-2.195483,1.1228806,-9.370906,-6.1086525E-4,6.1086525E-4,-0.002443461,TREMOR,5fa135632fe9
1776793181397,1901405847696391,-2.1906946,1.115698,-9.344569,-0.002443461,0.0036651916,-0.0036651916,TREMOR,5fa135632fe9
1776793181405,1901405855693935,-2.2002714,1.1300632,-9.363723,-0.0036651916,0.005497787,-0.0030543262,TREMOR,5fa135632fe9
1776793181413,1901405863687709,-2.1859062,1.1085154,-9.346964,-0.002443461,0.0061086523,-0.0018325958,TREMOR,5fa135632fe9
1776793181421,1901405871685252,-2.1883004,1.13964,-9.351752,-0.0036651916,0.007941248,-0.0012217305,TREMOR,5fa135632fe9
1776793181429,1901405879681027,-2.183512,1.127669,-9.337387,-0.0036651916,0.009773844,-6.1086525E-4,TREMOR,5fa135632fe9
1776793181437,1901405887676339,-2.1739352,1.1252748,-9.344569,-0.0061086523,0.01160644,-0.0012217305,TREMOR,5fa135632fe9
1776793181445,1901405895701037,-2.1571758,1.1300632,-9.354146,-0.004886922,0.010995574,-6.1086525E-4,TREMOR,5fa135632fe9
1776793181453,1901405903696965,-2.1404164,1.1252748,-9.358934,-0.0067195175,0.010995574,0.0012217305,TREMOR,5fa135632fe9
1776793181461,1901405911693585,-2.1404164,1.13964,-9.378088,-0.005497787,0.009162978,0.0012217305,TREMOR,5fa135632fe9
1776793181469,1901405919689360,-2.1452048,1.1300632,-9.368511,-0.0061086523,0.01038471,0.0012217305,TREMOR,5fa135632fe9
1776793181477,1901405927684441,-2.1332338,1.1061212,-9.363723,-0.0036651916,0.009162978,0.0018325958,TREMOR,5fa135632fe9
1776793181485,1901405935679754,-2.123657,1.103727,-9.3661175,-0.0036651916,0.0067195175,0.0030543262,TREMOR,5fa135632fe9
1776793181493,1901405943676144,-2.1164744,1.1204864,-9.3733,-0.0030543262,0.005497787,0.0012217305,TREMOR,5fa135632fe9
1776793181501,1901405951702533,-2.1092918,1.1228806,-9.375694,-0.0012217305,0.004276057,-0.0012217305,TREMOR,5fa135632fe9
1776793181509,1901405959696462,-2.1188686,1.1420342,-9.363723,0.0,0.002443461,-6.1086525E-4,TREMOR,5fa135632fe9
1776793181517,1901405967692774,-2.1092918,1.1468226,-9.378088,0.0,0.0,-6.1086525E-4,TREMOR,5fa135632fe9
1776793181525,1901405975688779,-2.1092918,1.163582,-9.378088,0.0012217305,-0.0018325958,0.0018325958,TREMOR,5fa135632fe9
1776793181533,1901405983684169,-2.1092918,1.151611,-9.354146,0.0,-0.0036651916,0.0018325958,TREMOR,5fa135632fe9
1776793181541,1901405991678559,-2.1188686,1.1348516,-9.3733,0.0018325958,-0.0036651916,-6.1086525E-4,TREMOR,5fa135632fe9
1776793181549,1901405999705333,-2.1188686,1.1372458,-9.368511,0.0018325958,-0.0061086523,-6.1086525E-4,TREMOR,5fa135632fe9
1776793181557,1901406007701107,-2.135628,1.13964,-9.344569,0.0030543262,-0.0067195175,0.0012217305,TREMOR,5fa135632fe9
1776793181565,1901406015694958,-2.1404164,1.1324574,-9.368511,0.0030543262,-0.009773844,0.0012217305,TREMOR,5fa135632fe9
1776793181573,1901406023690656,-2.1619642,1.1420342,-9.361329,0.004276057,-0.01160644,0.0012217305,TREMOR,5fa135632fe9
1776793181581,1901406031687276,-2.1619642,1.1180922,-9.354146,0.0012217305,-0.01038471,-6.1086525E-4,TREMOR,5fa135632fe9
1776793181589,1901406039684743,-2.1787236,1.1348516,-9.346964,0.002443461,-0.01160644,0.0012217305,TREMOR,5fa135632fe9
1776793181597,1901406047678671,-2.1978772,1.127669,-9.370906,0.0036651916,-0.01160644,0.0018325958,TREMOR,5fa135632fe9
1776793181605,1901406055704829,-2.2050598,1.1109096,-9.354146,0.0012217305,-0.012217305,0.002443461,TREMOR,5fa135632fe9
1776793181613,1901406063701450,-2.1930888,1.1324574,-9.354146,6.1086525E-4,-0.009773844,0.0030543262,TREMOR,5fa135632fe9
1776793181621,1901406071695609,-2.2050598,1.1324574,-9.351752,0.0,-0.007941248,0.0012217305,TREMOR,5fa135632fe9
1776793181629,1901406079691845,-2.207454,1.1133038,-9.3661175,-6.1086525E-4,-0.004886922,0.0018325958,TREMOR,5fa135632fe9
1776793181637,1901406087687850,-2.219425,1.1420342,-9.3661175,-0.0012217305,-0.0030543262,0.0012217305,TREMOR,5fa135632fe9
1776793181645,1901406095682624,-2.2242134,1.1300632,-9.358934,-0.0012217305,0.0,0.0,TREMOR,5fa135632fe9
1776793181653,1901406103678013,-2.2242134,1.1468226,-9.358934,-0.0012217305,0.0012217305,0.0018325958,TREMOR,5fa135632fe9
1776793181661,1901406111704557,-2.2170308,1.1731589,-9.370906,-0.002443461,0.0036651916,6.1086525E-4,TREMOR,5fa135632fe9
1776793181669,1901406119701793,-2.2122424,1.1779473,-9.356541,-0.0018325958,0.0036651916,-0.0012217305,TREMOR,5fa135632fe9
1776793181677,1901406127698413,-2.2122424,1.1803415,-9.351752,-0.002443461,0.004886922,-0.0012217305,TREMOR,5fa135632fe9
1776793181685,1901406135691264,-2.2170308,1.1779473,-9.3661175,-6.1086525E-4,0.007941248,-0.0012217305,TREMOR,5fa135632fe9
1776793181693,1901406143686962,-2.195483,1.1875241,-9.361329,-6.1086525E-4,0.0061086523,-0.0018325958,TREMOR,5fa135632fe9
1776793181701,1901406151685428,-2.183512,1.163582,-9.351752,-0.0012217305,0.0067195175,-0.002443461,TREMOR,5fa135632fe9
1776793181709,1901406159678049,-2.1930888,1.163582,-9.378088,0.0,0.007941248,-6.1086525E-4,TREMOR,5fa135632fe9
1776793181717,1901406167705823,-2.171541,1.1683705,-9.356541,0.0,0.0067195175,-0.0018325958,TREMOR,5fa135632fe9
1776793181725,1901406175701212,-2.1332338,1.1444284,-9.370906,-6.1086525E-4,0.005497787,-6.1086525E-4,TREMOR,5fa135632fe9
1776793181733,1901406183696833,-2.1332338,1.1204864,-9.351752,6.1086525E-4,0.0061086523,-6.1086525E-4,TREMOR,5fa135632fe9
1776793181741,1901406191690992,-2.1380222,1.1204864,-9.380483,0.0012217305,0.0030543262,-0.0012217305,TREMOR,5fa135632fe9
1776793181749,1901406199688843,-2.1380222,1.1013328,-9.368511,0.0018325958,0.0018325958,-6.1086525E-4,TREMOR,5fa135632fe9
1776793181757,1901406207683925,-2.1188686,1.0845734,-9.349358,0.002443461,0.0030543262,6.1086525E-4,TREMOR,5fa135632fe9
1776793181765,1901406215679391,-2.1045034,1.0869676,-9.3661175,0.0030543262,0.0012217305,-0.0012217305,TREMOR,5fa135632fe9
1776793181773,1901406223675089,-2.1068976,1.079785,-9.375694,0.002443461,6.1086525E-4,-0.0018325958,TREMOR,5fa135632fe9
1776793181781,1901406231700555,-2.1284454,1.067814,-9.378088,0.0,6.1086525E-4,6.1086525E-4,TREMOR,5fa135632fe9
1776793181789,1901406239696637,-2.1021092,1.0845734,-9.361329,0.0,-0.0012217305,-0.0012217305,TREMOR,5fa135632fe9
1776793181797,1901406247691642,-2.1140802,1.0654198,-9.382876,-0.0012217305,-0.0036651916,-0.0012217305,TREMOR,5fa135632fe9
1776793181805,1901406255687647,-2.1332338,1.0773908,-9.380483,-6.1086525E-4,-0.0030543262,6.1086525E-4,TREMOR,5fa135632fe9
1776793181813,1901406263683422,-2.135628,1.0965444,-9.375694,-0.0018325958,-0.0018325958,6.1086525E-4,TREMOR,5fa135632fe9
1776793181821,1901406271679350,-2.1428106,1.0941502,-9.3661175,-6.1086525E-4,-0.0018325958,0.0,TREMOR,5fa135632fe9
1776793181829,1901406279704047,-2.1452048,1.1133038,-9.358934,-0.0018325958,-0.0018325958,6.1086525E-4,TREMOR,5fa135632fe9
1776793181837,1901406287699129,-2.1452048,1.151611,-9.361329,-0.0012217305,-0.0018325958,0.0,TREMOR,5fa135632fe9
1776793181845,1901406295696365,-2.1619642,1.13964,-9.354146,-0.0018325958,-6.1086525E-4,0.0018325958,TREMOR,5fa135632fe9
1776793181853,1901406303691370,-2.1763294,1.151611,-9.332599,0.0,-0.0012217305,0.0,TREMOR,5fa135632fe9
1776793181861,1901406311689298,-2.1619642,1.151611,-9.337387,-6.1086525E-4,-0.0012217305,-0.0018325958,TREMOR,5fa135632fe9
1776793181869,1901406319683457,-2.1978772,1.1659763,-9.344569,6.1086525E-4,-0.0012217305,-6.1086525E-4,TREMOR,5fa135632fe9
1776793181877,1901406327677308,-2.207454,1.1803415,-9.334992,0.0012217305,-0.0018325958,0.0,TREMOR,5fa135632fe9
1776793181885,1901406335705313,-2.1978772,1.1563994,-9.334992,-0.0012217305,-6.1086525E-4,-0.0018325958,TREMOR,5fa135632fe9
1776793181893,1901406343699087,-2.2146366,1.1683705,-9.337387,-6.1086525E-4,-6.1086525E-4,-6.1086525E-4,TREMOR,5fa135632fe9
1776793181901,1901406351695477,-2.2218192,1.1731589,-9.334992,-6.1086525E-4,-6.1086525E-4,0.0012217305,TREMOR,5fa135632fe9
1776793181909,1901406359692020,-2.2098482,1.1683705,-9.344569,0.0,-6.1086525E-4,-6.1086525E-4,TREMOR,5fa135632fe9
1776793181917,1901406367685871,-2.2266076,1.1587936,-9.339781,-0.0018325958,0.0,-6.1086525E-4,TREMOR,5fa135632fe9
1776793181925,1901406375683415,-2.207454,1.1563994,-9.354146,-0.0018325958,0.0012217305,-0.0012217305,TREMOR,5fa135632fe9
1776793181933,1901406383676958,-2.2098482,1.13964,-9.346964,0.0,0.0012217305,6.1086525E-4,TREMOR,5fa135632fe9
1776793181941,1901406391705271,-2.1859062,1.1204864,-9.349358,-0.002443461,0.004276057,-6.1086525E-4,TREMOR,5fa135632fe9
1776793181949,1901406399699430,-2.1763294,1.1180922,-9.361329,-0.0012217305,0.004886922,0.0,TREMOR,5fa135632fe9
1776793181957,1901406407695512,-2.1739352,1.1204864,-9.358934,-0.0018325958,0.0067195175,6.1086525E-4,TREMOR,5fa135632fe9
1776793181965,1901406415692440,-2.1452048,1.1085154,-9.361329,-0.0030543262,0.007941248,0.0012217305,TREMOR,5fa135632fe9
1776793181973,1901406423686830,-2.123657,1.103727,-9.382876,-0.0018325958,0.007941248,-6.1086525E-4,TREMOR,5fa135632fe9
1776793181981,1901406431682835,-2.1092918,1.115698,-9.382876,-0.002443461,0.0061086523,-0.0012217305,TREMOR,5fa135632fe9
1776793181989,1901406439677301,-2.1068976,1.115698,-9.375694,-0.002443461,0.009162978,0.0,TREMOR,5fa135632fe9
1776793181997,1901406447704691,-2.111686,1.1061212,-9.3733,-0.0030543262,0.0067195175,0.0,TREMOR,5fa135632fe9
1776793182005,1901406455699157,-2.1212628,1.0989386,-9.375694,-0.004276057,0.008552114,0.0,TREMOR,5fa135632fe9
1776793182013,1901406463694009,-2.1212628,1.0941502,-9.382876,-0.0018325958,0.0067195175,6.1086525E-4,TREMOR,5fa135632fe9
1776793182021,1901406471691552,-2.1092918,1.0989386,-9.375694,-0.0018325958,0.005497787,-6.1086525E-4,TREMOR,5fa135632fe9
1776793182029,1901406479685942,-2.111686,1.1061212,-9.368511,-6.1086525E-4,0.0012217305,-0.0030543262,TREMOR,5fa135632fe9
1776793182037,1901406487682331,-2.1284454,1.1372458,-9.361329,6.1086525E-4,-6.1086525E-4,-6.1086525E-4,TREMOR,5fa135632fe9
1776793182045,1901406495679259,-2.1140802,1.127669,-9.361329,0.0012217305,-0.0012217305,-0.0018325958,TREMOR,5fa135632fe9
1776793182053,1901406503701957,-2.1260512,1.1324574,-9.378088,0.0036651916,-0.0061086523,0.0,TREMOR,5fa135632fe9
1776793182061,1901406511698577,-2.1188686,1.1420342,-9.358934,0.0018325958,-0.007941248,-6.1086525E-4,TREMOR,5fa135632fe9
1776793182069,1901406519694351,-2.1188686,1.151611,-9.349358,0.0018325958,-0.007941248,-0.0012217305,TREMOR,5fa135632fe9
1776793182077,1901406527693126,-2.1452048,1.1492168,-9.356541,0.0030543262,-0.01038471,0.0012217305,TREMOR,5fa135632fe9
1776793182085,1901406535687900,-2.1523874,1.1587936,-9.356541,0.0030543262,-0.012217305,6.1086525E-4,TREMOR,5fa135632fe9
1776793182093,1901406543681751,-2.1667526,1.151611,-9.344569,0.0018325958,-0.010995574,0.0012217305,TREMOR,5fa135632fe9
1776793182101,1901406551677987,-2.171541,1.13964,-9.356541,0.0030543262,-0.009773844,0.0012217305,TREMOR,5fa135632fe9
1776793182109,1901406559704530,-2.183512,1.1444284,-9.3421755,0.0018325958,-0.01038471,0.0030543262,TREMOR,5fa135632fe9
1776793182117,1901406567698997,-2.1811178,1.1204864,-9.3421755,0.0018325958,-0.009162978,0.0012217305,TREMOR,5fa135632fe9
1776793182125,1901406575696233,-2.1978772,1.1180922,-9.344569,0.0018325958,-0.009773844,0.0036651916,TREMOR,5fa135632fe9
1776793182133,1901406583691315,-2.1906946,1.1252748,-9.339781,0.0036651916,-0.007941248,0.0036651916,TREMOR,5fa135632fe9
1776793182141,1901406591686397,-2.183512,1.1109096,-9.332599,0.002443461,-0.0061086523,0.0036651916,TREMOR,5fa135632fe9
1776793182149,1901406599682094,-2.1930888,1.1204864,-9.358934,6.1086525E-4,-0.004886922,0.0030543262,TREMOR,5fa135632fe9
1776793182157,1901406607679330,-2.1978772,1.103727,-9.370906,0.0,-0.005497787,0.002443461,TREMOR,5fa135632fe9
1776793182165,1901406615702412,-2.2026656,1.1204864,-9.361329,-6.1086525E-4,-0.0030543262,0.004276057,TREMOR,5fa135632fe9
1776793182173,1901406623698340,-2.2218192,1.1133038,-9.358934,-0.0018325958,-0.0012217305,0.0018325958,TREMOR,5fa135632fe9
1776793182181,1901406631695268,-2.1930888,1.1061212,-9.358934,-0.002443461,0.0012217305,0.0012217305,TREMOR,5fa135632fe9
1776793182189,1901406639688888,-2.2026656,1.1324574,-9.3661175,-0.0030543262,0.0036651916,0.0018325958,TREMOR,5fa135632fe9
1776793182197,1901406647685509,-2.2122424,1.1252748,-9.349358,-0.0030543262,0.0012217305,-6.1086525E-4,TREMOR,5fa135632fe9
1776793182205,1901406655682052,-2.2170308,1.1492168,-9.354146,-0.0036651916,0.005497787,6.1086525E-4,TREMOR,5fa135632fe9
1776793182213,1901406663676903,-2.2002714,1.1348516,-9.349358,-0.002443461,0.005497787,-0.0036651916,TREMOR,5fa135632fe9
1776793182221,1901406671702447,-2.1930888,1.1540052,-9.349358,-0.0030543262,0.004276057,-0.0036651916,TREMOR,5fa135632fe9
1776793182229,1901406679697759,-2.2026656,1.151611,-9.339781,-0.0030543262,0.004886922,-0.0030543262,TREMOR,5fa135632fe9
1776793182237,1901406687694764,-2.1811178,1.1587936,-9.334992,-0.002443461,0.0061086523,-0.004886922,TREMOR,5fa135632fe9
1776793182245,1901406695691000,-2.1906946,1.1707647,-9.339781,-0.0036651916,0.0061086523,-0.004886922,TREMOR,5fa135632fe9
1776793182253,1901406703685774,-2.1883004,1.1755531,-9.334992,-0.0012217305,0.0067195175,-0.0061086523,TREMOR,5fa135632fe9
1776793182261,1901406711680626,-2.1859062,1.1540052,-9.351752,-0.0036651916,0.007941248,-0.0036651916,TREMOR,5fa135632fe9
1776793182269,1901406719675708,-2.1859062,1.1683705,-9.3421755,-0.0030543262,0.007941248,-0.0036651916,TREMOR,5fa135632fe9
1776793182277,1901406727702097,-2.1787236,1.1492168,-9.344569,-6.1086525E-4,0.008552114,-0.004886922,TREMOR,5fa135632fe9
1776793182285,1901406735698487,-2.171541,1.1300632,-9.332599,-0.0018325958,0.008552114,-0.0036651916,TREMOR,5fa135632fe9
1776793182293,1901406743694492,-2.1763294,1.1420342,-9.3421755,-0.004886922,0.01038471,-0.005497787,TREMOR,5fa135632fe9
1776793182301,1901406751689805,-2.1667526,1.1061212,-9.3421755,-0.002443461,0.009162978,-0.0018325958,TREMOR,5fa135632fe9
1776793182309,1901406759684040,-2.1619642,1.103727,-9.351752,-0.004276057,0.012217305,-0.005497787,TREMOR,5fa135632fe9
1776793182317,1901406767682122,-2.147599,1.1133038,-9.361329,-0.0036651916,0.009773844,-0.004276057,TREMOR,5fa135632fe9
1776793182325,1901406775676897,-2.1428106,1.0965444,-9.3733,-0.005497787,0.01282817,-0.004276057,TREMOR,5fa135632fe9
1776793182333,1901406783702132,-2.1404164,1.0941502,-9.361329,-0.005497787,0.012217305,-0.004276057,TREMOR,5fa135632fe9
1776793182341,1901406791698753,-2.147599,1.0989386,-9.3733,-0.005497787,0.010995574,-0.004276057,TREMOR,5fa135632fe9
1776793182349,1901406799694835,-2.111686,1.103727,-9.378088,-0.005497787,0.012217305,-0.0061086523,TREMOR,5fa135632fe9
1776793182357,1901406807689840,-2.1212628,1.0821792,-9.3733,-0.0067195175,0.01160644,-0.005497787,TREMOR,5fa135632fe9
1776793182365,1901406815685306,-2.1068976,1.0893618,-9.375694,-0.004276057,0.007941248,-0.002443461,TREMOR,5fa135632fe9
1776793182373,1901406823681004,-2.0901382,1.0893618,-9.368511,-0.0030543262,0.0061086523,-0.0012217305,TREMOR,5fa135632fe9
1776793182381,1901406831677239,-2.0805612,1.1013328,-9.370906,-0.002443461,0.004886922,6.1086525E-4,TREMOR,5fa135632fe9
1776793182389,1901406839700937,-2.0901382,1.1180922,-9.3733,-0.0012217305,0.0018325958,0.0,TREMOR,5fa135632fe9
1776793182397,1901406847697634,-2.0590134,1.1061212,-9.3733,-6.1086525E-4,-0.0018325958,0.0018325958,TREMOR,5fa135632fe9
1776793182405,1901406855693254,-2.0614076,1.1300632,-9.363723,0.0012217305,-0.004886922,0.0012217305,TREMOR,5fa135632fe9
1776793182413,1901406863691413,-2.066196,1.103727,-9.351752,0.0012217305,-0.009162978,0.002443461,TREMOR,5fa135632fe9
1776793182421,1901406871684034,-2.078167,1.115698,-9.368511,0.002443461,-0.01282817,0.0018325958,TREMOR,5fa135632fe9
1776793182429,1901406879681654,-2.0757728,1.1444284,-9.349358,0.0030543262,-0.015882496,0.004276057,TREMOR,5fa135632fe9
1776793182437,1901406887674890,-2.1164744,1.1348516,-9.358934,0.0036651916,-0.018325957,0.0012217305,TREMOR,5fa135632fe9
1776793182445,1901406895702587,-2.1380222,1.1348516,-9.358934,0.0030543262,-0.017104227,0.0030543262,TREMOR,5fa135632fe9
1776793182453,1901406903697977,-2.1428106,1.1492168,-9.344569,0.0018325958,-0.017715093,0.0036651916,TREMOR,5fa135632fe9
1776793182461,1901406911695751,-2.135628,1.1372458,-9.346964,-6.1086525E-4,-0.018325957,0.004886922,TREMOR,5fa135632fe9
1776793182469,1901406919688679,-2.1619642,1.1420342,-9.337387,0.002443461,-0.016493361,0.0036651916,TREMOR,5fa135632fe9
1776793182477,1901406927684761,-2.1667526,1.151611,-9.346964,0.0018325958,-0.017715093,0.004276057,TREMOR,5fa135632fe9
1776793182485,1901406935680074,-2.1978772,1.163582,-9.332599,0.0030543262,-0.014660766,0.004276057,TREMOR,5fa135632fe9
1776793182493,1901406943675848,-2.207454,1.1587936,-9.344569,0.0018325958,-0.012217305,0.002443461,TREMOR,5fa135632fe9
1776793182501,1901406951704469,-2.2385786,1.1755531,-9.3421755,0.0018325958,-0.01160644,0.004276057,TREMOR,5fa135632fe9
1776793182509,1901406959696474,-2.2457612,1.163582,-9.344569,6.1086525E-4,-0.007941248,0.0018325958,TREMOR,5fa135632fe9
1776793182517,1901406967693402,-2.2457612,1.1611878,-9.339781,0.0012217305,-0.008552114,6.1086525E-4,TREMOR,5fa135632fe9
1776793182525,1901406975690637,-2.2577322,1.1587936,-9.344569,0.0012217305,-0.008552114,0.0012217305,TREMOR,5fa135632fe9
1776793182533,1901406983684181,-2.2720973,1.1587936,-9.346964,0.0036651916,-0.0067195175,0.0012217305,TREMOR,5fa135632fe9
1776793182541,1901406991678340,-2.2577322,1.163582,-9.351752,0.004276057,-0.005497787,0.0,TREMOR,5fa135632fe9
1776793182549,1901406999706883,-2.2385786,1.1563994,-9.358934,0.004276057,-0.0061086523,-0.0018325958,TREMOR,5fa135632fe9
1776793182557,1901407007701042,-2.2409728,1.1420342,-9.354146,0.004886922,-0.004276057,-0.0012217305,TREMOR,5fa135632fe9
1776793182565,1901407015695893,-2.2290018,1.127669,-9.330204,0.004886922,-0.0030543262,0.0,TREMOR,5fa135632fe9
1776793182573,1901407023693437,-2.2098482,1.127669,-9.334992,0.004886922,-6.1086525E-4,-0.0012217305,TREMOR,5fa135632fe9
1776793182581,1901407031689134,-2.2002714,1.1061212,-9.337387,0.005497787,-6.1086525E-4,-0.002443461,TREMOR,5fa135632fe9
1776793182589,1901407039684447,-2.1883004,1.1252748,-9.344569,0.004886922,0.0012217305,-0.002443461,TREMOR,5fa135632fe9
1776793182597,1901407047679913,-2.183512,1.1372458,-9.358934,0.0018325958,0.002443461,-0.0030543262,TREMOR,5fa135632fe9
1776793182605,1901407055677072,-2.1619642,1.1324574,-9.344569,0.0012217305,0.0036651916,-0.004886922,TREMOR,5fa135632fe9
1776793182613,1901407063702077,-2.1643584,1.1372458,-9.349358,0.0012217305,0.007941248,-0.0061086523,TREMOR,5fa135632fe9
1776793182621,1901407071698005,-2.1691468,1.1180922,-9.356541,0.0,0.005497787,-0.005497787,TREMOR,5fa135632fe9
1776793182629,1901407079695241,-2.1691468,1.1133038,-9.361329,0.0,0.007941248,-0.0061086523,TREMOR,5fa135632fe9
1776793182637,1901407087687323,-2.1523874,1.1013328,-9.351752,-6.1086525E-4,0.009162978,-0.0061086523,TREMOR,5fa135632fe9
1776793182645,1901407095682328,-2.147599,1.0989386,-9.349358,0.0,0.007941248,-0.004886922,TREMOR,5fa135632fe9
1776793182653,1901407103680795,-2.1547816,1.1061212,-9.334992,-0.0012217305,0.0067195175,-0.004276057,TREMOR,5fa135632fe9
1776793182661,1901407111674646,-2.147599,1.0941502,-9.337387,-6.1086525E-4,0.0067195175,-0.0061086523,TREMOR,5fa135632fe9
1776793182669,1901407119699959,-2.147599,1.103727,-9.351752,-0.0012217305,0.0030543262,-0.0036651916,TREMOR,5fa135632fe9
1776793182677,1901407127695964,-2.1380222,1.1061212,-9.344569,-0.002443461,0.005497787,-0.0018325958,TREMOR,5fa135632fe9
1776793182685,1901407135692815,-2.1308396,1.091756,-9.3661175,-0.0030543262,0.0036651916,-0.0018325958,TREMOR,5fa135632fe9
1776793182693,1901407143687974,-2.1404164,1.115698,-9.361329,-0.0030543262,0.004276057,-0.0036651916,TREMOR,5fa135632fe9
1776793182701,1901407151684825,-2.1428106,1.115698,-9.356541,-0.004276057,0.004276057,-0.0036651916,TREMOR,5fa135632fe9
1776793182709,1901407159679061,-2.1452048,1.1133038,-9.349358,-0.002443461,0.0067195175,-0.002443461,TREMOR,5fa135632fe9
1776793182717,1901407167706681,-2.15957,1.1180922,-9.346964,-0.002443461,0.005497787,-0.0036651916,TREMOR,5fa135632fe9
1776793182725,1901407175702071,-2.1547816,1.1180922,-9.356541,-0.0036651916,0.005497787,-0.0036651916,TREMOR,5fa135632fe9
1776793182733,1901407183696922,-2.1667526,1.103727,-9.349358,-0.004276057,0.004276057,-0.0018325958,TREMOR,5fa135632fe9
1776793182741,1901407191691927,-2.183512,1.115698,-9.356541,-0.004276057,0.004886922,-0.004276057,TREMOR,5fa135632fe9
1776793182749,1901407199687624,-2.1859062,1.127669,-9.349358,-0.0030543262,0.004276057,-0.005497787,TREMOR,5fa135632fe9
1776793182757,1901407207683014,-2.171541,1.1444284,-9.346964,-0.002443461,0.0036651916,-0.0030543262,TREMOR,5fa135632fe9
1776793182765,1901407215679711,-2.1643584,1.1468226,-9.356541,-0.0030543262,0.005497787,-0.005497787,TREMOR,5fa135632fe9
1776793182773,1901407223705255,-2.1547816,1.151611,-9.337387,-0.002443461,0.004276057,-0.004886922,TREMOR,5fa135632fe9
1776793182781,1901407231700952,-2.1523874,1.1731589,-9.332599,-0.0030543262,0.002443461,-0.0036651916,TREMOR,5fa135632fe9
1776793182789,1901407239695342,-2.15957,1.1731589,-9.334992,-0.0018325958,0.0012217305,-0.0012217305,TREMOR,5fa135632fe9
1776793182797,1901407247692962,-2.1787236,1.1540052,-9.354146,-0.0012217305,0.0018325958,-0.002443461,TREMOR,5fa135632fe9
1776793182805,1901407255688582,-2.1452048,1.1611878,-9.356541,-0.0018325958,0.0018325958,-0.002443461,TREMOR,5fa135632fe9
1776793182813,1901407263683741,-2.1499932,1.151611,-9.3421755,6.1086525E-4,0.0018325958,-0.0018325958,TREMOR,5fa135632fe9
1776793182821,1901407271679977,-2.1428106,1.1611878,-9.354146,0.0012217305,0.0,-6.1086525E-4,TREMOR,5fa135632fe9
1776793182829,1901407279706136,-2.1284454,1.1324574,-9.351752,0.0030543262,-0.0012217305,0.0012217305,TREMOR,5fa135632fe9
1776793182837,1901407287701295,-2.1212628,1.1348516,-9.344569,0.004276057,-0.004276057,-0.002443461,TREMOR,5fa135632fe9
1776793182845,1901407295697531,-2.123657,1.1204864,-9.344569,0.0030543262,-0.0030543262,-6.1086525E-4,TREMOR,5fa135632fe9
1776793182853,1901407303691074,-2.1260512,1.127669,-9.363723,0.0030543262,-0.004276057,-6.1086525E-4,TREMOR,5fa135632fe9
1776793182861,1901407311688387,-2.1308396,1.1109096,-9.358934,0.004276057,-0.004276057,0.0,TREMOR,5fa135632fe9
1776793182869,1901407319684084,-2.1332338,1.103727,-9.3661175,0.0036651916,-0.004886922,-0.002443461,TREMOR,5fa135632fe9
1776793182877,1901407327679781,-2.1499932,1.0989386,-9.363723,0.0036651916,-0.007330383,-0.0012217305,TREMOR,5fa135632fe9
1776793182885,1901407335704940,-2.1380222,1.1013328,-9.361329,0.0018325958,-0.0067195175,-0.002443461,TREMOR,5fa135632fe9
1776793182893,1901407343701638,-2.1547816,1.0941502,-9.370906,0.0030543262,-0.0061086523,-0.0036651916,TREMOR,5fa135632fe9
1776793182901,1901407351697027,-2.171541,1.0941502,-9.356541,0.0012217305,-0.0061086523,-0.004886922,TREMOR,5fa135632fe9
1776793182909,1901407359692032,-2.1811178,1.0749966,-9.382876,0.0012217305,-0.007330383,-0.004276057,TREMOR,5fa135632fe9
1776793182917,1901407367688114,-2.1811178,1.0893618,-9.354146,0.0,-0.007330383,-0.0018325958,TREMOR,5fa135632fe9
1776793182925,1901407375684042,-2.1978772,1.1013328,-9.349358,0.0018325958,-0.007941248,-0.002443461,TREMOR,5fa135632fe9
1776793182933,1901407383678893,-2.1930888,1.1061212,-9.337387,6.1086525E-4,-0.007330383,-0.0036651916,TREMOR,5fa135632fe9
1776793182941,1901407391704360,-2.195483,1.115698,-9.334992,0.0012217305,-0.005497787,-0.0018325958,TREMOR,5fa135632fe9
1776793182949,1901407399701596,-2.1859062,1.1180922,-9.344569,0.0,-0.0067195175,-0.002443461,TREMOR,5fa135632fe9
1776793182957,1901407407695832,-2.1667526,1.1420342,-9.337387,0.0,-0.0061086523,-0.0018325958,TREMOR,5fa135632fe9
1776793182965,1901407415692452,-2.1859062,1.1348516,-9.325416,-6.1086525E-4,-0.0012217305,-0.0018325958,TREMOR,5fa135632fe9
1776793182973,1901407423687149,-2.207454,1.1444284,-9.3421755,-0.0018325958,-6.1086525E-4,-0.0012217305,TREMOR,5fa135632fe9
1776793182981,1901407431682847,-2.1930888,1.1611878,-9.332599,-0.0018325958,0.002443461,-0.0030543262,TREMOR,5fa135632fe9
1776793182989,1901407439679467,-2.1978772,1.163582,-9.320627,-0.0012217305,0.002443461,-0.002443461,TREMOR,5fa135632fe9
1776793182997,1901407447703472,-2.1883004,1.1468226,-9.344569,-0.002443461,0.0036651916,-0.0030543262,TREMOR,5fa135632fe9
1776793183005,1901407455700400,-2.1883004,1.151611,-9.325416,-0.0018325958,0.0030543262,-0.0036651916,TREMOR,5fa135632fe9
1776793183013,1901407463695559,-2.1978772,1.1779473,-9.346964,-0.002443461,0.004276057,-0.002443461,TREMOR,5fa135632fe9
1776793183021,1901407471692410,-2.1859062,1.163582,-9.349358,-0.0018325958,0.004276057,-0.0030543262,TREMOR,5fa135632fe9
1776793183029,1901407479687184,-2.1667526,1.1540052,-9.344569,-6.1086525E-4,0.002443461,-0.002443461,TREMOR,5fa135632fe9
1776793183037,1901407487682959,-2.1571758,1.1348516,-9.3421755,-6.1086525E-4,0.004276057,-6.1086525E-4,TREMOR,5fa135632fe9
1776793183045,1901407495678348,-2.1428106,1.1204864,-9.344569,0.0018325958,0.0012217305,-6.1086525E-4,TREMOR,5fa135632fe9
1776793183053,1901407503704199,-2.135628,1.103727,-9.356541,0.0018325958,0.0,6.1086525E-4,TREMOR,5fa135632fe9
1776793183061,1901407511699897,-2.1260512,1.079785,-9.368511,0.0030543262,-0.0012217305,0.0012217305,TREMOR,5fa135632fe9
1776793183069,1901407519697363,-2.1068976,1.0893618,-9.354146,0.004886922,-0.004886922,0.004276057,TREMOR,5fa135632fe9
1776793183077,1901407527691599,-2.087744,1.0821792,-9.358934,0.0067195175,-0.0067195175,0.005497787,TREMOR,5fa135632fe9
1776793183085,1901407535688143,-2.0805612,1.0726024,-9.356541,0.004276057,-0.009773844,0.004886922,TREMOR,5fa135632fe9
1776793183093,1901407543682609,-2.0973208,1.0821792,-9.358934,0.004276057,-0.01160644,0.004886922,TREMOR,5fa135632fe9
1776793183101,1901407551678076,-2.0925324,1.0941502,-9.349358,0.002443461,-0.010995574,0.007330383,TREMOR,5fa135632fe9
1776793183109,1901407559704773,-2.1092918,1.0989386,-9.351752,0.0012217305,-0.013439035,0.0036651916,TREMOR,5fa135632fe9
1776793183117,1901407567701701,-2.1164744,1.0869676,-9.363723,0.0018325958,-0.01160644,0.005497787,TREMOR,5fa135632fe9
1776793183125,1901407575697168,-2.1523874,1.1085154,-9.358934,6.1086525E-4,-0.01160644,0.005497787,TREMOR,5fa135632fe9
1776793183133,1901407583691942,-2.1619642,1.0989386,-9.351752,0.0,-0.01038471,0.0036651916,TREMOR,5fa135632fe9
1776793183141,1901407591686639,-2.1811178,1.1180922,-9.339781,-0.0012217305,-0.007941248,0.0012217305,TREMOR,5fa135632fe9
1776793183149,1901407599683260,-2.219425,1.127669,-9.332599,-0.0018325958,-0.0061086523,0.0012217305,TREMOR,5fa135632fe9
1776793183157,1901407607678419,-2.2337902,1.1180922,-9.358934,-6.1086525E-4,-0.0067195175,6.1086525E-4,TREMOR,5fa135632fe9
1776793183165,1901407615704577,-2.2649148,1.1348516,-9.332599,-6.1086525E-4,-0.004886922,-0.0012217305,TREMOR,5fa135632fe9
1776793183173,1901407623699659,-2.255338,1.1420342,-9.325416,-0.0018325958,-0.005497787,-0.002443461,TREMOR,5fa135632fe9
1776793183181,1901407631694357,-2.2697031,1.1683705,-9.334992,-0.002443461,-0.002443461,0.0,TREMOR,5fa135632fe9
1776793183189,1901407639691592,-2.2984335,1.1611878,-9.323022,-0.0018325958,-0.0018325958,-0.002443461,TREMOR,5fa135632fe9
1776793183197,1901407647686674,-2.2936451,1.1611878,-9.337387,-0.0030543262,6.1086525E-4,-0.002443461,TREMOR,5fa135632fe9
1776793183205,1901407655682987,-2.2840683,1.1540052,-9.320627,-0.0012217305,0.002443461,-0.0030543262,TREMOR,5fa135632fe9
1776793183213,1901407663678761,-2.2864625,1.1468226,-9.3182335,-0.002443461,0.0030543262,-0.002443461,TREMOR,5fa135632fe9
1776793183221,1901407671705151,-2.2768857,1.1348516,-9.349358,-0.002443461,0.004886922,-0.002443461,TREMOR,5fa135632fe9
1776793183229,1901407679698694,-2.2601264,1.1300632,-9.349358,-0.002443461,0.004886922,-0.002443461,TREMOR,5fa135632fe9
1776793183237,1901407687695007,-2.2409728,1.115698,-9.358934,-0.0036651916,0.0061086523,-0.0012217305,TREMOR,5fa135632fe9
1776793183245,1901407695690705,-2.2146366,1.1085154,-9.368511,-0.004276057,0.009773844,-0.0012217305,TREMOR,5fa135632fe9
1776793183253,1901407703687094,-2.1667526,1.0965444,-9.363723,-0.004276057,0.009773844,0.0012217305,TREMOR,5fa135632fe9
1776793183261,1901407711680561,-2.1643584,1.0989386,-9.358934,-0.004886922,0.01160644,6.1086525E-4,TREMOR,5fa135632fe9
1776793183269,1901407719679412,-2.135628,1.0893618,-9.363723,-0.0036651916,0.015271631,0.0018325958,TREMOR,5fa135632fe9
1776793183277,1901407727705571,-2.1212628,1.0989386,-9.370906,-0.004886922,0.015271631,0.0036651916,TREMOR,5fa135632fe9
1776793183285,1901407735699960,-2.087744,1.1109096,-9.370906,-0.004276057,0.013439035,0.0030543262,TREMOR,5fa135632fe9
1776793183293,1901407743694812,-2.078167,1.0989386,-9.361329,-0.0036651916,0.015271631,0.0030543262,TREMOR,5fa135632fe9
1776793183301,1901407751691432,-2.0709844,1.0941502,-9.375694,-0.002443461,0.015271631,0.0036651916,TREMOR,5fa135632fe9
1776793183309,1901407759685206,-2.0757728,1.0989386,-9.354146,-0.002443461,0.01282817,0.0030543262,TREMOR,5fa135632fe9
1776793183317,1901407767680596,-2.078167,1.0821792,-9.349358,-0.0030543262,0.009773844,6.1086525E-4,TREMOR,5fa135632fe9
1776793183325,1901407775677524,-2.0805612,1.0941502,-9.344569,-0.0018325958,0.004276057,6.1086525E-4,TREMOR,5fa135632fe9
1776793183333,1901407783704991,-2.1021092,1.1133038,-9.3733,6.1086525E-4,0.0030543262,6.1086525E-4,TREMOR,5fa135632fe9
1776793183341,1901407791699149,-2.1140802,1.115698,-9.358934,0.0,6.1086525E-4,6.1086525E-4,TREMOR,5fa135632fe9
1776793183349,1901407799696001,-2.1212628,1.1085154,-9.349358,0.0,-0.002443461,-6.1086525E-4,TREMOR,5fa135632fe9
1776793183357,1901407807690775,-2.1523874,1.1324574,-9.344569,-6.1086525E-4,-0.0012217305,0.0,TREMOR,5fa135632fe9
1776793183365,1901407815686164,-2.1643584,1.1324574,-9.332599,0.0012217305,-0.005497787,6.1086525E-4,TREMOR,5fa135632fe9
1776793183373,1901407823683400,-2.1787236,1.1348516,-9.337387,0.0018325958,-0.004276057,6.1086525E-4,TREMOR,5fa135632fe9
1776793183381,1901407831676021,-2.1859062,1.1444284,-9.32781,0.0012217305,-0.004886922,-0.0012217305,TREMOR,5fa135632fe9
1776793183389,1901407839704410,-2.195483,1.1492168,-9.3182335,0.0018325958,-0.004886922,0.0018325958,TREMOR,5fa135632fe9
1776793183397,1901407847697877,-2.2098482,1.1659763,-9.3182335,6.1086525E-4,-0.004886922,6.1086525E-4,TREMOR,5fa135632fe9
1776793183405,1901407855695190,-2.2002714,1.1587936,-9.32781,0.0030543262,-0.0036651916,0.0018325958,TREMOR,5fa135632fe9
1776793183413,1901407863689271,-2.2026656,1.1563994,-9.325416,0.0012217305,-0.004886922,6.1086525E-4,TREMOR,5fa135632fe9
1776793183421,1901407871685276,-2.2050598,1.1779473,-9.32781,6.1086525E-4,-0.0036651916,0.0012217305,TREMOR,5fa135632fe9
1776793183429,1901407879680743,-2.219425,1.1659763,-9.344569,0.002443461,-0.004276057,0.0,TREMOR,5fa135632fe9
1776793183437,1901407887677594,-2.2242134,1.1587936,-9.346964,0.0,-0.0018325958,6.1086525E-4,TREMOR,5fa135632fe9
1776793183445,1901407895702522,-2.2146366,1.1611878,-9.354146,0.0012217305,-6.1086525E-4,0.0012217305,TREMOR,5fa135632fe9
1776793183453,1901407903698912,-2.2146366,1.1492168,-9.351752,0.002443461,0.0,0.0,TREMOR,5fa135632fe9
1776793183461,1901407911694532,-2.1978772,1.127669,-9.344569,0.002443461,0.0012217305,6.1086525E-4,TREMOR,5fa135632fe9
1776793183469,1901407919688999,-2.1906946,1.1228806,-9.361329,0.0012217305,0.0018325958,0.0012217305,TREMOR,5fa135632fe9
1776793183477,1901407927685619,-2.1787236,1.1013328,-9.354146,0.0018325958,0.0018325958,0.0,TREMOR,5fa135632fe9
1776793183485,1901407935682624,-2.15957,1.103727,-9.3421755,0.0030543262,0.0018325958,-6.1086525E-4,TREMOR,5fa135632fe9
1776793183493,1901407943674629,-2.1619642,1.091756,-9.356541,6.1086525E-4,0.0030543262,0.002443461,TREMOR,5fa135632fe9
1776793183501,1901407951702019,-2.1523874,1.0749966,-9.349358,-6.1086525E-4,0.002443461,0.0,TREMOR,5fa135632fe9
1776793183509,1901407959698870,-2.1499932,1.0773908,-9.363723,-0.0012217305,0.004276057,0.0,TREMOR,5fa135632fe9
1776793183517,1901407967695183,-2.1332338,1.0630256,-9.363723,-0.0018325958,0.005497787,0.002443461,TREMOR,5fa135632fe9
1776793183525,1901407975688803,-2.1523874,1.0630256,-9.375694,-0.0030543262,0.005497787,0.002443461,TREMOR,5fa135632fe9
1776793183533,1901407983685347,-2.1404164,1.0941502,-9.3661175,-0.004276057,0.004886922,0.0,TREMOR,5fa135632fe9
1776793183541,1901407991679813,-2.1452048,1.1013328,-9.361329,-0.002443461,0.0061086523,0.002443461,TREMOR,5fa135632fe9
1776793183549,1901407999706357,-2.1499932,1.1061212,-9.380483,-0.004276057,0.0061086523,6.1086525E-4,TREMOR,5fa135632fe9
1776793183557,1901408007702362,-2.1643584,1.1133038,-9.368511,-0.0030543262,0.005497787,0.0,TREMOR,5fa135632fe9
1776793183565,1901408015699828,-2.1619642,1.115698,-9.375694,-0.0030543262,0.0036651916,-6.1086525E-4,TREMOR,5fa135632fe9
1776793183573,1901408023694680,-2.1643584,1.1133038,-9.356541,-0.0018325958,0.005497787,-6.1086525E-4,TREMOR,5fa135632fe9
1776793183581,1901408031688146,-2.171541,1.1348516,-9.363723,-0.0012217305,0.0018325958,-6.1086525E-4,TREMOR,5fa135632fe9
1776793183589,1901408039683843,-2.1691468,1.1420342,-9.361329,-0.0012217305,0.0012217305,0.0,TREMOR,5fa135632fe9
1776793183597,1901408047680772,-2.1619642,1.151611,-9.354146,0.0,0.0,-0.0018325958,TREMOR,5fa135632fe9
1776793183605,1901408055677084,-2.1547816,1.1492168,-9.354146,6.1086525E-4,-0.0012217305,-0.0018325958,TREMOR,5fa135632fe9
1776793183613,1901408063704782,-2.171541,1.1611878,-9.368511,0.0018325958,-0.0018325958,-6.1086525E-4,TREMOR,5fa135632fe9
1776793183621,1901408071697479,-2.1499932,1.1587936,-9.361329,0.0012217305,-0.0012217305,0.002443461,TREMOR,5fa135632fe9
1776793183629,1901408079693484,-2.1428106,1.1420342,-9.358934,0.0012217305,6.1086525E-4,0.0036651916,TREMOR,5fa135632fe9
1776793183637,1901408087688566,-2.135628,1.1444284,-9.354146,0.0018325958,-0.0018325958,0.0036651916,TREMOR,5fa135632fe9
1776793183645,1901408095683571,-2.1452048,1.1372458,-9.349358,0.002443461,-0.0012217305,0.0030543262,TREMOR,5fa135632fe9
1776793183653,1901408103680884,-2.147599,1.1252748,-9.346964,0.002443461,-0.004886922,0.004886922,TREMOR,5fa135632fe9
1776793183661,1901408111677812,-2.1404164,1.1420342,-9.361329,0.002443461,-0.002443461,0.004276057,TREMOR,5fa135632fe9
1776793183669,1901408119702971,-2.1260512,1.127669,-9.346964,0.0012217305,-0.0067195175,0.0036651916,TREMOR,5fa135632fe9
1776793183677,1901408127697745,-2.1284454,1.1133038,-9.361329,6.1086525E-4,-0.0061086523,0.0036651916,TREMOR,5fa135632fe9
1776793183685,1901408135694981,-2.1404164,1.115698,-9.368511,0.0,-0.007941248,0.004276057,TREMOR,5fa135632fe9
1776793183693,1901408143689216,-2.1547816,1.115698,-9.3733,0.0,-0.007941248,0.0036651916,TREMOR,5fa135632fe9
1776793183701,1901408151685837,-2.171541,1.1252748,-9.375694,6.1086525E-4,-0.007941248,0.004886922,TREMOR,5fa135632fe9
1776793183709,1901408159679073,-2.183512,1.127669,-9.358934,-6.1086525E-4,-0.007330383,0.004886922,TREMOR,5fa135632fe9
1776793183717,1901408167674462,-2.1883004,1.1300632,-9.378088,-6.1086525E-4,-0.008552114,0.002443461,TREMOR,5fa135632fe9
1776793183725,1901408175701544,-2.1978772,1.1204864,-9.3661175,6.1086525E-4,-0.0061086523,0.0030543262,TREMOR,5fa135632fe9
1776793183733,1901408183696934,-2.2218192,1.1468226,-9.358934,0.0,-0.0061086523,0.002443461,TREMOR,5fa135632fe9
1776793183741,1901408191693554,-2.2290018,1.1468226,-9.354146,-6.1086525E-4,-0.004276057,-6.1086525E-4,TREMOR,5fa135632fe9
1776793183749,1901408199688636,-2.2146366,1.13964,-9.351752,0.0,-0.0018325958,0.0012217305,TREMOR,5fa135632fe9
1776793183757,1901408207683641,-2.243367,1.1587936,-9.344569,0.0012217305,0.002443461,0.0,TREMOR,5fa135632fe9
1776793183765,1901408215680954,-2.2170308,1.1659763,-9.344569,0.0012217305,0.002443461,-6.1086525E-4,TREMOR,5fa135632fe9
1776793183773,1901408223706420,-2.2385786,1.1611878,-9.346964,0.0,0.005497787,-0.0036651916,TREMOR,5fa135632fe9
1776793183781,1901408231701810,-2.2337902,1.1683705,-9.346964,0.0,0.007941248,-0.0061086523,TREMOR,5fa135632fe9
1776793183789,1901408239699661,-2.2218192,1.13964,-9.346964,-6.1086525E-4,0.005497787,-0.004886922,TREMOR,5fa135632fe9
1776793183797,1901408247692974,-2.2218192,1.1444284,-9.363723,0.0,0.008552114,-0.0036651916,TREMOR,5fa135632fe9
1776793183805,1901408255689210,-2.2146366,1.1252748,-9.363723,0.0012217305,0.009162978,-0.004276057,TREMOR,5fa135632fe9
1776793183813,1901408263684984,-2.1978772,1.1324574,-9.330204,0.0,0.007941248,-0.002443461,TREMOR,5fa135632fe9
1776793183821,1901408271678835,-2.183512,1.1228806,-9.358934,6.1086525E-4,0.008552114,-0.0018325958,TREMOR,5fa135632fe9
1776793183829,1901408279704609,-2.1691468,1.103727,-9.358934,0.0012217305,0.007330383,-0.0018325958,TREMOR,5fa135632fe9
1776793183837,1901408287701307,-2.1523874,1.1061212,-9.370906,6.1086525E-4,0.007941248,-0.0030543262,TREMOR,5fa135632fe9
1776793183845,1901408295697004,-2.1404164,1.103727,-9.378088,0.0,0.005497787,-0.0030543262,TREMOR,5fa135632fe9
1776793183853,1901408303694163,-2.1428106,1.091756,-9.375694,-6.1086525E-4,0.008552114,-0.0030543262,TREMOR,5fa135632fe9
1776793183861,1901408311688706,-2.1212628,1.1061212,-9.378088,-0.0012217305,0.009162978,-0.0012217305,TREMOR,5fa135632fe9
1776793183869,1901408319685019,-2.1188686,1.1013328,-9.370906,-0.0018325958,0.008552114,-0.0018325958,TREMOR,5fa135632fe9
1776793183877,1901408327680101,-2.1260512,1.0845734,-9.370906,-0.0018325958,0.01038471,-0.0030543262,TREMOR,5fa135632fe9
1776793183885,1901408335706568,-2.1212628,1.103727,-9.3733,-0.0018325958,0.01038471,-0.002443461,TREMOR,5fa135632fe9
1776793183893,1901408343701573,-2.1332338,1.0989386,-9.3733,-0.0012217305,0.01160644,-0.004276057,TREMOR,5fa135632fe9
1776793183901,1901408351696347,-2.135628,1.091756,-9.3661175,-0.004276057,0.01160644,-0.0036651916,TREMOR,5fa135632fe9
1776793183909,1901408359692044,-2.1260512,1.1228806,-9.356541,-0.004276057,0.01160644,-0.0061086523,TREMOR,5fa135632fe9
1776793183917,1901408367688665,-2.135628,1.1324574,-9.378088,-0.002443461,0.01038471,-0.0036651916,TREMOR,5fa135632fe9
1776793183925,1901408375683208,-2.1428106,1.127669,-9.358934,-0.004276057,0.009162978,-0.004886922,TREMOR,5fa135632fe9
1776793183933,1901408383679444,-2.1571758,1.1420342,-9.368511,-0.0030543262,0.0061086523,-0.002443461,TREMOR,5fa135632fe9
1776793183941,1901408391705372,-2.1619642,1.1372458,-9.354146,-0.0018325958,0.0061086523,-0.0030543262,TREMOR,5fa135632fe9
1776793183949,1901408399703454,-2.147599,1.1420342,-9.358934,-0.0012217305,0.002443461,-0.0012217305,TREMOR,5fa135632fe9
1776793183957,1901408407696997,-2.1571758,1.127669,-9.370906,6.1086525E-4,0.0,-6.1086525E-4,TREMOR,5fa135632fe9
1776793183965,1901408415691849,-2.1691468,1.151611,-9.3661175,0.002443461,-0.0030543262,0.0012217305,TREMOR,5fa135632fe9
1776793183973,1901408423688161,-2.1260512,1.1420342,-9.358934,0.0030543262,-0.005497787,0.0018325958,TREMOR,5fa135632fe9
1776793183981,1901408431683782,-2.1332338,1.1348516,-9.339781,0.004276057,-0.004886922,0.002443461,TREMOR,5fa135632fe9
1776793183989,1901408439681402,-2.1523874,1.127669,-9.356541,0.0061086523,-0.008552114,0.002443461,TREMOR,5fa135632fe9
1776793183997,1901408447706022,-2.1188686,1.13964,-9.3421755,0.007330383,-0.009162978,0.004276057,TREMOR,5fa135632fe9
1776793184005,1901408455701720,-2.1284454,1.1204864,-9.349358,0.0061086523,-0.01160644,0.0036651916,TREMOR,5fa135632fe9
1776793184013,1901408463696417,-2.1188686,1.1180922,-9.349358,0.007330383,-0.012217305,0.005497787,TREMOR,5fa135632fe9
1776793184021,1901408471692114,-2.1212628,1.115698,-9.356541,0.0036651916,-0.013439035,0.005497787,TREMOR,5fa135632fe9
1776793184029,1901408479686350,-2.1308396,1.1133038,-9.361329,0.0030543262,-0.012217305,0.005497787,TREMOR,5fa135632fe9
1776793184037,1901408487683201,-2.1404164,1.0893618,-9.3661175,0.002443461,-0.01160644,0.002443461,TREMOR,5fa135632fe9
1776793184045,1901408495678283,-2.1380222,1.103727,-9.354146,0.0018325958,-0.007941248,0.0030543262,TREMOR,5fa135632fe9
1776793184053,1901408503705365,-2.1763294,1.0965444,-9.3733,0.0,-0.007330383,0.004886922,TREMOR,5fa135632fe9
1776793184061,1901408511700755,-2.1859062,1.1228806,-9.361329,-6.1086525E-4,-0.0061086523,0.004886922,TREMOR,5fa135632fe9
1776793184069,1901408519698375,-2.2146366,1.1109096,-9.354146,6.1086525E-4,-0.004276057,0.0018325958,TREMOR,5fa135632fe9
1776793184077,1901408527690996,-2.2122424,1.1133038,-9.368511,-0.0012217305,-0.004276057,0.0018325958,TREMOR,5fa135632fe9
1776793184085,1901408535688232,-2.2409728,1.1013328,-9.361329,-0.002443461,-6.1086525E-4,0.0,TREMOR,5fa135632fe9
1776793184093,1901408543683929,-2.2218192,1.1013328,-9.351752,-6.1086525E-4,-6.1086525E-4,0.0018325958,TREMOR,5fa135632fe9
1776793184101,1901408551678395,-2.2385786,1.1180922,-9.356541,-0.0012217305,-0.0012217305,0.0,TREMOR,5fa135632fe9
1776793184109,1901408559704477,-2.2337902,1.1085154,-9.3421755,-6.1086525E-4,6.1086525E-4,0.0,TREMOR,5fa135632fe9
1776793184117,1901408567699944,-2.2266076,1.1300632,-9.361329,-6.1086525E-4,6.1086525E-4,6.1086525E-4,TREMOR,5fa135632fe9
1776793184125,1901408575697103,-2.2290018,1.1492168,-9.356541,0.0012217305,0.002443461,-0.0012217305,TREMOR,5fa135632fe9
1776793184133,1901408583691339,-2.1859062,1.1300632,-9.370906,0.0,0.0036651916,-0.0018325958,TREMOR,5fa135632fe9
1776793184141,1901408591686959,-2.1883004,1.1468226,-9.370906,-6.1086525E-4,0.0036651916,-0.0018325958,TREMOR,5fa135632fe9
1776793184149,1901408599683272,-2.1739352,1.1324574,-9.375694,-0.0012217305,0.0036651916,6.1086525E-4,TREMOR,5fa135632fe9
1776793184157,1901408607677200,-2.1763294,1.1492168,-9.358934,0.0,0.004276057,-6.1086525E-4,TREMOR,5fa135632fe9
1776793184165,1901408615674974,-2.1571758,1.1300632,-9.368511,6.1086525E-4,0.005497787,0.0,TREMOR,5fa135632fe9
1776793184173,1901408623699056,-2.1308396,1.1372458,-9.363723,0.0,0.004886922,-0.0018325958,TREMOR,5fa135632fe9
1776793184181,1901408631695292,-2.1452048,1.1300632,-9.358934,-6.1086525E-4,0.0061086523,-0.002443461,TREMOR,5fa135632fe9
1776793184189,1901408639690451,-2.1212628,1.1300632,-9.356541,6.1086525E-4,0.004276057,-0.0018325958,TREMOR,5fa135632fe9
1776793184197,1901408647686148,-2.1068976,1.1204864,-9.363723,6.1086525E-4,0.004276057,-0.002443461,TREMOR,5fa135632fe9
1776793184205,1901408655682691,-2.1212628,1.1061212,-9.356541,0.0018325958,0.0036651916,-0.002443461,TREMOR,5fa135632fe9
1776793184213,1901408663677158,-2.1260512,1.1013328,-9.358934,0.0018325958,0.0036651916,0.0,TREMOR,5fa135632fe9
1776793184221,1901408671705240,-2.1380222,1.1109096,-9.358934,0.0036651916,0.002443461,-0.0018325958,TREMOR,5fa135632fe9
1776793184229,1901408679700937,-2.1452048,1.1013328,-9.361329,0.0018325958,0.0012217305,-0.0018325958,TREMOR,5fa135632fe9
1776793184237,1901408687696865,-2.1547816,1.0821792,-9.354146,0.0,6.1086525E-4,-0.0012217305,TREMOR,5fa135632fe9
1776793184245,1901408695690101,-2.1643584,1.1204864,-9.358934,0.0012217305,-0.0012217305,-6.1086525E-4,TREMOR,5fa135632fe9
1776793184253,1901408703687952,-2.1571758,1.0893618,-9.3661175,6.1086525E-4,-0.0012217305,0.0012217305,TREMOR,5fa135632fe9
1776793184261,1901408711682188,-2.1691468,1.1013328,-9.375694,6.1086525E-4,-0.0012217305,0.0,TREMOR,5fa135632fe9
1776793184269,1901408719678732,-2.1930888,1.0845734,-9.361329,6.1086525E-4,-0.0030543262,0.0012217305,TREMOR,5fa135632fe9
1776793184277,1901408727704275,-2.195483,1.0749966,-9.356541,6.1086525E-4,-0.0018325958,-0.0012217305,TREMOR,5fa135632fe9
1776793184285,1901408735700357,-2.1930888,1.0869676,-9.358934,0.0018325958,-0.002443461,0.0012217305,TREMOR,5fa135632fe9
1776793184293,1901408743694208,-2.1883004,1.103727,-9.356541,6.1086525E-4,-0.0018325958,0.0,TREMOR,5fa135632fe9
1776793184301,1901408751691752,-2.1930888,1.1133038,-9.3421755,-6.1086525E-4,-0.0030543262,0.0018325958,TREMOR,5fa135632fe9
1776793184309,1901408759685603,-2.183512,1.1300632,-9.334992,-0.002443461,-6.1086525E-4,6.1086525E-4,TREMOR,5fa135632fe9
1776793184317,1901408767682223,-2.1787236,1.1348516,-9.325416,-0.0012217305,0.0012217305,0.0012217305,TREMOR,5fa135632fe9
1776793184325,1901408775677613,-2.2122424,1.1444284,-9.339781,-0.0036651916,0.0018325958,-0.0012217305,TREMOR,5fa135632fe9
1776793184333,1901408783706156,-2.1930888,1.1731589,-9.356541,-0.004276057,0.0018325958,-6.1086525E-4,TREMOR,5fa135632fe9
1776793184341,1901408791700008,-2.2002714,1.1587936,-9.346964,-0.004886922,0.004886922,-0.0030543262,TREMOR,5fa135632fe9
1776793184349,1901408799696089,-2.207454,1.1731589,-9.351752,-0.004886922,0.0061086523,-0.0018325958,TREMOR,5fa135632fe9
1776793184357,1901408807691710,-2.2098482,1.1755531,-9.349358,-0.004886922,0.007941248,-0.0030543262,TREMOR,5fa135632fe9
1776793184365,1901408815688638,-2.1906946,1.1851299,-9.356541,-0.004276057,0.0067195175,-0.005497787,TREMOR,5fa135632fe9
1776793184373,1901408823683181,-2.1859062,1.163582,-9.339781,-0.0030543262,0.009773844,-0.0036651916,TREMOR,5fa135632fe9
1776793184381,1901408831677340,-2.1883004,1.151611,-9.349358,-0.0018325958,0.007941248,-0.0036651916,TREMOR,5fa135632fe9
1776793184389,1901408839704730,-2.1787236,1.1420342,-9.354146,-0.0030543262,0.009162978,-0.0030543262,TREMOR,5fa135632fe9
1776793184397,1901408847698197,-2.1691468,1.1324574,-9.358934,-0.0030543262,0.009773844,-0.004276057,TREMOR,5fa135632fe9
1776793184405,1901408855694894,-2.1571758,1.0941502,-9.354146,-0.002443461,0.007941248,-0.0036651916,TREMOR,5fa135632fe9
1776793184413,1901408863690822,-2.15957,1.103727,-9.358934,-0.0012217305,0.008552114,-0.0018325958,TREMOR,5fa135632fe9
1776793184421,1901408871685365,-2.1428106,1.0845734,-9.3733,-0.0018325958,0.008552114,-0.0012217305,TREMOR,5fa135632fe9
1776793184429,1901408879682217,-2.1332338,1.079785,-9.390059,-0.0012217305,0.007330383,0.0,TREMOR,5fa135632fe9
1776793184437,1901408887677606,-2.1284454,1.0606314,-9.394848,-6.1086525E-4,0.007330383,0.0,TREMOR,5fa135632fe9
1776793184445,1901408895705304,-2.1284454,1.0606314,-9.385271,-6.1086525E-4,0.004886922,6.1086525E-4,TREMOR,5fa135632fe9
1776793184453,1901408903700155,-2.1260512,1.0654198,-9.390059,-6.1086525E-4,0.004276057,6.1086525E-4,TREMOR,5fa135632fe9
1776793184461,1901408911693083,-2.1021092,1.0749966,-9.390059,-6.1086525E-4,0.005497787,0.0012217305,TREMOR,5fa135632fe9
1776793184469,1901408919692088,-2.0949266,1.0702082,-9.370906,0.0018325958,0.0036651916,-0.0012217305,TREMOR,5fa135632fe9
1776793184477,1901408927686862,-2.1068976,1.0773908,-9.375694,0.0,0.0018325958,0.0018325958,TREMOR,5fa135632fe9
1776793184485,1901408935680790,-2.0973208,1.1133038,-9.375694,0.0,0.0012217305,-6.1086525E-4,TREMOR,5fa135632fe9
1776793184493,1901408943677026,-2.1140802,1.0989386,-9.361329,0.0012217305,0.0,-6.1086525E-4,TREMOR,5fa135632fe9
1776793184501,1901408951703185,-2.1021092,1.1252748,-9.339781,6.1086525E-4,-0.0012217305,-0.0030543262,TREMOR,5fa135632fe9
1776793184509,1901408959698267,-2.1045034,1.127669,-9.344569,0.0012217305,-0.0018325958,-6.1086525E-4,TREMOR,5fa135632fe9
1776793184517,1901408967694349,-2.135628,1.1228806,-9.334992,6.1086525E-4,-0.0012217305,-0.0018325958,TREMOR,5fa135632fe9
1776793184525,1901408975691585,-2.1404164,1.13964,-9.330204,0.0018325958,-0.0036651916,-0.0012217305,TREMOR,5fa135632fe9
1776793184533,1901408983686590,-2.1499932,1.1563994,-9.344569,0.002443461,-0.005497787,-0.002443461,TREMOR,5fa135632fe9
1776793184541,1901408991679902,-2.1523874,1.1372458,-9.3421755,0.0012217305,-0.004886922,0.0,TREMOR,5fa135632fe9
1776793184549,1901408999707523,-2.1643584,1.1444284,-9.339781,0.0018325958,-0.0061086523,-6.1086525E-4,TREMOR,5fa135632fe9
1776793184557,1901409007701374,-2.1691468,1.1444284,-9.344569,-6.1086525E-4,-0.007330383,0.002443461,TREMOR,5fa135632fe9
1776793184565,1901409015697456,-2.171541,1.1420342,-9.346964,6.1086525E-4,-0.008552114,0.0018325958,TREMOR,5fa135632fe9
1776793184573,1901409023694922,-2.1643584,1.1420342,-9.346964,6.1086525E-4,-0.009162978,0.004276057,TREMOR,5fa135632fe9
1776793184581,1901409031690697,-2.1691468,1.1324574,-9.346964,6.1086525E-4,-0.01160644,0.0036651916,TREMOR,5fa135632fe9
1776793184589,1901409039685394,-2.15957,1.127669,-9.361329,0.0,-0.008552114,0.005497787,TREMOR,5fa135632fe9
1776793184597,1901409047681476,-2.1667526,1.1228806,-9.356541,0.0,-0.007330383,0.005497787,TREMOR,5fa135632fe9
1776793184605,1901409055707558,-2.1499932,1.0965444,-9.356541,6.1086525E-4,-0.007330383,0.004886922,TREMOR,5fa135632fe9
1776793184613,1901409063702717,-2.147599,1.0845734,-9.356541,-6.1086525E-4,-0.005497787,0.007330383,TREMOR,5fa135632fe9
1776793184621,1901409071699568,-2.171541,1.0869676,-9.3733,6.1086525E-4,-0.004886922,0.004276057,TREMOR,5fa135632fe9
1776793184629,1901409079694957,-2.1571758,1.0965444,-9.351752,0.0,-0.0061086523,0.0036651916,TREMOR,5fa135632fe9
1776793184637,1901409087689732,-2.171541,1.0893618,-9.3661175,6.1086525E-4,-0.002443461,0.0036651916,TREMOR,5fa135632fe9
1776793184645,1901409095685429,-2.1883004,1.0965444,-9.349358,6.1086525E-4,-0.004276057,0.002443461,TREMOR,5fa135632fe9
1776793184653,1901409103681819,-2.1739352,1.115698,-9.354146,0.0012217305,-0.0030543262,6.1086525E-4,TREMOR,5fa135632fe9
1776793184661,1901409111707670,-2.1978772,1.1085154,-9.351752,-0.0012217305,-0.0018325958,0.0018325958,TREMOR,5fa135632fe9
1776793184669,1901409119703983,-2.1978772,1.1204864,-9.346964,-6.1086525E-4,-6.1086525E-4,0.0,TREMOR,5fa135632fe9
1776793184677,1901409127699064,-2.2218192,1.1228806,-9.356541,-0.0012217305,-0.0018325958,0.0,TREMOR,5fa135632fe9
1776793184685,1901409135693762,-2.2170308,1.1204864,-9.325416,-0.0012217305,-6.1086525E-4,0.0,TREMOR,5fa135632fe9
1776793184693,1901409143688305,-2.2290018,1.1348516,-9.339781,-0.0012217305,0.0012217305,-0.0036651916,TREMOR,5fa135632fe9
1776793184701,1901409151685849,-2.243367,1.1468226,-9.32781,-0.0018325958,0.0012217305,-0.0018325958,TREMOR,5fa135632fe9
1776793184709,1901409159679623,-2.2266076,1.1492168,-9.346964,-0.0018325958,0.0061086523,-0.004886922,TREMOR,5fa135632fe9
1776793184717,1901409167677551,-2.2266076,1.1563994,-9.344569,-0.002443461,0.0061086523,-0.004886922,TREMOR,5fa135632fe9
1776793184725,1901409175702479,-2.2218192,1.1540052,-9.351752,-0.004886922,0.007941248,-0.005497787,TREMOR,5fa135632fe9
1776793184733,1901409183699023,-2.231396,1.1468226,-9.332599,-0.0030543262,0.01160644,-0.007941248,TREMOR,5fa135632fe9
1776793184741,1901409191694797,-2.2050598,1.1563994,-9.332599,-0.0036651916,0.012217305,-0.007330383,TREMOR,5fa135632fe9
1776793184749,1901409199690725,-2.2050598,1.1492168,-9.334992,-0.0036651916,0.013439035,-0.0067195175,TREMOR,5fa135632fe9
1776793184757,1901409207685499,-2.1763294,1.1372458,-9.330204,-0.0036651916,0.013439035,-0.0067195175,TREMOR,5fa135632fe9
1776793184765,1901409215681581,-2.171541,1.1420342,-9.356541,-0.004886922,0.014049901,-0.005497787,TREMOR,5fa135632fe9
1776793184773,1901409223675048,-2.1643584,1.1372458,-9.368511,-0.004886922,0.014049901,-0.007330383,TREMOR,5fa135632fe9
1776793184781,1901409231702207,-2.1380222,1.1228806,-9.358934,-0.004276057,0.012217305,-0.004886922,TREMOR,5fa135632fe9
1776793184789,1901409239696596,-2.135628,1.1013328,-9.346964,-0.0030543262,0.01160644,-0.004276057,TREMOR,5fa135632fe9
1776793184797,1901409247692986,-2.1021092,1.103727,-9.368511,-0.0030543262,0.008552114,-0.004276057,TREMOR,5fa135632fe9
1776793184805,1901409255688914,-2.1092918,1.0989386,-9.361329,-0.0018325958,0.008552114,-0.0018325958,TREMOR,5fa135632fe9
1776793184813,1901409263684611,-2.0685902,1.091756,-9.368511,-0.0018325958,0.0067195175,0.0018325958,TREMOR,5fa135632fe9
1776793184821,1901409271680616,-2.0685902,1.0845734,-9.363723,-0.0018325958,0.0030543262,6.1086525E-4,TREMOR,5fa135632fe9
1776793184829,1901409279705929,-2.054225,1.0726024,-9.380483,0.0,0.0018325958,0.0030543262,TREMOR,5fa135632fe9
1776793184837,1901409287703088,-2.0590134,1.0654198,-9.380483,6.1086525E-4,0.0018325958,0.0012217305,TREMOR,5fa135632fe9
1776793184845,1901409295700016,-2.0590134,1.0726024,-9.378088,6.1086525E-4,-0.0012217305,0.0036651916,TREMOR,5fa135632fe9
1776793184853,1901409303695406,-2.0350714,1.0630256,-9.358934,0.0,-0.0012217305,0.004276057,TREMOR,5fa135632fe9
1776793184861,1901409311689872,-2.0494366,1.067814,-9.3733,0.0,-0.002443461,0.0036651916,TREMOR,5fa135632fe9
1776793184869,1901409319684108,-2.0374656,1.091756,-9.356541,6.1086525E-4,-0.0036651916,0.004886922,TREMOR,5fa135632fe9
1776793184877,1901409327680344,-2.0566192,1.079785,-9.378088,6.1086525E-4,-0.007941248,0.004276057,TREMOR,5fa135632fe9
1776793184885,1901409335676118,-2.0973208,1.0965444,-9.363723,0.0018325958,-0.01038471,0.0030543262,TREMOR,5fa135632fe9
1776793184893,1901409343701892,-2.1092918,1.0941502,-9.349358,0.002443461,-0.012217305,0.005497787,TREMOR,5fa135632fe9
1776793184901,1901409351697590,-2.135628,1.1109096,-9.337387,0.0018325958,-0.014049901,0.004886922,TREMOR,5fa135632fe9
1776793184909,1901409359692749,-2.15957,1.127669,-9.346964,0.0012217305,-0.016493361,0.0067195175,TREMOR,5fa135632fe9
1776793184917,1901409367689292,-2.1906946,1.1348516,-9.368511,0.002443461,-0.018936822,0.0030543262,TREMOR,5fa135632fe9
1776793184925,1901409375685374,-2.2050598,1.1228806,-9.349358,0.002443461,-0.017715093,0.004886922,TREMOR,5fa135632fe9
1776793184933,1901409383678840,-2.2218192,1.151611,-9.337387,0.0036651916,-0.017715093,0.004886922,TREMOR,5fa135632fe9
1776793184941,1901409391705615,-2.2385786,1.1420342,-9.3421755,0.0012217305,-0.015882496,0.0012217305,TREMOR,5fa135632fe9
1776793184949,1901409399702235,-2.2625206,1.1324574,-9.349358,6.1086525E-4,-0.013439035,0.002443461,TREMOR,5fa135632fe9
1776793184957,1901409407698240,-2.2744915,1.1324574,-9.351752,0.0012217305,-0.009773844,0.0012217305,TREMOR,5fa135632fe9
1776793184965,1901409415691861,-2.2840683,1.1420342,-9.346964,-6.1086525E-4,-0.007330383,6.1086525E-4,TREMOR,5fa135632fe9
1776793184973,1901409423688481,-2.27928,1.1468226,-9.323022,6.1086525E-4,-0.004886922,-0.0012217305,TREMOR,5fa135632fe9
1776793184981,1901409431684717,-2.2744915,1.1563994,-9.339781,-0.0030543262,0.0,-6.1086525E-4,TREMOR,5fa135632fe9
1776793184989,1901409439680491,-2.2577322,1.1587936,-9.3421755,-0.0030543262,6.1086525E-4,-0.0030543262,TREMOR,5fa135632fe9
1776793184997,1901409447706573,-2.2649148,1.1563994,-9.332599,-0.0030543262,0.0030543262,-0.0036651916,TREMOR,5fa135632fe9
1776793185005,1901409455702270,-2.2505496,1.1587936,-9.332599,-0.0036651916,0.0061086523,-0.0036651916,TREMOR,5fa135632fe9
1776793185013,1901409463697121,-2.2337902,1.1348516,-9.339781,-0.0030543262,0.0067195175,-0.0012217305,TREMOR,5fa135632fe9
1776793185021,1901409471693665,-2.2146366,1.1252748,-9.354146,-0.0018325958,0.01038471,6.1086525E-4,TREMOR,5fa135632fe9
1776793185029,1901409479687516,-2.1906946,1.1013328,-9.334992,-0.0030543262,0.009162978,0.0,TREMOR,5fa135632fe9
1776793185037,1901409487682983,-2.1643584,1.1228806,-9.358934,-0.0030543262,0.009773844,-0.0012217305,TREMOR,5fa135632fe9
1776793185045,1901409495677680,-2.1571758,1.1204864,-9.358934,-0.002443461,0.009162978,0.0012217305,TREMOR,5fa135632fe9
1776793185053,1901409503706377,-2.1308396,1.1228806,-9.361329,-0.002443461,0.009162978,0.0012217305,TREMOR,5fa135632fe9
1776793185061,1901409511700536,-2.0853498,1.115698,-9.356541,-0.002443461,0.009773844,6.1086525E-4,TREMOR,5fa135632fe9
1776793185069,1901409519697464,-2.0901382,1.1085154,-9.378088,-0.0030543262,0.009162978,0.0036651916,TREMOR,5fa135632fe9
1776793185077,1901409527691931,-2.1068976,1.1013328,-9.382876,-0.0036651916,0.01038471,0.0,TREMOR,5fa135632fe9
1776793185085,1901409535686936,-2.087744,1.0989386,-9.3661175,-0.0030543262,0.01038471,0.0036651916,TREMOR,5fa135632fe9
1776793185093,1901409543684787,-2.0901382,1.0989386,-9.361329,-0.002443461,0.009162978,0.0,TREMOR,5fa135632fe9
1776793185101,1901409551679869,-2.0829554,1.0749966,-9.354146,-0.0030543262,0.008552114,6.1086525E-4,TREMOR,5fa135632fe9
1776793185109,1901409559704259,-2.099715,1.0726024,-9.361329,-6.1086525E-4,0.0067195175,0.0012217305,TREMOR,5fa135632fe9
1776793185117,1901409567701802,-2.078167,1.091756,-9.361329,-0.0012217305,0.0036651916,0.0,TREMOR,5fa135632fe9
1776793185125,1901409575697499,-2.099715,1.1061212,-9.3421755,0.0,0.002443461,0.0012217305,TREMOR,5fa135632fe9
1776793185133,1901409583692274,-2.123657,1.1109096,-9.351752,0.0,0.0,0.0,TREMOR,5fa135632fe9
1776793185141,1901409591688894,-2.1164744,1.1204864,-9.356541,0.0012217305,-0.002443461,6.1086525E-4,TREMOR,5fa135632fe9
1776793185149,1901409599684207,-2.1140802,1.1252748,-9.358934,6.1086525E-4,-0.004886922,0.0018325958,TREMOR,5fa135632fe9
1776793185157,1901409607679673,-2.1428106,1.1324574,-9.346964,-0.002443461,-0.004886922,6.1086525E-4,TREMOR,5fa135632fe9
1776793185165,1901409615705448,-2.15957,1.1348516,-9.344569,0.0,-0.004886922,0.0012217305,TREMOR,5fa135632fe9
1776793185173,1901409623700837,-2.1883004,1.1324574,-9.337387,-6.1086525E-4,-0.0067195175,-6.1086525E-4,TREMOR,5fa135632fe9
1776793185181,1901409631696842,-2.1787236,1.1420342,-9.334992,0.0,-0.0067195175,0.0,TREMOR,5fa135632fe9
1776793185189,1901409639694155,-2.1978772,1.1468226,-9.354146,-6.1086525E-4,-0.0061086523,0.0,TREMOR,5fa135632fe9
1776793185197,1901409647688929,-2.2050598,1.1420342,-9.339781,6.1086525E-4,-0.0061086523,-6.1086525E-4,TREMOR,5fa135632fe9
1776793185205,1901409655683934,-2.2242134,1.1372458,-9.334992,-0.0012217305,-0.004276057,-6.1086525E-4,TREMOR,5fa135632fe9
1776793185213,1901409663679708,-2.2026656,1.1180922,-9.337387,-6.1086525E-4,-0.0030543262,-0.0018325958,TREMOR,5fa135632fe9
1776793185221,1901409671705790,-2.2026656,1.1348516,-9.351752,-0.0018325958,-0.002443461,6.1086525E-4,TREMOR,5fa135632fe9
1776793185229,1901409679701795,-2.2146366,1.1348516,-9.3421755,-6.1086525E-4,6.1086525E-4,-0.0018325958,TREMOR,5fa135632fe9
1776793185237,1901409687695108,-2.183512,1.1180922,-9.351752,-6.1086525E-4,0.0018325958,-0.0012217305,TREMOR,5fa135632fe9
1776793185245,1901409695692652,-2.183512,1.127669,-9.3421755,-6.1086525E-4,0.0018325958,-0.002443461,TREMOR,5fa135632fe9
1776793185253,1901409703686118,-2.1978772,1.13964,-9.354146,0.0,0.0030543262,-0.0012217305,TREMOR,5fa135632fe9
1776793185261,1901409711683969,-2.1691468,1.1444284,-9.358934,-0.0018325958,-6.1086525E-4,-0.0018325958,TREMOR,5fa135632fe9
1776793185269,1901409719677513,-2.1691468,1.1300632,-9.361329,-0.002443461,0.0012217305,-6.1086525E-4,TREMOR,5fa135632fe9
1776793185277,1901409727704056,-2.1452048,1.1300632,-9.361329,-0.0018325958,6.1086525E-4,0.0018325958,TREMOR,5fa135632fe9
1776793185285,1901409735700369,-2.1523874,1.1133038,-9.361329,6.1086525E-4,0.0012217305,0.0,TREMOR,5fa135632fe9
1776793185293,1901409743696682,-2.1667526,1.0965444,-9.378088,0.0,0.0012217305,-6.1086525E-4,TREMOR,5fa135632fe9
1776793185301,1901409751691764,-2.1428106,1.1133038,-9.363723,0.0,0.0,0.0,TREMOR,5fa135632fe9
1776793185309,1901409759688076,-2.135628,1.1061212,-9.3661175,0.0,-0.0018325958,0.0018325958,TREMOR,5fa135632fe9
1776793185317,1901409767684697,-2.135628,1.0941502,-9.354146,0.0012217305,-0.0012217305,6.1086525E-4,TREMOR,5fa135632fe9
1776793185325,1901409775679394,-2.1404164,1.1085154,-9.354146,0.0,-0.0018325958,6.1086525E-4,TREMOR,5fa135632fe9
1776793185333,1901409783706784,-2.135628,1.0941502,-9.337387,0.0,-6.1086525E-4,0.0,TREMOR,5fa135632fe9
1776793185341,1901409791700943,-2.1619642,1.1180922,-9.3421755,-0.0018325958,-6.1086525E-4,0.0,TREMOR,5fa135632fe9
1776793185349,1901409799694871,-2.1643584,1.1180922,-9.358934,-0.0012217305,0.002443461,-6.1086525E-4,TREMOR,5fa135632fe9
1776793185357,1901409807691799,-2.1547816,1.1252748,-9.361329,-6.1086525E-4,0.0018325958,-0.0030543262,TREMOR,5fa135632fe9
1776793185365,1901409815686804,-2.1643584,1.1204864,-9.368511,-6.1086525E-4,0.002443461,-0.0018325958,TREMOR,5fa135632fe9
1776793185373,1901409823683501,-2.1691468,1.127669,-9.361329,-0.0012217305,0.0036651916,-0.0012217305,TREMOR,5fa135632fe9
1776793185381,1901409831678814,-2.1811178,1.13964,-9.334992,-0.0018325958,0.0036651916,-0.0012217305,TREMOR,5fa135632fe9
1776793185389,1901409839705050,-2.1787236,1.1300632,-9.339781,0.0,0.004276057,-0.0036651916,TREMOR,5fa135632fe9
1776793185397,1901409847700670,-2.1739352,1.1348516,-9.351752,-6.1086525E-4,0.0018325958,-0.0030543262,TREMOR,5fa135632fe9
1776793185405,1901409855696752,-2.1739352,1.1468226,-9.3421755,-0.0018325958,0.002443461,-0.0030543262,TREMOR,5fa135632fe9
1776793185413,1901409863689988,-2.1739352,1.1300632,-9.339781,0.0,0.002443461,-0.0036651916,TREMOR,5fa135632fe9
1776793185421,1901409871688070,-2.1428106,1.127669,-9.334992,6.1086525E-4,0.0,-6.1086525E-4,TREMOR,5fa135632fe9
1776793185429,1901409879683459,-2.1523874,1.1444284,-9.358934,0.0,6.1086525E-4,0.0,TREMOR,5fa135632fe9
1776793185437,1901409887680464,-2.1571758,1.127669,-9.351752,-6.1086525E-4,6.1086525E-4,-0.002443461,TREMOR,5fa135632fe9
1776793185445,1901409895705008,-2.15957,1.1133038,-9.356541,0.0012217305,-0.0012217305,-0.0018325958,TREMOR,5fa135632fe9
1776793185453,1901409903700705,-2.1547816,1.1109096,-9.358934,0.0,-6.1086525E-4,-0.0018325958,TREMOR,5fa135632fe9
1776793185461,1901409911695864,-2.1571758,1.1085154,-9.358934,6.1086525E-4,-0.0012217305,6.1086525E-4,TREMOR,5fa135632fe9
1776793185469,1901409919691869,-2.1619642,1.0965444,-9.368511,6.1086525E-4,-0.0012217305,0.0,TREMOR,5fa135632fe9
1776793185477,1901409927686336,-2.15957,1.0989386,-9.370906,-6.1086525E-4,0.0,-0.002443461,TREMOR,5fa135632fe9
1776793185485,1901409935683802,-2.1619642,1.1133038,-9.368511,0.0,0.0,0.0,TREMOR,5fa135632fe9
1776793185493,1901409943678653,-2.1523874,1.1013328,-9.356541,-6.1086525E-4,-6.1086525E-4,-6.1086525E-4,TREMOR,5fa135632fe9
1776793185501,1901409951702581,-2.1428106,1.0965444,-9.3661175,-0.0012217305,-0.0018325958,-0.0030543262,TREMOR,5fa135632fe9
1776793185509,1901409959701971,-2.1523874,1.0941502,-9.370906,-6.1086525E-4,-6.1086525E-4,-0.002443461,TREMOR,5fa135632fe9
1776793185517,1901409967694053,-2.1571758,1.1180922,-9.370906,6.1086525E-4,0.0012217305,-0.0036651916,TREMOR,5fa135632fe9
1776793185525,1901409975691520,-2.15957,1.1204864,-9.368511,-6.1086525E-4,0.0018325958,-0.004886922,TREMOR,5fa135632fe9
1776793185533,1901409983687294,-2.1571758,1.115698,-9.339781,-6.1086525E-4,0.0036651916,-0.004276057,TREMOR,5fa135632fe9
1776793185541,1901409991681376,-2.1787236,1.1324574,-9.354146,-6.1086525E-4,0.004276057,-0.0030543262,TREMOR,5fa135632fe9
1776793185549,1901409999678919,-2.1667526,1.1444284,-9.337387,0.0,0.002443461,-6.1086525E-4,TREMOR,5fa135632fe9
1776793185557,1901410007704232,-2.1619642,1.13964,-9.344569,0.0012217305,0.004886922,-0.004276057,TREMOR,5fa135632fe9
1776793185565,1901410015700237,-2.171541,1.13964,-9.344569,-6.1086525E-4,0.0030543262,-0.0018325958,TREMOR,5fa135632fe9
1776793185573,1901410023695627,-2.1667526,1.1492168,-9.334992,-6.1086525E-4,0.002443461,-0.0018325958,TREMOR,5fa135632fe9
1776793185581,1901410031692478,-2.183512,1.1540052,-9.344569,0.0,0.0018325958,6.1086525E-4,TREMOR,5fa135632fe9
1776793185589,1901410039685175,-2.1811178,1.1420342,-9.330204,6.1086525E-4,6.1086525E-4,-6.1086525E-4,TREMOR,5fa135632fe9
1776793185597,1901410047681796,-2.1619642,1.1420342,-9.344569,0.0012217305,6.1086525E-4,-0.0018325958,TREMOR,5fa135632fe9
1776793185605,1901410055706724,-2.1667526,1.1420342,-9.3421755,0.0012217305,-0.0018325958,-0.0018325958,TREMOR,5fa135632fe9
1776793185613,1901410063704498,-2.1667526,1.1348516,-9.337387,0.0012217305,-0.0018325958,-0.0018325958,TREMOR,5fa135632fe9
1776793185621,1901410071699888,-2.1452048,1.1300632,-9.346964,0.0,-0.0018325958,-0.0018325958,TREMOR,5fa135632fe9
1776793185629,1901410079694739,-2.15957,1.1180922,-9.346964,0.0012217305,-0.0018325958,-0.0012217305,TREMOR,5fa135632fe9
1776793185637,1901410087689513,-2.1308396,1.0965444,-9.354146,6.1086525E-4,-0.0012217305,-6.1086525E-4,TREMOR,5fa135632fe9
1776793185645,1901410095685826,-2.1452048,1.103727,-9.339781,0.0018325958,0.0,-0.0018325958,TREMOR,5fa135632fe9
1776793185653,1901410103681215,-2.1308396,1.0989386,-9.344569,6.1086525E-4,-0.0012217305,-6.1086525E-4,TREMOR,5fa135632fe9
1776793185661,1901410111708220,-2.147599,1.0893618,-9.354146,0.0012217305,-0.0012217305,0.0,TREMOR,5fa135632fe9
1776793185669,1901410119702456,-2.1428106,1.1085154,-9.361329,0.0012217305,-0.0012217305,-0.0018325958,TREMOR,5fa135632fe9
1776793185677,1901410127700846,-2.135628,1.079785,-9.354146,-6.1086525E-4,-0.0018325958,-0.0012217305,TREMOR,5fa135632fe9
1776793185685,1901410135694774,-2.147599,1.0726024,-9.3661175,-0.0012217305,-6.1086525E-4,-0.0030543262,TREMOR,5fa135632fe9
1776793185693,1901410143688933,-2.1452048,1.0893618,-9.356541,-0.002443461,-6.1086525E-4,0.0,TREMOR,5fa135632fe9
1776793185701,1901410151685476,-2.1404164,1.0941502,-9.3661175,-0.0018325958,0.0,-0.0018325958,TREMOR,5fa135632fe9
1776793185709,1901410159682097,-2.1667526,1.1085154,-9.356541,-0.0018325958,0.0,-0.0030543262,TREMOR,5fa135632fe9
1776793185717,1901410167679102,-2.1691468,1.1061212,-9.361329,-0.0030543262,-6.1086525E-4,-0.0018325958,TREMOR,5fa135632fe9
1776793185725,1901410175704337,-2.1763294,1.115698,-9.356541,-0.0030543262,-0.0012217305,-0.002443461,TREMOR,5fa135632fe9
1776793185733,1901410183700342,-2.1619642,1.1228806,-9.339781,-0.0018325958,-0.002443461,-0.0030543262,TREMOR,5fa135632fe9
1776793185741,1901410191695424,-2.1930888,1.1348516,-9.351752,-6.1086525E-4,-0.002443461,-0.0030543262,TREMOR,5fa135632fe9
1776793185749,1901410199688968,-2.1691468,1.1300632,-9.344569,0.0,-0.002443461,-0.0012217305,TREMOR,5fa135632fe9
1776793185757,1901410207685204,-2.2002714,1.1252748,-9.358934,0.0,-0.0012217305,-0.0018325958,TREMOR,5fa135632fe9
1776793185765,1901410215680670,-2.1906946,1.13964,-9.3421755,6.1086525E-4,-0.0018325958,-0.0036651916,TREMOR,5fa135632fe9
1776793185773,1901410223706444,-2.1787236,1.1252748,-9.349358,0.0,0.0,-0.0012217305,TREMOR,5fa135632fe9
1776793185781,1901410231703449,-2.1906946,1.1348516,-9.356541,0.0,-0.0018325958,-0.0030543262,TREMOR,5fa135632fe9
1776793185789,1901410239698839,-2.1811178,1.1420342,-9.354146,0.0,-0.0012217305,-0.002443461,TREMOR,5fa135632fe9
1776793185797,1901410247694152,-2.2050598,1.1324574,-9.339781,0.0012217305,0.0,-0.0012217305,TREMOR,5fa135632fe9
1776793185805,1901410255691464,-2.1883004,1.1252748,-9.358934,0.0,-0.0030543262,-0.0012217305,TREMOR,5fa135632fe9
1776793185813,1901410263686470,-2.1739352,1.1300632,-9.361329,-6.1086525E-4,-0.0030543262,0.0,TREMOR,5fa135632fe9
1776793185821,1901410271680090,-2.1667526,1.103727,-9.346964,0.0012217305,-0.0012217305,-0.0012217305,TREMOR,5fa135632fe9
1776793185829,1901410279709556,-2.1643584,1.1061212,-9.358934,0.0,-0.0012217305,-0.0012217305,TREMOR,5fa135632fe9
1776793185837,1901410287703485,-2.1404164,1.1013328,-9.363723,6.1086525E-4,-0.0018325958,-0.0018325958,TREMOR,5fa135632fe9
1776793185845,1901410295698874,-2.1428106,1.0869676,-9.361329,6.1086525E-4,-0.0012217305,-0.0012217305,TREMOR,5fa135632fe9
1776793185853,1901410303694495,-2.1308396,1.0965444,-9.361329,0.0,-0.0018325958,6.1086525E-4,TREMOR,5fa135632fe9
1776793185861,1901410311689884,-2.1284454,1.0893618,-9.358934,-0.002443461,-0.0012217305,-6.1086525E-4,TREMOR,5fa135632fe9
1776793185869,1901410319685889,-2.1188686,1.0965444,-9.368511,-0.002443461,0.0,0.002443461,TREMOR,5fa135632fe9
1776793185877,1901410327681971,-2.1260512,1.0893618,-9.361329,-0.0018325958,6.1086525E-4,0.0,TREMOR,5fa135632fe9
1776793185885,1901410335707745,-2.123657,1.091756,-9.370906,-0.0030543262,0.0012217305,-0.0012217305,TREMOR,5fa135632fe9
1776793185893,1901410343703212,-2.135628,1.1204864,-9.378088,-0.0036651916,0.0012217305,-6.1086525E-4,TREMOR,5fa135632fe9
1776793185901,1901410351697602,-2.1428106,1.1085154,-9.390059,-0.0030543262,0.0030543262,-6.1086525E-4,TREMOR,5fa135632fe9
1776793185909,1901410359694222,-2.1428106,1.1109096,-9.370906,-0.0030543262,0.0012217305,-0.002443461,TREMOR,5fa135632fe9
1776793185917,1901410367689689,-2.15957,1.1109096,-9.363723,-0.0030543262,0.0012217305,-0.0030543262,TREMOR,5fa135632fe9
1776793185925,1901410375685694,-2.1811178,1.1180922,-9.361329,-0.002443461,0.0012217305,-0.0018325958,TREMOR,5fa135632fe9
1776793185933,1901410383680160,-2.1523874,1.1109096,-9.361329,-6.1086525E-4,-0.0012217305,-0.0030543262,TREMOR,5fa135632fe9
1776793185941,1901410391707781,-2.1667526,1.0941502,-9.3661175,6.1086525E-4,-0.0018325958,-0.0012217305,TREMOR,5fa135632fe9
1776793185949,1901410399703170,-2.15957,1.1204864,-9.358934,0.0,-0.004886922,-0.0012217305,TREMOR,5fa135632fe9
1776793185957,1901410407696791,-2.1691468,1.1204864,-9.351752,6.1086525E-4,-0.004886922,-0.0018325958,TREMOR,5fa135632fe9
1776793185965,1901410415694873,-2.1619642,1.1324574,-9.3661175,6.1086525E-4,-0.0061086523,0.0,TREMOR,5fa135632fe9
1776793185973,1901410423690031,-2.1667526,1.1300632,-9.3661175,6.1086525E-4,-0.0067195175,6.1086525E-4,TREMOR,5fa135632fe9
1776793185981,1901410431683190,-2.147599,1.1300632,-9.354146,0.0,-0.0067195175,0.002443461,TREMOR,5fa135632fe9
1776793185989,1901410439682580,-2.1643584,1.1348516,-9.358934,0.0012217305,-0.007941248,0.0018325958,TREMOR,5fa135632fe9
1776793185997,1901410447708200,-2.1571758,1.1228806,-9.358934,0.0012217305,-0.0067195175,0.0012217305,TREMOR,5fa135632fe9
1776793186005,1901410455703513,-2.1643584,1.127669,-9.3733,0.0012217305,-0.0067195175,6.1086525E-4,TREMOR,5fa135632fe9
1776793186013,1901410463696749,-2.15957,1.1061212,-9.368511,6.1086525E-4,-0.009162978,0.0012217305,TREMOR,5fa135632fe9
1776793186021,1901410471693985,-2.1404164,1.1228806,-9.351752,0.0012217305,-0.007941248,0.0030543262,TREMOR,5fa135632fe9
1776793186029,1901410479690374,-2.1547816,1.1348516,-9.346964,0.0018325958,-0.008552114,0.004276057,TREMOR,5fa135632fe9
1776793186037,1901410487685072,-2.15957,1.1300632,-9.3661175,0.0012217305,-0.009773844,0.002443461,TREMOR,5fa135632fe9
1776793186045,1901410495679923,-2.1883004,1.1252748,-9.344569,6.1086525E-4,-0.009162978,0.0018325958,TREMOR,5fa135632fe9
1776793186053,1901410503675543,-2.1763294,1.1252748,-9.370906,6.1086525E-4,-0.009162978,0.0,TREMOR,5fa135632fe9
1776793186061,1901410511703625,-2.1978772,1.1204864,-9.346964,-0.0012217305,-0.007330383,6.1086525E-4,TREMOR,5fa135632fe9
1776793186069,1901410519697476,-2.2050598,1.115698,-9.346964,-0.0012217305,-0.007330383,-0.0012217305,TREMOR,5fa135632fe9
1776793186077,1901410527695020,-2.1978772,1.115698,-9.361329,-6.1086525E-4,-0.0067195175,-6.1086525E-4,TREMOR,5fa135632fe9
1776793186085,1901410535690948,-2.2266076,1.1300632,-9.354146,-6.1086525E-4,-0.004276057,-0.002443461,TREMOR,5fa135632fe9
1776793186093,1901410543684568,-2.2218192,1.1109096,-9.356541,-0.0012217305,-0.0036651916,-0.0030543262,TREMOR,5fa135632fe9
1776793186101,1901410551681189,-2.2170308,1.127669,-9.356541,-0.0012217305,-6.1086525E-4,-0.0018325958,TREMOR,5fa135632fe9
1776793186109,1901410559705501,-2.2290018,1.1109096,-9.3661175,-0.0018325958,0.0012217305,-0.004276057,TREMOR,5fa135632fe9
1776793186117,1901410567701737,-2.2337902,1.1252748,-9.368511,-0.0018325958,0.0018325958,-0.0018325958,TREMOR,5fa135632fe9
1776793186125,1901410575697434,-2.2170308,1.1348516,-9.356541,-0.002443461,0.0030543262,-0.002443461,TREMOR,5fa135632fe9
1776793186133,1901410583692901,-2.231396,1.1468226,-9.351752,-0.0030543262,0.005497787,-0.002443461,TREMOR,5fa135632fe9
1776793186141,1901410591687598,-2.2242134,1.1540052,-9.363723,-0.0018325958,0.005497787,-0.0036651916,TREMOR,5fa135632fe9
1776793186149,1901410599684834,-2.207454,1.1444284,-9.368511,-0.0012217305,0.004886922,-0.0036651916,TREMOR,5fa135632fe9
1776793186157,1901410607678147,-2.1930888,1.1420342,-9.370906,-0.0018325958,0.007330383,-0.004886922,TREMOR,5fa135632fe9
1776793186165,1901410615674998,-2.1739352,1.1133038,-9.361329,-0.002443461,0.007330383,-0.004276057,TREMOR,5fa135632fe9
1776793186173,1901410623701772,-2.1739352,1.115698,-9.370906,-0.0012217305,0.007941248,-0.002443461,TREMOR,5fa135632fe9
1776793186181,1901410631695623,-2.1906946,1.115698,-9.370906,-0.0012217305,0.0067195175,-0.0036651916,TREMOR,5fa135632fe9
1776793186189,1901410639692552,-2.1643584,1.0989386,-9.378088,-6.1086525E-4,0.007330383,-0.0036651916,TREMOR,5fa135632fe9
1776793186197,1901410647688326,-2.1523874,1.0821792,-9.375694,0.0,0.007941248,-0.0018325958,TREMOR,5fa135632fe9
1776793186205,1901410655685254,-2.1452048,1.0869676,-9.3661175,-6.1086525E-4,0.008552114,-0.0030543262,TREMOR,5fa135632fe9
1776793186213,1901410663679028,-2.135628,1.0726024,-9.370906,-0.0012217305,0.008552114,-0.002443461,TREMOR,5fa135632fe9
1776793186221,1901410671706418,-2.1284454,1.0773908,-9.382876,-0.002443461,0.0061086523,-6.1086525E-4,TREMOR,5fa135632fe9
1776793186229,1901410679701577,-2.0925324,1.0654198,-9.368511,-6.1086525E-4,0.0061086523,-6.1086525E-4,TREMOR,5fa135632fe9
1776793186237,1901410687697274,-2.1021092,1.0845734,-9.3733,-0.0018325958,0.004886922,0.002443461,TREMOR,5fa135632fe9
1776793186245,1901410695692279,-2.099715,1.0869676,-9.356541,-0.0012217305,0.004276057,0.0030543262,TREMOR,5fa135632fe9
1776793186253,1901410703687130,-2.099715,1.0893618,-9.368511,-0.0018325958,0.002443461,0.002443461,TREMOR,5fa135632fe9
1776793186261,1901410711684366,-2.1092918,1.0821792,-9.370906,-0.002443461,0.0018325958,0.0030543262,TREMOR,5fa135632fe9
1776793186269,1901410719679756,-2.099715,1.0773908,-9.354146,-0.0030543262,0.0012217305,0.0012217305,TREMOR,5fa135632fe9
1776793186277,1901410727705299,-2.111686,1.1085154,-9.358934,-0.002443461,0.0,0.004276057,TREMOR,5fa135632fe9
1776793186285,1901410735702458,-2.135628,1.1109096,-9.356541,-0.0018325958,-0.0018325958,0.004276057,TREMOR,5fa135632fe9
1776793186293,1901410743695694,-2.1188686,1.0989386,-9.363723,-0.0030543262,-0.0018325958,0.0030543262,TREMOR,5fa135632fe9
1776793186301,1901410751691776,-2.1523874,1.1228806,-9.351752,-0.0018325958,-0.002443461,0.0036651916,TREMOR,5fa135632fe9
1776793186309,1901410759687396,-2.1667526,1.115698,-9.370906,-0.0012217305,-0.002443461,0.0036651916,TREMOR,5fa135632fe9
1776793186317,1901410767684093,-2.1667526,1.1061212,-9.370906,-0.0012217305,-0.004886922,0.0036651916,TREMOR,5fa135632fe9
1776793186325,1901410775679098,-2.1643584,1.1204864,-9.354146,6.1086525E-4,-0.005497787,0.004886922,TREMOR,5fa135632fe9
1776793186333,1901410783705642,-2.1763294,1.127669,-9.354146,0.0,-0.004276057,0.004276057,TREMOR,5fa135632fe9
1776793186341,1901410791701955,-2.1859062,1.1420342,-9.363723,-0.0012217305,-0.0036651916,0.005497787,TREMOR,5fa135632fe9
1776793186349,1901410799698190,-2.1930888,1.1540052,-9.358934,0.0,-0.005497787,0.005497787,TREMOR,5fa135632fe9
1776793186357,1901410807693272,-2.195483,1.1372458,-9.351752,0.0012217305,-0.004886922,0.002443461,TREMOR,5fa135632fe9
1776793186365,1901410815688739,-2.1859062,1.1468226,-9.351752,0.0,-0.004886922,0.005497787,TREMOR,5fa135632fe9
1776793186373,1901410823682205,-2.1883004,1.1492168,-9.363723,0.0012217305,-0.005497787,0.0067195175,TREMOR,5fa135632fe9
1776793186381,1901410831678903,-2.183512,1.13964,-9.358934,0.0018325958,-0.0030543262,0.0067195175,TREMOR,5fa135632fe9
1776793186389,1901410839707139,-2.1859062,1.1252748,-9.346964,0.0018325958,-0.0036651916,0.0067195175,TREMOR,5fa135632fe9
1776793186397,1901410847701067,-2.2050598,1.1180922,-9.346964,0.0018325958,-0.0018325958,0.004276057,TREMOR,5fa135632fe9
1776793186405,1901410855695226,-2.1883004,1.103727,-9.346964,0.0012217305,-0.004276057,0.004276057,TREMOR,5fa135632fe9
1776793186413,1901410863691846,-2.1883004,1.115698,-9.358934,0.0,-0.0030543262,0.0061086523,TREMOR,5fa135632fe9
1776793186421,1901410871686312,-2.1930888,1.1133038,-9.349358,6.1086525E-4,-0.0018325958,0.0030543262,TREMOR,5fa135632fe9
1776793186429,1901410879683164,-2.195483,1.1300632,-9.346964,0.0,-6.1086525E-4,0.002443461,TREMOR,5fa135632fe9
1776793186437,1901410887708399,-2.207454,1.1300632,-9.356541,-0.0012217305,0.0018325958,6.1086525E-4,TREMOR,5fa135632fe9
1776793186445,1901410895706251,-2.207454,1.1180922,-9.356541,-0.0012217305,0.004276057,0.0012217305,TREMOR,5fa135632fe9
1776793186453,1901410903701640,-2.1930888,1.1372458,-9.354146,-0.0030543262,0.005497787,0.0,TREMOR,5fa135632fe9
1776793186461,1901410911695799,-2.2098482,1.1587936,-9.346964,-0.0018325958,0.007330383,-0.0012217305,TREMOR,5fa135632fe9
1776793186469,1901410919691881,-2.2218192,1.1324574,-9.337387,-0.0030543262,0.007330383,6.1086525E-4,TREMOR,5fa135632fe9
1776793186477,1901410927686348,-2.2050598,1.1420342,-9.330204,-0.0018325958,0.010995574,-0.0012217305,TREMOR,5fa135632fe9
1776793186485,1901410935683814,-2.2050598,1.1444284,-9.344569,-0.0018325958,0.007941248,-0.0012217305,TREMOR,5fa135632fe9
1776793186493,1901410943680819,-2.207454,1.1252748,-9.351752,-0.0012217305,0.009162978,6.1086525E-4,TREMOR,5fa135632fe9
1776793186501,1901410951706670,-2.2050598,1.1324574,-9.3421755,-0.0012217305,0.007941248,6.1086525E-4,TREMOR,5fa135632fe9
1776793186509,1901410959701060,-2.1883004,1.1348516,-9.349358,-0.002443461,0.007330383,0.0012217305,TREMOR,5fa135632fe9
1776793186517,1901410967696450,-2.171541,1.1085154,-9.344569,-6.1086525E-4,0.008552114,-6.1086525E-4,TREMOR,5fa135632fe9
1776793186525,1901410975691301,-2.171541,1.1109096,-9.349358,-0.0018325958,0.009162978,6.1086525E-4,TREMOR,5fa135632fe9
1776793186533,1901410983687306,-2.1667526,1.0989386,-9.339781,-0.0018325958,0.010995574,6.1086525E-4,TREMOR,5fa135632fe9
1776793186541,1901410991684542,-2.1404164,1.0989386,-9.346964,-0.0018325958,0.009162978,-6.1086525E-4,TREMOR,5fa135632fe9
1776793186549,1901410999677700,-2.1547816,1.115698,-9.358934,-0.0018325958,0.009162978,-0.0018325958,TREMOR,5fa135632fe9
1776793186557,1901411007705167,-2.1260512,1.103727,-9.361329,-0.002443461,0.009773844,-0.0012217305,TREMOR,5fa135632fe9
1776793186565,1901411015702095,-2.1212628,1.1133038,-9.351752,-0.0030543262,0.01038471,-0.0018325958,TREMOR,5fa135632fe9
1776793186573,1901411023695331,-2.1164744,1.115698,-9.380483,-0.0030543262,0.007941248,-0.0018325958,TREMOR,5fa135632fe9
1776793186581,1901411031689413,-2.1188686,1.1133038,-9.358934,-0.0018325958,0.007330383,-0.0018325958,TREMOR,5fa135632fe9
1776793186589,1901411039687572,-2.1212628,1.1133038,-9.370906,-0.002443461,0.007941248,-0.0018325958,TREMOR,5fa135632fe9
1776793186597,1901411047681808,-2.1164744,1.091756,-9.3733,-0.0012217305,0.009773844,0.0,TREMOR,5fa135632fe9
1776793186605,1901411055677120,-2.1068976,1.0893618,-9.354146,-6.1086525E-4,0.005497787,6.1086525E-4,TREMOR,5fa135632fe9
1776793186613,1901411063702971,-2.111686,1.103727,-9.361329,0.0,0.002443461,0.0012217305,TREMOR,5fa135632fe9
1776793186621,1901411071700592,-2.1188686,1.0965444,-9.3733,6.1086525E-4,-0.0012217305,0.0018325958,TREMOR,5fa135632fe9
1776793186629,1901411079694366,-2.1188686,1.079785,-9.363723,0.0012217305,-0.002443461,0.004886922,TREMOR,5fa135632fe9
1776793186637,1901411087691602,-2.1260512,1.0821792,-9.361329,6.1086525E-4,-0.004886922,0.004886922,TREMOR,5fa135632fe9
1776793186645,1901411095686991,-2.1212628,1.1109096,-9.361329,0.0012217305,-0.004886922,0.0036651916,TREMOR,5fa135632fe9
1776793186653,1901411103682458,-2.1188686,1.103727,-9.354146,0.002443461,-0.0067195175,0.004886922,TREMOR,5fa135632fe9
1776793186661,1901411111707925,-2.1380222,1.0965444,-9.3661175,6.1086525E-4,-0.0061086523,0.0061086523,TREMOR,5fa135632fe9
1776793186669,1901411119704314,-2.135628,1.1013328,-9.354146,0.0,-0.0067195175,0.005497787,TREMOR,5fa135632fe9
1776793186677,1901411127699935,-2.1523874,1.0965444,-9.346964,6.1086525E-4,-0.0067195175,0.004886922,TREMOR,5fa135632fe9
1776793186685,1901411135695094,-2.171541,1.1180922,-9.351752,-6.1086525E-4,-0.0067195175,0.004886922,TREMOR,5fa135632fe9
1776793186693,1901411143691406,-2.1763294,1.1109096,-9.334992,-0.0018325958,-0.005497787,0.0030543262,TREMOR,5fa135632fe9
1776793186701,1901411151686488,-2.2002714,1.127669,-9.337387,-6.1086525E-4,-0.005497787,0.0030543262,TREMOR,5fa135632fe9
1776793186709,1901411159680878,-2.1930888,1.1324574,-9.346964,0.0,-0.004276057,0.0030543262,TREMOR,5fa135632fe9
1776793186717,1901411167707729,-2.219425,1.1563994,-9.32781,-0.0012217305,-0.004276057,0.0036651916,TREMOR,5fa135632fe9
1776793186725,1901411175703349,-2.2146366,1.1587936,-9.349358,-0.0018325958,-0.0018325958,0.002443461,TREMOR,5fa135632fe9
1776793186733,1901411183700662,-2.2385786,1.1540052,-9.3421755,-6.1086525E-4,0.0,0.0012217305,TREMOR,5fa135632fe9
1776793186741,1901411191695975,-2.219425,1.1611878,-9.351752,-6.1086525E-4,0.0018325958,0.0018325958,TREMOR,5fa135632fe9
1776793186749,1901411199691672,-2.2505496,1.1563994,-9.332599,-6.1086525E-4,0.0012217305,0.0,TREMOR,5fa135632fe9
1776793186757,1901411207687139,-2.2266076,1.1779473,-9.337387,-6.1086525E-4,0.0030543262,0.0,TREMOR,5fa135632fe9
1776793186765,1901411215681913,-2.231396,1.1659763,-9.354146,0.0,0.005497787,0.002443461,TREMOR,5fa135632fe9
1776793186773,1901411223678226,-2.2218192,1.13964,-9.344569,-0.0012217305,0.004276057,0.0,TREMOR,5fa135632fe9
1776793186781,1901411231704308,-2.2170308,1.1300632,-9.354146,-0.0018325958,0.005497787,6.1086525E-4,TREMOR,5fa135632fe9
1776793186789,1901411239700620,-2.1978772,1.1372458,-9.3421755,-0.0018325958,0.005497787,0.0012217305,TREMOR,5fa135632fe9
1776793186797,1901411247694471,-2.1787236,1.1348516,-9.339781,-0.0018325958,0.0067195175,6.1086525E-4,TREMOR,5fa135632fe9
1776793186805,1901411255690476,-2.1811178,1.127669,-9.349358,-0.0012217305,0.007941248,6.1086525E-4,TREMOR,5fa135632fe9
1776793186813,1901411263686558,-2.1667526,1.1180922,-9.356541,-0.002443461,0.009162978,0.002443461,TREMOR,5fa135632fe9
1776793186821,1901411271682256,-2.135628,1.115698,-9.337387,-0.0030543262,0.008552114,0.0018325958,TREMOR,5fa135632fe9
1776793186829,1901411279677338,-2.1260512,1.0965444,-9.354146,-0.0030543262,0.007941248,0.0036651916,TREMOR,5fa135632fe9
1776793186837,1901411287703189,-2.1164744,1.0893618,-9.368511,-0.0030543262,0.007941248,0.0,TREMOR,5fa135632fe9
1776793186845,1901411295699809,-2.135628,1.1204864,-9.375694,-0.004276057,0.008552114,0.0012217305,TREMOR,5fa135632fe9
1776793186853,1901411303695199,-2.111686,1.1085154,-9.378088,-0.004276057,0.007941248,6.1086525E-4,TREMOR,5fa135632fe9
1776793186861,1901411311688435,-2.1164744,1.1013328,-9.370906,-0.0036651916,0.0061086523,-0.0012217305,TREMOR,5fa135632fe9
1776793186869,1901411319686824,-2.1212628,1.1109096,-9.363723,-0.0030543262,0.005497787,6.1086525E-4,TREMOR,5fa135632fe9
1776793186877,1901411327681368,-2.1212628,1.0965444,-9.361329,-0.0036651916,0.0036651916,6.1086525E-4,TREMOR,5fa135632fe9
1776793186885,1901411335709065,-2.1404164,1.115698,-9.3733,-0.0018325958,0.0030543262,0.002443461,TREMOR,5fa135632fe9
1776793186893,1901411343703532,-2.1284454,1.115698,-9.354146,-0.002443461,6.1086525E-4,-0.0012217305,TREMOR,5fa135632fe9
1776793186901,1901411351699767,-2.1428106,1.1228806,-9.370906,-0.0012217305,0.0012217305,0.0012217305,TREMOR,5fa135632fe9
1776793186909,1901411359692465,-2.1452048,1.127669,-9.358934,0.0,0.0,0.0018325958,TREMOR,5fa135632fe9
1776793186917,1901411367690931,-2.1428106,1.1348516,-9.334992,0.0012217305,0.0,0.0030543262,TREMOR,5fa135632fe9
1776793186925,1901411375687552,-2.1619642,1.1348516,-9.358934,0.0012217305,-0.002443461,0.0030543262,TREMOR,5fa135632fe9
1776793186933,1901411383681018,-2.147599,1.1372458,-9.349358,6.1086525E-4,-0.0030543262,0.002443461,TREMOR,5fa135632fe9
1776793186941,1901411391707562,-2.1547816,1.1444284,-9.351752,6.1086525E-4,-0.0030543262,0.0030543262,TREMOR,5fa135632fe9
1776793186949,1901411399703182,-2.1428106,1.1444284,-9.346964,0.0012217305,-0.005497787,0.004276057,TREMOR,5fa135632fe9
1776793186957,1901411407698572,-2.1571758,1.1444284,-9.3661175,0.0018325958,-0.004886922,0.004276057,TREMOR,5fa135632fe9
1776793186965,1901411415695577,-2.147599,1.1372458,-9.344569,0.0012217305,-0.004886922,0.004886922,TREMOR,5fa135632fe9
1776793186973,1901411423691197,-2.1523874,1.1252748,-9.354146,6.1086525E-4,-0.0061086523,0.004886922,TREMOR,5fa135632fe9
1776793186981,1901411431684741,-2.1619642,1.115698,-9.337387,0.0036651916,-0.004886922,0.004276057,TREMOR,5fa135632fe9
1776793186989,1901411439681669,-2.1691468,1.1252748,-9.344569,0.002443461,-0.0036651916,0.005497787,TREMOR,5fa135632fe9
1776793186997,1901411447707212,-2.1667526,1.1180922,-9.346964,0.0018325958,-0.004276057,0.0036651916,TREMOR,5fa135632fe9
1776793187005,1901411455702910,-2.15957,1.1228806,-9.3421755,0.0030543262,-0.004276057,0.004886922,TREMOR,5fa135632fe9
1776793187013,1901411463698607,-2.1691468,1.1109096,-9.344569,0.0036651916,-0.004276057,0.0036651916,TREMOR,5fa135632fe9
1776793187021,1901411471694920,-2.1811178,1.1133038,-9.3421755,0.0012217305,-0.004886922,0.0018325958,TREMOR,5fa135632fe9
1776793187029,1901411479687617,-2.183512,1.0989386,-9.356541,0.002443461,-0.004276057,0.0012217305,TREMOR,5fa135632fe9
1776793187037,1901411487686391,-2.2050598,1.0941502,-9.339781,6.1086525E-4,-0.0012217305,0.0018325958,TREMOR,5fa135632fe9
1776793187045,1901411495683012,-2.2146366,1.0941502,-9.354146,6.1086525E-4,-0.0030543262,-0.0030543262,TREMOR,5fa135632fe9
1776793187053,1901411503677709,-2.219425,1.1252748,-9.344569,0.0,6.1086525E-4,-6.1086525E-4,TREMOR,5fa135632fe9
1776793187061,1901411511702945,-2.2290018,1.115698,-9.356541,-0.0018325958,0.002443461,-6.1086525E-4,TREMOR,5fa135632fe9
1776793187069,1901411519697719,-2.2337902,1.1372458,-9.354146,-0.0036651916,0.004886922,-0.0036651916,TREMOR,5fa135632fe9
1776793187077,1901411527694955,-2.2505496,1.1468226,-9.334992,-0.0030543262,0.0067195175,-0.0036651916,TREMOR,5fa135632fe9
1776793187085,1901411535689729,-2.231396,1.163582,-9.354146,-0.002443461,0.0061086523,-0.0030543262,TREMOR,5fa135632fe9
1776793187093,1901411543685119,-2.2050598,1.1611878,-9.334992,-0.004276057,0.009162978,-0.004276057,TREMOR,5fa135632fe9
1776793187101,1901411551679585,-2.2218192,1.1468226,-9.354146,-0.0030543262,0.01160644,-0.004886922,TREMOR,5fa135632fe9
1776793187109,1901411559707590,-2.1787236,1.1372458,-9.351752,-0.004276057,0.012217305,-0.0012217305,TREMOR,5fa135632fe9
1776793187117,1901411567701441,-2.1930888,1.1540052,-9.356541,-0.0030543262,0.015882496,-0.002443461,TREMOR,5fa135632fe9
1776793187125,1901411575698370,-2.1906946,1.1372458,-9.344569,-0.0018325958,0.015882496,-0.0030543262,TREMOR,5fa135632fe9
1776793187133,1901411583694144,-2.1547816,1.1204864,-9.346964,0.0,0.015882496,-0.0018325958,TREMOR,5fa135632fe9
1776793187141,1901411591689841,-2.147599,1.127669,-9.361329,-0.0012217305,0.014660766,-0.0018325958,TREMOR,5fa135632fe9
1776793187149,1901411599685769,-2.1308396,1.0989386,-9.368511,-6.1086525E-4,0.014049901,-0.0018325958,TREMOR,5fa135632fe9
1776793187157,1901411607682159,-2.1284454,1.1252748,-9.351752,6.1086525E-4,0.014660766,-0.0018325958,TREMOR,5fa135632fe9
1776793187165,1901411615707395,-2.1092918,1.103727,-9.3733,6.1086525E-4,0.01160644,-0.0030543262,TREMOR,5fa135632fe9
1776793187173,1901411623702477,-2.135628,1.0869676,-9.356541,0.0018325958,0.01160644,-0.0018325958,TREMOR,5fa135632fe9
1776793187181,1901411631696559,-2.0973208,1.0869676,-9.378088,0.0012217305,0.008552114,-0.002443461,TREMOR,5fa135632fe9
1776793187189,1901411639692948,-2.1045034,1.091756,-9.351752,0.0012217305,0.004886922,-6.1086525E-4,TREMOR,5fa135632fe9
1776793187197,1901411647688645,-2.0973208,1.0893618,-9.3421755,0.0018325958,0.007330383,0.0,TREMOR,5fa135632fe9
1776793187205,1901411655685266,-2.0805612,1.0893618,-9.349358,0.0018325958,0.004276057,-0.002443461,TREMOR,5fa135632fe9
1776793187213,1901411663681271,-2.0949266,1.0773908,-9.351752,0.0018325958,0.0030543262,-0.0018325958,TREMOR,5fa135632fe9
1776793187221,1901411671707122,-2.1068976,1.0893618,-9.3421755,6.1086525E-4,6.1086525E-4,-6.1086525E-4,TREMOR,5fa135632fe9
1776793187229,1901411679703127,-2.1092918,1.115698,-9.330204,0.0012217305,-6.1086525E-4,-0.0012217305,TREMOR,5fa135632fe9
1776793187237,1901411687696594,-2.1140802,1.1204864,-9.339781,0.0012217305,-0.0018325958,6.1086525E-4,TREMOR,5fa135632fe9
1776793187245,1901411695693906,-2.1308396,1.103727,-9.346964,-0.0012217305,-0.0018325958,-0.0012217305,TREMOR,5fa135632fe9
1776793187253,1901411703689527,-2.1452048,1.1444284,-9.334992,-0.0012217305,-0.002443461,6.1086525E-4,TREMOR,5fa135632fe9
1776793187261,1901411711684686,-2.1332338,1.1204864,-9.351752,-6.1086525E-4,-0.0036651916,0.0012217305,TREMOR,5fa135632fe9
1776793187269,1901411719680921,-2.1523874,1.1468226,-9.337387,-6.1086525E-4,-0.0036651916,0.0018325958,TREMOR,5fa135632fe9
1776793187277,1901411727706465,-2.15957,1.1468226,-9.339781,0.0,-0.004276057,0.0018325958,TREMOR,5fa135632fe9
1776793187285,1901411735701316,-2.1739352,1.1492168,-9.361329,6.1086525E-4,-0.004276057,0.0036651916,TREMOR,5fa135632fe9
1776793187293,1901411743697936,-2.183512,1.1300632,-9.354146,-6.1086525E-4,-0.004276057,0.004886922,TREMOR,5fa135632fe9
1776793187301,1901411751693249,-2.1883004,1.1252748,-9.356541,0.0012217305,-0.004886922,0.0030543262,TREMOR,5fa135632fe9
1776793187309,1901411759688947,-2.1883004,1.0989386,-9.363723,0.0036651916,-0.0036651916,0.005497787,TREMOR,5fa135632fe9
1776793187317,1901411767684644,-2.1739352,1.1013328,-9.346964,0.0018325958,-0.002443461,0.004886922,TREMOR,5fa135632fe9
1776793187325,1901411775680649,-2.1906946,1.0989386,-9.3661175,0.0030543262,-0.0030543262,0.0067195175,TREMOR,5fa135632fe9
1776793187333,1901411783706808,-2.1619642,1.0773908,-9.378088,0.002443461,-0.0036651916,0.007330383,TREMOR,5fa135632fe9
1776793187341,1901411791700044,-2.15957,1.0702082,-9.3421755,0.002443461,-0.002443461,0.007330383,TREMOR,5fa135632fe9
1776793187349,1901411799697356,-2.1523874,1.0845734,-9.351752,6.1086525E-4,-0.0030543262,0.009162978,TREMOR,5fa135632fe9
1776793187357,1901411807691823,-2.1404164,1.0965444,-9.370906,6.1086525E-4,-0.002443461,0.007330383,TREMOR,5fa135632fe9
1776793187365,1901411815688982,-2.15957,1.0773908,-9.375694,-0.0018325958,-0.005497787,0.005497787,TREMOR,5fa135632fe9
1776793187373,1901411823684371,-2.135628,1.0893618,-9.354146,-0.0012217305,-0.004276057,0.004886922,TREMOR,5fa135632fe9
1776793187381,1901411831680376,-2.1428106,1.1061212,-9.358934,-0.0018325958,-0.0030543262,0.004276057,TREMOR,5fa135632fe9
1776793187389,1901411839705689,-2.1380222,1.1109096,-9.349358,-0.0030543262,-0.0030543262,0.002443461,TREMOR,5fa135632fe9
1776793187397,1901411847701617,-2.1691468,1.1300632,-9.363723,-0.0030543262,-0.0030543262,0.0,TREMOR,5fa135632fe9
1776793187405,1901411855698314,-2.1571758,1.1252748,-9.349358,-0.002443461,-0.0030543262,0.0,TREMOR,5fa135632fe9
1776793187413,1901411863692704,-2.1739352,1.1420342,-9.349358,-0.0012217305,-0.0012217305,-0.0018325958,TREMOR,5fa135632fe9
1776793187421,1901411871688786,-2.1859062,1.13964,-9.332599,-0.002443461,-6.1086525E-4,-0.0018325958,TREMOR,5fa135632fe9
1776793187429,1901411879684176,-2.207454,1.1540052,-9.334992,-0.0012217305,0.0030543262,-0.002443461,TREMOR,5fa135632fe9
1776793187437,1901411887677411,-2.1978772,1.1563994,-9.334992,-0.0018325958,0.0030543262,-0.005497787,TREMOR,5fa135632fe9
1776793187445,1901411895704186,-2.2218192,1.1540052,-9.3182335,-0.0018325958,0.0061086523,-0.0036651916,TREMOR,5fa135632fe9
1776793187453,1901411903700114,-2.2170308,1.1659763,-9.323022,-6.1086525E-4,0.009162978,-0.002443461,TREMOR,5fa135632fe9
1776793187461,1901411911696119,-2.2026656,1.1563994,-9.32781,-0.002443461,0.009773844,-0.0018325958,TREMOR,5fa135632fe9
1776793187469,1901411919690893,-2.2290018,1.1587936,-9.330204,-0.002443461,0.010995574,-0.004276057,TREMOR,5fa135632fe9
1776793187477,1901411927687513,-2.2170308,1.1587936,-9.332599,-0.0012217305,0.01282817,-0.002443461,TREMOR,5fa135632fe9
1776793187485,1901411935683211,-2.1906946,1.1444284,-9.356541,-0.002443461,0.01282817,-0.0030543262,TREMOR,5fa135632fe9
1776793187493,1901411943679216,-2.1811178,1.1348516,-9.351752,-0.002443461,0.014049901,-0.0018325958,TREMOR,5fa135632fe9
1776793187501,1901411951704221,-2.1787236,1.1204864,-9.3661175,-0.0012217305,0.014049901,-6.1086525E-4,TREMOR,5fa135632fe9
1776793187509,1901411959699918,-2.135628,1.1204864,-9.375694,-6.1086525E-4,0.012217305,0.0018325958,TREMOR,5fa135632fe9
1776793187517,1901411967697154,-2.1140802,1.103727,-9.354146,-0.0012217305,0.010995574,0.002443461,TREMOR,5fa135632fe9
1776793187525,1901411975692467,-2.111686,1.0989386,-9.370906,-0.0012217305,0.010995574,-0.0012217305,TREMOR,5fa135632fe9
1776793187533,1901411983687933,-2.0973208,1.103727,-9.344569,-0.0012217305,0.008552114,0.0,TREMOR,5fa135632fe9
1776793187541,1901411991684246,-2.0925324,1.103727,-9.363723,-0.0012217305,0.007941248,-0.0018325958,TREMOR,5fa135632fe9
1776793187549,1901411999679251,-2.0709844,1.0965444,-9.356541,-0.0012217305,0.005497787,0.0,TREMOR,5fa135632fe9
1776793187557,1901412007705179,-2.0733786,1.115698,-9.368511,-6.1086525E-4,0.0030543262,-0.0018325958,TREMOR,5fa135632fe9
1776793187565,1901412015699569,-2.0925324,1.115698,-9.380483,-0.0018325958,0.0030543262,0.0,TREMOR,5fa135632fe9
1776793187573,1901412023695651,-2.0973208,1.1013328,-9.370906,-0.0012217305,0.0018325958,0.0012217305,TREMOR,5fa135632fe9
1776793187581,1901412031692271,-2.1045034,1.0893618,-9.361329,0.0,0.0012217305,6.1086525E-4,TREMOR,5fa135632fe9
1776793187589,1901412039686430,-2.0973208,1.0845734,-9.358934,0.0030543262,-6.1086525E-4,0.0018325958,TREMOR,5fa135632fe9
1776793187597,1901412047682666,-2.1092918,1.0821792,-9.356541,0.0018325958,-0.002443461,0.002443461,TREMOR,5fa135632fe9
1776793187605,1901412055678978,-2.1164744,1.0630256,-9.363723,0.0036651916,-0.004886922,0.0036651916,TREMOR,5fa135632fe9
1776793187613,1901412063703906,-2.1308396,1.0773908,-9.349358,0.002443461,-0.007941248,0.004276057,TREMOR,5fa135632fe9
1776793187621,1901412071699988,-2.1164744,1.0845734,-9.354146,0.0030543262,-0.01038471,0.005497787,TREMOR,5fa135632fe9
1776793187629,1901412079697455,-2.147599,1.0821792,-9.344569,0.0018325958,-0.010995574,0.004886922,TREMOR,5fa135632fe9
1776793187637,1901412087692845,-2.1523874,1.0941502,-9.344569,0.0012217305,-0.01038471,0.0036651916,TREMOR,5fa135632fe9
1776793187645,1901412095688542,-2.1667526,1.0893618,-9.346964,0.0,-0.010995574,0.0061086523,TREMOR,5fa135632fe9
1776793187653,1901412103683085,-2.1811178,1.1133038,-9.351752,-6.1086525E-4,-0.01038471,0.005497787,TREMOR,5fa135632fe9
1776793187661,1901412111679629,-2.1763294,1.103727,-9.349358,-0.0030543262,-0.009162978,0.004886922,TREMOR,5fa135632fe9
1776793187669,1901412119703326,-2.2050598,1.1348516,-9.3421755,-0.0036651916,-0.009773844,0.004276057,TREMOR,5fa135632fe9
1776793187677,1901412127700254,-2.219425,1.1348516,-9.346964,-0.004276057,-0.008552114,0.004886922,TREMOR,5fa135632fe9
1776793187685,1901412135695644,-2.2146366,1.1492168,-9.349358,-0.005497787,-0.004886922,0.0030543262,TREMOR,5fa135632fe9
1776793187693,1901412143692649,-2.2266076,1.1300632,-9.349358,-0.005497787,-0.0012217305,0.0030543262,TREMOR,5fa135632fe9
1776793187701,1901412151687039,-2.2242134,1.1587936,-9.339781,-0.004886922,0.0012217305,0.002443461,TREMOR,5fa135632fe9
1776793187709,1901412159683428,-2.2385786,1.163582,-9.351752,-0.005497787,0.0030543262,6.1086525E-4,TREMOR,5fa135632fe9
1776793187717,1901412167707741,-2.231396,1.1659763,-9.337387,-0.0061086523,0.005497787,-0.0012217305,TREMOR,5fa135632fe9
1776793187725,1901412175705284,-2.231396,1.1707647,-9.3421755,-0.007330383,0.008552114,0.0,TREMOR,5fa135632fe9
1776793187733,1901412183700905,-2.2218192,1.1683705,-9.354146,-0.004276057,0.009162978,-0.0012217305,TREMOR,5fa135632fe9
1776793187741,1901412191696371,-2.219425,1.1803415,-9.354146,-0.004886922,0.009773844,6.1086525E-4,TREMOR,5fa135632fe9
1776793187749,1901412199690223,-2.2098482,1.1468226,-9.346964,-0.0036651916,0.01038471,-0.0012217305,TREMOR,5fa135632fe9
1776793187757,1901412207685843,-2.1906946,1.1587936,-9.339781,-0.0012217305,0.010995574,-0.0012217305,TREMOR,5fa135632fe9
1776793187765,1901412215682463,-2.1667526,1.1228806,-9.356541,-6.1086525E-4,0.01038471,0.0,TREMOR,5fa135632fe9
1776793187773,1901412223678545,-2.1404164,1.115698,-9.3421755,-0.0012217305,0.009162978,0.0012217305,TREMOR,5fa135632fe9
1776793187781,1901412231705243,-2.1380222,1.1180922,-9.337387,0.0012217305,0.007330383,0.002443461,TREMOR,5fa135632fe9
1776793187789,1901412239699478,-2.1212628,1.0941502,-9.3421755,6.1086525E-4,0.007941248,6.1086525E-4,TREMOR,5fa135632fe9
1776793187797,1901412247695407,-2.1188686,1.0869676,-9.361329,6.1086525E-4,0.0036651916,0.0018325958,TREMOR,5fa135632fe9
1776793187805,1901412255689258,-2.0973208,1.0821792,-9.354146,6.1086525E-4,0.004886922,6.1086525E-4,TREMOR,5fa135632fe9
1776793187813,1901412263685570,-2.0949266,1.0941502,-9.370906,-0.0012217305,0.0030543262,-6.1086525E-4,TREMOR,5fa135632fe9
1776793187821,1901412271682268,-2.099715,1.0941502,-9.356541,-0.0012217305,0.004276057,6.1086525E-4,TREMOR,5fa135632fe9
1776793187829,1901412279708734,-2.0853498,1.103727,-9.363723,-0.0018325958,0.005497787,-0.0012217305,TREMOR,5fa135632fe9
1776793187837,1901412287705278,-2.111686,1.1061212,-9.378088,-0.0036651916,0.0061086523,0.0,TREMOR,5fa135632fe9
1776793187845,1901412295698898,-2.1021092,1.1133038,-9.363723,-0.0036651916,0.0030543262,-6.1086525E-4,TREMOR,5fa135632fe9
1776793187853,1901412303695211,-2.1164744,1.1061212,-9.354146,-0.0030543262,0.004886922,-0.0018325958,TREMOR,5fa135632fe9
1776793187861,1901412311689677,-2.1260512,1.1180922,-9.354146,-6.1086525E-4,0.0030543262,-6.1086525E-4,TREMOR,5fa135632fe9
1776793187869,1901412319686298,-2.123657,1.1228806,-9.3182335,-0.0012217305,0.002443461,-0.0018325958,TREMOR,5fa135632fe9
1776793187877,1901412327680995,-2.1428106,1.1180922,-9.346964,-6.1086525E-4,-6.1086525E-4,0.0012217305,TREMOR,5fa135632fe9
1776793187885,1901412335679154,-2.1547816,1.1133038,-9.337387,0.0,-6.1086525E-4,0.0012217305,TREMOR,5fa135632fe9
1776793187893,1901412343704774,-2.1523874,1.1204864,-9.354146,-6.1086525E-4,-0.002443461,0.0036651916,TREMOR,5fa135632fe9
1776793187901,1901412351697933,-2.1643584,1.1228806,-9.337387,0.0012217305,-0.0061086523,0.0036651916,TREMOR,5fa135632fe9
1776793187909,1901412359697400,-2.1452048,1.0989386,-9.3421755,0.002443461,-0.007941248,0.004886922,TREMOR,5fa135632fe9
1776793187917,1901412367691482,-2.1571758,1.0965444,-9.3421755,0.0,-0.008552114,0.0061086523,TREMOR,5fa135632fe9
1776793187925,1901412375687179,-2.1404164,1.1252748,-9.363723,0.0,-0.004886922,0.0061086523,TREMOR,5fa135632fe9
1776793187933,1901412383681107,-2.1667526,1.1061212,-9.354146,6.1086525E-4,-0.007330383,0.0036651916,TREMOR,5fa135632fe9
1776793187941,1901412391707805,-2.15957,1.1348516,-9.349358,6.1086525E-4,-0.0067195175,0.004886922,TREMOR,5fa135632fe9
1776793187949,1901412399702348,-2.1739352,1.1348516,-9.370906,0.0,-0.004886922,0.0036651916,TREMOR,5fa135632fe9
1776793187957,1901412407698968,-2.171541,1.1180922,-9.361329,-0.0012217305,-0.0061086523,0.0018325958,TREMOR,5fa135632fe9
1776793187965,1901412415695204,-2.1906946,1.1228806,-9.356541,-0.0030543262,-0.0018325958,0.0018325958,TREMOR,5fa135632fe9
1776793187973,1901412423690363,-2.1763294,1.1492168,-9.339781,-0.002443461,-0.002443461,-6.1086525E-4,TREMOR,5fa135632fe9
1776793187981,1901412431686291,-2.195483,1.1492168,-9.337387,-0.0030543262,0.0,6.1086525E-4,TREMOR,5fa135632fe9
1776793187989,1901412439681681,-2.1978772,1.1707647,-9.351752,-0.0030543262,0.0018325958,-0.0030543262,TREMOR,5fa135632fe9
1776793187997,1901412447707840,-2.1978772,1.1659763,-9.344569,-0.0036651916,0.0018325958,-0.0018325958,TREMOR,5fa135632fe9
1776793188005,1901412455702306,-2.2098482,1.1611878,-9.358934,-0.0030543262,0.002443461,-0.002443461,TREMOR,5fa135632fe9
1776793188013,1901412463699850,-2.2218192,1.1755531,-9.344569,-0.0018325958,0.0036651916,-0.0018325958,TREMOR,5fa135632fe9
1776793188021,1901412471695316,-2.219425,1.1755531,-9.368511,-0.002443461,0.004276057,-0.002443461,TREMOR,5fa135632fe9
1776793188029,1901412479691014,-2.2242134,1.1444284,-9.349358,-0.0018325958,0.002443461,-0.0030543262,TREMOR,5fa135632fe9
1776793188037,1901412487686634,-2.2122424,1.1444284,-9.337387,-0.0012217305,0.005497787,0.0012217305,TREMOR,5fa135632fe9
1776793188045,1901412495681178,-2.2098482,1.1444284,-9.349358,0.0,0.007941248,0.0012217305,TREMOR,5fa135632fe9
1776793188053,1901412503707336,-2.1859062,1.127669,-9.337387,-0.0018325958,0.0067195175,0.0012217305,TREMOR,5fa135632fe9
1776793188061,1901412511703034,-2.1667526,1.1180922,-9.3733,-0.0012217305,0.0061086523,0.0,TREMOR,5fa135632fe9
1776793188069,1901412519697500,-2.147599,1.115698,-9.351752,-0.0012217305,0.009162978,0.002443461,TREMOR,5fa135632fe9
1776793188077,1901412527694736,-2.135628,1.1109096,-9.3661175,-6.1086525E-4,0.009162978,0.0012217305,TREMOR,5fa135632fe9
1776793188085,1901412535690049,-2.1021092,1.0941502,-9.382876,-0.0012217305,0.007941248,6.1086525E-4,TREMOR,5fa135632fe9
1776793188093,1901412543684592,-2.1068976,1.1085154,-9.370906,-0.0018325958,0.01160644,0.0030543262,TREMOR,5fa135632fe9
1776793188101,1901412551682443,-2.0901382,1.1013328,-9.380483,-0.0018325958,0.009773844,0.002443461,TREMOR,5fa135632fe9
1776793188109,1901412559708602,-2.087744,1.0941502,-9.380483,-0.0012217305,0.009162978,0.002443461,TREMOR,5fa135632fe9
1776793188117,1901412567704607,-2.0805612,1.0965444,-9.390059,0.0,0.008552114,0.0018325958,TREMOR,5fa135632fe9
1776793188125,1901412575700843,-2.066196,1.0989386,-9.382876,0.0,0.007330383,0.0012217305,TREMOR,5fa135632fe9
1776793188133,1901412583693540,-2.066196,1.091756,-9.394848,6.1086525E-4,0.004276057,6.1086525E-4,TREMOR,5fa135632fe9
1776793188141,1901412591690161,-2.087744,1.0749966,-9.399636,0.0018325958,0.0030543262,0.0036651916,TREMOR,5fa135632fe9
1776793188149,1901412599684550,-2.0757728,1.0845734,-9.397242,0.0018325958,-0.0012217305,0.0018325958,TREMOR,5fa135632fe9
1776793188157,1901412607681248,-2.0853498,1.0845734,-9.370906,0.0036651916,-0.005497787,0.0018325958,TREMOR,5fa135632fe9
1776793188165,1901412615707099,-2.099715,1.0869676,-9.380483,0.0030543262,-0.007941248,0.0030543262,TREMOR,5fa135632fe9
1776793188173,1901412623704873,-2.111686,1.091756,-9.370906,0.0012217305,-0.01160644,0.002443461,TREMOR,5fa135632fe9
1776793188181,1901412631698801,-2.1260512,1.1180922,-9.358934,0.0030543262,-0.01282817,0.0018325958,TREMOR,5fa135632fe9
1776793188189,1901412639694422,-2.1523874,1.1061212,-9.358934,0.002443461,-0.014049901,0.002443461,TREMOR,5fa135632fe9
1776793188197,1901412647691350,-2.1523874,1.1085154,-9.3733,0.0018325958,-0.01160644,0.0036651916,TREMOR,5fa135632fe9
1776793188205,1901412655685278,-2.1811178,1.1085154,-9.363723,0.0018325958,-0.014049901,0.005497787,TREMOR,5fa135632fe9
1776793188213,1901412663682821,-2.2026656,1.115698,-9.337387,6.1086525E-4,-0.012217305,0.0030543262,TREMOR,5fa135632fe9
1776793188221,1901412671707673,-2.2170308,1.1372458,-9.344569,-0.0012217305,-0.010995574,0.0030543262,TREMOR,5fa135632fe9
1776793188229,1901412679702216,-2.2218192,1.127669,-9.351752,-0.0018325958,-0.007941248,0.0018325958,TREMOR,5fa135632fe9
1776793188237,1901412687698836,-2.2290018,1.1348516,-9.344569,-0.002443461,-0.007941248,0.0018325958,TREMOR,5fa135632fe9
1776793188245,1901412695693303,-2.2529438,1.151611,-9.3421755,-0.0030543262,-0.0036651916,0.0036651916,TREMOR,5fa135632fe9
1776793188253,1901412703689846,-2.243367,1.163582,-9.3421755,-0.0036651916,-0.0030543262,0.0036651916,TREMOR,5fa135632fe9
1776793188261,1901412711685851,-2.2457612,1.1779473,-9.339781,-0.0030543262,0.0,0.0018325958,TREMOR,5fa135632fe9
1776793188269,1901412719681318,-2.2385786,1.1803415,-9.346964,-0.0036651916,0.0036651916,0.0,TREMOR,5fa135632fe9
1776793188277,1901412727706477,-2.2337902,1.1875241,-9.354146,-0.004276057,0.0061086523,-0.0012217305,TREMOR,5fa135632fe9
1776793188285,1901412735702559,-2.2625206,1.1875241,-9.339781,-0.005497787,0.008552114,-0.0018325958,TREMOR,5fa135632fe9
1776793188293,1901412743697333,-2.2505496,1.1755531,-9.356541,-0.004276057,0.010995574,-0.0012217305,TREMOR,5fa135632fe9
1776793188301,1901412751693954,-2.231396,1.163582,-9.334992,-0.005497787,0.013439035,-0.0018325958,TREMOR,5fa135632fe9
1776793188309,1901412759691497,-2.2218192,1.1540052,-9.358934,-0.005497787,0.016493361,-0.0018325958,TREMOR,5fa135632fe9
1776793188317,1901412767683733,-2.2002714,1.151611,-9.356541,-0.004886922,0.017715093,-6.1086525E-4,TREMOR,5fa135632fe9
1776793188325,1901412775681276,-2.1906946,1.1492168,-9.346964,-0.0030543262,0.018936822,-0.0018325958,TREMOR,5fa135632fe9
1776793188333,1901412783706204,-2.1763294,1.13964,-9.368511,-0.002443461,0.017104227,-0.004276057,TREMOR,5fa135632fe9
1776793188341,1901412791702286,-2.1428106,1.1348516,-9.351752,-0.0030543262,0.018936822,-0.004276057,TREMOR,5fa135632fe9
1776793188349,1901412799696676,-2.1140802,1.115698,-9.375694,-0.002443461,0.016493361,-0.0012217305,TREMOR,5fa135632fe9
1776793188357,1901412807693681,-2.1021092,1.103727,-9.370906,0.0,0.017104227,-0.002443461,TREMOR,5fa135632fe9
1776793188365,1901412815691148,-2.078167,1.103727,-9.3733,-0.0012217305,0.015882496,-0.0012217305,TREMOR,5fa135632fe9
1776793188373,1901412823685306,-2.0757728,1.091756,-9.380483,-0.0012217305,0.015271631,-6.1086525E-4,TREMOR,5fa135632fe9
1776793188381,1901412831678850,-2.042254,1.0773908,-9.378088,0.0,0.010995574,0.0,TREMOR,5fa135632fe9
1776793188389,1901412839708393,-2.042254,1.0702082,-9.375694,-6.1086525E-4,0.01160644,6.1086525E-4,TREMOR,5fa135632fe9
1776793188397,1901412847701014,-2.030283,1.079785,-9.378088,6.1086525E-4,0.007330383,0.0,TREMOR,5fa135632fe9
1776793188405,1901412855698326,-2.0398598,1.0749966,-9.368511,0.0012217305,0.005497787,6.1086525E-4,TREMOR,5fa135632fe9
1776793188413,1901412863694331,-2.0350714,1.103727,-9.397242,0.0012217305,0.0030543262,6.1086525E-4,TREMOR,5fa135632fe9
1776793188421,1901412871688798,-2.0494366,1.079785,-9.3733,0.0018325958,-0.0012217305,6.1086525E-4,TREMOR,5fa135632fe9
1776793188429,1901412879683265,-2.0566192,1.0965444,-9.3661175,6.1086525E-4,-0.004276057,0.0012217305,TREMOR,5fa135632fe9
1776793188437,1901412887680500,-2.0973208,1.0893618,-9.380483,6.1086525E-4,-0.007941248,0.0030543262,TREMOR,5fa135632fe9
1776793188445,1901412895705967,-2.0949266,1.1013328,-9.380483,0.002443461,-0.009162978,0.0018325958,TREMOR,5fa135632fe9
1776793188453,1901412903702049,-2.1140802,1.115698,-9.3733,0.002443461,-0.010995574,0.004276057,TREMOR,5fa135632fe9
1776793188461,1901412911698977,-2.1308396,1.1252748,-9.344569,6.1086525E-4,-0.01160644,0.004276057,TREMOR,5fa135632fe9
1776793188469,1901412919692828,-2.1380222,1.1228806,-9.351752,0.0018325958,-0.014660766,0.004276057,TREMOR,5fa135632fe9
1776793188477,1901412927689064,-2.171541,1.1180922,-9.368511,0.0012217305,-0.015271631,0.007330383,TREMOR,5fa135632fe9
1776793188485,1901412935684838,-2.1787236,1.1252748,-9.354146,0.0018325958,-0.017104227,0.0061086523,TREMOR,5fa135632fe9
1776793188493,1901412943681074,-2.1978772,1.1133038,-9.351752,0.0012217305,-0.016493361,0.0061086523,TREMOR,5fa135632fe9
1776793188501,1901412951706310,-2.2098482,1.1228806,-9.346964,0.0012217305,-0.015882496,0.0061086523,TREMOR,5fa135632fe9
1776793188509,1901412959700546,-2.219425,1.1324574,-9.354146,0.0,-0.013439035,0.0061086523,TREMOR,5fa135632fe9
1776793188517,1901412967698704,-2.2218192,1.1348516,-9.361329,6.1086525E-4,-0.01282817,0.0061086523,TREMOR,5fa135632fe9
1776793188525,1901412975693402,-2.2337902,1.1348516,-9.346964,-6.1086525E-4,-0.008552114,0.004276057,TREMOR,5fa135632fe9
1776793188533,1901412983687868,-2.2361844,1.1348516,-9.349358,0.0,-0.0067195175,0.004276057,TREMOR,5fa135632fe9
1776793188541,1901412991684489,-2.219425,1.1300632,-9.363723,-0.002443461,-0.005497787,0.002443461,TREMOR,5fa135632fe9
1776793188549,1901412999710032,-2.2505496,1.151611,-9.346964,-0.0030543262,6.1086525E-4,0.002443461,TREMOR,5fa135632fe9
1776793188557,1901413007706422,-2.2385786,1.1587936,-9.344569,-0.0036651916,0.002443461,0.0,TREMOR,5fa135632fe9
1776793188565,1901413015701119,-2.243367,1.1587936,-9.358934,-0.0036651916,0.0061086523,-6.1086525E-4,TREMOR,5fa135632fe9
1776793188573,1901413023696278,-2.2505496,1.1683705,-9.354146,-0.0036651916,0.008552114,-0.0030543262,TREMOR,5fa135632fe9
1776793188581,1901413031693821,-2.243367,1.1492168,-9.351752,-0.0036651916,0.01038471,-0.004276057,TREMOR,5fa135632fe9
1776793188589,1901413039688519,-2.2481554,1.1707647,-9.356541,-0.0036651916,0.01038471,-0.0036651916,TREMOR,5fa135632fe9
1776793188597,1901413047685139,-2.2146366,1.1683705,-9.363723,-0.004276057,0.01160644,-0.0067195175,TREMOR,5fa135632fe9
1776793188605,1901413055679913,-2.2146366,1.1563994,-9.363723,-0.004886922,0.01282817,-0.005497787,TREMOR,5fa135632fe9
1776793188613,1901413063704842,-2.2002714,1.1611878,-9.344569,-0.004276057,0.01160644,-0.004276057,TREMOR,5fa135632fe9
1776793188621,1901413071702077,-2.171541,1.1731589,-9.346964,-0.004276057,0.01282817,-0.005497787,TREMOR,5fa135632fe9
1776793188629,1901413079695621,-2.1691468,1.1444284,-9.3421755,-0.0018325958,0.014049901,-0.0061086523,TREMOR,5fa135632fe9
1776793188637,1901413087692857,-2.1332338,1.1468226,-9.344569,-6.1086525E-4,0.014660766,-0.004276057,TREMOR,5fa135632fe9
1776793188645,1901413095687708,-2.1404164,1.1348516,-9.354146,-0.0012217305,0.012217305,-0.0030543262,TREMOR,5fa135632fe9
1776793188653,1901413103684944,-2.1308396,1.1180922,-9.330204,-0.0012217305,0.012217305,-0.004276057,TREMOR,5fa135632fe9
1776793188661,1901413111710410,-2.1068976,1.115698,-9.356541,-6.1086525E-4,0.012217305,-0.004276057,TREMOR,5fa135632fe9
1776793188669,1901413119706107,-2.087744,1.1061212,-9.363723,-6.1086525E-4,0.01038471,-0.0018325958,TREMOR,5fa135632fe9
1776793188677,1901413127701805,-2.078167,1.1085154,-9.363723,-6.1086525E-4,0.009162978,6.1086525E-4,TREMOR,5fa135632fe9
1776793188685,1901413135698425,-2.0614076,1.0941502,-9.3733,-6.1086525E-4,0.008552114,-0.0018325958,TREMOR,5fa135632fe9
1776793188693,1901413143692276,-2.0709844,1.1013328,-9.390059,-0.0012217305,0.007941248,0.0012217305,TREMOR,5fa135632fe9
1776793188701,1901413151686820,-2.0518308,1.0893618,-9.361329,0.0,0.007941248,0.0018325958,TREMOR,5fa135632fe9
1776793188709,1901413159684056,-2.0446482,1.0582372,-9.380483,6.1086525E-4,0.0067195175,0.002443461,TREMOR,5fa135632fe9
1776793188717,1901413167678522,-2.054225,1.0630256,-9.354146,0.0012217305,0.002443461,0.002443461,TREMOR,5fa135632fe9
1776793188725,1901413175704681,-2.0614076,1.0749966,-9.346964,0.0012217305,-0.0018325958,0.0018325958,TREMOR,5fa135632fe9
1776793188733,1901413183701225,-2.0757728,1.0845734,-9.363723,0.0018325958,-0.004276057,0.004276057,TREMOR,5fa135632fe9
1776793188741,1901413191697537,-2.0853498,1.091756,-9.344569,0.0018325958,-0.004886922,0.0036651916,TREMOR,5fa135632fe9
1776793188749,1901413199693542,-2.0949266,1.103727,-9.363723,6.1086525E-4,-0.009162978,0.0030543262,TREMOR,5fa135632fe9
1776793188757,1901413207688317,-2.1284454,1.1109096,-9.375694,0.0012217305,-0.01038471,0.0030543262,TREMOR,5fa135632fe9
1776793188765,1901413215683398,-2.1308396,1.1061212,-9.358934,6.1086525E-4,-0.013439035,0.0018325958,TREMOR,5fa135632fe9
1776793188773,1901413223679479,-2.1547816,1.1252748,-9.361329,6.1086525E-4,-0.014049901,0.0030543262,TREMOR,5fa135632fe9
1776793188781,1901413231705255,-2.1859062,1.1085154,-9.354146,-0.0018325958,-0.014049901,0.0030543262,TREMOR,5fa135632fe9
1776793188789,1901413239699183,-2.1859062,1.115698,-9.358934,-6.1086525E-4,-0.012217305,0.0036651916,TREMOR,5fa135632fe9
1776793188797,1901413247697342,-2.2098482,1.1300632,-9.351752,6.1086525E-4,-0.010995574,0.0030543262,TREMOR,5fa135632fe9
1776793188805,1901413255690500,-2.2122424,1.13964,-9.349358,-0.0012217305,-0.01282817,0.0018325958,TREMOR,5fa135632fe9
1776793188813,1901413263687428,-2.219425,1.151611,-9.337387,6.1086525E-4,-0.01160644,0.002443461,TREMOR,5fa135632fe9
1776793188821,1901413271683202,-2.2266076,1.1540052,-9.334992,-6.1086525E-4,-0.007330383,0.0030543262,TREMOR,5fa135632fe9
1776793188829,1901413279709900,-2.2170308,1.1563994,-9.358934,-0.0012217305,-0.007941248,-6.1086525E-4,TREMOR,5fa135632fe9
1776793188837,1901413287704751,-2.2409728,1.1587936,-9.339781,-0.0030543262,-0.004276057,0.0,TREMOR,5fa135632fe9
1776793188845,1901413295702295,-2.2337902,1.1707647,-9.346964,-0.0036651916,-0.0018325958,6.1086525E-4,TREMOR,5fa135632fe9
1776793188853,1901413303696145,-2.243367,1.1707647,-9.346964,-0.002443461,6.1086525E-4,6.1086525E-4,TREMOR,5fa135632fe9
1776793188861,1901413311692458,-2.2409728,1.163582,-9.3421755,-0.002443461,0.0036651916,6.1086525E-4,TREMOR,5fa135632fe9
1776793188869,1901413319688155,-2.2290018,1.1563994,-9.361329,-0.0018325958,0.004276057,-6.1086525E-4,TREMOR,5fa135632fe9
1776793188877,1901413327681622,-2.219425,1.1563994,-9.337387,-0.002443461,0.007941248,-0.0012217305,TREMOR,5fa135632fe9
1776793188885,1901413335708705,-2.2098482,1.1492168,-9.363723,-6.1086525E-4,0.012217305,-0.0030543262,TREMOR,5fa135632fe9
1776793188893,1901413343706633,-2.1883004,1.1372458,-9.354146,-6.1086525E-4,0.009773844,-0.0012217305,TREMOR,5fa135632fe9
1776793188901,1901413351699790,-2.1763294,1.1563994,-9.363723,0.0,0.01038471,-0.0012217305,TREMOR,5fa135632fe9
1776793188909,1901413359695565,-2.1643584,1.1252748,-9.354146,6.1086525E-4,0.008552114,-0.0012217305,TREMOR,5fa135632fe9
1776793188917,1901413367690031,-2.1571758,1.1085154,-9.354146,0.0012217305,0.01038471,-0.0012217305,TREMOR,5fa135632fe9
1776793188925,1901413375686882,-2.1212628,1.1061212,-9.363723,6.1086525E-4,0.0067195175,-0.0012217305,TREMOR,5fa135632fe9
1776793188933,1901413383682887,-2.123657,1.103727,-9.3661175,0.0012217305,0.007330383,-0.0030543262,TREMOR,5fa135632fe9
1776793188941,1901413391709354,-2.1284454,1.103727,-9.358934,0.0012217305,0.0067195175,-6.1086525E-4,TREMOR,5fa135632fe9
1776793188949,1901413399704821,-2.1045034,1.091756,-9.3661175,6.1086525E-4,0.0061086523,-0.0012217305,TREMOR,5fa135632fe9
1776793188957,1901413407698903,-2.1092918,1.0989386,-9.351752,6.1086525E-4,0.0061086523,-0.002443461,TREMOR,5fa135632fe9
1776793188965,1901413415696215,-2.0925324,1.115698,-9.346964,0.0,0.005497787,-0.0030543262,TREMOR,5fa135632fe9
1776793188973,1901413423689989,-2.099715,1.0893618,-9.368511,0.0012217305,0.004886922,-0.0036651916,TREMOR,5fa135632fe9
1776793188981,1901413431687610,-2.1164744,1.1204864,-9.361329,6.1086525E-4,0.0012217305,-0.0012217305,TREMOR,5fa135632fe9
1776793188989,1901413439681769,-2.1021092,1.115698,-9.375694,0.0,0.002443461,-0.0036651916,TREMOR,5fa135632fe9
1776793188997,1901413447710081,-2.1260512,1.0989386,-9.361329,6.1086525E-4,-6.1086525E-4,-0.0018325958,TREMOR,5fa135632fe9
1776793189005,1901413455703625,-2.123657,1.1013328,-9.354146,0.0012217305,-0.0018325958,-0.0018325958,TREMOR,5fa135632fe9
1776793189013,1901413463702015,-2.1308396,1.1252748,-9.337387,0.0012217305,-0.004276057,-0.0018325958,TREMOR,5fa135632fe9
1776793189021,1901413471693789,-2.135628,1.1013328,-9.330204,0.0018325958,-0.004276057,-6.1086525E-4,TREMOR,5fa135632fe9
1776793189029,1901413479690717,-2.1523874,1.0941502,-9.351752,0.002443461,-0.0061086523,6.1086525E-4,TREMOR,5fa135632fe9
1776793189037,1901413487688491,-2.1452048,1.1109096,-9.361329,0.0012217305,-0.007941248,0.002443461,TREMOR,5fa135632fe9
1776793189045,1901413495682342,-2.1523874,1.1013328,-9.332599,0.002443461,-0.008552114,0.0030543262,TREMOR,5fa135632fe9
1776793189053,1901413503708501,-2.1452048,1.1180922,-9.354146,0.0012217305,-0.009162978,0.0036651916,TREMOR,5fa135632fe9
1776793189061,1901413511704506,-2.1404164,1.1133038,-9.3661175,-6.1086525E-4,-0.01160644,0.004886922,TREMOR,5fa135632fe9
1776793189069,1901413519698050,-2.1547816,1.1204864,-9.358934,-6.1086525E-4,-0.01038471,0.005497787,TREMOR,5fa135632fe9
1776793189077,1901413527695286,-2.1667526,1.127669,-9.354146,0.0,-0.009773844,0.0036651916,TREMOR,5fa135632fe9
1776793189085,1901413535691598,-2.1763294,1.127669,-9.363723,-0.0018325958,-0.0061086523,0.005497787,TREMOR,5fa135632fe9
1776793189093,1901413543687372,-2.1930888,1.13964,-9.363723,-0.002443461,-0.004886922,0.002443461,TREMOR,5fa135632fe9
1776793189101,1901413551682454,-2.1978772,1.1348516,-9.349358,-0.0036651916,-0.002443461,0.002443461,TREMOR,5fa135632fe9
1776793189109,1901413559708844,-2.2002714,1.1133038,-9.346964,-0.0036651916,-6.1086525E-4,0.0,TREMOR,5fa135632fe9
1776793189117,1901413567702772,-2.2122424,1.1061212,-9.346964,-0.0036651916,0.0,0.0,TREMOR,5fa135632fe9
1776793189125,1901413575699623,-2.219425,1.1468226,-9.358934,-0.0036651916,0.0012217305,0.0,TREMOR,5fa135632fe9
1776793189133,1901413583695090,-2.2266076,1.1372458,-9.351752,-0.0030543262,0.0030543262,-0.0012217305,TREMOR,5fa135632fe9
1776793189141,1901413591691018,-2.219425,1.1468226,-9.356541,-0.0036651916,0.0036651916,-0.0012217305,TREMOR,5fa135632fe9
1776793189149,1901413599687408,-2.2026656,1.1444284,-9.344569,-0.0018325958,0.004276057,-0.0018325958,TREMOR,5fa135632fe9
1776793189157,1901413607682490,-2.2170308,1.1587936,-9.344569,-0.002443461,0.004886922,0.0,TREMOR,5fa135632fe9
1776793189165,1901413615708879,-2.207454,1.1611878,-9.332599,-0.0018325958,0.0067195175,-0.0018325958,TREMOR,5fa135632fe9
1776793189173,1901413623703653,-2.195483,1.151611,-9.346964,-0.0012217305,0.005497787,-0.0018325958,TREMOR,5fa135632fe9
1776793189181,1901413631698505,-2.171541,1.1348516,-9.344569,0.0,0.0061086523,-0.002443461,TREMOR,5fa135632fe9
1776793189189,1901413639694125,-2.1906946,1.151611,-9.344569,0.0012217305,0.0067195175,-0.0036651916,TREMOR,5fa135632fe9
1776793189197,1901413647691053,-2.15957,1.13964,-9.358934,0.0,0.0067195175,-0.0012217305,TREMOR,5fa135632fe9
1776793189205,1901413655686135,-2.1499932,1.1324574,-9.361329,0.0,0.004886922,0.0,TREMOR,5fa135632fe9
1776793189213,1901413663681217,-2.1404164,1.1204864,-9.346964,-6.1086525E-4,0.0036651916,-6.1086525E-4,TREMOR,5fa135632fe9
1776793189221,1901413671707453,-2.123657,1.0989386,-9.339781,0.0,0.005497787,-0.0018325958,TREMOR,5fa135632fe9
1776793189229,1901413679704073,-2.1428106,1.115698,-9.354146,0.0,0.0061086523,-0.0012217305,TREMOR,5fa135632fe9
1776793189237,1901413687698771,-2.1045034,1.1109096,-9.356541,-0.0012217305,0.005497787,-6.1086525E-4,TREMOR,5fa135632fe9
1776793189245,1901413695694237,-2.1164744,1.1013328,-9.346964,-6.1086525E-4,0.005497787,6.1086525E-4,TREMOR,5fa135632fe9
1776793189253,1901413703688704,-2.111686,1.091756,-9.3661175,-0.0018325958,0.005497787,-0.0030543262,TREMOR,5fa135632fe9
1776793189261,1901413711685247,-2.1068976,1.0821792,-9.368511,-0.0018325958,0.002443461,-0.0018325958,TREMOR,5fa135632fe9
1776793189269,1901413719681868,-2.1164744,1.103727,-9.354146,-0.0030543262,0.0036651916,-0.0018325958,TREMOR,5fa135632fe9
1776793189277,1901413727706565,-2.1284454,1.1133038,-9.361329,-0.0030543262,0.0036651916,-0.002443461,TREMOR,5fa135632fe9
1776793189285,1901413735702185,-2.1308396,1.0941502,-9.361329,-0.0018325958,-6.1086525E-4,-0.0012217305,TREMOR,5fa135632fe9
1776793189293,1901413743698498,-2.1404164,1.1085154,-9.363723,-6.1086525E-4,-0.0012217305,-0.002443461,TREMOR,5fa135632fe9
1776793189301,1901413751693272,-2.1452048,1.0965444,-9.375694,0.0,-0.0018325958,-0.0018325958,TREMOR,5fa135632fe9
1776793189309,1901413759690277,-2.147599,1.1013328,-9.356541,0.0012217305,-0.002443461,-0.0012217305,TREMOR,5fa135632fe9
1776793189317,1901413767685667,-2.1571758,1.1228806,-9.375694,-6.1086525E-4,-0.004886922,6.1086525E-4,TREMOR,5fa135632fe9
1776793189325,1901413775682287,-2.1547816,1.0989386,-9.354146,0.0012217305,-0.0036651916,0.0018325958,TREMOR,5fa135632fe9
1776793189333,1901413783706292,-2.1523874,1.1061212,-9.358934,0.002443461,-0.004886922,0.002443461,TREMOR,5fa135632fe9
1776793189341,1901413791702528,-2.1428106,1.1085154,-9.358934,0.0018325958,-0.005497787,0.0030543262,TREMOR,5fa135632fe9
1776793189349,1901413799697610,-2.1643584,1.1109096,-9.346964,0.0012217305,-0.0067195175,6.1086525E-4,TREMOR,5fa135632fe9
1776793189357,1901413807694000,-2.1643584,1.103727,-9.363723,0.0018325958,-0.008552114,0.0018325958,TREMOR,5fa135632fe9
1776793189365,1901413815690928,-2.1643584,1.115698,-9.368511,0.0018325958,-0.007941248,0.002443461,TREMOR,5fa135632fe9
1776793189373,1901413823684394,-2.1811178,1.1324574,-9.363723,0.0018325958,-0.007330383,0.002443461,TREMOR,5fa135632fe9
1776793189381,1901413831681707,-2.171541,1.1348516,-9.3421755,0.0018325958,-0.008552114,0.002443461,TREMOR,5fa135632fe9
1776793189389,1901413839705943,-2.1643584,1.13964,-9.344569,0.0012217305,-0.008552114,0.0018325958,TREMOR,5fa135632fe9
1776793189397,1901413847702332,-2.183512,1.1372458,-9.358934,0.0,-0.0067195175,6.1086525E-4,TREMOR,5fa135632fe9
1776793189405,1901413855698261,-2.207454,1.1348516,-9.3421755,0.0018325958,-0.007330383,0.0012217305,TREMOR,5fa135632fe9
1776793189413,1901413863693958,-2.2002714,1.1228806,-9.339781,0.0030543262,-0.007330383,0.0,TREMOR,5fa135632fe9
1776793189421,1901413871690271,-2.1906946,1.1444284,-9.339781,6.1086525E-4,-0.0067195175,-6.1086525E-4,TREMOR,5fa135632fe9
1776793189429,1901413879684199,-2.2026656,1.1372458,-9.339781,0.0018325958,-0.004276057,-6.1086525E-4,TREMOR,5fa135632fe9
1776793189437,1901413887681050,-2.2170308,1.13964,-9.32781,6.1086525E-4,-0.0030543262,-0.0018325958,TREMOR,5fa135632fe9
1776793189445,1901413895706670,-2.2290018,1.1492168,-9.3421755,-0.0012217305,-0.0018325958,-0.0018325958,TREMOR,5fa135632fe9
1776793189453,1901413903703906,-2.2385786,1.1492168,-9.32781,-0.0018325958,6.1086525E-4,-0.002443461,TREMOR,5fa135632fe9
1776793189461,1901413911698680,-2.2529438,1.1252748,-9.332599,-0.0018325958,0.0030543262,-0.0018325958,TREMOR,5fa135632fe9
1776793189469,1901413919692455,-2.243367,1.1300632,-9.349358,-0.0012217305,0.004276057,-0.0018325958,TREMOR,5fa135632fe9
1776793189477,1901413927690690,-2.2505496,1.1324574,-9.323022,-0.004276057,0.0067195175,-6.1086525E-4,TREMOR,5fa135632fe9
1776793189485,1901413935684541,-2.2290018,1.1180922,-9.356541,-0.004276057,0.009773844,-0.002443461,TREMOR,5fa135632fe9
1776793189493,1901413943680470,-2.2218192,1.1300632,-9.346964,-0.0036651916,0.01160644,-0.0018325958,TREMOR,5fa135632fe9
1776793189501,1901413951705475,-2.207454,1.1587936,-9.334992,-0.0018325958,0.01282817,-0.0018325958,TREMOR,5fa135632fe9
1776793189509,1901413959701095,-2.1859062,1.1252748,-9.346964,-0.002443461,0.01282817,-0.0018325958,TREMOR,5fa135632fe9
1776793189517,1901413967698638,-2.1667526,1.13964,-9.361329,-6.1086525E-4,0.014049901,-0.0012217305,TREMOR,5fa135632fe9
1776793189525,1901413975693797,-2.135628,1.1300632,-9.375694,0.0,0.017715093,0.0,TREMOR,5fa135632fe9
1776793189533,1901413983689495,-2.1092918,1.103727,-9.354146,-6.1086525E-4,0.016493361,0.0,TREMOR,5fa135632fe9
1776793189541,1901413991685192,-2.0638018,1.0989386,-9.349358,0.0,0.014660766,-0.002443461,TREMOR,5fa135632fe9
1776793189549,1901413999681120,-2.0685902,1.091756,-9.382876,0.0018325958,0.01282817,-6.1086525E-4,TREMOR,5fa135632fe9
1776793189557,1901414007707279,-2.042254,1.0845734,-9.3661175,0.0012217305,0.01038471,6.1086525E-4,TREMOR,5fa135632fe9
1776793189565,1901414015702438,-2.054225,1.067814,-9.375694,0.002443461,0.007330383,0.0012217305,TREMOR,5fa135632fe9
1776793189573,1901414023698674,-2.054225,1.0630256,-9.346964,0.0012217305,-0.0012217305,0.002443461,TREMOR,5fa135632fe9
1776793189581,1901414031695063,-2.0470424,1.0630256,-9.351752,0.0012217305,-0.0018325958,0.002443461,TREMOR,5fa135632fe9
1776793189589,1901414039686761,-2.0446482,1.0582372,-9.370906,0.0012217305,-0.007330383,0.0018325958,TREMOR,5fa135632fe9
1776793189597,1901414047685227,-2.0733786,1.0749966,-9.356541,-6.1086525E-4,-0.01038471,0.0030543262,TREMOR,5fa135632fe9
1776793189605,1901414055710386,-2.1021092,1.0749966,-9.363723,0.002443461,-0.01282817,0.005497787,TREMOR,5fa135632fe9
1776793189613,1901414063708237,-2.1092918,1.091756,-9.363723,6.1086525E-4,-0.013439035,0.004886922,TREMOR,5fa135632fe9
1776793189621,1901414071701858,-2.1332338,1.091756,-9.351752,6.1086525E-4,-0.01282817,0.004276057,TREMOR,5fa135632fe9
1776793189629,1901414079699324,-2.1667526,1.0989386,-9.349358,6.1086525E-4,-0.01282817,0.004886922,TREMOR,5fa135632fe9
1776793189637,1901414087693868,-2.1883004,1.1085154,-9.332599,6.1086525E-4,-0.01038471,0.004276057,TREMOR,5fa135632fe9
1776793189645,1901414095690180,-2.1978772,1.127669,-9.351752,-0.0012217305,-0.007330383,0.005497787,TREMOR,5fa135632fe9
1776793189653,1901414103684262,-2.207454,1.1372458,-9.32781,-0.0012217305,-0.0067195175,0.005497787,TREMOR,5fa135632fe9
1776793189661,1901414111682190,-2.2361844,1.1372458,-9.334992,-0.0018325958,-0.0067195175,0.004886922,TREMOR,5fa135632fe9
1776793189669,1901414119705503,-2.255338,1.1468226,-9.332599,-0.002443461,-0.0061086523,0.002443461,TREMOR,5fa135632fe9
1776793189677,1901414127702123,-2.255338,1.1611878,-9.32781,-6.1086525E-4,-0.0036651916,0.004276057,TREMOR,5fa135632fe9
1776793189685,1901414135696667,-2.2481554,1.1731589,-9.332599,-0.0018325958,-0.0012217305,0.0030543262,TREMOR,5fa135632fe9
1776793189693,1901414143692980,-2.2481554,1.1707647,-9.332599,-0.0018325958,0.0012217305,0.0036651916,TREMOR,5fa135632fe9
1776793189701,1901414151687369,-2.2649148,1.1755531,-9.337387,-0.002443461,-0.0012217305,0.0036651916,TREMOR,5fa135632fe9
1776793189709,1901414159684374,-2.2625206,1.163582,-9.32781,-0.002443461,0.0012217305,0.0036651916,TREMOR,5fa135632fe9
1776793189717,1901414167679379,-2.2409728,1.1659763,-9.3421755,-0.0018325958,6.1086525E-4,0.004886922,TREMOR,5fa135632fe9
1776793189725,1901414175705923,-2.2337902,1.1540052,-9.339781,-6.1086525E-4,0.002443461,0.002443461,TREMOR,5fa135632fe9
1776793189733,1901414183701312,-2.2170308,1.1444284,-9.32781,-6.1086525E-4,0.0036651916,0.002443461,TREMOR,5fa135632fe9
1776793189741,1901414191696394,-2.2002714,1.1300632,-9.325416,6.1086525E-4,0.0061086523,0.0030543262,TREMOR,5fa135632fe9
1776793189749,1901414199692938,-2.1739352,1.1180922,-9.334992,-6.1086525E-4,0.005497787,0.0036651916,TREMOR,5fa135632fe9
1776793189757,1901414207688943,-2.1619642,1.115698,-9.354146,-0.0012217305,0.0061086523,0.0030543262,TREMOR,5fa135632fe9
1776793189765,1901414215684409,-2.1547816,1.13964,-9.361329,-0.0030543262,0.01038471,0.0,TREMOR,5fa135632fe9
1776793189773,1901414223679799,-2.1308396,1.1133038,-9.361329,-0.004886922,0.01160644,0.0012217305,TREMOR,5fa135632fe9
1776793189781,1901414231706189,-2.147599,1.127669,-9.358934,-0.0030543262,0.013439035,0.0,TREMOR,5fa135632fe9
1776793189789,1901414239700732,-2.1380222,1.115698,-9.356541,-0.004276057,0.01282817,-6.1086525E-4,TREMOR,5fa135632fe9
1776793189797,1901414247697045,-2.1164744,1.0941502,-9.3661175,-0.0036651916,0.01282817,-0.0018325958,TREMOR,5fa135632fe9
1776793189805,1901414255694281,-2.1140802,1.1013328,-9.354146,-0.002443461,0.01282817,0.0,TREMOR,5fa135632fe9
1776793189813,1901414263687747,-2.1092918,1.0869676,-9.358934,0.0,0.009773844,-0.0012217305,TREMOR,5fa135632fe9
1776793189821,1901414271683829,-2.1021092,1.0941502,-9.363723,0.0018325958,0.007941248,0.0,TREMOR,5fa135632fe9
1776793189829,1901414279680142,-2.0925324,1.0726024,-9.361329,0.0018325958,0.0030543262,0.0018325958,TREMOR,5fa135632fe9
1776793189837,1901414287706916,-2.099715,1.0821792,-9.363723,0.002443461,6.1086525E-4,0.0012217305,TREMOR,5fa135632fe9
1776793189845,1901414295701921,-2.099715,1.0965444,-9.354146,0.002443461,-0.0018325958,0.0036651916,TREMOR,5fa135632fe9
1776793189853,1901414303698849,-2.1212628,1.0726024,-9.344569,0.0018325958,-0.007330383,0.0061086523,TREMOR,5fa135632fe9
1776793189861,1901414311692777,-2.123657,1.0821792,-9.361329,0.0018325958,-0.009773844,0.007330383,TREMOR,5fa135632fe9
1776793189869,1901414319688475,-2.1380222,1.0726024,-9.363723,0.0018325958,-0.009773844,0.007330383,TREMOR,5fa135632fe9
1776793189877,1901414327682249,-2.1547816,1.0941502,-9.346964,0.0012217305,-0.009773844,0.007330383,TREMOR,5fa135632fe9
1776793189885,1901414335709408,-2.1691468,1.0941502,-9.346964,6.1086525E-4,-0.007941248,0.005497787,TREMOR,5fa135632fe9
1776793189893,1901414343704721,-2.1811178,1.1204864,-9.344569,-0.0012217305,-0.007941248,0.0061086523,TREMOR,5fa135632fe9
1776793189901,1901414351700110,-2.195483,1.1324574,-9.3421755,-0.0012217305,-0.004276057,0.004276057,TREMOR,5fa135632fe9
1776793189909,1901414359698269,-2.207454,1.13964,-9.337387,-0.002443461,-0.002443461,0.0036651916,TREMOR,5fa135632fe9
1776793189917,1901414367692505,-2.2050598,1.1468226,-9.3421755,-0.0030543262,0.0018325958,6.1086525E-4,TREMOR,5fa135632fe9
1776793189925,1901414375689356,-2.2266076,1.1492168,-9.337387,-0.004276057,0.002443461,-6.1086525E-4,TREMOR,5fa135632fe9
1776793189933,1901414383684438,-2.2529438,1.1779473,-9.339781,-0.0067195175,0.0036651916,-0.0018325958,TREMOR,5fa135632fe9
1776793189941,1901414391710366,-2.2649148,1.1827357,-9.323022,-0.007330383,0.0061086523,-0.002443461,TREMOR,5fa135632fe9
1776793189949,1901414399705679,-2.2481554,1.1923125,-9.351752,-0.007330383,0.007330383,-0.002443461,TREMOR,5fa135632fe9
1776793189957,1901414407699530,-2.2505496,1.1899183,-9.320627,-0.008552114,0.008552114,-0.002443461,TREMOR,5fa135632fe9
1776793189965,1901414415695612,-2.2409728,1.1827357,-9.358934,-0.0067195175,0.009162978,-0.0012217305,TREMOR,5fa135632fe9
1776793189973,1901414423692232,-2.231396,1.1947067,-9.337387,-0.0061086523,0.01160644,-0.0030543262,TREMOR,5fa135632fe9
1776793189981,1901414431686083,-2.2290018,1.1779473,-9.344569,-0.0036651916,0.01038471,0.0,TREMOR,5fa135632fe9
1776793189989,1901414439682704,-2.2170308,1.1540052,-9.354146,-0.0012217305,0.01038471,0.0012217305,TREMOR,5fa135632fe9
1776793189997,1901414447709709,-2.1763294,1.1372458,-9.358934,-0.0012217305,0.012217305,0.0012217305,TREMOR,5fa135632fe9
1776793190005,1901414455704868,-2.1380222,1.1252748,-9.3661175,6.1086525E-4,0.010995574,0.002443461,TREMOR,5fa135632fe9
1776793190013,1901414463699565,-2.1092918,1.1085154,-9.361329,0.0018325958,0.008552114,0.004886922,TREMOR,5fa135632fe9
1776793190021,1901414471696878,-2.0901382,1.0893618,-9.339781,0.0030543262,0.007330383,0.004886922,TREMOR,5fa135632fe9
1776793190029,1901414479692190,-2.066196,1.0941502,-9.358934,0.0018325958,0.0061086523,0.004276057,TREMOR,5fa135632fe9
1776793190037,1901414487687349,-2.0685902,1.0582372,-9.375694,0.0030543262,0.0061086523,0.0036651916,TREMOR,5fa135632fe9
1776793190045,1901414495683585,-2.066196,1.0821792,-9.358934,0.0,0.004276057,0.0030543262,TREMOR,5fa135632fe9
1776793190053,1901414503710052,-2.0614076,1.079785,-9.378088,0.0012217305,0.002443461,0.002443461,TREMOR,5fa135632fe9
1776793190061,1901414511705134,-2.0709844,1.055843,-9.3733,0.0,0.0018325958,6.1086525E-4,TREMOR,5fa135632fe9
1776793190069,1901414519700831,-2.1021092,1.0773908,-9.363723,-6.1086525E-4,6.1086525E-4,0.0012217305,TREMOR,5fa135632fe9
1776793190077,1901414527696221,-2.1140802,1.0821792,-9.354146,0.0,6.1086525E-4,0.0,TREMOR,5fa135632fe9
1776793190085,1901414535691303,-2.123657,1.0893618,-9.361329,-6.1086525E-4,0.0012217305,-6.1086525E-4,TREMOR,5fa135632fe9
1776793190093,1901414543688846,-2.1380222,1.0989386,-9.3421755,-6.1086525E-4,-0.0018325958,-0.0030543262,TREMOR,5fa135632fe9
1776793190101,1901414551682697,-2.171541,1.1228806,-9.334992,-0.0018325958,-0.002443461,-0.0030543262,TREMOR,5fa135632fe9
1776793190109,1901414559707933,-2.1667526,1.1372458,-9.332599,-6.1086525E-4,-0.0012217305,-0.0030543262,TREMOR,5fa135632fe9
1776793190117,1901414567704246,-2.1883004,1.1492168,-9.330204,-6.1086525E-4,-0.0012217305,-0.002443461,TREMOR,5fa135632fe9
1776793190125,1901414575701481,-2.1930888,1.1492168,-9.334992,-6.1086525E-4,6.1086525E-4,-0.0012217305,TREMOR,5fa135632fe9
1776793190133,1901414583695410,-2.2122424,1.163582,-9.339781,0.0,-0.0012217305,-0.0012217305,TREMOR,5fa135632fe9
1776793190141,1901414591693184,-2.219425,1.1444284,-9.3421755,-0.0012217305,-0.0012217305,6.1086525E-4,TREMOR,5fa135632fe9
1776793190149,1901414599686112,-2.2098482,1.1611878,-9.334992,-0.0018325958,0.0,0.0036651916,TREMOR,5fa135632fe9
1776793190157,1901414607682117,-2.2098482,1.1611878,-9.344569,-0.0018325958,-6.1086525E-4,0.0036651916,TREMOR,5fa135632fe9
1776793190165,1901414615708583,-2.2026656,1.127669,-9.344569,-0.0012217305,0.002443461,0.0018325958,TREMOR,5fa135632fe9
1776793190173,1901414623703973,-2.195483,1.1444284,-9.3661175,0.0,0.0018325958,0.004276057,TREMOR,5fa135632fe9
1776793190181,1901414631699670,-2.1667526,1.1133038,-9.356541,6.1086525E-4,-0.0012217305,0.004276057,TREMOR,5fa135632fe9
1776793190189,1901414639694752,-2.1619642,1.1133038,-9.3661175,0.0,0.0012217305,0.005497787,TREMOR,5fa135632fe9
1776793190197,1901414647691142,-2.1380222,1.091756,-9.354146,6.1086525E-4,0.0,0.004276057,TREMOR,5fa135632fe9
1776793190205,1901414655687378,-2.1308396,1.0941502,-9.361329,6.1086525E-4,0.0018325958,0.004886922,TREMOR,5fa135632fe9
1776793190213,1901414663683075,-2.1332338,1.0965444,-9.368511,-0.002443461,6.1086525E-4,0.0030543262,TREMOR,5fa135632fe9
1776793190221,1901414671706849,-2.1260512,1.0869676,-9.370906,0.0,0.0,0.0036651916,TREMOR,5fa135632fe9
1776793190229,1901414679704701,-2.1068976,1.1133038,-9.3661175,-0.0012217305,6.1086525E-4,0.0018325958,TREMOR,5fa135632fe9
1776793190237,1901414687698475,-2.1212628,1.1013328,-9.3661175,-0.0018325958,0.0012217305,6.1086525E-4,TREMOR,5fa135632fe9
1776793190245,1901414695695403,-2.123657,1.115698,-9.361329,-0.002443461,0.0012217305,0.002443461,TREMOR,5fa135632fe9
1776793190253,1901414703690177,-2.1547816,1.1204864,-9.3733,-0.0030543262,0.0030543262,0.0,TREMOR,5fa135632fe9
1776793190261,1901414711686490,-2.1547816,1.1492168,-9.358934,-0.0030543262,0.002443461,6.1086525E-4,TREMOR,5fa135632fe9
1776793190269,1901414719684341,-2.1811178,1.1372458,-9.339781,-0.002443461,0.002443461,-6.1086525E-4,TREMOR,5fa135632fe9
1776793190277,1901414727708346,-2.183512,1.1420342,-9.356541,-0.002443461,0.0018325958,-0.0012217305,TREMOR,5fa135632fe9
1776793190285,1901414735705043,-2.1978772,1.1492168,-9.361329,-0.0012217305,0.0018325958,-0.0018325958,TREMOR,5fa135632fe9
1776793190293,1901414743700125,-2.207454,1.1492168,-9.351752,-0.0018325958,0.0030543262,-0.0012217305,TREMOR,5fa135632fe9
1776793190301,1901414751693284,-2.1906946,1.1563994,-9.354146,-0.0012217305,0.004276057,0.0,TREMOR,5fa135632fe9
1776793190309,1901414759689058,-2.2146366,1.1420342,-9.346964,-6.1086525E-4,0.004886922,6.1086525E-4,TREMOR,5fa135632fe9
1776793190317,1901414767687448,-2.1978772,1.1468226,-9.349358,-0.0012217305,0.004276057,0.0,TREMOR,5fa135632fe9
1776793190325,1901414775682299,-2.1906946,1.1372458,-9.346964,-6.1086525E-4,0.0030543262,-6.1086525E-4,TREMOR,5fa135632fe9
1776793190333,1901414783707535,-2.183512,1.1540052,-9.361329,-0.0012217305,0.007330383,0.0012217305,TREMOR,5fa135632fe9
1776793190341,1901414791705386,-2.195483,1.1492168,-9.356541,-6.1086525E-4,0.004886922,0.0012217305,TREMOR,5fa135632fe9
1776793190349,1901414799698545,-2.171541,1.13964,-9.337387,0.0,0.0061086523,0.0,TREMOR,5fa135632fe9
1776793190357,1901414807694550,-2.1547816,1.1348516,-9.368511,6.1086525E-4,0.004886922,0.0,TREMOR,5fa135632fe9
1776793190365,1901414815689094,-2.1404164,1.1348516,-9.368511,-0.0018325958,0.004886922,6.1086525E-4,TREMOR,5fa135632fe9
1776793190373,1901414823685945,-2.1164744,1.1133038,-9.385271,0.0,0.0067195175,0.0012217305,TREMOR,5fa135632fe9
1776793190381,1901414831682257,-2.123657,1.1228806,-9.375694,0.0,0.005497787,0.002443461,TREMOR,5fa135632fe9
1776793190389,1901414839706647,-2.1284454,1.103727,-9.3733,6.1086525E-4,0.0030543262,0.0,TREMOR,5fa135632fe9
1776793190397,1901414847704498,-2.123657,1.1061212,-9.385271,6.1086525E-4,0.004276057,0.0018325958,TREMOR,5fa135632fe9
1776793190405,1901414855701119,-2.111686,1.1109096,-9.3733,-0.0012217305,0.004276057,6.1086525E-4,TREMOR,5fa135632fe9
1776793190413,1901414863695893,-2.1140802,1.103727,-9.3733,-6.1086525E-4,0.002443461,0.0012217305,TREMOR,5fa135632fe9
1776793190421,1901414871690359,-2.1188686,1.1013328,-9.378088,-0.0012217305,0.002443461,0.0,TREMOR,5fa135632fe9
1776793190429,1901414879686365,-2.123657,1.0965444,-9.3733,-0.0018325958,0.0030543262,-0.0018325958,TREMOR,5fa135632fe9
1776793190437,1901414887682677,-2.1284454,1.1013328,-9.3733,-0.002443461,0.002443461,-6.1086525E-4,TREMOR,5fa135632fe9
1776793190445,1901414895707221,-2.147599,1.0893618,-9.363723,-0.0018325958,0.0012217305,-0.0012217305,TREMOR,5fa135632fe9
1776793190453,1901414903702918,-2.1452048,1.0989386,-9.385271,-0.0030543262,6.1086525E-4,6.1086525E-4,TREMOR,5fa135632fe9
1776793190461,1901414911698615,-2.171541,1.103727,-9.380483,-0.0030543262,0.0,6.1086525E-4,TREMOR,5fa135632fe9
1776793190469,1901414919692851,-2.171541,1.1228806,-9.351752,-0.0030543262,-6.1086525E-4,-6.1086525E-4,TREMOR,5fa135632fe9
1776793190477,1901414927690395,-2.1739352,1.1180922,-9.3661175,6.1086525E-4,6.1086525E-4,0.0030543262,TREMOR,5fa135632fe9
1776793190485,1901414935685784,-2.1763294,1.1563994,-9.354146,-6.1086525E-4,0.0,0.0012217305,TREMOR,5fa135632fe9
1776793190493,1901414943679251,-2.1643584,1.1372458,-9.351752,-0.0012217305,-0.0012217305,0.0030543262,TREMOR,5fa135632fe9
1776793190501,1901414951706333,-2.183512,1.1587936,-9.354146,0.0,0.0012217305,0.0030543262,TREMOR,5fa135632fe9
1776793190509,1901414959701722,-2.1691468,1.1540052,-9.334992,6.1086525E-4,0.0012217305,0.0030543262,TREMOR,5fa135632fe9
1776793190517,1901414967698727,-2.1739352,1.1611878,-9.356541,0.0,0.0,0.002443461,TREMOR,5fa135632fe9
1776793190525,1901414975694040,-2.1763294,1.1587936,-9.354146,-6.1086525E-4,6.1086525E-4,0.0036651916,TREMOR,5fa135632fe9
1776793190533,1901414983689507,-2.1667526,1.1755531,-9.3421755,0.0,0.0030543262,0.0036651916,TREMOR,5fa135632fe9
1776793190541,1901414991683896,-2.1787236,1.163582,-9.358934,0.0,0.0018325958,6.1086525E-4,TREMOR,5fa135632fe9
1776793190549,1901414999710363,-2.1787236,1.1611878,-9.356541,6.1086525E-4,6.1086525E-4,0.002443461,TREMOR,5fa135632fe9
1776793190557,1901415007707983,-2.1787236,1.1587936,-9.370906,0.002443461,0.0018325958,6.1086525E-4,TREMOR,5fa135632fe9
1776793190565,1901415015702373,-2.1763294,1.1372458,-9.363723,0.0012217305,0.0030543262,6.1086525E-4,TREMOR,5fa135632fe9
1776793190573,1901415023697532,-2.1667526,1.1372458,-9.361329,0.0018325958,0.0036651916,6.1086525E-4,TREMOR,5fa135632fe9
1776793190581,1901415031693844,-2.15957,1.1372458,-9.380483,6.1086525E-4,0.0036651916,0.0018325958,TREMOR,5fa135632fe9
1776793190589,1901415039691926,-2.1452048,1.115698,-9.3733,-0.0012217305,0.0036651916,0.0018325958,TREMOR,5fa135632fe9
1776793190597,1901415047684239,-2.1499932,1.1085154,-9.368511,0.0,0.0061086523,0.002443461,TREMOR,5fa135632fe9
1776793190605,1901415055681244,-2.1332338,1.1013328,-9.394848,0.0018325958,0.005497787,0.0012217305,TREMOR,5fa135632fe9
1776793190613,1901415063707634,-2.1332338,1.091756,-9.363723,0.0,0.0036651916,0.0012217305,TREMOR,5fa135632fe9
1776793190621,1901415071702793,-2.1452048,1.0821792,-9.368511,-6.1086525E-4,0.0030543262,0.0018325958,TREMOR,5fa135632fe9
1776793190629,1901415079697875,-2.1212628,1.091756,-9.356541,-6.1086525E-4,0.002443461,0.0030543262,TREMOR,5fa135632fe9
1776793190637,1901415087694110,-2.1164744,1.0869676,-9.356541,0.0,-6.1086525E-4,0.0036651916,TREMOR,5fa135632fe9
1776793190645,1901415095688654,-2.1092918,1.0845734,-9.358934,6.1086525E-4,0.0,0.0061086523,TREMOR,5fa135632fe9
1776793190653,1901415103684890,-2.111686,1.0869676,-9.349358,0.0,-0.0030543262,0.004276057,TREMOR,5fa135632fe9
1776793190661,1901415111711433,-2.123657,1.1061212,-9.344569,0.0,-0.004886922,0.004276057,TREMOR,5fa135632fe9
1776793190669,1901415119707361,-2.1452048,1.0965444,-9.358934,6.1086525E-4,-0.0067195175,0.004276057,TREMOR,5fa135632fe9
1776793190677,1901415127702828,-2.1404164,1.1109096,-9.3733,-0.0012217305,-0.007330383,0.0036651916,TREMOR,5fa135632fe9
1776793190685,1901415135698141,-2.1380222,1.115698,-9.363723,-6.1086525E-4,-0.0067195175,0.0030543262,TREMOR,5fa135632fe9
1776793190693,1901415143693607,-2.1428106,1.1228806,-9.354146,-0.0018325958,-0.004886922,0.0030543262,TREMOR,5fa135632fe9
1776793190701,1901415151688304,-2.183512,1.127669,-9.344569,-0.0018325958,-0.002443461,0.0018325958,TREMOR,5fa135632fe9
1776793190709,1901415159685540,-2.1883004,1.151611,-9.351752,-6.1086525E-4,-0.0012217305,0.0012217305,TREMOR,5fa135632fe9
1776793190717,1901415167682545,-2.1906946,1.1444284,-9.3421755,-0.002443461,6.1086525E-4,-6.1086525E-4,TREMOR,5fa135632fe9
1776793190725,1901415175705627,-2.1811178,1.1540052,-9.351752,-0.002443461,0.0012217305,-6.1086525E-4,TREMOR,5fa135632fe9
1776793190733,1901415183701863,-2.207454,1.13964,-9.339781,-0.0036651916,0.0018325958,0.0,TREMOR,5fa135632fe9
1776793190741,1901415191696637,-2.1930888,1.1563994,-9.354146,-0.0030543262,6.1086525E-4,0.0012217305,TREMOR,5fa135632fe9
1776793190749,1901415199695488,-2.207454,1.1492168,-9.356541,-0.0036651916,0.0012217305,0.0,TREMOR,5fa135632fe9
1776793190757,1901415207689647,-2.2002714,1.1731589,-9.354146,-0.0036651916,0.0012217305,6.1086525E-4,TREMOR,5fa135632fe9
1776793190765,1901415215686498,-2.207454,1.1540052,-9.351752,-0.002443461,0.0012217305,0.0012217305,TREMOR,5fa135632fe9
1776793190773,1901415223709580,-2.207454,1.151611,-9.351752,-0.002443461,0.0,0.0030543262,TREMOR,5fa135632fe9
1776793190781,1901415231705893,-2.1787236,1.1420342,-9.363723,-0.0018325958,0.0012217305,0.0036651916,TREMOR,5fa135632fe9
1776793190789,1901415239701898,-2.183512,1.151611,-9.351752,-0.0012217305,6.1086525E-4,0.0036651916,TREMOR,5fa135632fe9
1776793190797,1901415247697365,-2.1571758,1.151611,-9.354146,-6.1086525E-4,6.1086525E-4,0.002443461,TREMOR,5fa135632fe9
1776793190805,1901415255694831,-2.1571758,1.1324574,-9.346964,-6.1086525E-4,0.0012217305,0.0036651916,TREMOR,5fa135632fe9
1776793190813,1901415263690836,-2.1763294,1.1300632,-9.363723,0.0,6.1086525E-4,0.004886922,TREMOR,5fa135632fe9
1776793190821,1901415271684687,-2.147599,1.127669,-9.3733,6.1086525E-4,0.0012217305,0.0018325958,TREMOR,5fa135632fe9
1776793190829,1901415279709077,-2.147599,1.115698,-9.368511,6.1086525E-4,0.0012217305,0.0030543262,TREMOR,5fa135632fe9
1776793190837,1901415287706544,-2.1332338,1.1085154,-9.370906,0.0,6.1086525E-4,0.0018325958,TREMOR,5fa135632fe9
1776793190845,1901415295701318,-2.1380222,1.091756,-9.356541,-6.1086525E-4,0.002443461,0.0018325958,TREMOR,5fa135632fe9
1776793190853,1901415303697400,-2.1380222,1.0893618,-9.351752,0.0,0.0030543262,6.1086525E-4,TREMOR,5fa135632fe9
1776793190861,1901415311694636,-2.1308396,1.103727,-9.361329,6.1086525E-4,0.004886922,0.0,TREMOR,5fa135632fe9
1776793190869,1901415319688179,-2.1428106,1.0893618,-9.3733,-0.0012217305,0.004886922,0.0012217305,TREMOR,5fa135632fe9
1776793190877,1901415327684799,-2.1428106,1.103727,-9.356541,-6.1086525E-4,0.005497787,6.1086525E-4,TREMOR,5fa135632fe9
1776793190885,1901415335710266,-2.147599,1.1013328,-9.361329,0.0,0.0036651916,0.002443461,TREMOR,5fa135632fe9
1776793190893,1901415343706348,-2.135628,1.0965444,-9.361329,-0.0018325958,0.0030543262,6.1086525E-4,TREMOR,5fa135632fe9
1776793190901,1901415351701738,-2.1452048,1.0989386,-9.363723,-0.002443461,0.0030543262,0.0,TREMOR,5fa135632fe9
1776793190909,1901415359697973,-2.1523874,1.1109096,-9.349358,-0.0012217305,0.0012217305,6.1086525E-4,TREMOR,5fa135632fe9
1776793190917,1901415367692748,-2.15957,1.1228806,-9.363723,-0.0012217305,0.0,0.0012217305,TREMOR,5fa135632fe9
1776793190925,1901415375688137,-2.1691468,1.1180922,-9.349358,0.0,-0.0012217305,6.1086525E-4,TREMOR,5fa135632fe9
1776793190933,1901415383683835,-2.1619642,1.1324574,-9.351752,-0.0018325958,0.0,0.0018325958,TREMOR,5fa135632fe9
1776793190941,1901415391708763,-2.1787236,1.1444284,-9.361329,-0.0012217305,-0.0018325958,0.0012217305,TREMOR,5fa135632fe9
1776793190949,1901415399704537,-2.1811178,1.1372458,-9.356541,-6.1086525E-4,-6.1086525E-4,0.0,TREMOR,5fa135632fe9
1776793190957,1901415407701080,-2.183512,1.151611,-9.3421755,-6.1086525E-4,-6.1086525E-4,-0.002443461,TREMOR,5fa135632fe9
1776793190965,1901415415696855,-2.1906946,1.13964,-9.354146,-0.0018325958,0.0,-0.004276057,TREMOR,5fa135632fe9
1776793190973,1901415423693090,-2.1859062,1.1444284,-9.346964,-0.0018325958,0.002443461,-6.1086525E-4,TREMOR,5fa135632fe9
1776793190981,1901415431687634,-2.183512,1.163582,-9.344569,-6.1086525E-4,0.0036651916,-0.002443461,TREMOR,5fa135632fe9
1776793190989,1901415439684485,-2.1811178,1.163582,-9.349358,-6.1086525E-4,0.004886922,-0.0018325958,TREMOR,5fa135632fe9
1776793190997,1901415447710721,-2.1859062,1.1587936,-9.354146,-0.0018325958,0.0061086523,-0.0012217305,TREMOR,5fa135632fe9
1776793191005,1901415455705726,-2.1739352,1.151611,-9.346964,-6.1086525E-4,0.0061086523,-0.0018325958,TREMOR,5fa135632fe9
1776793191013,1901415463699654,-2.1763294,1.1372458,-9.356541,-6.1086525E-4,0.0061086523,6.1086525E-4,TREMOR,5fa135632fe9
1776793191021,1901415471696890,-2.1739352,1.1324574,-9.370906,6.1086525E-4,0.007941248,6.1086525E-4,TREMOR,5fa135632fe9
1776793191029,1901415479691279,-2.1380222,1.127669,-9.363723,0.0012217305,0.005497787,0.0018325958,TREMOR,5fa135632fe9
1776793191037,1901415487687669,-2.15957,1.1085154,-9.358934,6.1086525E-4,0.0061086523,0.0012217305,TREMOR,5fa135632fe9
1776793191045,1901415495683982,-2.1499932,1.1228806,-9.358934,0.0012217305,0.0067195175,0.0018325958,TREMOR,5fa135632fe9
1776793191053,1901415503681141,-2.1260512,1.1061212,-9.337387,0.0030543262,0.0030543262,0.0030543262,TREMOR,5fa135632fe9
1776793191061,1901415511705838,-2.135628,1.1109096,-9.356541,0.0030543262,0.0030543262,0.0012217305,TREMOR,5fa135632fe9
1776793191069,1901415519701151,-2.111686,1.1133038,-9.358934,0.0018325958,0.0018325958,0.002443461,TREMOR,5fa135632fe9
1776793191077,1901415527697848,-2.111686,1.1228806,-9.344569,6.1086525E-4,0.0018325958,0.0036651916,TREMOR,5fa135632fe9
1776793191085,1901415535692007,-2.1092918,1.1492168,-9.356541,0.0,0.002443461,0.0,TREMOR,5fa135632fe9
1776793191093,1901415543688320,-2.1092918,1.1348516,-9.3661175,-6.1086525E-4,6.1086525E-4,0.0,TREMOR,5fa135632fe9
1776793191101,1901415551682709,-2.135628,1.1372458,-9.356541,-0.0012217305,6.1086525E-4,0.0,TREMOR,5fa135632fe9
1776793191109,1901415559708945,-2.1428106,1.1444284,-9.344569,-0.0018325958,0.0018325958,0.0012217305,TREMOR,5fa135632fe9
1776793191117,1901415567703719,-2.135628,1.1372458,-9.368511,0.0,0.0012217305,-0.0036651916,TREMOR,5fa135632fe9
1776793191125,1901415575700955,-2.1547816,1.1300632,-9.3421755,6.1086525E-4,0.0,-0.004276057,TREMOR,5fa135632fe9
1776793191133,1901415583695422,-2.1499932,1.1300632,-9.344569,6.1086525E-4,0.0012217305,-0.004886922,TREMOR,5fa135632fe9
1776793191141,1901415591692042,-2.1930888,1.13964,-9.334992,0.0012217305,0.0018325958,-0.002443461,TREMOR,5fa135632fe9
1776793191149,1901415599686509,-2.1906946,1.1300632,-9.3421755,0.0018325958,0.0012217305,-0.0036651916,TREMOR,5fa135632fe9
1776793191157,1901415607681821,-2.1811178,1.1133038,-9.344569,0.002443461,-0.0018325958,-0.0030543262,TREMOR,5fa135632fe9
1776793191165,1901415615710826,-2.1739352,1.115698,-9.363723,6.1086525E-4,-0.0018325958,-0.0030543262,TREMOR,5fa135632fe9
1776793191173,1901415623705524,-2.1787236,1.1133038,-9.354146,6.1086525E-4,-0.0012217305,0.0,TREMOR,5fa135632fe9
1776793191181,1901415631698836,-2.1739352,1.1061212,-9.356541,6.1086525E-4,-0.002443461,-0.0018325958,TREMOR,5fa135632fe9
1776793191189,1901415639697611,-2.1667526,1.1013328,-9.358934,-0.0012217305,-0.0018325958,0.0,TREMOR,5fa135632fe9
1776793191197,1901415647692308,-2.1619642,1.1061212,-9.361329,0.0,-0.002443461,-0.0012217305,TREMOR,5fa135632fe9
1776793191205,1901415655686159,-2.183512,1.103727,-9.378088,0.0,-0.0012217305,0.0,TREMOR,5fa135632fe9
1776793191213,1901415663682856,-2.1571758,1.103727,-9.361329,-0.0012217305,-6.1086525E-4,0.0,TREMOR,5fa135632fe9
1776793191221,1901415671709631,-2.1452048,1.0989386,-9.368511,0.0,6.1086525E-4,6.1086525E-4,TREMOR,5fa135632fe9
1776793191229,1901415679703097,-2.1404164,1.1133038,-9.370906,-6.1086525E-4,0.0012217305,0.0,TREMOR,5fa135632fe9
1776793191237,1901415687699718,-2.1380222,1.1228806,-9.346964,-0.0036651916,0.0030543262,-6.1086525E-4,TREMOR,5fa135632fe9
1776793191245,1901415695696338,-2.147599,1.1444284,-9.349358,-0.0030543262,0.0036651916,-0.002443461,TREMOR,5fa135632fe9
1776793191253,1901415703692112,-2.1691468,1.1300632,-9.351752,-0.004886922,0.0030543262,-0.0012217305,TREMOR,5fa135632fe9
1776793191261,1901415711685579,-2.1763294,1.1563994,-9.354146,-0.004276057,0.0036651916,-6.1086525E-4,TREMOR,5fa135632fe9
1776793191269,1901415719681276,-2.1667526,1.1444284,-9.3661175,-0.0036651916,0.004276057,-0.0018325958,TREMOR,5fa135632fe9
1776793191277,1901415727707743,-2.171541,1.163582,-9.354146,-0.004886922,0.004886922,-0.002443461,TREMOR,5fa135632fe9
1776793191285,1901415735704978,-2.1811178,1.1875241,-9.351752,-0.004276057,0.0067195175,-0.0018325958,TREMOR,5fa135632fe9
1776793191293,1901415743699137,-2.1667526,1.1683705,-9.346964,-0.0036651916,0.004886922,-0.004276057,TREMOR,5fa135632fe9
1776793191301,1901415751697296,-2.1787236,1.1827357,-9.349358,-0.0018325958,0.005497787,-0.0018325958,TREMOR,5fa135632fe9
1776793191309,1901415759690609,-2.171541,1.1563994,-9.356541,-0.0030543262,0.0067195175,-0.0018325958,TREMOR,5fa135632fe9
1776793191317,1901415767686229,-2.1619642,1.1348516,-9.344569,0.0,0.0036651916,-0.002443461,TREMOR,5fa135632fe9
1776793191325,1901415775681080,-2.15957,1.1300632,-9.349358,0.0012217305,0.002443461,-6.1086525E-4,TREMOR,5fa135632fe9
1776793191333,1901415783707855,-2.1452048,1.1324574,-9.361329,0.0018325958,0.0030543262,-0.0012217305,TREMOR,5fa135632fe9
1776793191341,1901415791703244,-2.1212628,1.1180922,-9.356541,0.004886922,6.1086525E-4,-0.0012217305,TREMOR,5fa135632fe9
1776793191349,1901415799698326,-2.1021092,1.0965444,-9.363723,0.004276057,0.0018325958,-0.0018325958,TREMOR,5fa135632fe9
1776793191357,1901415807694331,-2.1092918,1.1013328,-9.3733,0.0036651916,6.1086525E-4,6.1086525E-4,TREMOR,5fa135632fe9
1776793191365,1901415815690875,-2.0973208,1.079785,-9.368511,0.0030543262,-6.1086525E-4,0.0,TREMOR,5fa135632fe9
1776793191373,1901415823685111,-2.1045034,1.0845734,-9.382876,0.004276057,-0.002443461,-0.0018325958,TREMOR,5fa135632fe9
1776793191381,1901415831683193,-2.1045034,1.0821792,-9.363723,0.0036651916,-0.004276057,-6.1086525E-4,TREMOR,5fa135632fe9
1776793191389,1901415839707813,-2.1045034,1.0749966,-9.358934,0.002443461,-0.005497787,-0.0012217305,TREMOR,5fa135632fe9
1776793191397,1901415847705356,-2.0925324,1.0941502,-9.3661175,0.002443461,-0.0061086523,-0.0012217305,TREMOR,5fa135632fe9
1776793191405,1901415855699208,-2.1068976,1.0965444,-9.370906,0.0018325958,-0.004886922,-6.1086525E-4,TREMOR,5fa135632fe9
1776793191413,1901415863695520,-2.1212628,1.0989386,-9.382876,0.0012217305,-0.0067195175,-0.0018325958,TREMOR,5fa135632fe9
1776793191421,1901415871691218,-2.1308396,1.103727,-9.349358,0.0012217305,-0.0061086523,-0.002443461,TREMOR,5fa135632fe9
1776793191429,1901415879688530,-2.1380222,1.1013328,-9.351752,0.0030543262,-0.0067195175,-6.1086525E-4,TREMOR,5fa135632fe9
1776793191437,1901415887683228,-2.1571758,1.1109096,-9.358934,0.002443461,-0.0067195175,-0.0018325958,TREMOR,5fa135632fe9
1776793191445,1901415895707925,-2.15957,1.127669,-9.346964,0.0018325958,-0.0061086523,6.1086525E-4,TREMOR,5fa135632fe9
1776793191453,1901415903703622,-2.183512,1.1204864,-9.344569,0.0018325958,-0.005497787,0.0,TREMOR,5fa135632fe9
1776793191461,1901415911699320,-2.1906946,1.1300632,-9.3421755,0.002443461,-0.005497787,0.0012217305,TREMOR,5fa135632fe9
1776793191469,1901415919695940,-2.1787236,1.1444284,-9.3421755,0.0018325958,-0.004276057,0.0036651916,TREMOR,5fa135632fe9
1776793191477,1901415927690407,-2.2026656,1.13964,-9.339781,0.0018325958,-0.0036651916,6.1086525E-4,TREMOR,5fa135632fe9
1776793191485,1901415935686642,-2.2122424,1.13964,-9.323022,0.0,-0.004276057,0.002443461,TREMOR,5fa135632fe9
1776793191493,1901415943682417,-2.195483,1.1348516,-9.334992,0.0012217305,-0.0036651916,0.0018325958,TREMOR,5fa135632fe9
1776793191501,1901415951706422,-2.2050598,1.1611878,-9.334992,6.1086525E-4,-0.004886922,0.0018325958,TREMOR,5fa135632fe9
1776793191509,1901415959703581,-2.1978772,1.1492168,-9.32781,0.0012217305,-0.002443461,0.002443461,TREMOR,5fa135632fe9
1776793191517,1901415967697816,-2.1906946,1.13964,-9.320627,0.0,-0.0012217305,0.0018325958,TREMOR,5fa135632fe9
1776793191525,1901415975694437,-2.1978772,1.13964,-9.334992,0.0,-0.0030543262,-0.0012217305,TREMOR,5fa135632fe9
1776793191533,1901415983690673,-2.1763294,1.151611,-9.354146,-6.1086525E-4,-0.0012217305,-0.0012217305,TREMOR,5fa135632fe9
1776793191541,1901415991684831,-2.1859062,1.13964,-9.349358,-0.0018325958,-6.1086525E-4,0.0,TREMOR,5fa135632fe9
1776793191549,1901415999682452,-2.1930888,1.13964,-9.334992,-0.002443461,6.1086525E-4,0.0,TREMOR,5fa135632fe9
1776793191557,1901416007707380,-2.1739352,1.1372458,-9.3421755,-0.002443461,0.0018325958,-0.002443461,TREMOR,5fa135632fe9
1776793191565,1901416015703923,-2.1643584,1.1444284,-9.354146,-0.0030543262,0.0,-0.0018325958,TREMOR,5fa135632fe9
1776793191573,1901416023699928,-2.183512,1.1372458,-9.349358,-0.0030543262,0.0018325958,-0.0012217305,TREMOR,5fa135632fe9
1776793191581,1901416031695010,-2.1763294,1.1444284,-9.337387,-0.004276057,0.0018325958,0.0,TREMOR,5fa135632fe9
1776793191589,1901416039690785,-2.1523874,1.1372458,-9.346964,-0.0018325958,0.002443461,-6.1086525E-4,TREMOR,5fa135632fe9
1776793191597,1901416047685174,-2.1619642,1.1324574,-9.349358,-0.004276057,0.0018325958,-0.0018325958,TREMOR,5fa135632fe9
1776793191605,1901416055681564,-2.1547816,1.1420342,-9.344569,-0.0036651916,0.0030543262,0.0,TREMOR,5fa135632fe9
1776793191613,1901416063708030,-2.1380222,1.1444284,-9.349358,-0.0030543262,0.004886922,-0.0012217305,TREMOR,5fa135632fe9
1776793191621,1901416071703343,-2.1308396,1.13964,-9.344569,-0.002443461,0.0036651916,0.0,TREMOR,5fa135632fe9
1776793191629,1901416079697887,-2.1547816,1.1228806,-9.356541,-0.002443461,0.004886922,0.0012217305,TREMOR,5fa135632fe9
1776793191637,1901416087694815,-2.1547816,1.1180922,-9.363723,-0.0012217305,0.004276057,0.002443461,TREMOR,5fa135632fe9
1776793191645,1901416095689897,-2.1332338,1.103727,-9.351752,-6.1086525E-4,0.004276057,0.0036651916,TREMOR,5fa135632fe9
1776793191653,1901416103686440,-2.1428106,1.0845734,-9.368511,-6.1086525E-4,0.005497787,0.002443461,TREMOR,5fa135632fe9
1776793191661,1901416111680061,-2.1284454,1.0941502,-9.349358,0.0,0.004276057,0.0018325958,TREMOR,5fa135632fe9
1776793191669,1901416119706142,-2.1140802,1.1013328,-9.354146,0.0,0.0,0.0012217305,TREMOR,5fa135632fe9
1776793191677,1901416127703686,-2.1045034,1.0941502,-9.358934,6.1086525E-4,0.0012217305,0.0012217305,TREMOR,5fa135632fe9
1776793191685,1901416135699768,-2.1308396,1.103727,-9.361329,6.1086525E-4,-0.0012217305,0.0012217305,TREMOR,5fa135632fe9
1776793191693,1901416143693850,-2.1164744,1.1085154,-9.368511,-0.0012217305,0.0,6.1086525E-4,TREMOR,5fa135632fe9
1776793191701,1901416151690163,-2.1428106,1.103727,-9.356541,-0.0018325958,-0.002443461,-6.1086525E-4,TREMOR,5fa135632fe9
1776793191709,1901416159683706,-2.1667526,1.1204864,-9.349358,-0.0018325958,-0.004276057,-0.0030543262,TREMOR,5fa135632fe9
1776793191717,1901416167712096,-2.1619642,1.1300632,-9.354146,-0.002443461,-0.0030543262,-0.0018325958,TREMOR,5fa135632fe9
1776793191725,1901416175708947,-2.1667526,1.1372458,-9.368511,-0.0030543262,-0.0036651916,-0.004886922,TREMOR,5fa135632fe9
1776793191733,1901416183703413,-2.1883004,1.1492168,-9.356541,-0.0030543262,-0.004276057,-0.002443461,TREMOR,5fa135632fe9
1776793191741,1901416191697572,-2.1930888,1.1444284,-9.332599,-0.0018325958,-0.0036651916,-0.0036651916,TREMOR,5fa135632fe9
1776793191749,1901416199695193,-2.2002714,1.1468226,-9.356541,-0.002443461,-6.1086525E-4,-0.005497787,TREMOR,5fa135632fe9
1776793191757,1901416207689890,-2.2170308,1.1468226,-9.351752,-0.0012217305,-0.0012217305,-0.004276057,TREMOR,5fa135632fe9
1776793191765,1901416215684972,-2.2122424,1.1468226,-9.344569,-0.0018325958,-6.1086525E-4,-0.004276057,TREMOR,5fa135632fe9
1776793191773,1901416223681900,-2.2146366,1.1468226,-9.358934,-0.0012217305,0.0,-0.002443461,TREMOR,5fa135632fe9
1776793191781,1901416231705982,-2.2218192,1.1420342,-9.334992,-0.0012217305,0.002443461,-0.002443461,TREMOR,5fa135632fe9
1776793191789,1901416239702910,-2.2170308,1.1300632,-9.3421755,-0.0012217305,0.0012217305,-0.002443461,TREMOR,5fa135632fe9
1776793191797,1901416247697377,-2.2002714,1.1300632,-9.3421755,-6.1086525E-4,0.0036651916,-0.0018325958,TREMOR,5fa135632fe9
1776793191805,1901416255692459,-2.1930888,1.13964,-9.32781,-0.0018325958,0.0036651916,-0.0018325958,TREMOR,5fa135632fe9
1776793191813,1901416263688079,-2.1739352,1.1204864,-9.344569,0.0,0.004276057,-0.0012217305,TREMOR,5fa135632fe9
1776793191821,1901416271683776,-2.1691468,1.127669,-9.344569,-6.1086525E-4,0.004886922,-0.0012217305,TREMOR,5fa135632fe9
1776793191829,1901416279712704,-2.1667526,1.1228806,-9.356541,-0.0012217305,0.005497787,-0.002443461,TREMOR,5fa135632fe9
1776793191837,1901416287707479,-2.1380222,1.1180922,-9.346964,0.0,0.004886922,-0.002443461,TREMOR,5fa135632fe9
1776793191845,1901416295702561,-2.1332338,1.1300632,-9.368511,-6.1086525E-4,0.004276057,-0.0030543262,TREMOR,5fa135632fe9
1776793191853,1901416303697335,-2.1188686,1.1252748,-9.3661175,0.0,0.0036651916,-0.0012217305,TREMOR,5fa135632fe9
1776793191861,1901416311692801,-2.1164744,1.1372458,-9.363723,0.0012217305,0.004276057,-0.0030543262,TREMOR,5fa135632fe9
1776793191869,1901416319689037,-2.111686,1.1348516,-9.3733,0.0012217305,0.004886922,-0.0036651916,TREMOR,5fa135632fe9
1776793191877,1901416327686042,-2.0925324,1.1204864,-9.361329,-6.1086525E-4,0.004276057,-0.0036651916,TREMOR,5fa135632fe9
1776793191885,1901416335710663,-2.1045034,1.1324574,-9.3661175,6.1086525E-4,0.0036651916,-0.0061086523,TREMOR,5fa135632fe9
1776793191893,1901416343706898,-2.0949266,1.1061212,-9.370906,0.0018325958,0.005497787,-0.005497787,TREMOR,5fa135632fe9
1776793191901,1901416351702057,-2.1068976,1.115698,-9.349358,6.1086525E-4,0.004886922,-0.004886922,TREMOR,5fa135632fe9
1776793191909,1901416359698370,-2.111686,1.1061212,-9.354146,0.0012217305,0.0012217305,-0.005497787,TREMOR,5fa135632fe9
1776793191917,1901416367691913,-2.1140802,1.1300632,-9.344569,0.002443461,-0.0012217305,-0.004276057,TREMOR,5fa135632fe9
1776793191925,1901416375689380,-2.1380222,1.127669,-9.344569,0.004276057,-0.0036651916,-0.002443461,TREMOR,5fa135632fe9
1776793191933,1901416383683539,-2.1260512,1.1252748,-9.332599,0.004276057,-0.0030543262,-0.0012217305,TREMOR,5fa135632fe9
1776793191941,1901416391711852,-2.1260512,1.1180922,-9.358934,0.0036651916,-0.0036651916,-0.0018325958,TREMOR,5fa135632fe9
1776793191949,1901416399706934,-2.1547816,1.1252748,-9.339781,0.004276057,-0.005497787,-0.0012217305,TREMOR,5fa135632fe9
1776793191957,1901416407701785,-2.15957,1.115698,-9.344569,0.0036651916,-0.007330383,6.1086525E-4,TREMOR,5fa135632fe9
1776793191965,1901416415697790,-2.1667526,1.115698,-9.356541,0.002443461,-0.01038471,6.1086525E-4,TREMOR,5fa135632fe9
1776793191973,1901416423691641,-2.1571758,1.1013328,-9.354146,0.0036651916,-0.009162978,0.0012217305,TREMOR,5fa135632fe9
1776793191981,1901416431689415,-2.15957,1.1061212,-9.337387,0.004276057,-0.009162978,0.002443461,TREMOR,5fa135632fe9
1776793191989,1901416439682959,-2.15957,1.1085154,-9.356541,0.004886922,-0.009773844,0.002443461,TREMOR,5fa135632fe9
1776793191997,1901416447710733,-2.1571758,1.1085154,-9.344569,0.004276057,-0.009162978,0.0036651916,TREMOR,5fa135632fe9
1776793192005,1901416455705738,-2.1739352,1.0893618,-9.356541,0.004276057,-0.010995574,0.0036651916,TREMOR,5fa135632fe9
1776793192013,1901416463703666,-2.1859062,1.1204864,-9.346964,0.002443461,-0.009773844,0.0012217305,TREMOR,5fa135632fe9
1776793192021,1901416471697748,-2.2002714,1.1372458,-9.344569,0.0012217305,-0.008552114,-6.1086525E-4,TREMOR,5fa135632fe9
1776793192029,1901416479691368,-2.2002714,1.1420342,-9.3421755,6.1086525E-4,-0.009773844,-0.0018325958,TREMOR,5fa135632fe9
1776793192037,1901416487688296,-2.2146366,1.115698,-9.330204,-6.1086525E-4,-0.0067195175,-0.0030543262,TREMOR,5fa135632fe9
1776793192045,1901416495685763,-2.2266076,1.1300632,-9.344569,-0.0012217305,-0.004886922,-0.0018325958,TREMOR,5fa135632fe9
1776793192053,1901416503710076,-2.2290018,1.1420342,-9.339781,-0.0018325958,-0.0036651916,-0.0030543262,TREMOR,5fa135632fe9
1776793192061,1901416511708004,-2.2385786,1.1540052,-9.330204,-0.0030543262,-6.1086525E-4,-0.005497787,TREMOR,5fa135632fe9
1776793192069,1901416519700855,-2.2361844,1.1659763,-9.344569,-0.004276057,-0.0012217305,-0.005497787,TREMOR,5fa135632fe9
1776793192077,1901416527697552,-2.2409728,1.13964,-9.332599,-0.0036651916,0.0036651916,-0.004276057,TREMOR,5fa135632fe9
1776793192085,1901416535693173,-2.231396,1.1348516,-9.332599,-0.0036651916,0.005497787,-0.0036651916,TREMOR,5fa135632fe9
1776793192093,1901416543687024,-2.2122424,1.1444284,-9.332599,-0.0036651916,0.0067195175,-0.004276057,TREMOR,5fa135632fe9
1776793192101,1901416551684644,-2.2122424,1.13964,-9.332599,-0.0030543262,0.01038471,-0.004276057,TREMOR,5fa135632fe9
1776793192109,1901416559709495,-2.195483,1.1300632,-9.3421755,-0.0036651916,0.007941248,-0.0036651916,TREMOR,5fa135632fe9
1776793192117,1901416567705808,-2.1930888,1.127669,-9.346964,-0.0036651916,0.010995574,-0.0018325958,TREMOR,5fa135632fe9
1776793192125,1901416575702505,-2.1763294,1.1109096,-9.358934,-0.0030543262,0.010995574,-0.0030543262,TREMOR,5fa135632fe9
1776793192133,1901416583697818,-2.1380222,1.1180922,-9.368511,-0.0012217305,0.012217305,-0.004276057,TREMOR,5fa135632fe9
1776793192141,1901416591691669,-2.135628,1.1085154,-9.337387,-0.0012217305,0.01160644,-0.0036651916,TREMOR,5fa135632fe9
1776793192149,1901416599688597,-2.1212628,1.0821792,-9.363723,-0.0012217305,0.010995574,-0.004276057,TREMOR,5fa135632fe9
1776793192157,1901416607683987,-2.123657,1.0893618,-9.356541,-0.0012217305,0.010995574,-0.004886922,TREMOR,5fa135632fe9
1776793192165,1901416615710454,-2.099715,1.1133038,-9.370906,-6.1086525E-4,0.01038471,-0.0030543262,TREMOR,5fa135632fe9
1776793192173,1901416623706228,-2.0805612,1.0893618,-9.351752,-6.1086525E-4,0.0067195175,-0.004276057,TREMOR,5fa135632fe9
1776793192181,1901416631701541,-2.0901382,1.0893618,-9.363723,-6.1086525E-4,0.0067195175,-0.0030543262,TREMOR,5fa135632fe9
1776793192189,1901416639697007,-2.0805612,1.1085154,-9.378088,0.0,0.005497787,-0.004886922,TREMOR,5fa135632fe9
1776793192197,1901416647692935,-2.0757728,1.1085154,-9.3661175,0.0012217305,0.0012217305,-0.002443461,TREMOR,5fa135632fe9
1776793192205,1901416655688325,-2.0733786,1.1300632,-9.368511,0.0,-0.002443461,-0.0012217305,TREMOR,5fa135632fe9
1776793192213,1901416663683407,-2.0709844,1.1204864,-9.354146,0.0012217305,-0.002443461,-0.0018325958,TREMOR,5fa135632fe9
1776793192221,1901416671709027,-2.0901382,1.1228806,-9.356541,0.0018325958,-0.004886922,-0.0012217305,TREMOR,5fa135632fe9
1776793192229,1901416679703725,-2.087744,1.1133038,-9.370906,0.0030543262,-0.008552114,6.1086525E-4,TREMOR,5fa135632fe9
1776793192237,1901416687700653,-2.0973208,1.1109096,-9.349358,0.002443461,-0.009773844,0.002443461,TREMOR,5fa135632fe9
1776793192245,1901416695697273,-2.1140802,1.1180922,-9.337387,0.004276057,-0.014049901,0.0012217305,TREMOR,5fa135632fe9
1776793192253,1901416703693893,-2.1140802,1.1252748,-9.344569,0.004886922,-0.01282817,0.004886922,TREMOR,5fa135632fe9
1776793192261,1901416711686898,-2.123657,1.127669,-9.334992,0.0036651916,-0.017104227,0.004276057,TREMOR,5fa135632fe9
1776793192269,1901416719685288,-2.1308396,1.127669,-9.3421755,0.0036651916,-0.018325957,0.005497787,TREMOR,5fa135632fe9
1776793192277,1901416727707832,-2.135628,1.127669,-9.344569,0.0030543262,-0.02076942,0.007330383,TREMOR,5fa135632fe9
1776793192285,1901416735704760,-2.171541,1.1180922,-9.3661175,0.0030543262,-0.018325957,0.0067195175,TREMOR,5fa135632fe9
1776793192293,1901416743700457,-2.2002714,1.127669,-9.346964,0.002443461,-0.019547688,0.004276057,TREMOR,5fa135632fe9
1776793192301,1901416751696770,-2.2218192,1.115698,-9.3421755,0.0018325958,-0.015882496,0.0067195175,TREMOR,5fa135632fe9
1776793192309,1901416759689698,-2.2290018,1.127669,-9.351752,0.002443461,-0.017715093,0.004886922,TREMOR,5fa135632fe9
1776793192317,1901416767688087,-2.2409728,1.115698,-9.354146,0.0036651916,-0.016493361,0.004886922,TREMOR,5fa135632fe9
1776793192325,1901416775684477,-2.2720973,1.127669,-9.356541,0.0036651916,-0.015882496,0.0030543262,TREMOR,5fa135632fe9
1776793192333,1901416783710251,-2.2720973,1.1348516,-9.346964,0.004886922,-0.016493361,0.002443461,TREMOR,5fa135632fe9
1776793192341,1901416791705026,-2.2601264,1.151611,-9.337387,0.0036651916,-0.01160644,0.0018325958,TREMOR,5fa135632fe9
1776793192349,1901416799701031,-2.255338,1.1348516,-9.344569,0.0018325958,-0.009162978,0.0,TREMOR,5fa135632fe9
1776793192357,1901416807697036,-2.2697031,1.1587936,-9.320627,0.0018325958,-0.0061086523,-6.1086525E-4,TREMOR,5fa135632fe9
1776793192365,1901416815691810,-2.2481554,1.1420342,-9.330204,0.0018325958,-0.0030543262,-0.0018325958,TREMOR,5fa135632fe9
1776793192373,1901416823687815,-2.2457612,1.1540052,-9.334992,6.1086525E-4,-0.0012217305,-0.0036651916,TREMOR,5fa135632fe9
1776793192381,1901416831683205,-2.2361844,1.1659763,-9.330204,-6.1086525E-4,6.1086525E-4,-0.002443461,TREMOR,5fa135632fe9
1776793192389,1901416839707517,-2.2122424,1.1563994,-9.339781,0.0012217305,0.0030543262,-0.0036651916,TREMOR,5fa135632fe9
1776793192397,1901416847705753,-2.2290018,1.1444284,-9.346964,0.0,0.004886922,-0.002443461,TREMOR,5fa135632fe9
1776793192405,1901416855698912,-2.219425,1.1300632,-9.32781,0.0,0.0061086523,-0.0061086523,TREMOR,5fa135632fe9
1776793192413,1901416863694686,-2.195483,1.1444284,-9.351752,6.1086525E-4,0.0067195175,-0.0067195175,TREMOR,5fa135632fe9
1776793192421,1901416871692230,-2.15957,1.151611,-9.356541,-6.1086525E-4,0.008552114,-0.004886922,TREMOR,5fa135632fe9
1776793192429,1901416879687235,-2.1691468,1.13964,-9.354146,0.0012217305,0.0067195175,-0.0067195175,TREMOR,5fa135632fe9
1776793192437,1901416887682624,-2.1380222,1.1252748,-9.375694,0.0,0.0061086523,-0.0061086523,TREMOR,5fa135632fe9
1776793192445,1901416895707860,-2.1308396,1.1204864,-9.368511,0.0,0.0067195175,-0.002443461,TREMOR,5fa135632fe9
1776793192453,1901416903705788,-2.1140802,1.1180922,-9.368511,-6.1086525E-4,0.009773844,-0.0030543262,TREMOR,5fa135632fe9
1776793192461,1901416911699947,-2.1212628,1.1204864,-9.351752,0.0,0.008552114,-0.004276057,TREMOR,5fa135632fe9
1776793192469,1901416919693798,-2.099715,1.1085154,-9.3661175,0.0,0.007941248,-0.0067195175,TREMOR,5fa135632fe9
1776793192477,1901416927690419,-2.1021092,1.0941502,-9.363723,0.0018325958,0.009162978,-0.004276057,TREMOR,5fa135632fe9
1776793192485,1901416935686116,-2.0901382,1.0869676,-9.361329,0.0018325958,0.0067195175,-0.004886922,TREMOR,5fa135632fe9
1776793192493,1901416943684275,-2.0949266,1.0965444,-9.380483,0.002443461,0.009162978,-0.004886922,TREMOR,5fa135632fe9
1776793192501,1901416951709203,-2.123657,1.079785,-9.354146,0.002443461,0.0061086523,-0.004276057,TREMOR,5fa135632fe9
1776793192509,1901416959705131,-2.1092918,1.0869676,-9.368511,0.0030543262,0.0036651916,-0.0030543262,TREMOR,5fa135632fe9
1776793192517,1901416967700828,-2.111686,1.0773908,-9.361329,0.0018325958,-0.0018325958,-0.004276057,TREMOR,5fa135632fe9
1776793192525,1901416975695603,-2.1188686,1.0630256,-9.3661175,0.0018325958,-0.0036651916,-0.0036651916,TREMOR,5fa135632fe9
1776793192533,1901416983692838,-2.135628,1.0821792,-9.3733,0.0018325958,-0.004886922,-6.1086525E-4,TREMOR,5fa135632fe9
1776793192541,1901416991687305,-2.1308396,1.0989386,-9.358934,0.002443461,-0.009162978,0.0,TREMOR,5fa135632fe9
1776793192549,1901416999713156,-2.1380222,1.0845734,-9.375694,0.002443461,-0.010995574,0.0030543262,TREMOR,5fa135632fe9
1776793192557,1901417007708315,-2.1404164,1.0941502,-9.346964,0.0030543262,-0.01282817,0.004886922,TREMOR,5fa135632fe9
1776793192565,1901417015702782,-2.147599,1.091756,-9.382876,0.002443461,-0.014660766,0.0018325958,TREMOR,5fa135632fe9
1776793192573,1901417023698402,-2.1523874,1.127669,-9.358934,0.002443461,-0.014049901,0.004276057,TREMOR,5fa135632fe9
1776793192581,1901417031695945,-2.15957,1.1228806,-9.3421755,0.0036651916,-0.015882496,0.004276057,TREMOR,5fa135632fe9
1776793192589,1901417039689566,-2.1811178,1.1492168,-9.375694,0.0036651916,-0.014660766,0.0030543262,TREMOR,5fa135632fe9
1776793192597,1901417047686417,-2.1667526,1.127669,-9.351752,0.0030543262,-0.014660766,0.0036651916,TREMOR,5fa135632fe9
1776793192605,1901417055714114,-2.1859062,1.151611,-9.332599,0.0030543262,-0.013439035,0.0036651916,TREMOR,5fa135632fe9
1776793192613,1901417063707427,-2.2122424,1.1587936,-9.349358,6.1086525E-4,-0.012217305,0.0018325958,TREMOR,5fa135632fe9
1776793192621,1901417071703971,-2.2290018,1.1492168,-9.346964,6.1086525E-4,-0.01038471,0.0,TREMOR,5fa135632fe9
1776793192629,1901417079701283,-2.2481554,1.1540052,-9.346964,6.1086525E-4,-0.0067195175,-0.0018325958,TREMOR,5fa135632fe9
1776793192637,1901417087693596,-2.255338,1.1587936,-9.349358,0.0,-0.004276057,-6.1086525E-4,TREMOR,5fa135632fe9
1776793192645,1901417095690139,-2.2720973,1.1540052,-9.356541,-6.1086525E-4,-0.0030543262,-0.0018325958,TREMOR,5fa135632fe9
1776793192653,1901417103685914,-2.2649148,1.1468226,-9.354146,-0.0018325958,-0.0012217305,-0.002443461,TREMOR,5fa135632fe9
1776793192661,1901417111680611,-2.2529438,1.1372458,-9.3421755,-0.0012217305,0.0,-0.0012217305,TREMOR,5fa135632fe9
1776793192669,1901417119709616,-2.2649148,1.1444284,-9.344569,-0.002443461,-0.0012217305,-6.1086525E-4,TREMOR,5fa135632fe9
1776793192677,1901417127702159,-2.2481554,1.1300632,-9.358934,0.0,0.002443461,0.0,TREMOR,5fa135632fe9
1776793192685,1901417135698472,-2.2361844,1.1204864,-9.368511,-0.0012217305,0.0018325958,0.0,TREMOR,5fa135632fe9
1776793192693,1901417143695170,-2.2242134,1.1133038,-9.370906,-6.1086525E-4,0.0018325958,0.0018325958,TREMOR,5fa135632fe9
1776793192701,1901417151691405,-2.1811178,1.1109096,-9.368511,-0.0012217305,0.002443461,0.0012217305,TREMOR,5fa135632fe9
1776793192709,1901417159686256,-2.15957,1.0989386,-9.354146,0.0,0.0036651916,0.002443461,TREMOR,5fa135632fe9
1776793192717,1901417167712031,-2.1547816,1.0869676,-9.370906,-0.0012217305,0.004886922,0.0036651916,TREMOR,5fa135632fe9
1776793192725,1901417175707113,-2.1523874,1.0893618,-9.354146,-6.1086525E-4,0.004886922,0.002443461,TREMOR,5fa135632fe9
1776793192733,1901417183703733,-2.1284454,1.079785,-9.3661175,-6.1086525E-4,0.0061086523,6.1086525E-4,TREMOR,5fa135632fe9
1776793192741,1901417191698584,-2.1212628,1.0941502,-9.3733,-0.002443461,0.004276057,6.1086525E-4,TREMOR,5fa135632fe9
1776793192749,1901417199693358,-2.1308396,1.1085154,-9.375694,-0.0012217305,0.004276057,0.0,TREMOR,5fa135632fe9
1776793192757,1901417207688748,-2.1260512,1.091756,-9.387665,-0.0012217305,0.0036651916,-0.0018325958,TREMOR,5fa135632fe9
1776793192765,1901417215685599,-2.1332338,1.1061212,-9.3661175,-0.0018325958,0.004276057,-6.1086525E-4,TREMOR,5fa135632fe9
1776793192773,1901417223682297,-2.135628,1.115698,-9.368511,-0.002443461,0.0036651916,-6.1086525E-4,TREMOR,5fa135632fe9
1776793192781,1901417231708071,-2.1547816,1.1061212,-9.361329,-0.002443461,0.0012217305,0.0,TREMOR,5fa135632fe9
1776793192789,1901417239701614,-2.1523874,1.115698,-9.361329,-0.0012217305,0.0012217305,-0.0012217305,TREMOR,5fa135632fe9
1776793192797,1901417247699466,-2.1499932,1.1180922,-9.3733,-6.1086525E-4,6.1086525E-4,0.0,TREMOR,5fa135632fe9
1776793192805,1901417255695163,-2.1547816,1.1228806,-9.370906,6.1086525E-4,-0.002443461,0.0018325958,TREMOR,5fa135632fe9
1776793192813,1901417263690014,-2.1667526,1.1109096,-9.361329,6.1086525E-4,-0.0030543262,6.1086525E-4,TREMOR,5fa135632fe9
1776793192821,1901417271686558,-2.1883004,1.1061212,-9.363723,0.0,-0.0030543262,0.0018325958,TREMOR,5fa135632fe9
1776793192829,1901417279680178,-2.1643584,1.1061212,-9.358934,0.0012217305,-0.0036651916,0.004276057,TREMOR,5fa135632fe9
1776793192837,1901417287707875,-2.15957,1.1085154,-9.354146,0.0018325958,-0.007941248,0.004276057,TREMOR,5fa135632fe9
1776793192845,1901417295702880,-2.1619642,1.0821792,-9.361329,0.002443461,-0.005497787,0.0036651916,TREMOR,5fa135632fe9
1776793192853,1901417303698270,-2.1763294,1.091756,-9.363723,0.002443461,-0.0061086523,0.004886922,TREMOR,5fa135632fe9
1776793192861,1901417311694967,-2.183512,1.1085154,-9.361329,0.002443461,-0.005497787,0.005497787,TREMOR,5fa135632fe9
1776793192869,1901417319689665,-2.1739352,1.0869676,-9.356541,0.004276057,-0.0067195175,0.005497787,TREMOR,5fa135632fe9
1776793192877,1901417327685670,-2.1643584,1.103727,-9.346964,0.004276057,-0.0061086523,0.007941248,TREMOR,5fa135632fe9
1776793192885,1901417335711598,-2.1691468,1.1085154,-9.349358,0.0036651916,-0.0061086523,0.004886922,TREMOR,5fa135632fe9
1776793192893,1901417343706910,-2.1643584,1.1180922,-9.354146,0.0012217305,-0.004886922,0.004886922,TREMOR,5fa135632fe9
1776793192901,1901417351703223,-2.1811178,1.1348516,-9.346964,0.0018325958,-0.004276057,0.0030543262,TREMOR,5fa135632fe9
1776793192909,1901417359698690,-2.1978772,1.1252748,-9.370906,0.0030543262,-0.0030543262,0.0061086523,TREMOR,5fa135632fe9
1776793192917,1901417367695310,-2.1787236,1.115698,-9.361329,0.0036651916,-0.002443461,0.0067195175,TREMOR,5fa135632fe9
1776793192925,1901417375691854,-2.2002714,1.1228806,-9.363723,0.0018325958,-0.0030543262,0.004886922,TREMOR,5fa135632fe9
1776793192933,1901417383685397,-2.207454,1.13964,-9.330204,0.0018325958,-0.0012217305,0.0018325958,TREMOR,5fa135632fe9
1776793192941,1901417391711940,-2.207454,1.1444284,-9.332599,0.0018325958,-0.002443461,0.002443461,TREMOR,5fa135632fe9
1776793192949,1901417399706099,-2.231396,1.1420342,-9.3421755,0.0012217305,-0.0012217305,0.002443461,TREMOR,5fa135632fe9
1776793192957,1901417407702951,-2.2337902,1.1444284,-9.346964,0.0012217305,0.0,0.002443461,TREMOR,5fa135632fe9
1776793192965,1901417415697802,-2.2577322,1.1420342,-9.334992,-6.1086525E-4,-0.0030543262,0.002443461,TREMOR,5fa135632fe9
1776793192973,1901417423695576,-2.2577322,1.1468226,-9.334992,-0.0012217305,0.0012217305,-6.1086525E-4,TREMOR,5fa135632fe9
1776793192981,1901417431689735,-2.2625206,1.1372458,-9.332599,-0.0030543262,6.1086525E-4,6.1086525E-4,TREMOR,5fa135632fe9
1776793192989,1901417439683586,-2.2529438,1.1563994,-9.325416,-0.0036651916,0.0018325958,-0.0012217305,TREMOR,5fa135632fe9
1776793192997,1901417447710976,-2.2649148,1.151611,-9.3421755,-0.002443461,0.0018325958,-0.0012217305,TREMOR,5fa135632fe9
1776793193005,1901417455706058,-2.2601264,1.1563994,-9.344569,-0.0030543262,0.004886922,-0.0036651916,TREMOR,5fa135632fe9
1776793193013,1901417463702447,-2.2625206,1.1540052,-9.354146,-0.004886922,0.007941248,-0.0036651916,TREMOR,5fa135632fe9
1776793193021,1901417471697452,-2.2649148,1.1563994,-9.351752,-0.0061086523,0.01160644,-0.0018325958,TREMOR,5fa135632fe9
1776793193029,1901417479692842,-2.2601264,1.1563994,-9.344569,-0.005497787,0.015271631,-0.0030543262,TREMOR,5fa135632fe9
1776793193037,1901417487688001,-2.243367,1.1444284,-9.349358,-0.0061086523,0.017715093,-0.004276057,TREMOR,5fa135632fe9
1776793193045,1901417495684929,-2.231396,1.1444284,-9.349358,-0.0061086523,0.019547688,-0.0036651916,TREMOR,5fa135632fe9
1776793193053,1901417503710703,-2.1978772,1.1252748,-9.351752,-0.0061086523,0.02321288,-0.004886922,TREMOR,5fa135632fe9
1776793193061,1901417511706400,-2.2002714,1.1300632,-9.363723,-0.0061086523,0.023823744,-0.0061086523,TREMOR,5fa135632fe9
1776793193069,1901417519702175,-2.1906946,1.1204864,-9.361329,-0.005497787,0.02687807,-0.004276057,TREMOR,5fa135632fe9
1776793193077,1901417527698103,-2.1380222,1.1109096,-9.368511,-0.004276057,0.027488936,-0.004886922,TREMOR,5fa135632fe9
1776793193085,1901417535692339,-2.1212628,1.103727,-9.358934,-0.0036651916,0.028710667,-0.0061086523,TREMOR,5fa135632fe9
1776793193093,1901417543687728,-2.0925324,1.1061212,-9.370906,-0.002443461,0.02565634,-0.004276057,TREMOR,5fa135632fe9
1776793193101,1901417551685579,-2.0805612,1.1013328,-9.356541,-0.0018325958,0.022602014,-0.005497787,TREMOR,5fa135632fe9
1776793193109,1901417559710123,-2.0733786,1.1013328,-9.375694,-0.0012217305,0.019547688,-0.0036651916,TREMOR,5fa135632fe9
1776793193117,1901417567707128,-2.0446482,1.1013328,-9.390059,0.0018325958,0.01282817,-0.0018325958,TREMOR,5fa135632fe9
1776793193125,1901417575700671,-2.0254946,1.1133038,-9.385271,0.002443461,0.0067195175,-6.1086525E-4,TREMOR,5fa135632fe9
1776793193133,1901417583699061,-2.0135236,1.103727,-9.382876,0.004886922,0.004276057,0.0,TREMOR,5fa135632fe9
1776793193141,1901417591693220,-2.0254946,1.103727,-9.385271,0.004276057,6.1086525E-4,0.0030543262,TREMOR,5fa135632fe9
1776793193149,1901417599690148,-2.006341,1.0749966,-9.368511,0.004886922,-0.0067195175,0.004276057,TREMOR,5fa135632fe9
1776793193157,1901417607684614,-2.0159178,1.079785,-9.390059,0.005497787,-0.010995574,0.004276057,TREMOR,5fa135632fe9
1776793193165,1901417615711773,-2.0470424,1.0654198,-9.380483,0.004276057,-0.014049901,0.005497787,TREMOR,5fa135632fe9
1776793193173,1901417623705932,-2.0685902,1.0606314,-9.370906,0.005497787,-0.017715093,0.007330383,TREMOR,5fa135632fe9
1776793193181,1901417631702553,-2.0709844,1.0582372,-9.361329,0.005497787,-0.015271631,0.005497787,TREMOR,5fa135632fe9
1776793193189,1901417639696711,-2.099715,1.0749966,-9.361329,0.004276057,-0.018936822,0.004276057,TREMOR,5fa135632fe9
1776793193197,1901417647693870,-2.1308396,1.0869676,-9.361329,0.004276057,-0.018936822,0.004886922,TREMOR,5fa135632fe9
1776793193205,1901417655690568,-2.1523874,1.0893618,-9.354146,0.0036651916,-0.020158553,0.0030543262,TREMOR,5fa135632fe9
1776793193213,1901417663684727,-2.1906946,1.091756,-9.3421755,0.004276057,-0.018936822,0.0030543262,TREMOR,5fa135632fe9
1776793193221,1901417671710578,-2.2290018,1.1133038,-9.3421755,0.002443461,-0.017715093,0.0030543262,TREMOR,5fa135632fe9
1776793193229,1901417679704737,-2.2457612,1.1252748,-9.3421755,0.0,-0.017715093,0.005497787,TREMOR,5fa135632fe9
1776793193237,1901417687701280,-2.2697031,1.1324574,-9.339781,0.0,-0.016493361,0.0036651916,TREMOR,5fa135632fe9
1776793193245,1901417695695824,-2.2768857,1.127669,-9.332599,6.1086525E-4,-0.017104227,0.0030543262,TREMOR,5fa135632fe9
1776793193253,1901417703691444,-2.2816741,1.1468226,-9.346964,0.0,-0.013439035,0.002443461,TREMOR,5fa135632fe9
1776793193261,1901417711687218,-2.2984335,1.1659763,-9.344569,-0.0018325958,-0.010995574,0.004276057,TREMOR,5fa135632fe9
1776793193269,1901417719684377,-2.2864625,1.1875241,-9.330204,0.0,-0.0067195175,0.004276057,TREMOR,5fa135632fe9
1776793193277,1901417727709921,-2.2864625,1.1899183,-9.32781,-0.0012217305,-0.0061086523,0.0030543262,TREMOR,5fa135632fe9
1776793193285,1901417735706310,-2.2816741,1.1827357,-9.344569,6.1086525E-4,-6.1086525E-4,0.0030543262,TREMOR,5fa135632fe9
1776793193293,1901417743699854,-2.2744915,1.1899183,-9.3182335,-6.1086525E-4,6.1086525E-4,0.0012217305,TREMOR,5fa135632fe9
1776793193301,1901417751696089,-2.2840683,1.1923125,-9.330204,-0.0012217305,0.005497787,6.1086525E-4,TREMOR,5fa135632fe9
1776793193309,1901417759692171,-2.2577322,1.1659763,-9.334992,6.1086525E-4,0.0061086523,-0.0030543262,TREMOR,5fa135632fe9
1776793193317,1901417767687792,-2.243367,1.1683705,-9.344569,-0.0018325958,0.009162978,-0.0036651916,TREMOR,5fa135632fe9
1776793193325,1901417775683566,-2.2385786,1.1731589,-9.349358,-0.0018325958,0.009162978,-0.0036651916,TREMOR,5fa135632fe9
1776793193333,1901417783708417,-2.2218192,1.1587936,-9.344569,0.0,0.013439035,-0.0012217305,TREMOR,5fa135632fe9
1776793193341,1901417791706268,-2.2098482,1.1420342,-9.332599,-0.0012217305,0.014660766,-0.004276057,TREMOR,5fa135632fe9
1776793193349,1901417799700196,-2.1930888,1.127669,-9.344569,-6.1086525E-4,0.014660766,-0.004886922,TREMOR,5fa135632fe9
1776793193357,1901417807696740,-2.1571758,1.1013328,-9.351752,0.0012217305,0.014660766,-0.007941248,TREMOR,5fa135632fe9
1776793193365,1901417815692207,-2.1523874,1.0893618,-9.3421755,6.1086525E-4,0.015882496,-0.0030543262,TREMOR,5fa135632fe9
1776793193373,1901417823688827,-2.1380222,1.0893618,-9.339781,0.0012217305,0.01282817,-0.0030543262,TREMOR,5fa135632fe9
1776793193381,1901417831682678,-2.1140802,1.0821792,-9.356541,0.0,0.01282817,-0.005497787,TREMOR,5fa135632fe9
1776793193389,1901417839709375,-2.0973208,1.0893618,-9.378088,-6.1086525E-4,0.010995574,-0.004886922,TREMOR,5fa135632fe9
1776793193397,1901417847705073,-2.087744,1.0869676,-9.349358,-6.1086525E-4,0.01038471,-0.0030543262,TREMOR,5fa135632fe9
1776793193405,1901417855702001,-2.0733786,1.0869676,-9.354146,-6.1086525E-4,0.009773844,0.0,TREMOR,5fa135632fe9
1776793193413,1901417863697390,-2.0733786,1.079785,-9.368511,-6.1086525E-4,0.007941248,0.0,TREMOR,5fa135632fe9
1776793193421,1901417871691934,-2.0709844,1.0941502,-9.382876,-0.0030543262,0.0067195175,6.1086525E-4,TREMOR,5fa135632fe9
1776793193429,1901417879688477,-2.0805612,1.0749966,-9.385271,-0.002443461,0.005497787,6.1086525E-4,TREMOR,5fa135632fe9
1776793193437,1901417887682021,-2.0901382,1.0630256,-9.3661175,-0.0012217305,0.002443461,0.0012217305,TREMOR,5fa135632fe9
1776793193445,1901417895709180,-2.078167,1.079785,-9.378088,0.0,0.0030543262,0.0012217305,TREMOR,5fa135632fe9
1776793193453,1901417903703954,-2.1021092,1.0749966,-9.370906,6.1086525E-4,6.1086525E-4,0.0018325958,TREMOR,5fa135632fe9
1776793193461,1901417911700498,-2.099715,1.0654198,-9.351752,-6.1086525E-4,-0.002443461,6.1086525E-4,TREMOR,5fa135632fe9
1776793193469,1901417919694964,-2.1260512,1.079785,-9.354146,6.1086525E-4,-0.004886922,-0.0012217305,TREMOR,5fa135632fe9
1776793193477,1901417927692200,-2.1284454,1.1109096,-9.349358,0.0,-0.007330383,0.0018325958,TREMOR,5fa135632fe9
1776793193485,1901417935688205,-2.1308396,1.1109096,-9.334992,-0.0012217305,-0.01038471,0.0012217305,TREMOR,5fa135632fe9
1776793193493,1901417943682979,-2.1308396,1.0989386,-9.346964,-0.0012217305,-0.010995574,0.0,TREMOR,5fa135632fe9
1776793193501,1901417951708600,-2.1739352,1.1420342,-9.346964,-0.0012217305,-0.010995574,-6.1086525E-4,TREMOR,5fa135632fe9
1776793193509,1901417959704220,-2.195483,1.127669,-9.351752,-0.0018325958,-0.01038471,0.002443461,TREMOR,5fa135632fe9
1776793193517,1901417967700840,-2.195483,1.13964,-9.351752,-0.0012217305,-0.01038471,6.1086525E-4,TREMOR,5fa135632fe9
1776793193525,1901417975695384,-2.2361844,1.1420342,-9.334992,-0.0018325958,-0.007941248,0.002443461,TREMOR,5fa135632fe9
1776793193533,1901417983691620,-2.2242134,1.1420342,-9.334992,-0.002443461,-0.0067195175,0.0036651916,TREMOR,5fa135632fe9
1776793193541,1901417991687394,-2.243367,1.1468226,-9.3421755,-6.1086525E-4,-0.009162978,0.0012217305,TREMOR,5fa135632fe9
1776793193549,1901417999712630,-2.2625206,1.1540052,-9.3421755,-0.002443461,-0.005497787,0.0,TREMOR,5fa135632fe9
1776793193557,1901418007708942,-2.255338,1.1755531,-9.356541,-0.0018325958,-0.0036651916,6.1086525E-4,TREMOR,5fa135632fe9
1776793193565,1901418015706178,-2.2505496,1.1779473,-9.346964,-0.0030543262,-0.0030543262,6.1086525E-4,TREMOR,5fa135632fe9
1776793193573,1901418023700337,-2.2601264,1.1444284,-9.339781,-0.0012217305,6.1086525E-4,0.0018325958,TREMOR,5fa135632fe9
1776793193581,1901418031696650,-2.2505496,1.1540052,-9.349358,-0.004276057,0.002443461,-0.002443461,TREMOR,5fa135632fe9
1776793193589,1901418039692270,-2.2625206,1.1420342,-9.358934,-0.002443461,0.004886922,-6.1086525E-4,TREMOR,5fa135632fe9
1776793193597,1901418047687352,-2.2457612,1.1444284,-9.356541,-0.002443461,0.007330383,-6.1086525E-4,TREMOR,5fa135632fe9
1776793193605,1901418055681280,-2.2218192,1.1540052,-9.344569,-6.1086525E-4,0.0067195175,-0.0018325958,TREMOR,5fa135632fe9
1776793193613,1901418063708285,-2.2122424,1.1324574,-9.358934,-6.1086525E-4,0.007941248,-6.1086525E-4,TREMOR,5fa135632fe9
1776793193621,1901418071704598,-2.1978772,1.1300632,-9.3421755,0.0,0.007941248,-6.1086525E-4,TREMOR,5fa135632fe9
1776793193629,1901418079700372,-2.1667526,1.1133038,-9.351752,0.0,0.009162978,-0.0018325958,TREMOR,5fa135632fe9
1776793193637,1901418087695993,-2.1523874,1.1061212,-9.349358,0.0018325958,0.01160644,-6.1086525E-4,TREMOR,5fa135632fe9
1776793193645,1901418095692382,-2.135628,1.1013328,-9.344569,0.0012217305,0.01160644,0.0012217305,TREMOR,5fa135632fe9
1776793193653,1901418103686849,-2.1188686,1.1085154,-9.351752,0.0012217305,0.009773844,-0.0012217305,TREMOR,5fa135632fe9
1776793193661,1901418111682546,-2.1068976,1.1085154,-9.358934,-6.1086525E-4,0.009162978,-6.1086525E-4,TREMOR,5fa135632fe9
1776793193669,1901418119708705,-2.1021092,1.091756,-9.3421755,0.0,0.009162978,-0.0030543262,TREMOR,5fa135632fe9
1776793193677,1901418127704095,-2.1140802,1.103727,-9.334992,-6.1086525E-4,0.007941248,-0.002443461,TREMOR,5fa135632fe9
1776793193685,1901418135701253,-2.1140802,1.1109096,-9.344569,-0.0018325958,0.007941248,-0.0030543262,TREMOR,5fa135632fe9
1776793193693,1901418143696335,-2.087744,1.1013328,-9.351752,-0.0030543262,0.0067195175,-0.002443461,TREMOR,5fa135632fe9
1776793193701,1901418151691417,-2.111686,1.127669,-9.3661175,-0.0012217305,0.004886922,-0.002443461,TREMOR,5fa135632fe9
1776793193709,1901418159684422,-2.1284454,1.115698,-9.363723,-0.0012217305,0.004276057,-0.0018325958,TREMOR,5fa135632fe9
1776793193717,1901418167712735,-2.1068976,1.1204864,-9.387665,-0.0018325958,0.0018325958,-0.0036651916,TREMOR,5fa135632fe9
1776793193725,1901418175707125,-2.1404164,1.1061212,-9.3661175,0.0012217305,6.1086525E-4,-0.0012217305,TREMOR,5fa135632fe9
1776793193733,1901418183704130,-2.1188686,1.0869676,-9.354146,0.0012217305,6.1086525E-4,0.0018325958,TREMOR,5fa135632fe9
1776793193741,1901418191700058,-2.1404164,1.1109096,-9.351752,0.0018325958,-0.002443461,-6.1086525E-4,TREMOR,5fa135632fe9
1776793193749,1901418199695524,-2.1308396,1.1085154,-9.354146,0.002443461,-0.004276057,0.002443461,TREMOR,5fa135632fe9
1776793193757,1901418207691529,-2.1284454,1.1133038,-9.334992,0.0030543262,-0.007941248,0.004276057,TREMOR,5fa135632fe9
1776793193765,1901418215688381,-2.147599,1.115698,-9.3421755,0.002443461,-0.009773844,0.004276057,TREMOR,5fa135632fe9
1776793193773,1901418223711770,-2.147599,1.103727,-9.351752,6.1086525E-4,-0.012217305,0.004886922,TREMOR,5fa135632fe9
1776793193781,1901418231709621,-2.1619642,1.1061212,-9.334992,6.1086525E-4,-0.01160644,0.0061086523,TREMOR,5fa135632fe9
1776793193789,1901418239704088,-2.1643584,1.103727,-9.354146,0.0,-0.01282817,0.004886922,TREMOR,5fa135632fe9
1776793193797,1901418247700785,-2.1763294,1.0989386,-9.351752,-6.1086525E-4,-0.012217305,0.007330383,TREMOR,5fa135632fe9
1776793193805,1901418255694559,-2.1763294,1.1252748,-9.339781,-0.0018325958,-0.01038471,0.0067195175,TREMOR,5fa135632fe9
1776793193813,1901418263690334,-2.1883004,1.1372458,-9.358934,-0.0012217305,-0.008552114,0.004886922,TREMOR,5fa135632fe9
1776793193821,1901418271686339,-2.2026656,1.1252748,-9.344569,-0.0018325958,-0.0061086523,0.004276057,TREMOR,5fa135632fe9
1776793193829,1901418279710575,-2.2170308,1.1492168,-9.337387,-0.0012217305,-0.007941248,0.0030543262,TREMOR,5fa135632fe9
1776793193837,1901418287708810,-2.2290018,1.13964,-9.351752,-0.0018325958,-0.004276057,0.002443461,TREMOR,5fa135632fe9
1776793193845,1901418295704123,-2.2170308,1.1420342,-9.346964,-0.0030543262,-0.0030543262,0.0012217305,TREMOR,5fa135632fe9
1776793193853,1901418303697743,-2.2242134,1.1348516,-9.349358,-0.0030543262,0.0018325958,0.0,TREMOR,5fa135632fe9
1776793193861,1901418311693979,-2.255338,1.163582,-9.330204,-0.0018325958,0.002443461,6.1086525E-4,TREMOR,5fa135632fe9
1776793193869,1901418319690600,-2.2385786,1.1707647,-9.332599,-0.0018325958,0.0030543262,-0.0018325958,TREMOR,5fa135632fe9
1776793193877,1901418327686605,-2.2290018,1.163582,-9.339781,-0.0018325958,0.0036651916,-0.0012217305,TREMOR,5fa135632fe9
1776793193885,1901418335712840,-2.2218192,1.1755531,-9.337387,0.0,0.004276057,-0.0018325958,TREMOR,5fa135632fe9
1776793193893,1901418343706999,-2.219425,1.163582,-9.330204,6.1086525E-4,0.004886922,-6.1086525E-4,TREMOR,5fa135632fe9
1776793193901,1901418351703927,-2.2002714,1.163582,-9.320627,6.1086525E-4,0.0061086523,-6.1086525E-4,TREMOR,5fa135632fe9
1776793193909,1901418359701394,-2.1859062,1.1540052,-9.325416,6.1086525E-4,0.004276057,-0.0012217305,TREMOR,5fa135632fe9
1776793193917,1901418367693168,-2.1787236,1.1492168,-9.334992,0.002443461,0.0030543262,-0.004276057,TREMOR,5fa135632fe9
1776793193925,1901418375689712,-2.1811178,1.1372458,-9.3421755,0.0018325958,0.004276057,-6.1086525E-4,TREMOR,5fa135632fe9
1776793193933,1901418383684563,-2.1667526,1.1252748,-9.344569,-0.0012217305,0.004276057,6.1086525E-4,TREMOR,5fa135632fe9
1776793193941,1901418391681491,-2.1523874,1.1204864,-9.358934,0.0,0.0061086523,6.1086525E-4,TREMOR,5fa135632fe9
1776793193949,1901418399708265,-2.1499932,1.1061212,-9.358934,-0.0012217305,0.007330383,0.0,TREMOR,5fa135632fe9
1776793193957,1901418407702039,-2.1380222,1.0941502,-9.356541,-0.0018325958,0.007330383,-0.0012217305,TREMOR,5fa135632fe9
1776793193965,1901418415699352,-2.1428106,1.0989386,-9.3661175,-0.0012217305,0.007941248,-6.1086525E-4,TREMOR,5fa135632fe9
1776793193973,1901418423695280,-2.1308396,1.079785,-9.361329,-0.0018325958,0.009162978,-0.0012217305,TREMOR,5fa135632fe9
1776793193981,1901418431690670,-2.1308396,1.0869676,-9.356541,-0.0018325958,0.0067195175,0.0,TREMOR,5fa135632fe9
1776793193989,1901418439684906,-2.1092918,1.0821792,-9.356541,-6.1086525E-4,0.008552114,-0.0012217305,TREMOR,5fa135632fe9
1776793193997,1901418447680911,-2.1260512,1.0845734,-9.346964,-0.0012217305,0.004886922,-0.002443461,TREMOR,5fa135632fe9
1776793194005,1901418455707377,-2.0973208,1.0893618,-9.349358,-0.0018325958,0.0030543262,-6.1086525E-4,TREMOR,5fa135632fe9
1776793194013,1901418463703075,-2.1092918,1.0941502,-9.32781,0.0,0.0018325958,0.0012217305,TREMOR,5fa135632fe9
1776793194021,1901418471697541,-2.1212628,1.1013328,-9.358934,6.1086525E-4,-0.0012217305,0.0018325958,TREMOR,5fa135632fe9
1776793194029,1901418479694392,-2.1188686,1.1061212,-9.332599,-6.1086525E-4,-0.002443461,0.002443461,TREMOR,5fa135632fe9
1776793194037,1901418487689782,-2.123657,1.103727,-9.351752,0.0012217305,-0.0036651916,0.0036651916,TREMOR,5fa135632fe9
1776793194045,1901418495687018,-2.1404164,1.115698,-9.337387,6.1086525E-4,-0.005497787,0.002443461,TREMOR,5fa135632fe9
1776793194053,1901418503681561,-2.1428106,1.1300632,-9.351752,0.0,-0.0061086523,0.0036651916,TREMOR,5fa135632fe9
1776793194061,1901418511706182,-2.1667526,1.1420342,-9.344569,0.0,-0.004886922,0.0030543262,TREMOR,5fa135632fe9
1776793194069,1901418519703033,-2.1859062,1.13964,-9.358934,0.0012217305,-0.004276057,0.0018325958,TREMOR,5fa135632fe9
1776793194077,1901418527698730,-2.1930888,1.1468226,-9.337387,0.0,-0.0030543262,0.0012217305,TREMOR,5fa135632fe9
1776793194085,1901418535694427,-2.1883004,1.1444284,-9.346964,-0.0012217305,-0.002443461,-6.1086525E-4,TREMOR,5fa135632fe9
1776793194093,1901418543690432,-2.207454,1.1563994,-9.358934,0.0,6.1086525E-4,-0.0030543262,TREMOR,5fa135632fe9
1776793194101,1901418551684053,-2.2050598,1.1540052,-9.3421755,-0.0018325958,0.0012217305,-0.0036651916,TREMOR,5fa135632fe9
1776793194109,1901418559709519,-2.231396,1.1611878,-9.361329,-0.0018325958,0.0030543262,-0.0030543262,TREMOR,5fa135632fe9
1776793194117,1901418567706217,-2.2218192,1.151611,-9.339781,-0.0018325958,0.004276057,-0.004276057,TREMOR,5fa135632fe9
1776793194125,1901418575703453,-2.207454,1.1492168,-9.344569,-6.1086525E-4,0.002443461,-0.004276057,TREMOR,5fa135632fe9
1776793194133,1901418583697919,-2.207454,1.1372458,-9.361329,-0.0030543262,6.1086525E-4,-0.0012217305,TREMOR,5fa135632fe9
1776793194141,1901418591694770,-2.2026656,1.1348516,-9.3421755,-6.1086525E-4,6.1086525E-4,-0.0018325958,TREMOR,5fa135632fe9
1776793194149,1901418599689314,-2.1883004,1.115698,-9.3661175,6.1086525E-4,-0.002443461,0.002443461,TREMOR,5fa135632fe9
1776793194157,1901418607686780,-2.1691468,1.1204864,-9.358934,0.0,-0.0030543262,0.0036651916,TREMOR,5fa135632fe9
1776793194165,1901418615710862,-2.1499932,1.115698,-9.351752,6.1086525E-4,-0.005497787,0.0061086523,TREMOR,5fa135632fe9
1776793194173,1901418623705637,-2.135628,1.103727,-9.349358,0.002443461,-0.005497787,0.007330383,TREMOR,5fa135632fe9
1776793194181,1901418631701334,-2.1332338,1.103727,-9.3421755,0.0018325958,-0.004886922,0.009162978,TREMOR,5fa135632fe9
1776793194189,1901418639697954,-2.1164744,1.0893618,-9.334992,0.0030543262,-0.004276057,0.009162978,TREMOR,5fa135632fe9
1776793194197,1901418647693652,-2.123657,1.0941502,-9.3421755,0.002443461,-0.0036651916,0.0061086523,TREMOR,5fa135632fe9
1776793194205,1901418655689272,-2.0829554,1.0869676,-9.349358,6.1086525E-4,-0.0012217305,0.007941248,TREMOR,5fa135632fe9
1776793194213,1901418663684123,-2.1068976,1.0869676,-9.349358,0.0012217305,0.0,0.007330383,TREMOR,5fa135632fe9
1776793194221,1901418671709974,-2.123657,1.091756,-9.368511,-6.1086525E-4,0.002443461,0.0018325958,TREMOR,5fa135632fe9
1776793194229,1901418679707133,-2.1428106,1.1085154,-9.3421755,-6.1086525E-4,0.004276057,0.0030543262,TREMOR,5fa135632fe9
1776793194237,1901418687700138,-2.1452048,1.127669,-9.339781,-0.0018325958,0.0036651916,0.0018325958,TREMOR,5fa135632fe9
1776793194245,1901418695698528,-2.1523874,1.1420342,-9.358934,-0.0030543262,0.002443461,0.0,TREMOR,5fa135632fe9
1776793194253,1901418703693994,-2.171541,1.1300632,-9.356541,-0.0036651916,0.002443461,-0.0012217305,TREMOR,5fa135632fe9
1776793194261,1901418711688692,-2.1763294,1.1587936,-9.363723,-0.0030543262,0.0018325958,-0.0012217305,TREMOR,5fa135632fe9
1776793194269,1901418719682928,-2.2002714,1.1420342,-9.351752,-0.002443461,-0.0012217305,-0.002443461,TREMOR,5fa135632fe9
1776793194277,1901418727709702,-2.2002714,1.151611,-9.346964,-0.0018325958,-0.0012217305,-0.0018325958,TREMOR,5fa135632fe9
1776793194285,1901418735705938,-2.2098482,1.1468226,-9.332599,-6.1086525E-4,-0.004276057,-0.0012217305,TREMOR,5fa135632fe9
1776793194293,1901418743701327,-2.207454,1.1444284,-9.337387,6.1086525E-4,-0.0061086523,-6.1086525E-4,TREMOR,5fa135632fe9
1776793194301,1901418751697948,-2.2242134,1.1492168,-9.334992,0.0,-0.004276057,0.0,TREMOR,5fa135632fe9
1776793194309,1901418759691491,-2.207454,1.1348516,-9.346964,0.0012217305,-0.005497787,-0.0012217305,TREMOR,5fa135632fe9
1776793194317,1901418767689958,-2.2218192,1.1372458,-9.351752,0.0,-0.004276057,-0.0012217305,TREMOR,5fa135632fe9
1776793194325,1901418775684193,-2.1978772,1.1300632,-9.349358,0.0,-6.1086525E-4,-0.0030543262,TREMOR,5fa135632fe9
1776793194333,1901418783710275,-2.2002714,1.1252748,-9.351752,-6.1086525E-4,0.0018325958,-0.0012217305,TREMOR,5fa135632fe9
1776793194341,1901418791705357,-2.1883004,1.1085154,-9.344569,-0.0018325958,0.0036651916,-0.0012217305,TREMOR,5fa135632fe9
1776793194349,1901418799702285,-2.1787236,1.1109096,-9.344569,-6.1086525E-4,0.005497787,-0.0018325958,TREMOR,5fa135632fe9
1776793194357,1901418807698290,-2.1667526,1.1228806,-9.354146,0.0,0.008552114,0.0,TREMOR,5fa135632fe9
1776793194365,1901418815694065,-2.1523874,1.115698,-9.363723,-0.0012217305,0.009773844,0.0,TREMOR,5fa135632fe9
1776793194373,1901418823687300,-2.1499932,1.0965444,-9.358934,-0.002443461,0.007330383,0.0,TREMOR,5fa135632fe9
1776793194381,1901418831684767,-2.1619642,1.1133038,-9.346964,-0.002443461,0.004886922,-6.1086525E-4,TREMOR,5fa135632fe9
1776793194389,1901418839708849,-2.1547816,1.127669,-9.358934,-0.0018325958,0.005497787,6.1086525E-4,TREMOR,5fa135632fe9
1776793194397,1901418847706008,-2.1523874,1.0989386,-9.361329,-6.1086525E-4,0.002443461,0.0,TREMOR,5fa135632fe9
1776793194405,1901418855701397,-2.1452048,1.1228806,-9.349358,0.0,6.1086525E-4,0.0030543262,TREMOR,5fa135632fe9
1776793194413,1901418863697710,-2.1332338,1.127669,-9.361329,0.0,0.0018325958,0.0012217305,TREMOR,5fa135632fe9
1776793194421,1901418871692561,-2.1380222,1.1324574,-9.351752,-6.1086525E-4,-6.1086525E-4,0.002443461,TREMOR,5fa135632fe9
1776793194429,1901418879688259,-2.123657,1.1324574,-9.349358,-0.0018325958,-6.1086525E-4,0.002443461,TREMOR,5fa135632fe9
1776793194437,1901418887685802,-2.1284454,1.1444284,-9.339781,-0.0012217305,-6.1086525E-4,6.1086525E-4,TREMOR,5fa135632fe9
1776793194445,1901418895710038,-2.1452048,1.151611,-9.332599,-0.0012217305,0.002443461,0.0018325958,TREMOR,5fa135632fe9
1776793194453,1901418903705197,-2.1452048,1.1300632,-9.334992,-0.0012217305,0.002443461,0.0,TREMOR,5fa135632fe9
1776793194461,1901418911701740,-2.135628,1.1204864,-9.346964,-0.0012217305,0.002443461,-6.1086525E-4,TREMOR,5fa135632fe9
1776793194469,1901418919695976,-2.1380222,1.1348516,-9.330204,-6.1086525E-4,0.004276057,-0.0030543262,TREMOR,5fa135632fe9
1776793194477,1901418927693212,-2.1499932,1.1252748,-9.337387,-6.1086525E-4,0.0036651916,-0.004276057,TREMOR,5fa135632fe9
1776793194485,1901418935687678,-2.1667526,1.1348516,-9.330204,-6.1086525E-4,0.0036651916,-0.0030543262,TREMOR,5fa135632fe9
1776793194493,1901418943683607,-2.1787236,1.1324574,-9.339781,-0.0012217305,0.0036651916,-0.0018325958,TREMOR,5fa135632fe9
1776793194501,1901418951708842,-2.1739352,1.1420342,-9.363723,0.0,0.0036651916,-0.0030543262,TREMOR,5fa135632fe9
1776793194509,1901418959704847,-2.1739352,1.1348516,-9.356541,-6.1086525E-4,0.0018325958,-0.0012217305,TREMOR,5fa135632fe9
1776793194517,1901418967701237,-2.1811178,1.1324574,-9.344569,0.0,0.0018325958,-0.0012217305,TREMOR,5fa135632fe9
1776793194525,1901418975697857,-2.183512,1.1300632,-9.363723,0.0,0.002443461,-0.002443461,TREMOR,5fa135632fe9
1776793194533,1901418983692862,-2.1643584,1.1228806,-9.3421755,0.0012217305,0.0018325958,-0.0018325958,TREMOR,5fa135632fe9
1776793194541,1901418991686406,-2.1643584,1.1204864,-9.358934,0.0012217305,0.0012217305,-6.1086525E-4,TREMOR,5fa135632fe9
1776793194549,1901418999714103,-2.171541,1.1085154,-9.358934,0.0012217305,6.1086525E-4,-0.0018325958,TREMOR,5fa135632fe9
1776793194557,1901419007710724,-2.1739352,1.1085154,-9.349358,0.0012217305,6.1086525E-4,-0.0012217305,TREMOR,5fa135632fe9
1776793194565,1901419015705882,-2.1380222,1.1252748,-9.3421755,0.0012217305,0.0,6.1086525E-4,TREMOR,5fa135632fe9
1776793194573,1901419023701503,-2.1523874,1.1133038,-9.354146,6.1086525E-4,0.0,0.0012217305,TREMOR,5fa135632fe9
1776793194581,1901419031696585,-2.1140802,1.1061212,-9.351752,0.0012217305,-0.0012217305,0.0012217305,TREMOR,5fa135632fe9
1776793194589,1901419039692898,-2.1212628,1.1061212,-9.363723,0.0012217305,-0.0012217305,-6.1086525E-4,TREMOR,5fa135632fe9
1776793194597,1901419047688364,-2.1188686,1.1348516,-9.356541,0.0018325958,-0.002443461,-0.0012217305,TREMOR,5fa135632fe9
1776793194605,1901419055684369,-2.1212628,1.1252748,-9.363723,6.1086525E-4,-0.002443461,0.002443461,TREMOR,5fa135632fe9
1776793194613,1901419063709297,-2.1404164,1.1204864,-9.3421755,-6.1086525E-4,-0.002443461,0.0018325958,TREMOR,5fa135632fe9
1776793194621,1901419071705841,-2.1499932,1.1228806,-9.363723,6.1086525E-4,-0.0030543262,0.0012217305,TREMOR,5fa135632fe9
1776793194629,1901419079700692,-2.1452048,1.1300632,-9.344569,-6.1086525E-4,-0.005497787,0.0,TREMOR,5fa135632fe9
1776793194637,1901419087696005,-2.1428106,1.1300632,-9.351752,-6.1086525E-4,-0.0067195175,0.002443461,TREMOR,5fa135632fe9
1776793194645,1901419095693548,-2.1499932,1.1300632,-9.363723,-6.1086525E-4,-0.0061086523,0.0036651916,TREMOR,5fa135632fe9
1776793194653,1901419103688630,-2.1571758,1.1420342,-9.356541,0.0,-0.005497787,0.004276057,TREMOR,5fa135632fe9
1776793194661,1901419111713327,-2.1739352,1.1372458,-9.358934,-0.0012217305,-0.004276057,0.0030543262,TREMOR,5fa135632fe9
1776793194669,1901419119709948,-2.1787236,1.1300632,-9.363723,6.1086525E-4,-0.0036651916,0.0036651916,TREMOR,5fa135632fe9
1776793194677,1901419127704107,-2.1643584,1.1252748,-9.356541,6.1086525E-4,-0.0018325958,0.005497787,TREMOR,5fa135632fe9
1776793194685,1901419135700035,-2.183512,1.1228806,-9.356541,0.0030543262,-0.0036651916,0.004276057,TREMOR,5fa135632fe9
1776793194693,1901419143696347,-2.1859062,1.115698,-9.3661175,0.0018325958,-0.004276057,0.0030543262,TREMOR,5fa135632fe9
1776793194701,1901419151693275,-2.1906946,1.1252748,-9.356541,0.0018325958,-0.004886922,0.0030543262,TREMOR,5fa135632fe9
1776793194709,1901419159689050,-2.1859062,1.115698,-9.3733,0.0012217305,-0.0036651916,0.0036651916,TREMOR,5fa135632fe9
1776793194717,1901419167712362,-2.195483,1.1300632,-9.358934,0.0018325958,-0.0036651916,0.0030543262,TREMOR,5fa135632fe9
1776793194725,1901419175709598,-2.1883004,1.1228806,-9.358934,0.002443461,-0.004886922,0.002443461,TREMOR,5fa135632fe9
1776793194733,1901419183704680,-2.1739352,1.1133038,-9.358934,0.002443461,-0.004276057,0.0012217305,TREMOR,5fa135632fe9
1776793194741,1901419191701070,-2.1930888,1.103727,-9.368511,0.0018325958,-0.0036651916,0.0018325958,TREMOR,5fa135632fe9
1776793194749,1901419199696075,-2.195483,1.127669,-9.3661175,-0.0012217305,-0.002443461,0.0012217305,TREMOR,5fa135632fe9
1776793194757,1901419207692080,-2.2002714,1.1180922,-9.349358,0.0,-0.0012217305,-6.1086525E-4,TREMOR,5fa135632fe9
1776793194765,1901419215687239,-2.2026656,1.1133038,-9.344569,-6.1086525E-4,6.1086525E-4,-0.0030543262,TREMOR,5fa135632fe9
1776793194773,1901419223713013,-2.1906946,1.1180922,-9.3661175,-0.0012217305,0.0012217305,-0.0018325958,TREMOR,5fa135632fe9
1776793194781,1901419231708710,-2.2050598,1.1468226,-9.351752,-6.1086525E-4,0.0030543262,-0.0018325958,TREMOR,5fa135632fe9
1776793194789,1901419239702869,-2.1978772,1.1468226,-9.3421755,-0.0018325958,0.0030543262,-0.002443461,TREMOR,5fa135632fe9
1776793194797,1901419247700182,-2.1763294,1.13964,-9.363723,-0.0018325958,0.005497787,-0.002443461,TREMOR,5fa135632fe9
1776793194805,1901419255695879,-2.1763294,1.13964,-9.349358,-0.002443461,0.0061086523,-0.0030543262,TREMOR,5fa135632fe9
1776793194813,1901419263691192,-2.1906946,1.1563994,-9.354146,-0.002443461,0.004276057,-0.0030543262,TREMOR,5fa135632fe9
1776793194821,1901419271685735,-2.2026656,1.151611,-9.358934,-0.002443461,0.0061086523,-0.0030543262,TREMOR,5fa135632fe9
1776793194829,1901419279711587,-2.1978772,1.1587936,-9.354146,-0.0036651916,0.0067195175,-0.0036651916,TREMOR,5fa135632fe9
1776793194837,1901419287708515,-2.195483,1.151611,-9.361329,-0.0018325958,0.0061086523,-6.1086525E-4,TREMOR,5fa135632fe9
1776793194845,1901419295704750,-2.1739352,1.1611878,-9.363723,-0.0018325958,0.004886922,-6.1086525E-4,TREMOR,5fa135632fe9
1776793194853,1901419303700755,-2.15957,1.1372458,-9.3661175,-6.1086525E-4,0.005497787,6.1086525E-4,TREMOR,5fa135632fe9
1776793194861,1901419311695607,-2.1499932,1.1324574,-9.3661175,-6.1086525E-4,0.004886922,0.0012217305,TREMOR,5fa135632fe9
1776793194869,1901419319689150,-2.147599,1.1109096,-9.3733,0.0,0.004276057,0.0012217305,TREMOR,5fa135632fe9
1776793194877,1901419327687001,-2.1404164,1.0965444,-9.375694,-6.1086525E-4,0.004886922,6.1086525E-4,TREMOR,5fa135632fe9
1776793194885,1901419335712237,-2.1332338,1.0965444,-9.368511,6.1086525E-4,0.005497787,6.1086525E-4,TREMOR,5fa135632fe9
1776793194893,1901419343708781,-2.123657,1.091756,-9.380483,0.0,0.005497787,6.1086525E-4,TREMOR,5fa135632fe9
1776793194901,1901419351703632,-2.1284454,1.0702082,-9.390059,-0.0018325958,0.0030543262,-6.1086525E-4,TREMOR,5fa135632fe9
1776793194909,1901419359698637,-2.1523874,1.0893618,-9.3661175,-0.002443461,0.002443461,0.0012217305,TREMOR,5fa135632fe9
1776793194917,1901419367694949,-2.1404164,1.0893618,-9.378088,-0.002443461,0.0036651916,-0.002443461,TREMOR,5fa135632fe9
1776793194925,1901419375689185,-2.1284454,1.091756,-9.370906,-0.0018325958,0.0036651916,0.0,TREMOR,5fa135632fe9
1776793194933,1901419383686344,-2.147599,1.1133038,-9.3661175,-0.0012217305,0.0018325958,0.0,TREMOR,5fa135632fe9
1776793194941,1901419391714734,-2.1308396,1.1109096,-9.368511,-0.002443461,0.0030543262,-0.0012217305,TREMOR,5fa135632fe9
1776793194949,1901419399707046,-2.1643584,1.1372458,-9.354146,-0.0012217305,0.002443461,-0.0018325958,TREMOR,5fa135632fe9
1776793194957,1901419407703282,-2.1547816,1.1372458,-9.370906,-6.1086525E-4,0.0030543262,-6.1086525E-4,TREMOR,5fa135632fe9
1776793194965,1901419415700287,-2.1643584,1.1372458,-9.351752,0.0,0.0018325958,-0.0018325958,TREMOR,5fa135632fe9
1776793194973,1901419423694677,-2.1739352,1.1540052,-9.351752,0.0012217305,0.0,6.1086525E-4,TREMOR,5fa135632fe9
1776793194981,1901419431690451,-2.1499932,1.1587936,-9.358934,0.0012217305,-0.0012217305,-0.0012217305,TREMOR,5fa135632fe9
1776793194989,1901419439685764,-2.1619642,1.1540052,-9.346964,0.0012217305,-0.0012217305,-6.1086525E-4,TREMOR,5fa135632fe9
1776793194997,1901419447712615,-2.1643584,1.1611878,-9.358934,0.0012217305,-0.0030543262,-0.0018325958,TREMOR,5fa135632fe9
1776793195005,1901419455707697,-2.1499932,1.1587936,-9.332599,0.0030543262,-0.002443461,-6.1086525E-4,TREMOR,5fa135632fe9
1776793195013,1901419463703010,-2.1667526,1.1611878,-9.344569,0.0018325958,-0.0030543262,-0.0012217305,TREMOR,5fa135632fe9
1776793195021,1901419471699938,-2.1643584,1.1468226,-9.349358,6.1086525E-4,-0.004276057,0.0,TREMOR,5fa135632fe9
1776793195029,1901419479693558,-2.1499932,1.1563994,-9.363723,0.0012217305,-0.004886922,0.0018325958,TREMOR,5fa135632fe9
1776793195037,1901419487689255,-2.1859062,1.1444284,-9.370906,0.0,-0.002443461,0.0,TREMOR,5fa135632fe9
1776793195045,1901419495686107,-2.15957,1.1468226,-9.361329,-6.1086525E-4,-0.0030543262,-0.0012217305,TREMOR,5fa135632fe9
1776793195053,1901419503711958,-2.1643584,1.115698,-9.356541,-6.1086525E-4,-0.0036651916,6.1086525E-4,TREMOR,5fa135632fe9
1776793195061,1901419511706424,-2.1547816,1.1133038,-9.356541,0.0012217305,-0.0018325958,0.0,TREMOR,5fa135632fe9
1776793195069,1901419519703045,-2.1547816,1.1013328,-9.363723,0.0,-0.0018325958,-6.1086525E-4,TREMOR,5fa135632fe9
1776793195077,1901419527697819,-2.1619642,1.0893618,-9.368511,0.0,-0.0018325958,0.0012217305,TREMOR,5fa135632fe9
1776793195085,1901419535695747,-2.1428106,1.0893618,-9.375694,0.0018325958,-0.004276057,0.0012217305,TREMOR,5fa135632fe9
1776793195093,1901419543691060,-2.1428106,1.0989386,-9.368511,-6.1086525E-4,-0.004276057,0.0030543262,TREMOR,5fa135632fe9
1776793195101,1901419551684373,-2.135628,1.0989386,-9.370906,0.0012217305,-0.004276057,0.004886922,TREMOR,5fa135632fe9
1776793195109,1901419559713839,-2.1380222,1.0989386,-9.3733,0.0012217305,-0.004276057,0.004886922,TREMOR,5fa135632fe9
1776793195117,1901419567708075,-2.135628,1.1061212,-9.380483,6.1086525E-4,-0.005497787,0.004886922,TREMOR,5fa135632fe9
1776793195125,1901419575704080,-2.1404164,1.1013328,-9.380483,0.0012217305,-0.0061086523,0.007330383,TREMOR,5fa135632fe9
1776793195133,1901419583700931,-2.123657,1.1109096,-9.361329,0.0030543262,-0.007941248,0.007941248,TREMOR,5fa135632fe9
1776793195141,1901419591694167,-2.1428106,1.0989386,-9.375694,0.004886922,-0.007330383,0.007330383,TREMOR,5fa135632fe9
1776793195149,1901419599690787,-2.123657,1.1133038,-9.356541,0.0061086523,-0.008552114,0.0067195175,TREMOR,5fa135632fe9
1776793195157,1901419607684408,-2.1428106,1.103727,-9.354146,0.005497787,-0.010995574,0.0067195175,TREMOR,5fa135632fe9
1776793195165,1901419615711413,-2.1452048,1.1109096,-9.339781,0.004886922,-0.010995574,0.005497787,TREMOR,5fa135632fe9
1776793195173,1901419623707725,-2.1619642,1.1252748,-9.337387,0.004276057,-0.012217305,0.004276057,TREMOR,5fa135632fe9
1776793195181,1901419631704423,-2.1499932,1.13964,-9.351752,0.0036651916,-0.01282817,0.0030543262,TREMOR,5fa135632fe9
1776793195189,1901419639699197,-2.1978772,1.1492168,-9.356541,0.002443461,-0.01282817,0.004886922,TREMOR,5fa135632fe9
1776793195197,1901419647692048,-2.2122424,1.151611,-9.3421755,0.0,-0.01160644,0.0018325958,TREMOR,5fa135632fe9
1776793195205,1901419655690207,-2.2409728,1.1659763,-9.337387,6.1086525E-4,-0.01160644,0.0,TREMOR,5fa135632fe9
1776793195213,1901419663685289,-2.2361844,1.1875241,-9.332599,-6.1086525E-4,-0.008552114,-0.0036651916,TREMOR,5fa135632fe9
1776793195221,1901419671711832,-2.2744915,1.163582,-9.337387,-0.0030543262,-0.0061086523,-0.0036651916,TREMOR,5fa135632fe9
1776793195229,1901419679705991,-2.2864625,1.1611878,-9.32781,-0.0030543262,-0.0018325958,-0.004276057,TREMOR,5fa135632fe9
1776793195237,1901419687702304,-2.2888567,1.1707647,-9.320627,-0.0030543262,0.0018325958,-0.0061086523,TREMOR,5fa135632fe9
1776793195245,1901419695698001,-2.3127987,1.1875241,-9.334992,-0.0030543262,0.005497787,-0.005497787,TREMOR,5fa135632fe9
1776793195253,1901419703693929,-2.3080103,1.1540052,-9.344569,-0.0018325958,0.009162978,-0.007330383,TREMOR,5fa135632fe9
1776793195261,1901419711689319,-2.3199813,1.1587936,-9.332599,-0.0036651916,0.01160644,-0.008552114,TREMOR,5fa135632fe9
1776793195269,1901419719685632,-2.3008277,1.1492168,-9.346964,-0.0030543262,0.015271631,-0.007330383,TREMOR,5fa135632fe9
1776793195277,1901419727709945,-2.2768857,1.1372458,-9.354146,-0.0036651916,0.016493361,-0.009162978,TREMOR,5fa135632fe9
1776793195285,1901419735705719,-2.27928,1.1348516,-9.361329,-0.0030543262,0.019547688,-0.007941248,TREMOR,5fa135632fe9
1776793195293,1901419743703185,-2.2337902,1.1228806,-9.370906,-0.002443461,0.018325957,-0.007330383,TREMOR,5fa135632fe9
1776793195301,1901419751698652,-2.2170308,1.115698,-9.378088,-0.0030543262,0.020158553,-0.007941248,TREMOR,5fa135632fe9
1776793195309,1901419759693734,-2.1930888,1.1109096,-9.368511,-0.0030543262,0.021380283,-0.008552114,TREMOR,5fa135632fe9
1776793195317,1901419767688123,-2.1763294,1.091756,-9.375694,-0.004276057,0.02321288,-0.005497787,TREMOR,5fa135632fe9
1776793195325,1901419775684744,-2.1332338,1.0893618,-9.387665,-0.0030543262,0.02076942,-0.0030543262,TREMOR,5fa135632fe9
1776793195333,1901419783711826,-2.1188686,1.0821792,-9.378088,-0.0036651916,0.021380283,-0.0030543262,TREMOR,5fa135632fe9
1776793195341,1901419791706600,-2.0949266,1.0606314,-9.392453,-0.004276057,0.02321288,-0.004276057,TREMOR,5fa135632fe9
1776793195349,1901419799703913,-2.0638018,1.0749966,-9.382876,-0.0036651916,0.02076942,-0.004886922,TREMOR,5fa135632fe9
1776793195357,1901419807698072,-2.066196,1.0773908,-9.370906,-0.004886922,0.019547688,-0.0036651916,TREMOR,5fa135632fe9
1776793195365,1901419815693384,-2.0350714,1.079785,-9.390059,-0.004886922,0.018936822,-0.0018325958,TREMOR,5fa135632fe9
1776793195373,1901419823690082,-2.0374656,1.0845734,-9.3733,-0.0036651916,0.015882496,-0.002443461,TREMOR,5fa135632fe9
1776793195381,1901419831684779,-2.0254946,1.0869676,-9.3661175,-0.0036651916,0.013439035,-0.0030543262,TREMOR,5fa135632fe9
1776793195389,1901419839709476,-2.0326772,1.0965444,-9.358934,0.0,0.010995574,-0.0030543262,TREMOR,5fa135632fe9
1776793195397,1901419847706404,-2.0231004,1.1180922,-9.370906,0.0,0.0067195175,-0.0018325958,TREMOR,5fa135632fe9
1776793195405,1901419855702717,-2.0470424,1.1133038,-9.368511,6.1086525E-4,0.0030543262,6.1086525E-4,TREMOR,5fa135632fe9
1776793195413,1901419863698107,-2.0374656,1.1133038,-9.356541,0.0012217305,-6.1086525E-4,-6.1086525E-4,TREMOR,5fa135632fe9
1776793195421,1901419871693804,-2.0757728,1.1348516,-9.363723,0.0012217305,-0.004886922,6.1086525E-4,TREMOR,5fa135632fe9
1776793195429,1901419879688194,-2.0614076,1.13964,-9.354146,0.0030543262,-0.010995574,0.0,TREMOR,5fa135632fe9
1776793195437,1901419887684506,-2.087744,1.1444284,-9.339781,0.0036651916,-0.014660766,0.0036651916,TREMOR,5fa135632fe9
1776793195445,1901419895709435,-2.0973208,1.1204864,-9.344569,0.004276057,-0.015882496,0.005497787,TREMOR,5fa135632fe9
1776793195453,1901419903706363,-2.0973208,1.1300632,-9.354146,0.007941248,-0.018936822,0.004276057,TREMOR,5fa135632fe9
1776793195461,1901419911702752,-2.1212628,1.1300632,-9.344569,0.0067195175,-0.020158553,0.0061086523,TREMOR,5fa135632fe9
1776793195469,1901419919696911,-2.1428106,1.1204864,-9.346964,0.0061086523,-0.022602014,0.0067195175,TREMOR,5fa135632fe9
1776793195477,1901419927693224,-2.1571758,1.1180922,-9.3421755,0.0061086523,-0.025045475,0.008552114,TREMOR,5fa135632fe9
1776793195485,1901419935690152,-2.1811178,1.1085154,-9.332599,0.0067195175,-0.025045475,0.007941248,TREMOR,5fa135632fe9
1776793195493,1901419943684849,-2.1883004,1.1109096,-9.361329,0.0061086523,-0.02687807,0.007941248,TREMOR,5fa135632fe9
1776793195501,1901419951708931,-2.2098482,1.1204864,-9.354146,0.0036651916,-0.02321288,0.008552114,TREMOR,5fa135632fe9
1776793195509,1901419959708244,-2.2242134,1.1180922,-9.339781,0.005497787,-0.02321288,0.005497787,TREMOR,5fa135632fe9
1776793195517,1901419967700864,-2.2290018,1.1252748,-9.356541,0.004886922,-0.02076942,0.007941248,TREMOR,5fa135632fe9
1776793195525,1901419975698100,-2.2409728,1.115698,-9.351752,0.004886922,-0.016493361,0.0036651916,TREMOR,5fa135632fe9
1776793195533,1901419983692336,-2.2457612,1.1204864,-9.354146,0.004276057,-0.01160644,0.0036651916,TREMOR,5fa135632fe9
1776793195541,1901419991688879,-2.2577322,1.127669,-9.346964,0.004886922,-0.01160644,0.0,TREMOR,5fa135632fe9
1776793195549,1901419999713807,-2.255338,1.13964,-9.334992,0.0036651916,-0.009773844,-0.0012217305,TREMOR,5fa135632fe9
1776793195557,1901420007709505,-2.2625206,1.1563994,-9.354146,0.0030543262,-0.0061086523,0.0,TREMOR,5fa135632fe9
1776793195565,1901420015706741,-2.27928,1.1444284,-9.337387,0.002443461,-0.0061086523,-0.0018325958,TREMOR,5fa135632fe9
1776793195573,1901420023701823,-2.2888567,1.1420342,-9.339781,6.1086525E-4,-0.004276057,-0.0018325958,TREMOR,5fa135632fe9
1776793195581,1901420031697520,-2.2720973,1.1755531,-9.334992,-6.1086525E-4,-0.002443461,-0.0030543262,TREMOR,5fa135632fe9
1776793195589,1901420039692679,-2.2697031,1.1587936,-9.330204,-6.1086525E-4,-0.0012217305,-0.0030543262,TREMOR,5fa135632fe9
1776793195597,1901420047689222,-2.27928,1.151611,-9.330204,-0.0012217305,6.1086525E-4,-0.0036651916,TREMOR,5fa135632fe9
1776793195605,1901420055682766,-2.2385786,1.1420342,-9.330204,-0.002443461,0.0012217305,-0.002443461,TREMOR,5fa135632fe9
1776793195613,1901420063708617,-2.231396,1.1563994,-9.313444,-0.0018325958,0.0030543262,-0.0012217305,TREMOR,5fa135632fe9
1776793195621,1901420071705545,-2.2290018,1.1659763,-9.320627,-0.0012217305,0.004886922,-0.0018325958,TREMOR,5fa135632fe9
1776793195629,1901420079701858,-2.2242134,1.1611878,-9.349358,-0.0036651916,0.0067195175,-0.0018325958,TREMOR,5fa135632fe9
1776793195637,1901420087697017,-2.183512,1.1540052,-9.344569,-0.004276057,0.01038471,-0.0012217305,TREMOR,5fa135632fe9
1776793195645,1901420095692022,-2.1547816,1.1420342,-9.354146,-0.0036651916,0.014660766,-0.0018325958,TREMOR,5fa135632fe9
1776793195653,1901420103688642,-2.1571758,1.1372458,-9.346964,-0.0036651916,0.015271631,-0.0030543262,TREMOR,5fa135632fe9
1776793195661,1901420111684032,-2.1404164,1.1228806,-9.375694,-0.0036651916,0.019547688,-0.0012217305,TREMOR,5fa135632fe9
1776793195669,1901420119709883,-2.1260512,1.1133038,-9.361329,-0.0018325958,0.017104227,-0.0030543262,TREMOR,5fa135632fe9
1776793195677,1901420127706272,-2.1284454,1.0941502,-9.356541,-6.1086525E-4,0.017104227,-0.004276057,TREMOR,5fa135632fe9
1776793195685,1901420135701585,-2.1068976,1.0749966,-9.356541,6.1086525E-4,0.014049901,-0.004276057,TREMOR,5fa135632fe9
1776793195693,1901420143697359,-2.0949266,1.055843,-9.361329,-6.1086525E-4,0.012217305,-0.0036651916,TREMOR,5fa135632fe9
1776793195701,1901420151691134,-2.1092918,1.0606314,-9.375694,-0.0012217305,0.009162978,-0.004276057,TREMOR,5fa135632fe9
1776793195709,1901420159686908,-2.111686,1.0606314,-9.378088,-0.0012217305,0.0061086523,-0.0030543262,TREMOR,5fa135632fe9
1776793195717,1901420167682605,-2.111686,1.0654198,-9.368511,-6.1086525E-4,0.0036651916,-0.002443461,TREMOR,5fa135632fe9
1776793195725,1901420175709072,-2.1284454,1.0582372,-9.368511,-6.1086525E-4,0.0,-0.004276057,TREMOR,5fa135632fe9
1776793195733,1901420183707538,-2.111686,1.0702082,-9.375694,-0.0012217305,-6.1086525E-4,-0.0018325958,TREMOR,5fa135632fe9
1776793195741,1901420191699466,-2.1140802,1.0893618,-9.375694,-6.1086525E-4,-0.002443461,-6.1086525E-4,TREMOR,5fa135632fe9
1776793195749,1901420199695164,-2.1140802,1.079785,-9.356541,-0.0012217305,-0.0061086523,-0.0012217305,TREMOR,5fa135632fe9
1776793195757,1901420207692169,-2.1188686,1.0989386,-9.363723,-0.0012217305,-0.004276057,-6.1086525E-4,TREMOR,5fa135632fe9
1776793195765,1901420215687481,-2.1404164,1.1133038,-9.351752,-6.1086525E-4,-0.004886922,-6.1086525E-4,TREMOR,5fa135632fe9
1776793195773,1901420223712717,-2.1332338,1.1228806,-9.358934,0.0,-0.0067195175,0.0018325958,TREMOR,5fa135632fe9
1776793195781,1901420231710568,-2.1284454,1.1300632,-9.344569,-6.1086525E-4,-0.004886922,0.0012217305,TREMOR,5fa135632fe9
1776793195789,1901420239706035,-2.1691468,1.1324574,-9.344569,0.0,-0.004886922,6.1086525E-4,TREMOR,5fa135632fe9
1776793195797,1901420247700502,-2.1667526,1.1372458,-9.3661175,-6.1086525E-4,-0.004276057,0.0030543262,TREMOR,5fa135632fe9
1776793195805,1901420255696430,-2.1739352,1.151611,-9.3421755,0.0,-0.005497787,0.0030543262,TREMOR,5fa135632fe9
1776793195813,1901420263690050,-2.1787236,1.1587936,-9.330204,0.0018325958,-0.004276057,0.002443461,TREMOR,5fa135632fe9
1776793195821,1901420271687594,-2.2026656,1.1683705,-9.339781,0.002443461,-0.0061086523,-6.1086525E-4,TREMOR,5fa135632fe9
1776793195829,1901420279712522,-2.1930888,1.1659763,-9.323022,0.0030543262,-0.007941248,6.1086525E-4,TREMOR,5fa135632fe9
1776793195837,1901420287709450,-2.1978772,1.1611878,-9.330204,0.0036651916,-0.008552114,0.0,TREMOR,5fa135632fe9
1776793195845,1901420295704455,-2.195483,1.1659763,-9.320627,0.0036651916,-0.009773844,-0.0018325958,TREMOR,5fa135632fe9
1776793195853,1901420303701460,-2.2002714,1.1492168,-9.351752,0.0012217305,-0.007941248,-0.0012217305,TREMOR,5fa135632fe9
1776793195861,1901420311696465,-2.2002714,1.163582,-9.334992,0.0018325958,-0.005497787,0.0,TREMOR,5fa135632fe9
1776793195869,1901420319692777,-2.1930888,1.151611,-9.349358,0.0012217305,-0.0061086523,0.0,TREMOR,5fa135632fe9
1776793195877,1901420327688244,-2.1859062,1.1348516,-9.346964,0.0018325958,-0.0067195175,6.1086525E-4,TREMOR,5fa135632fe9
1776793195885,1901420335684788,-2.1906946,1.1492168,-9.351752,0.0018325958,-0.005497787,-0.0012217305,TREMOR,5fa135632fe9
1776793195893,1901420343710946,-2.1787236,1.13964,-9.346964,0.0030543262,-0.002443461,0.0,TREMOR,5fa135632fe9
1776793195901,1901420351704798,-2.1906946,1.115698,-9.3421755,0.0030543262,-0.002443461,0.0,TREMOR,5fa135632fe9
1776793195909,1901420359702341,-2.1883004,1.1061212,-9.344569,0.0030543262,-0.0018325958,6.1086525E-4,TREMOR,5fa135632fe9
1776793195917,1901420367696269,-2.1643584,1.1085154,-9.349358,0.004276057,6.1086525E-4,-6.1086525E-4,TREMOR,5fa135632fe9
1776793195925,1901420375690659,-2.1667526,1.0989386,-9.339781,0.0036651916,0.0,-0.0012217305,TREMOR,5fa135632fe9
1776793195933,1901420383687048,-2.1547816,1.091756,-9.344569,0.0036651916,-6.1086525E-4,0.0,TREMOR,5fa135632fe9
1776793195941,1901420391714130,-2.1571758,1.0845734,-9.339781,0.0030543262,-0.002443461,0.0,TREMOR,5fa135632fe9
1776793195949,1901420399708828,-2.1571758,1.0989386,-9.346964,0.0030543262,-0.0030543262,-6.1086525E-4,TREMOR,5fa135632fe9
1776793195957,1901420407704294,-2.1452048,1.1109096,-9.344569,0.004276057,-0.0036651916,-0.0018325958,TREMOR,5fa135632fe9
1776793195965,1901420415700222,-2.1571758,1.079785,-9.354146,0.0030543262,-0.0036651916,0.0,TREMOR,5fa135632fe9
1776793195973,1901420423694997,-2.1763294,1.091756,-9.354146,0.0030543262,-0.005497787,0.0012217305,TREMOR,5fa135632fe9
1776793195981,1901420431689463,-2.1906946,1.1085154,-9.339781,0.0012217305,-0.0061086523,-0.0012217305,TREMOR,5fa135632fe9
1776793195989,1901420439687084,-2.1978772,1.1061212,-9.346964,0.0012217305,-0.0061086523,-6.1086525E-4,TREMOR,5fa135632fe9
1776793195997,1901420447713473,-2.207454,1.1085154,-9.346964,6.1086525E-4,-0.004276057,-0.0018325958,TREMOR,5fa135632fe9
1776793196005,1901420455709170,-2.207454,1.1109096,-9.339781,0.0012217305,-0.0036651916,6.1086525E-4,TREMOR,5fa135632fe9
1776793196013,1901420463704868,-2.2050598,1.1204864,-9.351752,-6.1086525E-4,-0.0018325958,-0.0012217305,TREMOR,5fa135632fe9
1776793196021,1901420471698488,-2.2361844,1.1300632,-9.3421755,6.1086525E-4,-0.002443461,-0.0018325958,TREMOR,5fa135632fe9
1776793196029,1901420479693878,-2.2337902,1.1300632,-9.32781,-6.1086525E-4,0.0018325958,-0.002443461,TREMOR,5fa135632fe9
1776793196037,1901420487690421,-2.219425,1.1228806,-9.330204,0.0,0.0030543262,-0.0018325958,TREMOR,5fa135632fe9
1776793196045,1901420495686811,-2.2122424,1.1324574,-9.334992,-0.002443461,0.004276057,-0.0030543262,TREMOR,5fa135632fe9
1776793196053,1901420503712970,-2.2242134,1.1324574,-9.349358,-0.002443461,0.007330383,-6.1086525E-4,TREMOR,5fa135632fe9
1776793196061,1901420511708052,-2.2218192,1.1444284,-9.346964,-0.0030543262,0.007330383,-0.0036651916,TREMOR,5fa135632fe9
1776793196069,1901420519703980,-2.2026656,1.1324574,-9.346964,-0.0018325958,0.009773844,-0.0012217305,TREMOR,5fa135632fe9
1776793196077,1901420527698446,-2.2050598,1.1061212,-9.354146,-6.1086525E-4,0.01038471,-0.002443461,TREMOR,5fa135632fe9
1776793196085,1901420535695144,-2.2122424,1.115698,-9.349358,-0.0030543262,0.008552114,-0.0012217305,TREMOR,5fa135632fe9
1776793196093,1901420543691995,-2.1906946,1.103727,-9.363723,-0.002443461,0.008552114,-6.1086525E-4,TREMOR,5fa135632fe9
1776793196101,1901420551686154,-2.1619642,1.1133038,-9.351752,-0.002443461,0.009162978,0.0,TREMOR,5fa135632fe9
1776793196109,1901420559713236,-2.1547816,1.1228806,-9.344569,-0.0018325958,0.008552114,0.0018325958,TREMOR,5fa135632fe9
1776793196117,1901420567706856,-2.1380222,1.1204864,-9.337387,-0.0012217305,0.007330383,6.1086525E-4,TREMOR,5fa135632fe9
1776793196125,1901420575703169,-2.1380222,1.1204864,-9.354146,-0.002443461,0.007330383,6.1086525E-4,TREMOR,5fa135632fe9
1776793196133,1901420583699405,-2.1452048,1.1228806,-9.349358,-0.0018325958,0.005497787,6.1086525E-4,TREMOR,5fa135632fe9
1776793196141,1901420591695717,-2.1523874,1.1013328,-9.351752,-0.0030543262,0.0067195175,6.1086525E-4,TREMOR,5fa135632fe9
1776793196149,1901420599690492,-2.1428106,1.1013328,-9.354146,-0.005497787,0.005497787,6.1086525E-4,TREMOR,5fa135632fe9
1776793196157,1901420607685958,-2.1380222,1.1133038,-9.356541,-0.0036651916,0.004886922,0.0,TREMOR,5fa135632fe9
1776793196165,1901420615713963,-2.1404164,1.1180922,-9.370906,-0.0036651916,0.0061086523,0.002443461,TREMOR,5fa135632fe9
1776793196173,1901420623707814,-2.1260512,1.1180922,-9.356541,-6.1086525E-4,0.0030543262,0.0018325958,TREMOR,5fa135632fe9
1776793196181,1901420631702589,-2.1260512,1.1085154,-9.361329,6.1086525E-4,0.0030543262,0.0018325958,TREMOR,5fa135632fe9
1776793196189,1901420639699747,-2.123657,1.1180922,-9.375694,0.0018325958,0.002443461,0.002443461,TREMOR,5fa135632fe9
1776793196197,1901420647696060,-2.1212628,1.115698,-9.349358,0.0012217305,0.0018325958,0.0018325958,TREMOR,5fa135632fe9
1776793196205,1901420655689988,-2.123657,1.115698,-9.349358,0.0018325958,-0.0012217305,0.0030543262,TREMOR,5fa135632fe9
1776793196213,1901420663686224,-2.1188686,1.1444284,-9.354146,0.0036651916,-0.0036651916,0.0012217305,TREMOR,5fa135632fe9
1776793196221,1901420671710844,-2.1332338,1.1228806,-9.3421755,0.0030543262,-0.0061086523,0.0030543262,TREMOR,5fa135632fe9
1776793196229,1901420679706234,-2.1380222,1.1204864,-9.3421755,0.0061086523,-0.007330383,0.002443461,TREMOR,5fa135632fe9
1776793196237,1901420687703778,-2.1643584,1.1228806,-9.332599,0.004276057,-0.007941248,0.0018325958,TREMOR,5fa135632fe9
1776793196245,1901420695698552,-2.1739352,1.1300632,-9.3421755,0.004276057,-0.009773844,0.0,TREMOR,5fa135632fe9
1776793196253,1901420703694326,-2.1763294,1.115698,-9.344569,0.0036651916,-0.007941248,0.002443461,TREMOR,5fa135632fe9
1776793196261,1901420711689946,-2.195483,1.1228806,-9.346964,0.002443461,-0.008552114,0.0012217305,TREMOR,5fa135632fe9
1776793196269,1901420719686028,-2.2002714,1.127669,-9.32781,0.0018325958,-0.007330383,6.1086525E-4,TREMOR,5fa135632fe9
1776793196277,1901420727711803,-2.2218192,1.1109096,-9.3421755,0.0,-0.0036651916,6.1086525E-4,TREMOR,5fa135632fe9
1776793196285,1901420735706577,-2.2098482,1.115698,-9.332599,-0.0012217305,-6.1086525E-4,6.1086525E-4,TREMOR,5fa135632fe9
1776793196293,1901420743704197,-2.2026656,1.1252748,-9.3421755,-0.002443461,-6.1086525E-4,0.0018325958,TREMOR,5fa135632fe9
1776793196301,1901420751700510,-2.2122424,1.1348516,-9.354146,-0.0036651916,0.0,0.002443461,TREMOR,5fa135632fe9
1776793196309,1901420759696515,-2.2050598,1.1061212,-9.3733,-0.0030543262,0.0030543262,0.002443461,TREMOR,5fa135632fe9
1776793196317,1901420767688520,-2.1930888,1.1300632,-9.351752,-0.0012217305,0.002443461,0.002443461,TREMOR,5fa135632fe9
1776793196325,1901420775685140,-2.1643584,1.1180922,-9.337387,-0.0018325958,0.0018325958,0.004276057,TREMOR,5fa135632fe9
1776793196333,1901420783713069,-2.1499932,1.1180922,-9.368511,-6.1086525E-4,-0.0012217305,0.004276057,TREMOR,5fa135632fe9
1776793196341,1901420791707227,-2.1452048,1.0845734,-9.351752,0.0012217305,-0.0012217305,0.007330383,TREMOR,5fa135632fe9
1776793196349,1901420799703309,-2.1380222,1.079785,-9.3421755,0.0030543262,-0.005497787,0.007330383,TREMOR,5fa135632fe9
1776793196357,1901420807698391,-2.1380222,1.0869676,-9.368511,0.0012217305,-0.0061086523,0.005497787,TREMOR,5fa135632fe9
1776793196365,1901420815695243,-2.1380222,1.079785,-9.346964,0.002443461,-0.009773844,0.0061086523,TREMOR,5fa135632fe9
1776793196373,1901420823691863,-2.1308396,1.0821792,-9.358934,0.0018325958,-0.009773844,0.009162978,TREMOR,5fa135632fe9
1776793196381,1901420831685791,-2.1308396,1.0989386,-9.354146,0.0012217305,-0.009162978,0.008552114,TREMOR,5fa135632fe9
1776793196389,1901420839710334,-2.1404164,1.079785,-9.349358,0.0018325958,-0.009162978,0.007330383,TREMOR,5fa135632fe9
1776793196397,1901420847706955,-2.171541,1.1085154,-9.339781,0.0012217305,-0.005497787,0.004886922,TREMOR,5fa135632fe9
1776793196405,1901420855702421,-2.1547816,1.1180922,-9.346964,0.0,-0.0061086523,0.0036651916,TREMOR,5fa135632fe9
1776793196413,1901420863699273,-2.195483,1.1204864,-9.330204,-0.0018325958,-0.002443461,0.004276057,TREMOR,5fa135632fe9
1776793196421,1901420871694662,-2.2170308,1.1372458,-9.334992,-0.002443461,-0.0012217305,0.0018325958,TREMOR,5fa135632fe9
1776793196429,1901420879688206,-2.231396,1.1659763,-9.32781,-0.002443461,6.1086525E-4,6.1086525E-4,TREMOR,5fa135632fe9
1776793196437,1901420887684518,-2.2601264,1.1683705,-9.32781,-0.0030543262,0.0,-6.1086525E-4,TREMOR,5fa135632fe9
1776793196445,1901420895711370,-2.2720973,1.1875241,-9.330204,-0.0030543262,-6.1086525E-4,-0.0030543262,TREMOR,5fa135632fe9
1776793196453,1901420903705528,-2.2864625,1.2138603,-9.339781,-0.0036651916,0.0018325958,-0.0012217305,TREMOR,5fa135632fe9
1776793196461,1901420911703072,-2.3008277,1.2018893,-9.32781,-0.004276057,0.0036651916,-0.0018325958,TREMOR,5fa135632fe9
1776793196469,1901420919698385,-2.2936451,1.1994951,-9.320627,-0.004886922,0.005497787,-0.0030543262,TREMOR,5fa135632fe9
1776793196477,1901420927694159,-2.2816741,1.2018893,-9.3421755,-0.0030543262,0.009162978,-0.004886922,TREMOR,5fa135632fe9
1776793196485,1901420935687625,-2.2625206,1.1875241,-9.344569,-0.002443461,0.010995574,-0.0036651916,TREMOR,5fa135632fe9
1776793196493,1901420943684631,-2.2625206,1.1563994,-9.32781,-0.0012217305,0.012217305,-0.004276057,TREMOR,5fa135632fe9
1776793196501,1901420951711328,-2.2337902,1.1420342,-9.339781,0.0,0.013439035,-0.004886922,TREMOR,5fa135632fe9
1776793196509,1901420959707948,-2.2002714,1.1300632,-9.3421755,0.0,0.016493361,-0.002443461,TREMOR,5fa135632fe9
1776793196517,1901420967702722,-2.1643584,1.1228806,-9.344569,6.1086525E-4,0.015271631,-0.0036651916,TREMOR,5fa135632fe9
1776793196525,1901420975697189,-2.1452048,1.091756,-9.349358,6.1086525E-4,0.017104227,0.0,TREMOR,5fa135632fe9
1776793196533,1901420983693271,-2.1260512,1.0989386,-9.361329,-0.0012217305,0.016493361,-0.002443461,TREMOR,5fa135632fe9
1776793196541,1901420991690122,-2.087744,1.0749966,-9.358934,-0.0012217305,0.015882496,-6.1086525E-4,TREMOR,5fa135632fe9
1776793196549,1901420999716281,-2.0805612,1.0606314,-9.356541,-0.0018325958,0.014660766,-6.1086525E-4,TREMOR,5fa135632fe9
1776793196557,1901421007711055,-2.0518308,1.0630256,-9.378088,-0.0018325958,0.015271631,0.0012217305,TREMOR,5fa135632fe9
1776793196565,1901421015704599,-2.0518308,1.0630256,-9.3733,-0.0030543262,0.014660766,0.0,TREMOR,5fa135632fe9
1776793196573,1901421023702142,-2.054225,1.0654198,-9.375694,-0.002443461,0.010995574,0.0036651916,TREMOR,5fa135632fe9
1776793196581,1901421031698455,-2.0590134,1.0486604,-9.3661175,-0.0012217305,0.009162978,0.0018325958,TREMOR,5fa135632fe9
1776793196589,1901421039693922,-2.054225,1.0630256,-9.368511,-0.002443461,0.007330383,0.0012217305,TREMOR,5fa135632fe9
1776793196597,1901421047688618,-2.0494366,1.0845734,-9.351752,-0.002443461,0.0036651916,0.0036651916,TREMOR,5fa135632fe9
1776793196605,1901421055684315,-2.0685902,1.1013328,-9.363723,-0.0018325958,0.0,0.0030543262,TREMOR,5fa135632fe9
1776793196613,1901421063710244,-2.099715,1.1133038,-9.375694,-0.0018325958,-0.0036651916,0.002443461,TREMOR,5fa135632fe9
1776793196621,1901421071705557,-2.123657,1.1324574,-9.361329,-0.0012217305,-0.0061086523,0.0036651916,TREMOR,5fa135632fe9
1776793196629,1901421079702870,-2.135628,1.127669,-9.356541,-0.0018325958,-0.01038471,0.0030543262,TREMOR,5fa135632fe9
1776793196637,1901421087698489,-2.147599,1.13964,-9.351752,-0.0012217305,-0.012217305,0.004886922,TREMOR,5fa135632fe9
1776793196645,1901421095692417,-2.1523874,1.1300632,-9.3421755,6.1086525E-4,-0.014660766,0.0061086523,TREMOR,5fa135632fe9
1776793196653,1901421103688038,-2.1763294,1.1611878,-9.346964,0.0018325958,-0.014660766,0.005497787,TREMOR,5fa135632fe9
1776793196661,1901421111715428,-2.183512,1.13964,-9.330204,0.002443461,-0.016493361,0.005497787,TREMOR,5fa135632fe9
1776793196669,1901421119710818,-2.2002714,1.13964,-9.323022,0.0036651916,-0.015882496,0.004886922,TREMOR,5fa135632fe9
1776793196677,1901421127705360,-2.1883004,1.1420342,-9.332599,0.0036651916,-0.014660766,0.0061086523,TREMOR,5fa135632fe9
1776793196685,1901421135700365,-2.219425,1.1348516,-9.320627,0.0036651916,-0.015271631,0.005497787,TREMOR,5fa135632fe9
1776793196693,1901421143697678,-2.2242134,1.1587936,-9.332599,0.0036651916,-0.014049901,0.005497787,TREMOR,5fa135632fe9
1776793196701,1901421151693375,-2.2242134,1.1372458,-9.334992,0.0030543262,-0.01282817,0.0061086523,TREMOR,5fa135632fe9
1776793196709,1901421159689303,-2.231396,1.1540052,-9.339781,0.0,-0.009773844,0.0036651916,TREMOR,5fa135632fe9
1776793196717,1901421167685924,-2.2290018,1.1611878,-9.346964,0.0,-0.005497787,0.0030543262,TREMOR,5fa135632fe9
1776793196725,1901421175709621,-2.2457612,1.13964,-9.356541,-0.0012217305,-0.004276057,0.0030543262,TREMOR,5fa135632fe9
1776793196733,1901421183704472,-2.2409728,1.1659763,-9.346964,-6.1086525E-4,0.0012217305,0.0,TREMOR,5fa135632fe9
1776793196741,1901421191702247,-2.2457612,1.1468226,-9.354146,-0.002443461,0.004276057,-0.0012217305,TREMOR,5fa135632fe9
1776793196749,1901421199695559,-2.2457612,1.1468226,-9.354146,0.0,0.0067195175,-0.0012217305,TREMOR,5fa135632fe9
1776793196757,1901421207693026,-2.2457612,1.1611878,-9.361329,-6.1086525E-4,0.01160644,-0.0018325958,TREMOR,5fa135632fe9
1776793196765,1901421215689031,-2.231396,1.151611,-9.349358,0.0,0.010995574,-0.002443461,TREMOR,5fa135632fe9
1776793196773,1901421223685113,-2.2218192,1.1540052,-9.344569,0.0018325958,0.01038471,-0.0018325958,TREMOR,5fa135632fe9
1776793196781,1901421231712195,-2.2050598,1.13964,-9.334992,0.002443461,0.01160644,-0.0018325958,TREMOR,5fa135632fe9
1776793196789,1901421239707892,-2.1691468,1.127669,-9.3421755,0.0030543262,0.010995574,-0.002443461,TREMOR,5fa135632fe9
1776793196797,1901421247701666,-2.1787236,1.1444284,-9.334992,0.002443461,0.01038471,-0.0018325958,TREMOR,5fa135632fe9
1776793196805,1901421255696441,-2.147599,1.1204864,-9.346964,0.0030543262,0.010995574,-0.0030543262,TREMOR,5fa135632fe9
1776793196813,1901421263693061,-2.1452048,1.1085154,-9.3661175,0.002443461,0.007941248,-0.0012217305,TREMOR,5fa135632fe9
1776793196821,1901421271688220,-2.1380222,1.0845734,-9.354146,0.0030543262,0.009162978,0.0,TREMOR,5fa135632fe9
1776793196829,1901421279713994,-2.1188686,1.0941502,-9.363723,0.002443461,0.005497787,-0.0018325958,TREMOR,5fa135632fe9
1776793196837,1901421287710307,-2.111686,1.0869676,-9.370906,0.0030543262,0.007941248,-0.0018325958,TREMOR,5fa135632fe9
1776793196845,1901421295706081,-2.111686,1.0726024,-9.344569,6.1086525E-4,0.0067195175,-0.0030543262,TREMOR,5fa135632fe9
1776793196853,1901421303701086,-2.1068976,1.0965444,-9.368511,0.0012217305,0.005497787,-0.002443461,TREMOR,5fa135632fe9
1776793196861,1901421311695937,-2.111686,1.0845734,-9.363723,6.1086525E-4,0.004276057,-0.0030543262,TREMOR,5fa135632fe9
1776793196869,1901421319691865,-2.111686,1.1061212,-9.363723,0.0012217305,0.004276057,-0.005497787,TREMOR,5fa135632fe9
1776793196877,1901421327688486,-2.1092918,1.0965444,-9.363723,0.0018325958,0.002443461,-0.0067195175,TREMOR,5fa135632fe9
1776793196885,1901421335713414,-2.1332338,1.103727,-9.363723,0.0018325958,0.0018325958,-0.0061086523,TREMOR,5fa135632fe9
1776793196893,1901421343709727,-2.1428106,1.103727,-9.344569,6.1086525E-4,6.1086525E-4,-0.004276057,TREMOR,5fa135632fe9
1776793196901,1901421351704193,-2.1499932,1.0965444,-9.344569,0.002443461,-0.0012217305,-0.005497787,TREMOR,5fa135632fe9
1776793196909,1901421359701198,-2.1571758,1.1109096,-9.351752,6.1086525E-4,-0.0018325958,-0.004886922,TREMOR,5fa135632fe9
1776793196917,1901421367696819,-2.1763294,1.0965444,-9.346964,6.1086525E-4,-0.0018325958,-0.0030543262,TREMOR,5fa135632fe9
1776793196925,1901421375691977,-2.2026656,1.127669,-9.361329,6.1086525E-4,-6.1086525E-4,-0.0012217305,TREMOR,5fa135632fe9
1776793196933,1901421383687059,-2.1859062,1.1348516,-9.361329,-0.0012217305,-0.0012217305,-0.002443461,TREMOR,5fa135632fe9
1776793196941,1901421391713834,-2.2050598,1.1372458,-9.356541,-6.1086525E-4,-0.0018325958,-6.1086525E-4,TREMOR,5fa135632fe9
1776793196949,1901421399709454,-2.1930888,1.1348516,-9.354146,-0.0018325958,-6.1086525E-4,0.0,TREMOR,5fa135632fe9
1776793196957,1901421407703921,-2.2026656,1.1492168,-9.354146,-0.0036651916,0.0036651916,0.0018325958,TREMOR,5fa135632fe9
1776793196965,1901421415699618,-2.1930888,1.1372458,-9.3661175,-0.0012217305,0.0030543262,0.0018325958,TREMOR,5fa135632fe9
1776793196973,1901421423696008,-2.1811178,1.151611,-9.3661175,-0.0012217305,0.004276057,0.0030543262,TREMOR,5fa135632fe9
1776793196981,1901421431690474,-2.1739352,1.13964,-9.363723,-0.002443461,0.0036651916,0.005497787,TREMOR,5fa135632fe9
1776793196989,1901421439686095,-2.1571758,1.1252748,-9.375694,-0.0018325958,0.007330383,0.0036651916,TREMOR,5fa135632fe9
1776793196997,1901421447712946,-2.1547816,1.1252748,-9.361329,-0.0012217305,0.0067195175,0.002443461,TREMOR,5fa135632fe9
1776793197005,1901421455709874,-2.1523874,1.0965444,-9.375694,-6.1086525E-4,0.007330383,0.004276057,TREMOR,5fa135632fe9
1776793197013,1901421463704879,-2.1499932,1.1133038,-9.351752,-6.1086525E-4,0.0061086523,0.002443461,TREMOR,5fa135632fe9
1776793197021,1901421471699961,-2.1452048,1.1013328,-9.361329,6.1086525E-4,0.0067195175,0.004276057,TREMOR,5fa135632fe9
1776793197029,1901421479696043,-2.1260512,1.103727,-9.3733,0.0,0.0036651916,0.002443461,TREMOR,5fa135632fe9
1776793197037,1901421487691663,-2.111686,1.115698,-9.382876,0.002443461,6.1086525E-4,0.002443461,TREMOR,5fa135632fe9
1776793197045,1901421495688668,-2.1140802,1.0845734,-9.3733,0.002443461,-0.0012217305,0.002443461,TREMOR,5fa135632fe9
1776793197053,1901421503714442,-2.1164744,1.115698,-9.378088,0.0012217305,-0.002443461,0.0036651916,TREMOR,5fa135632fe9
1776793197061,1901421511708294,-2.123657,1.103727,-9.3661175,0.0018325958,-0.0067195175,0.0012217305,TREMOR,5fa135632fe9
1776793197069,1901421519705222,-2.1188686,1.1013328,-9.361329,0.0036651916,-0.0061086523,6.1086525E-4,TREMOR,5fa135632fe9
1776793197077,1901421527700688,-2.147599,1.0941502,-9.368511,0.002443461,-0.009773844,-6.1086525E-4,TREMOR,5fa135632fe9
1776793197085,1901421535695078,-2.147599,1.0989386,-9.363723,0.0036651916,-0.009162978,0.0012217305,TREMOR,5fa135632fe9
1776793197093,1901421543691698,-2.15957,1.1109096,-9.356541,0.0018325958,-0.009162978,0.0012217305,TREMOR,5fa135632fe9
1776793197101,1901421551687703,-2.1787236,1.1180922,-9.337387,0.002443461,-0.007330383,0.0012217305,TREMOR,5fa135632fe9
1776793197109,1901421559712324,-2.1859062,1.1180922,-9.334992,0.002443461,-0.009773844,6.1086525E-4,TREMOR,5fa135632fe9
1776793197117,1901421567709559,-2.1906946,1.1109096,-9.354146,0.0018325958,-0.0061086523,6.1086525E-4,TREMOR,5fa135632fe9
1776793197125,1901421575703180,-2.2002714,1.1228806,-9.354146,6.1086525E-4,-0.004886922,-6.1086525E-4,TREMOR,5fa135632fe9
1776793197133,1901421583700723,-2.1978772,1.1180922,-9.351752,6.1086525E-4,-0.002443461,6.1086525E-4,TREMOR,5fa135632fe9
1776793197141,1901421591696113,-2.2170308,1.1252748,-9.354146,0.0,-0.002443461,-0.002443461,TREMOR,5fa135632fe9
1776793197149,1901421599691426,-2.2385786,1.13964,-9.354146,-0.0012217305,0.0012217305,0.0,TREMOR,5fa135632fe9
1776793197157,1901421607687508,-2.2170308,1.1228806,-9.3421755,-0.0012217305,0.0030543262,0.0018325958,TREMOR,5fa135632fe9
1776793197165,1901421615712974,-2.2266076,1.1324574,-9.356541,-0.002443461,0.004276057,-0.0018325958,TREMOR,5fa135632fe9
1776793197173,1901421623708441,-2.231396,1.115698,-9.361329,-0.0030543262,0.0030543262,0.0012217305,TREMOR,5fa135632fe9
1776793197181,1901421631704369,-2.2290018,1.1109096,-9.361329,-0.002443461,0.0030543262,0.0,TREMOR,5fa135632fe9
1776793197189,1901421639698297,-2.2002714,1.1300632,-9.358934,-0.0018325958,0.0036651916,-6.1086525E-4,TREMOR,5fa135632fe9
1776793197197,1901421647695840,-2.2026656,1.127669,-9.363723,-0.0036651916,0.005497787,0.0,TREMOR,5fa135632fe9
1776793197205,1901421655690922,-2.195483,1.1372458,-9.358934,-0.004276057,0.0061086523,0.002443461,TREMOR,5fa135632fe9
1776793197213,1901421663687158,-2.1787236,1.1324574,-9.370906,-0.0030543262,0.007941248,0.0012217305,TREMOR,5fa135632fe9
1776793197221,1901421671711548,-2.1571758,1.115698,-9.368511,-0.004886922,0.010995574,6.1086525E-4,TREMOR,5fa135632fe9
1776793197229,1901421679706937,-2.1619642,1.127669,-9.385271,-0.004276057,0.008552114,-0.0012217305,TREMOR,5fa135632fe9
1776793197237,1901421687704712,-2.1452048,1.1133038,-9.378088,-0.0030543262,0.01160644,-0.002443461,TREMOR,5fa135632fe9
1776793197245,1901421695699255,-2.1332338,1.0989386,-9.375694,-0.0036651916,0.01160644,-0.0012217305,TREMOR,5fa135632fe9
1776793197253,1901421703696106,-2.1428106,1.115698,-9.349358,-0.002443461,0.01038471,-0.0018325958,TREMOR,5fa135632fe9
1776793197261,1901421711691188,-2.1140802,1.1180922,-9.361329,-0.0030543262,0.009773844,0.0,TREMOR,5fa135632fe9
1776793197269,1901421719684809,-2.1045034,1.1085154,-9.354146,-0.0012217305,0.007941248,-0.002443461,TREMOR,5fa135632fe9
1776793197277,1901421727712737,-2.0949266,1.115698,-9.368511,0.0,0.0061086523,0.0012217305,TREMOR,5fa135632fe9
1776793197285,1901421735707819,-2.0901382,1.103727,-9.3661175,0.0012217305,0.0030543262,0.0012217305,TREMOR,5fa135632fe9
1776793197293,1901421743705054,-2.0853498,1.0965444,-9.363723,0.0018325958,0.0018325958,6.1086525E-4,TREMOR,5fa135632fe9
1776793197301,1901421751699521,-2.0949266,1.1180922,-9.3661175,0.002443461,-0.0036651916,0.002443461,TREMOR,5fa135632fe9
1776793197309,1901421759694988,-2.0829554,1.1085154,-9.354146,0.002443461,-0.0030543262,0.0030543262,TREMOR,5fa135632fe9
1776793197317,1901421767691916,-2.0829554,1.1109096,-9.344569,0.0030543262,-0.007941248,0.004276057,TREMOR,5fa135632fe9
1776793197325,1901421775685998,-2.1021092,1.1324574,-9.354146,0.0030543262,-0.007941248,0.004276057,TREMOR,5fa135632fe9
1776793197333,1901421783712157,-2.1092918,1.127669,-9.358934,0.004276057,-0.01160644,0.005497787,TREMOR,5fa135632fe9
1776793197341,1901421791708238,-2.135628,1.1324574,-9.334992,0.004276057,-0.01160644,0.0030543262,TREMOR,5fa135632fe9
1776793197349,1901421799704474,-2.1380222,1.1085154,-9.349358,0.0030543262,-0.014660766,0.0036651916,TREMOR,5fa135632fe9
1776793197357,1901421807699018,-2.1499932,1.1109096,-9.354146,0.002443461,-0.01282817,0.0036651916,TREMOR,5fa135632fe9
1776793197365,1901421815694407,-2.1763294,1.1085154,-9.354146,0.002443461,-0.015271631,0.004886922,TREMOR,5fa135632fe9
1776793197373,1901421823691259,-2.1811178,1.1109096,-9.358934,0.0018325958,-0.014660766,0.004886922,TREMOR,5fa135632fe9
1776793197381,1901421831686340,-2.1763294,1.1085154,-9.351752,0.0018325958,-0.014660766,0.004886922,TREMOR,5fa135632fe9
1776793197389,1901421839710730,-2.1930888,1.0941502,-9.361329,0.0012217305,-0.01282817,0.004276057,TREMOR,5fa135632fe9
1776793197397,1901421847707351,-2.2002714,1.1204864,-9.358934,-0.0012217305,-0.010995574,0.004276057,TREMOR,5fa135632fe9
1776793197405,1901421855703894,-2.207454,1.1061212,-9.351752,-0.0018325958,-0.01038471,0.0030543262,TREMOR,5fa135632fe9
1776793197413,1901421863696899,-2.2170308,1.1109096,-9.346964,-0.0012217305,-0.009162978,0.0061086523,TREMOR,5fa135632fe9
1776793197421,1901421871693827,-2.231396,1.1180922,-9.361329,-0.0030543262,-0.007941248,0.004276057,TREMOR,5fa135632fe9
1776793197429,1901421879689448,-2.2337902,1.127669,-9.361329,-0.0030543262,-0.0061086523,0.0036651916,TREMOR,5fa135632fe9
1776793197437,1901421887685529,-2.255338,1.1372458,-9.349358,-0.004276057,-0.0018325958,0.005497787,TREMOR,5fa135632fe9
1776793197445,1901421895712534,-2.2625206,1.1300632,-9.358934,-0.004886922,-0.0012217305,0.0018325958,TREMOR,5fa135632fe9
1776793197453,1901421903706770,-2.2409728,1.1348516,-9.358934,-0.004276057,0.0018325958,0.0012217305,TREMOR,5fa135632fe9
1776793197461,1901421911703314,-2.2625206,1.13964,-9.3661175,-0.004276057,0.0012217305,0.0,TREMOR,5fa135632fe9
1776793197469,1901421919697242,-2.2385786,1.1348516,-9.356541,-0.004276057,0.004886922,0.0012217305,TREMOR,5fa135632fe9
1776793197477,1901421927693247,-2.243367,1.1372458,-9.344569,-0.0030543262,0.0061086523,-0.0018325958,TREMOR,5fa135632fe9
1776793197485,1901421935691329,-2.2242134,1.1731589,-9.334992,-0.0036651916,0.009773844,-0.0018325958,TREMOR,5fa135632fe9
1776793197493,1901421943685257,-2.2122424,1.1611878,-9.356541,-0.0018325958,0.014049901,-0.002443461,TREMOR,5fa135632fe9
1776793197501,1901421951712647,-2.1763294,1.1540052,-9.3421755,-0.0030543262,0.015882496,-0.0036651916,TREMOR,5fa135632fe9
1776793197509,1901421959707113,-2.183512,1.1540052,-9.337387,-0.002443461,0.016493361,-0.004886922,TREMOR,5fa135632fe9
1776793197517,1901421967701887,-2.1619642,1.1683705,-9.344569,-0.002443461,0.015271631,-0.004886922,TREMOR,5fa135632fe9
1776793197525,1901421975699123,-2.15957,1.1492168,-9.358934,-0.0018325958,0.017715093,-0.0030543262,TREMOR,5fa135632fe9
1776793197533,1901421983696282,-2.1404164,1.1444284,-9.351752,-0.0018325958,0.015882496,-0.0061086523,TREMOR,5fa135632fe9
1776793197541,1901421991690210,-2.135628,1.151611,-9.339781,6.1086525E-4,0.014660766,-0.004886922,TREMOR,5fa135632fe9
1776793197549,1901421999685907,-2.1404164,1.1252748,-9.361329,6.1086525E-4,0.014049901,-0.004886922,TREMOR,5fa135632fe9
1776793197557,1901422007710220,-2.1092918,1.1300632,-9.358934,6.1086525E-4,0.01160644,-0.0036651916,TREMOR,5fa135632fe9
1776793197565,1901422015706764,-2.1188686,1.13964,-9.356541,6.1086525E-4,0.008552114,-0.0036651916,TREMOR,5fa135632fe9
1776793197573,1901422023702846,-2.1092918,1.1252748,-9.354146,0.0012217305,0.0067195175,-0.0018325958,TREMOR,5fa135632fe9
1776793197581,1901422031698774,-2.1045034,1.1109096,-9.361329,0.0018325958,0.004276057,-0.002443461,TREMOR,5fa135632fe9
1776793197589,1901422039694240,-2.0853498,1.1013328,-9.356541,0.002443461,0.002443461,-0.0018325958,TREMOR,5fa135632fe9
1776793197597,1901422047690553,-2.0925324,1.1085154,-9.351752,0.002443461,-0.0012217305,-0.0012217305,TREMOR,5fa135632fe9
1776793197605,1901422055685327,-2.1045034,1.0989386,-9.349358,6.1086525E-4,-6.1086525E-4,-6.1086525E-4,TREMOR,5fa135632fe9
1776793197613,1901422063711409,-2.0973208,1.091756,-9.363723,0.002443461,-0.004276057,-6.1086525E-4,TREMOR,5fa135632fe9
1776793197621,1901422071707722,-2.111686,1.0965444,-9.363723,0.0012217305,-0.0036651916,0.0,TREMOR,5fa135632fe9
1776793197629,1901422079701573,-2.099715,1.0989386,-9.363723,6.1086525E-4,-0.004886922,0.0018325958,TREMOR,5fa135632fe9
1776793197637,1901422087697886,-2.1332338,1.0845734,-9.368511,-6.1086525E-4,-0.004886922,0.0030543262,TREMOR,5fa135632fe9
1776793197645,1901422095693660,-2.1140802,1.0941502,-9.368511,-0.0012217305,-0.007330383,0.0018325958,TREMOR,5fa135632fe9
1776793197653,1901422103689357,-2.147599,1.0869676,-9.375694,0.0,-0.0061086523,0.0036651916,TREMOR,5fa135632fe9
1776793197661,1901422111714285,-2.1164744,1.0989386,-9.385271,0.0,-0.0067195175,0.0061086523,TREMOR,5fa135632fe9
1776793197669,1901422119709906,-2.1212628,1.1013328,-9.3661175,6.1086525E-4,-0.007330383,0.004886922,TREMOR,5fa135632fe9
1776793197677,1901422127705911,-2.1452048,1.0749966,-9.385271,6.1086525E-4,-0.008552114,0.0067195175,TREMOR,5fa135632fe9
1776793197685,1901422135701916,-2.1284454,1.0845734,-9.349358,0.002443461,-0.01038471,0.008552114,TREMOR,5fa135632fe9
1776793197693,1901422143696690,-2.1332338,1.0893618,-9.358934,0.0036651916,-0.01160644,0.009162978,TREMOR,5fa135632fe9
1776793197701,1901422151691849,-2.135628,1.0869676,-9.351752,0.002443461,-0.015271631,0.010995574,TREMOR,5fa135632fe9
1776793197709,1901422159687777,-2.147599,1.0869676,-9.3421755,0.0030543262,-0.017104227,0.008552114,TREMOR,5fa135632fe9
1776793197717,1901422167716705,-2.147599,1.091756,-9.356541,0.0036651916,-0.018325957,0.009162978,TREMOR,5fa135632fe9
1776793197725,1901422175711787,-2.1643584,1.0941502,-9.351752,0.0030543262,-0.018325957,0.008552114,TREMOR,5fa135632fe9
1776793197733,1901422183707561,-2.1691468,1.1133038,-9.358934,0.0030543262,-0.018936822,0.007941248,TREMOR,5fa135632fe9
1776793197741,1901422191704182,-2.2002714,1.1085154,-9.351752,0.0018325958,-0.017715093,0.007330383,TREMOR,5fa135632fe9
1776793197749,1901422199698648,-2.2266076,1.1109096,-9.361329,-0.0012217305,-0.015882496,0.0061086523,TREMOR,5fa135632fe9
1776793197757,1901422207694038,-2.243367,1.1180922,-9.3421755,-0.0012217305,-0.014660766,0.002443461,TREMOR,5fa135632fe9
1776793197765,1901422215689120,-2.2601264,1.1444284,-9.339781,-0.004276057,-0.009773844,0.0030543262,TREMOR,5fa135632fe9
1776793197773,1901422223715509,-2.2720973,1.1755531,-9.330204,-0.004276057,-0.005497787,-6.1086525E-4,TREMOR,5fa135632fe9
1776793197781,1901422231710668,-2.3080103,1.1779473,-9.32781,-0.005497787,-0.0012217305,-0.004276057,TREMOR,5fa135632fe9
1776793197789,1901422239707212,-2.3199813,1.2090719,-9.330204,-0.0061086523,0.0030543262,-0.004886922,TREMOR,5fa135632fe9
1776793197797,1901422247703525,-2.3247697,1.2258313,-9.344569,-0.007330383,0.007330383,-0.0067195175,TREMOR,5fa135632fe9
1776793197805,1901422255697453,-2.3319526,1.2425907,-9.351752,-0.007941248,0.013439035,-0.009162978,TREMOR,5fa135632fe9
1776793197813,1901422263694996,-2.336741,1.2306197,-9.332599,-0.007941248,0.016493361,-0.008552114,TREMOR,5fa135632fe9
1776793197821,1901422271688155,-2.2936451,1.2186487,-9.332599,-0.005497787,0.019547688,-0.009773844,TREMOR,5fa135632fe9
1776793197829,1901422279713468,-2.3199813,1.2162545,-9.3421755,-0.004886922,0.022602014,-0.007330383,TREMOR,5fa135632fe9
1776793197837,1901422287710396,-2.2697031,1.1923125,-9.334992,-0.0012217305,0.021991149,-0.0061086523,TREMOR,5fa135632fe9
1776793197845,1901422295705708,-2.2385786,1.1779473,-9.354146,0.0,0.023823744,-0.004886922,TREMOR,5fa135632fe9
1776793197853,1901422303701790,-2.2050598,1.1540052,-9.339781,0.0012217305,0.022602014,-0.004276057,TREMOR,5fa135632fe9
1776793197861,1901422311697488,-2.1667526,1.1324574,-9.3421755,0.004276057,0.022602014,-0.004276057,TREMOR,5fa135632fe9
1776793197869,1901422319692493,-2.1404164,1.1109096,-9.349358,0.0036651916,0.023823744,-0.0030543262,TREMOR,5fa135632fe9
1776793197877,1901422327688190,-2.0733786,1.1013328,-9.358934,0.002443461,0.021991149,-0.0012217305,TREMOR,5fa135632fe9
1776793197885,1901422335682426,-2.0494366,1.0893618,-9.375694,0.002443461,0.019547688,6.1086525E-4,TREMOR,5fa135632fe9
1776793197893,1901422343710354,-2.030283,1.043872,-9.370906,0.002443461,0.018936822,6.1086525E-4,TREMOR,5fa135632fe9
1776793197901,1901422351706667,-2.0015526,1.0319009,-9.385271,0.0012217305,0.017104227,-0.0012217305,TREMOR,5fa135632fe9
1776793197909,1901422359701210,-1.9967642,1.0414777,-9.380483,-6.1086525E-4,0.015271631,-0.0012217305,TREMOR,5fa135632fe9
1776793197917,1901422367695908,-1.9991584,1.0295067,-9.385271,-0.002443461,0.010995574,-0.002443461,TREMOR,5fa135632fe9
1776793197925,1901422375692297,-2.006341,1.0319009,-9.387665,-0.0018325958,0.01160644,-0.002443461,TREMOR,5fa135632fe9
1776793197933,1901422383687610,-1.9895816,1.043872,-9.385271,-0.002443461,0.009773844,-0.004276057,TREMOR,5fa135632fe9
1776793197941,1901422391714769,-2.0159178,1.0582372,-9.368511,-0.002443461,0.0067195175,-0.004276057,TREMOR,5fa135632fe9
1776793197949,1901422399709774,-2.030283,1.067814,-9.363723,-0.0018325958,0.0036651916,-0.0036651916,TREMOR,5fa135632fe9
1776793197957,1901422407706086,-2.0614076,1.0845734,-9.368511,-0.0018325958,6.1086525E-4,-0.0036651916,TREMOR,5fa135632fe9
1776793197965,1901422415701784,-2.0949266,1.103727,-9.349358,-0.002443461,-0.0018325958,-0.004276057,TREMOR,5fa135632fe9
1776793197973,1901422423696558,-2.0901382,1.091756,-9.346964,-0.0012217305,-0.0030543262,-0.004276057,TREMOR,5fa135632fe9
1776793197981,1901422431693563,-2.147599,1.1324574,-9.339781,6.1086525E-4,-0.008552114,-0.0030543262,TREMOR,5fa135632fe9
1776793197989,1901422439686799,-2.147599,1.1372458,-9.358934,0.0018325958,-0.01038471,-0.0018325958,TREMOR,5fa135632fe9
1776793197997,1901422447714112,-2.1619642,1.1468226,-9.349358,0.002443461,-0.014660766,0.0036651916,TREMOR,5fa135632fe9
1776793198005,1901422455711347,-2.1763294,1.1492168,-9.339781,0.0036651916,-0.017104227,0.0036651916,TREMOR,5fa135632fe9
1776793198013,1901422463706429,-2.1763294,1.1444284,-9.356541,0.004276057,-0.018936822,0.0067195175,TREMOR,5fa135632fe9
1776793198021,1901422471701511,-2.1859062,1.1324574,-9.337387,0.004886922,-0.021380283,0.008552114,TREMOR,5fa135632fe9
1776793198029,1901422479695055,-2.1883004,1.1252748,-9.344569,0.004886922,-0.02076942,0.010995574,TREMOR,5fa135632fe9
1776793198037,1901422487691983,-2.1906946,1.1204864,-9.337387,0.004276057,-0.021380283,0.010995574,TREMOR,5fa135632fe9
1776793198045,1901422495688296,-2.1787236,1.1133038,-9.351752,0.004886922,-0.020158553,0.01160644,TREMOR,5fa135632fe9
1776793198053,1901422503712916,-2.1859062,1.1133038,-9.361329,0.0030543262,-0.017104227,0.01038471,TREMOR,5fa135632fe9
1776793198061,1901422511708998,-2.1906946,1.103727,-9.351752,0.002443461,-0.014660766,0.007941248,TREMOR,5fa135632fe9
1776793198069,1901422519704080,-2.1978772,1.1180922,-9.346964,0.002443461,-0.015271631,0.007330383,TREMOR,5fa135632fe9
1776793198077,1901422527700700,-2.1883004,1.1085154,-9.346964,0.0,-0.010995574,0.0061086523,TREMOR,5fa135632fe9
1776793198085,1901422535697936,-2.1906946,1.1180922,-9.356541,6.1086525E-4,-0.007941248,0.005497787,TREMOR,5fa135632fe9
1776793198093,1901422543690864,-2.1859062,1.1228806,-9.346964,0.0,-0.007941248,0.0030543262,TREMOR,5fa135632fe9
1776793198101,1901422551688408,-2.2026656,1.1372458,-9.358934,-6.1086525E-4,-0.004886922,-0.0012217305,TREMOR,5fa135632fe9
1776793198109,1901422559683720,-2.219425,1.13964,-9.354146,0.0,-0.005497787,-0.0012217305,TREMOR,5fa135632fe9
1776793198117,1901422567710802,-2.231396,1.1444284,-9.351752,-6.1086525E-4,-0.002443461,0.0012217305,TREMOR,5fa135632fe9
1776793198125,1901422575705884,-2.2146366,1.1420342,-9.351752,-6.1086525E-4,-0.0030543262,-0.0018325958,TREMOR,5fa135632fe9
1776793198133,1901422583700351,-2.2266076,1.151611,-9.334992,6.1086525E-4,-0.002443461,-0.0030543262,TREMOR,5fa135632fe9
1776793198141,1901422591696048,-2.2361844,1.1420342,-9.3182335,0.002443461,-0.0018325958,-6.1086525E-4,TREMOR,5fa135632fe9
1776793198149,1901422599692668,-2.2290018,1.1492168,-9.337387,0.0012217305,-6.1086525E-4,0.0,TREMOR,5fa135632fe9
1776793198157,1901422607687750,-2.2002714,1.1563994,-9.330204,0.0018325958,-0.0012217305,-0.0012217305,TREMOR,5fa135632fe9
1776793198165,1901422615712986,-2.219425,1.1444284,-9.332599,0.0012217305,6.1086525E-4,-0.0030543262,TREMOR,5fa135632fe9
1776793198173,1901422623708991,-2.219425,1.1492168,-9.32781,0.0012217305,0.002443461,-0.0018325958,TREMOR,5fa135632fe9
1776793198181,1901422631705304,-2.207454,1.151611,-9.315839,0.0,0.0030543262,-0.0030543262,TREMOR,5fa135632fe9
1776793198189,1901422639701386,-2.2098482,1.1324574,-9.330204,0.0,0.0036651916,-0.0030543262,TREMOR,5fa135632fe9
1776793198197,1901422647694622,-2.2050598,1.1252748,-9.32781,-0.0018325958,0.004276057,-0.002443461,TREMOR,5fa135632fe9
1776793198205,1901422655690857,-2.1978772,1.13964,-9.339781,-0.002443461,0.009162978,-0.0036651916,TREMOR,5fa135632fe9
1776793198213,1901422663688170,-2.1978772,1.1180922,-9.3421755,-0.002443461,0.007941248,-0.005497787,TREMOR,5fa135632fe9
1776793198221,1901422671715483,-2.1811178,1.103727,-9.344569,-0.004276057,0.012217305,-0.005497787,TREMOR,5fa135632fe9
1776793198229,1901422679710949,-2.1859062,1.1180922,-9.363723,-0.005497787,0.010995574,-0.004276057,TREMOR,5fa135632fe9
1776793198237,1901422687704724,-2.15957,1.091756,-9.346964,-0.0036651916,0.01282817,-0.0030543262,TREMOR,5fa135632fe9
1776793198245,1901422695699883,-2.15957,1.1061212,-9.351752,-0.0067195175,0.01160644,-0.005497787,TREMOR,5fa135632fe9
1776793198253,1901422703697041,-2.1571758,1.1085154,-9.370906,-0.008552114,0.015271631,-0.004276057,TREMOR,5fa135632fe9
1776793198261,1901422711691816,-2.1547816,1.1109096,-9.3661175,-0.007941248,0.014660766,-0.005497787,TREMOR,5fa135632fe9
1776793198269,1901422719687898,-2.1332338,1.127669,-9.368511,-0.0067195175,0.015271631,-0.005497787,TREMOR,5fa135632fe9
1776793198277,1901422727713056,-2.1260512,1.1228806,-9.387665,-0.009162978,0.015271631,-0.004276057,TREMOR,5fa135632fe9
1776793198285,1901422735709446,-2.1045034,1.127669,-9.363723,-0.007941248,0.014049901,-0.002443461,TREMOR,5fa135632fe9
1776793198293,1901422743703220,-2.111686,1.1204864,-9.363723,-0.0067195175,0.01160644,-0.002443461,TREMOR,5fa135632fe9
1776793198301,1901422751699225,-2.1021092,1.1228806,-9.361329,-0.0036651916,0.01160644,-0.0012217305,TREMOR,5fa135632fe9
1776793198309,1901422759694923,-2.0829554,1.1228806,-9.370906,-0.0018325958,0.009773844,-0.0012217305,TREMOR,5fa135632fe9
1776793198317,1901422767690928,-2.0853498,1.0965444,-9.351752,0.0012217305,0.007941248,0.0,TREMOR,5fa135632fe9
1776793198325,1901422775686933,-2.0709844,1.1061212,-9.3421755,0.002443461,0.0036651916,0.0,TREMOR,5fa135632fe9
1776793198333,1901422783712553,-2.0685902,1.115698,-9.368511,0.0036651916,0.0018325958,0.0018325958,TREMOR,5fa135632fe9
1776793198341,1901422791709174,-2.0733786,1.115698,-9.354146,0.0030543262,-0.002443461,0.0012217305,TREMOR,5fa135632fe9
1776793198349,1901422799704563,-2.0829554,1.103727,-9.368511,0.004276057,-0.007330383,6.1086525E-4,TREMOR,5fa135632fe9
1776793198357,1901422807698414,-2.1068976,1.0941502,-9.349358,0.0036651916,-0.007330383,0.002443461,TREMOR,5fa135632fe9
1776793198365,1901422815697112,-2.1045034,1.0941502,-9.344569,0.004276057,-0.010995574,0.0018325958,TREMOR,5fa135632fe9
1776793198373,1901422823691655,-2.123657,1.0989386,-9.358934,0.004886922,-0.01282817,0.0018325958,TREMOR,5fa135632fe9
1776793198381,1901422831686352,-2.135628,1.103727,-9.339781,0.004276057,-0.015271631,0.002443461,TREMOR,5fa135632fe9
1776793198389,1901422839712204,-2.15957,1.1180922,-9.354146,0.005497787,-0.015271631,0.002443461,TREMOR,5fa135632fe9
1776793198397,1901422847708593,-2.1547816,1.127669,-9.337387,0.004886922,-0.016493361,6.1086525E-4,TREMOR,5fa135632fe9
1776793198405,1901422855706675,-2.1787236,1.1348516,-9.332599,0.004886922,-0.015271631,6.1086525E-4,TREMOR,5fa135632fe9
1776793198413,1901422863699373,-2.1739352,1.1492168,-9.346964,0.0036651916,-0.014049901,-0.0012217305,TREMOR,5fa135632fe9
1776793198421,1901422871694993,-2.2026656,1.1228806,-9.323022,0.002443461,-0.015882496,-0.0012217305,TREMOR,5fa135632fe9
1776793198429,1901422879689536,-2.2050598,1.1659763,-9.323022,0.0012217305,-0.015271631,-0.0012217305,TREMOR,5fa135632fe9
1776793198437,1901422887686157,-2.2290018,1.1611878,-9.339781,0.0018325958,-0.012217305,-0.002443461,TREMOR,5fa135632fe9
1776793198445,1901422895712931,-2.2481554,1.1707647,-9.320627,0.0012217305,-0.01038471,-0.004886922,TREMOR,5fa135632fe9
1776793198453,1901422903708859,-2.2529438,1.163582,-9.337387,0.0012217305,-0.007330383,-0.0012217305,TREMOR,5fa135632fe9
1776793198461,1901422911702095,-2.2409728,1.1563994,-9.32781,0.0012217305,-0.0061086523,-0.002443461,TREMOR,5fa135632fe9
1776793198469,1901422919701254,-2.2601264,1.1372458,-9.325416,6.1086525E-4,-0.0036651916,0.0,TREMOR,5fa135632fe9
1776793198477,1901422927693490,-2.2529438,1.1563994,-9.337387,0.0,-0.0036651916,-0.0018325958,TREMOR,5fa135632fe9
1776793198485,1901422935688341,-2.2266076,1.1324574,-9.337387,0.0012217305,-0.004276057,0.0012217305,TREMOR,5fa135632fe9
1776793198493,1901422943686423,-2.2266076,1.1180922,-9.337387,0.0018325958,-0.002443461,0.0012217305,TREMOR,5fa135632fe9
1776793198501,1901422951712966,-2.2146366,1.1109096,-9.339781,6.1086525E-4,-0.0036651916,0.0,TREMOR,5fa135632fe9
1776793198509,1901422959707356,-2.1978772,1.1204864,-9.363723,0.0012217305,0.0,0.0036651916,TREMOR,5fa135632fe9
1776793198517,1901422967703053,-2.1859062,1.103727,-9.356541,0.0,0.0018325958,0.0036651916,TREMOR,5fa135632fe9
1776793198525,1901422975697904,-2.1667526,1.0965444,-9.358934,0.0,0.0030543262,0.002443461,TREMOR,5fa135632fe9
1776793198533,1901422983695140,-2.1571758,1.0749966,-9.356541,-6.1086525E-4,0.0067195175,0.0012217305,TREMOR,5fa135632fe9
1776793198541,1901422991689530,-2.1499932,1.0965444,-9.349358,-0.0012217305,0.007330383,-0.002443461,TREMOR,5fa135632fe9
1776793198549,1901422999718842,-2.123657,1.091756,-9.361329,-0.0018325958,0.007330383,-0.0012217305,TREMOR,5fa135632fe9
1776793198557,1901423007712078,-2.1332338,1.1085154,-9.351752,0.0,0.0061086523,-0.0012217305,TREMOR,5fa135632fe9
1776793198565,1901423015707699,-2.1332338,1.1348516,-9.370906,-0.0018325958,0.0036651916,-0.004276057,TREMOR,5fa135632fe9
1776793198573,1901423023702781,-2.1332338,1.1180922,-9.346964,-6.1086525E-4,0.004886922,-0.0036651916,TREMOR,5fa135632fe9
1776793198581,1901423031698786,-2.1380222,1.1013328,-9.361329,6.1086525E-4,0.0036651916,-0.005497787,TREMOR,5fa135632fe9
1776793198589,1901423039693021,-2.1404164,1.1180922,-9.344569,0.0012217305,0.0036651916,-0.004276057,TREMOR,5fa135632fe9
1776793198597,1901423047689257,-2.1380222,1.1109096,-9.346964,6.1086525E-4,6.1086525E-4,-0.004886922,TREMOR,5fa135632fe9
1776793198605,1901423055686262,-2.15957,1.1061212,-9.344569,0.0012217305,-6.1086525E-4,-0.004276057,TREMOR,5fa135632fe9
1776793198613,1901423063711113,-2.1619642,1.115698,-9.339781,0.0030543262,-0.0018325958,-0.005497787,TREMOR,5fa135632fe9
1776793198621,1901423071707811,-2.15957,1.1300632,-9.32781,0.002443461,-0.0030543262,-0.002443461,TREMOR,5fa135632fe9
1776793198629,1901423079701585,-2.1667526,1.1133038,-9.334992,0.0036651916,-0.004276057,-0.002443461,TREMOR,5fa135632fe9
1776793198637,1901423087699744,-2.1667526,1.1109096,-9.334992,0.002443461,-0.004276057,-0.004276057,TREMOR,5fa135632fe9
1776793198645,1901423095694210,-2.1619642,1.1133038,-9.332599,0.002443461,-0.004276057,-0.0030543262,TREMOR,5fa135632fe9
1776793198653,1901423103690215,-2.15957,1.1324574,-9.344569,0.002443461,-0.004276057,-0.0012217305,TREMOR,5fa135632fe9
1776793198661,1901423111716451,-2.1571758,1.127669,-9.32781,0.0012217305,-0.0036651916,-0.002443461,TREMOR,5fa135632fe9
1776793198669,1901423119711841,-2.1547816,1.1252748,-9.334992,0.0,-0.004276057,-0.0018325958,TREMOR,5fa135632fe9
1776793198677,1901423127707154,-2.15957,1.115698,-9.3421755,0.0,-0.0018325958,-0.0030543262,TREMOR,5fa135632fe9
1776793198685,1901423135703466,-2.1643584,1.1252748,-9.344569,-0.0018325958,-0.002443461,-0.0030543262,TREMOR,5fa135632fe9
1776793198693,1901423143699471,-2.147599,1.1085154,-9.356541,-0.0012217305,-0.0012217305,0.0012217305,TREMOR,5fa135632fe9
1776793198701,1901423151695861,-2.15957,1.1013328,-9.344569,-0.0012217305,-6.1086525E-4,0.0012217305,TREMOR,5fa135632fe9
1776793198709,1901423159691789,-2.1499932,1.103727,-9.344569,-0.0018325958,-0.002443461,0.0030543262,TREMOR,5fa135632fe9
1776793198717,1901423167685640,-2.1380222,1.1085154,-9.344569,-6.1086525E-4,-0.0030543262,0.0018325958,TREMOR,5fa135632fe9
1776793198725,1901423175710953,-2.147599,1.1061212,-9.358934,0.0,-0.0012217305,0.002443461,TREMOR,5fa135632fe9
1776793198733,1901423183707266,-2.1643584,1.1133038,-9.368511,0.0012217305,-0.0036651916,0.0012217305,TREMOR,5fa135632fe9
1776793198741,1901423191702578,-2.1643584,1.1228806,-9.3661175,-0.0012217305,-0.004886922,0.0036651916,TREMOR,5fa135632fe9
1776793198749,1901423199700506,-2.1643584,1.1013328,-9.344569,0.0,-0.0061086523,0.0018325958,TREMOR,5fa135632fe9
1776793198757,1901423207694358,-2.1523874,1.1013328,-9.349358,6.1086525E-4,-0.004886922,0.002443461,TREMOR,5fa135632fe9
1776793198765,1901423215690363,-2.1811178,1.103727,-9.356541,0.0,-0.007330383,0.0012217305,TREMOR,5fa135632fe9
1776793198773,1901423223685752,-2.1691468,1.1252748,-9.361329,0.0,-0.004276057,-6.1086525E-4,TREMOR,5fa135632fe9
1776793198781,1901423231710603,-2.1739352,1.1133038,-9.337387,6.1086525E-4,-0.0061086523,6.1086525E-4,TREMOR,5fa135632fe9
1776793198789,1901423239705685,-2.1883004,1.1228806,-9.354146,-6.1086525E-4,-0.004886922,-6.1086525E-4,TREMOR,5fa135632fe9
1776793198797,1901423247702306,-2.2122424,1.1300632,-9.358934,0.0,-0.004276057,-0.0012217305,TREMOR,5fa135632fe9
1776793198805,1901423255698080,-2.2122424,1.1420342,-9.3421755,-6.1086525E-4,-0.0036651916,-0.0018325958,TREMOR,5fa135632fe9
1776793198813,1901423263693700,-2.2026656,1.1348516,-9.339781,0.0012217305,-0.0018325958,-0.0030543262,TREMOR,5fa135632fe9
1776793198821,1901423271687936,-2.2337902,1.1540052,-9.339781,0.0,-0.0012217305,-0.002443461,TREMOR,5fa135632fe9
1776793198829,1901423279716172,-2.219425,1.13964,-9.344569,6.1086525E-4,0.0,-0.002443461,TREMOR,5fa135632fe9
1776793198837,1901423287710639,-2.2242134,1.1540052,-9.332599,0.0012217305,0.0,-0.0030543262,TREMOR,5fa135632fe9
1776793198845,1901423295707567,-2.2266076,1.13964,-9.334992,0.0012217305,-6.1086525E-4,-0.004276057,TREMOR,5fa135632fe9
1776793198853,1901423303702956,-2.2098482,1.1420342,-9.339781,0.0018325958,0.0,-0.004276057,TREMOR,5fa135632fe9
1776793198861,1901423311696884,-2.219425,1.1444284,-9.332599,0.0012217305,0.0012217305,-0.004276057,TREMOR,5fa135632fe9
1776793198869,1901423319694428,-2.2122424,1.1420342,-9.349358,6.1086525E-4,0.002443461,-0.004886922,TREMOR,5fa135632fe9
1776793198877,1901423327689741,-2.1906946,1.1228806,-9.332599,0.0018325958,0.002443461,-0.004276057,TREMOR,5fa135632fe9
1776793198885,1901423335715592,-2.1811178,1.1180922,-9.349358,0.0012217305,6.1086525E-4,-0.0061086523,TREMOR,5fa135632fe9
1776793198893,1901423343710366,-2.1619642,1.1061212,-9.339781,0.0018325958,0.002443461,-0.004276057,TREMOR,5fa135632fe9
1776793198901,1901423351706756,-2.1691468,1.0965444,-9.349358,0.002443461,0.0018325958,-0.0061086523,TREMOR,5fa135632fe9
1776793198909,1901423359703991,-2.1643584,1.0893618,-9.351752,0.002443461,0.0030543262,-0.0030543262,TREMOR,5fa135632fe9
1776793198917,1901423367698073,-2.1547816,1.0941502,-9.351752,0.0018325958,0.0012217305,-0.0030543262,TREMOR,5fa135632fe9
1776793198925,1901423375694694,-2.1404164,1.0845734,-9.349358,0.0018325958,0.002443461,-0.0018325958,TREMOR,5fa135632fe9
1776793198933,1901423383689776,-2.1140802,1.0821792,-9.349358,0.0,0.0018325958,-0.002443461,TREMOR,5fa135632fe9
1776793198941,1901423391713473,-2.1140802,1.0893618,-9.337387,0.0,0.0012217305,-0.002443461,TREMOR,5fa135632fe9
1776793198949,1901423399710786,-2.123657,1.0893618,-9.354146,0.0,-0.0018325958,-0.0018325958,TREMOR,5fa135632fe9
1776793198957,1901423407706175,-2.1308396,1.1109096,-9.346964,-6.1086525E-4,-6.1086525E-4,0.0,TREMOR,5fa135632fe9
1776793198965,1901423415702103,-2.1140802,1.115698,-9.3421755,-0.0012217305,-0.0012217305,-0.002443461,TREMOR,5fa135632fe9
1776793198973,1901423423697801,-2.1404164,1.1109096,-9.346964,-0.0018325958,-0.0030543262,-0.002443461,TREMOR,5fa135632fe9
1776793198981,1901423431692575,-2.1284454,1.127669,-9.358934,-0.004276057,-0.002443461,-0.0018325958,TREMOR,5fa135632fe9
1776793198989,1901423439688349,-2.1667526,1.151611,-9.354146,-0.0018325958,-6.1086525E-4,-0.0030543262,TREMOR,5fa135632fe9
1776793198997,1901423447715124,-2.15957,1.151611,-9.351752,-0.0036651916,0.0,-0.002443461,TREMOR,5fa135632fe9
1776793199005,1901423455710129,-2.1667526,1.1420342,-9.339781,-0.0018325958,-0.0018325958,-0.0018325958,TREMOR,5fa135632fe9
1776793199013,1901423463705595,-2.2002714,1.127669,-9.363723,-0.0018325958,0.0,-6.1086525E-4,TREMOR,5fa135632fe9
1776793199021,1901423471703446,-2.1906946,1.1300632,-9.332599,0.0018325958,-6.1086525E-4,-0.0012217305,TREMOR,5fa135632fe9
1776793199029,1901423479698144,-2.183512,1.1252748,-9.3421755,0.002443461,-0.002443461,0.0,TREMOR,5fa135632fe9
1776793199037,1901423487694149,-2.1930888,1.1061212,-9.349358,0.004886922,-0.004276057,0.0012217305,TREMOR,5fa135632fe9
1776793199045,1901423495689000,-2.1883004,1.1180922,-9.339781,0.004886922,-0.005497787,0.0018325958,TREMOR,5fa135632fe9
1776793199053,1901423503713313,-2.1883004,1.1133038,-9.3661175,0.004886922,-0.005497787,0.0012217305,TREMOR,5fa135632fe9
1776793199061,1901423511709318,-2.1667526,1.0893618,-9.356541,0.0036651916,-0.0067195175,0.0036651916,TREMOR,5fa135632fe9
1776793199069,1901423519706246,-2.1787236,1.091756,-9.351752,0.0030543262,-0.0061086523,0.0012217305,TREMOR,5fa135632fe9
1776793199077,1901423527700712,-2.1739352,1.067814,-9.3661175,0.002443461,-0.0067195175,0.0012217305,TREMOR,5fa135632fe9
1776793199085,1901423535697025,-2.1619642,1.0630256,-9.380483,0.0036651916,-0.005497787,0.0,TREMOR,5fa135632fe9
1776793199093,1901423543692722,-2.1787236,1.079785,-9.370906,0.0030543262,-0.007330383,0.0,TREMOR,5fa135632fe9
1776793199101,1901423551687189,-2.1643584,1.079785,-9.351752,0.0018325958,-0.0061086523,0.002443461,TREMOR,5fa135632fe9
1776793199109,1901423559715194,-2.1667526,1.067814,-9.349358,0.0012217305,-0.004276057,6.1086525E-4,TREMOR,5fa135632fe9
1776793199117,1901423567708968,-2.1667526,1.0941502,-9.332599,0.0012217305,-0.002443461,0.0,TREMOR,5fa135632fe9
1776793199125,1901423575705896,-2.1523874,1.1228806,-9.337387,-0.0012217305,-0.0030543262,6.1086525E-4,TREMOR,5fa135632fe9
1776793199133,1901423583701978,-2.1787236,1.127669,-9.3421755,0.0,0.0012217305,-0.0018325958,TREMOR,5fa135632fe9
1776793199141,1901423591697368,-2.1906946,1.1468226,-9.3421755,-0.0036651916,-0.0018325958,-0.0012217305,TREMOR,5fa135632fe9
1776793199149,1901423599693373,-2.1978772,1.1492168,-9.339781,-0.0036651916,6.1086525E-4,-0.002443461,TREMOR,5fa135632fe9
1776793199157,1901423607689685,-2.2122424,1.1492168,-9.349358,-0.005497787,0.0018325958,-0.0018325958,TREMOR,5fa135632fe9
1776793199165,1901423615713998,-2.1978772,1.1468226,-9.370906,-0.0030543262,0.0036651916,0.0,TREMOR,5fa135632fe9
1776793199173,1901423623710849,-2.2002714,1.1444284,-9.346964,-0.004276057,0.005497787,-6.1086525E-4,TREMOR,5fa135632fe9
1776793199181,1901423631707547,-2.2122424,1.151611,-9.349358,-0.004276057,0.005497787,6.1086525E-4,TREMOR,5fa135632fe9
1776793199189,1901423639698859,-2.1811178,1.127669,-9.344569,-0.0030543262,0.005497787,0.0030543262,TREMOR,5fa135632fe9
1776793199197,1901423647696095,-2.1883004,1.1444284,-9.356541,-0.0018325958,0.004276057,0.0036651916,TREMOR,5fa135632fe9
1776793199205,1901423655691869,-2.1787236,1.1420342,-9.3421755,-6.1086525E-4,0.0036651916,0.0036651916,TREMOR,5fa135632fe9
1776793199213,1901423663689028,-2.1811178,1.1444284,-9.363723,-6.1086525E-4,0.002443461,0.0036651916,TREMOR,5fa135632fe9
1776793199221,1901423671714649,-2.171541,1.1348516,-9.361329,-6.1086525E-4,0.0,0.004276057,TREMOR,5fa135632fe9
1776793199229,1901423679710654,-2.1667526,1.1109096,-9.356541,6.1086525E-4,-0.0018325958,0.0030543262,TREMOR,5fa135632fe9
1776793199237,1901423687705966,-2.1643584,1.1180922,-9.363723,0.0,-6.1086525E-4,0.005497787,TREMOR,5fa135632fe9
1776793199245,1901423695702664,-2.1404164,1.1109096,-9.363723,0.0012217305,-0.0018325958,0.005497787,TREMOR,5fa135632fe9
1776793199253,1901423703694976,-2.1571758,1.115698,-9.375694,0.0018325958,0.0,0.004276057,TREMOR,5fa135632fe9
1776793199261,1901423711691289,-2.1547816,1.0869676,-9.368511,0.0,0.0012217305,0.0018325958,TREMOR,5fa135632fe9
1776793199269,1901423719686602,-2.1619642,1.1085154,-9.361329,-6.1086525E-4,6.1086525E-4,0.0030543262,TREMOR,5fa135632fe9
1776793199277,1901423727713376,-2.15957,1.1109096,-9.3661175,-0.0012217305,0.0012217305,0.0018325958,TREMOR,5fa135632fe9
1776793199285,1901423735709073,-2.1547816,1.1061212,-9.375694,-6.1086525E-4,0.002443461,0.0,TREMOR,5fa135632fe9
1776793199293,1901423743705386,-2.1643584,1.1133038,-9.375694,-0.0012217305,0.0036651916,-0.0012217305,TREMOR,5fa135632fe9
1776793199301,1901423751700237,-2.1667526,1.1300632,-9.3421755,0.0,0.0030543262,-0.0030543262,TREMOR,5fa135632fe9
1776793199309,1901423759696550,-2.1763294,1.127669,-9.346964,-6.1086525E-4,0.0030543262,-6.1086525E-4,TREMOR,5fa135632fe9
1776793199317,1901423767691247,-2.1691468,1.115698,-9.370906,0.0,0.0018325958,-0.0036651916,TREMOR,5fa135632fe9
1776793199325,1901423775687560,-2.1619642,1.1372458,-9.370906,-0.0012217305,0.0,-0.0018325958,TREMOR,5fa135632fe9
1776793199333,1901423783713488,-2.1643584,1.127669,-9.358934,6.1086525E-4,-6.1086525E-4,0.0012217305,TREMOR,5fa135632fe9
1776793199341,1901423791708262,-2.1499932,1.1228806,-9.354146,0.0,-0.0018325958,0.0018325958,TREMOR,5fa135632fe9
1776793199349,1901423799705191,-2.1499932,1.1133038,-9.358934,0.0,-0.004886922,0.002443461,TREMOR,5fa135632fe9
1776793199357,1901423807701196,-2.1691468,1.1252748,-9.3421755,0.0012217305,-0.005497787,0.002443461,TREMOR,5fa135632fe9
1776793199365,1901423815696508,-2.1763294,1.1228806,-9.349358,6.1086525E-4,-0.007330383,0.005497787,TREMOR,5fa135632fe9
1776793199373,1901423823690975,-2.1787236,1.115698,-9.363723,0.0,-0.009773844,0.005497787,TREMOR,5fa135632fe9
1776793199381,1901423831687288,-2.1739352,1.1061212,-9.3733,0.0012217305,-0.007941248,0.0067195175,TREMOR,5fa135632fe9
1776793199389,1901423839714754,-2.1763294,1.0989386,-9.370906,-6.1086525E-4,-0.007941248,0.007330383,TREMOR,5fa135632fe9
1776793199397,1901423847708836,-2.1906946,1.1061212,-9.370906,-0.0012217305,-0.007941248,0.007330383,TREMOR,5fa135632fe9
1776793199405,1901423855705841,-2.2050598,1.1204864,-9.358934,0.0,-0.005497787,0.004276057,TREMOR,5fa135632fe9
1776793199413,1901423863700923,-2.207454,1.1180922,-9.370906,-0.0012217305,-0.0030543262,0.0012217305,TREMOR,5fa135632fe9
1776793199421,1901423871694390,-2.2170308,1.1133038,-9.368511,-0.0030543262,-0.0012217305,0.0018325958,TREMOR,5fa135632fe9
1776793199429,1901423879693548,-2.2242134,1.1180922,-9.349358,-0.0012217305,0.0012217305,0.0012217305,TREMOR,5fa135632fe9
1776793199437,1901423887687707,-2.2266076,1.1252748,-9.354146,-0.002443461,0.004276057,-0.0012217305,TREMOR,5fa135632fe9
1776793199445,1901423895713789,-2.2361844,1.1492168,-9.351752,-0.0018325958,0.004886922,-0.0030543262,TREMOR,5fa135632fe9
1776793199453,1901423903708025,-2.2218192,1.151611,-9.354146,-0.0030543262,0.007330383,-0.002443461,TREMOR,5fa135632fe9
1776793199461,1901423911705184,-2.2266076,1.1659763,-9.354146,-0.004276057,0.008552114,-0.0030543262,TREMOR,5fa135632fe9
1776793199469,1901423919698189,-2.2170308,1.1492168,-9.3733,-0.004276057,0.009773844,-0.0036651916,TREMOR,5fa135632fe9
1776793199477,1901423927694809,-2.231396,1.1611878,-9.346964,-0.005497787,0.01038471,-0.0030543262,TREMOR,5fa135632fe9
1776793199485,1901423935690814,-2.2170308,1.1372458,-9.358934,-0.0036651916,0.007941248,-0.0030543262,TREMOR,5fa135632fe9
1776793199493,1901423943716050,-2.1859062,1.1563994,-9.346964,-0.002443461,0.009773844,-0.0012217305,TREMOR,5fa135632fe9
1776793199501,1901423951714517,-2.183512,1.1587936,-9.346964,-6.1086525E-4,0.0067195175,0.0,TREMOR,5fa135632fe9
1776793199509,1901423959707137,-2.1452048,1.1492168,-9.356541,0.0,0.008552114,-6.1086525E-4,TREMOR,5fa135632fe9
1776793199517,1901423967704911,-2.1212628,1.13964,-9.351752,0.002443461,0.005497787,-0.0018325958,TREMOR,5fa135632fe9
1776793199525,1901423975699993,-2.1188686,1.127669,-9.363723,0.0012217305,0.007330383,0.0,TREMOR,5fa135632fe9
1776793199533,1901423983696075,-2.1021092,1.1300632,-9.354146,0.0018325958,0.004886922,0.0,TREMOR,5fa135632fe9
1776793199541,1901423991691465,-2.099715,1.1133038,-9.361329,0.0012217305,0.004276057,0.0018325958,TREMOR,5fa135632fe9
1776793199549,1901423999688931,-2.0973208,1.103727,-9.363723,0.002443461,0.004276057,0.0,TREMOR,5fa135632fe9
1776793199557,1901424007711706,-2.1092918,1.1061212,-9.361329,0.0030543262,0.0012217305,-0.0018325958,TREMOR,5fa135632fe9
1776793199565,1901424015708018,-2.1092918,1.1013328,-9.354146,0.0012217305,0.0012217305,-0.0030543262,TREMOR,5fa135632fe9
1776793199573,1901424023702793,-2.135628,1.1180922,-9.375694,0.0012217305,0.0012217305,-0.0036651916,TREMOR,5fa135632fe9
1776793199581,1901424031699798,-2.135628,1.1133038,-9.358934,0.0018325958,0.002443461,-0.0036651916,TREMOR,5fa135632fe9
1776793199589,1901424039693649,-2.147599,1.1013328,-9.354146,0.0018325958,0.0018325958,-0.0036651916,TREMOR,5fa135632fe9
1776793199597,1901424047692038,-2.1619642,1.1013328,-9.356541,0.0012217305,6.1086525E-4,-0.005497787,TREMOR,5fa135632fe9
1776793199605,1901424055686582,-2.1763294,1.103727,-9.351752,0.0012217305,6.1086525E-4,-0.0036651916,TREMOR,5fa135632fe9
1776793199613,1901424063710895,-2.183512,1.103727,-9.351752,0.002443461,6.1086525E-4,-0.0030543262,TREMOR,5fa135632fe9
1776793199621,1901424071708053,-2.1930888,1.1109096,-9.3421755,0.0,6.1086525E-4,-0.002443461,TREMOR,5fa135632fe9
1776793199629,1901424079704443,-2.195483,1.115698,-9.358934,0.0012217305,0.0,-0.0036651916,TREMOR,5fa135632fe9
1776793199637,1901424087699140,-2.2002714,1.1204864,-9.332599,0.0012217305,0.0,-0.0018325958,TREMOR,5fa135632fe9
1776793199645,1901424095694530,-2.2002714,1.1300632,-9.356541,0.0030543262,-0.0012217305,6.1086525E-4,TREMOR,5fa135632fe9
1776793199653,1901424103689920,-2.1667526,1.127669,-9.356541,0.0018325958,6.1086525E-4,-0.0012217305,TREMOR,5fa135632fe9
1776793199661,1901424111715848,-2.1883004,1.1228806,-9.346964,0.0018325958,0.0,0.0012217305,TREMOR,5fa135632fe9
1776793199669,1901424119711776,-2.1763294,1.1228806,-9.3733,0.0012217305,-0.0012217305,0.002443461,TREMOR,5fa135632fe9
1776793199677,1901424127707858,-2.1763294,1.127669,-9.361329,6.1086525E-4,-6.1086525E-4,0.002443461,TREMOR,5fa135632fe9
1776793199685,1901424135703247,-2.1667526,1.103727,-9.378088,0.0012217305,-0.0018325958,0.0030543262,TREMOR,5fa135632fe9
1776793199693,1901424143700406,-2.1811178,1.0941502,-9.361329,0.0012217305,0.0,0.0030543262,TREMOR,5fa135632fe9
1776793199701,1901424151695258,-2.1499932,1.0989386,-9.354146,0.0,-0.0018325958,0.004276057,TREMOR,5fa135632fe9
1776793199709,1901424159692724,-2.15957,1.0965444,-9.351752,0.0018325958,-0.002443461,0.0030543262,TREMOR,5fa135632fe9
1776793199717,1901424167684729,-2.1284454,1.091756,-9.349358,0.0,-0.0018325958,0.0018325958,TREMOR,5fa135632fe9
1776793199725,1901424175713042,-2.1428106,1.103727,-9.354146,0.0,-0.0030543262,0.0018325958,TREMOR,5fa135632fe9
1776793199733,1901424183707893,-2.1499932,1.0989386,-9.346964,0.0,-0.0018325958,0.0018325958,TREMOR,5fa135632fe9
1776793199741,1901424191702667,-2.1499932,1.1061212,-9.356541,-0.0012217305,-0.0030543262,0.0030543262,TREMOR,5fa135632fe9
1776793199749,1901424199699288,-2.1499932,1.1252748,-9.354146,-0.002443461,-0.002443461,0.002443461,TREMOR,5fa135632fe9
1776793199757,1901424207694677,-2.1643584,1.1109096,-9.3421755,-0.0036651916,-0.0012217305,0.0018325958,TREMOR,5fa135632fe9
1776793199765,1901424215689990,-2.1667526,1.1300632,-9.361329,-0.0030543262,-0.0012217305,6.1086525E-4,TREMOR,5fa135632fe9
1776793199773,1901424223684841,-2.1930888,1.1324574,-9.358934,-0.0030543262,-6.1086525E-4,0.0018325958,TREMOR,5fa135632fe9
1776793199781,1901424231712462,-2.1883004,1.1420342,-9.351752,-0.0036651916,-6.1086525E-4,0.0018325958,TREMOR,5fa135632fe9
1776793199789,1901424239708236,-2.1906946,1.1324574,-9.3661175,-0.002443461,6.1086525E-4,0.0012217305,TREMOR,5fa135632fe9
1776793199797,1901424247702933,-2.219425,1.1324574,-9.346964,-0.0018325958,0.0012217305,6.1086525E-4,TREMOR,5fa135632fe9
1776793199805,1901424255699323,-2.2122424,1.1372458,-9.363723,-0.0012217305,6.1086525E-4,0.0,TREMOR,5fa135632fe9
1776793199813,1901424263695866,-2.2170308,1.1372458,-9.339781,-0.0018325958,0.0012217305,6.1086525E-4,TREMOR,5fa135632fe9
1776793199821,1901424271689410,-2.219425,1.1420342,-9.346964,0.0,0.0030543262,0.0012217305,TREMOR,5fa135632fe9
1776793199829,1901424279717492,-2.2050598,1.13964,-9.337387,-6.1086525E-4,0.002443461,-6.1086525E-4,TREMOR,5fa135632fe9
1776793199837,1901424287710727,-2.2098482,1.1372458,-9.356541,6.1086525E-4,0.0036651916,-0.0012217305,TREMOR,5fa135632fe9
1776793199845,1901424295707579,-2.1859062,1.151611,-9.337387,-6.1086525E-4,0.0036651916,-0.002443461,TREMOR,5fa135632fe9
1776793199853,1901424303702353,-2.1978772,1.1300632,-9.337387,0.0012217305,0.005497787,-0.0036651916,TREMOR,5fa135632fe9
1776793199861,1901424311698973,-2.1906946,1.1204864,-9.349358,0.0,0.005497787,-0.0030543262,TREMOR,5fa135632fe9
1776793199869,1901424319693440,-2.1691468,1.1204864,-9.358934,0.0012217305,0.007330383,-0.002443461,TREMOR,5fa135632fe9
1776793199877,1901424327689522,-2.147599,1.127669,-9.361329,0.0,0.004886922,-0.002443461,TREMOR,5fa135632fe9
1776793199885,1901424335685835,-2.15957,1.1300632,-9.363723,-0.0018325958,0.004886922,-0.0018325958,TREMOR,5fa135632fe9
1776793199893,1901424343711609,-2.1284454,1.1109096,-9.349358,-6.1086525E-4,0.004886922,-0.0036651916,TREMOR,5fa135632fe9
1776793199901,1901424351707306,-2.1284454,1.0941502,-9.361329,-6.1086525E-4,0.002443461,-6.1086525E-4,TREMOR,5fa135632fe9
1776793199909,1901424359702465,-2.1284454,1.1133038,-9.361329,0.0012217305,0.002443461,-0.0012217305,TREMOR,5fa135632fe9
1776793199917,1901424367696932,-2.1045034,1.1228806,-9.344569,0.0,0.0030543262,6.1086525E-4,TREMOR,5fa135632fe9
1776793199925,1901424375694475,-2.1188686,1.1085154,-9.346964,-6.1086525E-4,0.0018325958,0.0,TREMOR,5fa135632fe9
1776793199933,1901424383688942,-2.1092918,1.1180922,-9.351752,0.0,0.0,6.1086525E-4,TREMOR,5fa135632fe9
1776793199941,1901424391716023,-2.1404164,1.1228806,-9.349358,0.0,0.0012217305,0.0,TREMOR,5fa135632fe9
1776793199949,1901424399711336,-2.1452048,1.1372458,-9.363723,-0.0012217305,0.002443461,-0.002443461,TREMOR,5fa135632fe9
1776793199957,1901424407707034,-2.147599,1.13964,-9.368511,0.0,0.0018325958,-0.0012217305,TREMOR,5fa135632fe9
1776793199965,1901424415702192,-2.1787236,1.1348516,-9.358934,0.0,0.0012217305,-0.0018325958,TREMOR,5fa135632fe9
1776793199973,1901424423698120,-2.183512,1.127669,-9.351752,0.0018325958,6.1086525E-4,-0.0018325958,TREMOR,5fa135632fe9
1776793199981,1901424431694126,-2.1883004,1.1180922,-9.354146,0.002443461,-6.1086525E-4,-0.0012217305,TREMOR,5fa135632fe9
1776793199989,1901424439688669,-2.1787236,1.1204864,-9.351752,0.0012217305,0.0,-6.1086525E-4,TREMOR,5fa135632fe9
1776793199997,1901424447716366,-2.1859062,1.1133038,-9.349358,0.0036651916,-0.0012217305,-0.0018325958,TREMOR,5fa135632fe9
1776793200005,1901424455711679,-2.1667526,1.0989386,-9.354146,0.002443461,0.002443461,0.002443461,TREMOR,5fa135632fe9
1776793200013,1901424463707761,-2.1667526,1.0965444,-9.356541,0.004276057,0.0,0.0036651916,TREMOR,5fa135632fe9
1776793200021,1901424471701843,-2.1643584,1.0941502,-9.358934,0.004276057,-0.0018325958,0.0036651916,TREMOR,5fa135632fe9
1776793200029,1901424479696386,-2.1547816,1.091756,-9.346964,0.004886922,-0.0036651916,0.004276057,TREMOR,5fa135632fe9
1776793200037,1901424487692699,-2.1380222,1.0965444,-9.351752,0.005497787,-0.005497787,0.0036651916,TREMOR,5fa135632fe9
1776793200045,1901424495688627,-2.111686,1.0941502,-9.351752,0.004276057,-0.005497787,0.004276057,TREMOR,5fa135632fe9
1776793200053,1901424503715478,-2.0973208,1.0845734,-9.356541,0.002443461,-0.0067195175,0.0030543262,TREMOR,5fa135632fe9
1776793200061,1901424511710868,-2.1092918,1.1228806,-9.349358,0.0,-0.007941248,0.0018325958,TREMOR,5fa135632fe9
1776793200069,1901424519708411,-2.1212628,1.1013328,-9.346964,6.1086525E-4,-0.009162978,0.002443461,TREMOR,5fa135632fe9
1776793200077,1901424527702878,-2.135628,1.1228806,-9.356541,0.0,-0.008552114,0.002443461,TREMOR,5fa135632fe9
1776793200085,1901424535697883,-2.1452048,1.1180922,-9.339781,-6.1086525E-4,-0.007941248,-6.1086525E-4,TREMOR,5fa135632fe9
1776793200093,1901424543692734,-2.1571758,1.1180922,-9.334992,0.0,-0.009773844,0.0012217305,TREMOR,5fa135632fe9
1776793200101,1901424551688739,-2.1691468,1.1444284,-9.3421755,0.0,-0.007330383,0.0,TREMOR,5fa135632fe9
1776793200109,1901424559715437,-2.1906946,1.1540052,-9.346964,-0.0018325958,-0.007330383,0.0012217305,TREMOR,5fa135632fe9
1776793200117,1901424567712134,-2.1906946,1.1492168,-9.332599,-6.1086525E-4,-0.0067195175,-0.0012217305,TREMOR,5fa135632fe9
1776793200125,1901424575706908,-2.195483,1.1492168,-9.339781,-0.0012217305,-0.002443461,-6.1086525E-4,TREMOR,5fa135632fe9
1776793200133,1901424583700452,-2.2337902,1.1444284,-9.349358,-6.1086525E-4,-0.002443461,0.0,TREMOR,5fa135632fe9
1776793200141,1901424591697918,-2.231396,1.1372458,-9.3421755,0.0,0.0,0.002443461,TREMOR,5fa135632fe9
1776793200149,1901424599692462,-2.2242134,1.1420342,-9.344569,-6.1086525E-4,-6.1086525E-4,0.0018325958,TREMOR,5fa135632fe9
1776793200157,1901424607688774,-2.243367,1.1372458,-9.3421755,6.1086525E-4,0.0,0.0036651916,TREMOR,5fa135632fe9
1776793200165,1901424615714318,-2.2242134,1.1228806,-9.358934,-6.1086525E-4,0.0018325958,0.004276057,TREMOR,5fa135632fe9
1776793200173,1901424623709708,-2.2218192,1.1228806,-9.346964,0.0,0.0018325958,0.002443461,TREMOR,5fa135632fe9
1776793200181,1901424631706251,-2.2266076,1.1061212,-9.3421755,0.0,0.002443461,0.004886922,TREMOR,5fa135632fe9
1776793200189,1901424639701718,-2.2170308,1.115698,-9.351752,-0.0018325958,6.1086525E-4,0.0012217305,TREMOR,5fa135632fe9
1776793200197,1901424647696492,-2.1883004,1.127669,-9.3421755,-0.0018325958,0.0012217305,-6.1086525E-4,TREMOR,5fa135632fe9
1776793200205,1901424655691497,-2.183512,1.1252748,-9.346964,-0.002443461,0.002443461,-0.002443461,TREMOR,5fa135632fe9
1776793200213,1901424663689963,-2.1787236,1.1228806,-9.3421755,-0.0036651916,0.002443461,-0.0012217305,TREMOR,5fa135632fe9
1776793200221,1901424671715199,-2.1643584,1.1204864,-9.3661175,-0.004276057,0.004276057,-0.0018325958,TREMOR,5fa135632fe9
1776793200229,1901424679709358,-2.171541,1.1372458,-9.344569,-0.0036651916,0.005497787,-0.002443461,TREMOR,5fa135632fe9
1776793200237,1901424687705978,-2.1499932,1.1228806,-9.3421755,-0.0030543262,0.008552114,-0.004276057,TREMOR,5fa135632fe9
1776793200245,1901424695701060,-2.1523874,1.127669,-9.339781,-0.002443461,0.009773844,-0.0036651916,TREMOR,5fa135632fe9
1776793200253,1901424703696758,-2.1523874,1.1563994,-9.323022,-0.0030543262,0.01038471,-0.004886922,TREMOR,5fa135632fe9
1776793200261,1901424711693455,-2.1547816,1.163582,-9.349358,-0.0012217305,0.01038471,-0.005497787,TREMOR,5fa135632fe9
1776793200269,1901424719689152,-2.1380222,1.1563994,-9.330204,-0.002443461,0.012217305,-0.005497787,TREMOR,5fa135632fe9
1776793200277,1901424727714080,-2.1452048,1.1659763,-9.344569,-0.002443461,0.009773844,-0.0036651916,TREMOR,5fa135632fe9
1776793200285,1901424735710624,-2.1571758,1.1563994,-9.363723,-0.0018325958,0.010995574,-0.004276057,TREMOR,5fa135632fe9
1776793200293,1901424743704167,-2.1404164,1.1420342,-9.339781,-0.0012217305,0.0067195175,-0.004276057,TREMOR,5fa135632fe9
1776793200301,1901424751702019,-2.1428106,1.1372458,-9.351752,6.1086525E-4,0.007330383,-0.0030543262,TREMOR,5fa135632fe9
1776793200309,1901424759697485,-2.1332338,1.1252748,-9.368511,0.0012217305,0.0067195175,-0.0012217305,TREMOR,5fa135632fe9
1776793200317,1901424767691567,-2.135628,1.1252748,-9.346964,0.0030543262,0.0036651916,-0.0018325958,TREMOR,5fa135632fe9
1776793200325,1901424775687264,-2.123657,1.1013328,-9.354146,0.0018325958,0.0030543262,-6.1086525E-4,TREMOR,5fa135632fe9
1776793200333,1901424783714039,-2.1284454,1.1085154,-9.3421755,0.0018325958,0.0,0.0018325958,TREMOR,5fa135632fe9
1776793200341,1901424791708890,-2.099715,1.0941502,-9.344569,0.0030543262,-0.0018325958,0.0,TREMOR,5fa135632fe9
1776793200349,1901424799705741,-2.0925324,1.0893618,-9.3421755,0.0030543262,-0.0030543262,0.004276057,TREMOR,5fa135632fe9
1776793200357,1901424807701131,-2.1092918,1.0845734,-9.351752,0.0030543262,-0.0061086523,0.0012217305,TREMOR,5fa135632fe9
1776793200365,1901424815697213,-2.1021092,1.0821792,-9.368511,0.0018325958,-0.0061086523,0.0018325958,TREMOR,5fa135632fe9
1776793200373,1901424823691679,-2.1332338,1.0893618,-9.382876,6.1086525E-4,-0.007330383,0.0036651916,TREMOR,5fa135632fe9
1776793200381,1901424831686761,-2.1308396,1.0845734,-9.363723,0.0,-0.004886922,0.0030543262,TREMOR,5fa135632fe9
1776793200389,1901424839714689,-2.1452048,1.079785,-9.3661175,-6.1086525E-4,-0.005497787,0.0012217305,TREMOR,5fa135632fe9
1776793200397,1901424847711079,-2.1571758,1.0941502,-9.361329,0.0,-0.005497787,6.1086525E-4,TREMOR,5fa135632fe9
1776793200405,1901424855704930,-2.1667526,1.103727,-9.363723,0.0,-0.004276057,-6.1086525E-4,TREMOR,5fa135632fe9
1776793200413,1901424863701473,-2.1859062,1.1324574,-9.370906,-6.1086525E-4,-0.004886922,-6.1086525E-4,TREMOR,5fa135632fe9
1776793200421,1901424871695402,-2.1763294,1.115698,-9.356541,-0.0012217305,-0.004886922,-6.1086525E-4,TREMOR,5fa135632fe9
1776793200429,1901424879692560,-2.2026656,1.13964,-9.351752,-6.1086525E-4,-0.004886922,-0.0030543262,TREMOR,5fa135632fe9
1776793200437,1901424887687950,-2.2170308,1.1372458,-9.356541,6.1086525E-4,-0.004886922,-0.002443461,TREMOR,5fa135632fe9
1776793200445,1901424895713263,-2.2098482,1.1228806,-9.337387,-6.1086525E-4,-0.0061086523,0.0,TREMOR,5fa135632fe9
1776793200453,1901424903709499,-2.2170308,1.1300632,-9.332599,-6.1086525E-4,-0.005497787,-6.1086525E-4,TREMOR,5fa135632fe9
1776793200461,1901424911704581,-2.2098482,1.1252748,-9.349358,0.0012217305,-0.005497787,6.1086525E-4,TREMOR,5fa135632fe9
1776793200469,1901424919699662,-2.2098482,1.1324574,-9.3421755,6.1086525E-4,-0.004886922,0.0,TREMOR,5fa135632fe9
1776793200477,1901424927695437,-2.2266076,1.1300632,-9.354146,0.0,-0.0012217305,0.0018325958,TREMOR,5fa135632fe9
1776793200485,1901424935691365,-2.207454,1.1324574,-9.358934,0.0,-0.0018325958,0.002443461,TREMOR,5fa135632fe9
1776793200493,1901424943718139,-2.1930888,1.1468226,-9.344569,6.1086525E-4,6.1086525E-4,-6.1086525E-4,TREMOR,5fa135632fe9
1776793200501,1901424951713606,-2.1930888,1.1348516,-9.344569,0.0,0.0,0.0018325958,TREMOR,5fa135632fe9
1776793200509,1901424959708380,-2.1787236,1.1228806,-9.344569,-6.1086525E-4,0.004276057,0.0012217305,TREMOR,5fa135632fe9
1776793200517,1901424967705000,-2.1883004,1.1300632,-9.346964,-0.0012217305,0.0036651916,6.1086525E-4,TREMOR,5fa135632fe9
1776793200525,1901424975700621,-2.1619642,1.1228806,-9.334992,-0.002443461,0.0036651916,0.0012217305,TREMOR,5fa135632fe9
1776793200533,1901424983695395,-2.183512,1.1492168,-9.334992,-0.0018325958,0.004276057,0.0,TREMOR,5fa135632fe9
1776793200541,1901424991691708,-2.1883004,1.1180922,-9.351752,-0.002443461,0.005497787,-0.0018325958,TREMOR,5fa135632fe9
1776793200549,1901424999687405,-2.1691468,1.1348516,-9.370906,-0.0036651916,0.0067195175,-0.0018325958,TREMOR,5fa135632fe9
1776793200557,1901425007715487,-2.1667526,1.1420342,-9.3421755,-0.0036651916,0.0067195175,-0.002443461,TREMOR,5fa135632fe9
1776793200565,1901425015709030,-2.1547816,1.1180922,-9.361329,-0.0030543262,0.008552114,-0.002443461,TREMOR,5fa135632fe9
1776793200573,1901425023706189,-2.171541,1.1180922,-9.346964,-0.004276057,0.008552114,-0.0018325958,TREMOR,5fa135632fe9
1776793200581,1901425031699425,-2.1667526,1.127669,-9.356541,-0.002443461,0.008552114,-0.002443461,TREMOR,5fa135632fe9
1776793200589,1901425039696661,-2.1499932,1.1348516,-9.339781,-0.0018325958,0.005497787,-0.0018325958,TREMOR,5fa135632fe9
1776793200597,1901425047690281,-2.1404164,1.1252748,-9.354146,-0.0012217305,0.0067195175,-0.0012217305,TREMOR,5fa135632fe9
1776793200605,1901425055718286,-2.135628,1.1109096,-9.3421755,0.0,0.005497787,-0.002443461,TREMOR,5fa135632fe9
1776793200613,1901425063712984,-2.1308396,1.1252748,-9.356541,-6.1086525E-4,0.004276057,-0.002443461,TREMOR,5fa135632fe9
1776793200621,1901425071707758,-2.111686,1.1109096,-9.356541,6.1086525E-4,0.0030543262,-0.0012217305,TREMOR,5fa135632fe9
1776793200629,1901425079704147,-2.1212628,1.0989386,-9.346964,-0.0012217305,0.0012217305,6.1086525E-4,TREMOR,5fa135632fe9
1776793200637,1901425087699460,-2.1164744,1.1061212,-9.351752,0.0012217305,-0.0018325958,6.1086525E-4,TREMOR,5fa135632fe9
1776793200645,1901425095694542,-2.135628,1.0869676,-9.351752,0.0018325958,-0.0036651916,-6.1086525E-4,TREMOR,5fa135632fe9
1776793200653,1901425103690932,-2.1164744,1.0941502,-9.344569,0.0,-0.0036651916,0.0012217305,TREMOR,5fa135632fe9
1776793200661,1901425111716168,-2.1212628,1.0965444,-9.351752,0.0012217305,-0.004276057,0.0,TREMOR,5fa135632fe9
1776793200669,1901425119713403,-2.1332338,1.1133038,-9.356541,0.0012217305,-0.0067195175,0.0012217305,TREMOR,5fa135632fe9
1776793200677,1901425127710254,-2.1332338,1.0965444,-9.354146,6.1086525E-4,-0.005497787,0.0,TREMOR,5fa135632fe9
1776793200685,1901425135703490,-2.1499932,1.1061212,-9.351752,0.0012217305,-0.0067195175,-0.0018325958,TREMOR,5fa135632fe9
1776793200693,1901425143700111,-2.1499932,1.1085154,-9.354146,0.0,-0.0061086523,-0.0012217305,TREMOR,5fa135632fe9
1776793200701,1901425151695885,-2.1691468,1.1133038,-9.370906,6.1086525E-4,-0.0030543262,-0.0030543262,TREMOR,5fa135632fe9
1776793200709,1901425159690275,-2.1643584,1.1085154,-9.337387,0.0012217305,-0.004886922,-6.1086525E-4,TREMOR,5fa135632fe9
1776793200717,1901425167686587,-2.1978772,1.1109096,-9.361329,0.0,-0.0036651916,0.0012217305,TREMOR,5fa135632fe9
1776793200725,1901425175712823,-2.1883004,1.1324574,-9.346964,0.0,-0.0030543262,-6.1086525E-4,TREMOR,5fa135632fe9
1776793200733,1901425183708213,-2.2050598,1.1324574,-9.337387,6.1086525E-4,-0.0036651916,0.0,TREMOR,5fa135632fe9
1776793200741,1901425191704218,-2.2026656,1.1252748,-9.339781,6.1086525E-4,-0.0030543262,0.0,TREMOR,5fa135632fe9
1776793200749,1901425199701453,-2.2050598,1.1348516,-9.346964,6.1086525E-4,-0.0030543262,0.002443461,TREMOR,5fa135632fe9
1776793200757,1901425207694612,-2.207454,1.1492168,-9.337387,0.0012217305,-0.0030543262,0.004886922,TREMOR,5fa135632fe9
1776793200765,1901425215689387,-2.2002714,1.1468226,-9.351752,0.0012217305,-0.004276057,0.0018325958,TREMOR,5fa135632fe9
1776793200773,1901425223715545,-2.1859062,1.1204864,-9.332599,-0.0012217305,-0.004276057,0.004276057,TREMOR,5fa135632fe9
1776793200781,1901425231712166,-2.195483,1.13964,-9.339781,-0.0012217305,-0.002443461,0.004276057,TREMOR,5fa135632fe9
1776793200789,1901425239708863,-2.1859062,1.1372458,-9.330204,-6.1086525E-4,-0.002443461,0.0030543262,TREMOR,5fa135632fe9
1776793200797,1901425247705099,-2.171541,1.1420342,-9.349358,-0.0018325958,-0.002443461,0.0030543262,TREMOR,5fa135632fe9
1776793200805,1901425255698104,-2.1643584,1.13964,-9.32781,-0.002443461,-0.002443461,0.002443461,TREMOR,5fa135632fe9
1776793200813,1901425263694417,-2.147599,1.1468226,-9.354146,-0.0036651916,0.0018325958,0.0030543262,TREMOR,5fa135632fe9
1776793200821,1901425271689729,-2.1547816,1.1348516,-9.344569,-0.0030543262,6.1086525E-4,0.002443461,TREMOR,5fa135632fe9
1776793200829,1901425279717119,-2.1404164,1.1324574,-9.358934,-0.0018325958,0.0036651916,0.0018325958,TREMOR,5fa135632fe9
1776793200837,1901425287712586,-2.15957,1.1252748,-9.344569,-0.002443461,0.005497787,0.0012217305,TREMOR,5fa135632fe9
1776793200845,1901425295709206,-2.1499932,1.1300632,-9.346964,-0.0012217305,0.002443461,0.0012217305,TREMOR,5fa135632fe9
1776793200853,1901425303703288,-2.1452048,1.1204864,-9.339781,-0.0018325958,0.004886922,6.1086525E-4,TREMOR,5fa135632fe9
1776793200861,1901425311699678,-2.1547816,1.115698,-9.351752,-6.1086525E-4,0.0012217305,-6.1086525E-4,TREMOR,5fa135632fe9
1776793200869,1901425319696606,-2.1428106,1.1013328,-9.349358,6.1086525E-4,0.0012217305,0.0012217305,TREMOR,5fa135632fe9
1776793200877,1901425327690380,-2.1332338,1.1180922,-9.3421755,-0.0012217305,-6.1086525E-4,0.002443461,TREMOR,5fa135632fe9
1776793200885,1901425335688000,-2.1260512,1.1133038,-9.351752,0.0,-0.0030543262,0.0,TREMOR,5fa135632fe9
1776793200893,1901425343712313,-2.1380222,1.0965444,-9.363723,0.0012217305,-0.0036651916,0.0,TREMOR,5fa135632fe9
1776793200901,1901425351707626,-2.1428106,1.115698,-9.363723,-6.1086525E-4,-0.004276057,0.0036651916,TREMOR,5fa135632fe9
1776793200909,1901425359704015,-2.1547816,1.1013328,-9.368511,0.0012217305,-0.004886922,0.0036651916,TREMOR,5fa135632fe9
1776793200917,1901425367699020,-2.1571758,1.0845734,-9.351752,6.1086525E-4,-0.005497787,0.0036651916,TREMOR,5fa135632fe9
1776793200925,1901425375694410,-2.1811178,1.0893618,-9.356541,0.0,-0.004886922,0.0018325958,TREMOR,5fa135632fe9
1776793200933,1901425383690415,-2.1811178,1.0726024,-9.339781,-6.1086525E-4,-0.005497787,0.0030543262,TREMOR,5fa135632fe9
1776793200941,1901425391715728,-2.1978772,1.1085154,-9.351752,-0.0012217305,-0.0030543262,0.0018325958,TREMOR,5fa135632fe9
1776793200949,1901425399711964,-2.1930888,1.1228806,-9.354146,-6.1086525E-4,-0.002443461,6.1086525E-4,TREMOR,5fa135632fe9
1776793200957,1901425407706122,-2.2050598,1.115698,-9.358934,-0.002443461,-0.0012217305,-0.002443461,TREMOR,5fa135632fe9
1776793200965,1901425415701589,-2.1930888,1.1492168,-9.346964,-0.0036651916,0.0030543262,-0.002443461,TREMOR,5fa135632fe9
1776793200973,1901425423700363,-2.2098482,1.1611878,-9.337387,-0.005497787,0.002443461,-0.0012217305,TREMOR,5fa135632fe9
1776793200981,1901425431693522,-2.2337902,1.1587936,-9.337387,-0.002443461,0.004886922,-0.004276057,TREMOR,5fa135632fe9
1776793200989,1901425439690835,-2.207454,1.1611878,-9.330204,-0.0030543262,0.0061086523,-0.0018325958,TREMOR,5fa135632fe9
1776793200997,1901425447716301,-2.2361844,1.1683705,-9.337387,-0.002443461,0.0067195175,-0.0018325958,TREMOR,5fa135632fe9
1776793201005,1901425455711076,-2.2170308,1.163582,-9.3421755,-0.0018325958,0.0061086523,6.1086525E-4,TREMOR,5fa135632fe9
1776793201013,1901425463707465,-2.231396,1.1468226,-9.356541,-6.1086525E-4,0.0061086523,-0.002443461,TREMOR,5fa135632fe9
1776793201021,1901425471702855,-2.2050598,1.1444284,-9.346964,-6.1086525E-4,0.004886922,-6.1086525E-4,TREMOR,5fa135632fe9
1776793201029,1901425479696937,-2.1859062,1.1324574,-9.354146,-6.1086525E-4,0.007330383,6.1086525E-4,TREMOR,5fa135632fe9
1776793201037,1901425487695403,-2.1667526,1.115698,-9.358934,-6.1086525E-4,0.0061086523,0.0012217305,TREMOR,5fa135632fe9
1776793201045,1901425495689870,-2.1499932,1.1061212,-9.346964,0.0012217305,0.0067195175,0.0012217305,TREMOR,5fa135632fe9
1776793201053,1901425503715183,-2.1284454,1.1085154,-9.349358,-6.1086525E-4,0.007941248,6.1086525E-4,TREMOR,5fa135632fe9
1776793201061,1901425511710803,-2.1308396,1.1061212,-9.344569,6.1086525E-4,0.009773844,-6.1086525E-4,TREMOR,5fa135632fe9
1776793201069,1901425519707116,-2.1092918,1.1109096,-9.358934,-0.0012217305,0.009162978,-0.0018325958,TREMOR,5fa135632fe9
1776793201077,1901425527702198,-2.111686,1.0845734,-9.368511,-0.002443461,0.01160644,-6.1086525E-4,TREMOR,5fa135632fe9
1776793201085,1901425535697587,-2.1188686,1.1085154,-9.351752,-0.0018325958,0.01160644,-0.0012217305,TREMOR,5fa135632fe9
1776793201093,1901425543693285,-2.111686,1.0893618,-9.361329,-0.004276057,0.009773844,-0.0030543262,TREMOR,5fa135632fe9
1776793201101,1901425551688367,-2.1164744,1.091756,-9.368511,-0.0018325958,0.010995574,-0.0036651916,TREMOR,5fa135632fe9
1776793201109,1901425559715449,-2.1164744,1.0845734,-9.358934,-6.1086525E-4,0.009162978,-0.005497787,TREMOR,5fa135632fe9
1776793201117,1901425567711454,-2.111686,1.079785,-9.370906,-0.002443461,0.007941248,-0.0061086523,TREMOR,5fa135632fe9
1776793201125,1901425575705612,-2.111686,1.0989386,-9.3661175,0.0,0.0067195175,-0.004276057,TREMOR,5fa135632fe9
1776793201133,1901425583703156,-2.1260512,1.0965444,-9.339781,0.0,0.0036651916,-0.0061086523,TREMOR,5fa135632fe9
1776793201141,1901425591698546,-2.1092918,1.1061212,-9.349358,-6.1086525E-4,0.002443461,-0.0036651916,TREMOR,5fa135632fe9
1776793201149,1901425599695781,-2.1164744,1.1085154,-9.337387,-6.1086525E-4,0.0,-0.0030543262,TREMOR,5fa135632fe9
1776793201157,1901425607690863,-2.1188686,1.127669,-9.325416,-6.1086525E-4,-6.1086525E-4,-0.002443461,TREMOR,5fa135632fe9
1776793201165,1901425615714330,-2.1068976,1.1372458,-9.325416,-0.0018325958,-0.0036651916,-6.1086525E-4,TREMOR,5fa135632fe9
1776793201173,1901425623711258,-2.1068976,1.1587936,-9.330204,-0.0030543262,-0.004276057,0.0030543262,TREMOR,5fa135632fe9
1776793201181,1901425631706263,-2.1188686,1.1731589,-9.320627,-0.002443461,-0.007941248,0.0030543262,TREMOR,5fa135632fe9
1776793201189,1901425639700806,-2.123657,1.1803415,-9.3421755,-0.004886922,-0.01160644,0.005497787,TREMOR,5fa135632fe9
1776793201197,1901425647698273,-2.1284454,1.1779473,-9.349358,-0.005497787,-0.013439035,0.005497787,TREMOR,5fa135632fe9
1776793201205,1901425655693663,-2.1619642,1.1707647,-9.346964,-0.004886922,-0.013439035,0.007941248,TREMOR,5fa135632fe9
1776793201213,1901425663689360,-2.1404164,1.163582,-9.356541,-0.002443461,-0.014049901,0.009162978,TREMOR,5fa135632fe9
1776793201221,1901425671715211,-2.15957,1.1563994,-9.361329,-0.0012217305,-0.015882496,0.010995574,TREMOR,5fa135632fe9
1776793201229,1901425679710370,-2.1859062,1.1300632,-9.3733,-6.1086525E-4,-0.017104227,0.01160644,TREMOR,5fa135632fe9
1776793201237,1901425687706683,-2.1643584,1.1133038,-9.3661175,0.0018325958,-0.015271631,0.012217305,TREMOR,5fa135632fe9
1776793201245,1901425695702303,-2.183512,1.1180922,-9.358934,0.0036651916,-0.016493361,0.010995574,TREMOR,5fa135632fe9
1776793201253,1901425703697462,-2.1763294,1.1085154,-9.368511,0.004276057,-0.015882496,0.010995574,TREMOR,5fa135632fe9
1776793201261,1901425711693775,-2.1691468,1.1013328,-9.3661175,0.005497787,-0.015882496,0.007941248,TREMOR,5fa135632fe9
1776793201269,1901425719689780,-2.1619642,1.1061212,-9.3661175,0.005497787,-0.016493361,0.0061086523,TREMOR,5fa135632fe9
1776793201277,1901425727715016,-2.1643584,1.1133038,-9.356541,0.005497787,-0.015882496,0.004276057,TREMOR,5fa135632fe9
1776793201285,1901425735711636,-2.1978772,1.1228806,-9.361329,0.005497787,-0.015882496,0.0036651916,TREMOR,5fa135632fe9
1776793201293,1901425743705795,-2.2026656,1.1133038,-9.346964,0.0036651916,-0.010995574,0.0012217305,TREMOR,5fa135632fe9
1776793201301,1901425751702723,-2.2002714,1.1348516,-9.330204,0.0036651916,-0.01160644,0.0,TREMOR,5fa135632fe9
1776793201309,1901425759699651,-2.2170308,1.127669,-9.346964,0.004276057,-0.009162978,-0.002443461,TREMOR,5fa135632fe9
1776793201317,1901425767693425,-2.2290018,1.151611,-9.344569,0.002443461,-0.009162978,-0.004886922,TREMOR,5fa135632fe9
1776793201325,1901425775689199,-2.243367,1.1563994,-9.349358,6.1086525E-4,-0.004886922,-0.004886922,TREMOR,5fa135632fe9
1776793201333,1901425783714666,-2.267309,1.1540052,-9.349358,0.0,-0.0036651916,-0.005497787,TREMOR,5fa135632fe9
1776793201341,1901425791709517,-2.2625206,1.1755531,-9.330204,6.1086525E-4,-6.1086525E-4,-0.004886922,TREMOR,5fa135632fe9
1776793201349,1901425799706676,-2.2888567,1.1611878,-9.344569,-0.0012217305,0.002443461,-0.0067195175,TREMOR,5fa135632fe9
1776793201357,1901425807700220,-2.267309,1.1659763,-9.354146,-0.0012217305,0.004886922,-0.007330383,TREMOR,5fa135632fe9
1776793201365,1901425815698071,-2.27928,1.1492168,-9.351752,6.1086525E-4,0.01160644,-0.007941248,TREMOR,5fa135632fe9
1776793201373,1901425823692922,-2.243367,1.1659763,-9.344569,-0.0012217305,0.010995574,-0.008552114,TREMOR,5fa135632fe9
1776793201381,1901425831689465,-2.2409728,1.1492168,-9.354146,-6.1086525E-4,0.01282817,-0.009162978,TREMOR,5fa135632fe9
1776793201389,1901425839713163,-2.2409728,1.127669,-9.356541,0.0,0.013439035,-0.009162978,TREMOR,5fa135632fe9
1776793201397,1901425847709860,-2.207454,1.1324574,-9.363723,-6.1086525E-4,0.013439035,-0.009773844,TREMOR,5fa135632fe9
1776793201405,1901425855705865,-2.1906946,1.1204864,-9.346964,-6.1086525E-4,0.014660766,-0.0061086523,TREMOR,5fa135632fe9
1776793201413,1901425863700947,-2.1763294,1.1109096,-9.358934,6.1086525E-4,0.015271631,-0.005497787,TREMOR,5fa135632fe9
1776793201421,1901425871697260,-2.147599,1.103727,-9.363723,-0.0012217305,0.015271631,-0.0061086523,TREMOR,5fa135632fe9
1776793201429,1901425879694803,-2.1212628,1.0845734,-9.375694,0.0,0.013439035,-0.0061086523,TREMOR,5fa135632fe9
1776793201437,1901425887688270,-2.1140802,1.0869676,-9.375694,6.1086525E-4,0.014049901,-0.0036651916,TREMOR,5fa135632fe9
1776793201445,1901425895716582,-2.099715,1.0726024,-9.375694,-0.0012217305,0.01160644,-0.0036651916,TREMOR,5fa135632fe9
1776793201453,1901425903711664,-2.0949266,1.0821792,-9.3733,-6.1086525E-4,0.010995574,-0.0018325958,TREMOR,5fa135632fe9
1776793201461,1901425911706208,-2.078167,1.0726024,-9.3733,-0.0036651916,0.012217305,-0.0030543262,TREMOR,5fa135632fe9
1776793201469,1901425919702444,-2.066196,1.0726024,-9.3733,-0.004886922,0.009162978,-0.002443461,TREMOR,5fa135632fe9
1776793201477,1901425927695756,-2.066196,1.0989386,-9.368511,-0.004886922,0.009773844,-0.0036651916,TREMOR,5fa135632fe9
1776793201485,1901425935692377,-2.0709844,1.103727,-9.363723,-0.004276057,0.008552114,-0.0018325958,TREMOR,5fa135632fe9
1776793201493,1901425943718459,-2.087744,1.1180922,-9.363723,-0.005497787,0.008552114,-0.0030543262,TREMOR,5fa135632fe9
1776793201501,1901425951713618,-2.0925324,1.1180922,-9.375694,-0.004276057,0.007941248,-0.005497787,TREMOR,5fa135632fe9
1776793201509,1901425959709007,-2.111686,1.1204864,-9.3661175,-0.0030543262,0.004886922,-0.0036651916,TREMOR,5fa135632fe9
1776793201517,1901425967706243,-2.1260512,1.1228806,-9.344569,-0.0036651916,0.0036651916,-0.0030543262,TREMOR,5fa135632fe9
1776793201525,1901425975700710,-2.1332338,1.1444284,-9.346964,-6.1086525E-4,6.1086525E-4,-0.002443461,TREMOR,5fa135632fe9
1776793201533,1901425983697945,-2.1643584,1.1300632,-9.361329,0.0012217305,-0.0012217305,-0.0012217305,TREMOR,5fa135632fe9
1776793201541,1901425991691412,-2.15957,1.1324574,-9.334992,0.0018325958,-0.0061086523,0.0,TREMOR,5fa135632fe9
1776793201549,1901425999719186,-2.171541,1.1468226,-9.356541,0.0036651916,-0.007330383,0.0018325958,TREMOR,5fa135632fe9
1776793201557,1901426007712422,-2.1739352,1.13964,-9.339781,0.002443461,-0.007941248,0.0030543262,TREMOR,5fa135632fe9
1776793201565,1901426015709658,-2.1859062,1.151611,-9.349358,0.0036651916,-0.012217305,0.0030543262,TREMOR,5fa135632fe9
1776793201573,1901426023705663,-2.1811178,1.151611,-9.334992,0.0036651916,-0.01160644,0.0012217305,TREMOR,5fa135632fe9
1776793201581,1901426031699514,-2.1619642,1.1540052,-9.354146,0.0018325958,-0.01160644,0.0018325958,TREMOR,5fa135632fe9
1776793201589,1901426039695750,-2.1906946,1.1468226,-9.375694,0.002443461,-0.01160644,0.002443461,TREMOR,5fa135632fe9
1776793201597,1901426047692139,-2.171541,1.1133038,-9.3421755,0.0018325958,-0.009162978,0.0030543262,TREMOR,5fa135632fe9
1776793201605,1901426055717606,-2.171541,1.1133038,-9.368511,0.0,-0.007941248,0.0012217305,TREMOR,5fa135632fe9
1776793201613,1901426063714611,-2.1619642,1.1133038,-9.368511,0.0012217305,-0.007330383,0.0012217305,TREMOR,5fa135632fe9
1776793201621,1901426071708770,-2.1787236,1.1109096,-9.361329,6.1086525E-4,-0.0061086523,6.1086525E-4,TREMOR,5fa135632fe9
1776793201629,1901426079704467,-2.1906946,1.1013328,-9.3661175,0.0018325958,-0.0061086523,0.0018325958,TREMOR,5fa135632fe9
1776793201637,1901426087702241,-2.1763294,1.091756,-9.368511,6.1086525E-4,-0.005497787,6.1086525E-4,TREMOR,5fa135632fe9
1776793201645,1901426095694939,-2.1883004,1.091756,-9.375694,6.1086525E-4,-0.004886922,0.0012217305,TREMOR,5fa135632fe9
1776793201653,1901426103691790,-2.1691468,1.0773908,-9.370906,6.1086525E-4,-0.0030543262,6.1086525E-4,TREMOR,5fa135632fe9
1776793201661,1901426111686564,-2.1763294,1.067814,-9.370906,0.0012217305,-0.0030543262,0.004276057,TREMOR,5fa135632fe9
1776793201669,1901426119713031,-2.171541,1.0749966,-9.375694,6.1086525E-4,-0.002443461,0.002443461,TREMOR,5fa135632fe9
1776793201677,1901426127708497,-2.1571758,1.091756,-9.358934,0.0012217305,-0.002443461,0.0012217305,TREMOR,5fa135632fe9
1776793201685,1901426135703502,-2.1547816,1.091756,-9.358934,6.1086525E-4,-6.1086525E-4,0.002443461,TREMOR,5fa135632fe9
1776793201693,1901426143699507,-2.1811178,1.0845734,-9.368511,0.0018325958,-0.0018325958,0.002443461,TREMOR,5fa135632fe9
1776793201701,1901426151695897,-2.1667526,1.091756,-9.361329,-0.0012217305,-0.0012217305,0.002443461,TREMOR,5fa135632fe9
1776793201709,1901426159693671,-2.1787236,1.1133038,-9.3421755,0.0,-0.0012217305,0.0030543262,TREMOR,5fa135632fe9
1776793201717,1901426167717138,-2.1763294,1.1061212,-9.3421755,-6.1086525E-4,-0.002443461,6.1086525E-4,TREMOR,5fa135632fe9
1776793201725,1901426175711912,-2.183512,1.1133038,-9.361329,-0.0018325958,6.1086525E-4,6.1086525E-4,TREMOR,5fa135632fe9
1776793201733,1901426183708763,-2.171541,1.1133038,-9.370906,-0.0012217305,-0.0012217305,6.1086525E-4,TREMOR,5fa135632fe9
1776793201741,1901426191704460,-2.1739352,1.151611,-9.3421755,-0.0030543262,0.0,0.0,TREMOR,5fa135632fe9
1776793201749,1901426199699004,-2.1978772,1.1683705,-9.349358,-0.0030543262,-6.1086525E-4,0.0012217305,TREMOR,5fa135632fe9
1776793201757,1901426207695932,-2.1978772,1.1659763,-9.344569,-0.004276057,-6.1086525E-4,6.1086525E-4,TREMOR,5fa135632fe9
1776793201765,1901426215690322,-2.2290018,1.1779473,-9.358934,-0.0036651916,-6.1086525E-4,-0.0012217305,TREMOR,5fa135632fe9
1776793201773,1901426223716788,-2.231396,1.1683705,-9.363723,-0.0030543262,0.002443461,-0.0036651916,TREMOR,5fa135632fe9
1776793201781,1901426231713486,-2.2505496,1.1563994,-9.349358,-0.0018325958,0.0,-0.0018325958,TREMOR,5fa135632fe9
1776793201789,1901426239707260,-2.2290018,1.1563994,-9.337387,-6.1086525E-4,0.0012217305,-0.0030543262,TREMOR,5fa135632fe9
1776793201797,1901426247704265,-2.2242134,1.13964,-9.332599,0.0,0.002443461,-0.0036651916,TREMOR,5fa135632fe9
1776793201805,1901426255700808,-2.2385786,1.13964,-9.3421755,6.1086525E-4,0.004276057,-0.004276057,TREMOR,5fa135632fe9
1776793201813,1901426263695352,-2.2242134,1.127669,-9.337387,0.0018325958,0.0061086523,-0.004886922,TREMOR,5fa135632fe9
1776793201821,1901426271690049,-2.2002714,1.1228806,-9.332599,0.0018325958,0.0061086523,-0.0018325958,TREMOR,5fa135632fe9
1776793201829,1901426279687593,-2.1883004,1.1324574,-9.344569,6.1086525E-4,0.0061086523,-0.0030543262,TREMOR,5fa135632fe9
1776793201837,1901426287711598,-2.1787236,1.1228806,-9.337387,6.1086525E-4,0.007941248,-0.002443461,TREMOR,5fa135632fe9
1776793201845,1901426295707295,-2.147599,1.1109096,-9.3421755,-6.1086525E-4,0.009773844,-0.0036651916,TREMOR,5fa135632fe9
1776793201853,1901426303704838,-2.1308396,1.1133038,-9.3661175,0.0,0.009773844,-0.0036651916,TREMOR,5fa135632fe9
1776793201861,1901426311699920,-2.1188686,1.1252748,-9.358934,-0.0018325958,0.01160644,-0.0036651916,TREMOR,5fa135632fe9
1776793201869,1901426319697464,-2.1212628,1.1204864,-9.351752,-0.0018325958,0.010995574,-0.0061086523,TREMOR,5fa135632fe9
1776793201877,1901426327689853,-2.0949266,1.1372458,-9.380483,-0.0012217305,0.009773844,-0.004276057,TREMOR,5fa135632fe9
1776793201885,1901426335686474,-2.0973208,1.1300632,-9.368511,-0.0018325958,0.007941248,-0.0036651916,TREMOR,5fa135632fe9
1776793201893,1901426343712864,-2.0949266,1.1204864,-9.380483,-0.0018325958,0.0067195175,-0.004276057,TREMOR,5fa135632fe9
1776793201901,1901426351708638,-2.0853498,1.1133038,-9.375694,-0.002443461,0.0036651916,-0.0018325958,TREMOR,5fa135632fe9
1776793201909,1901426359703027,-2.0949266,1.0965444,-9.380483,-0.0018325958,6.1086525E-4,-0.0018325958,TREMOR,5fa135632fe9
1776793201917,1901426367698109,-2.0925324,1.0965444,-9.380483,0.0,-0.0018325958,-6.1086525E-4,TREMOR,5fa135632fe9
1776793201925,1901426375694499,-2.078167,1.0869676,-9.387665,0.0,-0.002443461,-6.1086525E-4,TREMOR,5fa135632fe9
1776793201933,1901426383691042,-2.0829554,1.0869676,-9.378088,0.0030543262,-0.009162978,0.002443461,TREMOR,5fa135632fe9
1776793201941,1901426391685586,-2.099715,1.0702082,-9.394848,0.004276057,-0.013439035,0.004276057,TREMOR,5fa135632fe9
1776793201949,1901426399713206,-2.0925324,1.0821792,-9.368511,0.004886922,-0.014049901,0.0061086523,TREMOR,5fa135632fe9
1776793201957,1901426407707750,-2.0949266,1.0845734,-9.378088,0.0067195175,-0.015882496,0.0067195175,TREMOR,5fa135632fe9
1776793201965,1901426415703139,-2.1188686,1.0702082,-9.375694,0.007941248,-0.018936822,0.009773844,TREMOR,5fa135632fe9
1776793201973,1901426423699144,-2.1092918,1.0773908,-9.363723,0.007330383,-0.02076942,0.009773844,TREMOR,5fa135632fe9
1776793201981,1901426431694842,-2.135628,1.0654198,-9.344569,0.0067195175,-0.023823744,0.009773844,TREMOR,5fa135632fe9
1776793201989,1901426439689539,-2.147599,1.091756,-9.334992,0.0061086523,-0.02687807,0.009773844,TREMOR,5fa135632fe9
1776793201997,1901426447688083,-2.1691468,1.0989386,-9.320627,0.004276057,-0.023823744,0.01038471,TREMOR,5fa135632fe9
1776793202005,1901426455712088,-2.1930888,1.091756,-9.332599,0.0030543262,-0.02321288,0.007941248,TREMOR,5fa135632fe9
1776793202013,1901426463707400,-2.2242134,1.1204864,-9.323022,0.0018325958,-0.02321288,0.0061086523,TREMOR,5fa135632fe9
1776793202021,1901426471702790,-2.2457612,1.127669,-9.339781,0.0012217305,-0.021991149,0.0061086523,TREMOR,5fa135632fe9
1776793202029,1901426479697641,-2.2649148,1.1348516,-9.320627,-0.0012217305,-0.018936822,0.0030543262,TREMOR,5fa135632fe9
1776793202037,1901426487694569,-2.2960393,1.1659763,-9.339781,-0.0036651916,-0.014049901,0.0012217305,TREMOR,5fa135632fe9
1776793202045,1901426495690497,-2.3295584,1.1587936,-9.344569,-0.002443461,-0.009773844,-0.0012217305,TREMOR,5fa135632fe9
1776793202053,1901426503717964,-2.3439236,1.1731589,-9.339781,-0.005497787,-0.0030543262,-0.0036651916,TREMOR,5fa135632fe9
1776793202061,1901426511712661,-2.3535004,1.1683705,-9.325416,-0.004886922,-0.0012217305,-0.0061086523,TREMOR,5fa135632fe9
1776793202069,1901426519706282,-2.3343468,1.1851299,-9.3182335,-0.004276057,0.004276057,-0.007941248,TREMOR,5fa135632fe9
1776793202077,1901426527703517,-2.3223755,1.1899183,-9.330204,-0.0036651916,0.007330383,-0.009162978,TREMOR,5fa135632fe9
1776793202085,1901426535698830,-2.3008277,1.1731589,-9.320627,-0.0030543262,0.013439035,-0.007330383,TREMOR,5fa135632fe9
1776793202093,1901426543696451,-2.2840683,1.1779473,-9.339781,-0.002443461,0.014049901,-0.01038471,TREMOR,5fa135632fe9
1776793202101,1901426551690225,-2.2768857,1.151611,-9.332599,-0.0036651916,0.016493361,-0.007330383,TREMOR,5fa135632fe9
1776793202109,1901426559715461,-2.2625206,1.13964,-9.346964,-0.0030543262,0.017715093,-0.009162978,TREMOR,5fa135632fe9
1776793202117,1901426567711773,-2.2361844,1.13964,-9.3421755,-0.004276057,0.017104227,-0.009162978,TREMOR,5fa135632fe9
1776793202125,1901426575707471,-2.2098482,1.1061212,-9.363723,-0.0036651916,0.018325957,-0.009773844,TREMOR,5fa135632fe9
1776793202133,1901426583702553,-2.1859062,1.0989386,-9.356541,-0.002443461,0.018325957,-0.009773844,TREMOR,5fa135632fe9
1776793202141,1901426591698327,-2.1571758,1.0869676,-9.375694,-0.0036651916,0.020158553,-0.009773844,TREMOR,5fa135632fe9
1776793202149,1901426599693640,-2.1045034,1.1204864,-9.3661175,-0.002443461,0.019547688,-0.004276057,TREMOR,5fa135632fe9
1776793202157,1901426607690029,-2.0829554,1.0965444,-9.382876,-0.0018325958,0.018325957,-0.0061086523,TREMOR,5fa135632fe9
1776793202165,1901426615714880,-2.078167,1.0845734,-9.382876,0.0,0.017104227,-0.0030543262,TREMOR,5fa135632fe9
1776793202173,1901426623711501,-2.0518308,1.0534488,-9.378088,6.1086525E-4,0.017104227,-0.0030543262,TREMOR,5fa135632fe9
1776793202181,1901426631706660,-2.0207062,1.055843,-9.380483,0.0018325958,0.01282817,-0.0012217305,TREMOR,5fa135632fe9
1776793202189,1901426639701434,-2.0087352,1.067814,-9.368511,0.0036651916,0.009773844,-0.0012217305,TREMOR,5fa135632fe9
1776793202197,1901426647697977,-2.0254946,1.0606314,-9.382876,0.002443461,0.0061086523,-6.1086525E-4,TREMOR,5fa135632fe9
1776793202205,1901426655694290,-2.0231004,1.043872,-9.356541,0.0036651916,0.004276057,0.0030543262,TREMOR,5fa135632fe9
1776793202213,1901426663690603,-2.0326772,1.0749966,-9.349358,0.004276057,-0.0012217305,0.0030543262,TREMOR,5fa135632fe9
1776793202221,1901426671715223,-2.042254,1.091756,-9.349358,0.002443461,-0.005497787,0.0030543262,TREMOR,5fa135632fe9
1776793202229,1901426679711613,-2.066196,1.0773908,-9.339781,0.0030543262,-0.007941248,0.0012217305,TREMOR,5fa135632fe9
1776793202237,1901426687707926,-2.0829554,1.1013328,-9.3421755,0.0030543262,-0.012217305,0.004276057,TREMOR,5fa135632fe9
1776793202245,1901426695703546,-2.1068976,1.103727,-9.339781,0.0030543262,-0.015271631,0.0036651916,TREMOR,5fa135632fe9
1776793202253,1901426703698012,-2.1547816,1.1013328,-9.330204,0.004276057,-0.015882496,0.004886922,TREMOR,5fa135632fe9
1776793202261,1901426711694633,-2.1667526,1.1133038,-9.334992,0.0030543262,-0.016493361,0.0036651916,TREMOR,5fa135632fe9
1776793202269,1901426719687330,-2.1906946,1.1228806,-9.344569,0.0036651916,-0.017104227,0.005497787,TREMOR,5fa135632fe9
1776793202277,1901426727715874,-2.2098482,1.1300632,-9.313444,0.0036651916,-0.016493361,0.0036651916,TREMOR,5fa135632fe9
1776793202285,1901426735713186,-2.231396,1.13964,-9.332599,0.0030543262,-0.017104227,0.0030543262,TREMOR,5fa135632fe9
1776793202293,1901426743705730,-2.2481554,1.1420342,-9.354146,0.0012217305,-0.014660766,0.004276057,TREMOR,5fa135632fe9
1776793202301,1901426751702120,-2.2409728,1.1204864,-9.320627,-6.1086525E-4,-0.013439035,0.004886922,TREMOR,5fa135632fe9
1776793202309,1901426759698355,-2.2744915,1.1324574,-9.358934,-0.0018325958,-0.010995574,0.0018325958,TREMOR,5fa135632fe9
1776793202317,1901426767693822,-2.2768857,1.1300632,-9.344569,-0.0012217305,-0.008552114,0.004276057,TREMOR,5fa135632fe9
1776793202325,1901426775691058,-2.2697031,1.1324574,-9.344569,-0.0018325958,-0.0061086523,0.004276057,TREMOR,5fa135632fe9
1776793202333,1901426783715986,-2.2888567,1.1324574,-9.354146,-0.004276057,-0.004276057,0.0036651916,TREMOR,5fa135632fe9
1776793202341,1901426791709837,-2.2768857,1.1204864,-9.361329,-0.004276057,-0.0012217305,0.0036651916,TREMOR,5fa135632fe9
1776793202349,1901426799706457,-2.2481554,1.1085154,-9.370906,-0.002443461,0.0,0.0012217305,TREMOR,5fa135632fe9
1776793202357,1901426807702385,-2.2529438,1.1204864,-9.356541,-0.0030543262,0.0018325958,0.0012217305,TREMOR,5fa135632fe9
1776793202365,1901426815697544,-2.2242134,1.115698,-9.351752,-0.004886922,0.0036651916,0.004886922,TREMOR,5fa135632fe9
1776793202373,1901426823693472,-2.2457612,1.1180922,-9.370906,-0.0036651916,0.005497787,0.004276057,TREMOR,5fa135632fe9
1776793202381,1901426831690170,-2.207454,1.115698,-9.363723,-0.005497787,0.007330383,0.002443461,TREMOR,5fa135632fe9
1776793202389,1901426839714482,-2.1883004,1.1133038,-9.3661175,-0.004276057,0.007330383,0.0036651916,TREMOR,5fa135632fe9
1776793202397,1901426847711411,-2.1739352,1.127669,-9.361329,-0.004276057,0.007330383,0.0030543262,TREMOR,5fa135632fe9
1776793202405,1901426855708262,-2.171541,1.1372458,-9.368511,-0.005497787,0.009162978,0.0036651916,TREMOR,5fa135632fe9
1776793202413,1901426863701574,-2.1643584,1.1300632,-9.370906,-0.0036651916,0.009162978,0.005497787,TREMOR,5fa135632fe9
1776793202421,1901426871697195,-2.1452048,1.1204864,-9.368511,-0.0018325958,0.01038471,0.0036651916,TREMOR,5fa135632fe9
1776793202429,1901426879693200,-2.1260512,1.127669,-9.361329,-0.0012217305,0.009162978,0.004276057,TREMOR,5fa135632fe9
1776793202437,1901426887689897,-2.1308396,1.1133038,-9.344569,-0.0012217305,0.010995574,0.002443461,TREMOR,5fa135632fe9
1776793202445,1901426895713902,-2.1332338,1.115698,-9.354146,0.0012217305,0.009773844,0.0018325958,TREMOR,5fa135632fe9
1776793202453,1901426903709292,-2.1284454,1.1180922,-9.3421755,6.1086525E-4,0.007941248,0.0,TREMOR,5fa135632fe9
1776793202461,1901426911706143,-2.1380222,1.1109096,-9.344569,0.002443461,0.005497787,0.0018325958,TREMOR,5fa135632fe9
1776793202469,1901426919700379,-2.1332338,1.1085154,-9.332599,0.0018325958,0.0012217305,6.1086525E-4,TREMOR,5fa135632fe9
1776793202477,1901426927698538,-2.1308396,1.1252748,-9.32781,0.0012217305,-0.0018325958,0.0030543262,TREMOR,5fa135632fe9
1776793202485,1901426935693312,-2.1619642,1.1252748,-9.332599,0.0012217305,0.0,6.1086525E-4,TREMOR,5fa135632fe9
1776793202493,1901426943688009,-2.1547816,1.1204864,-9.330204,0.0,-0.0030543262,-0.0018325958,TREMOR,5fa135632fe9
1776793202501,1901426951713860,-2.1787236,1.1109096,-9.346964,-6.1086525E-4,-0.0036651916,6.1086525E-4,TREMOR,5fa135632fe9
1776793202509,1901426959712942,-2.1763294,1.1109096,-9.334992,-0.0012217305,-0.0012217305,-6.1086525E-4,TREMOR,5fa135632fe9
1776793202517,1901426967707717,-2.1763294,1.1180922,-9.330204,-6.1086525E-4,-0.002443461,-6.1086525E-4,TREMOR,5fa135632fe9
1776793202525,1901426975702799,-2.1930888,1.127669,-9.3421755,-0.0018325958,6.1086525E-4,0.0,TREMOR,5fa135632fe9
1776793202533,1901426983697650,-2.1906946,1.1204864,-9.346964,-0.0012217305,0.0018325958,-0.002443461,TREMOR,5fa135632fe9
1776793202541,1901426991691501,-2.2050598,1.1204864,-9.3421755,-0.0030543262,0.0030543262,-0.0012217305,TREMOR,5fa135632fe9
1776793202549,1901426999689352,-2.2026656,1.13964,-9.337387,-6.1086525E-4,0.0036651916,-0.002443461,TREMOR,5fa135632fe9
1776793202557,1901427007714280,-2.195483,1.1013328,-9.344569,-0.0030543262,0.004886922,-6.1086525E-4,TREMOR,5fa135632fe9
1776793202565,1901427015710285,-2.1883004,1.1133038,-9.346964,-0.0030543262,0.004276057,-0.0012217305,TREMOR,5fa135632fe9
1776793202573,1901427023706290,-2.1930888,1.127669,-9.351752,-0.002443461,0.004276057,6.1086525E-4,TREMOR,5fa135632fe9
1776793202581,1901427031701911,-2.1811178,1.1180922,-9.368511,-0.0018325958,0.004886922,6.1086525E-4,TREMOR,5fa135632fe9
1776793202589,1901427039697300,-2.1906946,1.1085154,-9.358934,-0.0018325958,0.0067195175,0.0012217305,TREMOR,5fa135632fe9
1776793202597,1901427047693305,-2.1739352,1.1109096,-9.361329,-6.1086525E-4,0.0067195175,0.0,TREMOR,5fa135632fe9
1776793202605,1901427055689079,-2.1619642,1.0989386,-9.354146,0.0,0.004276057,6.1086525E-4,TREMOR,5fa135632fe9
1776793202613,1901427063713931,-2.171541,1.0965444,-9.354146,0.0,0.0030543262,6.1086525E-4,TREMOR,5fa135632fe9
1776793202621,1901427071709628,-2.1667526,1.103727,-9.358934,0.0,0.002443461,0.002443461,TREMOR,5fa135632fe9
1776793202629,1901427079705325,-2.1619642,1.1133038,-9.351752,6.1086525E-4,0.0030543262,0.002443461,TREMOR,5fa135632fe9
1776793202637,1901427087700792,-2.1428106,1.103727,-9.361329,-6.1086525E-4,0.004276057,0.002443461,TREMOR,5fa135632fe9
1776793202645,1901427095696797,-2.1332338,1.0965444,-9.349358,-0.0018325958,0.002443461,0.0030543262,TREMOR,5fa135632fe9
1776793202653,1901427103691802,-2.147599,1.1061212,-9.346964,-0.0018325958,0.002443461,0.0018325958,TREMOR,5fa135632fe9
1776793202661,1901427111718653,-2.1547816,1.1228806,-9.346964,-0.002443461,6.1086525E-4,6.1086525E-4,TREMOR,5fa135632fe9
1776793202669,1901427119713427,-2.147599,1.1180922,-9.337387,-0.0012217305,0.0018325958,6.1086525E-4,TREMOR,5fa135632fe9
1776793202677,1901427127709971,-2.1428106,1.1420342,-9.344569,-0.0018325958,0.0030543262,0.002443461,TREMOR,5fa135632fe9
1776793202685,1901427135706053,-2.1667526,1.1324574,-9.3421755,-0.0012217305,0.0018325958,0.0018325958,TREMOR,5fa135632fe9
1776793202693,1901427143702365,-2.171541,1.151611,-9.351752,-0.0018325958,0.0030543262,0.0012217305,TREMOR,5fa135632fe9
1776793202701,1901427151697063,-2.1619642,1.151611,-9.339781,-0.0018325958,6.1086525E-4,-6.1086525E-4,TREMOR,5fa135632fe9
1776793202709,1901427159692222,-2.183512,1.1444284,-9.344569,0.0,0.002443461,0.002443461,TREMOR,5fa135632fe9
1776793202717,1901427167687919,-2.1571758,1.13964,-9.332599,0.0012217305,0.0030543262,0.0012217305,TREMOR,5fa135632fe9
1776793202725,1901427175712232,-2.1499932,1.1611878,-9.3421755,0.0,6.1086525E-4,0.0018325958,TREMOR,5fa135632fe9
1776793202733,1901427183708237,-2.1859062,1.1348516,-9.344569,0.0012217305,-0.0012217305,0.0036651916,TREMOR,5fa135632fe9
1776793202741,1901427191705088,-2.15957,1.1180922,-9.354146,0.0012217305,-6.1086525E-4,0.002443461,TREMOR,5fa135632fe9
1776793202749,1901427199700862,-2.1499932,1.1228806,-9.334992,0.002443461,-0.0018325958,0.0030543262,TREMOR,5fa135632fe9
1776793202757,1901427207695867,-2.15957,1.103727,-9.361329,0.0018325958,-0.0030543262,0.0030543262,TREMOR,5fa135632fe9
1776793202765,1901427215691872,-2.1547816,1.1013328,-9.339781,0.0018325958,-0.0012217305,0.002443461,TREMOR,5fa135632fe9
1776793202773,1901427223717493,-2.1691468,1.0845734,-9.3421755,0.0018325958,-6.1086525E-4,0.005497787,TREMOR,5fa135632fe9
1776793202781,1901427231715574,-2.1523874,1.0702082,-9.349358,0.0,-0.0012217305,0.004886922,TREMOR,5fa135632fe9
1776793202789,1901427239708195,-2.1404164,1.0773908,-9.344569,6.1086525E-4,-0.002443461,0.002443461,TREMOR,5fa135632fe9
1776793202797,1901427247704200,-2.147599,1.1013328,-9.361329,6.1086525E-4,-0.002443461,0.002443461,TREMOR,5fa135632fe9
1776793202805,1901427255699974,-2.1571758,1.1013328,-9.346964,-0.0012217305,-0.0030543262,0.0018325958,TREMOR,5fa135632fe9
1776793202813,1901427263695287,-2.1667526,1.091756,-9.3421755,-0.0018325958,-0.002443461,0.0012217305,TREMOR,5fa135632fe9
1776793202821,1901427271692215,-2.1404164,1.0965444,-9.363723,-0.0030543262,-0.0012217305,0.0012217305,TREMOR,5fa135632fe9
1776793202829,1901427279688528,-2.171541,1.0989386,-9.344569,-0.0036651916,0.0012217305,-6.1086525E-4,TREMOR,5fa135632fe9
1776793202837,1901427287713763,-2.183512,1.115698,-9.354146,-0.002443461,0.002443461,-0.0012217305,TREMOR,5fa135632fe9
1776793202845,1901427295708845,-2.1859062,1.115698,-9.354146,-0.0018325958,0.002443461,-0.002443461,TREMOR,5fa135632fe9
1776793202853,1901427303704927,-2.1859062,1.1372458,-9.354146,-0.002443461,0.0036651916,-0.0018325958,TREMOR,5fa135632fe9
1776793202861,1901427311700932,-2.2146366,1.1420342,-9.349358,-0.0018325958,0.0018325958,-0.002443461,TREMOR,5fa135632fe9
1776793202869,1901427319696937,-2.2170308,1.1348516,-9.349358,-0.0012217305,0.002443461,-6.1086525E-4,TREMOR,5fa135632fe9
1776793202877,1901427327690481,-2.2122424,1.1563994,-9.351752,-0.0018325958,0.0036651916,-6.1086525E-4,TREMOR,5fa135632fe9
1776793202885,1901427335717255,-2.219425,1.1468226,-9.330204,-0.0012217305,0.002443461,0.0,TREMOR,5fa135632fe9
1776793202893,1901427343712568,-2.2050598,1.1540052,-9.32781,-6.1086525E-4,0.0012217305,6.1086525E-4,TREMOR,5fa135632fe9
1776793202901,1901427351707957,-2.2170308,1.151611,-9.337387,0.0,0.0018325958,6.1086525E-4,TREMOR,5fa135632fe9
1776793202909,1901427359704962,-2.2026656,1.1324574,-9.339781,0.0,0.0,6.1086525E-4,TREMOR,5fa135632fe9
1776793202917,1901427367698814,-2.2098482,1.13964,-9.346964,0.0,0.0,6.1086525E-4,TREMOR,5fa135632fe9
1776793202925,1901427375695742,-2.1978772,1.1348516,-9.349358,-0.0018325958,0.0030543262,6.1086525E-4,TREMOR,5fa135632fe9
1776793202933,1901427383690747,-2.1930888,1.1228806,-9.337387,-0.002443461,0.004886922,0.0012217305,TREMOR,5fa135632fe9
1776793202941,1901427391717906,-2.1667526,1.0989386,-9.339781,0.0,0.005497787,0.0018325958,TREMOR,5fa135632fe9
1776793202949,1901427399711988,-2.1763294,1.1133038,-9.351752,-6.1086525E-4,0.007330383,0.0,TREMOR,5fa135632fe9
1776793202957,1901427407709608,-2.1667526,1.091756,-9.358934,-0.0012217305,0.009162978,-0.0012217305,TREMOR,5fa135632fe9
1776793202965,1901427415704075,-2.1571758,1.1085154,-9.351752,-0.0036651916,0.009773844,-0.0018325958,TREMOR,5fa135632fe9
1776793202973,1901427423701233,-2.1260512,1.0989386,-9.370906,-0.0036651916,0.01038471,-0.0036651916,TREMOR,5fa135632fe9
1776793202981,1901427431694854,-2.147599,1.1228806,-9.354146,-0.004886922,0.010995574,-0.0030543262,TREMOR,5fa135632fe9
1776793202989,1901427439692397,-2.1284454,1.103727,-9.356541,-0.0036651916,0.010995574,-0.0018325958,TREMOR,5fa135632fe9
1776793202997,1901427447686787,-2.135628,1.1013328,-9.358934,-0.0030543262,0.009162978,-0.0012217305,TREMOR,5fa135632fe9
1776793203005,1901427455712946,-2.1404164,1.1013328,-9.363723,-0.0030543262,0.01038471,0.0,TREMOR,5fa135632fe9
1776793203013,1901427463707720,-2.123657,1.1061212,-9.363723,-0.0018325958,0.008552114,-0.0012217305,TREMOR,5fa135632fe9
1776793203021,1901427471703110,-2.1068976,1.115698,-9.358934,-0.0012217305,0.0061086523,-6.1086525E-4,TREMOR,5fa135632fe9
1776793203029,1901427479700422,-2.1092918,1.103727,-9.380483,6.1086525E-4,0.004276057,0.002443461,TREMOR,5fa135632fe9
1776793203037,1901427487695197,-2.1140802,1.103727,-9.354146,0.0018325958,6.1086525E-4,0.0030543262,TREMOR,5fa135632fe9
1776793203045,1901427495691125,-2.111686,1.1013328,-9.358934,0.0012217305,0.0,0.0018325958,TREMOR,5fa135632fe9
1776793203053,1901427503717976,-2.1164744,1.0965444,-9.337387,6.1086525E-4,-0.0018325958,0.0036651916,TREMOR,5fa135632fe9
1776793203061,1901427511712750,-2.0949266,1.0869676,-9.332599,0.0012217305,-0.0061086523,6.1086525E-4,TREMOR,5fa135632fe9
1776793203069,1901427519707140,-2.1092918,1.1085154,-9.339781,0.0018325958,-0.005497787,0.002443461,TREMOR,5fa135632fe9
1776793203077,1901427527702914,-2.1260512,1.115698,-9.354146,-6.1086525E-4,-0.0061086523,0.0030543262,TREMOR,5fa135632fe9
1776793203085,1901427535700458,-2.1260512,1.1109096,-9.358934,0.0012217305,-0.004276057,0.0018325958,TREMOR,5fa135632fe9
1776793203093,1901427543695463,-2.1499932,1.1180922,-9.358934,6.1086525E-4,-0.0067195175,0.0012217305,TREMOR,5fa135632fe9
1776793203101,1901427551690314,-2.1523874,1.1133038,-9.346964,-0.0012217305,-0.0067195175,0.0012217305,TREMOR,5fa135632fe9
1776793203109,1901427559717088,-2.15957,1.1444284,-9.339781,6.1086525E-4,-0.005497787,0.0030543262,TREMOR,5fa135632fe9
1776793203117,1901427567712401,-2.1763294,1.13964,-9.339781,0.0,-0.004886922,0.0036651916,TREMOR,5fa135632fe9
1776793203125,1901427575707867,-2.1811178,1.1180922,-9.351752,0.0012217305,-0.005497787,0.002443461,TREMOR,5fa135632fe9
1776793203133,1901427583702949,-2.1739352,1.1348516,-9.361329,0.002443461,-0.0067195175,0.0018325958,TREMOR,5fa135632fe9
1776793203141,1901427591699262,-2.1404164,1.1133038,-9.330204,0.0018325958,-0.007941248,0.0036651916,TREMOR,5fa135632fe9
1776793203149,1901427599694959,-2.1691468,1.1372458,-9.351752,0.0018325958,-0.01282817,0.0036651916,TREMOR,5fa135632fe9
1776793203157,1901427607690887,-2.1859062,1.1228806,-9.349358,0.0018325958,-0.016493361,0.0018325958,TREMOR,5fa135632fe9
1776793203165,1901427615716200,-2.2122424,1.1085154,-9.334992,0.0012217305,-0.016493361,0.0018325958,TREMOR,5fa135632fe9
1776793203173,1901427623714051,-2.2098482,1.1061212,-9.332599,0.0,-0.015882496,0.002443461,TREMOR,5fa135632fe9
1776793203181,1901427631706364,-2.243367,1.1109096,-9.344569,-0.0012217305,-0.01282817,0.0030543262,TREMOR,5fa135632fe9
1776793203189,1901427639704215,-2.2457612,1.0869676,-9.349358,0.0,-0.009162978,0.0030543262,TREMOR,5fa135632fe9
1776793203197,1901427647699220,-2.267309,1.127669,-9.354146,-6.1086525E-4,-0.0036651916,0.004886922,TREMOR,5fa135632fe9
1776793203205,1901427655693456,-2.2218192,1.1109096,-9.32781,-0.002443461,6.1086525E-4,0.004276057,TREMOR,5fa135632fe9
1776793203213,1901427663690076,-2.2122424,1.1420342,-9.346964,-0.0036651916,0.004886922,0.0036651916,TREMOR,5fa135632fe9
1776793203221,1901427671715312,-2.1930888,1.1563994,-9.330204,-0.004276057,0.0067195175,0.0036651916,TREMOR,5fa135632fe9
1776793203229,1901427679712779,-2.183512,1.1611878,-9.330204,-0.004276057,0.009773844,0.0018325958,TREMOR,5fa135632fe9
1776793203237,1901427687707861,-2.1811178,1.1563994,-9.330204,-0.0036651916,0.009773844,6.1086525E-4,TREMOR,5fa135632fe9
1776793203245,1901427695705173,-2.1811178,1.1348516,-9.339781,-0.0030543262,0.01038471,0.0,TREMOR,5fa135632fe9
1776793203253,1901427703698948,-2.1667526,1.1420342,-9.337387,-0.0018325958,0.01038471,-0.0018325958,TREMOR,5fa135632fe9
1776793203261,1901427711695645,-2.1643584,1.1228806,-9.356541,-0.0018325958,0.007941248,-0.002443461,TREMOR,5fa135632fe9
1776793203269,1901427719690727,-2.1499932,1.1180922,-9.337387,-0.0018325958,0.007941248,-0.004276057,TREMOR,5fa135632fe9
1776793203277,1901427727717193,-2.15957,1.0941502,-9.356541,-0.0018325958,0.008552114,-0.002443461,TREMOR,5fa135632fe9
1776793203285,1901427735714121,-2.1404164,1.1013328,-9.3661175,-0.0012217305,0.004276057,0.0012217305,TREMOR,5fa135632fe9
1776793203293,1901427743706357,-2.1452048,1.103727,-9.3421755,-0.0018325958,0.0036651916,0.0,TREMOR,5fa135632fe9
1776793203301,1901427751703901,-2.135628,1.0989386,-9.349358,6.1086525E-4,0.0018325958,0.0018325958,TREMOR,5fa135632fe9
1776793203309,1901427759698367,-2.1404164,1.1109096,-9.3421755,0.0018325958,0.0030543262,0.0036651916,TREMOR,5fa135632fe9
1776793203317,1901427767693757,-2.111686,1.1180922,-9.363723,0.0,0.0018325958,0.0012217305,TREMOR,5fa135632fe9
1776793203325,1901427775689839,-2.1284454,1.0965444,-9.344569,6.1086525E-4,0.0012217305,0.0030543262,TREMOR,5fa135632fe9
1776793203333,1901427783715921,-2.1332338,1.1109096,-9.349358,0.0018325958,0.0030543262,0.002443461,TREMOR,5fa135632fe9
1776793203341,1901427791711080,-2.1332338,1.1085154,-9.356541,0.0,0.002443461,6.1086525E-4,TREMOR,5fa135632fe9
1776793203349,1901427799707392,-2.1380222,1.103727,-9.349358,-6.1086525E-4,0.002443461,0.0,TREMOR,5fa135632fe9
1776793203357,1901427807703013,-2.1523874,1.0941502,-9.349358,-6.1086525E-4,0.002443461,6.1086525E-4,TREMOR,5fa135632fe9
1776793203365,1901427815697787,-2.1571758,1.0893618,-9.354146,-0.0030543262,0.0018325958,-0.0018325958,TREMOR,5fa135632fe9
1776793203373,1901427823695331,-2.1883004,1.1085154,-9.363723,-0.0030543262,0.0018325958,-0.0012217305,TREMOR,5fa135632fe9
1776793203381,1901427831689182,-2.1763294,1.1300632,-9.349358,-0.0036651916,0.0012217305,-0.0018325958,TREMOR,5fa135632fe9
1776793203389,1901427839716341,-2.1883004,1.1372458,-9.3421755,-0.005497787,0.0,0.0,TREMOR,5fa135632fe9
1776793203397,1901427847711961,-2.207454,1.1563994,-9.354146,-0.004886922,-6.1086525E-4,-6.1086525E-4,TREMOR,5fa135632fe9
1776793203405,1901427855706428,-2.207454,1.1611878,-9.339781,-0.004276057,-0.0018325958,-6.1086525E-4,TREMOR,5fa135632fe9
1776793203413,1901427863702740,-2.207454,1.1563994,-9.3421755,-0.0030543262,0.0018325958,0.0012217305,TREMOR,5fa135632fe9
1776793203421,1901427871697207,-2.2002714,1.151611,-9.349358,0.0,0.0030543262,0.0018325958,TREMOR,5fa135632fe9
1776793203429,1901427879692366,-2.1978772,1.1563994,-9.325416,-6.1086525E-4,0.004276057,0.0018325958,TREMOR,5fa135632fe9
1776793203437,1901427887720678,-2.183512,1.1348516,-9.330204,6.1086525E-4,0.005497787,0.0030543262,TREMOR,5fa135632fe9
1776793203445,1901427895715760,-2.1739352,1.1180922,-9.354146,0.0012217305,0.004886922,0.0012217305,TREMOR,5fa135632fe9
1776793203453,1901427903710765,-2.1404164,1.1252748,-9.361329,0.0,0.0067195175,0.0018325958,TREMOR,5fa135632fe9
1776793203461,1901427911706155,-2.1571758,1.1109096,-9.361329,-0.0012217305,0.004886922,0.0030543262,TREMOR,5fa135632fe9
1776793203469,1901427919702775,-2.1380222,1.1085154,-9.351752,-0.0018325958,0.004886922,0.0012217305,TREMOR,5fa135632fe9
1776793203477,1901427927696703,-2.1308396,1.0989386,-9.375694,-0.0018325958,0.0030543262,6.1086525E-4,TREMOR,5fa135632fe9
1776793203485,1901427935692708,-2.1308396,1.091756,-9.3661175,-0.002443461,0.004886922,6.1086525E-4,TREMOR,5fa135632fe9
1776793203493,1901427943720098,-2.135628,1.1061212,-9.3733,-0.002443461,0.0030543262,0.0012217305,TREMOR,5fa135632fe9
1776793203501,1901427951714180,-2.147599,1.0965444,-9.382876,-0.0030543262,0.0018325958,-6.1086525E-4,TREMOR,5fa135632fe9
1776793203509,1901427959712031,-2.1571758,1.1061212,-9.370906,-0.002443461,0.0018325958,0.0,TREMOR,5fa135632fe9
1776793203517,1901427967705652,-2.1571758,1.1013328,-9.3733,-0.002443461,0.0018325958,0.0,TREMOR,5fa135632fe9
1776793203525,1901427975702503,-2.1499932,1.1252748,-9.361329,-6.1086525E-4,0.002443461,-0.0012217305,TREMOR,5fa135632fe9
1776793203533,1901427983698200,-2.147599,1.103727,-9.394848,0.0,0.0036651916,-0.0012217305,TREMOR,5fa135632fe9
1776793203541,1901427991693359,-2.1404164,1.1133038,-9.368511,0.0,0.0018325958,-0.002443461,TREMOR,5fa135632fe9
1776793203549,1901427999719441,-2.1499932,1.1085154,-9.368511,0.0018325958,0.002443461,-0.0012217305,TREMOR,5fa135632fe9
1776793203557,1901428007715446,-2.1691468,1.1348516,-9.3421755,6.1086525E-4,6.1086525E-4,-0.0012217305,TREMOR,5fa135632fe9
1776793203565,1901428015712759,-2.1739352,1.1252748,-9.330204,0.0012217305,6.1086525E-4,-6.1086525E-4,TREMOR,5fa135632fe9
1776793203573,1901428023706533,-2.1787236,1.1228806,-9.3421755,6.1086525E-4,0.0,0.0,TREMOR,5fa135632fe9
1776793203581,1901428031701923,-2.183512,1.13964,-9.334992,0.0,-0.0018325958,0.0012217305,TREMOR,5fa135632fe9
1776793203589,1901428039696389,-2.1859062,1.13964,-9.356541,0.0,-0.002443461,0.0,TREMOR,5fa135632fe9
1776793203597,1901428047693010,-2.1906946,1.1252748,-9.344569,6.1086525E-4,-0.0036651916,6.1086525E-4,TREMOR,5fa135632fe9
1776793203605,1901428055688784,-2.1691468,1.13964,-9.3421755,0.0,-0.002443461,0.0036651916,TREMOR,5fa135632fe9
1776793203613,1901428063714558,-2.1859062,1.1372458,-9.358934,0.0,-0.004276057,0.0030543262,TREMOR,5fa135632fe9
1776793203621,1901428071709640,-2.1643584,1.127669,-9.346964,0.0,-0.0018325958,0.0036651916,TREMOR,5fa135632fe9
1776793203629,1901428079705645,-2.171541,1.1420342,-9.3661175,-6.1086525E-4,0.0,0.0030543262,TREMOR,5fa135632fe9
1776793203637,1901428087700804,-2.1499932,1.1372458,-9.344569,6.1086525E-4,0.0012217305,0.002443461,TREMOR,5fa135632fe9
1776793203645,1901428095696809,-2.1571758,1.1324574,-9.378088,-0.0012217305,6.1086525E-4,0.0030543262,TREMOR,5fa135632fe9
1776793203653,1901428103693429,-2.1308396,1.1204864,-9.356541,-0.002443461,0.002443461,0.002443461,TREMOR,5fa135632fe9
1776793203661,1901428111689050,-2.1404164,1.1300632,-9.363723,-0.0018325958,0.0030543262,0.0030543262,TREMOR,5fa135632fe9
1776793203669,1901428119715209,-2.1428106,1.1204864,-9.370906,-6.1086525E-4,0.0012217305,0.002443461,TREMOR,5fa135632fe9
1776793203677,1901428127711290,-2.1308396,1.1085154,-9.356541,-0.0018325958,0.002443461,0.0012217305,TREMOR,5fa135632fe9
1776793203685,1901428135705372,-2.171541,1.1204864,-9.344569,-0.002443461,0.0018325958,0.0018325958,TREMOR,5fa135632fe9
1776793203693,1901428143701377,-2.1452048,1.1180922,-9.3733,-0.0012217305,0.0012217305,6.1086525E-4,TREMOR,5fa135632fe9
1776793203701,1901428151697767,-2.1499932,1.115698,-9.392453,-0.0018325958,6.1086525E-4,6.1086525E-4,TREMOR,5fa135632fe9
1776793203709,1901428159691926,-2.1643584,1.1133038,-9.378088,-0.0012217305,-0.0018325958,0.0018325958,TREMOR,5fa135632fe9
1776793203717,1901428167688469,-2.183512,1.1133038,-9.375694,0.0,-0.0018325958,0.0018325958,TREMOR,5fa135632fe9
1776793203725,1901428175715321,-2.1691468,1.103727,-9.370906,0.0012217305,-0.002443461,0.0036651916,TREMOR,5fa135632fe9
1776793203733,1901428183709172,-2.171541,1.1109096,-9.349358,0.002443461,-0.004276057,0.002443461,TREMOR,5fa135632fe9
1776793203741,1901428191705408,-2.1547816,1.1133038,-9.363723,0.0030543262,-0.0036651916,0.0018325958,TREMOR,5fa135632fe9
1776793203749,1901428199701182,-2.15957,1.1324574,-9.3661175,0.0,-0.0036651916,0.0012217305,TREMOR,5fa135632fe9
1776793203757,1901428207698341,-2.171541,1.1109096,-9.351752,0.0012217305,-0.004886922,0.0012217305,TREMOR,5fa135632fe9
1776793203765,1901428215694961,-2.1571758,1.1252748,-9.351752,0.0012217305,-0.0030543262,-6.1086525E-4,TREMOR,5fa135632fe9
1776793203773,1901428223718966,-2.1763294,1.1300632,-9.361329,6.1086525E-4,-0.0036651916,6.1086525E-4,TREMOR,5fa135632fe9
1776793203781,1901428231715279,-2.1787236,1.1109096,-9.346964,-6.1086525E-4,0.0012217305,-0.0018325958,TREMOR,5fa135632fe9
1776793203789,1901428239710438,-2.195483,1.1372458,-9.3421755,-6.1086525E-4,0.002443461,-0.0012217305,TREMOR,5fa135632fe9
1776793203797,1901428247705827,-2.1930888,1.127669,-9.3421755,-0.0018325958,0.0030543262,-0.0012217305,TREMOR,5fa135632fe9
1776793203805,1901428255699986,-2.2026656,1.13964,-9.337387,-0.002443461,0.004886922,-0.0018325958,TREMOR,5fa135632fe9
1776793203813,1901428263696607,-2.195483,1.151611,-9.356541,-0.002443461,0.005497787,-0.002443461,TREMOR,5fa135632fe9
1776793203821,1901428271691381,-2.2002714,1.1563994,-9.358934,-0.002443461,0.0067195175,-0.005497787,TREMOR,5fa135632fe9
1776793203829,1901428279719001,-2.2098482,1.1587936,-9.382876,-0.0012217305,0.007330383,-0.0030543262,TREMOR,5fa135632fe9
1776793203837,1901428287713775,-2.2146366,1.1683705,-9.346964,-0.002443461,0.0061086523,-0.004276057,TREMOR,5fa135632fe9
1776793203845,1901428295708934,-2.2050598,1.151611,-9.358934,-0.002443461,0.0067195175,-0.004886922,TREMOR,5fa135632fe9
1776793203853,1901428303704862,-2.1906946,1.1587936,-9.356541,-0.0018325958,0.007330383,-0.002443461,TREMOR,5fa135632fe9
1776793203861,1901428311701175,-2.1691468,1.1348516,-9.368511,-0.002443461,0.007941248,-0.0030543262,TREMOR,5fa135632fe9
1776793203869,1901428319695719,-2.1883004,1.13964,-9.363723,-0.0012217305,0.008552114,-6.1086525E-4,TREMOR,5fa135632fe9
1776793203877,1901428327691031,-2.1643584,1.1228806,-9.358934,0.0,0.007330383,-0.0036651916,TREMOR,5fa135632fe9
1776793203885,1901428335717190,-2.135628,1.127669,-9.361329,-6.1086525E-4,0.008552114,-6.1086525E-4,TREMOR,5fa135632fe9
1776793203893,1901428343712657,-2.135628,1.0821792,-9.361329,0.0,0.007330383,0.0,TREMOR,5fa135632fe9
1776793203901,1901428351710123,-2.1068976,1.1013328,-9.3733,-6.1086525E-4,0.007330383,0.0018325958,TREMOR,5fa135632fe9
1776793203909,1901428359703974,-2.1045034,1.091756,-9.356541,-0.002443461,0.007330383,0.0012217305,TREMOR,5fa135632fe9
1776793203917,1901428367702133,-2.0805612,1.0773908,-9.356541,-0.0012217305,0.005497787,-6.1086525E-4,TREMOR,5fa135632fe9
1776793203925,1901428375696369,-2.087744,1.0749966,-9.375694,0.0,0.002443461,0.0018325958,TREMOR,5fa135632fe9
1776793203933,1901428383692682,-2.0829554,1.0965444,-9.375694,0.0,0.0,0.0,TREMOR,5fa135632fe9
1776793203941,1901428391718764,-2.0685902,1.0893618,-9.378088,6.1086525E-4,-6.1086525E-4,-6.1086525E-4,TREMOR,5fa135632fe9
1776793203949,1901428399713846,-2.0709844,1.0702082,-9.387665,6.1086525E-4,-0.0030543262,0.002443461,TREMOR,5fa135632fe9
1776793203957,1901428407710235,-2.0925324,1.0941502,-9.375694,0.0012217305,-0.004276057,0.0018325958,TREMOR,5fa135632fe9
1776793203965,1901428415705625,-2.1140802,1.0749966,-9.385271,6.1086525E-4,-0.005497787,0.004276057,TREMOR,5fa135632fe9
1776793203973,1901428423701938,-2.1164744,1.091756,-9.358934,0.0012217305,-0.0067195175,0.002443461,TREMOR,5fa135632fe9
1776793203981,1901428431696097,-2.1140802,1.1204864,-9.363723,0.0018325958,-0.008552114,0.0012217305,TREMOR,5fa135632fe9
1776793203989,1901428439690255,-2.135628,1.1109096,-9.368511,0.0018325958,-0.009162978,0.0012217305,TREMOR,5fa135632fe9
1776793203997,1901428447717260,-2.1571758,1.127669,-9.354146,6.1086525E-4,-0.008552114,0.0018325958,TREMOR,5fa135632fe9
1776793204005,1901428455713035,-2.1859062,1.1252748,-9.356541,0.0012217305,-0.007941248,0.0036651916,TREMOR,5fa135632fe9
1776793204013,1901428463710271,-2.1739352,1.1324574,-9.346964,0.0,-0.007330383,0.0,TREMOR,5fa135632fe9
1776793204021,1901428471704968,-2.1883004,1.1492168,-9.368511,6.1086525E-4,-0.0061086523,0.0012217305,TREMOR,5fa135632fe9
1776793204029,1901428479701050,-2.2170308,1.1468226,-9.32781,-6.1086525E-4,-0.005497787,-0.0012217305,TREMOR,5fa135632fe9
1776793204037,1901428487694593,-2.2266076,1.151611,-9.354146,-0.0018325958,-0.004886922,6.1086525E-4,TREMOR,5fa135632fe9
1776793204045,1901428495691829,-2.2361844,1.1468226,-9.349358,-0.0018325958,-0.002443461,-0.0012217305,TREMOR,5fa135632fe9
1776793204053,1901428503689373,-2.2170308,1.1348516,-9.339781,-0.0012217305,-0.002443461,-6.1086525E-4,TREMOR,5fa135632fe9
1776793204061,1901428511713608,-2.231396,1.1372458,-9.351752,-0.0012217305,-0.0012217305,0.0012217305,TREMOR,5fa135632fe9
1776793204069,1901428519709306,-2.2266076,1.1204864,-9.3421755,0.0,0.0,-6.1086525E-4,TREMOR,5fa135632fe9
1776793204077,1901428527704388,-2.1978772,1.1324574,-9.368511,-0.0018325958,0.0,0.0018325958,TREMOR,5fa135632fe9
1776793204085,1901428535698854,-2.1859062,1.1348516,-9.358934,-0.0018325958,-0.0012217305,0.004886922,TREMOR,5fa135632fe9
1776793204093,1901428543695244,-2.1787236,1.1204864,-9.351752,-0.0012217305,0.0,0.0012217305,TREMOR,5fa135632fe9
1776793204101,1901428551691864,-2.1643584,1.1228806,-9.356541,0.0,6.1086525E-4,0.0036651916,TREMOR,5fa135632fe9
1776793204109,1901428559717946,-2.1667526,1.127669,-9.363723,-6.1086525E-4,6.1086525E-4,0.0030543262,TREMOR,5fa135632fe9
1776793204117,1901428567711874,-2.1404164,1.1300632,-9.361329,0.0,0.0012217305,0.0036651916,TREMOR,5fa135632fe9
1776793204125,1901428575710879,-2.1260512,1.1228806,-9.370906,0.0,0.0018325958,0.004276057,TREMOR,5fa135632fe9
1776793204133,1901428583706038,-2.1332338,1.1420342,-9.363723,-6.1086525E-4,0.0030543262,0.0061086523,TREMOR,5fa135632fe9
1776793204141,1901428591700428,-2.1260512,1.1013328,-9.349358,-6.1086525E-4,0.002443461,0.0061086523,TREMOR,5fa135632fe9
1776793204149,1901428599697740,-2.1260512,1.1228806,-9.354146,-6.1086525E-4,0.0030543262,0.0030543262,TREMOR,5fa135632fe9
1776793204157,1901428607693438,-2.1499932,1.1204864,-9.356541,6.1086525E-4,0.0012217305,0.002443461,TREMOR,5fa135632fe9
1776793204165,1901428615716212,-2.1332338,1.1109096,-9.354146,6.1086525E-4,0.002443461,0.002443461,TREMOR,5fa135632fe9
1776793204173,1901428623712448,-2.1428106,1.1300632,-9.3421755,-6.1086525E-4,6.1086525E-4,0.0030543262,TREMOR,5fa135632fe9
1776793204181,1901428631708222,-2.1547816,1.1300632,-9.339781,-0.0012217305,6.1086525E-4,0.0012217305,TREMOR,5fa135632fe9
1776793204189,1901428639702612,-2.1667526,1.13964,-9.32781,-0.0018325958,-6.1086525E-4,-6.1086525E-4,TREMOR,5fa135632fe9
1776793204197,1901428647699001,-2.1691468,1.1468226,-9.349358,-0.0018325958,-0.0018325958,-0.0012217305,TREMOR,5fa135632fe9
1776793204205,1901428655696237,-2.1930888,1.1420342,-9.349358,-0.0018325958,-0.0018325958,-0.0012217305,TREMOR,5fa135632fe9
1776793204213,1901428663691319,-2.2050598,1.1492168,-9.32781,-0.004276057,-0.0012217305,-0.0018325958,TREMOR,5fa135632fe9
1776793204221,1901428671717093,-2.2290018,1.1563994,-9.332599,-0.0018325958,0.0,-0.002443461,TREMOR,5fa135632fe9
1776793204229,1901428679712791,-2.2361844,1.13964,-9.330204,-0.0030543262,6.1086525E-4,-0.0036651916,TREMOR,5fa135632fe9
1776793204237,1901428687707334,-2.2242134,1.1492168,-9.337387,-0.0030543262,0.002443461,-0.0036651916,TREMOR,5fa135632fe9
1776793204245,1901428695703955,-2.231396,1.163582,-9.3421755,-0.0036651916,0.004886922,-0.0030543262,TREMOR,5fa135632fe9
1776793204253,1901428703700498,-2.2337902,1.1492168,-9.3661175,-0.004276057,0.005497787,-0.002443461,TREMOR,5fa135632fe9
1776793204261,1901428711695041,-2.2290018,1.1420342,-9.361329,-0.0036651916,0.009773844,-0.0036651916,TREMOR,5fa135632fe9
1776793204269,1901428719691662,-2.2122424,1.151611,-9.361329,-0.0036651916,0.009773844,-0.002443461,TREMOR,5fa135632fe9
1776793204277,1901428727717205,-2.1906946,1.1300632,-9.346964,-0.002443461,0.01282817,-0.004886922,TREMOR,5fa135632fe9
1776793204285,1901428735712287,-2.1643584,1.1180922,-9.3661175,-0.0030543262,0.01282817,-0.0030543262,TREMOR,5fa135632fe9
1776793204293,1901428743708292,-2.1523874,1.1228806,-9.380483,-0.0018325958,0.014049901,-0.0030543262,TREMOR,5fa135632fe9
1776793204301,1901428751704297,-2.1284454,1.1061212,-9.370906,-0.0012217305,0.013439035,-0.0036651916,TREMOR,5fa135632fe9
1776793204309,1901428759698379,-2.1092918,1.0773908,-9.3733,-0.0036651916,0.01038471,-0.0018325958,TREMOR,5fa135632fe9
1776793204317,1901428767693769,-2.1068976,1.079785,-9.382876,-0.002443461,0.010995574,-0.0018325958,TREMOR,5fa135632fe9
1776793204325,1901428775691312,-2.0733786,1.0821792,-9.390059,-0.0012217305,0.007330383,0.0,TREMOR,5fa135632fe9
1776793204333,1901428783719010,-2.078167,1.0749966,-9.390059,-0.0012217305,0.007941248,0.0012217305,TREMOR,5fa135632fe9
1776793204341,1901428791711707,-2.0638018,1.0630256,-9.378088,-6.1086525E-4,0.004886922,0.0018325958,TREMOR,5fa135632fe9
1776793204349,1901428799707327,-2.054225,1.0534488,-9.370906,0.0012217305,0.0012217305,0.002443461,TREMOR,5fa135632fe9
1776793204357,1901428807702486,-2.030283,1.0702082,-9.382876,-6.1086525E-4,-6.1086525E-4,0.0036651916,TREMOR,5fa135632fe9
1776793204365,1901428815699030,-2.0374656,1.067814,-9.361329,0.0012217305,-0.0030543262,0.004276057,TREMOR,5fa135632fe9
1776793204373,1901428823694727,-2.0374656,1.0726024,-9.385271,-6.1086525E-4,-0.0036651916,0.004276057,TREMOR,5fa135632fe9
1776793204381,1901428831689270,-2.0566192,1.0965444,-9.351752,0.0,-0.007941248,0.005497787,TREMOR,5fa135632fe9
1776793204389,1901428839715429,-2.0709844,1.0965444,-9.346964,0.0012217305,-0.007941248,0.0012217305,TREMOR,5fa135632fe9
1776793204397,1901428847711050,-2.111686,1.1109096,-9.370906,0.0012217305,-0.009773844,6.1086525E-4,TREMOR,5fa135632fe9
1776793204405,1901428855706440,-2.1068976,1.1348516,-9.351752,0.0012217305,-0.012217305,0.0012217305,TREMOR,5fa135632fe9
1776793204413,1901428863702137,-2.1380222,1.13964,-9.358934,0.0012217305,-0.012217305,6.1086525E-4,TREMOR,5fa135632fe9
1776793204421,1901428871699679,-2.1571758,1.1468226,-9.337387,0.002443461,-0.01282817,0.0030543262,TREMOR,5fa135632fe9
1776793204429,1901428879695454,-2.1859062,1.1468226,-9.332599,0.0012217305,-0.014049901,0.0036651916,TREMOR,5fa135632fe9
1776793204437,1901428887691766,-2.207454,1.1611878,-9.344569,0.002443461,-0.014660766,0.002443461,TREMOR,5fa135632fe9
1776793204445,1901428895718465,-2.219425,1.163582,-9.332599,0.0036651916,-0.014660766,0.0012217305,TREMOR,5fa135632fe9
1776793204453,1901428903712931,-2.2457612,1.1659763,-9.339781,0.0018325958,-0.015882496,0.002443461,TREMOR,5fa135632fe9
1776793204461,1901428911708397,-2.2577322,1.1683705,-9.334992,0.0018325958,-0.014660766,0.0012217305,TREMOR,5fa135632fe9
1776793204469,1901428919702786,-2.2505496,1.151611,-9.325416,0.0012217305,-0.013439035,0.002443461,TREMOR,5fa135632fe9
1776793204477,1901428927699176,-2.2697031,1.151611,-9.332599,0.0012217305,-0.01282817,0.0012217305,TREMOR,5fa135632fe9
1776793204485,1901428935693950,-2.267309,1.1444284,-9.334992,6.1086525E-4,-0.009773844,0.0012217305,TREMOR,5fa135632fe9
1776793204493,1901428943690186,-2.2577322,1.127669,-9.354146,0.0,-0.004886922,6.1086525E-4,TREMOR,5fa135632fe9
1776793204501,1901428951714576,-2.2601264,1.1492168,-9.337387,0.0,-0.004886922,-0.0012217305,TREMOR,5fa135632fe9
1776793204509,1901428959712735,-2.2409728,1.1492168,-9.332599,0.0,-6.1086525E-4,-6.1086525E-4,TREMOR,5fa135632fe9
1776793204517,1901428967705970,-2.2457612,1.1587936,-9.337387,-0.0018325958,0.0018325958,-0.0012217305,TREMOR,5fa135632fe9
1776793204525,1901428975702898,-2.2290018,1.1372458,-9.320627,-0.0030543262,0.004886922,-6.1086525E-4,TREMOR,5fa135632fe9
1776793204533,1901428983697365,-2.2170308,1.1324574,-9.346964,-0.0030543262,0.009162978,-0.0012217305,TREMOR,5fa135632fe9
1776793204541,1901428991693370,-2.195483,1.1300632,-9.363723,-0.004886922,0.009773844,-0.002443461,TREMOR,5fa135632fe9
1776793204549,1901428999689913,-2.1883004,1.115698,-9.368511,-0.004886922,0.01160644,-0.0030543262,TREMOR,5fa135632fe9
1776793204557,1901429007716765,-2.1859062,1.1204864,-9.3661175,-0.004886922,0.01160644,-0.002443461,TREMOR,5fa135632fe9
1776793204565,1901429015711154,-2.171541,1.1109096,-9.361329,-0.0036651916,0.015882496,-0.0018325958,TREMOR,5fa135632fe9
1776793204573,1901429023705698,-2.1547816,1.1061212,-9.349358,-0.0018325958,0.018936822,-0.0012217305,TREMOR,5fa135632fe9
1776793204581,1901429031703164,-2.1428106,1.1180922,-9.346964,-0.0030543262,0.017715093,-0.0018325958,TREMOR,5fa135632fe9
1776793204589,1901429039697323,-2.1140802,1.1133038,-9.337387,-0.0030543262,0.017715093,-0.0018325958,TREMOR,5fa135632fe9
1776793204597,1901429047694636,-2.099715,1.1204864,-9.349358,-0.002443461,0.014660766,-0.002443461,TREMOR,5fa135632fe9
1776793204605,1901429055720795,-2.087744,1.1109096,-9.361329,-0.0018325958,0.012217305,-0.0012217305,TREMOR,5fa135632fe9
1776793204613,1901429063715800,-2.087744,1.0965444,-9.363723,-0.0030543262,0.01160644,0.0,TREMOR,5fa135632fe9
1776793204621,1901429071712189,-2.0853498,1.115698,-9.358934,-0.002443461,0.010995574,-0.002443461,TREMOR,5fa135632fe9
1776793204629,1901429079706964,-2.087744,1.1180922,-9.378088,-0.0018325958,0.0061086523,-0.0018325958,TREMOR,5fa135632fe9
1776793204637,1901429087702661,-2.1140802,1.1085154,-9.363723,0.0,0.005497787,0.0,TREMOR,5fa135632fe9
1776793204645,1901429095697051,-2.1068976,1.1420342,-9.361329,-0.0012217305,0.0,-0.0012217305,TREMOR,5fa135632fe9
1776793204653,1901429103693440,-2.1092918,1.127669,-9.349358,-6.1086525E-4,-0.0012217305,-0.002443461,TREMOR,5fa135632fe9
1776793204661,1901429111719907,-2.1164744,1.1228806,-9.344569,0.0,-0.004276057,0.0,TREMOR,5fa135632fe9
1776793204669,1901429119713989,-2.1332338,1.1252748,-9.334992,0.002443461,-0.0061086523,-0.0012217305,TREMOR,5fa135632fe9
1776793204677,1901429127711225,-2.123657,1.1348516,-9.339781,0.0018325958,-0.0061086523,-6.1086525E-4,TREMOR,5fa135632fe9
1776793204685,1901429135707845,-2.1452048,1.1180922,-9.346964,0.0012217305,-0.007330383,-0.0018325958,TREMOR,5fa135632fe9
1776793204693,1901429143702004,-2.1332338,1.1348516,-9.351752,0.0030543262,-0.008552114,6.1086525E-4,TREMOR,5fa135632fe9
1776793204701,1901429151698086,-2.1523874,1.1180922,-9.339781,0.0018325958,-0.009162978,-6.1086525E-4,TREMOR,5fa135632fe9
1776793204709,1901429159693706,-2.15957,1.103727,-9.354146,0.0030543262,-0.008552114,-6.1086525E-4,TREMOR,5fa135632fe9
1776793204717,1901429167691019,-2.1619642,1.1085154,-9.334992,0.0012217305,-0.010995574,-6.1086525E-4,TREMOR,5fa135632fe9
1776793204725,1901429175715024,-2.1811178,1.079785,-9.356541,0.0018325958,-0.009773844,0.002443461,TREMOR,5fa135632fe9
1776793204733,1901429183710106,-2.1739352,1.1013328,-9.351752,6.1086525E-4,-0.009162978,0.0030543262,TREMOR,5fa135632fe9
1776793204741,1901429191706957,-2.1811178,1.1085154,-9.361329,0.0012217305,-0.01038471,0.0036651916,TREMOR,5fa135632fe9
1776793204749,1901429199701424,-2.1811178,1.1013328,-9.356541,6.1086525E-4,-0.010995574,0.002443461,TREMOR,5fa135632fe9
1776793204757,1901429207697736,-2.171541,1.1109096,-9.361329,0.0012217305,-0.01038471,0.0030543262,TREMOR,5fa135632fe9
1776793204765,1901429215691895,-2.147599,1.1133038,-9.349358,0.0,-0.010995574,0.004886922,TREMOR,5fa135632fe9
1776793204773,1901429223719054,-2.1811178,1.1133038,-9.351752,0.0,-0.0067195175,0.0061086523,TREMOR,5fa135632fe9
1776793204781,1901429231715905,-2.1739352,1.103727,-9.363723,-6.1086525E-4,-0.007330383,0.004886922,TREMOR,5fa135632fe9
1776793204789,1901429239710679,-2.1667526,1.1061212,-9.358934,0.0,-0.005497787,0.004886922,TREMOR,5fa135632fe9
1776793204797,1901429247706684,-2.1643584,1.1204864,-9.3421755,6.1086525E-4,-0.005497787,0.0036651916,TREMOR,5fa135632fe9
1776793204805,1901429255701843,-2.1739352,1.1133038,-9.361329,0.0,-0.0018325958,0.0030543262,TREMOR,5fa135632fe9
1776793204813,1901429263696848,-2.1691468,1.115698,-9.351752,-0.0018325958,-0.0012217305,0.0018325958,TREMOR,5fa135632fe9
1776793204821,1901429271692623,-2.1811178,1.1228806,-9.346964,0.0,0.0,0.0,TREMOR,5fa135632fe9
1776793204829,1901429279689781,-2.1787236,1.1252748,-9.354146,-0.0018325958,-0.0012217305,0.0012217305,TREMOR,5fa135632fe9
1776793204837,1901429287713863,-2.1978772,1.1252748,-9.330204,0.0,-0.0018325958,0.0,TREMOR,5fa135632fe9
1776793204845,1901429295710176,-2.2170308,1.1324574,-9.344569,-0.0012217305,-0.0012217305,-0.0012217305,TREMOR,5fa135632fe9
1776793204853,1901429303705258,-2.2122424,1.13964,-9.344569,0.0,-0.0012217305,-0.0018325958,TREMOR,5fa135632fe9
1776793204861,1901429311701802,-2.207454,1.1492168,-9.349358,6.1086525E-4,-0.0030543262,-0.002443461,TREMOR,5fa135632fe9
1776793204869,1901429319699422,-2.1978772,1.1492168,-9.32781,0.0,-0.0030543262,-0.0012217305,TREMOR,5fa135632fe9
1776793204877,1901429327694812,-2.2218192,1.1324574,-9.3182335,0.002443461,-0.005497787,-0.0030543262,TREMOR,5fa135632fe9
1776793204885,1901429335719355,-2.195483,1.1204864,-9.315839,0.0018325958,-0.0030543262,-0.0030543262,TREMOR,5fa135632fe9
1776793204893,1901429343713283,-2.1811178,1.127669,-9.344569,0.0018325958,-0.0012217305,-0.0018325958,TREMOR,5fa135632fe9
1776793204901,1901429351711057,-2.1978772,1.1300632,-9.332599,0.0030543262,-6.1086525E-4,-0.002443461,TREMOR,5fa135632fe9
1776793204909,1901429359706447,-2.1811178,1.1204864,-9.349358,0.0,0.0012217305,-0.0018325958,TREMOR,5fa135632fe9
1776793204917,1901429367700067,-2.1930888,1.1252748,-9.346964,0.0,0.004276057,-0.0030543262,TREMOR,5fa135632fe9
1776793204925,1901429375697534,-2.1667526,1.1109096,-9.354146,-6.1086525E-4,0.008552114,-0.005497787,TREMOR,5fa135632fe9
1776793204933,1901429383692924,-2.1739352,1.1085154,-9.346964,-0.0018325958,0.009162978,-0.0030543262,TREMOR,5fa135632fe9
1776793204941,1901429391719390,-2.171541,1.1180922,-9.3421755,-0.0018325958,0.009162978,-0.0030543262,TREMOR,5fa135632fe9
1776793204949,1901429399713011,-2.1619642,1.1252748,-9.358934,-0.0012217305,0.009773844,-0.004886922,TREMOR,5fa135632fe9
1776793204957,1901429407709246,-2.1667526,1.1204864,-9.363723,-0.0018325958,0.01160644,-0.0036651916,TREMOR,5fa135632fe9
1776793204965,1901429415705021,-2.147599,1.0893618,-9.363723,-0.002443461,0.009773844,-0.0067195175,TREMOR,5fa135632fe9
1776793204973,1901429423703179,-2.147599,1.0965444,-9.334992,-0.0018325958,0.007941248,-0.004276057,TREMOR,5fa135632fe9
1776793204981,1901429431695723,-2.1619642,1.0893618,-9.354146,-0.002443461,0.004886922,-0.004886922,TREMOR,5fa135632fe9
1776793204989,1901429439691113,-2.1452048,1.0893618,-9.358934,-0.0012217305,0.002443461,-0.0030543262,TREMOR,5fa135632fe9
1776793204997,1901429447719195,-2.1380222,1.1085154,-9.356541,-0.0030543262,6.1086525E-4,-0.0012217305,TREMOR,5fa135632fe9
1776793205005,1901429455715738,-2.1284454,1.1013328,-9.354146,-0.0018325958,0.0,-6.1086525E-4,TREMOR,5fa135632fe9
1776793205013,1901429463709666,-2.111686,1.1133038,-9.358934,-0.0012217305,-0.0030543262,6.1086525E-4,TREMOR,5fa135632fe9
1776793205021,1901429471704748,-2.111686,1.1180922,-9.325416,-0.002443461,-0.0012217305,0.0018325958,TREMOR,5fa135632fe9
1776793205029,1901429479700368,-2.1092918,1.1300632,-9.363723,-0.0036651916,-0.0018325958,0.0036651916,TREMOR,5fa135632fe9
1776793205037,1901429487696989,-2.1284454,1.1348516,-9.339781,-0.0030543262,-0.0018325958,0.0018325958,TREMOR,5fa135632fe9
1776793205045,1901429495692763,-2.1212628,1.1444284,-9.349358,-0.004886922,-0.0012217305,0.002443461,TREMOR,5fa135632fe9
1776793205053,1901429503687768,-2.1308396,1.1540052,-9.361329,-0.004276057,-6.1086525E-4,6.1086525E-4,TREMOR,5fa135632fe9
1776793205061,1901429511712696,-2.1547816,1.151611,-9.334992,-0.0030543262,6.1086525E-4,6.1086525E-4,TREMOR,5fa135632fe9
1776793205069,1901429519708778,-2.1619642,1.13964,-9.358934,-0.0036651916,0.002443461,0.0,TREMOR,5fa135632fe9
1776793205077,1901429527705091,-2.1619642,1.1372458,-9.358934,-0.0012217305,0.002443461,-0.002443461,TREMOR,5fa135632fe9
1776793205085,1901429535701019,-2.1763294,1.1300632,-9.3421755,-6.1086525E-4,0.0012217305,-6.1086525E-4,TREMOR,5fa135632fe9
1776793205093,1901429543695793,-2.1859062,1.1300632,-9.349358,0.0018325958,0.002443461,0.0012217305,TREMOR,5fa135632fe9
1776793205101,1901429551692491,-2.1739352,1.1228806,-9.330204,0.0018325958,-0.0012217305,0.0,TREMOR,5fa135632fe9
1776793205109,1901429559720496,-2.15957,1.1444284,-9.346964,0.004886922,-0.0018325958,0.0,TREMOR,5fa135632fe9
1776793205117,1901429567713962,-2.1667526,1.1324574,-9.354146,0.004276057,-0.0061086523,0.0018325958,TREMOR,5fa135632fe9
1776793205125,1901429575708506,-2.1523874,1.1228806,-9.354146,0.004886922,-0.0061086523,0.002443461,TREMOR,5fa135632fe9
1776793205133,1901429583705126,-2.15957,1.1204864,-9.349358,0.005497787,-0.01038471,0.0030543262,TREMOR,5fa135632fe9
1776793205141,1901429591701131,-2.135628,1.1061212,-9.361329,0.0061086523,-0.01160644,0.002443461,TREMOR,5fa135632fe9
1776793205149,1901429599697444,-2.135628,1.091756,-9.344569,0.0067195175,-0.013439035,0.0018325958,TREMOR,5fa135632fe9
1776793205157,1901429607692756,-2.1404164,1.0726024,-9.346964,0.004886922,-0.014049901,0.0012217305,TREMOR,5fa135632fe9
1776793205165,1901429615719915,-2.147599,1.0749966,-9.346964,0.005497787,-0.013439035,0.002443461,TREMOR,5fa135632fe9
1776793205173,1901429623712843,-2.1404164,1.079785,-9.356541,0.0036651916,-0.012217305,0.0012217305,TREMOR,5fa135632fe9
1776793205181,1901429631708464,-2.147599,1.0965444,-9.346964,0.0030543262,-0.013439035,0.0018325958,TREMOR,5fa135632fe9
1776793205189,1901429639704853,-2.1643584,1.079785,-9.339781,0.0030543262,-0.01160644,-0.0012217305,TREMOR,5fa135632fe9
1776793205197,1901429647700551,-2.1691468,1.0869676,-9.337387,0.0018325958,-0.010995574,0.0,TREMOR,5fa135632fe9
1776793205205,1901429655696787,-2.1859062,1.0941502,-9.349358,-6.1086525E-4,-0.010995574,-0.005497787,TREMOR,5fa135632fe9
1776793205213,1901429663691945,-2.1859062,1.115698,-9.349358,-6.1086525E-4,-0.009773844,-0.0018325958,TREMOR,5fa135632fe9
1776793205221,1901429671717104,-2.2385786,1.115698,-9.346964,-0.002443461,-0.007330383,-0.0030543262,TREMOR,5fa135632fe9
1776793205229,1901429679712879,-2.2385786,1.127669,-9.337387,-0.0012217305,-0.0036651916,-0.0012217305,TREMOR,5fa135632fe9
1776793205237,1901429687709499,-2.2601264,1.1444284,-9.3421755,-0.002443461,-0.0036651916,-0.002443461,TREMOR,5fa135632fe9
1776793205245,1901429695703889,-2.2649148,1.1611878,-9.334992,-0.002443461,-0.0036651916,-0.002443461,TREMOR,5fa135632fe9
1776793205253,1901429703700509,-2.27928,1.1420342,-9.351752,-0.0030543262,-0.0030543262,-0.0018325958,TREMOR,5fa135632fe9
1776793205261,1901429711697514,-2.2816741,1.1420342,-9.339781,-6.1086525E-4,6.1086525E-4,-0.0018325958,TREMOR,5fa135632fe9
1776793205269,1901429719693211,-2.27928,1.13964,-9.325416,-0.0018325958,0.0030543262,-0.0030543262,TREMOR,5fa135632fe9
1776793205277,1901429727718370,-2.2529438,1.115698,-9.325416,-0.0018325958,0.0036651916,-6.1086525E-4,TREMOR,5fa135632fe9
1776793205285,1901429735713837,-2.2577322,1.1228806,-9.356541,-0.0018325958,0.004886922,-0.002443461,TREMOR,5fa135632fe9
1776793205293,1901429743707380,-2.2218192,1.1180922,-9.332599,-0.0030543262,0.007330383,6.1086525E-4,TREMOR,5fa135632fe9
1776793205301,1901429751703924,-2.2242134,1.1085154,-9.354146,-0.002443461,0.009773844,-0.0018325958,TREMOR,5fa135632fe9
1776793205309,1901429759700852,-2.2002714,1.1180922,-9.344569,-0.004886922,0.009773844,-6.1086525E-4,TREMOR,5fa135632fe9
1776793205317,1901429767696934,-2.1739352,1.1061212,-9.351752,-0.005497787,0.012217305,-6.1086525E-4,TREMOR,5fa135632fe9
1776793205325,1901429775691016,-2.1643584,1.1013328,-9.361329,-0.004886922,0.01282817,-0.002443461,TREMOR,5fa135632fe9
1776793205333,1901429783718098,-2.1547816,1.0941502,-9.361329,-0.0061086523,0.01282817,-0.002443461,TREMOR,5fa135632fe9
1776793205341,1901429791711410,-2.1260512,1.0965444,-9.370906,-0.0061086523,0.014660766,-0.002443461,TREMOR,5fa135632fe9
1776793205349,1901429799706723,-2.1164744,1.0941502,-9.370906,-0.004276057,0.010995574,-0.0030543262,TREMOR,5fa135632fe9
1776793205357,1901429807704651,-2.1021092,1.1013328,-9.361329,-0.0030543262,0.010995574,-6.1086525E-4,TREMOR,5fa135632fe9
1776793205365,1901429815699656,-2.0925324,1.1109096,-9.363723,-0.002443461,0.009773844,-0.004276057,TREMOR,5fa135632fe9
1776793205373,1901429823694200,-2.078167,1.1180922,-9.351752,-6.1086525E-4,0.0061086523,-0.0036651916,TREMOR,5fa135632fe9
1776793205381,1901429831690743,-2.0757728,1.115698,-9.361329,0.0,0.005497787,-0.002443461,TREMOR,5fa135632fe9
1776793205389,1901429839719133,-2.0925324,1.1228806,-9.346964,0.0012217305,0.0030543262,-0.0018325958,TREMOR,5fa135632fe9
1776793205397,1901429847712599,-2.0901382,1.1348516,-9.354146,0.002443461,0.0012217305,-0.0018325958,TREMOR,5fa135632fe9
1776793205405,1901429855709527,-2.1021092,1.127669,-9.323022,0.0036651916,0.0,-0.0018325958,TREMOR,5fa135632fe9
1776793205413,1901429863704302,-2.1188686,1.1204864,-9.332599,0.004886922,-0.004276057,0.0,TREMOR,5fa135632fe9
1776793205421,1901429871700076,-2.1308396,1.1109096,-9.32781,0.004886922,-0.004276057,0.0,TREMOR,5fa135632fe9
1776793205429,1901429879695773,-2.1428106,1.103727,-9.334992,0.002443461,-0.007941248,0.0012217305,TREMOR,5fa135632fe9
1776793205437,1901429887690163,-2.15957,1.1204864,-9.3421755,0.0030543262,-0.009773844,0.002443461,TREMOR,5fa135632fe9
1776793205445,1901429895717014,-2.1643584,1.13964,-9.3421755,0.0018325958,-0.009162978,0.0018325958,TREMOR,5fa135632fe9
1776793205453,1901429903714558,-2.1930888,1.1180922,-9.349358,0.0,-0.007941248,0.002443461,TREMOR,5fa135632fe9
1776793205461,1901429911709024,-2.1906946,1.1252748,-9.3421755,0.0,-0.007941248,0.0012217305,TREMOR,5fa135632fe9
1776793205469,1901429919704029,-2.2146366,1.1300632,-9.337387,-6.1086525E-4,-0.005497787,0.0012217305,TREMOR,5fa135632fe9
1776793205477,1901429927699803,-2.2266076,1.1180922,-9.351752,-6.1086525E-4,-0.0036651916,-6.1086525E-4,TREMOR,5fa135632fe9
1776793205485,1901429935695501,-2.2266076,1.1109096,-9.349358,-6.1086525E-4,-0.0012217305,-6.1086525E-4,TREMOR,5fa135632fe9
1776793205493,1901429943721044,-2.2122424,1.1252748,-9.3733,-0.0012217305,-0.0030543262,0.002443461,TREMOR,5fa135632fe9
1776793205501,1901429951716126,-2.2122424,1.115698,-9.358934,0.0,-0.0012217305,6.1086525E-4,TREMOR,5fa135632fe9
1776793205509,1901429959711823,-2.2050598,1.1109096,-9.354146,-0.002443461,-0.0018325958,0.0,TREMOR,5fa135632fe9
1776793205517,1901429967708444,-2.1978772,1.1300632,-9.356541,0.0,-0.0012217305,6.1086525E-4,TREMOR,5fa135632fe9
1776793205525,1901429975703218,-2.195483,1.1204864,-9.358934,0.0,-0.0012217305,0.002443461,TREMOR,5fa135632fe9
1776793205533,1901429983699454,-2.195483,1.1085154,-9.339781,0.0,-6.1086525E-4,0.0012217305,TREMOR,5fa135632fe9
1776793205541,1901429991693613,-2.1930888,1.1013328,-9.346964,0.0,-0.0018325958,0.004276057,TREMOR,5fa135632fe9
1776793205549,1901429999690849,-2.1811178,1.115698,-9.351752,6.1086525E-4,-0.0030543262,0.004276057,TREMOR,5fa135632fe9
1776793205557,1901430007716161,-2.1787236,1.0965444,-9.3421755,6.1086525E-4,-0.0030543262,0.005497787,TREMOR,5fa135632fe9
1776793205565,1901430015714243,-2.1811178,1.0893618,-9.346964,0.0012217305,-0.0030543262,0.004276057,TREMOR,5fa135632fe9
1776793205573,1901430023707556,-2.1404164,1.1061212,-9.356541,0.0,-0.002443461,0.0061086523,TREMOR,5fa135632fe9
1776793205581,1901430031704407,-2.1571758,1.0893618,-9.361329,0.0012217305,0.0,0.0061086523,TREMOR,5fa135632fe9
1776793205589,1901430039699258,-2.1284454,1.1109096,-9.334992,0.0,0.0018325958,0.007330383,TREMOR,5fa135632fe9
1776793205597,1901430047695494,-2.135628,1.1013328,-9.337387,-0.0012217305,0.0030543262,0.005497787,TREMOR,5fa135632fe9
1776793205605,1901430055689038,-2.1547816,1.115698,-9.3421755,-0.0036651916,0.0018325958,0.0018325958,TREMOR,5fa135632fe9
1776793205613,1901430063715889,-2.1523874,1.127669,-9.332599,-0.0030543262,0.004276057,6.1086525E-4,TREMOR,5fa135632fe9
1776793205621,1901430071710586,-2.1571758,1.1348516,-9.339781,-0.0036651916,0.0036651916,6.1086525E-4,TREMOR,5fa135632fe9
1776793205629,1901430079706668,-2.171541,1.127669,-9.330204,-0.004276057,0.004276057,-6.1086525E-4,TREMOR,5fa135632fe9
1776793205637,1901430087703519,-2.195483,1.1420342,-9.337387,-0.0036651916,0.004886922,-0.0012217305,TREMOR,5fa135632fe9
1776793205645,1901430095699216,-2.2026656,1.1372458,-9.356541,-0.002443461,0.0061086523,-0.0012217305,TREMOR,5fa135632fe9
1776793205653,1901430103695221,-2.219425,1.1252748,-9.354146,-0.0030543262,0.004276057,-0.0012217305,TREMOR,5fa135632fe9
1776793205661,1901430111718996,-2.219425,1.1300632,-9.337387,-0.0030543262,0.005497787,-0.0018325958,TREMOR,5fa135632fe9
1776793205669,1901430119718001,-2.2218192,1.1324574,-9.346964,-0.0030543262,0.005497787,0.0012217305,TREMOR,5fa135632fe9
1776793205677,1901430127710313,-2.2098482,1.1372458,-9.358934,-0.0012217305,0.004276057,-0.0018325958,TREMOR,5fa135632fe9
1776793205685,1901430135707549,-2.195483,1.1300632,-9.351752,0.0,0.004276057,0.0012217305,TREMOR,5fa135632fe9
1776793205693,1901430143703016,-2.1930888,1.1133038,-9.358934,0.0,0.0030543262,6.1086525E-4,TREMOR,5fa135632fe9
1776793205701,1901430151699252,-2.1619642,1.1204864,-9.378088,0.0,0.0018325958,6.1086525E-4,TREMOR,5fa135632fe9
1776793205709,1901430159694641,-2.15957,1.103727,-9.368511,0.0018325958,0.0018325958,6.1086525E-4,TREMOR,5fa135632fe9
1776793205717,1901430167689800,-2.1428106,1.1061212,-9.3661175,6.1086525E-4,6.1086525E-4,0.002443461,TREMOR,5fa135632fe9
1776793205725,1901430175715651,-2.1332338,1.0821792,-9.363723,0.0,0.0030543262,0.004276057,TREMOR,5fa135632fe9
1776793205733,1901430183711041,-2.1140802,1.0941502,-9.354146,0.0,6.1086525E-4,0.0030543262,TREMOR,5fa135632fe9
1776793205741,1901430191707969,-2.1284454,1.091756,-9.368511,-6.1086525E-4,-0.0012217305,0.0030543262,TREMOR,5fa135632fe9
1776793205749,1901430199703282,-2.123657,1.0845734,-9.363723,6.1086525E-4,-0.0018325958,0.004886922,TREMOR,5fa135632fe9
1776793205757,1901430207699056,-2.123657,1.1180922,-9.387665,-0.002443461,-0.0012217305,0.0036651916,TREMOR,5fa135632fe9
1776793205765,1901430215693753,-2.1332338,1.103727,-9.363723,-0.0030543262,-0.0012217305,6.1086525E-4,TREMOR,5fa135632fe9
1776793205773,1901430223719297,-2.135628,1.1013328,-9.351752,-0.002443461,-6.1086525E-4,6.1086525E-4,TREMOR,5fa135632fe9
1776793205781,1901430231715379,-2.15957,1.1180922,-9.354146,-0.0030543262,-0.0012217305,0.0012217305,TREMOR,5fa135632fe9
1776793205789,1901430239710999,-2.1787236,1.1133038,-9.354146,-0.002443461,6.1086525E-4,6.1086525E-4,TREMOR,5fa135632fe9
1776793205797,1901430247707696,-2.1739352,1.1300632,-9.3733,-0.0018325958,0.0012217305,-0.0012217305,TREMOR,5fa135632fe9
1776793205805,1901430255702701,-2.195483,1.1252748,-9.339781,-0.0030543262,0.002443461,0.0,TREMOR,5fa135632fe9
1776793205813,1901430263698168,-2.1978772,1.1492168,-9.351752,-0.0030543262,0.004276057,-0.0018325958,TREMOR,5fa135632fe9
1776793205821,1901430271694096,-2.1859062,1.1324574,-9.351752,-0.002443461,0.004276057,0.0,TREMOR,5fa135632fe9
1776793205829,1901430279720332,-2.207454,1.1563994,-9.358934,-6.1086525E-4,0.004886922,6.1086525E-4,TREMOR,5fa135632fe9
1776793205837,1901430287717491,-2.1906946,1.1444284,-9.358934,-0.002443461,0.0036651916,0.0,TREMOR,5fa135632fe9
1776793205845,1901430295710803,-2.2002714,1.1659763,-9.334992,-0.0012217305,0.0030543262,0.0,TREMOR,5fa135632fe9
1776793205853,1901430303705270,-2.1859062,1.1587936,-9.346964,-6.1086525E-4,0.002443461,0.0012217305,TREMOR,5fa135632fe9
1776793205861,1901430311702814,-2.1787236,1.1563994,-9.330204,0.0,0.0012217305,0.0018325958,TREMOR,5fa135632fe9
1776793205869,1901430319696588,-2.1667526,1.1540052,-9.356541,0.0012217305,0.0,0.002443461,TREMOR,5fa135632fe9
1776793205877,1901430327694439,-2.1667526,1.1324574,-9.339781,0.0018325958,-0.0012217305,0.0030543262,TREMOR,5fa135632fe9
1776793205885,1901430335720675,-2.15957,1.1252748,-9.351752,0.0018325958,-0.0012217305,0.0030543262,TREMOR,5fa135632fe9
1776793205893,1901430343716064,-2.147599,1.1252748,-9.346964,0.002443461,-0.0018325958,0.002443461,TREMOR,5fa135632fe9
1776793205901,1901430351709223,-2.1452048,1.1204864,-9.3733,0.0030543262,-0.0018325958,0.0012217305,TREMOR,5fa135632fe9
1776793205909,1901430359706844,-2.147599,1.115698,-9.370906,0.0018325958,-0.0030543262,0.0012217305,TREMOR,5fa135632fe9
1776793205917,1901430367702464,-2.1428106,1.1085154,-9.370906,0.0012217305,-0.002443461,0.0030543262,TREMOR,5fa135632fe9
1776793205925,1901430375696931,-2.1428106,1.091756,-9.358934,6.1086525E-4,-0.0036651916,0.0018325958,TREMOR,5fa135632fe9
1776793205933,1901430383692089,-2.1499932,1.0821792,-9.349358,-6.1086525E-4,-0.0018325958,6.1086525E-4,TREMOR,5fa135632fe9
1776793205941,1901430391717864,-2.171541,1.1180922,-9.356541,0.0,-0.0018325958,0.0012217305,TREMOR,5fa135632fe9
1776793205949,1901430399714484,-2.171541,1.1204864,-9.354146,-0.0012217305,0.0,0.0,TREMOR,5fa135632fe9
1776793205957,1901430407710566,-2.1787236,1.1228806,-9.3661175,-0.002443461,0.0012217305,0.0,TREMOR,5fa135632fe9
1776793205965,1901430415706263,-2.1906946,1.1180922,-9.375694,-0.002443461,6.1086525E-4,-6.1086525E-4,TREMOR,5fa135632fe9
1776793205973,1901430423703191,-2.183512,1.1300632,-9.358934,-0.002443461,-6.1086525E-4,6.1086525E-4,TREMOR,5fa135632fe9
1776793205981,1901430431697043,-2.2026656,1.1204864,-9.363723,-0.002443461,0.0012217305,0.002443461,TREMOR,5fa135632fe9
1776793205989,1901430439693586,-2.219425,1.1252748,-9.363723,-0.0030543262,0.0036651916,0.0012217305,TREMOR,5fa135632fe9
1776793205997,1901430447717899,-2.2122424,1.127669,-9.3421755,-0.002443461,0.0030543262,0.002443461,TREMOR,5fa135632fe9
1776793206005,1901430455714519,-2.2170308,1.1109096,-9.349358,-0.0012217305,0.0030543262,-0.0012217305,TREMOR,5fa135632fe9
1776793206013,1901430463710294,-2.195483,1.1180922,-9.370906,-6.1086525E-4,0.002443461,0.0012217305,TREMOR,5fa135632fe9
1776793206021,1901430471705683,-2.2098482,1.1109096,-9.368511,-0.0012217305,0.0030543262,-6.1086525E-4,TREMOR,5fa135632fe9
1776793206029,1901430479702611,-2.2026656,1.1061212,-9.356541,-0.0012217305,0.0036651916,0.0,TREMOR,5fa135632fe9
1776793206037,1901430487697385,-2.1811178,1.0893618,-9.382876,-6.1086525E-4,0.004276057,-6.1086525E-4,TREMOR,5fa135632fe9
1776793206045,1901430495694314,-2.1787236,1.0989386,-9.358934,-0.0012217305,0.0067195175,-0.0018325958,TREMOR,5fa135632fe9
1776793206053,1901430503689088,-2.1619642,1.1085154,-9.368511,-0.0018325958,0.0067195175,-0.002443461,TREMOR,5fa135632fe9
1776793206061,1901430511713016,-2.1404164,1.0869676,-9.368511,-0.0030543262,0.007941248,-0.0012217305,TREMOR,5fa135632fe9
1776793206069,1901430519710329,-2.111686,1.0965444,-9.370906,-0.002443461,0.009162978,-0.0012217305,TREMOR,5fa135632fe9
1776793206077,1901430527704718,-2.1284454,1.1061212,-9.3733,-0.002443461,0.007941248,-0.0018325958,TREMOR,5fa135632fe9
1776793206085,1901430535701646,-2.123657,1.0965444,-9.356541,-0.0018325958,0.01038471,-0.0018325958,TREMOR,5fa135632fe9
1776793206093,1901430543698036,-2.1260512,1.1133038,-9.361329,-0.004276057,0.01038471,-0.0018325958,TREMOR,5fa135632fe9
1776793206101,1901430551693426,-2.1188686,1.0989386,-9.368511,-0.002443461,0.008552114,-6.1086525E-4,TREMOR,5fa135632fe9
1776793206109,1901430559717046,-2.1188686,1.103727,-9.363723,-0.002443461,0.0067195175,0.0,TREMOR,5fa135632fe9
1776793206117,1901430567713974,-2.123657,1.1348516,-9.3661175,-0.0018325958,0.0061086523,-0.0012217305,TREMOR,5fa135632fe9
1776793206125,1901430575711210,-2.1380222,1.1300632,-9.3733,-0.0012217305,0.002443461,0.0,TREMOR,5fa135632fe9
1776793206133,1901430583705446,-2.1452048,1.1252748,-9.358934,-0.0018325958,0.0,0.0,TREMOR,5fa135632fe9
1776793206141,1901430591701374,-2.147599,1.1420342,-9.368511,0.0,-0.0018325958,6.1086525E-4,TREMOR,5fa135632fe9
1776793206149,1901430599697687,-2.1571758,1.1372458,-9.349358,-0.0018325958,-0.002443461,0.0030543262,TREMOR,5fa135632fe9
1776793206157,1901430607692538,-2.1691468,1.1324574,-9.358934,6.1086525E-4,-0.0012217305,0.0,TREMOR,5fa135632fe9
1776793206165,1901430615717158,-2.135628,1.1252748,-9.344569,0.0012217305,-0.0012217305,0.0018325958,TREMOR,5fa135632fe9
1776793206173,1901430623715240,-2.1643584,1.1133038,-9.332599,0.0012217305,-0.002443461,0.0030543262,TREMOR,5fa135632fe9
1776793206181,1901430631710707,-2.1452048,1.1228806,-9.339781,0.0018325958,-0.0030543262,0.0018325958,TREMOR,5fa135632fe9
1776793206189,1901430639705096,-2.147599,1.127669,-9.339781,0.0018325958,-0.0036651916,0.002443461,TREMOR,5fa135632fe9
1776793206197,1901430647701486,-2.1643584,1.1300632,-9.351752,0.0012217305,-0.0018325958,0.0030543262,TREMOR,5fa135632fe9
1776793206205,1901430655695952,-2.1619642,1.1468226,-9.346964,0.0012217305,-0.0036651916,0.0018325958,TREMOR,5fa135632fe9
1776793206213,1901430663693111,-2.171541,1.1372458,-9.363723,-6.1086525E-4,-0.0036651916,6.1086525E-4,TREMOR,5fa135632fe9
1776793206221,1901430671720270,-2.1619642,1.1252748,-9.368511,-0.0018325958,6.1086525E-4,0.002443461,TREMOR,5fa135632fe9
1776793206229,1901430679714737,-2.171541,1.1180922,-9.3661175,-0.0012217305,-0.0018325958,0.0,TREMOR,5fa135632fe9
1776793206237,1901430687707588,-2.1906946,1.1180922,-9.349358,-0.0018325958,0.0,-0.0012217305,TREMOR,5fa135632fe9
1776793206245,1901430695705747,-2.2050598,1.115698,-9.351752,0.0,0.0,0.0,TREMOR,5fa135632fe9
1776793206253,1901430703699290,-2.1811178,1.1109096,-9.346964,-0.0012217305,0.0,-6.1086525E-4,TREMOR,5fa135632fe9
1776793206261,1901430711697218,-2.2122424,1.1228806,-9.3661175,6.1086525E-4,-0.0018325958,-6.1086525E-4,TREMOR,5fa135632fe9
1776793206269,1901430719691608,-2.1978772,1.1109096,-9.385271,6.1086525E-4,6.1086525E-4,-0.0012217305,TREMOR,5fa135632fe9
1776793206277,1901430727719305,-2.1978772,1.1109096,-9.358934,-6.1086525E-4,0.0018325958,-0.002443461,TREMOR,5fa135632fe9
1776793206285,1901430735714080,-2.1978772,1.0989386,-9.349358,-6.1086525E-4,0.0030543262,-6.1086525E-4,TREMOR,5fa135632fe9
1776793206293,1901430743710700,-2.171541,1.1180922,-9.368511,0.0,0.0030543262,-0.0012217305,TREMOR,5fa135632fe9
1776793206301,1901430751705859,-2.15957,1.0965444,-9.363723,0.0018325958,0.002443461,0.0,TREMOR,5fa135632fe9
1776793206309,1901430759703018,-2.1404164,1.103727,-9.3421755,0.0,0.0030543262,0.0012217305,TREMOR,5fa135632fe9
1776793206317,1901430767698177,-2.1499932,1.1085154,-9.356541,6.1086525E-4,0.0012217305,6.1086525E-4,TREMOR,5fa135632fe9
1776793206325,1901430775692028,-2.135628,1.103727,-9.346964,6.1086525E-4,-0.0018325958,0.0030543262,TREMOR,5fa135632fe9
1776793206333,1901430783717802,-2.1284454,1.1061212,-9.351752,-0.0012217305,-0.0018325958,0.0018325958,TREMOR,5fa135632fe9
1776793206341,1901430791713269,-2.1164744,1.1061212,-9.349358,0.0,-0.0012217305,0.0030543262,TREMOR,5fa135632fe9
1776793206349,1901430799709812,-2.1284454,1.1133038,-9.351752,6.1086525E-4,-0.0030543262,0.002443461,TREMOR,5fa135632fe9
1776793206357,1901430807704971,-2.099715,1.103727,-9.354146,-0.0012217305,-0.0036651916,0.005497787,TREMOR,5fa135632fe9
1776793206365,1901430815700899,-2.1260512,1.1109096,-9.3661175,6.1086525E-4,-0.0067195175,0.0036651916,TREMOR,5fa135632fe9
1776793206373,1901430823694750,-2.123657,1.1133038,-9.356541,-0.0018325958,-0.0067195175,0.0030543262,TREMOR,5fa135632fe9
1776793206381,1901430831691986,-2.1499932,1.1204864,-9.351752,-0.0012217305,-0.0067195175,0.004886922,TREMOR,5fa135632fe9
1776793206389,1901430839718452,-2.1619642,1.1372458,-9.358934,-6.1086525E-4,-0.0061086523,0.004276057,TREMOR,5fa135632fe9
1776793206397,1901430847713534,-2.1667526,1.127669,-9.339781,-0.002443461,-0.004276057,0.002443461,TREMOR,5fa135632fe9
1776793206405,1901430855707463,-2.1739352,1.1109096,-9.337387,-0.0030543262,-0.0036651916,0.0030543262,TREMOR,5fa135632fe9
1776793206413,1901430863706852,-2.1883004,1.1324574,-9.344569,-0.002443461,-0.004276057,6.1086525E-4,TREMOR,5fa135632fe9
1776793206421,1901430871699088,-2.1930888,1.1348516,-9.332599,-0.004276057,-6.1086525E-4,0.0012217305,TREMOR,5fa135632fe9
1776793206429,1901430879696631,-2.2170308,1.1348516,-9.344569,-0.0030543262,-0.0018325958,0.0,TREMOR,5fa135632fe9
1776793206437,1901430887691175,-2.2218192,1.1492168,-9.351752,-0.002443461,0.0,6.1086525E-4,TREMOR,5fa135632fe9
1776793206445,1901430895718180,-2.2266076,1.13964,-9.346964,-0.002443461,0.0,-6.1086525E-4,TREMOR,5fa135632fe9
1776793206453,1901430903714877,-2.219425,1.1300632,-9.354146,-0.0012217305,0.002443461,0.0018325958,TREMOR,5fa135632fe9
1776793206461,1901430911709344,-2.219425,1.1444284,-9.354146,-6.1086525E-4,0.002443461,6.1086525E-4,TREMOR,5fa135632fe9
1776793206469,1901430919703733,-2.2026656,1.1252748,-9.363723,-0.0012217305,0.0030543262,0.0018325958,TREMOR,5fa135632fe9
1776793206477,1901430927698585,-2.2098482,1.1180922,-9.361329,0.0012217305,0.004276057,0.0018325958,TREMOR,5fa135632fe9
1776793206485,1901430935696667,-2.195483,1.1372458,-9.356541,0.0,0.004886922,6.1086525E-4,TREMOR,5fa135632fe9
1776793206493,1901430943691210,-2.1763294,1.1204864,-9.354146,-6.1086525E-4,0.004886922,-0.0018325958,TREMOR,5fa135632fe9
1776793206501,1901430951717677,-2.1643584,1.1204864,-9.370906,0.0,0.004886922,-0.0012217305,TREMOR,5fa135632fe9
1776793206509,1901430959714605,-2.147599,1.1085154,-9.354146,-6.1086525E-4,0.0030543262,-6.1086525E-4,TREMOR,5fa135632fe9
1776793206517,1901430967708764,-2.1499932,1.127669,-9.3661175,-6.1086525E-4,0.004276057,-0.0018325958,TREMOR,5fa135632fe9
1776793206525,1901430975704769,-2.1452048,1.1228806,-9.351752,-0.0012217305,0.0030543262,-0.0036651916,TREMOR,5fa135632fe9
1776793206533,1901430983700466,-2.1428106,1.1013328,-9.3661175,-6.1086525E-4,0.004886922,-0.0018325958,TREMOR,5fa135632fe9
1776793206541,1901430991694009,-2.1428106,1.1013328,-9.368511,0.0,0.0030543262,-0.0036651916,TREMOR,5fa135632fe9
1776793206549,1901430999691168,-2.1260512,1.0869676,-9.370906,6.1086525E-4,0.002443461,-0.004276057,TREMOR,5fa135632fe9
1776793206557,1901431007717404,-2.135628,1.0965444,-9.354146,-6.1086525E-4,0.0018325958,-0.002443461,TREMOR,5fa135632fe9
1776793206565,1901431015713332,-2.1404164,1.0941502,-9.3421755,0.0,0.0012217305,-0.0030543262,TREMOR,5fa135632fe9
1776793206573,1901431023709029,-2.1380222,1.0941502,-9.346964,0.0,-0.0012217305,0.0,TREMOR,5fa135632fe9
1776793206581,1901431031704188,-2.1332338,1.0821792,-9.330204,0.0,-0.0012217305,-0.0012217305,TREMOR,5fa135632fe9
1776793206589,1901431039698039,-2.135628,1.1085154,-9.344569,-0.0018325958,-0.0018325958,0.002443461,TREMOR,5fa135632fe9
1776793206597,1901431047695506,-2.1380222,1.1061212,-9.337387,-0.0030543262,-0.002443461,0.002443461,TREMOR,5fa135632fe9
1776793206605,1901431055692203,-2.1619642,1.1348516,-9.363723,-0.004276057,-0.0018325958,0.0018325958,TREMOR,5fa135632fe9
1776793206613,1901431063716747,-2.1619642,1.151611,-9.361329,-0.0036651916,-0.0012217305,0.002443461,TREMOR,5fa135632fe9
1776793206621,1901431071713060,-2.1547816,1.13964,-9.368511,-0.004276057,0.0,0.0018325958,TREMOR,5fa135632fe9
1776793206629,1901431079708142,-2.1811178,1.1348516,-9.361329,-0.005497787,0.0018325958,0.0036651916,TREMOR,5fa135632fe9
1776793206637,1901431087702685,-2.1811178,1.1180922,-9.361329,-0.004886922,0.0036651916,0.0036651916,TREMOR,5fa135632fe9
1776793206645,1901431095699228,-2.195483,1.1300632,-9.3661175,-0.0036651916,0.0036651916,0.0030543262,TREMOR,5fa135632fe9
1776793206653,1901431103696157,-2.1739352,1.115698,-9.3421755,-0.0018325958,0.005497787,0.0036651916,TREMOR,5fa135632fe9
1776793206661,1901431111689700,-2.1667526,1.1204864,-9.349358,-0.0018325958,0.0030543262,0.0030543262,TREMOR,5fa135632fe9
1776793206669,1901431119716474,-2.1739352,1.1252748,-9.354146,0.0012217305,0.002443461,0.0012217305,TREMOR,5fa135632fe9
1776793206677,1901431127712864,-2.1643584,1.1300632,-9.368511,0.0,6.1086525E-4,0.0012217305,TREMOR,5fa135632fe9
1776793206685,1901431135708254,-2.1571758,1.1348516,-9.3421755,0.0,-0.0018325958,0.002443461,TREMOR,5fa135632fe9
1776793206693,1901431143702720,-2.1428106,1.1324574,-9.351752,0.002443461,-0.0012217305,0.0018325958,TREMOR,5fa135632fe9
1776793206701,1901431151699264,-2.1499932,1.1085154,-9.351752,0.0,-0.002443461,0.0012217305,TREMOR,5fa135632fe9
1776793206709,1901431159696884,-2.1523874,1.1324574,-9.356541,0.0012217305,-0.004276057,0.002443461,TREMOR,5fa135632fe9
1776793206717,1901431167721197,-2.1667526,1.1061212,-9.349358,0.0012217305,-0.004276057,0.0018325958,TREMOR,5fa135632fe9
1776793206725,1901431175716586,-2.1499932,1.1180922,-9.356541,6.1086525E-4,-0.0036651916,0.0018325958,TREMOR,5fa135632fe9
1776793206733,1901431183711361,-2.1499932,1.1085154,-9.358934,0.0012217305,-0.0030543262,0.0,TREMOR,5fa135632fe9
1776793206741,1901431191705750,-2.1499932,1.115698,-9.358934,6.1086525E-4,-0.0030543262,-6.1086525E-4,TREMOR,5fa135632fe9
1776793206749,1901431199702448,-2.1667526,1.1180922,-9.354146,6.1086525E-4,-0.0018325958,-6.1086525E-4,TREMOR,5fa135632fe9
1776793206757,1901431207697530,-2.1452048,1.1324574,-9.380483,0.0012217305,-0.0012217305,-6.1086525E-4,TREMOR,5fa135632fe9
1776793206765,1901431215694381,-2.1691468,1.1444284,-9.356541,-0.0012217305,-0.0012217305,-0.0018325958,TREMOR,5fa135632fe9
1776793206773,1901431223719924,-2.1691468,1.1300632,-9.349358,-0.0018325958,0.0,-0.0018325958,TREMOR,5fa135632fe9
1776793206781,1901431231716852,-2.1787236,1.1300632,-9.334992,-0.0018325958,0.0018325958,-6.1086525E-4,TREMOR,5fa135632fe9
1776793206789,1901431239710396,-2.1883004,1.1420342,-9.354146,-0.0030543262,0.0012217305,-0.0036651916,TREMOR,5fa135632fe9
1776793206797,1901431247708632,-2.2098482,1.1252748,-9.3421755,-0.0012217305,0.0018325958,-0.0018325958,TREMOR,5fa135632fe9
1776793206805,1901431255703021,-2.2122424,1.1444284,-9.334992,-0.0012217305,0.0012217305,-0.002443461,TREMOR,5fa135632fe9
1776793206813,1901431263699026,-2.1883004,1.1252748,-9.361329,-0.0018325958,0.0012217305,-6.1086525E-4,TREMOR,5fa135632fe9
1776793206821,1901431271693877,-2.1906946,1.1204864,-9.334992,-6.1086525E-4,0.0018325958,0.0,TREMOR,5fa135632fe9
1776793206829,1901431279720882,-2.2002714,1.1228806,-9.346964,6.1086525E-4,6.1086525E-4,-6.1086525E-4,TREMOR,5fa135632fe9
1776793206837,1901431287717580,-2.1811178,1.1324574,-9.334992,6.1086525E-4,0.0,0.0018325958,TREMOR,5fa135632fe9
1776793206845,1901431295712585,-2.1739352,1.1204864,-9.334992,0.0,-6.1086525E-4,0.0018325958,TREMOR,5fa135632fe9
1776793206853,1901431303706436,-2.1787236,1.103727,-9.339781,-6.1086525E-4,-6.1086525E-4,0.002443461,TREMOR,5fa135632fe9
1776793206861,1901431311703364,-2.1619642,1.0989386,-9.3421755,-6.1086525E-4,-0.002443461,0.0036651916,TREMOR,5fa135632fe9
1776793206869,1901431319697292,-2.1428106,1.1013328,-9.349358,-0.0018325958,-6.1086525E-4,0.0036651916,TREMOR,5fa135632fe9
1776793206877,1901431327694143,-2.1547816,1.0965444,-9.349358,-0.0036651916,0.002443461,0.0036651916,TREMOR,5fa135632fe9
1776793206885,1901431335719687,-2.1547816,1.0989386,-9.358934,-0.002443461,0.002443461,0.0018325958,TREMOR,5fa135632fe9
1776793206893,1901431343717923,-2.1619642,1.1180922,-9.363723,-0.004886922,0.0036651916,0.0012217305,TREMOR,5fa135632fe9
1776793206901,1901431351712312,-2.1523874,1.1180922,-9.370906,-0.005497787,0.0061086523,0.0012217305,TREMOR,5fa135632fe9
1776793206909,1901431359707471,-2.15957,1.115698,-9.3733,-0.005497787,0.008552114,-0.0012217305,TREMOR,5fa135632fe9
1776793206917,1901431367701322,-2.1667526,1.1180922,-9.3661175,-0.005497787,0.009162978,-0.002443461,TREMOR,5fa135632fe9
1776793206925,1901431375698173,-2.171541,1.1324574,-9.361329,-0.004886922,0.0061086523,-0.0018325958,TREMOR,5fa135632fe9
1776793206933,1901431383695717,-2.1667526,1.1468226,-9.349358,-0.0030543262,0.008552114,-0.004886922,TREMOR,5fa135632fe9
1776793206941,1901431391690183,-2.1763294,1.163582,-9.361329,-0.0036651916,0.0061086523,-0.0030543262,TREMOR,5fa135632fe9
1776793206949,1901431399715727,-2.1571758,1.1468226,-9.361329,-6.1086525E-4,0.0067195175,-0.002443461,TREMOR,5fa135632fe9
1776793206957,1901431407711809,-2.1547816,1.1348516,-9.3421755,-6.1086525E-4,0.0030543262,-0.0018325958,TREMOR,5fa135632fe9
1776793206965,1901431415706198,-2.1452048,1.13964,-9.363723,0.0018325958,0.004276057,-0.0018325958,TREMOR,5fa135632fe9
1776793206973,1901431423701973,-2.1571758,1.127669,-9.349358,0.002443461,0.002443461,-0.0012217305,TREMOR,5fa135632fe9
1776793206981,1901431431697978,-2.1404164,1.1133038,-9.349358,0.002443461,0.0,0.0012217305,TREMOR,5fa135632fe9
1776793206989,1901431439692983,-2.1499932,1.115698,-9.339781,0.0030543262,-0.002443461,0.0018325958,TREMOR,5fa135632fe9
1776793206997,1901431447719757,-2.1164744,1.0893618,-9.354146,0.004276057,-0.0036651916,0.004886922,TREMOR,5fa135632fe9
1776793207005,1901431455716070,-2.1092918,1.0941502,-9.351752,0.004886922,-0.002443461,0.0036651916,TREMOR,5fa135632fe9
1776793207013,1901431463711844,-2.1045034,1.0821792,-9.344569,0.004276057,-0.004886922,0.004886922,TREMOR,5fa135632fe9
1776793207021,1901431471706618,-2.1212628,1.0869676,-9.351752,0.0012217305,-0.0067195175,0.0030543262,TREMOR,5fa135632fe9
1776793207029,1901431479702239,-2.1332338,1.0845734,-9.351752,0.0012217305,-0.0067195175,0.0036651916,TREMOR,5fa135632fe9
1776793207037,1901431487698321,-2.1164744,1.1061212,-9.346964,6.1086525E-4,-0.0067195175,0.0036651916,TREMOR,5fa135632fe9
1776793207045,1901431495692403,-2.1452048,1.1085154,-9.351752,-6.1086525E-4,-0.007330383,0.0012217305,TREMOR,5fa135632fe9
1776793207053,1901431503720100,-2.1571758,1.1085154,-9.3661175,-0.0030543262,-0.004276057,0.0,TREMOR,5fa135632fe9
1776793207061,1901431511715566,-2.1811178,1.1228806,-9.346964,-0.0036651916,-0.004276057,6.1086525E-4,TREMOR,5fa135632fe9
1776793207069,1901431519711571,-2.1906946,1.1204864,-9.356541,-0.002443461,-0.0012217305,-0.0030543262,TREMOR,5fa135632fe9
1776793207077,1901431527705346,-2.2098482,1.151611,-9.339781,-0.0030543262,-0.002443461,-0.0030543262,TREMOR,5fa135632fe9
1776793207085,1901431535703197,-2.2290018,1.127669,-9.346964,-0.0030543262,-0.002443461,-0.0012217305,TREMOR,5fa135632fe9
1776793207093,1901431543697433,-2.231396,1.127669,-9.356541,-0.002443461,0.0,-0.0030543262,TREMOR,5fa135632fe9
1776793207101,1901431551694591,-2.2409728,1.1372458,-9.332599,-0.0030543262,0.0012217305,6.1086525E-4,TREMOR,5fa135632fe9
1776793207109,1901431559719289,-2.2098482,1.1492168,-9.3421755,-0.0012217305,0.0018325958,-0.0018325958,TREMOR,5fa135632fe9
1776793207117,1901431567713755,-2.2098482,1.1468226,-9.3421755,-6.1086525E-4,0.0030543262,-6.1086525E-4,TREMOR,5fa135632fe9
1776793207125,1901431575711299,-2.2146366,1.1444284,-9.330204,-0.0012217305,0.0030543262,-6.1086525E-4,TREMOR,5fa135632fe9
1776793207133,1901431583706381,-2.207454,1.1300632,-9.334992,-0.0012217305,0.0036651916,6.1086525E-4,TREMOR,5fa135632fe9
1776793207141,1901431591702386,-2.1883004,1.1228806,-9.3421755,-6.1086525E-4,0.0036651916,0.0018325958,TREMOR,5fa135632fe9
1776793207149,1901431599697160,-2.1691468,1.127669,-9.354146,0.0,0.0036651916,0.0018325958,TREMOR,5fa135632fe9
1776793207157,1901431607693396,-2.1667526,1.1109096,-9.368511,-0.0012217305,0.0036651916,0.0,TREMOR,5fa135632fe9
1776793207165,1901431615718632,-2.1332338,1.1061212,-9.344569,-6.1086525E-4,0.0018325958,0.0030543262,TREMOR,5fa135632fe9
1776793207173,1901431623714329,-2.1332338,1.1085154,-9.361329,0.0,0.0030543262,0.0,TREMOR,5fa135632fe9
1776793207181,1901431631709796,-2.1140802,1.1133038,-9.361329,-6.1086525E-4,0.0036651916,0.0018325958,TREMOR,5fa135632fe9
1776793207189,1901431639704877,-2.1164744,1.1252748,-9.351752,-0.0018325958,0.0030543262,-6.1086525E-4,TREMOR,5fa135632fe9
1776793207197,1901431647701806,-2.1212628,1.1085154,-9.349358,-0.002443461,0.004276057,0.0,TREMOR,5fa135632fe9
1776793207205,1901431655697426,-2.1260512,1.1133038,-9.354146,-0.0012217305,0.0030543262,-0.0030543262,TREMOR,5fa135632fe9
1776793207213,1901431663692200,-2.1212628,1.0989386,-9.356541,-0.0012217305,0.004276057,-0.0012217305,TREMOR,5fa135632fe9
1776793207221,1901431671717436,-2.1452048,1.1204864,-9.356541,-6.1086525E-4,0.004276057,-0.0030543262,TREMOR,5fa135632fe9
1776793207229,1901431679715056,-2.1499932,1.1300632,-9.351752,-0.002443461,0.0030543262,-0.0030543262,TREMOR,5fa135632fe9
1776793207237,1901431687710138,-2.1691468,1.1324574,-9.351752,-0.002443461,0.004276057,-0.0012217305,TREMOR,5fa135632fe9
1776793207245,1901431695705759,-2.1499932,1.127669,-9.349358,-6.1086525E-4,0.002443461,-0.0012217305,TREMOR,5fa135632fe9
1776793207253,1901431703701533,-2.1811178,1.1492168,-9.351752,6.1086525E-4,0.002443461,0.0,TREMOR,5fa135632fe9
1776793207261,1901431711696846,-2.1787236,1.13964,-9.344569,0.0012217305,0.002443461,-6.1086525E-4,TREMOR,5fa135632fe9
1776793207269,1901431719691082,-2.1811178,1.1324574,-9.337387,0.0,0.002443461,6.1086525E-4,TREMOR,5fa135632fe9
1776793207277,1901431727719702,-2.1667526,1.127669,-9.334992,0.0018325958,0.002443461,0.0018325958,TREMOR,5fa135632fe9
1776793207285,1901431735713861,-2.1571758,1.115698,-9.3421755,0.0012217305,0.0012217305,0.002443461,TREMOR,5fa135632fe9
1776793207293,1901431743708943,-2.1428106,1.1300632,-9.354146,0.0030543262,-0.0018325958,0.0012217305,TREMOR,5fa135632fe9
1776793207301,1901431751706794,-2.1332338,1.1085154,-9.344569,0.002443461,-0.0030543262,0.0018325958,TREMOR,5fa135632fe9
1776793207309,1901431759701260,-2.1332338,1.1300632,-9.334992,0.0018325958,-0.005497787,0.0030543262,TREMOR,5fa135632fe9
1776793207317,1901431767696650,-2.1332338,1.1228806,-9.356541,0.0018325958,-0.0067195175,0.0036651916,TREMOR,5fa135632fe9
1776793207325,1901431775693578,-2.1452048,1.1109096,-9.346964,-6.1086525E-4,-0.004886922,0.002443461,TREMOR,5fa135632fe9
1776793207333,1901431783718814,-2.147599,1.1061212,-9.370906,6.1086525E-4,-0.0061086523,0.004276057,TREMOR,5fa135632fe9
1776793207341,1901431791714819,-2.1547816,1.091756,-9.358934,-0.0012217305,-0.004886922,0.0018325958,TREMOR,5fa135632fe9
1776793207349,1901431799710747,-2.1667526,1.0845734,-9.361329,0.0,-0.0030543262,0.0012217305,TREMOR,5fa135632fe9
1776793207357,1901431807705829,-2.1523874,1.0845734,-9.356541,0.0,-0.0030543262,6.1086525E-4,TREMOR,5fa135632fe9
1776793207365,1901431815700680,-2.15957,1.1204864,-9.358934,-0.0018325958,6.1086525E-4,-6.1086525E-4,TREMOR,5fa135632fe9
1776793207373,1901431823698762,-2.171541,1.1180922,-9.351752,-0.0012217305,0.002443461,-0.0018325958,TREMOR,5fa135632fe9
1776793207381,1901431831692613,-2.1667526,1.1228806,-9.349358,-0.0012217305,0.002443461,0.0,TREMOR,5fa135632fe9
1776793207389,1901431839718849,-2.1883004,1.1420342,-9.332599,-0.0012217305,0.002443461,-6.1086525E-4,TREMOR,5fa135632fe9
1776793207397,1901431847715085,-2.1930888,1.1372458,-9.361329,-0.0018325958,0.0030543262,-0.002443461,TREMOR,5fa135632fe9
1776793207405,1901431855711705,-2.1883004,1.13964,-9.344569,-6.1086525E-4,0.002443461,-0.0012217305,TREMOR,5fa135632fe9
1776793207413,1901431863705326,-2.1930888,1.127669,-9.354146,0.0,6.1086525E-4,0.0,TREMOR,5fa135632fe9
1776793207421,1901431871702869,-2.183512,1.1324574,-9.349358,0.0,-0.0012217305,6.1086525E-4,TREMOR,5fa135632fe9
1776793207429,1901431879695182,-2.195483,1.127669,-9.344569,-6.1086525E-4,0.0,6.1086525E-4,TREMOR,5fa135632fe9
1776793207437,1901431887722264,-2.195483,1.1372458,-9.339781,6.1086525E-4,-0.0018325958,0.0030543262,TREMOR,5fa135632fe9
1776793207445,1901431895717884,-2.1930888,1.1372458,-9.337387,0.0,-0.0036651916,0.0018325958,TREMOR,5fa135632fe9
1776793207453,1901431903714197,-2.1883004,1.1204864,-9.354146,6.1086525E-4,-0.004276057,0.0036651916,TREMOR,5fa135632fe9
1776793207461,1901431911709971,-2.1619642,1.1348516,-9.346964,-6.1086525E-4,-0.0036651916,0.004276057,TREMOR,5fa135632fe9
1776793207469,1901431919705361,-2.147599,1.1228806,-9.339781,-6.1086525E-4,-0.0030543262,0.0036651916,TREMOR,5fa135632fe9
1776793207477,1901431927700443,-2.1643584,1.1228806,-9.344569,-0.0018325958,6.1086525E-4,0.0012217305,TREMOR,5fa135632fe9
1776793207485,1901431935696679,-2.135628,1.1300632,-9.339781,-0.0018325958,0.0018325958,0.0018325958,TREMOR,5fa135632fe9
1776793207493,1901431943691530,-2.15957,1.1228806,-9.356541,-0.0012217305,0.002443461,0.0,TREMOR,5fa135632fe9
1776793207501,1901431951717689,-2.1380222,1.1133038,-9.330204,-0.0018325958,0.0030543262,0.0,TREMOR,5fa135632fe9
1776793207509,1901431959713694,-2.1499932,1.1252748,-9.356541,-0.0030543262,0.005497787,-0.002443461,TREMOR,5fa135632fe9
1776793207517,1901431967711468,-2.1547816,1.1013328,-9.337387,-0.0012217305,0.0061086523,-0.0030543262,TREMOR,5fa135632fe9
1776793207525,1901431975705704,-2.147599,1.1180922,-9.354146,-0.002443461,0.0067195175,-0.0018325958,TREMOR,5fa135632fe9
1776793207533,1901431983700093,-2.147599,1.1061212,-9.358934,-0.0018325958,0.0067195175,-0.0036651916,TREMOR,5fa135632fe9
1776793207541,1901431991695868,-2.1499932,1.127669,-9.354146,-0.0012217305,0.0030543262,-0.005497787,TREMOR,5fa135632fe9
1776793207549,1901431999692719,-2.1547816,1.115698,-9.356541,6.1086525E-4,0.002443461,-0.0036651916,TREMOR,5fa135632fe9
1776793207557,1901432007718031,-2.15957,1.1013328,-9.3421755,-0.0012217305,0.0,-0.0018325958,TREMOR,5fa135632fe9
1776793207565,1901432015714344,-2.1332338,1.103727,-9.346964,0.0012217305,-6.1086525E-4,0.0,TREMOR,5fa135632fe9
1776793207573,1901432023709657,-2.1260512,1.091756,-9.356541,6.1086525E-4,-0.0018325958,-6.1086525E-4,TREMOR,5fa135632fe9
1776793207581,1901432031703200,-2.1188686,1.1013328,-9.3661175,0.0012217305,-0.005497787,0.0,TREMOR,5fa135632fe9
1776793207589,1901432039702282,-2.123657,1.0989386,-9.361329,6.1086525E-4,-0.0061086523,0.0012217305,TREMOR,5fa135632fe9
1776793207597,1901432047694595,-2.1140802,1.0989386,-9.361329,0.0,-0.0067195175,0.0036651916,TREMOR,5fa135632fe9
1776793207605,1901432055691523,-2.1164744,1.103727,-9.358934,-6.1086525E-4,-0.0061086523,0.0018325958,TREMOR,5fa135632fe9
1776793207613,1901432063718682,-2.1092918,1.1109096,-9.344569,-6.1086525E-4,-0.004886922,0.0030543262,TREMOR,5fa135632fe9
1776793207621,1901432071712225,-2.1212628,1.103727,-9.346964,0.0,-0.007941248,0.002443461,TREMOR,5fa135632fe9
1776793207629,1901432079707615,-2.1045034,1.1133038,-9.346964,-0.0018325958,-0.007330383,0.0018325958,TREMOR,5fa135632fe9
1776793207637,1901432087704159,-2.1308396,1.1180922,-9.349358,-0.0018325958,-0.007330383,0.0018325958,TREMOR,5fa135632fe9
1776793207645,1901432095699625,-2.1380222,1.1348516,-9.334992,-0.002443461,-0.007330383,0.004886922,TREMOR,5fa135632fe9
1776793207653,1901432103695553,-2.135628,1.1420342,-9.339781,-0.0012217305,-0.008552114,0.0018325958,TREMOR,5fa135632fe9
1776793207661,1901432111721097,-2.147599,1.1420342,-9.330204,-6.1086525E-4,-0.009162978,0.0030543262,TREMOR,5fa135632fe9
1776793207669,1901432119716563,-2.1811178,1.1300632,-9.337387,6.1086525E-4,-0.007330383,0.002443461,TREMOR,5fa135632fe9
1776793207677,1901432127712876,-2.207454,1.127669,-9.330204,-6.1086525E-4,-0.01038471,0.002443461,TREMOR,5fa135632fe9
1776793207685,1901432135708496,-2.2122424,1.1252748,-9.354146,-0.0012217305,-0.009162978,0.002443461,TREMOR,5fa135632fe9
1776793207693,1901432143702732,-2.2050598,1.1300632,-9.339781,0.0018325958,-0.01160644,0.0018325958,TREMOR,5fa135632fe9
1776793207701,1901432151700276,-2.2146366,1.1444284,-9.3421755,0.0,-0.01038471,0.0012217305,TREMOR,5fa135632fe9
1776793207709,1901432159694665,-2.2409728,1.1180922,-9.351752,6.1086525E-4,-0.009162978,0.0030543262,TREMOR,5fa135632fe9
1776793207717,1901432167691593,-2.2266076,1.127669,-9.344569,0.0018325958,-0.009162978,0.0018325958,TREMOR,5fa135632fe9
1776793207725,1901432175717137,-2.2218192,1.115698,-9.346964,0.0012217305,-0.004886922,0.0030543262,TREMOR,5fa135632fe9
1776793207733,1901432183712603,-2.2266076,1.1444284,-9.339781,0.002443461,-0.004276057,0.0036651916,TREMOR,5fa135632fe9
1776793207741,1901432191708301,-2.207454,1.1348516,-9.330204,6.1086525E-4,-0.002443461,0.0030543262,TREMOR,5fa135632fe9
1776793207749,1901432199703998,-2.1978772,1.1204864,-9.330204,0.0018325958,-6.1086525E-4,0.0012217305,TREMOR,5fa135632fe9
1776793207757,1901432207701157,-2.2002714,1.1300632,-9.339781,6.1086525E-4,0.0,0.0012217305,TREMOR,5fa135632fe9
1776793207765,1901432215695008,-2.1930888,1.1420342,-9.32781,0.0,0.0012217305,-0.0012217305,TREMOR,5fa135632fe9
1776793207773,1901432223691398,-2.207454,1.1372458,-9.346964,0.0,0.0012217305,-0.0018325958,TREMOR,5fa135632fe9
1776793207781,1901432231715633,-2.1906946,1.1348516,-9.325416,-6.1086525E-4,-0.0012217305,-0.0012217305,TREMOR,5fa135632fe9
1776793207789,1901432239714715,-2.1906946,1.1444284,-9.32781,-0.0018325958,0.0,-0.004276057,TREMOR,5fa135632fe9
1776793207797,1901432247708874,-2.183512,1.1492168,-9.339781,-6.1086525E-4,6.1086525E-4,-0.0030543262,TREMOR,5fa135632fe9
1776793207805,1901432255702418,-2.2098482,1.1444284,-9.3421755,-0.0018325958,0.0036651916,-0.002443461,TREMOR,5fa135632fe9
1776793207813,1901432263698730,-2.1906946,1.1300632,-9.339781,-0.0012217305,0.0030543262,-0.004886922,TREMOR,5fa135632fe9
1776793207821,1901432271693889,-2.2026656,1.1324574,-9.3661175,-0.0018325958,0.002443461,-0.004276057,TREMOR,5fa135632fe9
1776793207829,1901432279719664,-2.219425,1.1324574,-9.358934,-0.0036651916,0.007330383,-0.004886922,TREMOR,5fa135632fe9
1776793207837,1901432287716053,-2.2218192,1.1180922,-9.349358,-0.002443461,0.01038471,-0.004276057,TREMOR,5fa135632fe9
1776793207845,1901432295711981,-2.1930888,1.1133038,-9.349358,-0.0036651916,0.012217305,-0.0036651916,TREMOR,5fa135632fe9
1776793207853,1901432303709217,-2.1883004,1.0965444,-9.3661175,-0.002443461,0.01282817,-0.0036651916,TREMOR,5fa135632fe9
1776793207861,1901432311704299,-2.1787236,1.1061212,-9.370906,-0.004886922,0.014660766,-0.004886922,TREMOR,5fa135632fe9
1776793207869,1901432319699150,-2.1643584,1.0869676,-9.392453,-0.002443461,0.014660766,-0.0061086523,TREMOR,5fa135632fe9
1776793207877,1901432327694540,-2.15957,1.0845734,-9.368511,-0.0036651916,0.015271631,-0.0030543262,TREMOR,5fa135632fe9
1776793207885,1901432335722237,-2.135628,1.0965444,-9.375694,-0.004276057,0.015882496,-0.004886922,TREMOR,5fa135632fe9
1776793207893,1901432343715088,-2.1260512,1.0869676,-9.3733,-0.002443461,0.014049901,-0.004886922,TREMOR,5fa135632fe9
1776793207901,1901432351712401,-2.1164744,1.0989386,-9.382876,-0.0018325958,0.01038471,-0.004276057,TREMOR,5fa135632fe9
1776793207909,1901432359707175,-2.111686,1.079785,-9.382876,0.0,0.004886922,-0.0018325958,TREMOR,5fa135632fe9
1776793207917,1901432367703796,-2.0949266,1.0821792,-9.378088,-6.1086525E-4,0.0030543262,-0.002443461,TREMOR,5fa135632fe9
1776793207925,1901432375699108,-2.0757728,1.1085154,-9.361329,6.1086525E-4,6.1086525E-4,-0.0018325958,TREMOR,5fa135632fe9
1776793207933,1901432383695113,-2.0949266,1.103727,-9.368511,6.1086525E-4,-0.0012217305,-0.002443461,TREMOR,5fa135632fe9
1776793207941,1901432391720965,-2.0709844,1.0965444,-9.344569,6.1086525E-4,-0.0030543262,-0.0012217305,TREMOR,5fa135632fe9
1776793207949,1901432399716354,-2.0805612,1.0965444,-9.356541,0.0012217305,-0.004276057,-6.1086525E-4,TREMOR,5fa135632fe9
1776793207957,1901432407711513,-2.1021092,1.1085154,-9.356541,0.0012217305,-0.005497787,-6.1086525E-4,TREMOR,5fa135632fe9
1776793207965,1901432415708134,-2.111686,1.127669,-9.344569,0.0012217305,-0.005497787,-6.1086525E-4,TREMOR,5fa135632fe9
1776793207973,1901432423702908,-2.1188686,1.1468226,-9.358934,0.0,-0.0036651916,6.1086525E-4,TREMOR,5fa135632fe9
1776793207981,1901432431698528,-2.1260512,1.1348516,-9.356541,6.1086525E-4,-0.005497787,0.0,TREMOR,5fa135632fe9
1776793207989,1901432439694533,-2.135628,1.1492168,-9.354146,-6.1086525E-4,-0.005497787,-6.1086525E-4,TREMOR,5fa135632fe9
1776793207997,1901432447721000,-2.1523874,1.1444284,-9.344569,6.1086525E-4,-0.0036651916,0.0018325958,TREMOR,5fa135632fe9
1776793208005,1901432455715236,-2.1523874,1.1324574,-9.354146,0.0018325958,-0.004886922,6.1086525E-4,TREMOR,5fa135632fe9
1776793208013,1901432463711779,-2.1763294,1.1492168,-9.356541,0.0018325958,-0.009773844,0.002443461,TREMOR,5fa135632fe9
1776793208021,1901432471707861,-2.1883004,1.1348516,-9.344569,0.0036651916,-0.01282817,0.0012217305,TREMOR,5fa135632fe9
1776793208029,1901432479703174,-2.195483,1.1444284,-9.354146,0.0036651916,-0.014049901,0.004276057,TREMOR,5fa135632fe9
1776793208037,1901432487698640,-2.2026656,1.13964,-9.358934,0.0067195175,-0.015882496,0.0036651916,TREMOR,5fa135632fe9
1776793208045,1901432495693415,-2.2002714,1.1372458,-9.361329,0.004276057,-0.018936822,0.004886922,TREMOR,5fa135632fe9
1776793208053,1901432503719573,-2.2146366,1.1324574,-9.356541,0.005497787,-0.015882496,0.005497787,TREMOR,5fa135632fe9
1776793208061,1901432511714963,-2.1978772,1.1061212,-9.363723,0.005497787,-0.016493361,0.0067195175,TREMOR,5fa135632fe9
1776793208069,1901432519710660,-2.2002714,1.1109096,-9.363723,0.0061086523,-0.016493361,0.0061086523,TREMOR,5fa135632fe9
1776793208077,1901432527706896,-2.207454,1.115698,-9.354146,0.0061086523,-0.01282817,0.0061086523,TREMOR,5fa135632fe9
1776793208085,1901432535703286,-2.1978772,1.1013328,-9.3733,0.004276057,-0.010995574,0.0036651916,TREMOR,5fa135632fe9
1776793208093,1901432543700752,-2.2098482,1.1109096,-9.361329,0.0018325958,-0.007941248,0.0030543262,TREMOR,5fa135632fe9
1776793208101,1901432551694680,-2.2026656,1.1061212,-9.349358,0.002443461,-0.0067195175,0.002443461,TREMOR,5fa135632fe9
1776793208109,1901432559720224,-2.1930888,1.1061212,-9.3421755,6.1086525E-4,-0.004276057,0.0018325958,TREMOR,5fa135632fe9
1776793208117,1901432567716152,-2.2026656,1.1252748,-9.363723,-6.1086525E-4,-0.002443461,-6.1086525E-4,TREMOR,5fa135632fe9
1776793208125,1901432575710619,-2.207454,1.1085154,-9.3661175,-0.0012217305,6.1086525E-4,-0.002443461,TREMOR,5fa135632fe9
1776793208133,1901432583706931,-2.2242134,1.1013328,-9.351752,-0.0030543262,-6.1086525E-4,-0.0018325958,TREMOR,5fa135632fe9
1776793208141,1901432591703244,-2.2337902,1.1061212,-9.358934,-0.0012217305,-0.0012217305,-0.0036651916,TREMOR,5fa135632fe9
1776793208149,1901432599698941,-2.2290018,1.1133038,-9.349358,-0.0012217305,0.0018325958,-0.0036651916,TREMOR,5fa135632fe9
1776793208157,1901432607693716,-2.2337902,1.1061212,-9.346964,0.0,0.0012217305,-0.002443461,TREMOR,5fa135632fe9
1776793208165,1901432615720490,-2.2409728,1.1180922,-9.361329,-0.0018325958,0.002443461,-0.0012217305,TREMOR,5fa135632fe9
1776793208173,1901432623715572,-2.231396,1.1324574,-9.354146,-0.0018325958,0.004886922,-0.0036651916,TREMOR,5fa135632fe9
1776793208181,1901432631711884,-2.2170308,1.1204864,-9.356541,-0.0030543262,0.0061086523,-0.0030543262,TREMOR,5fa135632fe9
1776793208189,1901432639705813,-2.1930888,1.1085154,-9.368511,-0.0030543262,0.009162978,-0.0036651916,TREMOR,5fa135632fe9
1776793208197,1901432647702971,-2.1739352,1.1204864,-9.346964,-0.0030543262,0.01038471,-0.0036651916,TREMOR,5fa135632fe9
1776793208205,1901432655697823,-2.1763294,1.1204864,-9.344569,-0.0030543262,0.014049901,-0.004886922,TREMOR,5fa135632fe9
1776793208213,1901432663693520,-2.1739352,1.1252748,-9.363723,-0.0030543262,0.014049901,-0.004276057,TREMOR,5fa135632fe9
1776793208221,1901432671720294,-2.1787236,1.1300632,-9.354146,-0.0030543262,0.015882496,-0.004276057,TREMOR,5fa135632fe9
1776793208229,1901432679714991,-2.1571758,1.1300632,-9.356541,-0.004276057,0.014660766,-0.0061086523,TREMOR,5fa135632fe9
1776793208237,1901432687711073,-2.1667526,1.1372458,-9.382876,-0.004886922,0.013439035,-0.004276057,TREMOR,5fa135632fe9
1776793208245,1901432695706771,-2.1643584,1.1444284,-9.390059,-0.004276057,0.01282817,-0.005497787,TREMOR,5fa135632fe9
1776793208253,1901432703701545,-2.1643584,1.13964,-9.385271,-0.0030543262,0.012217305,-0.0036651916,TREMOR,5fa135632fe9
1776793208261,1901432711697781,-2.1332338,1.1228806,-9.375694,-0.0012217305,0.01038471,-0.005497787,TREMOR,5fa135632fe9
1776793208269,1901432719694401,-2.1308396,1.1133038,-9.368511,0.0,0.01038471,-0.0036651916,TREMOR,5fa135632fe9
1776793208277,1901432727720329,-2.123657,1.1085154,-9.370906,0.0018325958,0.009773844,-0.0030543262,TREMOR,5fa135632fe9
1776793208285,1901432735715027,-2.1140802,1.103727,-9.370906,0.004276057,0.004276057,-0.0030543262,TREMOR,5fa135632fe9
1776793208293,1901432743710185,-2.0925324,1.0941502,-9.3661175,0.0036651916,0.0036651916,-6.1086525E-4,TREMOR,5fa135632fe9
1776793208301,1901432751705191,-2.1021092,1.0773908,-9.358934,0.0036651916,6.1086525E-4,0.0018325958,TREMOR,5fa135632fe9
1776793208309,1901432759700657,-2.0853498,1.091756,-9.361329,0.0036651916,0.0,6.1086525E-4,TREMOR,5fa135632fe9
1776793208317,1901432767697816,-2.0853498,1.0845734,-9.370906,0.0030543262,-0.004276057,-0.0012217305,TREMOR,5fa135632fe9
1776793208325,1901432775692898,-2.0973208,1.0821792,-9.356541,0.0,-0.0036651916,-6.1086525E-4,TREMOR,5fa135632fe9
1776793208333,1901432783720595,-2.0949266,1.0893618,-9.3661175,6.1086525E-4,-0.0036651916,6.1086525E-4,TREMOR,5fa135632fe9
1776793208341,1901432791715754,-2.135628,1.0893618,-9.3733,6.1086525E-4,-0.004886922,0.0012217305,TREMOR,5fa135632fe9
1776793208349,1901432799710528,-2.1332338,1.1013328,-9.368511,-6.1086525E-4,-0.0061086523,-0.0018325958,TREMOR,5fa135632fe9
1776793208357,1901432807706764,-2.1643584,1.0869676,-9.385271,0.0,-0.005497787,-0.0012217305,TREMOR,5fa135632fe9
1776793208365,1901432815701615,-2.1619642,1.091756,-9.356541,0.0,-0.005497787,-0.0018325958,TREMOR,5fa135632fe9
1776793208373,1901432823697620,-2.183512,1.1204864,-9.3661175,0.0012217305,-0.0061086523,-0.0018325958,TREMOR,5fa135632fe9
1776793208381,1901432831692087,-2.195483,1.1204864,-9.354146,6.1086525E-4,-0.0061086523,-0.0030543262,TREMOR,5fa135632fe9
1776793208389,1901432839718476,-2.2050598,1.1348516,-9.346964,0.002443461,-0.007941248,-0.0036651916,TREMOR,5fa135632fe9
1776793208397,1901432847714789,-2.2026656,1.1444284,-9.349358,0.0018325958,-0.007941248,-0.002443461,TREMOR,5fa135632fe9
1776793208405,1901432855708948,-2.2170308,1.1468226,-9.3421755,0.0030543262,-0.007941248,-0.0012217305,TREMOR,5fa135632fe9
1776793208413,1901432863705568,-2.2385786,1.1444284,-9.3661175,0.002443461,-0.008552114,-0.002443461,TREMOR,5fa135632fe9
1776793208421,1901432871701343,-2.2290018,1.13964,-9.361329,0.0036651916,-0.0067195175,-0.0030543262,TREMOR,5fa135632fe9
1776793208429,1901432879696117,-2.2146366,1.1444284,-9.339781,0.0036651916,-0.007330383,-0.0012217305,TREMOR,5fa135632fe9
1776793208437,1901432887692353,-2.2170308,1.127669,-9.344569,0.0012217305,-0.004886922,0.0,TREMOR,5fa135632fe9
1776793208445,1901432895718896,-2.2218192,1.1180922,-9.356541,0.0012217305,-0.0036651916,0.0018325958,TREMOR,5fa135632fe9
1776793208453,1901432903715824,-2.2002714,1.0965444,-9.344569,0.002443461,-0.004276057,0.0,TREMOR,5fa135632fe9
1776793208461,1901432911708060,-2.1930888,1.103727,-9.351752,0.002443461,-0.0030543262,0.0018325958,TREMOR,5fa135632fe9
1776793208469,1901432919706219,-2.1906946,1.1085154,-9.346964,0.002443461,-0.0030543262,0.0018325958,TREMOR,5fa135632fe9
1776793208477,1901432927700993,-2.147599,1.091756,-9.337387,0.0018325958,-0.0036651916,0.002443461,TREMOR,5fa135632fe9
1776793208485,1901432935697383,-2.1404164,1.0941502,-9.370906,-6.1086525E-4,-0.0018325958,0.0030543262,TREMOR,5fa135632fe9
1776793208493,1901432943692772,-2.1643584,1.0965444,-9.351752,0.0,-0.0018325958,0.002443461,TREMOR,5fa135632fe9
1776793208501,1901432951718547,-2.15957,1.0989386,-9.3661175,-6.1086525E-4,0.0,0.0030543262,TREMOR,5fa135632fe9
1776793208509,1901432959714013,-2.1619642,1.0821792,-9.358934,-0.0018325958,-6.1086525E-4,0.0012217305,TREMOR,5fa135632fe9
1776793208517,1901432967708711,-2.1859062,1.0965444,-9.351752,-0.0018325958,6.1086525E-4,0.0012217305,TREMOR,5fa135632fe9
1776793208525,1901432975704793,-2.1739352,1.1204864,-9.351752,-0.0018325958,0.0,-6.1086525E-4,TREMOR,5fa135632fe9
1776793208533,1901432983701644,-2.195483,1.0989386,-9.349358,-0.0030543262,0.002443461,0.002443461,TREMOR,5fa135632fe9
1776793208541,1901432991697418,-2.2050598,1.1133038,-9.363723,-0.002443461,0.0018325958,-0.0018325958,TREMOR,5fa135632fe9
1776793208549,1901432999692808,-2.2170308,1.115698,-9.346964,-0.0012217305,6.1086525E-4,-0.0018325958,TREMOR,5fa135632fe9
1776793208557,1901433007719505,-2.2170308,1.115698,-9.368511,-0.0018325958,0.002443461,-0.0036651916,TREMOR,5fa135632fe9
1776793208565,1901433015716125,-2.219425,1.1061212,-9.349358,-0.002443461,0.004886922,-0.0030543262,TREMOR,5fa135632fe9
1776793208573,1901433023710361,-2.2050598,1.127669,-9.3421755,-0.0018325958,0.007330383,-0.002443461,TREMOR,5fa135632fe9
1776793208581,1901433031704751,-2.2026656,1.13964,-9.337387,-0.0012217305,0.007941248,-0.0012217305,TREMOR,5fa135632fe9
1776793208589,1901433039699294,-2.2170308,1.1252748,-9.3421755,-0.0018325958,0.008552114,-0.0036651916,TREMOR,5fa135632fe9
1776793208597,1901433047695838,-2.1930888,1.1468226,-9.337387,6.1086525E-4,0.007941248,-0.002443461,TREMOR,5fa135632fe9
1776793208605,1901433055721997,-2.1978772,1.1300632,-9.339781,-0.0018325958,0.009162978,-0.0012217305,TREMOR,5fa135632fe9
1776793208613,1901433063718309,-2.1859062,1.1180922,-9.361329,-0.0018325958,0.009162978,-0.0012217305,TREMOR,5fa135632fe9
1776793208621,1901433071714622,-2.1859062,1.1204864,-9.3661175,-0.0012217305,0.009162978,-0.0018325958,TREMOR,5fa135632fe9
1776793208629,1901433079709473,-2.1667526,1.0821792,-9.3421755,-0.0018325958,0.0067195175,-6.1086525E-4,TREMOR,5fa135632fe9
1776793208637,1901433087704863,-2.1332338,1.1061212,-9.351752,-6.1086525E-4,0.0067195175,0.0,TREMOR,5fa135632fe9
1776793208645,1901433095702022,-2.1404164,1.091756,-9.356541,-0.0012217305,0.0036651916,0.0,TREMOR,5fa135632fe9
1776793208653,1901433103697104,-2.1428106,1.1061212,-9.3661175,-0.0018325958,0.002443461,-0.0012217305,TREMOR,5fa135632fe9
1776793208661,1901433111690724,-2.1140802,1.1061212,-9.3661175,-0.0012217305,0.0012217305,-0.002443461,TREMOR,5fa135632fe9
1776793208669,1901433119717114,-2.1188686,1.0869676,-9.3661175,-0.0018325958,0.0,6.1086525E-4,TREMOR,5fa135632fe9
1776793208677,1901433127712888,-2.1308396,1.1061212,-9.375694,-0.0030543262,0.0,0.0018325958,TREMOR,5fa135632fe9
1776793208685,1901433135707662,-2.1164744,1.0893618,-9.346964,-0.0030543262,0.0012217305,0.0030543262,TREMOR,5fa135632fe9
1776793208693,1901433143703590,-2.1212628,1.0989386,-9.375694,-0.002443461,0.0030543262,0.002443461,TREMOR,5fa135632fe9
1776793208701,1901433151698749,-2.135628,1.1085154,-9.3661175,-0.0036651916,0.0012217305,0.0030543262,TREMOR,5fa135632fe9
1776793208709,1901433159695908,-2.1452048,1.1085154,-9.368511,-0.0012217305,6.1086525E-4,0.005497787,TREMOR,5fa135632fe9
1776793208717,1901433167723990,-2.1571758,1.0965444,-9.375694,0.0,6.1086525E-4,0.0036651916,TREMOR,5fa135632fe9
1776793208725,1901433175716610,-2.1404164,1.0869676,-9.361329,6.1086525E-4,-0.0036651916,0.004886922,TREMOR,5fa135632fe9
1776793208733,1901433183713154,-2.1452048,1.0941502,-9.356541,0.0012217305,-0.0012217305,0.005497787,TREMOR,5fa135632fe9
1776793208741,1901433191707928,-2.147599,1.0845734,-9.344569,0.0018325958,-0.004276057,0.007330383,TREMOR,5fa135632fe9
1776793208749,1901433199704318,-2.1643584,1.115698,-9.358934,0.0018325958,-0.005497787,0.0061086523,TREMOR,5fa135632fe9
1776793208757,1901433207699323,-2.1547816,1.1180922,-9.32781,6.1086525E-4,-0.007941248,0.007941248,TREMOR,5fa135632fe9
1776793208765,1901433215696020,-2.1859062,1.115698,-9.32781,6.1086525E-4,-0.007941248,0.005497787,TREMOR,5fa135632fe9
1776793208773,1901433223690410,-2.195483,1.1228806,-9.339781,0.0012217305,-0.009162978,0.005497787,TREMOR,5fa135632fe9
1776793208781,1901433231718184,-2.207454,1.1300632,-9.349358,0.0012217305,-0.007941248,0.0061086523,TREMOR,5fa135632fe9
1776793208789,1901433239711651,-2.2050598,1.1300632,-9.346964,6.1086525E-4,-0.0067195175,0.0036651916,TREMOR,5fa135632fe9
1776793208797,1901433247708886,-2.2170308,1.1540052,-9.346964,0.0,-0.0067195175,0.0018325958,TREMOR,5fa135632fe9
1776793208805,1901433255704276,-2.2337902,1.151611,-9.332599,0.0,-0.0036651916,0.0,TREMOR,5fa135632fe9
1776793208813,1901433263701819,-2.255338,1.1300632,-9.3421755,-6.1086525E-4,-6.1086525E-4,0.0,TREMOR,5fa135632fe9
1776793208821,1901433271695748,-2.243367,1.1252748,-9.334992,-0.0018325958,0.0,-0.005497787,TREMOR,5fa135632fe9
1776793208829,1901433279720368,-2.2601264,1.1420342,-9.344569,-0.002443461,0.0018325958,-0.004276057,TREMOR,5fa135632fe9
1776793208837,1901433287718142,-2.2625206,1.1420342,-9.337387,-0.002443461,0.0061086523,-0.0018325958,TREMOR,5fa135632fe9
1776793208845,1901433295711686,-2.2601264,1.1420342,-9.361329,-0.004276057,0.0061086523,-0.0030543262,TREMOR,5fa135632fe9
1776793208853,1901433303710152,-2.2409728,1.1348516,-9.344569,-0.0030543262,0.008552114,-0.0061086523,TREMOR,5fa135632fe9
1776793208861,1901433311703388,-2.2409728,1.1468226,-9.339781,-0.004886922,0.009162978,-0.005497787,TREMOR,5fa135632fe9
1776793208869,1901433319699162,-2.219425,1.1420342,-9.351752,-0.004276057,0.008552114,-0.0030543262,TREMOR,5fa135632fe9
1776793208877,1901433327696013,-2.2218192,1.1420342,-9.354146,-0.0036651916,0.01038471,-0.002443461,TREMOR,5fa135632fe9
1776793208885,1901433335720711,-2.2146366,1.13964,-9.339781,-0.0012217305,0.01038471,-0.002443461,TREMOR,5fa135632fe9
1776793208893,1901433343717023,-2.1978772,1.1109096,-9.344569,-6.1086525E-4,0.01038471,-0.0012217305,TREMOR,5fa135632fe9
1776793208901,1901433351713336,-2.1691468,1.0941502,-9.354146,-0.0012217305,0.008552114,0.0012217305,TREMOR,5fa135632fe9
1776793208909,1901433359708957,-2.1380222,1.079785,-9.363723,-0.0012217305,0.009162978,6.1086525E-4,TREMOR,5fa135632fe9
1776793208917,1901433367704039,-2.1260512,1.0773908,-9.3421755,-6.1086525E-4,0.010995574,0.0030543262,TREMOR,5fa135632fe9
1776793208925,1901433375700967,-2.1308396,1.067814,-9.346964,-6.1086525E-4,0.009773844,0.002443461,TREMOR,5fa135632fe9
1776793208933,1901433383693895,-2.123657,1.0893618,-9.368511,-0.0036651916,0.01282817,0.0018325958,TREMOR,5fa135632fe9
1776793208941,1901433391722207,-2.1045034,1.079785,-9.356541,-0.0030543262,0.01160644,0.002443461,TREMOR,5fa135632fe9
1776793208949,1901433399716751,-2.1188686,1.091756,-9.368511,-0.004276057,0.01160644,0.0018325958,TREMOR,5fa135632fe9
1776793208957,1901433407711448,-2.0973208,1.0845734,-9.3661175,-0.0061086523,0.01282817,-6.1086525E-4,TREMOR,5fa135632fe9
1776793208965,1901433415709607,-2.123657,1.0845734,-9.368511,-0.0067195175,0.014049901,-6.1086525E-4,TREMOR,5fa135632fe9
1776793208973,1901433423703766,-2.1452048,1.091756,-9.361329,-0.005497787,0.01160644,-0.0018325958,TREMOR,5fa135632fe9
1776793208981,1901433431700079,-2.147599,1.1085154,-9.380483,-0.0061086523,0.012217305,-0.0018325958,TREMOR,5fa135632fe9
1776793208989,1901433439693622,-2.1547816,1.103727,-9.354146,-0.004276057,0.01160644,-0.004886922,TREMOR,5fa135632fe9
1776793208997,1901433447720473,-2.171541,1.1204864,-9.368511,-0.002443461,0.007941248,-0.005497787,TREMOR,5fa135632fe9
1776793209005,1901433455715863,-2.1787236,1.1204864,-9.361329,-0.0018325958,0.005497787,-0.004886922,TREMOR,5fa135632fe9
1776793209013,1901433463712176,-2.1547816,1.1204864,-9.3421755,-6.1086525E-4,0.0018325958,-0.0030543262,TREMOR,5fa135632fe9
1776793209021,1901433471708104,-2.1691468,1.13964,-9.339781,0.0,6.1086525E-4,-0.0036651916,TREMOR,5fa135632fe9
1776793209029,1901433479703493,-2.1691468,1.1563994,-9.334992,0.0012217305,-6.1086525E-4,-0.0030543262,TREMOR,5fa135632fe9
1776793209037,1901433487698960,-2.1763294,1.1444284,-9.32781,0.0030543262,-6.1086525E-4,-6.1086525E-4,TREMOR,5fa135632fe9
1776793209045,1901433495696427,-2.1499932,1.13964,-9.332599,0.002443461,-0.0012217305,6.1086525E-4,TREMOR,5fa135632fe9
1776793209053,1901433503722047,-2.1428106,1.151611,-9.346964,0.0036651916,-0.002443461,0.002443461,TREMOR,5fa135632fe9
1776793209061,1901433511715283,-2.1404164,1.1444284,-9.337387,0.005497787,-0.002443461,6.1086525E-4,TREMOR,5fa135632fe9
1776793209069,1901433519710903,-2.1404164,1.1204864,-9.337387,0.0036651916,-0.0036651916,0.0018325958,TREMOR,5fa135632fe9
1776793209077,1901433527706600,-2.1428106,1.1133038,-9.325416,0.0018325958,-0.0036651916,0.0018325958,TREMOR,5fa135632fe9
1776793209085,1901433535703221,-2.1308396,1.1061212,-9.334992,0.0018325958,-0.0061086523,0.002443461,TREMOR,5fa135632fe9
1776793209093,1901433543699534,-2.1260512,1.1228806,-9.351752,0.002443461,-0.0061086523,0.002443461,TREMOR,5fa135632fe9
1776793209101,1901433551694308,-2.1404164,1.103727,-9.354146,0.0012217305,-0.007330383,0.002443461,TREMOR,5fa135632fe9
1776793209109,1901433559719544,-2.1571758,1.0965444,-9.368511,6.1086525E-4,-0.0061086523,0.004276057,TREMOR,5fa135632fe9
1776793209117,1901433567716164,-2.1619642,1.0965444,-9.3733,0.0,-0.005497787,0.002443461,TREMOR,5fa135632fe9
1776793209125,1901433575713092,-2.1739352,1.091756,-9.370906,-6.1086525E-4,-0.0036651916,0.002443461,TREMOR,5fa135632fe9
1776793209133,1901433583708251,-2.1811178,1.1061212,-9.363723,0.0,-0.0036651916,0.0036651916,TREMOR,5fa135632fe9
1776793209141,1901433591702410,-2.1739352,1.103727,-9.354146,6.1086525E-4,-0.0036651916,0.0036651916,TREMOR,5fa135632fe9
1776793209149,1901433599698030,-2.183512,1.091756,-9.370906,6.1086525E-4,-0.004276057,0.0030543262,TREMOR,5fa135632fe9
1776793209157,1901433607695266,-2.1811178,1.0845734,-9.370906,0.0012217305,-0.0036651916,0.0061086523,TREMOR,5fa135632fe9
1776793209165,1901433615719271,-2.1787236,1.0749966,-9.3421755,0.0018325958,-0.005497787,0.0067195175,TREMOR,5fa135632fe9
1776793209173,1901433623716584,-2.171541,1.0893618,-9.356541,0.0018325958,-0.005497787,0.0067195175,TREMOR,5fa135632fe9
1776793209181,1901433631711973,-2.1667526,1.0989386,-9.346964,0.0018325958,-0.0067195175,0.0067195175,TREMOR,5fa135632fe9
1776793209189,1901433639706132,-2.15957,1.1013328,-9.330204,0.002443461,-0.007330383,0.008552114,TREMOR,5fa135632fe9
1776793209197,1901433647702060,-2.1691468,1.1085154,-9.3421755,-6.1086525E-4,-0.009162978,0.0067195175,TREMOR,5fa135632fe9
1776793209205,1901433655699065,-2.171541,1.127669,-9.3421755,-6.1086525E-4,-0.012217305,0.007941248,TREMOR,5fa135632fe9
1776793209213,1901433663694147,-2.2026656,1.1228806,-9.337387,-0.002443461,-0.012217305,0.007330383,TREMOR,5fa135632fe9
1776793209221,1901433671719998,-2.2122424,1.1372458,-9.3421755,-0.0018325958,-0.009162978,0.0067195175,TREMOR,5fa135632fe9
1776793209229,1901433679716003,-2.2218192,1.1420342,-9.334992,-0.0036651916,-0.008552114,0.0067195175,TREMOR,5fa135632fe9
1776793209237,1901433687709470,-2.231396,1.1324574,-9.3421755,-0.004886922,-0.0061086523,0.0030543262,TREMOR,5fa135632fe9
1776793209245,1901433695707937,-2.231396,1.1348516,-9.3421755,-0.0061086523,-0.002443461,0.002443461,TREMOR,5fa135632fe9
1776793209253,1901433703701480,-2.2457612,1.1468226,-9.337387,-0.0061086523,0.0018325958,-0.0012217305,TREMOR,5fa135632fe9
1776793209261,1901433711698100,-2.2697031,1.1468226,-9.330204,-0.005497787,0.0061086523,-0.004276057,TREMOR,5fa135632fe9
1776793209269,1901433719694798,-2.2625206,1.1468226,-9.337387,-0.0067195175,0.009162978,-0.004886922,TREMOR,5fa135632fe9
1776793209277,1901433727718495,-2.2649148,1.1683705,-9.32781,-0.004886922,0.013439035,-0.0067195175,TREMOR,5fa135632fe9
1776793209285,1901433735715346,-2.267309,1.163582,-9.325416,-0.0067195175,0.014660766,-0.007941248,TREMOR,5fa135632fe9
1776793209293,1901433743713582,-2.267309,1.1707647,-9.344569,-0.0061086523,0.018325957,-0.007330383,TREMOR,5fa135632fe9
1776793209301,1901433751707356,-2.2529438,1.1611878,-9.339781,-0.005497787,0.020158553,-0.007941248,TREMOR,5fa135632fe9
1776793209309,1901433759701515,-2.2385786,1.1587936,-9.3421755,-0.0061086523,0.020158553,-0.007941248,TREMOR,5fa135632fe9
1776793209317,1901433767699059,-2.2218192,1.1540052,-9.346964,-0.0067195175,0.02076942,-0.0067195175,TREMOR,5fa135632fe9
1776793209325,1901433775695448,-2.2122424,1.1252748,-9.346964,-0.0036651916,0.021380283,-0.005497787,TREMOR,5fa135632fe9
1776793209333,1901433783720915,-2.1811178,1.1228806,-9.349358,-0.0036651916,0.020158553,-0.0030543262,TREMOR,5fa135632fe9
1776793209341,1901433791714843,-2.1667526,1.1133038,-9.354146,-0.002443461,0.019547688,-0.002443461,TREMOR,5fa135632fe9
1776793209349,1901433799710233,-2.1332338,1.1061212,-9.3733,-6.1086525E-4,0.017104227,-0.0012217305,TREMOR,5fa135632fe9
1776793209357,1901433807706161,-2.123657,1.0845734,-9.370906,6.1086525E-4,0.015271631,-0.0012217305,TREMOR,5fa135632fe9
1776793209365,1901433815702473,-2.1045034,1.0893618,-9.3661175,-6.1086525E-4,0.013439035,0.0,TREMOR,5fa135632fe9
1776793209373,1901433823697632,-2.0925324,1.0821792,-9.349358,-6.1086525E-4,0.01282817,-0.0018325958,TREMOR,5fa135632fe9
1776793209381,1901433831693330,-2.0685902,1.0702082,-9.370906,-0.0018325958,0.01282817,-0.0012217305,TREMOR,5fa135632fe9
1776793209389,1901433839720104,-2.0638018,1.0773908,-9.385271,-0.0012217305,0.01160644,-0.0018325958,TREMOR,5fa135632fe9
1776793209397,1901433847715724,-2.0590134,1.0893618,-9.3733,-0.004276057,0.009773844,-0.0012217305,TREMOR,5fa135632fe9
1776793209405,1901433855711114,-2.0709844,1.1109096,-9.3661175,-0.0036651916,0.010995574,-0.0030543262,TREMOR,5fa135632fe9
1776793209413,1901433863705888,-2.087744,1.127669,-9.3421755,-0.0030543262,0.009773844,-0.005497787,TREMOR,5fa135632fe9
1776793209421,1901433871702201,-2.1092918,1.1252748,-9.356541,-0.0030543262,0.009773844,-0.004886922,TREMOR,5fa135632fe9
1776793209429,1901433879699514,-2.099715,1.1324574,-9.358934,-0.0030543262,0.008552114,-0.004276057,TREMOR,5fa135632fe9
1776793209437,1901433887692134,-2.1380222,1.1372458,-9.339781,-0.0036651916,0.007941248,-0.004276057,TREMOR,5fa135632fe9
1776793209445,1901433895720062,-2.1404164,1.1324574,-9.344569,-6.1086525E-4,0.004886922,-0.004886922,TREMOR,5fa135632fe9
1776793209453,1901433903714298,-2.1523874,1.1300632,-9.337387,0.0018325958,0.002443461,-0.0018325958,TREMOR,5fa135632fe9
1776793209461,1901433911711149,-2.1523874,1.115698,-9.337387,0.0018325958,0.0,0.0,TREMOR,5fa135632fe9
1776793209469,1901433919708693,-2.147599,1.1180922,-9.3421755,0.0030543262,-0.004886922,6.1086525E-4,TREMOR,5fa135632fe9
1776793209477,1901433927701928,-2.15957,1.127669,-9.346964,0.0036651916,-0.0061086523,0.0018325958,TREMOR,5fa135632fe9
1776793209485,1901433935698010,-2.1547816,1.1109096,-9.351752,0.0030543262,-0.009162978,0.0036651916,TREMOR,5fa135632fe9
1776793209493,1901433943693708,-2.1523874,1.1061212,-9.363723,0.0036651916,-0.008552114,0.005497787,TREMOR,5fa135632fe9
1776793209501,1901433951717713,-2.1691468,1.0941502,-9.3661175,0.0012217305,-0.01038471,0.0061086523,TREMOR,5fa135632fe9
1776793209509,1901433959713410,-2.1571758,1.091756,-9.380483,0.0036651916,-0.01038471,0.004886922,TREMOR,5fa135632fe9
1776793209517,1901433967709107,-2.1452048,1.091756,-9.378088,0.0030543262,-0.009162978,0.0036651916,TREMOR,5fa135632fe9
1776793209525,1901433975706651,-2.1691468,1.0989386,-9.3733,0.0018325958,-0.009162978,0.002443461,TREMOR,5fa135632fe9
1776793209533,1901433983700733,-2.1523874,1.1013328,-9.3733,0.0030543262,-0.009162978,0.002443461,TREMOR,5fa135632fe9
1776793209541,1901433991755489,-2.1571758,1.1013328,-9.356541,0.002443461,-0.007941248,0.0,TREMOR,5fa135632fe9
1776793209549,1901433999750882,-2.1667526,1.0965444,-9.346964,0.002443461,-0.004886922,0.0030543262,TREMOR,5fa135632fe9
1776793209557,1901434007776428,-2.147599,1.1061212,-9.349358,0.002443461,-0.0061086523,-6.1086525E-4,TREMOR,5fa135632fe9
1776793209565,1901434015772360,-2.1763294,1.1013328,-9.354146,0.002443461,-0.0061086523,0.0012217305,TREMOR,5fa135632fe9
1776793209573,1901434023767520,-2.1883004,1.1085154,-9.3421755,6.1086525E-4,-0.007330383,0.0030543262,TREMOR,5fa135632fe9
1776793209581,1901434031762605,-2.1859062,1.1133038,-9.3421755,6.1086525E-4,-0.0061086523,0.0036651916,TREMOR,5fa135632fe9
1776793209589,1901434039759767,-2.195483,1.1061212,-9.356541,0.0012217305,-0.005497787,0.004886922,TREMOR,5fa135632fe9
1776793209597,1901434047753006,-2.1930888,1.127669,-9.337387,0.0018325958,-0.007330383,0.004886922,TREMOR,5fa135632fe9
1776793209605,1901434055781014,-2.2122424,1.1204864,-9.337387,0.0012217305,-0.009773844,0.005497787,TREMOR,5fa135632fe9
1776793209613,1901434063774944,-2.2050598,1.1372458,-9.344569,6.1086525E-4,-0.01038471,0.004886922,TREMOR,5fa135632fe9
1776793209621,1901434071772491,-2.2026656,1.1204864,-9.337387,0.0,-0.009162978,0.0061086523,TREMOR,5fa135632fe9
1776793209629,1901434079766345,-2.2098482,1.127669,-9.32781,6.1086525E-4,-0.0061086523,0.007330383,TREMOR,5fa135632fe9
1776793209637,1901434087765353,-2.2146366,1.1348516,-9.334992,-0.0012217305,-0.0061086523,0.004276057,TREMOR,5fa135632fe9
1776793209645,1901434095758975,-2.2266076,1.1611878,-9.325416,-0.0018325958,-0.0018325958,0.0067195175,TREMOR,5fa135632fe9
1776793209653,1901434103755829,-2.207454,1.1468226,-9.351752,-0.0030543262,0.0,0.0012217305,TREMOR,5fa135632fe9
1776793209661,1901434111749145,-2.207454,1.127669,-9.330204,-0.0036651916,0.002443461,6.1086525E-4,TREMOR,5fa135632fe9
1776793209669,1901434119775538,-2.231396,1.1348516,-9.334992,-0.004276057,0.004886922,-6.1086525E-4,TREMOR,5fa135632fe9
1776793209677,1901434127772777,-2.2290018,1.1492168,-9.325416,-0.004886922,0.008552114,-0.0018325958,TREMOR,5fa135632fe9
1776793209685,1901434135767553,-2.2409728,1.1540052,-9.334992,-0.0036651916,0.01160644,-0.004276057,TREMOR,5fa135632fe9
1776793209693,1901434143762715,-2.2290018,1.1492168,-9.334992,-0.0036651916,0.015271631,-0.0067195175,TREMOR,5fa135632fe9
1776793209701,1901434151757723,-2.2409728,1.151611,-9.332599,-0.0067195175,0.018936822,-0.0061086523,TREMOR,5fa135632fe9
1776793209709,1901434159753500,-2.2098482,1.13964,-9.32781,-0.005497787,0.018325957,-0.008552114,TREMOR,5fa135632fe9
1776793209717,1901434167780277,-2.2170308,1.1563994,-9.334992,-0.004276057,0.02076942,-0.009162978,TREMOR,5fa135632fe9
1776793209725,1901434175778130,-2.207454,1.1372458,-9.351752,-0.0036651916,0.02076942,-0.007941248,TREMOR,5fa135632fe9
1776793209733,1901434183772600,-2.1811178,1.13964,-9.354146,-0.0036651916,0.02076942,-0.008552114,TREMOR,5fa135632fe9
1776793209741,1901434191766377,-2.171541,1.1109096,-9.358934,-0.002443461,0.020158553,-0.007941248,TREMOR,5fa135632fe9
1776793209749,1901434199763308,-2.1380222,1.1252748,-9.361329,-0.0018325958,0.017104227,-0.0067195175,TREMOR,5fa135632fe9
1776793209757,1901434207758777,-2.1284454,1.103727,-9.349358,-0.0018325958,0.015882496,-0.0036651916,TREMOR,5fa135632fe9
1776793209765,1901434215754093,-2.087744,1.1061212,-9.349358,-6.1086525E-4,0.014049901,-0.0018325958,TREMOR,5fa135632fe9
1776793209773,1901434223780947,-2.0685902,1.103727,-9.368511,0.0,0.01038471,-0.0036651916,TREMOR,5fa135632fe9
1776793209781,1901434231775339,-2.0518308,1.0749966,-9.3421755,6.1086525E-4,0.007330383,0.002443461,TREMOR,5fa135632fe9
1776793209789,1901434239771655,-2.0350714,1.0606314,-9.3733,6.1086525E-4,0.004276057,0.0030543262,TREMOR,5fa135632fe9
1776793209797,1901434247768970,-2.0374656,1.0582372,-9.368511,6.1086525E-4,0.0018325958,0.0030543262,TREMOR,5fa135632fe9
1776793209805,1901434255763055,-2.0350714,1.0749966,-9.358934,0.0018325958,-0.0018325958,0.004886922,TREMOR,5fa135632fe9
1776793209813,1901434263759063,-2.0231004,1.0606314,-9.370906,0.0018325958,-0.0067195175,0.0061086523,TREMOR,5fa135632fe9
1776793209821,1901434271753225,-2.030283,1.079785,-9.3661175,0.0018325958,-0.009773844,0.007330383,TREMOR,5fa135632fe9
1776793209829,1901434279780078,-2.0470424,1.0749966,-9.3661175,0.0012217305,-0.009773844,0.0061086523,TREMOR,5fa135632fe9
1776793209837,1901434287776624,-2.066196,1.0845734,-9.351752,0.0012217305,-0.009162978,0.0067195175,TREMOR,5fa135632fe9
1776793209845,1901434295771094,-2.1092918,1.0989386,-9.368511,-0.0018325958,-0.01160644,0.007330383,TREMOR,5fa135632fe9
1776793209853,1901434303767102,-2.111686,1.1085154,-9.344569,-6.1086525E-4,-0.010995574,0.007941248,TREMOR,5fa135632fe9
1776793209861,1901434311761264,-2.1619642,1.1109096,-9.346964,-6.1086525E-4,-0.010995574,0.004886922,TREMOR,5fa135632fe9
1776793209869,1901434319758271,-2.1930888,1.1109096,-9.339781,0.0,-0.01160644,0.0030543262,TREMOR,5fa135632fe9
1776793209877,1901434327753356,-2.2098482,1.13964,-9.3182335,6.1086525E-4,-0.01160644,0.002443461,TREMOR,5fa135632fe9
1776793209885,1901434335780133,-2.2505496,1.151611,-9.32781,-0.0036651916,-0.01160644,0.0018325958,TREMOR,5fa135632fe9
1776793209893,1901434343775756,-2.2720973,1.1587936,-9.325416,-0.0018325958,-0.01038471,0.0012217305,TREMOR,5fa135632fe9
1776793209901,1901434351769995,-2.2984335,1.1707647,-9.337387,0.0,-0.0067195175,6.1086525E-4,TREMOR,5fa135632fe9
1776793209909,1901434359767156,-2.3056161,1.1707647,-9.325416,-0.002443461,-0.004276057,-0.002443461,TREMOR,5fa135632fe9
1776793209917,1901434367762241,-2.3104045,1.1707647,-9.320627,-0.002443461,-0.0036651916,-0.002443461,TREMOR,5fa135632fe9
1776793209925,1901434375758864,-2.3080103,1.1827357,-9.306262,-0.0030543262,0.0,-0.0036651916,TREMOR,5fa135632fe9
1776793209933,1901434383752103,-2.3080103,1.1779473,-9.334992,-0.0030543262,0.0030543262,-0.004886922,TREMOR,5fa135632fe9
1776793209941,1901434391779572,-2.2840683,1.1540052,-9.332599,-0.002443461,0.005497787,-0.004886922,TREMOR,5fa135632fe9
1776793209949,1901434399774657,-2.2601264,1.1587936,-9.349358,-0.0036651916,0.007941248,-0.004276057,TREMOR,5fa135632fe9
1776793209957,1901434407770895,-2.231396,1.1444284,-9.339781,-0.0018325958,0.01038471,-0.0036651916,TREMOR,5fa135632fe9
1776793209965,1901434415765980,-2.2050598,1.1372458,-9.344569,-6.1086525E-4,0.010995574,-0.0036651916,TREMOR,5fa135632fe9
1776793209973,1901434423761988,-2.1523874,1.1324574,-9.332599,-6.1086525E-4,0.01282817,-0.0030543262,TREMOR,5fa135632fe9
1776793209981,1901434431756534,-2.1523874,1.103727,-9.346964,-0.0018325958,0.012217305,-0.002443461,TREMOR,5fa135632fe9
1776793209989,1901434439753773,-2.123657,1.0965444,-9.358934,-0.0030543262,0.01038471,-0.002443461,TREMOR,5fa135632fe9
1776793209997,1901434447779319,-2.0949266,1.091756,-9.361329,-0.002443461,0.01160644,-6.1086525E-4,TREMOR,5fa135632fe9
1776793210005,1901434455775327,-2.0757728,1.0702082,-9.349358,-0.0012217305,0.01038471,0.0,TREMOR,5fa135632fe9
1776793210013,1901434463771334,-2.0494366,1.0845734,-9.3733,-0.0012217305,0.007941248,6.1086525E-4,TREMOR,5fa135632fe9
1776793210021,1901434471765727,-2.0518308,1.079785,-9.3733,-6.1086525E-4,0.005497787,6.1086525E-4,TREMOR,5fa135632fe9
1776793210029,1901434479762966,-2.0614076,1.0630256,-9.370906,6.1086525E-4,0.004276057,0.002443461,TREMOR,5fa135632fe9
1776793210037,1901434487755974,-2.0614076,1.0582372,-9.363723,-0.0012217305,0.0,0.0030543262,TREMOR,5fa135632fe9
1776793210045,1901434495754366,-2.0709844,1.055843,-9.368511,0.0,0.0,0.0030543262,TREMOR,5fa135632fe9
1776793210053,1901434503778142,-2.0901382,1.0821792,-9.363723,0.0018325958,-0.002443461,0.004276057,TREMOR,5fa135632fe9
1776793210061,1901434511773843,-2.099715,1.091756,-9.3661175,0.0012217305,-0.0036651916,0.0036651916,TREMOR,5fa135632fe9
1776793210069,1901434519772543,-2.1068976,1.091756,-9.346964,0.0012217305,-0.005497787,0.0018325958,TREMOR,5fa135632fe9
1776793210077,1901434527766474,-2.1499932,1.127669,-9.356541,6.1086525E-4,-0.007330383,0.002443461,TREMOR,5fa135632fe9
1776793210085,1901434535762712,-2.1619642,1.1324574,-9.346964,0.0,-0.0061086523,6.1086525E-4,TREMOR,5fa135632fe9
1776793210093,1901434543757566,-2.207454,1.13964,-9.323022,6.1086525E-4,-0.004886922,6.1086525E-4,TREMOR,5fa135632fe9
1776793210101,1901434551751651,-2.2242134,1.151611,-9.3421755,-6.1086525E-4,-0.0030543262,-6.1086525E-4,TREMOR,5fa135632fe9
1776793210109,1901434559778505,-2.2337902,1.1563994,-9.332599,-0.0012217305,-0.0018325958,-0.0030543262,TREMOR,5fa135632fe9
1776793210117,1901434567772898,-2.2840683,1.1587936,-9.323022,-0.0012217305,-6.1086525E-4,-0.0018325958,TREMOR,5fa135632fe9
1776793210125,1901434575771366,-2.2697031,1.1683705,-9.334992,-0.0012217305,6.1086525E-4,-0.005497787,TREMOR,5fa135632fe9
1776793210133,1901434583764605,-2.2720973,1.1659763,-9.337387,-0.0018325958,0.0018325958,-0.005497787,TREMOR,5fa135632fe9
1776793210141,1901434591760998,-2.2697031,1.1731589,-9.323022,-0.002443461,0.0061086523,-0.007941248,TREMOR,5fa135632fe9
1776793210149,1901434599756314,-2.255338,1.1731589,-9.337387,-0.0012217305,0.008552114,-0.0061086523,TREMOR,5fa135632fe9
1776793210157,1901434607751706,-2.243367,1.1540052,-9.349358,-0.002443461,0.007941248,-0.0067195175,TREMOR,5fa135632fe9
1776793210165,1901434615780098,-2.2218192,1.1468226,-9.361329,-0.0036651916,0.01038471,-0.005497787,TREMOR,5fa135632fe9
1776793210173,1901434623774183,-2.207454,1.13964,-9.3733,-0.002443461,0.010995574,-0.005497787,TREMOR,5fa135632fe9
1776793210181,1901434631769037,-2.1787236,1.1252748,-9.378088,-0.002443461,0.012217305,-0.004886922,TREMOR,5fa135632fe9
1776793210189,1901434639766507,-2.1571758,1.1228806,-9.387665,-0.0030543262,0.01160644,-0.002443461,TREMOR,5fa135632fe9
1776793210197,1901434647761052,-2.1212628,1.091756,-9.3661175,-0.0018325958,0.01038471,-0.0018325958,TREMOR,5fa135632fe9
1776793210205,1901434655756137,-2.1140802,1.0749966,-9.380483,0.0,0.008552114,6.1086525E-4,TREMOR,5fa135632fe9
1776793210213,1901434663750837,-2.0853498,1.0869676,-9.375694,-0.0012217305,0.007330383,-6.1086525E-4,TREMOR,5fa135632fe9
1776793210221,1901434671777999,-2.0757728,1.0821792,-9.370906,-0.0012217305,0.0036651916,0.0018325958,TREMOR,5fa135632fe9
1776793210229,1901434679773392,-2.0685902,1.079785,-9.385271,-6.1086525E-4,0.002443461,0.0,TREMOR,5fa135632fe9
1776793210237,1901434687769937,-2.054225,1.0869676,-9.385271,0.0,0.0036651916,0.0030543262,TREMOR,5fa135632fe9
1776793210245,1901434695765715,-2.0566192,1.0893618,-9.387665,-6.1086525E-4,0.0018325958,0.002443461,TREMOR,5fa135632fe9
1776793210253,1901434703760415,-2.0590134,1.1085154,-9.385271,6.1086525E-4,0.002443461,0.0012217305,TREMOR,5fa135632fe9
1776793210261,1901434711755807,-2.0853498,1.1324574,-9.387665,0.0,0.0012217305,0.0018325958,TREMOR,5fa135632fe9
1776793210269,1901434719753353,-2.0949266,1.1228806,-9.3733,0.0012217305,0.0012217305,0.0012217305,TREMOR,5fa135632fe9
1776793210277,1901434727778592,-2.1284454,1.1252748,-9.351752,6.1086525E-4,0.0018325958,0.002443461,TREMOR,5fa135632fe9
1776793210285,1901434735774907,-2.1428106,1.1204864,-9.354146,0.0030543262,6.1086525E-4,6.1086525E-4,TREMOR,5fa135632fe9
1776793210293,1901434743767915,-2.1499932,1.1372458,-9.346964,0.0036651916,-0.0018325958,0.0,TREMOR,5fa135632fe9
1776793210301,1901434751764539,-2.171541,1.13964,-9.337387,0.004886922,-0.004276057,-6.1086525E-4,TREMOR,5fa135632fe9
1776793210309,1901434759760238,-2.1906946,1.1444284,-9.344569,0.005497787,-0.005497787,6.1086525E-4,TREMOR,5fa135632fe9
1776793210317,1901434767755323,-2.1978772,1.1300632,-9.3421755,0.004886922,-0.0067195175,-0.0018325958,TREMOR,5fa135632fe9
1776793210325,1901434775752254,-2.2337902,1.13964,-9.337387,0.004886922,-0.0067195175,-6.1086525E-4,TREMOR,5fa135632fe9
1776793210333,1901434783776878,-2.2146366,1.1492168,-9.3421755,0.0030543262,-0.007330383,6.1086525E-4,TREMOR,5fa135632fe9
1776793210341,1901434791773193,-2.243367,1.1348516,-9.351752,0.0030543262,-0.0061086523,-0.0018325958,TREMOR,5fa135632fe9
1776793210349,1901434799769200,-2.2481554,1.1468226,-9.349358,0.0036651916,-0.004276057,-6.1086525E-4,TREMOR,5fa135632fe9
1776793210357,1901434807766439,-2.2385786,1.13964,-9.361329,0.0018325958,-0.002443461,-0.002443461,TREMOR,5fa135632fe9
1776793210365,1901434815762986,-2.2601264,1.1563994,-9.351752,0.0012217305,-0.002443461,-0.0030543262,TREMOR,5fa135632fe9
1776793210373,1901434823758455,-2.243367,1.1492168,-9.349358,0.0012217305,-0.0012217305,-0.004276057,TREMOR,5fa135632fe9
1776793210381,1901434831781155,-2.2337902,1.127669,-9.356541,-6.1086525E-4,0.0018325958,-0.0036651916,TREMOR,5fa135632fe9
1776793210389,1901434839778701,-2.2050598,1.1324574,-9.358934,6.1086525E-4,0.0030543262,-0.004276057,TREMOR,5fa135632fe9
1776793210397,1901434847774478,-2.2361844,1.151611,-9.356541,0.0012217305,0.0061086523,-0.002443461,TREMOR,5fa135632fe9
1776793210405,1901434855768332,-2.2266076,1.1444284,-9.3733,0.0012217305,0.007941248,-0.004886922,TREMOR,5fa135632fe9
1776793210413,1901434863764879,-2.2002714,1.1420342,-9.3733,6.1086525E-4,0.008552114,-0.0030543262,TREMOR,5fa135632fe9
1776793210421,1901434871760578,-2.1883004,1.1133038,-9.3661175,0.004276057,0.009773844,-0.002443461,TREMOR,5fa135632fe9
1776793210429,1901434879755355,-2.1883004,1.1228806,-9.3661175,0.0030543262,0.009162978,-0.002443461,TREMOR,5fa135632fe9
1776793210437,1901434887750440,-2.1571758,1.115698,-9.370906,0.0030543262,0.007330383,-0.0030543262,TREMOR,5fa135632fe9
1776793210445,1901434895778756,-2.1691468,1.103727,-9.382876,0.0061086523,0.007941248,-0.002443461,TREMOR,5fa135632fe9
1776793210453,1901434903773532,-2.1499932,1.0749966,-9.390059,0.0061086523,0.004886922,-0.0018325958,TREMOR,5fa135632fe9
1776793210461,1901434911768002,-2.1260512,1.0510546,-9.40203,0.008552114,0.009162978,0.0,TREMOR,5fa135632fe9
1776793210469,1901434919765856,-2.0925324,1.0486604,-9.382876,0.009162978,0.007330383,0.0018325958,TREMOR,5fa135632fe9
1776793210477,1901434927760403,-2.0973208,1.043872,-9.394848,0.009162978,0.007330383,0.0,TREMOR,5fa135632fe9
1776793210485,1901434935756103,-2.0638018,1.0366893,-9.390059,0.009162978,0.008552114,0.0012217305,TREMOR,5fa135632fe9
1776793210493,1901434943782495,-2.0829554,1.0366893,-9.385271,0.008552114,0.0061086523,-0.002443461,TREMOR,5fa135632fe9
1776793210501,1901434951777041,-2.0733786,1.0462662,-9.390059,0.0036651916,0.004886922,-0.004276057,TREMOR,5fa135632fe9
1776793210509,1901434959772126,-2.087744,1.067814,-9.3661175,0.004886922,0.005497787,-0.004276057,TREMOR,5fa135632fe9
1776793210517,1901434967769288,-2.0973208,1.0534488,-9.3661175,0.0030543262,0.004276057,-0.0061086523,TREMOR,5fa135632fe9
1776793210525,1901434975764372,-2.1188686,1.0893618,-9.344569,6.1086525E-4,0.0036651916,-0.009162978,TREMOR,5fa135632fe9
1776793210533,1901434983759841,-2.1308396,1.1133038,-9.334992,0.0,0.0036651916,-0.009773844,TREMOR,5fa135632fe9
1776793210541,1901434991754926,-2.1547816,1.1061212,-9.334992,-6.1086525E-4,0.005497787,-0.01038471,TREMOR,5fa135632fe9
1776793210549,1901434999752780,-2.195483,1.1252748,-9.323022,-0.0018325958,0.0061086523,-0.013439035,TREMOR,5fa135632fe9
1776793210557,1901435007777942,-2.2002714,1.1348516,-9.334992,-6.1086525E-4,0.0067195175,-0.01282817,TREMOR,5fa135632fe9
1776793210565,1901435015773949,-2.2098482,1.163582,-9.330204,-0.0030543262,0.005497787,-0.01282817,TREMOR,5fa135632fe9
1776793210573,1901435023769111,-2.2002714,1.163582,-9.323022,-0.004886922,0.007330383,-0.01282817,TREMOR,5fa135632fe9
1776793210581,1901435031763273,-2.1930888,1.1779473,-9.308656,-0.004276057,0.004276057,-0.012217305,TREMOR,5fa135632fe9
1776793210589,1901435039758358,-2.2242134,1.1803415,-9.308656,-0.0036651916,0.004886922,-0.009773844,TREMOR,5fa135632fe9
1776793210597,1901435047756751,-2.231396,1.1803415,-9.332599,-0.005497787,0.0012217305,-0.004886922,TREMOR,5fa135632fe9
1776793210605,1901435055749988,-2.2098482,1.1899183,-9.344569,-0.0061086523,-0.002443461,-0.0030543262,TREMOR,5fa135632fe9
1776793210613,1901435063775920,-2.195483,1.1683705,-9.370906,-0.004886922,-0.004886922,0.0030543262,TREMOR,5fa135632fe9
1776793210621,1901435071772466,-2.1739352,1.1324574,-9.370906,-0.004276057,-0.004886922,0.0030543262,TREMOR,5fa135632fe9
1776793210629,1901435079768551,-2.1428106,1.103727,-9.380483,-0.0030543262,-0.005497787,0.007330383,TREMOR,5fa135632fe9
1776793210637,1901435087764866,-2.1188686,1.091756,-9.387665,0.0012217305,-0.007941248,0.010995574,TREMOR,5fa135632fe9
1776793210645,1901435095759951,-2.1068976,1.0582372,-9.40203,0.0018325958,-0.008552114,0.013439035,TREMOR,5fa135632fe9
1776793210653,1901435103756266,-2.078167,1.0630256,-9.397242,0.0036651916,-0.010995574,0.01282817,TREMOR,5fa135632fe9
1776793210661,1901435111750967,-2.0470424,1.0534488,-9.40203,0.004886922,-0.014660766,0.013439035,TREMOR,5fa135632fe9
1776793210669,1901435119775975,-2.030283,1.0414777,-9.404425,0.004276057,-0.015271631,0.015882496,TREMOR,5fa135632fe9
1776793210677,1901435127772828,-2.0135236,1.0295067,-9.397242,0.0036651916,-0.018325957,0.01282817,TREMOR,5fa135632fe9
1776793210685,1901435135769451,-2.0446482,1.0103531,-9.390059,0.005497787,-0.018325957,0.01038471,TREMOR,5fa135632fe9
1776793210693,1901435143764921,-2.0518308,1.0031705,-9.387665,0.004886922,-0.016493361,0.009773844,TREMOR,5fa135632fe9
1776793210701,1901435151758775,-2.078167,1.0031705,-9.385271,0.0018325958,-0.019547688,0.007941248,TREMOR,5fa135632fe9
1776793210709,1901435159757167,-2.0973208,1.0079589,-9.3661175,0.002443461,-0.021991149,0.005497787,TREMOR,5fa135632fe9
1776793210717,1901435167751713,-2.123657,1.0414777,-9.378088,-6.1086525E-4,-0.02321288,0.0030543262,TREMOR,5fa135632fe9
1776793210725,1901435175777260,-2.1404164,1.0486604,-9.349358,-0.0018325958,-0.025045475,0.004276057,TREMOR,5fa135632fe9
1776793210733,1901435183773191,-2.1643584,1.0702082,-9.346964,-0.0018325958,-0.025045475,0.002443461,TREMOR,5fa135632fe9
1776793210741,1901435191767429,-2.1811178,1.0893618,-9.332599,-0.002443461,-0.02565634,0.002443461,TREMOR,5fa135632fe9
1776793210749,1901435199764667,-2.2098482,1.1252748,-9.337387,-0.0030543262,-0.02443461,0.002443461,TREMOR,5fa135632fe9
1776793210757,1901435207759752,-2.2218192,1.1444284,-9.32781,-0.002443461,-0.023823744,0.004276057,TREMOR,5fa135632fe9
1776793210765,1901435215755145,-2.2409728,1.151611,-9.323022,-0.0030543262,-0.023823744,0.004276057,TREMOR,5fa135632fe9
1776793210773,1901435223781537,-2.255338,1.151611,-9.315839,-0.004276057,-0.02443461,0.005497787,TREMOR,5fa135632fe9
1776793210781,1901435231777238,-2.267309,1.1659763,-9.315839,-0.004276057,-0.02443461,0.007330383,TREMOR,5fa135632fe9
1776793210789,1901435239772706,-2.2744915,1.1899183,-9.323022,-0.0067195175,-0.023823744,0.0067195175,TREMOR,5fa135632fe9
1776793210797,1901435247768330,-2.2816741,1.1731589,-9.339781,-0.007330383,-0.021380283,0.0067195175,TREMOR,5fa135632fe9
1776793210805,1901435255763492,-2.2649148,1.1563994,-9.346964,-0.0061086523,-0.02076942,0.007330383,TREMOR,5fa135632fe9
1776793210813,1901435263759423,-2.2768857,1.1563994,-9.354146,-0.007330383,-0.018325957,0.0067195175,TREMOR,5fa135632fe9
1776793210821,1901435271753584,-2.243367,1.1540052,-9.349358,-0.005497787,-0.01282817,0.0067195175,TREMOR,5fa135632fe9
1776793210829,1901435279781053,-2.267309,1.1444284,-9.3421755,-0.004276057,-0.013439035,0.004276057,TREMOR,5fa135632fe9
1776793210837,1901435287775215,-2.2457612,1.1659763,-9.344569,-0.0030543262,-0.01038471,0.0030543262,TREMOR,5fa135632fe9
1776793210845,1901435295772454,-2.231396,1.1420342,-9.370906,-0.004886922,-0.008552114,0.0012217305,TREMOR,5fa135632fe9
1776793210853,1901435303767770,-2.231396,1.1420342,-9.332599,-0.0030543262,-0.004886922,0.0012217305,TREMOR,5fa135632fe9
1776793210861,1901435311763161,-2.219425,1.1444284,-9.339781,-0.004886922,-0.0018325958,-0.0012217305,TREMOR,5fa135632fe9
1776793210869,1901435319759477,-2.195483,1.1300632,-9.320627,-0.0036651916,0.0018325958,-0.0012217305,TREMOR,5fa135632fe9
1776793210877,1901435327754639,-2.2026656,1.1348516,-9.32781,-0.0036651916,0.005497787,-6.1086525E-4,TREMOR,5fa135632fe9
1776793210885,1901435335781954,-2.2098482,1.1061212,-9.346964,-0.0030543262,0.005497787,-0.0012217305,TREMOR,5fa135632fe9
1776793210893,1901435343775269,-2.195483,1.1109096,-9.339781,-0.004886922,0.004886922,0.0012217305,TREMOR,5fa135632fe9
1776793210901,1901435351771200,-2.1978772,1.1133038,-9.339781,-0.005497787,0.004276057,0.0012217305,TREMOR,5fa135632fe9
1776793210909,1901435359769670,-2.207454,1.1061212,-9.354146,-0.007330383,0.004276057,0.004276057,TREMOR,5fa135632fe9
1776793210917,1901435367763524,-2.207454,1.0869676,-9.368511,-0.0067195175,0.0012217305,0.0030543262,TREMOR,5fa135632fe9
1776793210925,1901435375759840,-2.2050598,1.0965444,-9.351752,-0.0067195175,-0.0012217305,0.0061086523,TREMOR,5fa135632fe9
1776793210933,1901435383754308,-2.1523874,1.0869676,-9.358934,-0.007330383,-0.0012217305,0.008552114,TREMOR,5fa135632fe9
1776793210941,1901435391778624,-2.1499932,1.079785,-9.375694,-0.0061086523,-0.0018325958,0.008552114,TREMOR,5fa135632fe9
1776793210949,1901435399778017,-2.1547816,1.0869676,-9.361329,-0.0067195175,-0.004276057,0.008552114,TREMOR,5fa135632fe9
1776793210957,1901435407771871,-2.1308396,1.0773908,-9.354146,-0.004276057,-0.009162978,0.009162978,TREMOR,5fa135632fe9
1776793210965,1901435415768263,-2.1188686,1.0749966,-9.358934,-0.004886922,-0.01038471,0.007330383,TREMOR,5fa135632fe9
1776793210973,1901435423763886,-2.1092918,1.1085154,-9.363723,-0.004886922,-0.01160644,0.0061086523,TREMOR,5fa135632fe9
1776793210981,1901435431759278,-2.1092918,1.1348516,-9.361329,-0.004886922,-0.01282817,0.009162978,TREMOR,5fa135632fe9
1776793210989,1901435439756517,-2.1260512,1.1324574,-9.3661175,-0.004886922,-0.014049901,0.007330383,TREMOR,5fa135632fe9
1776793210997,1901435447780602,-2.1332338,1.115698,-9.358934,-0.0030543262,-0.014660766,0.0061086523,TREMOR,5fa135632fe9
1776793211005,1901435455777763,-2.1547816,1.1085154,-9.363723,-0.002443461,-0.014660766,0.0061086523,TREMOR,5fa135632fe9
1776793211013,1901435463772310,-2.1691468,1.1324574,-9.346964,-0.0012217305,-0.016493361,0.0030543262,TREMOR,5fa135632fe9
1776793211021,1901435471766394,-2.1978772,1.1109096,-9.356541,-0.0012217305,-0.016493361,0.0061086523,TREMOR,5fa135632fe9
1776793211029,1901435479763095,-2.2050598,1.103727,-9.346964,0.0,-0.018936822,0.005497787,TREMOR,5fa135632fe9
1776793211037,1901435487758487,-2.2098482,1.1013328,-9.361329,-6.1086525E-4,-0.020158553,0.0061086523,TREMOR,5fa135632fe9
1776793211045,1901435495754725,-2.2266076,1.1228806,-9.351752,-6.1086525E-4,-0.021991149,0.0061086523,TREMOR,5fa135632fe9
1776793211053,1901435503780349,-2.2385786,1.1444284,-9.349358,0.0,-0.020158553,0.007941248,TREMOR,5fa135632fe9
1776793211061,1901435511774510,-2.2218192,1.127669,-9.349358,6.1086525E-4,-0.02076942,0.007330383,TREMOR,5fa135632fe9
1776793211069,1901435519772672,-2.2697031,1.1444284,-9.3421755,6.1086525E-4,-0.017715093,0.010995574,TREMOR,5fa135632fe9
1776793211077,1901435527765833,-2.2457612,1.1444284,-9.334992,0.0018325958,-0.018325957,0.010995574,TREMOR,5fa135632fe9
1776793211085,1901435535761610,-2.2720973,1.163582,-9.346964,0.0030543262,-0.015271631,0.01160644,TREMOR,5fa135632fe9
1776793211093,1901435543758542,-2.2601264,1.1420342,-9.330204,0.0030543262,-0.014660766,0.01160644,TREMOR,5fa135632fe9
1776793211101,1901435551753011,-2.2505496,1.1180922,-9.337387,0.004886922,-0.014660766,0.012217305,TREMOR,5fa135632fe9
1776793211109,1901435559779096,-2.2697031,1.1300632,-9.330204,0.005497787,-0.013439035,0.010995574,TREMOR,5fa135632fe9
1776793211117,1901435567776103,-2.2601264,1.1109096,-9.3421755,0.005497787,-0.013439035,0.012217305,TREMOR,5fa135632fe9
1776793211125,1901435575769880,-2.2529438,1.1109096,-9.330204,0.005497787,-0.014049901,0.009773844,TREMOR,5fa135632fe9
1776793211133,1901435583766888,-2.2601264,1.1013328,-9.3182335,0.0036651916,-0.01160644,0.009162978,TREMOR,5fa135632fe9
1776793211141,1901435591762896,-2.255338,1.1061212,-9.323022,0.0030543262,-0.014049901,0.01038471,TREMOR,5fa135632fe9
1776793211149,1901435599757980,-2.2577322,1.1252748,-9.346964,0.002443461,-0.01160644,0.009773844,TREMOR,5fa135632fe9
1776793211157,1901435607755527,-2.2385786,1.1252748,-9.330204,6.1086525E-4,-0.014660766,0.005497787,TREMOR,5fa135632fe9
1776793211165,1901435615781304,-2.2529438,1.127669,-9.325416,-0.0012217305,-0.012217305,0.009773844,TREMOR,5fa135632fe9
1776793211173,1901435623775543,-2.2337902,1.1252748,-9.325416,-0.0012217305,-0.012217305,0.009162978,TREMOR,5fa135632fe9
1776793211181,1901435631770320,-2.2385786,1.1204864,-9.315839,-0.0012217305,-0.012217305,0.007941248,TREMOR,5fa135632fe9
1776793211189,1901435639765635,-2.2361844,1.1204864,-9.334992,-6.1086525E-4,-0.012217305,0.007941248,TREMOR,5fa135632fe9
1776793211197,1901435647760797,-2.2242134,1.1109096,-9.349358,-0.0012217305,-0.01038471,0.009773844,TREMOR,5fa135632fe9
1776793211205,1901435655757420,-2.2505496,1.1013328,-9.332599,-0.0036651916,-0.01038471,0.008552114,TREMOR,5fa135632fe9
1776793211213,1901435663754351,-2.2242134,1.1013328,-9.334992,-0.0036651916,-0.008552114,0.008552114,TREMOR,5fa135632fe9
1776793211221,1901435671779205,-2.2361844,1.1061212,-9.32781,-0.004276057,-0.009773844,0.007941248,TREMOR,5fa135632fe9
1776793211229,1901435679776212,-2.2337902,1.1492168,-9.346964,-0.0036651916,-0.007330383,0.007941248,TREMOR,5fa135632fe9
1776793211237,1901435687771836,-2.2242134,1.1372458,-9.3421755,-0.0036651916,-0.008552114,0.005497787,TREMOR,5fa135632fe9
1776793211245,1901435695766382,-2.2266076,1.1228806,-9.339781,-0.004886922,-0.007941248,0.009162978,TREMOR,5fa135632fe9
1776793211253,1901435703762083,-2.243367,1.1540052,-9.337387,-0.0036651916,-0.007941248,0.0067195175,TREMOR,5fa135632fe9
1776793211261,1901435711757397,-2.255338,1.1444284,-9.349358,-0.004886922,-0.007330383,0.007941248,TREMOR,5fa135632fe9
1776793211269,1901435719752175,-2.2625206,1.1300632,-9.330204,-0.0030543262,-0.0061086523,0.005497787,TREMOR,5fa135632fe9
1776793211277,1901435727779259,-2.2649148,1.127669,-9.349358,-0.0036651916,-0.0067195175,0.004886922,TREMOR,5fa135632fe9
1776793211285,1901435735776575,-2.2840683,1.1324574,-9.323022,-0.0030543262,-0.004276057,0.004886922,TREMOR,5fa135632fe9
1776793211293,1901435743769737,-2.2816741,1.1372458,-9.3421755,-0.002443461,-0.0036651916,0.002443461,TREMOR,5fa135632fe9
1776793211301,1901435751766359,-2.2888567,1.127669,-9.334992,-0.0030543262,-0.0030543262,0.0018325958,TREMOR,5fa135632fe9
1776793211309,1901435759760598,-2.2984335,1.1324574,-9.330204,-0.0018325958,-0.0036651916,0.0018325958,TREMOR,5fa135632fe9
1776793211317,1901435767756222,-2.2936451,1.13964,-9.332599,-0.0030543262,0.0,0.0018325958,TREMOR,5fa135632fe9
1776793211325,1901435775753460,-2.2960393,1.163582,-9.315839,-0.005497787,-6.1086525E-4,6.1086525E-4,TREMOR,5fa135632fe9
1776793211333,1901435783780006,-2.2984335,1.13964,-9.3182335,-0.0036651916,0.0030543262,0.0,TREMOR,5fa135632fe9
1776793211341,1901435791774475,-2.2840683,1.1444284,-9.306262,-0.004886922,0.0018325958,0.0012217305,TREMOR,5fa135632fe9
1776793211349,1901435799769483,-2.2888567,1.13964,-9.339781,-0.004276057,0.0018325958,6.1086525E-4,TREMOR,5fa135632fe9
1776793211357,1901435807766184,-2.2720973,1.1468226,-9.323022,-0.005497787,0.002443461,6.1086525E-4,TREMOR,5fa135632fe9
1776793211365,1901435815761269,-2.2649148,1.1659763,-9.32781,-0.004886922,0.004886922,6.1086525E-4,TREMOR,5fa135632fe9
1776793211373,1901435823757276,-2.2601264,1.1468226,-9.344569,-0.005497787,0.005497787,-6.1086525E-4,TREMOR,5fa135632fe9
1776793211381,1901435831752284,-2.2481554,1.1540052,-9.323022,-0.004886922,0.007330383,0.0012217305,TREMOR,5fa135632fe9
1776793211389,1901435839781292,-2.2361844,1.1300632,-9.315839,-0.002443461,0.007941248,-6.1086525E-4,TREMOR,5fa135632fe9
1776793211397,1901435847774761,-2.2002714,1.1348516,-9.320627,-0.0036651916,0.007330383,0.0012217305,TREMOR,5fa135632fe9
1776793211405,1901435855771154,-2.219425,1.115698,-9.3421755,-0.0018325958,0.008552114,6.1086525E-4,TREMOR,5fa135632fe9
1776793211413,1901435863765315,-2.2122424,1.1252748,-9.325416,-0.002443461,0.008552114,-0.0012217305,TREMOR,5fa135632fe9
1776793211421,1901435871759477,-2.2050598,1.1204864,-9.344569,-0.0018325958,0.008552114,-6.1086525E-4,TREMOR,5fa135632fe9
1776793211429,1901435879755715,-2.1787236,1.115698,-9.332599,-0.002443461,0.0061086523,-0.0012217305,TREMOR,5fa135632fe9
1776793211437,1901435887752724,-2.1906946,1.103727,-9.325416,-0.0018325958,0.008552114,-0.0018325958,TREMOR,5fa135632fe9
1776793211445,1901435895778807,-2.2050598,1.1133038,-9.306262,-0.0030543262,0.007941248,-6.1086525E-4,TREMOR,5fa135632fe9
1776793211453,1901435903774277,-2.219425,1.115698,-9.325416,-0.004276057,0.005497787,0.0,TREMOR,5fa135632fe9
1776793211461,1901435911770823,-2.2218192,1.1133038,-9.330204,-0.002443461,0.005497787,-0.0030543262,TREMOR,5fa135632fe9
1776793211469,1901435919767524,-2.2122424,1.1228806,-9.325416,-0.004276057,0.0036651916,-0.0018325958,TREMOR,5fa135632fe9
1776793211477,1901435927761378,-2.219425,1.1228806,-9.346964,-0.004886922,0.0012217305,0.0,TREMOR,5fa135632fe9
1776793211485,1901435935755539,-2.2290018,1.1180922,-9.323022,-0.004886922,6.1086525E-4,0.0012217305,TREMOR,5fa135632fe9
1776793211493,1901435943752778,-2.219425,1.115698,-9.334992,-0.005497787,6.1086525E-4,0.0012217305,TREMOR,5fa135632fe9
1776793211501,1901435951777709,-2.2266076,1.1085154,-9.334992,-0.004886922,-0.002443461,6.1086525E-4,TREMOR,5fa135632fe9
1776793211509,1901435959773101,-2.2218192,1.1133038,-9.337387,-0.004276057,-0.0018325958,0.002443461,TREMOR,5fa135632fe9
1776793211517,1901435967770570,-2.2242134,1.1180922,-9.339781,-0.0036651916,-0.004276057,0.0018325958,TREMOR,5fa135632fe9
1776793211525,1901435975765655,-2.2122424,1.1372458,-9.337387,-0.004276057,-0.0036651916,0.002443461,TREMOR,5fa135632fe9
1776793211533,1901435983761355,-2.2290018,1.1540052,-9.339781,-0.0030543262,-0.004886922,0.0018325958,TREMOR,5fa135632fe9
1776793211541,1901435991757056,-2.2170308,1.1540052,-9.334992,-0.004276057,-0.004886922,0.002443461,TREMOR,5fa135632fe9
1776793211549,1901435999754602,-2.2337902,1.13964,-9.334992,-0.0030543262,-0.004886922,6.1086525E-4,TREMOR,5fa135632fe9
1776793211557,1901436007777455,-2.243367,1.1611878,-9.31105,-0.004276057,-0.002443461,6.1086525E-4,TREMOR,5fa135632fe9
1776793211565,1901436015775309,-2.255338,1.1587936,-9.323022,-0.004276057,-0.0018325958,0.0,TREMOR,5fa135632fe9
1776793211573,1901436023770394,-2.2720973,1.163582,-9.315839,-0.0036651916,-0.0030543262,6.1086525E-4,TREMOR,5fa135632fe9
1776793211581,1901436031764556,-2.2697031,1.163582,-9.308656,-0.0036651916,0.0,-6.1086525E-4,TREMOR,5fa135632fe9
1776793211589,1901436039760256,-2.291251,1.163582,-9.303867,-0.002443461,0.002443461,-0.0012217305,TREMOR,5fa135632fe9
1776793211597,1901436047757187,-2.3056161,1.1587936,-9.325416,-0.002443461,0.004276057,-0.0018325958,TREMOR,5fa135632fe9
1776793211605,1901436055781425,-2.3008277,1.1587936,-9.313444,-0.002443461,0.0061086523,-6.1086525E-4,TREMOR,5fa135632fe9
1776793211613,1901436063779049,-2.3056161,1.1324574,-9.32781,-0.0036651916,0.005497787,0.0012217305,TREMOR,5fa135632fe9
1776793211621,1901436071772903,-2.3127987,1.1444284,-9.330204,-0.0018325958,0.0067195175,0.0018325958,TREMOR,5fa135632fe9
1776793211629,1901436079769218,-2.2840683,1.1300632,-9.337387,-0.0036651916,0.01038471,0.0012217305,TREMOR,5fa135632fe9
1776793211637,1901436087765149,-2.2888567,1.1468226,-9.330204,-0.002443461,0.009773844,0.0012217305,TREMOR,5fa135632fe9
1776793211645,1901436095760849,-2.2816741,1.1444284,-9.31105,-0.0030543262,0.01038471,6.1086525E-4,TREMOR,5fa135632fe9
1776793211653,1901436103755319,-2.2601264,1.1563994,-9.332599,-0.002443461,0.01160644,-0.0012217305,TREMOR,5fa135632fe9
1776793211661,1901436111781865,-2.2337902,1.13964,-9.323022,-0.0030543262,0.010995574,-0.0012217305,TREMOR,5fa135632fe9
1776793211669,1901436119778180,-2.2290018,1.1587936,-9.330204,-0.004886922,0.012217305,-6.1086525E-4,TREMOR,5fa135632fe9
1776793211677,1901436127774111,-2.2242134,1.1540052,-9.323022,-0.0036651916,0.014049901,-0.0030543262,TREMOR,5fa135632fe9
1776793211685,1901436135770504,-2.2218192,1.1587936,-9.337387,-0.004886922,0.014660766,-0.0036651916,TREMOR,5fa135632fe9
1776793211693,1901436143765589,-2.2050598,1.1324574,-9.325416,-0.002443461,0.013439035,-0.0018325958,TREMOR,5fa135632fe9
1776793211701,1901436151759134,-2.1930888,1.1228806,-9.32781,-0.004886922,0.013439035,-0.0018325958,TREMOR,5fa135632fe9
1776793211709,1901436159754527,-2.1978772,1.1133038,-9.32781,-0.004276057,0.013439035,-0.004886922,TREMOR,5fa135632fe9
1776793211717,1901436167754150,-2.2050598,1.1085154,-9.32781,-0.0030543262,0.013439035,-0.002443461,TREMOR,5fa135632fe9
1776793211725,1901436175778235,-2.2050598,1.1133038,-9.344569,-0.004276057,0.009773844,-0.004886922,TREMOR,5fa135632fe9
1776793211733,1901436183773935,-2.207454,1.1204864,-9.354146,-0.004276057,0.009773844,-0.0036651916,TREMOR,5fa135632fe9
1776793211741,1901436191768327,-2.2098482,1.127669,-9.346964,-0.004276057,0.008552114,-0.002443461,TREMOR,5fa135632fe9
1776793211749,1901436199764412,-2.2050598,1.1252748,-9.334992,-0.004886922,0.007330383,-0.0012217305,TREMOR,5fa135632fe9
1776793211757,1901436207762805,-2.195483,1.1109096,-9.3421755,-0.0036651916,0.007941248,0.0012217305,TREMOR,5fa135632fe9
1776793211765,1901436215756120,-2.1859062,1.1085154,-9.332599,-0.0018325958,0.008552114,-0.0030543262,TREMOR,5fa135632fe9
1776793211773,1901436223752666,-2.1906946,1.1180922,-9.337387,-0.0036651916,0.0061086523,-0.002443461,TREMOR,5fa135632fe9
1776793211781,1901436231777289,-2.2050598,1.1300632,-9.349358,-0.0012217305,0.004276057,-0.0012217305,TREMOR,5fa135632fe9
1776793211789,1901436239773989,-2.1906946,1.1324574,-9.3421755,-0.0018325958,0.004886922,-0.0018325958,TREMOR,5fa135632fe9
1776793211797,1901436247768997,-2.2050598,1.13964,-9.332599,-0.0018325958,0.004886922,-0.0030543262,TREMOR,5fa135632fe9
1776793211805,1901436255764467,-2.2002714,1.163582,-9.339781,-6.1086525E-4,0.0018325958,-0.0012217305,TREMOR,5fa135632fe9
1776793211813,1901436263760705,-2.1978772,1.1540052,-9.330204,-0.0012217305,0.002443461,6.1086525E-4,TREMOR,5fa135632fe9
1776793211821,1901436271754328,-2.231396,1.163582,-9.325416,-0.0018325958,6.1086525E-4,6.1086525E-4,TREMOR,5fa135632fe9
1776793211829,1901436279752105,-2.2266076,1.1563994,-9.32781,-0.0012217305,0.0012217305,0.0018325958,TREMOR,5fa135632fe9
1776793211837,1901436287776729,-2.2385786,1.1444284,-9.334992,0.0012217305,-0.0012217305,6.1086525E-4,TREMOR,5fa135632fe9
1776793211845,1901436295771891,-2.2385786,1.1563994,-9.339781,0.0030543262,-0.0018325958,0.0018325958,TREMOR,5fa135632fe9
1776793211853,1901436303768129,-2.2457612,1.1468226,-9.334992,0.0030543262,-0.0012217305,6.1086525E-4,TREMOR,5fa135632fe9
1776793211861,1901436311763598,-2.2481554,1.1492168,-9.323022,0.002443461,-0.002443461,0.0018325958,TREMOR,5fa135632fe9
1776793211869,1901436319760760,-2.2529438,1.1372458,-9.349358,0.0036651916,-6.1086525E-4,-0.0012217305,TREMOR,5fa135632fe9
1776793211877,1901436327755922,-2.2481554,1.1468226,-9.325416,0.0030543262,-0.0030543262,0.0,TREMOR,5fa135632fe9
1776793211885,1901436335782698,-2.2649148,1.1420342,-9.323022,0.0012217305,0.0018325958,0.0,TREMOR,5fa135632fe9
1776793211893,1901436343778014,-2.2505496,1.1348516,-9.32781,0.0018325958,0.0012217305,-6.1086525E-4,TREMOR,5fa135632fe9
1776793211901,1901436351770945,-2.243367,1.1420342,-9.332599,0.0018325958,0.0018325958,-0.0036651916,TREMOR,5fa135632fe9
1776793211909,1901436359767261,-2.231396,1.1731589,-9.323022,0.0,0.004276057,-0.0036651916,TREMOR,5fa135632fe9
1776793211917,1901436367764192,-2.2337902,1.1563994,-9.315839,-6.1086525E-4,0.0061086523,-0.005497787,TREMOR,5fa135632fe9
1776793211925,1901436375759660,-2.255338,1.1468226,-9.320627,6.1086525E-4,0.0067195175,-0.0061086523,TREMOR,5fa135632fe9
1776793211933,1901436383756207,-2.2601264,1.1492168,-9.339781,6.1086525E-4,0.008552114,-0.0036651916,TREMOR,5fa135632fe9
1776793211941,1901436391782445,-2.2266076,1.1324574,-9.3421755,0.0018325958,0.009162978,-0.0061086523,TREMOR,5fa135632fe9
1776793211949,1901436399776915,-2.2266076,1.1252748,-9.337387,6.1086525E-4,0.008552114,-0.0061086523,TREMOR,5fa135632fe9
1776793211957,1901436407773461,-2.2457612,1.1204864,-9.330204,6.1086525E-4,0.007941248,-0.004276057,TREMOR,5fa135632fe9
1776793211965,1901436415767084,-2.2266076,1.1133038,-9.332599,-6.1086525E-4,0.009162978,-0.004886922,TREMOR,5fa135632fe9
1776793211973,1901436423764630,-2.2122424,1.1228806,-9.3421755,0.0012217305,0.0067195175,-0.0061086523,TREMOR,5fa135632fe9
1776793211981,1901436431758715,-2.219425,1.1133038,-9.344569,-0.0012217305,0.007941248,-0.0036651916,TREMOR,5fa135632fe9
1776793211989,1901436439757493,-2.2098482,1.115698,-9.337387,6.1086525E-4,0.0061086523,-0.002443461,TREMOR,5fa135632fe9
1776793211997,1901436447781192,-2.1906946,1.1204864,-9.337387,0.0,0.007941248,-0.0018325958,TREMOR,5fa135632fe9
1776793212005,1901436455776892,-2.1763294,1.127669,-9.337387,-6.1086525E-4,0.007330383,-0.0012217305,TREMOR,5fa135632fe9
1776793212013,1901436463773516,-2.1811178,1.1061212,-9.334992,-0.0018325958,0.008552114,6.1086525E-4,TREMOR,5fa135632fe9
1776793212021,1901436471767139,-2.1859062,1.1252748,-9.337387,-0.0030543262,0.008552114,-6.1086525E-4,TREMOR,5fa135632fe9
1776793212029,1901436479765224,-2.207454,1.1228806,-9.358934,-0.0030543262,0.008552114,-0.002443461,TREMOR,5fa135632fe9
1776793212037,1901436487758154,-2.1978772,1.1085154,-9.349358,-0.0018325958,0.009162978,-0.0030543262,TREMOR,5fa135632fe9
1776793212045,1901436495753547,-2.207454,1.103727,-9.332599,-0.0030543262,0.007330383,-0.0018325958,TREMOR,5fa135632fe9
1776793212053,1901436503782478,-2.207454,1.1109096,-9.332599,-0.0036651916,0.007941248,-0.0030543262,TREMOR,5fa135632fe9
1776793212061,1901436511776947,-2.2218192,1.1228806,-9.3421755,-0.004276057,0.007941248,-0.0018325958,TREMOR,5fa135632fe9
1776793212069,1901436519772647,-2.219425,1.1204864,-9.349358,-0.0061086523,0.005497787,0.0,TREMOR,5fa135632fe9
1776793212077,1901436527769270,-2.2409728,1.1204864,-9.344569,-0.004886922,0.005497787,-0.0018325958,TREMOR,5fa135632fe9
1776793212085,1901436535763817,-2.219425,1.1348516,-9.332599,-0.004886922,0.0067195175,0.0,TREMOR,5fa135632fe9
1776793212093,1901436543757594,-2.2122424,1.1348516,-9.325416,-0.0061086523,0.004886922,0.0,TREMOR,5fa135632fe9
1776793212101,1901436551755140,-2.2337902,1.1468226,-9.344569,-0.005497787,0.0067195175,0.0012217305,TREMOR,5fa135632fe9
1776793212109,1901436559780147,-2.2098482,1.163582,-9.32781,-0.004276057,0.004886922,0.0,TREMOR,5fa135632fe9
1776793212117,1901436567774925,-2.2337902,1.13964,-9.346964,-0.004276057,0.004276057,0.002443461,TREMOR,5fa135632fe9
1776793212125,1901436575772394,-2.207454,1.1587936,-9.320627,-0.0036651916,0.0067195175,0.0018325958,TREMOR,5fa135632fe9
1776793212133,1901436583766941,-2.2098482,1.1659763,-9.332599,-0.0030543262,0.0061086523,0.0030543262,TREMOR,5fa135632fe9
1776793212141,1901436591762640,-2.2218192,1.1731589,-9.323022,-0.0036651916,0.005497787,0.002443461,TREMOR,5fa135632fe9
1776793212149,1901436599758033,-2.2050598,1.1468226,-9.332599,-0.005497787,0.0061086523,0.0030543262,TREMOR,5fa135632fe9
1776793212157,1901436607753348,-2.219425,1.1492168,-9.337387,-0.004886922,0.009162978,0.0030543262,TREMOR,5fa135632fe9
1776793212165,1901436615779587,-2.2002714,1.1707647,-9.334992,-0.005497787,0.007941248,0.0018325958,TREMOR,5fa135632fe9
1776793212173,1901436623775826,-2.1978772,1.1731589,-9.346964,-0.004886922,0.009773844,0.002443461,TREMOR,5fa135632fe9
1776793212181,1901436631771910,-2.207454,1.1827357,-9.344569,-0.004276057,0.008552114,6.1086525E-4,TREMOR,5fa135632fe9
1776793212189,1901436639767226,-2.183512,1.1683705,-9.337387,-0.0036651916,0.007941248,-6.1086525E-4,TREMOR,5fa135632fe9
1776793212197,1901436647763310,-2.1930888,1.1803415,-9.330204,-0.0036651916,0.01038471,-0.0012217305,TREMOR,5fa135632fe9
1776793212205,1901436655758703,-2.2002714,1.1731589,-9.349358,-0.002443461,0.009162978,-0.0018325958,TREMOR,5fa135632fe9
1776793212213,1901436663755019,-2.2146366,1.1779473,-9.344569,-0.0012217305,0.01038471,-0.004886922,TREMOR,5fa135632fe9
1776793212221,1901436671780257,-2.2337902,1.1587936,-9.323022,-0.0018325958,0.010995574,-0.0067195175,TREMOR,5fa135632fe9
1776793212229,1901436679775880,-2.2361844,1.13964,-9.323022,-0.0012217305,0.008552114,-0.0061086523,TREMOR,5fa135632fe9
1776793212237,1901436687772196,-2.2266076,1.151611,-9.315839,-0.0036651916,0.008552114,-0.008552114,TREMOR,5fa135632fe9
1776793212245,1901436695769127,-2.2457612,1.1683705,-9.334992,-0.004276057,0.009162978,-0.008552114,TREMOR,5fa135632fe9
1776793212253,1901436703763365,-2.2385786,1.1659763,-9.3182335,-0.0061086523,0.008552114,-0.01038471,TREMOR,5fa135632fe9
1776793212261,1901436711758065,-2.2409728,1.1683705,-9.323022,-0.005497787,0.007330383,-0.01160644,TREMOR,5fa135632fe9
1776793212269,1901436719754996,-2.2361844,1.1611878,-9.3421755,-0.0067195175,0.009773844,-0.010995574,TREMOR,5fa135632fe9
1776793212277,1901436727781235,-2.2457612,1.1851299,-9.351752,-0.0067195175,0.01282817,-0.009773844,TREMOR,5fa135632fe9
1776793212285,1901436735775935,-2.2337902,1.1827357,-9.330204,-0.0067195175,0.014049901,-0.01282817,TREMOR,5fa135632fe9
1776793212293,1901436743772558,-2.2385786,1.1899183,-9.337387,-0.005497787,0.017715093,-0.013439035,TREMOR,5fa135632fe9
1776793212301,1901436751765181,-2.2361844,1.1755531,-9.332599,-0.007941248,0.018325957,-0.014660766,TREMOR,5fa135632fe9
1776793212309,1901436759763343,-2.2170308,1.1731589,-9.3421755,-0.005497787,0.019547688,-0.015271631,TREMOR,5fa135632fe9
1776793212317,1901436767759351,-2.2266076,1.1755531,-9.344569,-0.007330383,0.020158553,-0.016493361,TREMOR,5fa135632fe9
1776793212325,1901436775756589,-2.0949266,1.1444284,-9.277532,-0.007330383,0.02076942,-0.017715093,TREMOR,5fa135632fe9
1776793212333,1901436783781520,-1.8770541,1.1324574,-9.184157,-0.0067195175,0.02443461,-0.017104227,TREMOR,5fa135632fe9
1776793212341,1901436791775143,-1.8531121,1.1300632,-9.222465,0.010995574,0.057421334,-0.03481932,TREMOR,5fa135632fe9
1776793212349,1901436799771997,-1.9369092,1.0869676,-9.270349,0.023823744,0.09468412,-0.050701816,TREMOR,5fa135632fe9
1776793212357,1901436807768005,-1.958457,1.0510546,-9.270349,0.03359759,0.13439035,-0.06169739,TREMOR,5fa135632fe9
1776793212365,1901436815764397,-2.1021092,1.0271125,-9.337387,0.044593163,0.16676621,-0.07147124,TREMOR,5fa135632fe9
1776793212373,1901436823757020,-2.4037786,1.1133038,-9.490616,0.052534413,0.19181168,-0.076358154,TREMOR,5fa135632fe9
1776793212381,1901436831752336,-2.56419,1.2162545,-9.562442,0.05375614,0.19181168,-0.0720821,TREMOR,5fa135632fe9
1776793212389,1901436839779113,-2.4971523,1.2234371,-9.603143,0.03481932,0.1423316,-0.050701816,TREMOR,5fa135632fe9
1776793212397,1901436847775506,-2.4109612,1.2258313,-9.552865,0.015271631,0.08368854,-0.032375857,TREMOR,5fa135632fe9
1776793212405,1901436855771744,-2.243367,1.1803415,-9.44752,-0.0036651916,0.029932396,-0.021380283,TREMOR,5fa135632fe9
1776793212413,1901436863766213,-2.1691468,1.2066777,-9.390059,-0.017715093,-0.009162978,-0.015882496,TREMOR,5fa135632fe9
1776793212421,1901436871762221,-2.1188686,1.2186487,-9.299079,-0.017715093,-0.020158553,-0.014049901,TREMOR,5fa135632fe9
1776793212429,1901436879758229,-2.1212628,1.2234371,-9.28232,-0.016493361,-0.015271631,-0.016493361,TREMOR,5fa135632fe9
1776793212437,1901436887754313,-2.1404164,1.2354081,-9.260772,-0.01160644,-0.009162978,-0.015271631,TREMOR,5fa135632fe9
1776793212445,1901436895779783,-2.1452048,1.2018893,-9.28232,-0.0030543262,0.0,-0.014660766,TREMOR,5fa135632fe9
1776793212453,1901436903775791,-2.1332338,1.2186487,-9.303867,0.0036651916,0.009773844,-0.013439035,TREMOR,5fa135632fe9
1776793212461,1901436911771799,-2.1045034,1.2545617,-9.296685,0.008552114,0.014049901,-0.010995574,TREMOR,5fa135632fe9
1776793212469,1901436919767499,-2.0733786,1.2425907,-9.313444,0.01282817,0.020158553,-0.01160644,TREMOR,5fa135632fe9
1776793212477,1901436927760506,-2.078167,1.2138603,-9.3421755,0.015882496,0.021991149,-0.013439035,TREMOR,5fa135632fe9
1776793212485,1901436935758283,-2.0829554,1.1779473,-9.325416,0.018936822,0.026267206,-0.016493361,TREMOR,5fa135632fe9
1776793212493,1901436943753676,-2.087744,1.1324574,-9.3421755,0.022602014,0.029321533,-0.015271631,TREMOR,5fa135632fe9
1776793212501,1901436951778300,-2.0757728,1.1252748,-9.3421755,0.028099801,0.036651913,-0.017104227,TREMOR,5fa135632fe9
1776793212509,1901436959774076,-2.0709844,1.1133038,-9.370906,0.032986723,0.040927973,-0.018936822,TREMOR,5fa135632fe9
1776793212517,1901436967769161,-2.066196,1.0630256,-9.370906,0.040317107,0.047647487,-0.018325957,TREMOR,5fa135632fe9
1776793212525,1901436975767630,-2.066196,1.0654198,-9.378088,0.043982297,0.053145275,-0.019547688,TREMOR,5fa135632fe9
1776793212533,1901436983760792,-2.0470424,1.0510546,-9.3661175,0.047036625,0.05681047,-0.02076942,TREMOR,5fa135632fe9
1776793212541,1901436991757723,-2.0494366,1.0390835,-9.394848,0.047647487,0.061086524,-0.02443461,TREMOR,5fa135632fe9
1776793212549,1901436999752269,-2.0518308,1.0319009,-9.404425,0.05131268,0.06169739,-0.023823744,TREMOR,5fa135632fe9
1776793212557,1901437007779584,-2.099715,0.94331545,-9.406818,0.049480084,0.06291912,-0.023823744,TREMOR,5fa135632fe9
1776793212565,1901437015775977,-2.0709844,1.0366893,-9.423578,0.048258353,0.055588737,-0.018325957,TREMOR,5fa135632fe9
1776793212573,1901437023770754,-2.0638018,1.0079589,-9.43076,0.047036625,0.058643065,-0.02565634,TREMOR,5fa135632fe9
1776793212581,1901437031766684,-2.0566192,0.9648633,-9.471462,0.043982297,0.05497787,-0.02443461,TREMOR,5fa135632fe9
1776793212589,1901437039761154,-2.0254946,0.9816227,-9.449914,0.039095376,0.05009095,-0.02443461,TREMOR,5fa135632fe9
1776793212597,1901437047757470,-2.0135236,1.0366893,-9.445126,0.037873644,0.047647487,-0.017715093,TREMOR,5fa135632fe9
1776793212605,1901437055784324,-2.0039468,1.0127473,-9.414001,0.03359759,0.047036625,-0.02321288,TREMOR,5fa135632fe9
1776793212613,1901437063778101,-1.9967642,0.9911995,-9.423578,0.03481932,0.04642576,-0.025045475,TREMOR,5fa135632fe9
1776793212621,1901437071775108,-1.982399,0.9888053,-9.416395,0.03359759,0.04642576,-0.020158553,TREMOR,5fa135632fe9
1776793212629,1901437079769193,-1.9800048,1.0295067,-9.433155,0.03726278,0.04337143,-0.017715093,TREMOR,5fa135632fe9
1776793212637,1901437087764663,-1.9800048,1.0223241,-9.435549,0.03481932,0.04337143,-0.021991149,TREMOR,5fa135632fe9
1776793212645,1901437095760363,-1.970428,1.0295067,-9.437943,0.035430185,0.043982297,-0.022602014,TREMOR,5fa135632fe9
1776793212653,1901437103756909,-1.9680338,1.0031705,-9.43076,0.03481932,0.04153884,-0.02321288,TREMOR,5fa135632fe9
1776793212661,1901437111751686,-1.9776106,0.9959879,-9.445126,0.034208454,0.03848451,-0.021380283,TREMOR,5fa135632fe9
1776793212669,1901437119779463,-1.8770541,1.0199299,-9.464279,0.03481932,0.035430185,-0.022602014,TREMOR,5fa135632fe9
1776793212677,1901437127773009,-1.9871874,1.0462662,-9.440337,0.035430185,0.02443461,-0.015882496,TREMOR,5fa135632fe9
1776793212685,1901437135770171,-1.9728222,1.0319009,-9.425972,0.032986723,0.025045475,-0.023823744,TREMOR,5fa135632fe9
1776793212693,1901437143765948,-1.9800048,1.0199299,-9.399636,0.031154128,0.022602014,-0.025045475,TREMOR,5fa135632fe9
1776793212701,1901437151760725,-1.99437,1.0079589,-9.397242,0.030543262,0.017715093,-0.02443461,TREMOR,5fa135632fe9
1776793212709,1901437159757271,-1.9895816,0.9983821,-9.392453,0.031154128,0.015271631,-0.02565634,TREMOR,5fa135632fe9
1776793212717,1901437167752664,-2.0207062,1.0079589,-9.406818,0.03176499,0.01282817,-0.028710667,TREMOR,5fa135632fe9
1776793212725,1901437175778903,-1.9728222,0.9648633,-9.406818,0.027488936,0.009773844,-0.028710667,TREMOR,5fa135632fe9
1776793212733,1901437183774525,-2.0207062,1.0702082,-9.404425,0.027488936,0.0018325958,-0.013439035,TREMOR,5fa135632fe9
1776793212741,1901437191769995,-2.0470424,1.0223241,-9.368511,0.025045475,0.01038471,-0.028710667,TREMOR,5fa135632fe9
1776793212749,1901437199767233,-2.0446482,1.0151415,-9.349358,0.02565634,0.01160644,-0.029932396,TREMOR,5fa135632fe9
1776793212757,1901437207762857,-2.0494366,1.0366893,-9.370906,0.025045475,0.012217305,-0.03176499,TREMOR,5fa135632fe9
1776793212765,1901437215755556,-2.0973208,1.0103531,-9.378088,0.025045475,0.014049901,-0.031154128,TREMOR,5fa135632fe9
1776793212773,1901437223783487,-2.0015526,1.067814,-9.385271,0.02443461,0.01282817,-0.028099801,TREMOR,5fa135632fe9
1776793212781,1901437231778649,-2.0685902,1.0702082,-9.368511,0.02321288,0.009162978,-0.022602014,TREMOR,5fa135632fe9
1776793212789,1901437239774888,-2.0853498,1.0749966,-9.382876,0.021380283,0.014049901,-0.029321533,TREMOR,5fa135632fe9
1776793212797,1901437247772204,-2.0757728,1.0654198,-9.378088,0.019547688,0.014660766,-0.026267206,TREMOR,5fa135632fe9
1776793212805,1901437255766595,-2.078167,1.0534488,-9.392453,0.020158553,0.015271631,-0.02565634,TREMOR,5fa135632fe9
1776793212813,1901437263760526,-2.111686,1.0007763,-9.378088,0.020158553,0.013439035,-0.023823744,TREMOR,5fa135632fe9
1776793212821,1901437271756227,-2.0901382,1.0989386,-9.397242,0.018325957,0.01038471,-0.017715093,TREMOR,5fa135632fe9
1776793212829,1901437279783619,-2.0973208,1.0342951,-9.390059,0.020158553,0.014049901,-0.018936822,TREMOR,5fa135632fe9
1776793212837,1901437287778320,-2.1021092,1.0175357,-9.397242,0.017104227,0.013439035,-0.017715093,TREMOR,5fa135632fe9
1776793212845,1901437295773788,-2.1092918,1.0175357,-9.3733,0.016493361,0.012217305,-0.016493361,TREMOR,5fa135632fe9
1776793212853,1901437303770104,-2.1068976,0.9935937,-9.394848,0.017104227,0.01160644,-0.016493361,TREMOR,5fa135632fe9
1776793212861,1901437311763343,-2.1068976,0.9720459,-9.421184,0.016493361,0.009773844,-0.01160644,TREMOR,5fa135632fe9
1776793212869,1901437319759658,-2.0590134,0.9768343,-9.423578,0.014660766,0.01160644,-0.009162978,TREMOR,5fa135632fe9
1776793212877,1901437327756588,-2.0805612,0.9576807,-9.409213,0.012217305,0.01038471,-0.004276057,TREMOR,5fa135632fe9
1776793212885,1901437335783597,-2.0949266,0.9576807,-9.416395,0.012217305,0.015271631,-0.0061086523,TREMOR,5fa135632fe9
1776793212893,1901437343779297,-2.0733786,0.9624691,-9.385271,0.008552114,0.015271631,-0.007330383,TREMOR,5fa135632fe9
1776793212901,1901437351774689,-2.0326772,0.94092125,-9.397242,0.007941248,0.015271631,-0.0018325958,TREMOR,5fa135632fe9
1776793212909,1901437359768005,-2.054225,0.9816227,-9.394848,0.008552114,0.018325957,-0.002443461,TREMOR,5fa135632fe9
1776793212917,1901437367766474,-2.030283,0.9888053,-9.411607,0.0067195175,0.020158553,-0.0030543262,TREMOR,5fa135632fe9
1776793212925,1901437375762405,-2.0278888,0.9648633,-9.394848,0.0067195175,0.022602014,-0.004276057,TREMOR,5fa135632fe9
1776793212933,1901437383757182,-1.9632454,1.0175357,-9.425972,0.004276057,0.02321288,-0.0018325958,TREMOR,5fa135632fe9
1776793212941,1901437391781267,-1.9847932,0.9911995,-9.392453,0.0012217305,0.023823744,-0.002443461,TREMOR,5fa135632fe9
1776793212949,1901437399778736,-1.9680338,0.9792285,-9.425972,-6.1086525E-4,0.02687807,-0.008552114,TREMOR,5fa135632fe9
1776793212957,1901437407774513,-1.9369092,0.9935937,-9.399636,-0.002443461,0.029321533,-0.008552114,TREMOR,5fa135632fe9
1776793212965,1901437415767982,-1.9393034,0.9959879,-9.414001,-0.004886922,0.028710667,-0.009773844,TREMOR,5fa135632fe9
1776793212973,1901437423765606,-1.9416976,1.0055647,-9.41879,-0.0036651916,0.029321533,-0.010995574,TREMOR,5fa135632fe9
1776793212981,1901437431760614,-1.9847932,0.9528923,-9.397242,-0.005497787,0.028710667,-0.014049901,TREMOR,5fa135632fe9
1776793212989,1901437439755390,-1.9297266,1.0534488,-9.423578,-0.004886922,0.025045475,-0.01038471,TREMOR,5fa135632fe9
1776793212997,1901437447783090,-1.9488802,1.0366893,-9.41879,-0.005497787,0.02443461,-0.015271631,TREMOR,5fa135632fe9
1776793213005,1901437455777868,-1.946486,1.0079589,-9.414001,-0.0067195175,0.026267206,-0.018325957,TREMOR,5fa135632fe9
1776793213013,1901437463772106,-1.958457,1.0103531,-9.416395,-0.005497787,0.023823744,-0.018936822,TREMOR,5fa135632fe9
1776793213021,1901437471768653,-1.9800048,0.9935937,-9.41879,-0.002443461,0.022602014,-0.019547688,TREMOR,5fa135632fe9
1776793213029,1901437479765583,-1.9800048,0.9768343,-9.409213,-0.0018325958,0.018936822,-0.018936822,TREMOR,5fa135632fe9
1776793213037,1901437487759745,-1.9656396,1.0175357,-9.437943,-0.002443461,0.013439035,-0.014660766,TREMOR,5fa135632fe9
1776793213045,1901437495754830,-1.9919758,0.9840169,-9.406818,-6.1086525E-4,0.015271631,-0.015271631,TREMOR,5fa135632fe9
1776793213053,1901437503753299,-2.0111294,0.9816227,-9.43076,-0.0012217305,0.014049901,-0.016493361,TREMOR,5fa135632fe9
1776793213061,1901437511776768,-2.0015526,0.9744401,-9.421184,6.1086525E-4,0.01282817,-0.015271631,TREMOR,5fa135632fe9
1776793213069,1901437519772161,-2.0135236,0.94570965,-9.425972,6.1086525E-4,0.01160644,-0.01160644,TREMOR,5fa135632fe9
1776793213077,1901437527769938,-2.018312,0.9624691,-9.423578,-6.1086525E-4,0.012217305,-0.009773844,TREMOR,5fa135632fe9
1776793213085,1901437535767177,-1.9967642,0.9624691,-9.445126,-0.0012217305,0.009773844,-0.01038471,TREMOR,5fa135632fe9
1776793213093,1901437543761108,-2.0207062,0.94570965,-9.40203,-0.0030543262,0.008552114,-0.007941248,TREMOR,5fa135632fe9
1776793213101,1901437551756115,-2.0135236,0.9552865,-9.41879,-0.0036651916,0.009162978,-0.004276057,TREMOR,5fa135632fe9
1776793213109,1901437559782969,-1.99437,0.94570965,-9.440337,-0.0030543262,0.009162978,-0.0061086523,TREMOR,5fa135632fe9
1776793213117,1901437567778285,-1.9800048,0.93613285,-9.440337,-0.004276057,0.01038471,-0.004276057,TREMOR,5fa135632fe9
1776793213125,1901437575773062,-1.9776106,0.93613285,-9.43076,-0.004276057,0.009162978,-0.002443461,TREMOR,5fa135632fe9
1776793213133,1901437583768453,-1.9847932,0.94092125,-9.44752,-0.005497787,0.01038471,-0.002443461,TREMOR,5fa135632fe9
1776793213141,1901437591763923,-1.9608512,0.94092125,-9.44752,-0.0061086523,0.01160644,-0.004886922,TREMOR,5fa135632fe9
1776793213149,1901437599759546,-1.9680338,0.9624691,-9.43076,-0.007330383,0.013439035,-0.002443461,TREMOR,5fa135632fe9
1776793213157,1901437607755939,-1.9416976,0.9600749,-9.40203,-0.005497787,0.013439035,-0.0030543262,TREMOR,5fa135632fe9
1776793213165,1901437615781486,-1.9297266,0.9720459,-9.392453,-0.007330383,0.017715093,-0.0030543262,TREMOR,5fa135632fe9
1776793213173,1901437623776185,-1.934515,0.9744401,-9.428367,-0.005497787,0.02076942,-0.0030543262,TREMOR,5fa135632fe9
1776793213181,1901437631773193,-1.8986019,0.9768343,-9.411607,-0.007330383,0.021380283,-0.0030543262,TREMOR,5fa135632fe9
1776793213189,1901437639768278,-1.9033904,0.9864111,-9.404425,-0.007941248,0.021380283,-0.0030543262,TREMOR,5fa135632fe9
1776793213197,1901437647764286,-1.9057846,0.9959879,-9.435549,-0.007941248,0.021991149,-0.002443461,TREMOR,5fa135632fe9
1776793213205,1901437655758678,-1.910573,0.9864111,-9.423578,-0.008552114,0.021991149,-0.004886922,TREMOR,5fa135632fe9
1776793213213,1901437663755993,-1.9009962,0.9935937,-9.41879,-0.009773844,0.021380283,-0.004886922,TREMOR,5fa135632fe9
1776793213221,1901437671780847,-1.9297266,1.0079589,-9.423578,-0.01038471,0.018936822,-0.004886922,TREMOR,5fa135632fe9
1776793213229,1901437679776625,-1.9201498,1.0055647,-9.421184,-0.01038471,0.016493361,-0.004276057,TREMOR,5fa135632fe9
1776793213237,1901437687773171,-1.9249382,1.0055647,-9.416395,-0.01038471,0.014049901,-0.0036651916,TREMOR,5fa135632fe9
1776793213245,1901437695769178,-1.9273324,1.0199299,-9.40203,-0.01160644,0.01160644,-0.0036651916,TREMOR,5fa135632fe9
1776793213253,1901437703764032,-1.9393034,1.0199299,-9.394848,-0.012217305,0.0061086523,0.0,TREMOR,5fa135632fe9
1776793213261,1901437711759425,-1.9321208,1.0271125,-9.41879,-0.010995574,0.004886922,-0.004276057,TREMOR,5fa135632fe9
1776793213269,1901437719756971,-1.9728222,1.0271125,-9.411607,-0.009773844,0.004276057,-0.0018325958,TREMOR,5fa135632fe9
1776793213277,1901437727783672,-1.9536686,1.0366893,-9.423578,-0.010995574,0.0018325958,-0.002443461,TREMOR,5fa135632fe9
1776793213285,1901437735779063,-1.9608512,1.0247183,-9.428367,-0.01038471,6.1086525E-4,-0.0018325958,TREMOR,5fa135632fe9
1776793213293,1901437743772918,-1.9560628,1.0223241,-9.414001,-0.009162978,6.1086525E-4,-0.0012217305,TREMOR,5fa135632fe9
1776793213301,1901437751766849,-1.9776106,1.0342951,-9.41879,-0.009773844,-0.0012217305,-6.1086525E-4,TREMOR,5fa135632fe9
1776793213309,1901437759763087,-1.9728222,1.0247183,-9.409213,-0.009773844,6.1086525E-4,-0.0018325958,TREMOR,5fa135632fe9
# SUMMARY,duration_ms=36414,accN=4547,gyroN=4547,accAvg=(-2.1642514738586676,1.1211872140024688,-9.353919300006357),gyroAvg=(2.0836858932532685E-4,8.157408784832031E-4,-3.7092565430478996E-4)
