epoch_ms,event_ts_ns,AX,AY,AZ,GX,GY,GZ,label,sessionID
1776793340104,324022122899827,0.49320555,-0.15801731,9.533711,0.33475417,0.16493362,-0.062308256,TREMOR,c9b7d05dda84
1776793340147,324022142919358,0.40462008,-0.15562311,9.205706,0.2968805,0.07086037,0.06352998,TREMOR,c9b7d05dda84
1776793340152,324022162999925,0.94331545,0.46686932,9.457097,-1.2473868,-0.015882496,0.20158553,TREMOR,c9b7d05dda84
1776793340174,324022183049974,1.2449849,0.033518825,9.052477,-1.5479325,0.032986723,0.3115413,TREMOR,c9b7d05dda84
1776793340201,324022203130540,0.93373865,-0.9552865,9.062054,-2.7134633,0.118507855,0.36774087,TREMOR,c9b7d05dda84
1776793340206,324022223180589,-0.08140286,-4.0940847,9.392453,-3.6102135,-0.02687807,0.44959682,TREMOR,c9b7d05dda84
1776793340244,324022243230638,-0.30885202,-10.943896,8.377312,-2.6951375,-0.53023106,0.41172317,TREMOR,c9b7d05dda84
1776793340246,324022263311204,0.80445176,-11.058818,9.303867,0.39461896,-0.6047566,0.172264,TREMOR,c9b7d05dda84
1776793340274,324022283361253,1.9057846,-5.571307,9.315839,4.4348817,-0.20647246,0.19792034,TREMOR,c9b7d05dda84
1776793340284,324022303411302,1.5634137,3.0142999,9.277532,4.9797735,0.52290064,0.014660766,TREMOR,c9b7d05dda84
1776793340304,324022323461351,-0.1604115,5.1786585,9.655815,2.3640485,0.4447099,-0.27488935,TREMOR,c9b7d05dda84
1776793340336,324022343511399,0.6895301,1.9297266,10.146626,-1.2705997,-0.13683382,-0.21868975,TREMOR,c9b7d05dda84
1776793340345,324022363561448,1.7669208,-1.7788919,8.772355,-3.2192597,-0.49357912,-0.2003638,TREMOR,c9b7d05dda84
1776793340372,324022383580979,2.9137435,-2.942474,8.046912,-3.522249,-0.14538592,-0.065973446,TREMOR,c9b7d05dda84
1776793340385,324022403692063,0.7350199,-8.568848,7.668628,-2.8319712,-0.09407325,-0.009773844,TREMOR,c9b7d05dda84
1776793340405,324022423742112,0.25139117,-10.54167,7.577648,-1.627345,-0.23335053,-0.036651913,TREMOR,c9b7d05dda84
1776793340437,324022443792161,1.4389153,-4.429273,8.391677,2.1135938,0.21868975,0.08674286,TREMOR,c9b7d05dda84
1776793340445,324022463842210,1.3455414,1.0247183,7.9511437,3.8606684,0.6035349,0.36774087,TREMOR,c9b7d05dda84
1776793340478,324022483892259,-0.15083471,4.187459,10.55843,1.9523253,0.9443977,0.12217305,TREMOR,c9b7d05dda84
1776793340488,324022503942308,-1.7764976,-0.07182605,10.874464,-1.6175711,0.2602286,0.13439035,TREMOR,c9b7d05dda84
1776793340505,324022524022874,-0.19393034,-3.8618474,9.011775,-3.9681807,-0.42394048,0.2724459,TREMOR,c9b7d05dda84
1776793340546,324022544072923,2.1452048,-4.235343,8.504205,-4.428773,-0.28344148,0.20525073,TREMOR,c9b7d05dda84
1776793340548,324022564122972,0.107739076,-11.676521,7.21373,-3.2375858,-0.41538838,0.07941248,TREMOR,c9b7d05dda84
1776793340571,324022584203538,1.3814543,-8.626308,8.061277,0.49480084,-0.10873401,-0.10873401,TREMOR,c9b7d05dda84
1776793340585,324022604223069,1.1492168,-3.98874,8.50181,3.8582249,0.35796702,0.16493362,TREMOR,c9b7d05dda84
1776793340614,324022624334153,0.4141969,-0.04309563,7.8649526,4.3774605,0.47158796,0.032986723,TREMOR,c9b7d05dda84
1776793340637,324022644353685,0.3854665,3.8594532,10.58716,2.125811,0.89675015,0.009773844,TREMOR,c9b7d05dda84
1776793340645,324022664434251,-1.8962077,0.30166942,10.457873,-1.8716911,0.31520647,-0.111177474,TREMOR,c9b7d05dda84
1776793340680,324022684514817,-0.6512229,-4.2760444,8.8777,-4.471534,-0.46670106,0.13072516,TREMOR,c9b7d05dda84
1776793340691,324022704564866,1.0223241,-7.3885064,8.499416,-4.5191813,-0.50335294,0.1282817,TREMOR,c9b7d05dda84
1776793340705,324022724645433,0.9576807,-12.6461735,7.1730285,-1.8936822,-0.5766568,-0.14782938,TREMOR,c9b7d05dda84
1776793340734,324022744695481,1.733402,-6.8929067,7.7548194,2.6755898,0.057421334,-0.096516706,TREMOR,c9b7d05dda84
1776793340758,324022764715013,0.38307226,-2.9903579,8.240842,5.116607,0.3848451,0.036651913,TREMOR,c9b7d05dda84
1776793340765,324022784795579,0.1388637,1.0749966,9.040505,4.8649306,0.2919936,-0.06963864,TREMOR,c9b7d05dda84
1776793340786,324022804845628,0.94092125,3.3518825,10.426748,2.5864034,0.26389378,-0.02565634,TREMOR,c9b7d05dda84
1776793340806,324022824895677,-0.29688102,1.5227122,10.771513,-0.93462384,0.118507855,-0.111177474,TREMOR,c9b7d05dda84
1776793340845,324022844945726,0.25857377,-2.231396,9.339781,-3.055548,-0.35063666,0.09040806,TREMOR,c9b7d05dda84
1776793340848,324022864995774,2.0159178,-2.0566192,8.4108305,-3.3756413,-0.1600467,0.10629055,TREMOR,c9b7d05dda84
1776793340875,324022885076341,1.5514427,-2.4851813,7.240066,-3.2339206,0.29810223,0.19425514,TREMOR,c9b7d05dda84
1776793340886,324022905156907,0.34237084,-3.5649664,8.101978,-3.5833356,0.49113566,0.27000242,TREMOR,c9b7d05dda84
1776793340909,324022925206956,-1.1875241,-8.774749,7.8050976,-3.0592132,0.19547687,0.27366763,TREMOR,c9b7d05dda84
1776793340944,324022945257005,-0.60812724,-9.82341,7.73806,-0.79412484,-0.12217305,0.21991149,TREMOR,c9b7d05dda84
1776793340948,324022965368089,1.448492,-4.0581717,8.784326,1.9767599,0.14782938,0.3640757,TREMOR,c9b7d05dda84
1776793340969,324022985387620,-0.37349546,-2.135628,9.064447,1.7910569,0.47769663,0.31764993,TREMOR,c9b7d05dda84
1776793340987,324023005498704,-1.460463,-2.4037786,9.344569,-0.50579643,0.31887165,0.11362094,TREMOR,c9b7d05dda84
1776793341006,324023025579270,-1.3192052,-6.7923503,8.046912,-2.4996605,-0.34574974,0.09407325,TREMOR,c9b7d05dda84
1776793341040,324023045629319,0.8690952,-9.332599,6.3326635,-2.094046,-0.6243043,-0.019547688,TREMOR,c9b7d05dda84
1776793341049,324023065740403,2.303222,-8.978256,4.7046065,0.06963864,-0.14905111,-0.19425514,TREMOR,c9b7d05dda84
1776793341075,324023085790452,1.0103531,-6.399701,7.7428484,2.0830505,0.6243043,-0.43004912,TREMOR,c9b7d05dda84
1776793341088,324023105840501,-1.2593501,-6.169858,10.170568,3.3438764,0.75869465,-0.657291,TREMOR,c9b7d05dda84
1776793341109,324023125890550,-0.6895301,-3.763685,10.149021,4.4128904,0.5363397,-0.79290307,TREMOR,c9b7d05dda84
1776793341136,324023145971116,1.6591818,-0.5482722,8.959103,4.350582,0.48747048,-0.5290093,TREMOR,c9b7d05dda84
1776793341153,324023166051683,-0.15322891,1.6160861,11.283873,1.627345,0.8356637,-0.36896262,TREMOR,c9b7d05dda84
1776793341168,324023186071214,-1.4748282,0.19393034,11.413159,-1.6737708,0.10140363,-0.073303826,TREMOR,c9b7d05dda84
1776793341189,324023206121263,-0.31364042,-1.6759412,9.945514,-4.161214,-0.59864795,0.36774087,TREMOR,c9b7d05dda84
1776793341207,324023226201829,1.0295067,-3.25372,8.403648,-5.2338934,-0.7452556,0.5363397,TREMOR,c9b7d05dda84
1776793341235,324023246282395,0.78050977,-6.885724,8.264784,-5.077512,-0.71837753,0.49235737,TREMOR,c9b7d05dda84
1776793341251,324023266332444,-0.25857377,-14.367604,5.827487,-2.4825563,-0.9297369,-0.032986723,TREMOR,c9b7d05dda84
1776793341268,324023286351976,1.2258313,-9.32781,6.619968,2.7904325,-0.2687807,-0.25411993,TREMOR,c9b7d05dda84
1776793341287,324023306432542,0.29927522,-5.0374002,6.277597,6.539923,0.31031954,-0.06719518,TREMOR,c9b7d05dda84
1776793341308,324023326482591,-0.44532153,-0.49320555,7.1155677,7.1178017,0.5009095,-0.26389378,TREMOR,c9b7d05dda84
1776793341334,324023346563157,-0.45729253,2.0470424,9.028535,5.744577,0.59498274,-0.27366763,TREMOR,c9b7d05dda84
1776793341351,324023366643724,-0.37110126,3.0334535,11.116279,2.4593434,0.49846604,-0.30787608,TREMOR,c9b7d05dda84
1776793341371,324023386663255,-1.2545617,0.7781156,11.216835,-1.6371188,0.22968534,-0.18325958,TREMOR,c9b7d05dda84
1776793341392,324023406743821,-0.7038953,-1.3742718,9.986216,-4.53262,-0.17959438,0.08307768,TREMOR,c9b7d05dda84
1776793341408,324023426824388,0.34955344,-2.123657,8.674192,-5.8850756,-0.35430184,0.27122417,TREMOR,c9b7d05dda84
1776793341434,324023446843919,0.36391866,-3.928885,7.541735,-6.236934,-0.36896262,0.44959682,TREMOR,c9b7d05dda84
1776793341451,324023466924485,-0.8331822,-9.337387,6.6870055,-5.3597317,-0.5143485,0.38362336,TREMOR,c9b7d05dda84
1776793341468,324023487005052,-0.49799395,-16.081852,4.8219223,-1.5882497,-0.88331115,-0.13683382,TREMOR,c9b7d05dda84
1776793341488,324023507024583,1.9536686,-10.0029745,6.0716953,4.9419,-0.5155703,-0.2406809,TREMOR,c9b7d05dda84
1776793341508,324023527074632,1.2976574,-2.456451,6.9623384,8.681617,0.1685988,-0.22479841,TREMOR,c9b7d05dda84
1776793341540,324023547124681,-0.10055647,3.2130187,8.851364,8.038986,0.63529986,-0.17348573,TREMOR,c9b7d05dda84
1776793341550,324023567205247,-0.4405331,5.1571107,10.400413,6.1843996,0.6963864,-0.29810223,TREMOR,c9b7d05dda84
1776793341570,324023587255296,-0.8834604,3.5170822,11.489774,0.5522222,0.2602286,-0.34330627,TREMOR,c9b7d05dda84
1776793341588,324023607305345,-0.2681506,-0.6512229,10.022128,-5.7005944,-0.3652974,-0.09285152,TREMOR,c9b7d05dda84
1776793341615,324023627355394,0.770933,-2.5737667,8.248025,-6.5802402,-0.39461896,-0.043982297,TREMOR,c9b7d05dda84
1776793341635,324023647374925,0.7541735,-5.21936,7.9391727,-6.713409,-0.31764993,0.19181168,TREMOR,c9b7d05dda84
1776793341651,324023667394456,0.2705448,-10.374076,6.694188,-4.365243,-0.6267477,0.2284636,TREMOR,c9b7d05dda84
1776793341669,324023687444505,1.1994951,-10.266336,6.169858,0.39584067,-0.4251622,0.1001819,TREMOR,c9b7d05dda84
1776793341690,324023707494554,1.6400281,-4.522647,7.053318,4.4556513,0.112399206,0.095294975,TREMOR,c9b7d05dda84
1776793341719,324023727575120,1.2425907,-0.32321724,8.616732,4.889365,0.62796944,0.039095376,TREMOR,c9b7d05dda84
1776793341729,324023747625169,-0.7469909,2.4349031,10.453085,1.7666223,0.9737192,-0.061086524,TREMOR,c9b7d05dda84
1776793341752,324023767644700,-2.3750482,-1.1300632,9.818622,-3.1166344,0.36285394,0.008552114,TREMOR,c9b7d05dda84
1776793341768,324023787725267,-1.3982137,-6.1985884,8.312668,-6.133087,-0.47891834,0.12461651,TREMOR,c9b7d05dda84
1776793341790,324023807805833,0.5626374,-12.002133,6.835446,-5.2619934,-0.8979719,0.11362094,TREMOR,c9b7d05dda84
1776793341818,324023827855882,2.4396915,-10.6398325,6.9886746,-1.1178834,-0.56321776,0.08552113,TREMOR,c9b7d05dda84
1776793341835,324023847875413,1.0366893,-7.007828,6.8905125,2.8674014,0.065973446,0.09285152,TREMOR,c9b7d05dda84
1776793341856,324023867955979,0.1340753,-4.3646297,7.553706,4.17954,0.21380283,-0.06841691,TREMOR,c9b7d05dda84
1776793341869,324023887975511,0.1412579,-2.6072857,8.346188,3.7739255,0.16737708,-0.042760566,TREMOR,c9b7d05dda84
1776793341890,324023908056077,0.5770026,-1.5179238,9.339781,2.2492058,0.16249016,0.09773844,TREMOR,c9b7d05dda84
1776793341924,324023928106126,-0.33518824,-1.7525556,10.012551,-0.25167647,0.22235495,0.118507855,TREMOR,c9b7d05dda84
1776793341931,324023948186692,-0.7038953,-4.010288,9.198523,-2.3909266,-0.065973446,0.12705997,TREMOR,c9b7d05dda84
1776793341956,324023968267259,-0.17238252,-7.1059904,8.104373,-3.0579915,-0.36896262,0.17470746,TREMOR,c9b7d05dda84
1776793341969,324023988317308,-0.5315128,-12.366052,7.979874,-1.5039502,-0.5644395,-0.034208454,TREMOR,c9b7d05dda84
1776793341989,324024008367356,0.40462008,-13.256695,6.7229185,3.1386256,-0.64996064,-0.45204028,TREMOR,c9b7d05dda84
1776793342022,324024028447923,1.8507179,-4.5753193,5.4420204,8.142834,-0.22113322,-0.46303585,TREMOR,c9b7d05dda84
1776793342029,324024048497972,1.958457,4.5896845,7.97748,8.658404,0.7122689,-0.31887165,TREMOR,c9b7d05dda84
1776793342065,324024068548020,-0.94810385,8.001422,10.82658,4.4238863,0.79045963,-0.643852,TREMOR,c9b7d05dda84
1776793342083,324024088598069,-0.7182605,2.657564,10.328587,-0.5558874,-0.17837265,-0.20525073,TREMOR,c9b7d05dda84
1776793342091,324024108678636,1.2425907,-1.8219875,9.459491,-3.1752775,-0.6169739,0.10995574,TREMOR,c9b7d05dda84
1776793342112,324024128728685,2.0111294,-2.195483,9.184157,-3.602883,-0.35430184,0.019547688,TREMOR,c9b7d05dda84
1776793342141,324024148778733,1.271321,-1.3838485,9.083601,-2.833193,0.05131268,0.3005457,TREMOR,c9b7d05dda84
1776793342149,324024168889817,0.6392518,-1.151611,8.571242,-2.3860397,0.20158553,0.5412266,TREMOR,c9b7d05dda84
1776793342182,324024188939866,-0.04070143,-2.9376855,8.327033,-2.6120598,0.16126843,0.52412236,TREMOR,c9b7d05dda84
1776793342191,324024208989915,-0.41180268,-5.379771,8.844181,-2.6975808,0.040317107,0.35430184,TREMOR,c9b7d05dda84
1776793342219,324024229100999,-0.60094464,-6.849811,8.827422,-2.1966715,-0.02076942,0.20891592,TREMOR,c9b7d05dda84
1776793342242,324024249151048,-0.32800564,-7.666234,8.219295,-1.0677924,-0.06963864,0.13316862,TREMOR,c9b7d05dda84
1776793342251,324024269201097,0.40701428,-6.301539,7.9128366,0.2284636,-0.047647487,0.015882496,TREMOR,c9b7d05dda84
1776793342275,324024289312181,0.78769237,-3.394978,8.183381,1.0140363,0.17104226,-0.05497787,TREMOR,c9b7d05dda84
1776793342291,324024309362229,-0.038307227,-2.5498247,8.863335,0.4654793,0.37507126,-0.11728613,TREMOR,c9b7d05dda84
1776793342318,324024329412278,-0.7445967,-4.027047,9.272743,-0.6927212,0.19914207,-0.1881465,TREMOR,c9b7d05dda84
1776793342341,324024349492845,-0.17956513,-6.859388,8.283937,-0.98837996,-0.17348573,-0.21746802,TREMOR,c9b7d05dda84
1776793342351,324024369512376,1.2473791,-7.2113357,7.821857,-0.22724187,-0.111177474,-0.16737708,TREMOR,c9b7d05dda84
1776793342370,324024389592942,0.8738836,-6.6846113,8.09719,0.90041536,0.12583824,-0.17837265,TREMOR,c9b7d05dda84
1776793342397,324024409673509,0.89782566,-3.3255463,9.165004,1.8216002,0.37018433,-0.105068825,TREMOR,c9b7d05dda84
1776793342418,324024429754075,0.2777274,-2.030283,9.385271,1.2840388,0.43493605,0.05009095,TREMOR,c9b7d05dda84
1776793342437,324024449804124,-0.46926352,-1.2617443,10.192117,-0.6976081,0.408058,0.07941248,TREMOR,c9b7d05dda84
1776793342450,324024469884690,-0.79966336,-3.9193082,9.14585,-2.525317,-0.008552114,0.13561209,TREMOR,c9b7d05dda84
1776793342477,324024489904222,0.24181437,-5.085284,8.279149,-3.2876768,-0.20158553,0.18203785,TREMOR,c9b7d05dda84
1776793342492,324024509984788,0.2825158,-6.4020953,8.616732,-2.9639182,-0.13439035,0.20158553,TREMOR,c9b7d05dda84
1776793342518,324024530065354,-1.2162545,-12.299014,7.1873937,-1.1801916,-0.39461896,-0.10262536,TREMOR,c9b7d05dda84
1776793342535,324024550084886,0.2657564,-11.159374,7.00304,2.6914723,-0.4605924,-0.4447099,TREMOR,c9b7d05dda84
1776793342552,324024570134935,1.0845734,-5.717354,7.2209125,6.0952134,-0.0720821,-0.44837508,TREMOR,c9b7d05dda84
1776793342571,324024590154466,0.47165772,-1.2330139,7.7667904,6.894225,0.23335053,-0.45937067,TREMOR,c9b7d05dda84
1776793342597,324024610204515,0.8762778,2.396596,8.978256,5.336519,0.3323107,-0.33353242,TREMOR,c9b7d05dda84
1776793342619,324024630285081,0.3184288,3.928885,10.31901,1.6493362,0.4373795,-0.39095375,TREMOR,c9b7d05dda84
1776793342635,324024650365647,-0.39983168,1.2282255,10.359711,-2.2553146,0.062308256,-0.12217305,TREMOR,c9b7d05dda84
1776793342659,324024670385179,0.46926352,-1.9081788,9.0716305,-4.7977357,-0.38973203,0.21868975,TREMOR,c9b7d05dda84
1776793342671,324024690465745,0.8858546,-2.5689783,8.59279,-5.64806,-0.43249258,0.3200934,TREMOR,c9b7d05dda84
1776793342694,324024710546311,0.9959879,-4.675876,8.444349,-4.9748864,-0.43127087,0.46670106,TREMOR,c9b7d05dda84
1776793342723,324024730596360,-0.5243302,-10.160992,7.5944076,-3.86189,-0.5510005,0.39461896,TREMOR,c9b7d05dda84
1776793342731,324024750676927,0.0047884034,-13.125013,6.471527,0.24556783,-0.70371675,0.037873644,TREMOR,c9b7d05dda84
1776793342763,324024770726976,1.5490485,-8.209718,6.1243677,5.4122663,-0.3652974,-0.036651913,TREMOR,c9b7d05dda84
1776793342773,324024790807542,1.400608,-1.0773908,6.4188547,7.9033747,0.22724187,-0.111177474,TREMOR,c9b7d05dda84
1776793342797,324024810857591,0.47405192,4.9775453,9.856929,6.249151,0.88208944,-0.019547688,TREMOR,c9b7d05dda84
1776793342815,324024830938157,-1.5682021,5.3127337,11.556811,0.98715824,0.68539083,-0.41172317,TREMOR,c9b7d05dda84
1776793342840,324024850988206,-1.1133038,-0.62967503,10.093954,-3.9913936,-0.20891592,-0.13561209,TREMOR,c9b7d05dda84
1776793342851,324024871068772,0.80205756,-3.9624038,8.0924015,-6.340781,-0.6206391,0.007330383,TREMOR,c9b7d05dda84
1776793342875,324024891118821,1.970428,-5.171476,7.4004774,-6.387207,-0.39584067,0.09773844,TREMOR,c9b7d05dda84
1776793342909,324024911168870,1.3934253,-6.3182983,7.192182,-4.935791,-0.07696902,0.36651915,TREMOR,c9b7d05dda84
1776793342913,324024931279954,-0.51954174,-10.424355,6.706159,-2.5277603,-0.10140363,0.2968805,TREMOR,c9b7d05dda84
1776793342939,324024951330003,-0.19153613,-12.162544,6.576872,1.3292428,-0.39950588,-0.040317107,TREMOR,c9b7d05dda84
1776793342953,324024971349534,1.7477672,-5.4683566,7.091625,5.3890533,-0.19303341,-0.029321533,TREMOR,c9b7d05dda84
1776793342974,324024991399583,1.3862427,-0.36631286,8.408437,6.3395596,0.36041048,0.105068825,TREMOR,c9b7d05dda84
1776793343020,324025011480149,-0.20350714,2.9759927,10.383653,3.6688566,0.7464773,0.035430185,TREMOR,c9b7d05dda84
1776793343024,324025031560716,-1.7501614,1.6807296,10.70687,-1.4440855,0.46303585,-0.16371189,TREMOR,c9b7d05dda84
1776793343035,324025051641282,-0.93134445,-3.3901896,8.4347725,-5.4318137,-0.38728857,0.029321533,TREMOR,c9b7d05dda84
1776793343065,324025071691331,1.2282255,-6.021417,7.141904,-6.8148127,-0.57910025,0.10995574,TREMOR,c9b7d05dda84
1776793343079,324025091710862,1.2593501,-9.80665,6.181829,-5.8191023,-0.3640757,0.21746802,TREMOR,c9b7d05dda84
1776793343106,324025111760911,0.016759412,-13.057976,6.196194,-2.886949,-0.17715092,-0.002443461,TREMOR,c9b7d05dda84
1776793343113,324025131780442,0.22984336,-12.093113,6.0836663,1.7140878,-0.24312437,-0.21624629,TREMOR,c9b7d05dda84
1776793343139,324025151861009,1.7262194,-5.815516,6.4164605,5.4916787,-0.07574729,-0.21380283,TREMOR,c9b7d05dda84
1776793343154,324025171941575,1.0510546,-2.0207062,7.2065473,6.3029075,0.21502456,-0.12095132,TREMOR,c9b7d05dda84
1776793343184,324025191991624,-0.20590134,-0.3878607,9.006987,4.999321,0.32620203,-0.007330383,TREMOR,c9b7d05dda84
1776793343201,324025212041673,-0.5530606,-0.4309563,10.060435,2.2956316,0.14905111,0.04642576,TREMOR,c9b7d05dda84
1776793343225,324025232122239,-0.090979666,-2.207454,9.514558,-0.27122417,-0.14172074,0.04886922,TREMOR,c9b7d05dda84
1776793343233,324025252141770,1.1300632,-2.4851813,9.339781,-1.9193386,-0.12339478,0.089186326,TREMOR,c9b7d05dda84
1776793343265,324025272191819,1.0103531,-3.6032736,8.379706,-2.8368583,-0.073303826,0.08307768,TREMOR,c9b7d05dda84
1776793343278,324025292241868,0.8571242,-3.107674,8.444349,-3.7678168,0.1441642,0.13561209,TREMOR,c9b7d05dda84
1776793343313,324025312291917,0.16280572,-5.243302,7.905654,-4.718323,0.10751228,0.19058995,TREMOR,c9b7d05dda84
1776793343325,324025332341966,-0.7254431,-10.469844,7.469909,-4.442212,-0.18692477,0.10629055,TREMOR,c9b7d05dda84
1776793343336,324025352453050,-0.15801731,-16.625336,6.0285997,-1.2400564,-0.6389651,-0.23701571,TREMOR,c9b7d05dda84
1776793343359,324025372503099,2.6503813,-9.636662,5.9304376,4.480086,-0.32742378,-0.32253686,TREMOR,c9b7d05dda84
1776793343373,324025392553147,1.7022774,-2.6910827,6.847417,7.2424183,0.40317106,-0.25900686,TREMOR,c9b7d05dda84
1776793343407,324025412603196,-0.19632454,1.0582372,8.149862,6.4519587,0.58276546,-0.2321288,TREMOR,c9b7d05dda84
1776793343418,324025432653245,-0.35673606,2.0805612,10.278308,3.3585372,0.28588495,-0.17104226,TREMOR,c9b7d05dda84
1776793343436,324025452703294,0.39504328,-0.29209262,10.275913,-0.12217305,-0.19914207,-0.09407325,TREMOR,c9b7d05dda84
1776793343457,324025472753343,1.13964,-2.0039468,9.536105,-2.276084,-0.24190263,0.007330383,TREMOR,c9b7d05dda84
1776793343474,324025492803392,1.103727,-2.8921957,8.647857,-3.286455,-0.1160644,0.13194689,TREMOR,c9b7d05dda84
1776793343502,324025512883958,0.7637503,-3.7780502,7.9822683,-3.6151006,-0.02321288,0.22724187,TREMOR,c9b7d05dda84
1776793343519,324025532964524,0.16759412,-5.93762,7.6470804,-3.4281757,-0.0061086523,0.24678956,TREMOR,c9b7d05dda84
1776793343535,324025553045091,0.10295067,-8.013393,7.809886,-2.4092526,-0.13194689,0.12339478,TREMOR,c9b7d05dda84
1776793343554,324025573095140,0.50996494,-8.872911,7.762002,-0.43249258,-0.14782938,0.08674286,TREMOR,c9b7d05dda84
1776793343574,324025593145188,0.8379706,-6.658275,8.14268,1.6627752,-0.009773844,-0.010995574,TREMOR,c9b7d05dda84
1776793343606,324025613164720,0.5482722,-4.223372,7.9631147,2.6279423,0.20525073,-0.010995574,TREMOR,c9b7d05dda84
1776793343614,324025633245286,0.23463176,-2.5833437,8.257602,2.2052236,0.25411993,-0.0012217305,TREMOR,c9b7d05dda84
1776793343647,324025653295335,0.15562311,-2.2577322,8.50181,0.7648033,0.172264,-0.015882496,TREMOR,c9b7d05dda84
1776793343657,324025673375901,0.7302315,-2.0254946,8.494628,-1.1313224,0.13561209,0.0061086523,TREMOR,c9b7d05dda84
1776793343676,324025693425950,0.4381389,-2.56419,8.329428,-3.2241468,0.16615535,0.06963864,TREMOR,c9b7d05dda84
1776793343703,324025713475999,-0.521936,-6.7253127,7.917625,-4.7989573,-0.06352998,0.05375614,TREMOR,c9b7d05dda84
1776793343727,324025733587083,0.12689269,-12.521675,7.0724716,-4.0671406,-0.51923543,0.014660766,TREMOR,c9b7d05dda84
1776793343736,324025753606614,1.3144168,-13.273455,6.943185,-0.6914995,-0.48502702,-0.064751714,TREMOR,c9b7d05dda84
1776793343754,324025773656663,1.2210429,-9.232041,7.5680714,3.6615262,-0.087964594,-0.1881465,TREMOR,c9b7d05dda84
1776793343775,324025793706712,0.6991069,-4.4436383,8.449138,5.403714,0.21746802,-0.16371189,TREMOR,c9b7d05dda84
1776793343812,324025813787278,-0.10295067,-2.5713725,8.645462,4.627915,0.16615535,-0.1563815,TREMOR,c9b7d05dda84
1776793343820,324025833837327,0.059855044,-2.1021092,8.432379,3.781256,0.04153884,-0.17348573,TREMOR,c9b7d05dda84
1776793343838,324025853856858,1.5873557,-0.23463176,8.865729,1.5308284,0.14538592,-0.09285152,TREMOR,c9b7d05dda84
1776793343855,324025873967942,0.320823,-0.6967127,8.66701,-1.3756685,0.27977628,-0.16982053,TREMOR,c9b7d05dda84
1776793343880,324025894048509,-0.25139117,-3.3854012,7.8505874,-3.4623842,-0.032986723,-0.087964594,TREMOR,c9b7d05dda84
1776793343902,324025914129075,1.0055647,-4.951209,7.479486,-3.9156463,-0.21746802,0.10873401,TREMOR,c9b7d05dda84
1776793343919,324025934148606,0.9983821,-7.433996,7.560889,-3.105639,-0.089186326,0.23823744,TREMOR,c9b7d05dda84
1776793343936,324025954198655,-0.8499416,-13.979744,7.0964136,-0.90408057,-0.27977628,-0.010995574,TREMOR,c9b7d05dda84
1776793343955,324025974248704,0.9744401,-10.474632,6.969521,3.5234706,-0.3042109,-0.23457226,TREMOR,c9b7d05dda84
1776793343976,324025994298753,1.7908629,-3.5218706,7.551312,6.5887923,0.17104226,0.04153884,TREMOR,c9b7d05dda84
1776793344012,324026014379319,0.47644615,0.9911995,8.671799,5.9400535,0.5314528,0.040317107,TREMOR,c9b7d05dda84
1776793344020,324026034490403,-0.107739076,3.145981,10.053253,2.5509732,0.52656585,-0.064751714,TREMOR,c9b7d05dda84
1776793344036,324026054540452,-0.39743748,1.115698,10.007763,-1.8472565,0.1600467,-0.12217305,TREMOR,c9b7d05dda84
1776793344060,324026074621019,0.17717093,-2.7629087,8.542512,-4.917465,-0.29932398,-0.007330383,TREMOR,c9b7d05dda84
1776793344076,324026094671067,1.3144168,-5.2361193,7.639898,-5.8789673,-0.36651915,0.07819075,TREMOR,c9b7d05dda84
1776793344102,324026114751634,1.6519991,-6.871359,7.21373,-5.045747,-0.13439035,0.25411993,TREMOR,c9b7d05dda84
1776793344119,324026134832200,-0.21068975,-10.802638,7.1969705,-3.3915238,0.040317107,0.2321288,TREMOR,c9b7d05dda84
1776793344141,324026154882249,-1.0606314,-14.384364,6.8091097,-0.32253686,-0.21502456,-0.22113322,TREMOR,c9b7d05dda84
1776793344155,324026174932298,1.4676456,-8.051701,6.6295447,3.9730675,-0.2406809,-0.18448131,TREMOR,c9b7d05dda84
1776793344181,324026195012864,1.8674773,-2.5378537,7.5968018,5.6908207,0.13316862,-0.05131268,TREMOR,c9b7d05dda84
1776793344208,324026215032395,-0.062249243,-0.8595184,8.78672,4.425108,0.37384954,-0.087964594,TREMOR,c9b7d05dda84
1776793344215,324026235082444,-0.47405192,-0.34237084,9.3661175,1.9046779,0.14172074,-0.11362094,TREMOR,c9b7d05dda84
1776793344237,324026255132493,1.127669,-0.2777274,9.272743,-0.75747293,-0.064751714,0.04153884,TREMOR,c9b7d05dda84
1776793344259,324026275213060,0.6775591,-1.7812861,8.645462,-3.4526103,0.04642576,0.06352998,TREMOR,c9b7d05dda84
1776793344290,324026295293626,0.18435353,-4.807557,7.565677,-5.1202726,-0.07819075,0.12705997,TREMOR,c9b7d05dda84
1776793344299,324026315374192,0.24899697,-8.441956,6.670246,-4.9296827,-0.25289822,0.24801129,TREMOR,c9b7d05dda84
1776793344326,324026335393724,-0.31124622,-15.717935,6.191406,-2.4678955,-0.4288274,0.028099801,TREMOR,c9b7d05dda84
1776793344336,324026355413255,0.79726917,-14.267048,5.2887917,2.8942795,-0.4202753,-0.37873647,TREMOR,c9b7d05dda84
1776793344356,324026375463304,2.1811178,-5.3342814,6.009446,7.8325143,0.036651913,-0.2406809,TREMOR,c9b7d05dda84
1776793344385,324026395543870,1.2593501,1.1420342,7.1826053,8.64863,0.54733527,-0.14294247,TREMOR,c9b7d05dda84
1776793344402,324026415593919,-0.47884035,5.1523223,10.13705,5.7152553,0.7635816,-0.16249016,TREMOR,c9b7d05dda84
1776793344419,324026435643968,-0.8499416,2.9903579,10.805033,0.88697636,0.13316862,-0.14049901,TREMOR,c9b7d05dda84
1776793344440,324026455663499,0.6536171,-1.0726024,9.710882,-2.7269025,-0.38362336,0.10629055,TREMOR,c9b7d05dda84
1776793344459,324026475774583,1.661576,-2.954445,8.580819,-4.40556,-0.35063666,0.10140363,TREMOR,c9b7d05dda84
1776793344486,324026495824632,1.2425907,-4.1276035,8.255207,-4.6340237,-0.11484267,0.17592919,TREMOR,c9b7d05dda84
1776793344502,324026515874681,0.51714754,-5.8945246,7.6614456,-3.7568212,-0.013439035,0.3408628,TREMOR,c9b7d05dda84
1776793344519,324026535985765,0.38307226,-7.103596,7.9343843,-2.334727,-0.0061086523,0.27977628,TREMOR,c9b7d05dda84
1776793344540,324026556005296,0.11252748,-7.884106,7.6973586,-0.65118235,-0.018325957,0.1881465,TREMOR,c9b7d05dda84
1776793344557,324026576024827,0.22026655,-6.5457473,7.8984714,0.874759,0.037873644,0.058643065,TREMOR,c9b7d05dda84
1776793344590,324026596135911,0.19393034,-5.0876784,8.746018,1.428203,0.081855945,0.009773844,TREMOR,c9b7d05dda84
1776793344599,324026616155442,0.2681506,-4.1491513,9.064447,1.0238101,0.073303826,-0.010995574,TREMOR,c9b7d05dda84
1776793344626,324026636236009,0.320823,-3.845088,8.707711,0.018325957,0.05009095,-0.014660766,TREMOR,c9b7d05dda84
1776793344636,324026656347093,0.4261679,-4.817134,8.477868,-1.0751228,0.008552114,-0.019547688,TREMOR,c9b7d05dda84
1776793344660,324026676366624,1.1851299,-4.7500963,8.058883,-1.5503759,0.0061086523,0.0,TREMOR,c9b7d05dda84
1776793344691,324026696416673,1.4221559,-2.8538885,7.8170686,-2.4569001,0.36163223,0.112399206,TREMOR,c9b7d05dda84
1776793344699,324026716497239,0.17956513,-3.1555579,7.4148426,-4.5619416,0.5558874,0.118507855,TREMOR,c9b7d05dda84
1776793344719,324026736547288,-0.9696517,-5.827487,6.9120603,-6.4837236,0.3115413,0.13561209,TREMOR,c9b7d05dda84
1776793344737,324026756627854,-1.9177556,-17.906235,4.015076,-5.276654,-0.6365216,-0.010995574,TREMOR,c9b7d05dda84
1776793344761,324026776708421,1.7166426,-21.052216,2.9831753,0.4202753,-0.9272934,-0.49602258,TREMOR,c9b7d05dda84
1776793344786,324026796727952,3.0190883,-7.869741,4.747702,6.641327,0.065973446,-0.4202753,TREMOR,c9b7d05dda84
1776793344808,324026816778001,1.079785,-2.0733786,6.3326635,8.007221,0.66950834,-0.3921755,TREMOR,c9b7d05dda84
1776793344818,324026836858567,-0.6368576,0.62488663,7.7907324,6.301686,0.59986967,-0.2919936,TREMOR,c9b7d05dda84
1776793344838,324026856939134,-0.7254431,0.02633622,9.354146,2.5668557,0.09896017,-0.11728613,TREMOR,c9b7d05dda84
1776793344857,324026876989183,0.48841715,-2.3415294,8.987833,-0.68783426,-0.32375857,-0.021991149,TREMOR,c9b7d05dda84
1776793344896,324026897069749,1.115698,-4.003105,8.51857,-2.3493876,-0.2761111,0.06719518,TREMOR,c9b7d05dda84
1776793344909,324026917089280,0.5793968,-6.564901,7.843405,-2.4630086,-0.22724187,0.13561209,TREMOR,c9b7d05dda84
1776793344921,324026937139329,0.6847417,-7.189788,7.7069354,-1.287704,-0.172264,0.13072516,TREMOR,c9b7d05dda84
1776793344939,324026957219895,0.7445967,-6.131551,7.7667904,0.41050145,-0.040317107,0.22968534,TREMOR,c9b7d05dda84
1776793344960,324026977269944,0.58657944,-5.683835,8.051701,1.0177015,0.02687807,0.21135938,TREMOR,c9b7d05dda84
1776793344988,324026997350511,0.1412579,-4.654328,8.523358,1.4086553,0.07086037,0.12950343,TREMOR,c9b7d05dda84
1776793344999,324027017370042,0.272939,-3.4356794,8.9040365,0.23701571,0.14660765,0.12461651,TREMOR,c9b7d05dda84
1776793345023,324027037481126,0.78769237,-1.7669208,8.664616,-0.6792821,0.25045475,0.12095132,TREMOR,c9b7d05dda84
1776793345039,324027057531175,-0.16519992,-2.2984335,8.003817,-3.273016,0.4361578,0.14294247,TREMOR,c9b7d05dda84
1776793345059,324027077581224,-0.79248077,-5.872977,7.026982,-5.347514,0.21624629,0.1001819,TREMOR,c9b7d05dda84
1776793345091,324027097661790,-0.5434838,-12.854469,5.0757074,-4.736649,-0.2773328,0.04520403,TREMOR,c9b7d05dda84
1776793345100,324027117681321,1.8171991,-15.741877,5.0757074,-0.72326446,-0.3115413,-0.15760323,TREMOR,c9b7d05dda84
1776793345132,324027137761888,2.1021092,-9.80665,6.505046,4.2650614,0.32498032,-0.21746802,TREMOR,c9b7d05dda84
1776793345142,324027157842454,0.40701428,-4.951209,7.4363904,6.646214,0.66950834,-0.30543262,TREMOR,c9b7d05dda84
1776793345160,324027177892503,0.06464344,-1.0055647,8.2169,6.724405,0.5448918,-0.04886922,TREMOR,c9b7d05dda84
1776793345186,324027197942552,0.12928689,1.6280571,9.763555,4.3774605,0.43249258,0.23579398,TREMOR,c9b7d05dda84
1776793345205,324027217992601,-0.6560113,0.82360536,10.158598,0.535118,0.19914207,0.17470746,TREMOR,c9b7d05dda84
1776793345219,324027238042649,-0.62009823,-1.685518,9.610326,-3.1703906,-0.07086037,0.31031954,TREMOR,c9b7d05dda84
1776793345244,324027258062181,-0.35913026,-5.2983685,7.8649526,-5.3377404,-0.39584067,0.3371976,TREMOR,c9b7d05dda84
1776793345259,324027278112229,-0.079008654,-8.6095495,6.540959,-5.4525833,-0.49846604,0.30787608,TREMOR,c9b7d05dda84
1776793345287,324027298131761,-0.51475334,-15.461755,5.901707,-3.1984904,-0.57543504,0.105068825,TREMOR,c9b7d05dda84
1776793345304,324027318181810,0.830788,-13.912706,4.9224787,2.1783454,-0.5522222,-0.36651915,TREMOR,c9b7d05dda84
1776793345320,324027338231858,2.7246015,-4.3766007,6.136339,6.980968,0.059864793,-0.17715092,TREMOR,c9b7d05dda84
1776793345344,324027358342942,0.59136784,0.23223756,8.149862,7.199658,0.64873886,-0.1881465,TREMOR,c9b7d05dda84
1776793345360,324027378392991,-1.1923125,2.3798366,9.737218,4.40556,0.58032197,-0.34208453,TREMOR,c9b7d05dda84
1776793345386,324027398443040,-0.48602295,0.5506664,10.029311,0.63529986,0.03176499,-0.111177474,TREMOR,c9b7d05dda84
1776793345403,324027418523606,0.5626374,-1.2617443,9.629479,-2.4349089,-0.14538592,-0.002443461,TREMOR,c9b7d05dda84
1776793345426,324027438604173,0.7613561,-2.171541,8.631097,-4.3004913,-0.1001819,0.029321533,TREMOR,c9b7d05dda84
1776793345439,324027458684739,0.21068975,-3.2944214,7.869741,-5.254663,0.05497787,0.2125811,TREMOR,c9b7d05dda84
1776793345465,324027478734788,-0.4381389,-6.3326635,7.1514807,-5.4000487,-0.040317107,0.34697145,TREMOR,c9b7d05dda84
1776793345493,324027498784837,-0.8810662,-11.269507,6.31351,-4.138001,-0.28955013,0.22724187,TREMOR,c9b7d05dda84
1776793345503,324027518834886,-0.6895301,-15.188815,6.0477533,-0.75136423,-0.44715336,-0.03176499,TREMOR,c9b7d05dda84
1776793345520,324027538915452,0.7398083,-10.606314,6.2345014,4.2907176,-0.3555236,-0.30665436,TREMOR,c9b7d05dda84
1776793345540,324027558996019,1.5155296,-3.5075054,7.1155677,7.167893,0.13561209,-0.23823744,TREMOR,c9b7d05dda84
1776793345575,324027579046067,0.21787235,0.91937345,8.863335,6.323677,0.61086524,-0.19792034,TREMOR,c9b7d05dda84
1776793345582,324027599096116,-0.6488287,2.3511062,10.01734,2.9321532,0.47769663,-0.32375857,TREMOR,c9b7d05dda84
1776793345607,324027619146165,-0.045489833,1.4556746,10.5680065,-1.4538593,0.14172074,-0.08674286,TREMOR,c9b7d05dda84
1776793345620,324027639226731,0.15801731,-2.3774424,9.088389,-4.8673744,-0.2773328,0.096516706,TREMOR,c9b7d05dda84
1776793345646,324027659276780,0.89782566,-4.5322237,8.030152,-6.342003,-0.408058,0.20647246,TREMOR,c9b7d05dda84
1776793345674,324027679326829,0.7661445,-7.1993647,7.132327,-6.009692,-0.34208453,0.41050145,TREMOR,c9b7d05dda84
1776793345682,324027699407395,0.055066638,-11.535264,5.803545,-3.9241984,-0.40194935,0.3286455,TREMOR,c9b7d05dda84
1776793345708,324027719487962,0.4237737,-11.427525,6.5241995,-0.5155703,-0.25411993,0.12950343,TREMOR,c9b7d05dda84
1776793345720,324027739507493,0.2681506,-10.8385515,5.81791,3.1105258,-0.14660765,-0.13194689,TREMOR,c9b7d05dda84
1776793345742,324027759557542,0.6823475,-6.0956373,7.0605006,5.4281487,0.007330383,-0.25289822,TREMOR,c9b7d05dda84
1776793345787,324027779668626,0.4309563,-2.1260512,8.238448,5.7641244,0.2406809,-0.057421334,TREMOR,c9b7d05dda84
1776793345790,324027799718675,-0.25139117,0.02633622,9.356541,3.8582249,0.32986724,-0.04153884,TREMOR,c9b7d05dda84
1776793345805,324027819768724,-0.033518825,0.62488663,9.991004,0.30298916,0.21380283,-0.0842994,TREMOR,c9b7d05dda84
1776793345821,324027839849290,0.29209262,-1.5466543,8.552089,-3.313333,-0.03176499,0.032986723,TREMOR,c9b7d05dda84
1776793345852,324027859868821,0.61530983,-3.6846764,7.261614,-5.8325415,-0.028099801,0.13927728,TREMOR,c9b7d05dda84
1776793345862,324027879949388,0.21308395,-6.670246,6.0118403,-6.703635,-0.05009095,0.2321288,TREMOR,c9b7d05dda84
1776793345892,324027899999436,-0.79008657,-13.400347,4.417302,-5.583308,-0.20280726,0.22602014,TREMOR,c9b7d05dda84
1776793345901,324027920080003,-0.7733272,-19.29966,4.19943,-1.3622295,-0.33353242,-0.21135938,TREMOR,c9b7d05dda84
1776793345925,324027940130052,1.6065093,-10.029311,4.8745947,5.1642547,-0.14538592,-0.3652974,TREMOR,c9b7d05dda84
1776793345942,324027960210618,1.6328455,-3.3662477,6.397307,8.012109,0.24923302,-0.28955013,TREMOR,c9b7d05dda84
1776793345979,324027980230149,0.20350714,0.30645782,7.9391727,7.2094316,0.5119051,-0.36163223,TREMOR,c9b7d05dda84
1776793345991,324028000280198,-0.6847417,1.2689269,9.466674,4.0048327,0.37995818,-0.28221974,TREMOR,c9b7d05dda84
1776793346003,324028020360765,-0.10295067,-0.59136784,10.012551,0.13805555,-0.02565634,-0.05375614,TREMOR,c9b7d05dda84
1776793346031,324028040441331,0.58657944,-2.6240451,9.694122,-2.7953193,-0.15515977,0.036651913,TREMOR,c9b7d05dda84
1776793346041,324028060460862,0.37828386,-5.209783,8.707711,-3.8875463,-0.24190263,0.087964594,TREMOR,c9b7d05dda84
1776793346071,324028080541429,0.47644615,-6.981492,7.675811,-3.1215215,-0.2687807,0.172264,TREMOR,c9b7d05dda84
1776793346090,324028100591477,0.7374141,-6.8522053,7.6494746,-1.3170254,-0.118507855,0.24923302,TREMOR,c9b7d05dda84
1776793346101,324028120672044,0.78050977,-6.3829417,7.7332716,0.20891592,0.10995574,0.15393804,TREMOR,c9b7d05dda84
1776793346128,324028140691575,0.62728083,-4.3478703,8.171411,0.52778757,0.23823744,0.089186326,TREMOR,c9b7d05dda84
1776793346142,324028160772142,-0.22984336,-3.4452562,8.4587145,-0.029321533,0.42271876,0.042760566,TREMOR,c9b7d05dda84
1776793346164,324028180852708,-1.2162545,-4.924873,8.145074,-1.4966198,0.29443705,0.0036651916,TREMOR,c9b7d05dda84
1776793346183,324028200902757,-1.1611878,-7.606379,7.4148426,-2.4666739,-0.073303826,-0.02687807,TREMOR,c9b7d05dda84
1776793346210,324028220952806,-0.16280572,-9.557653,6.5864487,-2.1270328,-0.3005457,-0.073303826,TREMOR,c9b7d05dda84
1776793346221,324028240972337,0.9840169,-9.457097,6.7971387,-0.7733554,-0.23457226,-0.1282817,TREMOR,c9b7d05dda84
1776793346242,324028260991868,1.5275006,-7.381324,7.156269,0.73792523,0.04153884,-0.1563815,TREMOR,c9b7d05dda84
1776793346280,324028281102952,0.80924016,-5.5258174,7.577648,1.105666,0.30909783,-0.14172074,TREMOR,c9b7d05dda84
1776793346288,324028301153001,0.50038815,-4.10845,7.905654,0.24190263,0.38606682,-0.042760566,TREMOR,c9b7d05dda84
1776793346304,324028321203050,0.11731588,-3.502717,8.066066,-1.7434094,0.36041048,0.11484267,TREMOR,c9b7d05dda84
1776793346322,324028341253099,-0.34715924,-4.3646297,7.6614456,-4.2271876,0.22113322,0.23335053,TREMOR,c9b7d05dda84
1776793346343,324028361272630,-0.58657944,-7.2951326,6.217742,-6.119648,-0.1001819,0.30909783,TREMOR,c9b7d05dda84
1776793346379,324028381383714,-0.6631939,-12.440272,4.0533834,-5.8789673,-0.4886922,0.37018433,TREMOR,c9b7d05dda84
1776793346386,324028401433763,-0.023942016,-17.362751,2.858677,-2.6145031,-0.6536258,0.111177474,TREMOR,c9b7d05dda84
1776793346404,324028421514329,0.93613285,-12.200851,2.932897,2.8258626,-0.3726278,-0.1685988,TREMOR,c9b7d05dda84
1776793346422,324028441594895,0.521936,-7.687782,4.050989,6.2796946,-0.081855945,-0.204029,TREMOR,c9b7d05dda84
1776793346443,324028461614427,0.038307227,-5.6551046,5.422867,7.0017376,0.030543262,-0.44959682,TREMOR,c9b7d05dda84
1776793346480,324028481664476,0.10295067,-4.4125137,6.706159,6.3762116,0.07086037,-0.43004912,TREMOR,c9b7d05dda84
1776793346485,324028501714524,0.019153614,-3.9360676,8.027759,4.8576,0.10995574,-0.30176744,TREMOR,c9b7d05dda84
1776793346504,324028521734056,-0.074220255,-3.301604,9.196129,2.9309313,0.12705997,-0.204029,TREMOR,c9b7d05dda84
1776793346523,324028541814622,0.39504328,-3.4117374,8.954314,1.3231341,0.07574729,-0.204029,TREMOR,c9b7d05dda84
1776793346544,324028561895188,0.8834604,-1.4221559,9.246407,-0.4813618,0.24801129,-0.18936823,TREMOR,c9b7d05dda84
1776793346580,324028581945237,-0.37349546,-3.6583402,8.384495,-2.2907448,0.12583824,-0.09407325,TREMOR,c9b7d05dda84
1776793346586,324028601995286,0.4285621,-5.185841,7.8146744,-3.25469,-0.118507855,-0.07819075,TREMOR,c9b7d05dda84
1776793346604,324028622106370,1.4939818,-5.1379566,6.9383965,-3.2693508,-0.047647487,0.05375614,TREMOR,c9b7d05dda84
1776793346623,324028642186936,0.8858546,-5.353435,6.849811,-3.4636059,0.26267207,0.16249016,TREMOR,c9b7d05dda84
1776793346650,324028662267503,-1.3144168,-11.044453,6.6510925,-3.4416149,0.15271631,0.028099801,TREMOR,c9b7d05dda84
1776793346670,324028682348069,-1.496376,-16.709133,6.0645127,-1.0714576,-0.28099802,-0.24678956,TREMOR,c9b7d05dda84
1776793346692,324028702398118,1.5610195,-9.390059,7.1131735,3.6664133,-0.22479841,-0.22724187,TREMOR,c9b7d05dda84
1776793346703,324028722448167,0.78050977,-5.925649,7.062895,6.211278,0.080634214,-0.172264,TREMOR,c9b7d05dda84
1776793346725,324028742498216,-0.37588966,-2.906561,8.056489,6.3224554,0.1600467,-0.34574974,TREMOR,c9b7d05dda84
1776793346744,324028762578782,0.02633622,-0.5291186,8.717288,5.214346,-0.029321533,-0.14172074,TREMOR,c9b7d05dda84
1776793346776,324028782628831,0.9816227,1.6376339,9.919178,2.8393016,0.058643065,-0.14782938,TREMOR,c9b7d05dda84
1776793346785,324028802648362,0.22266077,2.2218192,10.1226845,-0.92485,0.27488935,-0.172264,TREMOR,c9b7d05dda84
1776793346804,324028822698411,-0.34955344,-0.63206923,8.556877,-4.742758,0.05375614,-0.032986723,TREMOR,c9b7d05dda84
1776793346824,324028842778977,0.23702596,-4.1635165,6.5122285,-7.0432763,-0.2321288,-0.004886922,TREMOR,c9b7d05dda84
1776793346845,324028862829026,0.9840169,-7.5441294,5.389348,-7.2363095,-0.2919936,0.11484267,TREMOR,c9b7d05dda84
1776793346870,324028882879075,0.36631286,-13.560759,4.5202527,-5.186246,-0.2602286,0.16982053,TREMOR,c9b7d05dda84
1776793346887,324028902898606,0.56982,-14.635755,5.463568,-0.8943067,-0.2321288,-0.061086524,TREMOR,c9b7d05dda84
1776793346904,324028922979173,1.0127473,-10.283096,5.7149596,4.0084977,-0.17104226,-0.17470746,TREMOR,c9b7d05dda84
1776793346924,324028942998704,1.7741034,-4.209007,6.253655,6.776939,-0.0036651916,-0.13072516,TREMOR,c9b7d05dda84
1776793346956,324028963079270,1.3958195,0.36631286,8.1642275,6.147748,0.46792278,0.0842994,TREMOR,c9b7d05dda84
1776793346964,324028983159837,-0.9983821,2.1547816,10.146626,2.2809708,0.72692966,0.14294247,TREMOR,c9b7d05dda84
1776793347003,324029003179368,-1.982399,-1.6328455,9.437943,-2.4666739,0.18936823,0.0842994,TREMOR,c9b7d05dda84
1776793347006,324029023290452,-0.545878,-5.9424086,7.503428,-5.3633966,-0.44348818,0.13683382,TREMOR,c9b7d05dda84
1776793347024,324029043309983,1.0007763,-9.19134,5.7628436,-5.681047,-0.54733527,0.20769419,TREMOR,c9b7d05dda84
1776793347049,324029063360032,0.6751649,-12.46182,5.4085016,-3.8191295,-0.24190263,0.19792034,TREMOR,c9b7d05dda84
1776793347069,324029083440599,-0.39264908,-16.402676,4.9536033,0.3200934,-0.27855456,-0.25167647,TREMOR,c9b7d05dda84
1776793347084,324029103490647,1.4437037,-10.409989,5.085284,5.468466,-0.24556783,-0.43249258,TREMOR,c9b7d05dda84
1776793347108,324029123540696,1.9249382,-2.741361,6.6175733,7.954687,0.20769419,-0.312763,TREMOR,c9b7d05dda84
1776793347124,324029143590745,0.4381389,1.1085154,7.884106,7.411017,0.50701815,-0.1001819,TREMOR,c9b7d05dda84
1776793347147,324029163701829,-0.36631286,3.5458126,10.101137,4.1453314,0.5314528,-0.12339478,TREMOR,c9b7d05dda84
1776793347172,324029183751878,-0.6703765,1.8435353,10.431537,-0.6096435,0.18936823,-0.12339478,TREMOR,c9b7d05dda84
1776793347196,324029203862962,-0.14844051,-2.6048915,8.805874,-4.1465535,-0.3005457,0.13316862,TREMOR,c9b7d05dda84
1776793347206,324029223913011,0.32800564,-4.268862,8.152257,-5.508783,-0.42149702,0.14660765,TREMOR,c9b7d05dda84
1776793347224,324029243993577,0.8738836,-7.007828,7.517793,-5.4000487,-0.37873647,0.16982053,TREMOR,c9b7d05dda84
1776793347245,324029264074144,0.7589619,-9.629479,6.909666,-3.5967746,-0.25778514,0.21380283,TREMOR,c9b7d05dda84
1776793347275,324029284093675,0.6560113,-9.057265,7.086837,-0.6133087,-0.087964594,0.13194689,TREMOR,c9b7d05dda84
1776793347285,324029304113206,0.4405331,-7.867347,7.237672,2.1783454,-0.04520403,-0.03176499,TREMOR,c9b7d05dda84
1776793347309,324029324193772,1.0654198,-4.7764325,7.8050976,3.6517525,0.032986723,-0.10751228,TREMOR,c9b7d05dda84
1776793347326,324029344213304,1.3479356,-0.47405192,9.406818,2.9064968,0.48258355,0.028099801,TREMOR,c9b7d05dda84
1776793347364,324029364263352,-0.533907,0.7326257,10.081984,-0.18448131,0.74036866,0.039095376,TREMOR,c9b7d05dda84
1776793347372,324029384313401,-1.7118542,-2.834735,8.959103,-3.9852848,0.32498032,-0.015882496,TREMOR,c9b7d05dda84
1776793347399,324029404363450,-0.5554548,-7.129933,6.591237,-5.9681535,-0.33841935,0.05131268,TREMOR,c9b7d05dda84
1776793347407,324029424444017,1.400608,-9.739613,5.398925,-5.4550266,-0.42638394,0.23457226,TREMOR,c9b7d05dda84
1776793347425,324029444494065,0.9864111,-12.363658,5.046977,-3.0799825,-0.081855945,0.19058995,TREMOR,c9b7d05dda84
1776793347454,324029464513597,-0.29927522,-13.055582,5.437232,0.5045747,0.008552114,-0.16737708,TREMOR,c9b7d05dda84
1776793347476,324029484594163,0.5482722,-9.974244,5.719748,4.442212,-0.15393804,-0.25045475,TREMOR,c9b7d05dda84
1776793347485,324029504644212,1.4532804,-4.367024,6.38773,6.739065,-0.09773844,-0.17592919,TREMOR,c9b7d05dda84
1776793347510,324029524724778,0.79008657,-0.81402856,7.8865004,6.508158,0.24801129,0.02565634,TREMOR,c9b7d05dda84
1776793347526,324029544744310,-0.60333884,0.47644615,9.89763,3.9241984,0.3567453,0.073303826,TREMOR,c9b7d05dda84
1776793347555,324029564824876,-0.842759,0.10534488,10.556035,0.16371189,0.13561209,0.043982297,TREMOR,c9b7d05dda84
1776793347571,324029584874925,-0.2633622,-2.755726,8.99741,-3.0286698,-0.17715092,0.09896017,TREMOR,c9b7d05dda84
1776793347592,324029604955491,0.36152446,-5.9304376,7.431602,-4.6401324,-0.28955013,0.10140363,TREMOR,c9b7d05dda84
1776793347606,324029625036058,0.80445176,-7.8146744,6.8210807,-4.3860126,-0.204029,0.10995574,TREMOR,c9b7d05dda84
1776793347626,324029645116624,0.85473,-8.597578,6.634333,-2.692694,0.0012217305,0.14172074,TREMOR,c9b7d05dda84
1776793347664,324029665166673,0.05267244,-8.911219,6.7133417,-0.7696902,0.13561209,0.04886922,TREMOR,c9b7d05dda84
1776793347670,324029685247239,-0.5291186,-9.26556,7.1059904,1.0726794,0.035430185,-0.09285152,TREMOR,c9b7d05dda84
1776793347689,324029705327806,0.1604115,-8.6334915,7.347805,3.2803464,-0.15271631,-0.19425514,TREMOR,c9b7d05dda84
1776793347706,324029725408372,1.1803415,-3.9695864,7.807492,4.8588223,-0.047647487,-0.13072516,TREMOR,c9b7d05dda84
1776793347732,324029745427903,0.6799533,-0.8643068,8.908825,4.4299946,0.2846632,-0.030543262,TREMOR,c9b7d05dda84
1776793347763,324029765447435,-0.40462008,0.8595184,10.539276,1.7104226,0.41050145,-0.07574729,TREMOR,c9b7d05dda84
1776793347771,324029785528001,-0.7517793,-1.1563994,9.67018,-1.7849482,0.04886922,-0.042760566,TREMOR,c9b7d05dda84
1776793347793,324029805608567,0.5530606,-3.53863,8.070854,-4.1954226,-0.2443461,0.07819075,TREMOR,c9b7d05dda84
1776793347807,324029825689134,1.0271125,-4.9919105,7.043741,-5.373171,-0.07452556,0.1563815,TREMOR,c9b7d05dda84
1776793347827,324029845708665,0.18435353,-7.551312,6.090849,-5.5148916,0.080634214,0.20525073,TREMOR,c9b7d05dda84
1776793347865,324029865758714,-0.25378537,-10.129868,5.779603,-4.5900416,0.08674286,0.15760323,TREMOR,c9b7d05dda84
1776793347870,324029885839280,-0.581791,-14.511256,5.482722,-2.175902,-0.13439035,-0.028099801,TREMOR,c9b7d05dda84
1776793347898,324029905919847,0.51235914,-12.854469,5.580884,1.7751744,-0.29443705,-0.2761111,TREMOR,c9b7d05dda84
1776793347908,324029925939378,1.42455,-7.3669586,5.9184666,5.2338934,-0.14049901,-0.27000242,TREMOR,c9b7d05dda84
1776793347927,324029946019944,1.1180922,-3.1723173,6.7564373,6.200282,0.13072516,-0.23945917,TREMOR,c9b7d05dda84
1776793347960,324029966069993,0.29688102,-1.0821792,7.831434,4.831944,0.31887165,-0.10140363,TREMOR,c9b7d05dda84
1776793347966,324029986150560,-0.24181437,1.2880806,10.206482,1.3439035,0.47525316,0.06352998,TREMOR,c9b7d05dda84
1776793347989,324030006200608,-1.2904748,-1.9249382,9.323022,-2.6047294,0.1282817,0.09285152,TREMOR,c9b7d05dda84
1776793348007,324030026281175,-0.6799533,-6.241684,7.204153,-5.042082,-0.40561453,0.111177474,TREMOR,c9b7d05dda84
1776793348029,324030046361741,0.21308395,-11.437101,5.8322754,-4.7525315,-0.6560693,0.18448131,TREMOR,c9b7d05dda84
1776793348054,324030066411790,0.7038953,-14.7554655,5.628768,-1.3316863,-0.5546656,-0.064751714,TREMOR,c9b7d05dda84
1776793348072,324030086461839,1.2354081,-10.053253,5.437232,3.7592647,-0.23945917,-0.23335053,TREMOR,c9b7d05dda84
1776793348088,324030106542405,1.3790601,-3.7780502,6.6510925,6.455624,0.1160644,-0.2321288,TREMOR,c9b7d05dda84
1776793348112,324030126561936,0.3854665,-0.51954174,8.166622,6.0121355,0.40683624,-0.1441642,TREMOR,c9b7d05dda84
1776793348137,324030146611985,-0.7302315,-0.0047884034,9.655815,3.5014796,0.376293,-0.12339478,TREMOR,c9b7d05dda84
1776793348154,324030166662034,-0.19153613,-1.2138603,10.127473,0.5705481,-0.032986723,-0.061086524,TREMOR,c9b7d05dda84
1776793348178,324030186773118,0.5722142,-2.5953147,9.600749,-1.3927728,-0.18325958,0.02687807,TREMOR,c9b7d05dda84
1776793348188,324030206823167,1.1109096,-2.669535,8.748413,-2.348166,-0.07574729,0.10873401,TREMOR,c9b7d05dda84
1776793348208,324030226873216,0.5674258,-2.966416,7.967903,-3.1532865,0.087964594,0.19425514,TREMOR,c9b7d05dda84
1776793348246,324030246953782,0.33997664,-4.024653,7.656657,-3.9962804,0.14538592,0.23701571,TREMOR,c9b7d05dda84
1776793348248,324030267003831,-0.2777274,-7.053318,7.1730285,-4.4703116,0.089186326,0.21991149,TREMOR,c9b7d05dda84
1776793348273,324030287084397,-1.0366893,-12.030864,6.0836663,-3.627318,-0.10751228,0.095294975,TREMOR,c9b7d05dda84
1776793348288,324030307103929,0.20350714,-13.077129,6.3326635,-0.74281216,-0.3005457,-0.09162979,TREMOR,c9b7d05dda84
1776793348312,324030327184495,1.5849615,-8.075643,6.7253127,2.9981265,-0.103847094,-0.11484267,TREMOR,c9b7d05dda84
1776793348343,324030347234544,0.91697925,-3.9312792,7.5848308,4.627915,0.20769419,-0.15882497,TREMOR,c9b7d05dda84
1776793348348,324030367315110,0.01436521,-1.9033904,8.748413,3.9706242,0.28955013,-0.13194689,TREMOR,c9b7d05dda84
1776793348383,324030387365159,-0.25617957,-1.460463,9.303867,2.978579,0.24556783,-0.09285152,TREMOR,c9b7d05dda84
1776793348390,324030407415208,-0.16759412,-2.1308396,9.737218,0.4129449,0.015882496,0.0061086523,TREMOR,c9b7d05dda84
1776793348408,324030427495774,0.5530606,-3.0693667,9.138668,-2.742785,-0.09407325,0.13439035,TREMOR,c9b7d05dda84
1776793348442,324030447576341,1.0007763,-3.2992098,8.061277,-3.5185838,-0.010995574,0.18936823,TREMOR,c9b7d05dda84
1776793348450,324030467595872,0.15801731,-4.4819455,6.8929067,-5.1410418,0.19058995,0.26633725,TREMOR,c9b7d05dda84
1776793348476,324030487676438,-0.9504981,-8.465898,6.0262055,-6.09277,0.07086037,0.15882497,TREMOR,c9b7d05dda84
1776793348488,324030507726487,-1.2641385,-17.448942,4.048595,-4.3994517,-0.45570546,-0.09040806,TREMOR,c9b7d05dda84
1776793348511,324030527746019,1.8794483,-15.440207,3.9480386,0.7672467,-0.5729916,-0.36163223,TREMOR,c9b7d05dda84
1776793348538,324030547826585,2.4157495,-6.9719152,5.377377,5.442809,0.015882496,-0.32253686,TREMOR,c9b7d05dda84
1776793348560,324030567907151,0.82121116,-2.8658595,6.7564373,6.469063,0.40561453,-0.376293,TREMOR,c9b7d05dda84
1776793348570,324030587926683,-0.37110126,-0.8762778,8.453926,4.8930306,0.3885103,-0.28099802,TREMOR,c9b7d05dda84
1776793348590,324030607976731,-0.40701428,-1.2018893,9.512163,1.7018706,0.081855945,-0.087964594,TREMOR,c9b7d05dda84
1776793348609,324030628026780,0.17717093,-3.371036,9.112331,-1.1447614,-0.19303341,-0.018325957,TREMOR,c9b7d05dda84
1776793348648,324030648076829,0.521936,-6.143522,7.9248075,-2.3835962,-0.31398472,0.05009095,TREMOR,c9b7d05dda84
1776793348658,324030668096360,1.2114661,-6.5457473,7.2065473,-2.0341814,-0.24190263,0.10995574,TREMOR,c9b7d05dda84
1776793348670,324030688176927,1.2258313,-5.0661306,6.873753,-1.319469,0.09773844,0.20647246,TREMOR,c9b7d05dda84
1776793348697,324030708257493,0.31124622,-3.8905778,7.429208,-2.0060816,0.40561453,0.20525073,TREMOR,c9b7d05dda84
1776793348710,324030728338060,-0.93373865,-6.205771,6.8426285,-3.5283577,0.2846632,0.15393804,TREMOR,c9b7d05dda84
1776793348739,324030748388108,-1.400608,-11.271901,5.9567738,-4.0402627,-0.15515977,0.17715092,TREMOR,c9b7d05dda84
1776793348751,324030768468675,-0.6823475,-19.31163,3.9480386,-1.391551,-0.6560693,-0.19792034,TREMOR,c9b7d05dda84
1776793348781,324030788518724,2.3295584,-12.334928,4.4125137,4.376239,-0.4642576,-0.46914452,TREMOR,c9b7d05dda84
1776793348791,324030808568772,2.2768857,-3.667917,5.8921304,7.964461,0.19792034,-0.40194935,TREMOR,c9b7d05dda84
1776793348810,324030828588304,0.7110779,0.6919243,7.680599,7.68102,0.5448918,-0.37384954,TREMOR,c9b7d05dda84
1776793348839,324030848668870,-0.33039984,2.111686,9.543288,4.747645,0.44104472,-0.34330627,TREMOR,c9b7d05dda84
1776793348857,324030868779954,0.18435353,0.32561144,10.067618,0.8979719,-0.007330383,-0.15271631,TREMOR,c9b7d05dda84
1776793348879,324030888860520,1.0223241,-1.7070658,9.516952,-2.026851,-0.118507855,0.08552113,TREMOR,c9b7d05dda84
1776793348889,324030908910569,0.25378537,-4.4077253,8.710106,-3.5234706,-0.09896017,0.22724187,TREMOR,c9b7d05dda84
1776793348910,324030928960618,0.19393034,-5.9424086,8.032547,-3.4623842,-0.13683382,0.31887165,TREMOR,c9b7d05dda84
1776793348943,324030949071702,0.4141969,-6.5840545,7.467515,-2.4190264,-0.09773844,0.41172317,TREMOR,c9b7d05dda84
1776793348950,324030969091233,0.7254431,-5.662287,7.201759,-1.5100589,0.058643065,0.3371976,TREMOR,c9b7d05dda84
1776793348982,324030989171800,-0.007182605,-5.011064,7.955932,-1.7605137,0.25778514,0.2284636,TREMOR,c9b7d05dda84
1776793348993,324031009221849,-0.7134721,-6.38773,7.6614456,-2.6914723,0.17959438,0.11362094,TREMOR,c9b7d05dda84
1776793349011,324031029271897,-0.557849,-9.0237465,6.9360023,-3.1618385,-0.13439035,0.12705997,TREMOR,c9b7d05dda84
1776793349046,324031049382981,-0.45489833,-14.820108,5.3845596,-1.7263051,-0.47647488,-0.04520403,TREMOR,c9b7d05dda84
1776793349052,324031069463548,1.2042835,-14.84405,4.8147397,2.4642303,-0.5644395,-0.4092797,TREMOR,c9b7d05dda84
1776793349071,324031089513597,2.2888567,-6.2368956,5.5760956,6.903999,-0.08552113,-0.39095375,TREMOR,c9b7d05dda84
1776793349090,324031109563645,1.4987702,-0.25857377,7.0724716,7.801971,0.3933972,-0.3371976,TREMOR,c9b7d05dda84
1776793349117,324031129644212,0.16759412,2.4468741,9.196129,5.666386,0.5766568,-0.26633725,TREMOR,c9b7d05dda84
1776793349138,324031149724778,-0.23702596,2.717419,10.565612,1.6542231,0.34697145,-0.2443461,TREMOR,c9b7d05dda84
1776793349155,324031169805345,0.045489833,-0.10534488,9.746795,-2.3738225,0.018325957,0.0,TREMOR,c9b7d05dda84
1776793349171,324031189855394,0.46926352,-3.5362358,8.312668,-4.8905873,-0.19914207,0.15515977,TREMOR,c9b7d05dda84
1776793349196,324031209905442,0.7278373,-6.184223,7.326257,-5.468466,-0.1685988,0.23090707,TREMOR,c9b7d05dda84
1776793349212,324031229986009,0.1388637,-8.544906,6.5241995,-4.329813,-0.057421334,0.36651915,TREMOR,c9b7d05dda84
1776793349238,324031250066575,-0.07182605,-9.797073,6.265626,-2.0317378,-0.043982297,0.27488935,TREMOR,c9b7d05dda84
1776793349255,324031270116624,0.260968,-8.286332,6.8450227,0.32498032,-0.02321288,0.12461651,TREMOR,c9b7d05dda84
1776793349279,324031290197190,0.36391866,-6.3901243,7.620744,1.6029104,0.061086524,0.013439035,TREMOR,c9b7d05dda84
1776793349291,324031310308274,0.12689269,-5.197812,8.101978,1.5968018,0.15027285,-0.002443461,TREMOR,c9b7d05dda84
1776793349313,324031330327806,-0.1412579,-5.011064,8.159439,0.6805039,0.13561209,0.035430185,TREMOR,c9b7d05dda84
1776793349344,324031350347337,-0.033518825,-5.9064956,8.078036,-0.36651915,0.052534413,0.064751714,TREMOR,c9b7d05dda84
1776793349353,324031370366868,-0.51475334,-9.859323,7.4986396,-0.5326745,0.021991149,0.03176499,TREMOR,c9b7d05dda84
1776793349386,324031390386399,0.34476504,-11.767501,6.706159,1.3487904,-0.30176744,-0.26267207,TREMOR,c9b7d05dda84
1776793349391,324031410466966,1.8650831,-7.321469,7.005434,4.3774605,-0.02076942,-0.312763,TREMOR,c9b7d05dda84
1776793349425,324031430547532,1.2473791,-2.15957,8.616732,5.5967474,0.46914452,-0.46303585,TREMOR,c9b7d05dda84
1776793349433,324031450597581,-0.023942016,0.94810385,9.988609,4.4678683,0.7098254,-0.4972443,TREMOR,c9b7d05dda84
1776793349465,324031470647630,-0.81881696,1.3575124,10.2495775,1.9926424,0.47769663,-0.5180137,TREMOR,c9b7d05dda84
1776793349473,324031490728196,0.045489833,0.4333505,10.244789,-0.43860126,0.059864793,-0.2284636,TREMOR,c9b7d05dda84
1776793349492,324031510778245,0.23942018,-1.4317327,9.662998,-2.2455406,-0.1563815,0.014660766,TREMOR,c9b7d05dda84
1776793349524,324031530828294,0.11731588,-2.3750482,9.155427,-2.9956832,-0.26511553,0.18936823,TREMOR,c9b7d05dda84
1776793349540,324031550908860,0.6584055,-2.858677,8.350976,-3.128852,-0.22724187,0.26389378,TREMOR,c9b7d05dda84
1776793349556,324031570958909,0.62009823,-2.669535,7.5848308,-3.594331,-0.040317107,0.37995818,TREMOR,c9b7d05dda84
1776793349574,324031591039476,-0.2681506,-4.7884035,7.0461354,-4.5619416,0.07819075,0.3555236,TREMOR,c9b7d05dda84
1776793349595,324031611089524,-0.8451532,-7.740454,6.505046,-5.218011,-0.030543262,0.2443461,TREMOR,c9b7d05dda84
1776793349629,324031631170091,-1.4269443,-12.91193,5.451597,-4.312709,-0.25534168,0.17715092,TREMOR,c9b7d05dda84
1776793349635,324031651250657,-0.50996494,-18.215086,3.8402996,-0.6096435,-0.5705481,-0.20280726,TREMOR,c9b7d05dda84
1776793349655,324031671270188,1.4676456,-12.559982,4.096479,5.150816,-0.41783184,-0.44837508,TREMOR,c9b7d05dda84
1776793349672,324031691320237,1.5179238,-3.4620156,5.662287,8.844107,0.14660765,-0.50946164,TREMOR,c9b7d05dda84
1776793349693,324031711370286,0.61291564,3.394978,7.61835,8.836777,0.5815437,-0.23579398,TREMOR,c9b7d05dda84
1776793349721,324031731420335,-0.62728083,6.5984197,10.577583,5.0921726,0.59986967,-0.3726278,TREMOR,c9b7d05dda84
1776793349738,324031751470384,-0.038307227,3.3877954,10.857705,-0.19425514,-0.09040806,-0.10629055,TREMOR,c9b7d05dda84
1776793349760,324031771520433,0.81881696,-1.2976574,9.603143,-3.9901717,-0.42760566,0.16493362,TREMOR,c9b7d05dda84
1776793349772,324031791570481,1.3239936,-3.7684734,8.003817,-5.606521,-0.33964106,0.19547687,TREMOR,c9b7d05dda84
1776793349792,324031811620530,0.2801216,-7.144298,6.9264255,-5.500231,-0.14905111,0.32498032,TREMOR,c9b7d05dda84
1776793349827,324031831701097,-0.25617957,-10.551247,6.555324,-3.4281757,-0.15882497,0.30909783,TREMOR,c9b7d05dda84
1776793349833,324031851781663,0.557849,-9.093178,6.897695,-0.061086524,-0.1001819,0.23457226,TREMOR,c9b7d05dda84
1776793349859,324031871892747,0.58657944,-6.232107,7.7787614,2.5411994,0.056199603,0.052534413,TREMOR,c9b7d05dda84
1776793349873,324031891942796,0.56982,-3.301604,9.016563,3.264464,0.22724187,-0.05375614,TREMOR,c9b7d05dda84
1776793349904,324031912023362,0.35194764,0.016759412,10.589554,1.7128662,0.4972443,0.010995574,TREMOR,c9b7d05dda84
1776793349929,324031932073411,-1.3742718,-0.8283938,9.947908,-1.627345,0.43249258,0.056199603,TREMOR,c9b7d05dda84
1776793349940,324031952092942,-0.91458505,-4.522647,8.042124,-4.6169195,-0.111177474,0.037873644,TREMOR,c9b7d05dda84
1776793349965,324031972142991,0.9935937,-6.754043,6.789956,-5.4330354,-0.4251622,0.13316862,TREMOR,c9b7d05dda84
1776793349973,324031992254075,1.2449849,-8.839393,6.0884547,-4.4446554,-0.18936823,0.21624629,TREMOR,c9b7d05dda84
1776793349993,324032012273606,-0.2777274,-12.943054,5.197812,-2.2699752,-0.028099801,-0.037873644,TREMOR,c9b7d05dda84
1776793350026,324032032384690,-0.23702596,-14.293385,5.171476,1.1203269,-0.21135938,-0.30176744,TREMOR,c9b7d05dda84
1776793350033,324032052434739,1.5298948,-7.881712,6.1890116,4.8734827,-0.17715092,-0.26633725,TREMOR,c9b7d05dda84
1776793350060,324032072454270,1.2808979,-3.0502129,7.261614,6.21983,0.12095132,-0.096516706,TREMOR,c9b7d05dda84
1776793350074,324032092534837,-0.1412579,-0.62009823,8.475474,5.126381,0.3005457,0.015882496,TREMOR,c9b7d05dda84
1776793350103,324032112554368,-0.770933,0.20829555,9.962274,2.3457224,0.2321288,0.080634214,TREMOR,c9b7d05dda84
1776793350117,324032132604417,-0.45729253,-1.3790601,9.706094,-0.93462384,-0.04642576,0.058643065,TREMOR,c9b7d05dda84
1776793350147,324032152715501,0.22744916,-3.9240966,8.042124,-3.3670893,-0.2321288,0.08552113,TREMOR,c9b7d05dda84
1776793350154,324032172796067,0.80684596,-4.8961425,7.2927384,-4.673119,-0.09407325,0.111177474,TREMOR,c9b7d05dda84
1776793350174,324032192846116,0.088585466,-7.469909,6.5936313,-4.9480085,0.017104227,0.14294247,TREMOR,c9b7d05dda84
1776793350196,324032212926683,-0.79487497,-11.959038,5.78918,-3.8948767,-0.105068825,0.040317107,TREMOR,c9b7d05dda84
1776793350227,324032232946214,-0.23463176,-15.55034,4.9679685,-0.8063421,-0.37995818,-0.22357668,TREMOR,c9b7d05dda84
1776793350235,324032253026780,1.8195933,-10.058042,5.6790466,3.7409387,-0.25900686,-0.31764993,TREMOR,c9b7d05dda84
1776793350255,324032273107347,1.2952632,-5.3582234,6.4044895,6.432411,0.105068825,-0.28588495,TREMOR,c9b7d05dda84
1776793350276,324032293126878,0.45489833,-1.1851299,7.8505874,6.7476177,0.31520647,-0.21013765,TREMOR,c9b7d05dda84
1776793350294,324032313176927,-0.17238252,1.0821792,9.361329,4.8295007,0.32986724,0.008552114,TREMOR,c9b7d05dda84
1776793350323,324032333226976,-0.2873042,0.40940848,9.837775,1.767844,0.04153884,-0.05009095,TREMOR,c9b7d05dda84
1776793350335,324032353277024,0.79487497,-0.94810385,9.428367,-1.0030408,-0.13316862,0.064751714,TREMOR,c9b7d05dda84
1776793350361,324032373388108,1.0965444,-1.4652514,8.829816,-3.2351422,-0.008552114,0.13316862,TREMOR,c9b7d05dda84
1776793350374,324032393407640,0.35673606,-2.9233203,7.776367,-4.8979177,0.18081611,0.21991149,TREMOR,c9b7d05dda84
1776793350395,324032413518724,-0.5386954,-6.5241995,6.993463,-5.788559,0.112399206,0.2724459,TREMOR,c9b7d05dda84
1776793350422,324032433538255,-0.91219085,-10.697293,5.899313,-5.2888713,-0.10751228,0.22479841,TREMOR,c9b7d05dda84
1776793350443,324032453588304,-0.521936,-14.2622595,6.0716953,-2.669481,-0.30543262,0.057421334,TREMOR,c9b7d05dda84
1776793350455,324032473607835,0.6943185,-13.522451,5.66947,1.9083431,-0.35430184,-0.27366763,TREMOR,c9b7d05dda84
1776793350474,324032493718919,1.9177556,-6.2392898,6.31351,5.7604594,-0.065973446,-0.34330627,TREMOR,c9b7d05dda84
1776793350495,324032513768968,1.352724,-1.8411411,7.85777,6.5069366,0.34330627,-0.2321288,TREMOR,c9b7d05dda84
1776793350531,324032533849534,-0.35194764,0.24420857,9.153033,4.8246136,0.4801401,-0.13927728,TREMOR,c9b7d05dda84
1776793350537,324032553899583,-0.38067806,0.23942018,9.797073,2.1661282,0.19303341,-0.013439035,TREMOR,c9b7d05dda84
1776793350555,324032573949632,0.38307226,-0.23223756,9.758766,-0.7318166,0.014660766,0.12217305,TREMOR,c9b7d05dda84
1776793350575,324032594030198,0.2825158,-2.5689783,8.674192,-3.0616567,-0.10629055,0.2003638,TREMOR,c9b7d05dda84
1776793350601,324032614049729,0.19632454,-4.2281604,8.020576,-4.3493605,-0.087964594,0.23335053,TREMOR,c9b7d05dda84
1776793350622,324032634099778,0.36870706,-5.616797,7.357382,-4.7073274,-0.03176499,0.28221974,TREMOR,c9b7d05dda84
1776793350638,324032654149827,0.22266077,-7.680599,7.055712,-4.6340237,0.064751714,0.2883284,TREMOR,c9b7d05dda84
1776793350660,324032674169358,-0.5554548,-9.414001,6.1004257,-4.3395867,0.05009095,0.21135938,TREMOR,c9b7d05dda84
1776793350675,324032694219407,-0.45489833,-11.425131,5.60722,-2.93704,-0.095294975,0.037873644,TREMOR,c9b7d05dda84
1776793350700,324032714269456,-0.320823,-14.863204,4.644751,-0.172264,-0.26511553,-0.10262536,TREMOR,c9b7d05dda84
1776793350722,324032734288987,1.0319009,-10.955867,5.523423,3.6908479,-0.24801129,-0.408058,TREMOR,c9b7d05dda84
1776793350739,324032754339036,1.1731589,-6.4906807,6.0884547,6.6620965,0.004886922,-0.32742378,TREMOR,c9b7d05dda84
1776793350760,324032774358567,0.89064306,-1.6136919,6.8186865,7.5173078,0.20891592,-0.2761111,TREMOR,c9b7d05dda84
1776793350775,324032794378099,0.8690952,2.1930888,8.968679,5.998697,0.4569272,-0.04153884,TREMOR,c9b7d05dda84
1776793350797,324032814428147,-0.79966336,3.0765493,11.2312,1.9767599,0.5204572,-0.18448131,TREMOR,c9b7d05dda84
1776793350822,324032834478196,-0.7541735,-0.3184288,10.309433,-2.1856759,-0.06719518,0.0036651916,TREMOR,c9b7d05dda84
1776793350843,324032854528245,0.60094464,-3.3303347,8.173804,-4.6083674,-0.42394048,0.14294247,TREMOR,c9b7d05dda84
1776793350855,324032874578294,1.2808979,-5.4563856,6.931214,-5.2534413,-0.26145032,0.17837265,TREMOR,c9b7d05dda84
1776793350876,324032894628343,0.34715924,-8.212111,6.6989765,-4.5814896,0.0036651916,0.27000242,TREMOR,c9b7d05dda84
1776793350900,324032914678392,-0.8451532,-12.557588,6.5984197,-2.3860397,-0.012217305,0.08674286,TREMOR,c9b7d05dda84
1776793350928,324032934697923,0.17477672,-11.856087,6.4188547,1.6652187,-0.21868975,-0.16737708,TREMOR,c9b7d05dda84
1776793350938,324032954747972,1.7645266,-4.781221,7.3885064,5.1471505,-0.002443461,-0.09896017,TREMOR,c9b7d05dda84
1776793350959,324032974828538,0.7757214,-0.6392518,8.585608,5.4415874,0.43982297,-0.013439035,TREMOR,c9b7d05dda84
1776793350979,324032994878587,-0.80924016,2.2002714,10.553641,2.806315,0.6817256,-0.065973446,TREMOR,c9b7d05dda84
1776793351006,324033014959153,-1.4197617,0.8403648,10.409989,-1.4697418,0.24923302,-0.017104227,TREMOR,c9b7d05dda84
1776793351027,324033035009202,-0.39504328,-3.098097,8.197746,-5.0066514,-0.33841935,0.13561209,TREMOR,c9b7d05dda84
1776793351037,324033055059251,0.7350199,-5.9184666,6.6630635,-6.508158,-0.41416663,0.13561209,TREMOR,c9b7d05dda84
1776793351056,324033075170335,0.90021986,-8.640674,5.657499,-6.0658917,-0.2125811,0.24923302,TREMOR,c9b7d05dda84
1776793351076,324033095189866,-0.11492168,-11.750742,4.618415,-4.212527,-0.019547688,0.204029,TREMOR,c9b7d05dda84
1776793351097,324033115239915,-0.7015011,-16.33085,4.807557,-0.6817256,-0.18081611,-0.22357668,TREMOR,c9b7d05dda84
1776793351126,324033135289964,1.1779473,-10.874464,5.2002063,4.089132,-0.26389378,-0.3371976,TREMOR,c9b7d05dda84
1776793351137,324033155340013,1.7980455,-4.0821137,6.033388,6.8074822,0.080634214,-0.18203785,TREMOR,c9b7d05dda84
1776793351167,324033175359544,0.7637503,-0.079008654,7.6494746,6.173404,0.56199604,-0.019547688,TREMOR,c9b7d05dda84
1776793351177,324033195409593,-1.1420342,1.1803415,9.3421755,2.8820622,0.70371675,-0.0036651916,TREMOR,c9b7d05dda84
1776793351207,324033215490159,-1.5275006,-0.7469909,9.466674,-1.5247196,0.30543262,0.03176499,TREMOR,c9b7d05dda84
1776793351222,324033235509690,-0.7350199,-5.3821654,7.8170686,-4.4703116,-0.27122417,0.12461651,TREMOR,c9b7d05dda84
1776793351244,324033255590257,0.6584055,-8.532935,6.670246,-4.959004,-0.4251622,0.19425514,TREMOR,c9b7d05dda84
1776793351256,324033275640306,1.4700398,-8.690952,6.2009826,-3.3328807,-0.13561209,0.31520647,TREMOR,c9b7d05dda84
1776793351276,324033295690354,0.33279404,-8.408437,6.10282,-1.4905112,0.22602014,0.25534168,TREMOR,c9b7d05dda84
1776793351315,324033315709886,-1.1875241,-10.740389,6.4284315,-0.16249016,0.14905111,0.059864793,TREMOR,c9b7d05dda84
1776793351321,324033335759935,-0.6631939,-11.808203,6.232107,2.01219,-0.21624629,-0.119729586,TREMOR,c9b7d05dda84
1776793351344,324033355840501,0.878672,-8.487445,6.5098343,4.7073274,-0.20769419,-0.15027285,TREMOR,c9b7d05dda84
1776793351357,324033375890550,0.7757214,-3.7660792,7.639898,5.9412756,0.112399206,-0.24190263,TREMOR,c9b7d05dda84
1776793351379,324033395940599,0.05746084,-0.40940848,8.832211,5.1385984,0.33475417,-0.11728613,TREMOR,c9b7d05dda84
1776793351411,324033415990647,-0.2825158,1.6376339,10.364499,2.2748623,0.36651915,-0.16615535,TREMOR,c9b7d05dda84
1776793351418,324033436040696,-0.80684596,-0.2705448,9.801862,-1.4343116,0.035430185,-0.10873401,TREMOR,c9b7d05dda84
1776793351449,324033456090745,0.10295067,-3.5290532,8.406042,-3.9938369,-0.36041048,0.05131268,TREMOR,c9b7d05dda84
1776793351459,324033476140794,1.2354081,-5.2026005,7.0245876,-4.796514,-0.32742378,0.11484267,TREMOR,c9b7d05dda84
1776793351478,324033496221360,0.9504981,-5.813122,6.981492,-4.6120324,0.028099801,0.29443705,TREMOR,c9b7d05dda84
1776793351515,324033516271409,-0.9864111,-9.126697,6.981492,-4.0463715,0.13439035,0.25534168,TREMOR,c9b7d05dda84
1776793351525,324033536321458,-1.5466543,-13.318944,5.791574,-2.2956316,-0.105068825,-0.037873644,TREMOR,c9b7d05dda84
1776793351547,324033556402024,0.41180268,-10.254366,6.2967505,0.6291912,-0.204029,-0.09407325,TREMOR,c9b7d05dda84
1776793351557,324033576452073,1.0869676,-6.3781533,7.120356,2.6975808,0.04520403,-0.10751228,TREMOR,c9b7d05dda84
1776793351586,324033596471604,-0.61291564,-6.4906807,7.565677,2.9138272,0.15760323,-0.19914207,TREMOR,c9b7d05dda84
1776793351607,324033616521653,-1.3599066,-8.221688,7.8529816,2.7574458,-0.18203785,-0.34208453,TREMOR,c9b7d05dda84
1776793351639,324033636541185,0.7230489,-5.959168,7.9272017,3.6664133,-0.41050145,-0.18448131,TREMOR,c9b7d05dda84
1776793351643,324033656621751,1.7190368,-2.0685902,8.032547,4.0084977,-0.0842994,-0.11484267,TREMOR,c9b7d05dda84
1776793351658,324033676702317,0.5315128,1.0989386,9.935937,1.8289305,0.49602258,-0.13439035,TREMOR,c9b7d05dda84
1776793351678,324033696752366,-1.055843,-0.2777274,9.3733,-1.8191566,0.30176744,-0.23457226,TREMOR,c9b7d05dda84
1776793351713,324033716863450,-0.3854665,-3.3734303,7.9008656,-4.834388,-0.15027285,-0.13194689,TREMOR,c9b7d05dda84
1776793351725,324033736944017,0.7565677,-5.758055,5.8107276,-6.2308254,-0.23701571,-0.062308256,TREMOR,c9b7d05dda84
1776793351740,324033756994065,0.92176765,-8.796297,4.7860093,-6.2613688,-0.021991149,0.08307768,TREMOR,c9b7d05dda84
1776793351759,324033777013597,-0.81163436,-15.648502,4.630386,-4.582711,0.02076942,-0.02565634,TREMOR,c9b7d05dda84
1776793351778,324033797124681,-0.94092125,-17.700333,5.2959743,-2.6755898,-0.064751714,-0.24190263,TREMOR,c9b7d05dda84
1776793351810,324033817174729,1.055843,-12.725182,5.434838,2.9223793,-0.32375857,-0.37018433,TREMOR,c9b7d05dda84
1776793351819,324033837255296,2.0278888,-5.650316,5.6239796,7.032281,0.062308256,-0.29932398,TREMOR,c9b7d05dda84
1776793351850,324033857305345,1.2880806,-1.6400281,7.041347,6.677979,0.23945917,-0.18448131,TREMOR,c9b7d05dda84
1776793351873,324033877355394,-0.39983168,-0.0047884034,8.805874,4.084245,0.37751472,-0.02076942,TREMOR,c9b7d05dda84
1776793351880,324033897435960,-0.9528923,-1.6639702,9.349358,0.84665924,0.047647487,0.009773844,TREMOR,c9b7d05dda84
1776793351907,324033917547044,-0.7733272,-7.4603324,8.762778,-1.0641272,-0.4605924,0.013439035,TREMOR,c9b7d05dda84
1776793351920,324033937597093,1.388637,-7.843405,8.061277,-0.47403142,-0.6426302,-0.07086037,TREMOR,c9b7d05dda84
1776793351944,324033957677659,1.5155296,-5.269638,8.054094,1.3536774,-0.17104226,0.021991149,TREMOR,c9b7d05dda84
1776793351959,324033977727708,0.5626374,-3.0789435,8.276755,1.858252,0.12950343,-0.04642576,TREMOR,c9b7d05dda84
1776793351980,324033997777757,1.2090719,0.15083471,9.251195,0.5009095,0.30665436,-0.089186326,TREMOR,c9b7d05dda84
1776793352006,324034017827806,0.2825158,0.090979666,8.817844,-2.2492058,0.34574974,0.002443461,TREMOR,c9b7d05dda84
1776793352023,324034037847337,-0.1364695,-1.6950948,7.716512,-5.3866096,0.1966986,0.112399206,TREMOR,c9b7d05dda84
1776793352039,324034057927903,-0.19632454,-6.64391,5.6407394,-7.1178017,-0.08552113,0.22602014,TREMOR,c9b7d05dda84
1776793352063,324034078008470,-0.59376204,-14.044387,4.0078936,-6.6449924,-0.28588495,0.26267207,TREMOR,c9b7d05dda84
1776793352080,324034098089036,-0.10295067,-18.018763,4.501099,-2.5802948,-0.42394048,0.014660766,TREMOR,c9b7d05dda84
1776793352106,324034118169602,1.6783354,-10.788273,4.699818,3.4513886,-0.3359759,-0.058643065,TREMOR,c9b7d05dda84
1776793352123,324034138250169,1.7118542,-5.291186,5.554548,6.414085,-0.119729586,-0.1441642,TREMOR,c9b7d05dda84
1776793352140,324034158300218,1.0247183,-2.468422,7.053318,6.365216,0.1282817,-0.061086524,TREMOR,c9b7d05dda84
1776793352164,324034178350267,-0.04309563,-1.2545617,8.813056,4.1758747,0.26267207,0.10751228,TREMOR,c9b7d05dda84
1776793352190,324034198430833,-0.81642276,-2.3056161,9.888053,0.99204516,0.16126843,0.17470746,TREMOR,c9b7d05dda84
1776793352201,324034218511399,-0.5434838,-5.0134583,9.126697,-1.5467108,-0.15393804,0.15271631,TREMOR,c9b7d05dda84
1776793352231,324034238561448,0.61291564,-6.991069,7.9152308,-2.4080307,-0.36163223,0.10140363,TREMOR,c9b7d05dda84
1776793352239,324034258580979,1.4269443,-7.0341644,7.252037,-1.6859881,-0.2321288,0.06841691,TREMOR,c9b7d05dda84
1776793352260,324034278631028,1.5155296,-4.876989,7.4148426,-0.8491027,0.15149458,0.036651913,TREMOR,c9b7d05dda84
1776793352286,324034298681077,0.30166942,-4.6710877,7.5800424,-1.2119566,0.34697145,0.0012217305,TREMOR,c9b7d05dda84
1776793352306,324034318761644,-0.07182605,-5.8226986,7.3765354,-2.1038198,0.20647246,0.035430185,TREMOR,c9b7d05dda84
1776793352322,324034338811692,-1.0199299,-11.712435,6.8426285,-2.276084,-0.13439035,0.042760566,TREMOR,c9b7d05dda84
1776793352346,324034358861741,-0.60812724,-17.580624,5.482722,0.31520647,-0.58276546,-0.38362336,TREMOR,c9b7d05dda84
1776793352360,324034378972825,2.3415294,-8.655039,5.461174,5.5588737,-0.408058,-0.37873647,TREMOR,c9b7d05dda84
1776793352390,324034399022874,2.2625206,-0.8738836,6.3087215,7.870388,0.19181168,-0.2687807,TREMOR,c9b7d05dda84
1776793352411,324034419103440,0.41180268,2.6024973,8.731653,6.4715066,0.535118,-0.25045475,TREMOR,c9b7d05dda84
1776793352421,324034439122972,-0.3854665,2.9592333,10.429143,2.7867672,0.27977628,-0.31520647,TREMOR,c9b7d05dda84
1776793352440,324034459203538,0.39743748,0.78290397,10.067618,-1.097114,-0.10629055,0.0036651916,TREMOR,c9b7d05dda84
1776793352465,324034479253587,0.79726917,-2.540248,8.887277,-3.7201693,-0.23823744,0.18936823,TREMOR,c9b7d05dda84
1776793352489,324034499273118,0.93852705,-4.6686935,7.967903,-4.701219,-0.18203785,0.25900686,TREMOR,c9b7d05dda84
1776793352506,324034519292649,0.56982,-6.481104,7.309498,-4.269948,-0.04520403,0.3652974,TREMOR,c9b7d05dda84
1776793352523,324034539312181,0.4237737,-6.600814,7.1826053,-3.1789427,0.13439035,0.37873647,TREMOR,c9b7d05dda84
1776793352544,324034559392747,-0.2681506,-7.5561004,7.1490865,-2.2650883,0.1966986,0.25289822,TREMOR,c9b7d05dda84
1776793352560,324034579442796,-0.074220255,-7.2711906,7.302315,-1.690875,0.1441642,0.07452556,TREMOR,c9b7d05dda84
1776793352589,324034599492845,0.16998832,-7.3885064,7.129933,-1.4367551,0.09773844,0.034208454,TREMOR,c9b7d05dda84
1776793352606,324034619573411,0.050278235,-8.152257,6.8162923,-1.287704,0.04520403,0.02076942,TREMOR,c9b7d05dda84
1776793352622,324034639623460,-0.25139117,-11.353305,6.4547677,-0.52412236,-0.1001819,-0.064751714,TREMOR,c9b7d05dda84
1776793352644,324034659673509,0.6967127,-10.670957,6.7324953,1.5234979,-0.23823744,-0.21991149,TREMOR,c9b7d05dda84
1776793352660,324034679754075,1.5035586,-6.7229185,6.885724,3.9425242,-0.07696902,-0.12095132,TREMOR,c9b7d05dda84
1776793352689,324034699834642,0.92655605,-3.5793316,7.359776,4.710993,0.16982053,-0.13561209,TREMOR,c9b7d05dda84
1776793352711,324034719884690,-0.04070143,-2.60968,8.250419,3.9241984,0.267559,-0.047647487,TREMOR,c9b7d05dda84
1776793352721,324034739934739,0.7254431,-1.1899183,8.963891,2.2650883,0.16493362,0.013439035,TREMOR,c9b7d05dda84
1776793352743,324034759984788,0.90979666,1.1444284,9.485827,-0.59131753,0.4886922,0.09773844,TREMOR,c9b7d05dda84
1776793352761,324034780034837,-1.0414777,-1.8363527,8.42759,-4.3066,0.4129449,0.10751228,TREMOR,c9b7d05dda84
1776793352784,324034800115403,-1.1899183,-6.5218053,6.703765,-6.9834113,-0.0842994,0.039095376,TREMOR,c9b7d05dda84
1776793352816,324034820195970,-0.48362875,-13.421895,4.292804,-6.758613,-0.47647488,0.15760323,TREMOR,c9b7d05dda84
1776793352827,324034840246019,1.5275006,-15.442601,4.237737,-3.0482175,-0.4642576,-0.1600467,TREMOR,c9b7d05dda84
1776793352841,324034860296067,1.7717092,-11.707646,5.1355624,1.7690657,0.02321288,-0.18570304,TREMOR,c9b7d05dda84
1776793352862,324034880407151,0.62728083,-8.195353,6.0525417,4.6987753,0.19792034,-0.54244834,TREMOR,c9b7d05dda84
1776793352890,324034900457200,0.9768343,-4.0773253,6.634333,5.925393,0.13683382,-0.3811799,TREMOR,c9b7d05dda84
1776793352910,324034920476731,1.1803415,-2.3774424,7.299921,5.834985,0.16126843,-0.2321288,TREMOR,c9b7d05dda84
1776793352923,324034940526780,0.5506664,-0.37828386,9.083601,2.5619688,0.2932153,-0.009773844,TREMOR,c9b7d05dda84
1776793352944,324034960607347,-0.6560113,-0.78529817,9.703699,0.9602802,0.21380283,-0.021991149,TREMOR,c9b7d05dda84
1776793352963,324034980657395,-0.20590134,-2.6527755,9.0476885,-1.8509218,-0.11728613,0.04153884,TREMOR,c9b7d05dda84
1776793352999,324035000737962,0.7302315,-4.8937483,7.893683,-3.3793066,-0.2968805,0.18570304,TREMOR,c9b7d05dda84
1776793353008,324035020788011,1.30484,-5.746084,7.0964136,-3.6163223,-0.1685988,0.19303341,TREMOR,c9b7d05dda84
1776793353027,324035040838060,0.51954174,-5.9878983,6.7229185,-3.5931094,0.14660765,0.26633725,TREMOR,c9b7d05dda84
1776793353043,324035060918626,-0.89543146,-9.55047,5.595249,-3.4367278,0.14172074,0.16737708,TREMOR,c9b7d05dda84
1776793353065,324035080999192,-1.2306197,-17.0946,4.4843397,-1.8191566,-0.16126843,-0.073303826,TREMOR,c9b7d05dda84
1776793353098,324035101079759,1.388637,-12.950237,5.0254292,2.8295279,-0.23335053,-0.33353242,TREMOR,c9b7d05dda84
1776793353110,324035121129808,2.111686,-3.6032736,7.189788,7.125132,0.2932153,-0.017104227,TREMOR,c9b7d05dda84
1776793353129,324035141210374,0.06943185,1.4460979,8.700529,7.089702,0.63407815,0.07452556,TREMOR,c9b7d05dda84
1776793353142,324035161321458,-1.6017209,2.0829554,10.093954,3.6908479,0.46914452,-0.010995574,TREMOR,c9b7d05dda84
1776793353163,324035181371507,-0.80445176,-1.5490485,10.254366,-0.23090707,-0.21502456,-0.029321533,TREMOR,c9b7d05dda84
1776793353200,324035201452073,0.7493851,-4.1132383,9.437943,-2.3188446,-0.41050145,0.1001819,TREMOR,c9b7d05dda84
1776793353206,324035221502122,0.8643068,-6.337452,7.9008656,-2.8771753,-0.29932398,0.05497787,TREMOR,c9b7d05dda84
1776793353224,324035241521653,0.7374141,-7.395689,6.885724,-2.1539109,-0.10995574,0.07819075,TREMOR,c9b7d05dda84
1776793353243,324035261541185,0.6823475,-6.9240313,6.943185,-0.7672467,0.096516706,0.09162979,TREMOR,c9b7d05dda84
1776793353271,324035281560716,0.40940848,-5.659893,7.5106106,0.3652974,0.20525073,0.02687807,TREMOR,c9b7d05dda84
1776793353296,324035301641282,0.4357447,-3.9312792,8.406042,0.5412266,0.28588495,0.002443461,TREMOR,c9b7d05dda84
1776793353306,324035321660813,0.062249243,-2.4899697,9.502586,-0.7440339,0.40683624,0.057421334,TREMOR,c9b7d05dda84
1776793353325,324035341741380,-1.0175357,-4.3861775,8.655039,-2.8771753,0.22357668,0.087964594,TREMOR,c9b7d05dda84
1776793353343,324035361791429,-0.5363012,-7.0844426,7.129933,-4.2479568,-0.17715092,0.12461651,TREMOR,c9b7d05dda84
1776793353369,324035381841477,0.49799395,-10.031705,5.81791,-3.9107592,-0.40439278,0.14172074,TREMOR,c9b7d05dda84
1776793353390,324035401891526,1.0031705,-11.36767,5.4779334,-2.0500638,-0.25289822,0.043982297,TREMOR,c9b7d05dda84
1776793353407,324035421972093,-0.18435353,-13.215993,5.6359506,0.56688297,-0.1160644,-0.15027285,TREMOR,c9b7d05dda84
1776793353424,324035442022142,0.011971008,-13.215993,5.1523223,4.2320743,-0.2846632,-0.48991394,TREMOR,c9b7d05dda84
1776793353443,324035462102708,1.8674773,-6.2752028,5.4779334,7.63215,-0.19792034,-0.4605924,TREMOR,c9b7d05dda84
1776793353478,324035482213792,1.7525556,-0.08619126,7.1275387,8.144055,0.3371976,-0.25778514,TREMOR,c9b7d05dda84
1776793353483,324035502263841,-0.30166942,3.4596214,9.586384,5.6553903,0.68661255,-0.16371189,TREMOR,c9b7d05dda84
1776793353518,324035522313890,-1.376666,2.6862943,10.072407,1.5467108,0.2932153,-0.25534168,TREMOR,c9b7d05dda84
1776793353529,324035542363938,0.21787235,0.40701428,9.600749,-2.307849,-0.17592919,0.052534413,TREMOR,c9b7d05dda84
1776793353544,324035562413987,0.5793968,-2.6599581,8.080431,-4.8123965,-0.34208453,0.081855945,TREMOR,c9b7d05dda84
1776793353568,324035582494554,0.45010993,-5.7628436,7.577648,-5.7225857,-0.25045475,0.13194689,TREMOR,c9b7d05dda84
1776793353598,324035602575120,-0.6655881,-12.023681,6.7253127,-4.6132545,-0.376293,0.12950343,TREMOR,c9b7d05dda84
1776793353606,324035622625169,0.18914193,-13.850457,6.6415157,-1.0103711,-0.49968776,-0.09773844,TREMOR,c9b7d05dda84
1776793353627,324035642675218,1.7884687,-8.42759,6.423643,3.6688566,-0.2883284,-0.15515977,TREMOR,c9b7d05dda84
1776793353644,324035662755784,1.8579005,-2.2170308,7.40766,5.869193,0.2443461,-0.1282817,TREMOR,c9b7d05dda84
1776793353685,324035682805833,0.0,1.115698,9.136273,4.9345694,0.64873886,-0.112399206,TREMOR,c9b7d05dda84
1776793353697,324035702886399,-1.1611878,2.0111294,10.601525,1.9682078,0.48624873,-0.16493362,TREMOR,c9b7d05dda84
1776793353704,324035722936448,-0.34955344,0.09816227,10.163386,-1.5528195,-0.009773844,-0.002443461,TREMOR,c9b7d05dda84
1776793353735,324035742986497,0.557849,-3.1052797,8.662222,-3.9706242,-0.26511553,0.11362094,TREMOR,c9b7d05dda84
1776793353748,324035763036546,0.7326257,-5.841852,7.5920134,-4.7635274,-0.21135938,0.17715092,TREMOR,c9b7d05dda84
1776793353777,324035783086595,0.045489833,-9.222465,7.0006456,-3.8484511,-0.1685988,0.22357668,TREMOR,c9b7d05dda84
1776793353785,324035803136644,0.4261679,-9.715671,6.9527617,-1.5723672,-0.15149458,0.111177474,TREMOR,c9b7d05dda84
1776793353807,324035823217210,0.90500826,-8.166622,6.993463,0.9663888,-0.07086037,0.05497787,TREMOR,c9b7d05dda84
1776793353828,324035843297776,0.79966336,-5.793968,7.4962454,2.4349089,0.1160644,-0.10140363,TREMOR,c9b7d05dda84
1776793353844,324035863378343,-0.059855044,-5.257667,8.717288,2.5460863,0.25289822,-0.11728613,TREMOR,c9b7d05dda84
1776793353873,324035883458909,-0.9959879,-7.5561004,8.963891,2.3200662,0.119729586,-0.19058995,TREMOR,c9b7d05dda84
1776793353890,324035903508958,0.2657564,-5.554548,8.872911,2.8612928,-0.23945917,-0.24923302,TREMOR,c9b7d05dda84
1776793353913,324035923620042,1.5729905,-1.0582372,9.212888,3.3756413,-0.096516706,-0.010995574,TREMOR,c9b7d05dda84
1776793353925,324035943670091,0.5722142,0.34237084,10.0748005,2.2137756,0.07086037,-0.089186326,TREMOR,c9b7d05dda84
1776793353948,324035963750657,0.22505496,-0.6727707,9.952697,0.13316862,-0.13683382,-0.14905111,TREMOR,c9b7d05dda84
1776793353980,324035983800706,1.5442601,-1.388637,9.239224,-1.5088371,-0.27977628,-0.004886922,TREMOR,c9b7d05dda84
1776793353986,324036003850755,1.661576,-1.1252748,8.664616,-2.7684412,-0.02076942,0.037873644,TREMOR,c9b7d05dda84
1776793354007,324036023931321,1.0630256,-1.5777789,7.6255326,-4.02438,0.22235495,0.13072516,TREMOR,c9b7d05dda84
1776793354029,324036044011888,0.1436521,-4.829105,6.6534867,-5.158146,0.25411993,0.19181168,TREMOR,c9b7d05dda84
1776793354045,324036064061936,-0.29688102,-9.263166,6.421249,-5.3682837,0.14538592,0.0720821,TREMOR,c9b7d05dda84
1776793354073,324036084142503,-0.9696517,-11.669339,6.6510925,-4.7525315,0.052534413,0.059864793,TREMOR,c9b7d05dda84
1776793354090,324036104192552,-0.34715924,-13.5535755,6.7468605,-1.6713274,-0.1441642,-0.0720821,TREMOR,c9b7d05dda84
1776793354118,324036124273118,1.1420342,-9.907207,6.042965,2.1930063,-0.1563815,-0.21502456,TREMOR,c9b7d05dda84
1776793354128,324036144353685,1.496376,-4.783615,6.801927,4.2723913,0.029321533,-0.24556783,TREMOR,c9b7d05dda84
1776793354145,324036164464769,0.6368576,-2.480393,7.9367785,4.043928,0.21991149,-0.15393804,TREMOR,c9b7d05dda84
1776793354169,324036184545335,-0.21308395,-1.6136919,9.050082,2.3848178,0.15882497,-0.059864793,TREMOR,c9b7d05dda84
1776793354205,324036204595384,-0.22984336,-3.5697548,9.021352,0.3286455,-0.057421334,0.057421334,TREMOR,c9b7d05dda84
1776793354210,324036224645433,0.14844051,-5.638345,8.760384,-1.0201449,-0.28344148,-0.0036651916,TREMOR,c9b7d05dda84
1776793354232,324036244725999,1.1348516,-5.717354,8.604761,-0.70371675,-0.27000242,0.096516706,TREMOR,c9b7d05dda84
1776793354246,324036264776048,0.9840169,-4.675876,8.183381,-0.037873644,-0.065973446,0.08674286,TREMOR,c9b7d05dda84
1776793354274,324036284856614,1.0175357,-2.4708161,8.549694,-0.4251622,0.23457226,0.05497787,TREMOR,c9b7d05dda84
1776793354295,324036304937181,-0.11971009,-2.7030537,8.5473,-2.1649065,0.34330627,0.09040806,TREMOR,c9b7d05dda84
1776793354307,324036324956712,-0.47165772,-5.231331,8.039729,-3.98895,0.118507855,0.119729586,TREMOR,c9b7d05dda84
1776793354327,324036345067796,-0.6631939,-11.480197,6.3901243,-4.1050143,-0.2773328,0.073303826,TREMOR,c9b7d05dda84
1776793354346,324036365148362,0.10534488,-16.903065,5.0613422,-1.2437216,-0.5497787,-0.25778514,TREMOR,c9b7d05dda84
1776793354374,324036385167894,1.8291701,-12.562376,4.9344497,4.1099014,-0.27855456,-0.4605924,TREMOR,c9b7d05dda84
1776793354390,324036405278977,1.7381904,-3.763685,6.0142345,7.5771723,0.2443461,-0.46792278,TREMOR,c9b7d05dda84
1776793354411,324036425329026,0.878672,1.9177556,7.8386164,7.3951344,0.56321776,-0.19303341,TREMOR,c9b7d05dda84
1776793354427,324036445379075,-0.2801216,4.024653,9.983821,4.3493605,0.47769663,-0.23701571,TREMOR,c9b7d05dda84
1776793354446,324036465429124,-0.047884032,1.8148049,10.290278,0.23457226,-0.09162979,-0.12217305,TREMOR,c9b7d05dda84
1776793354483,324036485479173,1.1109096,-1.1109096,9.083601,-2.6865854,-0.3567453,0.17592919,TREMOR,c9b7d05dda84
1776793354490,324036505559739,1.4628572,-3.2800562,7.9990277,-4.120897,-0.19058995,0.28221974,TREMOR,c9b7d05dda84
1776793354510,324036525609788,0.7565677,-5.2959743,7.690176,-4.4409904,0.010995574,0.39095375,TREMOR,c9b7d05dda84
1776793354528,324036545690354,-0.20829555,-7.9942393,7.4627266,-3.6639698,0.02565634,0.39584067,TREMOR,c9b7d05dda84
1776793354549,324036565770921,0.12449849,-8.073248,7.297527,-2.094046,-0.010995574,0.30543262,TREMOR,c9b7d05dda84
1776793354579,324036585851487,0.40462008,-7.467515,7.383718,-0.57787853,0.034208454,0.25045475,TREMOR,c9b7d05dda84
1776793354587,324036605932054,0.51954174,-5.5976434,7.9367785,0.080634214,0.19425514,0.09896017,TREMOR,c9b7d05dda84
1776793354612,324036625982102,-0.05746084,-4.903325,8.039729,-0.39828414,0.30665436,0.08552113,TREMOR,c9b7d05dda84
1776793354627,324036646001634,-0.24420857,-5.60722,7.680599,-1.4123205,0.20891592,0.11728613,TREMOR,c9b7d05dda84
1776793354647,324036666112718,0.090979666,-7.1945763,7.228095,-2.1649065,0.040317107,0.1881465,TREMOR,c9b7d05dda84
1776793354678,324036686162767,0.35434186,-8.3821,6.9719152,-2.003638,-0.02321288,0.19914207,TREMOR,c9b7d05dda84
1776793354687,324036706212815,0.37349546,-8.578424,7.0102224,-1.1166617,-0.02076942,0.17104226,TREMOR,c9b7d05dda84
1776793354716,324036726232347,0.23463176,-8.209718,7.043741,-0.15393804,-0.034208454,0.103847094,TREMOR,c9b7d05dda84
1776793354727,324036746282395,0.2873042,-7.867347,7.026982,0.56321776,-0.07696902,0.04153884,TREMOR,c9b7d05dda84
1776793354759,324036766362962,-0.17238252,-9.267955,7.6135616,1.0299188,-0.07086037,-0.02687807,TREMOR,c9b7d05dda84
1776793354768,324036786413011,-0.36391866,-11.326968,7.129933,2.252871,-0.27122417,-0.27000242,TREMOR,c9b7d05dda84
1776793354803,324036806432542,0.5434838,-10.263943,7.0126166,4.4556513,-0.35430184,-0.4801401,TREMOR,c9b7d05dda84
1776793354812,324036826513108,1.1827357,-4.5274353,7.089231,6.141639,-0.13194689,-0.47525316,TREMOR,c9b7d05dda84
1776793354828,324036846593675,1.1324574,0.04309563,7.8865004,5.9363885,0.030543262,-0.25534168,TREMOR,c9b7d05dda84
1776793354853,324036866674241,0.5291186,2.1763294,8.992621,3.7702603,0.07574729,-0.2443461,TREMOR,c9b7d05dda84
1776793354878,324036886724290,0.19871874,0.9911995,9.275137,0.79290307,-0.1282817,-0.21502456,TREMOR,c9b7d05dda84
1776793354887,324036906774339,1.4053963,0.095768064,9.356541,-1.7373008,-0.23090707,-0.030543262,TREMOR,c9b7d05dda84
1776793354919,324036926885423,0.8379706,-1.7501614,8.511387,-3.7788124,-0.105068825,0.08674286,TREMOR,c9b7d05dda84
1776793354928,324036946965989,0.5554548,-3.7612908,7.264008,-4.806288,-0.07574729,0.23579398,TREMOR,c9b7d05dda84
1776793354957,324036967046556,1.2066777,-3.9815574,6.682217,-5.181359,0.12583824,0.3921755,TREMOR,c9b7d05dda84
1776793354978,324036987066087,-0.1436521,-6.531382,5.746084,-5.7457986,0.32498032,0.37751472,TREMOR,c9b7d05dda84
1776793354991,324037007177171,-0.7254431,-8.743625,5.374983,-5.644395,0.2932153,0.22602014,TREMOR,c9b7d05dda84
1776793355008,324037027227220,0.009576807,-10.014946,5.638345,-4.418999,0.057421334,0.3640757,TREMOR,c9b7d05dda84
1776793355028,324037047307786,-0.9816227,-16.144102,3.7205894,-2.1966715,-0.15027285,0.14660765,TREMOR,c9b7d05dda84
1776793355067,324037067388352,0.050278235,-14.657303,3.5362358,1.5467108,-0.20525073,-0.3213151,TREMOR,c9b7d05dda84
1776793355075,324037087499436,1.0965444,-8.887277,4.819528,4.8905873,-0.002443461,-0.24312437,TREMOR,c9b7d05dda84
1776793355092,324037107580003,1.0510546,-5.073313,6.7468605,5.924171,0.22357668,-0.2321288,TREMOR,c9b7d05dda84
1776793355113,324037127630052,0.2633622,-2.2098482,8.513782,4.877148,0.39584067,-0.14294247,TREMOR,c9b7d05dda84
1776793355128,324037147680101,-0.5746084,-1.685518,9.030929,2.4972172,0.28588495,-0.035430185,TREMOR,c9b7d05dda84
1776793355157,324037167730149,-0.20829555,-3.145981,9.0476885,-0.13561209,0.028099801,-0.061086524,TREMOR,c9b7d05dda84
1776793355179,324037187780198,-0.02873042,-4.4963107,8.480263,-1.2119566,-0.1001819,-0.09040806,TREMOR,c9b7d05dda84
1776793355190,324037207799729,0.39983168,-8.286332,7.3525934,-2.3139575,-0.3323107,-0.16982053,TREMOR,c9b7d05dda84
1776793355209,324037227819261,1.4197617,-8.331821,7.410054,-1.7482964,-0.30543262,-0.13072516,TREMOR,c9b7d05dda84
1776793355230,324037247869310,1.6903064,-6.6103907,7.603985,0.45081854,0.029321533,-0.07819075,TREMOR,c9b7d05dda84
1776793355267,324037267949876,0.92895025,-4.996699,8.013393,0.6805039,0.09040806,-0.096516706,TREMOR,c9b7d05dda84
1776793355274,324037287999925,0.45729253,-4.927267,8.588001,0.47525316,0.040317107,-0.034208454,TREMOR,c9b7d05dda84
1776793355295,324037308049974,-0.33997664,-10.0341,7.9008656,0.43860126,-0.19303341,-0.07452556,TREMOR,c9b7d05dda84
1776793355310,324037328069505,0.4309563,-11.631032,6.835446,2.0952678,-0.3848451,-0.31031954,TREMOR,c9b7d05dda84
1776793355332,324037348180589,1.9321208,-5.1882353,7.539341,4.783075,-0.089186326,-0.1441642,TREMOR,c9b7d05dda84
1776793355359,324037368230638,1.079785,-0.12689269,9.267955,5.1117206,0.30665436,-0.012217305,TREMOR,c9b7d05dda84
1776793355369,324037388311204,-0.7422025,0.91697925,9.80665,3.150843,0.2724459,-0.08552113,TREMOR,c9b7d05dda84
1776793355401,324037408361253,-0.055066638,-1.1755531,8.872911,0.9798279,-0.24556783,-0.007330383,TREMOR,c9b7d05dda84
1776793355414,324037428441819,1.6663644,-1.3742718,8.796297,-0.30298916,-0.26389378,0.040317107,TREMOR,c9b7d05dda84
1776793355435,324037448491868,1.0319009,-1.0773908,9.088389,-1.7287487,0.06352998,0.052534413,TREMOR,c9b7d05dda84
1776793355466,324037468572435,1.0510546,-0.7062895,8.710106,-3.540575,0.20158553,0.112399206,TREMOR,c9b7d05dda84
1776793355474,324037488622483,0.5650316,-2.3463178,7.716512,-5.6822686,0.27000242,0.21868975,TREMOR,c9b7d05dda84
1776793355491,324037508733567,-0.32321724,-6.5481415,6.3230867,-7.325496,0.26267207,0.12095132,TREMOR,c9b7d05dda84
1776793355510,324037528753099,-1.067814,-11.235989,5.5641246,-7.165449,0.1441642,0.0720821,TREMOR,c9b7d05dda84
1776793355531,324037548803147,-0.49081135,-18.897434,2.825158,-3.9510765,-0.2284636,-0.16615535,TREMOR,c9b7d05dda84
1776793355568,324037568914231,1.8962077,-14.137761,4.1539397,1.4819591,-0.28955013,-0.35918877,TREMOR,c9b7d05dda84
1776793355578,324037588964280,1.8794483,-6.531382,5.815516,5.4611354,0.08307768,-0.47647488,TREMOR,c9b7d05dda84
1776793355594,324037609014329,1.2425907,-2.066196,6.9000893,6.5069366,0.2125811,-0.37018433,TREMOR,c9b7d05dda84
1776793355615,324037629033860,0.47644615,0.14844051,8.865729,4.978552,0.18692477,-0.111177474,TREMOR,c9b7d05dda84
1776793355632,324037649114427,-0.059855044,-0.8571242,10.031705,1.8704693,-0.039095376,0.052534413,TREMOR,c9b7d05dda84
1776793355658,324037669194993,0.45010993,-3.311181,9.299079,-0.5900958,-0.30298916,0.09040806,TREMOR,c9b7d05dda84
1776793355680,324037689245042,1.1994951,-4.6160207,7.9583263,-1.6346754,-0.312763,0.22235495,TREMOR,c9b7d05dda84
1776793355690,324037709295091,1.3000516,-4.84347,7.2424603,-1.9254472,-0.105068825,0.25900686,TREMOR,c9b7d05dda84
1776793355710,324037729345140,0.7422025,-3.799598,7.565677,-2.3970351,0.20769419,0.25411993,TREMOR,c9b7d05dda84
1776793355732,324037749395188,-0.22026655,-5.645528,7.285556,-3.299894,0.26267207,0.21380283,TREMOR,c9b7d05dda84
1776793355758,324037769475755,-0.16519992,-8.075643,6.5146227,-3.7006216,0.10262536,0.18692477,TREMOR,c9b7d05dda84
1776793355774,324037789525804,-0.7589619,-13.663709,4.6830587,-2.6841419,-0.089186326,0.1441642,TREMOR,c9b7d05dda84
1776793355797,324037809606370,0.1340753,-16.905458,3.9384618,0.5705481,-0.3726278,-0.21013765,TREMOR,c9b7d05dda84
1776793355810,324037829656419,2.3558946,-9.193734,5.4085016,5.1288247,-0.13316862,-0.18325958,TREMOR,c9b7d05dda84
1776793355832,324037849675950,1.5705963,-2.2385786,7.632715,7.021285,0.36163223,-0.09773844,TREMOR,c9b7d05dda84
1776793355867,324037869756517,-0.093373865,1.292869,8.971074,5.81055,0.47769663,0.04153884,TREMOR,c9b7d05dda84
1776793355873,324037889806565,-0.4309563,1.3958195,10.208876,2.4556782,0.18081611,0.040317107,TREMOR,c9b7d05dda84
1776793355893,324037909887132,0.581791,-1.1707647,9.703699,-1.0311406,-0.23090707,0.0842994,TREMOR,c9b7d05dda84
1776793355912,324037929906663,1.3742718,-3.4380736,8.367735,-3.1496212,-0.25778514,0.13072516,TREMOR,c9b7d05dda84
1776793355936,324037949956712,1.13964,-5.8346696,7.3430166,-3.9828415,-0.09162979,0.17348573,TREMOR,c9b7d05dda84
1776793355961,324037970006761,0.7230489,-7.6231384,6.777985,-3.657861,0.037873644,0.17837265,TREMOR,c9b7d05dda84
1776793355971,324037990056810,0.94331545,-6.397307,7.103596,-2.7501154,0.2284636,0.17715092,TREMOR,c9b7d05dda84
1776793355999,324038010137376,0.4165911,-5.583278,6.979098,-2.6731462,0.43249258,0.17104226,TREMOR,c9b7d05dda84
1776793356011,324038030156907,-0.31603462,-6.0046577,6.3302693,-3.4526103,0.45937067,0.112399206,TREMOR,c9b7d05dda84
1776793356041,324038050237474,-1.1683705,-9.564836,5.506664,-3.938859,0.17715092,0.13561209,TREMOR,c9b7d05dda84
1776793356058,324038070287522,-0.7661445,-17.53992,3.3255463,-2.1991148,-0.38728857,-0.059864793,TREMOR,c9b7d05dda84
1776793356082,324038090337571,1.4269443,-16.127342,4.098873,2.3457224,-0.45937067,-0.34697145,TREMOR,c9b7d05dda84
1776793356091,324038110387620,1.7788919,-7.6734166,5.920861,6.4800587,0.10995574,-0.30909783,TREMOR,c9b7d05dda84
1776793356116,324038130437669,0.6823475,-2.0278888,6.751649,7.280292,0.4007276,-0.21868975,TREMOR,c9b7d05dda84
1776793356141,324038150487718,-0.02633622,1.0271125,8.252813,5.453805,0.38728857,-0.035430185,TREMOR,c9b7d05dda84
1776793356158,324038170568284,-0.320823,0.6368576,9.65821,1.6920967,0.112399206,-0.009773844,TREMOR,c9b7d05dda84
1776793356175,324038190648851,0.24899697,-2.2625206,8.9998045,-1.690875,-0.20891592,-0.06719518,TREMOR,c9b7d05dda84
1776793356198,324038210729417,0.90979666,-5.0900726,8.02297,-3.363424,-0.25411993,0.05009095,TREMOR,c9b7d05dda84
1776793356211,324038230809983,0.47884035,-9.100361,7.029376,-3.3157766,-0.22602014,0.10995574,TREMOR,c9b7d05dda84
1776793356233,324038250829515,0.557849,-10.556035,6.919243,-1.4831808,-0.2125811,-0.018325957,TREMOR,c9b7d05dda84
1776793356262,324038270910081,0.90261406,-9.033323,6.9599442,1.3817772,-0.09040806,-0.02687807,TREMOR,c9b7d05dda84
1776793356272,324038290960130,0.90740246,-5.379771,7.7548194,3.2143729,0.09040806,-0.0842994,TREMOR,c9b7d05dda84
1776793356302,324038311071214,0.6871359,-2.5809495,8.4108305,3.2766812,0.23457226,-0.039095376,TREMOR,c9b7d05dda84
1776793356313,324038331090745,0.29448682,-0.17238252,9.375694,1.4819591,0.4361578,0.043982297,TREMOR,c9b7d05dda84
1776793356343,324038351171311,-0.21308395,0.02873042,9.555259,-1.5259414,0.3286455,0.10873401,TREMOR,c9b7d05dda84
1776793356352,324038371251878,-0.9672575,-2.645593,8.714894,-2.9846876,0.12461651,0.16493362,TREMOR,c9b7d05dda84
1776793356376,324038391301927,-0.23223756,-6.196194,7.5082164,-4.8221703,-0.29932398,0.23823744,TREMOR,c9b7d05dda84
1776793356392,324038411382493,0.94331545,-8.765172,6.5744777,-4.660902,-0.41905355,0.3323107,TREMOR,c9b7d05dda84
1776793356419,324038431432542,0.8451532,-10.352529,5.865794,-2.992018,-0.23335053,0.3115413,TREMOR,c9b7d05dda84
1776793356441,324038451543626,-0.23463176,-13.081918,5.793968,-0.43371433,-0.13316862,0.018325957,TREMOR,c9b7d05dda84
1776793356458,324038471593675,0.9600749,-11.408371,5.3606176,3.0604348,-0.26267207,-0.20525073,TREMOR,c9b7d05dda84
1776793356476,324038491643724,1.7764976,-5.659893,6.6367273,5.4012704,0.042760566,-0.096516706,TREMOR,c9b7d05dda84
1776793356497,324038511663255,0.39504328,-2.3319526,7.881712,5.3194146,0.40683624,-0.064751714,TREMOR,c9b7d05dda84
1776793356512,324038531743821,-1.0079589,-1.6639702,9.495404,3.6529741,0.39584067,-0.043982297,TREMOR,c9b7d05dda84
1776793356541,324038551763352,-0.8595184,-3.7134068,9.56723,1.6749926,-0.103847094,-0.09896017,TREMOR,c9b7d05dda84
1776793356565,324038571843919,0.9672575,-4.225766,9.01417,0.63285637,-0.35185838,-0.06719518,TREMOR,c9b7d05dda84
1776793356574,324038591893968,1.6591818,-1.5634137,8.913613,-0.08307768,0.012217305,-0.037873644,TREMOR,c9b7d05dda84
1776793356592,324038611913499,0.11252748,-1.2258313,8.726865,-1.890017,0.25411993,0.017104227,TREMOR,c9b7d05dda84
1776793356616,324038632024583,-0.093373865,-2.9472623,7.668628,-4.2968264,0.04520403,0.037873644,TREMOR,c9b7d05dda84
1776793356642,324038652074632,0.61770403,-5.535394,6.7133417,-5.9107323,-0.12461651,0.13561209,TREMOR,c9b7d05dda84
1776793356663,324038672155198,0.61770403,-8.99741,6.0764837,-5.9082885,-0.07086037,0.20280726,TREMOR,c9b7d05dda84
1776793356675,324038692205247,-0.08140286,-12.562376,5.1475334,-4.1331143,0.02565634,0.10140363,TREMOR,c9b7d05dda84
1776793356696,324038712255296,-0.81642276,-17.884687,3.6655228,-0.5497787,-0.103847094,-0.23579398,TREMOR,c9b7d05dda84
1776793356713,324038732274827,0.8355764,-11.908759,4.8865657,4.4446554,-0.17104226,-0.5363397,TREMOR,c9b7d05dda84
1776793356743,324038752294358,1.9488802,-4.010288,6.042965,7.78731,0.057421334,-0.37384954,TREMOR,c9b7d05dda84
1776793356765,324038772344407,1.1468226,0.82121116,7.6470804,7.6993456,0.37995818,-0.24312437,TREMOR,c9b7d05dda84
1776793356774,324038792424974,-0.50757074,4.1515455,10.6158905,4.2589526,0.59864795,-0.16371189,TREMOR,c9b7d05dda84
1776793356793,324038812444505,-1.2306197,1.3263878,10.608707,-0.7293731,0.07574729,-0.058643065,TREMOR,c9b7d05dda84
1776793356814,324038832494554,0.15801731,-2.9999347,8.554482,-4.1734314,-0.49846604,0.15027285,TREMOR,c9b7d05dda84
1776793356842,324038852575120,1.5107412,-6.090849,6.4404025,-5.2888713,-0.53878313,0.20769419,TREMOR,c9b7d05dda84
1776793356858,324038872655686,1.2617443,-8.995016,5.813122,-4.4263296,-0.19547687,0.30665436,TREMOR,c9b7d05dda84
1776793356875,324038892736253,-0.25857377,-12.002133,5.9184666,-2.048842,0.032986723,0.19547687,TREMOR,c9b7d05dda84
1776793356902,324038912786302,-0.39983168,-12.993333,6.1650696,1.8558086,-0.1282817,-0.13805555,TREMOR,c9b7d05dda84
1776793356914,324038932836351,1.1659763,-8.7125,6.2368956,5.8679714,-0.13439035,-0.19058995,TREMOR,c9b7d05dda84
1776793356941,324038952916917,1.340753,-1.8243817,7.6590514,7.597942,0.3005457,-0.18203785,TREMOR,c9b7d05dda84
1776793356972,324038972966966,-0.1412579,2.956839,9.813833,6.1501913,0.7122689,-0.030543262,TREMOR,c9b7d05dda84
1776793356975,324038993017015,-1.3192052,3.9025488,11.18571,2.1600194,0.48502702,-0.1881465,TREMOR,c9b7d05dda84
1776793356996,324039013097581,-0.11971009,0.8571242,10.101137,-2.0146337,-0.13805555,0.030543262,TREMOR,c9b7d05dda84
1776793357014,324039033117112,0.81402856,-2.4947581,8.559271,-4.6657887,-0.37995818,0.11362094,TREMOR,c9b7d05dda84
1776793357044,324039053167161,1.1659763,-4.7022123,7.6351094,-5.5332174,-0.23335053,0.13683382,TREMOR,c9b7d05dda84
1776793357054,324039073278245,0.5267244,-7.00304,7.0461354,-5.039638,-0.032986723,0.26145032,TREMOR,c9b7d05dda84
1776793357078,324039093328294,0.1436521,-8.748413,6.885724,-3.6395352,0.04153884,0.20280726,TREMOR,c9b7d05dda84
1776793357097,324039113378343,0.2801216,-9.105149,6.631939,-1.8044959,-0.002443461,0.09896017,TREMOR,c9b7d05dda84
1776793357116,324039133428392,0.878672,-7.026982,7.3885064,-0.43249258,0.059864793,0.0842994,TREMOR,c9b7d05dda84
1776793357136,324039153478440,0.19632454,-6.6391215,7.644686,-0.13683382,0.16982053,0.042760566,TREMOR,c9b7d05dda84
1776793357156,324039173559007,-0.19632454,-7.1107793,7.3430166,-0.34330627,0.10873401,0.010995574,TREMOR,c9b7d05dda84
1776793357180,324039193639573,-0.50996494,-11.228806,6.4404025,-0.04153884,-0.12217305,-0.05131268,TREMOR,c9b7d05dda84
1776793357194,324039213659104,0.78769237,-10.338163,6.751649,1.7922786,-0.31398472,-0.2602286,TREMOR,c9b7d05dda84
1776793357217,324039233739671,1.6783354,-5.3606176,7.2592196,4.1367793,-0.08307768,-0.0720821,TREMOR,c9b7d05dda84
1776793357242,324039253789720,0.8499416,-2.0949266,7.85777,4.3713517,0.16615535,-0.06963864,TREMOR,c9b7d05dda84
1776793357263,324039273839769,0.11252748,-0.12449849,9.378088,2.4642303,0.30665436,-0.036651913,TREMOR,c9b7d05dda84
1776793357274,324039293889817,-0.5482722,-0.5793968,9.646238,-0.6059783,0.1881465,0.018325957,TREMOR,c9b7d05dda84
1776793357294,324039313939866,0.18914193,-2.1068976,8.4826565,-3.5075881,-0.009773844,0.052534413,TREMOR,c9b7d05dda84
1776793357321,324039334050950,0.4189853,-5.3606176,6.5625067,-5.364619,-0.06841691,0.10873401,TREMOR,c9b7d05dda84
1776793357342,324039354131517,0.4261679,-7.833828,5.506664,-5.9828143,0.05497787,0.14782938,TREMOR,c9b7d05dda84
1776793357363,324039374212083,-0.37349546,-11.089942,4.654328,-5.281541,0.17592919,0.09162979,TREMOR,c9b7d05dda84
1776793357374,324039394262132,-0.7733272,-16.658855,4.175488,-2.575408,-0.05131268,-0.22235495,TREMOR,c9b7d05dda84
1776793357398,324039414312181,1.3934253,-13.491326,4.3239284,2.0060816,-0.26267207,-0.37018433,TREMOR,c9b7d05dda84
1776793357425,324039434392747,1.9081788,-6.7708025,5.9424086,5.3279667,0.062308256,-0.3213151,TREMOR,c9b7d05dda84
1776793357446,324039454412278,0.61291564,-3.359065,6.849811,6.0536747,0.2846632,-0.26511553,TREMOR,c9b7d05dda84
1776793357458,324039474492845,0.14844051,-2.1380222,7.467515,5.7030377,0.28955013,-0.17959438,TREMOR,c9b7d05dda84
1776793357475,324039494512376,-0.33997664,-0.878672,9.224859,3.676187,0.1685988,0.057421334,TREMOR,c9b7d05dda84
1776793357495,324039514531907,-0.30645782,-1.8914193,9.682152,0.8527679,-0.040317107,0.11362094,TREMOR,c9b7d05dda84
1776793357529,324039534551438,-0.3184288,-4.7907977,8.7125,-1.3707817,-0.18448131,0.07574729,TREMOR,c9b7d05dda84
1776793357537,324039554601487,-0.15801731,-8.827422,7.7213006,-1.5125023,-0.37507126,-0.08552113,TREMOR,c9b7d05dda84
1776793357566,324039574682054,0.6919243,-10.275913,6.993463,-0.3811799,-0.35918877,-0.10751228,TREMOR,c9b7d05dda84
1776793357576,324039594732102,1.4628572,-6.2752028,7.5345526,2.2052236,-0.1441642,-0.13316862,TREMOR,c9b7d05dda84
1776793357596,324039614782151,0.8643068,-2.920926,8.528147,3.1312952,0.13805555,-0.112399206,TREMOR,c9b7d05dda84
1776793357633,324039634832200,0.63206923,-0.9744401,9.564836,2.2797492,0.20158553,-0.09896017,TREMOR,c9b7d05dda84
1776793357641,324039654882249,0.16280572,-0.47644615,9.962274,0.12461651,0.21868975,-0.03176499,TREMOR,c9b7d05dda84
1776793357666,324039674962815,-0.32321724,-3.5649664,8.75799,-1.8240436,-0.03176499,0.065973446,TREMOR,c9b7d05dda84
1776793357677,324039695012864,0.7685388,-5.4420204,7.505822,-2.411696,-0.29565877,0.15760323,TREMOR,c9b7d05dda84
1776793357699,324039715093431,1.7860745,-4.2161894,7.3406224,-2.1856759,-0.04520403,0.25289822,TREMOR,c9b7d05dda84
1776793357725,324039735143479,0.58657944,-3.301604,7.943961,-2.8612928,0.42149702,0.34574974,TREMOR,c9b7d05dda84
1776793357751,324039755224046,-1.2401965,-5.5976434,7.225701,-4.46909,0.48502702,0.21868975,TREMOR,c9b7d05dda84
1776793357760,324039775335130,-2.0566192,-10.3692875,6.1770406,-5.343849,0.07452556,0.17592919,TREMOR,c9b7d05dda84
1776793357778,324039795415696,-1.2042835,-19.04827,3.9480386,-3.1630602,-0.57787853,-0.089186326,TREMOR,c9b7d05dda84
1776793357805,324039815465745,2.4851813,-13.948619,3.857059,2.2333233,-0.5143485,-0.43371433,TREMOR,c9b7d05dda84
1776793357825,324039835546311,2.3295584,-5.140351,5.5737014,6.1184263,0.22602014,-0.35308012,TREMOR,c9b7d05dda84
1776793357846,324039855626878,0.61052144,-1.4915876,6.76362,6.6523223,0.4642576,-0.3408628,TREMOR,c9b7d05dda84
1776793357857,324039875707444,-0.09816227,0.19153613,8.731653,4.7806315,0.2687807,-0.14782938,TREMOR,c9b7d05dda84
1776793357876,324039895788011,0.055066638,-0.830788,9.744401,1.7605137,-0.06719518,0.014660766,TREMOR,c9b7d05dda84
1776793357896,324039915868577,0.7733272,-2.0590134,9.248801,-0.7257079,-0.15149458,0.087964594,TREMOR,c9b7d05dda84
1776793357933,324039935918626,0.60094464,-4.1635165,8.51857,-2.2992969,-0.07086037,0.2687807,TREMOR,c9b7d05dda84
1776793357940,324039955968675,0.21787235,-6.1507044,7.606379,-2.7953193,-0.062308256,0.26633725,TREMOR,c9b7d05dda84
1776793357959,324039976018724,0.15562311,-7.4627266,7.311892,-2.2553146,-0.064751714,0.20525073,TREMOR,c9b7d05dda84
1776793357980,324039996099290,0.38067806,-7.563283,7.551312,-1.1301007,-0.05375614,0.17959438,TREMOR,c9b7d05dda84
1776793357998,324040016149339,0.45968673,-6.179435,7.00304,-0.25411993,0.06352998,0.13439035,TREMOR,c9b7d05dda84
1776793358032,324040036168870,0.90021986,-2.633622,8.59279,-0.8527679,0.44593164,0.13194689,TREMOR,c9b7d05dda84
1776793358044,324040056249436,-1.1587936,-4.1180267,7.7691846,-3.0457742,0.56321776,0.10751228,TREMOR,c9b7d05dda84
1776793358060,324040076330003,-2.078167,-9.107543,6.4763155,-4.90647,0.111177474,0.035430185,TREMOR,c9b7d05dda84
1776793358078,324040096410569,-0.4261679,-15.440207,5.020641,-3.7678168,-0.66339964,-0.03176499,TREMOR,c9b7d05dda84
1776793358104,324040116460618,2.2457612,-16.129736,4.10845,0.752586,-0.6426302,-0.30909783,TREMOR,c9b7d05dda84
1776793358126,324040136541185,1.7070658,-9.552865,5.303157,5.277876,0.040317107,-0.42638394,TREMOR,c9b7d05dda84
1776793358148,324040156591233,0.7062895,-3.8977604,6.3589997,7.0481634,0.34697145,-0.45570546,TREMOR,c9b7d05dda84
1776793358159,324040176671800,0.3854665,-0.06464344,7.457938,6.4580674,0.31520647,-0.089186326,TREMOR,c9b7d05dda84
1776793358177,324040196752366,0.05267244,1.3431472,9.217676,3.7751472,0.21624629,0.034208454,TREMOR,c9b7d05dda84
1776793358198,324040216771897,-0.320823,-0.007182605,9.801862,0.24312437,0.014660766,0.02076942,TREMOR,c9b7d05dda84
1776793358225,324040236852464,0.1340753,-2.540248,8.9758625,-2.5509732,-0.19303341,0.15271631,TREMOR,c9b7d05dda84
1776793358247,324040256933030,0.45729253,-5.17387,8.042124,-3.9376373,-0.21746802,0.25045475,TREMOR,c9b7d05dda84
1776793358257,324040276983079,0.320823,-7.577648,7.1754227,-3.8912115,-0.16737708,0.23335053,TREMOR,c9b7d05dda84
1776793358278,324040297094163,0.2657564,-8.920795,6.8545995,-2.5949554,-0.1160644,0.19303341,TREMOR,c9b7d05dda84
1776793358299,324040317113694,0.6464345,-8.025364,6.969521,-0.84299403,-0.04153884,0.12095132,TREMOR,c9b7d05dda84
1776793358328,324040337163743,0.4405331,-6.5720835,7.383718,0.18570304,0.111177474,0.064751714,TREMOR,c9b7d05dda84
1776793358339,324040357183274,-0.10295067,-5.98311,7.752425,0.3042109,0.1600467,0.009773844,TREMOR,c9b7d05dda84
1776793358366,324040377263841,-0.49081135,-7.431602,7.4028716,0.09773844,0.035430185,0.009773844,TREMOR,c9b7d05dda84
1776793358378,324040397344407,-1.0223241,-13.129802,6.495469,0.7855727,-0.21502456,-0.15760323,TREMOR,c9b7d05dda84
1776793358402,324040417394456,0.6751649,-12.440272,6.157887,3.7446039,-0.36163223,-0.39828414,TREMOR,c9b7d05dda84
1776793358426,324040437413987,1.9752164,-4.5920787,6.208165,7.0652676,0.02565634,-0.21624629,TREMOR,c9b7d05dda84
1776793358448,324040457433519,1.1971009,2.6503813,8.001422,7.2192054,0.4092797,0.0,TREMOR,c9b7d05dda84
1776793358459,324040477483567,-0.23702596,5.9184666,10.13705,4.3664646,0.49480084,0.047647487,TREMOR,c9b7d05dda84
1776793358478,324040497503099,-0.18674773,4.132392,10.400413,-0.02443461,0.04153884,0.112399206,TREMOR,c9b7d05dda84
1776793358500,324040517553147,0.46686932,-0.8523358,9.703699,-3.5735617,-0.3555236,0.3494149,TREMOR,c9b7d05dda84
1776793358532,324040537664231,0.9552865,-4.3837833,8.540117,-5.0115385,-0.42149702,0.3213151,TREMOR,c9b7d05dda84
1776793358541,324040557744798,0.94092125,-6.3829417,7.445967,-4.4263296,-0.16371189,0.26267207,TREMOR,c9b7d05dda84
1776793358559,324040577825364,0.34237084,-7.4746976,6.777985,-2.9761355,0.13194689,0.19425514,TREMOR,c9b7d05dda84
1776793358580,324040597844895,0.021547815,-7.8386164,6.7013707,-1.6200147,0.3555236,-0.019547688,TREMOR,c9b7d05dda84
1776793358615,324040617925462,-0.31603462,-7.991845,7.065289,-1.1178834,0.38606682,-0.12705997,TREMOR,c9b7d05dda84
1776793358622,324040638006028,-0.33039984,-7.2831616,8.248025,-0.17104226,0.27366763,-0.23335053,TREMOR,c9b7d05dda84
1776793358642,324040658056077,0.33518824,-5.401319,8.683769,0.593761,0.105068825,-0.08307768,TREMOR,c9b7d05dda84
1776793358663,324040678075608,0.37828386,-4.0318356,8.432379,0.45204028,0.13194689,-0.0720821,TREMOR,c9b7d05dda84
1776793358679,324040698156175,-0.062249243,-4.331111,8.628703,-0.33353242,0.095294975,-0.10751228,TREMOR,c9b7d05dda84
1776793358704,324040718206224,0.22505496,-5.2265425,8.607155,-1.2168436,-0.11362094,-0.042760566,TREMOR,c9b7d05dda84
1776793358725,324040738286790,0.91458505,-6.208165,7.9702973,-1.577254,-0.20891592,0.043982297,TREMOR,c9b7d05dda84
1776793358742,324040758306321,0.60573304,-7.599196,7.759608,-1.4624114,-0.14538592,0.030543262,TREMOR,c9b7d05dda84
1776793358759,324040778386888,-0.055066638,-10.342952,7.795521,-0.4288274,-0.23090707,-0.111177474,TREMOR,c9b7d05dda84
1776793358779,324040798436936,0.94810385,-8.6334915,7.4603324,1.4575244,-0.21991149,-0.20769419,TREMOR,c9b7d05dda84
1776793358801,324040818517503,1.9201498,-3.5769374,7.750031,2.1355848,0.3652974,-0.065973446,TREMOR,c9b7d05dda84
1776793358834,324040838537034,-0.25617957,-1.6950948,7.9032598,0.19792034,0.80878556,-0.04520403,TREMOR,c9b7d05dda84
1776793358843,324040858587083,-1.7477672,-3.821146,7.347805,-2.1697934,0.5497787,-0.007330383,TREMOR,c9b7d05dda84
1776793358864,324040878698167,-1.4053963,-8.094796,6.71813,-3.4941492,-0.096516706,0.061086524,TREMOR,c9b7d05dda84
1776793358879,324040898778733,-0.4261679,-14.202404,6.361394,-2.5583036,-0.6206391,-0.23457226,TREMOR,c9b7d05dda84
1776793358909,324040918828782,1.2737153,-15.538369,6.0764837,1.382999,-0.64996064,-0.4361578,TREMOR,c9b7d05dda84
1776793358925,324040938878831,1.8938135,-7.3885064,6.169858,5.78245,-0.10873401,-0.5375614,TREMOR,c9b7d05dda84
1776793358942,324040958928880,1.2449849,-0.91458505,7.347805,7.1703362,0.24312437,-0.30909783,TREMOR,c9b7d05dda84
1776793358963,324040979009446,0.20111294,3.0071173,9.004593,5.517335,0.31887165,-0.061086524,TREMOR,c9b7d05dda84
1776793358979,324040999090013,-0.25378537,2.9999347,9.916783,2.0561724,0.05497787,-0.10751228,TREMOR,c9b7d05dda84
1776793359001,324041019170579,0.8355764,0.8523358,9.3421755,-1.4453071,-0.26633725,0.04886922,TREMOR,c9b7d05dda84
1776793359035,324041039190110,1.4101849,-1.4149733,7.9343843,-3.8777726,-0.21991149,0.13683382,TREMOR,c9b7d05dda84
1776793359041,324041059209642,0.89543146,-3.9097314,7.0461354,-5.283984,0.040317107,0.17104226,TREMOR,c9b7d05dda84
1776793359065,324041079290208,0.059855044,-6.0884547,6.847417,-5.933945,0.2406809,0.23457226,TREMOR,c9b7d05dda84
1776793359080,324041099401292,-0.38067806,-7.8386164,6.339846,-5.8154373,0.22602014,0.27488935,TREMOR,c9b7d05dda84
1776793359109,324041119451341,-1.103727,-12.306197,5.604826,-4.5448375,-0.030543262,0.27366763,TREMOR,c9b7d05dda84
1776793359130,324041139562425,-0.89303726,-18.301277,4.120421,-1.3903292,-0.43982297,-0.1563815,TREMOR,c9b7d05dda84
1776793359141,324041159642991,1.8698715,-11.554418,4.5537715,3.4953709,-0.31642818,-0.30665436,TREMOR,c9b7d05dda84
1776793359161,324041179723558,1.70946,-4.5418005,5.995081,6.0280185,0.1966986,-0.15760323,TREMOR,c9b7d05dda84
1776793359182,324041199773606,0.3184288,-1.364695,7.3190746,5.742133,0.41172317,-0.087964594,TREMOR,c9b7d05dda84
1776793359209,324041219823655,-0.6560113,-0.9864111,9.102755,3.4684927,0.24190263,0.118507855,TREMOR,c9b7d05dda84
1776793359227,324041239873704,-0.9672575,-4.582502,9.77792,0.9334021,-0.19181168,0.07086037,TREMOR,c9b7d05dda84
1776793359241,324041259893235,0.45250413,-6.754043,8.690952,0.2443461,-0.4642576,-0.112399206,TREMOR,c9b7d05dda84
1776793359264,324041279973802,1.6017209,-5.5282116,8.243237,0.8051204,-0.2724459,-0.047647487,TREMOR,c9b7d05dda84
1776793359281,324041300023851,1.0271125,-3.7253778,8.157045,1.1594223,0.013439035,-0.10995574,TREMOR,c9b7d05dda84
1776793359314,324041320104417,1.0869676,-2.2577322,8.643068,0.8454375,0.065973446,-0.10262536,TREMOR,c9b7d05dda84
1776793359324,324041340154466,1.2282255,-0.79487497,9.102755,-0.28099802,0.13805555,-0.008552114,TREMOR,c9b7d05dda84
1776793359350,324041360173997,0.9552865,-0.8571242,8.935161,-2.0146337,0.20525073,0.13683382,TREMOR,c9b7d05dda84
1776793359360,324041380285081,0.49559975,-1.4341269,8.192958,-4.219857,0.28588495,0.28588495,TREMOR,c9b7d05dda84
1776793359382,324041400335130,-0.5267244,-5.571307,6.715736,-5.9583797,0.17837265,0.3359759,TREMOR,c9b7d05dda84
1776793359409,324041420415696,-1.5059528,-14.070724,4.7429137,-5.6920424,-0.1563815,0.16249016,TREMOR,c9b7d05dda84
1776793359430,324041440496263,-0.021547815,-17.465702,5.068525,-2.1661282,-0.43493605,-0.019547688,TREMOR,c9b7d05dda84
1776793359442,324041460576829,1.6543933,-11.408371,5.195418,3.1789427,-0.21380283,-0.12217305,TREMOR,c9b7d05dda84
1776793359462,324041480626878,1.115698,-5.2049947,6.203377,5.8850756,0.17715092,-0.2602286,TREMOR,c9b7d05dda84
1776793359485,324041500676927,0.30885202,-1.4149733,7.45315,5.863085,0.28710666,-0.14905111,TREMOR,c9b7d05dda84
1776793359509,324041520757493,-0.1340753,0.4429273,9.502586,3.717726,0.21380283,0.028099801,TREMOR,c9b7d05dda84
1776793359527,324041540838060,-0.7062895,-2.0973208,10.101137,0.67073005,-0.04153884,0.02321288,TREMOR,c9b7d05dda84
1776793359542,324041560918626,0.6775591,-3.857059,9.296685,-1.3500122,-0.37018433,0.017104227,TREMOR,c9b7d05dda84
1776793359565,324041580938157,1.4413095,-3.928885,8.288726,-2.2968533,-0.19547687,0.15149458,TREMOR,c9b7d05dda84
1776793359582,324041600988206,0.9528923,-3.7421372,7.4363904,-3.0714304,0.064751714,0.12095132,TREMOR,c9b7d05dda84
1776793359614,324041621099290,0.50278234,-4.5896845,6.9240313,-3.9205332,0.18325958,0.17592919,TREMOR,c9b7d05dda84
1776793359625,324041641118821,0.23223756,-7.192182,5.78918,-4.3395867,0.14660765,0.16982053,TREMOR,c9b7d05dda84
1776793359642,324041661229905,0.06943185,-10.42196,4.960786,-3.9742892,0.19425514,0.15271631,TREMOR,c9b7d05dda84
1776793359663,324041681249436,-0.557849,-14.068329,4.6471453,-2.3017402,0.20158553,0.08552113,TREMOR,c9b7d05dda84
1776793359682,324041701330003,-0.533907,-14.494497,5.2049947,1.2315043,-0.014660766,-0.058643065,TREMOR,c9b7d05dda84
1776793359719,324041721380052,1.0462662,-7.8888946,6.1243677,5.4293704,-0.18325958,-0.032986723,TREMOR,c9b7d05dda84
1776793359727,324041741430101,1.3144168,-2.0207062,7.4483614,7.0115113,-0.032986723,0.10140363,TREMOR,c9b7d05dda84
1776793359752,324041761510667,-0.18674773,0.90021986,9.56723,5.529552,0.20525073,0.12705997,TREMOR,c9b7d05dda84
1776793359762,324041781530198,-0.8834604,0.80205756,10.036493,4.097684,0.12950343,0.081855945,TREMOR,c9b7d05dda84
1776793359783,324041801610765,-0.23463176,-0.4285621,10.381259,0.8210029,-0.15149458,0.081855945,TREMOR,c9b7d05dda84
1776793359816,324041821660813,0.8762778,-2.753332,8.360553,-2.204002,-0.20280726,0.08552113,TREMOR,c9b7d05dda84
1776793359823,324041841741380,0.6727707,-5.523423,6.5960255,-4.387234,0.052534413,0.03176499,TREMOR,c9b7d05dda84
1776793359843,324041861791429,0.47405192,-7.1275387,6.4739213,-5.1642547,0.26633725,0.05497787,TREMOR,c9b7d05dda84
1776793359863,324041881841477,-0.090979666,-8.738836,6.2871737,-4.5313983,0.30909783,0.19914207,TREMOR,c9b7d05dda84
1776793359883,324041901952561,-0.047884032,-9.825804,6.0166287,-3.2070425,0.21624629,0.15271631,TREMOR,c9b7d05dda84
1776793359914,324041922002610,-0.4357447,-12.129025,5.3941364,-1.5357152,0.06841691,0.040317107,TREMOR,c9b7d05dda84
1776793359924,324041942052659,-0.48123455,-14.894329,5.255273,1.1655309,-0.172264,-0.2321288,TREMOR,c9b7d05dda84
1776793359955,324041962072190,1.2066777,-9.26556,5.913678,5.0164256,-0.29932398,-0.26633725,TREMOR,c9b7d05dda84
1776793359963,324041982183274,1.6424223,-2.755726,7.144298,7.032281,-0.1001819,-0.10262536,TREMOR,c9b7d05dda84
1776793359997,324042002233323,0.2777274,0.6727707,8.925584,5.814215,0.19914207,-0.002443461,TREMOR,c9b7d05dda84
1776793360003,324042022313890,-0.9504981,0.34955344,10.268731,2.5033257,0.06719518,-0.02687807,TREMOR,c9b7d05dda84
1776793360041,324042042363938,-0.02873042,-2.0278888,10.036493,-0.6817256,-0.30665436,0.02565634,TREMOR,c9b7d05dda84
1776793360044,324042062444505,1.043872,-3.6487634,8.480263,-2.4862216,-0.2968805,0.02565634,TREMOR,c9b7d05dda84
1776793360065,324042082525071,0.5506664,-5.2002063,7.0844426,-3.413515,-0.029321533,0.04886922,TREMOR,c9b7d05dda84
1776793360086,324042102575120,-0.059855044,-6.919243,6.703765,-3.3426547,0.10629055,0.04520403,TREMOR,c9b7d05dda84
1776793360105,324042122625169,-0.16998832,-8.930372,6.6367273,-2.2773056,0.037873644,0.057421334,TREMOR,c9b7d05dda84
1776793360124,324042142705735,0.5554548,-7.807492,7.465121,-0.59620446,-0.007330383,-0.002443461,TREMOR,c9b7d05dda84
1776793360144,324042162786302,0.47165772,-5.482722,8.049306,0.31764993,0.18325958,0.06963864,TREMOR,c9b7d05dda84
1776793360164,324042182805833,-0.6799533,-5.070919,8.063671,-0.33841935,0.25289822,0.008552114,TREMOR,c9b7d05dda84
1776793360200,324042202825364,-0.7685388,-6.646304,7.4244194,-1.4953982,0.0012217305,0.040317107,TREMOR,c9b7d05dda84
1776793360204,324042222875413,0.1364695,-8.48984,6.8641763,-1.881465,-0.24190263,0.039095376,TREMOR,c9b7d05dda84
1776793360236,324042242894944,0.7374141,-9.885659,6.303933,-0.96883225,-0.21013765,-0.039095376,TREMOR,c9b7d05dda84
1776793360247,324042262944993,0.32561144,-10.362105,6.1243677,0.7476991,-0.09040806,-0.14294247,TREMOR,c9b7d05dda84
1776793360265,324042283025560,-0.4309563,-13.093889,5.521029,3.2217033,-0.21135938,-0.39950588,TREMOR,c9b7d05dda84
1776793360297,324042303045091,1.1372458,-7.4986396,6.1938,6.133087,-0.22113322,-0.52290064,TREMOR,c9b7d05dda84
1776793360305,324042323095140,1.7980455,-0.5602432,7.091625,7.280292,0.13439035,-0.32986724,TREMOR,c9b7d05dda84
1776793360337,324042343206224,1.0223241,4.072537,9.665392,5.379279,0.60231316,-0.23701571,TREMOR,c9b7d05dda84
1776793360345,324042363225755,-0.7517793,5.657499,11.039664,0.6365216,0.6719518,-0.37018433,TREMOR,c9b7d05dda84
1776793360365,324042383306321,-1.0726024,0.19871874,9.078813,-4.3627996,-0.080634214,0.013439035,TREMOR,c9b7d05dda84
1776793360404,324042403417405,0.35194764,-4.805163,6.691794,-6.9736376,-0.63285637,0.1563815,TREMOR,c9b7d05dda84
1776793360410,324042423467454,1.7836803,-8.686164,5.8681884,-6.9333205,-0.5045747,0.23579398,TREMOR,c9b7d05dda84
1776793360427,324042443517503,0.5363012,-13.244724,5.3103395,-4.4874163,-0.17470746,0.3555236,TREMOR,c9b7d05dda84
1776793360445,324042463567552,-0.22026655,-12.734758,5.971139,-0.42149702,-0.0012217305,-0.0012217305,TREMOR,c9b7d05dda84
1776793360466,324042483617601,0.6775591,-9.193734,6.155493,3.4159584,-0.09773844,-0.059864793,TREMOR,c9b7d05dda84
1776793360495,324042503698167,1.2306197,-5.0254292,6.849811,5.226563,0.036651913,-0.07574729,TREMOR,c9b7d05dda84
1776793360504,324042523778733,0.46447513,-1.7764976,8.049306,4.8221703,0.35185838,0.029321533,TREMOR,c9b7d05dda84
1776793360538,324042543828782,-0.6967127,-0.16280572,9.485827,2.6181684,0.4728097,0.13439035,TREMOR,c9b7d05dda84
1776793360547,324042563848313,-1.0390835,-1.103727,9.557653,-0.5717699,0.20891592,0.080634214,TREMOR,c9b7d05dda84
1776793360566,324042583928880,0.23702596,-2.4995465,8.305486,-3.313333,-0.039095376,0.04153884,TREMOR,c9b7d05dda84
1776793360606,324042604009446,0.2705448,-5.121197,7.00304,-4.9895473,0.004886922,0.028099801,TREMOR,c9b7d05dda84
1776793360609,324042624090013,0.095768064,-8.269572,5.9519854,-5.408601,0.009773844,-0.058643065,TREMOR,c9b7d05dda84
1776793360632,324042644109544,0.6703765,-10.010158,5.3103395,-4.4959683,-0.02321288,0.002443461,TREMOR,c9b7d05dda84
1776793360652,324042664159593,0.6631939,-11.669339,5.556942,-2.6658158,0.0842994,0.04886922,TREMOR,c9b7d05dda84
1776793360683,324042684270677,-0.51475334,-15.301343,5.6335564,0.028099801,0.0012217305,-0.2406809,TREMOR,c9b7d05dda84
1776793360690,324042704320726,0.4213795,-13.055582,5.695806,4.094019,-0.25289822,-0.46303585,TREMOR,c9b7d05dda84
1776793360715,324042724370774,2.195483,-5.305551,5.9424086,7.3816957,-0.12950343,-0.33353242,TREMOR,c9b7d05dda84
1776793360725,324042744451341,1.8674773,-0.31124622,7.5345526,7.484321,0.37507126,0.05375614,TREMOR,c9b7d05dda84
1776793360751,324042764531907,-0.9864111,1.6304513,8.683769,4.7061057,0.5888741,0.12950343,TREMOR,c9b7d05dda84
1776793360766,324042784581956,-1.3096284,1.4772224,9.591172,1.2302825,0.26145032,0.16615535,TREMOR,c9b7d05dda84
1776793360793,324042804601487,-0.35673606,-0.9983821,9.500193,-1.9889772,-0.14660765,0.27977628,TREMOR,c9b7d05dda84
1776793360818,324042824621019,-0.2896984,-5.257667,8.425196,-4.0146065,-0.3323107,0.11484267,TREMOR,c9b7d05dda84
1776793360826,324042844701585,0.10534488,-8.295909,7.541735,-4.075693,-0.37507126,0.061086524,TREMOR,c9b7d05dda84
1776793360846,324042864721116,0.47405192,-10.177752,7.1969705,-2.2504275,-0.30909783,0.10140363,TREMOR,c9b7d05dda84
1776793360866,324042884801683,0.33518824,-10.613496,7.297527,0.63041294,-0.19303341,-0.14294247,TREMOR,c9b7d05dda84
1776793360893,324042904821214,0.37588966,-10.192117,6.7564373,2.1038198,-0.17470746,-0.2406809,TREMOR,c9b7d05dda84
1776793360910,324042924871263,1.0055647,-6.0285997,7.417237,4.651128,-0.13439035,-0.2284636,TREMOR,c9b7d05dda84
1776793360927,324042944951829,1.400608,-0.9504981,8.513782,5.3340755,0.15271631,-0.05497787,TREMOR,c9b7d05dda84
1776793360948,324042965001878,0.10055647,1.3431472,10.335769,3.6566393,0.39706242,-0.04642576,TREMOR,c9b7d05dda84
1776793360966,324042985051927,-0.770933,0.11252748,10.110714,0.7831292,0.087964594,-0.087964594,TREMOR,c9b7d05dda84
1776793360993,324043005071458,0.46686932,-2.3439236,9.272743,-1.269378,-0.27488935,0.105068825,TREMOR,c9b7d05dda84
1776793361017,324043025090989,0.7015011,-4.2161894,8.3390045,-1.9694295,-0.29443705,0.13072516,TREMOR,c9b7d05dda84
1776793361026,324043045141038,0.7781156,-4.51307,8.104373,-1.5357152,-0.11728613,0.12217305,TREMOR,c9b7d05dda84
1776793361046,324043065221604,1.079785,-2.5617957,8.695741,-1.1643091,0.13805555,0.19547687,TREMOR,c9b7d05dda84
1776793361072,324043085302171,0.40940848,-1.6496049,9.184157,-2.1270328,0.36651915,0.20158553,TREMOR,c9b7d05dda84
1776793361093,324043105321702,-0.78290397,-3.7900212,8.556877,-3.9559634,0.34574974,0.15515977,TREMOR,c9b7d05dda84
1776793361110,324043125432786,-1.2497733,-7.620744,7.93199,-5.275432,0.09407325,0.07819075,TREMOR,c9b7d05dda84
1776793361127,324043145513352,-0.6919243,-12.964602,5.9519854,-4.3456955,-0.2883284,-0.10751228,TREMOR,c9b7d05dda84
1776793361151,324043165532884,1.5993267,-12.145785,5.803545,-1.1203269,-0.37751472,-0.10995574,TREMOR,c9b7d05dda84
1776793361167,324043185643968,1.3694834,-9.0476885,6.215348,2.3066273,-0.018325957,-0.2773328,TREMOR,c9b7d05dda84
1776793361194,324043205663499,0.6344634,-4.8745947,7.0485296,4.1502185,0.15027285,-0.3359759,TREMOR,c9b7d05dda84
1776793361217,324043225713548,0.7637503,-1.6280571,8.099585,4.3114867,0.056199603,-0.065973446,TREMOR,c9b7d05dda84
1776793361226,324043245733079,0.45250413,-0.12210429,9.279925,2.597399,0.004886922,0.13316862,TREMOR,c9b7d05dda84
1776793361247,324043265813645,0.059855044,-0.47165772,9.378088,-0.087964594,-0.09407325,0.2003638,TREMOR,c9b7d05dda84
1776793361282,324043285863694,0.21547815,-2.3104045,8.468291,-2.615725,-0.23823744,0.34330627,TREMOR,c9b7d05dda84
1776793361290,324043305883226,0.5243302,-4.3119574,7.1969705,-4.509407,-0.21746802,0.34697145,TREMOR,c9b7d05dda84
1776793361310,324043325994310,0.095768064,-6.265626,6.0621185,-5.5735345,-0.07696902,0.2883284,TREMOR,c9b7d05dda84
1776793361328,324043346013841,-0.2633622,-9.181764,4.7740383,-5.6199603,-0.04642576,0.19914207,TREMOR,c9b7d05dda84
1776793361348,324043366063890,-0.36152446,-12.878411,4.3981485,-4.414112,-0.1441642,0.119729586,TREMOR,c9b7d05dda84
1776793361380,324043386144456,-0.038307227,-17.381905,3.6750996,-1.219287,-0.24801129,-0.14782938,TREMOR,c9b7d05dda84
1776793361387,324043406194505,1.4341269,-11.523293,4.781221,3.104417,-0.10873401,-0.32620203,TREMOR,c9b7d05dda84
1776793361416,324043426305589,1.3311762,-6.7468605,6.090849,5.701816,0.13927728,-0.25778514,TREMOR,c9b7d05dda84
1776793361428,324043446355638,0.38067806,-4.450821,6.679823,5.90218,0.2406809,-0.24801129,TREMOR,c9b7d05dda84
1776793361455,324043466375169,0.2825158,-2.1092918,7.642292,4.7891836,0.19058995,-0.008552114,TREMOR,c9b7d05dda84
1776793361479,324043486455735,0.272939,-0.93613285,9.150639,2.5692992,0.10629055,0.23823744,TREMOR,c9b7d05dda84
1776793361489,324043506475267,-0.16759412,-2.4133554,9.296685,-0.07819075,-0.02076942,0.16126843,TREMOR,c9b7d05dda84
1776793361521,324043526525315,-0.095768064,-6.0262055,8.554482,-1.8057177,-0.19181168,0.17592919,TREMOR,c9b7d05dda84
1776793361528,324043546605882,0.63206923,-8.449138,7.795521,-1.7763962,-0.46914452,0.10751228,TREMOR,c9b7d05dda84
1776793361548,324043566655931,1.2473791,-8.808268,6.921637,-0.010995574,-0.41050145,0.1282817,TREMOR,c9b7d05dda84
1776793361581,324043586705979,1.2042835,-5.693412,7.4603324,1.7470746,-0.19914207,0.080634214,TREMOR,c9b7d05dda84
1776793361589,324043606786546,0.7565677,-3.787627,7.989451,2.171015,-0.07696902,0.09773844,TREMOR,c9b7d05dda84
1776793361622,324043626836595,0.91219085,-1.3623008,8.652645,1.2082914,0.13683382,0.13072516,TREMOR,c9b7d05dda84
1776793361629,324043646886644,-0.4237737,-1.9536686,9.02614,-0.82344633,0.23823744,0.13683382,TREMOR,c9b7d05dda84
1776793361649,324043666936692,-0.46926352,-4.1060557,8.403648,-2.9040534,0.032986723,0.043982297,TREMOR,c9b7d05dda84
1776793361680,324043686986741,0.6823475,-5.961562,7.326257,-4.1050143,-0.029321533,0.13927728,TREMOR,c9b7d05dda84
1776793361690,324043707067308,0.6584055,-8.963891,5.6886234,-4.1502185,0.004886922,0.22724187,TREMOR,c9b7d05dda84
1776793361715,324043727147874,0.059855044,-13.022063,5.9160724,-2.574186,-0.03176499,0.21380283,TREMOR,c9b7d05dda84
1776793361730,324043747167405,-0.31124622,-16.922218,5.523423,1.473407,-0.267559,-0.07574729,TREMOR,c9b7d05dda84
1776793361758,324043767217454,1.2737153,-8.918402,5.889736,6.9113293,-0.15271631,-0.14782938,TREMOR,c9b7d05dda84
1776793361771,324043787298020,1.9608512,-0.0023942017,6.8761473,8.96628,0.32498032,0.02687807,TREMOR,c9b7d05dda84
1776793361805,324043807317552,-0.35434186,4.548983,8.954314,6.860017,0.7623598,-0.02321288,TREMOR,c9b7d05dda84
1776793361817,324043827367601,-1.4508862,3.2513258,10.271125,2.533869,0.20769419,-0.12950343,TREMOR,c9b7d05dda84
1776793361831,324043847387132,0.4141969,-0.33518824,10.251971,-1.1129965,-0.2773328,0.15149458,TREMOR,c9b7d05dda84
1776793361850,324043867467698,0.94331545,-3.5051112,8.695741,-3.296229,-0.3200934,0.10262536,TREMOR,c9b7d05dda84
1776793361878,324043887487229,0.80924016,-5.4563856,7.52737,-3.8679988,-0.057421334,0.12705997,TREMOR,c9b7d05dda84
1776793361894,324043907567796,0.29688102,-5.841852,7.0700774,-3.1618385,0.20647246,0.2125811,TREMOR,c9b7d05dda84
1776793361918,324043927617845,-0.22505496,-5.722142,7.589619,-2.0097466,0.3726278,0.27977628,TREMOR,c9b7d05dda84
1776793361928,324043947667894,-0.45729253,-4.972757,8.50181,-1.3158038,0.34208453,0.17104226,TREMOR,c9b7d05dda84
1776793361949,324043967717942,-0.6344634,-4.924873,9.030929,-1.491733,0.17715092,0.1160644,TREMOR,c9b7d05dda84
1776793361982,324043987767991,-0.45250413,-5.6000376,8.494628,-2.2369885,-0.05497787,0.12950343,TREMOR,c9b7d05dda84
1776793361989,324044007787522,0.4333505,-6.4380083,7.029376,-2.9211576,-0.25289822,0.18325958,TREMOR,c9b7d05dda84
1776793362022,324044027837571,0.9624691,-5.5760956,6.9862804,-3.2779028,-0.18570304,0.21502456,TREMOR,c9b7d05dda84
1776793362032,324044047918138,0.33279404,-6.7588315,6.0262055,-3.9779544,-0.037873644,0.18325958,TREMOR,c9b7d05dda84
1776793362051,324044067937669,-0.61530983,-11.355699,4.721366,-3.2876768,-0.26633725,-0.111177474,TREMOR,c9b7d05dda84
1776793362081,324044088018235,-0.15322891,-16.07467,4.6902413,-2.07572,-0.38728857,-0.21868975,TREMOR,c9b7d05dda84
1776793362090,324044108068284,1.3814543,-13.970167,5.17387,2.2504275,-0.3481932,-0.43982297,TREMOR,c9b7d05dda84
1776793362117,324044128148851,1.6591818,-7.8793178,5.473145,6.115983,0.004886922,-0.54367006,TREMOR,c9b7d05dda84
1776793362129,324044148198899,0.78050977,-4.1515455,6.1195793,7.2815137,0.35185838,-0.5045747,TREMOR,c9b7d05dda84
1776793362160,324044168248948,-0.050278235,-1.1540052,7.2352777,6.50938,0.3811799,-0.2773328,TREMOR,c9b7d05dda84
1776793362177,324044188298997,-0.050278235,0.78529817,8.535329,4.410447,0.3640757,-0.09896017,TREMOR,c9b7d05dda84
1776793362194,324044208349046,-0.7517793,-0.15562311,9.378088,1.4220943,0.28710666,-0.080634214,TREMOR,c9b7d05dda84
1776793362210,324044228399095,-0.31124622,-2.2505496,9.375694,-1.0384709,-0.096516706,0.015882496,TREMOR,c9b7d05dda84
1776793362235,324044248449144,0.8595184,-2.585738,9.296685,-2.1697934,-0.08552113,0.09407325,TREMOR,c9b7d05dda84
1776793362251,324044268529710,0.5674258,-2.219425,8.803479,-3.2485814,0.17592919,0.17470746,TREMOR,c9b7d05dda84
1776793362294,324044288579759,-0.4357447,-3.7732618,8.001422,-4.65968,0.15393804,0.26145032,TREMOR,c9b7d05dda84
1776793362296,324044308599290,-0.58657944,-6.727707,7.350199,-5.5918603,-0.07819075,0.30176744,TREMOR,c9b7d05dda84
1776793362310,324044328679856,-0.095768064,-10.0269165,6.4978633,-5.022534,-0.27855456,0.28344148,TREMOR,c9b7d05dda84
1776793362340,324044348699388,0.08140286,-12.907142,5.5401826,-2.7354546,-0.2883284,0.17104226,TREMOR,c9b7d05dda84
1776793362360,324044368749436,-0.32561144,-14.975732,5.2361193,0.7012733,-0.20769419,-0.18325958,TREMOR,c9b7d05dda84
1776793362377,324044388799485,0.36152446,-11.085154,5.554548,4.6450195,-0.13439035,-0.4728097,TREMOR,c9b7d05dda84
1776793362394,324044408880052,1.4460979,-4.0940847,6.172252,7.0151763,0.087964594,-0.36774087,TREMOR,c9b7d05dda84
1776793362415,324044428991136,0.7541735,0.06703765,7.132327,6.4849453,0.453262,-0.12705997,TREMOR,c9b7d05dda84
1776793362430,324044449041185,-0.521936,1.7501614,9.038112,3.7727036,0.50946164,-0.09407325,TREMOR,c9b7d05dda84
1776793362453,324044469152269,-0.24660277,1.3215994,9.679757,0.14049901,0.20647246,0.012217305,TREMOR,c9b7d05dda84
1776793362482,324044489232835,0.05267244,-0.60812724,8.961497,-3.3121114,0.073303826,0.23457226,TREMOR,c9b7d05dda84
1776793362490,324044509282884,-0.4213795,-4.5322237,7.4986396,-5.5955257,-0.061086524,0.35185838,TREMOR,c9b7d05dda84
1776793362521,324044529363450,-0.81881696,-8.992621,6.3350577,-6.0231314,-0.20891592,0.34697145,TREMOR,c9b7d05dda84
1776793362530,324044549444017,-0.8331822,-14.374787,5.379771,-3.9950588,-0.37384954,0.2284636,TREMOR,c9b7d05dda84
1776793362554,324044569524583,0.095768064,-16.642096,5.33907,0.64751714,-0.3933972,-0.18570304,TREMOR,c9b7d05dda84
1776793362581,324044589574632,1.4867992,-9.251195,5.5521536,5.8410935,-0.103847094,-0.39950588,TREMOR,c9b7d05dda84
1776793362590,324044609655198,1.541866,-1.8004397,6.423643,7.909483,0.36651915,-0.36285394,TREMOR,c9b7d05dda84
1776793362622,324044629735765,0.1316811,3.181894,8.7292595,6.455624,0.77579886,-0.16615535,TREMOR,c9b7d05dda84
1776793362634,324044649785813,-1.043872,5.2289367,11.032481,1.9840903,0.66706485,-0.30787608,TREMOR,c9b7d05dda84
1776793362663,324044669866380,-1.0654198,1.1468226,10.065224,-3.1716123,-0.014660766,-0.07819075,TREMOR,c9b7d05dda84
1776793362672,324044689916429,-0.08379706,-4.7309427,7.5561004,-6.1440825,-0.5558874,0.17592919,TREMOR,c9b7d05dda84
1776793362706,324044709935960,0.47165772,-10.527305,6.3087215,-6.3053513,-0.61086524,0.13072516,TREMOR,c9b7d05dda84
1776793362715,324044729986009,0.91219085,-13.026852,6.31351,-3.0482175,-0.4129449,0.1001819,TREMOR,c9b7d05dda84
1776793362731,324044750036058,0.9864111,-8.585608,6.459556,1.4611896,0.032986723,0.103847094,TREMOR,c9b7d05dda84
1776793362766,324044770086106,0.2777274,-5.118803,7.2185183,3.6603045,0.2724459,-0.037873644,TREMOR,c9b7d05dda84
1776793362777,324044790166673,-0.19871874,-2.7700913,8.4347725,3.6871827,0.35796702,-0.07696902,TREMOR,c9b7d05dda84
1776793362796,324044810216722,-0.35913026,-1.2976574,9.3182335,2.07572,0.35308012,0.02076942,TREMOR,c9b7d05dda84
1776793362811,324044830266770,-0.6344634,-0.095768064,10.0269165,-1.0250319,0.38606682,0.04886922,TREMOR,c9b7d05dda84
1776793362832,324044850286302,-1.3958195,-3.8355112,8.331821,-4.2540655,0.019547688,0.05497787,TREMOR,c9b7d05dda84
1776793362866,324044870366868,-0.93373865,-9.01417,6.469133,-5.689599,-0.4813618,0.073303826,TREMOR,c9b7d05dda84
1776793362872,324044890416917,1.0989386,-12.603078,5.90889,-3.9962804,-0.6914995,0.004886922,TREMOR,c9b7d05dda84
1776793362907,324044910497483,1.2641385,-13.9677725,5.3318872,0.11484267,-0.3213151,-0.087964594,TREMOR,c9b7d05dda84
1776793362914,324044930578050,0.6943185,-9.148245,5.8825536,4.2076397,0.039095376,-0.45081854,TREMOR,c9b7d05dda84
1776793362933,324044950628099,0.9935937,-3.7804444,6.8545995,6.0597835,0.27000242,-0.31642818,TREMOR,c9b7d05dda84
1776793362956,324044970678147,0.3854665,-0.076614454,8.157045,5.2656584,0.50823987,-0.14172074,TREMOR,c9b7d05dda84
1776793362973,324044990728196,-1.0582372,0.9720459,9.655815,2.438574,0.5009095,-0.15149458,TREMOR,c9b7d05dda84
1776793363002,324045010808763,-0.7781156,-0.8834604,9.574412,-1.0396926,0.017104227,-0.14660765,TREMOR,c9b7d05dda84
1776793363011,324045030858811,0.16280572,-3.478775,8.619126,-3.5552356,-0.29932398,0.02321288,TREMOR,c9b7d05dda84
1776793363033,324045050939378,0.7445967,-5.9567738,6.943185,-4.4067817,-0.3213151,0.112399206,TREMOR,c9b7d05dda84
1776793363065,324045071019944,1.1133038,-5.913678,6.967127,-4.1856484,-0.043982297,0.26511553,TREMOR,c9b7d05dda84
1776793363074,324045091100511,-0.36631286,-8.147469,7.153875,-3.7372735,0.11728613,0.2883284,TREMOR,c9b7d05dda84
1776793363106,324045111150560,-1.8004397,-14.5328045,5.6096144,-2.1563544,-0.12583824,-0.010995574,TREMOR,c9b7d05dda84
1776793363115,324045131261644,-0.4429273,-15.986085,4.7070007,1.5454891,-0.42638394,-0.31398472,TREMOR,c9b7d05dda84
1776793363134,324045151311692,0.9696517,-9.92636,5.2863975,6.1220913,-0.20769419,-0.54000485,TREMOR,c9b7d05dda84
1776793363158,324045171392259,1.2737153,-5.657499,5.7269306,8.431162,0.27122417,-0.49113566,TREMOR,c9b7d05dda84
1776793363175,324045191442308,0.7374141,1.3359646,7.8793178,8.23935,0.4886922,-0.3115413,TREMOR,c9b7d05dda84
1776793363196,324045211522874,-0.90261406,4.805163,10.546458,5.182581,0.53023106,-0.37384954,TREMOR,c9b7d05dda84
1776793363212,324045231603440,-0.32561144,2.4947581,10.2495775,0.72326446,-0.21746802,-0.28588495,TREMOR,c9b7d05dda84
1776793363237,324045251653489,1.1779473,-0.7589619,9.315839,-2.5998425,-0.5009095,0.15882497,TREMOR,c9b7d05dda84
1776793363261,324045271703538,1.1755531,-3.7565024,7.884106,-4.1551056,-0.5119051,0.16371189,TREMOR,c9b7d05dda84
1776793363278,324045291784104,0.81402856,-5.920861,7.6111674,-3.9461894,-0.3042109,0.25778514,TREMOR,c9b7d05dda84
1776793363295,324045311834153,0.48362875,-7.8505874,7.2927384,-2.1820107,-0.18448131,0.3726278,TREMOR,c9b7d05dda84
1776793363313,324045331945237,0.6991069,-6.315904,7.553706,-0.02565634,0.06963864,0.30665436,TREMOR,c9b7d05dda84
1776793363336,324045351995286,0.7038953,-3.4644098,8.494628,0.89675015,0.43982297,0.17715092,TREMOR,c9b7d05dda84
1776793363362,324045372045335,-0.82121116,-2.231396,9.088389,-0.28099802,0.71593404,0.062308256,TREMOR,c9b7d05dda84
1776793363373,324045392156419,-1.4796166,-3.1316159,8.89446,-2.5460863,0.535118,0.035430185,TREMOR,c9b7d05dda84
1776793363401,324045412206468,-1.3479356,-7.0724716,6.9264255,-4.420221,-0.04520403,0.10873401,TREMOR,c9b7d05dda84
1776793363413,324045432256517,-0.47644615,-13.110648,5.686229,-4.1245623,-0.48991394,-0.004886922,TREMOR,c9b7d05dda84
1776793363435,324045452306565,1.6687586,-14.140155,5.8203044,-0.6597345,-0.5131268,-0.16371189,TREMOR,c9b7d05dda84
1776793363461,324045472356614,2.2529438,-7.5848308,6.3446345,3.813021,-0.0036651916,-0.15393804,TREMOR,c9b7d05dda84
1776793363478,324045492437181,0.93134445,-3.098097,7.369353,5.379279,0.42760566,-0.14172074,TREMOR,c9b7d05dda84
1776793363501,324045512517747,-0.35913026,-1.1683705,9.093178,4.4092255,0.4972443,-0.0012217305,TREMOR,c9b7d05dda84
1776793363513,324045532567796,-1.3215994,-2.030283,9.643845,2.1734586,0.23090707,0.08674286,TREMOR,c9b7d05dda84
1776793363534,324045552617845,-0.34715924,-2.815581,9.481039,0.23945917,-0.16126843,0.09896017,TREMOR,c9b7d05dda84
1776793363566,324045572698411,0.5746084,-2.7581203,8.882488,-1.1582005,-0.14905111,0.13194689,TREMOR,c9b7d05dda84
1776793363574,324045592778977,0.5722142,-3.8259344,7.338228,-2.1771238,-0.10995574,0.037873644,TREMOR,c9b7d05dda84
1776793363602,324045612798509,1.0726024,-2.554613,7.563283,-3.2388074,0.14049901,0.087964594,TREMOR,c9b7d05dda84
1776793363613,324045632879075,0.062249243,-4.7189717,7.3071036,-4.618141,0.26267207,0.13805555,TREMOR,c9b7d05dda84
1776793363635,324045652929124,-0.60573304,-8.154651,6.895301,-5.3401837,0.18448131,0.12461651,TREMOR,c9b7d05dda84
1776793363661,324045672979173,-1.436521,-15.648502,4.6806645,-4.1270056,-0.11728613,0.16371189,TREMOR,c9b7d05dda84
1776793363685,324045693090257,-0.78529817,-20.597317,4.357447,0.37140608,-0.4972443,-0.2846632,TREMOR,c9b7d05dda84
1776793363694,324045713140306,1.8004397,-8.872911,5.1571107,6.6853094,-0.2406809,-0.34330627,TREMOR,c9b7d05dda84
1776793363714,324045733220872,1.5801731,-0.41180268,6.2728086,8.989493,0.2443461,-0.17837265,TREMOR,c9b7d05dda84
1776793363740,324045753270921,-0.29448682,4.0773253,8.817844,7.032281,0.5766568,-0.08674286,TREMOR,c9b7d05dda84
1776793363761,324045773351487,-1.5562311,3.13401,10.742783,2.1160371,0.16982053,-0.24190263,TREMOR,c9b7d05dda84
1776793363778,324045793401536,-0.04309563,-0.7613561,9.933543,-2.147802,-0.52290064,0.05497787,TREMOR,c9b7d05dda84
1776793363802,324045813512620,0.92895025,-4.656722,8.075643,-4.130671,-0.59742624,0.052534413,TREMOR,c9b7d05dda84
1776793363814,324045833562669,1.0031705,-7.201759,6.83784,-4.316374,-0.30665436,0.05497787,TREMOR,c9b7d05dda84
1776793363836,324045853582200,0.2657564,-9.095572,6.469133,-2.6413813,-0.030543262,0.12095132,TREMOR,c9b7d05dda84
1776793363861,324045873693284,0.035913024,-8.604761,7.017405,0.0,0.10629055,0.065973446,TREMOR,c9b7d05dda84
1776793363887,324045893773851,0.1316811,-6.3805475,7.833828,2.1380284,0.112399206,-0.02687807,TREMOR,c9b7d05dda84
1776793363897,324045913823899,0.22744916,-4.2521024,8.762778,3.0213394,0.21013765,-0.028099801,TREMOR,c9b7d05dda84
1776793363917,324045933873948,-0.9959879,-4.6399627,9.050082,2.702468,0.29077184,-0.0061086523,TREMOR,c9b7d05dda84
1776793363945,324045953893479,-0.6464345,-4.2305546,9.081207,2.2064452,-0.057421334,-0.03176499,TREMOR,c9b7d05dda84
1776793363967,324045973943528,0.8451532,-2.2026656,9.495404,1.9291124,-0.14294247,0.15027285,TREMOR,c9b7d05dda84
1776793363976,324045994024095,0.40701428,-1.7836803,9.861717,1.1484267,-0.02443461,0.096516706,TREMOR,c9b7d05dda84
1776793364000,324046014074144,0.46686932,-2.1188686,9.440337,0.14782938,-0.056199603,0.0842994,TREMOR,c9b7d05dda84
1776793364015,324046034124192,0.6512229,-1.5131354,9.545682,-0.9505063,0.052534413,0.087964594,TREMOR,c9b7d05dda84
1776793364036,324046054174241,0.6368576,-1.2593501,9.200917,-2.3445008,0.17715092,0.095294975,TREMOR,c9b7d05dda84
1776793364065,324046074254808,0.038307227,-1.6089035,8.171411,-4.350582,0.3005457,0.11484267,TREMOR,c9b7d05dda84
1776793364075,324046094335374,-0.45968673,-4.5777135,6.766014,-6.1501913,0.23823744,0.15882497,TREMOR,c9b7d05dda84
1776793364099,324046114385423,-0.7278373,-8.966286,5.2361193,-6.7146306,0.11484267,0.12583824,TREMOR,c9b7d05dda84
1776793364116,324046134496507,-0.80924016,-14.259866,4.7141833,-5.2106805,0.0012217305,0.037873644,TREMOR,c9b7d05dda84
1776793364147,324046154516038,0.10055647,-15.131354,4.960786,-1.2522738,-0.12339478,-0.15027285,TREMOR,c9b7d05dda84
1776793364155,324046174596604,0.29688102,-12.861651,4.9440265,3.296229,-0.16371189,-0.29932398,TREMOR,c9b7d05dda84
1776793364188,324046194677171,0.7015011,-7.2711906,5.6551046,6.5264845,-0.13927728,-0.56688297,TREMOR,c9b7d05dda84
1776793364196,324046214696702,1.2904748,-1.2186487,7.055712,7.4183474,0.034208454,-0.23090707,TREMOR,c9b7d05dda84
1776793364221,324046234746751,0.37588966,1.9081788,9.038112,5.602856,0.31764993,-0.030543262,TREMOR,c9b7d05dda84
1776793364245,324046254827317,-1.0726024,2.0638018,10.01734,1.7605137,0.23945917,-0.15760323,TREMOR,c9b7d05dda84
1776793364261,324046274846849,-0.58418524,-1.3599066,9.385271,-1.9596558,-0.2687807,-0.02076942,TREMOR,c9b7d05dda84
1776793364283,324046294927415,0.06703765,-5.3318872,8.137892,-3.8203511,-0.4886922,0.03176499,TREMOR,c9b7d05dda84
1776793364296,324046314946946,0.94570965,-6.655881,7.5321584,-3.9694023,-0.43860126,-0.018325957,TREMOR,c9b7d05dda84
1776793364315,324046335027513,1.2330139,-7.335834,6.9264255,-3.0518827,-0.13316862,0.017104227,TREMOR,c9b7d05dda84
1776793364349,324046355108079,0.89543146,-4.9919105,7.5944076,-2.0146337,0.36285394,0.18081611,TREMOR,c9b7d05dda84
1776793364357,324046375158128,-0.61530983,-5.81791,7.1730285,-2.0891593,0.5180137,0.1966986,TREMOR,c9b7d05dda84
1776793364390,324046395238694,-1.2090719,-8.135497,6.399701,-2.4825563,0.33353242,0.18325958,TREMOR,c9b7d05dda84
1776793364411,324046415288743,-1.3910311,-13.220781,6.423643,-1.6896533,-0.042760566,0.11484267,TREMOR,c9b7d05dda84
1776793364417,324046435338792,-0.16998832,-14.729129,5.7748146,1.91323,-0.26145032,-0.16493362,TREMOR,c9b7d05dda84
1776793364447,324046455388841,1.6807296,-5.66947,6.5744777,6.081774,0.037873644,-0.14660765,TREMOR,c9b7d05dda84
1776793364456,324046475469407,0.61770403,0.20350714,7.9631147,6.7915998,0.59620446,-0.06719518,TREMOR,c9b7d05dda84
1776793364484,324046495549974,-1.436521,2.2744915,9.653421,4.5265117,0.6585127,-0.26511553,TREMOR,c9b7d05dda84
1776793364496,324046515600022,-0.9911995,0.5386954,10.16578,1.1911873,0.052534413,-0.17959438,TREMOR,c9b7d05dda84
1776793364518,324046535650071,0.6871359,-1.6112977,9.696517,-1.7018706,-0.25778514,0.02565634,TREMOR,c9b7d05dda84
1776793364555,324046555669602,0.36631286,-4.211401,8.746018,-3.5796704,-0.18325958,0.09407325,TREMOR,c9b7d05dda84
1776793364565,324046575719651,0.82599956,-4.1299977,8.159439,-4.1135664,-0.042760566,0.21380283,TREMOR,c9b7d05dda84
1776793364579,324046595830735,0.23942018,-4.6519337,7.3669586,-4.3896775,0.11728613,0.42149702,TREMOR,c9b7d05dda84
1776793364597,324046615880784,-0.80205756,-7.4363904,7.0221934,-4.709771,0.089186326,0.34574974,TREMOR,c9b7d05dda84
1776793364631,324046635930833,-0.8523358,-10.881647,6.0118403,-3.9865067,-0.12461651,0.19181168,TREMOR,c9b7d05dda84
1776793364652,324046655980882,-0.6631939,-13.515268,5.1379566,-1.9608774,-0.23335053,0.09285152,TREMOR,c9b7d05dda84
1776793364658,324046676061448,-0.48362875,-16.079458,4.4125137,1.5650368,-0.27122417,-0.33964106,TREMOR,c9b7d05dda84
1776793364678,324046696172532,1.1372458,-7.967903,5.628768,5.583308,-0.17959438,-0.43127087,TREMOR,c9b7d05dda84
1776793364697,324046716253099,1.70946,-1.4437037,7.1826053,7.1471233,0.13316862,-0.20158553,TREMOR,c9b7d05dda84
1776793364718,324046736303147,-0.90979666,-0.6512229,9.832987,5.615073,0.39706242,-0.17592919,TREMOR,c9b7d05dda84
1776793364745,324046756353196,-2.1140802,-2.8419175,10.010158,3.0457742,-0.204029,-0.36163223,TREMOR,c9b7d05dda84
1776793364769,324046776433763,0.79726917,-2.6001031,9.330204,1.7128662,-0.6035349,-0.13805555,TREMOR,c9b7d05dda84
1776793364778,324046796514329,1.3575124,-2.1739352,8.736442,0.7501425,-0.3408628,-0.15393804,TREMOR,c9b7d05dda84
1776793364797,324046816564378,0.9576807,-0.7565677,8.813056,-0.73914695,-0.02565634,-0.24556783,TREMOR,c9b7d05dda84
1776793364817,324046836614427,0.46208093,-1.4317327,8.3390045,-2.4483478,0.012217305,-0.112399206,TREMOR,c9b7d05dda84
1776793364849,324046856725511,0.82599956,-3.217807,7.5800424,-3.594331,-0.09407325,0.040317107,TREMOR,c9b7d05dda84
1776793364858,324046876775560,0.7182605,-4.972757,7.1706343,-3.92542,0.036651913,0.12583824,TREMOR,c9b7d05dda84
1776793364894,324046896886644,-0.7637503,-9.696517,6.6726403,-3.25469,0.039095376,0.10262536,TREMOR,c9b7d05dda84
1776793364898,324046916936692,-0.47405192,-10.266336,7.201759,-1.205848,-0.052534413,-0.02565634,TREMOR,c9b7d05dda84
1776793364921,324046936986741,0.80205756,-6.7684083,7.73806,1.4648548,-0.03176499,0.13927728,TREMOR,c9b7d05dda84
1776793364945,324046957036790,0.41180268,-3.904943,8.662222,2.411696,0.18203785,0.09040806,TREMOR,c9b7d05dda84
1776793364970,324046977117356,-0.6799533,-2.8275523,9.246407,1.5027285,0.25534168,0.065973446,TREMOR,c9b7d05dda84
1776793364986,324046997197923,-0.37588966,-2.44448,9.107543,-0.31398472,0.1282817,0.080634214,TREMOR,c9b7d05dda84
1776793365004,324047017217454,0.15083471,-2.348712,8.611943,-2.506991,0.1441642,0.12705997,TREMOR,c9b7d05dda84
1776793365030,324047037236985,-0.40701428,-4.8578353,7.371747,-4.3579125,0.09040806,0.13561209,TREMOR,c9b7d05dda84
1776793365045,324047057317552,-0.36391866,-8.161834,5.683835,-4.8392744,-0.06352998,0.11728613,TREMOR,c9b7d05dda84
1776793365068,324047077367601,-0.5386954,-14.657303,4.606444,-3.3756413,-0.267559,-0.028099801,TREMOR,c9b7d05dda84
1776793365078,324047097448167,0.81163436,-16.316484,4.6686935,0.9431759,-0.3371976,-0.33841935,TREMOR,c9b7d05dda84
1776793365098,324047117498216,1.8986019,-7.8266454,5.90889,5.534439,0.065973446,-0.2773328,TREMOR,c9b7d05dda84
1776793365125,324047137578782,1.328782,-2.006341,7.189788,6.696305,0.5009095,-0.14294247,TREMOR,c9b7d05dda84
1776793365145,324047157628831,-0.30406362,2.528277,9.291897,4.569272,0.89919364,0.119729586,TREMOR,c9b7d05dda84
1776793365164,324047177678880,-2.1930888,2.0015526,9.928755,0.030543262,0.657291,0.05375614,TREMOR,c9b7d05dda84
1776793365178,324047197789964,-1.6448165,-2.303222,8.566454,-4.5888195,-0.16249016,0.07941248,TREMOR,c9b7d05dda84
1776793365210,324047217809495,-0.29448682,-7.053318,6.3925185,-6.7024136,-0.66828656,0.16615535,TREMOR,c9b7d05dda84
1776793365228,324047237920579,0.4165911,-15.248671,3.8259344,-5.7005944,-0.7305948,0.13316862,TREMOR,c9b7d05dda84
1776793365245,324047258001145,1.9009962,-14.966155,4.2760444,-1.3121386,-0.3494149,-0.06719518,TREMOR,c9b7d05dda84
1776793365262,324047278020677,1.0630256,-9.540894,5.4420204,3.314555,0.2406809,-0.14049901,TREMOR,c9b7d05dda84
1776793365285,324047298101243,0.09816227,-4.747702,7.52737,5.338962,0.43127087,-0.10262536,TREMOR,c9b7d05dda84
1776793365299,324047318120774,-1.0845734,-2.882619,8.702923,5.180137,0.267559,0.042760566,TREMOR,c9b7d05dda84
1776793365330,324047338201341,-1.2761095,-2.4037786,9.813833,3.435506,-0.030543262,-0.021991149,TREMOR,c9b7d05dda84
1776793365340,324047358281907,-0.4309563,-3.2465374,9.794679,1.473407,-0.35308012,-0.08674286,TREMOR,c9b7d05dda84
1776793365368,324047378331956,0.866701,-4.2640734,8.0445175,0.112399206,-0.43493605,-0.11728613,TREMOR,c9b7d05dda84
1776793365379,324047398412522,1.0366893,-4.630386,7.493851,-0.8686504,-0.19181168,-0.11484267,TREMOR,c9b7d05dda84
1776793365399,324047418432054,0.92416185,-4.3167458,7.6135616,-1.1276573,-0.02076942,-0.035430185,TREMOR,c9b7d05dda84
1776793365433,324047438512620,0.8858546,-4.0940847,7.843405,-1.1508701,0.056199603,0.04520403,TREMOR,c9b7d05dda84
1776793365440,324047458593186,0.2681506,-4.5394063,8.50181,-1.314582,0.12217305,0.16493362,TREMOR,c9b7d05dda84
1776793365473,324047478673753,-0.9648633,-8.3390045,8.367735,-0.3921755,-0.17104226,0.061086524,TREMOR,c9b7d05dda84
1776793365486,324047498784837,-0.51714754,-8.6813755,8.441956,0.46914452,-0.20525073,0.035430185,TREMOR,c9b7d05dda84
1776793365503,324047518834886,0.2825158,-6.021417,8.26239,2.243097,-0.062308256,0.0,TREMOR,c9b7d05dda84
1776793365522,324047538884935,-0.08140286,-3.6032736,8.020576,2.669481,0.14905111,-0.13439035,TREMOR,c9b7d05dda84
1776793365546,324047558904466,-0.5530606,-3.4524388,8.35337,2.1245892,0.02076942,-0.26633725,TREMOR,c9b7d05dda84
1776793365561,324047578985032,0.5386954,-2.834735,8.6813755,1.4404203,-0.15149458,-0.23701571,TREMOR,c9b7d05dda84
1776793365583,324047599035081,0.8882488,-2.4971523,8.75799,0.7770206,-0.058643065,-0.20647246,TREMOR,c9b7d05dda84
1776793365599,324047619085130,1.4341269,-0.7182605,8.552089,-0.29077184,0.17348573,-0.096516706,TREMOR,c9b7d05dda84
1776793365628,324047639104661,0.47644615,-0.5482722,8.477868,-2.3054054,0.38606682,0.04520403,TREMOR,c9b7d05dda84
1776793365650,324047659185227,0.095768064,-2.9951463,7.9463553,-4.5937066,0.15149458,0.25289822,TREMOR,c9b7d05dda84
1776793365662,324047679235276,0.30166942,-4.9823337,6.8091097,-6.1086526,0.012217305,0.46303585,TREMOR,c9b7d05dda84
1776793365680,324047699315843,-0.038307227,-7.833828,6.471527,-6.350555,0.0036651916,0.643852,TREMOR,c9b7d05dda84
1776793365700,324047719365892,-1.1947067,-15.562311,5.7029886,-4.5802674,-0.26267207,0.48747048,TREMOR,c9b7d05dda84
1776793365737,324047739446458,-0.94092125,-18.30846,5.2385135,0.21624629,-0.3359759,0.07819075,TREMOR,c9b7d05dda84
1776793365744,324047759496507,0.30166942,-9.277532,6.0477533,5.4501395,-0.037873644,-0.13072516,TREMOR,c9b7d05dda84
1776793365765,324047779516038,-0.30885202,-4.0054994,7.0605006,6.9101076,0.34574974,-0.24312437,TREMOR,c9b7d05dda84
1776793365780,324047799566087,-1.2090719,-1.0319009,8.0684595,5.502674,0.39584067,-0.48380527,TREMOR,c9b7d05dda84
1776793365804,324047819677171,-0.79966336,-0.7182605,9.16261,2.5179865,0.06963864,-0.41905355,TREMOR,c9b7d05dda84
1776793365831,324047839727220,0.21787235,-2.5833437,8.789114,-0.59864795,-0.29077184,-0.30665436,TREMOR,c9b7d05dda84
1776793365841,324047859807786,1.1420342,-3.5865142,8.3868885,-2.4581218,-0.22357668,-0.119729586,TREMOR,c9b7d05dda84
1776793365871,324047879857835,1.1109096,-4.3957543,7.8505874,-2.8588493,-0.111177474,0.052534413,TREMOR,c9b7d05dda84
1776793365883,324047899907884,1.3503298,-3.7229836,7.2544312,-2.3738225,0.07452556,0.3213151,TREMOR,c9b7d05dda84
1776793365902,324047919988450,0.6368576,-3.8666358,7.6111674,-2.620612,0.32375857,0.46670106,TREMOR,c9b7d05dda84
1776793365938,324047940007981,-1.9081788,-7.908048,7.548918,-3.5295794,0.26267207,0.44104472,TREMOR,c9b7d05dda84
1776793365942,324047960088548,-2.5953147,-12.662932,7.0102224,-3.0995302,-0.15149458,0.376293,TREMOR,c9b7d05dda84
1776793365967,324047980138597,-0.1340753,-10.876859,6.600814,-0.593761,-0.3567453,0.23335053,TREMOR,c9b7d05dda84
1776793365981,324048000249681,0.5602432,-7.553706,6.220136,1.6859881,-0.09285152,0.06352998,TREMOR,c9b7d05dda84
1776793366003,324048020299729,-1.1013328,-8.537724,6.7133417,2.5130997,0.058643065,-0.26389378,TREMOR,c9b7d05dda84
1776793366028,324048040380296,-0.63206923,-10.127473,6.3063273,3.667635,-0.18203785,-0.44959682,TREMOR,c9b7d05dda84
1776793366050,324048060430345,1.30484,-5.0661306,7.252037,5.1728067,-0.15515977,-0.35796702,TREMOR,c9b7d05dda84
1776793366062,324048080449876,1.0606314,-1.1779473,8.384495,5.031086,0.25045475,-0.22724187,TREMOR,c9b7d05dda84
1776793366084,324048100530442,-0.39504328,0.1364695,8.851364,3.1300735,0.32620203,-0.16371189,TREMOR,c9b7d05dda84
1776793366101,324048120611009,-0.18195933,-0.7541735,9.275137,0.79045963,0.08674286,-0.030543262,TREMOR,c9b7d05dda84
1776793366128,324048140661058,0.6703765,-1.7357962,9.294291,-1.3842206,0.008552114,0.080634214,TREMOR,c9b7d05dda84
1776793366145,324048160741624,0.49320555,-2.4277205,8.51857,-3.150843,0.12339478,0.16126843,TREMOR,c9b7d05dda84
1776793366165,324048180822190,-0.1604115,-4.2760444,7.299921,-4.315152,0.13194689,0.27122417,TREMOR,c9b7d05dda84
1776793366182,324048200872239,0.093373865,-4.6806645,6.9767036,-5.1532593,0.21502456,0.33964106,TREMOR,c9b7d05dda84
1776793366202,324048220952806,-0.81163436,-7.07726,5.825093,-5.8410935,0.2846632,0.33964106,TREMOR,c9b7d05dda84
1776793366228,324048240972337,-1.0295067,-8.947132,5.5976434,-5.8618627,0.24923302,0.25289822,TREMOR,c9b7d05dda84
1776793366245,324048261022386,-2.2577322,-15.423448,3.3087866,-4.524068,-0.035430185,0.1685988,TREMOR,c9b7d05dda84
1776793366267,324048281072435,-0.79726917,-18.236635,3.4261026,-0.68416905,-0.312763,-0.3640757,TREMOR,c9b7d05dda84
1776793366282,324048301091966,1.1707647,-10.532093,4.8338933,4.3774605,-0.17104226,-0.3555236,TREMOR,c9b7d05dda84
1776793366303,324048321111497,0.7110779,-5.595249,6.0477533,6.6156707,0.1441642,-0.4886922,TREMOR,c9b7d05dda84
1776793366339,324048341161546,-0.79487497,-4.39336,6.861782,6.4299674,0.22357668,-0.4605924,TREMOR,c9b7d05dda84
1776793366344,324048361272630,-0.92416185,-3.6870706,7.800309,5.1520376,-0.059864793,-0.3323107,TREMOR,c9b7d05dda84
1776793366372,324048381322679,0.34237084,-2.0039468,8.583213,3.844786,-0.1966986,-0.14172074,TREMOR,c9b7d05dda84
1776793366382,324048401372727,0.37349546,-1.2258313,9.425972,2.0964894,-0.05375614,-0.09407325,TREMOR,c9b7d05dda84
1776793366403,324048421453294,0.023942016,-0.5291186,9.586384,-0.33353242,0.07696902,-0.118507855,TREMOR,c9b7d05dda84
1776793366434,324048441503343,-0.0023942017,-2.3175871,8.348581,-2.4556782,-0.09162979,0.012217305,TREMOR,c9b7d05dda84
1776793366442,324048461583909,0.90979666,-2.657564,7.524976,-3.930307,-0.07941248,0.1001819,TREMOR,c9b7d05dda84
1776793366467,324048481633958,0.34237084,-4.865018,6.8569937,-4.813618,0.07452556,0.24923302,TREMOR,c9b7d05dda84
1776793366483,324048501714524,-0.9864111,-9.097966,6.897695,-4.912578,0.056199603,0.25411993,TREMOR,c9b7d05dda84
1776793366507,324048521734056,-2.3702598,-18.492813,5.861006,-2.7085764,-0.30298916,0.010995574,TREMOR,c9b7d05dda84
1776793366525,324048541814622,0.17956513,-17.017986,4.6040497,3.4122932,-0.6243043,-0.43249258,TREMOR,c9b7d05dda84
1776793366555,324048561864671,2.4061728,-4.759673,5.329493,8.599761,-0.018325957,-0.31520647,TREMOR,c9b7d05dda84
1776793366563,324048581914720,1.8818425,2.0470424,7.297527,8.76836,0.7244862,-0.1685988,TREMOR,c9b7d05dda84
1776793366584,324048601995286,-1.1180922,4.3502645,8.485051,7.4501123,0.8784242,-0.1966986,TREMOR,c9b7d05dda84
1776793366612,324048622014817,-2.0614076,4.7165775,9.509769,3.2461379,0.39584067,-0.3286455,TREMOR,c9b7d05dda84
1776793366629,324048642095384,0.30645782,1.5921441,9.799467,-1.2070698,-0.24801129,0.032986723,TREMOR,c9b7d05dda84
1776793366651,324048662114915,0.533907,-2.6168625,9.109938,-4.298048,-0.40194935,0.09040806,TREMOR,c9b7d05dda84
1776793366664,324048682195481,0.40462008,-5.482722,8.475474,-5.3243012,-0.28710666,0.16126843,TREMOR,c9b7d05dda84
1776793366683,324048702215013,-0.31124622,-9.272743,7.5680714,-4.2650614,-0.2919936,0.30543262,TREMOR,c9b7d05dda84
1776793366705,324048722265061,0.45489833,-8.585608,7.177817,-1.7275269,-0.21380283,0.31398472,TREMOR,c9b7d05dda84
1776793366733,324048742315110,0.59615624,-6.021417,7.28795,0.49602258,0.04886922,0.31520647,TREMOR,c9b7d05dda84
1776793366743,324048762365159,0.01436521,-4.283227,8.161834,1.0824533,0.25289822,0.09896017,TREMOR,c9b7d05dda84
1776793366774,324048782415208,-0.6368576,-3.2585084,8.925584,0.09407325,0.32498032,0.05375614,TREMOR,c9b7d05dda84
1776793366786,324048802495774,-1.0271125,-4.4484267,8.6095495,-1.813048,0.16371189,0.0842994,TREMOR,c9b7d05dda84
1776793366816,324048822545823,-1.055843,-7.9343843,7.6231384,-3.0653217,-0.16371189,0.09407325,TREMOR,c9b7d05dda84
1776793366825,324048842565354,-1.0630256,-13.76666,7.491457,-2.0402899,-0.5021312,-0.04886922,TREMOR,c9b7d05dda84
1776793366858,324048862645921,0.56982,-14.889541,5.767632,2.3958135,-0.70371675,-0.40317106,TREMOR,c9b7d05dda84
1776793366866,324048882726487,2.3582888,-5.281609,5.8107276,7.228979,-0.17959438,-0.37751472,TREMOR,c9b7d05dda84
1776793366884,324048902807054,1.0893618,1.0390835,7.941567,7.75921,0.47403142,-0.33108896,TREMOR,c9b7d05dda84
1776793366919,324048922857102,-0.91937345,3.9600096,10.007763,5.0665164,0.6035349,-0.32375857,TREMOR,c9b7d05dda84
1776793366926,324048942937669,-0.33758244,3.0358477,9.452309,1.4135422,0.05375614,-0.16615535,TREMOR,c9b7d05dda84
1776793366946,324048962987718,0.8403648,0.81163436,8.815451,-1.5650368,-0.1282817,0.07086037,TREMOR,c9b7d05dda84
1776793366969,324048983068284,0.20111294,-2.5594015,8.6095495,-3.4477234,-0.13927728,0.18570304,TREMOR,c9b7d05dda84
1776793366984,324049003118333,-0.29688102,-5.3678,8.568848,-3.8325686,-0.19303341,0.21013765,TREMOR,c9b7d05dda84
1776793367013,324049023198899,0.16998832,-5.8346696,8.360553,-2.8502972,-0.12583824,0.27122417,TREMOR,c9b7d05dda84
1776793367030,324049043248948,0.14604631,-5.2863975,8.178593,-1.6358972,0.047647487,0.32375857,TREMOR,c9b7d05dda84
1776793367051,324049063298997,-0.33518824,-4.9344497,8.350976,-1.17897,0.10873401,0.13927728,TREMOR,c9b7d05dda84
1776793367064,324049083349046,-0.39983168,-5.058948,8.544906,-1.3720033,0.065973446,0.065973446,TREMOR,c9b7d05dda84
1776793367084,324049103429612,-0.4213795,-5.628768,8.3868885,-1.8961257,0.015882496,0.043982297,TREMOR,c9b7d05dda84
1776793367117,324049123479661,-0.21787235,-6.244078,7.955932,-2.3017402,-0.002443461,0.056199603,TREMOR,c9b7d05dda84
1776793367124,324049143560227,-0.272939,-7.417237,7.40766,-2.2675319,-0.008552114,0.04153884,TREMOR,c9b7d05dda84
1776793367158,324049163610276,-0.31603462,-10.13705,6.6989765,-1.2962561,-0.10140363,-0.10995574,TREMOR,c9b7d05dda84
1776793367172,324049183629808,0.35194764,-10.283096,6.8210807,0.7867944,-0.16249016,-0.20647246,TREMOR,c9b7d05dda84
1776793367186,324049203710374,1.1180922,-7.565677,7.321469,3.4929276,-0.035430185,-0.29077184,TREMOR,c9b7d05dda84
1776793367217,324049223790940,0.63206923,-4.5298295,7.7069354,4.868596,0.15515977,-0.28221974,TREMOR,c9b7d05dda84
1776793367226,324049243840989,-0.038307227,-1.4820108,8.214506,4.5985937,0.23335053,-0.14905111,TREMOR,c9b7d05dda84
1776793367256,324049263891038,-0.19632454,0.22744916,8.913613,3.2986724,0.1563815,0.1001819,TREMOR,c9b7d05dda84
1776793367268,324049283941087,-0.1364695,0.272939,8.949526,1.3561208,0.047647487,0.10629055,TREMOR,c9b7d05dda84
1776793367287,324049303991136,-0.2657564,-1.673547,9.313444,-0.67073005,-0.019547688,0.19425514,TREMOR,c9b7d05dda84
1776793367319,324049324071702,-0.35194764,-3.8738184,9.404425,-2.1844542,-0.09040806,0.17837265,TREMOR,c9b7d05dda84
1776793367330,324049344091233,-0.08619126,-4.3239284,8.939949,-3.0225613,-0.07086037,0.10995574,TREMOR,c9b7d05dda84
1776793367346,324049364141282,-0.021547815,-4.3981485,8.171411,-3.7665951,0.029321533,0.20158553,TREMOR,c9b7d05dda84
1776793367368,324049384252366,-0.50038815,-6.4978633,7.8649526,-4.3921213,0.036651913,0.12950343,TREMOR,c9b7d05dda84
1776793367385,324049404302415,-0.9672575,-12.380417,6.9383965,-3.4196236,-0.25534168,-0.096516706,TREMOR,c9b7d05dda84
1776793367419,324049424413499,1.6017209,-11.159374,6.88333,-0.028099801,-0.41050145,-0.18325958,TREMOR,c9b7d05dda84
1776793367429,324049444463548,1.7022774,-7.443573,7.0341644,3.2669072,0.087964594,-0.13194689,TREMOR,c9b7d05dda84
1776793367450,324049464544114,0.19153613,-3.3207579,8.437167,4.224744,0.46914452,-0.21135938,TREMOR,c9b7d05dda84
1776793367466,324049484563645,-1.2761095,-2.1667526,8.48984,3.6199875,0.38362336,0.05375614,TREMOR,c9b7d05dda84
1776793367486,324049504644212,-0.8595184,-1.757344,9.220071,1.9999728,0.013439035,0.032986723,TREMOR,c9b7d05dda84
1776793367517,324049524755296,-0.035913024,-3.0502129,9.188946,0.3848451,-0.26389378,0.042760566,TREMOR,c9b7d05dda84
1776793367525,324049544774827,0.48602295,-3.7373488,8.956709,-0.3848451,-0.2687807,0.017104227,TREMOR,c9b7d05dda84
1776793367558,324049564885911,0.4309563,-3.7253778,8.808268,-0.6805039,-0.14049901,0.034208454,TREMOR,c9b7d05dda84
1776793367570,324049584905442,0.49081135,-3.0142999,8.635885,-1.0433578,-0.02321288,0.036651913,TREMOR,c9b7d05dda84
1776793367587,324049604955491,0.36152446,-2.834735,8.310274,-1.8875736,0.09040806,0.09040806,TREMOR,c9b7d05dda84
1776793367623,324049625036058,-0.08619126,-4.1683054,8.250419,-3.1227431,0.1282817,0.12583824,TREMOR,c9b7d05dda84
1776793367636,324049645055589,-0.46686932,-6.505046,7.8410106,-3.893655,0.095294975,0.14172074,TREMOR,c9b7d05dda84
1776793367648,324049665105638,-0.2657564,-8.437167,7.216124,-3.6285396,0.064751714,0.15149458,TREMOR,c9b7d05dda84
1776793367668,324049685155686,-0.90500826,-11.901577,6.397307,-2.3139575,-0.009773844,0.111177474,TREMOR,c9b7d05dda84
1776793367705,324049705236253,-0.90261406,-14.817715,6.136339,0.689056,-0.25778514,-0.267559,TREMOR,c9b7d05dda84
1776793367717,324049725286302,-0.050278235,-13.314156,5.7365074,2.8735101,-0.3481932,-0.36896262,TREMOR,c9b7d05dda84
1776793367730,324049745305833,1.5346833,-5.4324436,6.0118403,6.7573915,-0.12095132,-0.28955013,TREMOR,c9b7d05dda84
1776793367749,324049765416917,1.0582372,0.48602295,7.678205,7.176445,0.36774087,-0.19303341,TREMOR,c9b7d05dda84
1776793367775,324049785466966,-0.93613285,3.2202013,9.85214,4.5949283,0.5571091,-0.21502456,TREMOR,c9b7d05dda84
1776793367798,324049805486497,-1.2186487,1.7142484,10.658986,0.6927212,0.030543262,-0.2003638,TREMOR,c9b7d05dda84
1776793367823,324049825597581,0.25857377,-1.6304513,9.540894,-2.2492058,-0.4642576,-0.029321533,TREMOR,c9b7d05dda84
1776793367828,324049845617112,1.0007763,-5.0493712,7.644686,-3.4465017,-0.4728097,-0.014660766,TREMOR,c9b7d05dda84
1776793367853,324049865636644,1.0271125,-6.4763155,6.8569937,-3.2620203,-0.21746802,-0.035430185,TREMOR,c9b7d05dda84
1776793367867,324049885686692,0.91937345,-5.707777,7.563283,-1.9437732,0.043982297,0.07696902,TREMOR,c9b7d05dda84
1776793367902,324049905736741,0.49559975,-4.43885,8.42759,-1.0946705,0.22968534,0.20647246,TREMOR,c9b7d05dda84
1776793367909,324049925786790,-0.60094464,-5.2600613,8.669404,-1.2657127,0.20769419,0.15882497,TREMOR,c9b7d05dda84
1776793367930,324049945836839,-0.7302315,-6.517017,8.59279,-1.6713274,0.058643065,0.19914207,TREMOR,c9b7d05dda84
1776793367947,324049965856370,-0.47165772,-7.2065473,8.394072,-1.8839084,-0.089186326,0.14538592,TREMOR,c9b7d05dda84
1776793367972,324049985906419,0.18674773,-7.1275387,7.3166804,-1.5980235,-0.039095376,0.1563815,TREMOR,c9b7d05dda84
1776793367997,324050005986985,-0.16998832,-7.9870567,7.2352777,-1.5039502,0.043982297,0.07574729,TREMOR,c9b7d05dda84
1776793368018,324050026037034,-1.1444284,-11.621455,6.7923503,-0.3005457,-0.17470746,-0.05375614,TREMOR,c9b7d05dda84
1776793368028,324050046087083,0.2657564,-11.731588,6.528988,3.0042353,-0.5204572,-0.36285394,TREMOR,c9b7d05dda84
1776793368052,324050066137132,2.4157495,-3.8067808,7.33344,6.211278,-0.2125811,-0.2846632,TREMOR,c9b7d05dda84
1776793368067,324050086248216,0.5793968,0.60333884,8.731653,5.9498277,0.4251622,-0.28344148,TREMOR,c9b7d05dda84
1776793368102,324050106298265,-1.2545617,1.6184803,9.770737,3.5271358,0.28710666,-0.38240165,TREMOR,c9b7d05dda84
1776793368109,324050126378831,0.14604631,0.20350714,9.346964,0.8014552,-0.28344148,-0.14049901,TREMOR,c9b7d05dda84
1776793368135,324050146459397,1.3503298,-1.3575124,8.78672,-1.5943583,-0.29932398,-0.02321288,TREMOR,c9b7d05dda84
1776793368147,324050166478929,0.6488287,-3.58412,7.7189064,-3.3573153,-0.096516706,0.02565634,TREMOR,c9b7d05dda84
1776793368168,324050186559495,0.47644615,-4.903325,7.299921,-4.08791,0.07086037,0.18692477,TREMOR,c9b7d05dda84
1776793368207,324050206640061,-0.023942016,-6.069301,7.2568254,-4.2992697,0.15149458,0.30665436,TREMOR,c9b7d05dda84
1776793368215,324050226720628,-0.4165911,-7.704541,7.177817,-3.8802161,0.11362094,0.3005457,TREMOR,c9b7d05dda84
1776793368232,324050246770677,-0.48841715,-9.181764,7.165846,-2.8600712,0.0012217305,0.27366763,TREMOR,c9b7d05dda84
1776793368248,324050266820726,-0.7206547,-11.9614315,6.4787097,-0.8979719,-0.15515977,0.064751714,TREMOR,c9b7d05dda84
1776793368269,324050286870774,0.31364042,-11.271901,6.1770406,2.1600194,-0.312763,-0.23090707,TREMOR,c9b7d05dda84
1776793368297,324050306951341,1.3814543,-5.5377884,6.766014,4.8576,-0.09285152,-0.22357668,TREMOR,c9b7d05dda84
1776793368314,324050326970872,0.92416185,-0.89543146,7.4627266,5.318193,0.2846632,-0.14172074,TREMOR,c9b7d05dda84
1776793368335,324050347081956,-0.20590134,1.5346833,9.011775,3.6419785,0.47769663,-0.080634214,TREMOR,c9b7d05dda84
1776793368348,324050367132005,-0.9911995,0.40940848,10.000581,0.6365216,0.16615535,-0.15515977,TREMOR,c9b7d05dda84
1776793368368,324050387182054,-0.320823,-3.3542767,9.835381,-1.9706513,-0.37140608,-0.13805555,TREMOR,c9b7d05dda84
1776793368402,324050407232102,0.62967503,-7.40766,8.322245,-3.2925637,-0.4569272,-0.06963864,TREMOR,c9b7d05dda84
1776793368410,324050427312669,0.31364042,-11.080365,7.2352777,-3.137404,-0.3567453,-0.065973446,TREMOR,c9b7d05dda84
1776793368438,324050447393235,1.4149733,-9.574412,7.6590514,-0.5815437,-0.28099802,-0.13316862,TREMOR,c9b7d05dda84
1776793368449,324050467412767,2.030283,-5.580884,8.236053,2.2174408,-0.0061086523,0.02687807,TREMOR,c9b7d05dda84
1776793368473,324050487462815,0.9648633,-3.289633,8.734048,2.9944615,0.24312437,0.089186326,TREMOR,c9b7d05dda84
1776793368503,324050507573899,0.5482722,-1.13964,8.987833,2.0317378,0.35308012,0.16371189,TREMOR,c9b7d05dda84
1776793368512,324050527593431,0.18435353,0.8403648,8.932767,-0.16371189,0.5119051,0.36041048,TREMOR,c9b7d05dda84
1776793368534,324050547673997,-1.3335704,-1.3790601,8.451532,-3.032335,0.45448375,0.39828414,TREMOR,c9b7d05dda84
1776793368548,324050567754563,-1.7549498,-5.535394,7.6111674,-5.176472,0.08307768,0.24923302,TREMOR,c9b7d05dda84
1776793368569,324050587804612,-0.47405192,-8.750807,6.2225304,-5.26688,-0.25900686,0.23823744,TREMOR,c9b7d05dda84
1776793368607,324050607885179,0.2873042,-11.513716,5.317522,-3.6456437,-0.22235495,0.21624629,TREMOR,c9b7d05dda84
1776793368613,324050627935227,0.1316811,-12.674904,6.2871737,-0.92485,-0.029321533,-0.17348573,TREMOR,c9b7d05dda84
1776793368632,324050648015794,-0.34476504,-13.735536,5.571307,2.579073,-0.096516706,-0.37995818,TREMOR,c9b7d05dda84
1776793368649,324050668065843,0.7589619,-8.209718,6.1890116,5.903402,-0.16371189,-0.4801401,TREMOR,c9b7d05dda84
1776793368671,324050688176927,1.3096284,-3.2465374,6.555324,7.442782,-0.015882496,-0.2846632,TREMOR,c9b7d05dda84
1776793368699,324050708257493,0.78050977,1.5490485,8.274361,6.5533624,0.3408628,-0.047647487,TREMOR,c9b7d05dda84
1776793368720,324050728277024,-0.5482722,3.0262709,9.519346,3.8692205,0.3933972,-0.042760566,TREMOR,c9b7d05dda84
1776793368732,324050748357591,-0.33039984,1.7669208,9.97185,0.44104472,0.064751714,-0.017104227,TREMOR,c9b7d05dda84
1776793368750,324050768438157,0.4165911,-1.2449849,9.296685,-2.4788911,-0.19792034,0.10873401,TREMOR,c9b7d05dda84
1776793368771,324050788457688,0.89064306,-3.7948096,8.425196,-4.030489,-0.16249016,0.1001819,TREMOR,c9b7d05dda84
1776793368791,324050808538255,0.35673606,-5.3223104,8.106767,-4.6352453,0.105068825,0.19792034,TREMOR,c9b7d05dda84
1776793368822,324050828618821,0.0047884034,-6.361394,7.9990277,-4.49719,0.14294247,0.24312437,TREMOR,c9b7d05dda84
1776793368830,324050848638352,-0.055066638,-7.441179,7.539341,-3.5442402,0.10140363,0.26633725,TREMOR,c9b7d05dda84
1776793368849,324050868749436,0.17717093,-7.311892,7.0844426,-2.4239132,0.112399206,0.27366763,TREMOR,c9b7d05dda84
1776793368871,324050888768968,-0.39025488,-7.7428484,7.479486,-1.0812315,0.111177474,0.10751228,TREMOR,c9b7d05dda84
1776793368902,324050908788499,-0.34476504,-7.714118,8.003817,-0.5852089,0.039095376,0.11728613,TREMOR,c9b7d05dda84
1776793368909,324050928838548,-0.23942018,-7.726089,7.431602,0.22479841,-0.064751714,0.035430185,TREMOR,c9b7d05dda84
1776793368937,324050948919114,-0.62249243,-7.9032598,7.759608,0.75869465,-0.064751714,0.002443461,TREMOR,c9b7d05dda84
1776793368951,324050968938645,-1.4077905,-13.563152,6.622362,2.453235,-0.3885103,-0.312763,TREMOR,c9b7d05dda84
1776793368988,324050989019212,1.661576,-6.4380083,7.0221934,5.4061575,-0.4007276,-0.40683624,TREMOR,c9b7d05dda84
1776793368995,324051009099778,1.6496049,0.0047884034,8.298303,6.1758475,0.25411993,-0.16493362,TREMOR,c9b7d05dda84
1776793369020,324051029119310,-0.46926352,2.846706,10.151415,3.7421606,0.59864795,-0.34208453,TREMOR,c9b7d05dda84
1776793369030,324051049169358,-0.842759,2.5450363,9.969456,-0.2284636,0.23335053,-0.3213151,TREMOR,c9b7d05dda84
1776793369056,324051069280442,0.02633622,-1.0127473,8.537724,-3.5772269,-0.26511553,0.015882496,TREMOR,c9b7d05dda84
1776793369080,324051089299974,0.58897364,-4.5801077,7.2472486,-5.4501395,-0.36163223,0.089186326,TREMOR,c9b7d05dda84
1776793369097,324051109350022,0.93134445,-7.067683,6.6486983,-5.4611354,-0.23457226,0.25167647,TREMOR,c9b7d05dda84
1776793369114,324051129461106,0.33758244,-8.947132,6.531382,-3.8728857,-0.052534413,0.41783184,TREMOR,c9b7d05dda84
1776793369130,324051149511155,-0.49799395,-10.864887,6.3422403,-1.3610078,0.010995574,0.25045475,TREMOR,c9b7d05dda84
1776793369154,324051169591722,-0.5315128,-10.491392,6.5146227,1.346347,-0.073303826,0.056199603,TREMOR,c9b7d05dda84
1776793369180,324051189672288,0.047884032,-8.032547,6.8881183,3.5674531,-0.07819075,-0.089186326,TREMOR,c9b7d05dda84
1776793369202,324051209722337,0.2705448,-4.5418005,7.795521,4.4764204,0.111177474,-0.11728613,TREMOR,c9b7d05dda84
1776793369213,324051229802903,-0.16519992,-1.8243817,8.892065,3.7702603,0.3115413,-0.064751714,TREMOR,c9b7d05dda84
1776793369235,324051249822435,-0.6919243,-0.79008657,9.593566,1.8851302,0.27122417,-0.10751228,TREMOR,c9b7d05dda84
1776793369251,324051269872483,-0.4381389,-2.27928,9.239224,-0.36651915,0.02321288,-0.11484267,TREMOR,c9b7d05dda84
1776793369276,324051289922532,0.050278235,-4.6710877,8.901642,-1.7849482,-0.22724187,-0.02687807,TREMOR,c9b7d05dda84
1776793369297,324051310003099,0.79008657,-5.291186,8.432379,-1.8338175,-0.21991149,0.059864793,TREMOR,c9b7d05dda84
1776793369314,324051330022630,0.85473,-4.367024,8.00621,-1.4465289,-0.032986723,0.17348573,TREMOR,c9b7d05dda84
1776793369331,324051350072679,0.4309563,-3.4117374,8.147469,-1.8472565,0.19303341,0.21624629,TREMOR,c9b7d05dda84
1776793369352,324051370092210,-0.46208093,-4.381389,8.26239,-3.2974505,0.25534168,0.21013765,TREMOR,c9b7d05dda84
1776793369381,324051390142259,-1.0295067,-7.627927,7.8170686,-4.6315804,0.056199603,0.16982053,TREMOR,c9b7d05dda84
1776793369397,324051410253343,-0.8475474,-11.975797,6.14831,-4.1001277,-0.21135938,0.09285152,TREMOR,c9b7d05dda84
1776793369419,324051430272874,-0.14604631,-14.753071,5.097255,-1.3817772,-0.33108896,-0.119729586,TREMOR,c9b7d05dda84
1776793369431,324051450383958,0.8331822,-10.881647,5.470751,2.5851817,-0.13316862,-0.37140608,TREMOR,c9b7d05dda84
1776793369451,324051470464524,1.0103531,-5.3103395,6.291962,5.1703634,0.15393804,-0.37018433,TREMOR,c9b7d05dda84
1776793369489,324051490545091,0.40701428,-2.0326772,7.455544,5.1789155,0.3213151,-0.32375857,TREMOR,c9b7d05dda84
1776793369496,324051510595140,-0.39264908,-0.7661445,8.520964,3.3512068,0.25045475,-0.15515977,TREMOR,c9b7d05dda84
1776793369521,324051530614671,-0.36391866,-1.1971009,8.896853,0.8258898,0.042760566,-0.03176499,TREMOR,c9b7d05dda84
1776793369532,324051550695237,0.1412579,-2.3415294,8.341399,-1.5210545,-0.081855945,0.06841691,TREMOR,c9b7d05dda84
1776793369558,324051570714769,0.035913024,-4.9320555,7.6135616,-3.2217033,-0.09162979,0.13072516,TREMOR,c9b7d05dda84
1776793369584,324051590795335,-0.4381389,-8.032547,6.919243,-3.7788124,-0.13439035,0.15882497,TREMOR,c9b7d05dda84
1776793369592,324051610875901,-0.08379706,-10.611102,6.265626,-2.5350907,-0.24923302,0.12339478,TREMOR,c9b7d05dda84
1776793369619,324051630925950,0.7158663,-10.400413,6.730101,-0.2932153,-0.1160644,0.09162979,TREMOR,c9b7d05dda84
1776793369632,324051650975999,-0.20590134,-9.624691,7.079654,1.9327776,0.058643065,-0.04153884,TREMOR,c9b7d05dda84
1776793369655,324051670995530,-0.031124622,-7.1634517,7.4842744,4.076915,-0.021991149,-0.06841691,TREMOR,c9b7d05dda84
1776793369694,324051691045579,0.031124622,-4.951209,8.525752,4.8478265,0.04642576,-0.02565634,TREMOR,c9b7d05dda84
1776793369698,324051711126145,-0.51954174,-3.655946,8.7053175,4.5301766,-0.002443461,-0.13561209,TREMOR,c9b7d05dda84
1776793369721,324051731176194,0.33758244,-0.5386954,9.102755,3.6334264,0.034208454,-0.030543262,TREMOR,c9b7d05dda84
1776793369741,324051751226243,-0.17477672,-0.20829555,9.512163,1.9168952,0.036651913,-0.12217305,TREMOR,c9b7d05dda84
1776793369760,324051771276292,0.15562311,-1.2018893,9.234436,0.34574974,-0.1563815,-0.16126843,TREMOR,c9b7d05dda84
1776793369774,324051791326341,1.0055647,-0.6871359,9.179369,-0.70249504,-0.09040806,-0.07819075,TREMOR,c9b7d05dda84
1776793369794,324051811406907,0.62967503,-1.2785037,9.057265,-1.881465,0.021991149,-0.037873644,TREMOR,c9b7d05dda84
1776793369819,324051831456956,0.58418524,-2.327164,8.497022,-2.8735101,0.064751714,0.043982297,TREMOR,c9b7d05dda84
1776793369832,324051851537522,0.6464345,-3.4835634,7.7213006,-3.6468656,0.22602014,0.11728613,TREMOR,c9b7d05dda84
1776793369853,324051871587571,-0.50757074,-6.196194,7.1155677,-4.418999,0.42271876,0.1160644,TREMOR,c9b7d05dda84
1776793369881,324051891698655,-1.055843,-7.5106106,7.2089415,-4.3725734,0.37140608,0.14782938,TREMOR,c9b7d05dda84
1776793369897,324051911748704,-0.44532153,-8.559271,7.443573,-3.2852333,0.10751228,0.3481932,TREMOR,c9b7d05dda84
1776793369915,324051931768235,-0.090979666,-8.461109,6.859388,-2.0463986,0.0842994,0.24923302,TREMOR,c9b7d05dda84
1776793369933,324051951879319,-0.59376204,-8.602366,6.603208,-1.097114,0.13561209,0.112399206,TREMOR,c9b7d05dda84
1776793369953,324051971929368,-0.79008657,-9.569624,6.5481415,-0.204029,0.0012217305,0.002443461,TREMOR,c9b7d05dda84
1776793369985,324051991979417,-0.46686932,-9.730036,6.6391215,0.91751957,-0.1600467,-0.09896017,TREMOR,c9b7d05dda84
1776793369993,324052012059983,0.095768064,-9.069236,7.285556,1.568702,-0.17837265,-0.119729586,TREMOR,c9b7d05dda84
1776793370026,324052032110032,-0.035913024,-9.406818,6.861782,3.082426,-0.15760323,-0.2406809,TREMOR,c9b7d05dda84
1776793370039,324052052190599,0.48841715,-5.5760956,7.7811556,4.114788,-0.061086524,-0.28710666,TREMOR,c9b7d05dda84
1776793370055,324052072240647,0.34237084,-2.8179753,8.566454,3.7568212,0.12705997,-0.12950343,TREMOR,c9b7d05dda84
1776793370088,324052092321214,-0.320823,-1.8387469,8.892065,2.0683897,0.16126843,-0.10873401,TREMOR,c9b7d05dda84
1776793370094,324052112371263,-0.4405331,-2.554613,8.1881695,0.25289822,-0.043982297,-0.112399206,TREMOR,c9b7d05dda84
1776793370120,324052132421311,0.46208093,-2.6048915,8.209718,-1.102001,-0.1600467,-0.039095376,TREMOR,c9b7d05dda84
1776793370133,324052152532395,0.7254431,-1.9919758,8.2169,-2.7769935,0.015882496,0.021991149,TREMOR,c9b7d05dda84
1776793370155,324052172582444,0.06943185,-3.0933087,7.5561004,-4.7952924,0.19914207,0.13072516,TREMOR,c9b7d05dda84
1776793370180,324052192632493,-0.8714894,-7.2544312,5.9160724,-6.338338,0.10873401,0.17592919,TREMOR,c9b7d05dda84
1776793370197,324052212713060,-2.2864625,-17.523163,3.181894,-5.701816,-0.25900686,0.07941248,TREMOR,c9b7d05dda84
1776793370218,324052232732591,-0.5554548,-22.471977,2.9520507,-0.7122689,-0.6927212,-0.48380527,TREMOR,c9b7d05dda84
1776793370233,324052252782640,2.6551697,-8.451532,4.6375685,6.0976567,-0.18936823,-0.3921755,TREMOR,c9b7d05dda84
1776793370254,324052272863206,1.1875241,-1.6543933,6.861782,8.002335,0.47647488,-0.3640757,TREMOR,c9b7d05dda84
1776793370291,324052292913255,-1.292869,1.7190368,8.133103,6.400646,0.5729916,-0.38240165,TREMOR,c9b7d05dda84
1776793370299,324052313024339,-1.3096284,1.0390835,8.9279785,3.0311134,0.019547688,-0.12583824,TREMOR,c9b7d05dda84
1776793370314,324052333104905,0.8403648,-0.40462008,8.956709,-0.18936823,-0.40317106,-0.039095376,TREMOR,c9b7d05dda84
1776793370336,324052353185472,0.9888053,-2.669535,8.346188,-2.6218336,-0.22357668,0.07574729,TREMOR,c9b7d05dda84
1776793370356,324052373266038,0.10055647,-5.884948,7.553706,-3.8924334,-0.096516706,0.18081611,TREMOR,c9b7d05dda84
1776793370382,324052393285569,-0.30166942,-9.141062,7.177817,-3.3805282,-0.15027285,0.20158553,TREMOR,c9b7d05dda84
1776793370398,324052413305101,-0.29448682,-11.434708,6.5481415,-1.102001,-0.23701571,0.18936823,TREMOR,c9b7d05dda84
1776793370415,324052433355149,0.36391866,-8.9758625,6.5720835,1.8216002,-0.11484267,-0.019547688,TREMOR,c9b7d05dda84
1776793370434,324052453435716,0.22984336,-6.0884547,7.410054,3.6138787,0.09162979,-0.09407325,TREMOR,c9b7d05dda84
1776793370462,324052473485765,-0.20829555,-3.466804,8.602366,3.9241984,0.20525073,-0.12950343,TREMOR,c9b7d05dda84
1776793370481,324052493535813,-0.6464345,-2.815581,9.150639,3.3292155,0.065973446,-0.09773844,TREMOR,c9b7d05dda84
1776793370498,324052513616380,0.29688102,-1.5729905,9.885659,2.2186625,-0.10751228,-0.032986723,TREMOR,c9b7d05dda84
1776793370520,324052533666429,0.4357447,-1.6160861,9.9550905,0.86009824,-0.13072516,0.018325957,TREMOR,c9b7d05dda84
1776793370534,324052553746995,0.8571242,-1.3718776,9.32781,-0.4569272,-0.09162979,0.0720821,TREMOR,c9b7d05dda84
1776793370555,324052573797044,0.62967503,-1.7286136,8.846576,-1.9804251,0.019547688,0.13072516,TREMOR,c9b7d05dda84
1776793370593,324052593816575,0.4405331,-3.2968156,8.042124,-3.3426547,0.032986723,0.16371189,TREMOR,c9b7d05dda84
1776793370600,324052613866624,0.5793968,-3.7421372,7.869741,-4.393343,0.19792034,0.21013765,TREMOR,c9b7d05dda84
1776793370616,324052633947190,-0.39983168,-6.5816603,7.117962,-5.0371947,0.30787608,0.21746802,TREMOR,c9b7d05dda84
1776793370637,324052654027757,-0.78769237,-9.054871,6.631939,-4.7696357,0.22235495,0.15027285,TREMOR,c9b7d05dda84
1776793370669,324052674108323,-0.29209262,-10.292673,5.647922,-3.4037411,0.09896017,0.14782938,TREMOR,c9b7d05dda84
1776793370676,324052694127854,-0.088585466,-10.139444,5.604826,-1.7140878,0.1160644,-0.02565634,TREMOR,c9b7d05dda84
1776793370710,324052714177903,0.12689269,-9.332599,6.0645127,-0.14905111,0.047647487,-0.15271631,TREMOR,c9b7d05dda84
1776793370717,324052734258470,0.50038815,-8.207323,6.373365,0.98715824,-0.05375614,-0.17348573,TREMOR,c9b7d05dda84
1776793370739,324052754308519,0.50038815,-7.560889,6.205771,1.473407,-0.05009095,-0.15882497,TREMOR,c9b7d05dda84
1776793370767,324052774358567,0.06943185,-7.043741,6.7205243,1.4880677,-0.015882496,-0.14172074,TREMOR,c9b7d05dda84
1776793370777,324052794439134,-0.1364695,-8.111555,6.6630635,1.749518,-0.07819075,-0.13683382,TREMOR,c9b7d05dda84
1776793370804,324052814519700,0.59136784,-6.6726403,7.338228,2.3127358,-0.13439035,-0.16737708,TREMOR,c9b7d05dda84
1776793370816,324052834539231,0.4357447,-4.9943047,8.118738,2.406809,-0.014660766,-0.09407325,TREMOR,c9b7d05dda84
1776793370835,324052854589280,-0.055066638,-4.441244,8.559271,1.7922786,0.039095376,-0.09285152,TREMOR,c9b7d05dda84
1776793370868,324052874700364,-0.78769237,-7.615956,7.771579,1.0848967,-0.02076942,-0.10262536,TREMOR,c9b7d05dda84
1776793370876,324052894780931,0.15083471,-7.501034,8.020576,1.2950343,-0.24190263,-0.17959438,TREMOR,c9b7d05dda84
1776793370904,324052914830979,0.93613285,-4.3406878,8.480263,2.1563544,-0.080634214,0.030543262,TREMOR,c9b7d05dda84
1776793370915,324052934850511,0.5602432,-1.0965444,9.155427,1.5357152,0.20891592,0.010995574,TREMOR,c9b7d05dda84
1776793370938,324052954961595,-0.12210429,0.60573304,9.181764,-0.8051204,0.32253686,0.028099801,TREMOR,c9b7d05dda84
1776793370966,324052974981126,-0.7158663,-2.3295584,8.118738,-3.8814378,0.08674286,0.052534413,TREMOR,c9b7d05dda84
1776793370976,324052995031175,-0.32561144,-5.681441,7.6949644,-5.721364,-0.20525073,-0.037873644,TREMOR,c9b7d05dda84
1776793371005,324053015111741,-0.06703765,-13.223176,4.5777135,-4.6938887,-0.40561453,-0.05375614,TREMOR,c9b7d05dda84
1776793371016,324053035192308,1.0127473,-16.383522,4.000711,-1.0665708,-0.3555236,-0.26145032,TREMOR,c9b7d05dda84
1776793371036,324053055211839,1.5801731,-8.911219,5.8346696,3.4391713,0.14049901,-0.30665436,TREMOR,c9b7d05dda84
1776793371074,324053075292405,0.58418524,-3.6152446,7.565677,5.3084188,0.4373795,-0.20280726,TREMOR,c9b7d05dda84
1776793371080,324053095342454,-0.44532153,-1.3910311,8.626308,4.6853366,0.35430184,-0.029321533,TREMOR,c9b7d05dda84
1776793371098,324053115453538,-0.82599956,-1.3814543,8.827422,3.7568212,0.21502456,0.02321288,TREMOR,c9b7d05dda84
1776793371117,324053135534104,-0.61530983,-3.0310593,8.626308,1.6847663,-0.12705997,0.018325957,TREMOR,c9b7d05dda84
1776793371136,324053155553636,0.49320555,-3.6894648,8.765172,0.32498032,-0.28588495,0.040317107,TREMOR,c9b7d05dda84
1776793371165,324053175603685,0.90021986,-3.8163576,8.724471,-0.45204028,-0.17592919,0.09407325,TREMOR,c9b7d05dda84
1776793371187,324053195623216,0.90261406,-3.1531637,8.403648,-1.1068878,0.014660766,0.080634214,TREMOR,c9b7d05dda84
1776793371196,324053215734300,0.7086837,-2.0829554,8.1402855,-2.3383923,0.2284636,0.12217305,TREMOR,c9b7d05dda84
1776793371221,324053235753831,-0.1340753,-3.8139634,7.6494746,-4.159992,0.29810223,0.18570304,TREMOR,c9b7d05dda84
1776793371237,324053255834397,-0.533907,-7.314286,6.5696893,-5.33041,0.1563815,0.18936823,TREMOR,c9b7d05dda84
1776793371264,324053275884446,-0.4429273,-10.907983,5.097255,-4.935791,0.02687807,0.23945917,TREMOR,c9b7d05dda84
1776793371281,324053295995530,-0.7517793,-16.874334,3.5889084,-2.588847,-0.081855945,0.06841691,TREMOR,c9b7d05dda84
1776793371303,324053316045579,0.40462008,-14.762648,4.673482,1.8643607,-0.14049901,-0.21868975,TREMOR,c9b7d05dda84
1776793371316,324053336126145,1.2330139,-7.40766,5.896919,6.06467,0.002443461,-0.17104226,TREMOR,c9b7d05dda84
1776793371339,324053356176194,1.0103531,-1.8219875,7.2424603,7.24364,0.16249016,-0.08307768,TREMOR,c9b7d05dda84
1776793371364,324053376226243,-0.4405331,0.7230489,9.040505,5.661499,0.22724187,0.07819075,TREMOR,c9b7d05dda84
1776793371383,324053396276292,-0.6512229,1.6232687,10.237606,2.3909266,0.042760566,0.013439035,TREMOR,c9b7d05dda84
1776793371397,324053416356858,-0.055066638,0.92176765,9.983821,-1.6505579,-0.032986723,0.040317107,TREMOR,c9b7d05dda84
1776793371425,324053436437425,-0.40222588,-4.343082,7.620744,-5.0029864,-0.30665436,0.06352998,TREMOR,c9b7d05dda84
1776793371437,324053456487474,0.90740246,-7.3525934,5.9184666,-6.052453,-0.38606682,-0.02076942,TREMOR,c9b7d05dda84
1776793371465,324053476568040,1.5466543,-9.859323,4.7285485,-4.9565606,-0.09407325,0.15882497,TREMOR,c9b7d05dda84
1776793371482,324053496587571,0.33758244,-11.271901,4.8458643,-2.8588493,0.4129449,0.13805555,TREMOR,c9b7d05dda84
1776793371503,324053516637620,-0.8379706,-13.395558,4.76925,-0.02687807,0.3567453,-0.065973446,TREMOR,c9b7d05dda84
1776793371517,324053536718186,0.25139117,-11.628637,4.5058875,3.4330628,0.061086524,-0.10873401,TREMOR,c9b7d05dda84
1776793371538,324053556798753,0.45729253,-6.7324953,6.9264255,5.801998,0.12095132,-0.11484267,TREMOR,c9b7d05dda84
1776793371568,324053576848802,0.5770026,-1.2425907,8.820239,6.7378435,0.23335053,0.21746802,TREMOR,c9b7d05dda84
1776793371578,324053596868333,-0.3878607,4.0533834,10.6158905,4.742758,0.4447099,0.36774087,TREMOR,c9b7d05dda84
1776793371605,324053616948899,-2.0015526,1.9608512,10.852917,-0.04886922,0.15393804,0.105068825,TREMOR,c9b7d05dda84
1776793371617,324053636998948,-0.94570965,-4.084508,8.913613,-4.0585885,-0.6218608,0.21868975,TREMOR,c9b7d05dda84
1776793371643,324053657079515,1.0582372,-7.204153,6.969521,-5.145929,-0.66706485,-0.0720821,TREMOR,c9b7d05dda84
1776793371672,324053677160081,1.5969325,-8.408437,5.4204726,-4.1441097,-0.18692477,-0.058643065,TREMOR,c9b7d05dda84
1776793371678,324053697240647,0.35913026,-9.560047,4.9416323,-2.3200662,0.29932398,-0.11362094,TREMOR,c9b7d05dda84
1776793371703,324053717260179,-0.36631286,-9.44752,5.9663506,-0.43004912,0.39950588,-0.26145032,TREMOR,c9b7d05dda84
1776793371720,324053737310227,-0.07182605,-7.771579,7.177817,1.1459832,0.26145032,-0.23579398,TREMOR,c9b7d05dda84
1776793371759,324053757390794,-0.07182605,-6.093243,8.003817,1.8619173,0.13439035,-0.15149458,TREMOR,c9b7d05dda84
1776793371767,324053777440843,0.038307227,-4.5418005,8.1163435,1.709201,0.04642576,-0.039095376,TREMOR,c9b7d05dda84
1776793371784,324053797460374,1.0630256,-1.2856863,9.25359,0.2284636,0.22602014,0.12461651,TREMOR,c9b7d05dda84
1776793371799,324053817510423,-0.557849,-2.291251,8.001422,-2.734233,0.3567453,0.22357668,TREMOR,c9b7d05dda84
1776793371818,324053837621507,-1.3982137,-7.204153,6.4763155,-5.475796,0.043982297,0.20525073,TREMOR,c9b7d05dda84
1776793371840,324053857671556,-0.89064306,-12.931084,4.7884035,-5.6834903,-0.36774087,0.23335053,TREMOR,c9b7d05dda84
1776793371875,324053877752122,0.44532153,-18.253393,3.3518825,-2.1783454,-0.49968776,-0.04642576,TREMOR,c9b7d05dda84
1776793371880,324053897832688,1.2425907,-12.756307,3.7828386,3.345098,-0.14172074,-0.29810223,TREMOR,c9b7d05dda84
1776793371901,324053917913255,0.6631939,-6.1123967,5.4420204,6.6168923,0.24556783,-0.41050145,TREMOR,c9b7d05dda84
1776793371919,324053937963304,0.22744916,-2.2122424,6.7684083,7.0102897,0.31031954,-0.3286455,TREMOR,c9b7d05dda84
1776793371939,324053957982835,-0.20829555,-0.32561144,8.305486,5.116607,0.28099802,-0.09162979,TREMOR,c9b7d05dda84
1776793371965,324053978063401,-0.60812724,-1.0462662,9.002198,2.1649065,0.14294247,0.04153884,TREMOR,c9b7d05dda84
1776793371987,324053998082933,-0.47884035,-3.0502129,9.208099,-0.2761111,-0.061086524,0.13194689,TREMOR,c9b7d05dda84
1776793371998,324054018132981,-0.48123455,-6.1195793,8.645462,-1.5418239,-0.23823744,0.14049901,TREMOR,c9b7d05dda84
1776793372021,324054038183030,0.19153613,-7.067683,8.0924015,-1.3646729,-0.28099802,0.10629055,TREMOR,c9b7d05dda84
1776793372048,324054058263597,0.5626374,-5.877765,7.8769236,-0.32253686,-0.09285152,0.09896017,TREMOR,c9b7d05dda84
1776793372065,324054078283128,0.3854665,-4.4915223,7.7787614,0.32620203,0.09285152,-0.0036651916,TREMOR,c9b7d05dda84
1776793372086,324054098333177,0.079008654,-3.1028855,8.418014,-0.17470746,0.28221974,-0.04520403,TREMOR,c9b7d05dda84
1776793372099,324054118444261,-0.62488663,-4.024653,8.355764,-1.3390167,0.25778514,-0.007330383,TREMOR,c9b7d05dda84
1776793372122,324054138494310,-0.29688102,-5.741296,7.417237,-2.0317378,0.16737708,0.05375614,TREMOR,c9b7d05dda84
1776793372153,324054158544358,0.49799395,-6.229713,5.2624555,-1.7898352,0.034208454,0.06719518,TREMOR,c9b7d05dda84
1776793372164,324054178624925,1.2569559,-3.4955344,6.169858,-1.4526376,0.40683624,0.14172074,TREMOR,c9b7d05dda84
1776793372182,324054198705491,-1.0726024,-5.693412,8.274361,-2.3677137,0.5900958,0.008552114,TREMOR,c9b7d05dda84
1776793372199,324054218725022,-1.7549498,-10.5680065,8.544906,-2.8209758,-0.02687807,-0.1160644,TREMOR,c9b7d05dda84
1776793372223,324054238775071,0.12449849,-11.45865,7.73806,-1.881465,-0.3494149,0.07086037,TREMOR,c9b7d05dda84
1776793372249,324054258886155,0.6584055,-10.18254,7.3549876,-1.17897,-0.23701571,0.08552113,TREMOR,c9b7d05dda84
1776793372265,324054278936204,0.24660277,-7.740454,6.303933,-0.14905111,0.064751714,0.07941248,TREMOR,c9b7d05dda84
1776793372287,324054298986253,-0.45250413,-7.539341,6.435614,-0.5326745,0.004886922,0.096516706,TREMOR,c9b7d05dda84
1776793372299,324054319066819,-0.6440403,-8.542512,7.28795,-0.5681047,-0.13683382,0.12461651,TREMOR,c9b7d05dda84
1776793372322,324054339116868,-0.36631286,-10.54167,6.8809357,0.14049901,-0.36896262,0.15882497,TREMOR,c9b7d05dda84
1776793372354,324054359136399,-0.51235914,-12.198458,5.959168,1.6493362,-0.5131268,-0.040317107,TREMOR,c9b7d05dda84
1776793372364,324054379155931,0.031124622,-8.343793,5.08289,3.9241984,-0.2883284,-0.10873401,TREMOR,c9b7d05dda84
1776793372387,324054399205979,0.7469909,-2.4875755,5.140351,4.8820353,0.16371189,-0.019547688,TREMOR,c9b7d05dda84
1776793372400,324054419317063,-0.29927522,0.89303726,7.2304893,2.8539624,0.643852,-0.11484267,TREMOR,c9b7d05dda84
1776793372423,324054439397630,-2.1260512,-2.1906946,8.75799,-0.97494096,0.37507126,-0.49113566,TREMOR,c9b7d05dda84
1776793372453,324054459478196,-1.1587936,-7.1155677,7.8865004,-3.6651914,-0.54611355,-0.43249258,TREMOR,c9b7d05dda84
1776793372463,324054479497727,1.5969325,-9.737218,6.8186865,-3.7018435,-0.68783426,-0.16493362,TREMOR,c9b7d05dda84
1776793372482,324054499578294,2.3894134,-9.203311,6.160281,-2.0011945,-0.16126843,-0.08307768,TREMOR,c9b7d05dda84
1776793372501,324054519628343,0.9672575,-7.489063,6.351817,-0.1600467,0.2602286,-0.11362094,TREMOR,c9b7d05dda84
1776793372520,324054539708909,-0.33518824,-7.5225816,6.7851677,1.1594223,0.172264,-0.04642576,TREMOR,c9b7d05dda84
1776793372557,324054559728440,-0.81402856,-10.335769,6.801927,2.4349089,-0.19181168,-0.034208454,TREMOR,c9b7d05dda84
1776793372565,324054579839524,-0.51954174,-9.514558,7.1754227,4.0585885,-0.28221974,-0.1600467,TREMOR,c9b7d05dda84
1776793372589,324054599889573,-0.050278235,-5.765238,7.917625,5.5649824,-0.05497787,-0.08552113,TREMOR,c9b7d05dda84
1776793372600,324054619970140,-0.5530606,-3.1531637,8.63828,5.48557,0.08307768,-0.037873644,TREMOR,c9b7d05dda84
1776793372630,324054640020188,-0.7637503,-1.1899183,9.7324295,4.147775,0.05497787,-0.16371189,TREMOR,c9b7d05dda84
1776793372649,324054660100755,-0.7110779,-1.6184803,10.388441,2.3823745,-0.12095132,-0.25167647,TREMOR,c9b7d05dda84
1776793372671,324054680150804,-0.08619126,-2.8634653,10.228029,1.0067059,-0.3921755,-0.3408628,TREMOR,c9b7d05dda84
1776793372682,324054700231370,0.78290397,-3.4093432,9.7084875,0.24556783,-0.49357912,-0.45814893,TREMOR,c9b7d05dda84
1776793372701,324054720281419,1.412579,-3.4763808,9.303867,0.16737708,-0.43493605,-0.55955255,TREMOR,c9b7d05dda84
1776793372721,324054740331468,1.5394717,-3.2489316,8.9998045,0.46914452,-0.27488935,-0.6243043,TREMOR,c9b7d05dda84
1776793372754,324054760381517,1.316811,-2.954445,8.76996,0.90041536,-0.12461651,-0.657291,TREMOR,c9b7d05dda84
1776793372761,324054780401048,0.9744401,-2.0949266,9.160215,1.1924089,0.02565634,-0.7122689,TREMOR,c9b7d05dda84
1776793372794,324054800451097,0.8810662,-1.1204864,9.428367,1.2144,0.07941248,-0.7257079,TREMOR,c9b7d05dda84
1776793372818,324054820531663,0.7493851,-1.0175357,9.579201,0.89919364,0.04642576,-0.6951646,TREMOR,c9b7d05dda84
1776793372835,324054840612229,0.6631939,-1.6879122,9.540894,0.5314528,-0.036651913,-0.6365216,TREMOR,c9b7d05dda84
1776793372844,324054860662278,0.7398083,-2.0015526,9.397242,0.41905355,-0.057421334,-0.6230826,TREMOR,c9b7d05dda84
1776793372875,324054880712327,0.7541735,-1.8794483,9.3733,0.47036624,-0.012217305,-0.63407815,TREMOR,c9b7d05dda84
1776793372884,324054900762376,0.79008657,-1.3000516,9.409213,0.53023106,0.04153884,-0.6426302,TREMOR,c9b7d05dda84
1776793372908,324054920842942,0.6751649,-1.0462662,9.325416,0.4728097,0.059864793,-0.6401868,TREMOR,c9b7d05dda84
1776793372922,324054940892991,0.6512229,-0.79726917,9.399636,0.29810223,0.058643065,-0.63285637,TREMOR,c9b7d05dda84
1776793372949,324054960943040,0.5315128,-1.2808979,9.454702,0.12095132,0.02321288,-0.6267477,TREMOR,c9b7d05dda84
1776793372966,324054980993089,0.7015011,-1.2880806,9.572019,0.118507855,0.009773844,-0.6414085,TREMOR,c9b7d05dda84
1776793372983,324055001073655,0.7230489,-1.0821792,9.610326,0.21746802,0.040317107,-0.6450737,TREMOR,c9b7d05dda84
1776793373001,324055021123704,0.6512229,-0.81163436,9.64145,0.25289822,0.040317107,-0.63529986,TREMOR,c9b7d05dda84
1776793373022,324055041204270,0.90500826,-0.533907,9.514558,0.2321288,0.018325957,-0.61453044,TREMOR,c9b7d05dda84
1776793373054,324055061254319,0.9935937,-0.5386954,9.557653,0.1685988,0.028099801,-0.59131753,TREMOR,c9b7d05dda84
1776793373063,324055081334886,0.8475474,-0.5602432,9.552865,0.13561209,0.06352998,-0.5729916,TREMOR,c9b7d05dda84
1776793373087,324055101415452,0.82599956,-0.59615624,9.701305,0.119729586,0.07086037,-0.56321776,TREMOR,c9b7d05dda84
1776793373103,324055121434983,0.7565677,-0.5602432,9.634268,0.17715092,0.08552113,-0.548557,TREMOR,c9b7d05dda84
1776793373132,324055141546067,0.6751649,-0.39025488,9.55047,0.2321288,0.09896017,-0.535118,TREMOR,c9b7d05dda84
1776793373150,324055161565599,0.641646,-0.3184288,9.651027,0.19547687,0.105068825,-0.5155703,TREMOR,c9b7d05dda84
1776793373169,324055181676683,0.6344634,-0.51235914,9.67018,0.14538592,0.0842994,-0.50335294,TREMOR,c9b7d05dda84
1776793373184,324055201726731,0.7302315,-0.37110126,9.859323,0.16737708,0.09162979,-0.49968776,TREMOR,c9b7d05dda84
1776793373203,324055221776780,0.581791,-0.33279404,9.854534,0.1600467,0.095294975,-0.48624873,TREMOR,c9b7d05dda84
1776793373231,324055241826829,0.59376204,-0.15801731,9.679757,0.1441642,0.08552113,-0.45814893,TREMOR,c9b7d05dda84
1776793373249,324055261907395,0.7302315,-0.14604631,9.497798,0.09896017,0.06963864,-0.43493605,TREMOR,c9b7d05dda84
1776793373266,324055281926927,0.6440403,-0.17956513,9.52174,0.080634214,0.062308256,-0.4129449,TREMOR,c9b7d05dda84
1776793373283,324055302007493,0.61052144,0.055066638,9.706094,0.081855945,0.07452556,-0.39461896,TREMOR,c9b7d05dda84
1776793373303,324055322057542,0.45968673,-0.17956513,9.677363,0.062308256,0.061086524,-0.35430184,TREMOR,c9b7d05dda84
1776793373331,324055342138108,0.49799395,-0.12210429,9.694122,0.061086524,0.06841691,-0.3115413,TREMOR,c9b7d05dda84
1776793373349,324055362188157,0.47405192,-0.05746084,9.753978,0.010995574,0.065973446,-0.26267207,TREMOR,c9b7d05dda84
1776793373366,324055382268724,0.4213795,-0.11971009,9.7324295,-0.007330383,0.056199603,-0.23945917,TREMOR,c9b7d05dda84
1776793373388,324055402349290,0.35673606,-0.107739076,9.768343,-0.03176499,0.02565634,-0.20280726,TREMOR,c9b7d05dda84
1776793373403,324055422399339,0.47884035,-0.17717093,9.768343,-0.03176499,0.012217305,-0.19792034,TREMOR,c9b7d05dda84
1776793373424,324055442449388,0.50757074,-0.19393034,9.718064,-0.02687807,0.0061086523,-0.18570304,TREMOR,c9b7d05dda84
1776793373449,324055462499436,0.51475334,-0.30645782,9.718064,-0.014660766,-0.012217305,-0.17470746,TREMOR,c9b7d05dda84
1776793373469,324055482549485,0.581791,-0.10295067,9.725247,0.007330383,-0.0036651916,-0.16493362,TREMOR,c9b7d05dda84
1776793373485,324055502599534,0.5386954,-0.31603462,9.629479,-0.017104227,-0.015882496,-0.14782938,TREMOR,c9b7d05dda84
1776793373505,324055522649583,0.545878,-0.4357447,9.572019,0.010995574,-0.02687807,-0.14294247,TREMOR,c9b7d05dda84
1776793373541,324055542760667,0.5291186,-0.1604115,9.586384,0.062308256,-0.0061086523,-0.14905111,TREMOR,c9b7d05dda84
1776793373549,324055562810716,0.45968673,-0.18435353,9.579201,0.008552114,-0.012217305,-0.13927728,TREMOR,c9b7d05dda84
1776793373573,324055582860765,0.5363012,-0.22026655,9.629479,-0.034208454,-0.021991149,-0.1282817,TREMOR,c9b7d05dda84
1776793373585,324055602910813,0.59615624,-0.25617957,9.605537,-0.061086524,-0.004886922,-0.112399206,TREMOR,c9b7d05dda84
1776793373605,324055622960862,0.60812724,-0.2657564,9.555259,-0.07819075,0.0012217305,-0.089186326,TREMOR,c9b7d05dda84
1776793373643,324055642980394,0.47884035,-0.21308395,9.636662,-0.0842994,0.02076942,-0.07086037,TREMOR,c9b7d05dda84
1776793373652,324055663060960,0.581791,-0.009576807,7.539341,-0.052534413,0.007330383,-0.061086524,TREMOR,c9b7d05dda84
1776793373676,324055683080491,0.9648633,0.1604115,9.497798,-0.10873401,0.061086524,-0.10751228,TREMOR,c9b7d05dda84
1776793373691,324055703161058,0.62728083,-0.50757074,10.0987425,0.034208454,0.16615535,0.014660766,TREMOR,c9b7d05dda84
1776793373704,324055723241624,-0.22744916,0.23463176,9.77792,-0.0720821,0.07086037,-0.13439035,TREMOR,c9b7d05dda84
1776793373728,324055743261155,0.8810662,-0.5770026,9.469068,-0.30176744,-0.10629055,0.019547688,TREMOR,c9b7d05dda84
1776793373758,324055763341722,0.58897364,-0.78290397,9.49301,-0.12950343,0.013439035,-0.06841691,TREMOR,c9b7d05dda84
1776793373785,324055783391770,0.272939,-0.48123455,9.651027,0.05375614,0.09162979,-0.06352998,TREMOR,c9b7d05dda84
1776793373789,324055803441819,0.4237737,-0.40701428,9.607931,0.06841691,0.043982297,-0.06841691,TREMOR,c9b7d05dda84
