epoch_ms,event_ts_ns,AX,AY,AZ,GX,GY,GZ,label,sessionID
1775672301641,3172322109074,0.40701428,-0.81402856,9.629479,0.0012217305,0.0061086523,0.02443461,TONIC,cadf7123329b
1775672301676,3172342159123,0.557849,-0.80924016,9.536105,-0.065973446,0.002443461,-0.065973446,TONIC,cadf7123329b
1775672301684,3172362178654,0.62249243,-0.93613285,9.576807,-0.040317107,0.1881465,0.035430185,TONIC,cadf7123329b
1775672301702,3172382198185,0.46447513,-0.8858546,9.627085,0.02687807,0.032986723,-0.002443461,TONIC,cadf7123329b
1775672301719,3172402248234,0.4429273,-0.7733272,9.588778,0.05131268,-0.0036651916,-0.0036651916,TONIC,cadf7123329b
1775672301741,3172422267765,0.60573304,-0.78050977,9.593566,0.04520403,-0.019547688,-0.0036651916,TONIC,cadf7123329b
1775672301767,3172442348332,0.46208093,-0.7445967,9.572019,0.039095376,-0.012217305,-0.002443461,TONIC,cadf7123329b
1775672301784,3172462367863,0.49320555,-0.62249243,9.619903,0.028099801,-0.017104227,0.0012217305,TONIC,cadf7123329b
1775672301807,3172482417912,0.49559975,-0.80684596,9.564836,-0.004886922,-0.04153884,0.002443461,TONIC,cadf7123329b
1775672301819,3172502437443,0.5770026,-0.8643068,9.694122,-0.012217305,-0.06841691,0.0012217305,TONIC,cadf7123329b
1775672301841,3172522487492,0.7613561,-0.842759,9.586384,0.007330383,-0.058643065,0.0,TONIC,cadf7123329b
1775672301873,3172542507023,0.7015011,-0.9504981,9.543288,0.036651913,0.007330383,-0.002443461,TONIC,cadf7123329b
1775672301883,3172562526554,0.5434838,-0.51475334,9.564836,0.04642576,0.05497787,-0.004886922,TONIC,cadf7123329b
1775672301900,3172582546085,0.50757074,-0.5626374,9.55047,-0.0036651916,0.042760566,-0.0012217305,TONIC,cadf7123329b
1775672301923,3172602565617,0.50278234,-0.6943185,9.572019,-0.05497787,0.042760566,0.0012217305,TONIC,cadf7123329b
1775672301956,3172622615666,0.4381389,-0.9624691,9.634268,-0.06352998,0.056199603,-0.002443461,TONIC,cadf7123329b
1775672301965,3172642635197,0.4309563,-1.0749966,9.722853,-0.02565634,0.015882496,-0.002443461,TONIC,cadf7123329b
1775672301988,3172662654728,0.47644615,-0.8499416,9.646238,0.030543262,-0.029321533,-0.0036651916,TONIC,cadf7123329b
1775672302000,3172682674259,0.51714754,-0.61052144,9.627085,0.037873644,-0.04642576,0.0,TONIC,cadf7123329b
1775672302021,3172702693791,0.63206923,-0.7398083,9.540894,-0.004886922,-0.0720821,0.004886922,TONIC,cadf7123329b
1775672302054,3172722713322,0.6991069,-0.8379706,9.564836,-0.030543262,-0.062308256,0.0036651916,TONIC,cadf7123329b
1775672302063,3172742763371,0.6464345,-0.8714894,9.543288,-0.015882496,0.0061086523,0.0012217305,TONIC,cadf7123329b
1775672302088,3172762782902,0.545878,-0.7134721,9.572019,0.0,0.02565634,0.0,TONIC,cadf7123329b
1775672302101,3172782832951,0.5674258,-0.80445176,9.557653,-0.012217305,0.009773844,0.0,TONIC,cadf7123329b
1775672302120,3172802852482,0.7374141,-0.8283938,9.576807,-0.008552114,0.018325957,0.0012217305,TONIC,cadf7123329b
1775672302141,3172822872013,0.6368576,-0.9528923,9.598354,0.012217305,0.04886922,-0.0012217305,TONIC,cadf7123329b
1775672302170,3172842952580,0.51954174,-0.89064306,9.583989,0.039095376,0.064751714,-0.0036651916,TONIC,cadf7123329b
1775672302181,3172862972111,0.50996494,-0.7278373,9.603143,0.05131268,0.040317107,-0.002443461,TONIC,cadf7123329b
1775672302201,3172883052677,0.5267244,-0.6727707,9.552865,0.028099801,0.019547688,-0.0012217305,TONIC,cadf7123329b
1775672302221,3172903102726,0.5386954,-0.8643068,9.646238,0.008552114,0.02565634,-0.0012217305,TONIC,cadf7123329b
1775672302252,3172923213810,0.33039984,-0.78769237,9.662998,0.010995574,0.018325957,-0.0012217305,TONIC,cadf7123329b
1775672302270,3172943294376,0.47884035,-0.82121116,9.607931,0.008552114,-0.028099801,-0.002443461,TONIC,cadf7123329b
1775672302281,3172963344425,0.60573304,-0.8858546,9.569624,0.014660766,-0.058643065,-0.0036651916,TONIC,cadf7123329b
1775672302310,3172983363957,0.6392518,-0.80684596,9.562442,0.028099801,-0.037873644,-0.0036651916,TONIC,cadf7123329b
1775672302324,3173003444523,0.5530606,-0.6679823,9.629479,0.03176499,-0.0036651916,-0.002443461,TONIC,cadf7123329b
1775672302353,3173023525089,0.5793968,-0.56982,9.689334,0.0061086523,-0.013439035,-0.0012217305,TONIC,cadf7123329b
1775672302363,3173043575138,0.62967503,-0.78290397,9.607931,-0.034208454,-0.018325957,0.0012217305,TONIC,cadf7123329b
1775672302382,3173063686222,0.60573304,-0.7110779,9.588778,-0.05497787,0.012217305,0.0,TONIC,cadf7123329b
1775672302405,3173083736271,0.581791,-0.6847417,9.562442,-0.08674286,0.039095376,0.0,TONIC,cadf7123329b
1775672302423,3173103786320,0.6488287,-0.79726917,9.634268,-0.112399206,0.04642576,0.004886922,TONIC,cadf7123329b
1775672302449,3173123836369,0.6536171,-0.8595184,9.591172,-0.12583824,0.073303826,0.0036651916,TONIC,cadf7123329b
1775672302466,3173143947453,0.5722142,-0.45250413,9.461885,-0.1600467,0.13561209,0.004886922,TONIC,cadf7123329b
1775672302483,3173164028019,0.31124622,-0.045489833,9.31105,-0.2761111,0.17104226,0.015882496,TONIC,cadf7123329b
1775672302503,3173184078068,0.2753332,-1.3455414,9.593566,-0.40194935,0.14538592,0.02076942,TONIC,cadf7123329b
1775672302525,3173204189152,0.2801216,-1.8195933,9.636662,-0.33475417,0.07819075,0.012217305,TONIC,cadf7123329b
1775672302549,3173224269718,0.30406362,-1.6567876,9.591172,-0.15149458,-0.008552114,-0.0012217305,TONIC,cadf7123329b
1775672302574,3173244350285,0.545878,-1.8674773,9.457097,0.036651913,-0.04642576,-0.0061086523,TONIC,cadf7123329b
1775672302584,3173264430851,0.45729253,-1.5370775,9.624691,0.22113322,-0.018325957,-0.013439035,TONIC,cadf7123329b
1775672302604,3173284480900,0.3854665,-0.8810662,9.562442,0.33108896,-0.002443461,-0.012217305,TONIC,cadf7123329b
1775672302633,3173304561466,0.37110126,-0.35194764,9.552865,0.31642818,-0.021991149,-0.007330383,TONIC,cadf7123329b
1775672302653,3173324642033,0.533907,-0.39983168,9.600749,0.18692477,-0.052534413,-0.002443461,TONIC,cadf7123329b
1775672302662,3173344661564,0.5602432,-0.61770403,9.593566,0.05497787,-0.034208454,-0.0036651916,TONIC,cadf7123329b
1775672302688,3173364711613,0.46926352,-0.9768343,9.639056,-0.002443461,0.0036651916,-0.0036651916,TONIC,cadf7123329b
1775672302704,3173384731144,0.46926352,-1.1372458,9.64145,0.030543262,0.004886922,-0.008552114,TONIC,cadf7123329b
1775672302722,3173404750675,0.47644615,-1.0845734,9.545682,0.07941248,0.0,-0.012217305,TONIC,cadf7123329b
1775672302742,3173424831242,0.36152446,-0.7422025,9.627085,0.09896017,0.004886922,-0.013439035,TONIC,cadf7123329b
1775672302767,3173444850773,0.5315128,-0.9624691,9.6845455,0.087964594,-0.032986723,-0.012217305,TONIC,cadf7123329b
1775672302791,3173464900822,0.62249243,-1.0175357,9.473856,0.10262536,-0.073303826,-0.009773844,TONIC,cadf7123329b
1775672302802,3173484950871,0.61052144,-1.1085154,9.5385,0.14538592,-0.02565634,-0.012217305,TONIC,cadf7123329b
1775672302823,3173505000919,0.47405192,-0.47405192,9.653421,0.20769419,0.040317107,-0.015882496,TONIC,cadf7123329b
1775672302854,3173525020451,0.34955344,-0.46686932,9.560047,0.19181168,0.03176499,-0.015882496,TONIC,cadf7123329b
1775672302864,3173545039982,0.47165772,-0.4141969,9.660604,0.1441642,-0.0061086523,-0.010995574,TONIC,cadf7123329b
1775672302888,3173565120548,0.5363012,-0.60573304,9.65821,0.10995574,-0.0061086523,-0.010995574,TONIC,cadf7123329b
1775672302902,3173585140080,0.45968673,-0.7685388,9.672575,0.09896017,0.013439035,-0.010995574,TONIC,cadf7123329b
1775672302929,3173605190128,0.45489833,-0.6919243,9.526528,0.12095132,-0.008552114,-0.012217305,TONIC,cadf7123329b
1775672302956,3173625209660,0.5315128,-0.6775591,9.528923,0.112399206,-0.039095376,-0.0036651916,TONIC,cadf7123329b
1775672302963,3173645229191,0.5722142,-0.6488287,9.651027,0.095294975,-0.017104227,0.002443461,TONIC,cadf7123329b
1775672302992,3173665248722,0.46208093,-0.61291564,9.605537,0.112399206,0.013439035,0.002443461,TONIC,cadf7123329b
1775672303003,3173685298771,0.5315128,-0.34237084,9.581595,0.12461651,0.019547688,-0.002443461,TONIC,cadf7123329b
1775672303023,3173705318302,0.49799395,-0.49799395,9.624691,0.11728613,0.015882496,-0.0036651916,TONIC,cadf7123329b
1775672303044,3173725337833,0.521936,-0.59136784,9.588778,0.13316862,0.021991149,0.0,TONIC,cadf7123329b
1775672303065,3173745357365,0.4165911,-0.5267244,9.574412,0.15393804,0.040317107,-0.002443461,TONIC,cadf7123329b
1775672303082,3173765376896,0.34715924,-0.5315128,9.749189,0.17959438,0.028099801,-0.007330383,TONIC,cadf7123329b
1775672303102,3173785426945,0.3878607,-0.34955344,9.622296,0.19914207,-0.012217305,-0.013439035,TONIC,cadf7123329b
1775672303123,3173805476994,0.4237737,0.095768064,9.588778,0.13805555,-0.036651913,-0.018325957,TONIC,cadf7123329b
1775672303151,3173825466007,0.4309563,0.19632454,9.595961,-0.02443461,-0.037873644,-0.019547688,TONIC,cadf7123329b
1775672303167,3173845516056,0.5291186,-0.093373865,9.610326,-0.18936823,-0.030543262,-0.014660766,TONIC,cadf7123329b
1775672303183,3173865566105,0.6368576,-0.5482722,9.725247,-0.20280726,-0.015882496,-0.008552114,TONIC,cadf7123329b
1775672303203,3173885616154,0.49799395,-0.7350199,9.629479,-0.1282817,0.0012217305,-0.007330383,TONIC,cadf7123329b
1775672303223,3173905696720,0.47644615,-0.79487497,9.797073,-0.03176499,0.004886922,-0.008552114,TONIC,cadf7123329b
1775672303249,3173925716251,0.50996494,-0.7302315,9.691729,0.07819075,-0.0061086523,-0.0061086523,TONIC,cadf7123329b
1775672303265,3173945735783,0.59615624,-0.093373865,9.610326,0.09040806,0.009773844,-0.004886922,TONIC,cadf7123329b
1775672303288,3173965755314,0.5530606,0.1340753,9.595961,-0.05131268,0.06963864,-0.002443461,TONIC,cadf7123329b
1775672303303,3173985774845,0.30406362,0.22266077,9.691729,-0.2565634,0.07941248,0.0012217305,TONIC,cadf7123329b
1775672303324,3174005794376,0.3878607,-0.7733272,9.665392,-0.31887165,0.02565634,0.0,TONIC,cadf7123329b
1775672303354,3174025813908,0.47644615,-1.1587936,9.622296,-0.23823744,-0.02321288,-0.008552114,TONIC,cadf7123329b
1775672303364,3174045833439,0.5315128,-1.3120226,9.6845455,-0.05009095,0.002443461,-0.013439035,TONIC,cadf7123329b
1775672303391,3174065883488,0.4309563,-1.2042835,9.64145,0.15882497,0.019547688,-0.014660766,TONIC,cadf7123329b
1775672303403,3174085903019,0.48841715,-0.6943185,9.639056,0.30543262,-0.007330383,-0.004886922,TONIC,cadf7123329b
1775672303439,3174105983585,0.521936,-0.20590134,9.56723,0.31887165,-0.02565634,0.0,TONIC,cadf7123329b
1775672303449,3174126003117,0.48123455,0.110133275,9.667787,0.21135938,-0.0061086523,0.002443461,TONIC,cadf7123329b
1775672303472,3174146053166,0.4333505,-0.033518825,9.706094,0.064751714,0.007330383,0.008552114,TONIC,cadf7123329b
1775672303485,3174166072697,0.49081135,-0.37588966,9.610326,-0.04153884,0.007330383,0.008552114,TONIC,cadf7123329b
1775672303503,3174186061710,0.47884035,-0.37110126,9.55047,-0.05375614,0.04153884,0.007330383,TONIC,cadf7123329b
1775672303532,3174206111759,0.37110126,-0.5363012,9.52174,-0.037873644,0.058643065,0.0036651916,TONIC,cadf7123329b
1775672303550,3174226161808,0.34476504,-0.6895301,9.765948,0.013439035,0.008552114,-0.002443461,TONIC,cadf7123329b
1775672303566,3174246181339,0.49799395,-0.49799395,9.588778,0.080634214,-0.04642576,-0.0061086523,TONIC,cadf7123329b
1775672303588,3174266200871,0.5434838,-0.45729253,9.706094,0.1001819,-0.02443461,-0.004886922,TONIC,cadf7123329b
1775672303605,3174286220402,0.4165911,-0.30406362,9.730036,0.09162979,0.009773844,-0.0036651916,TONIC,cadf7123329b
1775672303637,3174306239933,0.4405331,-0.25378537,9.600749,0.040317107,-0.02687807,-0.0012217305,TONIC,cadf7123329b
1775672303647,3174326259464,0.5554548,-0.39983168,9.576807,-0.002443461,-0.04642576,0.0012217305,TONIC,cadf7123329b
1775672303671,3174346309513,0.50996494,-0.25857377,9.672575,-0.007330383,-0.02076942,0.0012217305,TONIC,cadf7123329b
1775672303690,3174366329044,0.39743748,-0.37110126,9.507375,-0.004886922,-0.010995574,0.0012217305,TONIC,cadf7123329b
1775672303710,3174386348576,0.59136784,-0.40940848,9.600749,0.008552114,-0.004886922,-0.002443461,TONIC,cadf7123329b
1775672303734,3174406398625,0.4405331,-0.40222588,9.603143,0.05009095,0.04520403,-0.0061086523,TONIC,cadf7123329b
1775672303761,3174426448673,0.44771573,-0.21308395,9.720459,0.040317107,0.06352998,-0.009773844,TONIC,cadf7123329b
1775672303773,3174446498722,0.39025488,-0.2657564,9.691729,-0.02076942,0.039095376,-0.0061086523,TONIC,cadf7123329b
1775672303800,3174466518253,0.40222588,-0.22984336,9.667787,-0.04886922,0.02565634,-0.004886922,TONIC,cadf7123329b
1775672303815,3174486568302,0.45489833,-0.5386954,9.67018,-0.06841691,0.0,-0.0012217305,TONIC,cadf7123329b
1775672303832,3174506587833,0.40222588,-0.6631939,9.7084875,-0.029321533,-0.009773844,-0.002443461,TONIC,cadf7123329b
1775672303848,3174526637882,0.4429273,-0.6344634,9.730036,0.103847094,-0.007330383,-0.002443461,TONIC,cadf7123329b
1775672303865,3174546657414,0.36391866,-0.38307226,9.6845455,0.13439035,-0.008552114,-0.0061086523,TONIC,cadf7123329b
1775672303884,3174566707462,0.38307226,-0.19393034,9.701305,0.16371189,-0.02321288,-0.008552114,TONIC,cadf7123329b
1775672303905,3174586726994,0.49320555,0.016759412,9.591172,0.13683382,-0.02687807,-0.010995574,TONIC,cadf7123329b
1775672303934,3174606777042,0.47644615,-0.20590134,9.619903,0.07696902,-0.0036651916,-0.009773844,TONIC,cadf7123329b
1775672303951,3174626827091,0.46447513,0.21547815,9.662998,-0.039095376,0.02076942,-0.008552114,TONIC,cadf7123329b
1775672303965,3174646877140,0.44771573,-0.51714754,9.634268,-0.096516706,0.007330383,-0.0012217305,TONIC,cadf7123329b
1775672303985,3174666896671,0.48362875,-0.7134721,9.629479,-0.07696902,-0.002443461,0.0,TONIC,cadf7123329b
1775672304018,3174686946720,0.45250413,-0.59376204,9.61272,0.04520403,-0.012217305,-0.0036651916,TONIC,cadf7123329b
1775672304029,3174706996769,0.45250413,-0.32321724,9.651027,0.13194689,-0.021991149,-0.004886922,TONIC,cadf7123329b
1775672304053,3174727107853,0.45729253,-0.15083471,9.605537,0.13805555,-0.03176499,-0.004886922,TONIC,cadf7123329b
1775672304067,3174747157902,0.45729253,-0.1412579,9.739613,0.103847094,-0.04886922,-0.004886922,TONIC,cadf7123329b
1775672304086,3174767238468,0.557849,-0.1436521,9.588778,0.06352998,-0.05497787,-0.0036651916,TONIC,cadf7123329b
1775672304119,3174787349552,0.5674258,-0.15562311,9.734824,0.02321288,-0.02443461,-0.008552114,TONIC,cadf7123329b
1775672304127,3174807430119,0.79726917,0.15322891,10.304645,-0.047647487,-0.029321533,-0.08552113,TONIC,cadf7123329b
1775672304153,3174827510685,0.3854665,-0.24420857,9.488221,0.0061086523,0.014660766,-0.021991149,TONIC,cadf7123329b
1775672304166,3174847591251,0.44532153,-0.3854665,9.651027,0.05009095,0.02076942,-0.0061086523,TONIC,cadf7123329b
1775672304190,3174867641300,0.37110126,-0.24660277,9.792285,0.09040806,0.02687807,-0.029321533,TONIC,cadf7123329b
1775672304216,3174887721867,0.47644615,-0.011971008,9.646238,0.12339478,-0.012217305,-0.014660766,TONIC,cadf7123329b
1775672304241,3174907832951,0.5674258,0.08619126,9.622296,0.10629055,-0.032986723,-0.013439035,TONIC,cadf7123329b
1775672304248,3174927883000,0.39983168,0.06464344,9.631873,0.04153884,0.0036651916,-0.007330383,TONIC,cadf7123329b
1775672304273,3174947963566,0.44771573,-0.007182605,9.660604,-0.0012217305,0.0061086523,-0.0036651916,TONIC,cadf7123329b
1775672304287,3174968074650,0.4333505,-0.18195933,9.519346,-0.019547688,-0.028099801,-0.0036651916,TONIC,cadf7123329b
1775672304317,3174988155216,0.61530983,-0.2705448,9.643845,-0.0012217305,-0.029321533,-0.004886922,TONIC,cadf7123329b
1775672304332,3175008235783,0.58897364,-0.33758244,9.651027,0.039095376,-0.009773844,-0.007330383,TONIC,cadf7123329b
1775672304349,3175028285832,0.47405192,-0.110133275,9.622296,0.061086524,0.002443461,-0.009773844,TONIC,cadf7123329b
1775672304371,3175048396916,0.5267244,-0.07182605,9.615114,0.05375614,0.008552114,-0.007330383,TONIC,cadf7123329b
1775672304389,3175068508000,0.5267244,-0.11731588,9.639056,0.04520403,0.02321288,-0.002443461,TONIC,cadf7123329b
1775672304415,3175088588566,0.5530606,-0.260968,9.682152,0.04642576,0.03176499,-0.0012217305,TONIC,cadf7123329b
1775672304431,3175108638615,0.49081135,-0.11492168,9.674969,0.061086524,0.039095376,-0.002443461,TONIC,cadf7123329b
1775672304448,3175128658146,0.4357447,-0.045489833,9.607931,0.037873644,0.02565634,-0.064751714,TONIC,cadf7123329b
1775672304466,3175148708195,0.4285621,0.01436521,9.679757,0.02443461,0.029321533,-0.015882496,TONIC,cadf7123329b
1775672304486,3175168758244,0.4237737,0.021547815,9.65821,-0.002443461,0.002443461,-0.007330383,TONIC,cadf7123329b
1775672304511,3175188777775,0.50038815,-0.10055647,9.605537,-0.02565634,0.0,-0.004886922,TONIC,cadf7123329b
1775672304531,3175208797306,0.51954174,-0.1436521,9.713276,-0.014660766,0.014660766,-0.0036651916,TONIC,cadf7123329b
1775672304548,3175228816837,0.44771573,-0.050278235,9.763555,0.010995574,0.012217305,-0.002443461,TONIC,cadf7123329b
1775672304572,3175248866886,0.5722142,0.088585466,9.555259,-0.0012217305,0.009773844,-0.0012217305,TONIC,cadf7123329b
1775672304586,3175268886417,0.4309563,0.059855044,9.68694,-0.028099801,0.017104227,0.0,TONIC,cadf7123329b
1775672304619,3175288936466,0.4357447,-0.08619126,9.691729,-0.04520403,0.012217305,0.0,TONIC,cadf7123329b
1775672304630,3175308955998,0.4213795,-0.19393034,9.627085,-0.034208454,0.004886922,0.0012217305,TONIC,cadf7123329b
1775672304648,3175329006046,0.40701428,-0.25857377,9.64145,-0.008552114,0.013439035,-0.002443461,TONIC,cadf7123329b
1775672304670,3175349025578,0.47405192,-0.2681506,9.634268,0.021991149,0.0036651916,-0.002443461,TONIC,cadf7123329b
1775672304686,3175369045109,0.4141969,-0.20829555,9.682152,0.056199603,-0.02076942,0.0,TONIC,cadf7123329b
1775672304715,3175389095158,0.48123455,-0.04070143,9.61272,0.06352998,-0.037873644,0.0012217305,TONIC,cadf7123329b
1775672304731,3175409114689,0.39983168,0.1412579,9.65821,0.029321533,-0.039095376,0.002443461,TONIC,cadf7123329b
1775672304748,3175429195255,0.5291186,0.19393034,9.579201,-0.02321288,-0.02687807,0.0036651916,TONIC,cadf7123329b
1775672304770,3175449214787,0.521936,-0.107739076,9.607931,-0.07086037,0.012217305,0.0036651916,TONIC,cadf7123329b
1775672304786,3175469264835,0.47884035,-0.107739076,9.689334,-0.080634214,0.028099801,0.0,TONIC,cadf7123329b
1775672304814,3175489284367,0.51954174,-0.12689269,9.600749,-0.064751714,0.018325957,0.0012217305,TONIC,cadf7123329b
1775672304831,3175509364933,0.4237737,-0.21547815,9.698911,-0.04153884,0.0012217305,0.0,TONIC,cadf7123329b
1775672304848,3175529414982,0.521936,-0.28491,9.622296,-0.0061086523,-0.010995574,0.0012217305,TONIC,cadf7123329b
1775672304870,3175549434513,0.5243302,-0.19393034,9.627085,0.032986723,-0.0012217305,-0.0012217305,TONIC,cadf7123329b
1775672304888,3175569454044,0.45729253,0.093373865,9.586384,0.030543262,0.019547688,-0.0012217305,TONIC,cadf7123329b
1775672304921,3175589473576,0.46926352,-0.07182605,9.636662,-0.007330383,0.007330383,0.002443461,TONIC,cadf7123329b
1775672304931,3175609523625,0.5267244,-0.17956513,9.600749,-0.04153884,-0.012217305,0.0036651916,TONIC,cadf7123329b
1775672304953,3175629543156,0.48123455,-0.31364042,9.634268,-0.039095376,-0.015882496,0.0036651916,TONIC,cadf7123329b
1775672304966,3175649562687,0.5315128,-0.14844051,9.672575,-0.010995574,0.007330383,0.0036651916,TONIC,cadf7123329b
1775672304988,3175669612736,0.47405192,-0.090979666,9.61272,0.004886922,0.014660766,0.002443461,TONIC,cadf7123329b
1775672305016,3175689693302,0.4285621,-0.074220255,9.61272,-0.007330383,0.02076942,-0.0012217305,TONIC,cadf7123329b
1775672305027,3175709743351,0.40940848,-0.079008654,9.605537,-0.035430185,0.009773844,-0.002443461,TONIC,cadf7123329b
1775672305054,3175729793400,0.48362875,-0.19153613,9.646238,-0.062308256,-0.0061086523,-0.002443461,TONIC,cadf7123329b
1775672305067,3175749812931,0.5434838,-0.36631286,9.629479,-0.058643065,-0.012217305,-0.0012217305,TONIC,cadf7123329b
1775672305087,3175769862980,0.47165772,-0.31603462,9.643845,-0.02321288,-0.0012217305,-0.002443461,TONIC,cadf7123329b
1775672305120,3175789882511,0.50757074,-0.17477672,9.655815,0.012217305,0.002443461,-0.0012217305,TONIC,cadf7123329b
1775672305128,3175809932560,0.5243302,-0.14604631,9.603143,0.018325957,-0.004886922,-0.0012217305,TONIC,cadf7123329b
1775672305153,3175829952091,0.533907,-0.1388637,9.665392,0.015882496,-0.0036651916,0.0,TONIC,cadf7123329b
1775672305168,3175850032658,0.48841715,-0.076614454,9.701305,0.007330383,0.004886922,0.0,TONIC,cadf7123329b
1775672305194,3175870082707,0.49081135,-0.20350714,9.631873,-0.0036651916,0.002443461,-0.0012217305,TONIC,cadf7123329b
1775672305221,3175890132755,0.5554548,-0.20829555,9.646238,-0.009773844,0.0,-0.0012217305,TONIC,cadf7123329b
1775672305228,3175910152287,0.50038815,-0.15562311,9.7324295,-0.010995574,0.0012217305,-0.0012217305,TONIC,cadf7123329b
1775672305248,3175930171818,0.47884035,-0.34955344,9.622296,0.0,0.007330383,-0.0012217305,TONIC,cadf7123329b
1775672305270,3175950191349,0.4165911,-0.21308395,9.648633,0.009773844,0.0061086523,-0.0012217305,TONIC,cadf7123329b
1775672305288,3175970241398,0.4237737,-0.22984336,9.65821,0.021991149,-0.010995574,0.0,TONIC,cadf7123329b
1775672305314,3175990260929,0.5243302,-0.10055647,9.674969,0.02443461,-0.021991149,-0.002443461,TONIC,cadf7123329b
1775672305337,3176010280460,0.557849,0.033518825,9.519346,0.007330383,-0.02687807,0.0,TONIC,cadf7123329b
1775672305348,3176030330509,0.581791,-0.21787235,9.574412,-0.02443461,0.0012217305,-0.0012217305,TONIC,cadf7123329b
1775672305367,3176050350041,0.48602295,0.0023942017,9.68694,-0.028099801,0.032986723,-0.002443461,TONIC,cadf7123329b
1775672305388,3176070369572,0.46208093,-0.11252748,9.603143,-0.05009095,0.02565634,0.0012217305,TONIC,cadf7123329b
1775672305425,3176090389103,0.45489833,-0.31124622,9.737218,-0.047647487,0.014660766,0.0,TONIC,cadf7123329b
1775672305430,3176110469669,0.4165911,-0.2801216,9.624691,-0.017104227,0.012217305,0.0,TONIC,cadf7123329b
1775672305448,3176130519718,0.39264908,-0.35913026,9.607931,0.02321288,-0.015882496,-0.002443461,TONIC,cadf7123329b
1775672305472,3176150539250,0.545878,-0.20590134,9.610326,0.04886922,-0.029321533,-0.0036651916,TONIC,cadf7123329b
1775672305488,3176170589298,0.4309563,-0.08379706,9.701305,0.04520403,-0.009773844,-0.002443461,TONIC,cadf7123329b
1775672305514,3176190608830,0.45968673,-0.009576807,9.646238,0.007330383,-0.013439035,-0.0012217305,TONIC,cadf7123329b
1775672305531,3176210628361,0.5267244,-0.11971009,9.68694,-0.036651913,-0.034208454,0.0012217305,TONIC,cadf7123329b
1775672305548,3176230647892,0.521936,-0.32321724,9.665392,-0.04520403,-0.013439035,0.0012217305,TONIC,cadf7123329b
1775672305568,3176250697941,0.4189853,-0.32321724,9.598354,-0.014660766,0.02687807,0.0,TONIC,cadf7123329b
1775672305591,3176270778507,0.4189853,-0.107739076,9.703699,0.009773844,0.034208454,-0.0012217305,TONIC,cadf7123329b
1775672305614,3176290798039,0.45968673,-0.19153613,9.65821,-0.0012217305,0.0036651916,0.0012217305,TONIC,cadf7123329b
1775672305630,3176310848087,0.5554548,-0.35673606,9.667787,0.004886922,-0.004886922,0.0,TONIC,cadf7123329b
1775672305648,3176330898136,0.46208093,-0.088585466,9.655815,0.029321533,0.002443461,-0.004886922,TONIC,cadf7123329b
1775672305668,3176350917667,0.45729253,-0.14604631,9.595961,0.018325957,0.0,-0.002443461,TONIC,cadf7123329b
1775672305690,3176370937199,0.557849,-0.1388637,9.665392,0.0012217305,0.002443461,-0.0012217305,TONIC,cadf7123329b
1775672305714,3176390956730,0.47165772,-0.107739076,9.595961,-0.014660766,0.014660766,-0.0012217305,TONIC,cadf7123329b
1775672305736,3176411006779,0.47165772,-0.14844051,9.662998,-0.039095376,0.014660766,0.0,TONIC,cadf7123329b
1775672305749,3176431056828,0.49320555,-0.32800564,9.674969,-0.040317107,0.007330383,0.0012217305,TONIC,cadf7123329b
1775672305770,3176451106876,0.45489833,-0.29209262,9.622296,-0.015882496,-0.0036651916,0.0,TONIC,cadf7123329b
1775672305805,3176471156925,0.49320555,-0.24899697,9.689334,-0.0036651916,-0.018325957,0.0,TONIC,cadf7123329b
1775672305812,3176491206974,0.5602432,-0.33279404,9.679757,0.002443461,-0.021991149,-0.0012217305,TONIC,cadf7123329b
1775672305830,3176511257023,0.5386954,-0.24660277,9.653421,0.013439035,-0.02565634,0.0,TONIC,cadf7123329b
1775672305853,3176531337589,0.557849,-0.20350714,9.591172,0.008552114,-0.009773844,-0.002443461,TONIC,cadf7123329b
1775672305870,3176551448673,0.5267244,-0.15801731,9.627085,-0.0012217305,0.030543262,-0.002443461,TONIC,cadf7123329b
1775672305900,3176571498722,0.5243302,-0.19153613,9.677363,-0.009773844,0.017104227,0.0,TONIC,cadf7123329b
1775672305910,3176591609806,0.50757074,-0.36152446,9.600749,-0.017104227,0.002443461,0.0012217305,TONIC,cadf7123329b
1775672305936,3176611659855,0.48841715,-0.29448682,9.622296,0.010995574,0.004886922,0.0,TONIC,cadf7123329b
1775672305951,3176631740421,0.49320555,-0.2681506,9.665392,0.034208454,0.008552114,-0.002443461,TONIC,cadf7123329b
1775672305971,3176651882023,0.533907,-0.11731588,9.64145,0.032986723,0.009773844,-0.0012217305,TONIC,cadf7123329b
1775672305996,3176671932072,0.4141969,-0.15083471,9.665392,0.012217305,0.0036651916,-0.0012217305,TONIC,cadf7123329b
1775672306017,3176692043156,0.5291186,-0.17238252,9.689334,-0.009773844,-0.0061086523,0.0,TONIC,cadf7123329b
1775672306032,3176712123722,0.50038815,-0.17238252,9.667787,-0.018325957,-0.012217305,0.0,TONIC,cadf7123329b
1775672306059,3176732143253,0.4285621,-0.30166942,9.701305,-0.009773844,-0.013439035,0.0,TONIC,cadf7123329b
1775672306082,3176752254337,0.5315128,-0.16998832,9.581595,0.0036651916,-0.018325957,0.0012217305,TONIC,cadf7123329b
1775672306108,3176772334904,0.5650316,-0.19393034,9.588778,0.007330383,-0.0036651916,-0.0012217305,TONIC,cadf7123329b
1775672306115,3176792415470,0.50757074,-0.16280572,9.682152,0.015882496,0.02076942,-0.002443461,TONIC,cadf7123329b
1775672306137,3176812465519,0.44532153,-0.093373865,9.598354,0.004886922,0.008552114,-0.002443461,TONIC,cadf7123329b
1775672306154,3176832576603,0.521936,-0.23223756,9.543288,-0.02076942,-0.0061086523,0.0,TONIC,cadf7123329b
1775672306179,3176852687687,0.50996494,-0.320823,9.694122,-0.014660766,-0.007330383,0.0012217305,TONIC,cadf7123329b
1775672306206,3176872768253,0.45729253,-0.25617957,9.651027,0.018325957,-0.008552114,0.0,TONIC,cadf7123329b
1775672306213,3176892818302,0.5386954,-0.29688102,9.622296,0.034208454,-0.004886922,-0.002443461,TONIC,cadf7123329b
1775672306231,3176912898869,0.5363012,-0.08140286,9.691729,0.02565634,0.013439035,-0.0036651916,TONIC,cadf7123329b
1775672306253,3176932979435,0.49320555,-0.05267244,9.591172,-0.007330383,0.015882496,-0.0036651916,TONIC,cadf7123329b
1775672306271,3176953029484,0.49799395,-0.23223756,9.61272,-0.03176499,0.004886922,0.0,TONIC,cadf7123329b
1775672306295,3176973110050,0.46686932,-0.24899697,9.631873,-0.021991149,0.0012217305,0.0,TONIC,cadf7123329b
1775672306321,3176993129582,0.47405192,-0.260968,9.706094,0.0,-0.007330383,0.0,TONIC,cadf7123329b
1775672306332,3177013179630,0.50757074,-0.22266077,9.691729,0.02076942,-0.002443461,0.0,TONIC,cadf7123329b
1775672306350,3177033229679,0.47884035,-0.10534488,9.662998,0.021991149,0.007330383,-0.0012217305,TONIC,cadf7123329b
1775672306371,3177053249210,0.46926352,-0.19153613,9.682152,0.010995574,0.0036651916,0.0012217305,TONIC,cadf7123329b
1775672306399,3177073299259,0.48362875,-0.10534488,9.619903,-0.0036651916,-0.004886922,0.0,TONIC,cadf7123329b
1775672306410,3177093349308,0.46926352,-0.22266077,9.622296,-0.015882496,-0.007330383,0.0,TONIC,cadf7123329b
1775672306436,3177113368839,0.5267244,-0.2896984,9.703699,-0.002443461,-0.010995574,0.0,TONIC,cadf7123329b
1775672306450,3177133388371,0.5722142,-0.20111294,9.674969,0.010995574,-0.0061086523,0.0,TONIC,cadf7123329b
1775672306471,3177153468937,0.5291186,-0.11731588,9.605537,0.008552114,0.015882496,-0.0012217305,TONIC,cadf7123329b
1775672306497,3177173488468,0.46686932,-0.18914193,9.6845455,-0.018325957,0.02565634,0.0,TONIC,cadf7123329b
1775672306514,3177193569035,0.49799395,-0.320823,9.653421,-0.02565634,0.004886922,0.0,TONIC,cadf7123329b
1775672306531,3177213619083,0.4357447,-0.2896984,9.639056,-0.008552114,-0.0036651916,0.0,TONIC,cadf7123329b
1775672306552,3177233638615,0.48123455,-0.30166942,9.576807,0.0061086523,0.0,-0.0012217305,TONIC,cadf7123329b
1775672306571,3177253719181,0.5363012,-0.29927522,9.653421,0.018325957,-0.0036651916,-0.0012217305,TONIC,cadf7123329b
1775672306592,3177273738712,0.46208093,-0.08379706,9.67018,0.014660766,-0.009773844,-0.002443461,TONIC,cadf7123329b
1775672306620,3177293788761,0.5243302,-0.17717093,9.586384,-0.004886922,-0.019547688,-0.002443461,TONIC,cadf7123329b
1775672306631,3177313808292,0.5650316,-0.18435353,9.64145,-0.013439035,-0.013439035,-0.0012217305,TONIC,cadf7123329b
1775672306651,3177333858341,0.47644615,-0.29448682,9.603143,-0.009773844,-0.0061086523,0.0,TONIC,cadf7123329b
1775672306672,3177353877873,0.49799395,-0.22026655,9.653421,-0.0012217305,-0.009773844,0.0,TONIC,cadf7123329b
1775672306698,3177373897404,0.51235914,-0.30406362,9.595961,0.0,-0.009773844,-0.0012217305,TONIC,cadf7123329b
1775672306717,3177393947453,0.49081135,-0.31124622,9.662998,0.002443461,0.0012217305,0.0,TONIC,cadf7123329b
1775672306731,3177413966984,0.5626374,-0.20590134,9.600749,0.007330383,0.008552114,-0.0012217305,TONIC,cadf7123329b
1775672306752,3177433986515,0.5386954,-0.18195933,9.655815,-0.0012217305,0.014660766,0.0,TONIC,cadf7123329b
1775672306773,3177454036564,0.47165772,-0.24420857,9.595961,-0.012217305,0.018325957,0.0,TONIC,cadf7123329b
1775672306799,3177474056095,0.47405192,-0.20590134,9.703699,-0.017104227,0.017104227,0.0,TONIC,cadf7123329b
1775672306814,3177494075626,0.48841715,-0.24660277,9.660604,-0.018325957,0.017104227,-0.0012217305,TONIC,cadf7123329b
1775672306836,3177514095158,0.47884035,-0.17238252,9.674969,-0.007330383,0.004886922,-0.002443461,TONIC,cadf7123329b
1775672306851,3177534114689,0.50038815,-0.2657564,9.61272,-0.0012217305,0.0012217305,-0.0012217305,TONIC,cadf7123329b
1775672306880,3177554164738,0.49081135,-0.21547815,9.603143,0.008552114,-0.0036651916,-0.0012217305,TONIC,cadf7123329b
1775672306897,3177574214787,0.51714754,-0.18674773,9.631873,0.015882496,-0.013439035,0.0,TONIC,cadf7123329b
1775672306919,3177594264835,0.5506664,-0.24420857,9.617508,0.010995574,-0.017104227,0.0,TONIC,cadf7123329b
1775672306932,3177614314884,0.47884035,-0.23223756,9.643845,0.0012217305,-0.010995574,0.0012217305,TONIC,cadf7123329b
1775672306951,3177634334416,0.50757074,-0.24181437,9.689334,-0.0036651916,-0.004886922,0.0,TONIC,cadf7123329b
1775672306975,3177654384464,0.5315128,-0.22744916,9.703699,0.0036651916,-0.002443461,-0.0012217305,TONIC,cadf7123329b
1775672306996,3177674403996,0.5291186,-0.21787235,9.643845,0.0,-0.0061086523,-0.0012217305,TONIC,cadf7123329b
1775672307014,3177694454044,0.51954174,-0.23463176,9.631873,0.004886922,-0.010995574,0.0012217305,TONIC,cadf7123329b
1775672307036,3177714473576,0.56982,-0.22744916,9.605537,0.008552114,-0.009773844,0.0,TONIC,cadf7123329b
1775672307052,3177734493107,0.5650316,-0.10534488,9.6845455,-0.0012217305,0.004886922,-0.0012217305,TONIC,cadf7123329b
1775672307086,3177754543156,0.5434838,-0.20829555,9.629479,-0.018325957,0.02565634,0.0,TONIC,cadf7123329b
1775672307095,3177774562687,0.49320555,-0.25378537,9.722853,-0.02565634,0.008552114,0.0,TONIC,cadf7123329b
1775672307121,3177794582218,0.49320555,-0.24660277,9.643845,-0.017104227,-0.018325957,0.0012217305,TONIC,cadf7123329b
1775672307132,3177814601750,0.60333884,-0.3878607,9.744401,0.0061086523,-0.017104227,-0.0012217305,TONIC,cadf7123329b
1775672307155,3177834621281,0.581791,-0.19153613,9.624691,0.029321533,-0.013439035,-0.0012217305,TONIC,cadf7123329b
1775672307180,3177854640812,0.51714754,-0.17238252,9.588778,0.021991149,-0.0036651916,-0.002443461,TONIC,cadf7123329b
1775672307196,3177874690861,0.50996494,-0.1340753,9.713276,0.002443461,0.0012217305,-0.0012217305,TONIC,cadf7123329b
1775672307224,3177894740910,0.50517654,-0.30406362,9.67018,-0.007330383,-0.0061086523,-0.0012217305,TONIC,cadf7123329b
1775672307233,3177914760441,0.5770026,-0.23223756,9.588778,-0.009773844,0.0,0.0,TONIC,cadf7123329b
1775672307252,3177934779972,0.45968673,-0.260968,9.636662,-0.010995574,0.007330383,0.0,TONIC,cadf7123329b
1775672307280,3177954799503,0.5554548,-0.2753332,9.662998,-0.007330383,-0.002443461,0.0,TONIC,cadf7123329b
1775672307302,3177974880070,0.5770026,-0.18674773,9.629479,-0.013439035,-0.012217305,0.0,TONIC,cadf7123329b
1775672307312,3177994899601,0.5626374,-0.18435353,9.61272,-0.02687807,-0.004886922,0.0,TONIC,cadf7123329b
1775672307332,3178014919132,0.51475334,-0.25617957,9.598354,-0.037873644,-0.002443461,-0.0012217305,TONIC,cadf7123329b
1775672307352,3178034969181,0.58657944,-0.45729253,9.627085,-0.02687807,-0.0061086523,0.0012217305,TONIC,cadf7123329b
1775672307380,3178054988712,0.58657944,-0.24420857,9.643845,0.002443461,0.012217305,0.0,TONIC,cadf7123329b
1775672307401,3178075008244,0.5434838,-0.19393034,9.698911,0.014660766,0.02076942,-0.0012217305,TONIC,cadf7123329b
1775672307412,3178095058292,0.48123455,-0.30885202,9.605537,0.019547688,0.0,-0.0012217305,TONIC,cadf7123329b
1775672307432,3178115108341,0.5315128,-0.22984336,9.619903,0.028099801,-0.008552114,0.0,TONIC,cadf7123329b
1775672307453,3178135158390,0.49320555,-0.11492168,9.600749,0.017104227,0.0036651916,-0.0012217305,TONIC,cadf7123329b
1775672307480,3178155177921,0.45729253,-0.15801731,9.6845455,-0.002443461,0.0036651916,0.0,TONIC,cadf7123329b
1775672307496,3178175258488,0.51954174,-0.22984336,9.624691,-0.009773844,-0.010995574,0.0,TONIC,cadf7123329b
1775672307518,3178195278019,0.49081135,-0.24660277,9.61272,-0.009773844,-0.004886922,0.0012217305,TONIC,cadf7123329b
1775672307533,3178215297550,0.46208093,-0.1364695,9.617508,-0.009773844,0.009773844,-0.0012217305,TONIC,cadf7123329b
1775672307554,3178235378117,0.5410896,-0.29448682,9.655815,-0.015882496,0.0,-0.0012217305,TONIC,cadf7123329b
1775672307585,3178255428166,0.56982,-0.34237084,9.610326,-0.0036651916,-0.008552114,0.0,TONIC,cadf7123329b
1775672307593,3178275447697,0.58418524,-0.23463176,9.648633,0.010995574,0.004886922,-0.0012217305,TONIC,cadf7123329b
1775672307623,3178295558781,0.5291186,-0.17477672,9.605537,0.0061086523,0.02076942,0.0,TONIC,cadf7123329b
1775672307637,3178315608830,0.48362875,-0.22026655,9.67018,-0.015882496,0.009773844,0.0,TONIC,cadf7123329b
1775672307665,3178335689396,0.5722142,-0.36152446,9.631873,-0.015882496,0.0,0.0012217305,TONIC,cadf7123329b
1775672307676,3178355739445,0.5674258,-0.3184288,9.636662,0.008552114,0.008552114,0.0012217305,TONIC,cadf7123329b
1775672307698,3178375820011,0.46686932,-0.23702596,9.6845455,0.034208454,0.008552114,0.0,TONIC,cadf7123329b
1775672307714,3178395870060,0.51475334,-0.17238252,9.581595,0.029321533,0.002443461,0.0,TONIC,cadf7123329b
1775672307734,3178415950626,0.48362875,-0.16759412,9.665392,0.02076942,0.0,0.0012217305,TONIC,cadf7123329b
1775672307767,3178436000675,0.47405192,-0.15562311,9.662998,0.012217305,-0.0061086523,0.002443461,TONIC,cadf7123329b
1775672307775,3178456081242,0.5554548,-0.2873042,9.639056,-0.004886922,-0.010995574,0.0012217305,TONIC,cadf7123329b
1775672307809,3178476161808,0.45729253,-0.2681506,9.605537,-0.0061086523,-0.007330383,0.0012217305,TONIC,cadf7123329b
1775672307816,3178496211857,0.45729253,-0.2633622,9.543288,0.0012217305,0.0012217305,0.0,TONIC,cadf7123329b
1775672307836,3178516322941,0.5386954,-0.22744916,9.713276,-0.0036651916,0.008552114,-0.0012217305,TONIC,cadf7123329b
1775672307859,3178536372990,0.44771573,-0.08379706,9.653421,-0.014660766,0.010995574,0.0012217305,TONIC,cadf7123329b
1775672307884,3178556453556,0.49081135,-0.15083471,9.662998,-0.037873644,0.0061086523,0.0012217305,TONIC,cadf7123329b
1775672307908,3178576503605,0.47884035,-0.35434186,9.65821,-0.039095376,0.007330383,0.0,TONIC,cadf7123329b
1775672307929,3178596553654,0.49320555,-0.35913026,9.672575,-0.015882496,-0.0012217305,0.0,TONIC,cadf7123329b
1775672307936,3178616634220,0.5267244,-0.33758244,9.703699,0.004886922,-0.014660766,0.0,TONIC,cadf7123329b
1775672307967,3178636684269,0.5291186,-0.19393034,9.722853,0.013439035,-0.021991149,-0.0012217305,TONIC,cadf7123329b
1775672307976,3178656734318,0.5626374,-0.32321724,9.662998,0.009773844,-0.02076942,-0.002443461,TONIC,cadf7123329b
1775672308002,3178676784367,0.5410896,-0.20350714,9.555259,-0.002443461,-0.013439035,-0.0012217305,TONIC,cadf7123329b
1775672308014,3178696803898,0.5793968,-0.28491,9.744401,-0.009773844,-0.012217305,-0.0012217305,TONIC,cadf7123329b
1775672308034,3178716823429,0.5674258,-0.16998832,9.576807,0.0,-0.017104227,-0.002443461,TONIC,cadf7123329b
1775672308056,3178736873478,0.5722142,-0.29927522,9.631873,-0.014660766,0.009773844,-0.002443461,TONIC,cadf7123329b
1775672308083,3178756893009,0.5410896,-0.37110126,9.605537,-0.02321288,0.018325957,-0.0012217305,TONIC,cadf7123329b
1775672308096,3178776943058,0.5626374,-0.21068975,9.7084875,-0.010995574,0.009773844,-0.0012217305,TONIC,cadf7123329b
1775672308114,3178796993107,0.5291186,-0.25857377,9.689334,-0.002443461,-0.002443461,-0.0012217305,TONIC,cadf7123329b
1775672308135,3178817012638,0.47165772,-0.40701428,9.639056,0.007330383,0.007330383,-0.0012217305,TONIC,cadf7123329b
1775672308176,3178837032169,0.5482722,-0.2633622,9.725247,0.013439035,0.0036651916,0.0,TONIC,cadf7123329b
1775672308179,3178857082218,0.5243302,-0.21787235,9.598354,0.004886922,-0.002443461,-0.0012217305,TONIC,cadf7123329b
1775672308195,3178877132267,0.5722142,-0.23702596,9.665392,-0.008552114,-0.002443461,-0.002443461,TONIC,cadf7123329b
1775672308226,3178897151798,0.50517654,-0.33518824,9.662998,-0.002443461,-0.0061086523,-0.0012217305,TONIC,cadf7123329b
1775672308238,3178917232365,0.51475334,-0.36870706,9.643845,0.013439035,-0.009773844,-0.0012217305,TONIC,cadf7123329b
1775672308263,3178937221378,0.58418524,-0.24660277,9.665392,0.02321288,0.0,-0.002443461,TONIC,cadf7123329b
1775672308286,3178957271427,0.5434838,-0.32561144,9.639056,0.018325957,0.007330383,-0.002443461,TONIC,cadf7123329b
1775672308295,3178977321476,0.39743748,-0.1364695,9.619903,0.008552114,0.0036651916,-0.0012217305,TONIC,cadf7123329b
1775672308314,3178997341007,0.50517654,-0.2657564,9.667787,-0.02076942,0.0012217305,-0.0012217305,TONIC,cadf7123329b
1775672308337,3179017360539,0.5770026,-0.31124622,9.653421,-0.019547688,0.007330383,-0.0012217305,TONIC,cadf7123329b
1775672308372,3179037349552,0.5291186,-0.33039984,9.636662,0.002443461,0.0036651916,-0.002443461,TONIC,cadf7123329b
1775672308377,3179057399601,0.61291564,-0.22505496,9.576807,0.015882496,-0.002443461,-0.0012217305,TONIC,cadf7123329b
1775672308397,3179077419132,0.51954174,-0.37349546,9.624691,0.019547688,-0.0012217305,-0.0012217305,TONIC,cadf7123329b
1775672308416,3179097438664,0.5530606,-0.1340753,9.615114,0.030543262,-0.013439035,-0.0012217305,TONIC,cadf7123329b
1775672308459,3179117458195,0.6775591,-0.038307227,9.667787,-0.0036651916,-0.004886922,0.0,TONIC,cadf7123329b
1775672308461,3179137508244,0.51475334,-0.39264908,9.5385,-0.034208454,0.015882496,0.0012217305,TONIC,cadf7123329b
1775672308485,3179157527775,0.46926352,-0.40462008,9.679757,-0.02443461,0.019547688,0.002443461,TONIC,cadf7123329b
1775672308495,3179177547306,0.49799395,-0.34476504,9.8042555,0.013439035,-0.0036651916,0.0012217305,TONIC,cadf7123329b
1775672308514,3179197597355,0.5626374,-0.2801216,9.627085,0.04153884,-0.007330383,-0.0012217305,TONIC,cadf7123329b
1775672308536,3179217616886,0.557849,-0.06703765,9.56723,0.036651913,0.0036651916,-0.0036651916,TONIC,cadf7123329b
1775672308568,3179237636417,0.533907,-0.18195933,9.648633,0.004886922,-0.002443461,-0.0012217305,TONIC,cadf7123329b
1775672308576,3179257655949,0.51954174,-0.25857377,9.6845455,-0.017104227,-0.014660766,-0.0012217305,TONIC,cadf7123329b
1775672308601,3179277705998,0.5722142,-0.35673606,9.622296,-0.018325957,-0.014660766,0.0,TONIC,cadf7123329b
1775672308614,3179297725529,0.61770403,-0.25617957,9.68694,-0.007330383,-0.02321288,0.0,TONIC,cadf7123329b
1775672308635,3179317745060,0.60812724,-0.25857377,9.629479,-0.004886922,-0.012217305,0.0,TONIC,cadf7123329b
1775672308667,3179337795109,0.58657944,-0.33518824,9.617508,0.004886922,0.010995574,-0.0012217305,TONIC,cadf7123329b
1775672308676,3179357814640,0.51714754,-0.17956513,9.639056,0.009773844,0.0061086523,-0.0012217305,TONIC,cadf7123329b
1775672308708,3179377834171,0.58418524,-0.2896984,9.605537,-0.0012217305,-0.0061086523,0.0,TONIC,cadf7123329b
1775672308716,3179397853703,0.5386954,-0.25617957,9.674969,-0.0036651916,0.010995574,0.0,TONIC,cadf7123329b
1775672308738,3179417903751,0.51475334,-0.21547815,9.660604,-0.007330383,0.019547688,0.0,TONIC,cadf7123329b
1775672308767,3179437923283,0.5482722,-0.39983168,9.68694,0.0012217305,0.012217305,0.0012217305,TONIC,cadf7123329b
1775672308776,3179457973332,0.5482722,-0.23463176,9.605537,0.021991149,0.010995574,0.0,TONIC,cadf7123329b
1775672308797,3179477992863,0.51235914,-0.08379706,9.651027,0.02076942,0.015882496,-0.002443461,TONIC,cadf7123329b
1775672308815,3179498012394,0.545878,-0.23702596,9.636662,0.0,0.007330383,0.0,TONIC,cadf7123329b
1775672308836,3179518062443,0.5363012,-0.25617957,9.701305,-0.013439035,0.0012217305,0.0012217305,TONIC,cadf7123329b
1775672308869,3179538081974,0.51714754,-0.260968,9.67018,-0.0036651916,-0.0012217305,0.0,TONIC,cadf7123329b
1775672308879,3179558101505,0.533907,-0.2825158,9.634268,0.008552114,-0.004886922,0.0,TONIC,cadf7123329b
1775672308896,3179578121037,0.5386954,-0.19871874,9.634268,0.004886922,-0.002443461,-0.0012217305,TONIC,cadf7123329b
1775672308923,3179598171085,0.49799395,-0.29209262,9.639056,-0.007330383,0.002443461,-0.0012217305,TONIC,cadf7123329b
1775672308946,3179618221134,0.51954174,-0.22026655,9.598354,-0.014660766,0.004886922,0.0,TONIC,cadf7123329b
1775672308967,3179638240666,0.50038815,-0.30645782,9.651027,-0.012217305,0.0012217305,0.0,TONIC,cadf7123329b
1775672308977,3179658290714,0.5363012,-0.23942018,9.653421,-0.013439035,0.0,-0.0012217305,TONIC,cadf7123329b
1775672309002,3179678310246,0.5363012,-0.22744916,9.706094,-0.012217305,-0.0036651916,-0.0012217305,TONIC,cadf7123329b
1775672309015,3179698329777,0.5434838,-0.21068975,9.627085,-0.007330383,0.0,-0.0012217305,TONIC,cadf7123329b
1775672309036,3179718349308,0.5363012,-0.34237084,9.672575,0.002443461,0.0012217305,-0.0012217305,TONIC,cadf7123329b
1775672309070,3179738368839,0.5506664,-0.33039984,9.61272,0.010995574,0.002443461,-0.0012217305,TONIC,cadf7123329b
1775672309077,3179758388371,0.5602432,-0.24420857,9.64145,0.013439035,-0.007330383,-0.0012217305,TONIC,cadf7123329b
1775672309101,3179778438419,0.545878,-0.22266077,9.67018,-0.0012217305,-0.0061086523,-0.0012217305,TONIC,cadf7123329b
1775672309115,3179798457951,0.59615624,-0.30406362,9.624691,-0.009773844,-0.002443461,0.0012217305,TONIC,cadf7123329b
1775672309137,3179818477482,0.5434838,-0.25617957,9.653421,-0.007330383,0.002443461,-0.0012217305,TONIC,cadf7123329b
1775672309162,3179838497013,0.545878,-0.24181437,9.639056,-0.013439035,0.0,-0.0012217305,TONIC,cadf7123329b
1775672309176,3179858516544,0.5793968,-0.33758244,9.694122,-0.018325957,-0.0061086523,0.0,TONIC,cadf7123329b
1775672309199,3179878536076,0.59376204,-0.37828386,9.576807,-0.004886922,-0.004886922,0.0,TONIC,cadf7123329b
1775672309219,3179898586125,0.5363012,-0.23702596,9.653421,0.009773844,0.0012217305,-0.0012217305,TONIC,cadf7123329b
1775672309259,3179918605656,0.59855044,-0.18674773,9.557653,-0.0012217305,0.012217305,0.0,TONIC,cadf7123329b
1775672309262,3179938655705,0.5746084,-0.24660277,9.586384,-0.02565634,0.007330383,0.0,TONIC,cadf7123329b
1775672309277,3179958705753,0.5722142,-0.33518824,9.667787,-0.028099801,0.004886922,0.0,TONIC,cadf7123329b
1775672309297,3179978725285,0.48362875,-0.2873042,9.610326,-0.013439035,0.010995574,0.002443461,TONIC,cadf7123329b
1775672309317,3179998744816,0.51954174,-0.30166942,9.65821,0.0012217305,0.009773844,0.0,TONIC,cadf7123329b
1775672309351,3180018825382,0.521936,-0.40940848,9.662998,0.018325957,-0.008552114,-0.002443461,TONIC,cadf7123329b
1775672309362,3180038875431,0.58897364,-0.25617957,9.634268,0.036651913,-0.0036651916,-0.002443461,TONIC,cadf7123329b
1775672309391,3180058955998,0.46926352,-0.110133275,9.629479,0.028099801,0.004886922,-0.004886922,TONIC,cadf7123329b
1775672309405,3180079006046,0.5674258,-0.320823,9.648633,0.0,-0.0061086523,-0.0012217305,TONIC,cadf7123329b
1775672309423,3180099025578,0.5363012,-0.39264908,9.691729,-0.014660766,-0.0061086523,-0.0012217305,TONIC,cadf7123329b
1775672309442,3180119106144,0.5315128,-0.36152446,9.68694,0.002443461,-0.002443461,-0.0012217305,TONIC,cadf7123329b
1775672309465,3180139156193,0.5602432,-0.19871874,9.629479,0.014660766,0.0012217305,-0.0012217305,TONIC,cadf7123329b
1775672309489,3180159236759,0.5363012,-0.23942018,9.660604,-0.0036651916,0.004886922,-0.0012217305,TONIC,cadf7123329b
1775672309499,3180179286808,0.5315128,-0.35673606,9.64145,-0.007330383,0.0061086523,0.0,TONIC,cadf7123329b
1775672309519,3180199336857,0.5626374,-0.2801216,9.583989,0.0012217305,0.004886922,-0.0012217305,TONIC,cadf7123329b
1775672309545,3180219447941,0.51714754,-0.28491,9.624691,0.0012217305,0.0036651916,0.0,TONIC,cadf7123329b
1775672309563,3180239528507,0.58657944,-0.2896984,9.679757,0.0036651916,0.0,-0.0012217305,TONIC,cadf7123329b
1775672309577,3180259548039,0.5554548,-0.2896984,9.605537,0.004886922,0.0012217305,-0.0012217305,TONIC,cadf7123329b
1775672309597,3180279567570,0.5434838,-0.33039984,9.636662,0.010995574,0.002443461,-0.0012217305,TONIC,cadf7123329b
1775672309616,3180299587101,0.533907,-0.320823,9.665392,0.019547688,0.007330383,-0.0012217305,TONIC,cadf7123329b
1775672309645,3180319576115,0.58418524,-0.16759412,9.639056,0.02443461,0.0,-0.0012217305,TONIC,cadf7123329b
1775672309662,3180339534611,0.6368576,-0.19632454,9.586384,0.009773844,-0.0061086523,0.0012217305,TONIC,cadf7123329b
1775672309678,3180359554142,0.521936,-0.24181437,9.636662,-0.002443461,0.008552114,0.0,TONIC,cadf7123329b
1775672309697,3180379604191,0.557849,-0.16998832,9.631873,-0.017104227,0.014660766,0.0,TONIC,cadf7123329b
1775672309716,3180399623722,0.56982,-0.25378537,9.677363,-0.029321533,0.0036651916,0.0012217305,TONIC,cadf7123329b
1775672309744,3180419643253,0.5554548,-0.3878607,9.665392,-0.02443461,0.0,0.0,TONIC,cadf7123329b
1775672309762,3180439662785,0.5554548,-0.33039984,9.624691,-0.007330383,0.002443461,-0.0012217305,TONIC,cadf7123329b
1775672309784,3180459682316,0.47405192,-0.320823,9.64145,0.004886922,-0.0036651916,-0.0012217305,TONIC,cadf7123329b
1775672309797,3180479701847,0.5602432,-0.24420857,9.667787,0.015882496,-0.002443461,-0.0012217305,TONIC,cadf7123329b
1775672309817,3180499751896,0.5267244,-0.21308395,9.65821,0.021991149,0.002443461,-0.0012217305,TONIC,cadf7123329b
1775672309851,3180519801945,0.581791,-0.19153613,9.646238,0.007330383,-0.0012217305,-0.0012217305,TONIC,cadf7123329b
1775672309859,3180539821476,0.557849,-0.2896984,9.662998,-0.007330383,0.0,-0.0012217305,TONIC,cadf7123329b
1775672309884,3180559841007,0.48362875,-0.29688102,9.655815,-0.0036651916,0.008552114,-0.0012217305,TONIC,cadf7123329b
1775672309897,3180579891056,0.5626374,-0.21787235,9.619903,0.0012217305,0.007330383,0.0,TONIC,cadf7123329b
1775672309918,3180599910587,0.48123455,-0.2777274,9.65821,-0.004886922,0.0012217305,0.0,TONIC,cadf7123329b
1775672309946,3180619930119,0.5434838,-0.30166942,9.655815,-0.010995574,-0.0036651916,0.0,TONIC,cadf7123329b
1775672309958,3180639949650,0.59855044,-0.2777274,9.627085,-0.008552114,-0.002443461,-0.0012217305,TONIC,cadf7123329b
1775672309984,3180659999699,0.50517654,-0.2633622,9.576807,-0.0012217305,-0.008552114,0.0,TONIC,cadf7123329b
1775672309997,3180680019230,0.5650316,-0.24660277,9.682152,-0.002443461,-0.0012217305,0.0,TONIC,cadf7123329b
1775672310017,3180700038761,0.5650316,-0.25378537,9.617508,-0.004886922,0.0,-0.0012217305,TONIC,cadf7123329b
1775672310048,3180720058292,0.5626374,-0.2753332,9.576807,-0.018325957,-0.0036651916,0.0,TONIC,cadf7123329b
1775672310057,3180740047306,0.5410896,-0.4309563,9.615114,-0.019547688,0.002443461,-0.002443461,TONIC,cadf7123329b
1775672310083,3180760097355,0.45489833,-0.320823,9.61272,-0.0036651916,0.010995574,-0.002443461,TONIC,cadf7123329b
1775672310097,3180780116886,0.48123455,-0.2873042,9.65821,-0.0012217305,-0.010995574,-0.0012217305,TONIC,cadf7123329b
1775672310118,3180800136417,0.6368576,-0.3184288,9.627085,-0.0012217305,-0.02076942,-0.0012217305,TONIC,cadf7123329b
1775672310156,3180820155949,0.5602432,-0.23942018,9.61272,0.0036651916,-0.009773844,-0.0012217305,TONIC,cadf7123329b
1775672310164,3180840175480,0.5770026,-0.30406362,9.619903,-0.007330383,-0.010995574,-0.0012217305,TONIC,cadf7123329b
1775672310184,3180860164494,0.60573304,-0.38067806,9.691729,-0.007330383,-0.012217305,-0.0012217305,TONIC,cadf7123329b
1775672310197,3180880214542,0.58657944,-0.28491,9.679757,-0.004886922,0.0012217305,-0.002443461,TONIC,cadf7123329b
1775672310218,3180900264591,0.48841715,-0.3878607,9.651027,-0.004886922,0.015882496,-0.0012217305,TONIC,cadf7123329b
1775672310254,3180920284123,0.5530606,-0.2896984,9.634268,0.0012217305,0.0061086523,0.0,TONIC,cadf7123329b
1775672310262,3180940334171,0.60573304,-0.22984336,9.655815,-0.007330383,0.012217305,0.0,TONIC,cadf7123329b
1775672310288,3180960353703,0.5530606,-0.320823,9.65821,-0.012217305,0.02076942,0.0012217305,TONIC,cadf7123329b
1775672310299,3180980403751,0.5363012,-0.40462008,9.65821,-0.0036651916,0.014660766,-0.0012217305,TONIC,cadf7123329b
1775672310320,3181000423283,0.60812724,-0.35434186,9.627085,0.013439035,-0.002443461,-0.002443461,TONIC,cadf7123329b
1775672310348,3181020442814,0.5363012,-0.16519992,9.615114,0.021991149,-0.0012217305,-0.002443461,TONIC,cadf7123329b
1775672310358,3181040462345,0.48123455,-0.2657564,9.622296,0.0061086523,-0.0012217305,-0.0012217305,TONIC,cadf7123329b
1775672310378,3181060512394,0.59376204,-0.22984336,9.67018,-0.012217305,-0.0036651916,0.0,TONIC,cadf7123329b
1775672310397,3181080501408,0.6392518,-0.34715924,9.583989,-0.018325957,-0.002443461,0.0012217305,TONIC,cadf7123329b
1775672310418,3181100551457,0.5746084,-0.37110126,9.595961,-0.004886922,0.002443461,0.0,TONIC,cadf7123329b
1775672310459,3181120570988,0.5434838,-0.2705448,9.631873,0.0012217305,0.008552114,0.0,TONIC,cadf7123329b
1775672310488,3181140560001,0.521936,-0.35673606,9.603143,-0.0061086523,0.009773844,0.0012217305,TONIC,cadf7123329b
1775672310491,3181160610050,0.46926352,-0.25617957,9.617508,-0.008552114,0.007330383,0.0012217305,TONIC,cadf7123329b
1775672310500,3181180629582,0.533907,-0.37588966,9.627085,-0.021991149,-0.002443461,0.0,TONIC,cadf7123329b
1775672310518,3181200649113,0.5363012,-0.4333505,9.562442,-0.02687807,-0.0036651916,-0.0012217305,TONIC,cadf7123329b
1775672310540,3181220668644,0.557849,-0.39264908,9.674969,-0.007330383,0.0,-0.0012217305,TONIC,cadf7123329b
1775672310562,3181240688175,0.5243302,-0.41180268,9.665392,0.013439035,-0.004886922,-0.002443461,TONIC,cadf7123329b
1775672310578,3181260738224,0.59855044,-0.30645782,9.674969,0.02687807,-0.012217305,-0.002443461,TONIC,cadf7123329b
1775672310598,3181280757755,0.5793968,-0.35434186,9.713276,0.019547688,-0.008552114,0.0,TONIC,cadf7123329b
1775672310619,3181300777287,0.59615624,-0.320823,9.61272,0.007330383,0.002443461,0.0,TONIC,cadf7123329b
1775672310646,3181320796818,0.5602432,-0.37110126,9.600749,-0.004886922,0.007330383,0.0012217305,TONIC,cadf7123329b
1775672310658,3181340816349,0.60812724,-0.4381389,9.605537,0.0,0.008552114,0.0012217305,TONIC,cadf7123329b
1775672310679,3181360835880,0.5770026,-0.38067806,9.634268,0.02565634,0.019547688,0.0,TONIC,cadf7123329b
1775672310698,3181380855412,0.51235914,-0.30166942,9.648633,0.030543262,0.02321288,0.0,TONIC,cadf7123329b
1775672310721,3181400844425,0.521936,-0.2873042,9.603143,0.02321288,0.019547688,-0.0012217305,TONIC,cadf7123329b
1775672310749,3181420924992,0.5506664,-0.2896984,9.648633,0.019547688,0.014660766,-0.002443461,TONIC,cadf7123329b
1775672310763,3181440975041,0.51475334,-0.25617957,9.624691,0.004886922,0.007330383,-0.0012217305,TONIC,cadf7123329b
1775672310779,3181460994572,0.48362875,-0.36391866,9.576807,0.0036651916,-0.007330383,0.0,TONIC,cadf7123329b
1775672310801,3181481044621,0.50996494,-0.15322891,9.639056,0.0061086523,-0.007330383,-0.0012217305,TONIC,cadf7123329b
1775672310833,3181501064152,0.5482722,-0.23702596,9.555259,-0.0061086523,-0.0061086523,0.0,TONIC,cadf7123329b
1775672310840,3181521114201,0.51475334,-0.29927522,9.624691,-0.02076942,-0.0061086523,0.0,TONIC,cadf7123329b
1775672310861,3181541164250,0.5291186,-0.40940848,9.562442,-0.02321288,-0.009773844,0.0,TONIC,cadf7123329b
1775672310880,3181561214298,0.5602432,-0.33279404,9.648633,-0.014660766,-0.010995574,0.0,TONIC,cadf7123329b
1775672310899,3181581325382,0.5363012,-0.31364042,9.667787,-0.007330383,-0.014660766,0.0,TONIC,cadf7123329b
1775672310924,3181601344914,0.61530983,-0.24899697,9.598354,-0.004886922,-0.0036651916,0.0012217305,TONIC,cadf7123329b
1775672310954,3181621425480,0.545878,-0.21787235,9.636662,-0.010995574,0.004886922,0.0,TONIC,cadf7123329b
1775672310964,3181641475529,0.51475334,-0.29448682,9.615114,-0.02321288,0.0012217305,-0.0012217305,TONIC,cadf7123329b
1775672310988,3181661495060,0.56982,-0.32321724,9.560047,-0.03176499,-0.0061086523,0.0,TONIC,cadf7123329b
1775672311002,3181681514591,0.545878,-0.4261679,9.627085,-0.02321288,0.0,0.0,TONIC,cadf7123329b
1775672311038,3181701656193,0.5363012,-0.4237737,9.689334,0.0,-0.002443461,-0.002443461,TONIC,cadf7123329b
1775672311044,3181721736759,0.5793968,-0.4261679,9.617508,0.02443461,-0.014660766,-0.0012217305,TONIC,cadf7123329b
1775672311068,3181741786808,0.59136784,-0.31364042,9.610326,0.029321533,-0.009773844,-0.002443461,TONIC,cadf7123329b
1775672311081,3181761867375,0.49320555,-0.2705448,9.617508,0.014660766,0.0061086523,-0.0012217305,TONIC,cadf7123329b
1775672311103,3181781917423,0.5315128,-0.32561144,9.591172,0.0,-0.002443461,-0.0012217305,TONIC,cadf7123329b
1775672311134,3181802028507,0.6488287,-0.32800564,9.624691,-0.013439035,-0.012217305,0.0,TONIC,cadf7123329b
1775672311144,3181822078556,0.61052144,-0.37349546,9.574412,-0.009773844,0.007330383,0.0012217305,TONIC,cadf7123329b
1775672311167,3181842098087,0.50996494,-0.29209262,9.615114,-0.004886922,0.02076942,0.0012217305,TONIC,cadf7123329b
1775672311193,3181862148136,0.5434838,-0.23702596,9.65821,-0.004886922,0.012217305,0.0012217305,TONIC,cadf7123329b
1775672311201,3181882167667,0.5315128,-0.33039984,9.636662,-0.007330383,0.0061086523,0.002443461,TONIC,cadf7123329b
1775672311227,3181902187199,0.5626374,-0.25378537,9.574412,-0.02443461,0.013439035,0.0012217305,TONIC,cadf7123329b
1775672311244,3181922206730,0.46926352,-0.35434186,9.605537,-0.047647487,0.019547688,0.0036651916,TONIC,cadf7123329b
1775672311261,3181942287296,0.47405192,-0.40462008,9.68694,-0.057421334,0.0036651916,0.0036651916,TONIC,cadf7123329b
1775672311279,3181962306828,0.48362875,-0.45729253,9.617508,-0.05009095,-0.019547688,0.0036651916,TONIC,cadf7123329b
1775672311300,3181982356876,0.62728083,-0.5363012,9.643845,-0.014660766,-0.02443461,0.0012217305,TONIC,cadf7123329b
1775672311328,3182002345890,0.5793968,-0.33758244,9.627085,0.02687807,-0.007330383,0.0,TONIC,cadf7123329b
1775672311350,3182022395939,0.51235914,-0.18674773,9.653421,0.02321288,0.007330383,0.0,TONIC,cadf7123329b
1775672311361,3182042445988,0.48602295,-0.31124622,9.643845,-0.010995574,-0.0036651916,0.0,TONIC,cadf7123329b
1775672311382,3182062465519,0.5386954,-0.34715924,9.548077,-0.037873644,-0.014660766,0.0,TONIC,cadf7123329b
1775672311400,3182082485050,0.545878,-0.6368576,9.646238,-0.040317107,-0.018325957,0.0,TONIC,cadf7123329b
1775672311428,3182102535099,0.5722142,-0.39025488,9.586384,-0.007330383,-0.017104227,-0.0036651916,TONIC,cadf7123329b
1775672311444,3182122554630,0.62488663,-0.5363012,9.648633,0.009773844,-0.008552114,-0.0012217305,TONIC,cadf7123329b
1775672311461,3182142574162,0.5793968,-0.46686932,9.65821,0.04153884,0.02321288,-0.002443461,TONIC,cadf7123329b
1775672311482,3182162624210,0.5363012,-0.32561144,9.689334,0.05375614,0.02565634,-0.002443461,TONIC,cadf7123329b
1775672311500,3182182674259,0.59615624,-0.2873042,9.607931,0.02443461,0.013439035,0.0,TONIC,cadf7123329b
1775672311529,3182202724308,0.5530606,-0.4189853,9.622296,0.002443461,0.010995574,0.0,TONIC,cadf7123329b
1775672311540,3182222774357,0.5434838,-0.533907,9.667787,0.014660766,0.007330383,-0.0012217305,TONIC,cadf7123329b
1775672311562,3182242824406,0.533907,-0.32800564,9.64145,0.058643065,0.002443461,-0.0012217305,TONIC,cadf7123329b
1775672311580,3182262874455,0.50757074,-0.2753332,9.622296,0.07696902,0.0036651916,-0.0012217305,TONIC,cadf7123329b
1775672311601,3182282893986,0.61291564,-0.31124622,9.65821,0.06841691,0.012217305,-0.0012217305,TONIC,cadf7123329b
1775672311632,3182302944035,0.47884035,-0.2657564,9.689334,0.05497787,0.010995574,-0.004886922,TONIC,cadf7123329b
1775672311640,3182322963566,0.51475334,-0.272939,9.698911,0.052534413,-0.012217305,-0.004886922,TONIC,cadf7123329b
1775672311672,3182342983097,0.61530983,-0.08379706,9.61272,0.018325957,-0.035430185,-0.004886922,TONIC,cadf7123329b
1775672311682,3182363002628,0.6440403,-0.30166942,9.622296,-0.019547688,-0.032986723,-0.0036651916,TONIC,cadf7123329b
1775672311702,3182383052677,0.7230489,-0.32561144,9.572019,-0.03176499,-0.015882496,0.0012217305,TONIC,cadf7123329b
1775672311727,3182403102726,0.6607997,-0.35913026,9.533711,-0.02565634,0.010995574,0.0036651916,TONIC,cadf7123329b
1775672311750,3182423152775,0.533907,-0.32321724,9.682152,-0.009773844,0.03176499,0.0012217305,TONIC,cadf7123329b
1775672311761,3182443202824,0.5243302,-0.33518824,9.68694,0.004886922,0.015882496,0.0012217305,TONIC,cadf7123329b
1775672311780,3182463222355,0.46686932,-0.36870706,9.646238,0.008552114,0.0036651916,0.002443461,TONIC,cadf7123329b
1775672311801,3182483241886,0.5434838,-0.25617957,9.636662,0.008552114,-0.002443461,0.0012217305,TONIC,cadf7123329b
1775672311829,3182503322453,0.5554548,-0.2801216,9.591172,-0.002443461,0.012217305,0.0012217305,TONIC,cadf7123329b
1775672311840,3182523341984,0.521936,-0.40940848,9.639056,-0.008552114,0.0036651916,0.0,TONIC,cadf7123329b
1775672311861,3182543361515,0.6344634,-0.33039984,9.607931,0.021991149,-0.013439035,-0.0036651916,TONIC,cadf7123329b
1775672311882,3182563442082,0.59376204,-0.21787235,9.528923,0.04886922,-0.0012217305,-0.0036651916,TONIC,cadf7123329b
1775672311901,3182583461613,0.521936,-0.11731588,9.627085,0.039095376,0.014660766,-0.0036651916,TONIC,cadf7123329b
1775672311933,3182603481144,0.50038815,-0.14604631,9.667787,0.002443461,0.0012217305,0.0,TONIC,cadf7123329b
1775672311941,3182623470158,0.5722142,-0.24420857,9.579201,-0.029321533,-0.014660766,0.0,TONIC,cadf7123329b
1775672311968,3182643520207,0.641646,-0.4333505,9.643845,-0.032986723,-0.014660766,0.0,TONIC,cadf7123329b
1775672311980,3182663539738,0.6464345,-0.39743748,9.643845,-0.010995574,-0.007330383,0.0,TONIC,cadf7123329b
1775672312001,3182683559269,0.6344634,-0.320823,9.615114,0.0061086523,-0.002443461,-0.0012217305,TONIC,cadf7123329b
1775672312028,3182703609318,0.5363012,-0.29688102,9.552865,0.010995574,0.013439035,0.0,TONIC,cadf7123329b
1775672312049,3182723628849,0.49320555,-0.20829555,9.639056,0.014660766,0.02076942,-0.0012217305,TONIC,cadf7123329b
1775672312061,3182743648380,0.50278234,-0.1412579,9.615114,0.002443461,0.007330383,0.0,TONIC,cadf7123329b
1775672312081,3182763667912,0.56982,-0.14604631,9.545682,-0.012217305,-0.018325957,0.002443461,TONIC,cadf7123329b
1775672312107,3182783687443,0.6440403,-0.40940848,9.655815,-0.021991149,-0.015882496,0.002443461,TONIC,cadf7123329b
1775672312127,3182803706974,0.5793968,-0.39025488,9.660604,0.0061086523,-0.0036651916,-0.0012217305,TONIC,cadf7123329b
1775672312144,3182823757023,0.5650316,-0.25617957,9.622296,0.029321533,0.0,-0.002443461,TONIC,cadf7123329b
1775672312166,3182843776554,0.51714754,-0.17717093,9.662998,0.014660766,-0.008552114,-0.002443461,TONIC,cadf7123329b
1775672312181,3182863796085,0.5482722,-0.2657564,9.631873,-0.021991149,-0.014660766,0.0,TONIC,cadf7123329b
1775672312207,3182883815617,0.6440403,-0.38067806,9.636662,-0.035430185,-0.013439035,0.0,TONIC,cadf7123329b
1775672312227,3182903865666,0.7134721,-0.40222588,9.605537,-0.02076942,-0.007330383,0.0,TONIC,cadf7123329b
1775672312244,3182923885197,0.51714754,-0.3184288,9.67018,0.002443461,0.0061086523,-0.0012217305,TONIC,cadf7123329b
1775672312266,3182943904728,0.59615624,-0.2801216,9.679757,0.007330383,-0.0012217305,-0.0012217305,TONIC,cadf7123329b
1775672312281,3182963924259,0.5243302,-0.4285621,9.703699,0.0012217305,-0.010995574,0.0,TONIC,cadf7123329b
1775672312303,3182983974308,0.5291186,-0.36391866,9.591172,0.017104227,-0.012217305,-0.002443461,TONIC,cadf7123329b
1775672312333,3183004024357,0.59615624,-0.18195933,9.665392,0.018325957,-0.017104227,-0.002443461,TONIC,cadf7123329b
1775672312341,3183024074406,0.6584055,-0.260968,9.622296,-0.004886922,-0.02443461,-0.0036651916,TONIC,cadf7123329b
1775672312362,3183044124455,0.6607997,-0.46447513,9.617508,-0.004886922,-0.018325957,-0.004886922,TONIC,cadf7123329b
1775672312381,3183064143986,0.60333884,-0.35673606,9.583989,0.021991149,0.0012217305,-0.004886922,TONIC,cadf7123329b
1775672312403,3183084163517,0.58897364,-0.25617957,9.598354,0.032986723,0.02076942,-0.004886922,TONIC,cadf7123329b
1775672312426,3183104244083,0.5770026,-0.3184288,9.634268,0.028099801,0.021991149,-0.002443461,TONIC,cadf7123329b
1775672312445,3183124294132,0.58657944,-0.260968,9.619903,0.02687807,0.02321288,-0.002443461,TONIC,cadf7123329b
1775672312462,3183144344181,0.5243302,-0.19153613,9.665392,0.019547688,0.02321288,0.0,TONIC,cadf7123329b
1775672312484,3183164455265,0.5410896,-0.23942018,9.619903,0.0,0.007330383,0.0012217305,TONIC,cadf7123329b
1775672312514,3183184474796,0.6464345,-0.25857377,9.682152,-0.02443461,-0.010995574,0.002443461,TONIC,cadf7123329b
1775672312522,3183204555363,0.5530606,-0.32321724,9.61272,-0.030543262,-0.004886922,0.0036651916,TONIC,cadf7123329b
1775672312554,3183224605412,0.5530606,-0.35194764,9.548077,-0.02443461,-0.002443461,0.0036651916,TONIC,cadf7123329b
1775672312568,3183244685978,0.59376204,-0.32561144,9.646238,-0.013439035,-0.010995574,0.002443461,TONIC,cadf7123329b
1775672312584,3183264766544,0.7038953,-0.23702596,9.610326,-0.019547688,-0.0036651916,0.0,TONIC,cadf7123329b
1775672312611,3183284786076,0.5650316,-0.30406362,9.605537,-0.040317107,0.012217305,0.002443461,TONIC,cadf7123329b
1775672312633,3183304866642,0.58418524,-0.50278234,9.662998,-0.037873644,0.0061086523,0.0012217305,TONIC,cadf7123329b
1775672312645,3183324947208,0.61530983,-0.533907,9.648633,0.007330383,-0.002443461,0.0,TONIC,cadf7123329b
1775672312664,3183344997257,0.5243302,-0.20590134,9.605537,0.03176499,0.0061086523,-0.002443461,TONIC,cadf7123329b
1775672312685,3183365047306,0.5267244,-0.23223756,9.667787,0.013439035,0.019547688,0.0,TONIC,cadf7123329b
1775672312717,3183385097355,0.50517654,-0.23702596,9.722853,-0.014660766,-0.004886922,0.0012217305,TONIC,cadf7123329b
1775672312726,3183405177921,0.6488287,-0.46447513,9.588778,-0.03176499,-0.028099801,0.0012217305,TONIC,cadf7123329b
1775672312749,3183425289005,0.7302315,-0.38067806,9.667787,-0.021991149,-0.02076942,0.0,TONIC,cadf7123329b
1775672312765,3183445339054,0.59855044,-0.44771573,9.689334,-0.002443461,-0.012217305,-0.0012217305,TONIC,cadf7123329b
1775672312793,3183465450138,0.6655881,-0.36391866,9.636662,0.015882496,-0.010995574,-0.0012217305,TONIC,cadf7123329b
1775672312810,3183485530705,0.6967127,-0.37828386,9.552865,0.015882496,0.0036651916,-0.0012217305,TONIC,cadf7123329b
1775672312833,3183505611271,0.6488287,-0.34715924,9.543288,0.007330383,0.021991149,0.0,TONIC,cadf7123329b
1775672312845,3183525691837,0.61291564,-0.41180268,9.610326,0.004886922,0.042760566,0.0012217305,TONIC,cadf7123329b
1775672312863,3183545741886,0.51954174,-0.45729253,9.579201,0.012217305,0.043982297,0.002443461,TONIC,cadf7123329b
1775672312883,3183565791935,0.49320555,-0.32800564,9.64145,0.02565634,0.036651913,0.002443461,TONIC,cadf7123329b
1775672312910,3183585811466,0.50517654,-0.32321724,9.598354,0.007330383,0.021991149,0.002443461,TONIC,cadf7123329b
1775672312927,3183605861515,0.44532153,-0.34955344,9.701305,-0.002443461,0.0012217305,0.002443461,TONIC,cadf7123329b
1775672312945,3183625911564,0.5674258,-0.272939,9.689334,-0.0061086523,-0.021991149,0.002443461,TONIC,cadf7123329b
1775672312963,3183645992130,0.5291186,-0.2753332,9.703699,-0.02076942,-0.036651913,0.0012217305,TONIC,cadf7123329b
1775672312985,3183666042179,0.6344634,-0.29209262,9.689334,-0.03176499,-0.040317107,-0.0012217305,TONIC,cadf7123329b
1775672313010,3183686061710,0.6727707,-0.35434186,9.624691,-0.039095376,-0.04642576,-0.0012217305,TONIC,cadf7123329b
1775672313027,3183706111759,0.6703765,-0.33039984,9.598354,-0.035430185,-0.028099801,-0.002443461,TONIC,cadf7123329b
1775672313044,3183726131291,0.61770403,-0.36152446,9.651027,-0.032986723,-0.0061086523,-0.0012217305,TONIC,cadf7123329b
1775672313063,3183746150822,0.6655881,-0.47405192,9.564836,-0.02565634,-0.007330383,0.0012217305,TONIC,cadf7123329b
1775672313084,3183766170353,0.63206923,-0.36870706,9.667787,-0.0012217305,0.004886922,0.0012217305,TONIC,cadf7123329b
1775672313123,3183786189884,0.5434838,-0.20590134,9.569624,0.0012217305,0.02321288,0.0,TONIC,cadf7123329b
1775672313127,3183806239933,0.56982,-0.40701428,9.617508,-0.015882496,0.007330383,0.002443461,TONIC,cadf7123329b
1775672313145,3183826228947,0.7158663,-0.36631286,9.667787,-0.019547688,0.002443461,0.002443461,TONIC,cadf7123329b
1775672313164,3183846278996,0.62967503,-0.45729253,9.653421,-0.007330383,0.02687807,0.0,TONIC,cadf7123329b
1775672313184,3183866298527,0.49320555,-0.36391866,9.619903,-0.002443461,0.032986723,0.0,TONIC,cadf7123329b
1775672313213,3183886318058,0.59855044,-0.35673606,9.588778,-0.010995574,0.009773844,0.0036651916,TONIC,cadf7123329b
1775672313235,3183906337589,0.5770026,-0.4285621,9.56723,-0.010995574,0.013439035,0.004886922,TONIC,cadf7123329b
1775672313243,3183926357121,0.5506664,-0.4189853,9.617508,0.0061086523,0.03176499,0.0036651916,TONIC,cadf7123329b
1775672313263,3183946346134,0.45729253,-0.39264908,9.624691,0.018325957,0.010995574,0.0036651916,TONIC,cadf7123329b
1775672313294,3183966426701,0.58418524,-0.49081135,9.600749,0.036651913,-0.02565634,0.0012217305,TONIC,cadf7123329b
1775672313322,3183986476750,0.5722142,-0.4285621,9.672575,0.06963864,-0.013439035,0.0012217305,TONIC,cadf7123329b
1775672313337,3184006526798,0.58897364,-0.019153614,9.545682,0.056199603,0.0012217305,0.002443461,TONIC,cadf7123329b
1775672313351,3184026546330,0.770933,-0.31603462,9.703699,0.0036651916,0.02076942,0.010995574,TONIC,cadf7123329b
1775672313367,3184046565861,0.6560113,-0.39983168,9.631873,-0.004886922,0.062308256,0.008552114,TONIC,cadf7123329b
1775672313396,3184066615910,0.45729253,-0.35434186,9.643845,0.012217305,0.087964594,0.0036651916,TONIC,cadf7123329b
1775672313406,3184086604923,0.2777274,-0.19871874,9.665392,0.028099801,0.062308256,0.002443461,TONIC,cadf7123329b
1775672313428,3184106654972,0.33997664,-0.050278235,9.6845455,0.0012217305,0.012217305,0.0012217305,TONIC,cadf7123329b
1775672313444,3184126705021,0.45489833,-0.32561144,9.624691,-0.04886922,-0.035430185,0.0036651916,TONIC,cadf7123329b
1775672313465,3184146724552,0.5482722,-0.3184288,9.627085,-0.0720821,-0.059864793,0.0012217305,TONIC,cadf7123329b
1775672313494,3184166744083,0.6727707,-0.38307226,9.627085,-0.08307768,-0.06963864,0.0012217305,TONIC,cadf7123329b
1775672313510,3184186763615,0.7158663,-0.34237084,9.595961,-0.0842994,-0.047647487,0.004886922,TONIC,cadf7123329b
1775672313526,3184206813664,0.5770026,-0.31364042,9.617508,-0.095294975,-0.008552114,0.010995574,TONIC,cadf7123329b
1775672313544,3184226833195,0.49559975,-0.31603462,9.651027,-0.12095132,0.007330383,0.012217305,TONIC,cadf7123329b
1775672313566,3184246852726,0.58418524,-0.58657944,9.720459,-0.14049901,0.002443461,0.014660766,TONIC,cadf7123329b
1775672313585,3184266872257,0.58657944,-0.7565677,9.562442,-0.119729586,-0.0036651916,0.010995574,TONIC,cadf7123329b
1775672313605,3184286922306,0.6512229,-0.9935937,9.7084875,-0.043982297,-0.004886922,0.002443461,TONIC,cadf7123329b
1775672313632,3184306941837,0.60812724,-0.6560113,9.5385,0.07086037,-0.0012217305,-0.004886922,TONIC,cadf7123329b
1775672313644,3184326961369,0.581791,-0.36152446,9.610326,0.14049901,-0.010995574,-0.004886922,TONIC,cadf7123329b
1775672313664,3184347011417,0.6440403,-0.19871874,9.564836,0.11484267,-0.014660766,-0.0061086523,TONIC,cadf7123329b
1775672313693,3184367030949,0.61530983,-0.2681506,9.667787,0.05009095,-0.0012217305,-0.002443461,TONIC,cadf7123329b
1775672313711,3184387050480,0.5650316,-0.25139117,9.595961,0.0061086523,0.017104227,0.0012217305,TONIC,cadf7123329b
1775672313724,3184407070011,0.48123455,-0.34955344,9.615114,-0.034208454,0.02443461,0.002443461,TONIC,cadf7123329b
1775672313747,3184427089542,0.5315128,-0.5291186,9.65821,-0.043982297,0.008552114,0.0036651916,TONIC,cadf7123329b
1775672313765,3184447170109,0.5363012,-0.49081135,9.696517,-0.034208454,-0.002443461,0.0012217305,TONIC,cadf7123329b
1775672313799,3184467189640,0.60094464,-0.62728083,9.586384,-0.009773844,-0.010995574,0.0,TONIC,cadf7123329b
1775672313808,3184487239689,0.5770026,-0.5793968,9.679757,0.028099801,-0.0061086523,-0.002443461,TONIC,cadf7123329b
1775672313826,3184507259220,0.5793968,-0.2777274,9.639056,0.04886922,0.0012217305,-0.0061086523,TONIC,cadf7123329b
1775672313849,3184527309269,0.59136784,-0.45729253,9.600749,0.018325957,0.0012217305,-0.0061086523,TONIC,cadf7123329b
1775672313867,3184547328800,0.5530606,-0.59855044,9.725247,0.015882496,-0.0036651916,-0.004886922,TONIC,cadf7123329b
1775672313901,3184567348332,0.58897364,-0.4165911,9.619903,0.056199603,-0.010995574,-0.0036651916,TONIC,cadf7123329b
1775672313909,3184587367863,0.7062895,-0.23942018,9.64145,0.062308256,0.0,0.0,TONIC,cadf7123329b
1775672313931,3184607417912,0.5650316,-0.29927522,9.631873,0.029321533,0.02565634,0.002443461,TONIC,cadf7123329b
1775672313944,3184627467960,0.49320555,-0.22505496,9.713276,-0.007330383,0.028099801,0.004886922,TONIC,cadf7123329b
1775672313965,3184647518009,0.5554548,-0.4213795,9.651027,-0.039095376,0.009773844,0.0036651916,TONIC,cadf7123329b
1775672313993,3184667537541,0.60573304,-0.44771573,9.65821,-0.047647487,0.0061086523,0.0036651916,TONIC,cadf7123329b
1775672314009,3184687587589,0.5530606,-0.4357447,9.588778,-0.032986723,0.017104227,0.0012217305,TONIC,cadf7123329b
1775672314026,3184707607121,0.557849,-0.46447513,9.7084875,-0.007330383,0.019547688,0.0,TONIC,cadf7123329b
1775672314045,3184727657169,0.5410896,-0.5554548,9.600749,0.019547688,0.0,-0.0012217305,TONIC,cadf7123329b
1775672314066,3184747707218,0.5770026,-0.45968673,9.694122,0.064751714,-0.010995574,-0.002443461,TONIC,cadf7123329b
1775672314101,3184767757267,0.545878,-0.12928689,9.588778,0.0842994,-0.010995574,-0.0036651916,TONIC,cadf7123329b
1775672314108,3184787807316,0.56982,-0.21787235,9.631873,0.04520403,-0.014660766,0.0012217305,TONIC,cadf7123329b
1775672314132,3184807857365,0.5674258,-0.37349546,9.677363,0.008552114,-0.009773844,0.0036651916,TONIC,cadf7123329b
1775672314145,3184827907414,0.61291564,-0.36870706,9.646238,0.0061086523,0.0,0.002443461,TONIC,cadf7123329b
1775672314166,3184847987980,0.5291186,-0.33279404,9.648633,0.008552114,0.009773844,0.0012217305,TONIC,cadf7123329b
1775672314193,3184868007511,0.62967503,-0.3184288,9.610326,-0.009773844,0.015882496,0.0012217305,TONIC,cadf7123329b
1775672314211,3184888057560,0.58418524,-0.4141969,9.629479,-0.030543262,0.02565634,0.004886922,TONIC,cadf7123329b
1775672314226,3184908107609,0.5746084,-0.40701428,9.619903,-0.036651913,0.035430185,0.004886922,TONIC,cadf7123329b
1775672314247,3184928157658,0.48123455,-0.38307226,9.643845,-0.037873644,0.028099801,0.0012217305,TONIC,cadf7123329b
1775672314268,3184948207707,0.48362875,-0.4189853,9.56723,-0.042760566,-0.0036651916,0.0,TONIC,cadf7123329b
1775672314304,3184968257755,0.50038815,-0.39504328,9.636662,-0.043982297,-0.017104227,0.002443461,TONIC,cadf7123329b
1775672314309,3184988307804,0.5243302,-0.56982,9.662998,-0.02687807,-0.014660766,-0.002443461,TONIC,cadf7123329b
1775672314327,3185008388371,0.5793968,-0.3854665,9.639056,0.012217305,-0.028099801,-0.0012217305,TONIC,cadf7123329b
1775672314347,3185028499455,0.6895301,-0.48602295,9.593566,0.02565634,-0.036651913,0.002443461,TONIC,cadf7123329b
1775672314370,3185048549503,0.6991069,-0.51235914,9.6845455,0.035430185,-0.007330383,0.0012217305,TONIC,cadf7123329b
1775672314392,3185068630070,0.59615624,-0.46926352,9.67018,0.05131268,0.017104227,0.0,TONIC,cadf7123329b
1775672314411,3185088741154,0.56982,-0.37828386,9.548077,0.05497787,0.02687807,0.0012217305,TONIC,cadf7123329b
1775672314428,3185108791203,0.50996494,-0.25139117,9.655815,0.02443461,0.039095376,-0.0036651916,TONIC,cadf7123329b
1775672314449,3185128871769,0.4141969,-0.4213795,9.6845455,0.004886922,0.028099801,-0.008552114,TONIC,cadf7123329b
1775672314476,3185148982853,0.45010993,-0.48602295,9.564836,0.017104227,-0.02076942,-0.007330383,TONIC,cadf7123329b
1775672314500,3185169063419,0.58657944,-0.39025488,9.67018,0.037873644,-0.052534413,-0.004886922,TONIC,cadf7123329b
1775672314510,3185189143986,0.59855044,-0.23942018,9.65821,0.04153884,-0.037873644,-0.0036651916,TONIC,cadf7123329b
1775672314528,3185209194035,0.5554548,-0.21068975,9.655815,0.013439035,-0.014660766,0.0,TONIC,cadf7123329b
1775672314551,3185229244083,0.6368576,-0.22984336,9.624691,-0.02321288,-0.0061086523,0.0036651916,TONIC,cadf7123329b
1775672314581,3185249355167,0.5602432,-0.2777274,9.56723,-0.064751714,0.017104227,0.0036651916,TONIC,cadf7123329b
1775672314590,3185269405216,0.51235914,-0.34955344,9.660604,-0.081855945,0.02076942,0.004886922,TONIC,cadf7123329b
1775672314615,3185289455265,0.48602295,-0.7086837,9.758766,-0.073303826,0.0012217305,0.002443461,TONIC,cadf7123329b
1775672314626,3185309474796,0.47405192,-0.50278234,9.624691,0.0061086523,-0.03176499,-0.0012217305,TONIC,cadf7123329b
1775672314651,3185329494328,0.62249243,-0.2896984,9.588778,0.032986723,-0.042760566,0.002443461,TONIC,cadf7123329b
1775672314682,3185349544376,0.6727707,-0.46208093,9.586384,0.02565634,-0.032986723,0.0,TONIC,cadf7123329b
1775672314690,3185369563908,0.6584055,-0.45489833,9.698911,0.040317107,-0.029321533,-0.002443461,TONIC,cadf7123329b
1775672314718,3185389583439,0.7015011,-0.2657564,9.598354,0.05131268,-0.029321533,-0.0012217305,TONIC,cadf7123329b
1775672314727,3185409664005,0.6751649,-0.12928689,9.61272,0.019547688,-0.002443461,0.0012217305,TONIC,cadf7123329b
1775672314748,3185429683537,0.61770403,-0.31603462,9.64145,-0.032986723,0.030543262,0.0012217305,TONIC,cadf7123329b
1775672314776,3185449703068,0.5386954,-0.47405192,9.67018,-0.04886922,0.032986723,0.004886922,TONIC,cadf7123329b
1775672314792,3185469753117,0.47644615,-0.35673606,9.598354,-0.04153884,0.004886922,0.004886922,TONIC,cadf7123329b
1775672314809,3185489772648,0.5315128,-0.48362875,9.651027,-0.04642576,-0.013439035,0.0012217305,TONIC,cadf7123329b
1775672314833,3185509822697,0.5793968,-0.61770403,9.586384,-0.02076942,-0.015882496,0.0,TONIC,cadf7123329b
1775672314847,3185529842228,0.58657944,-0.38067806,9.667787,0.010995574,0.002443461,-0.002443461,TONIC,cadf7123329b
1775672314882,3185549861759,0.59615624,-0.29688102,9.7084875,-0.0012217305,0.007330383,-0.0036651916,TONIC,cadf7123329b
1775672314893,3185569911808,0.6799533,-0.48841715,9.713276,-0.015882496,-0.009773844,-0.004886922,TONIC,cadf7123329b
1775672314918,3185589961857,0.6631939,-0.49559975,9.605537,0.002443461,-0.017104227,-0.0036651916,TONIC,cadf7123329b
1775672314927,3185610011906,0.5410896,-0.34955344,9.696517,0.008552114,-0.004886922,-0.004886922,TONIC,cadf7123329b
1775672314947,3185630061955,0.5793968,-0.38067806,9.65821,0.009773844,-0.009773844,-0.0036651916,TONIC,cadf7123329b
1775672314976,3185650081486,0.62967503,-0.25378537,9.595961,-0.004886922,-0.02321288,0.0012217305,TONIC,cadf7123329b
1775672314992,3185670131535,0.6440403,-0.4357447,9.591172,-0.02321288,-0.010995574,0.0,TONIC,cadf7123329b
1775672315009,3185690151066,0.6536171,-0.5506664,9.696517,-0.02076942,0.0,0.0,TONIC,cadf7123329b
1775672315031,3185710231632,0.6488287,-0.3878607,9.56723,-0.0012217305,-0.014660766,0.002443461,TONIC,cadf7123329b
1775672315047,3185730251164,0.641646,-0.2657564,9.564836,-0.008552114,-0.009773844,0.002443461,TONIC,cadf7123329b
1775672315076,3185750301212,0.557849,-0.4261679,9.639056,-0.036651913,0.012217305,0.0,TONIC,cadf7123329b
1775672315098,3185770351261,0.5530606,-0.6847417,9.813833,-0.02443461,0.0036651916,-0.0012217305,TONIC,cadf7123329b
1775672315107,3185790401310,0.581791,-0.37110126,9.562442,0.02321288,-0.012217305,-0.0012217305,TONIC,cadf7123329b
1775672315134,3185810420841,0.60333884,-0.20111294,9.607931,0.002443461,-0.010995574,-0.0012217305,TONIC,cadf7123329b
1775672315148,3185830470890,0.62967503,-0.60094464,9.720459,-0.034208454,-0.007330383,-0.0012217305,TONIC,cadf7123329b
1775672315176,3185850490421,0.6344634,-0.5267244,9.636662,0.0,-0.007330383,0.0,TONIC,cadf7123329b
1775672315198,3185870540470,0.7302315,-0.2801216,9.727641,0.009773844,-0.004886922,0.0012217305,TONIC,cadf7123329b
1775672315209,3185890560001,0.62488663,-0.5267244,9.603143,0.0012217305,0.008552114,0.0012217305,TONIC,cadf7123329b
1775672315227,3185910610050,0.5770026,-0.4405331,9.730036,0.008552114,0.02321288,0.0,TONIC,cadf7123329b
1775672315248,3185930629582,0.6488287,-0.31364042,9.624691,0.010995574,0.0036651916,0.0,TONIC,cadf7123329b
1775672315283,3185950679630,0.5626374,-0.33279404,9.572019,-0.02321288,-0.0012217305,0.002443461,TONIC,cadf7123329b
1775672315292,3185970699162,0.7134721,-0.62967503,9.579201,-0.052534413,-0.0036651916,0.0012217305,TONIC,cadf7123329b
1775672315313,3185990718693,0.7182605,-0.7757214,9.727641,0.009773844,0.010995574,0.0012217305,TONIC,cadf7123329b
1775672315328,3186010738224,0.62488663,-0.3878607,9.495404,0.07819075,0.039095376,0.0,TONIC,cadf7123329b
1775672315350,3186030788273,0.545878,-0.4333505,9.694122,0.064751714,0.05009095,-0.0012217305,TONIC,cadf7123329b
1775672315377,3186050807804,0.51235914,-0.37828386,9.583989,0.061086524,0.03176499,0.0036651916,TONIC,cadf7123329b
1775672315390,3186070827335,0.5434838,-0.25857377,9.749189,0.032986723,0.0036651916,0.004886922,TONIC,cadf7123329b
1775672315410,3186090846867,0.5626374,-0.21308395,9.653421,0.004886922,-0.008552114,0.0012217305,TONIC,cadf7123329b
1775672315428,3186110866398,0.5770026,-0.2753332,9.591172,-0.039095376,-0.02321288,0.0,TONIC,cadf7123329b
1775672315448,3186130885929,0.60812724,-0.36631286,9.648633,-0.080634214,-0.04520403,-0.0012217305,TONIC,cadf7123329b
1775672315475,3186150905460,0.7254431,-0.5267244,9.591172,-0.08674286,-0.040317107,0.0,TONIC,cadf7123329b
1775672315492,3186170955509,0.6536171,-0.5243302,9.651027,-0.05497787,-0.010995574,0.0,TONIC,cadf7123329b
1775672315509,3186190975041,0.6991069,-0.6895301,9.572019,-0.019547688,-0.0036651916,-0.0012217305,TONIC,cadf7123329b
1775672315528,3186210994572,0.6967127,-0.45010993,9.634268,0.029321533,-0.017104227,0.002443461,TONIC,cadf7123329b
1775672315551,3186231014103,0.6584055,-0.21308395,9.569624,0.03176499,-0.009773844,0.0061086523,TONIC,cadf7123329b
1775672315576,3186251033634,0.60094464,-0.24420857,9.68694,-0.02321288,0.018325957,0.004886922,TONIC,cadf7123329b
1775672315592,3186271083683,0.58657944,-0.33758244,9.595961,-0.07574729,0.010995574,0.007330383,TONIC,cadf7123329b
1775672315608,3186291103214,0.60812724,-0.5554548,9.634268,-0.10873401,-0.021991149,0.010995574,TONIC,cadf7123329b
1775672315631,3186311153263,0.79726917,-0.79966336,9.598354,-0.080634214,-0.02076942,0.007330383,TONIC,cadf7123329b
1775672315649,3186331172794,0.7086837,-0.89303726,9.667787,-0.002443461,0.014660766,0.0036651916,TONIC,cadf7123329b
1775672315681,3186351222843,0.62488663,-0.60094464,9.665392,0.07086037,0.03176499,0.0012217305,TONIC,cadf7123329b
1775672315690,3186371242375,0.58897364,-0.40940848,9.660604,0.09162979,0.030543262,-0.0036651916,TONIC,cadf7123329b
1775672315708,3186391261906,0.5722142,-0.33279404,9.643845,0.057421334,0.017104227,-0.0061086523,TONIC,cadf7123329b
1775672315728,3186411281437,0.58897364,-0.28491,9.648633,0.009773844,0.0036651916,-0.0036651916,TONIC,cadf7123329b
1775672315749,3186431300968,0.6440403,-0.3878607,9.610326,-0.02443461,-0.0012217305,-0.004886922,TONIC,cadf7123329b
1775672315781,3186451351017,0.62009823,-0.5793968,9.636662,-0.02565634,0.008552114,-0.0036651916,TONIC,cadf7123329b
1775672315789,3186471370548,0.6679823,-0.37349546,9.605537,0.02321288,0.02565634,-0.0061086523,TONIC,cadf7123329b
1775672315814,3186491390080,0.5315128,-0.059855044,9.646238,0.009773844,0.03176499,-0.0012217305,TONIC,cadf7123329b
1775672315829,3186511470646,0.60094464,-0.4333505,9.653421,-0.07086037,0.02687807,-0.0012217305,TONIC,cadf7123329b
1775672315855,3186531581730,0.62488663,-0.7757214,9.679757,-0.08674286,0.019547688,0.004886922,TONIC,cadf7123329b
1775672315880,3186551601261,0.5793968,-0.8595184,9.607931,-0.030543262,0.013439035,0.004886922,TONIC,cadf7123329b
1775672315890,3186571681828,0.6464345,-0.6344634,9.643845,0.037873644,0.019547688,0.0012217305,TONIC,cadf7123329b
1775672315910,3186591731876,0.5650316,-0.47165772,9.696517,0.0720821,0.019547688,0.0,TONIC,cadf7123329b
1775672315929,3186611781925,0.5410896,-0.39264908,9.639056,0.06841691,0.010995574,0.0012217305,TONIC,cadf7123329b
1775672315951,3186631831974,0.59136784,-0.45489833,9.540894,0.043982297,0.002443461,0.0,TONIC,cadf7123329b
1775672315980,3186651882023,0.5674258,-0.5243302,9.722853,0.034208454,-0.0012217305,-0.002443461,TONIC,cadf7123329b
1775672315990,3186671932072,0.58897364,-0.10534488,9.555259,0.037873644,0.013439035,0.0,TONIC,cadf7123329b
1775672316013,3186692043156,0.58897364,-0.23942018,9.610326,-0.035430185,0.032986723,0.0012217305,TONIC,cadf7123329b
1775672316032,3186712123722,0.557849,-0.5554548,9.715671,-0.07819075,0.028099801,0.002443461,TONIC,cadf7123329b
1775672316064,3186732204289,0.59136784,-0.8882488,9.607931,-0.05375614,-0.0061086523,0.0036651916,TONIC,cadf7123329b
1775672316072,3186752284855,0.6560113,-0.6655881,9.627085,0.019547688,-0.004886922,0.0036651916,TONIC,cadf7123329b
1775672316095,3186772365421,0.49081135,-0.47165772,9.737218,0.057421334,0.019547688,-0.0012217305,TONIC,cadf7123329b
1775672316112,3186792445988,0.49799395,-0.3854665,9.67018,0.04886922,0.007330383,-0.002443461,TONIC,cadf7123329b
1775672316132,3186812526554,0.61052144,-0.24660277,9.651027,0.013439035,-0.028099801,-0.0012217305,TONIC,cadf7123329b
1775672316170,3186832607121,0.6895301,-0.3878607,9.564836,-0.021991149,-0.034208454,-0.0036651916,TONIC,cadf7123329b
1775672316181,3186852687687,0.6727707,-0.5243302,9.8042555,-0.017104227,-0.007330383,-0.0061086523,TONIC,cadf7123329b
1775672316193,3186872737736,0.581791,-0.15801731,9.555259,-0.004886922,0.012217305,-0.002443461,TONIC,cadf7123329b
1775672316212,3186892818302,0.58897364,-0.45968673,9.610326,-0.056199603,0.014660766,0.0,TONIC,cadf7123329b
1775672316235,3186912868351,0.6464345,-0.80924016,9.691729,-0.05009095,0.028099801,0.002443461,TONIC,cadf7123329b
1775672316253,3186932979435,0.5386954,-0.78529817,9.660604,0.012217305,0.030543262,0.0012217305,TONIC,cadf7123329b
1775672316284,3186953060001,0.5793968,-0.48602295,9.662998,0.061086524,0.012217305,0.0012217305,TONIC,cadf7123329b
1775672316294,3186973140568,0.5626374,-0.320823,9.61272,0.056199603,0.0012217305,0.0,TONIC,cadf7123329b
1775672316313,3186993221134,0.49081135,-0.30645782,9.720459,0.02321288,-0.0036651916,-0.002443461,TONIC,cadf7123329b
1775672316331,3187013271183,0.48841715,-0.35673606,9.698911,-0.004886922,-0.032986723,-0.0012217305,TONIC,cadf7123329b
1775672316359,3187033321232,0.6871359,-0.34715924,9.619903,-0.02321288,-0.057421334,-0.0012217305,TONIC,cadf7123329b
1775672316375,3187053340763,0.61291564,-0.5243302,9.433155,-0.02687807,-0.035430185,0.0,TONIC,cadf7123329b
1775672316392,3187073421330,0.60333884,-0.61530983,9.909601,0.014660766,0.0012217305,-0.0012217305,TONIC,cadf7123329b
1775672316414,3187093440861,0.5722142,-0.023942016,9.562442,0.02687807,0.012217305,0.002443461,TONIC,cadf7123329b
1775672316431,3187113490910,0.58897364,-0.5674258,9.531317,-0.057421334,0.007330383,0.004886922,TONIC,cadf7123329b
1775672316455,3187133540958,0.60094464,-0.7302315,9.674969,-0.081855945,0.02443461,0.007330383,TONIC,cadf7123329b
1775672316477,3187153560490,0.5315128,-0.7302315,9.667787,-0.040317107,0.02076942,0.004886922,TONIC,cadf7123329b
1775672316490,3187173580021,0.50278234,-0.51714754,9.65821,0.0061086523,-0.010995574,0.0036651916,TONIC,cadf7123329b
1775672316510,3187193599552,0.7278373,-0.5746084,9.588778,0.029321533,-0.030543262,0.002443461,TONIC,cadf7123329b
1775672316531,3187213619083,0.7398083,-0.40701428,9.540894,0.04153884,0.015882496,0.0036651916,TONIC,cadf7123329b
1775672316560,3187233638615,0.557849,-0.19632454,9.725247,0.008552114,0.073303826,-0.0012217305,TONIC,cadf7123329b
1775672316571,3187253658146,0.47405192,-0.30166942,9.672575,-0.05131268,0.04886922,0.0012217305,TONIC,cadf7123329b
1775672316593,3187273708195,0.50996494,-0.5674258,9.586384,-0.09040806,-0.0012217305,0.008552114,TONIC,cadf7123329b
1775672316611,3187293758244,0.51475334,-0.60094464,9.610326,-0.095294975,0.002443461,0.008552114,TONIC,cadf7123329b
1775672316631,3187313808292,0.4309563,-0.81642276,9.672575,-0.059864793,0.008552114,0.0012217305,TONIC,cadf7123329b
1775672316662,3187333858341,0.49559975,-0.6703765,9.545682,0.009773844,-0.035430185,0.0,TONIC,cadf7123329b
1775672316673,3187353877873,0.79008657,-0.7278373,9.662998,0.062308256,-0.059864793,-0.002443461,TONIC,cadf7123329b
1775672316701,3187373958439,0.7278373,-0.30645782,9.65821,0.0842994,-0.009773844,-0.007330383,TONIC,cadf7123329b
1775672316713,3187393977970,0.56982,-0.31124622,9.607931,0.030543262,0.03176499,-0.007330383,TONIC,cadf7123329b
1775672316741,3187413997501,0.59376204,-0.62488663,9.617508,-0.021991149,0.021991149,-0.002443461,TONIC,cadf7123329b
1775672316754,3187434047550,0.5315128,-0.6679823,9.648633,-0.015882496,0.02687807,-0.004886922,TONIC,cadf7123329b
1775672316780,3187454067082,0.4285621,-0.5434838,9.634268,0.009773844,0.02321288,-0.007330383,TONIC,cadf7123329b
1775672316791,3187474086613,0.521936,-0.63206923,9.581595,0.037873644,-0.012217305,-0.0036651916,TONIC,cadf7123329b
1775672316811,3187494136662,0.60094464,-0.34237084,9.619903,0.05375614,-0.02443461,-0.0036651916,TONIC,cadf7123329b
1775672316832,3187514156193,0.58897364,-0.38067806,9.646238,0.030543262,-0.013439035,-0.004886922,TONIC,cadf7123329b
1775672316863,3187534175724,0.62728083,-0.5506664,9.595961,0.013439035,-0.028099801,-0.0012217305,TONIC,cadf7123329b
1775672316871,3187554225773,0.7541735,-0.61052144,9.734824,0.029321533,-0.02076942,0.0,TONIC,cadf7123329b
1775672316903,3187574275822,0.6560113,-0.0047884034,9.488221,0.032986723,0.042760566,-0.0012217305,TONIC,cadf7123329b
1775672316911,3187594295353,0.46208093,-0.1436521,9.512163,-0.105068825,0.07819075,0.0012217305,TONIC,cadf7123329b
1775672316932,3187614314884,0.46686932,-0.37110126,9.655815,-0.21135938,0.029321533,0.0036651916,TONIC,cadf7123329b
1775672316965,3187634334416,0.5530606,-0.7015011,9.6845455,-0.22235495,-0.021991149,0.0036651916,TONIC,cadf7123329b
1775672316972,3187654414982,0.50517654,-0.81163436,9.564836,-0.14660765,-0.032986723,0.002443461,TONIC,cadf7123329b
1775672317001,3187674434513,0.45250413,-0.6991069,9.67018,-0.08552113,-0.029321533,-0.010995574,TONIC,cadf7123329b
1775672317014,3187694454044,0.40222588,-0.9648633,9.720459,-0.05009095,-0.0720821,-0.02443461,TONIC,cadf7123329b
1775672317042,3187714473576,0.51475334,-0.78529817,9.739613,0.013439035,-0.14782938,-0.030543262,TONIC,cadf7123329b
1775672317060,3187734523625,0.8619126,-0.6799533,9.55047,0.040317107,-0.16371189,-0.030543262,TONIC,cadf7123329b
1775672317078,3187754543156,0.90979666,-0.6560113,9.548077,0.02076942,-0.09040806,-0.030543262,TONIC,cadf7123329b
1775672317094,3187774593205,0.78769237,-0.7661445,9.512163,0.021991149,-0.032986723,-0.02565634,TONIC,cadf7123329b
1775672317111,3187794643253,0.78769237,-0.56982,9.61272,0.037873644,-0.034208454,-0.013439035,TONIC,cadf7123329b
1775672317133,3187814662785,0.7565677,-0.5386954,9.619903,0.04642576,-0.029321533,0.0,TONIC,cadf7123329b
1775672317165,3187834712833,0.6584055,-0.7326257,9.607931,0.06963864,0.0,0.010995574,TONIC,cadf7123329b
1775672317177,3187854732365,0.7038953,-1.0151415,9.512163,0.1685988,0.013439035,0.017104227,TONIC,cadf7123329b
1775672317198,3187874782414,0.6679823,-0.51714754,9.8042555,0.21135938,0.02076942,0.017104227,TONIC,cadf7123329b
1775672317212,3187894832462,0.6655881,0.24181437,9.653421,0.19425514,0.03176499,0.012217305,TONIC,cadf7123329b
1775672317232,3187914851994,0.45489833,-0.23223756,9.495404,0.035430185,0.012217305,0.0061086523,TONIC,cadf7123329b
1775672317262,3187934871525,0.533907,-0.6584055,9.660604,-0.02687807,-0.059864793,0.0061086523,TONIC,cadf7123329b
1775672317272,3187954921574,0.7206547,-0.6440403,9.603143,-0.0036651916,-0.10629055,0.004886922,TONIC,cadf7123329b
1775672317298,3187974941105,0.8283938,-0.50996494,9.574412,0.02565634,-0.06963864,0.0,TONIC,cadf7123329b
1775672317312,3187994960636,0.8643068,-0.51714754,9.526528,0.037873644,-0.009773844,-0.0012217305,TONIC,cadf7123329b
1775672317333,3188015010685,0.770933,-0.4429273,9.713276,0.02565634,0.021991149,-0.004886922,TONIC,cadf7123329b
1775672317359,3188035030216,0.6488287,-0.45489833,9.67018,0.007330383,0.02076942,-0.008552114,TONIC,cadf7123329b
1775672317374,3188055080265,0.61530983,-0.6464345,9.569624,-0.0012217305,-0.004886922,-0.0012217305,TONIC,cadf7123329b
1775672317396,3188075099796,0.79726917,-0.7350199,9.55047,0.0061086523,-0.034208454,0.004886922,TONIC,cadf7123329b
1775672317412,3188095119328,0.80684596,-0.7637503,9.744401,0.06963864,-0.021991149,0.009773844,TONIC,cadf7123329b
1775672317441,3188115169376,0.8523358,-0.05746084,9.461885,0.095294975,0.007330383,0.013439035,TONIC,cadf7123329b
1775672317461,3188135188908,0.770933,-0.21547815,9.660604,0.052534413,0.014660766,0.015882496,TONIC,cadf7123329b
1775672317472,3188155238957,0.7541735,-0.34237084,9.691729,-0.002443461,-0.0012217305,0.014660766,TONIC,cadf7123329b
1775672317496,3188175319523,0.5722142,-0.2657564,9.5385,-0.043982297,-0.015882496,0.013439035,TONIC,cadf7123329b
1775672317512,3188195339054,0.51235914,-0.34476504,9.7563715,-0.06963864,-0.039095376,0.009773844,TONIC,cadf7123329b
1775672317542,3188215389103,0.5626374,-0.5386954,9.718064,-0.06841691,-0.09407325,0.0036651916,TONIC,cadf7123329b
1775672317558,3188235439152,0.79966336,-0.9911995,9.579201,-0.030543262,-0.15515977,0.0,TONIC,cadf7123329b
1775672317577,3188255519718,0.93613285,-0.8762778,9.634268,0.07452556,-0.14294247,-0.009773844,TONIC,cadf7123329b
1775672317594,3188275569767,0.93613285,-0.50757074,9.459491,0.16126843,-0.096516706,-0.013439035,TONIC,cadf7123329b
1775672317614,3188295589298,0.9911995,-0.45250413,9.591172,0.1685988,-0.062308256,-0.008552114,TONIC,cadf7123329b
1775672317643,3188315669865,1.0271125,-0.272939,9.473856,0.15271631,-0.017104227,0.0012217305,TONIC,cadf7123329b
1775672317663,3188335689396,1.0079589,-0.045489833,9.569624,0.111177474,0.052534413,0.0036651916,TONIC,cadf7123329b
1775672317674,3188355739445,0.7038953,0.038307227,9.651027,0.028099801,0.089186326,0.004886922,TONIC,cadf7123329b
1775672317693,3188375789494,0.6943185,-0.4165911,9.6845455,-0.039095376,0.02687807,0.008552114,TONIC,cadf7123329b
1775672317714,3188395839542,0.866701,-0.5506664,9.572019,-0.018325957,-0.037873644,0.010995574,TONIC,cadf7123329b
1775672317738,3188415889591,0.8738836,-0.40940848,9.586384,0.021991149,-0.017104227,0.0061086523,TONIC,cadf7123329b
1775672317757,3188435939640,0.78290397,-0.4189853,9.595961,0.034208454,0.004886922,0.002443461,TONIC,cadf7123329b
1775672317777,3188455959171,0.89303726,-0.40222588,9.646238,0.035430185,-0.03176499,0.0012217305,TONIC,cadf7123329b
1775672317794,3188476009220,0.9720459,-0.29209262,9.603143,0.030543262,-0.028099801,0.0,TONIC,cadf7123329b
1775672317815,3188496089787,0.8571242,-0.30166942,9.646238,0.0061086523,0.021991149,-0.0061086523,TONIC,cadf7123329b
1775672317857,3188516139835,0.7422025,-0.25139117,9.677363,-0.02687807,0.039095376,-0.010995574,TONIC,cadf7123329b
1775672317859,3188536220402,0.7613561,-0.18914193,9.507375,-0.030543262,0.02076942,-0.007330383,TONIC,cadf7123329b
1775672317880,3188556331486,0.90261406,-0.20111294,9.660604,-0.05497787,0.015882496,-0.0012217305,TONIC,cadf7123329b
1775672317895,3188576381535,0.8762778,-0.31603462,9.634268,-0.06963864,0.02565634,0.0012217305,TONIC,cadf7123329b
1775672317924,3188596462101,0.81881696,-0.39983168,9.629479,-0.06963864,0.0061086523,0.002443461,TONIC,cadf7123329b
1775672317941,3188616512150,0.8714894,-0.37110126,9.706094,-0.06352998,-0.02443461,0.007330383,TONIC,cadf7123329b
1775672317964,3188636592716,0.8499416,-0.51475334,9.507375,-0.07819075,-0.02687807,0.009773844,TONIC,cadf7123329b
1775672317978,3188656673283,0.92416185,-0.60333884,9.631873,-0.089186326,-0.015882496,0.008552114,TONIC,cadf7123329b
1775672317996,3188676753849,0.8643068,-0.62728083,9.643845,-0.07452556,0.002443461,0.009773844,TONIC,cadf7123329b
1775672318035,3188696803898,0.81642276,-0.49081135,9.665392,-0.05009095,0.014660766,0.0061086523,TONIC,cadf7123329b
1775672318037,3188716884464,0.7661445,-0.45968673,9.576807,-0.007330383,0.014660766,0.0036651916,TONIC,cadf7123329b
1775672318058,3188736903996,0.7230489,-0.48602295,9.667787,0.013439035,-0.002443461,-0.0012217305,TONIC,cadf7123329b
1775672318082,3188756954044,0.7398083,-0.4333505,9.586384,0.04642576,-0.030543262,0.0012217305,TONIC,cadf7123329b
1775672318095,3188776973576,0.79008657,-0.2633622,9.583989,0.037873644,-0.04886922,0.0036651916,TONIC,cadf7123329b
1775672318122,3188796993107,0.8882488,-0.39983168,9.586384,0.009773844,-0.04520403,0.004886922,TONIC,cadf7123329b
1775672318142,3188817012638,0.90021986,-0.19871874,9.64145,-0.032986723,-0.04153884,0.0061086523,TONIC,cadf7123329b
1775672318164,3188837032169,0.91219085,-0.49559975,9.603143,-0.09773844,-0.040317107,0.0061086523,TONIC,cadf7123329b
1775672318174,3188857051701,0.8834604,-0.7757214,9.593566,-0.057421334,-0.05375614,0.012217305,TONIC,cadf7123329b
1775672318194,3188877040714,0.8283938,-0.6847417,9.662998,0.02076942,-0.07086037,0.013439035,TONIC,cadf7123329b
1775672318222,3188897090763,0.9624691,-0.5482722,9.497798,0.07574729,-0.080634214,0.012217305,TONIC,cadf7123329b
1775672318242,3188917110294,1.0055647,-0.33518824,9.629479,0.06352998,-0.06963864,0.007330383,TONIC,cadf7123329b
1775672318257,3188937129826,1.0247183,-0.34715924,9.572019,0.021991149,-0.04520403,0.002443461,TONIC,cadf7123329b
1775672318275,3188957149357,1.103727,-0.272939,9.524135,-0.040317107,-0.018325957,0.002443461,TONIC,cadf7123329b
1775672318298,3188977199406,1.1252748,-0.46926352,9.483433,-0.112399206,0.035430185,0.0,TONIC,cadf7123329b
1775672318315,3188997218937,0.7757214,-0.63206923,9.653421,-0.13439035,0.07696902,-0.002443461,TONIC,cadf7123329b
1775672318339,3189017207951,0.7445967,-0.6655881,9.667787,-0.09162979,0.040317107,0.002443461,TONIC,cadf7123329b
1775672318358,3189037258000,0.89064306,-0.49320555,9.653421,-0.04886922,-0.013439035,0.008552114,TONIC,cadf7123329b
1775672318382,3189057247013,0.90740246,-0.4141969,9.61272,-0.047647487,-0.010995574,0.007330383,TONIC,cadf7123329b
1775672318395,3189077297062,0.89303726,-0.7182605,9.636662,-0.042760566,-0.010995574,0.008552114,TONIC,cadf7123329b
1775672318415,3189097316593,0.9672575,-0.51714754,9.627085,-0.019547688,-0.040317107,0.007330383,TONIC,cadf7123329b
1775672318459,3189117336125,1.0414777,-0.5626374,9.581595,-0.021991149,-0.04886922,0.0061086523,TONIC,cadf7123329b
1775672318462,3189137325138,0.94810385,-0.45968673,9.579201,-0.029321533,-0.014660766,0.004886922,TONIC,cadf7123329b
1775672318475,3189157375187,0.89303726,-0.557849,9.655815,-0.040317107,-0.0061086523,0.0061086523,TONIC,cadf7123329b
1775672318501,3189177394718,0.91697925,-0.60573304,9.540894,-0.05497787,-0.02443461,0.008552114,TONIC,cadf7123329b
1775672318515,3189197414250,0.9983821,-0.51475334,9.653421,-0.089186326,-0.0061086523,0.008552114,TONIC,cadf7123329b
1775672318541,3189217403263,1.0175357,-0.6919243,9.715671,-0.12339478,0.009773844,0.009773844,TONIC,cadf7123329b
1775672318564,3189237453312,0.9528923,-0.8499416,9.598354,-0.09896017,-0.008552114,0.014660766,TONIC,cadf7123329b
1775672318575,3189257472843,0.9768343,-0.7254431,9.646238,-0.040317107,-0.002443461,0.012217305,TONIC,cadf7123329b
1775672318623,3189277522892,0.9528923,-0.5746084,9.576807,-0.009773844,0.02321288,0.013439035,TONIC,cadf7123329b
1775672318625,3189297542423,0.9576807,-0.7158663,9.562442,-0.0036651916,0.013439035,0.015882496,TONIC,cadf7123329b
1775672318683,3189317622990,1.0199299,-0.7733272,9.55047,0.02321288,0.009773844,0.019547688,TONIC,cadf7123329b
1775672318686,3189337673039,0.93373865,-0.6344634,9.631873,0.032986723,0.032986723,0.018325957,TONIC,cadf7123329b
1775672318688,3189357692570,0.9672575,-0.51954174,9.545682,0.02076942,0.05497787,0.018325957,TONIC,cadf7123329b
1775672318710,3189377712101,0.80684596,-0.51235914,9.545682,-0.040317107,0.05009095,0.014660766,TONIC,cadf7123329b
1775672318716,3189397731632,0.7086837,-0.5291186,9.797073,-0.11728613,0.02076942,0.007330383,TONIC,cadf7123329b
1775672318737,3189417781681,0.7374141,-0.8283938,9.662998,-0.119729586,-0.039095376,0.010995574,TONIC,cadf7123329b
1775672318766,3189437831730,1.0103531,-0.81402856,9.583989,-0.08552113,-0.09040806,0.010995574,TONIC,cadf7123329b
1775672318780,3189457881779,1.0486604,-1.0630256,9.442732,-0.029321533,-0.07696902,0.007330383,TONIC,cadf7123329b
1775672318795,3189477901310,1.1252748,-0.7015011,9.572019,0.037873644,-0.02565634,0.0012217305,TONIC,cadf7123329b
1775672318823,3189497920841,1.0247183,-0.50038815,9.624691,0.017104227,0.0036651916,0.0,TONIC,cadf7123329b
1775672318843,3189517970890,1.0127473,-0.7374141,9.634268,-0.04886922,0.007330383,0.0036651916,TONIC,cadf7123329b
1775672318859,3189537990421,0.8690952,-0.5506664,9.574412,-0.07696902,0.018325957,0.0061086523,TONIC,cadf7123329b
1775672318876,3189558040470,0.89782566,-0.94570965,9.682152,-0.103847094,0.009773844,0.0061086523,TONIC,cadf7123329b
1775672318895,3189578090519,0.93852705,-0.94810385,9.667787,-0.057421334,-0.028099801,0.0036651916,TONIC,cadf7123329b
1775672318923,3189598110050,1.0582372,-0.81642276,9.591172,0.0036651916,-0.04886922,-0.0012217305,TONIC,cadf7123329b
1775672318942,3189618190617,1.0151415,-0.79487497,9.526528,0.018325957,-0.028099801,-0.0061086523,TONIC,cadf7123329b
1775672318958,3189638210148,0.9648633,-0.7541735,9.660604,0.014660766,-0.008552114,-0.008552114,TONIC,cadf7123329b
1775672318988,3189658260197,1.0007763,-0.79726917,9.603143,-0.014660766,-0.009773844,-0.0036651916,TONIC,cadf7123329b
1775672318997,3189678279728,1.0414777,-0.80205756,9.512163,-0.029321533,0.0061086523,0.002443461,TONIC,cadf7123329b
1775672319030,3189698329777,0.90979666,-1.0773908,9.581595,-0.017104227,0.032986723,0.0061086523,TONIC,cadf7123329b
1775672319039,3189718379826,0.82121116,-0.7493851,9.742006,0.042760566,0.008552114,0.002443461,TONIC,cadf7123329b
1775672319061,3189738399357,0.9576807,-0.581791,9.562442,0.047647487,-0.043982297,0.0061086523,TONIC,cadf7123329b
1775672319076,3189758449406,0.9959879,-0.7398083,9.595961,0.035430185,-0.05375614,0.0061086523,TONIC,cadf7123329b
1775672319095,3189778468937,1.0486604,-0.78769237,9.545682,0.05497787,-0.037873644,0.0061086523,TONIC,cadf7123329b
1775672319128,3189798488468,1.0199299,-0.7685388,9.49301,0.073303826,-0.02687807,0.007330383,TONIC,cadf7123329b
1775672319135,3189818538517,1.0319009,-0.6512229,9.528923,0.058643065,-0.015882496,0.0036651916,TONIC,cadf7123329b
1775672319158,3189838558048,1.0390835,-0.62009823,9.65821,0.004886922,-0.010995574,0.0012217305,TONIC,cadf7123329b
1775672319176,3189858638615,0.9768343,-0.6943185,9.648633,-0.037873644,-0.02076942,0.007330383,TONIC,cadf7123329b
1775672319198,3189878688664,1.0821792,-0.7661445,9.52174,-0.059864793,-0.034208454,0.012217305,TONIC,cadf7123329b
1775672319224,3189898708195,1.0582372,-0.90261406,9.605537,-0.06841691,-0.035430185,0.014660766,TONIC,cadf7123329b
1775672319241,3189918727726,1.0702082,-1.0199299,9.660604,-0.02565634,-0.04153884,0.015882496,TONIC,cadf7123329b
1775672319258,3189938747257,1.0606314,-1.0390835,9.581595,0.032986723,-0.065973446,0.017104227,TONIC,cadf7123329b
1775672319280,3189958827824,1.0175357,-0.7302315,9.526528,0.1282817,-0.06719518,0.009773844,TONIC,cadf7123329b
1775672319297,3189978877873,1.0462662,-0.51954174,9.533711,0.1441642,-0.061086524,0.008552114,TONIC,cadf7123329b
1775672319324,3189998927921,1.0247183,-0.51714754,9.593566,0.10873401,-0.056199603,0.007330383,TONIC,cadf7123329b
1775672319341,3190018947453,1.0534488,-0.5434838,9.526528,0.06719518,-0.064751714,0.0061086523,TONIC,cadf7123329b
1775672319357,3190038997501,1.1851299,-0.7637503,9.643845,0.037873644,-0.07086037,0.0061086523,TONIC,cadf7123329b
1775672319378,3190059078068,1.1779473,-0.6655881,9.495404,0.05375614,-0.06841691,0.0036651916,TONIC,cadf7123329b
1775672319397,3190079158634,1.1851299,-0.6440403,9.569624,0.06352998,-0.057421334,0.0036651916,TONIC,cadf7123329b
1775672319424,3190099239201,1.1923125,-0.7350199,9.607931,0.0720821,-0.04642576,0.004886922,TONIC,cadf7123329b
1775672319441,3190119289250,1.1133038,-0.7661445,9.564836,0.095294975,-0.04642576,0.007330383,TONIC,cadf7123329b
1775672319458,3190139369816,1.1180922,-0.47644615,9.560047,0.09407325,-0.058643065,0.008552114,TONIC,cadf7123329b
1775672319478,3190159450382,1.1755531,-0.59615624,9.643845,0.052534413,-0.06719518,0.008552114,TONIC,cadf7123329b
1775672319500,3190179561466,1.1587936,-0.6584055,9.507375,0.061086524,-0.0720821,0.009773844,TONIC,cadf7123329b
1775672319528,3190199611515,1.2545617,-0.49081135,9.49301,0.065973446,-0.07086037,0.0061086523,TONIC,cadf7123329b
1775672319539,3190219722599,1.2785037,-0.6488287,9.481039,0.059864793,-0.058643065,0.004886922,TONIC,cadf7123329b
1775672319564,3190239772648,1.3359646,-0.51235914,9.617508,0.07819075,-0.013439035,-0.0036651916,TONIC,cadf7123329b
1775672319581,3190259822697,1.2066777,-0.39264908,9.536105,0.07452556,0.008552114,-0.009773844,TONIC,cadf7123329b
1775672319602,3190279872746,1.2114661,-0.46447513,9.572019,0.05009095,0.0012217305,-0.008552114,TONIC,cadf7123329b
1775672319626,3190299953312,1.1587936,-0.47165772,9.593566,0.036651913,0.0061086523,-0.010995574,TONIC,cadf7123329b
1775672319642,3190320064396,1.0965444,-0.39983168,9.634268,0.018325957,0.002443461,-0.010995574,TONIC,cadf7123329b
1775672319659,3190340144962,1.127669,-0.521936,9.603143,-0.002443461,-0.021991149,-0.008552114,TONIC,cadf7123329b
1775672319681,3190360225529,1.055843,-0.45729253,9.603143,0.007330383,-0.05131268,-0.009773844,TONIC,cadf7123329b
1775672319707,3190380306095,1.2378023,-0.47405192,9.617508,0.012217305,-0.08552113,-0.008552114,TONIC,cadf7123329b
1775672319724,3190400386662,1.2737153,-0.46208093,9.588778,0.02687807,-0.10873401,-0.004886922,TONIC,cadf7123329b
1775672319741,3190420436710,1.4077905,-0.45010993,9.504981,0.028099801,-0.111177474,0.002443461,TONIC,cadf7123329b
1775672319766,3190440456242,1.4413095,-0.37588966,9.622296,0.014660766,-0.0842994,0.008552114,TONIC,cadf7123329b
1775672319778,3190460536808,1.412579,-0.6895301,9.627085,0.0,-0.05131268,0.014660766,TONIC,cadf7123329b
1775672319798,3190480556339,1.3215994,-0.31124622,9.495404,0.0,-0.02687807,0.012217305,TONIC,cadf7123329b
1775672319829,3190500606388,1.352724,-0.5482722,9.485827,-0.037873644,-0.010995574,0.013439035,TONIC,cadf7123329b
1775672319839,3190520656437,1.2785037,-0.6775591,9.497798,-0.017104227,0.009773844,0.009773844,TONIC,cadf7123329b
1775672319861,3190540675968,1.2952632,-0.50278234,9.631873,0.02565634,0.021991149,0.0012217305,TONIC,cadf7123329b
1775672319878,3190560695500,1.3120226,-0.39025488,9.639056,0.028099801,0.02076942,-0.0036651916,TONIC,cadf7123329b
1775672319900,3190580715031,1.3910311,-0.29448682,9.576807,0.02565634,0.014660766,-0.0036651916,TONIC,cadf7123329b
1775672319930,3190600734562,1.3934253,-0.37349546,9.526528,-0.018325957,-0.0012217305,-0.002443461,TONIC,cadf7123329b
1775672319937,3190620754093,1.4030021,-0.6967127,9.593566,-0.05009095,0.014660766,0.0061086523,TONIC,cadf7123329b
1775672319962,3190640773625,1.2808979,-0.60812724,9.605537,-0.014660766,0.037873644,0.0061086523,TONIC,cadf7123329b
1775672319980,3190660793156,1.1971009,-0.51954174,9.718064,0.012217305,0.0036651916,0.008552114,TONIC,cadf7123329b
1775672319999,3190680782169,1.2258313,-0.5626374,9.631873,0.028099801,-0.043982297,0.009773844,TONIC,cadf7123329b
1775672320025,3190700832218,1.3024458,-0.5434838,9.653421,0.047647487,-0.081855945,0.010995574,TONIC,cadf7123329b
1775672320040,3190720882267,1.4030021,-0.7445967,9.543288,0.09040806,-0.10751228,0.015882496,TONIC,cadf7123329b
1775672320058,3190740901798,1.4269443,-0.5482722,9.545682,0.17592919,-0.10751228,0.007330383,TONIC,cadf7123329b
1775672320078,3190760921330,1.4173675,0.05267244,9.442732,0.19547687,-0.08674286,-0.004886922,TONIC,cadf7123329b
1775672320105,3190780971378,1.388637,-0.06703765,9.5385,0.1001819,-0.0720821,-0.009773844,TONIC,cadf7123329b
1775672320124,3190800990910,1.3718776,-0.18674773,9.629479,0.010995574,-0.052534413,-0.010995574,TONIC,cadf7123329b
1775672320141,3190821010441,1.3958195,-0.2777274,9.557653,-0.039095376,-0.04886922,-0.009773844,TONIC,cadf7123329b
1775672320158,3190840999455,1.5849615,-0.40940848,9.548077,-0.06963864,-0.04642576,-0.008552114,TONIC,cadf7123329b
1775672320178,3190861049503,1.5107412,-0.40462008,9.509769,-0.07086037,-0.021991149,-0.009773844,TONIC,cadf7123329b
1775672320200,3190881069035,1.532289,-0.61052144,9.603143,-0.05497787,0.0061086523,-0.0061086523,TONIC,cadf7123329b
1775672320225,3190901058048,1.3670892,-0.5410896,9.56723,-0.010995574,0.018325957,-0.0061086523,TONIC,cadf7123329b
1775672320243,3190921108097,1.3790601,-0.31603462,9.507375,0.007330383,-0.002443461,-0.007330383,TONIC,cadf7123329b
1775672320258,3190941127628,1.4030021,-0.4333505,9.631873,-0.02565634,-0.03176499,-0.002443461,TONIC,cadf7123329b
1775672320279,3190961147160,1.3910311,-0.4213795,9.562442,-0.028099801,-0.06352998,0.0,TONIC,cadf7123329b
1775672320299,3190981166691,1.6041151,-0.46926352,9.579201,-0.036651913,-0.081855945,0.002443461,TONIC,cadf7123329b
1775672320324,3191001186222,1.6160861,-0.4165911,9.425972,-0.05009095,-0.05009095,0.004886922,TONIC,cadf7123329b
1775672320341,3191021175236,1.4532804,-0.60812724,9.610326,-0.042760566,-0.028099801,0.004886922,TONIC,cadf7123329b
1775672320358,3191041225285,1.5658079,-0.5554548,9.615114,-0.007330383,-0.02565634,0.004886922,TONIC,cadf7123329b
1775672320378,3191061244816,1.6472107,-0.44532153,9.52174,0.018325957,0.009773844,0.002443461,TONIC,cadf7123329b
1775672320412,3191081264347,1.448492,-0.6464345,9.627085,0.018325957,0.052534413,0.0012217305,TONIC,cadf7123329b
1775672320418,3191101283878,1.3790601,-0.51954174,9.65821,0.04886922,0.02321288,0.0012217305,TONIC,cadf7123329b
1775672320440,3191121303410,1.508347,-0.33279404,9.502586,0.061086524,-0.019547688,0.0,TONIC,cadf7123329b
1775672320459,3191141322941,1.5610195,-0.49081135,9.646238,0.052534413,-0.029321533,0.002443461,TONIC,cadf7123329b
1775672320478,3191161372990,1.5227122,-0.41180268,9.526528,0.08552113,-0.02565634,0.0012217305,TONIC,cadf7123329b
1775672320507,3191181392521,1.553837,-0.25617957,9.512163,0.095294975,-0.034208454,0.004886922,TONIC,cadf7123329b
1775672320524,3191201442570,1.5610195,-0.2801216,9.55047,0.05497787,-0.019547688,0.010995574,TONIC,cadf7123329b
1775672320540,3191221462101,1.5490485,-0.35434186,9.509769,0.007330383,0.0,0.012217305,TONIC,cadf7123329b
1775672320559,3191241481632,1.5298948,-0.40222588,9.615114,-0.012217305,-0.002443461,0.014660766,TONIC,cadf7123329b
1775672320579,3191261501164,1.4987702,-0.4309563,9.528923,0.010995574,-0.013439035,0.008552114,TONIC,cadf7123329b
1775672320612,3191281490177,1.4820108,-0.3878607,9.581595,0.02565634,-0.014660766,0.0012217305,TONIC,cadf7123329b
1775672320621,3191301540226,1.4820108,-0.33039984,9.533711,0.028099801,-0.019547688,-0.002443461,TONIC,cadf7123329b
1775672320646,3191321559757,1.5897499,-0.32321724,9.615114,0.018325957,-0.034208454,-0.002443461,TONIC,cadf7123329b
1775672320658,3191341579289,1.5131354,-0.30645782,9.507375,0.017104227,-0.040317107,-0.0036651916,TONIC,cadf7123329b
1775672320679,3191361629337,1.6041151,-0.35194764,9.545682,0.014660766,-0.039095376,0.0012217305,TONIC,cadf7123329b
1775672320719,3191381648869,1.6304513,-0.14604631,9.466674,0.004886922,-0.017104227,-0.0012217305,TONIC,cadf7123329b
1775672320731,3191401698917,1.4748282,-0.32800564,9.5385,-0.06352998,0.019547688,0.0012217305,TONIC,cadf7123329b
1775672320748,3191421748966,1.4413095,-0.5291186,9.6845455,-0.09040806,0.013439035,0.004886922,TONIC,cadf7123329b
1775672320767,3191441768498,1.5251064,-0.56982,9.516952,-0.07574729,-0.02321288,0.009773844,TONIC,cadf7123329b
1775672320782,3191461849064,1.5873557,-0.61291564,9.478644,-0.03176499,-0.032986723,0.012217305,TONIC,cadf7123329b
1775672320803,3191481868595,1.5753847,-0.4405331,9.481039,0.02076942,-0.021991149,0.008552114,TONIC,cadf7123329b
1775672320834,3191501888126,1.6136919,-0.3184288,9.41879,0.029321533,-0.014660766,0.008552114,TONIC,cadf7123329b
1775672320840,3191521938175,1.5562311,-0.33039984,9.495404,-0.004886922,0.0036651916,0.009773844,TONIC,cadf7123329b
1775672320859,3191542018742,1.5825673,-0.4309563,9.622296,-0.034208454,0.0061086523,0.010995574,TONIC,cadf7123329b
1775672320880,3191562007755,1.5753847,-0.4213795,9.536105,-0.036651913,0.004886922,0.014660766,TONIC,cadf7123329b
1775672320906,3191582057804,1.5705963,-0.39264908,9.526528,-0.035430185,0.015882496,0.015882496,TONIC,cadf7123329b
1775672320923,3191602077335,1.4556746,-0.61291564,9.440337,-0.030543262,0.013439035,0.02076942,TONIC,cadf7123329b
1775672320940,3191622127384,1.4700398,-0.44771573,9.598354,-0.0036651916,-0.0061086523,0.013439035,TONIC,cadf7123329b
1775672320962,3191642177433,1.6041151,-0.23942018,9.574412,-0.004886922,-0.02321288,0.010995574,TONIC,cadf7123329b
1775672320981,3191662227482,1.5825673,-0.36152446,9.591172,-0.04520403,-0.02321288,0.009773844,TONIC,cadf7123329b
1775672321007,3191682247013,1.508347,-0.521936,9.562442,-0.05375614,-0.03176499,0.008552114,TONIC,cadf7123329b
1775672321024,3191702297062,1.6519991,-0.48841715,9.548077,-0.021991149,-0.062308256,0.010995574,TONIC,cadf7123329b
1775672321041,3191722377628,1.7501614,-0.33279404,9.478644,-0.010995574,-0.06352998,0.010995574,TONIC,cadf7123329b
1775672321061,3191742427677,1.7118542,-0.4429273,9.49301,-0.042760566,-0.019547688,0.014660766,TONIC,cadf7123329b
1775672321090,3191762447208,1.757344,-0.48123455,9.485827,-0.0720821,0.009773844,0.02321288,TONIC,cadf7123329b
1775672321112,3191782497257,1.6472107,-0.62488663,9.457097,-0.09040806,0.035430185,0.028099801,TONIC,cadf7123329b
1775672321121,3191802608341,1.4939818,-0.7206547,9.588778,-0.073303826,0.05497787,0.02076942,TONIC,cadf7123329b
1775672321141,3191822658390,1.4532804,-0.7565677,9.552865,-0.035430185,0.02565634,0.012217305,TONIC,cadf7123329b
1775672321164,3191842708439,1.6783354,-0.6799533,9.579201,0.017104227,-0.009773844,0.014660766,TONIC,cadf7123329b
1775672321190,3191862789005,1.5969325,-0.47405192,9.428367,0.05131268,0.010995574,0.0061086523,TONIC,cadf7123329b
1775672321208,3191882869572,1.5945383,-0.33039984,9.564836,0.032986723,0.02687807,0.0012217305,TONIC,cadf7123329b
1775672321222,3191902919621,1.5275006,-0.33997664,9.536105,0.0,0.0061086523,0.0012217305,TONIC,cadf7123329b
1775672321243,3191923000187,1.4772224,-0.51235914,9.49301,-0.037873644,-0.008552114,0.0036651916,TONIC,cadf7123329b
1775672321267,3191943080753,1.5849615,-0.581791,9.583989,-0.05009095,-0.002443461,0.009773844,TONIC,cadf7123329b
1775672321290,3191963161320,1.5873557,-0.62249243,9.540894,-0.035430185,0.009773844,0.010995574,TONIC,cadf7123329b
1775672321312,3191983211369,1.5705963,-0.5530606,9.512163,-0.019547688,0.002443461,0.009773844,TONIC,cadf7123329b
1775672321325,3192003291935,1.5442601,-0.5674258,9.579201,-0.014660766,-0.0061086523,0.007330383,TONIC,cadf7123329b
1775672321346,3192023372501,1.508347,-0.62009823,9.564836,-0.017104227,-0.014660766,0.0061086523,TONIC,cadf7123329b
1775672321360,3192043392033,1.5298948,-0.557849,9.672575,-0.009773844,-0.028099801,0.0012217305,TONIC,cadf7123329b
1775672321383,3192063411564,1.6089035,-0.581791,9.526528,-0.008552114,-0.034208454,0.0036651916,TONIC,cadf7123329b
1775672321405,3192083431095,1.6807296,-0.5722142,9.560047,-0.010995574,-0.02321288,0.0036651916,TONIC,cadf7123329b
1775672321427,3192103481144,1.8195933,-0.78290397,9.495404,0.0,-0.0012217305,0.0061086523,TONIC,cadf7123329b
1775672321445,3192123500675,1.661576,-0.49559975,9.471462,0.02321288,0.040317107,0.002443461,TONIC,cadf7123329b
1775672321461,3192143520207,1.541866,-0.61770403,9.569624,0.0,0.065973446,0.004886922,TONIC,cadf7123329b
1775672321484,3192163570255,1.3575124,-0.6799533,9.627085,-0.0061086523,0.05375614,0.009773844,TONIC,cadf7123329b
1775672321508,3192183589787,1.4748282,-0.60812724,9.576807,0.02565634,0.02076942,0.0061086523,TONIC,cadf7123329b
1775672321521,3192203639835,1.5059528,-0.44532153,9.528923,0.037873644,-0.007330383,0.0,TONIC,cadf7123329b
1775672321541,3192223659367,1.5849615,-0.51954174,9.61272,0.03176499,-0.032986723,-0.0036651916,TONIC,cadf7123329b
1775672321562,3192243709416,1.6496049,-0.4261679,9.481039,0.02076942,-0.05009095,-0.0036651916,TONIC,cadf7123329b
1775672321591,3192263728947,1.5993267,-0.4381389,9.442732,-0.009773844,-0.032986723,-0.0036651916,TONIC,cadf7123329b
1775672321607,3192283717960,1.6831238,-0.50517654,9.497798,-0.02443461,-0.009773844,-0.0036651916,TONIC,cadf7123329b
1775672321623,3192303798527,1.6424223,-0.6631939,9.548077,-0.02321288,0.021991149,-0.0012217305,TONIC,cadf7123329b
1775672321641,3192323848576,1.4700398,-0.36391866,9.476251,-0.018325957,0.05131268,-0.0012217305,TONIC,cadf7123329b
1775672321661,3192343898625,1.4652514,-0.557849,9.603143,-0.04153884,0.04642576,0.002443461,TONIC,cadf7123329b
1775672321695,3192363918156,1.5251064,-0.5243302,9.548077,-0.056199603,0.014660766,0.007330383,TONIC,cadf7123329b
1775672321703,3192383998722,1.5227122,-0.4381389,9.619903,-0.064751714,0.0012217305,0.002443461,TONIC,cadf7123329b
1775672321723,3192404018253,1.5107412,-0.60094464,9.548077,-0.09896017,-0.004886922,-0.0012217305,TONIC,cadf7123329b
1775672321746,3192424037785,1.6089035,-0.7350199,9.452309,-0.09407325,-0.02687807,0.0036651916,TONIC,cadf7123329b
1775672321761,3192444057316,1.8435353,-0.78529817,9.457097,-0.07696902,0.0012217305,0.014660766,TONIC,cadf7123329b
1775672321795,3192464076847,1.697489,-0.51714754,9.397242,-0.06841691,0.10995574,0.014660766,TONIC,cadf7123329b
1775672321804,3192484096378,1.3479356,-0.581791,9.576807,-0.12705997,0.17348573,0.015882496,TONIC,cadf7123329b
1775672321823,3192504115910,1.2808979,-0.81402856,9.753978,-0.17470746,0.13194689,0.013439035,TONIC,cadf7123329b
1775672321841,3192524135441,1.2689269,-0.6512229,9.55047,-0.15882497,0.057421334,0.008552114,TONIC,cadf7123329b
1775672321861,3192544154972,1.3575124,-0.81642276,9.545682,-0.16737708,0.014660766,0.004886922,TONIC,cadf7123329b
1775672321895,3192564235539,1.5490485,-1.13964,9.52174,-0.12950343,0.010995574,-0.0036651916,TONIC,cadf7123329b
1775672321901,3192584285587,1.6280571,-1.2114661,9.406818,-0.02687807,-0.0061086523,-0.0012217305,TONIC,cadf7123329b
1775672321935,3192604305119,1.7717092,-0.9864111,9.473856,0.089186326,0.008552114,-0.002443461,TONIC,cadf7123329b
1775672321943,3192624355167,1.4796166,-0.89543146,9.512163,0.15149458,0.07086037,-0.0012217305,TONIC,cadf7123329b
1775672321962,3192644405216,1.3311762,-0.7278373,9.555259,0.18203785,0.11484267,0.0036651916,TONIC,cadf7123329b
1775672321991,3192664424748,1.2234371,-0.40701428,9.617508,0.15149458,0.096516706,0.010995574,TONIC,cadf7123329b
1775672322002,3192684444279,1.340753,-0.40701428,9.5385,0.062308256,0.0720821,0.010995574,TONIC,cadf7123329b
1775672322023,3192704494328,1.3503298,-0.60094464,9.6845455,-0.02321288,0.0720821,0.0036651916,TONIC,cadf7123329b
1775672322041,3192724574894,1.388637,-0.5530606,9.516952,-0.04642576,0.065973446,-0.004886922,TONIC,cadf7123329b
1775672322062,3192744624943,1.5035586,-0.6823475,9.557653,-0.07941248,0.036651913,-0.010995574,TONIC,cadf7123329b
1775672322091,3192764644474,1.5514427,-0.9911995,9.49301,-0.059864793,0.056199603,-0.004886922,TONIC,cadf7123329b
1775672322107,3192784694523,1.271321,-0.93373865,9.471462,-0.0012217305,0.118507855,-0.004886922,TONIC,cadf7123329b
1775672322124,3192804714054,1.1851299,-0.33518824,9.569624,-0.02321288,0.10262536,-0.059864793,TONIC,cadf7123329b
1775672322142,3192824764103,1.1971009,-0.82360536,9.500193,0.061086524,0.14049901,0.059864793,TONIC,cadf7123329b
1775672322163,3192844814152,1.079785,-0.7062895,9.488221,0.095294975,0.103847094,0.0061086523,TONIC,cadf7123329b
1775672322190,3192864833683,1.2808979,-0.80445176,9.746795,0.058643065,0.018325957,-0.02565634,TONIC,cadf7123329b
1775672322208,3192884883732,1.5466543,-0.7158663,9.449914,0.06841691,-0.015882496,-0.010995574,TONIC,cadf7123329b
1775672322222,3192904903263,1.4628572,-0.47165772,9.241618,0.08674286,0.061086524,-0.018325957,TONIC,cadf7123329b
1775672322242,3192924922794,1.0319009,-0.46686932,9.512163,0.1001819,0.19425514,0.0036651916,TONIC,cadf7123329b
1775672322262,3192944972843,0.9624691,-0.45968673,9.768343,0.06352998,0.118507855,-0.040317107,TONIC,cadf7123329b
1775672322296,3192964992375,1.4317327,-0.94810385,9.605537,0.04886922,-0.017104227,0.0061086523,TONIC,cadf7123329b
1775672322306,3192985072941,1.3455414,-0.5506664,9.471462,0.07086037,0.05131268,-0.017104227,TONIC,cadf7123329b
1775672322323,3193005122990,0.81881696,-0.62249243,9.61272,0.103847094,0.16982053,0.0061086523,TONIC,cadf7123329b
1775672322342,3193025173039,0.6727707,-0.5291186,9.662998,0.13439035,0.058643065,-0.021991149,TONIC,cadf7123329b
1775672322363,3193045223087,0.866701,-0.5267244,9.655815,0.14538592,-0.10140363,-0.02076942,TONIC,cadf7123329b
1775672322396,3193065273136,1.412579,-0.48362875,9.560047,0.15393804,-0.06841691,-0.014660766,TONIC,cadf7123329b
1775672322403,3193085292667,1.4556746,-0.22744916,9.55047,0.14172074,-0.008552114,-0.02443461,TONIC,cadf7123329b
1775672322423,3193105312199,1.2952632,-0.023942016,9.519346,0.1160644,0.095294975,-0.002443461,TONIC,cadf7123329b
1775672322444,3193125362248,1.2617443,-0.39983168,9.481039,0.04153884,0.105068825,-0.017104227,TONIC,cadf7123329b
1775672322463,3193145381779,1.1875241,-0.44532153,9.543288,-0.0036651916,0.12461651,-0.03176499,TONIC,cadf7123329b
1775672322496,3193165431828,1.0821792,-0.29448682,9.507375,-0.034208454,0.1966986,-0.013439035,TONIC,cadf7123329b
1775672322504,3193185451359,0.9768343,-0.6871359,9.627085,-0.11484267,0.20525073,-0.02321288,TONIC,cadf7123329b
1775672322523,3193205470890,0.92416185,-0.79726917,9.545682,-0.105068825,0.16249016,-0.04642576,TONIC,cadf7123329b
1775672322543,3193225551457,0.89303726,-0.9576807,9.662998,0.037873644,0.13316862,-0.021991149,TONIC,cadf7123329b
1775672322565,3193245570988,0.8690952,-0.6919243,9.507375,0.16126843,0.09040806,-0.042760566,TONIC,cadf7123329b
1775672322590,3193265651554,0.79008657,-0.36870706,9.667787,0.1966986,0.05375614,-0.05497787,TONIC,cadf7123329b
1775672322606,3193285671085,0.8882488,-0.05746084,9.55047,0.17348573,0.02076942,-0.035430185,TONIC,cadf7123329b
1775672322623,3193305690617,1.0606314,0.01436521,9.600749,0.080634214,0.009773844,-0.02687807,TONIC,cadf7123329b
1775672322643,3193325740666,1.1348516,-0.20829555,9.572019,0.009773844,0.047647487,-0.021991149,TONIC,cadf7123329b
1775672322665,3193345821232,0.9864111,-0.35194764,9.583989,0.013439035,0.09040806,-0.02076942,TONIC,cadf7123329b
1775672322690,3193365840763,0.92895025,-0.50038815,9.624691,-0.0012217305,0.11362094,-0.015882496,TONIC,cadf7123329b
1775672322714,3193385860294,0.79008657,-0.7422025,9.593566,0.014660766,0.119729586,-0.013439035,TONIC,cadf7123329b
1775672322724,3193405940861,0.7469909,-0.7110779,9.646238,0.07819075,0.08674286,-0.010995574,TONIC,cadf7123329b
1775672322746,3193425990910,0.9935937,-0.63206923,9.770737,0.1282817,0.03176499,-0.12095132,TONIC,cadf7123329b
1775672322772,3193446040958,0.82360536,-0.22744916,9.67018,0.19425514,0.059864793,-0.037873644,TONIC,cadf7123329b
1775672322789,3193466121525,0.8810662,-0.08140286,9.55047,0.18081611,0.04153884,-0.043982297,TONIC,cadf7123329b
1775672322806,3193486171574,0.6895301,0.17477672,9.548077,0.15515977,0.036651913,-0.036651913,TONIC,cadf7123329b
1775672322825,3193506252140,0.7254431,0.15083471,9.591172,0.06841691,0.03176499,-0.030543262,TONIC,cadf7123329b
1775672322846,3193526302189,0.7469909,0.04309563,9.665392,-0.019547688,0.02076942,-0.02321288,TONIC,cadf7123329b
1775672322886,3193546352238,0.8523358,-0.25139117,9.64145,-0.095294975,0.05497787,-0.02321288,TONIC,cadf7123329b
1775672322888,3193566371769,0.7589619,-0.35434186,9.713276,-0.089186326,0.035430185,-0.014660766,TONIC,cadf7123329b
1775672322907,3193586421818,0.8571242,-0.39983168,9.564836,-0.05497787,0.019547688,-0.007330383,TONIC,cadf7123329b
1775672322926,3193606502384,0.866701,-0.47884035,9.516952,-0.007330383,0.05375614,-0.007330383,TONIC,cadf7123329b
1775672322975,3193626582951,0.7565677,-0.25378537,9.679757,0.021991149,0.081855945,-0.007330383,TONIC,cadf7123329b
1775672322981,3193646633000,0.6631939,-0.30406362,9.667787,0.037873644,0.059864793,-0.010995574,TONIC,cadf7123329b
1775672322987,3193666683048,0.7302315,-0.2873042,9.64145,0.035430185,0.02443461,-0.010995574,TONIC,cadf7123329b
1775672323012,3193686733097,0.82121116,-0.1388637,9.557653,0.030543262,0.012217305,-0.012217305,TONIC,cadf7123329b
1775672323024,3193706813664,0.8834604,-0.10534488,9.629479,0.019547688,0.009773844,-0.012217305,TONIC,cadf7123329b
1775672323044,3193726863712,0.8451532,-0.46926352,9.61272,0.014660766,0.02687807,-0.007330383,TONIC,cadf7123329b
1775672323078,3193746883244,0.7493851,-0.4309563,9.651027,0.073303826,0.032986723,0.0012217305,TONIC,cadf7123329b
1775672323085,3193766902775,0.7230489,-0.33039984,9.662998,0.14049901,0.029321533,0.007330383,TONIC,cadf7123329b
1775672323114,3193786952824,0.58657944,-0.12689269,9.665392,0.17348573,0.017104227,0.013439035,TONIC,cadf7123329b
1775672323127,3193807002873,0.58657944,-0.4213795,9.56723,0.15393804,0.007330383,-0.029321533,TONIC,cadf7123329b
1775672323144,3193827022404,0.7182605,-0.04309563,9.562442,0.16249016,0.0012217305,-0.008552114,TONIC,cadf7123329b
1775672323174,3193847041935,0.7374141,0.11492168,9.727641,0.13805555,0.02321288,-0.013439035,TONIC,cadf7123329b
1775672323192,3193867030949,0.60333884,0.21547815,9.540894,0.07941248,0.047647487,-0.015882496,TONIC,cadf7123329b
1775672323204,3193887080998,0.6895301,0.14604631,9.636662,0.0061086523,0.012217305,-0.015882496,TONIC,cadf7123329b
1775672323225,3193907070011,0.7781156,-0.18195933,9.617508,-0.021991149,-0.004886922,-0.015882496,TONIC,cadf7123329b
1775672323245,3193927089542,0.7110779,-0.047884032,9.706094,0.009773844,0.02076942,-0.014660766,TONIC,cadf7123329b
1775672323267,3193947109074,0.7757214,0.019153614,9.643845,0.010995574,0.04153884,-0.015882496,TONIC,cadf7123329b
1775672323290,3193967128605,0.7302315,-0.045489833,9.600749,-0.018325957,0.039095376,-0.010995574,TONIC,cadf7123329b
1775672323306,3193987148136,0.6847417,-0.33039984,9.643845,-0.028099801,0.032986723,-0.002443461,TONIC,cadf7123329b
1775672323328,3194007167667,0.7517793,-0.33039984,9.61272,-0.010995574,0.02443461,0.0012217305,TONIC,cadf7123329b
1775672323344,3194027187199,0.6536171,-0.19153613,9.627085,0.02076942,0.02321288,0.0,TONIC,cadf7123329b
1775672323374,3194047237248,0.5602432,-0.17238252,9.598354,0.032986723,0.013439035,0.0,TONIC,cadf7123329b
1775672323385,3194067256779,0.6440403,-0.23223756,9.622296,0.059864793,0.008552114,-0.0036651916,TONIC,cadf7123329b
1775672323407,3194087337345,0.7541735,0.17477672,9.725247,0.10140363,0.02687807,-0.009773844,TONIC,cadf7123329b
1775672323424,3194107356876,0.7254431,0.4141969,9.646238,0.04153884,0.02687807,-0.043982297,TONIC,cadf7123329b
1775672323445,3194127376408,0.5506664,-0.16998832,9.665392,-0.007330383,0.030543262,-0.014660766,TONIC,cadf7123329b
1775672323479,3194147395939,0.62728083,-0.035913024,9.662998,0.002443461,0.0,-0.008552114,TONIC,cadf7123329b
1775672323487,3194167445988,0.6584055,-0.14604631,9.648633,0.02076942,-0.02321288,-0.010995574,TONIC,cadf7123329b
1775672323506,3194187465519,0.6344634,-0.08619126,9.689334,0.036651913,-0.015882496,-0.010995574,TONIC,cadf7123329b
1775672323524,3194207515568,0.62249243,0.08619126,9.682152,0.010995574,-0.010995574,-0.012217305,TONIC,cadf7123329b
1775672323545,3194227565617,0.6943185,-0.12689269,9.682152,-0.014660766,-0.014660766,-0.014660766,TONIC,cadf7123329b
1775672323578,3194247615666,0.6488287,-0.22266077,9.557653,0.007330383,-0.042760566,-0.012217305,TONIC,cadf7123329b
1775672323585,3194267665714,0.79248077,-0.18914193,9.619903,0.06719518,-0.04886922,-0.007330383,TONIC,cadf7123329b
1775672323611,3194287685246,0.79248077,0.16280572,9.622296,0.112399206,-0.010995574,-0.0061086523,TONIC,cadf7123329b
1775672323626,3194307735294,0.7254431,0.35913026,9.634268,0.080634214,0.028099801,-0.002443461,TONIC,cadf7123329b
1775672323649,3194327754826,0.6751649,0.20111294,9.588778,-0.02321288,0.043982297,0.0,TONIC,cadf7123329b
1775672323672,3194347774357,0.5363012,0.088585466,9.646238,-0.080634214,0.03176499,-0.0012217305,TONIC,cadf7123329b
1775672323696,3194367793888,0.5530606,-0.08140286,9.653421,-0.096516706,-0.002443461,0.0,TONIC,cadf7123329b
1775672323708,3194387813419,0.6823475,-0.05746084,9.548077,-0.081855945,-0.010995574,-0.004886922,TONIC,cadf7123329b
1775672323725,3194407832951,0.5770026,-0.25378537,9.598354,-0.05131268,-0.002443461,-0.014660766,TONIC,cadf7123329b
1775672323745,3194427852482,0.46686932,-0.019153614,9.636662,0.004886922,-0.040317107,-0.017104227,TONIC,cadf7123329b
1775672323777,3194447872013,0.7326257,0.038307227,9.579201,0.021991149,-0.119729586,-0.012217305,TONIC,cadf7123329b
1775672323785,3194467952580,1.0582372,0.260968,9.545682,-0.007330383,-0.10629055,-0.013439035,TONIC,cadf7123329b
1775672323807,3194487972111,0.8858546,0.1316811,9.653421,-0.073303826,-0.018325957,-0.015882496,TONIC,cadf7123329b
1775672323825,3194507991642,0.8834604,-0.22744916,9.7084875,-0.119729586,0.030543262,-0.015882496,TONIC,cadf7123329b
1775672323845,3194528011173,0.81163436,-0.260968,9.64145,-0.05009095,0.02076942,-0.004886922,TONIC,cadf7123329b
1775672323877,3194548000187,0.8595184,-0.30645782,9.576807,-0.0012217305,0.04153884,0.002443461,TONIC,cadf7123329b
1775672323887,3194568050236,0.7422025,-0.12210429,9.61272,0.034208454,0.087964594,0.002443461,TONIC,cadf7123329b
1775672323918,3194588069767,0.61770403,-0.088585466,9.727641,0.028099801,0.08674286,-0.0036651916,TONIC,cadf7123329b
1775672323926,3194608089298,0.45010993,-0.18674773,9.679757,0.042760566,0.037873644,-0.009773844,TONIC,cadf7123329b
1775672323948,3194628139347,0.60573304,0.04309563,9.61272,0.042760566,-0.015882496,-0.010995574,TONIC,cadf7123329b
1775672323981,3194648158878,0.6919243,-0.11731588,9.545682,0.034208454,-0.015882496,-0.013439035,TONIC,cadf7123329b
1775672323988,3194668239445,0.51475334,-0.20111294,9.150639,0.02443461,0.010995574,-0.02321288,TONIC,cadf7123329b
1775672324013,3194688258976,0.7302315,-0.1364695,9.7803135,-0.034208454,0.02076942,-0.15515977,TONIC,cadf7123329b
1775672324025,3194708309025,0.7278373,0.07182605,9.677363,0.030543262,-0.0012217305,-0.029321533,TONIC,cadf7123329b
1775672324047,3194728359074,0.7541735,-0.10055647,9.607931,0.029321533,-0.015882496,-0.017104227,TONIC,cadf7123329b
1775672324073,3194748409123,0.6919243,0.033518825,9.56723,0.030543262,0.032986723,-0.015882496,TONIC,cadf7123329b
1775672324095,3194768428654,0.51475334,-0.10055647,9.617508,0.021991149,0.05131268,-0.021991149,TONIC,cadf7123329b
1775672324106,3194788448185,0.6655881,0.15322891,9.7084875,-0.009773844,-0.013439035,-0.07696902,TONIC,cadf7123329b
1775672324127,3194808467716,0.7206547,0.035913024,9.672575,-0.015882496,-0.030543262,-0.05131268,TONIC,cadf7123329b
1775672324146,3194828517765,0.7062895,-0.021547815,9.485827,-0.0061086523,-0.014660766,-0.013439035,TONIC,cadf7123329b
1775672324172,3194848567814,0.78050977,-0.1316811,9.524135,-0.0061086523,-0.02076942,-0.0061086523,TONIC,cadf7123329b
1775672324189,3194868587345,0.7254431,0.095768064,9.689334,0.012217305,0.013439035,-0.007330383,TONIC,cadf7123329b
1775672324211,3194888637394,0.6536171,0.46926352,9.552865,-0.035430185,0.035430185,-0.0061086523,TONIC,cadf7123329b
1775672324226,3194908687443,0.62009823,-0.076614454,9.636662,-0.13805555,0.035430185,-0.002443461,TONIC,cadf7123329b
1775672324252,3194928706974,0.5793968,-0.5554548,9.7324295,-0.14660765,0.03176499,-0.0061086523,TONIC,cadf7123329b
1775672324272,3194948726505,0.6607997,-0.5434838,9.600749,-0.05375614,0.0061086523,-0.010995574,TONIC,cadf7123329b
1775672324288,3194968807072,0.5793968,-0.31364042,9.603143,0.04642576,-0.0012217305,-0.014660766,TONIC,cadf7123329b
1775672324306,3194988826603,0.62249243,-0.12689269,9.648633,0.09162979,0.009773844,-0.012217305,TONIC,cadf7123329b
1775672324330,3195008876652,0.7661445,-0.011971008,9.61272,0.10751228,0.0036651916,-0.0061086523,TONIC,cadf7123329b
1775672324355,3195028926701,0.80924016,0.045489833,9.531317,0.06841691,0.017104227,-0.004886922,TONIC,cadf7123329b
1775672324372,3195049007267,0.641646,-0.15562311,9.639056,-0.037873644,0.032986723,-0.10629055,TONIC,cadf7123329b
1775672324394,3195069057316,0.7182605,-0.0023942017,9.610326,0.0061086523,0.019547688,-0.012217305,TONIC,cadf7123329b
1775672324407,3195089137882,0.6871359,0.17477672,9.461885,0.0061086523,0.028099801,-0.002443461,TONIC,cadf7123329b
1775672324430,3195109218449,0.51714754,0.107739076,9.569624,-0.05009095,0.05009095,-0.0012217305,TONIC,cadf7123329b
1775672324461,3195129299015,0.533907,-0.38307226,9.648633,-0.07941248,0.009773844,0.002443461,TONIC,cadf7123329b
1775672324470,3195149349064,0.6943185,-0.2825158,9.643845,-0.02687807,-0.02076942,-0.002443461,TONIC,cadf7123329b
1775672324489,3195169429630,0.6512229,-0.4165911,9.622296,0.04153884,0.0036651916,-0.008552114,TONIC,cadf7123329b
1775672324510,3195189510197,0.48841715,0.055066638,9.64145,0.10262536,0.02687807,-0.010995574,TONIC,cadf7123329b
1775672324529,3195209621281,0.50757074,0.021547815,9.67018,0.07941248,0.004886922,-0.014660766,TONIC,cadf7123329b
1775672324555,3195229701847,0.60094464,-0.05746084,9.617508,0.05009095,-0.012217305,-0.018325957,TONIC,cadf7123329b
1775672324578,3195249782414,0.6584055,0.04070143,9.627085,0.039095376,-0.012217305,-0.019547688,TONIC,cadf7123329b
1775672324590,3195269832462,0.6679823,0.1388637,9.56723,0.02565634,-0.019547688,-0.014660766,TONIC,cadf7123329b
1775672324609,3195289882511,0.82121116,0.1436521,9.540894,-0.004886922,-0.02687807,-0.0061086523,TONIC,cadf7123329b
1775672324631,3195309963078,0.770933,-0.023942016,9.545682,-0.02076942,-0.007330383,0.004886922,TONIC,cadf7123329b
1775672324654,3195330043644,0.7398083,-0.12689269,9.600749,-0.02565634,0.032986723,0.0036651916,TONIC,cadf7123329b
1775672324677,3195350124210,0.59136784,-0.023942016,9.667787,-0.0061086523,0.04886922,0.0,TONIC,cadf7123329b
1775672324690,3195370204777,0.6368576,-0.055066638,9.629479,-0.008552114,0.035430185,-0.0036651916,TONIC,cadf7123329b
1775672324711,3195390254826,0.6440403,-0.1340753,9.639056,-0.017104227,0.037873644,-0.004886922,TONIC,cadf7123329b
1775672324728,3195410274357,0.545878,-0.15562311,9.639056,0.009773844,0.034208454,-0.010995574,TONIC,cadf7123329b
1775672324762,3195430354923,0.5602432,-0.055066638,9.588778,0.05131268,0.018325957,-0.014660766,TONIC,cadf7123329b
1775672324771,3195450374455,0.58418524,0.10295067,9.483433,0.05497787,-0.014660766,-0.047647487,TONIC,cadf7123329b
1775672324794,3195470424503,0.62967503,-0.079008654,9.636662,0.012217305,-0.02076942,-0.07574729,TONIC,cadf7123329b
1775672324807,3195490444035,0.60333884,0.11731588,9.583989,0.029321533,-0.0061086523,-0.017104227,TONIC,cadf7123329b
1775672324828,3195510494083,0.6464345,0.11731588,9.603143,-0.008552114,-0.018325957,-0.0036651916,TONIC,cadf7123329b
1775672324859,3195530544132,0.6799533,-0.12449849,9.572019,-0.035430185,-0.018325957,-0.0036651916,TONIC,cadf7123329b
1775672324867,3195550563664,0.6703765,-0.14604631,9.624691,-0.02565634,0.0,-0.004886922,TONIC,cadf7123329b
1775672324892,3195570613712,0.6440403,0.12449849,9.555259,0.0,0.02565634,-0.0036651916,TONIC,cadf7123329b
1775672324908,3195590663761,0.59376204,0.21787235,9.622296,-0.017104227,0.02076942,-0.002443461,TONIC,cadf7123329b
1775672324929,3195610683292,0.59855044,-0.07182605,9.600749,-0.029321533,0.007330383,-0.002443461,TONIC,cadf7123329b
1775672324959,3195630763859,0.5243302,-0.038307227,9.634268,-0.02076942,0.009773844,-0.0061086523,TONIC,cadf7123329b
1775672324968,3195650783390,0.5722142,0.01436521,9.56723,0.013439035,0.002443461,-0.0061086523,TONIC,cadf7123329b
1775672324999,3195670833439,0.5674258,0.16280572,9.706094,0.012217305,-0.010995574,-0.002443461,TONIC,cadf7123329b
1775672325009,3195690852970,0.5602432,0.18435353,9.646238,-0.035430185,-0.019547688,0.002443461,TONIC,cadf7123329b
1775672325051,3195710933537,0.59136784,-0.04309563,9.679757,-0.08674286,-0.032986723,0.002443461,TONIC,cadf7123329b
1775672325055,3195731014103,0.6631939,-0.12210429,9.622296,-0.10629055,-0.043982297,0.0012217305,TONIC,cadf7123329b
1775672325069,3195751064152,0.7398083,-0.32321724,9.555259,-0.095294975,-0.029321533,-0.002443461,TONIC,cadf7123329b
1775672325095,3195771114201,0.81881696,-0.260968,9.691729,-0.058643065,0.02321288,-0.002443461,TONIC,cadf7123329b
1775672325109,3195791133732,0.6536171,-0.1412579,9.749189,-0.040317107,0.047647487,-0.002443461,TONIC,cadf7123329b
1775672325130,3195811153263,0.557849,-0.090979666,9.610326,-0.043982297,0.04886922,-0.0036651916,TONIC,cadf7123329b
1775672325149,3195831172794,0.61052144,-0.10295067,9.64145,-0.06841691,0.02565634,-0.008552114,TONIC,cadf7123329b
1775672325176,3195851222843,0.6607997,-0.30166942,9.660604,-0.05009095,0.009773844,-0.012217305,TONIC,cadf7123329b
1775672325190,3195871242375,0.62728083,-0.25378537,9.574412,-0.012217305,-0.002443461,-0.013439035,TONIC,cadf7123329b
1775672325208,3195891261906,0.6799533,-0.17238252,9.662998,0.02076942,-0.017104227,-0.004886922,TONIC,cadf7123329b
1775672325229,3195911311955,0.7565677,-0.08140286,9.672575,0.02565634,-0.012217305,0.0012217305,TONIC,cadf7123329b
1775672325266,3195931362003,0.7015011,-0.15322891,9.694122,0.015882496,0.012217305,0.002443461,TONIC,cadf7123329b
1775672325277,3195951381535,0.56982,-0.22984336,9.605537,0.034208454,0.02076942,0.0,TONIC,cadf7123329b
1775672325290,3195971431583,0.60812724,-0.05746084,9.749189,0.047647487,0.030543262,-0.0036651916,TONIC,cadf7123329b
1775672325309,3195991451115,0.44771573,0.08140286,9.528923,0.037873644,0.03176499,-0.0036651916,TONIC,cadf7123329b
1775672325329,3196011501164,0.5291186,-0.02633622,9.689334,0.0061086523,0.010995574,-0.004886922,TONIC,cadf7123329b
1775672325355,3196031551212,0.61530983,-0.12449849,9.646238,-0.0036651916,-0.012217305,-0.004886922,TONIC,cadf7123329b
1775672325378,3196051601261,0.6943185,-0.08140286,9.605537,0.010995574,-0.02321288,-0.0061086523,TONIC,cadf7123329b
1775672325389,3196071651310,0.6344634,-0.021547815,9.543288,0.014660766,-0.02076942,-0.0061086523,TONIC,cadf7123329b
1775672325408,3196091701359,0.60333884,-0.016759412,9.648633,-0.0036651916,-0.018325957,-0.002443461,TONIC,cadf7123329b
1775672325431,3196111751408,0.7278373,-0.16280572,9.629479,-0.035430185,-0.0036651916,0.0036651916,TONIC,cadf7123329b
1775672325461,3196131770939,0.641646,-0.3184288,9.61272,-0.042760566,0.021991149,0.004886922,TONIC,cadf7123329b
1775672325470,3196151790470,0.7182605,-0.23942018,9.694122,-0.021991149,0.030543262,0.002443461,TONIC,cadf7123329b
1775672325498,3196171810001,0.60094464,-0.04070143,9.730036,-0.015882496,0.03176499,0.0,TONIC,cadf7123329b
1775672325510,3196191829533,0.545878,-0.1412579,9.61272,-0.037873644,0.030543262,0.0,TONIC,cadf7123329b
1775672325543,3196211879582,0.6607997,-0.320823,9.667787,-0.02321288,0.007330383,0.0,TONIC,cadf7123329b
1775672325550,3196231899113,0.6392518,-0.24899697,9.619903,0.015882496,0.014660766,-0.0012217305,TONIC,cadf7123329b
1775672325572,3196251949162,0.5482722,-0.050278235,9.682152,0.034208454,0.002443461,-0.0036651916,TONIC,cadf7123329b
1775672325589,3196271968693,0.62009823,-0.05746084,9.703699,0.018325957,-0.032986723,-0.002443461,TONIC,cadf7123329b
1775672325614,3196292049259,0.7038953,-0.15322891,9.591172,-0.004886922,-0.035430185,-0.0012217305,TONIC,cadf7123329b
1775672325638,3196312099308,0.6631939,-0.23702596,9.691729,-0.0012217305,0.0,0.0,TONIC,cadf7123329b
1775672325660,3196332179875,0.60812724,-0.01436521,9.682152,0.009773844,0.010995574,-0.002443461,TONIC,cadf7123329b
1775672325672,3196352199406,0.62488663,-0.107739076,9.610326,-0.012217305,-0.008552114,0.0,TONIC,cadf7123329b
1775672325694,3196372218937,0.7038953,-0.29688102,9.600749,-0.007330383,-0.010995574,0.0,TONIC,cadf7123329b
1775672325709,3196392268986,0.6392518,-0.15801731,9.653421,0.018325957,0.008552114,0.0,TONIC,cadf7123329b
1775672325749,3196412288517,0.5674258,0.02873042,9.607931,0.008552114,0.010995574,0.0012217305,TONIC,cadf7123329b
1775672325755,3196432338566,0.6655881,-0.19393034,9.631873,-0.02076942,0.007330383,0.002443461,TONIC,cadf7123329b
1775672325772,3196452358097,0.60573304,-0.14604631,9.600749,-0.02321288,0.018325957,0.0012217305,TONIC,cadf7123329b
1775672325790,3196472377628,0.46926352,-0.12928689,9.634268,-0.02443461,0.029321533,0.0012217305,TONIC,cadf7123329b
1775672325809,3196492397160,0.5793968,-0.18435353,9.660604,-0.03176499,0.002443461,0.0012217305,TONIC,cadf7123329b
1775672325841,3196512447208,0.62967503,-0.2777274,9.648633,-0.015882496,-0.008552114,-0.0012217305,TONIC,cadf7123329b
1775672325867,3196532466740,0.56982,-0.2657564,9.624691,0.0061086523,0.0012217305,-0.0012217305,TONIC,cadf7123329b
1775672325873,3196552547306,0.62009823,-0.15322891,9.598354,0.021991149,0.0036651916,-0.002443461,TONIC,cadf7123329b
1775672325895,3196572566837,0.6464345,-0.035913024,9.617508,0.013439035,-0.0036651916,-0.002443461,TONIC,cadf7123329b
1775672325910,3196592616886,0.6440403,-0.062249243,9.52174,-0.0061086523,-0.0012217305,0.0,TONIC,cadf7123329b
1775672325940,3196612636417,0.60333884,-0.19632454,9.564836,-0.013439035,0.019547688,0.0012217305,TONIC,cadf7123329b
1775672325964,3196632655949,0.58897364,-0.10295067,9.67018,-0.008552114,0.030543262,0.0012217305,TONIC,cadf7123329b
1775672325973,3196652675480,0.5434838,-0.16759412,9.643845,-0.012217305,0.021991149,0.0012217305,TONIC,cadf7123329b
1775672325990,3196672695011,0.5793968,-0.107739076,9.682152,-0.021991149,0.013439035,-0.0012217305,TONIC,cadf7123329b
1775672326012,3196692745060,0.5363012,-0.2825158,9.591172,-0.021991149,-0.004886922,-0.002443461,TONIC,cadf7123329b
1775672326038,3196712795109,0.59855044,-0.30885202,9.677363,-0.0012217305,-0.015882496,-0.0036651916,TONIC,cadf7123329b
1775672326055,3196732875675,0.60812724,-0.16519992,9.617508,0.032986723,-0.018325957,-0.0061086523,TONIC,cadf7123329b
1775672326072,3196752925724,0.62249243,-0.045489833,9.65821,0.028099801,-0.018325957,-0.0036651916,TONIC,cadf7123329b
1775672326091,3196772975773,0.60812724,-0.36870706,9.653421,0.013439035,-0.015882496,-0.002443461,TONIC,cadf7123329b
1775672326112,3196793025822,0.6703765,-0.079008654,9.634268,0.039095376,0.008552114,-0.0012217305,TONIC,cadf7123329b
1775672326143,3196813106388,0.62728083,-0.038307227,9.557653,0.02443461,0.021991149,0.0012217305,TONIC,cadf7123329b
1775672326153,3196833186955,0.59855044,-0.17717093,9.665392,0.010995574,0.021991149,-0.0012217305,TONIC,cadf7123329b
1775672326173,3196853206486,0.60094464,-0.12689269,9.674969,0.019547688,0.007330383,-0.0012217305,TONIC,cadf7123329b
1775672326192,3196873226017,0.7158663,-0.18435353,9.576807,0.02321288,-0.0061086523,-0.0012217305,TONIC,cadf7123329b
1775672326214,3196893276066,0.61291564,-0.20350714,9.665392,0.040317107,0.014660766,-0.0036651916,TONIC,cadf7123329b
1775672326247,3196913326115,0.5602432,0.05746084,9.651027,0.061086524,0.02076942,-0.0036651916,TONIC,cadf7123329b
1775672326255,3196933345646,0.61770403,0.14844051,9.598354,0.032986723,-0.012217305,-0.002443461,TONIC,cadf7123329b
1775672326277,3196953426212,0.6512229,-0.05267244,9.598354,-0.02076942,-0.019547688,0.0,TONIC,cadf7123329b
1775672326293,3196973476261,0.60573304,-0.20350714,9.653421,-0.028099801,0.007330383,-0.0012217305,TONIC,cadf7123329b
1775672326322,3196993526310,0.51954174,-0.07182605,9.634268,0.004886922,0.017104227,0.0,TONIC,cadf7123329b
1775672326342,3197013606876,0.56982,-0.076614454,9.600749,0.014660766,0.019547688,-0.0012217305,TONIC,cadf7123329b
1775672326354,3197033687443,0.5315128,-0.05746084,9.610326,0.015882496,0.02443461,-0.002443461,TONIC,cadf7123329b
1775672326373,3197053768009,0.63206923,-0.07182605,9.603143,0.012217305,0.009773844,-0.0012217305,TONIC,cadf7123329b
1775672326394,3197073879093,0.7374141,-0.2657564,9.579201,0.009773844,0.0012217305,-0.0012217305,TONIC,cadf7123329b
1775672326421,3197093959660,0.49799395,-0.20590134,9.624691,0.02321288,0.007330383,-0.002443461,TONIC,cadf7123329b
1775672326438,3197113979191,0.5770026,-0.08379706,9.631873,0.032986723,0.002443461,-0.0012217305,TONIC,cadf7123329b
1775672326454,3197133998722,0.63206923,-0.033518825,9.648633,0.03176499,-0.0036651916,-0.0012217305,TONIC,cadf7123329b
1775672326477,3197154048771,0.58897364,-0.02873042,9.65821,0.0061086523,0.010995574,-0.0012217305,TONIC,cadf7123329b
1775672326491,3197174068302,0.581791,-0.08140286,9.624691,-0.021991149,0.002443461,0.0,TONIC,cadf7123329b
1775672326512,3197194087833,0.61291564,-0.06464344,9.64145,-0.032986723,-0.0061086523,0.0,TONIC,cadf7123329b
1775672326544,3197214107365,0.51475334,-0.20829555,9.617508,-0.030543262,-0.0012217305,0.002443461,TONIC,cadf7123329b
1775672326554,3197234126896,0.5793968,-0.12928689,9.593566,-0.007330383,0.0061086523,0.002443461,TONIC,cadf7123329b
1775672326577,3197254176945,0.5793968,-0.050278235,9.595961,-0.0012217305,0.0036651916,0.002443461,TONIC,cadf7123329b
1775672326591,3197274226994,0.6464345,-0.076614454,9.639056,-0.0061086523,0.0036651916,0.002443461,TONIC,cadf7123329b
1775672326612,3197294246525,0.5267244,-0.076614454,9.631873,-0.008552114,0.014660766,0.0012217305,TONIC,cadf7123329b
1775672326643,3197314266056,0.48602295,-0.011971008,9.651027,-0.02443461,0.019547688,0.0012217305,TONIC,cadf7123329b
1775672326651,3197334285587,0.6584055,-0.25378537,9.67018,-0.02565634,0.007330383,0.0012217305,TONIC,cadf7123329b
1775672326675,3197354335636,0.5626374,-0.107739076,9.64145,0.002443461,0.009773844,0.0,TONIC,cadf7123329b
1775672326694,3197374355167,0.61052144,-0.10534488,9.679757,0.013439035,0.009773844,0.0,TONIC,cadf7123329b
1775672326713,3197394405216,0.5530606,-0.07182605,9.672575,0.010995574,0.002443461,-0.0012217305,TONIC,cadf7123329b
1775672326740,3197414424748,0.58657944,-0.12689269,9.667787,-0.004886922,-0.010995574,0.0,TONIC,cadf7123329b
1775672326753,3197434444279,0.533907,-0.24181437,9.639056,-0.014660766,-0.007330383,0.0,TONIC,cadf7123329b
1775672326776,3197454494328,0.5746084,-0.15801731,9.67018,-0.0061086523,-0.009773844,0.0,TONIC,cadf7123329b
1775672326792,3197474513859,0.59855044,-0.17717093,9.593566,-0.002443461,-0.010995574,0.0012217305,TONIC,cadf7123329b
1775672326821,3197494502873,0.62009823,-0.2777274,9.61272,0.02321288,0.008552114,-0.0012217305,TONIC,cadf7123329b
1775672326843,3197514552921,0.51475334,0.0023942017,9.64145,0.040317107,0.02076942,-0.002443461,TONIC,cadf7123329b
1775672326853,3197534572453,0.62009823,-0.05267244,9.624691,0.021991149,0.014660766,-0.0012217305,TONIC,cadf7123329b
1775672326872,3197554591984,0.58418524,-0.011971008,9.660604,0.0012217305,0.03176499,-0.0012217305,TONIC,cadf7123329b
1775672326892,3197574580998,0.5602432,-0.047884032,9.595961,-0.014660766,0.02565634,0.0,TONIC,cadf7123329b
1775672326924,3197594661564,0.62967503,-0.20350714,9.579201,-0.017104227,0.002443461,0.0,TONIC,cadf7123329b
1775672326942,3197614681095,0.59136784,-0.06703765,9.605537,0.0012217305,0.012217305,-0.0012217305,TONIC,cadf7123329b
1775672326953,3197634700626,0.45250413,-0.059855044,9.634268,0.008552114,0.004886922,-0.0012217305,TONIC,cadf7123329b
1775672326974,3197654720158,0.5530606,-0.01436521,9.61272,-0.0061086523,-0.021991149,-0.0012217305,TONIC,cadf7123329b
1775672326993,3197674739689,0.5650316,-0.11252748,9.583989,-0.029321533,-0.032986723,-0.002443461,TONIC,cadf7123329b
1775672327017,3197694759220,0.533907,-0.14844051,9.595961,-0.037873644,-0.021991149,-0.0036651916,TONIC,cadf7123329b
1775672327045,3197714809269,0.6679823,-0.28491,9.627085,-0.010995574,-0.013439035,-0.002443461,TONIC,cadf7123329b
1775672327052,3197734828800,0.58657944,0.05746084,9.651027,0.0036651916,0.004886922,-0.0036651916,TONIC,cadf7123329b
1775672327075,3197754848332,0.545878,-0.08140286,9.574412,-0.02565634,0.014660766,-0.0012217305,TONIC,cadf7123329b
1775672327092,3197774867863,0.60812724,-0.21068975,9.665392,-0.036651913,0.013439035,0.0,TONIC,cadf7123329b
1775672327128,3197794887394,0.5626374,-0.17956513,9.603143,-0.034208454,0.009773844,-0.0012217305,TONIC,cadf7123329b
1775672327136,3197814906925,0.533907,-0.29688102,9.646238,-0.021991149,0.002443461,-0.0012217305,TONIC,cadf7123329b
1775672327160,3197834926457,0.5722142,-0.2777274,9.619903,0.0,0.0012217305,-0.0012217305,TONIC,cadf7123329b
1775672327172,3197854976505,0.5770026,-0.14604631,9.651027,0.018325957,0.002443461,0.0,TONIC,cadf7123329b
1775672327195,3197874996037,0.59855044,-0.10295067,9.61272,0.02687807,0.004886922,0.0,TONIC,cadf7123329b
1775672327221,3197895046085,0.533907,-0.12210429,9.648633,0.010995574,-0.007330383,-0.0012217305,TONIC,cadf7123329b
1775672327244,3197915065617,0.5626374,-0.1436521,9.581595,-0.010995574,-0.012217305,0.0,TONIC,cadf7123329b
1775672327253,3197935115666,0.61052144,-0.25378537,9.648633,-0.018325957,-0.004886922,0.0,TONIC,cadf7123329b
1775672327272,3197955135197,0.5770026,-0.22026655,9.586384,-0.0012217305,-0.018325957,0.0012217305,TONIC,cadf7123329b
1775672327293,3197975154728,0.61291564,-0.23942018,9.610326,0.014660766,-0.021991149,-0.002443461,TONIC,cadf7123329b
1775672327325,3197995174259,0.62488663,-0.19393034,9.634268,0.02443461,-0.007330383,-0.0036651916,TONIC,cadf7123329b
1775672327332,3198015193791,0.59855044,-0.12928689,9.646238,0.04153884,0.010995574,-0.0036651916,TONIC,cadf7123329b
1775672327366,3198035243839,0.49320555,0.107739076,9.540894,0.035430185,0.018325957,-0.004886922,TONIC,cadf7123329b
1775672327374,3198055263371,0.62728083,-0.19632454,9.61272,-0.010995574,-0.0036651916,-0.0036651916,TONIC,cadf7123329b
1775672327404,3198075252384,0.59615624,-0.21068975,9.674969,-0.002443461,-0.0012217305,-0.002443461,TONIC,cadf7123329b
1775672327421,3198095302433,0.6368576,-0.22984336,9.655815,0.018325957,-0.004886922,-0.0012217305,TONIC,cadf7123329b
1775672327432,3198115352482,0.545878,-0.055066638,9.605537,0.029321533,-0.008552114,0.0,TONIC,cadf7123329b
1775672327459,3198135372013,0.61052144,-0.12210429,9.653421,0.017104227,-0.010995574,0.0,TONIC,cadf7123329b
1775672327473,3198155422062,0.62728083,-0.11252748,9.667787,0.0,-0.002443461,0.0,TONIC,cadf7123329b
1775672327495,3198175441593,0.61770403,-0.12210429,9.61272,-0.0061086523,0.013439035,-0.0012217305,TONIC,cadf7123329b
1775672327546,3198195491642,0.60812724,-0.16519992,9.631873,-0.013439035,0.02321288,-0.0012217305,TONIC,cadf7123329b
1775672327548,3198215541691,0.50996494,-0.1436521,9.61272,-0.007330383,0.021991149,0.0,TONIC,cadf7123329b
1775672327555,3198235561222,0.46926352,-0.06703765,9.627085,-0.012217305,0.015882496,-0.0012217305,TONIC,cadf7123329b
1775672327572,3198255611271,0.6344634,-0.093373865,9.603143,-0.008552114,0.012217305,-0.002443461,TONIC,cadf7123329b
1775672327594,3198275630802,0.5650316,-0.11492168,9.631873,0.008552114,0.010995574,-0.002443461,TONIC,cadf7123329b
1775672327625,3198295650333,0.5267244,-0.12210429,9.605537,0.004886922,0.009773844,-0.0012217305,TONIC,cadf7123329b
1775672327635,3198315730900,0.59136784,-0.1340753,9.643845,0.0012217305,0.007330383,-0.0012217305,TONIC,cadf7123329b
1775672327654,3198335780949,0.62249243,-0.12689269,9.646238,-0.0061086523,0.002443461,-0.0012217305,TONIC,cadf7123329b
1775672327677,3198355830998,0.5243302,-0.08140286,9.617508,-0.015882496,0.0,-0.0012217305,TONIC,cadf7123329b
1775672327694,3198375850529,0.50517654,-0.19153613,9.600749,-0.021991149,-0.013439035,-0.0012217305,TONIC,cadf7123329b
1775672327721,3198395931095,0.62728083,-0.24181437,9.68694,-0.02565634,-0.018325957,0.0012217305,TONIC,cadf7123329b
1775672327738,3198415981144,0.6440403,-0.16998832,9.588778,-0.014660766,-0.014660766,0.0012217305,TONIC,cadf7123329b
1775672327754,3198436031193,0.6368576,-0.18914193,9.67018,-0.002443461,0.0061086523,-0.0012217305,TONIC,cadf7123329b
1775672327775,3198456081242,0.5243302,-0.019153614,9.61272,0.008552114,0.015882496,-0.0036651916,TONIC,cadf7123329b
1775672327809,3198476131291,0.56982,-0.1364695,9.665392,-0.0061086523,0.007330383,-0.002443461,TONIC,cadf7123329b
1775672327816,3198496181339,0.60094464,-0.19153613,9.643845,-0.0036651916,0.004886922,-0.0012217305,TONIC,cadf7123329b
1775672327843,3198516231388,0.45250413,-0.2753332,9.624691,0.02076942,0.007330383,-0.002443461,TONIC,cadf7123329b
1775672327856,3198536311955,0.58897364,-0.19393034,9.627085,0.04642576,-0.019547688,-0.002443461,TONIC,cadf7123329b
1775672327875,3198556392521,0.6464345,-0.10534488,9.689334,0.04642576,-0.019547688,-0.0036651916,TONIC,cadf7123329b
1775672327902,3198576473087,0.63206923,-0.095768064,9.648633,0.035430185,-0.004886922,-0.002443461,TONIC,cadf7123329b
1775672327921,3198596553654,0.60573304,-0.08619126,9.667787,0.02076942,-0.002443461,-0.0012217305,TONIC,cadf7123329b
1775672327942,3198616603703,0.60812724,-0.076614454,9.706094,0.0061086523,0.014660766,-0.0012217305,TONIC,cadf7123329b
1775672327956,3198636684269,0.5530606,0.06703765,9.605537,-0.0061086523,0.02076942,-0.0012217305,TONIC,cadf7123329b
1775672327977,3198656734318,0.557849,-0.21068975,9.598354,-0.032986723,0.008552114,0.0012217305,TONIC,cadf7123329b
1775672328016,3198676845402,0.61291564,-0.29927522,9.691729,-0.010995574,0.0036651916,-0.0012217305,TONIC,cadf7123329b
1775672328023,3198696925968,0.5602432,-0.18674773,9.6845455,0.02687807,0.0,-0.0036651916,TONIC,cadf7123329b
1775672328036,3198717006535,0.6368576,-0.02873042,9.636662,0.042760566,-0.018325957,-0.0012217305,TONIC,cadf7123329b
1775672328065,3198737087101,0.58657944,0.0,9.615114,0.036651913,-0.015882496,-0.002443461,TONIC,cadf7123329b
1775672328078,3198757106632,0.5530606,0.016759412,9.600749,0.014660766,0.0,-0.0012217305,TONIC,cadf7123329b
1775672328115,3198777126164,0.533907,-0.15322891,9.636662,-0.012217305,0.009773844,-0.0012217305,TONIC,cadf7123329b
1775672328118,3198797145695,0.63206923,-0.16519992,9.627085,-0.02076942,0.012217305,-0.0012217305,TONIC,cadf7123329b
1775672328145,3198817195744,0.6464345,-0.095768064,9.588778,-0.014660766,0.0061086523,-0.0012217305,TONIC,cadf7123329b
1775672328156,3198837215275,0.51475334,-0.21068975,9.682152,-0.002443461,0.008552114,-0.002443461,TONIC,cadf7123329b
1775672328174,3198857204289,0.5650316,-0.1340753,9.634268,0.012217305,0.007330383,-0.002443461,TONIC,cadf7123329b
1775672328215,3198877254337,0.59855044,-0.04070143,9.679757,0.013439035,0.0036651916,-0.002443461,TONIC,cadf7123329b
1775672328217,3198897273869,0.51714754,-0.12928689,9.6845455,0.0,0.008552114,0.0,TONIC,cadf7123329b
1775672328238,3198917323917,0.641646,-0.25139117,9.691729,-0.007330383,-0.007330383,-0.0012217305,TONIC,cadf7123329b
1775672328254,3198937343449,0.60812724,-0.074220255,9.55047,-0.004886922,-0.013439035,-0.0012217305,TONIC,cadf7123329b
1775672328275,3198957393498,0.62249243,-0.20111294,9.65821,0.0,0.008552114,0.0,TONIC,cadf7123329b
1775672328309,3198977413029,0.60573304,-0.05267244,9.76116,0.021991149,0.039095376,0.0,TONIC,cadf7123329b
1775672328317,3198997493595,0.5722142,-0.035913024,9.61272,0.010995574,0.035430185,0.0,TONIC,cadf7123329b
1775672328337,3199017543644,0.56982,-0.110133275,9.665392,-0.018325957,0.02076942,-0.0012217305,TONIC,cadf7123329b
1775672328360,3199037593693,0.51714754,-0.23463176,9.617508,-0.018325957,0.017104227,0.0,TONIC,cadf7123329b
1775672328375,3199057643742,0.50278234,-0.25139117,9.682152,0.012217305,0.008552114,-0.002443461,TONIC,cadf7123329b
1775672328403,3199077693791,0.51235914,-0.079008654,9.639056,0.04642576,-0.002443461,-0.0036651916,TONIC,cadf7123329b
1775672328427,3199097713322,0.51235914,-0.011971008,9.636662,0.04642576,-0.021991149,-0.002443461,TONIC,cadf7123329b
1775672328436,3199117763371,0.5722142,-0.062249243,9.56723,0.017104227,-0.021991149,-0.0012217305,TONIC,cadf7123329b
1775672328454,3199137782902,0.6655881,-0.11971009,9.631873,-0.008552114,-0.017104227,0.0,TONIC,cadf7123329b
1775672328474,3199157832951,0.61770403,-0.15083471,9.639056,-0.010995574,-0.002443461,0.0,TONIC,cadf7123329b
1775672328503,3199177883000,0.61291564,-0.15801731,9.555259,0.0036651916,0.012217305,0.0012217305,TONIC,cadf7123329b
1775672328525,3199197902531,0.5602432,-0.01436521,9.595961,-0.004886922,0.029321533,0.0012217305,TONIC,cadf7123329b
1775672328536,3199217922062,0.60573304,-0.12689269,9.698911,-0.02321288,0.037873644,0.002443461,TONIC,cadf7123329b
1775672328555,3199237972111,0.50757074,-0.17238252,9.679757,-0.02321288,0.030543262,0.0,TONIC,cadf7123329b
1775672328575,3199258022160,0.51714754,-0.260968,9.665392,-0.02443461,0.004886922,-0.0012217305,TONIC,cadf7123329b
1775672328610,3199278041691,0.58418524,-0.2705448,9.667787,0.0061086523,-0.008552114,-0.002443461,TONIC,cadf7123329b
1775672328621,3199298061222,0.5626374,-0.16280572,9.607931,0.037873644,-0.009773844,-0.002443461,TONIC,cadf7123329b
1775672328637,3199318080753,0.58418524,0.007182605,9.65821,0.043982297,-0.010995574,-0.002443461,TONIC,cadf7123329b
1775672328655,3199338100285,0.557849,0.016759412,9.655815,0.017104227,-0.009773844,-0.0012217305,TONIC,cadf7123329b
1775672328675,3199358150333,0.62249243,-0.02873042,9.61272,-0.018325957,-0.004886922,-0.0012217305,TONIC,cadf7123329b
1775672328708,3199378169865,0.50757074,-0.25378537,9.677363,-0.036651913,-0.0036651916,-0.0012217305,TONIC,cadf7123329b
1775672328717,3199398219914,0.6512229,-0.20350714,9.672575,-0.019547688,-0.007330383,0.0,TONIC,cadf7123329b
1775672328741,3199418239445,0.59136784,-0.21787235,9.624691,0.009773844,0.0061086523,-0.0012217305,TONIC,cadf7123329b
1775672328756,3199438289494,0.49799395,-0.06943185,9.583989,0.021991149,0.012217305,-0.0012217305,TONIC,cadf7123329b
1775672328782,3199458309025,0.5363012,-0.06943185,9.624691,-0.0036651916,0.008552114,-0.0036651916,TONIC,cadf7123329b
1775672328814,3199478328556,0.58657944,-0.11971009,9.667787,-0.02443461,0.004886922,-0.0012217305,TONIC,cadf7123329b
1775672328822,3199498348087,0.61770403,-0.11252748,9.627085,-0.018325957,0.015882496,-0.0012217305,TONIC,cadf7123329b
1775672328837,3199518398136,0.557849,-0.11252748,9.598354,-0.0012217305,0.017104227,-0.0012217305,TONIC,cadf7123329b
1775672328855,3199538478703,0.5770026,-0.16519992,9.672575,0.0061086523,0.009773844,0.0,TONIC,cadf7123329b
1775672328878,3199558528751,0.49559975,-0.1316811,9.655815,0.010995574,-0.007330383,-0.0012217305,TONIC,cadf7123329b
1775672328908,3199578548283,0.5267244,-0.1340753,9.562442,0.009773844,-0.018325957,-0.0012217305,TONIC,cadf7123329b
1775672328920,3199598567814,0.58418524,-0.18195933,9.655815,0.0061086523,-0.013439035,0.0,TONIC,cadf7123329b
1775672328942,3199618587345,0.5770026,-0.10534488,9.639056,0.008552114,-0.0036651916,0.0,TONIC,cadf7123329b
1775672328956,3199638576359,0.56982,0.016759412,9.634268,0.010995574,0.0,0.0,TONIC,cadf7123329b
1775672328976,3199658626408,0.5722142,-0.11252748,9.579201,-0.015882496,0.008552114,0.0012217305,TONIC,cadf7123329b
1775672329005,3199678645939,0.5506664,-0.19153613,9.605537,-0.02687807,0.014660766,0.0,TONIC,cadf7123329b
1775672329016,3199698695988,0.47644615,-0.14604631,9.682152,-0.028099801,0.008552114,0.002443461,TONIC,cadf7123329b
1775672329036,3199718776554,0.5482722,-0.19632454,9.61272,-0.02321288,0.007330383,0.0012217305,TONIC,cadf7123329b
1775672329056,3199738826603,0.557849,-0.17238252,9.643845,-0.007330383,0.004886922,-0.0012217305,TONIC,cadf7123329b
1775672329077,3199758907169,0.6392518,-0.1436521,9.572019,0.0012217305,-0.0012217305,-0.0012217305,TONIC,cadf7123329b
1775672329103,3199778926701,0.50278234,-0.18914193,9.655815,-0.0036651916,0.007330383,-0.002443461,TONIC,cadf7123329b
1775672329120,3199798976750,0.5530606,-0.11971009,9.65821,0.0,0.0,-0.0012217305,TONIC,cadf7123329b
1775672329141,3199819026798,0.47644615,-0.15562311,9.617508,-0.004886922,-0.009773844,0.0,TONIC,cadf7123329b
1775672329156,3199839076847,0.59376204,-0.15322891,9.629479,-0.004886922,-0.013439035,0.0,TONIC,cadf7123329b
1775672329179,3199859096378,0.45010993,-0.11252748,9.591172,-0.007330383,-0.014660766,0.002443461,TONIC,cadf7123329b
1775672329203,3199879115910,0.6464345,-0.17238252,9.624691,-0.010995574,-0.028099801,0.002443461,TONIC,cadf7123329b
1775672329220,3199899104923,0.7326257,-0.2705448,9.564836,0.009773844,-0.010995574,0.002443461,TONIC,cadf7123329b
1775672329242,3199919154972,0.5793968,0.07182605,9.646238,0.042760566,0.02321288,-0.0012217305,TONIC,cadf7123329b
1775672329256,3199939174503,0.5770026,0.23702596,9.545682,-0.0036651916,0.028099801,-0.002443461,TONIC,cadf7123329b
1775672329278,3199959194035,0.62488663,-0.22744916,9.667787,-0.07086037,0.02687807,0.0,TONIC,cadf7123329b
1775672329309,3199979213566,0.5386954,-0.33997664,9.646238,-0.061086524,0.02321288,0.0,TONIC,cadf7123329b
1775672329321,3199999263615,0.5722142,-0.30406362,9.600749,-0.02565634,0.014660766,0.0,TONIC,cadf7123329b
1775672329337,3200019313664,0.50517654,-0.2681506,9.603143,0.013439035,0.0061086523,0.0012217305,TONIC,cadf7123329b
1775672329357,3200039333195,0.45968673,-0.15083471,9.643845,0.039095376,0.0036651916,0.0,TONIC,cadf7123329b
1775672329386,3200059383244,0.50278234,-0.093373865,9.660604,0.028099801,-0.013439035,0.0012217305,TONIC,cadf7123329b
1775672329404,3200079433292,0.5482722,-0.02633622,9.660604,0.0,-0.018325957,-0.0012217305,TONIC,cadf7123329b
1775672329418,3200099483341,0.6799533,-0.17477672,9.605537,-0.034208454,-0.013439035,0.0,TONIC,cadf7123329b
1775672329442,3200119563908,0.581791,-0.34237084,9.588778,-0.028099801,0.0012217305,0.0,TONIC,cadf7123329b
1775672329458,3200139583439,0.63206923,0.0,9.595961,0.013439035,0.018325957,-0.002443461,TONIC,cadf7123329b
1775672329486,3200159633488,0.5410896,-0.02873042,9.619903,0.002443461,0.019547688,-0.0012217305,TONIC,cadf7123329b
1775672329502,3200179683537,0.51714754,-0.10295067,9.607931,-0.030543262,0.02076942,0.0,TONIC,cadf7123329b
1775672329519,3200199733585,0.50038815,-0.2896984,9.689334,-0.040317107,0.008552114,0.0,TONIC,cadf7123329b
1775672329539,3200219814152,0.5746084,-0.38307226,9.639056,-0.0036651916,0.002443461,-0.0012217305,TONIC,cadf7123329b
1775672329561,3200239833683,0.5506664,-0.1436521,9.634268,0.02321288,-0.004886922,-0.0012217305,TONIC,cadf7123329b
1775672329586,3200259883732,0.5291186,-0.14604631,9.651027,0.019547688,-0.015882496,0.0,TONIC,cadf7123329b
1775672329609,3200279933781,0.5674258,-0.059855044,9.718064,0.002443461,-0.008552114,-0.0012217305,TONIC,cadf7123329b
1775672329621,3200300044865,0.5267244,-0.21547815,9.624691,-0.012217305,0.0061086523,0.0,TONIC,cadf7123329b
1775672329640,3200320094914,0.5506664,-0.2657564,9.619903,-0.0012217305,0.0,-0.0012217305,TONIC,cadf7123329b
1775672329661,3200340175480,0.5291186,-0.1340753,9.622296,0.02321288,0.0061086523,-0.0012217305,TONIC,cadf7123329b
1775672329692,3200360225529,0.48362875,-0.088585466,9.591172,0.012217305,0.007330383,0.0,TONIC,cadf7123329b
1775672329702,3200380336613,0.51475334,-0.1604115,9.7084875,-0.007330383,-0.008552114,-0.002443461,TONIC,cadf7123329b
1775672329725,3200400356144,0.5602432,-0.23223756,9.65821,-0.007330383,-0.010995574,-0.0036651916,TONIC,cadf7123329b
1775672329738,3200420406193,0.59855044,-0.21547815,9.610326,0.013439035,-0.0012217305,-0.004886922,TONIC,cadf7123329b
1775672329757,3200440456242,0.5674258,-0.10534488,9.624691,0.021991149,-0.002443461,-0.0036651916,TONIC,cadf7123329b
1775672329786,3200460445255,0.60094464,-0.1364695,9.622296,0.012217305,-0.004886922,-0.0012217305,TONIC,cadf7123329b
1775672329802,3200480434269,0.5386954,-0.110133275,9.593566,0.0036651916,0.0012217305,0.0,TONIC,cadf7123329b
1775672329825,3200500484318,0.59615624,-0.25857377,9.593566,-0.002443461,0.004886922,-0.0012217305,TONIC,cadf7123329b
1775672329837,3200520503849,0.58418524,-0.21547815,9.639056,0.013439035,0.018325957,0.0,TONIC,cadf7123329b
1775672329857,3200540523380,0.47165772,-0.08619126,9.651027,0.015882496,0.02321288,0.0,TONIC,cadf7123329b
1775672329886,3200560542912,0.50038815,-0.22266077,9.715671,0.014660766,0.010995574,0.0,TONIC,cadf7123329b
1775672329905,3200580562443,0.48602295,-0.17956513,9.591172,0.02321288,-0.0061086523,-0.002443461,TONIC,cadf7123329b
1775672329917,3200600581974,0.5506664,-0.20590134,9.617508,0.021991149,-0.0012217305,-0.004886922,TONIC,cadf7123329b
1775672329941,3200620632023,0.46208093,-0.11971009,9.579201,0.029321533,0.008552114,-0.002443461,TONIC,cadf7123329b
1775672329960,3200640651554,0.5722142,-0.15083471,9.631873,0.02321288,-0.012217305,-0.0012217305,TONIC,cadf7123329b
1775672329982,3200660701603,0.56982,-0.17956513,9.639056,0.028099801,-0.008552114,0.0,TONIC,cadf7123329b
1775672330000,3200680721134,0.50278234,-0.17238252,9.636662,0.036651913,0.0061086523,-0.002443461,TONIC,cadf7123329b
1775672330019,3200700740666,0.48123455,-0.055066638,9.600749,0.03176499,-0.0012217305,-0.002443461,TONIC,cadf7123329b
1775672330038,3200720790714,0.5770026,0.031124622,9.648633,0.02687807,-0.009773844,-0.0012217305,TONIC,cadf7123329b
1775672330059,3200740871281,0.5530606,0.045489833,9.603143,0.002443461,0.008552114,-0.002443461,TONIC,cadf7123329b
1775672330091,3200760951847,0.56982,-0.19393034,9.64145,-0.018325957,0.0012217305,-0.0012217305,TONIC,cadf7123329b
1775672330102,3200780971378,0.62249243,-0.10295067,9.631873,-0.007330383,0.0061086523,-0.0036651916,TONIC,cadf7123329b
1775672330125,3200800990910,0.5315128,-0.16759412,9.694122,0.002443461,0.02076942,-0.002443461,TONIC,cadf7123329b
1775672330138,3200821010441,0.51475334,0.0,9.674969,0.0036651916,0.015882496,-0.002443461,TONIC,cadf7123329b
1775672330159,3200841029972,0.45010993,0.01436521,9.694122,-0.02321288,-0.004886922,0.0,TONIC,cadf7123329b
1775672330192,3200861080021,0.50278234,-0.12449849,9.653421,-0.042760566,-0.018325957,0.0012217305,TONIC,cadf7123329b
1775672330199,3200881099552,0.5386954,-0.25139117,9.643845,-0.043982297,-0.02565634,0.002443461,TONIC,cadf7123329b
1775672330219,3200901149601,0.5506664,-0.12210429,9.679757,-0.037873644,-0.02076942,0.0,TONIC,cadf7123329b
1775672330238,3200921199650,0.6440403,-0.2681506,9.622296,-0.02443461,0.0,0.0012217305,TONIC,cadf7123329b
1775672330258,3200941249699,0.56982,-0.20590134,9.677363,-0.012217305,0.0061086523,0.002443461,TONIC,cadf7123329b
1775672330286,3200961269230,0.45729253,-0.23942018,9.588778,-0.009773844,-0.009773844,0.0036651916,TONIC,cadf7123329b
1775672330309,3200981288761,0.61530983,-0.05746084,9.581595,-0.009773844,-0.018325957,0.004886922,TONIC,cadf7123329b
1775672330320,3201001338810,0.545878,-0.090979666,9.617508,-0.037873644,0.008552114,0.004886922,TONIC,cadf7123329b
1775672330342,3201021358341,0.51714754,-0.02633622,9.586384,-0.058643065,0.009773844,0.0061086523,TONIC,cadf7123329b
1775672330359,3201041377873,0.59136784,-0.15562311,9.660604,-0.073303826,-0.017104227,0.007330383,TONIC,cadf7123329b
1775672330392,3201061427921,0.62488663,-0.2825158,9.682152,-0.06719518,-0.014660766,0.004886922,TONIC,cadf7123329b
1775672330400,3201081447453,0.5243302,-0.16759412,9.67018,-0.05497787,0.013439035,0.0036651916,TONIC,cadf7123329b
1775672330424,3201101497501,0.5530606,-0.2801216,9.65821,-0.04642576,0.014660766,0.004886922,TONIC,cadf7123329b
1775672330438,3201121517033,0.59855044,-0.31603462,9.639056,-0.032986723,0.02321288,0.004886922,TONIC,cadf7123329b
1775672330459,3201141567082,0.5626374,-0.3184288,9.555259,-0.036651913,0.030543262,0.004886922,TONIC,cadf7123329b
1775672330490,3201161617130,0.5363012,-0.36631286,9.653421,-0.02565634,0.017104227,0.004886922,TONIC,cadf7123329b
1775672330499,3201181636662,0.545878,-0.31364042,9.636662,-0.0061086523,0.014660766,0.004886922,TONIC,cadf7123329b
1775672330521,3201201625675,0.46208093,-0.30406362,9.65821,0.0,0.014660766,0.0036651916,TONIC,cadf7123329b
1775672330539,3201221675724,0.45010993,-0.16759412,9.660604,0.008552114,-0.002443461,0.002443461,TONIC,cadf7123329b
1775672330561,3201241695255,0.5315128,-0.33279404,9.629479,0.02443461,-0.02687807,0.002443461,TONIC,cadf7123329b
1775672330589,3201261745304,0.62728083,-0.06703765,9.624691,0.035430185,-0.018325957,0.002443461,TONIC,cadf7123329b
1775672330603,3201281764835,0.5506664,0.16280572,9.61272,-0.007330383,0.0012217305,0.002443461,TONIC,cadf7123329b
1775672330622,3201301814884,0.557849,-0.19153613,9.631873,-0.09162979,-0.009773844,0.0012217305,TONIC,cadf7123329b
1775672330643,3201321864933,0.545878,-0.5434838,9.660604,-0.10995574,-0.012217305,0.002443461,TONIC,cadf7123329b
1775672330660,3201341914982,0.56982,-0.49559975,9.674969,-0.04886922,-0.010995574,-0.002443461,TONIC,cadf7123329b
1775672330686,3201361965031,0.5410896,-0.40462008,9.672575,-0.004886922,-0.02443461,0.0,TONIC,cadf7123329b
1775672330702,3201382015080,0.5267244,-0.2873042,9.6845455,0.02565634,-0.035430185,-0.0012217305,TONIC,cadf7123329b
1775672330719,3201402034611,0.545878,-0.35913026,9.67018,0.034208454,-0.042760566,-0.002443461,TONIC,cadf7123329b
1775672330739,3201422084660,0.7278373,-0.260968,9.605537,0.04642576,-0.043982297,-0.002443461,TONIC,cadf7123329b
1775672330760,3201442134708,0.62009823,-0.25617957,9.531317,0.05009095,-0.02565634,-0.004886922,TONIC,cadf7123329b
1775672330790,3201462184757,0.7086837,-0.18195933,9.648633,0.04520403,-0.0061086523,-0.004886922,TONIC,cadf7123329b
1775672330799,3201482204289,0.61291564,-0.08619126,9.591172,0.029321533,0.019547688,-0.002443461,TONIC,cadf7123329b
1775672330831,3201502254337,0.641646,-0.0047884034,9.655815,-0.015882496,0.030543262,-0.0012217305,TONIC,cadf7123329b
1775672330839,3201522304386,0.545878,-0.18914193,9.629479,-0.056199603,0.021991149,0.0012217305,TONIC,cadf7123329b
1775672330860,3201542323917,0.63206923,-0.521936,9.639056,-0.04886922,0.012217305,0.002443461,TONIC,cadf7123329b
1775672330886,3201562343449,0.62488663,-0.4309563,9.622296,0.02076942,0.013439035,0.0,TONIC,cadf7123329b
1775672330904,3201582362980,0.5434838,-0.2896984,9.581595,0.064751714,0.018325957,0.0012217305,TONIC,cadf7123329b
1775672330919,3201602413029,0.48602295,-0.090979666,9.653421,0.06352998,0.013439035,0.0012217305,TONIC,cadf7123329b
1775672330939,3201622463078,0.545878,-0.1340753,9.579201,0.02321288,-0.0061086523,0.002443461,TONIC,cadf7123329b
1775672330961,3201642482609,0.557849,-0.25378537,9.615114,0.008552114,-0.021991149,0.0,TONIC,cadf7123329b
1775672330985,3201662502140,0.5674258,-0.021547815,9.615114,0.019547688,-0.012217305,-0.002443461,TONIC,cadf7123329b
1775672331008,3201682521671,0.5722142,0.035913024,9.653421,-0.004886922,-0.0012217305,-0.0012217305,TONIC,cadf7123329b
1775672331020,3201702541203,0.5793968,-0.25617957,9.588778,-0.030543262,0.0012217305,0.0012217305,TONIC,cadf7123329b
1775672331041,3201722591251,0.6512229,-0.30645782,9.672575,-0.02321288,0.007330383,0.002443461,TONIC,cadf7123329b
1775672331069,3201742610783,0.59615624,-0.32321724,9.631873,0.0036651916,0.012217305,0.0012217305,TONIC,cadf7123329b
1775672331087,3201762691349,0.533907,-0.25617957,9.61272,0.010995574,0.012217305,0.0,TONIC,cadf7123329b
1775672331101,3201782741398,0.59615624,-0.17238252,9.67018,0.0061086523,-0.007330383,0.0012217305,TONIC,cadf7123329b
1775672331122,3201802821964,0.5793968,-0.19393034,9.648633,-0.008552114,-0.009773844,0.0036651916,TONIC,cadf7123329b
1775672331142,3201822841496,0.6368576,-0.38067806,9.555259,-0.02076942,-0.008552114,0.0036651916,TONIC,cadf7123329b
1775672331172,3201842861027,0.7517793,-0.1604115,9.555259,-0.019547688,0.009773844,0.0012217305,TONIC,cadf7123329b
1775672331182,3201862911076,0.62967503,-0.18914193,9.679757,-0.02321288,0.047647487,0.0012217305,TONIC,cadf7123329b
1775672331208,3201882961125,0.545878,-0.15801731,9.667787,-0.037873644,0.05375614,0.0061086523,TONIC,cadf7123329b
1775672331222,3201903041691,0.50278234,-0.2657564,9.605537,-0.057421334,0.032986723,0.013439035,TONIC,cadf7123329b
1775672331243,3201923152775,0.58897364,-0.5482722,9.627085,-0.04642576,0.029321533,0.012217305,TONIC,cadf7123329b
1775672331273,3201943202824,0.545878,-0.40701428,9.636662,0.009773844,0.028099801,0.008552114,TONIC,cadf7123329b
1775672331282,3201963283390,0.46926352,-0.18195933,9.603143,0.034208454,0.007330383,0.007330383,TONIC,cadf7123329b
1775672331303,3201983394474,0.50038815,-0.1436521,9.665392,0.02565634,-0.02687807,0.010995574,TONIC,cadf7123329b
1775672331323,3202003444523,0.60094464,-0.14844051,9.662998,-0.0061086523,-0.04520403,0.009773844,TONIC,cadf7123329b
1775672331347,3202023525089,0.6847417,-0.18674773,9.622296,-0.037873644,-0.036651913,0.008552114,TONIC,cadf7123329b
1775672331369,3202043575138,0.63206923,-0.40222588,9.665392,-0.052534413,-0.02076942,0.010995574,TONIC,cadf7123329b
1775672331386,3202063655705,0.5267244,-0.30406362,9.473856,-0.02565634,-0.0036651916,0.008552114,TONIC,cadf7123329b
1775672331402,3202083675236,0.46686932,-0.06464344,9.526528,-0.02076942,0.0036651916,0.007330383,TONIC,cadf7123329b
1775672331424,3202103694767,0.62009823,-0.23942018,9.679757,-0.06963864,0.008552114,0.017104227,TONIC,cadf7123329b
1775672331441,3202123714298,0.6536171,-0.19393034,9.536105,-0.09162979,0.02687807,0.018325957,TONIC,cadf7123329b
1775672331469,3202143733830,0.5770026,-0.37828386,9.643845,-0.12339478,0.02565634,0.019547688,TONIC,cadf7123329b
1775672331485,3202163753361,0.60094464,-0.7134721,9.689334,-0.119729586,0.02565634,0.017104227,TONIC,cadf7123329b
1775672331501,3202183772892,0.47405192,-0.6799533,9.662998,-0.037873644,0.02321288,0.007330383,TONIC,cadf7123329b
1775672331521,3202203792423,0.45010993,-0.61770403,9.61272,0.037873644,0.014660766,-0.0012217305,TONIC,cadf7123329b
1775672331541,3202223811955,0.49081135,-0.50278234,9.665392,0.096516706,-0.010995574,0.0012217305,TONIC,cadf7123329b
1775672331562,3202243831486,0.49081135,-0.40222588,9.694122,0.12950343,-0.042760566,-0.0012217305,TONIC,cadf7123329b
1775672331592,3202263851017,0.5315128,-0.21068975,9.674969,0.12583824,-0.09040806,-0.0061086523,TONIC,cadf7123329b
1775672331604,3202283931583,0.79008657,-0.033518825,9.466674,0.095294975,-0.119729586,-0.004886922,TONIC,cadf7123329b
1775672331621,3202303951115,0.79487497,-0.06703765,9.68694,0.036651913,-0.05131268,-0.004886922,TONIC,cadf7123329b
1775672331641,3202323970646,0.59136784,0.059855044,9.631873,-0.018325957,0.03176499,-0.002443461,TONIC,cadf7123329b
1775672331669,3202343959660,0.533907,-0.062249243,9.555259,-0.10262536,0.02321288,0.0036651916,TONIC,cadf7123329b
1775672331682,3202364009708,0.80445176,-0.5722142,9.655815,-0.13805555,-0.015882496,0.008552114,TONIC,cadf7123329b
1775672331707,3202384029240,0.7541735,-0.78529817,9.651027,-0.080634214,0.010995574,0.009773844,TONIC,cadf7123329b
1775672331722,3202404109806,0.6775591,-0.7062895,9.598354,0.034208454,0.04520403,0.007330383,TONIC,cadf7123329b
1775672331749,3202424159855,0.51475334,-0.4357447,9.564836,0.10751228,0.05131268,0.007330383,TONIC,cadf7123329b
1775672331772,3202444148869,0.40222588,-0.33758244,9.655815,0.13194689,0.034208454,0.0061086523,TONIC,cadf7123329b
1775672331781,3202464198917,0.51235914,-0.2705448,9.758766,0.1282817,-0.0012217305,0.0012217305,TONIC,cadf7123329b
1775672331808,3202484279484,0.5650316,-0.090979666,9.713276,0.12217305,-0.037873644,-0.0036651916,TONIC,cadf7123329b
1775672331821,3202504299015,0.6344634,0.14844051,9.619903,0.08307768,-0.040317107,-0.0036651916,TONIC,cadf7123329b
1775672331848,3202524349064,0.61770403,-0.15562311,9.603143,0.012217305,-0.004886922,-0.0012217305,TONIC,cadf7123329b
1775672331869,3202544368595,0.557849,-0.4141969,9.61272,0.014660766,0.02076942,-0.0012217305,TONIC,cadf7123329b
1775672331893,3202564388126,0.47644615,-0.2753332,9.617508,0.057421334,0.0036651916,0.0,TONIC,cadf7123329b
1775672331902,3202584407658,0.48602295,-0.110133275,9.555259,0.06719518,-0.02321288,0.004886922,TONIC,cadf7123329b
1775672331922,3202604427189,0.49559975,-0.1364695,9.725247,0.040317107,-0.04886922,0.012217305,TONIC,cadf7123329b
1775672331942,3202624446720,0.7038953,-0.095768064,9.627085,0.02076942,-0.05497787,0.013439035,TONIC,cadf7123329b
1775672331975,3202644466251,0.7422025,-0.06464344,9.617508,0.0012217305,-0.04153884,0.009773844,TONIC,cadf7123329b
1775672331982,3202664485783,0.7493851,0.01436521,9.605537,-0.02687807,-0.017104227,0.008552114,TONIC,cadf7123329b
1775672332015,3202684505314,0.61530983,-0.05746084,9.600749,-0.06841691,0.0061086523,0.004886922,TONIC,cadf7123329b
1775672332027,3202704524845,0.62488663,-0.21547815,9.509769,-0.10262536,0.008552114,0.007330383,TONIC,cadf7123329b
1775672332045,3202724544376,0.61291564,-0.39743748,9.629479,-0.105068825,-0.004886922,0.009773844,TONIC,cadf7123329b
1775672332079,3202744594425,0.6631939,-0.4429273,9.672575,-0.0720821,-0.008552114,0.007330383,TONIC,cadf7123329b
1775672332085,3202764644474,0.58657944,-0.4285621,9.636662,-0.02321288,0.0,0.0036651916,TONIC,cadf7123329b
1775672332111,3202784664005,0.62249243,-0.30885202,9.718064,-0.010995574,-0.019547688,0.004886922,TONIC,cadf7123329b
1775672332121,3202804683537,0.6919243,-0.10534488,9.583989,-0.030543262,-0.028099801,0.0061086523,TONIC,cadf7123329b
1775672332143,3202824703068,0.6368576,-0.2681506,9.55047,-0.06719518,0.0036651916,0.0061086523,TONIC,cadf7123329b
1775672332175,3202844753117,0.62249243,-0.35913026,9.564836,-0.07941248,0.035430185,0.0036651916,TONIC,cadf7123329b
1775672332182,3202864772648,0.6488287,-0.25139117,9.677363,-0.065973446,0.04642576,0.0036651916,TONIC,cadf7123329b
1775672332202,3202884792179,0.6392518,-0.33997664,9.600749,-0.057421334,0.04642576,0.0036651916,TONIC,cadf7123329b
1775672332222,3202904842228,0.61530983,-0.50996494,9.607931,-0.04520403,0.042760566,0.007330383,TONIC,cadf7123329b
1775672332242,3202924831242,0.641646,-0.5770026,9.646238,-0.008552114,0.02321288,0.007330383,TONIC,cadf7123329b
1775672332274,3202944881291,0.581791,-0.39743748,9.595961,0.034208454,0.015882496,0.002443461,TONIC,cadf7123329b
1775672332282,3202964900822,0.557849,-0.34715924,9.648633,0.05009095,0.009773844,0.0036651916,TONIC,cadf7123329b
1775672332308,3202984920353,0.61052144,-0.37349546,9.586384,0.042760566,-0.004886922,0.002443461,TONIC,cadf7123329b
1775672332323,3203004970402,0.581791,-0.19393034,9.634268,0.014660766,-0.007330383,0.0012217305,TONIC,cadf7123329b
1775672332351,3203025020451,0.59855044,-0.28491,9.696517,-0.010995574,-0.017104227,0.0036651916,TONIC,cadf7123329b
1775672332375,3203045039982,0.7230489,-0.24899697,9.562442,-0.0061086523,-0.02443461,0.007330383,TONIC,cadf7123329b
1775672332384,3203065059513,0.7350199,-0.17238252,9.591172,-0.015882496,0.017104227,0.0061086523,TONIC,cadf7123329b
1775672332409,3203085109562,0.5434838,-0.14604631,9.631873,-0.062308256,0.062308256,0.0061086523,TONIC,cadf7123329b
1775672332422,3203105129093,0.50038815,-0.16519992,9.689334,-0.12217305,0.04153884,0.009773844,TONIC,cadf7123329b
1775672332443,3203125179142,0.60812724,-0.51954174,9.555259,-0.16249016,-0.007330383,0.013439035,TONIC,cadf7123329b
1775672332466,3203145198673,0.60094464,-0.62967503,9.598354,-0.15027285,-0.0036651916,0.013439035,TONIC,cadf7123329b
1775672332491,3203165218205,0.60094464,-0.51714754,9.624691,-0.09896017,0.017104227,0.009773844,TONIC,cadf7123329b
1775672332504,3203185207218,0.38307226,-0.5386954,9.746795,-0.04520403,-0.032986723,-0.0061086523,TONIC,cadf7123329b
1775672332558,3203205257267,0.7302315,-0.38307226,9.536105,-0.037873644,-0.13072516,0.0061086523,TONIC,cadf7123329b
1775672332560,3203225246281,0.8834604,-0.533907,9.691729,-0.07941248,-0.09285152,-0.0012217305,TONIC,cadf7123329b
1775672332585,3203245296330,0.90979666,-0.62009823,9.509769,-0.08674286,0.018325957,0.010995574,TONIC,cadf7123329b
1775672332601,3203265315861,0.5243302,-0.1364695,9.514558,-0.095294975,0.14905111,0.0036651916,TONIC,cadf7123329b
1775672332605,3203285365910,0.37828386,-0.5674258,9.703699,-0.15271631,0.12461651,0.004886922,TONIC,cadf7123329b
1775672332625,3203305415958,0.49799395,-0.9983821,9.7324295,-0.12461651,0.019547688,0.0036651916,TONIC,cadf7123329b
1775672332651,3203325435490,0.6823475,-0.6464345,9.579201,-0.04153884,-0.032986723,0.007330383,TONIC,cadf7123329b
1775672332674,3203345485539,0.7086837,-0.5530606,9.560047,-0.02565634,0.015882496,0.002443461,TONIC,cadf7123329b
1775672332684,3203365535587,0.50757074,-0.6679823,9.689334,-0.042760566,0.062308256,-0.004886922,TONIC,cadf7123329b
1775672332704,3203385585636,0.47884035,-0.59376204,9.636662,-0.039095376,0.02321288,-0.0036651916,TONIC,cadf7123329b
1775672332724,3203405605167,0.62488663,-0.5291186,9.545682,-0.042760566,-0.021991149,0.0012217305,TONIC,cadf7123329b
1775672332752,3203425716251,0.6440403,-0.6512229,9.622296,-0.058643065,-0.017104227,-0.002443461,TONIC,cadf7123329b
1775672332769,3203445735783,0.58657944,-0.79726917,9.665392,-0.035430185,-0.02687807,-0.0061086523,TONIC,cadf7123329b
1775672332785,3203465785832,0.62967503,-0.7254431,9.56723,0.0012217305,-0.057421334,-0.002443461,TONIC,cadf7123329b
1775672332805,3203485866398,0.6823475,-0.49559975,9.655815,0.015882496,-0.030543262,-0.002443461,TONIC,cadf7123329b
1775672332825,3203505916447,0.63206923,-0.49081135,9.55047,-0.0036651916,0.004886922,0.0,TONIC,cadf7123329b
1775672332861,3203525966496,0.4309563,-0.5746084,9.646238,-0.039095376,0.013439035,-0.0012217305,TONIC,cadf7123329b
1775672332866,3203546077580,0.40462008,0.92655605,4.951209,0.0036651916,-0.017104227,0.002443461,TONIC,cadf7123329b
1775672332902,3203566127628,1.1683705,-2.2266076,9.148245,-0.5143485,0.019547688,-0.012217305,TONIC,cadf7123329b
1775672332921,3203586208195,0.19632454,-0.8810662,11.027693,-0.16371189,0.15149458,-0.029321533,TONIC,cadf7123329b
1775672332927,3203606288761,-0.021547815,-0.41180268,9.514558,0.1160644,-0.08307768,0.0012217305,TONIC,cadf7123329b
1775672332953,3203626369328,1.448492,-0.045489833,9.11712,0.021991149,-0.344528,0.014660766,TONIC,cadf7123329b
1775672332970,3203646449894,1.2617443,-0.4213795,9.31105,-0.1001819,-0.0012217305,-0.007330383,TONIC,cadf7123329b
1775672333004,3203666560978,0.110133275,-1.0773908,9.928755,-0.11362094,0.28221974,-0.014660766,TONIC,cadf7123329b
1775672333035,3203686611027,0.09816227,-1.1372458,9.773131,-0.0061086523,0.047647487,0.0036651916,TONIC,cadf7123329b
1775672333037,3203706661076,0.56982,-0.9528923,9.713276,0.04520403,-0.103847094,0.010995574,TONIC,cadf7123329b
