# epoch_ms,event_ts_ns,AX,AY,AZ,GX,GY,GZ,label,sessionID
1775670475910,1060661261041415,-1.1947067,-10.067618,0.7374141,NaN,NaN,NaN,JERKING,efafd309f206
1775670475918,1060661269771331,-1.2234371,-10.038888,0.7781156,0.007330383,0.0036651916,0.0012217305,JERKING,efafd309f206
1775670475926,1060661277768171,-1.2258313,-10.01734,0.7781156,0.007330383,0.0036651916,0.0012217305,JERKING,efafd309f206
1775670475934,1060661285762087,-1.1994951,-10.01734,0.7637503,0.007330383,0.0036651916,0.0012217305,JERKING,efafd309f206
1775670475942,1060661293756235,-1.1707647,-10.0269165,0.7278373,0.007330383,0.0036651916,0.0012217305,JERKING,efafd309f206
1775670475950,1060661301716537,-1.127669,-10.01734,0.7206547,0.007330383,0.0036651916,0.0012217305,JERKING,efafd309f206
1775670475958,1060661309750300,-1.0749966,-9.993398,0.7445967,0.007330383,0.0036651916,0.0012217305,JERKING,efafd309f206
1775670475966,1060661317746293,-1.0055647,-10.000581,0.7733272,0.007330383,0.0036651916,0.0012217305,JERKING,efafd309f206
1775670475974,1060661325769672,-0.9576807,-9.983821,0.7757214,0.007330383,0.0036651916,0.0012217305,JERKING,efafd309f206
1775670475982,1060661333764512,-0.92176765,-9.97185,0.78769237,0.007330383,0.0036651916,0.0012217305,JERKING,efafd309f206
1775670475990,1060661341763814,-0.89782566,-9.976639,0.7661445,0.007330383,0.0036651916,0.0012217305,JERKING,efafd309f206
1775670475998,1060661349757730,-0.8834604,-9.947908,0.7350199,0.007330383,0.0036651916,0.0012217305,JERKING,efafd309f206
1775670476006,1060661357754262,-0.8523358,-9.957485,0.6847417,0.007330383,0.0036651916,0.0012217305,JERKING,efafd309f206
1775670476014,1060661365747564,-0.85473,-10.000581,0.6655881,0.007330383,0.0036651916,0.0012217305,JERKING,efafd309f206
1775670476022,1060661373744789,-0.81402856,-10.053253,0.6512229,0.007330383,0.0036651916,0.0012217305,JERKING,efafd309f206
1775670476030,1060661381770859,-0.82121116,-10.0748005,0.6679823,0.007330383,0.0036651916,0.0012217305,JERKING,efafd309f206
1775670476038,1060661389765006,-0.842759,-10.081984,0.6871359,0.007330383,0.0036651916,0.0012217305,JERKING,efafd309f206
1775670476046,1060661397761385,-0.8475474,-10.09156,0.6871359,0.026267206,0.13255776,-0.007941248,JERKING,efafd309f206
1775670476054,1060661405343148,-0.8834604,-10.093954,0.7134721,0.02443461,0.1282817,-0.007330383,JERKING,efafd309f206
1775670476062,1060661413751757,-0.8858546,-10.1226845,0.7326257,0.020158553,0.11484267,-0.0036651916,JERKING,efafd309f206
1775670476070,1060661421747212,-0.85473,-10.117896,0.7398083,0.017104227,0.106901415,-0.0012217305,JERKING,efafd309f206
1775670476078,1060661429774591,-0.82360536,-10.125079,0.7493851,0.014660766,0.09590584,0.0012217305,JERKING,efafd309f206
1775670476086,1060661437770507,-0.79726917,-10.103531,0.7445967,0.014049901,0.087964594,0.0,JERKING,efafd309f206
1775670476094,1060661445766193,-0.7613561,-10.09156,0.7062895,0.013439035,0.08307768,6.1086525E-4,JERKING,efafd309f206
1775670476102,1060661453761649,-0.7134721,-10.038888,0.6775591,0.012217305,0.07819075,0.0030543262,JERKING,efafd309f206
1775670476110,1060661461757566,-0.6775591,-10.029311,0.641646,0.01038471,0.07819075,0.002443461,JERKING,efafd309f206
1775670476118,1060661469753636,-0.63206923,-10.0029745,0.641646,0.0067195175,0.07269296,0.0018325958,JERKING,efafd309f206
1775670476126,1060661477749938,-0.60333884,-10.036493,0.6368576,0.002443461,0.07086037,0.0030543262,JERKING,efafd309f206
1775670476134,1060661485742855,-0.5410896,-10.041282,0.6655881,-0.0018325958,0.06719518,0.002443461,JERKING,efafd309f206
1775670476142,1060661493769848,-0.5363012,-10.038888,0.6967127,-0.005497787,0.0580322,0.0,JERKING,efafd309f206
1775670476150,1060661501765842,-0.50517654,-10.022128,0.7062895,-0.007330383,0.049480084,0.0,JERKING,efafd309f206
1775670476158,1060661509760067,-0.45968673,-9.976639,0.7182605,-0.007330383,0.03970624,-0.002443461,JERKING,efafd309f206
1775670476166,1060661517758830,-0.4237737,-9.945514,0.6895301,-0.004886922,0.02687807,-0.004886922,JERKING,efafd309f206
1775670476174,1060661525753208,-0.39983168,-9.962274,0.61291564,-6.1086525E-4,0.009162978,-0.008552114,JERKING,efafd309f206
1775670476182,1060661533746509,-0.38067806,-10.005369,0.5554548,-0.0012217305,-0.004886922,-0.008552114,JERKING,efafd309f206
1775670476190,1060661541743965,-0.40940848,-10.029311,0.5267244,-0.002443461,-0.018936822,-0.009773844,JERKING,efafd309f206
1775670476198,1060661549769497,-0.44532153,-10.058042,0.50757074,-0.007941248,-0.035430185,-0.012217305,JERKING,efafd309f206
1775670476206,1060661557765798,-0.49320555,-10.096349,0.5291186,-0.014660766,-0.044593163,-0.012217305,JERKING,efafd309f206
1775670476214,1060661565759638,-0.5650316,-10.101137,0.5650316,-0.02443461,-0.0580322,-0.012217305,JERKING,efafd309f206
1775670476222,1060661573755094,-0.6536171,-10.053253,0.61291564,-0.028099801,-0.06352998,-0.01282817,JERKING,efafd309f206
1775670476230,1060661581752549,-0.7422025,-10.043676,0.6631939,-0.03176499,-0.06841691,-0.014660766,JERKING,efafd309f206
1775670476238,1060661589746388,-0.81881696,-9.986216,0.6751649,-0.031154128,-0.07147124,-0.013439035,JERKING,efafd309f206
1775670476246,1060661597775075,-0.89782566,-9.988609,0.6488287,-0.031154128,-0.07696902,-0.012217305,JERKING,efafd309f206
1775670476254,1060661605769453,-0.9576807,-10.005369,0.6368576,-0.028710667,-0.07941248,-0.009162978,JERKING,efafd309f206
1775670476262,1060661613763677,-0.9959879,-10.038888,0.62249243,-0.02565634,-0.07941248,-0.004886922,JERKING,efafd309f206
1775670476270,1060661621760594,-0.9696517,-10.060435,0.61530983,-0.025045475,-0.07819075,0.0,JERKING,efafd309f206
1775670476278,1060661629756588,-0.9528923,-10.04607,0.6775591,-0.027488936,-0.0720821,0.004276057,JERKING,efafd309f206
1775670476286,1060661637752198,-0.93852705,-10.041282,0.7182605,-0.026267206,-0.0580322,0.009773844,JERKING,efafd309f206
1775670476294,1060661645746345,-0.91697925,-10.0269165,0.7565677,-0.021380283,-0.04337143,0.009773844,JERKING,efafd309f206
1775670476302,1060661653797492,-0.91937345,-10.000581,0.79966336,-0.017715093,-0.034208454,0.009773844,JERKING,efafd309f206
1775670476310,1060661661767256,-0.91219085,-9.986216,0.78769237,-0.017104227,-0.02443461,0.0067195175,JERKING,efafd309f206
1775670476318,1060661669763557,-0.91219085,-9.969456,0.78050977,-0.010995574,-0.019547688,0.004886922,JERKING,efafd309f206
1775670476326,1060661677762627,-0.90979666,-9.935937,0.7302315,-0.009773844,-0.015271631,6.1086525E-4,JERKING,efafd309f206
1775670476334,1060661685756544,-0.878672,-9.947908,0.6895301,-0.007330383,-0.014049901,-0.0030543262,JERKING,efafd309f206
1775670476342,1060661693751846,-0.8834604,-9.945514,0.6727707,-0.004886922,-0.01038471,-0.007330383,JERKING,efafd309f206
1775670476350,1060661701745763,-0.85473,-9.940725,0.6775591,-0.0030543262,-0.0067195175,-0.01038471,JERKING,efafd309f206
1775670476358,1060661709772141,-0.80445176,-9.94312,0.6368576,0.0012217305,-0.004276057,-0.010995574,JERKING,efafd309f206
1775670476366,1060661717770058,-0.7781156,-9.974244,0.62488663,0.004886922,-0.0030543262,-0.01282817,JERKING,efafd309f206
1775670476374,1060661725764437,-0.79726917,-9.962274,0.60812724,0.007941248,-0.004886922,-0.01282817,JERKING,efafd309f206
1775670476382,1060661733757737,-0.79966336,-9.952697,0.581791,0.01038471,-0.002443461,-0.01038471,JERKING,efafd309f206
1775670476390,1060661741755577,-0.8283938,-9.950302,0.5770026,0.01160644,-0.0030543262,-0.007330383,JERKING,efafd309f206
1775670476398,1060661749751572,-0.8331822,-9.935937,0.5626374,0.016493361,-0.0061086523,-0.002443461,JERKING,efafd309f206
1775670476406,1060661757746950,-0.8714894,-9.940725,0.5602432,0.019547688,-0.0036651916,0.0,JERKING,efafd309f206
1775670476414,1060661765771789,-0.90021986,-9.947908,0.5410896,0.02687807,-0.007941248,0.004276057,JERKING,efafd309f206
1775670476422,1060661773767168,-0.89064306,-9.976639,0.5315128,0.03359759,-0.0067195175,0.007330383,JERKING,efafd309f206
1775670476430,1060661781763239,-0.8714894,-10.014946,0.50517654,0.03848451,-0.007941248,0.012217305,JERKING,efafd309f206
1775670476438,1060661789758925,-0.8475474,-10.036493,0.533907,0.040927973,-0.01038471,0.014049901,JERKING,efafd309f206
1775670476446,1060661797756764,-0.81163436,-10.053253,0.5386954,0.04337143,-0.010995574,0.017104227,JERKING,efafd309f206
1775670476454,1060661805749681,-0.79487497,-10.067618,0.5291186,0.042760566,-0.008552114,0.015882496,JERKING,efafd309f206
1775670476462,1060661813746906,-0.80445176,-10.103531,0.5363012,0.04520403,-0.0061086523,0.014660766,JERKING,efafd309f206
1775670476470,1060661821742823,-0.78050977,-10.0987425,0.5291186,0.042760566,0.0012217305,0.01160644,JERKING,efafd309f206
1775670476478,1060661829253048,-0.79966336,-10.132261,0.5386954,0.03970624,0.005497787,0.008552114,JERKING,efafd309f206
1775670476486,1060661837765041,-0.82360536,-10.132261,0.50996494,0.037873644,0.007330383,0.0061086523,JERKING,efafd309f206
1775670476494,1060661845758266,-0.81642276,-10.129868,0.5243302,0.03481932,0.012217305,0.0036651916,JERKING,efafd309f206
1775670476502,1060661853754874,-0.8355764,-10.125079,0.50517654,0.025045475,0.010995574,0.0012217305,JERKING,efafd309f206
1775670476510,1060661861749022,-0.82121116,-10.117896,0.50757074,0.018936822,0.013439035,6.1086525E-4,JERKING,efafd309f206
1775670476518,1060661869747093,-0.8283938,-10.070012,0.5650316,0.014049901,0.010995574,-6.1086525E-4,JERKING,efafd309f206
1775670476526,1060661877772010,-0.79248077,-10.072407,0.5386954,0.012217305,0.013439035,-0.004276057,JERKING,efafd309f206
1775670476534,1060661885766542,-0.80445176,-10.096349,0.5434838,0.009162978,0.015271631,-0.0030543262,JERKING,efafd309f206
1775670476542,1060661893762536,-0.7661445,-10.077195,0.5482722,0.002443461,0.016493361,-0.0036651916,JERKING,efafd309f206
1775670476550,1060661901757299,-0.7661445,-10.09156,0.5770026,-6.1086525E-4,0.016493361,-0.0036651916,JERKING,efafd309f206
1775670476558,1060661909755062,-0.7541735,-10.084377,0.61052144,-0.004886922,0.014049901,-0.0030543262,JERKING,efafd309f206
1775670476566,1060661917749901,-0.7469909,-10.079589,0.6392518,-0.007330383,0.007941248,-0.005497787,JERKING,efafd309f206
1775670476574,1060661925744972,-0.7302315,-10.072407,0.6655881,-0.010995574,0.0030543262,-0.0061086523,JERKING,efafd309f206
1775670476582,1060661933773197,-0.7134721,-10.041282,0.6991069,-0.013439035,-0.0030543262,-0.0061086523,JERKING,efafd309f206
1775670476590,1060661941769267,-0.6919243,-10.0341,0.6799533,-0.013439035,-0.004886922,-0.0067195175,JERKING,efafd309f206
1775670476598,1060661949761261,-0.7015011,-10.0269165,0.7134721,-0.014660766,-0.0067195175,-0.0067195175,JERKING,efafd309f206
1775670476606,1060661957759024,-0.7110779,-10.007763,0.7182605,-0.014660766,-0.010995574,-0.0061086523,JERKING,efafd309f206
1775670476614,1060661965753788,-0.7110779,-9.988609,0.7278373,-0.013439035,-0.018936822,-0.007330383,JERKING,efafd309f206
1775670476622,1060661973750165,-0.7661445,-10.010158,0.7398083,-0.012217305,-0.021380283,-0.0067195175,JERKING,efafd309f206
1775670476630,1060661981744236,-0.7422025,-10.000581,0.7493851,-0.009773844,-0.025045475,-0.0061086523,JERKING,efafd309f206
1775670476638,1060661989770999,-0.7350199,-10.014946,0.7374141,-0.008552114,-0.028710667,-0.0061086523,JERKING,efafd309f206
1775670476646,1060661997768917,-0.7541735,-10.005369,0.7565677,-0.009162978,-0.029321533,-0.008552114,JERKING,efafd309f206
1775670476654,1060662005761448,-0.78290397,-9.988609,0.79966336,-0.01160644,-0.032375857,-0.0061086523,JERKING,efafd309f206
1775670476662,1060662013758750,-0.80924016,-10.010158,0.81642276,-0.01038471,-0.029321533,-0.004886922,JERKING,efafd309f206
1775670476670,1060662021753205,-0.82360536,-10.012551,0.8283938,-0.008552114,-0.02687807,-0.004276057,JERKING,efafd309f206
1775670476678,1060662029750045,-0.8403648,-9.995792,0.8403648,-0.008552114,-0.021991149,-0.0036651916,JERKING,efafd309f206
1775670476686,1060662037746346,-0.8858546,-9.974244,0.8523358,-0.005497787,-0.017715093,0.0,JERKING,efafd309f206
1775670476694,1060662045769417,-0.89782566,-9.952697,0.866701,-0.0036651916,-0.014660766,0.0,JERKING,efafd309f206
1775670476702,1060662053766103,-0.90261406,-9.938332,0.89782566,-0.0036651916,-0.010995574,0.0030543262,JERKING,efafd309f206
1775670476710,1060662061761096,-0.90740246,-9.919178,0.89303726,-0.0018325958,-0.007330383,0.0030543262,JERKING,efafd309f206
1775670476718,1060662069756860,-0.89303726,-9.91439,0.866701,0.0018325958,-0.005497787,0.005497787,JERKING,efafd309f206
1775670476726,1060662077754700,-0.85473,-9.928755,0.830788,0.007330383,-0.0018325958,0.007941248,JERKING,efafd309f206
1775670476734,1060662085750925,-0.8643068,-9.950302,0.81642276,0.015271631,0.0036651916,0.008552114,JERKING,efafd309f206
1775670476742,1060662093744225,-0.8523358,-9.962274,0.79726917,0.020158553,0.007330383,0.009162978,JERKING,efafd309f206
1775670476750,1060662101771912,-0.82121116,-9.981427,0.7781156,0.027488936,0.008552114,0.0067195175,JERKING,efafd309f206
1775670476758,1060662109765983,-0.79966336,-10.0269165,0.7517793,0.032986723,0.005497787,0.007330383,JERKING,efafd309f206
1775670476766,1060662117762977,-0.78290397,-10.031705,0.7015011,0.03604105,0.0036651916,0.0067195175,JERKING,efafd309f206
1775670476774,1060662125756200,-0.7517793,-10.048465,0.6775591,0.036651913,6.1086525E-4,0.0061086523,JERKING,efafd309f206
1775670476782,1060662133753964,-0.7134721,-10.043676,0.641646,0.037873644,-0.0012217305,0.004886922,JERKING,efafd309f206
1775670476790,1060662141748112,-0.6967127,-10.072407,0.62728083,0.037873644,-0.004886922,0.0036651916,JERKING,efafd309f206
1775670476798,1060662149745336,-0.6703765,-10.0508585,0.58657944,0.035430185,-0.009773844,0.002443461,JERKING,efafd309f206
1775670476806,1060662157771791,-0.6631939,-10.0508585,0.5674258,0.034208454,-0.015882496,0.0036651916,JERKING,efafd309f206
1775670476814,1060662165765631,-0.6464345,-10.060435,0.50996494,0.032375857,-0.021380283,0.0012217305,JERKING,efafd309f206
1775670476822,1060662173760471,-0.6392518,-10.067618,0.5243302,0.028710667,-0.026267206,0.002443461,JERKING,efafd309f206
1775670476830,1060662181756387,-0.6440403,-10.086772,0.521936,0.023823744,-0.02687807,0.0030543262,JERKING,efafd309f206
1775670476838,1060662189752997,-0.6584055,-10.113108,0.533907,0.013439035,-0.034208454,0.0030543262,JERKING,efafd309f206
1775670476846,1060662197285298,-0.7062895,-10.105926,0.5746084,0.0018325958,-0.036651913,-6.1086525E-4,JERKING,efafd309f206
1775670476854,1060662205744446,-0.7422025,-10.108319,0.6584055,-0.007941248,-0.034208454,-6.1086525E-4,JERKING,efafd309f206
1775670476862,1060662213769362,-0.81163436,-10.084377,0.6679823,-0.014049901,-0.037873644,6.1086525E-4,JERKING,efafd309f206
1775670476870,1060662221734587,-0.8643068,-10.081984,0.6512229,-0.015882496,-0.03604105,-0.0030543262,JERKING,efafd309f206
1775670476878,1060662229247427,-0.92655605,-10.043676,0.6751649,-0.017715093,-0.02687807,-0.0061086523,JERKING,efafd309f206
1775670476886,1060662237812037,-0.9864111,-10.031705,0.7158663,-0.017104227,-0.017715093,-0.0036651916,JERKING,efafd309f206
1775670476894,1060662245721953,-0.9911995,-10.036493,0.7254431,-0.014049901,-0.015882496,-0.002443461,JERKING,efafd309f206
1775670476902,1060662253747408,-0.9959879,-10.014946,0.7350199,-0.010995574,-0.010995574,-0.0012217305,JERKING,efafd309f206
1775670476910,1060662261744633,-0.9624691,-9.993398,0.7493851,-0.0067195175,-0.01038471,0.0018325958,JERKING,efafd309f206
1775670476918,1060662269768397,-0.93134445,-9.981427,0.79008657,-0.004886922,-0.0067195175,0.004276057,JERKING,efafd309f206
1775670476926,1060662277789928,-0.8690952,-9.97185,0.82599956,-0.0018325958,-0.004276057,0.0036651916,JERKING,efafd309f206
1775670476934,1060662285761845,-0.8595184,-9.9550905,0.81642276,0.0012217305,6.1086525E-4,0.002443461,JERKING,efafd309f206
1775670476942,1060662293781224,-0.8499416,-9.962274,0.79008657,0.0067195175,0.002443461,0.004276057,JERKING,efafd309f206
1775670476950,1060662301751371,-0.8571242,-9.969456,0.78769237,0.0061086523,0.0018325958,0.002443461,JERKING,efafd309f206
1775670476958,1060662309335058,-0.8858546,-9.976639,0.7661445,0.0067195175,0.004886922,0.0030543262,JERKING,efafd309f206
1775670476966,1060662317774436,-0.8714894,-10.012551,0.7757214,0.007941248,0.010995574,0.0036651916,JERKING,efafd309f206
1775670476974,1060662325771430,-0.89543146,-10.010158,0.7637503,0.004886922,0.01282817,0.002443461,JERKING,efafd309f206
1775670476982,1060662333250501,-0.92416185,-10.029311,0.80205756,0.002443461,0.018325957,0.002443461,JERKING,efafd309f206
1775670476990,1060662341763109,-0.9504981,-9.998186,0.80445176,0.002443461,0.025045475,0.0012217305,JERKING,efafd309f206
1775670476998,1060662349343718,-0.9576807,-9.993398,0.830788,0.007941248,0.032375857,0.0,JERKING,efafd309f206
1775670477006,1060662357291020,-0.9552865,-9.986216,0.80445176,0.014049901,0.03970624,0.0018325958,JERKING,efafd309f206
1775670477014,1060662365171629,-0.93613285,-9.967062,0.7493851,0.018936822,0.044593163,0.002443461,JERKING,efafd309f206
1775670477022,1060662373296546,-0.92895025,-9.967062,0.7230489,0.021991149,0.05009095,0.002443461,JERKING,efafd309f206
1775670477030,1060662381824309,-0.89303726,-9.981427,0.6871359,0.025045475,0.05131268,0.0030543262,JERKING,efafd309f206
1775670477038,1060662389763687,-0.8690952,-9.991004,0.6488287,0.028099801,0.05009095,0.002443461,JERKING,efafd309f206
1775670477046,1060662397729834,-0.80924016,-9.993398,0.61770403,0.03359759,0.050701816,0.004276057,JERKING,efafd309f206
1775670477054,1060662405756598,-0.7517793,-10.01734,0.545878,0.039095376,0.043982297,0.004276057,JERKING,efafd309f206
1775670477062,1060662413750745,-0.7086837,-10.038888,0.49799395,0.040317107,0.03970624,0.002443461,JERKING,efafd309f206
1775670477070,1060662421748277,-0.6488287,-10.031705,0.48602295,0.037873644,0.036651913,0.0030543262,JERKING,efafd309f206
1775670477078,1060662429741732,-0.63206923,-10.058042,0.46208093,0.03848451,0.031154128,-6.1086525E-4,JERKING,efafd309f206
1775670477086,1060662437770034,-0.6440403,-10.09156,0.4189853,0.035430185,0.021380283,-0.002443461,JERKING,efafd309f206
1775670477094,1060662445765182,-0.6392518,-10.09156,0.39983168,0.025045475,0.008552114,-0.0030543262,JERKING,efafd309f206
1775670477102,1060662453214407,-0.6919243,-10.1226845,0.40940848,0.019547688,-0.0012217305,-0.0030543262,JERKING,efafd309f206
1775670477110,1060662461756246,-0.6991069,-10.156203,0.4213795,0.01282817,-0.008552114,-0.0061086523,JERKING,efafd309f206
1775670477118,1060662469750317,-0.7206547,-10.201694,0.4381389,0.004886922,-0.01282817,-0.0067195175,JERKING,efafd309f206
1775670477126,1060662477747311,-0.7565677,-10.225636,0.48123455,0.004886922,-0.01282817,-0.0067195175,JERKING,efafd309f206
1775670477134,1060662485772765,-0.78050977,-10.216059,0.5243302,-0.0061086523,-0.018325957,-0.0067195175,JERKING,efafd309f206
1775670477142,1060662493768452,-0.82599956,-10.177752,0.59376204,-0.012217305,-0.023823744,-0.008552114,JERKING,efafd309f206
1775670477942,1060663293841442,-0.7565677,-10.0029745,0.8523358,-0.017715093,-0.02687807,-0.010995574,JERKING,efafd309f206
1775670477950,1060663301837052,-0.80684596,-10.031705,0.8762778,-0.02321288,-0.02565634,-0.01038471,JERKING,efafd309f206
1775670477958,1060663309832738,-0.79966336,-10.0341,0.8858546,-0.02321288,-0.02565634,-0.01038471,JERKING,efafd309f206
1775670477966,1060663317858885,-0.82121116,-10.031705,0.8882488,-0.02321288,-0.02565634,-0.01038471,JERKING,efafd309f206
1775670477974,1060663325950956,-0.82599956,-10.0508585,0.92895025,-0.02321288,-0.02565634,-0.01038471,JERKING,efafd309f206
1775670477982,1060663333765411,-0.8499416,-10.0341,0.92655605,0.010995574,0.019547688,0.0,JERKING,efafd309f206
1775670477990,1060663341758944,-0.8762778,-10.036493,0.90979666,0.008552114,0.017715093,6.1086525E-4,JERKING,efafd309f206
1775670477998,1060663349756706,-0.8738836,-10.043676,0.89543146,0.005497787,0.015271631,0.002443461,JERKING,efafd309f206
1775670478006,1060663357751546,-0.8834604,-10.048465,0.8690952,0.004276057,0.015271631,0.002443461,JERKING,efafd309f206
1775670478014,1060663365745386,-0.8834604,-10.055647,0.89064306,0.004276057,0.014049901,0.002443461,JERKING,efafd309f206
1775670478022,1060663373741688,-0.8858546,-10.058042,0.90261406,-0.0036651916,0.005497787,0.0030543262,JERKING,efafd309f206
1775670478030,1060663381769066,-0.8738836,-10.06283,0.89782566,-0.004276057,0.009162978,0.0030543262,JERKING,efafd309f206
1775670478038,1060663389763137,-0.8738836,-10.072407,0.91458505,-0.004886922,0.009162978,0.0030543262,JERKING,efafd309f206
1775670478046,1060663397760131,-0.866701,-10.06283,0.92176765,-0.005497787,0.012217305,0.0012217305,JERKING,efafd309f206
1775670478054,1060663405756355,-0.866701,-10.0341,0.90261406,-0.0067195175,0.010995574,0.0012217305,JERKING,efafd309f206
1775670478062,1060663413751502,-0.8714894,-10.0341,0.90021986,-0.007941248,0.009773844,0.0,JERKING,efafd309f206
1775670478070,1060663421745342,-0.8762778,-10.036493,0.8643068,-0.007330383,0.0061086523,0.0,JERKING,efafd309f206
1775670478078,1060663429827721,-0.8571242,-10.022128,0.8331822,-0.009162978,0.005497787,-0.0018325958,JERKING,efafd309f206
1775670478086,1060663437739406,-0.8451532,-9.998186,0.8331822,-0.012217305,0.0061086523,-6.1086525E-4,JERKING,efafd309f206
1775670478094,1060663445763400,-0.830788,-10.000581,0.8403648,-0.013439035,0.007330383,0.0,JERKING,efafd309f206
1775670478102,1060663453758471,-0.82121116,-9.9790325,0.85473,-0.013439035,0.008552114,0.0012217305,JERKING,efafd309f206
1775670478110,1060663461755696,-0.80924016,-9.983821,0.8738836,-0.01160644,0.008552114,0.0012217305,JERKING,efafd309f206
1775670478118,1060663469749535,-0.81642276,-9.983821,0.8810662,-0.01160644,0.004886922,0.0030543262,JERKING,efafd309f206
1775670478126,1060663477747375,-0.81163436,-9.967062,0.8762778,-0.01282817,-0.0012217305,0.005497787,JERKING,efafd309f206
1775670478134,1060663485827446,-0.81402856,-9.983821,0.8714894,-0.012217305,-0.0061086523,0.007330383,JERKING,efafd309f206
1775670478142,1060663493737902,-0.81881696,-9.964667,0.8523358,-0.012217305,-0.01038471,0.007941248,JERKING,efafd309f206
1775670478150,1060663501762433,-0.82360536,-9.983821,0.82599956,-0.01282817,-0.010995574,0.0061086523,JERKING,efafd309f206
1775670478158,1060663509783658,-0.8379706,-9.97185,0.81881696,-0.010995574,-0.009773844,0.005497787,JERKING,efafd309f206
1775670478166,1060663517756268,-0.8379706,-9.986216,0.81163436,-0.010995574,-0.01038471,0.005497787,JERKING,efafd309f206
1775670478174,1060663525749262,-0.8451532,-9.976639,0.82360536,-0.009162978,-0.008552114,0.0036651916,JERKING,efafd309f206
1775670478182,1060663533744870,-0.8690952,-9.991004,0.8283938,-0.008552114,-0.0067195175,0.0030543262,JERKING,efafd309f206
1775670478190,1060663541742479,-0.878672,-10.0029745,0.8283938,-0.007330383,-0.007941248,0.0012217305,JERKING,efafd309f206
1775670478198,1060663549822704,-0.89303726,-10.007763,0.8523358,-0.007330383,-0.007330383,0.002443461,JERKING,efafd309f206
1775670478206,1060663557764236,-0.8834604,-10.005369,0.8355764,-0.008552114,-0.0061086523,0.0018325958,JERKING,efafd309f206
1775670478214,1060663565757537,-0.89782566,-10.024523,0.842759,-0.008552114,-0.002443461,0.0030543262,JERKING,efafd309f206
1775670478222,1060663573809531,-0.89064306,-10.024523,0.8475474,-0.007941248,-0.0012217305,0.0012217305,JERKING,efafd309f206
1775670478230,1060663581751295,-0.89303726,-10.01734,0.8355764,-0.008552114,0.002443461,6.1086525E-4,JERKING,efafd309f206
1775670478238,1060663589746134,-0.89782566,-10.014946,0.80445176,-0.01038471,0.004276057,-0.002443461,JERKING,efafd309f206
1775670478246,1060663597743282,-0.89543146,-10.01734,0.7517793,-0.010995574,0.007330383,-0.0018325958,JERKING,efafd309f206
1775670478254,1060663605767583,-0.89782566,-10.031705,0.7422025,-0.013439035,0.009162978,-0.002443461,JERKING,efafd309f206
1775670478262,1060663613733501,-0.89543146,-10.04607,0.7541735,-0.013439035,0.01160644,-0.0030543262,JERKING,efafd309f206
1775670478270,1060663621757724,-0.89064306,-10.0508585,0.7685388,-0.015271631,0.016493361,-0.0036651916,JERKING,efafd309f206
1775670478278,1060663629753180,-0.8834604,-10.0748005,0.78050977,-0.014049901,0.021991149,-0.0018325958,JERKING,efafd309f206
1775670478286,1060663637751943,-0.89543146,-10.084377,0.7637503,-0.01282817,0.020158553,6.1086525E-4,JERKING,efafd309f206
1775670478294,1060663645746090,-0.8643068,-10.081984,0.7445967,-0.015271631,0.021380283,-0.0018325958,JERKING,efafd309f206
1775670478302,1060663653770930,-0.8283938,-10.077195,0.7445967,-0.017715093,0.021380283,-0.0018325958,JERKING,efafd309f206
1775670478310,1060663661316463,-0.82360536,-10.067618,0.7589619,-0.02076942,0.02565634,-0.0018325958,JERKING,efafd309f206
1775670478318,1060663669761764,-0.80684596,-10.048465,0.7350199,-0.021991149,0.025045475,-0.0018325958,JERKING,efafd309f206
1775670478326,1060663677758680,-0.79966336,-10.043676,0.7278373,-0.022602014,0.02565634,-0.0030543262,JERKING,efafd309f206
1775670478334,1060663685754675,-0.770933,-10.043676,0.6967127,-0.022602014,0.02565634,-0.0030543262,JERKING,efafd309f206
1775670478342,1060663693750361,-0.79248077,-10.0269165,0.7086837,-0.023823744,0.025045475,-0.005497787,JERKING,efafd309f206
1775670478350,1060663701745970,-0.78529817,-10.019734,0.7062895,-0.026267206,0.021991149,-0.0061086523,JERKING,efafd309f206
1775670478358,1060663709770348,-0.78769237,-9.991004,0.7038953,-0.02687807,0.019547688,-0.0067195175,JERKING,efafd309f206
1775670478366,1060663717768188,-0.7685388,-10.012551,0.7254431,-0.028099801,0.017104227,-0.007330383,JERKING,efafd309f206
1775670478374,1060663725761951,-0.7757214,-10.0269165,0.7278373,-0.02565634,0.014660766,-0.007330383,JERKING,efafd309f206
1775670478382,1060663733757407,-0.78290397,-10.012551,0.7158663,-0.02443461,0.01038471,-0.0067195175,JERKING,efafd309f206
1775670478390,1060663741752708,-0.79487497,-10.014946,0.7445967,-0.023823744,0.009773844,-0.007941248,JERKING,efafd309f206
1775670478398,1060663749748471,-0.81881696,-10.005369,0.7302315,-0.02321288,0.009773844,-0.007330383,JERKING,efafd309f206
1775670478406,1060663757746003,-0.80924016,-10.012551,0.7086837,-0.02321288,0.0036651916,-0.0067195175,JERKING,efafd309f206
1775670478414,1060663765769996,-0.80924016,-10.036493,0.7254431,-0.026267206,6.1086525E-4,-0.0061086523,JERKING,efafd309f206
1775670478422,1060663773766913,-0.79726917,-10.038888,0.7230489,-0.027488936,-0.002443461,-0.004886922,JERKING,efafd309f206
1775670478430,1060663781761292,-0.81881696,-10.058042,0.7254431,-0.029321533,-0.005497787,-0.0036651916,JERKING,efafd309f206
1775670478438,1060663789757286,-0.81402856,-10.072407,0.7134721,-0.031154128,-0.007941248,-0.004276057,JERKING,efafd309f206
1775670478446,1060663797754279,-0.82121116,-10.077195,0.7134721,-0.034208454,-0.01038471,-6.1086525E-4,JERKING,efafd309f206
1775670478454,1060663805749658,-0.81402856,-10.086772,0.7134721,-0.03604105,-0.01282817,-0.0012217305,JERKING,efafd309f206
1775670478462,1060663813799498,-0.81881696,-10.0748005,0.7015011,-0.03604105,-0.014049901,-0.002443461,JERKING,efafd309f206
1775670478470,1060663821741338,-0.82121116,-10.070012,0.6919243,-0.036651913,-0.01160644,-0.004276057,JERKING,efafd309f206
1775670478478,1060663829418255,-0.81881696,-10.065224,0.6967127,-0.036651913,-0.009773844,-0.0036651916,JERKING,efafd309f206
1775670478486,1060663837764094,-0.8475474,-10.0508585,0.6919243,-0.03848451,-0.0018325958,-0.0067195175,JERKING,efafd309f206
1775670478494,1060663845756704,-0.842759,-10.014946,0.6919243,-0.03970624,0.0018325958,-0.008552114,JERKING,efafd309f206
1775670478502,1060663853753621,-0.8451532,-10.019734,0.7206547,-0.040317107,0.005497787,-0.008552114,JERKING,efafd309f206
1775670478510,1060663861749537,-0.8475474,-10.010158,0.7254431,-0.04337143,0.0036651916,-0.007330383,JERKING,efafd309f206
1775670478518,1060663869229300,-0.8523358,-10.01734,0.7158663,-0.04520403,0.0030543262,-0.007941248,JERKING,efafd309f206
1775670478526,1060663877771063,-0.842759,-10.041282,0.6751649,-0.04642576,0.002443461,-0.008552114,JERKING,efafd309f206
1775670478534,1060663885252904,-0.81402856,-10.053253,0.6727707,-0.047647487,0.005497787,-0.0067195175,JERKING,efafd309f206
1775670478542,1060663893763127,-0.830788,-10.043676,0.6655881,-0.051923547,0.004276057,-0.0061086523,JERKING,efafd309f206
1775670478550,1060663901757506,-0.78290397,-10.04607,0.6871359,-0.051923547,0.007330383,-0.007330383,JERKING,efafd309f206
1775670478558,1060663909752962,-0.78050977,-10.055647,0.6751649,-0.05375614,0.005497787,-0.004276057,JERKING,efafd309f206
1775670478566,1060663917748878,-0.7781156,-10.053253,0.6823475,-0.053145275,0.004276057,-0.004276057,JERKING,efafd309f206
1775670478574,1060663925743718,-0.7757214,-10.067618,0.6607997,-0.05375614,0.004276057,-0.004886922,JERKING,efafd309f206
1775670478582,1060663933769481,-0.7733272,-10.058042,0.6799533,-0.05497787,0.0061086523,-0.004276057,JERKING,efafd309f206
1775670478590,1060663941764937,-0.7565677,-10.041282,0.6847417,-0.054367006,0.0061086523,-0.005497787,JERKING,efafd309f206
1775670478598,1060663949761160,-0.7517793,-10.01734,0.6679823,-0.05375614,0.004276057,-0.0036651916,JERKING,efafd309f206
1775670478606,1060663957756924,-0.7469909,-9.998186,0.641646,-0.053145275,0.004276057,-0.005497787,JERKING,efafd309f206
1775670478614,1060663965751918,-0.7374141,-9.988609,0.6536171,-0.051923547,0.0030543262,-0.005497787,JERKING,efafd309f206
1775670478622,1060663973749219,-0.7278373,-10.000581,0.6607997,-0.05131268,6.1086525E-4,-0.0061086523,JERKING,efafd309f206
1775670478630,1060663981798751,-0.7398083,-9.991004,0.6607997,-0.049480084,6.1086525E-4,-0.0067195175,JERKING,efafd309f206
1775670478638,1060663989738053,-0.7493851,-9.983821,0.6799533,-0.049480084,-0.004276057,-0.007941248,JERKING,efafd309f206
1775670478646,1060663997330970,-0.7445967,-9.993398,0.6703765,-0.04642576,-0.008552114,-0.004886922,JERKING,efafd309f206
1775670478654,1060664005187579,-0.7398083,-9.981427,0.6655881,-0.045814894,-0.010995574,-0.004886922,JERKING,efafd309f206
1775670478662,1060664013756188,-0.7757214,-9.9790325,0.6584055,-0.04337143,-0.01160644,-0.008552114,JERKING,efafd309f206
1775670478670,1060664021259028,-0.78769237,-9.9790325,0.62488663,-0.03970624,-0.015271631,-0.0061086523,JERKING,efafd309f206
1775670478678,1060664029252252,-0.80205756,-9.988609,0.60812724,-0.03604105,-0.015882496,-0.005497787,JERKING,efafd309f206
1775670478686,1060664037189170,-0.79248077,-9.981427,0.60094464,-0.036651913,-0.017715093,-0.005497787,JERKING,efafd309f206
1775670478694,1060664045360470,-0.80445176,-9.964667,0.62009823,-0.032375857,-0.015882496,-0.004276057,JERKING,efafd309f206
1775670478702,1060664053764541,-0.82599956,-9.995792,0.62488663,-0.028710667,-0.013439035,-0.0018325958,JERKING,efafd309f206
1775670478710,1060664061246612,-0.830788,-9.988609,0.641646,-0.02565634,-0.01282817,-0.002443461,JERKING,efafd309f206
1775670478718,1060664069267222,-0.80445176,-10.005369,0.63206923,-0.023823744,-0.013439035,0.0,JERKING,efafd309f206
1775670478726,1060664077806984,-0.80445176,-10.022128,0.62967503,-0.02321288,-0.016493361,0.0,JERKING,efafd309f206
1775670478734,1060664085749132,-0.79966336,-10.014946,0.60333884,-0.019547688,-0.020158553,0.0018325958,JERKING,efafd309f206
1775670478742,1060664093767586,-0.79008657,-10.031705,0.581791,-0.015271631,-0.021380283,6.1086525E-4,JERKING,efafd309f206
1775670478750,1060664101737965,-0.770933,-10.0269165,0.5650316,-0.014049901,-0.022602014,6.1086525E-4,JERKING,efafd309f206
1775670478758,1060664109765113,-0.7565677,-10.012551,0.5434838,-0.012217305,-0.027488936,0.0018325958,JERKING,efafd309f206
1775670478766,1060664117760799,-0.7422025,-10.0269165,0.545878,-0.012217305,-0.028710667,0.0018325958,JERKING,efafd309f206
1775670478774,1060664125755254,-0.7350199,-10.0341,0.5363012,-0.013439035,-0.028710667,-6.1086525E-4,JERKING,efafd309f206
1775670478782,1060664133752709,-0.7493851,-10.022128,0.5506664,-0.013439035,-0.034208454,-0.0012217305,JERKING,efafd309f206
1775670478790,1060664141747472,-0.7637503,-10.029311,0.5267244,-0.014660766,-0.035430185,-0.0030543262,JERKING,efafd309f206
1775670478798,1060664149741620,-0.7541735,-10.012551,0.5363012,-0.014660766,-0.03604105,-0.0018325958,JERKING,efafd309f206
1775670478806,1060664157771459,-0.7685388,-10.014946,0.5363012,-0.015271631,-0.03604105,-0.002443461,JERKING,efafd309f206
1775670478814,1060664165763838,-0.81402856,-10.029311,0.533907,-0.016493361,-0.03359759,-0.002443461,JERKING,efafd309f206
1775670478822,1060664173760755,-0.81402856,-10.036493,0.5530606,-0.017104227,-0.030543262,-0.0018325958,JERKING,efafd309f206
1775670478830,1060664181756057,-0.8403648,-10.048465,0.5626374,-0.015882496,-0.02687807,-0.0012217305,JERKING,efafd309f206
1775670478838,1060664189750588,-0.8451532,-10.036493,0.5626374,-0.015271631,-0.02687807,-6.1086525E-4,JERKING,efafd309f206
1775670478846,1060664197749352,-0.8379706,-10.0341,0.5722142,-0.014049901,-0.025045475,0.0,JERKING,efafd309f206
1775670478854,1060664205743730,-0.8690952,-10.048465,0.59615624,-0.015882496,-0.021991149,6.1086525E-4,JERKING,efafd309f206
1775670478862,1060664213767493,-0.8643068,-10.024523,0.6368576,-0.017104227,-0.019547688,0.002443461,JERKING,efafd309f206
1775670478870,1060664221251411,-0.8810662,-9.995792,0.62488663,-0.015882496,-0.015271631,0.0012217305,JERKING,efafd309f206
1775670478878,1060664229348404,-0.8858546,-9.991004,0.6440403,-0.014049901,-0.009773844,0.002443461,JERKING,efafd309f206
1775670478886,1060664237198859,-0.8882488,-9.991004,0.6584055,-0.01038471,-0.005497787,0.0012217305,JERKING,efafd309f206
1775670478894,1060664245751775,-0.90740246,-10.0029745,0.6392518,-0.0061086523,6.1086525E-4,0.002443461,JERKING,efafd309f206
1775670478902,1060664253747077,-0.91458505,-10.022128,0.61530983,-0.004276057,0.0018325958,6.1086525E-4,JERKING,efafd309f206
1775670478910,1060664261741302,-0.8810662,-10.024523,0.61770403,-0.002443461,0.007941248,0.0,JERKING,efafd309f206
1775670478918,1060664269767988,-0.8690952,-10.036493,0.59136784,-0.0018325958,0.008552114,-6.1086525E-4,JERKING,efafd309f206
1775670478926,1060664277765212,-0.82599956,-10.0341,0.60812724,0.0012217305,0.01282817,0.0,JERKING,efafd309f206
1775670478934,1060664285759437,-0.8283938,-10.007763,0.61291564,0.002443461,0.017715093,-0.002443461,JERKING,efafd309f206
1775670478942,1060664293810200,-0.79248077,-10.024523,0.59376204,0.004276057,0.019547688,-0.002443461,JERKING,efafd309f206
1775670478950,1060664301722502,-0.78529817,-10.010158,0.581791,0.0061086523,0.021380283,-0.0030543262,JERKING,efafd309f206
1775670478958,1060664309746802,-0.7661445,-10.019734,0.5291186,0.0061086523,0.017104227,-0.0018325958,JERKING,efafd309f206
1775670478966,1060664317796950,-0.770933,-10.01734,0.521936,0.004276057,0.014049901,-0.002443461,JERKING,efafd309f206
1775670478974,1060664325737790,-0.7374141,-10.031705,0.49799395,0.004276057,0.015271631,0.0,JERKING,efafd309f206
1775670478982,1060664333788245,-0.7493851,-10.038888,0.5267244,0.0012217305,0.014049901,6.1086525E-4,JERKING,efafd309f206
1775670478990,1060664341761239,-0.7469909,-10.0748005,0.521936,6.1086525E-4,0.013439035,-0.0012217305,JERKING,efafd309f206
1775670478998,1060664349755387,-0.7517793,-10.070012,0.50517654,0.0018325958,0.008552114,-0.002443461,JERKING,efafd309f206
1775670479006,1060664357752304,-0.7661445,-10.086772,0.49559975,-0.0012217305,0.007330383,-0.004886922,JERKING,efafd309f206
1775670479014,1060664365801143,-0.7589619,-10.103531,0.51475334,-0.0018325958,0.0012217305,-0.004886922,JERKING,efafd309f206
1775670479022,1060664373743599,-0.78529817,-10.110714,0.521936,-0.004276057,0.0,-0.004276057,JERKING,efafd309f206
1775670479030,1060664381336593,-0.78529817,-10.096349,0.545878,-0.007941248,-0.0012217305,-0.0036651916,JERKING,efafd309f206
1775670479038,1060664389763356,-0.78769237,-10.0987425,0.5602432,-0.010995574,-0.0018325958,-0.007330383,JERKING,efafd309f206
1775670479046,1060664397814041,-0.7781156,-10.084377,0.5602432,-0.013439035,-0.004276057,-0.0061086523,JERKING,efafd309f206
1775670479054,1060664405754035,-0.78050977,-10.070012,0.5530606,-0.014049901,-0.008552114,-0.007941248,JERKING,efafd309f206
1775670479062,1060664413749414,-0.80684596,-10.079589,0.557849,-0.016493361,-0.01038471,-0.007941248,JERKING,efafd309f206
1775670479070,1060664421746023,-0.79487497,-10.072407,0.58418524,-0.021991149,-0.01282817,-0.007941248,JERKING,efafd309f206
1775670479078,1060664429388787,-0.78769237,-10.060435,0.60812724,-0.02443461,-0.015271631,-0.0067195175,JERKING,efafd309f206
1775670479086,1060664437273780,-0.7757214,-10.0748005,0.60094464,-0.026267206,-0.016493361,-0.008552114,JERKING,efafd309f206
1775670479094,1060664445205389,-0.770933,-10.0987425,0.5793968,-0.029932396,-0.016493361,-0.009162978,JERKING,efafd309f206
1775670479102,1060664453722074,-0.78290397,-10.108319,0.5291186,-0.03726278,-0.020158553,-0.009773844,JERKING,efafd309f206
1775670479110,1060664461722915,-0.80924016,-10.0987425,0.5243302,-0.03848451,-0.01038471,-0.012217305,JERKING,efafd309f206
1775670479118,1060664469749062,-0.82599956,-10.081984,0.51714754,-0.04337143,-0.009162978,-0.013439035,JERKING,efafd309f206
1775670479126,1060664477746979,-0.82599956,-10.060435,0.50996494,-0.04337143,-0.007330383,-0.013439035,JERKING,efafd309f206
1775670479134,1060664485392743,-0.830788,-10.065224,0.51714754,-0.04642576,-0.0012217305,-0.013439035,JERKING,efafd309f206
1775670479142,1060664493767505,-0.81163436,-10.04607,0.5530606,-0.051923547,0.007330383,-0.01160644,JERKING,efafd309f206
1775670479150,1060664501761730,-0.80684596,-10.043676,0.58657944,-0.054367006,0.014049901,-0.010995574,JERKING,efafd309f206
1775670479158,1060664509758262,-0.82360536,-10.053253,0.59615624,-0.055588737,0.018325957,-0.012217305,JERKING,efafd309f206
1775670479166,1060664517809024,-0.830788,-10.0508585,0.59615624,-0.0580322,0.022602014,-0.012217305,JERKING,efafd309f206
1775670479174,1060664525720095,-0.842759,-10.0341,0.62488663,-0.057421334,0.025045475,-0.010995574,JERKING,efafd309f206
1775670479182,1060664533745320,-0.8451532,-10.031705,0.6488287,-0.06047566,0.023823744,-0.007941248,JERKING,efafd309f206
1775670479190,1060664541795852,-0.82360536,-10.012551,0.6607997,-0.059864793,0.02443461,-0.007941248,JERKING,efafd309f206
1775670479198,1060664549736769,-0.80205756,-9.969456,0.6655881,-0.057421334,0.02321288,-0.007330383,JERKING,efafd309f206
1775670479206,1060664557763532,-0.79966336,-9.967062,0.6631939,-0.05497787,0.02443461,-0.009162978,JERKING,efafd309f206
1775670479214,1060664565759141,-0.7781156,-9.967062,0.6847417,-0.053145275,0.02565634,-0.007330383,JERKING,efafd309f206
1775670479222,1060664573753981,-0.770933,-9.952697,0.6847417,-0.043982297,0.028710667,-0.007941248,JERKING,efafd309f206
1775670479230,1060664581749667,-0.7637503,-9.938332,0.6536171,-0.035430185,0.027488936,-0.007330383,JERKING,efafd309f206
1775670479238,1060664589744353,-0.78529817,-9.911995,0.6392518,-0.028099801,0.021991149,-0.0067195175,JERKING,efafd309f206
1775670479246,1060664597692829,-0.81402856,-9.94312,0.61530983,-0.020158553,0.014049901,-0.005497787,JERKING,efafd309f206
1775670479254,1060664605718422,-0.8355764,-9.928755,0.5626374,-0.005497787,0.0,-0.0067195175,JERKING,efafd309f206
1775670479262,1060664613714093,-0.830788,-9.967062,0.5267244,0.0036651916,-0.01282817,-0.005497787,JERKING,efafd309f206
1775670479270,1060664621712534,-0.8499416,-10.010158,0.50757074,0.014049901,-0.02076942,-0.0036651916,JERKING,efafd309f206
1775670479278,1060664629705128,-0.8523358,-10.058042,0.50517654,0.02687807,-0.029321533,-0.0061086523,JERKING,efafd309f206
1775670479286,1060664637702952,-0.8595184,-10.029311,0.51475334,0.040317107,-0.03604105,-0.0036651916,JERKING,efafd309f206
1775670479294,1060664645698547,-0.82121116,-10.012551,0.51235914,0.05681047,-0.04520403,6.1086525E-4,JERKING,efafd309f206
1775670479302,1060664653693295,-0.7637503,-10.01734,0.533907,0.06536258,-0.05131268,0.0030543262,JERKING,efafd309f206
1775670479310,1060664661718890,-0.78769237,-10.065224,0.5650316,0.07147124,-0.055588737,0.004886922,JERKING,efafd309f206
1775670479318,1060664669715099,-0.7565677,-10.089166,0.58897364,0.07269296,-0.047647487,0.0067195175,JERKING,efafd309f206
1775670479326,1060664677712000,-0.7733272,-10.043676,0.62009823,0.07452556,-0.02321288,0.0036651916,JERKING,efafd309f206
1775670479334,1060664685705287,-0.7015011,-10.04607,0.6679823,0.077579886,-0.004276057,0.0030543262,JERKING,efafd309f206
1775670479342,1060664693700343,-0.7015011,-10.101137,0.63206923,0.080634214,0.0030543262,-0.002443461,JERKING,efafd309f206
1775670479350,1060664701201554,-0.7350199,-10.115502,0.59615624,0.08307768,0.0036651916,-0.009162978,JERKING,efafd309f206
1775670479358,1060664709693455,-0.79008657,-10.141838,0.5602432,0.086132,6.1086525E-4,-0.01160644,JERKING,efafd309f206
1775670479366,1060664717720587,-0.8595184,-10.141838,0.61052144,0.07941248,-0.01160644,-0.018325957,JERKING,efafd309f206
1775670479374,1060664725713720,-0.91458505,-10.125079,0.7062895,0.081855945,-0.019547688,-0.020158553,JERKING,efafd309f206
1775670479382,1060664733710314,-0.92416185,-10.1226845,0.79248077,0.08552113,-0.029932396,-0.02076942,JERKING,efafd309f206
1775670479390,1060664741705985,-0.89303726,-10.134656,0.7445967,0.09285152,-0.04520403,-0.02076942,JERKING,efafd309f206
1775670479398,1060664749700195,-0.8283938,-10.129868,0.7182605,0.09407325,-0.06047566,-0.022602014,JERKING,efafd309f206
1775670479406,1060664757721019,-0.78290397,-10.070012,0.7062895,0.086132,-0.06291912,-0.023823744,JERKING,efafd309f206
1775670479414,1060664765694229,-0.7469909,-10.022128,0.79726917,0.08002335,-0.05375614,-0.02565634,JERKING,efafd309f206
1775670479422,1060664773718593,-0.7541735,-9.995792,0.80205756,0.077579886,-0.044593163,-0.023823744,JERKING,efafd309f206
1775670479430,1060664781198265,-0.78050977,-10.022128,0.8283938,0.07086037,-0.034208454,-0.028099801,JERKING,efafd309f206
1775670479438,1060664789709934,-0.8595184,-9.998186,0.7565677,0.064751714,-0.023823744,-0.025045475,JERKING,efafd309f206
1775670479446,1060664797243991,-0.89303726,-9.967062,0.6488287,0.052534413,-0.023823744,-0.021991149,JERKING,efafd309f206
1775670479454,1060664805755662,-0.93852705,-9.911995,0.5650316,0.03726278,-0.018936822,-0.01160644,JERKING,efafd309f206
1775670479462,1060664813696641,-0.94570965,-9.885659,0.48362875,0.01160644,-0.014049901,-0.0036651916,JERKING,efafd309f206
1775670479470,1060664821777234,-0.93613285,-9.864111,0.47405192,-0.0061086523,-0.015882496,0.0061086523,JERKING,efafd309f206
1775670479478,1060664829686675,-0.8834604,-9.85214,0.5530606,-0.019547688,-0.03481932,0.013439035,JERKING,efafd309f206
1775670479486,1060664837714731,-0.79487497,-9.861717,0.7541735,-0.02687807,-0.053145275,0.018325957,JERKING,efafd309f206
1775670479494,1060664845680171,-0.6488287,-9.842564,0.878672,-0.01282817,-0.051923547,0.018936822,JERKING,efafd309f206
1775670479502,1060664853704535,-0.5626374,-9.859323,0.94092125,0.009162978,-0.029321533,0.016493361,JERKING,efafd309f206
1775670479510,1060664861700822,-0.48362875,-9.876082,0.9504981,0.037873644,0.015882496,0.008552114,JERKING,efafd309f206
1775670479518,1060664869696107,-0.49320555,-9.890448,0.93134445,0.04886922,0.029321533,0.004886922,JERKING,efafd309f206
1775670479526,1060664877722240,-0.5506664,-9.964667,0.81163436,0.048258353,0.021380283,6.1086525E-4,JERKING,efafd309f206
1775670479534,1060664885772450,-0.6488287,-10.012551,0.7517793,0.04153884,6.1086525E-4,-6.1086525E-4,JERKING,efafd309f206
1775670479542,1060664893715429,-0.7589619,-10.093954,0.6823475,0.03481932,-0.032986723,0.0,JERKING,efafd309f206
1775670479550,1060664901296332,-0.8403648,-10.127473,0.5674258,0.03176499,-0.07880162,-6.1086525E-4,JERKING,efafd309f206
1775670479558,1060664909703386,-0.92176765,-10.15381,0.4429273,0.030543262,-0.108123146,0.004886922,JERKING,efafd309f206
1775670479566,1060664917754827,-0.93613285,-10.146626,0.32800564,0.020158553,-0.122783914,0.009773844,JERKING,efafd309f206
1775670479574,1060664925694729,-0.90500826,-10.149021,0.29688102,0.008552114,-0.12339478,0.015882496,JERKING,efafd309f206
1775670479582,1060664933720554,-0.8379706,-10.156203,0.30645782,-0.0030543262,-0.09285152,0.02443461,JERKING,efafd309f206
1775670479590,1060664941686686,-0.7565677,-10.196905,0.2801216,-0.01160644,-0.051923547,0.02443461,JERKING,efafd309f206
1775670479598,1060664949737126,-0.7350199,-10.204087,0.34955344,-0.02321288,-0.008552114,0.022602014,JERKING,efafd309f206
1775670479606,1060664957708567,-0.7398083,-10.206482,0.39743748,-0.029932396,0.02687807,0.018325957,JERKING,efafd309f206
1775670479614,1060664965702315,-0.7350199,-10.196905,0.33279404,-0.03481932,0.044593163,0.018325957,JERKING,efafd309f206
1775670479622,1060664973754370,-0.7254431,-10.177752,0.23942018,-0.047036625,0.05681047,0.013439035,JERKING,efafd309f206
1775670479630,1060664981726041,-0.6967127,-10.160992,0.18914193,-0.06291912,0.06291912,0.01160644,JERKING,efafd309f206
1775670479638,1060664989371175,-0.6823475,-10.213664,0.14604631,-0.0842994,0.07147124,0.008552114,JERKING,efafd309f206
1775670479646,1060664997649615,-0.7278373,-10.247183,0.14604631,-0.103847094,0.080634214,0.005497787,JERKING,efafd309f206
1775670479654,1060665005680978,-0.78769237,-10.283096,0.107739076,-0.119729586,0.086132,0.0030543262,JERKING,efafd309f206
1775670479662,1060665013708419,-0.8475474,-10.283096,0.02633622,-0.13194689,0.09590584,-6.1086525E-4,JERKING,efafd309f206
1775670479670,1060665021292398,-0.93134445,-10.240001,0.009576807,-0.15699236,0.1301143,-0.0030543262,JERKING,efafd309f206
1775670479678,1060665029699376,-0.9840169,-10.15381,0.11971009,-0.1826487,0.1337795,-0.0030543262,JERKING,efafd309f206
1775670479686,1060665037727047,-1.0510546,-10.134656,0.29688102,-0.204029,0.12156218,6.1086525E-4,JERKING,efafd309f206
1775670479694,1060665045745180,-1.0271125,-10.1226845,0.32800564,-0.20830505,0.08307768,0.0061086523,JERKING,efafd309f206
1775670479702,1060665053685851,-0.9600749,-10.096349,0.2753332,-0.204029,0.048258353,0.01160644,JERKING,efafd309f206
1775670479710,1060665061712291,-0.78290397,-10.0508585,0.19632454,-0.20280726,0.029321533,0.014660766,JERKING,efafd309f206
1775670479718,1060665069354040,-0.6344634,-10.029311,0.22744916,-0.20952678,0.03359759,0.016493361,JERKING,efafd309f206
1775670479726,1060665077705480,-0.5267244,-9.995792,0.4213795,-0.20891592,0.057421334,0.01282817,JERKING,efafd309f206
1775670479734,1060665085698613,-0.48123455,-9.938332,0.6344634,-0.19975294,0.092240654,0.0030543262,JERKING,efafd309f206
1775670479742,1060665093749129,-0.4381389,-9.883265,0.8499416,-0.17837265,0.108123146,-0.01038471,JERKING,efafd309f206
1775670479750,1060665101719877,-0.48123455,-9.80665,0.9672575,-0.15393804,0.11301007,-0.022602014,JERKING,efafd309f206
1775670479758,1060665109717395,-0.5626374,-9.758766,1.0534488,-0.12767084,0.099571034,-0.031154128,JERKING,efafd309f206
1775670479766,1060665117766528,-0.6871359,-9.696517,1.091756,-0.09712757,0.062308256,-0.039095376,JERKING,efafd309f206
1775670479774,1060665125675122,-0.7326257,-9.679757,1.091756,-0.07880162,0.031154128,-0.039095376,JERKING,efafd309f206
1775670479782,1060665133702485,-0.78769237,-9.739613,1.0366893,-0.059253927,0.0018325958,-0.034208454,JERKING,efafd309f206
1775670479790,1060665141697310,-0.8403648,-9.787497,0.92895025,-0.0421497,-0.009773844,-0.031154128,JERKING,efafd309f206
1775670479798,1060665149748904,-0.9504981,-9.859323,0.8451532,-0.027488936,-0.01038471,-0.02687807,JERKING,efafd309f206
1775670479806,1060665157689806,-1.0199299,-9.921572,0.81163436,-0.01282817,0.0,-0.022602014,JERKING,efafd309f206
1775670479814,1060665165715632,-1.0941502,-9.962274,0.78769237,-0.0012217305,0.007941248,-0.015271631,JERKING,efafd309f206
1775670479822,1060665173711610,-1.1324574,-9.964667,0.7661445,0.01160644,0.020158553,-0.01160644,JERKING,efafd309f206
1775670479830,1060665181211282,-1.1300632,-9.976639,0.7254431,0.021991149,0.02687807,-0.005497787,JERKING,efafd309f206
1775670479838,1060665189757183,-1.1540052,-10.0029745,0.6895301,0.032375857,0.03604105,-6.1086525E-4,JERKING,efafd309f206
1775670479846,1060665197698931,-1.1180922,-10.014946,0.6536171,0.031154128,0.05375614,0.002443461,JERKING,efafd309f206
1775670479854,1060665205340449,-1.1085154,-10.036493,0.6392518,0.029932396,0.069027774,0.004276057,JERKING,efafd309f206
1775670479862,1060665213744119,-1.0702082,-10.060435,0.60573304,0.02687807,0.07452556,0.009773844,JERKING,efafd309f206
1775670479870,1060665221715252,-1.0007763,-10.089166,0.5722142,0.028710667,0.073303826,0.012217305,JERKING,efafd309f206
1775670479878,1060665229765693,-0.89303726,-10.038888,0.49559975,0.03481932,0.07819075,0.010995574,JERKING,efafd309f206
1775670479886,1060665237707441,-0.7541735,-10.01734,0.44771573,0.039095376,0.09285152,0.01038471,JERKING,efafd309f206
1775670479894,1060665245701265,-0.6560113,-10.000581,0.4381389,0.043982297,0.115453534,0.007941248,JERKING,efafd309f206
1775670479902,1060665253721936,-0.6368576,-9.988609,0.45489833,0.047036625,0.13805555,0.0030543262,JERKING,efafd309f206
1775670479910,1060665261723761,-0.6512229,-9.991004,0.45250413,0.049480084,0.14538592,-0.002443461,JERKING,efafd309f206
1775670479918,1060665269710817,-0.6536171,-10.000581,0.46926352,0.053145275,0.1337795,-0.0067195175,JERKING,efafd309f206
1775670479926,1060665277685489,-0.6440403,-9.991004,0.50278234,0.05375614,0.11728613,-0.0067195175,JERKING,efafd309f206
1775670479934,1060665285358699,-0.641646,-10.014946,0.46208093,0.053145275,0.10934488,-0.0061086523,JERKING,efafd309f206
1775670479942,1060665293706753,-0.6512229,-10.0269165,0.4213795,0.050701816,0.103847094,-0.0036651916,JERKING,efafd309f206
1775670479950,1060665301703348,-0.6368576,-10.04607,0.37828386,0.047036625,0.09590584,0.0012217305,JERKING,efafd309f206
1775670479958,1060665309696481,-0.6488287,-10.038888,0.36391866,0.04520403,0.09162979,0.0030543262,JERKING,efafd309f206
1775670479966,1060665317694075,-0.6751649,-10.055647,0.36152446,0.040317107,0.087964594,0.004886922,JERKING,efafd309f206
1775670479974,1060665325366285,-0.7158663,-10.072407,0.34955344,0.035430185,0.08857546,0.004276057,JERKING,efafd309f206
1775670479982,1060665333713340,-0.7469909,-10.0748005,0.36391866,0.028710667,0.086132,0.007330383,JERKING,efafd309f206
1775670479990,1060665341710627,-0.7493851,-10.0748005,0.37828386,0.02687807,0.080634214,0.0067195175,JERKING,efafd309f206
1775670479998,1060665349705298,-0.78290397,-10.029311,0.34715924,0.02687807,0.070249505,0.008552114,JERKING,efafd309f206
1775670480006,1060665357209970,-0.7541735,-10.022128,0.33279404,0.028099801,0.06719518,0.009773844,JERKING,efafd309f206
1775670480014,1060665365697255,-0.7350199,-10.036493,0.38067806,0.028710667,0.062308256,0.010995574,JERKING,efafd309f206
1775670480022,1060665373716696,-0.7278373,-10.041282,0.4429273,0.019547688,0.047647487,0.01038471,JERKING,efafd309f206
1775670480030,1060665381688598,-0.7230489,-10.014946,0.50996494,0.021380283,0.036651913,0.009162978,JERKING,efafd309f206
1775670480038,1060665389715038,-0.7350199,-9.986216,0.5530606,0.02321288,0.022602014,0.009773844,JERKING,efafd309f206
1775670480046,1060665397710709,-0.7302315,-9.974244,0.56982,0.028710667,0.008552114,0.010995574,JERKING,efafd309f206
1775670480054,1060665405760226,-0.6679823,-9.976639,0.51475334,0.03481932,-0.004276057,0.01160644,JERKING,efafd309f206
1775670480062,1060665413699282,-0.6344634,-9.998186,0.48602295,0.039095376,-0.0061086523,0.010995574,JERKING,efafd309f206
1775670480070,1060665421751261,-0.61530983,-10.012551,0.49799395,0.047647487,0.002443461,0.005497787,JERKING,efafd309f206
1775670480078,1060665429690932,-0.61530983,-10.024523,0.46686932,0.05497787,0.012217305,0.0018325958,JERKING,efafd309f206
1775670480086,1060665437719833,-0.6679823,-10.031705,0.45968673,0.059253927,0.021380283,-6.1086525E-4,JERKING,efafd309f206
1775670480094,1060665445199890,-0.6871359,-10.043676,0.4405331,0.061086524,0.028710667,-0.0061086523,JERKING,efafd309f206
1775670480102,1060665453672484,-0.7541735,-10.036493,0.4405331,0.061086524,0.028710667,-0.007330383,JERKING,efafd309f206
1775670480110,1060665461673924,-0.79248077,-10.031705,0.4213795,0.06047566,0.02443461,-0.008552114,JERKING,efafd309f206
1775670480118,1060665469724748,-0.82121116,-10.041282,0.40940848,0.055588737,0.02565634,-0.004886922,JERKING,efafd309f206
1775670480126,1060665477694881,-0.842759,-10.06283,0.4189853,0.051923547,0.029932396,-0.002443461,JERKING,efafd309f206
1775670480134,1060665485721322,-0.8738836,-10.093954,0.45010993,0.043982297,0.032986723,-0.0012217305,JERKING,efafd309f206
1775670480142,1060665493716686,-0.89543146,-10.084377,0.47165772,0.03970624,0.031154128,0.0,JERKING,efafd309f206
1775670480150,1060665501713818,-0.8834604,-10.072407,0.50517654,0.03726278,0.015271631,0.0036651916,JERKING,efafd309f206
1775670480158,1060665509707104,-0.8523358,-10.04607,0.51714754,0.03726278,0.0012217305,0.0067195175,JERKING,efafd309f206
1775670480166,1060665517704852,-0.7589619,-10.0269165,0.48362875,0.03848451,-0.01038471,0.0067195175,JERKING,efafd309f206
1775670480174,1060665525698985,-0.7158663,-10.019734,0.45010993,0.044593163,-0.012217305,0.007330383,JERKING,efafd309f206
1775670480182,1060665533695580,-0.6847417,-10.012551,0.4285621,0.047036625,-0.0067195175,0.0061086523,JERKING,efafd309f206
1775670480190,1060665541692174,-0.6536171,-10.022128,0.40222588,0.04642576,0.0,0.0030543262,JERKING,efafd309f206
1775670480198,1060665549718690,-0.6464345,-10.0341,0.36631286,0.04337143,-0.0012217305,0.002443461,JERKING,efafd309f206
1775670480206,1060665557714593,-0.6464345,-10.065224,0.35194764,0.039095376,-0.009162978,6.1086525E-4,JERKING,efafd309f206
1775670480214,1060665565707495,-0.6392518,-10.084377,0.33758244,0.034208454,-0.014660766,0.0,JERKING,efafd309f206
1775670480222,1060665573704781,-0.6584055,-10.079589,0.40462008,0.031154128,-0.01160644,-0.002443461,JERKING,efafd309f206
1775670480230,1060665581699453,-0.6607997,-10.0748005,0.4213795,0.030543262,-0.004276057,-0.004886922,JERKING,efafd309f206
1775670480238,1060665589694277,-0.6775591,-10.084377,0.4141969,0.029321533,-0.0030543262,-0.0018325958,JERKING,efafd309f206
1775670480246,1060665597692102,-0.6991069,-10.101137,0.39743748,0.02565634,-0.013439035,-0.004276057,JERKING,efafd309f206
1775670480254,1060665605717543,-0.7086837,-10.067618,0.4141969,0.021991149,-0.02565634,-0.0030543262,JERKING,efafd309f206
1775670480262,1060665613711752,-0.7278373,-10.014946,0.45729253,0.019547688,-0.028710667,-6.1086525E-4,JERKING,efafd309f206
1775670480270,1060665621708655,-0.6703765,-10.01734,0.40940848,0.020158553,-0.03481932,0.005497787,JERKING,efafd309f206
1775670480278,1060665629702171,-0.6847417,-9.991004,0.41180268,0.013439035,-0.037873644,0.007330383,JERKING,efafd309f206
1775670480286,1060665637699996,-0.6895301,-10.007763,0.4189853,0.009162978,-0.0421497,0.008552114,JERKING,efafd309f206
1775670480294,1060665645694052,-0.7326257,-10.019734,0.4381389,0.0067195175,-0.044593163,0.01038471,JERKING,efafd309f206
1775670480302,1060665653692185,-0.7086837,-10.041282,0.4381389,0.007330383,-0.040927973,0.009773844,JERKING,efafd309f206
1775670480310,1060665661715317,-0.7326257,-10.0341,0.4381389,0.007941248,-0.032986723,0.009162978,JERKING,efafd309f206
1775670480318,1060665669712757,-0.7278373,-10.048465,0.4333505,0.009773844,-0.029932396,0.007330383,JERKING,efafd309f206
1775670480326,1060665677709044,-0.7541735,-10.019734,0.45010993,0.007941248,-0.028099801,0.005497787,JERKING,efafd309f206
1775670480334,1060665685705100,-0.7613561,-10.0269165,0.44771573,0.005497787,-0.02565634,0.004276057,JERKING,efafd309f206
1775670480342,1060665693699233,-0.770933,-10.024523,0.47165772,0.0030543262,-0.019547688,0.0030543262,JERKING,efafd309f206
1775670480350,1060665701696980,-0.7541735,-10.01734,0.47884035,-0.0018325958,-0.012217305,0.004276057,JERKING,efafd309f206
1775670480358,1060665709720036,-0.7781156,-9.995792,0.533907,-0.0067195175,0.0018325958,0.002443461,JERKING,efafd309f206
1775670480366,1060665717717861,-0.78290397,-9.981427,0.641646,-0.007941248,0.009773844,6.1086525E-4,JERKING,efafd309f206
1775670480374,1060665725710840,-0.80684596,-9.983821,0.6943185,-0.007330383,0.016493361,0.0030543262,JERKING,efafd309f206
1775670480382,1060665733707665,-0.8331822,-9.974244,0.7398083,-0.0018325958,0.008552114,0.002443461,JERKING,efafd309f206
1775670480390,1060665741701874,-0.85473,-9.952697,0.7350199,0.009773844,-0.008552114,0.0030543262,JERKING,efafd309f206
1775670480398,1060665749699084,-0.8595184,-9.907207,0.7422025,0.019547688,-0.020158553,0.002443461,JERKING,efafd309f206
1775670480406,1060665757694140,-0.8523358,-9.907207,0.7206547,0.029321533,-0.02687807,0.0018325958,JERKING,efafd309f206
1775670480414,1060665765368582,-0.81642276,-9.921572,0.7110779,0.039095376,-0.02687807,0.0030543262,JERKING,efafd309f206
1775670480422,1060665773716251,-0.8379706,-9.92636,0.7278373,0.04642576,-0.025045475,0.0030543262,JERKING,efafd309f206
1775670480430,1060665781197155,-0.81163436,-9.938332,0.770933,0.04642576,-0.025045475,0.0030543262,JERKING,efafd309f206
1775670480438,1060665789707209,-0.79008657,-9.976639,0.7589619,0.0580322,-0.036651913,0.0061086523,JERKING,efafd309f206
1775670480446,1060665797703880,-0.7685388,-9.993398,0.7637503,0.06536258,-0.04520403,0.0036651916,JERKING,efafd309f206
1775670480454,1060665805697321,-0.79008657,-9.993398,0.7302315,0.07269296,-0.043982297,0.002443461,JERKING,efafd309f206
1775670480462,1060665813695145,-0.81881696,-9.959879,0.6919243,0.086132,-0.029932396,-0.0030543262,JERKING,efafd309f206
1775670480470,1060665821720432,-0.8619126,-9.957485,0.6703765,0.08979719,-0.02076942,-0.0018325958,JERKING,efafd309f206
1775670480478,1060665829714257,-0.8882488,-9.9790325,0.6847417,0.09040806,-0.016493361,0.0018325958,JERKING,efafd309f206
1775670480486,1060665837712390,-1.0031705,-9.991004,0.7541735,0.08674286,-0.019547688,-0.0018325958,JERKING,efafd309f206
1775670480494,1060665845707061,-0.93373865,-9.97185,0.770933,0.08735373,-0.027488936,0.004276057,JERKING,efafd309f206
1775670480502,1060665853702731,-0.9552865,-9.962274,0.79008657,0.09285152,-0.042760566,0.004886922,JERKING,efafd309f206
1775670480510,1060665861697172,-0.91219085,-9.993398,0.770933,0.09773844,-0.054367006,0.007330383,JERKING,efafd309f206
1775670480518,1060665869748228,-0.9648633,-9.983821,0.7637503,0.1020145,-0.051923547,0.008552114,JERKING,efafd309f206
1775670480526,1060665877688899,-0.93613285,-10.0029745,0.7086837,0.10751228,-0.0421497,0.01282817,JERKING,efafd309f206
1775670480534,1060665885300495,-0.94810385,-10.005369,0.641646,0.103847094,-0.049480084,0.014660766,JERKING,efafd309f206
1775670480542,1060665893709779,-0.92416185,-10.0508585,0.5434838,0.099571034,-0.06536258,0.018325957,JERKING,efafd309f206
1775670480550,1060665901704835,-0.89782566,-10.070012,0.49559975,0.09590584,-0.077579886,0.020158553,JERKING,efafd309f206
1775670480558,1060665909700507,-0.8283938,-10.081984,0.48123455,0.09101892,-0.07452556,0.020158553,JERKING,efafd309f206
1775670480566,1060665917698947,-0.79248077,-10.072407,0.50038815,0.08674286,-0.059864793,0.020158553,JERKING,efafd309f206
1775670480574,1060665925267235,-0.7781156,-10.060435,0.5722142,0.07880162,-0.037873644,0.020158553,JERKING,efafd309f206
1775670480582,1060665933719827,-0.7326257,-10.072407,0.6440403,0.07269296,-0.028099801,0.021991149,JERKING,efafd309f206
1775670480590,1060665941738883,-0.7134721,-10.048465,0.7326257,0.064751714,-0.022602014,0.025045475,JERKING,efafd309f206
1775670480598,1060665949680016,-0.7398083,-10.053253,0.7086837,0.059253927,-0.02565634,0.02443461,JERKING,efafd309f206
1775670480606,1060665957243073,-0.7206547,-10.06283,0.7278373,0.047647487,-0.034208454,0.028099801,JERKING,efafd309f206
1775670480614,1060665965702127,-0.7158663,-10.01734,0.770933,0.036651913,-0.029321533,0.029932396,JERKING,efafd309f206
1775670480622,1060665973696568,-0.7230489,-10.060435,0.79248077,0.03359759,-0.031154128,0.031154128,JERKING,efafd309f206
1775670480630,1060665981691393,-0.7230489,-10.053253,0.8331822,0.030543262,-0.02076942,0.029932396,JERKING,efafd309f206
1775670480638,1060665989718679,-0.7469909,-10.0508585,0.8475474,0.028710667,-0.026267206,0.026267206,JERKING,efafd309f206
1775670480646,1060665997714658,-0.7469909,-10.072407,0.78290397,0.029932396,-0.05009095,0.027488936,JERKING,efafd309f206
1775670480654,1060666005709098,-0.81402856,-10.079589,0.7326257,0.029932396,-0.08124508,0.022602014,JERKING,efafd309f206
1775670480662,1060666013705692,-0.81402856,-10.077195,0.6560113,0.028099801,-0.11056661,0.02076942,JERKING,efafd309f206
1775670480670,1060666021701441,-0.80684596,-10.108319,0.6584055,0.028710667,-0.118507855,0.017715093,JERKING,efafd309f206
1775670480678,1060666029695881,-0.8403648,-10.105926,0.6655881,0.028710667,-0.106901415,0.015882496,JERKING,efafd309f206
1775670480686,1060666037693629,-0.830788,-10.081984,0.7254431,0.034208454,-0.07147124,0.012217305,JERKING,efafd309f206
1775670480694,1060666045718531,-0.8595184,-10.077195,0.7350199,0.04153884,-0.04886922,0.01038471,JERKING,efafd309f206
1775670480702,1060666053712663,-0.89064306,-10.043676,0.78290397,0.04520403,-0.022602014,0.004886922,JERKING,efafd309f206
1775670480710,1060666061709873,-0.91458505,-9.993398,0.830788,0.04642576,-0.010995574,0.0036651916,JERKING,efafd309f206
1775670480718,1060666069705314,-0.9528923,-9.981427,0.89543146,0.048258353,-0.0030543262,0.0018325958,JERKING,efafd309f206
1775670480726,1060666077701216,-0.94092125,-9.967062,0.8762778,0.05009095,-0.0018325958,0.004886922,JERKING,efafd309f206
1775670480734,1060666085695425,-0.9792285,-9.964667,0.8475474,0.054367006,-0.012217305,0.005497787,JERKING,efafd309f206
1775670480742,1060666093691942,-0.94331545,-9.993398,0.79248077,0.05497787,-0.017715093,0.008552114,JERKING,efafd309f206
1775670480750,1060666101719613,-0.94331545,-10.024523,0.79966336,0.055588737,-0.025045475,0.008552114,JERKING,efafd309f206
1775670480758,1060666109711900,-0.91937345,-10.065224,0.78769237,0.058643065,-0.029321533,0.01282817,JERKING,efafd309f206
1775670480766,1060666117709494,-0.8619126,-10.0748005,0.7302315,0.06047566,-0.02076942,0.012217305,JERKING,efafd309f206
1775670480774,1060666125705165,-0.8403648,-10.120291,0.7685388,0.062308256,-0.009773844,0.01282817,JERKING,efafd309f206
1775670480782,1060666133701067,-0.8283938,-10.084377,0.81163436,0.06047566,-6.1086525E-4,0.008552114,JERKING,efafd309f206
1775670480790,1060666141694892,-0.8451532,-10.079589,0.81642276,0.062308256,0.004276057,0.008552114,JERKING,efafd309f206
1775670480798,1060666149690256,-0.8643068,-10.04607,0.8331822,0.06352998,0.01160644,0.005497787,JERKING,efafd309f206
1775670480806,1060666157717388,-0.8643068,-10.01734,0.82121116,0.06169739,0.017715093,0.0061086523,JERKING,efafd309f206
1775670480814,1060666165713597,-0.90261406,-10.0269165,0.82599956,0.06047566,0.02076942,0.005497787,JERKING,efafd309f206
1775670480822,1060666173708961,-0.90500826,-10.010158,0.82121116,0.059253927,0.02565634,0.0061086523,JERKING,efafd309f206
1775670480830,1060666181704325,-0.878672,-9.998186,0.830788,0.05497787,0.032986723,0.0061086523,JERKING,efafd309f206
1775670480838,1060666189700611,-0.8595184,-9.995792,0.80684596,0.054367006,0.03848451,0.007941248,JERKING,efafd309f206
1775670480846,1060666197697512,-0.8619126,-9.988609,0.81881696,0.050701816,0.044593163,0.005497787,JERKING,efafd309f206
1775670480854,1060666205691645,-0.842759,-9.983821,0.8283938,0.050701816,0.05375614,0.0061086523,JERKING,efafd309f206
1775670480862,1060666213717471,-0.85473,-10.022128,0.8331822,0.049480084,0.058643065,0.005497787,JERKING,efafd309f206
1775670480870,1060666221714373,-0.82599956,-10.0341,0.8643068,0.05009095,0.06047566,0.005497787,JERKING,efafd309f206
1775670480878,1060666229708504,-0.82360536,-10.041282,0.8355764,0.047647487,0.059864793,0.0067195175,JERKING,efafd309f206
1775670480886,1060666237703945,-0.80684596,-10.058042,0.8379706,0.048258353,0.05375614,0.0067195175,JERKING,efafd309f206
1775670480894,1060666245698309,-0.78529817,-10.060435,0.8571242,0.042760566,0.052534413,0.009773844,JERKING,efafd309f206
1775670480902,1060666253719288,-0.7757214,-10.053253,0.8714894,0.0421497,0.052534413,0.009773844,JERKING,efafd309f206
1775670480910,1060666261721421,-0.7733272,-10.029311,0.91458505,0.042760566,0.05009095,0.01038471,JERKING,efafd309f206
1775670480918,1060666269741014,-0.7422025,-9.998186,0.90021986,0.04337143,0.045814894,0.01160644,JERKING,efafd309f206
1775670480926,1060666277682531,-0.7493851,-10.007763,0.878672,0.04337143,0.047036625,0.010995574,JERKING,efafd309f206
1775670480934,1060666285706818,-0.7541735,-10.010158,0.8762778,0.04337143,0.040927973,0.010995574,JERKING,efafd309f206
1775670480942,1060666293702797,-0.7613561,-10.022128,0.90740246,0.040927973,0.037873644,0.01160644,JERKING,efafd309f206
1775670480950,1060666301698161,-0.7350199,-10.029311,0.92176765,0.037873644,0.034208454,0.01038471,JERKING,efafd309f206
1775670480958,1060666309749523,-0.7661445,-10.058042,0.91219085,0.036651913,0.03176499,0.01038471,JERKING,efafd309f206
1775670480966,1060666317690195,-0.7781156,-10.072407,0.90979666,0.03481932,0.029932396,0.007330383,JERKING,efafd309f206
1775670480974,1060666325716635,-0.78769237,-10.053253,0.93373865,0.03176499,0.028099801,0.007330383,JERKING,efafd309f206
1775670480982,1060666333712230,-0.78769237,-10.043676,0.9528923,0.02565634,0.02443461,0.007330383,JERKING,efafd309f206
1775670480990,1060666341706670,-0.79008657,-10.031705,0.9528923,0.022602014,0.02321288,0.007330383,JERKING,efafd309f206
1775670480998,1060666349701802,-0.79726917,-10.048465,0.94331545,0.020158553,0.02076942,0.007330383,JERKING,efafd309f206
1775670481006,1060666357722935,-0.81642276,-10.038888,0.92895025,0.019547688,0.020158553,0.007330383,JERKING,efafd309f206
1775670481014,1060666365693760,-0.8475474,-10.012551,0.91937345,0.020158553,0.021380283,0.007330383,JERKING,efafd309f206
1775670481022,1060666373688508,-0.8762778,-9.998186,0.91458505,0.017715093,0.029321533,0.0067195175,JERKING,efafd309f206
1775670481030,1060666381716486,-0.8882488,-10.000581,0.93134445,0.016493361,0.029321533,0.007941248,JERKING,efafd309f206
1775670481038,1060666389711850,-0.866701,-9.981427,0.9576807,0.015882496,0.028099801,0.009773844,JERKING,efafd309f206
1775670481046,1060666397700752,-0.8858546,-9.9790325,0.9624691,0.015271631,0.02321288,0.009773844,JERKING,efafd309f206
1775670481054,1060666405704424,-0.8499416,-9.986216,0.9552865,0.015882496,0.021380283,0.01282817,JERKING,efafd309f206
1775670481062,1060666413698787,-0.8523358,-9.9790325,0.9648633,0.020158553,0.021380283,0.01038471,JERKING,efafd309f206
1775670481070,1060666421197921,-0.81163436,-10.007763,0.9624691,0.021380283,0.020158553,0.010995574,JERKING,efafd309f206
1775670481078,1060666429718821,-0.830788,-10.010158,0.93852705,0.016493361,0.015882496,0.01160644,JERKING,efafd309f206
1775670481086,1060666437281186,-0.8331822,-10.038888,0.93852705,0.017104227,0.017104227,0.01038471,JERKING,efafd309f206
1775670481094,1060666445710395,-0.8475474,-10.01734,0.94092125,0.015271631,0.02076942,0.01160644,JERKING,efafd309f206
1775670481102,1060666453706989,-0.89064306,-10.019734,0.9624691,0.01282817,0.020158553,0.012217305,JERKING,efafd309f206
1775670481110,1060666461726659,-0.8762778,-10.031705,0.9744401,0.01038471,0.025045475,0.010995574,JERKING,efafd309f206
1775670481118,1060666469696254,-0.9504981,-10.058042,0.9983821,0.007330383,0.027488936,0.010995574,JERKING,efafd309f206
1775670481126,1060666477748233,-0.9935937,-10.0508585,0.9911995,0.005497787,0.03359759,0.010995574,JERKING,efafd309f206
1775670481134,1060666485719827,-1.0175357,-10.06283,0.9911995,0.004886922,0.036651913,0.009773844,JERKING,efafd309f206
1775670481142,1060666493715575,-1.0414777,-10.060435,1.0007763,0.0030543262,0.039095376,0.010995574,JERKING,efafd309f206
1775670481150,1060666501709707,-1.043872,-10.067618,1.0127473,0.002443461,0.03848451,0.012217305,JERKING,efafd309f206
1775670481158,1060666509761071,-1.0510546,-10.053253,1.0079589,0.0,0.04153884,0.014049901,JERKING,efafd309f206
1775670481166,1060666517703511,-1.043872,-10.041282,0.9888053,0.0012217305,0.044593163,0.015271631,JERKING,efafd309f206
1775670481174,1060666525721644,-1.0127473,-10.014946,0.9840169,0.0012217305,0.05131268,0.01282817,JERKING,efafd309f206
1775670481182,1060666533691700,-0.9888053,-9.988609,0.9648633,0.0030543262,0.054367006,0.01160644,JERKING,efafd309f206
1775670481190,1060666541305218,-0.9792285,-9.947908,0.9624691,0.0030543262,0.06047566,0.010995574,JERKING,efafd309f206
1775670481198,1060666549714734,-0.92655605,-9.957485,0.9744401,0.0030543262,0.058643065,0.01160644,JERKING,efafd309f206
1775670481206,1060666557765175,-0.91219085,-9.969456,0.9792285,0.0018325958,0.058643065,0.010995574,JERKING,efafd309f206
1775670481214,1060666565704231,-0.91697925,-9.974244,0.9935937,0.002443461,0.059253927,0.008552114,JERKING,efafd309f206
1775670481222,1060666573700593,-0.90021986,-9.962274,0.9552865,0.0030543262,0.059253927,0.008552114,JERKING,efafd309f206
1775670481230,1060666581698034,-0.90021986,-9.964667,0.9768343,0.002443461,0.05681047,0.008552114,JERKING,efafd309f206
1775670481238,1060666589691628,-0.90021986,-9.983821,0.9600749,0.0018325958,0.049480084,0.0067195175,JERKING,efafd309f206
1775670481246,1060666597227224,-0.8882488,-9.983821,0.93852705,0.0012217305,0.04520403,0.0061086523,JERKING,efafd309f206
1775670481254,1060666605713740,-0.89064306,-10.0029745,0.90979666,0.005497787,0.043982297,0.007330383,JERKING,efafd309f206
1775670481262,1060666613764718,-0.8619126,-10.019734,0.89782566,0.0012217305,0.03726278,0.005497787,JERKING,efafd309f206
1775670481270,1060666621705390,-0.8571242,-9.998186,0.878672,0.0030543262,0.03359759,0.0061086523,JERKING,efafd309f206
1775670481278,1060666629702599,-0.8355764,-10.012551,0.8571242,0.004276057,0.02687807,0.007941248,JERKING,efafd309f206
1775670481286,1060666637696348,-0.79487497,-10.000581,0.8690952,0.002443461,0.021991149,0.008552114,JERKING,efafd309f206
1775670481294,1060666645692096,-0.78769237,-9.983821,0.8858546,0.0036651916,0.014660766,0.007941248,JERKING,efafd309f206
1775670481302,1060666653717612,-0.7541735,-9.9790325,0.90500826,0.004886922,0.007330383,0.007941248,JERKING,efafd309f206
1775670481310,1060666661714207,-0.7493851,-9.986216,0.8834604,0.008552114,-0.0018325958,0.009162978,JERKING,efafd309f206
1775670481318,1060666669710109,-0.7374141,-9.9790325,0.866701,0.01038471,-0.0067195175,0.008552114,JERKING,efafd309f206
1775670481326,1060666677704934,-0.7493851,-9.986216,0.8762778,0.01038471,-0.014049901,0.009773844,JERKING,efafd309f206
1775670481334,1060666685699604,-0.7613561,-10.007763,0.8762778,0.007941248,-0.022602014,0.007941248,JERKING,efafd309f206
1775670481342,1060666693696583,-0.79008657,-10.024523,0.8714894,0.007330383,-0.032375857,0.005497787,JERKING,efafd309f206
1775670481350,1060666701692485,-0.79726917,-10.043676,0.8858546,0.004886922,-0.040927973,0.0067195175,JERKING,efafd309f206
1775670481358,1060666709718311,-0.81881696,-10.036493,0.8738836,0.002443461,-0.047036625,0.004276057,JERKING,efafd309f206
1775670481366,1060666717713982,-0.8475474,-10.04607,0.878672,-0.0012217305,-0.050701816,0.0036651916,JERKING,efafd309f206
1775670481374,1060666725357115,-0.8619126,-10.084377,0.8882488,-0.004886922,-0.052534413,0.0012217305,JERKING,efafd309f206
1775670481382,1060666733703554,-0.92176765,-10.077195,0.878672,-0.008552114,-0.056199603,6.1086525E-4,JERKING,efafd309f206
1775670481390,1060666741698841,-0.94092125,-10.077195,0.8499416,-0.01160644,-0.055588737,-6.1086525E-4,JERKING,efafd309f206
1775670481398,1060666749694282,-0.9600749,-10.065224,0.8451532,-0.015882496,-0.054367006,-0.002443461,JERKING,efafd309f206
1775670481406,1060666757654799,-0.9696517,-10.043676,0.8619126,-0.018325957,-0.04886922,-0.002443461,JERKING,efafd309f206
1775670481414,1060666765687085,-1.0031705,-10.048465,0.90500826,-0.019547688,-0.040927973,-0.0036651916,JERKING,efafd309f206
1775670481422,1060666773681295,-0.9935937,-10.041282,0.90261406,-0.02076942,-0.03970624,-0.0061086523,JERKING,efafd309f206
1775670481430,1060666781328659,-1.0127473,-10.01734,0.91219085,-0.021991149,-0.032986723,-0.007941248,JERKING,efafd309f206
1775670481438,1060666789705176,-1.0175357,-9.995792,0.91458505,-0.023823744,-0.03176499,-0.01160644,JERKING,efafd309f206
1775670481446,1060666797237463,-1.0175357,-9.967062,0.92416185,-0.021991149,-0.02687807,-0.009773844,JERKING,efafd309f206
1775670481454,1060666805695594,-1.0151415,-9.976639,0.93134445,-0.019547688,-0.023823744,-0.009162978,JERKING,efafd309f206
1775670481462,1060666813690343,-0.9840169,-9.991004,0.92655605,-0.020158553,-0.019547688,-0.009162978,JERKING,efafd309f206
1775670481470,1060666821716168,-1.0055647,-9.993398,0.93613285,-0.021991149,-0.014049901,-0.0061086523,JERKING,efafd309f206
1775670481478,1060666829713070,-0.9768343,-10.010158,0.9528923,-0.025045475,-0.01282817,-0.004886922,JERKING,efafd309f206
1775670481486,1060666837708817,-0.9528923,-10.0269165,0.9672575,-0.02565634,-0.009773844,-0.004886922,JERKING,efafd309f206
1775670481494,1060666845702027,-0.93613285,-10.031705,0.9744401,-0.028710667,-0.008552114,-0.005497787,JERKING,efafd309f206
1775670481502,1060666853698314,-0.94570965,-10.024523,0.94810385,-0.028710667,-0.005497787,-0.007330383,JERKING,efafd309f206
1775670481510,1060666861198832,-0.9624691,-10.041282,0.9648633,-0.029932396,-0.004886922,-0.008552114,JERKING,efafd309f206
1775670481518,1060666869690272,-0.9911995,-10.038888,0.92895025,-0.029932396,0.0018325958,-0.009162978,JERKING,efafd309f206
1775670481526,1060666877771480,-1.0031705,-10.04607,0.9528923,-0.028099801,0.009162978,-0.012217305,JERKING,efafd309f206
1775670481534,1060666885683690,-0.9840169,-10.053253,0.9552865,-0.028099801,0.01160644,-0.013439035,JERKING,efafd309f206
1775670481542,1060666893732285,-0.9864111,-10.024523,0.92655605,-0.027488936,0.012217305,-0.010995574,JERKING,efafd309f206
1775670481550,1060666901703110,-0.9744401,-9.995792,0.9504981,-0.02565634,0.015271631,-0.01038471,JERKING,efafd309f206
1775670481558,1060666909697781,-0.9576807,-9.983821,0.9600749,-0.028099801,0.014660766,-0.01038471,JERKING,efafd309f206
1775670481566,1060666917695067,-0.94810385,-9.957485,0.9624691,-0.02565634,0.017104227,-0.01038471,JERKING,efafd309f206
1775670481574,1060666925277739,-0.92895025,-9.945514,0.94570965,-0.025045475,0.017715093,-0.009773844,JERKING,efafd309f206
1775670481582,1060666933715948,-0.93613285,-9.947908,0.91458505,-0.02687807,0.018325957,-0.009162978,JERKING,efafd309f206
1775670481590,1060666941216159,-0.93134445,-9.967062,0.8762778,-0.02443461,0.016493361,-0.007941248,JERKING,efafd309f206
1775670481598,1060666949707906,-0.9504981,-9.988609,0.82360536,-0.02076942,0.018936822,-0.007330383,JERKING,efafd309f206
1775670481606,1060666957727499,-0.9672575,-10.029311,0.8331822,-0.021991149,0.018325957,-0.0067195175,JERKING,efafd309f206
1775670481614,1060666965699171,-0.9768343,-10.024523,0.8331822,-0.02076942,0.021991149,-0.007330383,JERKING,efafd309f206
1775670481622,1060666973694611,-0.9528923,-9.991004,0.8355764,-0.019547688,0.021991149,-0.007330383,JERKING,efafd309f206
1775670481630,1060666981691744,-0.91937345,-9.97185,0.830788,-0.018325957,0.02443461,-0.0061086523,JERKING,efafd309f206
1775670481638,1060666989716337,-0.8810662,-9.9790325,0.8355764,-0.016493361,0.02687807,-0.004886922,JERKING,efafd309f206
1775670481646,1060666997248702,-0.8523358,-9.967062,0.8451532,-0.01160644,0.029321533,-0.004276057,JERKING,efafd309f206
1775670481654,1060667005706449,-0.8355764,-9.97185,0.8403648,-0.009773844,0.029321533,-0.0036651916,JERKING,efafd309f206
1775670481662,1060667013703044,-0.81881696,-9.991004,0.80445176,-0.005497787,0.027488936,-0.0036651916,JERKING,efafd309f206
1775670481670,1060667021184331,-0.81402856,-9.9790325,0.80205756,-0.004276057,0.023823744,-0.002443461,JERKING,efafd309f206
1775670481678,1060667029694078,-0.79726917,-9.952697,0.80205756,-0.004276057,0.018936822,-0.0018325958,JERKING,efafd309f206
1775670481686,1060667037744287,-0.78290397,-9.923966,0.79966336,-6.1086525E-4,0.014049901,-0.002443461,JERKING,efafd309f206
1775670481694,1060667045683267,-0.770933,-9.919178,0.7661445,-0.0018325958,0.007941248,-0.0030543262,JERKING,efafd309f206
1775670481702,1060667053711553,-0.7445967,-9.950302,0.7493851,0.0030543262,0.0030543262,-0.004276057,JERKING,efafd309f206
1775670481710,1060667061706071,-0.7733272,-9.97185,0.7517793,0.005497787,-0.0012217305,-0.004276057,JERKING,efafd309f206
1775670481718,1060667069350588,-0.7757214,-9.993398,0.7469909,0.0061086523,-0.004886922,-0.002443461,JERKING,efafd309f206
1775670481726,1060667077697028,-0.78529817,-10.0029745,0.7565677,0.009773844,-0.004886922,-0.004886922,JERKING,efafd309f206
1775670481734,1060667085339162,-0.7781156,-10.007763,0.7565677,0.007941248,-0.008552114,-0.0036651916,JERKING,efafd309f206
1775670481742,1060667093688140,-0.81402856,-10.031705,0.7733272,0.008552114,-0.009773844,-0.0036651916,JERKING,efafd309f206
1775670481750,1060667101769964,-0.79966336,-10.0269165,0.79487497,0.004276057,-0.012217305,-0.004276057,JERKING,efafd309f206
1775670481758,1060667109712097,-0.82599956,-10.048465,0.81642276,0.004886922,-0.013439035,-0.005497787,JERKING,efafd309f206
1775670481766,1060667117707460,-0.8331822,-10.04607,0.82121116,0.005497787,-0.013439035,-0.004886922,JERKING,efafd309f206
1775670481774,1060667125700593,-0.85473,-10.04607,0.81642276,0.004886922,-0.012217305,-0.005497787,JERKING,efafd309f206
1775670481782,1060667133697880,-0.8690952,-10.024523,0.78529817,0.007330383,-0.01160644,-0.004276057,JERKING,efafd309f206
1775670481790,1060667141692550,-0.8858546,-10.022128,0.7565677,0.0067195175,-0.012217305,-0.004276057,JERKING,efafd309f206
1775670481798,1060667149688837,-0.8834604,-10.012551,0.7469909,0.0061086523,-0.01038471,-0.004276057,JERKING,efafd309f206
1775670481806,1060667157251278,-0.8882488,-10.014946,0.7422025,0.008552114,-0.007330383,-0.0036651916,JERKING,efafd309f206
1775670481814,1060667165610410,-0.8882488,-10.014946,0.7613561,0.005497787,-0.007330383,-0.005497787,JERKING,efafd309f206
1775670481822,1060667173673774,-0.8475474,-9.988609,0.80684596,0.007330383,-0.0018325958,-0.005497787,JERKING,efafd309f206
1775670481830,1060667181700521,-0.85473,-9.995792,0.8403648,0.005497787,0.0030543262,-0.004886922,JERKING,efafd309f206
1775670481838,1060667189697423,-0.8738836,-9.97185,0.85473,0.007941248,6.1086525E-4,-0.0061086523,JERKING,efafd309f206
1775670481846,1060667197717018,-0.8523358,-9.952697,0.8571242,0.008552114,-0.0012217305,-0.0061086523,JERKING,efafd309f206
1775670481854,1060667205687535,-0.8714894,-9.9550905,0.8738836,0.009773844,-0.0018325958,-0.004886922,JERKING,efafd309f206
1775670481862,1060667213713053,-0.90740246,-9.959879,0.8762778,0.014660766,-0.0012217305,-0.004276057,JERKING,efafd309f206
1775670481870,1060667221710492,-0.90500826,-9.950302,0.8834604,0.017715093,-0.0012217305,-0.004886922,JERKING,efafd309f206
1775670481878,1060667229705010,-0.93373865,-9.92636,0.8738836,0.02321288,-0.0018325958,-0.002443461,JERKING,efafd309f206
1775670481886,1060667237703143,-0.91937345,-9.952697,0.8690952,0.028710667,-0.0030543262,-6.1086525E-4,JERKING,efafd309f206
1775670481894,1060667245697506,-0.92895025,-9.933543,0.8595184,0.03604105,-0.007330383,0.002443461,JERKING,efafd309f206
1775670481902,1060667253693485,-0.90740246,-9.967062,0.842759,0.03848451,-0.007941248,0.0036651916,JERKING,efafd309f206
1775670481910,1060667261689540,-0.89303726,-9.97185,0.830788,0.04153884,-0.01038471,0.004886922,JERKING,efafd309f206
1775670481918,1060667269712827,-0.8475474,-9.967062,0.82121116,0.044593163,-0.012217305,0.004886922,JERKING,efafd309f206
1775670481926,1060667277709806,-0.81881696,-9.9790325,0.80924016,0.04642576,-0.012217305,0.007941248,JERKING,efafd309f206
1775670481934,1060667285705708,-0.79008657,-10.000581,0.82599956,0.045814894,-0.015271631,0.007330383,JERKING,efafd309f206
1775670481942,1060667293699917,-0.7733272,-9.993398,0.8475474,0.04642576,-0.018325957,0.0067195175,JERKING,efafd309f206
1775670481950,1060667301697050,-0.7781156,-10.024523,0.8619126,0.05009095,-0.02443461,0.004886922,JERKING,efafd309f206
1775670481958,1060667309178030,-0.79966336,-10.01734,0.842759,0.04886922,-0.02687807,0.004886922,JERKING,efafd309f206
1775670481966,1060667317689931,-0.79966336,-10.036493,0.8403648,0.048258353,-0.030543262,0.004886922,JERKING,efafd309f206
1775670481974,1060667325712756,-0.8355764,-10.036493,0.8643068,0.04886922,-0.029932396,0.005497787,JERKING,efafd309f206
1775670481982,1060667333733580,-0.8738836,-10.048465,0.8499416,0.048258353,-0.029321533,0.0036651916,JERKING,efafd309f206
1775670481990,1060667341672944,-0.89303726,-10.041282,0.8379706,0.05131268,-0.02321288,0.002443461,JERKING,efafd309f206
1775670481998,1060667349700615,-0.90021986,-10.053253,0.842759,0.047036625,-0.021991149,0.0030543262,JERKING,efafd309f206
1775670482006,1060667357695979,-0.91937345,-10.036493,0.8858546,0.04337143,-0.017715093,0.0012217305,JERKING,efafd309f206
1775670482014,1060667365176036,-0.93373865,-10.072407,0.90021986,0.0421497,-0.014660766,0.0030543262,JERKING,efafd309f206
1775670482022,1060667373686705,-0.89782566,-10.067618,0.89303726,0.03848451,-0.009773844,0.004276057,JERKING,efafd309f206
1775670482030,1060667381198377,-0.89543146,-10.060435,0.9528923,0.032375857,-0.009162978,0.002443461,JERKING,efafd309f206
1775670482038,1060667389707586,-0.8882488,-10.048465,1.0031705,0.027488936,-0.0036651916,0.0012217305,JERKING,efafd309f206
1775670482046,1060667397728796,-0.89543146,-10.031705,1.0390835,0.028099801,-6.1086525E-4,-6.1086525E-4,JERKING,efafd309f206
1775670482054,1060667405699236,-0.89543146,-10.007763,1.0199299,0.026267206,0.005497787,0.0012217305,JERKING,efafd309f206
1775670482062,1060667413695907,-0.91219085,-9.976639,1.0223241,0.026267206,0.009162978,-6.1086525E-4,JERKING,efafd309f206
1775670482070,1060667421690040,-0.89303726,-9.964667,1.0366893,0.026267206,0.014049901,-0.0012217305,JERKING,efafd309f206
1775670482078,1060667429717403,-0.90021986,-9.9550905,1.0462662,0.028099801,0.017715093,-0.0018325958,JERKING,efafd309f206
1775670482086,1060667437713690,-0.90979666,-9.945514,1.0414777,0.029932396,0.018325957,-0.0012217305,JERKING,efafd309f206
1775670482094,1060667445707437,-0.93134445,-9.921572,1.043872,0.035430185,0.017104227,-0.002443461,JERKING,efafd309f206
1775670482102,1060667453704109,-0.91697925,-9.931149,1.0702082,0.040317107,0.017104227,-6.1086525E-4,JERKING,efafd309f206
1775670482110,1060667461700011,-0.92655605,-9.933543,1.055843,0.043982297,0.015882496,-0.0018325958,JERKING,efafd309f206
1775670482118,1060667469695451,-0.90261406,-9.952697,1.0462662,0.050701816,0.008552114,6.1086525E-4,JERKING,efafd309f206
1775670482126,1060667477690430,-0.8690952,-9.957485,1.0486604,0.052534413,0.0018325958,0.0030543262,JERKING,efafd309f206
1775670482134,1060667485716024,-0.8714894,-9.9550905,1.0486604,0.054367006,-0.0036651916,0.0012217305,JERKING,efafd309f206
1775670482142,1060667493711387,-0.842759,-9.983821,1.0247183,0.05681047,-0.0067195175,0.0036651916,JERKING,efafd309f206
1775670482150,1060667501762751,-0.81642276,-10.0341,0.9792285,0.057421334,-0.016493361,0.004886922,JERKING,efafd309f206
1775670482158,1060667509703884,-0.79248077,-10.060435,0.92416185,0.053145275,-0.025045475,0.004886922,JERKING,efafd309f206
1775670482166,1060667517699555,-0.7589619,-10.067618,0.8451532,0.054367006,-0.028710667,0.007330383,JERKING,efafd309f206
1775670482174,1060667525694302,-0.7422025,-10.086772,0.8451532,0.049480084,-0.031154128,0.0067195175,JERKING,efafd309f206
1775670482182,1060667533690974,-0.7302315,-10.103531,0.79008657,0.04520403,-0.034208454,0.004886922,JERKING,efafd309f206
1775670482190,1060667541740799,-0.7422025,-10.125079,0.7517793,0.039095376,-0.036651913,0.002443461,JERKING,efafd309f206
1775670482198,1060667549680393,-0.7613561,-10.125079,0.7637503,0.032986723,-0.036651913,0.0018325958,JERKING,efafd309f206
1775670482206,1060667557762525,-0.80684596,-10.108319,0.79966336,0.02687807,-0.029321533,-0.002443461,JERKING,efafd309f206
1775670482214,1060667565674504,-0.8451532,-10.115502,0.81642276,0.020158553,-0.029932396,-0.004886922,JERKING,efafd309f206
1775670482222,1060667573699406,-0.89064306,-10.093954,0.8714894,0.010995574,-0.027488936,-0.004886922,JERKING,efafd309f206
1775670482230,1060667581749231,-0.90021986,-10.089166,0.91937345,0.0018325958,-0.02443461,-0.007330383,JERKING,efafd309f206
1775670482238,1060667589688672,-0.92176765,-10.058042,0.9600749,-0.0036651916,-0.02565634,-0.008552114,JERKING,efafd309f206
1775670482246,1060667597687112,-0.90979666,-10.060435,0.9840169,-0.008552114,-0.02565634,-0.0067195175,JERKING,efafd309f206
1775670482254,1060667605299322,-0.92176765,-10.06283,0.9864111,-0.012217305,-0.02443461,-0.007330383,JERKING,efafd309f206
1775670482262,1060667613707608,-0.94810385,-10.041282,0.9888053,-0.016493361,-0.018936822,-0.004886922,JERKING,efafd309f206
1775670482270,1060667621757741,-0.9528923,-10.029311,1.0342951,-0.018936822,-0.014049901,-0.005497787,JERKING,efafd309f206
1775670482278,1060667629698643,-0.9552865,-10.053253,1.0486604,-0.022602014,-0.013439035,-0.005497787,JERKING,efafd309f206
1775670482286,1060667637695852,-0.9528923,-10.010158,1.079785,-0.021380283,-0.0061086523,-0.0036651916,JERKING,efafd309f206
1775670482294,1060667645690062,-0.9600749,-9.998186,1.1300632,-0.021380283,6.1086525E-4,-0.0036651916,JERKING,efafd309f206
1775670482302,1060667653684194,-0.93134445,-9.964667,1.1683705,-0.018325957,0.005497787,-0.0018325958,JERKING,efafd309f206
1775670482310,1060667661709635,-0.93373865,-9.933543,1.1899183,-0.015271631,0.01038471,-0.002443461,JERKING,efafd309f206
1775670482318,1060667669708691,-0.92655605,-9.921572,1.2114661,-0.012217305,0.013439035,-0.0012217305,JERKING,efafd309f206
1775670482326,1060667677704130,-0.8834604,-9.890448,1.2306197,-0.01038471,0.021991149,-0.0012217305,JERKING,efafd309f206
1775670482334,1060667685697956,-0.91219085,-9.909601,1.2401965,-0.0061086523,0.02565634,-6.1086525E-4,JERKING,efafd309f206
1775670482342,1060667693695165,-0.89064306,-9.91439,1.2186487,-0.005497787,0.026267206,0.0012217305,JERKING,efafd309f206
1775670482350,1060667701713529,-0.89782566,-9.931149,1.1994951,-0.0030543262,0.031154128,0.0030543262,JERKING,efafd309f206
1775670482358,1060667709684893,-0.89543146,-9.931149,1.1707647,-0.0036651916,0.03176499,0.004276057,JERKING,efafd309f206
1775670482366,1060667717765794,-0.90500826,-9.964667,1.1228806,0.0018325958,0.03359759,0.004276057,JERKING,efafd309f206
1775670482374,1060667725676234,-0.8714894,-9.981427,1.1085154,0.0030543262,0.036651913,0.0036651916,JERKING,efafd309f206
1775670482382,1060667733701444,-0.8810662,-9.998186,1.079785,0.004886922,0.040317107,0.004276057,JERKING,efafd309f206
1775670482390,1060667741696269,-0.8714894,-10.01734,1.0510546,0.004276057,0.042760566,0.0036651916,JERKING,efafd309f206
1775670482398,1060667749694709,-0.866701,-10.012551,1.0319009,0.005497787,0.047647487,0.0030543262,JERKING,efafd309f206
1775670482406,1060667757689996,-0.8283938,-10.01734,1.0031705,0.0036651916,0.047647487,0.002443461,JERKING,efafd309f206
1775670482414,1060667765713975,-0.82599956,-10.0269165,0.9840169,0.0061086523,0.047036625,0.002443461,JERKING,efafd309f206
1775670482422,1060667773710954,-0.79487497,-10.041282,0.9768343,0.005497787,0.04520403,-0.0012217305,JERKING,efafd309f206
1775670482430,1060667781705933,-0.79008657,-10.022128,0.94331545,0.0061086523,0.043982297,0.0012217305,JERKING,efafd309f206
1775670482438,1060667789701911,-0.79248077,-10.005369,0.92416185,0.005497787,0.040317107,0.0,JERKING,efafd309f206
1775670482446,1060667797752044,-0.78290397,-9.967062,0.8834604,0.007941248,0.03970624,0.0,JERKING,efafd309f206
1775670482454,1060667805664099,-0.770933,-9.950302,0.866701,0.0061086523,0.032375857,0.0,JERKING,efafd309f206
1775670482462,1060667813688694,-0.770933,-9.950302,0.8475474,0.007941248,0.028099801,-6.1086525E-4,JERKING,efafd309f206
1775670482470,1060667821683058,-0.7661445,-9.964667,0.842759,0.009162978,0.018325957,-6.1086525E-4,JERKING,efafd309f206
1775670482478,1060667829709266,-0.7685388,-9.97185,0.830788,0.009773844,0.009773844,0.0012217305,JERKING,efafd309f206
1775670482486,1060667837271631,-0.7589619,-9.969456,0.8619126,0.005497787,6.1086525E-4,0.0018325958,JERKING,efafd309f206
1775670482494,1060667845725532,-0.7661445,-9.974244,0.8834604,0.0036651916,-0.009162978,0.0036651916,JERKING,efafd309f206
1775670482502,1060667853695665,-0.78050977,-9.993398,0.89543146,0.0018325958,-0.017104227,0.0061086523,JERKING,efafd309f206
1775670482510,1060667861747258,-0.80205756,-10.012551,0.90021986,0.0012217305,-0.02565634,0.0067195175,JERKING,efafd309f206
1775670482518,1060667869686699,-0.830788,-10.007763,0.91937345,0.002443461,-0.030543262,0.0061086523,JERKING,efafd309f206
1775670482526,1060667877714063,-0.842759,-10.019734,0.94092125,0.0036651916,-0.035430185,0.004886922,JERKING,efafd309f206
1775670482534,1060667885709965,-0.8810662,-10.0029745,0.9744401,0.005497787,-0.037873644,0.005497787,JERKING,efafd309f206
1775670482542,1060667893704097,-0.8714894,-10.010158,0.9864111,0.007330383,-0.042760566,0.005497787,JERKING,efafd309f206
1775670482550,1060667901127539,-0.90500826,-9.9790325,1.0031705,0.008552114,-0.04520403,0.004276057,JERKING,efafd309f206
1775670482558,1060667909696055,-0.90979666,-9.974244,0.9983821,0.01038471,-0.047647487,0.0030543262,JERKING,efafd309f206
1775670482566,1060667917693034,-0.92416185,-9.969456,1.0007763,0.010995574,-0.047647487,0.0036651916,JERKING,efafd309f206
1775670482574,1060667925688320,-0.93134445,-9.959879,0.9959879,0.010995574,-0.047647487,0.0036651916,JERKING,efafd309f206
1775670482582,1060667933712607,-0.9600749,-9.957485,1.0223241,0.010995574,-0.04337143,0.0018325958,JERKING,efafd309f206
1775670482590,1060667941723123,-0.9696517,-9.981427,1.0151415,0.010995574,-0.040317107,6.1086525E-4,JERKING,efafd309f206
1775670482598,1060667949703641,-1.0007763,-9.986216,1.0055647,0.01160644,-0.03481932,6.1086525E-4,JERKING,efafd309f206
1775670482606,1060667957701851,-1.0079589,-10.014946,1.0055647,0.01282817,-0.031154128,6.1086525E-4,JERKING,efafd309f206
1775670482614,1060667965696830,-0.9911995,-10.0269165,0.9911995,0.01282817,-0.028099801,0.0012217305,JERKING,efafd309f206
1775670482622,1060667973689424,-0.9983821,-10.0508585,1.0103531,0.012217305,-0.026267206,0.0012217305,JERKING,efafd309f206
1775670482630,1060667981687633,-0.9648633,-10.055647,0.9911995,0.01282817,-0.022602014,0.0018325958,JERKING,efafd309f206
1775670482638,1060667989713997,-0.94810385,-10.053253,0.9600749,0.013439035,-0.017104227,0.0012217305,JERKING,efafd309f206
1775670482646,1060667997708129,-0.91458505,-10.053253,0.9648633,0.012217305,-0.012217305,0.002443461,JERKING,efafd309f206
1775670482654,1060668005704801,-0.91697925,-10.041282,0.9935937,0.012217305,-0.0061086523,0.0018325958,JERKING,efafd309f206
1775670482662,1060668013698317,-0.89064306,-10.0269165,0.9840169,0.009773844,0.0018325958,-0.0012217305,JERKING,efafd309f206
1775670482670,1060668021693681,-0.8714894,-10.012551,0.9959879,0.01038471,0.005497787,-0.0012217305,JERKING,efafd309f206
1775670482678,1060668029692121,-0.878672,-9.981427,1.0007763,0.009773844,0.009773844,-0.0030543262,JERKING,efafd309f206
1775670482686,1060668037685331,-0.878672,-9.974244,1.0151415,0.009162978,0.01160644,-0.0036651916,JERKING,efafd309f206
1775670482694,1060668045711772,-0.8882488,-9.981427,1.0031705,0.01038471,0.014660766,-0.002443461,JERKING,efafd309f206
1775670482702,1060668053709596,-0.8834604,-9.995792,0.9935937,0.009773844,0.015882496,-0.0030543262,JERKING,efafd309f206
1775670482710,1060668061703036,-0.8714894,-10.005369,0.9816227,0.009773844,0.016493361,-0.0030543262,JERKING,efafd309f206
1775670482718,1060668069699939,-0.8571242,-9.998186,1.0247183,0.007941248,0.018936822,-0.002443461,JERKING,efafd309f206
1775670482726,1060668077696302,-0.8379706,-10.000581,1.043872,0.0067195175,0.018936822,-0.0012217305,JERKING,efafd309f206
1775670482734,1060668085691050,-0.82599956,-10.0029745,1.0773908,0.007330383,0.018936822,-0.0018325958,JERKING,efafd309f206
1775670482742,1060668093687028,-0.80445176,-10.012551,1.0989386,0.007330383,0.016493361,0.0,JERKING,efafd309f206
1775670482750,1060668101711007,-0.8355764,-10.010158,1.0773908,0.005497787,0.015271631,0.0,JERKING,efafd309f206
1775670482758,1060668109353680,-0.8475474,-9.981427,1.0510546,0.0061086523,0.014660766,-6.1086525E-4,JERKING,efafd309f206
1775670482766,1060668117758581,-0.8643068,-9.995792,1.0534488,0.009773844,0.017715093,0.0,JERKING,efafd309f206
1775670482774,1060668125669021,-0.8714894,-9.995792,1.0534488,0.005497787,0.013439035,-0.002443461,JERKING,efafd309f206
1775670482782,1060668133694538,-0.89303726,-10.007763,1.0342951,0.004276057,0.009773844,0.0,JERKING,efafd309f206
1775670482790,1060668141689671,-0.8714894,-10.0029745,1.0414777,0.0036651916,0.008552114,-0.0012217305,JERKING,efafd309f206
1775670482798,1060668149686573,-0.8595184,-10.010158,1.0366893,0.0036651916,0.009162978,0.0,JERKING,efafd309f206
1775670482806,1060668157713552,-0.8690952,-9.998186,1.0462662,0.0018325958,0.007941248,0.0,JERKING,efafd309f206
1775670482814,1060668165706838,-0.8643068,-9.986216,1.0271125,0.0018325958,0.004276057,0.0012217305,JERKING,efafd309f206
1775670482822,1060668173702817,-0.8619126,-9.988609,1.0534488,0.0012217305,0.004276057,-6.1086525E-4,JERKING,efafd309f206
1775670482830,1060668181697565,-0.842759,-10.012551,1.0342951,6.1086525E-4,0.002443461,0.0,JERKING,efafd309f206
1775670482838,1060668189749236,-0.8523358,-10.038888,1.043872,6.1086525E-4,0.0018325958,6.1086525E-4,JERKING,efafd309f206
1775670482846,1060668197691061,-0.8379706,-10.053253,1.0295067,6.1086525E-4,6.1086525E-4,-0.0012217305,JERKING,efafd309f206
1775670482854,1060668205684501,-0.82121116,-10.055647,1.0486604,-0.0012217305,0.0012217305,-0.0018325958,JERKING,efafd309f206
1775670482862,1060668213712865,-0.79487497,-10.031705,1.0749966,-0.0067195175,-0.0012217305,6.1086525E-4,JERKING,efafd309f206
1775670482870,1060668221706074,-0.78529817,-9.995792,1.079785,-0.009773844,-0.0030543262,-6.1086525E-4,JERKING,efafd309f206
1775670482878,1060668229703515,-0.80684596,-9.964667,1.1109096,-0.010995574,-0.002443461,-0.0036651916,JERKING,efafd309f206
1775670482886,1060668237238649,-0.82360536,-9.933543,1.1133038,-0.01282817,-0.004886922,-0.004886922,JERKING,efafd309f206
1775670482894,1060668245718318,-0.8810662,-9.945514,1.1013328,-0.013439035,-0.004886922,-0.0036651916,JERKING,efafd309f206
1775670482902,1060668253690297,-0.92176765,-9.967062,1.0654198,-0.01282817,-0.004276057,-0.005497787,JERKING,efafd309f206
1775670482910,1060668261684661,-0.9672575,-9.998186,1.055843,-0.014049901,-0.0067195175,-0.002443461,JERKING,efafd309f206
1775670482918,1060668269735717,-0.9935937,-10.019734,1.0319009,-0.015271631,-0.007330383,-0.0030543262,JERKING,efafd309f206
1775670482926,1060668277676388,-0.9768343,-10.0341,1.0486604,-0.014049901,-0.0061086523,-0.0036651916,JERKING,efafd309f206
1775670482934,1060668285702751,-0.9552865,-10.067618,1.0582372,-0.015882496,-0.007941248,-0.0018325958,JERKING,efafd309f206
1775670482942,1060668293722422,-0.94810385,-10.060435,1.0630256,-0.015271631,-0.005497787,-0.0030543262,JERKING,efafd309f206
1775670482950,1060668301662170,-0.91937345,-10.055647,1.0654198,-0.014660766,-0.0030543262,-0.004276057,JERKING,efafd309f206
1775670482958,1060668309689842,-0.91219085,-10.022128,1.0606314,-0.014660766,-0.0036651916,-0.0036651916,JERKING,efafd309f206
1775670482966,1060668317715050,-0.89782566,-10.014946,1.0486604,-0.017715093,-0.0067195175,-0.002443461,JERKING,efafd309f206
1775670482974,1060668325765799,-0.8810662,-9.986216,1.0486604,-0.018936822,-0.007941248,0.0,JERKING,efafd309f206
1775670482982,1060668333706008,-0.85473,-9.983821,1.0342951,-0.020158553,-0.009773844,-0.0012217305,JERKING,efafd309f206
1775670482990,1060668341757064,-0.8355764,-9.981427,0.9816227,-0.02076942,-0.01038471,0.0,JERKING,efafd309f206
1775670482998,1060668349696505,-0.830788,-9.986216,0.9600749,-0.022602014,-0.005497787,0.0,JERKING,efafd309f206
1775670483006,1060668357202331,-0.8499416,-9.986216,0.9840169,-0.025045475,-0.0018325958,0.0,JERKING,efafd309f206
1775670483014,1060668365687462,-0.8499416,-9.995792,1.0055647,-0.02687807,-0.0030543262,-0.0018325958,JERKING,efafd309f206
1775670483022,1060668373713903,-0.8690952,-9.998186,1.0103531,-0.02565634,-0.0012217305,-0.004276057,JERKING,efafd309f206
1775670483030,1060668381709035,-0.8810662,-10.000581,1.0127473,-0.02565634,-0.0036651916,-0.004276057,JERKING,efafd309f206
1775670483038,1060668389761013,-0.8762778,-10.005369,1.0007763,-0.02443461,-0.0030543262,-0.0067195175,JERKING,efafd309f206
1775670483046,1060668397702762,-0.8595184,-10.014946,0.9888053,-0.025045475,-0.005497787,-0.004276057,JERKING,efafd309f206
1775670483054,1060668405697818,-0.8499416,-10.012551,0.9744401,-0.023823744,-0.007941248,-0.005497787,JERKING,efafd309f206
1775670483062,1060668413717258,-0.8355764,-9.991004,0.9552865,-0.02443461,-0.010995574,-0.0067195175,JERKING,efafd309f206
1775670483070,1060668421688237,-0.8355764,-10.010158,0.94092125,-0.026267206,-0.01160644,-0.004886922,JERKING,efafd309f206
1775670483078,1060668429683370,-0.8499416,-9.991004,0.94570965,-0.02565634,-0.009162978,-0.0061086523,JERKING,efafd309f206
1775670483086,1060668437765117,-0.8523358,-10.0269165,0.94331545,-0.02565634,-0.0067195175,-0.007330383,JERKING,efafd309f206
1775670483094,1060668445677096,-0.878672,-10.036493,0.94570965,-0.02443461,-0.007330383,-0.0067195175,JERKING,efafd309f206
1775670483102,1060668453672460,-0.8810662,-10.0508585,0.94331545,-0.02687807,-0.005497787,-0.008552114,JERKING,efafd309f206
1775670483110,1060668461697439,-0.8834604,-10.043676,0.9648633,-0.029321533,-0.005497787,-0.004276057,JERKING,efafd309f206
1775670483118,1060668469691571,-0.8858546,-10.060435,0.9840169,-0.029932396,-0.0012217305,-0.0036651916,JERKING,efafd309f206
1775670483126,1060668477689704,-0.90740246,-10.0341,0.9528923,-0.027488936,0.0036651916,-0.0030543262,JERKING,efafd309f206
1775670483134,1060668485683452,-0.90021986,-10.010158,0.9504981,-0.02687807,0.0067195175,-0.0036651916,JERKING,efafd309f206
1775670483142,1060668493678585,-0.8882488,-9.969456,0.94331545,-0.027488936,0.007330383,-0.0036651916,JERKING,efafd309f206
1775670483150,1060668501705333,-0.8858546,-9.94312,0.9624691,-0.02443461,0.012217305,-0.004276057,JERKING,efafd309f206
1775670483158,1060668509725234,-0.8882488,-9.916783,0.9600749,-0.023823744,0.015882496,-0.0030543262,JERKING,efafd309f206
1775670483166,1060668517698444,-0.8714894,-9.907207,0.9528923,-0.019547688,0.018325957,-0.0036651916,JERKING,efafd309f206
1775670483174,1060668525662423,-0.90021986,-9.888053,0.9624691,-0.018325957,0.02076942,-0.0030543262,JERKING,efafd309f206
1775670483182,1060668533687017,-0.90979666,-9.902418,0.9576807,-0.015271631,0.021380283,-0.004276057,JERKING,efafd309f206
1775670483190,1060668541363919,-0.90979666,-9.907207,0.9672575,-0.01038471,0.022602014,-0.004276057,JERKING,efafd309f206
1775670483198,1060668549710744,-0.93852705,-9.928755,0.9576807,-0.007941248,0.021991149,-0.0036651916,JERKING,efafd309f206
1775670483206,1060668557759877,-0.9504981,-9.928755,0.94810385,-6.1086525E-4,0.02565634,-0.002443461,JERKING,efafd309f206
1775670483214,1060668565699009,-0.94810385,-9.9550905,0.9720459,0.002443461,0.026267206,-0.0018325958,JERKING,efafd309f206
1775670483222,1060668573720450,-0.92655605,-9.976639,0.9600749,0.005497787,0.027488936,-0.0012217305,JERKING,efafd309f206
1775670483230,1060668581691814,-0.92895025,-9.988609,0.9624691,0.0067195175,0.02687807,0.0,JERKING,efafd309f206
1775670483238,1060668589688792,-0.89543146,-10.012551,0.9504981,0.007330383,0.022602014,6.1086525E-4,JERKING,efafd309f206
1775670483246,1060668597715155,-0.8403648,-10.0341,0.93613285,0.0061086523,0.018936822,0.0018325958,JERKING,efafd309f206
1775670483254,1060668605763827,-0.82599956,-10.04607,0.93852705,0.005497787,0.014049901,0.002443461,JERKING,efafd309f206
1775670483262,1060668613706190,-0.82121116,-10.077195,0.92416185,0.004886922,0.009773844,0.0030543262,JERKING,efafd309f206
1775670483270,1060668621700322,-0.830788,-10.058042,0.92176765,0.0061086523,0.01282817,0.0018325958,JERKING,efafd309f206
1775670483278,1060668629694532,-0.8403648,-10.041282,0.91219085,0.004886922,0.012217305,6.1086525E-4,JERKING,efafd309f206
1775670483286,1060668637692357,-0.8882488,-10.038888,0.91937345,0.0036651916,0.01160644,-0.0012217305,JERKING,efafd309f206
1775670483294,1060668645172337,-0.90500826,-10.031705,0.91219085,6.1086525E-4,0.012217305,-0.0018325958,JERKING,efafd309f206
1775670483302,1060668653712238,-0.90500826,-10.038888,0.8858546,0.0,0.010995574,-0.002443461,JERKING,efafd309f206
1775670483310,1060668661709216,-0.89543146,-10.0269165,0.8858546,-0.0036651916,0.01160644,-0.0030543262,JERKING,efafd309f206
1775670483318,1060668669703272,-0.91219085,-10.019734,0.8643068,-0.004276057,0.013439035,-0.0018325958,JERKING,efafd309f206
1775670483326,1060668677699943,-0.8858546,-9.995792,0.85473,-0.005497787,0.016493361,-0.0030543262,JERKING,efafd309f206
1775670483334,1060668685694615,-0.89782566,-10.014946,0.866701,-0.0061086523,0.020158553,-0.0018325958,JERKING,efafd309f206
1775670483342,1060668693691286,-0.8643068,-10.000581,0.8690952,-0.0067195175,0.02321288,-0.0012217305,JERKING,efafd309f206
1775670483350,1060668701686956,-0.8595184,-10.01734,0.8690952,-0.01038471,0.02565634,-0.0030543262,JERKING,efafd309f206
1775670483358,1060668709711474,-0.8379706,-10.0341,0.91458505,-0.01160644,0.025045475,-0.0012217305,JERKING,efafd309f206
1775670483366,1060668717763145,-0.82599956,-10.0029745,0.91697925,-0.01160644,0.026267206,-0.0018325958,JERKING,efafd309f206
1775670483374,1060668725673278,-0.79966336,-9.993398,0.92895025,-0.012217305,0.020158553,-0.002443461,JERKING,efafd309f206
1775670483382,1060668733669565,-0.78290397,-10.010158,0.94092125,-0.01282817,0.018936822,-0.0018325958,JERKING,efafd309f206
1775670483390,1060668741694466,-0.7733272,-9.995792,0.9624691,-0.012217305,0.018936822,-0.0030543262,JERKING,efafd309f206
1775670483398,1060668749714830,-0.7757214,-9.976639,0.9864111,-0.010995574,0.014049901,-0.0030543262,JERKING,efafd309f206
1775670483406,1060668757687347,-0.79248077,-9.952697,1.0151415,-0.009162978,0.010995574,-0.0030543262,JERKING,efafd309f206
1775670483414,1060668765331635,-0.78769237,-9.9550905,1.0295067,-0.007941248,0.0067195175,-0.002443461,JERKING,efafd309f206
1775670483422,1060668773707304,-0.78290397,-9.940725,1.0342951,-0.007941248,0.002443461,-6.1086525E-4,JERKING,efafd309f206
1775670483430,1060668781208824,-0.80684596,-9.94312,1.0462662,6.1086525E-4,0.0036651916,6.1086525E-4,JERKING,efafd309f206
1775670483438,1060668789699647,-0.80684596,-9.931149,1.0630256,0.005497787,-0.0012217305,6.1086525E-4,JERKING,efafd309f206
1775670483446,1060668797695241,-0.80924016,-9.921572,1.0534488,0.0061086523,-0.005497787,0.0,JERKING,efafd309f206
1775670483454,1060668805688451,-0.8379706,-9.952697,1.0462662,0.008552114,-0.009162978,6.1086525E-4,JERKING,efafd309f206
1775670483462,1060668813740506,-0.8714894,-9.969456,1.0151415,0.01038471,-0.009773844,0.0,JERKING,efafd309f206
1775670483470,1060668821644716,-0.8810662,-9.988609,0.9959879,0.010995574,-0.010995574,0.0012217305,JERKING,efafd309f206
1775670483478,1060668829676387,-0.91219085,-10.014946,0.9696517,0.01160644,-0.007941248,0.0,JERKING,efafd309f206
1775670483486,1060668837727212,-0.92176765,-10.038888,0.93373865,0.015271631,-0.0036651916,6.1086525E-4,JERKING,efafd309f206
1775670483494,1060668845698807,-0.92655605,-10.038888,0.91937345,0.015271631,-0.002443461,0.0012217305,JERKING,efafd309f206
1775670483502,1060668853693938,-0.94331545,-10.031705,0.91219085,0.014660766,0.0030543262,6.1086525E-4,JERKING,efafd309f206
1775670483510,1060668861688994,-0.92416185,-10.01734,0.8858546,0.01282817,0.0030543262,0.0,JERKING,efafd309f206
1775670483518,1060668869709589,-0.9528923,-10.010158,0.8475474,0.010995574,0.0067195175,0.0018325958,JERKING,efafd309f206
1775670483526,1060668877681875,-0.91937345,-10.0269165,0.8475474,0.007941248,0.009162978,0.0018325958,JERKING,efafd309f206
1775670483534,1060668885195625,-0.89064306,-10.043676,0.8571242,0.0030543262,0.01038471,0.002443461,JERKING,efafd309f206
1775670483542,1060668893665832,-0.8810662,-10.048465,0.8858546,-0.0012217305,0.014049901,0.004276057,JERKING,efafd309f206
1775670483550,1060668901669427,-0.8738836,-10.038888,0.878672,-0.0036651916,0.014660766,0.0036651916,JERKING,efafd309f206
1775670483558,1060668909695252,-0.85473,-10.031705,0.90021986,-0.004276057,0.014049901,0.002443461,JERKING,efafd309f206
1775670483566,1060668917690000,-0.8499416,-10.0341,0.91219085,-0.005497787,0.014660766,0.002443461,JERKING,efafd309f206
1775670483574,1060668925739824,-0.8331822,-10.038888,0.91937345,-0.005497787,0.010995574,0.0012217305,JERKING,efafd309f206
1775670483582,1060668933680496,-0.82121116,-10.043676,0.91458505,-0.004886922,0.007941248,0.0012217305,JERKING,efafd309f206
1775670483590,1060668941322937,-0.80924016,-10.005369,0.91697925,-0.0061086523,0.004886922,-0.0012217305,JERKING,efafd309f206
1775670483598,1060668949726531,-0.80924016,-10.0029745,0.93373865,-0.0067195175,0.007330383,-6.1086525E-4,JERKING,efafd309f206
1775670483606,1060668957698587,-0.8355764,-9.974244,0.9600749,-0.004886922,0.007941248,-0.0036651916,JERKING,efafd309f206
1775670483614,1060668965717642,-0.830788,-9.974244,0.9888053,-0.002443461,0.0067195175,-0.0030543262,JERKING,efafd309f206
1775670483622,1060668973689236,-0.85473,-9.967062,0.9935937,0.0,0.0,-0.0061086523,JERKING,efafd309f206
1775670483630,1060668981684677,-0.8762778,-9.964667,1.0223241,0.0018325958,-0.005497787,-0.0061086523,JERKING,efafd309f206
1775670483638,1060668989328349,-0.8738836,-9.964667,1.0031705,0.0030543262,-0.010995574,-0.004276057,JERKING,efafd309f206
1775670483646,1060668997707096,-0.8643068,-9.952697,1.0079589,0.004276057,-0.013439035,-6.1086525E-4,JERKING,efafd309f206
1775670483654,1060669005347306,-0.8810662,-9.959879,1.0175357,0.0061086523,-0.01282817,0.0012217305,JERKING,efafd309f206
1775670483662,1060669013660822,-0.89543146,-9.950302,1.0055647,0.008552114,-0.012217305,0.0012217305,JERKING,efafd309f206
1775670483670,1060669021693494,-0.92176765,-9.957485,0.9959879,0.008552114,-0.010995574,0.0012217305,JERKING,efafd309f206
1775670483678,1060669029743319,-0.93613285,-9.981427,1.0031705,0.007941248,-0.007941248,0.0036651916,JERKING,efafd309f206
1775670483686,1060669037685067,-0.94092125,-9.995792,0.9983821,0.008552114,-0.0067195175,0.0036651916,JERKING,efafd309f206
1775670483694,1060669045680507,-0.92416185,-10.01734,1.0127473,0.005497787,-0.008552114,0.004886922,JERKING,efafd309f206
1775670483702,1060669053674024,-0.90979666,-10.038888,0.9864111,0.005497787,-0.009162978,0.0030543262,JERKING,efafd309f206
1775670483710,1060669061319158,-0.878672,-10.060435,0.9672575,0.005497787,-0.007330383,0.002443461,JERKING,efafd309f206
1775670483718,1060669069171214,-0.8690952,-10.043676,0.94092125,0.0067195175,-0.0036651916,0.0030543262,JERKING,efafd309f206
1775670483726,1060669077694499,-0.8355764,-10.06283,0.9720459,0.0030543262,0.0012217305,0.002443461,JERKING,efafd309f206
1775670483734,1060669085712401,-0.8283938,-10.055647,0.9816227,6.1086525E-4,0.008552114,-6.1086525E-4,JERKING,efafd309f206
1775670483742,1060669093683995,-0.8499416,-10.04607,1.0127473,-6.1086525E-4,0.008552114,0.0,JERKING,efafd309f206
1775670483750,1060669101327437,-0.8403648,-10.024523,1.0342951,-0.0018325958,0.009773844,-0.002443461,JERKING,efafd309f206
1775670483758,1060669109707107,-0.8762778,-10.022128,1.0271125,-0.004886922,0.005497787,-0.0030543262,JERKING,efafd309f206
1775670483766,1060669117241164,-0.89064306,-10.031705,1.0199299,-0.008552114,0.0030543262,-0.0030543262,JERKING,efafd309f206
1775670483774,1060669125696910,-0.89064306,-10.000581,0.9959879,-0.007941248,0.002443461,-0.0030543262,JERKING,efafd309f206
1775670483782,1060669133692812,-0.8643068,-9.991004,0.9864111,-0.009162978,-6.1086525E-4,-0.0012217305,JERKING,efafd309f206
1775670483790,1060669141688253,-0.8571242,-9.983821,0.9696517,-0.009162978,-0.0030543262,-0.0012217305,JERKING,efafd309f206
1775670483798,1060669149358924,-0.8499416,-10.0029745,0.93613285,-0.007941248,-0.004276057,0.0,JERKING,efafd309f206
1775670483806,1060669157247289,-0.8403648,-9.983821,0.93613285,-0.007941248,-0.0061086523,6.1086525E-4,JERKING,efafd309f206
1775670483814,1060669165759881,-0.8523358,-9.991004,0.90979666,-0.007330383,-0.0067195175,0.0,JERKING,efafd309f206
1775670483822,1060669173701014,-0.866701,-9.9790325,0.92416185,-0.008552114,-0.01038471,6.1086525E-4,JERKING,efafd309f206
1775670483830,1060669181181610,-0.8643068,-9.964667,0.92416185,-0.007330383,-0.01038471,0.0,JERKING,efafd309f206
1775670483838,1060669189196742,-0.8571242,-9.97185,0.92895025,-0.009773844,-0.01038471,0.0012217305,JERKING,efafd309f206
1775670483846,1060669197219491,-0.8523358,-10.012551,0.93134445,-0.009162978,-0.007330383,-6.1086525E-4,JERKING,efafd309f206
1775670483854,1060669205681852,-0.89303726,-10.0269165,0.9552865,-0.007330383,-0.007330383,0.002443461,JERKING,efafd309f206
1775670483862,1060669213709831,-0.89064306,-10.029311,0.93373865,-0.007330383,-0.005497787,0.0,JERKING,efafd309f206
1775670483870,1060669221207965,-0.90740246,-10.04607,0.91697925,-0.0061086523,-0.005497787,0.0,JERKING,efafd309f206
1775670483878,1060669229154713,-0.91219085,-10.043676,0.8834604,-0.007330383,-0.005497787,-6.1086525E-4,JERKING,efafd309f206
1775670483886,1060669237696229,-0.89782566,-10.06283,0.90021986,-0.007941248,-0.004276057,-0.0018325958,JERKING,efafd309f206
1775670483894,1060669245690746,-0.8834604,-10.048465,0.92655605,-0.009162978,-0.004276057,-0.0012217305,JERKING,efafd309f206
1775670483902,1060669253711341,-0.8810662,-10.014946,0.9504981,-0.01038471,6.1086525E-4,-0.0018325958,JERKING,efafd309f206
1775670483910,1060669261681781,-0.8810662,-10.022128,0.94092125,-0.009162978,0.004886922,-0.0030543262,JERKING,efafd309f206
1775670483918,1060669269710067,-0.8619126,-9.998186,0.93613285,-0.008552114,0.007941248,-6.1086525E-4,JERKING,efafd309f206
1775670483926,1060669277268509,-0.8690952,-9.988609,0.9552865,-0.008552114,0.007941248,0.0,JERKING,efafd309f206
1775670483934,1060669285754641,-0.866701,-9.974244,0.93852705,-0.0067195175,0.009162978,6.1086525E-4,JERKING,efafd309f206
1775670483942,1060669293696081,-0.8523358,-9.957485,0.92895025,-0.007941248,0.007330383,0.0018325958,JERKING,efafd309f206
1775670483950,1060669301308446,-0.8355764,-9.959879,0.92895025,-0.008552114,0.0061086523,6.1086525E-4,JERKING,efafd309f206
1775670483958,1060669309130271,-0.8355764,-9.9790325,0.91697925,-0.004886922,0.007330383,0.0012217305,JERKING,efafd309f206
1775670483966,1060669317219172,-0.8475474,-9.974244,0.91219085,-0.005497787,0.0061086523,0.0012217305,JERKING,efafd309f206
1775670483974,1060669325152305,-0.81881696,-9.983821,0.92176765,-0.004276057,0.008552114,0.0,JERKING,efafd309f206
1775670483982,1060669333758744,-0.8451532,-9.981427,0.91937345,-0.004886922,0.005497787,-0.0012217305,JERKING,efafd309f206
1775670483990,1060669341669185,-0.8403648,-9.995792,0.93373865,-0.004886922,-6.1086525E-4,6.1086525E-4,JERKING,efafd309f206
1775670483998,1060669349693855,-0.8403648,-10.01734,0.92176765,-0.0036651916,-0.0030543262,6.1086525E-4,JERKING,efafd309f206
1775670484006,1060669357692219,-0.82599956,-10.000581,0.93613285,-0.004886922,-0.004886922,0.0012217305,JERKING,efafd309f206
1775670484014,1060669365685198,-0.81642276,-10.024523,0.94570965,-0.0036651916,-0.0061086523,6.1086525E-4,JERKING,efafd309f206
1775670484022,1060669373680254,-0.830788,-10.019734,0.93613285,-0.0018325958,-0.005497787,6.1086525E-4,JERKING,efafd309f206
1775670484030,1060669381709386,-0.8571242,-10.012551,0.91458505,-0.0012217305,-0.0030543262,-6.1086525E-4,JERKING,efafd309f206
1775670484038,1060669389703211,-0.8523358,-10.029311,0.92655605,0.0,-0.004276057,6.1086525E-4,JERKING,efafd309f206
1775670484046,1060669397753959,-0.8619126,-10.000581,0.93134445,-6.1086525E-4,-0.0030543262,-6.1086525E-4,JERKING,efafd309f206
1775670484054,1060669405664092,-0.8619126,-10.0029745,0.94092125,0.0,0.0,0.0,JERKING,efafd309f206
1775670484062,1060669413690840,-0.8643068,-9.988609,0.93852705,0.0018325958,6.1086525E-4,0.0,JERKING,efafd309f206
1775670484070,1060669421303435,-0.878672,-9.976639,0.92176765,0.004276057,-0.0012217305,-6.1086525E-4,JERKING,efafd309f206
1775670484078,1060669429736336,-0.8810662,-9.988609,0.91697925,0.0030543262,-6.1086525E-4,6.1086525E-4,JERKING,efafd309f206
1775670484086,1060669437676699,-0.91458505,-10.007763,0.92655605,0.0030543262,0.0012217305,-6.1086525E-4,JERKING,efafd309f206
1775670484094,1060669445757909,-0.90979666,-10.01734,0.90500826,0.0012217305,0.0018325958,-0.002443461,JERKING,efafd309f206
1775670484102,1060669453698504,-0.91458505,-10.04607,0.91458505,-6.1086525E-4,0.0018325958,-0.0018325958,JERKING,efafd309f206
1775670484110,1060669461315021,-0.91458505,-10.043676,0.91458505,0.0,0.002443461,0.0012217305,JERKING,efafd309f206
1775670484118,1060669469689153,-0.92176765,-10.0341,0.92655605,-0.0018325958,0.002443461,-0.0012217305,JERKING,efafd309f206
1775670484126,1060669477685440,-0.92176765,-10.007763,0.91219085,-0.0012217305,0.002443461,-0.002443461,JERKING,efafd309f206
1775670484134,1060669485712188,-0.91458505,-9.995792,0.92655605,-0.002443461,0.0018325958,-0.0030543262,JERKING,efafd309f206
1775670484142,1060669493706320,-0.89543146,-10.0029745,0.90979666,-0.0036651916,0.002443461,-0.0018325958,JERKING,efafd309f206
1775670484150,1060669501757453,-0.92176765,-10.0029745,0.93373865,-0.0061086523,0.0018325958,-6.1086525E-4,JERKING,efafd309f206
1775670484158,1060669509699586,-0.90979666,-9.993398,0.93373865,-0.0061086523,0.004276057,-0.0018325958,JERKING,efafd309f206
1775670484166,1060669517748718,-0.8858546,-9.998186,0.9720459,-0.005497787,0.0030543262,-0.0018325958,JERKING,efafd309f206
1775670484174,1060669525658621,-0.8882488,-9.988609,0.9648633,-0.0061086523,0.004276057,-0.0030543262,JERKING,efafd309f206
1775670484182,1060669533685291,-0.89543146,-9.998186,0.9983821,-0.005497787,0.005497787,-0.002443461,JERKING,efafd309f206
1775670484190,1060669541711424,-0.91697925,-9.9790325,1.0031705,-0.002443461,6.1086525E-4,-0.002443461,JERKING,efafd309f206
1775670484198,1060669549705557,-0.89064306,-9.945514,0.9768343,0.0018325958,-6.1086525E-4,-0.0018325958,JERKING,efafd309f206
1775670484206,1060669557702536,-0.89782566,-9.969456,0.9624691,0.0018325958,-6.1086525E-4,-0.0018325958,JERKING,efafd309f206
1775670484214,1060669565698438,-0.866701,-9.988609,0.93373865,0.0030543262,-0.0012217305,-0.0030543262,JERKING,efafd309f206
1775670484222,1060669573692570,-0.89064306,-10.019734,0.94810385,0.0012217305,0.0,-0.0012217305,JERKING,efafd309f206
1775670484230,1060669581689549,-0.89782566,-10.024523,0.93613285,0.002443461,0.002443461,-0.002443461,JERKING,efafd309f206
1775670484238,1060669589171298,-0.8858546,-10.053253,0.93613285,6.1086525E-4,0.0036651916,-0.002443461,JERKING,efafd309f206
1775670484246,1060669597711660,-0.8834604,-10.053253,0.94092125,-0.0012217305,0.0067195175,-0.0036651916,JERKING,efafd309f206
1775670484254,1060669605180179,-0.89782566,-10.048465,0.93373865,-0.0012217305,0.007330383,-0.002443461,JERKING,efafd309f206
1775670484262,1060669613700771,-0.89064306,-10.043676,0.94810385,-0.002443461,0.01038471,-0.0036651916,JERKING,efafd309f206
1775670484270,1060669621696212,-0.90021986,-10.038888,0.9552865,-0.004276057,0.0061086523,-0.002443461,JERKING,efafd309f206
1775670484278,1060669629693960,-0.93134445,-10.024523,0.9552865,-0.004886922,0.004276057,-0.002443461,JERKING,efafd309f206
1775670484286,1060669637689939,-0.90021986,-10.0269165,0.92895025,-0.005497787,0.004886922,-0.0012217305,JERKING,efafd309f206
1775670484294,1060669645683149,-0.91219085,-10.014946,0.9552865,-0.007330383,0.0030543262,-0.002443461,JERKING,efafd309f206
1775670484302,1060669653709665,-0.89543146,-10.012551,0.9816227,-0.008552114,0.0067195175,-0.0030543262,JERKING,efafd309f206
1775670484310,1060669661209953,-0.8834604,-10.000581,0.9720459,-0.010995574,0.0061086523,-0.0018325958,JERKING,efafd309f206
1775670484318,1060669669700623,-0.8690952,-10.0029745,0.9768343,-0.01160644,0.0036651916,-0.002443461,JERKING,efafd309f206
1775670484326,1060669677202757,-0.8714894,-9.9790325,0.9983821,-0.010995574,0.004886922,-0.002443461,JERKING,efafd309f206
1775670484334,1060669685169890,-0.8714894,-9.991004,1.0103531,-0.013439035,-6.1086525E-4,-0.0012217305,JERKING,efafd309f206
1775670484342,1060669693743098,-0.8643068,-9.991004,0.9983821,-0.01160644,0.0036651916,-0.0012217305,JERKING,efafd309f206
1775670484350,1060669701686077,-0.8882488,-9.993398,0.9935937,-0.007330383,0.0061086523,-0.0018325958,JERKING,efafd309f206
1775670484358,1060669709579594,-0.878672,-9.991004,0.9911995,-0.005497787,0.012217305,-0.0036651916,JERKING,efafd309f206
1775670484366,1060669717676497,-0.89064306,-9.981427,1.0031705,-0.0030543262,0.015882496,-0.0061086523,JERKING,efafd309f206
1775670484374,1060669725601091,-0.90740246,-9.976639,0.9864111,-6.1086525E-4,0.018936822,-0.004886922,JERKING,efafd309f206
1775670484382,1060669733666069,-0.91458505,-9.9790325,0.9959879,-0.0012217305,0.02321288,-0.0061086523,JERKING,efafd309f206
1775670484390,1060669741690894,-0.91219085,-10.01734,0.9768343,-0.0018325958,0.021380283,-0.004886922,JERKING,efafd309f206
1775670484398,1060669749686642,-0.89064306,-10.014946,0.9648633,-0.0018325958,0.02076942,-0.005497787,JERKING,efafd309f206
1775670484406,1060669757685006,-0.8714894,-10.022128,0.93373865,0.0,0.02076942,-0.0030543262,JERKING,efafd309f206
1775670484414,1060669765733907,-0.8571242,-10.019734,0.90979666,-6.1086525E-4,0.018936822,-0.004276057,JERKING,efafd309f206
1775670484422,1060669773676117,-0.8331822,-10.019734,0.8690952,-0.0030543262,0.018936822,-0.0036651916,JERKING,efafd309f206
1775670484430,1060669781700942,-0.81642276,-10.029311,0.8619126,-0.0036651916,0.021380283,-0.002443461,JERKING,efafd309f206
1775670484438,1060669789182768,-0.81402856,-10.038888,0.8451532,-0.004886922,0.018936822,-0.0018325958,JERKING,efafd309f206
1775670484446,1060669797133901,-0.81642276,-10.053253,0.8475474,-0.004276057,0.019547688,-0.0012217305,JERKING,efafd309f206
1775670484454,1060669805742417,-0.81163436,-10.043676,0.8523358,-0.0030543262,0.022602014,-6.1086525E-4,JERKING,efafd309f206
1775670484462,1060669813683703,-0.81163436,-10.0508585,0.8595184,-0.007941248,0.018325957,-6.1086525E-4,JERKING,efafd309f206
1775670484470,1060669821763990,-0.78290397,-10.019734,0.8762778,-0.008552114,0.016493361,-0.0018325958,JERKING,efafd309f206
1775670484478,1060669829705123,-0.78290397,-10.01734,0.90021986,-0.01160644,0.014660766,-0.0018325958,JERKING,efafd309f206
1775670484486,1060669837671255,-0.7733272,-9.991004,0.89064306,-0.010995574,0.010995574,-0.0036651916,JERKING,efafd309f206
1775670484494,1060669845695311,-0.7469909,-9.983821,0.89303726,-0.009773844,0.0067195175,-0.004276057,JERKING,efafd309f206
1775670484502,1060669853691905,-0.7350199,-9.9790325,0.89303726,-0.009773844,0.0012217305,-0.004886922,JERKING,efafd309f206
1775670484510,1060669861190347,-0.7565677,-9.993398,0.90500826,-0.009773844,-0.0030543262,-0.004886922,JERKING,efafd309f206
1775670484518,1060669869157095,-0.7757214,-10.010158,0.93134445,-0.010995574,-0.0061086523,-0.0067195175,JERKING,efafd309f206
1775670484526,1060669877763534,-0.79726917,-9.995792,0.9552865,-0.009162978,-0.012217305,-0.004886922,JERKING,efafd309f206
1775670484534,1060669885672666,-0.81402856,-9.986216,0.9528923,-0.012217305,-0.018936822,-0.004886922,JERKING,efafd309f206
1775670484542,1060669893698876,-0.82360536,-9.993398,0.9576807,-0.013439035,-0.021991149,-0.0036651916,JERKING,efafd309f206
1775670484550,1060669901696009,-0.8403648,-10.0029745,0.9672575,-0.012217305,-0.020158553,-0.0030543262,JERKING,efafd309f206
1775670484558,1060669909691988,-0.8714894,-10.000581,0.94810385,-0.01160644,-0.019547688,-0.0030543262,JERKING,efafd309f206
1775670484566,1060669917688351,-0.89303726,-10.0029745,0.9504981,-0.009162978,-0.016493361,-0.0018325958,JERKING,efafd309f206
1775670484574,1060669925680945,-0.91697925,-10.022128,0.94810385,-0.009162978,-0.015882496,-0.0018325958,JERKING,efafd309f206
1775670484582,1060669933707924,-0.94810385,-10.029311,0.9504981,-0.01038471,-0.01282817,-0.0030543262,JERKING,efafd309f206
1775670484590,1060669941758749,-0.93134445,-10.022128,0.9696517,-0.012217305,-0.010995574,-0.0012217305,JERKING,efafd309f206
1775670484598,1060669949698420,-0.94331545,-10.0341,0.9624691,-0.008552114,-0.0067195175,0.0,JERKING,efafd309f206
1775670484606,1060669957750014,-0.9504981,-10.029311,0.9768343,-0.01160644,-0.004276057,0.0,JERKING,efafd309f206
1775670484614,1060669965689993,-0.93134445,-10.000581,0.9888053,-0.008552114,0.002443461,0.0,JERKING,efafd309f206
1775670484622,1060669973710664,-0.90740246,-9.998186,0.9744401,-0.008552114,0.0067195175,-6.1086525E-4,JERKING,efafd309f206
1775670484630,1060669981681720,-0.91458505,-10.0029745,0.9792285,-0.007330383,0.0061086523,6.1086525E-4,JERKING,efafd309f206
1775670484638,1060669989707237,-0.8714894,-9.998186,0.94331545,-0.007330383,0.007941248,-0.0018325958,JERKING,efafd309f206
1775670484646,1060669997703754,-0.89064306,-9.981427,0.94331545,-0.007941248,0.009162978,-0.0030543262,JERKING,efafd309f206
1775670484654,1060670005347119,-0.8619126,-9.964667,0.93852705,-0.007941248,0.01038471,-0.0018325958,JERKING,efafd309f206
1775670484662,1060670013658174,-0.8499416,-9.964667,0.93852705,-0.0061086523,0.013439035,-0.0036651916,JERKING,efafd309f206
1775670484670,1060670021660307,-0.8619126,-9.940725,0.92416185,-0.005497787,0.015882496,-0.0030543262,JERKING,efafd309f206
1775670484678,1060670029172594,-0.8882488,-9.9790325,0.94570965,-0.0030543262,0.02076942,-0.0036651916,JERKING,efafd309f206
1775670484686,1060670037682802,-0.8619126,-9.991004,0.91937345,-0.002443461,0.018325957,-0.002443461,JERKING,efafd309f206
1775670484694,1060670045707089,-0.8643068,-10.000581,0.93134445,-6.1086525E-4,0.014660766,-0.002443461,JERKING,efafd309f206
1775670484702,1060670053635991,-0.8451532,-10.000581,0.92655605,-0.0012217305,0.01160644,-0.0012217305,JERKING,efafd309f206
1775670484710,1060670061669739,-0.8379706,-9.998186,0.91458505,-0.0012217305,0.005497787,0.0018325958,JERKING,efafd309f206
1775670484718,1060670069693410,-0.81881696,-10.010158,0.89782566,-0.0012217305,0.0018325958,0.0018325958,JERKING,efafd309f206
1775670484726,1060670077692158,-0.80445176,-10.029311,0.89543146,-6.1086525E-4,0.0,0.0018325958,JERKING,efafd309f206
1775670484734,1060670085684521,-0.80924016,-10.0508585,0.8499416,-0.002443461,-0.004886922,0.0012217305,JERKING,efafd309f206
1775670484742,1060670093680116,-0.78769237,-10.055647,0.8379706,-0.004886922,-0.005497787,0.0012217305,JERKING,efafd309f206
1775670484750,1060670101706555,-0.80205756,-10.038888,0.8379706,-0.0067195175,-0.01038471,0.0018325958,JERKING,efafd309f206
1775670484758,1060670109351228,-0.80924016,-10.0508585,0.8403648,-0.009773844,-0.012217305,0.002443461,JERKING,efafd309f206
1775670484766,1060670117259822,-0.80684596,-10.029311,0.85473,-0.009773844,-0.014660766,6.1086525E-4,JERKING,efafd309f206
1775670484774,1060670125692723,-0.80684596,-10.019734,0.8619126,-0.009162978,-0.018325957,0.0,JERKING,efafd309f206
1775670484782,1060670133688702,-0.81163436,-9.988609,0.85473,-0.007941248,-0.017715093,-6.1086525E-4,JERKING,efafd309f206
1775670484790,1060670141685834,-0.82360536,-9.967062,0.8451532,-0.0061086523,-0.020158553,-0.002443461,JERKING,efafd309f206
1775670484798,1060670149327660,-0.8451532,-9.962274,0.8571242,-0.0061086523,-0.021380283,-0.0036651916,JERKING,efafd309f206
1775670484806,1060670157705484,-0.85473,-9.967062,0.8643068,-0.004886922,-0.023823744,-0.0030543262,JERKING,efafd309f206
1775670484814,1060670165703925,-0.89064306,-9.991004,0.878672,-0.0036651916,-0.02565634,-0.0012217305,JERKING,efafd309f206
1775670484822,1060670173697443,-0.8834604,-9.983821,0.8571242,-0.0030543262,-0.02443461,-6.1086525E-4,JERKING,efafd309f206
1775670484830,1060670181178653,-0.90500826,-9.995792,0.8762778,-0.0030543262,-0.02443461,0.002443461,JERKING,efafd309f206
1775670484838,1060670189688246,-0.90979666,-10.000581,0.8858546,-0.0036651916,-0.021380283,0.0018325958,JERKING,efafd309f206
1775670484846,1060670197684455,-0.89543146,-10.010158,0.89543146,-0.002443461,-0.018936822,0.0012217305,JERKING,efafd309f206
1775670484854,1060670205704742,-0.93613285,-10.022128,0.91937345,-0.0018325958,-0.014660766,6.1086525E-4,JERKING,efafd309f206
1775670484862,1060670213676414,-0.93852705,-10.024523,0.92655605,-0.0012217305,-0.013439035,0.0012217305,JERKING,efafd309f206
1775670484870,1060670221702007,-0.9600749,-10.024523,0.93613285,6.1086525E-4,-0.01282817,0.0018325958,JERKING,efafd309f206
1775670484878,1060670229696447,-0.9720459,-10.019734,0.90979666,0.0012217305,-0.01160644,0.0030543262,JERKING,efafd309f206
1775670484886,1060670237695119,-0.9504981,-10.038888,0.878672,0.002443461,-0.01160644,0.004276057,JERKING,efafd309f206
1775670484894,1060670245687406,-0.92655605,-10.036493,0.8762778,6.1086525E-4,-0.009773844,0.0036651916,JERKING,efafd309f206
1775670484902,1060670253683692,-0.89303726,-10.048465,0.8619126,-0.002443461,-0.0018325958,0.005497787,JERKING,efafd309f206
1775670484910,1060670261680286,-0.8834604,-10.053253,0.866701,-0.0030543262,0.0036651916,0.0018325958,JERKING,efafd309f206
1775670484918,1060670269705495,-0.8379706,-10.029311,0.8714894,-0.0030543262,0.01038471,0.0030543262,JERKING,efafd309f206
1775670485726,1060671077871027,-0.80205756,-9.945514,0.7733272,-0.0067195175,0.014049901,0.0,JERKING,efafd309f206
1775670485734,1060671085897186,-0.82121116,-9.9550905,0.7733272,0.015882496,-6.1086525E-4,-0.002443461,JERKING,efafd309f206
1775670485742,1060671093862346,-0.82121116,-9.967062,0.7493851,0.015271631,-0.0036651916,-0.0012217305,JERKING,efafd309f206
1775670485750,1060671101888506,-0.8451532,-9.959879,0.7445967,0.017104227,-0.002443461,-0.0018325958,JERKING,efafd309f206
1775670485758,1060671109859665,-0.842759,-9.9550905,0.7445967,0.019547688,-0.0012217305,-0.0012217305,JERKING,efafd309f206
1775670485766,1060671117794440,-0.8714894,-9.964667,0.7781156,0.021991149,0.0,6.1086525E-4,JERKING,efafd309f206
1775670485774,1060671125788600,-0.89303726,-9.995792,0.79487497,0.026267206,0.0018325958,0.0,JERKING,efafd309f206
1775670485782,1060671133785144,-0.8882488,-9.993398,0.80684596,0.02443461,-0.005497787,0.0018325958,JERKING,efafd309f206
1775670485790,1060671141781149,-0.90500826,-9.976639,0.81402856,0.02321288,-0.01038471,0.002443461,JERKING,efafd309f206
1775670485798,1060671149775309,-0.89782566,-9.988609,0.878672,0.020158553,-0.01282817,0.0030543262,JERKING,efafd309f206
1775670485806,1060671157804007,-0.90021986,-10.0029745,0.91458505,0.021380283,-0.013439035,0.004886922,JERKING,efafd309f206
1775670485814,1060671165799090,-0.93373865,-10.007763,0.90021986,0.02076942,-0.013439035,0.0036651916,JERKING,efafd309f206
1775670485822,1060671173762403,-0.91697925,-10.036493,0.89543146,0.023823744,-0.01160644,0.004276057,JERKING,efafd309f206
1775670485830,1060671181790101,-0.9648633,-10.036493,0.89064306,0.023823744,-0.008552114,0.004276057,JERKING,efafd309f206
1775670485838,1060671189785800,-0.9720459,-10.0508585,0.878672,0.02321288,-0.007330383,0.004276057,JERKING,efafd309f206
1775670485846,1060671197781805,-0.9744401,-10.060435,0.8810662,0.021991149,-0.005497787,0.0018325958,JERKING,efafd309f206
1775670485854,1060671205775118,-0.9600749,-10.055647,0.866701,0.025045475,-0.0030543262,0.0012217305,JERKING,efafd309f206
1775670485862,1060671213771971,-0.94092125,-10.06283,0.8355764,0.02687807,6.1086525E-4,0.0030543262,JERKING,efafd309f206
1775670485870,1060671221761515,-0.89782566,-10.038888,0.8379706,0.02443461,6.1086525E-4,0.0012217305,JERKING,efafd309f206
1775670485878,1060671229763058,-0.8834604,-10.043676,0.8451532,0.021991149,0.004886922,0.002443461,JERKING,efafd309f206
1775670485886,1060671237790449,-0.8571242,-10.0341,0.8475474,0.018325957,0.0061086523,0.002443461,JERKING,efafd309f206
1775670485894,1060671245784071,-0.8523358,-10.0269165,0.8690952,0.015271631,0.008552114,0.0030543262,JERKING,efafd309f206
1775670485902,1060671253779153,-0.842759,-10.024523,0.8714894,0.015271631,0.009773844,0.0030543262,JERKING,efafd309f206
1775670485910,1060671261456005,-0.8283938,-10.0269165,0.8810662,0.01282817,0.010995574,0.0030543262,JERKING,efafd309f206
1775670485918,1060671269803395,-0.81881696,-10.014946,0.8858546,0.009162978,0.007941248,0.0036651916,JERKING,efafd309f206
1775670485926,1060671277364323,-0.82360536,-10.007763,0.8882488,0.009162978,0.005497787,0.002443461,JERKING,efafd309f206
1775670485934,1060671285792022,-0.82599956,-9.974244,0.91697925,0.009773844,0.0036651916,0.0012217305,JERKING,efafd309f206
1775670485942,1060671293789874,-0.8523358,-9.97185,0.92895025,0.007941248,0.0030543262,6.1086525E-4,JERKING,efafd309f206
1775670485950,1060671301785034,-0.8714894,-9.97185,0.94092125,0.010995574,-0.0012217305,-6.1086525E-4,JERKING,efafd309f206
1775670485958,1060671309780655,-0.878672,-9.986216,0.91937345,0.01038471,-0.0012217305,-6.1086525E-4,JERKING,efafd309f206
1775670485966,1060671317776429,-0.92655605,-9.998186,0.92416185,0.012217305,-0.0012217305,0.0,JERKING,efafd309f206
1775670485974,1060671325801051,-0.91697925,-10.019734,0.89543146,0.014660766,-6.1086525E-4,0.0,JERKING,efafd309f206
1775670485982,1060671333766288,-0.91219085,-10.0029745,0.93852705,0.014660766,-0.0018325958,-0.0012217305,JERKING,efafd309f206
1775670485990,1060671341280985,-0.93373865,-9.986216,0.90740246,0.014660766,0.0036651916,-6.1086525E-4,JERKING,efafd309f206
1775670485998,1060671349843837,-0.92176765,-10.005369,0.90740246,0.018325957,0.0061086523,-0.0018325958,JERKING,efafd309f206
1775670486006,1060671357784689,-0.90740246,-10.014946,0.90740246,0.021991149,0.007941248,-0.002443461,JERKING,efafd309f206
1775670486014,1060671365780388,-0.89064306,-10.029311,0.90500826,0.018325957,0.0061086523,-6.1086525E-4,JERKING,efafd309f206
1775670486022,1060671373808086,-0.866701,-10.019734,0.90261406,0.018325957,0.004276057,6.1086525E-4,JERKING,efafd309f206
1775670486030,1060671381286629,-0.82599956,-10.01734,0.90500826,0.017104227,6.1086525E-4,6.1086525E-4,JERKING,efafd309f206
1775670486038,1060671389798020,-0.81402856,-10.0341,0.90740246,0.014660766,-0.004276057,0.0,JERKING,efafd309f206
1775670486046,1060671397333025,-0.79966336,-10.043676,0.89543146,0.013439035,-0.009162978,0.0036651916,JERKING,efafd309f206
1775670486054,1060671405813108,-0.79726917,-10.014946,0.89782566,0.014049901,-0.008552114,0.0018325958,JERKING,efafd309f206
1775670486062,1060671413783191,-0.81163436,-10.0269165,0.90740246,0.010995574,-0.007330383,0.0030543262,JERKING,efafd309f206
1775670486070,1060671421780812,-0.8331822,-10.01734,0.93134445,0.008552114,-0.01160644,0.0030543262,JERKING,efafd309f206
1775670486078,1060671429806665,-0.8475474,-10.01734,0.91697925,0.007330383,-0.01282817,0.0030543262,JERKING,efafd309f206
1775670486086,1060671437802593,-0.8834604,-10.019734,0.92416185,0.009162978,-0.016493361,0.0018325958,JERKING,efafd309f206
1775670486094,1060671445821752,-0.8882488,-10.007763,0.90021986,0.007941248,-0.016493361,0.0030543262,JERKING,efafd309f206
1775670486102,1060671453793374,-0.8714894,-10.012551,0.89064306,0.007941248,-0.017104227,0.002443461,JERKING,efafd309f206
1775670486110,1060671461788841,-0.866701,-10.024523,0.89543146,0.007941248,-0.013439035,0.0018325958,JERKING,efafd309f206
1775670486118,1060671469783231,-0.8762778,-10.0269165,0.878672,0.007330383,-0.010995574,0.0012217305,JERKING,efafd309f206
1775670486126,1060671477778314,-0.8690952,-9.998186,0.90500826,0.007330383,-0.009773844,0.0012217305,JERKING,efafd309f206
1775670486134,1060671485806320,-0.8643068,-10.014946,0.92416185,0.0061086523,-0.005497787,-0.0012217305,JERKING,efafd309f206
1775670486142,1060671493802095,-0.8571242,-10.022128,0.93373865,0.004276057,-0.0036651916,-6.1086525E-4,JERKING,efafd309f206
1775670486150,1060671501798408,-0.8882488,-10.010158,0.94570965,0.004276057,-0.0036651916,-6.1086525E-4,JERKING,efafd309f206
1775670486158,1060671509791645,-0.90740246,-10.031705,0.9528923,0.004276057,-0.0012217305,6.1086525E-4,JERKING,efafd309f206
1775670486166,1060671517789112,-0.90500826,-9.995792,0.9768343,0.002443461,-0.0012217305,-0.0012217305,JERKING,efafd309f206
1775670486958,1060672309779604,-0.8283938,-10.036493,0.91458505,0.0030543262,0.0,-6.1086525E-4,JERKING,efafd309f206
1775670486966,1060672317862072,-0.842759,-10.022128,0.91219085,0.0012217305,0.005497787,-0.004886922,JERKING,efafd309f206
1775670486974,1060672325888232,-0.8595184,-9.991004,0.8882488,0.0012217305,0.0036651916,-0.007330383,JERKING,efafd309f206
1775670486982,1060672333883929,-0.89064306,-10.012551,0.92176765,0.0,0.0030543262,-0.007330383,JERKING,efafd309f206
1775670486990,1060672341792858,-0.8643068,-10.019734,0.91697925,-6.1086525E-4,0.0012217305,-0.007941248,JERKING,efafd309f206
1775670486998,1060672349788249,-0.8738836,-10.000581,0.92176765,-0.0012217305,0.004276057,-0.007941248,JERKING,efafd309f206
1775670487006,1060672357784255,-0.8451532,-9.97185,0.92416185,-0.0012217305,0.0030543262,-0.009773844,JERKING,efafd309f206
1775670487014,1060672365780875,-0.842759,-9.988609,0.92895025,-0.0012217305,0.002443461,-0.008552114,JERKING,efafd309f206
1775670487022,1060672373805727,-0.81881696,-9.9790325,0.90261406,-0.002443461,0.0018325958,-0.007330383,JERKING,efafd309f206
1775670487030,1060672381802733,-0.842759,-9.981427,0.91937345,-0.0018325958,-0.0018325958,-0.007330383,JERKING,efafd309f206
1775670487038,1060672389799585,-0.8451532,-9.976639,0.92416185,-0.0012217305,-0.002443461,-0.004886922,JERKING,efafd309f206
1775670487046,1060672397791898,-0.8714894,-9.974244,0.91219085,6.1086525E-4,-0.0012217305,-0.004276057,JERKING,efafd309f206
1775670487054,1060672405790135,-0.8834604,-9.988609,0.92416185,0.0012217305,-0.0012217305,-0.0036651916,JERKING,efafd309f206
1775670487062,1060672413783987,-0.878672,-10.005369,0.92895025,6.1086525E-4,-6.1086525E-4,-0.0012217305,JERKING,efafd309f206
1775670487070,1060672421779069,-0.89782566,-10.0341,0.93134445,0.0018325958,0.0,-0.0036651916,JERKING,efafd309f206
1775670487078,1060672429776844,-0.8762778,-10.038888,0.93134445,0.0012217305,0.0,-0.0030543262,JERKING,efafd309f206
1775670487086,1060672437803927,-0.8738836,-10.04607,0.93613285,0.0012217305,0.0018325958,-0.004276057,JERKING,efafd309f206
1775670487094,1060672445798087,-0.8714894,-10.0341,0.93613285,0.002443461,0.002443461,-0.004886922,JERKING,efafd309f206
1775670487102,1060672453792938,-0.8499416,-10.04607,0.91697925,0.0036651916,0.004276057,-0.004886922,JERKING,efafd309f206
1775670487110,1060672461789791,-0.8451532,-10.043676,0.92416185,0.0018325958,0.0061086523,-0.007330383,JERKING,efafd309f206
1775670487118,1060672469785797,-0.85473,-10.031705,0.94092125,0.0012217305,0.0067195175,-0.0067195175,JERKING,efafd309f206
1775670487126,1060672477780341,-0.8451532,-10.014946,0.9528923,-0.0012217305,0.0061086523,-0.0067195175,JERKING,efafd309f206
1775670487134,1060672485831038,-0.85473,-9.983821,0.94570965,-0.0018325958,0.005497787,-0.0067195175,JERKING,efafd309f206
1775670487142,1060672493772352,-0.8451532,-9.9790325,0.9552865,-0.004276057,0.005497787,-0.007330383,JERKING,efafd309f206
1775670487150,1060672501797204,-0.8595184,-9.976639,0.92895025,-0.004886922,0.0030543262,-0.005497787,JERKING,efafd309f206
1775670487158,1060672509793286,-0.8619126,-9.974244,0.90740246,-0.002443461,0.005497787,-0.0061086523,JERKING,efafd309f206
1775670487166,1060672517843985,-0.8810662,-10.0029745,0.90740246,-0.0012217305,0.009773844,-0.0061086523,JERKING,efafd309f206
1775670487174,1060672525754452,-0.89543146,-10.005369,0.92176765,-0.0030543262,0.009773844,-0.004886922,JERKING,efafd309f206
1775670487182,1060672533779766,-0.89543146,-10.01734,0.9528923,-0.0030543262,0.013439035,-0.004886922,JERKING,efafd309f206
1775670487190,1060672541776002,-0.866701,-10.0269165,0.94570965,-0.0012217305,0.012217305,-0.004886922,JERKING,efafd309f206
1775670487198,1060672549802854,-0.8595184,-10.012551,0.9744401,-0.0012217305,0.010995574,-0.005497787,JERKING,efafd309f206
1775670487206,1060672557822168,-0.8283938,-10.048465,0.9576807,-0.0012217305,0.008552114,-0.005497787,JERKING,efafd309f206
1775670487214,1060672565792327,-0.79487497,-10.043676,0.9552865,-0.002443461,0.004276057,-0.005497787,JERKING,efafd309f206
1775670487222,1060672573787409,-0.79487497,-10.048465,0.94092125,-0.002443461,0.002443461,-0.0061086523,JERKING,efafd309f206
1775670487230,1060672581270569,-0.7637503,-10.036493,0.94331545,-0.0030543262,6.1086525E-4,-0.0067195175,JERKING,efafd309f206
1775670487238,1060672589835114,-0.7637503,-10.0341,0.92895025,-0.005497787,0.0,-0.007330383,JERKING,efafd309f206
1775670487246,1060672597777273,-0.7589619,-10.0341,0.92655605,-0.0067195175,-0.0018325958,-0.007330383,JERKING,efafd309f206
1775670487254,1060672605286894,-0.7757214,-10.007763,0.91219085,-0.009162978,-0.0061086523,-0.008552114,JERKING,efafd309f206
1775670487262,1060672613796438,-0.79966336,-9.988609,0.91937345,-0.01160644,-0.009773844,-0.01038471,JERKING,efafd309f206
1775670487270,1060672621791444,-0.81402856,-9.993398,0.91219085,-0.01282817,-0.015271631,-0.007330383,JERKING,efafd309f206
1775670487278,1060672629788142,-0.81881696,-10.012551,0.91937345,-0.013439035,-0.017104227,-0.009162978,JERKING,efafd309f206
1775670487286,1060672637839225,-0.82599956,-10.005369,0.91697925,-0.013439035,-0.02321288,-0.008552114,JERKING,efafd309f206
1775670487294,1060672645781077,-0.8331822,-10.012551,0.91937345,-0.014660766,-0.026267206,-0.009162978,JERKING,efafd309f206
1775670487302,1060672653775852,-0.8643068,-9.988609,0.90500826,-0.014660766,-0.028710667,-0.009162978,JERKING,efafd309f206
1775670487310,1060672661856473,-0.8475474,-10.024523,0.90021986,-0.015882496,-0.028710667,-0.009773844,JERKING,efafd309f206
1775670487318,1060672669767479,-0.8523358,-10.0341,0.90979666,-0.017104227,-0.02687807,-0.007330383,JERKING,efafd309f206
1775670487326,1060672677793100,-0.8379706,-10.0341,0.93373865,-0.020158553,-0.028710667,-0.007330383,JERKING,efafd309f206
1775670487334,1060672685788183,-0.8475474,-10.041282,0.94810385,-0.02076942,-0.028099801,-0.009162978,JERKING,efafd309f206
1775670487342,1060672693784111,-0.8714894,-10.022128,0.9696517,-0.02076942,-0.026267206,-0.01038471,JERKING,efafd309f206
1775670487350,1060672701778886,-0.8882488,-10.012551,0.9816227,-0.022602014,-0.023823744,-0.008552114,JERKING,efafd309f206
1775670487358,1060672709804815,-0.91697925,-10.014946,0.9983821,-0.021991149,-0.02565634,-0.009162978,JERKING,efafd309f206
1775670487366,1060672717801974,-0.91697925,-9.988609,1.0319009,-0.025045475,-0.02321288,-0.01038471,JERKING,efafd309f206
1775670487374,1060672725795826,-0.94570965,-9.9790325,1.0390835,-0.022602014,-0.02321288,-0.009162978,JERKING,efafd309f206
1775670488182,1060673533780100,-0.80924016,-10.038888,0.6943185,-0.022602014,-0.02321288,-0.009162978,JERKING,efafd309f206
1775670488190,1060673541831567,-0.82599956,-10.041282,0.6919243,-0.022602014,-0.02321288,-0.009162978,JERKING,efafd309f206
1775670488198,1060673549888189,-0.8595184,-10.022128,0.6895301,-0.022602014,-0.02321288,-0.009162978,JERKING,efafd309f206
1775670488206,1060673557883809,-0.8643068,-10.014946,0.6871359,-0.022602014,-0.02321288,-0.009162978,JERKING,efafd309f206
1775670488214,1060673565977046,-0.8379706,-10.0341,0.6967127,-0.022602014,-0.02321288,-0.009162978,JERKING,efafd309f206
1775670488222,1060673573788821,-0.8379706,-10.04607,0.6991069,-0.022602014,-0.02321288,-0.009162978,JERKING,efafd309f206
1775670488230,1060673581785134,-0.81642276,-10.038888,0.7062895,-0.022602014,-0.02321288,-0.009162978,JERKING,efafd309f206
1775670488238,1060673589779524,-0.81881696,-10.0269165,0.7015011,-0.022602014,-0.02321288,-0.009162978,JERKING,efafd309f206
1775670488246,1060673597808453,-0.81402856,-10.038888,0.7038953,-0.022602014,-0.02321288,-0.009162978,JERKING,efafd309f206
1775670488254,1060673605801152,-0.82360536,-10.053253,0.7158663,-0.022602014,-0.02321288,-0.009162978,JERKING,efafd309f206
1775670488262,1060673613797464,-0.8762778,-10.065224,0.7302315,-0.018325957,-0.022602014,0.0012217305,JERKING,efafd309f206
1775670488270,1060673621793701,-0.8690952,-10.06283,0.7541735,-0.02076942,-0.022602014,6.1086525E-4,JERKING,efafd309f206
1775670488278,1060673629788169,-0.90500826,-10.031705,0.7541735,-0.022602014,-0.017104227,-0.0018325958,JERKING,efafd309f206
1775670488286,1060673637785175,-0.91458505,-10.029311,0.7541735,-0.023823744,-0.014049901,-0.0012217305,JERKING,efafd309f206
1775670488294,1060673645779949,-0.91697925,-10.038888,0.7541735,-0.02321288,-0.007941248,0.0,JERKING,efafd309f206
1775670488302,1060673653806724,-0.90979666,-10.022128,0.7613561,-0.022602014,6.1086525E-4,-0.002443461,JERKING,efafd309f206
1775670488310,1060673661801500,-0.90740246,-10.01734,0.7541735,-0.020158553,0.01282817,-0.002443461,JERKING,efafd309f206
1775670488318,1060673669822352,-0.92416185,-9.995792,0.7445967,-0.02321288,0.02076942,-0.004276057,JERKING,efafd309f206
1775670488326,1060673677763280,-0.93373865,-10.01734,0.7493851,-0.021380283,0.028099801,-0.0036651916,JERKING,efafd309f206
1775670488334,1060673685789517,-0.93134445,-10.024523,0.7398083,-0.021991149,0.029321533,-0.0012217305,JERKING,efafd309f206
1775670488342,1060673693784292,-0.92416185,-10.000581,0.7517793,-0.02076942,0.034208454,-0.0030543262,JERKING,efafd309f206
1775670488350,1060673701780297,-0.92176765,-9.993398,0.7398083,-0.021380283,0.0421497,-0.004276057,JERKING,efafd309f206
1775670488358,1060673709767688,-0.91697925,-9.983821,0.7469909,-0.02076942,0.043982297,-0.0030543262,JERKING,efafd309f206
1775670488366,1060673717773540,-0.90500826,-10.000581,0.7493851,-0.019547688,0.04642576,-0.0012217305,JERKING,efafd309f206
1775670488374,1060673725797777,-0.89782566,-10.0029745,0.7517793,-0.016493361,0.043982297,-0.0012217305,JERKING,efafd309f206
1775670488382,1060673733794166,-0.89064306,-10.000581,0.7589619,-0.013439035,0.047647487,-0.0012217305,JERKING,efafd309f206
1775670488390,1060673741291018,-0.866701,-10.014946,0.7661445,-0.010995574,0.045814894,0.0,JERKING,efafd309f206
1775670488398,1060673749808947,-0.8379706,-10.0029745,0.7661445,-0.009773844,0.04153884,0.0012217305,JERKING,efafd309f206
1775670488406,1060673757779646,-0.80924016,-9.998186,0.79487497,-0.009162978,0.03726278,0.0012217305,JERKING,efafd309f206
1775670488414,1060673765861266,-0.79008657,-10.000581,0.81642276,-0.0061086523,0.029932396,0.0036651916,JERKING,efafd309f206
1775670488422,1060673773772349,-0.7493851,-9.974244,0.82360536,-0.004276057,0.023823744,0.004276057,JERKING,efafd309f206
1775670488430,1060673781798124,-0.7206547,-9.964667,0.8283938,6.1086525E-4,0.015882496,0.0067195175,JERKING,efafd309f206
1775670488438,1060673789793592,-0.7015011,-9.9550905,0.81402856,0.002443461,0.0061086523,0.009162978,JERKING,efafd309f206
1775670488446,1060673797788982,-0.7158663,-9.962274,0.79487497,0.0036651916,-0.002443461,0.007941248,JERKING,efafd309f206
1775670488454,1060673805783449,-0.7422025,-9.976639,0.7422025,0.007941248,-0.005497787,0.007330383,JERKING,efafd309f206
1775670488462,1060673813781840,-0.7613561,-9.974244,0.7038953,0.01160644,-0.004886922,0.004276057,JERKING,efafd309f206
1775670488470,1060673821314229,-0.81163436,-10.010158,0.6871359,0.01282817,-0.002443461,0.002443461,JERKING,efafd309f206
1775670488478,1060673829826158,-0.8283938,-10.01734,0.6847417,0.013439035,0.002443461,-6.1086525E-4,JERKING,efafd309f206
1775670488486,1060673837767780,-0.8499416,-10.022128,0.6847417,0.01282817,0.004276057,-0.0012217305,JERKING,efafd309f206
1775670488494,1060673845792017,-0.8499416,-10.0341,0.6799533,0.01282817,0.0067195175,-0.0012217305,JERKING,efafd309f206
1775670488502,1060673853843483,-0.85473,-10.031705,0.6823475,0.01038471,0.009162978,-6.1086525E-4,JERKING,efafd309f206
1775670488510,1060673861752720,-0.8451532,-10.055647,0.7182605,0.0067195175,0.01038471,0.0,JERKING,efafd309f206
1775670488518,1060673869804111,-0.8451532,-10.058042,0.7158663,0.004276057,0.01038471,0.0012217305,JERKING,efafd309f206
1775670488526,1060673877775809,-0.8571242,-10.06283,0.7182605,0.002443461,0.01282817,0.0036651916,JERKING,efafd309f206
1775670488534,1060673885801276,-0.8499416,-10.038888,0.7134721,-6.1086525E-4,0.014049901,0.0012217305,JERKING,efafd309f206
1775670488542,1060673893798820,-0.8738836,-10.04607,0.7110779,-0.0012217305,0.013439035,0.0030543262,JERKING,efafd309f206
1775670488550,1060673901761364,-0.89064306,-10.036493,0.7206547,-0.0030543262,0.01160644,0.0018325958,JERKING,efafd309f206
1775670488558,1060673909789062,-0.90979666,-10.022128,0.7326257,-0.004276057,0.008552114,0.0018325958,JERKING,efafd309f206
1775670488566,1060673917786299,-0.8690952,-10.031705,0.7254431,-0.0012217305,6.1086525E-4,0.0061086523,JERKING,efafd309f206
1775670488574,1060673925780074,-0.8643068,-10.024523,0.7230489,-0.0012217305,6.1086525E-4,0.0061086523,JERKING,efafd309f206
1775670488582,1060673933806541,-0.8379706,-10.0269165,0.7230489,0.0,-0.005497787,0.007941248,JERKING,efafd309f206
1775670488590,1060673941800085,-0.82121116,-9.995792,0.7254431,-6.1086525E-4,-0.01038471,0.009162978,JERKING,efafd309f206
1775670489414,1060674765922909,-0.8283938,-10.053253,0.770933,0.0061086523,0.01160644,0.0012217305,JERKING,efafd309f206
1775670489422,1060674773918607,-0.81163436,-10.0341,0.7589619,0.0061086523,0.01160644,0.0012217305,JERKING,efafd309f206
1775670489430,1060674781883766,-0.80684596,-10.036493,0.7733272,0.0061086523,0.01160644,0.0012217305,JERKING,efafd309f206
1775670489438,1060674789879233,-0.79726917,-10.031705,0.78769237,0.0061086523,0.01160644,0.0012217305,JERKING,efafd309f206
1775670489446,1060674797791470,-0.80445176,-10.031705,0.78290397,0.0061086523,0.01160644,0.0012217305,JERKING,efafd309f206
1775670489454,1060674805785629,-0.80924016,-10.031705,0.79008657,0.0061086523,0.01160644,0.0012217305,JERKING,efafd309f206
1775670489462,1060674813779558,-0.80205756,-10.031705,0.79487497,0.0061086523,0.01160644,0.0012217305,JERKING,efafd309f206
1775670489470,1060674821805641,-0.80684596,-10.007763,0.80684596,0.0061086523,0.01160644,0.0012217305,JERKING,efafd309f206
1775670489478,1060674829801647,-0.78529817,-9.991004,0.81402856,0.0061086523,0.01160644,0.0012217305,JERKING,efafd309f206
1775670489486,1060674837799883,-0.7781156,-9.991004,0.81163436,0.0061086523,0.01160644,0.0012217305,JERKING,efafd309f206
1775670489494,1060674845794658,-0.7613561,-9.967062,0.80445176,0.007330383,0.007941248,0.0,JERKING,efafd309f206
1775670489502,1060674853788203,-0.78050977,-9.967062,0.80205756,0.007330383,0.002443461,6.1086525E-4,JERKING,efafd309f206
1775670489510,1060674861785747,-0.78050977,-9.976639,0.81642276,0.007330383,-0.0036651916,0.0018325958,JERKING,efafd309f206
1775670489518,1060674869779521,-0.79726917,-9.976639,0.79248077,0.007941248,-0.01282817,0.0012217305,JERKING,efafd309f206
1775670489526,1060674877805373,-0.80205756,-9.97185,0.770933,0.007330383,-0.018325957,0.0012217305,JERKING,efafd309f206
1775670489534,1060674885802072,-0.81163436,-9.981427,0.7781156,0.005497787,-0.022602014,0.0030543262,JERKING,efafd309f206
1775670489542,1060674893796847,-0.8499416,-10.010158,0.81163436,0.004886922,-0.02565634,0.0018325958,JERKING,efafd309f206
1775670489550,1060674901792775,-0.866701,-10.022128,0.8331822,0.005497787,-0.02687807,0.0030543262,JERKING,efafd309f206
1775670489558,1060674909788243,-0.89303726,-10.041282,0.8523358,0.007330383,-0.023823744,0.002443461,JERKING,efafd309f206
1775670489566,1060674917785710,-0.94331545,-10.022128,0.85473,0.009162978,-0.02076942,0.002443461,JERKING,efafd309f206
1775670489574,1060674925779331,-1.0007763,-10.036493,0.8714894,0.009162978,-0.02076942,0.004276057,JERKING,efafd309f206
1775670489582,1060674933806029,-0.9935937,-10.036493,0.8738836,0.008552114,-0.017715093,0.004886922,JERKING,efafd309f206
1775670489590,1060674941856881,-0.9983821,-10.041282,0.8762778,0.009773844,-0.015882496,0.005497787,JERKING,efafd309f206
1775670489598,1060674949798118,-0.9792285,-10.036493,0.8882488,0.009773844,-0.013439035,0.004276057,JERKING,efafd309f206
1775670489606,1060674957762123,-0.9600749,-10.038888,0.89543146,0.0061086523,-0.007941248,0.004276057,JERKING,efafd309f206
1775670489614,1060674965843898,-0.94570965,-10.053253,0.90740246,0.005497787,-0.005497787,0.0036651916,JERKING,efafd309f206
1775670489622,1060674973784597,-0.9528923,-10.043676,0.90740246,0.004276057,-0.0012217305,0.005497787,JERKING,efafd309f206
1775670489630,1060674981780833,-0.9528923,-10.024523,0.91219085,0.002443461,0.0036651916,0.002443461,JERKING,efafd309f206
1775670489638,1060674989807300,-0.94331545,-10.024523,0.90979666,0.0018325958,0.004276057,0.0030543262,JERKING,efafd309f206
1775670489646,1060674997802152,-0.93613285,-9.993398,0.91219085,0.0012217305,0.0036651916,0.0012217305,JERKING,efafd309f206
1775670489654,1060675005797850,-0.92176765,-10.0029745,0.92416185,0.0018325958,0.0030543262,0.002443461,JERKING,efafd309f206
1775670489662,1060675013792009,-0.93134445,-9.974244,0.90500826,0.002443461,0.009162978,0.002443461,JERKING,efafd309f206
1775670489670,1060675021787400,-0.92176765,-9.974244,0.8810662,0.004886922,0.012217305,0.0030543262,JERKING,efafd309f206
1775670489678,1060675029808637,-0.92176765,-9.967062,0.8810662,0.0067195175,0.014660766,0.002443461,JERKING,efafd309f206
1775670489686,1060675037780335,-0.91219085,-9.9790325,0.8523358,0.009162978,0.015882496,0.0018325958,JERKING,efafd309f206
1775670489694,1060675045860955,-0.8882488,-9.988609,0.8619126,0.009162978,0.017104227,0.0012217305,JERKING,efafd309f206
1775670489702,1060675053801885,-0.8690952,-9.969456,0.830788,0.010995574,0.015882496,6.1086525E-4,JERKING,efafd309f206
1775670489710,1060675061796275,-0.8738836,-10.000581,0.82599956,0.012217305,0.018325957,0.002443461,JERKING,efafd309f206
1775670489718,1060675069817281,-0.842759,-10.012551,0.82121116,0.012217305,0.018936822,0.002443461,JERKING,efafd309f206
1775670489726,1060675077789902,-0.82121116,-10.022128,0.830788,0.01282817,0.019547688,6.1086525E-4,JERKING,efafd309f206
1775670489734,1060675085372061,-0.82121116,-10.014946,0.830788,0.01282817,0.017715093,0.002443461,JERKING,efafd309f206
1775670489742,1060675093743067,-0.81402856,-10.038888,0.82599956,0.010995574,0.015882496,0.0,JERKING,efafd309f206
1775670489750,1060675101774458,-0.8283938,-10.029311,0.81402856,0.009162978,0.01160644,0.002443461,JERKING,efafd309f206
1775670489758,1060675109800386,-0.8451532,-10.01734,0.82599956,0.008552114,0.01038471,6.1086525E-4,JERKING,efafd309f206
1775670489766,1060675117798854,-0.8403648,-10.019734,0.79487497,0.007330383,0.007330383,6.1086525E-4,JERKING,efafd309f206
1775670489774,1060675125791783,-0.8595184,-9.993398,0.80684596,0.0061086523,0.0067195175,0.0012217305,JERKING,efafd309f206
1775670489782,1060675133789249,-0.8690952,-10.012551,0.80684596,0.007330383,0.004276057,0.0018325958,JERKING,efafd309f206
1775670489790,1060675141784640,-0.878672,-9.998186,0.80445176,0.008552114,0.0030543262,0.002443461,JERKING,efafd309f206
1775670489798,1060675149778492,-0.8690952,-10.0269165,0.79966336,0.008552114,-0.0012217305,0.002443461,JERKING,efafd309f206
1775670489806,1060675157807498,-0.8499416,-10.029311,0.80684596,0.0067195175,-0.0030543262,0.0036651916,JERKING,efafd309f206
1775670489814,1060675165800965,-0.830788,-10.036493,0.82121116,0.0067195175,-0.0030543262,0.0036651916,JERKING,efafd309f206
1775670489822,1060675173795740,-0.866701,-10.0269165,0.79487497,0.004886922,-0.004886922,0.004276057,JERKING,efafd309f206
1775670489830,1060675181792669,-0.8690952,-10.005369,0.81402856,0.002443461,-0.0061086523,0.004276057,JERKING,efafd309f206
1775670490638,1060675989922865,-0.842759,-10.070012,0.80684596,0.0030543262,-0.004276057,0.0036651916,JERKING,efafd309f206
1775670490646,1060675997888025,-0.81642276,-10.072407,0.81163436,0.0030543262,-0.004276057,0.0036651916,JERKING,efafd309f206
1775670490654,1060676005883723,-0.82599956,-10.041282,0.81163436,0.0030543262,-0.004276057,0.0036651916,JERKING,efafd309f206
1775670490662,1060676013909652,-0.82121116,-10.019734,0.82121116,0.0030543262,-0.004276057,0.0036651916,JERKING,efafd309f206
1775670490670,1060676021874812,-0.8451532,-10.0029745,0.82121116,0.0030543262,-0.004276057,0.0036651916,JERKING,efafd309f206
1775670490678,1060676029783509,-0.8499416,-10.010158,0.82599956,0.0030543262,-0.004276057,0.0036651916,JERKING,efafd309f206
1775670490686,1060676037780746,-0.878672,-10.010158,0.82599956,0.0030543262,-0.004276057,0.0036651916,JERKING,efafd309f206
1775670490694,1060676045813675,-0.8810662,-9.974244,0.8451532,0.0030543262,-0.004276057,0.0036651916,JERKING,efafd309f206
1775670490702,1060676053802527,-0.89303726,-9.981427,0.82121116,0.0030543262,-0.004276057,0.0036651916,JERKING,efafd309f206
1775670490710,1060676061799220,-0.8738836,-9.959879,0.8355764,0.0030543262,-0.004276057,0.0036651916,JERKING,efafd309f206
1775670490718,1060676069795611,-0.878672,-9.957485,0.8355764,0.002443461,-0.002443461,-6.1086525E-4,JERKING,efafd309f206
1775670490726,1060676077791232,-0.8714894,-9.97185,0.82360536,0.002443461,-0.0018325958,-6.1086525E-4,JERKING,efafd309f206
1775670490734,1060676085785084,-0.878672,-9.962274,0.81881696,0.002443461,-6.1086525E-4,-0.002443461,JERKING,efafd309f206
1775670490742,1060676093781476,-0.90979666,-9.993398,0.8523358,0.0018325958,-0.004276057,-0.0030543262,JERKING,efafd309f206
1775670490750,1060676101809713,-0.91219085,-9.981427,0.85473,0.0018325958,-0.0030543262,-0.002443461,JERKING,efafd309f206
1775670490758,1060676109801796,-0.90021986,-10.005369,0.8379706,0.0030543262,-0.005497787,-0.0036651916,JERKING,efafd309f206
1775670490766,1060676117800494,-0.89543146,-10.007763,0.8595184,0.0036651916,-0.004276057,-0.0018325958,JERKING,efafd309f206
1775670490774,1060676125758346,-0.8858546,-10.0341,0.8643068,0.0012217305,-0.005497787,-0.002443461,JERKING,efafd309f206
1775670490782,1060676133790967,-0.8858546,-10.043676,0.8882488,0.0,-0.007330383,-0.0030543262,JERKING,efafd309f206
1775670490790,1060676141786051,-0.89064306,-10.077195,0.91697925,0.0012217305,-0.002443461,-0.0036651916,JERKING,efafd309f206
1775670490798,1060676149781134,-0.89782566,-10.067618,0.93134445,0.0012217305,-0.0030543262,-0.0036651916,JERKING,efafd309f206
1775670490806,1060676157808294,-0.91697925,-10.04607,0.94331545,0.0018325958,-0.004886922,-0.004886922,JERKING,efafd309f206
1775670490814,1060676165804608,-0.91697925,-10.0341,0.94570965,0.0018325958,-0.004886922,-0.004886922,JERKING,efafd309f206
1775670490822,1060676173823614,-0.90740246,-10.022128,0.91937345,-6.1086525E-4,-0.009773844,-0.004276057,JERKING,efafd309f206
1775670490830,1060676181795312,-0.90740246,-9.998186,0.91937345,-0.0012217305,-0.01282817,-0.0018325958,JERKING,efafd309f206
1775670490838,1060676189789165,-0.8882488,-9.981427,0.89303726,-0.0036651916,-0.013439035,-0.0030543262,JERKING,efafd309f206
1775670490846,1060676197786171,-0.89782566,-9.967062,0.878672,-0.0018325958,-0.010995574,-0.0030543262,JERKING,efafd309f206
1775670490854,1060676205780947,-0.878672,-9.9550905,0.8810662,-0.0012217305,-0.012217305,-0.0018325958,JERKING,efafd309f206
1775670490862,1060676213776260,-0.878672,-9.9550905,0.8619126,0.0,-0.010995574,-0.004886922,JERKING,efafd309f206
1775670490870,1060676221803420,-0.8690952,-9.950302,0.842759,0.0012217305,-0.009162978,-0.002443461,JERKING,efafd309f206
1775670490878,1060676229800043,-0.8762778,-10.000581,0.866701,6.1086525E-4,-0.0067195175,-0.0030543262,JERKING,efafd309f206
1775670490886,1060676237796279,-0.8762778,-9.988609,0.8858546,0.0018325958,-0.009162978,-0.0012217305,JERKING,efafd309f206
1775670490894,1060676245790747,-0.8810662,-10.0029745,0.8810662,0.0012217305,-0.007941248,-0.002443461,JERKING,efafd309f206
1775670490902,1060676253785907,-0.8714894,-10.0341,0.89064306,0.002443461,-0.005497787,-0.0012217305,JERKING,efafd309f206
1775670490910,1060676261223759,-0.8714894,-10.022128,0.90261406,0.002443461,-0.004886922,-0.0030543262,JERKING,efafd309f206
1775670490918,1060676269274150,-0.89064306,-10.04607,0.89782566,0.0,-0.0061086523,-6.1086525E-4,JERKING,efafd309f206
1775670490926,1060676277804387,-0.866701,-10.019734,0.91458505,-6.1086525E-4,-0.0061086523,-0.0018325958,JERKING,efafd309f206
1775670490934,1060676285798163,-0.91219085,-10.031705,0.90740246,-6.1086525E-4,-0.005497787,-0.002443461,JERKING,efafd309f206
1775670490942,1060676293795092,-0.92416185,-10.022128,0.91219085,-0.0018325958,-0.005497787,-0.0018325958,JERKING,efafd309f206
1775670490950,1060676301759406,-0.91219085,-10.022128,0.89064306,-0.0012217305,-0.0061086523,-0.0030543262,JERKING,efafd309f206
1775670490958,1060676309435412,-0.9552865,-10.012551,0.90021986,-0.0012217305,-0.002443461,-0.0030543262,JERKING,efafd309f206
1775670490966,1060676317781341,-0.93613285,-10.01734,0.89782566,0.0,0.0,-0.002443461,JERKING,efafd309f206
1775670490974,1060676325808963,-0.9528923,-10.010158,0.89543146,-0.0018325958,0.0030543262,-0.002443461,JERKING,efafd309f206
1775670490982,1060676333803431,-0.93613285,-9.993398,0.90979666,-0.0018325958,0.005497787,-0.002443461,JERKING,efafd309f206
1775670490990,1060676341797283,-0.94570965,-9.981427,0.92895025,-0.0018325958,0.012217305,-0.0018325958,JERKING,efafd309f206
1775670490998,1060676349792981,-0.94092125,-9.969456,0.92895025,0.0,0.015271631,0.0,JERKING,efafd309f206
1775670491006,1060676357799141,-0.93134445,-9.974244,0.8834604,0.0,0.018325957,0.0,JERKING,efafd309f206
1775670491014,1060676365783456,-0.93373865,-9.981427,0.8834604,-6.1086525E-4,0.016493361,-6.1086525E-4,JERKING,efafd309f206
1775670491022,1060676373812692,-0.92895025,-9.998186,0.8834604,-6.1086525E-4,0.015271631,6.1086525E-4,JERKING,efafd309f206
1775670491030,1060676381807545,-0.92895025,-10.024523,0.8858546,-0.0012217305,0.015882496,0.0012217305,JERKING,efafd309f206
1775670491038,1060676389803243,-0.91697925,-10.0269165,0.89303726,0.0,0.016493361,0.002443461,JERKING,efafd309f206
1775670491046,1060676397798326,-0.90979666,-10.055647,0.8810662,-0.0012217305,0.019547688,0.0012217305,JERKING,efafd309f206
1775670491870,1060677221920119,-0.90979666,-10.0029745,0.81163436,-0.018325957,6.1086525E-4,-0.0030543262,JERKING,efafd309f206
1775670491878,1060677229915586,-0.91458505,-10.000581,0.8403648,-0.018325957,6.1086525E-4,-0.0030543262,JERKING,efafd309f206
1775670491886,1060677237911285,-0.90261406,-9.998186,0.8283938,-0.018325957,6.1086525E-4,-0.0030543262,JERKING,efafd309f206
1775670491894,1060677245906906,-0.89782566,-9.991004,0.8331822,-0.018325957,6.1086525E-4,-0.0030543262,JERKING,efafd309f206
1775670491902,1060677253846604,-0.91219085,-9.9790325,0.8283938,-0.018325957,6.1086525E-4,-0.0030543262,JERKING,efafd309f206
1775670491910,1060677261781149,-0.90261406,-9.97185,0.82360536,-0.018325957,6.1086525E-4,-0.0030543262,JERKING,efafd309f206
1775670491918,1060677269809079,-0.90740246,-9.988609,0.842759,-0.018325957,6.1086525E-4,-0.0030543262,JERKING,efafd309f206
1775670491926,1060677277805777,-0.91697925,-9.981427,0.8331822,-0.018325957,6.1086525E-4,-0.0030543262,JERKING,efafd309f206
1775670491934,1060677285798937,-0.92176765,-10.010158,0.830788,-0.018325957,6.1086525E-4,-0.0030543262,JERKING,efafd309f206
1775670491942,1060677293796251,-0.91937345,-10.0029745,0.82360536,-0.018325957,6.1086525E-4,-0.0030543262,JERKING,efafd309f206
1775670491950,1060677301792488,-0.90979666,-10.01734,0.8283938,-0.017104227,-0.0018325958,-0.002443461,JERKING,efafd309f206
1775670491958,1060677309905725,-0.89064306,-9.998186,0.82121116,-0.015882496,-0.0030543262,-0.0030543262,JERKING,efafd309f206
1775670491966,1060677317814654,-0.8643068,-10.010158,0.80684596,-0.015882496,-0.004886922,-0.0030543262,JERKING,efafd309f206
1775670491974,1060677325809122,-0.8403648,-10.022128,0.80445176,-0.017715093,-0.0061086523,-6.1086525E-4,JERKING,efafd309f206
1775670491982,1060677333804590,-0.8499416,-10.024523,0.79966336,-0.016493361,-0.007941248,-0.0030543262,JERKING,efafd309f206
1775670491990,1060677341799057,-0.8571242,-10.029311,0.79248077,-0.017715093,-0.008552114,-0.002443461,JERKING,efafd309f206
1775670491998,1060677349795371,-0.866701,-10.038888,0.79966336,-0.017104227,-0.009162978,-0.0018325958,JERKING,efafd309f206
1775670492006,1060677357328915,-0.8858546,-10.019734,0.79726917,-0.017715093,-0.0067195175,-0.0036651916,JERKING,efafd309f206
1775670492014,1060677365785538,-0.90021986,-10.000581,0.80205756,-0.017715093,-0.0067195175,-0.0030543262,JERKING,efafd309f206
1775670492022,1060677373811698,-0.89782566,-9.993398,0.80445176,-0.017104227,-0.0067195175,-0.002443461,JERKING,efafd309f206
1775670492030,1060677381809550,-0.8858546,-9.962274,0.7565677,-0.014660766,-0.008552114,-0.0030543262,JERKING,efafd309f206
1775670492038,1060677389802094,-0.878672,-9.959879,0.7685388,-0.014660766,-0.008552114,-0.0036651916,JERKING,efafd309f206
1775670492046,1060677397823639,-0.8475474,-9.967062,0.770933,-0.012217305,-0.007941248,-0.004276057,JERKING,efafd309f206
1775670492054,1060677405795415,-0.8355764,-9.9790325,0.78769237,-0.0061086523,-0.0061086523,-0.005497787,JERKING,efafd309f206
1775670492062,1060677413790113,-0.8499416,-9.983821,0.81163436,0.0,-0.005497787,-0.004276057,JERKING,efafd309f206
1775670492070,1060677421784658,-0.8475474,-9.981427,0.8403648,0.0030543262,-0.0067195175,-0.004886922,JERKING,efafd309f206
1775670492078,1060677429812972,-0.842759,-9.9790325,0.8451532,0.0036651916,-0.014660766,-0.0036651916,JERKING,efafd309f206
1775670492086,1060677437862747,-0.830788,-10.0029745,0.8690952,0.004276057,-0.021991149,-0.002443461,JERKING,efafd309f206
1775670492094,1060677445802446,-0.82599956,-10.022128,0.8499416,0.0036651916,-0.023823744,-0.0018325958,JERKING,efafd309f206
1775670492102,1060677453798529,-0.8643068,-10.0508585,0.81881696,0.0030543262,-0.026267206,-0.002443461,JERKING,efafd309f206
1775670492110,1060677461819074,-0.878672,-10.0508585,0.7733272,0.002443461,-0.02565634,-0.0012217305,JERKING,efafd309f206
1775670492118,1060677469790541,-0.92655605,-10.053253,0.7182605,0.002443461,-0.02565634,-0.0012217305,JERKING,efafd309f206
1775670492126,1060677477787162,-0.90979666,-10.055647,0.7038953,6.1086525E-4,-0.018936822,-0.002443461,JERKING,efafd309f206
1775670492134,1060677485836322,-0.91937345,-10.041282,0.6440403,-0.0012217305,-0.014049901,-0.0030543262,JERKING,efafd309f206
1775670492142,1060677493777329,-0.92176765,-10.043676,0.6344634,-0.0030543262,-0.007330383,-0.0018325958,JERKING,efafd309f206
1775670492150,1060677501803797,-0.91937345,-10.04607,0.6631939,-0.005497787,0.0012217305,-0.004886922,JERKING,efafd309f206
1775670492158,1060677509766880,-0.90261406,-10.0341,0.6967127,-0.005497787,0.01160644,-0.004276057,JERKING,efafd309f206
1775670492166,1060677517306578,-0.91219085,-10.005369,0.7206547,-0.004886922,0.021991149,-0.0061086523,JERKING,efafd309f206
1775670492174,1060677525789277,-0.90021986,-10.005369,0.7422025,-0.005497787,0.023823744,-0.0067195175,JERKING,efafd309f206
1775670492182,1060677533784359,-0.8714894,-10.014946,0.7398083,-0.0036651916,0.02443461,-0.0061086523,JERKING,efafd309f206
1775670492190,1060677541866597,-0.866701,-10.0029745,0.7302315,-0.004276057,0.021991149,-0.0067195175,JERKING,efafd309f206
1775670492198,1060677549776142,-0.866701,-10.014946,0.7254431,-0.005497787,0.015882496,-0.004276057,JERKING,efafd309f206
1775670492206,1060677557339455,-0.82121116,-10.029311,0.7134721,-0.009162978,0.007941248,-0.0036651916,JERKING,efafd309f206
1775670492214,1060677565797077,-0.80445176,-10.043676,0.7110779,-0.007941248,0.004276057,-0.0018325958,JERKING,efafd309f206
1775670492222,1060677573849083,-0.7781156,-10.06283,0.6967127,-0.009773844,6.1086525E-4,-6.1086525E-4,JERKING,efafd309f206
1775670492230,1060677581758320,-0.7541735,-10.041282,0.7134721,-0.01038471,-0.0018325958,-0.002443461,JERKING,efafd309f206
1775670492238,1060677589786019,-0.7781156,-10.043676,0.7350199,-0.010995574,-0.0036651916,-0.004276057,JERKING,efafd309f206
1775670492246,1060677597812487,-0.78769237,-10.024523,0.7493851,-0.009773844,-0.004886922,-0.0036651916,JERKING,efafd309f206
1775670492254,1060677605808723,-0.81163436,-10.019734,0.7541735,-0.009773844,-0.0067195175,-0.004886922,JERKING,efafd309f206
1775670492262,1060677613801422,-0.8355764,-10.0029745,0.7565677,-0.008552114,-0.0067195175,-0.004886922,JERKING,efafd309f206
1775670492270,1060677621798658,-0.8523358,-10.007763,0.78529817,-0.008552114,-0.0061086523,-0.005497787,JERKING,efafd309f206
1775670492278,1060677629793050,-0.8690952,-10.010158,0.79248077,-0.007330383,-0.0067195175,-0.0036651916,JERKING,efafd309f206
1775670492286,1060677637791518,-0.8810662,-10.014946,0.79008657,-0.0061086523,-0.0067195175,-0.0030543262,JERKING,efafd309f206
1775670493102,1060678453885150,-0.90261406,-9.988609,0.830788,0.0012217305,0.021991149,0.004886922,JERKING,efafd309f206
1775670493110,1060678461880771,-0.91697925,-9.988609,0.82360536,0.0012217305,0.021991149,0.004886922,JERKING,efafd309f206
1775670493118,1060678469876469,-0.90979666,-9.983821,0.81881696,0.0012217305,0.021991149,0.004886922,JERKING,efafd309f206
1775670493126,1060678477871937,-0.91937345,-9.998186,0.81402856,0.0012217305,0.021991149,0.004886922,JERKING,efafd309f206
1775670493134,1060678485812175,-0.92176765,-9.967062,0.81642276,0.0012217305,0.021991149,0.004886922,JERKING,efafd309f206
1775670493142,1060678493807873,-0.91458505,-9.986216,0.81881696,0.0012217305,0.021991149,0.004886922,JERKING,efafd309f206
1775670493150,1060678501802033,-0.90261406,-9.9790325,0.80445176,0.0012217305,0.021991149,0.004886922,JERKING,efafd309f206
1775670493158,1060678509800500,-0.866701,-10.000581,0.81402856,0.0012217305,0.021991149,0.004886922,JERKING,efafd309f206
1775670493166,1060678517796814,-0.8379706,-10.019734,0.79008657,0.0012217305,0.021991149,0.004886922,JERKING,efafd309f206
1775670493174,1060678525790743,-0.79487497,-10.014946,0.7541735,0.0012217305,0.021991149,0.004886922,JERKING,efafd309f206
1775670493182,1060678533787058,-0.7469909,-10.0269165,0.7422025,0.0018325958,0.02076942,0.004276057,JERKING,efafd309f206
1775670493190,1060678541779910,-0.7469909,-10.041282,0.7158663,0.0012217305,0.017715093,0.0036651916,JERKING,efafd309f206
1775670493198,1060678549806378,-0.7278373,-10.036493,0.6919243,0.0030543262,0.017104227,0.004886922,JERKING,efafd309f206
1775670493206,1060678557803691,-0.7493851,-10.070012,0.6536171,0.002443461,0.018325957,0.0018325958,JERKING,efafd309f206
1775670493214,1060678565798159,-0.7589619,-10.06283,0.6631939,0.002443461,0.018936822,0.0018325958,JERKING,efafd309f206
1775670493222,1060678573795627,-0.7541735,-10.065224,0.6584055,6.1086525E-4,0.018325957,6.1086525E-4,JERKING,efafd309f206
1775670493230,1060678581789480,-0.7565677,-10.060435,0.6392518,-0.0018325958,0.018325957,-0.0018325958,JERKING,efafd309f206
1775670493238,1060678589431409,-0.7613561,-10.0341,0.6536171,-0.0030543262,0.017104227,-0.0030543262,JERKING,efafd309f206
1775670493246,1060678597811030,-0.7278373,-10.01734,0.6679823,-6.1086525E-4,0.02076942,-0.002443461,JERKING,efafd309f206
1775670493254,1060678605808267,-0.7661445,-10.031705,0.6584055,-0.0030543262,0.018325957,-0.004886922,JERKING,efafd309f206
1775670493262,1060678613802504,-0.7517793,-9.998186,0.6799533,-0.0018325958,0.017715093,-0.004276057,JERKING,efafd309f206
1775670493270,1060678621798434,-0.78050977,-10.012551,0.6871359,-0.0012217305,0.012217305,-0.0036651916,JERKING,efafd309f206
1775670493278,1060678629793824,-0.78769237,-9.993398,0.6871359,0.0,0.010995574,-0.002443461,JERKING,efafd309f206
1775670493286,1060678637845292,-0.7781156,-9.986216,0.6991069,0.0012217305,0.004886922,-0.0018325958,JERKING,efafd309f206
1775670493294,1060678645779760,-0.7733272,-9.969456,0.7158663,0.0012217305,0.002443461,-6.1086525E-4,JERKING,efafd309f206
1775670493302,1060678653781843,-0.7781156,-9.9790325,0.7422025,0.005497787,-0.0018325958,-0.0012217305,JERKING,efafd309f206
1775670493310,1060678661768618,-0.7757214,-9.983821,0.7350199,0.0067195175,-0.0030543262,0.0,JERKING,efafd309f206
1775670493318,1060678669773548,-0.81402856,-9.945514,0.7350199,0.010995574,-0.005497787,0.0012217305,JERKING,efafd309f206
1775670493326,1060678677799477,-0.82121116,-9.983821,0.7206547,0.01160644,-0.009773844,0.0018325958,JERKING,efafd309f206
1775670493334,1060678685818868,-0.842759,-9.993398,0.7015011,0.01282817,-0.014049901,0.002443461,JERKING,efafd309f206
1775670493342,1060678693791797,-0.8499416,-10.005369,0.6727707,0.014049901,-0.014049901,0.0030543262,JERKING,efafd309f206
1775670493350,1060678701785264,-0.85473,-10.0029745,0.6679823,0.015271631,-0.01282817,0.004886922,JERKING,efafd309f206
1775670493358,1060678709811117,-0.8451532,-10.024523,0.6584055,0.015882496,-0.005497787,0.0018325958,JERKING,efafd309f206
1775670493366,1060678717831816,-0.8379706,-10.036493,0.6631939,0.018325957,-0.004276057,0.0030543262,JERKING,efafd309f206
1775670493374,1060678725803129,-0.8595184,-10.04607,0.6631939,0.018325957,-0.0030543262,0.0018325958,JERKING,efafd309f206
1775670493382,1060678733444751,-0.8475474,-10.048465,0.6536171,0.020158553,-0.0012217305,0.0030543262,JERKING,efafd309f206
1775670493390,1060678741793603,-0.8403648,-10.06283,0.6823475,0.018936822,-0.0030543262,0.002443461,JERKING,efafd309f206
1775670493398,1060678749276071,-0.8379706,-10.043676,0.6943185,0.018936822,-0.0030543262,0.002443461,JERKING,efafd309f206
1775670493406,1060678757787155,-0.80924016,-10.036493,0.7134721,0.020158553,-0.002443461,0.0036651916,JERKING,efafd309f206
1775670493414,1060678765866622,-0.7757214,-10.029311,0.7422025,0.021991149,-0.0036651916,0.002443461,JERKING,efafd309f206
1775670493422,1060678773776474,-0.7757214,-10.01734,0.7422025,0.025045475,-0.004886922,0.0036651916,JERKING,efafd309f206
1775670493430,1060678781771480,-0.7733272,-10.012551,0.7685388,0.023823744,-0.007330383,0.0036651916,JERKING,efafd309f206
1775670493438,1060678789422025,-0.80445176,-10.0029745,0.7757214,0.023823744,-0.007330383,0.0036651916,JERKING,efafd309f206
1775670493446,1060678797795492,-0.81163436,-9.988609,0.81163436,0.022602014,-0.008552114,0.0018325958,JERKING,efafd309f206
1775670493454,1060678805788730,-0.8331822,-9.991004,0.82360536,0.023823744,-0.008552114,0.0012217305,JERKING,efafd309f206
1775670493462,1060678813786351,-0.878672,-10.005369,0.79008657,0.023823744,-0.01282817,0.002443461,JERKING,efafd309f206
1775670493470,1060678821823281,-0.90500826,-10.01734,0.78529817,0.023823744,-0.010995574,0.0,JERKING,efafd309f206
1775670493478,1060678829805748,-0.91219085,-10.070012,0.7757214,0.02321288,-0.01160644,0.0018325958,JERKING,efafd309f206
1775670493486,1060678837802677,-0.90740246,-10.053253,0.7326257,0.02321288,-0.01038471,6.1086525E-4,JERKING,efafd309f206
1775670493494,1060678845798915,-0.92416185,-10.043676,0.7278373,0.022602014,-0.007941248,0.0018325958,JERKING,efafd309f206
1775670493502,1060678853793152,-0.8882488,-10.055647,0.7230489,0.02321288,-0.004276057,0.0018325958,JERKING,efafd309f206
1775670493510,1060678861788542,-0.8475474,-10.067618,0.7230489,0.021380283,0.0,0.004886922,JERKING,efafd309f206
1775670494326,1060679677915636,-0.8331822,-10.019734,0.81642276,0.019547688,0.0030543262,0.0030543262,JERKING,efafd309f206
1775670494334,1060679685911257,-0.79726917,-10.014946,0.82121116,-6.1086525E-4,6.1086525E-4,0.004886922,JERKING,efafd309f206
1775670494342,1060679693906956,-0.81402856,-10.036493,0.8331822,-0.0018325958,0.0018325958,0.004886922,JERKING,efafd309f206
1775670494350,1060679701871963,-0.82121116,-10.041282,0.8619126,-0.002443461,-6.1086525E-4,0.0036651916,JERKING,efafd309f206
1775670494358,1060679709963892,-0.82121116,-10.036493,0.85473,-0.0036651916,-0.004276057,0.004276057,JERKING,efafd309f206
1775670494366,1060679717808282,-0.842759,-10.024523,0.878672,-0.004276057,-0.0067195175,0.0030543262,JERKING,efafd309f206
1775670494374,1060679725804827,-0.8858546,-9.991004,0.8499416,-0.002443461,-0.008552114,0.0,JERKING,efafd309f206
1775670494382,1060679733797833,-0.91458505,-9.976639,0.8643068,-6.1086525E-4,-0.01038471,6.1086525E-4,JERKING,efafd309f206
1775670494390,1060679741793531,-0.94570965,-9.969456,0.8379706,0.0012217305,-0.010995574,0.0,JERKING,efafd309f206
1775670494398,1060679749791692,-0.9528923,-9.952697,0.8451532,0.0030543262,-0.010995574,-6.1086525E-4,JERKING,efafd309f206
1775670494406,1060679757786775,-0.9552865,-9.967062,0.8283938,0.0036651916,-0.013439035,0.002443461,JERKING,efafd309f206
1775670494414,1060679765813473,-0.9504981,-9.995792,0.8451532,0.0030543262,-0.012217305,0.002443461,JERKING,efafd309f206
1775670494422,1060679773808941,-0.9504981,-10.01734,0.81881696,0.0030543262,-0.007941248,0.0036651916,JERKING,efafd309f206
1775670494430,1060679781804024,-0.93134445,-10.043676,0.82121116,0.0030543262,-0.005497787,0.004276057,JERKING,efafd309f206
1775670494438,1060679789800030,-0.91937345,-10.036493,0.8355764,0.0018325958,-0.0036651916,0.0067195175,JERKING,efafd309f206
1775670494446,1060679797795345,-0.90979666,-10.055647,0.8523358,0.0012217305,6.1086525E-4,0.004886922,JERKING,efafd309f206
1775670494454,1060679805791351,-0.8882488,-10.067618,0.8499416,0.0012217305,0.0030543262,0.0061086523,JERKING,efafd309f206
1775670494462,1060679813786434,-0.90500826,-10.0508585,0.866701,-6.1086525E-4,0.007330383,0.0067195175,JERKING,efafd309f206
1775670494470,1060679821811055,-0.90979666,-10.031705,0.8475474,-0.0018325958,0.01038471,0.004886922,JERKING,efafd309f206
1775670494478,1060679829806753,-0.8834604,-10.01734,0.85473,-0.0030543262,0.009773844,0.005497787,JERKING,efafd309f206
1775670494486,1060679837290144,-0.8810662,-10.000581,0.85473,-0.0036651916,0.010995574,0.004276057,JERKING,efafd309f206
1775670494494,1060679845798228,-0.89064306,-9.957485,0.8499416,-0.004276057,0.010995574,0.0036651916,JERKING,efafd309f206
1775670494502,1060679853794542,-0.81163436,-9.947908,0.8379706,-0.002443461,0.009162978,0.0030543262,JERKING,efafd309f206
1775670494510,1060679861814778,-0.842759,-9.945514,0.85473,-6.1086525E-4,0.008552114,0.004276057,JERKING,efafd309f206
1775670494518,1060679869784938,-0.8355764,-9.969456,0.82599956,0.0030543262,0.005497787,0.0012217305,JERKING,efafd309f206
1775670494526,1060679877813329,-0.81642276,-10.024523,0.8331822,0.002443461,0.004276057,0.0018325958,JERKING,efafd309f206
1775670494534,1060679885808028,-0.81881696,-10.01734,0.8499416,0.0018325958,0.002443461,6.1086525E-4,JERKING,efafd309f206
1775670494542,1060679893452649,-0.82121116,-10.041282,0.8499416,0.002443461,-0.007941248,-0.0012217305,JERKING,efafd309f206
1775670494550,1060679901797656,-0.80445176,-10.043676,0.8451532,6.1086525E-4,-0.010995574,-0.0018325958,JERKING,efafd309f206
1775670494558,1060679909793662,-0.79248077,-10.048465,0.8451532,-0.002443461,-0.015882496,0.0,JERKING,efafd309f206
1775670494566,1060679917845052,-0.79487497,-10.04607,0.8379706,-0.0030543262,-0.017104227,-0.0012217305,JERKING,efafd309f206
1775670494574,1060679925785366,-0.81402856,-10.058042,0.8571242,-0.005497787,-0.018325957,-0.002443461,JERKING,efafd309f206
1775670494582,1060679933810835,-0.8690952,-10.041282,0.8595184,-0.007330383,-0.018325957,-0.004886922,JERKING,efafd309f206
1775670494590,1060679941806610,-0.90021986,-10.014946,0.8690952,-0.007941248,-0.016493361,-0.0036651916,JERKING,efafd309f206
1775670494598,1060679949288385,-0.94331545,-9.981427,0.8882488,-0.009162978,-0.016493361,-0.004276057,JERKING,efafd309f206
1775670494606,1060679957301622,-1.0007763,-9.969456,0.89543146,-0.01038471,-0.014049901,-0.004276057,JERKING,efafd309f206
1775670494614,1060679965794243,-1.0103531,-9.950302,0.91219085,-0.007941248,-0.01282817,-0.0036651916,JERKING,efafd309f206
1775670494622,1060679973814327,-1.0127473,-9.950302,0.92655605,-0.0067195175,-0.009773844,-0.002443461,JERKING,efafd309f206
1775670494630,1060679981786026,-1.0366893,-9.9550905,0.91937345,-0.004276057,-0.01160644,-6.1086525E-4,JERKING,efafd309f206
1775670494638,1060679989810570,-1.0007763,-9.945514,0.91219085,-0.002443461,-0.0067195175,-0.0012217305,JERKING,efafd309f206
1775670494646,1060679997806884,-1.0007763,-9.952697,0.89303726,6.1086525E-4,-0.0061086523,-0.0018325958,JERKING,efafd309f206
1775670494654,1060680005801967,-0.9911995,-9.94312,0.8810662,0.0018325958,-0.005497787,-0.0012217305,JERKING,efafd309f206
1775670494662,1060680013284819,-0.9888053,-9.9550905,0.8643068,0.0036651916,-0.0030543262,-0.0012217305,JERKING,efafd309f206
1775670494670,1060680021792826,-0.9768343,-9.9790325,0.8690952,0.0061086523,-0.0012217305,-0.002443461,JERKING,efafd309f206
1775670494678,1060680029720216,-0.9983821,-10.007763,0.878672,0.007941248,0.0,-0.0018325958,JERKING,efafd309f206
1775670494686,1060680037784146,-0.9672575,-10.0029745,0.8690952,0.01160644,6.1086525E-4,6.1086525E-4,JERKING,efafd309f206
1775670494694,1060680045810998,-0.9528923,-10.029311,0.8499416,0.010995574,-0.0030543262,0.0018325958,JERKING,efafd309f206
1775670494702,1060680053775311,-0.94570965,-10.043676,0.81881696,0.01038471,-0.0036651916,0.0018325958,JERKING,efafd309f206
1775670494710,1060680061802933,-0.92655605,-10.070012,0.82121116,0.007941248,-0.004886922,0.0036651916,JERKING,efafd309f206
1775670494718,1060680069799555,-0.91458505,-10.079589,0.830788,0.0061086523,-0.007330383,0.004886922,JERKING,efafd309f206
1775670494726,1060680077795023,-0.8571242,-10.072407,0.81642276,0.005497787,-0.014049901,0.007941248,JERKING,efafd309f206
1775670494734,1060680085788183,-0.8499416,-10.072407,0.80205756,0.0036651916,-0.018936822,0.005497787,JERKING,efafd309f206
1775670494742,1060680093784881,-0.80445176,-10.038888,0.78290397,0.0030543262,-0.025045475,0.0036651916,JERKING,efafd309f206
1775670495558,1060680909911282,-0.8283938,-10.0508585,0.80684596,-0.02687807,-0.014660766,-0.007941248,JERKING,efafd309f206
1775670495566,1060680917906751,-0.866701,-10.031705,0.8331822,-0.027488936,-0.015271631,-0.008552114,JERKING,efafd309f206
1775670495574,1060680925871911,-0.8762778,-10.029311,0.8595184,-0.02565634,-0.015271631,-0.007330383,JERKING,efafd309f206
1775670495582,1060680933959070,-0.89303726,-10.014946,0.8523358,-0.022602014,-0.016493361,-0.0061086523,JERKING,efafd309f206
1775670495590,1060680941808307,-0.8690952,-10.0029745,0.8738836,-0.021380283,-0.015882496,-0.004886922,JERKING,efafd309f206
1775670495598,1060680949803006,-0.8499416,-10.000581,0.8619126,-0.018936822,-0.017104227,-0.0030543262,JERKING,efafd309f206
1775670495606,1060680957799704,-0.830788,-9.993398,0.89782566,-0.019547688,-0.018936822,-0.0030543262,JERKING,efafd309f206
1775670495614,1060680965795019,-0.82360536,-10.010158,0.90021986,-0.018936822,-0.017715093,-0.004276057,JERKING,efafd309f206
1775670495622,1060680973790102,-0.82121116,-10.01734,0.8834604,-0.018936822,-0.020158553,-0.0036651916,JERKING,efafd309f206
1775670495630,1060680981784569,-0.82121116,-10.010158,0.866701,-0.018936822,-0.018325957,-0.0036651916,JERKING,efafd309f206
1775670495638,1060680989813267,-0.81881696,-9.993398,0.878672,-0.018936822,-0.018325957,-0.0036651916,JERKING,efafd309f206
1775670495646,1060680997808581,-0.8403648,-9.988609,0.8858546,-0.018325957,-0.017104227,-0.0061086523,JERKING,efafd309f206
1775670495654,1060681005804279,-0.842759,-9.995792,0.8762778,-0.018936822,-0.017104227,-0.007330383,JERKING,efafd309f206
1775670495662,1060681013799133,-0.842759,-9.969456,0.8690952,-0.019547688,-0.017715093,-0.007941248,JERKING,efafd309f206
1775670495670,1060681021793908,-0.8643068,-9.9790325,0.8714894,-0.019547688,-0.018325957,-0.0061086523,JERKING,efafd309f206
1775670495678,1060681029791145,-0.842759,-9.9550905,0.8810662,-0.018936822,-0.015271631,-0.007330383,JERKING,efafd309f206
1775670495686,1060681037787766,-0.8523358,-9.9790325,0.8714894,-0.016493361,-0.015271631,-0.007941248,JERKING,efafd309f206
1775670495694,1060681045836618,-0.8619126,-9.97185,0.878672,-0.015882496,-0.01282817,-0.004886922,JERKING,efafd309f206
1775670495702,1060681053776009,-0.8571242,-9.995792,0.8810662,-0.012217305,-0.01160644,-0.007330383,JERKING,efafd309f206
1775670495710,1060681061803785,-0.842759,-10.012551,0.8595184,-0.010995574,-0.01282817,-0.0030543262,JERKING,efafd309f206
1775670495718,1060681069798483,-0.8403648,-10.010158,0.8595184,-0.012217305,-0.012217305,-0.0018325958,JERKING,efafd309f206
1775670495726,1060681077795490,-0.8283938,-10.007763,0.866701,-0.010995574,-0.012217305,-0.0018325958,JERKING,efafd309f206
1775670495734,1060681085845265,-0.78290397,-10.005369,0.8355764,-0.01038471,-0.01282817,0.002443461,JERKING,efafd309f206
1775670495742,1060681093784963,-0.770933,-10.0269165,0.8403648,-0.012217305,-0.016493361,0.0036651916,JERKING,efafd309f206
1775670495750,1060681101812662,-0.7493851,-10.041282,0.8379706,-0.012217305,-0.018936822,0.0030543262,JERKING,efafd309f206
1775670495758,1060681109808130,-0.7350199,-10.04607,0.830788,-0.010995574,-0.021380283,0.002443461,JERKING,efafd309f206
1775670495766,1060681117804136,-0.7445967,-10.0341,0.8283938,-0.01282817,-0.019547688,0.0,JERKING,efafd309f206
1775670495774,1060681125797065,-0.78050977,-10.0269165,0.78050977,-0.012217305,-0.020158553,-0.0012217305,JERKING,efafd309f206
1775670495782,1060681133795763,-0.80924016,-10.055647,0.7781156,-0.012217305,-0.021991149,-0.0012217305,JERKING,efafd309f206
1775670495790,1060681141789308,-0.81163436,-10.0508585,0.7445967,-0.012217305,-0.022602014,-0.002443461,JERKING,efafd309f206
1775670495798,1060681149784700,-0.8283938,-10.067618,0.7541735,-0.014660766,-0.021991149,-0.0012217305,JERKING,efafd309f206
1775670495806,1060681157813013,-0.80445176,-10.084377,0.7733272,-0.016493361,-0.021380283,-0.002443461,JERKING,efafd309f206
1775670495814,1060681165806327,-0.78529817,-10.070012,0.7781156,-0.019547688,-0.02443461,-0.0036651916,JERKING,efafd309f206
1775670495822,1060681173702948,-0.80205756,-10.058042,0.7733272,-0.022602014,-0.02443461,-0.005497787,JERKING,efafd309f206
1775670495830,1060681181767801,-0.81881696,-10.072407,0.7685388,-0.02687807,-0.026267206,-0.007330383,JERKING,efafd309f206
1775670495838,1060681189241114,-0.80684596,-10.043676,0.7613561,-0.028099801,-0.025045475,-0.007941248,JERKING,efafd309f206
1775670495846,1060681197792429,-0.842759,-10.053253,0.7374141,-0.029932396,-0.02687807,-0.0067195175,JERKING,efafd309f206
1775670495854,1060681205373742,-0.8523358,-10.031705,0.7326257,-0.031154128,-0.022602014,-0.007941248,JERKING,efafd309f206
1775670495862,1060681213810672,-0.91219085,-10.01734,0.7350199,-0.035430185,-0.015271631,-0.007941248,JERKING,efafd309f206
1775670495870,1060681221807524,-0.91697925,-10.038888,0.7637503,-0.035430185,-0.009773844,-0.007330383,JERKING,efafd309f206
1775670495878,1060681229827222,-0.92895025,-10.019734,0.78769237,-0.037873644,-0.0030543262,-0.0061086523,JERKING,efafd309f206
1775670495886,1060681237768229,-0.9624691,-10.024523,0.80205756,-0.040317107,-0.0012217305,-0.005497787,JERKING,efafd309f206
1775670495894,1060681245793389,-0.9792285,-10.007763,0.7661445,-0.039095376,6.1086525E-4,-0.007330383,JERKING,efafd309f206
1775670495902,1060681253788472,-0.9672575,-10.0029745,0.7781156,-0.03604105,0.0061086523,-0.0061086523,JERKING,efafd309f206
1775670495910,1060681261784786,-0.9552865,-10.014946,0.7661445,-0.035430185,0.01160644,-0.005497787,JERKING,efafd309f206
1775670495918,1060681269812253,-0.91937345,-10.053253,0.7517793,-0.035430185,0.012217305,-0.005497787,JERKING,efafd309f206
1775670495926,1060681277808182,-0.91219085,-10.048465,0.7613561,-0.035430185,0.016493361,-0.005497787,JERKING,efafd309f206
1775670495934,1060681285802728,-0.8738836,-10.048465,0.7781156,-0.034208454,0.02076942,-0.004886922,JERKING,efafd309f206
1775670495942,1060681293798042,-0.8619126,-10.041282,0.80684596,-0.034208454,0.018325957,-0.004886922,JERKING,efafd309f206
1775670495950,1060681301794663,-0.8475474,-10.0341,0.7757214,-0.035430185,0.017104227,-0.005497787,JERKING,efafd309f206
1775670495958,1060681309788900,-0.85473,-10.022128,0.79008657,-0.037873644,0.019547688,-0.008552114,JERKING,efafd309f206
1775670495966,1060681317715675,-0.8834604,-10.029311,0.78769237,-0.03970624,0.02443461,-0.009162978,JERKING,efafd309f206
1775670495974,1060681325781143,-0.91458505,-10.043676,0.80445176,-0.040317107,0.030543262,-0.009162978,JERKING,efafd309f206
1775670495982,1060681333806073,-0.93613285,-10.0341,0.79966336,-0.03848451,0.03970624,-0.01160644,JERKING,efafd309f206
1775670495990,1060681341288847,-0.9600749,-10.010158,0.7661445,-0.03604105,0.04520403,-0.01282817,JERKING,efafd309f206
1775670495998,1060681349796931,-0.9528923,-9.957485,0.7445967,-0.035430185,0.04520403,-0.013439035,JERKING,efafd309f206
1775670496006,1060681357794168,-0.94570965,-9.950302,0.7661445,-0.035430185,0.04520403,-0.01282817,JERKING,efafd309f206
1775670496014,1060681365789789,-0.93852705,-9.938332,0.7613561,-0.03359759,0.040317107,-0.014049901,JERKING,efafd309f206
1775670496022,1060681373785796,-0.90261406,-9.962274,0.7613561,-0.030543262,0.034208454,-0.012217305,JERKING,efafd309f206
1775670496030,1060681381810494,-0.8643068,-9.9790325,0.7589619,-0.027488936,0.029932396,-0.009773844,JERKING,efafd309f206
1775670496038,1060681389806731,-0.80924016,-9.991004,0.7445967,-0.02443461,0.021991149,-0.008552114,JERKING,efafd309f206
1775670496046,1060681397802507,-0.7661445,-9.993398,0.7302315,-0.02443461,0.01282817,-0.004886922,JERKING,efafd309f206
1775670496054,1060681405698205,-0.7062895,-10.000581,0.7493851,-0.02443461,0.0061086523,-0.0036651916,JERKING,efafd309f206
1775670496062,1060681413793211,-0.641646,-9.998186,0.7589619,-0.025045475,0.0,-0.004276057,JERKING,efafd309f206
1775670496070,1060681421326525,-0.6703765,-10.000581,0.7541735,-0.026267206,-0.004886922,-0.004886922,JERKING,efafd309f206
1775670496078,1060681429717532,-0.7015011,-9.991004,0.7589619,-0.021380283,-0.007941248,-0.0061086523,JERKING,efafd309f206
1775670496086,1060681437779461,-0.7637503,-9.983821,0.7422025,-0.02076942,-0.014049901,-0.007941248,JERKING,efafd309f206
1775670496094,1060681445806851,-0.8283938,-9.974244,0.7398083,-0.016493361,-0.016493361,-0.010995574,JERKING,efafd309f206
1775670496102,1060681453802780,-0.90261406,-9.94312,0.6991069,-0.015882496,-0.021380283,-0.009162978,JERKING,efafd309f206
1775670496110,1060681461797248,-0.93852705,-9.947908,0.6847417,-0.012217305,-0.02443461,-0.009773844,JERKING,efafd309f206
1775670496118,1060681469761870,-0.9648633,-9.964667,0.6871359,-0.010995574,-0.023823744,-0.0061086523,JERKING,efafd309f206
1775670496126,1060681477790799,-0.93613285,-9.981427,0.6847417,-0.005497787,-0.02443461,-0.004886922,JERKING,efafd309f206
1775670496134,1060681485815113,-0.89064306,-9.998186,0.6775591,-0.0030543262,-0.02321288,-0.0036651916,JERKING,efafd309f206
1775670496142,1060681493811427,-0.85473,-10.007763,0.6679823,6.1086525E-4,-0.02321288,-0.0012217305,JERKING,efafd309f206
1775670496150,1060681501292971,-0.8379706,-9.983821,0.6919243,0.0018325958,-0.02565634,0.0,JERKING,efafd309f206
1775670496158,1060681509800671,-0.80924016,-9.998186,0.6847417,0.0036651916,-0.028099801,-0.0012217305,JERKING,efafd309f206
1775670496166,1060681517799215,-0.7685388,-9.97185,0.7158663,0.0036651916,-0.031154128,6.1086525E-4,JERKING,efafd309f206
1775670496174,1060681525793067,-0.7422025,-10.005369,0.7015011,0.005497787,-0.035430185,6.1086525E-4,JERKING,efafd309f206
1775670496182,1060681533721612,-0.7637503,-10.012551,0.6991069,0.004886922,-0.04337143,-0.0012217305,JERKING,efafd309f206
1775670496190,1060681541784695,-0.7445967,-10.038888,0.6799533,0.004276057,-0.047647487,6.1086525E-4,JERKING,efafd309f206
1775670496198,1060681549780393,-0.7685388,-10.04607,0.6631939,0.002443461,-0.04886922,-0.0012217305,JERKING,efafd309f206
1775670496206,1060681557807554,-0.78529817,-10.048465,0.641646,6.1086525E-4,-0.049480084,-0.0018325958,JERKING,efafd309f206
1775670496214,1060681565801945,-0.79248077,-10.043676,0.63206923,0.0018325958,-0.047036625,-0.0012217305,JERKING,efafd309f206
1775670496222,1060681573797643,-0.80924016,-10.055647,0.62967503,-0.0012217305,-0.04886922,-0.002443461,JERKING,efafd309f206
1775670496230,1060681581410572,-0.8355764,-10.065224,0.6584055,-0.0012217305,-0.04337143,-0.0012217305,JERKING,efafd309f206
1775670496238,1060681589789347,-0.8331822,-10.053253,0.6560113,-0.002443461,-0.044593163,-0.002443461,JERKING,efafd309f206
1775670496246,1060681597804124,-0.8283938,-10.053253,0.6727707,0.0,-0.039095376,-0.002443461,JERKING,efafd309f206
1775670496254,1060681605809437,-0.81163436,-10.024523,0.6847417,0.0018325958,-0.03604105,-0.0030543262,JERKING,efafd309f206
1775670496262,1060681613804828,-0.82121116,-10.024523,0.6871359,0.0030543262,-0.035430185,-0.0030543262,JERKING,efafd309f206
1775670496270,1060681621801757,-0.7757214,-9.995792,0.6607997,0.0030543262,-0.036651913,-0.0030543262,JERKING,efafd309f206
1775670496278,1060681629796225,-0.78290397,-10.014946,0.6584055,0.0018325958,-0.03604105,-0.0036651916,JERKING,efafd309f206
1775670496286,1060681637793384,-0.7781156,-10.024523,0.6584055,0.0012217305,-0.034208454,-0.0036651916,JERKING,efafd309f206
1775670496294,1060681645787545,-0.7565677,-10.036493,0.6464345,6.1086525E-4,-0.029932396,-0.004276057,JERKING,efafd309f206
1775670496790,1060682141845455,-0.7493851,-9.995792,0.9552865,0.012217305,0.062308256,0.0,JERKING,efafd309f206
1775670496798,1060682149871597,-0.7589619,-10.000581,0.9528923,0.013439035,0.061086524,6.1086525E-4,JERKING,efafd309f206
1775670496806,1060682157836740,-0.7589619,-10.012551,0.94810385,0.01160644,0.059253927,0.0,JERKING,efafd309f206
1775670496814,1060682165832191,-0.770933,-9.983821,0.91937345,0.013439035,0.0580322,-0.0018325958,JERKING,efafd309f206
1775670496822,1060682173743257,-0.7565677,-9.97185,0.9576807,0.01282817,0.057421334,0.0,JERKING,efafd309f206
1775670496830,1060682181738015,-0.80445176,-9.962274,0.9648633,0.014049901,0.058643065,-0.0012217305,JERKING,efafd309f206
1775670496838,1060682189436081,-0.82121116,-9.928755,0.9552865,0.016493361,0.05681047,-0.0018325958,JERKING,efafd309f206
1775670496846,1060682197729685,-0.8355764,-9.962274,0.9552865,0.020158553,0.058643065,-0.0012217305,JERKING,efafd309f206
1775670496854,1060682205723213,-0.8738836,-9.938332,0.91697925,0.025045475,0.0580322,0.0,JERKING,efafd309f206
1775670496862,1060682213750587,-0.8882488,-9.981427,0.8834604,0.028099801,0.059864793,0.0018325958,JERKING,efafd309f206
1775670496870,1060682221745037,-0.8738836,-10.012551,0.8499416,0.029321533,0.059864793,0.0036651916,JERKING,efafd309f206
1775670496878,1060682229740641,-0.878672,-10.031705,0.8762778,0.028710667,0.06352998,0.0036651916,JERKING,efafd309f206
1775670496886,1060682237738554,-0.8499416,-10.067618,0.85473,0.029321533,0.057421334,0.005497787,JERKING,efafd309f206
1775670496894,1060682245734542,-0.8283938,-10.053253,0.8714894,0.028099801,0.05497787,0.004276057,JERKING,efafd309f206
1775670496902,1060682253729915,-0.79248077,-10.04607,0.8738836,0.02687807,0.049480084,0.0067195175,JERKING,efafd309f206
1775670496910,1060682261726443,-0.7398083,-10.0508585,0.866701,0.022602014,0.044593163,0.0067195175,JERKING,efafd309f206
1775670496918,1060682269752047,-0.7015011,-10.04607,0.8331822,0.020158553,0.035430185,0.008552114,JERKING,efafd309f206
1775670496926,1060682277747728,-0.6967127,-10.070012,0.81402856,0.015882496,0.031154128,0.008552114,JERKING,efafd309f206
1775670496934,1060682285388257,-0.6919243,-10.084377,0.81163436,0.014049901,0.031154128,0.0061086523,JERKING,efafd309f206
1775670496942,1060682293736630,-0.7158663,-10.055647,0.81642276,0.01282817,0.032375857,0.004276057,JERKING,efafd309f206
1775670496950,1060682301732849,-0.7302315,-10.043676,0.842759,0.008552114,0.03176499,0.004276057,JERKING,efafd309f206
1775670496958,1060682309729454,-0.770933,-10.007763,0.8571242,0.007330383,0.02687807,0.0,JERKING,efafd309f206
1775670496966,1060682317725212,-0.78050977,-9.995792,0.8571242,0.009773844,0.02321288,0.0,JERKING,efafd309f206
1775670496974,1060682325748816,-0.78769237,-10.000581,0.8619126,0.01038471,0.020158553,-0.002443461,JERKING,efafd309f206
1775670496982,1060682333744805,-0.78050977,-10.024523,0.8523358,0.008552114,0.017104227,0.0,JERKING,efafd309f206
1775670496990,1060682341740564,-0.7757214,-10.036493,0.8619126,0.007941248,0.012217305,0.0,JERKING,efafd309f206
1775670496998,1060682349735629,-0.7637503,-10.031705,0.8714894,0.0067195175,0.0030543262,6.1086525E-4,JERKING,efafd309f206
1775670497006,1060682357733771,-0.7278373,-10.010158,0.8690952,0.005497787,-0.0030543262,0.002443461,JERKING,efafd309f206
1775670497014,1060682365728530,-0.7302315,-10.0341,0.866701,0.0067195175,-0.009773844,0.0030543262,JERKING,efafd309f206
1775670497022,1060682373748211,-0.7254431,-10.04607,0.79487497,0.008552114,-0.018325957,0.0018325958,JERKING,efafd309f206
1775670497030,1060682381718585,-0.7062895,-10.072407,0.7517793,0.007941248,-0.021991149,0.0030543262,JERKING,efafd309f206
1775670497038,1060682389330652,-0.6823475,-10.089166,0.7757214,0.0030543262,-0.023823744,0.002443461,JERKING,efafd309f206
1775670497046,1060682397742563,-0.6607997,-10.079589,0.79248077,-0.0012217305,-0.02565634,0.0030543262,JERKING,efafd309f206
1775670497054,1060682405735475,-0.6560113,-10.043676,0.8283938,-0.004886922,-0.023823744,0.002443461,JERKING,efafd309f206
1775670497062,1060682413731772,-0.6871359,-10.014946,0.866701,-0.010995574,-0.023823744,0.0,JERKING,efafd309f206
1775670497070,1060682421726837,-0.7493851,-9.993398,0.90500826,-0.014049901,-0.021380283,-6.1086525E-4,JERKING,efafd309f206
1775670497078,1060682429752750,-0.80684596,-10.010158,0.93613285,-0.013439035,-0.018325957,-6.1086525E-4,JERKING,efafd309f206
1775670497086,1060682437749662,-0.878672,-10.012551,0.93134445,-0.01282817,-0.014049901,-0.0030543262,JERKING,efafd309f206
1775670497094,1060682445746188,-0.9528923,-10.031705,0.94092125,-0.01160644,-0.012217305,-0.0018325958,JERKING,efafd309f206
1775670497102,1060682453742485,-0.9935937,-10.06283,0.93852705,-0.01160644,-0.01038471,-0.0030543262,JERKING,efafd309f206
1775670497110,1060682461735474,-1.0031705,-10.053253,0.91697925,-0.01038471,-0.008552114,-0.0012217305,JERKING,efafd309f206
1775670497118,1060682469732386,-0.9840169,-10.067618,0.93852705,-0.01160644,-0.0061086523,-6.1086525E-4,JERKING,efafd309f206
1775670497126,1060682477728606,-0.9720459,-10.048465,0.9696517,-0.01282817,-0.0012217305,-6.1086525E-4,JERKING,efafd309f206
1775670497134,1060682485367442,-0.9600749,-10.031705,0.9696517,-0.015271631,0.0036651916,-0.0018325958,JERKING,efafd309f206
1775670497142,1060682493225816,-0.92176765,-9.981427,0.9792285,-0.015882496,0.010995574,0.0,JERKING,efafd309f206
1775670497150,1060682501746727,-0.92655605,-9.974244,0.9600749,-0.01282817,0.020158553,-6.1086525E-4,JERKING,efafd309f206
1775670497158,1060682509759716,-0.91697925,-9.974244,0.90740246,-0.013439035,0.023823744,0.0018325958,JERKING,efafd309f206
1775670497166,1060682517736628,-0.90261406,-9.974244,0.89782566,-0.01282817,0.031154128,0.0018325958,JERKING,efafd309f206
1775670497174,1060682525730386,-0.8690952,-10.014946,0.89064306,-0.01282817,0.032986723,0.0036651916,JERKING,efafd309f206
1775670497182,1060682533727683,-0.8475474,-10.000581,0.89303726,-0.009773844,0.036651913,0.002443461,JERKING,efafd309f206
1775670497190,1060682541721749,-0.79726917,-9.967062,0.91937345,-0.0061086523,0.036651913,0.0012217305,JERKING,efafd309f206
1775670497198,1060682549747660,-0.7589619,-9.9550905,0.94092125,-0.0012217305,0.035430185,6.1086525E-4,JERKING,efafd309f206
1775670498006,1060683357847158,-0.79966336,-9.969456,0.89782566,0.0036651916,0.032986723,0.0012217305,JERKING,efafd309f206
1775670498014,1060683365812301,-0.7781156,-9.969456,0.8882488,0.0036651916,0.032986723,0.0012217305,JERKING,efafd309f206
1775670498022,1060683373838444,-0.79008657,-9.962274,0.8882488,0.0036651916,0.032986723,0.0012217305,JERKING,efafd309f206
1775670498030,1060683381833894,-0.770933,-9.962274,0.8834604,0.0036651916,0.032986723,0.0012217305,JERKING,efafd309f206
1775670498038,1060683389860037,-0.78050977,-9.967062,0.89303726,0.0036651916,0.032986723,0.0012217305,JERKING,efafd309f206
1775670498046,1060683397800334,-0.80684596,-9.983821,0.8834604,0.0036651916,0.032986723,0.0012217305,JERKING,efafd309f206
1775670498054,1060683405735323,-0.78769237,-10.01734,0.89303726,0.0036651916,0.032986723,0.0012217305,JERKING,efafd309f206
1775670498062,1060683413730158,-0.78769237,-10.065224,0.8762778,0.0036651916,0.032986723,0.0012217305,JERKING,efafd309f206
1775670498070,1060683421728224,-0.79248077,-10.058042,0.90261406,0.0036651916,0.032986723,0.0012217305,JERKING,efafd309f206
1775670498078,1060683429934059,-0.79966336,-10.067618,0.866701,0.0036651916,0.032986723,0.0012217305,JERKING,efafd309f206
1775670498086,1060683437749741,-0.81402856,-10.04607,0.8571242,0.004276057,-0.009162978,0.002443461,JERKING,efafd309f206
1775670498094,1060683445711576,-0.81163436,-10.041282,0.81163436,0.002443461,-0.007941248,0.004276057,JERKING,efafd309f206
1775670498102,1060683453738334,-0.82599956,-10.036493,0.8403648,0.0030543262,-0.005497787,0.0036651916,JERKING,efafd309f206
1775670498110,1060683461735631,-0.81402856,-10.022128,0.80924016,0.004276057,-0.002443461,0.0018325958,JERKING,efafd309f206
1775670498118,1060683469729389,-0.8619126,-10.0029745,0.78769237,0.0036651916,0.0,-6.1086525E-4,JERKING,efafd309f206
1775670498126,1060683477726377,-0.8619126,-9.983821,0.79248077,0.002443461,6.1086525E-4,-0.0012217305,JERKING,efafd309f206
1775670498134,1060683485750981,-0.878672,-9.998186,0.80924016,0.004276057,-6.1086525E-4,-6.1086525E-4,JERKING,efafd309f206
1775670498142,1060683493748432,-0.8643068,-10.0029745,0.79966336,0.0012217305,0.0018325958,-6.1086525E-4,JERKING,efafd309f206
1775670498150,1060683501742575,-0.8619126,-10.048465,0.842759,0.0030543262,0.004276057,0.0012217305,JERKING,efafd309f206
1775670498158,1060683509738872,-0.8379706,-10.019734,0.8619126,0.002443461,0.0061086523,6.1086525E-4,JERKING,efafd309f206
1775670498166,1060683517759168,-0.842759,-10.041282,0.8499416,0.004886922,0.0061086523,0.0018325958,JERKING,efafd309f206
1775670498174,1060683525731157,-0.830788,-10.024523,0.8762778,0.004276057,0.0036651916,6.1086525E-4,JERKING,efafd309f206
1775670498182,1060683533725300,-0.78769237,-10.036493,0.8523358,0.002443461,-6.1086525E-4,6.1086525E-4,JERKING,efafd309f206
1775670498190,1060683541720751,-0.7733272,-10.029311,0.8571242,0.0018325958,-0.004276057,0.0018325958,JERKING,efafd309f206
1775670498198,1060683549802509,-0.7493851,-10.036493,0.8738836,0.0,-0.007941248,0.0030543262,JERKING,efafd309f206
1775670498206,1060683557745267,-0.7302315,-10.038888,0.8834604,-0.002443461,-0.01038471,0.0012217305,JERKING,efafd309f206
1775670498214,1060683565707179,-0.7398083,-10.0508585,0.89064306,-0.004886922,-0.010995574,6.1086525E-4,JERKING,efafd309f206
1775670498222,1060683573733938,-0.7613561,-10.04607,0.90500826,-0.0061086523,-0.01160644,-0.002443461,JERKING,efafd309f206
1775670498230,1060683581729541,-0.7565677,-10.024523,0.92895025,-0.0061086523,-0.01038471,-0.0036651916,JERKING,efafd309f206
1775670498238,1060683589727145,-0.79487497,-10.000581,0.9528923,-0.0061086523,-0.014049901,-0.004276057,JERKING,efafd309f206
1775670498246,1060683597752288,-0.81163436,-9.993398,0.9504981,-0.0061086523,-0.017104227,-0.0030543262,JERKING,efafd309f206
1775670498254,1060683605747739,-0.81881696,-9.983821,0.92655605,-0.0030543262,-0.017715093,-0.0036651916,JERKING,efafd309f206
1775670498262,1060683613743112,-0.8283938,-9.988609,0.89064306,-0.0036651916,-0.018936822,-0.0012217305,JERKING,efafd309f206
1775670498270,1060683621740025,-0.82121116,-10.000581,0.90261406,-0.004886922,-0.020158553,-0.0018325958,JERKING,efafd309f206
1775670498278,1060683629732244,-0.85473,-9.991004,0.8738836,-0.0036651916,-0.018936822,-0.0012217305,JERKING,efafd309f206
1775670498286,1060683637730079,-0.8571242,-10.029311,0.8475474,-0.004276057,-0.014660766,-0.0018325958,JERKING,efafd309f206
1775670498294,1060683645724530,-0.8595184,-10.024523,0.8571242,-0.004276057,-0.012217305,-0.0018325958,JERKING,efafd309f206
1775670498302,1060683653750442,-0.8643068,-10.043676,0.866701,-0.007941248,-0.01282817,-0.004276057,JERKING,efafd309f206
1775670498310,1060683661748277,-0.8475474,-10.081984,0.90740246,-0.009773844,-0.01038471,-0.0036651916,JERKING,efafd309f206
1775670498318,1060683669741497,-0.8595184,-10.079589,0.92176765,-0.01282817,-0.008552114,-0.004886922,JERKING,efafd309f206
1775670498326,1060683677739331,-0.8619126,-10.070012,0.9528923,-0.015882496,-0.007941248,-0.005497787,JERKING,efafd309f206
1775670498334,1060683685731936,-0.8619126,-10.0508585,0.9600749,-0.018325957,-0.0018325958,-0.004886922,JERKING,efafd309f206
1775670498342,1060683693729386,-0.8882488,-10.022128,0.9720459,-0.019547688,-0.0018325958,-0.004886922,JERKING,efafd309f206
1775670498350,1060683701724144,-0.91458505,-10.0029745,0.94570965,-0.02076942,6.1086525E-4,-0.005497787,JERKING,efafd309f206
1775670498358,1060683709749980,-0.90500826,-9.967062,0.93373865,-0.022602014,0.0012217305,-0.004886922,JERKING,efafd309f206
1775670498366,1060683717748430,-0.90740246,-9.94312,0.94570965,-0.021991149,0.004886922,-0.004886922,JERKING,efafd309f206
1775670498374,1060683725741650,-0.90261406,-9.933543,0.90740246,-0.019547688,0.0061086523,-0.0036651916,JERKING,efafd309f206
1775670498383,1060683734040716,-0.90500826,-9.935937,0.89064306,-0.015882496,0.01038471,-0.0018325958,JERKING,efafd309f206
1775670498390,1060683741733320,-0.90979666,-9.97185,0.8834604,-0.014049901,0.013439035,-0.0030543262,JERKING,efafd309f206
1775670498398,1060683749729309,-0.90021986,-9.983821,0.8738836,-0.01160644,0.018325957,-0.004276057,JERKING,efafd309f206
1775670498406,1060683757726529,-0.8858546,-10.053253,0.8690952,-0.010995574,0.017104227,-0.002443461,JERKING,efafd309f206
1775670498414,1060683765751210,-0.8595184,-10.070012,0.90261406,-0.01160644,0.018325957,-0.002443461,JERKING,efafd309f206
1775670498422,1060683773746199,-0.8355764,-10.0987425,0.90979666,-0.01282817,0.018325957,-0.0018325958,JERKING,efafd309f206
1775670499246,1060684597750368,-0.842759,-10.0029745,0.8810662,-0.014660766,0.021380283,-0.0030543262,JERKING,efafd309f206
1775670499254,1060684605831279,-0.8571242,-10.014946,0.8882488,-0.007941248,-0.010995574,-0.0012217305,JERKING,efafd309f206
1775670499262,1060684613857422,-0.8619126,-10.024523,0.89782566,-0.009162978,-0.009773844,-6.1086525E-4,JERKING,efafd309f206
1775670499270,1060684621853027,-0.878672,-10.060435,0.8810662,-0.009773844,-0.009773844,0.0,JERKING,efafd309f206
1775670499278,1060684629731862,-0.8834604,-10.043676,0.866701,-0.008552114,-0.01160644,0.0,JERKING,efafd309f206
1775670499286,1060684637730005,-0.89064306,-10.024523,0.85473,-0.0067195175,-0.01160644,0.0,JERKING,efafd309f206
1775670499294,1060684645723224,-0.89064306,-10.029311,0.80924016,-0.0067195175,-0.008552114,0.0,JERKING,efafd309f206
1775670499302,1060684653750829,-0.8858546,-9.998186,0.82121116,-0.007941248,-0.007330383,-0.0012217305,JERKING,efafd309f206
1775670499310,1060684661744049,-0.8738836,-10.000581,0.82121116,-0.008552114,-0.0018325958,-6.1086525E-4,JERKING,efafd309f206
1775670499318,1060684669740345,-0.8882488,-9.998186,0.80924016,-0.0061086523,0.0036651916,-0.0018325958,JERKING,efafd309f206
1775670499326,1060684677736103,-0.90021986,-10.000581,0.82121116,-0.007330383,0.010995574,-0.002443461,JERKING,efafd309f206
1775670499334,1060684685731169,-0.8858546,-10.005369,0.80445176,-0.007330383,0.015882496,-0.0012217305,JERKING,efafd309f206
1775670499342,1060684693728697,-0.93373865,-10.0269165,0.79726917,-0.0061086523,0.015271631,-6.1086525E-4,JERKING,efafd309f206
1775670499350,1060684701723994,-0.90740246,-10.043676,0.79487497,-0.004276057,0.019547688,6.1086525E-4,JERKING,efafd309f206
1775670499358,1060684709751366,-0.89543146,-10.067618,0.7637503,-0.0036651916,0.02076942,-6.1086525E-4,JERKING,efafd309f206
1775670499366,1060684717746124,-0.8451532,-10.060435,0.7350199,-0.004276057,0.02321288,0.0,JERKING,efafd309f206
1775670499374,1060684725740575,-0.82360536,-10.058042,0.7206547,-0.007941248,0.025045475,0.0012217305,JERKING,efafd309f206
1775670499382,1060684733223334,-0.79008657,-10.067618,0.6991069,-0.012217305,0.02687807,0.0018325958,JERKING,efafd309f206
1775670499390,1060684741695399,-0.7469909,-10.070012,0.6991069,-0.015882496,0.02687807,0.0030543262,JERKING,efafd309f206
1775670499398,1060684749726157,-0.7326257,-10.065224,0.6775591,-0.016493361,0.029321533,0.0018325958,JERKING,efafd309f206
1775670499406,1060684757723993,-0.7278373,-10.053253,0.6775591,-0.019547688,0.029321533,0.0,JERKING,efafd309f206
1775670499414,1060684765750366,-0.7445967,-10.043676,0.6775591,-0.022602014,0.028099801,-0.0012217305,JERKING,efafd309f206
1775670499422,1060684773743586,-0.7469909,-10.038888,0.7015011,-0.02443461,0.023823744,0.0,JERKING,efafd309f206
1775670499430,1060684781795344,-0.7302315,-9.988609,0.7302315,-0.025045475,0.018936822,-0.0018325958,JERKING,efafd309f206
1775670499438,1060684789736487,-0.7445967,-9.976639,0.7781156,-0.023823744,0.012217305,-0.004276057,JERKING,efafd309f206
1775670499446,1060684797732169,-0.7254431,-9.962274,0.7685388,-0.015882496,0.01160644,-0.004886922,JERKING,efafd309f206
1775670499454,1060684805232850,-0.7230489,-9.94312,0.79008657,-0.009773844,0.0061086523,-0.004276057,JERKING,efafd309f206
1775670499462,1060684813723299,-0.7254431,-9.931149,0.8355764,-0.004886922,0.0030543262,-0.005497787,JERKING,efafd309f206
1775670499470,1060684821717673,-0.7374141,-9.92636,0.878672,-6.1086525E-4,0.0,-0.0036651916,JERKING,efafd309f206
1775670499478,1060684829745047,-0.7469909,-9.931149,0.89064306,0.004276057,-0.0036651916,-0.004276057,JERKING,efafd309f206
1775670499486,1060684837740805,-0.770933,-9.950302,0.90261406,0.008552114,-0.004886922,-0.002443461,JERKING,efafd309f206
1775670499494,1060684845384103,-0.79726917,-9.964667,0.90261406,0.012217305,-0.010995574,-0.0030543262,JERKING,efafd309f206
1775670499502,1060684853731552,-0.8499416,-9.993398,0.8762778,0.01160644,-0.014660766,0.0,JERKING,efafd309f206
1775670499510,1060684861234235,-0.89543146,-9.986216,0.866701,0.01160644,-0.019547688,0.0012217305,JERKING,efafd309f206
1775670499518,1060684869723146,-0.92655605,-10.022128,0.80924016,0.014660766,-0.020158553,0.0012217305,JERKING,efafd309f206
1775670499526,1060684877749904,-0.9504981,-10.065224,0.7565677,0.010995574,-0.018936822,0.0018325958,JERKING,efafd309f206
1775670499534,1060684885745278,-0.9816227,-10.0748005,0.7182605,0.007941248,-0.009162978,0.0012217305,JERKING,efafd309f206
1775670499542,1060684893739420,-0.9672575,-10.067618,0.7182605,0.0061086523,0.0,0.0018325958,JERKING,efafd309f206
1775670499550,1060684901734486,-0.9552865,-10.084377,0.7134721,0.0061086523,0.010995574,6.1086525E-4,JERKING,efafd309f206
1775670499558,1060684909755474,-0.90979666,-10.077195,0.7350199,0.0061086523,0.021380283,0.0012217305,JERKING,efafd309f206
1775670499566,1060684917727156,-0.8595184,-10.067618,0.7445967,0.004276057,0.031154128,0.002443461,JERKING,efafd309f206
1775670499574,1060684925746760,-0.8403648,-10.0508585,0.7757214,6.1086525E-4,0.03848451,0.002443461,JERKING,efafd309f206
1775670499582,1060684933716903,-0.7757214,-10.031705,0.7757214,0.0018325958,0.04153884,0.002443461,JERKING,efafd309f206
1775670499590,1060684941743123,-0.7326257,-10.005369,0.7757214,-6.1086525E-4,0.036651913,0.0030543262,JERKING,efafd309f206
1775670499598,1060684949737804,-0.7015011,-10.0029745,0.7781156,-0.0018325958,0.032986723,0.0030543262,JERKING,efafd309f206
1775670499606,1060684957737255,-0.6775591,-9.991004,0.7733272,-0.0012217305,0.026267206,0.0036651916,JERKING,efafd309f206
1775670499614,1060684965748244,-0.6536171,-9.981427,0.7445967,-0.0018325958,0.02443461,0.0018325958,JERKING,efafd309f206
1775670499622,1060684973727310,-0.63206923,-10.019734,0.7733272,-0.0018325958,0.02076942,0.0018325958,JERKING,efafd309f206
1775670499630,1060684981723606,-0.6560113,-9.998186,0.7613561,0.0012217305,0.012217305,6.1086525E-4,JERKING,efafd309f206
1775670499638,1060684989749518,-0.6703765,-10.005369,0.7661445,0.004886922,0.007941248,0.0,JERKING,efafd309f206
1775670499646,1060684997745507,-0.6991069,-10.019734,0.770933,0.004276057,0.0,-0.0018325958,JERKING,efafd309f206
1775670499654,1060685005737804,-0.7038953,-10.0029745,0.79248077,0.004276057,-0.004886922,0.0018325958,JERKING,efafd309f206
1775670500478,1060685829859126,-0.8379706,-9.940725,0.82360536,0.0030543262,-0.007941248,6.1086525E-4,JERKING,efafd309f206
1775670500486,1060685837854807,-0.878672,-9.962274,0.80684596,-0.0012217305,0.0,-0.004886922,JERKING,efafd309f206
1775670500494,1060685845819950,-0.8858546,-9.986216,0.80205756,-0.002443461,-0.0012217305,-0.0036651916,JERKING,efafd309f206
1775670500502,1060685853881862,-0.90979666,-10.012551,0.79966336,-6.1086525E-4,-0.005497787,-0.002443461,JERKING,efafd309f206
1775670500510,1060685861725159,-0.90740246,-10.0269165,0.79726917,-6.1086525E-4,-0.005497787,-0.0012217305,JERKING,efafd309f206
1775670500518,1060685869720532,-0.90500826,-10.036493,0.79726917,-0.0018325958,-0.007330383,0.0,JERKING,efafd309f206
1775670500526,1060685877745752,-0.878672,-10.048465,0.8355764,-0.002443461,-0.008552114,0.002443461,JERKING,efafd309f206
1775670500534,1060685885741203,-0.8858546,-10.041282,0.8523358,-0.0030543262,-0.009162978,0.002443461,JERKING,efafd309f206
1775670500542,1060685893737422,-0.8643068,-10.053253,0.866701,-0.0018325958,-0.007941248,0.004276057,JERKING,efafd309f206
1775670500550,1060685901732873,-0.8643068,-10.000581,0.8810662,0.0,-0.008552114,0.0036651916,JERKING,efafd309f206
1775670500558,1060685909729170,-0.8571242,-9.998186,0.89543146,-0.0018325958,-0.0067195175,0.0036651916,JERKING,efafd309f206
1775670500566,1060685917723928,-0.8714894,-10.019734,0.8882488,-0.0030543262,-0.007330383,0.0036651916,JERKING,efafd309f206
1775670500574,1060685925721378,-0.8738836,-10.014946,0.8810662,-0.004276057,-0.007330383,0.002443461,JERKING,efafd309f206
1775670500582,1060685933745675,-0.8762778,-10.022128,0.8810662,-0.004276057,-0.0030543262,0.0030543262,JERKING,efafd309f206
1775670500590,1060685941740817,-0.8882488,-10.007763,0.8714894,-0.002443461,-6.1086525E-4,0.0,JERKING,efafd309f206
1775670500598,1060685949738652,-0.90021986,-9.976639,0.8810662,-6.1086525E-4,0.005497787,-6.1086525E-4,JERKING,efafd309f206
1775670500606,1060685957733718,-0.89303726,-10.01734,0.878672,-6.1086525E-4,0.008552114,-0.0036651916,JERKING,efafd309f206
1775670500614,1060685965729399,-0.91458505,-10.014946,0.8690952,0.0012217305,0.012217305,-0.004276057,JERKING,efafd309f206
1775670500622,1060685973725312,-0.89782566,-10.022128,0.8762778,0.002443461,0.015882496,-0.0030543262,JERKING,efafd309f206
1775670500630,1060685981721608,-0.89543146,-10.029311,0.8714894,0.004276057,0.018936822,-0.0018325958,JERKING,efafd309f206
1775670500638,1060685989745597,-0.8690952,-10.012551,0.8714894,0.0036651916,0.021991149,-0.0012217305,JERKING,efafd309f206
1775670500646,1060685997742817,-0.8451532,-10.024523,0.8595184,0.002443461,0.022602014,-0.002443461,JERKING,efafd309f206
1775670500654,1060686005738498,-0.81881696,-10.022128,0.8690952,-6.1086525E-4,0.021380283,0.0018325958,JERKING,efafd309f206
1775670500662,1060686013733026,-0.79487497,-10.012551,0.8595184,-6.1086525E-4,0.02321288,6.1086525E-4,JERKING,efafd309f206
1775670500670,1060686021731169,-0.78050977,-10.012551,0.85473,-0.0018325958,0.020158553,0.0018325958,JERKING,efafd309f206
1775670500678,1060686029724081,-0.7661445,-10.005369,0.8379706,-0.0030543262,0.020158553,0.0012217305,JERKING,efafd309f206
1775670500686,1060686037722454,-0.7781156,-10.022128,0.8379706,-0.0030543262,0.018936822,0.0018325958,JERKING,efafd309f206
1775670500694,1060686045747135,-0.7685388,-10.024523,0.8283938,-0.002443461,0.016493361,6.1086525E-4,JERKING,efafd309f206
1775670500702,1060686053740893,-0.78290397,-10.022128,0.8379706,-6.1086525E-4,0.013439035,-0.0012217305,JERKING,efafd309f206
1775670500710,1060686061736882,-0.7661445,-10.01734,0.842759,-6.1086525E-4,0.01160644,-0.0012217305,JERKING,efafd309f206
1775670500718,1060686069175718,-0.7685388,-10.01734,0.8283938,6.1086525E-4,0.0061086523,0.0,JERKING,efafd309f206
1775670500726,1060686077728860,-0.7565677,-10.005369,0.80445176,0.0,0.002443461,-6.1086525E-4,JERKING,efafd309f206
1775670500734,1060686085723080,-0.7541735,-10.010158,0.81642276,0.0,-6.1086525E-4,6.1086525E-4,JERKING,efafd309f206
1775670500742,1060686093720530,-0.7422025,-10.022128,0.81642276,0.0012217305,-0.0030543262,-6.1086525E-4,JERKING,efafd309f206
1775670500750,1060686101389519,-0.7565677,-10.0269165,0.80924016,6.1086525E-4,-0.0030543262,-0.0018325958,JERKING,efafd309f206
1775670500758,1060686109215894,-0.7685388,-10.022128,0.79726917,0.0,-0.004276057,-6.1086525E-4,JERKING,efafd309f206
1775670500766,1060686117270959,-0.78769237,-10.022128,0.79966336,-0.0012217305,-0.005497787,-0.002443461,JERKING,efafd309f206
1775670500774,1060686125732487,-0.770933,-10.04607,0.80684596,0.0012217305,-0.004276057,-0.0012217305,JERKING,efafd309f206
1775670500782,1060686133752860,-0.79008657,-10.0341,0.82360536,-0.0030543262,-0.01038471,0.0012217305,JERKING,efafd309f206
1775670500790,1060686141723003,-0.80924016,-10.029311,0.82360536,-0.004276057,-0.009162978,-6.1086525E-4,JERKING,efafd309f206
1775670500798,1060686149718376,-0.82121116,-10.0269165,0.8451532,-0.0067195175,-0.01282817,0.0,JERKING,efafd309f206
1775670500806,1060686157716826,-0.81402856,-10.029311,0.8714894,-0.0061086523,-0.01160644,0.002443461,JERKING,efafd309f206
1775670500814,1060686165741969,-0.82121116,-10.0341,0.8714894,-0.009162978,-0.010995574,6.1086525E-4,JERKING,efafd309f206
1775670500822,1060686173737420,-0.8523358,-10.04607,0.8762778,-0.009773844,-0.01038471,6.1086525E-4,JERKING,efafd309f206
1775670500830,1060686181733024,-0.866701,-10.043676,0.8882488,-0.01038471,-0.009773844,-6.1086525E-4,JERKING,efafd309f206
1775670500838,1060686189726321,-0.89064306,-10.036493,0.91697925,-0.010995574,-0.0067195175,-0.0012217305,JERKING,efafd309f206
1775670500846,1060686197723156,-0.89303726,-10.041282,0.90500826,-0.01038471,-0.008552114,-0.0012217305,JERKING,efafd309f206
1775670500854,1060686205718299,-0.90021986,-10.010158,0.89543146,-0.007330383,-0.0030543262,6.1086525E-4,JERKING,efafd309f206
1775670500862,1060686213745288,-0.89303726,-10.005369,0.8810662,-0.0067195175,-0.0030543262,-0.0030543262,JERKING,efafd309f206
1775670500870,1060686221741661,-0.90021986,-9.986216,0.8451532,-0.0067195175,-0.0030543262,-0.0030543262,JERKING,efafd309f206
1775670500878,1060686229735804,-0.866701,-9.981427,0.8523358,-0.005497787,0.0,-0.002443461,JERKING,efafd309f206
1775670500886,1060686237732640,-0.8690952,-9.974244,0.842759,-0.004886922,0.004886922,-0.0012217305,JERKING,efafd309f206
1775670501702,1060687053856510,-0.90021986,-10.019734,0.8379706,-0.0067195175,0.012217305,-0.0036651916,JERKING,efafd309f206
1775670501710,1060687061821653,-0.90740246,-10.053253,0.8571242,-0.0067195175,0.012217305,-0.0036651916,JERKING,efafd309f206
1775670501718,1060687069817104,-0.93613285,-10.0748005,0.8858546,-0.0067195175,0.012217305,-0.0036651916,JERKING,efafd309f206
1775670501726,1060687077789631,-0.93852705,-10.0748005,0.90261406,-0.0067195175,0.012217305,-0.0036651916,JERKING,efafd309f206
1775670501734,1060687085723467,-0.92416185,-10.077195,0.8882488,-0.0067195175,0.012217305,-0.0036651916,JERKING,efafd309f206
1775670501742,1060687093718840,-0.92655605,-10.060435,0.89303726,-0.0067195175,0.012217305,-0.0036651916,JERKING,efafd309f206
1775670501750,1060687101743752,-0.90500826,-10.036493,0.8834604,-0.0067195175,0.012217305,-0.0036651916,JERKING,efafd309f206
1775670501758,1060687109812837,-0.90021986,-10.01734,0.8810662,-0.0067195175,0.012217305,-0.0036651916,JERKING,efafd309f206
1775670501766,1060687117809847,-0.8738836,-10.005369,0.866701,-0.0067195175,0.012217305,-0.0036651916,JERKING,efafd309f206
1775670501774,1060687125806397,-0.85473,-10.005369,0.8690952,-0.0067195175,0.012217305,-0.0036651916,JERKING,efafd309f206
1775670501782,1060687133800869,-0.8619126,-9.993398,0.8571242,-0.0067195175,0.016493361,-0.0018325958,JERKING,efafd309f206
1775670501790,1060687141223109,-0.830788,-9.988609,0.8403648,-0.0067195175,0.020158553,-0.0030543262,JERKING,efafd309f206
1775670501798,1060687149792660,-0.8379706,-9.974244,0.8571242,-0.004886922,0.02443461,-0.0012217305,JERKING,efafd309f206
1775670501806,1060687157817593,-0.81881696,-9.97185,0.842759,-0.0036651916,0.026267206,-0.002443461,JERKING,efafd309f206
1775670501814,1060687165814757,-0.8283938,-9.969456,0.8403648,-0.0012217305,0.032375857,-0.004886922,JERKING,efafd309f206
1775670501822,1060687173810230,-0.8331822,-9.974244,0.80924016,6.1086525E-4,0.034208454,-0.0036651916,JERKING,efafd309f206
1775670501830,1060687181804394,-0.8475474,-9.957485,0.81642276,0.002443461,0.036651913,-0.0061086523,JERKING,efafd309f206
1775670501838,1060687189800097,-0.85473,-9.986216,0.79008657,0.0061086523,0.037873644,-0.004276057,JERKING,efafd309f206
1775670501846,1060687197334492,-0.8499416,-10.010158,0.80205756,0.0036651916,0.037873644,-0.0030543262,JERKING,efafd309f206
1775670501854,1060687205790888,-0.82599956,-10.012551,0.79966336,0.005497787,0.03481932,-0.002443461,JERKING,efafd309f206
1775670501862,1060687213748745,-0.8283938,-10.01734,0.80445176,0.009773844,0.03848451,-0.0018325958,JERKING,efafd309f206
1775670501870,1060687221783447,-0.80924016,-10.058042,0.78290397,0.008552114,0.040317107,-0.0018325958,JERKING,efafd309f206
1775670501878,1060687229833920,-0.82121116,-10.053253,0.7757214,0.009773844,0.040927973,6.1086525E-4,JERKING,efafd309f206
1775670501886,1060687237806623,-0.79248077,-10.058042,0.7781156,0.009162978,0.040317107,0.0012217305,JERKING,efafd309f206
1775670501894,1060687245446325,-0.7589619,-10.043676,0.81163436,0.010995574,0.040317107,0.0018325958,JERKING,efafd309f206
1775670501902,1060687253795567,-0.7637503,-10.029311,0.7661445,0.008552114,0.03726278,0.002443461,JERKING,efafd309f206
1775670501910,1060687261790962,-0.7589619,-10.019734,0.7565677,0.009773844,0.032375857,0.0030543262,JERKING,efafd309f206
1775670501918,1060687269842588,-0.7422025,-10.012551,0.7469909,0.010995574,0.030543262,6.1086525E-4,JERKING,efafd309f206
1775670501926,1060687277783522,-0.7326257,-9.995792,0.7374141,0.01038471,0.028099801,0.0018325958,JERKING,efafd309f206
1775670501934,1060687285808455,-0.7469909,-9.991004,0.7038953,0.010995574,0.028710667,6.1086525E-4,JERKING,efafd309f206
1775670501942,1060687293773082,-0.7350199,-10.012551,0.6991069,0.012217305,0.028099801,0.0018325958,JERKING,efafd309f206
1775670501950,1060687301825093,-0.7469909,-10.014946,0.7038953,0.010995574,0.030543262,-0.0018325958,JERKING,efafd309f206
1775670501958,1060687309796795,-0.770933,-10.014946,0.6991069,0.012217305,0.027488936,-0.0018325958,JERKING,efafd309f206
1775670501966,1060687317330113,-0.7589619,-10.024523,0.7015011,0.01160644,0.026267206,-0.002443461,JERKING,efafd309f206
1775670501974,1060687325323354,-0.7589619,-10.01734,0.6967127,0.014049901,0.026267206,-0.0030543262,JERKING,efafd309f206
1775670501982,1060687333813135,-0.7733272,-10.024523,0.7086837,0.01038471,0.022602014,-0.002443461,JERKING,efafd309f206
1775670501990,1060687341808300,-0.7733272,-10.0341,0.7086837,0.01038471,0.017104227,-0.0018325958,JERKING,efafd309f206
1775670501998,1060687349804233,-0.7733272,-10.048465,0.6919243,0.008552114,0.016493361,-0.0012217305,JERKING,efafd309f206
1775670502006,1060687357800321,-0.79008657,-10.055647,0.7230489,0.0067195175,0.014660766,-0.0018325958,JERKING,efafd309f206
1775670502014,1060687365795409,-0.770933,-10.077195,0.7302315,0.0067195175,0.013439035,-0.0012217305,JERKING,efafd309f206
1775670502022,1060687373792034,-0.79008657,-10.065224,0.7374141,0.0067195175,0.01282817,-0.002443461,JERKING,efafd309f206
1775670502030,1060687381842199,-0.79966336,-10.0508585,0.7541735,0.004886922,0.01282817,-0.0018325958,JERKING,efafd309f206
1775670502038,1060687389782440,-0.79726917,-10.04607,0.7757214,0.0036651916,0.01160644,-0.002443461,JERKING,efafd309f206
1775670502046,1060687397811143,-0.81881696,-10.06283,0.80445176,0.0030543262,0.013439035,-0.0030543262,JERKING,efafd309f206
1775670502054,1060687405803077,-0.80684596,-10.036493,0.81163436,0.002443461,0.01160644,-0.0030543262,JERKING,efafd309f206
1775670502062,1060687413800395,-0.80205756,-10.022128,0.8451532,0.0018325958,0.014049901,-0.0030543262,JERKING,efafd309f206
1775670502070,1060687421793637,-0.81163436,-10.005369,0.8571242,0.0012217305,0.01282817,-0.0030543262,JERKING,efafd309f206
1775670502078,1060687429822263,-0.81402856,-9.993398,0.89064306,0.002443461,0.012217305,-0.0018325958,JERKING,efafd309f206
1775670502086,1060687437817888,-0.8475474,-9.976639,0.8882488,0.0036651916,0.010995574,-0.0036651916,JERKING,efafd309f206
1775670502094,1060687445812746,-0.842759,-9.964667,0.92895025,0.0036651916,0.010995574,-0.0036651916,JERKING,efafd309f206
1775670502102,1060687453807756,-0.878672,-9.974244,0.8810662,0.005497787,0.013439035,-0.0018325958,JERKING,efafd309f206
1775670502110,1060687461802844,-0.8762778,-9.976639,0.89064306,0.0067195175,0.012217305,-0.0030543262,JERKING,efafd309f206
1775670502926,1060688277931082,-0.7278373,-10.060435,0.7757214,0.0061086523,0.012217305,-0.0018325958,JERKING,efafd309f206
1775670502934,1060688285926709,-0.7493851,-10.053253,0.7661445,0.007330383,0.013439035,-0.0018325958,JERKING,efafd309f206
1775670502942,1060688293891719,-0.7517793,-10.036493,0.7757214,0.007330383,0.013439035,-0.0018325958,JERKING,efafd309f206
1775670502950,1060688301917884,-0.7613561,-10.014946,0.78290397,0.007330383,0.013439035,-0.0018325958,JERKING,efafd309f206
1775670502958,1060688309883048,-0.81163436,-9.998186,0.78050977,0.007330383,0.013439035,-0.0018325958,JERKING,efafd309f206
1775670502966,1060688317792982,-0.80924016,-9.9790325,0.78769237,0.007330383,0.013439035,-0.0018325958,JERKING,efafd309f206
1775670502974,1060688325818531,-0.79487497,-9.974244,0.79487497,0.007330383,0.013439035,-0.0018325958,JERKING,efafd309f206
1775670502982,1060688333827464,-0.79726917,-9.964667,0.81642276,0.007330383,0.013439035,-0.0018325958,JERKING,efafd309f206
1775670502990,1060688341810552,-0.79008657,-9.964667,0.79966336,0.007330383,0.013439035,-0.0018325958,JERKING,efafd309f206
1775670502998,1060688349804717,-0.81163436,-9.983821,0.81642276,0.007330383,0.013439035,-0.0018325958,JERKING,efafd309f206
1775670503006,1060688357801881,-0.80924016,-10.000581,0.81163436,0.0036651916,0.012217305,0.0018325958,JERKING,efafd309f206
1775670503014,1060688365797969,-0.80445176,-10.0269165,0.8451532,0.002443461,0.008552114,0.0036651916,JERKING,efafd309f206
1775670503022,1060688373791749,-0.81163436,-10.041282,0.8619126,0.002443461,0.007330383,0.004886922,JERKING,efafd309f206
1775670503030,1060688381818297,-0.79966336,-10.043676,0.8690952,0.002443461,0.008552114,0.004276057,JERKING,efafd309f206
1775670503038,1060688389815155,-0.79726917,-10.053253,0.8762778,0.0036651916,0.0067195175,0.004276057,JERKING,efafd309f206
1775670503046,1060688397811780,-0.79487497,-10.058042,0.85473,0.004886922,0.004276057,0.004886922,JERKING,efafd309f206
1775670503054,1060688405805406,-0.79966336,-10.0508585,0.82121116,0.0061086523,0.0036651916,0.004276057,JERKING,efafd309f206
1775670503062,1060688413826033,-0.81163436,-10.024523,0.80924016,0.0061086523,0.002443461,0.0036651916,JERKING,efafd309f206
1775670503070,1060688421796427,-0.81402856,-10.014946,0.7757214,0.0067195175,0.004886922,0.0036651916,JERKING,efafd309f206
1775670503078,1060688429791515,-0.80205756,-9.993398,0.7589619,0.0067195175,0.002443461,0.0018325958,JERKING,efafd309f206
1775670503086,1060688437820833,-0.80924016,-10.007763,0.7781156,0.0067195175,0.005497787,0.002443461,JERKING,efafd309f206
1775670503094,1060688445812767,-0.79008657,-9.995792,0.7637503,0.0061086523,0.004886922,0.0030543262,JERKING,efafd309f206
1775670503102,1060688453810624,-0.78529817,-10.01734,0.7637503,0.0061086523,0.004276057,0.004886922,JERKING,efafd309f206
1775670503110,1060688461805096,-0.78769237,-10.010158,0.7757214,0.004886922,0.0018325958,0.004886922,JERKING,efafd309f206
1775670503118,1060688469802030,-0.78529817,-10.019734,0.7661445,0.004276057,-6.1086525E-4,0.0036651916,JERKING,efafd309f206
1775670503126,1060688477796887,-0.78290397,-10.010158,0.7613561,0.0030543262,-0.0036651916,0.002443461,JERKING,efafd309f206
1775670503134,1060688485822128,-0.80684596,-10.014946,0.7613561,0.002443461,-0.0036651916,6.1086525E-4,JERKING,efafd309f206
1775670503142,1060688493819370,-0.82360536,-10.014946,0.78050977,0.0012217305,-0.0030543262,0.0012217305,JERKING,efafd309f206
1775670503150,1060688501815380,-0.8331822,-10.019734,0.79248077,0.0018325958,-0.0036651916,0.0,JERKING,efafd309f206
1775670503158,1060688509810391,-0.8523358,-10.038888,0.80924016,0.0030543262,-0.0030543262,-0.0030543262,JERKING,efafd309f206
1775670503166,1060688517806786,-0.8738836,-10.038888,0.81163436,0.0012217305,-0.0030543262,-0.002443461,JERKING,efafd309f206
1775670503174,1060688525800027,-0.8882488,-10.058042,0.80924016,0.0030543262,-0.005497787,-6.1086525E-4,JERKING,efafd309f206
1775670503182,1060688533797808,-0.8858546,-10.0341,0.8283938,0.0012217305,-0.005497787,6.1086525E-4,JERKING,efafd309f206
1775670503190,1060688541793203,-0.8499416,-10.0269165,0.8379706,0.0012217305,-0.007330383,0.002443461,JERKING,efafd309f206
1775670503198,1060688549873521,-0.8403648,-10.024523,0.81881696,0.002443461,-0.0067195175,0.0018325958,JERKING,efafd309f206
1775670503206,1060688557815378,-0.842759,-10.005369,0.81881696,0.004276057,-0.005497787,0.0018325958,JERKING,efafd309f206
1775670503214,1060688565809311,-0.8403648,-10.029311,0.82121116,0.0030543262,-0.004886922,0.0012217305,JERKING,efafd309f206
1775670503222,1060688573804399,-0.8403648,-10.010158,0.82121116,0.0,-0.004886922,0.0,JERKING,efafd309f206
1775670503230,1060688581802872,-0.8523358,-9.998186,0.8475474,0.0,-0.005497787,0.0036651916,JERKING,efafd309f206
1775670503238,1060688589797651,-0.8403648,-10.000581,0.8475474,0.0,-0.0036651916,0.0012217305,JERKING,efafd309f206
1775670503246,1060688597824431,-0.82599956,-9.995792,0.8451532,0.0,-0.002443461,6.1086525E-4,JERKING,efafd309f206
1775670503254,1060688605788364,-0.8403648,-10.010158,0.8571242,6.1086525E-4,-0.0036651916,-6.1086525E-4,JERKING,efafd309f206
1775670503262,1060688613813683,-0.85473,-9.993398,0.85473,0.0,-0.0018325958,-6.1086525E-4,JERKING,efafd309f206
1775670503270,1060688621809386,-0.8762778,-10.010158,0.8690952,0.0012217305,-0.002443461,-6.1086525E-4,JERKING,efafd309f206
1775670503278,1060688629829704,-0.8619126,-10.024523,0.8834604,0.0,-0.004886922,6.1086525E-4,JERKING,efafd309f206
1775670503286,1060688637802023,-0.8762778,-10.038888,0.90021986,0.0012217305,-0.004886922,6.1086525E-4,JERKING,efafd309f206
1775670503294,1060688645796803,-0.8858546,-10.077195,0.90740246,-0.0012217305,-0.0067195175,0.002443461,JERKING,efafd309f206
1775670503302,1060688653790044,-0.866701,-10.084377,0.90500826,-0.0036651916,-0.009773844,0.0030543262,JERKING,efafd309f206
1775670503310,1060688661818362,-0.8499416,-10.0748005,0.92895025,-0.004276057,-0.009773844,0.004276057,JERKING,efafd309f206
1775670503318,1060688669813988,-0.8283938,-10.060435,0.91697925,-0.005497787,-0.009162978,0.002443461,JERKING,efafd309f206
1775670503326,1060688677809691,-0.82121116,-10.041282,0.91458505,-0.005497787,-0.009162978,0.002443461,JERKING,efafd309f206
1775670503334,1060688685806625,-0.81881696,-10.022128,0.91219085,-0.0061086523,-0.007330383,0.0018325958,JERKING,efafd309f206
1775670503342,1060688693799635,-0.79008657,-10.005369,0.90740246,-0.007330383,-0.0067195175,6.1086525E-4,JERKING,efafd309f206
1775670504158,1060689509927414,-0.8882488,-10.029311,0.8738836,-0.009162978,-0.004886922,0.0012217305,JERKING,efafd309f206
1775670504166,1060689517922885,-0.8714894,-10.01734,0.8762778,-0.009162978,-0.004276057,6.1086525E-4,JERKING,efafd309f206
1775670504174,1060689525918588,-0.8882488,-10.012551,0.878672,-0.009162978,-0.004276057,6.1086525E-4,JERKING,efafd309f206
1775670504182,1060689533883522,-0.8810662,-10.000581,0.8571242,-0.009162978,-0.004276057,6.1086525E-4,JERKING,efafd309f206
1775670504190,1060689541885302,-0.85473,-9.988609,0.8331822,-0.009162978,-0.004276057,6.1086525E-4,JERKING,efafd309f206
1775670504198,1060689549819236,-0.8619126,-9.986216,0.8283938,-0.009162978,-0.004276057,6.1086525E-4,JERKING,efafd309f206
1775670504206,1060689557816707,-0.8403648,-9.995792,0.82360536,-0.009162978,-0.004276057,6.1086525E-4,JERKING,efafd309f206
1775670504215,1060689566083872,-0.8619126,-9.986216,0.80924016,-0.009162978,-0.004276057,6.1086525E-4,JERKING,efafd309f206
1775670504222,1060689573806959,-0.842759,-9.998186,0.80684596,-0.009162978,-0.004276057,6.1086525E-4,JERKING,efafd309f206
1775670504230,1060689581801124,-0.8379706,-9.993398,0.78529817,-0.009162978,-0.004276057,6.1086525E-4,JERKING,efafd309f206
1775670504238,1060689589798981,-0.8355764,-9.986216,0.7757214,0.0036651916,0.02321288,6.1086525E-4,JERKING,efafd309f206
1775670504246,1060689597795607,-0.80924016,-10.007763,0.7637503,0.0018325958,0.021991149,6.1086525E-4,JERKING,efafd309f206
1775670504254,1060689605818618,-0.79726917,-10.005369,0.770933,-6.1086525E-4,0.018936822,6.1086525E-4,JERKING,efafd309f206
1775670504262,1060689613815935,-0.78290397,-10.005369,0.7781156,-0.002443461,0.016493361,0.0,JERKING,efafd309f206
1775670504270,1060689621811331,-0.79726917,-10.031705,0.78769237,-0.0012217305,0.013439035,0.0018325958,JERKING,efafd309f206
1775670504278,1060689629807265,-0.770933,-10.019734,0.7565677,6.1086525E-4,0.007941248,0.0012217305,JERKING,efafd309f206
1775670504286,1060689637804198,-0.7781156,-10.022128,0.7422025,-0.0012217305,0.0061086523,0.0018325958,JERKING,efafd309f206
1775670504294,1060689645798440,-0.78769237,-10.041282,0.7493851,-0.0036651916,0.002443461,0.0018325958,JERKING,efafd309f206
1775670504302,1060689653824528,-0.7733272,-10.031705,0.7613561,-0.0061086523,-0.002443461,-6.1086525E-4,JERKING,efafd309f206
1775670504310,1060689661818769,-0.7757214,-10.038888,0.7685388,-0.004886922,-0.0036651916,6.1086525E-4,JERKING,efafd309f206
1775670504318,1060689669814780,-0.81402856,-10.036493,0.770933,-0.0036651916,-0.0067195175,6.1086525E-4,JERKING,efafd309f206
1775670504326,1060689677811405,-0.80684596,-10.024523,0.7541735,-0.0036651916,-0.007330383,6.1086525E-4,JERKING,efafd309f206
1775670504334,1060689685806493,-0.79726917,-10.019734,0.7565677,-0.0030543262,-0.012217305,0.0,JERKING,efafd309f206
1775670504342,1060689693826504,-0.78769237,-10.005369,0.7685388,-0.005497787,-0.018936822,6.1086525E-4,JERKING,efafd309f206
1775670504350,1060689701798822,-0.79008657,-10.0029745,0.7637503,-0.004886922,-0.021380283,0.0,JERKING,efafd309f206
1775670504358,1060689709878756,-0.78769237,-10.041282,0.7493851,-0.004886922,-0.020158553,-0.0012217305,JERKING,efafd309f206
1775670504366,1060689717789921,-0.81881696,-10.036493,0.7254431,-0.005497787,-0.023823744,-0.002443461,JERKING,efafd309f206
1775670504374,1060689725813931,-0.80445176,-10.0341,0.7422025,-0.008552114,-0.021991149,-0.004276057,JERKING,efafd309f206
1775670504382,1060689733458864,-0.79966336,-10.0341,0.7757214,-0.01160644,-0.02443461,-0.002443461,JERKING,efafd309f206
1775670504390,1060689741805644,-0.81642276,-10.012551,0.7565677,-0.015271631,-0.021991149,-0.0036651916,JERKING,efafd309f206
1775670504398,1060689749803732,-0.81881696,-9.981427,0.7589619,-0.014049901,-0.020158553,-0.004886922,JERKING,efafd309f206
1775670504406,1060689757798589,-0.8595184,-9.9790325,0.7422025,-0.014660766,-0.017715093,-0.004276057,JERKING,efafd309f206
1775670504414,1060689765848061,-0.8643068,-9.9790325,0.7685388,-0.015271631,-0.015882496,-0.0036651916,JERKING,efafd309f206
1775670504422,1060689773787841,-0.89543146,-9.981427,0.7493851,-0.01282817,-0.016493361,-0.0030543262,JERKING,efafd309f206
1775670504430,1060689781815236,-0.8882488,-9.995792,0.7158663,-0.01038471,-0.015271631,-0.0018325958,JERKING,efafd309f206
1775670504438,1060689789810939,-0.8714894,-10.0269165,0.7134721,-0.009162978,-0.014049901,0.0,JERKING,efafd309f206
1775670504446,1060689797807796,-0.8571242,-10.04607,0.7469909,-0.008552114,-0.012217305,6.1086525E-4,JERKING,efafd309f206
1775670504454,1060689805802883,-0.80924016,-10.070012,0.78290397,-0.0061086523,-0.0061086523,6.1086525E-4,JERKING,efafd309f206
1775670504462,1060689813798356,-0.79008657,-10.0508585,0.81642276,-0.0036651916,-0.0067195175,-0.0018325958,JERKING,efafd309f206
1775670504470,1060689821792444,-0.7781156,-10.048465,0.8571242,-0.002443461,-0.007941248,0.0,JERKING,efafd309f206
1775670504478,1060689829843531,-0.78769237,-10.0508585,0.8355764,-6.1086525E-4,-0.016493361,0.0,JERKING,efafd309f206
1775670504486,1060689837815542,-0.78529817,-10.058042,0.830788,-0.007941248,-0.02565634,-6.1086525E-4,JERKING,efafd309f206
1775670504494,1060689845834705,-0.80445176,-10.024523,0.8403648,-0.0067195175,-0.025045475,-6.1086525E-4,JERKING,efafd309f206
1775670504502,1060689853775640,-0.81163436,-9.998186,0.81402856,-0.008552114,-0.027488936,0.0,JERKING,efafd309f206
1775670504510,1060689861800497,-0.82360536,-10.024523,0.79487497,-0.009162978,-0.023823744,-0.0018325958,JERKING,efafd309f206
1775670504518,1060689869796891,-0.8858546,-10.012551,0.7517793,-0.008552114,-0.018936822,-0.0036651916,JERKING,efafd309f206
1775670504526,1060689877823595,-0.91458505,-9.995792,0.7134721,-0.0061086523,-0.013439035,-0.004276057,JERKING,efafd309f206
1775670504534,1060689885787606,-0.92416185,-10.022128,0.7158663,-0.004886922,-0.007330383,-0.0036651916,JERKING,efafd309f206
1775670504542,1060689893815308,-0.93134445,-10.024523,0.7110779,-0.007941248,-0.007330383,-0.0036651916,JERKING,efafd309f206
1775670504550,1060689901811704,-0.93373865,-9.998186,0.7134721,-0.007330383,-0.004276057,-0.0036651916,JERKING,efafd309f206
1775670504558,1060689909805868,-0.90740246,-9.991004,0.7278373,-0.007330383,-0.004276057,-0.0036651916,JERKING,efafd309f206
1775670504566,1060689917803648,-0.8690952,-9.995792,0.7254431,-0.007941248,-0.0030543262,-0.0018325958,JERKING,efafd309f206
1775670505398,1060690749888754,-0.7685388,-10.055647,0.7278373,-0.0061086523,0.007941248,-6.1086525E-4,JERKING,efafd309f206
1775670505406,1060690757914919,-0.7757214,-10.022128,0.7326257,-0.0061086523,0.007941248,-6.1086525E-4,JERKING,efafd309f206
1775670505414,1060690765910391,-0.7541735,-10.005369,0.7230489,-0.0061086523,0.007941248,-6.1086525E-4,JERKING,efafd309f206
1775670505422,1060690773821709,-0.78529817,-9.998186,0.7038953,-0.0061086523,0.007941248,-6.1086525E-4,JERKING,efafd309f206
1775670505430,1060690781815874,-0.7637503,-9.986216,0.6871359,-0.0061086523,0.007941248,-6.1086525E-4,JERKING,efafd309f206
1775670505438,1060690789812576,-0.7613561,-9.959879,0.6775591,-0.0061086523,0.007941248,-6.1086525E-4,JERKING,efafd309f206
1775670505446,1060690797807587,-0.7637503,-9.9790325,0.6775591,-0.0061086523,0.007941248,-6.1086525E-4,JERKING,efafd309f206
1775670505454,1060690805801521,-0.7661445,-9.9790325,0.641646,-0.0061086523,0.007941248,-6.1086525E-4,JERKING,efafd309f206
1775670505462,1060690813797147,-0.7685388,-9.993398,0.6703765,-0.0061086523,0.007941248,-6.1086525E-4,JERKING,efafd309f206
1775670505470,1060690821824850,-0.78769237,-10.022128,0.6631939,-0.0061086523,0.007941248,-6.1086525E-4,JERKING,efafd309f206
1775670505478,1060690829819399,-0.80684596,-10.0341,0.6727707,-0.009162978,0.004276057,-0.0012217305,JERKING,efafd309f206
1775670505486,1060690837817486,-0.8283938,-10.058042,0.6943185,-0.009773844,0.0036651916,-6.1086525E-4,JERKING,efafd309f206
1775670505494,1060690845810497,-0.8355764,-10.067618,0.7062895,-0.009162978,0.0018325958,-0.0018325958,JERKING,efafd309f206
1775670505502,1060690853808046,-0.8283938,-10.096349,0.7206547,-0.009773844,-0.002443461,0.0,JERKING,efafd309f206
1775670505510,1060690861802134,-0.8379706,-10.101137,0.7565677,-0.010995574,-0.005497787,-6.1086525E-4,JERKING,efafd309f206
1775670505518,1060690869799068,-0.82599956,-10.081984,0.7757214,-0.013439035,-0.005497787,-6.1086525E-4,JERKING,efafd309f206
1775670505526,1060690877824616,-0.82360536,-10.072407,0.7589619,-0.014049901,-0.0061086523,-0.0030543262,JERKING,efafd309f206
1775670505534,1060690885820627,-0.80924016,-10.038888,0.79008657,-0.016493361,-0.0061086523,-0.0012217305,JERKING,efafd309f206
1775670505542,1060690893816023,-0.80684596,-9.998186,0.8283938,-0.018936822,-0.007941248,-0.0036651916,JERKING,efafd309f206
1775670505550,1060690901810187,-0.80684596,-9.957485,0.82599956,-0.020158553,-0.004276057,-0.004276057,JERKING,efafd309f206
1775670505558,1060690909808659,-0.8355764,-9.945514,0.81402856,-0.017104227,-0.0067195175,-0.0018325958,JERKING,efafd309f206
1775670505566,1060690917794516,-0.85473,-9.947908,0.80924016,-0.015271631,-0.0036651916,-0.0030543262,JERKING,efafd309f206
1775670505574,1060690925797911,-0.8738836,-9.957485,0.79248077,-0.013439035,-0.0067195175,-6.1086525E-4,JERKING,efafd309f206
1775670505582,1060690933823230,-0.8714894,-9.952697,0.79248077,-0.01282817,-0.004276057,-0.0012217305,JERKING,efafd309f206
1775670505590,1060690941790240,-0.8810662,-9.962274,0.78290397,-0.009162978,-0.0036651916,-0.0012217305,JERKING,efafd309f206
1775670505598,1060690949815174,-0.866701,-9.988609,0.79966336,-0.0067195175,-0.002443461,-0.0012217305,JERKING,efafd309f206
1775670505606,1060690957866262,-0.8595184,-9.998186,0.80445176,-0.0030543262,-0.0018325958,6.1086525E-4,JERKING,efafd309f206
1775670505614,1060690965775811,-0.85473,-10.041282,0.7733272,-0.002443461,-0.0012217305,0.0,JERKING,efafd309f206
1775670505622,1060690973826975,-0.8403648,-10.060435,0.78290397,-0.002443461,-0.0030543262,6.1086525E-4,JERKING,efafd309f206
1775670505630,1060690981798293,-0.8379706,-10.06283,0.78529817,-0.0030543262,0.0,-6.1086525E-4,JERKING,efafd309f206
1775670505638,1060690989824458,-0.8403648,-10.072407,0.78050977,-0.004276057,0.0,-0.0036651916,JERKING,efafd309f206
1775670505646,1060690997387853,-0.82360536,-10.058042,0.78529817,-0.005497787,-0.0018325958,-0.0018325958,JERKING,efafd309f206
1775670505654,1060691005816171,-0.82360536,-10.029311,0.78529817,-0.009162978,-0.004276057,-0.0012217305,JERKING,efafd309f206
1775670505662,1060691013810029,-0.81402856,-10.0269165,0.7733272,-0.01038471,-0.0061086523,-6.1086525E-4,JERKING,efafd309f206
1775670505670,1060691021805808,-0.81881696,-10.014946,0.7637503,-0.009773844,-0.005497787,0.0012217305,JERKING,efafd309f206
1775670505678,1060691029802742,-0.8379706,-10.01734,0.7493851,-0.01160644,-0.004886922,6.1086525E-4,JERKING,efafd309f206
1775670505686,1060691037799907,-0.8451532,-10.0029745,0.7445967,-0.012217305,-0.0030543262,0.0,JERKING,efafd309f206
1775670505694,1060691045824532,-0.830788,-9.993398,0.7469909,-0.009773844,-0.004276057,0.0012217305,JERKING,efafd309f206
1775670505702,1060691053821466,-0.830788,-9.9790325,0.7182605,-0.008552114,-0.004276057,0.0018325958,JERKING,efafd309f206
1775670505710,1060691061816016,-0.81163436,-9.995792,0.7182605,-0.007330383,-0.0018325958,0.0018325958,JERKING,efafd309f206
1775670505718,1060691069809564,-0.80684596,-9.9790325,0.6919243,-0.0061086523,-0.0012217305,0.0036651916,JERKING,efafd309f206
1775670505726,1060691077807421,-0.78769237,-9.988609,0.7038953,-0.005497787,0.002443461,0.002443461,JERKING,efafd309f206
1775670505734,1060691085801278,-0.79966336,-9.988609,0.7062895,-0.0030543262,0.002443461,0.002443461,JERKING,efafd309f206
1775670505742,1060691093798827,-0.79248077,-9.991004,0.7062895,6.1086525E-4,0.0018325958,0.0012217305,JERKING,efafd309f206
1775670505750,1060691101823453,-0.80445176,-9.986216,0.7158663,0.002443461,-0.002443461,0.0012217305,JERKING,efafd309f206
1775670505758,1060691109820310,-0.81163436,-10.029311,0.6847417,0.0030543262,-0.007330383,0.002443461,JERKING,efafd309f206
1775670505766,1060691117817551,-0.79966336,-10.065224,0.6775591,0.0012217305,-0.012217305,0.0030543262,JERKING,efafd309f206
1775670505774,1060691125810254,-0.78290397,-10.077195,0.6679823,0.0,-0.013439035,0.0030543262,JERKING,efafd309f206
1775670505782,1060691133804419,-0.78290397,-10.096349,0.6823475,-0.0036651916,-0.014049901,0.0018325958,JERKING,efafd309f206
1775670505790,1060691141802199,-0.7781156,-10.084377,0.6991069,-0.005497787,-0.014049901,0.0018325958,JERKING,efafd309f206
1775670505798,1060691149796978,-0.78769237,-10.09156,0.7038953,-0.009162978,-0.014660766,-0.0012217305,JERKING,efafd309f206
1775670505806,1060691157825297,-0.8331822,-10.072407,0.7086837,-0.01038471,-0.015271631,-0.002443461,JERKING,efafd309f206
1775670506622,1060691973919920,-0.8331822,-10.012551,0.7398083,0.01038471,-0.005497787,-0.0012217305,JERKING,efafd309f206
1775670506630,1060691981915393,-0.81163436,-10.010158,0.7110779,0.01038471,-0.005497787,-0.0012217305,JERKING,efafd309f206
1775670506638,1060691989941558,-0.80445176,-9.998186,0.7278373,0.01038471,-0.005497787,-0.0012217305,JERKING,efafd309f206
1775670506646,1060691997972875,-0.82360536,-9.981427,0.7254431,0.01038471,-0.005497787,-0.0012217305,JERKING,efafd309f206
1775670506654,1060692005815348,-0.82121116,-9.995792,0.7398083,0.01038471,-0.005497787,-0.0012217305,JERKING,efafd309f206
1775670506662,1060692013811666,-0.8499416,-10.014946,0.7422025,0.01038471,-0.005497787,-0.0012217305,JERKING,efafd309f206
1775670506670,1060692021606446,-0.8403648,-10.031705,0.7541735,0.01038471,-0.005497787,-0.0012217305,JERKING,efafd309f206
1775670506678,1060692029802533,-0.866701,-10.029311,0.7278373,0.01038471,-0.005497787,-0.0012217305,JERKING,efafd309f206
1775670506686,1060692037799390,-0.8643068,-10.022128,0.7374141,0.01038471,-0.005497787,-0.0012217305,JERKING,efafd309f206
1775670506694,1060692045825863,-0.8714894,-10.029311,0.7493851,0.01038471,-0.005497787,-0.0012217305,JERKING,efafd309f206
1775670506702,1060692053820642,-0.842759,-10.024523,0.7398083,0.007941248,-0.0030543262,0.0,JERKING,efafd309f206
1775670506710,1060692061243806,-0.8403648,-10.0269165,0.7254431,0.009162978,-0.0030543262,0.0,JERKING,efafd309f206
1775670506718,1060692069811510,-0.80924016,-10.031705,0.7517793,0.008552114,0.0018325958,0.0012217305,JERKING,efafd309f206
1775670506726,1060692077809597,-0.82121116,-10.010158,0.7493851,0.009162978,6.1086525E-4,0.002443461,JERKING,efafd309f206
1775670506734,1060692085802916,-0.81642276,-10.007763,0.7422025,0.009162978,-0.0030543262,6.1086525E-4,JERKING,efafd309f206
1775670506742,1060692093797310,-0.79966336,-10.012551,0.7278373,0.007330383,-0.005497787,0.0018325958,JERKING,efafd309f206
1775670506750,1060692101824090,-0.79726917,-10.005369,0.7350199,0.0067195175,-0.004886922,0.0018325958,JERKING,efafd309f206
1775670506758,1060692109820717,-0.78529817,-10.012551,0.7422025,0.0067195175,-0.002443461,6.1086525E-4,JERKING,efafd309f206
1775670506766,1060692117817650,-0.79008657,-10.014946,0.7469909,0.008552114,-0.0030543262,6.1086525E-4,JERKING,efafd309f206
1775670506774,1060692125812815,-0.80924016,-9.986216,0.7302315,0.008552114,-0.002443461,6.1086525E-4,JERKING,efafd309f206
1775670506782,1060692133806902,-0.81402856,-10.019734,0.7565677,0.009162978,-0.0030543262,0.0,JERKING,efafd309f206
1775670506790,1060692141858297,-0.8475474,-10.029311,0.7326257,0.009162978,-0.004276057,6.1086525E-4,JERKING,efafd309f206
1775670506798,1060692149798001,-0.8355764,-10.043676,0.7422025,0.009773844,-0.005497787,6.1086525E-4,JERKING,efafd309f206
1775670506806,1060692157368472,-0.8379706,-10.01734,0.7374141,0.009162978,-0.004886922,0.0,JERKING,efafd309f206
1775670506814,1060692165821406,-0.8403648,-10.014946,0.7517793,0.005497787,-0.009162978,0.0,JERKING,efafd309f206
1775670506822,1060692173840802,-0.8379706,-10.0341,0.7589619,0.007941248,-0.0067195175,0.0012217305,JERKING,efafd309f206
1775670506830,1060692181811966,-0.8355764,-10.007763,0.7733272,0.0061086523,-0.007941248,0.0,JERKING,efafd309f206
1775670506838,1060692189805823,-0.830788,-10.0269165,0.7685388,0.0067195175,-0.009162978,0.0,JERKING,efafd309f206
1775670506846,1060692197803987,-0.8355764,-10.014946,0.78290397,0.007330383,-0.008552114,-0.0012217305,JERKING,efafd309f206
1775670506854,1060692205797844,-0.842759,-10.01734,0.7398083,0.0067195175,-0.008552114,0.0018325958,JERKING,efafd309f206
1775670506862,1060692213823932,-0.830788,-10.019734,0.7469909,0.005497787,-0.009162978,0.0030543262,JERKING,efafd309f206
1775670506870,1060692221821481,-0.8499416,-10.0341,0.7350199,0.004886922,-0.0067195175,0.0012217305,JERKING,efafd309f206
1775670506878,1060692229815415,-0.81881696,-10.014946,0.7374141,0.004276057,-0.0061086523,0.0018325958,JERKING,efafd309f206
1775670506886,1060692237812041,-0.82121116,-10.019734,0.7422025,0.0030543262,-0.005497787,0.0018325958,JERKING,efafd309f206
1775670506894,1060692245806205,-0.8379706,-10.024523,0.7565677,0.0061086523,-0.0030543262,6.1086525E-4,JERKING,efafd309f206
1775670506902,1060692253803754,-0.8451532,-10.024523,0.7613561,0.0061086523,-0.0018325958,0.0018325958,JERKING,efafd309f206
1775670506910,1060692261799072,-0.85473,-10.022128,0.7613561,0.004276057,-0.002443461,-0.0012217305,JERKING,efafd309f206
1775670506918,1060692269823083,-0.8523358,-10.012551,0.7637503,0.0067195175,-0.0030543262,0.0018325958,JERKING,efafd309f206
1775670506926,1060692277821325,-0.8714894,-10.007763,0.7781156,0.0061086523,-6.1086525E-4,6.1086525E-4,JERKING,efafd309f206
1775670506934,1060692285815720,-0.8762778,-10.043676,0.7613561,0.0067195175,0.0012217305,0.0018325958,JERKING,efafd309f206
1775670506942,1060692293813269,-0.8714894,-10.014946,0.7781156,0.0061086523,0.0030543262,6.1086525E-4,JERKING,efafd309f206
1775670506950,1060692301806279,-0.878672,-10.029311,0.7733272,0.007330383,0.0030543262,-6.1086525E-4,JERKING,efafd309f206
1775670506958,1060692309801905,-0.866701,-10.031705,0.79248077,0.005497787,0.002443461,0.0018325958,JERKING,efafd309f206
1775670506966,1060692317853378,-0.8714894,-10.014946,0.7757214,0.004276057,6.1086525E-4,0.0012217305,JERKING,efafd309f206
1775670506974,1060692325793080,-0.866701,-10.036493,0.80445176,0.004276057,0.002443461,0.0030543262,JERKING,efafd309f206
1775670506982,1060692333819861,-0.8714894,-10.019734,0.79487497,0.0030543262,0.004276057,0.0036651916,JERKING,efafd309f206
1775670506990,1060692341814333,-0.8571242,-10.022128,0.7757214,0.0030543262,0.008552114,0.0030543262,JERKING,efafd309f206
1775670506998,1060692349811882,-0.8619126,-10.007763,0.7661445,0.004886922,0.01038471,0.0012217305,JERKING,efafd309f206
1775670507006,1060692357809046,-0.8690952,-10.01734,0.7541735,0.007330383,0.013439035,6.1086525E-4,JERKING,efafd309f206
1775670507014,1060692365801980,-0.8451532,-10.012551,0.7422025,0.007330383,0.013439035,6.1086525E-4,JERKING,efafd309f206
1775670507022,1060692373797683,-0.8451532,-10.0029745,0.7445967,0.007330383,0.016493361,6.1086525E-4,JERKING,efafd309f206
1775670507030,1060692381826309,-0.8355764,-10.022128,0.7733272,0.0067195175,0.015271631,0.0012217305,JERKING,efafd309f206
1775670507846,1060693197885958,-0.8355764,-10.029311,0.7541735,-0.0061086523,-0.004886922,0.0012217305,JERKING,efafd309f206
1775670507854,1060693205851113,-0.8595184,-10.0269165,0.7733272,-0.0067195175,-0.005497787,6.1086525E-4,JERKING,efafd309f206
1775670507862,1060693213877267,-0.866701,-10.0269165,0.7565677,-0.007330383,-0.0036651916,0.0030543262,JERKING,efafd309f206
1775670507870,1060693221903422,-0.8619126,-10.014946,0.7541735,-0.005497787,-0.0012217305,6.1086525E-4,JERKING,efafd309f206
1775670507878,1060693229843730,-0.8762778,-10.031705,0.7517793,-0.005497787,0.0,6.1086525E-4,JERKING,efafd309f206
1775670507886,1060693237779808,-0.878672,-9.988609,0.7493851,-0.004886922,0.0018325958,0.0,JERKING,efafd309f206
1775670507894,1060693245774500,-0.8834604,-9.998186,0.7613561,-0.004886922,0.0018325958,0.0,JERKING,efafd309f206
1775670507902,1060693253768732,-0.8762778,-10.000581,0.7685388,-0.004886922,0.0018325958,0.0,JERKING,efafd309f206
1775670507910,1060693261765039,-0.8738836,-10.005369,0.7637503,-0.004886922,0.0018325958,0.0,JERKING,efafd309f206
1775670507918,1060693269790886,-0.8810662,-9.986216,0.78769237,-0.004886922,0.0018325958,0.0,JERKING,efafd309f206
1775670507926,1060693277787733,-0.8762778,-9.986216,0.79008657,-0.002443461,0.0018325958,0.0,JERKING,efafd309f206
1775670507934,1060693285801348,-0.878672,-10.012551,0.80684596,-0.0012217305,0.0,-6.1086525E-4,JERKING,efafd309f206
1775670507942,1060693293778888,-0.8619126,-10.024523,0.80445176,0.0,-6.1086525E-4,-0.0012217305,JERKING,efafd309f206
1775670507950,1060693301772426,-0.8834604,-9.988609,0.80445176,0.0,-6.1086525E-4,0.0,JERKING,efafd309f206
1775670507958,1060693309768350,-0.90021986,-10.024523,0.79008657,0.002443461,0.0018325958,-6.1086525E-4,JERKING,efafd309f206
1775670507966,1060693317796119,-0.8882488,-10.019734,0.78050977,0.002443461,0.0012217305,-6.1086525E-4,JERKING,efafd309f206
1775670507974,1060693325791120,-0.90261406,-10.031705,0.7757214,0.0018325958,0.002443461,0.0,JERKING,efafd309f206
1775670507982,1060693333786197,-0.90261406,-10.0508585,0.79008657,0.0018325958,0.002443461,0.0012217305,JERKING,efafd309f206
1775670507990,1060693341267814,-0.90500826,-10.041282,0.78050977,0.0012217305,0.005497787,0.0012217305,JERKING,efafd309f206
1775670507998,1060693349777352,-0.90740246,-10.0341,0.7757214,0.0012217305,0.0067195175,0.0018325958,JERKING,efafd309f206
1775670508006,1060693357774892,-0.89543146,-10.06283,0.7517793,-0.0012217305,0.007330383,0.0018325958,JERKING,efafd309f206
1775670508014,1060693365793892,-0.8738836,-10.024523,0.7613561,-0.0012217305,0.01038471,0.0012217305,JERKING,efafd309f206
1775670508022,1060693373765893,-0.8643068,-10.031705,0.7517793,-0.0018325958,0.01160644,0.0018325958,JERKING,efafd309f206
1775670508030,1060693381815508,-0.8331822,-10.029311,0.7757214,-0.0036651916,0.01038471,0.002443461,JERKING,efafd309f206
1775670508038,1060693389756663,-0.81881696,-10.014946,0.7445967,-0.005497787,0.009773844,6.1086525E-4,JERKING,efafd309f206
1775670508046,1060693397784355,-0.81881696,-10.000581,0.7589619,-0.004886922,0.010995574,0.0012217305,JERKING,efafd309f206
1775670508054,1060693405776972,-0.81163436,-10.005369,0.7757214,-0.005497787,0.009162978,6.1086525E-4,JERKING,efafd309f206
1775670508062,1060693413775510,-0.81402856,-10.000581,0.7757214,-0.0067195175,0.009773844,-6.1086525E-4,JERKING,efafd309f206
1775670508070,1060693421275127,-0.81642276,-10.000581,0.7613561,-0.0067195175,0.009162978,-0.0012217305,JERKING,efafd309f206
1775670508078,1060693429308434,-0.8451532,-10.014946,0.7637503,-0.005497787,0.007941248,-6.1086525E-4,JERKING,efafd309f206
1775670508086,1060693437876358,-0.8571242,-10.024523,0.770933,-0.005497787,0.007330383,0.0,JERKING,efafd309f206
1775670508094,1060693445757666,-0.8619126,-10.012551,0.78529817,-0.005497787,0.005497787,-0.0012217305,JERKING,efafd309f206
1775670508102,1060693453781359,-0.8762778,-10.031705,0.79008657,-0.0061086523,0.005497787,-0.002443461,JERKING,efafd309f206
1775670508110,1060693461777975,-0.8738836,-10.014946,0.78769237,-0.0036651916,0.007330383,-0.0012217305,JERKING,efafd309f206
1775670508118,1060693469828130,-0.8810662,-10.014946,0.79008657,-0.004276057,0.005497787,-0.0012217305,JERKING,efafd309f206
1775670508126,1060693477768976,-0.90261406,-10.010158,0.79008657,-0.004276057,0.0061086523,-6.1086525E-4,JERKING,efafd309f206
1775670508134,1060693485409054,-0.90261406,-10.005369,0.79966336,-0.0030543262,0.005497787,-0.0012217305,JERKING,efafd309f206
1775670508142,1060693493215823,-0.89782566,-10.014946,0.79966336,-0.002443461,0.0036651916,-6.1086525E-4,JERKING,efafd309f206
1775670508150,1060693501400132,-0.89303726,-10.01734,0.7613561,-0.002443461,0.005497787,0.0018325958,JERKING,efafd309f206
1775670508158,1060693509256363,-0.8834604,-10.0029745,0.78050977,-0.004886922,0.0012217305,0.002443461,JERKING,efafd309f206
1775670508166,1060693517740748,-0.8714894,-10.007763,0.7541735,-0.0036651916,0.002443461,0.0012217305,JERKING,efafd309f206
1775670508174,1060693525772671,-0.8403648,-10.01734,0.7733272,-0.004276057,0.0030543262,0.002443461,JERKING,efafd309f206
1775670508182,1060693533415749,-0.85473,-10.024523,0.7565677,-0.0012217305,0.0036651916,0.0012217305,JERKING,efafd309f206
1775670508190,1060693541763749,-0.8499416,-10.029311,0.7422025,-0.0030543262,0.0061086523,6.1086525E-4,JERKING,efafd309f206
1775670508198,1060693549790827,-0.85473,-10.022128,0.7493851,-0.0061086523,0.004886922,-6.1086525E-4,JERKING,efafd309f206
1775670508206,1060693557787520,-0.85473,-10.029311,0.7541735,-0.004886922,0.0067195175,-0.0018325958,JERKING,efafd309f206
1775670508214,1060693565788136,-0.8858546,-10.022128,0.7517793,-0.0061086523,0.004276057,-6.1086525E-4,JERKING,efafd309f206
1775670508222,1060693573776059,-0.878672,-10.014946,0.7637503,-0.005497787,0.004886922,-6.1086525E-4,JERKING,efafd309f206
1775670508230,1060693581772060,-0.8834604,-10.01734,0.7661445,-0.008552114,0.004886922,-0.0030543262,JERKING,efafd309f206
1775670508238,1060693589769906,-0.89543146,-10.007763,0.7637503,-0.008552114,0.004886922,-0.0030543262,JERKING,efafd309f206
1775670508246,1060693597765061,-0.89303726,-10.022128,0.7781156,-0.0061086523,0.004886922,-0.002443461,JERKING,efafd309f206
1775670508254,1060693605788984,-0.90021986,-10.014946,0.7589619,-0.0067195175,0.005497787,-0.0012217305,JERKING,efafd309f206
1775670509078,1060694429880807,-0.8882488,-10.0269165,0.7374141,-0.0030543262,0.0067195175,-0.002443461,JERKING,efafd309f206
1775670509086,1060694437876423,-0.8834604,-10.038888,0.7469909,-0.0030543262,0.0067195175,-0.002443461,JERKING,efafd309f206
1775670509094,1060694445902578,-0.8810662,-10.019734,0.7422025,-0.0030543262,0.0067195175,-0.002443461,JERKING,efafd309f206
1775670509102,1060694453898039,-0.8475474,-10.048465,0.7517793,-0.0030543262,0.0067195175,-0.002443461,JERKING,efafd309f206
1775670509110,1060694461776733,-0.8619126,-10.055647,0.7685388,-0.0030543262,0.0067195175,-0.002443461,JERKING,efafd309f206
1775670509118,1060694469772733,-0.8451532,-10.0508585,0.7469909,-0.0030543262,0.0067195175,-0.002443461,JERKING,efafd309f206
1775670509126,1060694477194657,-0.8379706,-10.053253,0.7637503,-0.0030543262,0.0067195175,-0.002443461,JERKING,efafd309f206
1775670509134,1060694485763580,-0.8451532,-10.041282,0.7685388,-0.0030543262,0.0067195175,-0.002443461,JERKING,efafd309f206
1775670509142,1060694493790042,-0.81402856,-10.029311,0.7541735,-0.0030543262,0.0067195175,-0.002443461,JERKING,efafd309f206
1775670509150,1060694501788196,-0.80445176,-10.012551,0.7302315,-0.0030543262,0.0067195175,-0.002443461,JERKING,efafd309f206
1775670509158,1060694509779890,-0.82599956,-10.024523,0.7493851,-0.0036651916,0.005497787,-0.002443461,JERKING,efafd309f206
1775670509166,1060694517778582,-0.81163436,-10.019734,0.7398083,-0.004276057,0.004276057,-0.0030543262,JERKING,efafd309f206
1775670509174,1060694525772198,-0.82599956,-10.024523,0.7493851,-0.004886922,0.0030543262,-0.002443461,JERKING,efafd309f206
1775670509182,1060694533769737,-0.81402856,-10.012551,0.7374141,-0.007941248,0.0,-0.0036651916,JERKING,efafd309f206
1775670509190,1060694541765353,-0.80684596,-10.000581,0.7565677,-0.01038471,-0.0018325958,-0.0036651916,JERKING,efafd309f206
1775670509198,1060694549789353,-0.82121116,-10.010158,0.7733272,-0.010995574,-0.0012217305,-0.0030543262,JERKING,efafd309f206
1775670509206,1060694557787585,-0.8451532,-10.019734,0.7685388,-0.009773844,-0.0018325958,-0.0030543262,JERKING,efafd309f206
1775670509214,1060694565782585,-0.8643068,-10.012551,0.7613561,-0.0067195175,-6.1086525E-4,-0.0036651916,JERKING,efafd309f206
1775670509222,1060694573776509,-0.8882488,-10.022128,0.770933,-0.0067195175,-0.002443461,-0.002443461,JERKING,efafd309f206
1775670509230,1060694581733740,-0.8619126,-10.012551,0.7733272,-0.0067195175,-0.004276057,0.0,JERKING,efafd309f206
1775670509238,1060694589768510,-0.89303726,-10.007763,0.79726917,-0.007330383,-0.007330383,-0.0012217305,JERKING,efafd309f206
1775670509246,1060694597763510,-0.8858546,-10.012551,0.80205756,-0.007941248,-0.008552114,6.1086525E-4,JERKING,efafd309f206
1775670509254,1060694605792127,-0.8571242,-10.022128,0.78529817,-0.0061086523,-0.010995574,0.0012217305,JERKING,efafd309f206
1775670509262,1060694613786050,-0.8331822,-10.022128,0.79008657,-0.007941248,-0.009773844,0.002443461,JERKING,efafd309f206
1775670509270,1060694621805743,-0.81402856,-10.029311,0.79726917,-0.007941248,-0.010995574,0.0012217305,JERKING,efafd309f206
1775670509278,1060694629744820,-0.82360536,-10.007763,0.81163436,-0.007330383,-0.009773844,0.0,JERKING,efafd309f206
1775670509286,1060694637774359,-0.8331822,-10.005369,0.78290397,-0.007941248,-0.008552114,6.1086525E-4,JERKING,efafd309f206
1775670509294,1060694645768129,-0.8379706,-10.014946,0.78529817,-0.008552114,-0.01038471,0.0,JERKING,efafd309f206
1775670509302,1060694653794668,-0.8595184,-10.012551,0.78529817,-0.007941248,-0.01038471,-0.002443461,JERKING,efafd309f206
1775670509310,1060694661425130,-0.8738836,-10.0341,0.81402856,-0.007330383,-0.01038471,-0.002443461,JERKING,efafd309f206
1775670509318,1060694669785669,-0.8762778,-10.0269165,0.80445176,-0.007330383,-0.007941248,-0.0012217305,JERKING,efafd309f206
1775670509326,1060694677782977,-0.8643068,-10.031705,0.78769237,-0.007941248,-0.007330383,-0.002443461,JERKING,efafd309f206
1775670509334,1060694685364439,-0.8643068,-10.019734,0.79726917,-0.007330383,-0.0061086523,-0.0036651916,JERKING,efafd309f206
1775670509342,1060694693766286,-0.8690952,-10.005369,0.80924016,-0.010995574,-0.0067195175,-0.002443461,JERKING,efafd309f206
1775670509350,1060694701767517,-0.8810662,-10.024523,0.79966336,-0.007330383,-0.005497787,6.1086525E-4,JERKING,efafd309f206
1775670509358,1060694709794902,-0.8882488,-10.012551,0.79726917,-0.007330383,-0.0036651916,-0.0012217305,JERKING,efafd309f206
1775670509366,1060694717214288,-0.8858546,-9.993398,0.79248077,-0.007941248,-0.004276057,-0.0012217305,JERKING,efafd309f206
1775670509374,1060694725785365,-0.89064306,-10.01734,0.79008657,-0.0067195175,-0.0030543262,-0.002443461,JERKING,efafd309f206
1775670509382,1060694733779827,-0.8738836,-10.0029745,0.7613561,-0.0067195175,-0.004886922,-0.0018325958,JERKING,efafd309f206
1775670509390,1060694741801058,-0.8810662,-10.010158,0.770933,-0.007330383,-0.0012217305,-0.002443461,JERKING,efafd309f206
1775670509398,1060694749772136,-0.8882488,-10.01734,0.7589619,-0.0030543262,-0.002443461,0.0,JERKING,efafd309f206
1775670509406,1060694757380444,-0.8810662,-10.012551,0.7613561,-0.005497787,-0.0018325958,0.0,JERKING,efafd309f206
1775670509414,1060694765794368,-0.8643068,-10.031705,0.78769237,-0.005497787,-6.1086525E-4,-0.0012217305,JERKING,efafd309f206
1775670509422,1060694773788445,-0.8810662,-10.0269165,0.7589619,-0.004276057,-6.1086525E-4,6.1086525E-4,JERKING,efafd309f206
1775670509430,1060694781784215,-0.85473,-10.019734,0.7613561,-0.004886922,0.0012217305,0.0,JERKING,efafd309f206
1775670509438,1060694789779292,-0.89303726,-10.024523,0.7422025,-0.004886922,6.1086525E-4,6.1086525E-4,JERKING,efafd309f206
1775670509446,1060694797774601,-0.8475474,-10.0269165,0.7469909,-0.004276057,0.002443461,6.1086525E-4,JERKING,efafd309f206
1775670509454,1060694805770601,-0.8499416,-10.024523,0.7422025,-0.004276057,-6.1086525E-4,6.1086525E-4,JERKING,efafd309f206
1775670509462,1060694813767294,-0.866701,-10.0341,0.7254431,-0.0036651916,6.1086525E-4,-0.0012217305,JERKING,efafd309f206
1775670509470,1060694821762294,-0.8451532,-10.01734,0.7398083,-0.0036651916,6.1086525E-4,-0.0012217305,JERKING,efafd309f206
1775670509478,1060694829790987,-0.8451532,-10.031705,0.7062895,-0.005497787,0.0,-6.1086525E-4,JERKING,efafd309f206
1775670509486,1060694837786603,-0.8523358,-10.022128,0.7278373,-0.0036651916,-0.0018325958,0.0,JERKING,efafd309f206
1775670510302,1060695653910348,-0.8595184,-10.000581,0.7469909,-0.0061086523,-0.0030543262,0.0,JERKING,efafd309f206
1775670510310,1060695661875579,-0.8643068,-9.986216,0.7374141,0.0018325958,0.004886922,-0.002443461,JERKING,efafd309f206
1775670510318,1060695669871041,-0.866701,-9.998186,0.7422025,0.0030543262,0.0030543262,-0.002443461,JERKING,efafd309f206
1775670510326,1060695677897195,-0.90500826,-10.0029745,0.7278373,0.002443461,0.0012217305,-0.0012217305,JERKING,efafd309f206
1775670510334,1060695685836811,-0.90021986,-10.024523,0.7541735,0.0036651916,0.0012217305,-0.0012217305,JERKING,efafd309f206
1775670510342,1060695693770965,-0.8714894,-10.007763,0.7469909,0.0030543262,6.1086525E-4,0.0,JERKING,efafd309f206
1775670510350,1060695701767043,-0.8571242,-10.031705,0.7422025,0.002443461,6.1086525E-4,0.0018325958,JERKING,efafd309f206
1775670510358,1060695709792505,-0.8690952,-10.024523,0.7278373,0.002443461,6.1086525E-4,0.002443461,JERKING,efafd309f206
1775670510366,1060695717789506,-0.866701,-10.0341,0.7350199,0.0012217305,0.0012217305,0.0030543262,JERKING,efafd309f206
1775670510374,1060695725456198,-0.85473,-10.04607,0.7350199,0.0030543262,-0.0012217305,0.004276057,JERKING,efafd309f206
1775670510382,1060695733779661,-0.8475474,-10.022128,0.7278373,0.002443461,-0.0018325958,0.0036651916,JERKING,efafd309f206
1775670510390,1060695741776815,-0.842759,-10.01734,0.7134721,0.0036651916,0.0,0.0030543262,JERKING,efafd309f206
1775670510398,1060695749770662,-0.85473,-10.031705,0.7302315,0.0018325958,0.0,0.0012217305,JERKING,efafd309f206
1775670510406,1060695757768816,-0.85473,-10.019734,0.7493851,0.0,-0.0012217305,0.002443461,JERKING,efafd309f206
1775670510414,1060695765794124,-0.8571242,-10.041282,0.770933,-0.0018325958,-0.0012217305,6.1086525E-4,JERKING,efafd309f206
1775670510422,1060695773790663,-0.8451532,-10.01734,0.7757214,-0.0012217305,0.0012217305,0.0018325958,JERKING,efafd309f206
1775670510430,1060695781784279,-0.8499416,-10.012551,0.770933,0.0012217305,0.002443461,-0.0012217305,JERKING,efafd309f206
1775670510438,1060695789781202,-0.8571242,-10.014946,0.7733272,0.0012217305,0.0030543262,0.0,JERKING,efafd309f206
1775670510446,1060695797800819,-0.8762778,-10.014946,0.7637503,0.002443461,0.0018325958,-6.1086525E-4,JERKING,efafd309f206
1775670510454,1060695805702665,-0.8858546,-10.000581,0.7350199,0.0030543262,0.0,-0.0030543262,JERKING,efafd309f206
1775670510462,1060695813767589,-0.8690952,-10.0269165,0.7493851,0.002443461,0.0,-0.0018325958,JERKING,efafd309f206
1775670510470,1060695821762666,-0.90021986,-10.0029745,0.7541735,0.0,0.0,-0.0012217305,JERKING,efafd309f206
1775670510478,1060695829788513,-0.8810662,-10.019734,0.7613561,6.1086525E-4,0.0018325958,0.0012217305,JERKING,efafd309f206
1775670510486,1060695837294436,-0.8762778,-10.005369,0.7661445,6.1086525E-4,0.0,0.0018325958,JERKING,efafd309f206
1775670510494,1060695845782130,-0.8858546,-10.024523,0.7493851,0.0,-6.1086525E-4,0.0,JERKING,efafd309f206
1775670510502,1060695853831053,-0.8619126,-10.0029745,0.7541735,6.1086525E-4,-6.1086525E-4,0.0018325958,JERKING,efafd309f206
1775670510510,1060695861741438,-0.8714894,-10.024523,0.7493851,0.0018325958,6.1086525E-4,0.0012217305,JERKING,efafd309f206
1775670510518,1060695869822361,-0.8810662,-10.031705,0.7422025,0.0018325958,0.0036651916,0.0012217305,JERKING,efafd309f206
1775670510526,1060695877764285,-0.8834604,-10.0341,0.7374141,0.0030543262,0.004276057,6.1086525E-4,JERKING,efafd309f206
1775670510534,1060695885787362,-0.8858546,-10.022128,0.7613561,0.0018325958,0.0030543262,0.0012217305,JERKING,efafd309f206
1775670510542,1060695893783363,-0.8882488,-10.014946,0.7517793,0.0030543262,0.004276057,0.0018325958,JERKING,efafd309f206
1775670510550,1060695901779056,-0.8643068,-10.007763,0.7685388,0.0030543262,0.0061086523,0.0,JERKING,efafd309f206
1775670510558,1060695909774980,-0.8714894,-10.010158,0.78529817,0.0030543262,0.007330383,-6.1086525E-4,JERKING,efafd309f206
1775670510566,1060695917306057,-0.866701,-10.012551,0.7565677,0.0030543262,0.004276057,0.0,JERKING,efafd309f206
1775670510574,1060695925190442,-0.8523358,-9.995792,0.7541735,0.004276057,0.004886922,0.0,JERKING,efafd309f206
1775670510582,1060695933794058,-0.866701,-10.000581,0.7757214,0.002443461,0.004276057,-6.1086525E-4,JERKING,efafd309f206
1775670510590,1060695941813213,-0.8643068,-10.005369,0.7613561,0.0018325958,0.0036651916,6.1086525E-4,JERKING,efafd309f206
1775670510598,1060695949752905,-0.866701,-10.01734,0.7613561,0.002443461,0.004886922,-6.1086525E-4,JERKING,efafd309f206
1775670510606,1060695957781137,-0.8714894,-10.022128,0.7613561,0.002443461,0.0067195175,0.0012217305,JERKING,efafd309f206
1775670510614,1060695965799983,-0.8643068,-10.014946,0.7613561,0.0036651916,0.002443461,0.0018325958,JERKING,efafd309f206
1775670510622,1060695973771369,-0.8475474,-10.0341,0.7685388,0.002443461,0.004886922,0.0018325958,JERKING,efafd309f206
1775670510630,1060695981765830,-0.830788,-10.038888,0.7517793,0.0018325958,0.0018325958,6.1086525E-4,JERKING,efafd309f206
1775670510638,1060695989278754,-0.82599956,-10.036493,0.7637503,0.0,-0.0012217305,-6.1086525E-4,JERKING,efafd309f206
1775670510646,1060695997790677,-0.8523358,-10.022128,0.7613561,-0.0018325958,-6.1086525E-4,0.0,JERKING,efafd309f206
1775670510654,1060696005782448,-0.82121116,-10.036493,0.7685388,-6.1086525E-4,0.0012217305,-0.0012217305,JERKING,efafd309f206
1775670510662,1060696013749217,-0.8595184,-10.014946,0.7757214,-0.0012217305,0.0,-0.0012217305,JERKING,efafd309f206
1775670510670,1060696021775295,-0.8834604,-10.007763,0.7637503,-6.1086525E-4,-6.1086525E-4,-0.0012217305,JERKING,efafd309f206
1775670510678,1060696029769756,-0.8714894,-10.005369,0.770933,-0.0012217305,0.0,-0.002443461,JERKING,efafd309f206
1775670510686,1060696037766680,-0.8714894,-10.010158,0.770933,-0.0012217305,0.0,-6.1086525E-4,JERKING,efafd309f206
1775670510694,1060696045792911,-0.8834604,-10.000581,0.770933,-0.0018325958,-0.0030543262,6.1086525E-4,JERKING,efafd309f206
1775670510702,1060696053789758,-0.8714894,-10.01734,0.7781156,-0.0018325958,-0.0030543262,6.1086525E-4,JERKING,efafd309f206
1775670510710,1060696061785758,-0.8810662,-10.010158,0.7733272,-0.0012217305,0.0,0.0,JERKING,efafd309f206
1775670510718,1060696069778375,-0.8810662,-10.007763,0.7685388,6.1086525E-4,-6.1086525E-4,-6.1086525E-4,JERKING,efafd309f206
1775670511534,1060696885905196,-0.9624691,-10.01734,0.8355764,0.002443461,0.025045475,0.0012217305,JERKING,efafd309f206
1775670511542,1060696893870197,-0.94331545,-10.000581,0.82599956,0.002443461,0.025045475,0.0012217305,JERKING,efafd309f206
1775670511550,1060696901896274,-0.92416185,-9.993398,0.81881696,0.002443461,0.025045475,0.0012217305,JERKING,efafd309f206
1775670511558,1060696909861506,-0.90261406,-9.988609,0.842759,0.002443461,0.025045475,0.0012217305,JERKING,efafd309f206
1775670511566,1060696917772967,-0.90979666,-10.000581,0.8331822,0.002443461,0.025045475,0.0012217305,JERKING,efafd309f206
1775670511574,1060696925766738,-0.92176765,-10.024523,0.8283938,0.002443461,0.025045475,0.0012217305,JERKING,efafd309f206
1775670511582,1060696933792891,-0.90979666,-10.000581,0.81402856,0.002443461,0.025045475,0.0012217305,JERKING,efafd309f206
1775670511590,1060696941789816,-0.90740246,-10.010158,0.79726917,0.002443461,0.025045475,0.0012217305,JERKING,efafd309f206
1775670511598,1060696949784893,-0.90500826,-10.012551,0.79966336,0.002443461,0.025045475,0.0012217305,JERKING,efafd309f206
1775670511606,1060696957780663,-0.89782566,-10.019734,0.78290397,0.002443461,0.025045475,0.0012217305,JERKING,efafd309f206
1775670511614,1060696965773894,-0.89064306,-10.0341,0.78290397,0.0030543262,0.02443461,0.0018325958,JERKING,efafd309f206
1775670511622,1060696973769895,-0.866701,-10.0341,0.7781156,0.0030543262,0.02687807,0.002443461,JERKING,efafd309f206
1775670511630,1060696981767433,-0.81881696,-10.014946,0.79008657,0.0018325958,0.023823744,0.004276057,JERKING,efafd309f206
1775670511638,1060696989792357,-0.79008657,-10.014946,0.7613561,0.0036651916,0.023823744,0.0036651916,JERKING,efafd309f206
1775670511646,1060696997756973,-0.78050977,-10.029311,0.7445967,0.002443461,0.021380283,0.004886922,JERKING,efafd309f206
1775670511654,1060697005783974,-0.7637503,-10.041282,0.7326257,0.0012217305,0.018936822,0.004276057,JERKING,efafd309f206
1775670511662,1060697013779127,-0.7565677,-10.041282,0.7302315,-0.0030543262,0.020158553,0.002443461,JERKING,efafd309f206
1775670511670,1060697021774744,-0.78050977,-10.036493,0.7422025,-0.004276057,0.017715093,0.0018325958,JERKING,efafd309f206
1775670511678,1060697029771052,-0.78290397,-10.014946,0.7422025,-0.0036651916,0.017104227,0.0012217305,JERKING,efafd309f206
1775670511686,1060697037276360,-0.7637503,-10.01734,0.7326257,-0.0067195175,0.013439035,6.1086525E-4,JERKING,efafd309f206
1775670511694,1060697045792976,-0.7637503,-10.0269165,0.7589619,-0.0061086523,0.01160644,0.0012217305,JERKING,efafd309f206
1775670511702,1060697053788361,-0.78290397,-10.000581,0.7757214,-0.004276057,0.0061086523,-6.1086525E-4,JERKING,efafd309f206
1775670511710,1060697061782746,-0.7613561,-10.007763,0.7541735,-0.0036651916,0.0,6.1086525E-4,JERKING,efafd309f206
1775670511718,1060697069780362,-0.78769237,-9.988609,0.7637503,-0.0030543262,-0.004886922,6.1086525E-4,JERKING,efafd309f206
1775670511726,1060697077746516,-0.78290397,-10.014946,0.7517793,-0.0030543262,-0.012217305,0.0,JERKING,efafd309f206
1775670511734,1060697085257286,-0.7685388,-10.000581,0.7493851,-0.002443461,-0.015271631,0.0,JERKING,efafd309f206
1775670511742,1060697093767056,-0.7781156,-10.000581,0.7541735,-0.0030543262,-0.019547688,0.0012217305,JERKING,efafd309f206
1775670511750,1060697101792903,-0.79726917,-10.0029745,0.7469909,-0.0036651916,-0.02321288,-6.1086525E-4,JERKING,efafd309f206
1775670511758,1060697109843057,-0.81402856,-10.005369,0.7565677,-0.004276057,-0.026267206,0.0018325958,JERKING,efafd309f206
1775670511766,1060697117784596,-0.80684596,-9.995792,0.7374141,-0.004276057,-0.02687807,0.0030543262,JERKING,efafd309f206
1775670511774,1060697125749827,-0.8379706,-10.019734,0.7493851,-0.0036651916,-0.029321533,0.0036651916,JERKING,efafd309f206
1775670511782,1060697133360905,-0.8331822,-10.010158,0.7326257,-0.004276057,-0.031154128,0.0036651916,JERKING,efafd309f206
1775670511790,1060697141825520,-0.8403648,-10.005369,0.7541735,-0.004276057,-0.03359759,0.0030543262,JERKING,efafd309f206
1775670511798,1060697149766521,-0.8738836,-10.031705,0.7445967,-0.0018325958,-0.03176499,0.002443461,JERKING,efafd309f206
1775670511806,1060697157299444,-0.8714894,-10.0269165,0.7374141,-0.0030543262,-0.036651913,0.004276057,JERKING,efafd309f206
1775670511814,1060697165232984,-0.8810662,-10.010158,0.7398083,-0.004886922,-0.039095376,0.004886922,JERKING,efafd309f206
1775670511822,1060697173807984,-0.878672,-10.010158,0.7541735,-0.004276057,-0.037873644,0.004886922,JERKING,efafd309f206
1775670511830,1060697181779754,-0.8595184,-10.014946,0.7469909,-0.004276057,-0.035430185,0.007330383,JERKING,efafd309f206
1775670511838,1060697189745523,-0.8499416,-10.019734,0.7589619,-0.0061086523,-0.037873644,0.005497787,JERKING,efafd309f206
1775670511846,1060697197770217,-0.8571242,-10.014946,0.7541735,-0.0061086523,-0.03726278,0.005497787,JERKING,efafd309f206
1775670511854,1060697205790448,-0.8595184,-10.010158,0.7541735,-0.0036651916,-0.03604105,0.005497787,JERKING,efafd309f206
1775670511862,1060697213761910,-0.8762778,-10.024523,0.7637503,-0.002443461,-0.034208454,0.0061086523,JERKING,efafd309f206
1775670511870,1060697221787372,-0.8810662,-10.038888,0.7445967,-0.0030543262,-0.03359759,0.0036651916,JERKING,efafd309f206
1775670511878,1060697229807680,-0.90740246,-10.06283,0.7302315,-0.002443461,-0.032986723,0.0030543262,JERKING,efafd309f206
1775670511886,1060697237780296,-0.8858546,-10.038888,0.7350199,-0.0036651916,-0.032986723,0.004886922,JERKING,efafd309f206
1775670511894,1060697245773835,-0.89303726,-10.007763,0.7589619,-0.0030543262,-0.028099801,0.0036651916,JERKING,efafd309f206
1775670511902,1060697253769220,-0.89064306,-10.022128,0.7757214,-0.0036651916,-0.02565634,0.002443461,JERKING,efafd309f206
1775670511910,1060697261766144,-0.90500826,-10.012551,0.7757214,-0.0030543262,-0.02321288,0.004886922,JERKING,efafd309f206
1775670511918,1060697269791452,-0.8810662,-10.019734,0.78050977,-0.0012217305,-0.025045475,0.0036651916,JERKING,efafd309f206
1775670511926,1060697277789222,-0.91697925,-10.038888,0.7781156,-0.0030543262,-0.025045475,0.0036651916,JERKING,efafd309f206
1775670511934,1060697285783760,-0.8858546,-10.014946,0.78050977,-0.0036651916,-0.023823744,0.005497787,JERKING,efafd309f206
1775670511942,1060697293778838,-0.866701,-10.04607,0.7637503,-0.0061086523,-0.023823744,0.004276057,JERKING,efafd309f206
1775670512758,1060698109873661,-0.90021986,-10.031705,0.7254431,-0.004886922,-0.022602014,0.002443461,JERKING,efafd309f206
1775670512766,1060698117869276,-0.8858546,-10.010158,0.7278373,-0.010995574,-0.005497787,-0.0018325958,JERKING,efafd309f206
1775670512774,1060698125864969,-0.8762778,-9.998186,0.6991069,-0.01160644,-0.007330383,-0.002443461,JERKING,efafd309f206
1775670512782,1060698133860431,-0.8595184,-10.019734,0.7326257,-0.01160644,-0.009773844,-0.0018325958,JERKING,efafd309f206
1775670512790,1060698141922817,-0.89064306,-10.012551,0.7350199,-0.01038471,-0.01038471,-0.0012217305,JERKING,efafd309f206
1775670512798,1060698149764432,-0.8882488,-9.988609,0.7469909,-0.009162978,-0.01282817,-6.1086525E-4,JERKING,efafd309f206
1775670512806,1060698157793278,-0.8690952,-9.959879,0.7302315,-0.010995574,-0.018325957,-6.1086525E-4,JERKING,efafd309f206
1775670512814,1060698165821907,-0.8690952,-9.986216,0.7302315,-0.009162978,-0.018325957,-6.1086525E-4,JERKING,efafd309f206
1775670512822,1060698173819071,-0.8762778,-9.969456,0.7422025,-0.0067195175,-0.020158553,-0.0012217305,JERKING,efafd309f206
1775670512830,1060698181812620,-0.8762778,-9.988609,0.7445967,-0.004886922,-0.02321288,-6.1086525E-4,JERKING,efafd309f206
1775670512838,1060698189809630,-0.8882488,-9.991004,0.7254431,-6.1086525E-4,-0.022602014,-0.0018325958,JERKING,efafd309f206
1775670512846,1060698197807717,-0.91697925,-9.998186,0.7062895,0.0018325958,-0.021991149,-0.0018325958,JERKING,efafd309f206
1775670512854,1060698205802266,-0.90979666,-9.998186,0.7134721,0.002443461,-0.02321288,-0.0030543262,JERKING,efafd309f206
1775670512862,1060698213828430,-0.91937345,-10.012551,0.7158663,0.0030543262,-0.02443461,-0.0018325958,JERKING,efafd309f206
1775670512870,1060698221823133,-0.93613285,-10.012551,0.7062895,0.004886922,-0.02321288,-0.0036651916,JERKING,efafd309f206
1775670512878,1060698229819527,-0.93373865,-10.01734,0.7062895,0.004276057,-0.02687807,-0.002443461,JERKING,efafd309f206
1775670512886,1060698237814000,-0.93373865,-10.022128,0.6919243,0.005497787,-0.02565634,6.1086525E-4,JERKING,efafd309f206
1775670512894,1060698245865010,-0.91219085,-10.01734,0.6727707,0.004886922,-0.02443461,6.1086525E-4,JERKING,efafd309f206
1775670512902,1060698253805635,-0.91697925,-10.036493,0.6560113,0.0036651916,-0.025045475,6.1086525E-4,JERKING,efafd309f206
1775670512910,1060698261801338,-0.92416185,-10.0508585,0.6440403,0.0036651916,-0.02565634,6.1086525E-4,JERKING,efafd309f206
1775670512918,1060698269827580,-0.91458505,-10.067618,0.6512229,0.0,-0.025045475,0.002443461,JERKING,efafd309f206
1775670512926,1060698277823205,-0.92655605,-10.06283,0.6607997,-0.002443461,-0.025045475,0.0030543262,JERKING,efafd309f206
1775670512934,1060698285817676,-0.93134445,-10.067618,0.6703765,-0.0036651916,-0.021380283,0.0030543262,JERKING,efafd309f206
1775670512942,1060698293298994,-0.91937345,-10.06283,0.6679823,-0.004276057,-0.02076942,0.002443461,JERKING,efafd309f206
1775670512950,1060698301281081,-0.93613285,-10.055647,0.6631939,-0.0061086523,-0.017104227,0.0,JERKING,efafd309f206
1775670512958,1060698309421477,-0.91937345,-10.0341,0.6655881,-0.008552114,-0.016493361,0.0012217305,JERKING,efafd309f206
1775670512966,1060698317802333,-0.93852705,-10.031705,0.6823475,-0.004276057,-0.010995574,0.0,JERKING,efafd309f206
1775670512974,1060698325828805,-0.92655605,-10.022128,0.6871359,-0.004886922,-0.012217305,-0.0018325958,JERKING,efafd309f206
1775670512982,1060698333821739,-0.91697925,-10.019734,0.7086837,-0.0061086523,-0.01160644,-0.0030543262,JERKING,efafd309f206
1775670512990,1060698341842749,-0.91458505,-9.991004,0.7110779,-0.0067195175,-0.012217305,-0.002443461,JERKING,efafd309f206
1775670512998,1060698349812912,-0.89064306,-10.0029745,0.7086837,-0.0061086523,-0.01282817,-0.0030543262,JERKING,efafd309f206
1775670513006,1060698357811616,-0.8858546,-9.988609,0.6991069,-0.0061086523,-0.014660766,-0.002443461,JERKING,efafd309f206
1775670513014,1060698365804857,-0.8762778,-9.998186,0.7134721,-0.0061086523,-0.016493361,-0.0036651916,JERKING,efafd309f206
1775670513022,1060698373481174,-0.8810662,-9.988609,0.7134721,-0.0061086523,-0.017715093,-0.004276057,JERKING,efafd309f206
1775670513030,1060698381759955,-0.91219085,-10.012551,0.7134721,-0.004886922,-0.016493361,-0.004276057,JERKING,efafd309f206
1775670513038,1060698389791118,-0.92416185,-9.986216,0.7038953,-0.0036651916,-0.015271631,-0.004886922,JERKING,efafd309f206
1775670513046,1060698397817205,-0.9504981,-10.005369,0.7134721,-0.002443461,-0.015271631,-0.004276057,JERKING,efafd309f206
1775670513054,1060698405868908,-0.9840169,-10.0269165,0.7230489,-0.0012217305,-0.015271631,-0.004886922,JERKING,efafd309f206
1775670513062,1060698413809534,-0.9696517,-10.038888,0.7230489,-0.002443461,-0.014049901,-0.004276057,JERKING,efafd309f206
1775670513070,1060698421804621,-0.9768343,-10.01734,0.7302315,0.0,-0.012217305,-0.004886922,JERKING,efafd309f206
1775670513078,1060698429799400,-0.9552865,-10.0269165,0.7182605,-6.1086525E-4,-0.01038471,-0.004276057,JERKING,efafd309f206
1775670513086,1060698437828027,-0.94810385,-10.029311,0.7254431,-0.0012217305,-0.009162978,-0.0036651916,JERKING,efafd309f206
1775670513094,1060698445823114,-0.90261406,-10.024523,0.7350199,-0.0018325958,-0.004886922,-0.0030543262,JERKING,efafd309f206
1775670513102,1060698453817354,-0.92176765,-10.014946,0.7302315,-0.0012217305,-6.1086525E-4,-0.0036651916,JERKING,efafd309f206
1775670513110,1060698461812749,-0.92416185,-10.031705,0.7158663,-0.002443461,-0.0030543262,-0.0036651916,JERKING,efafd309f206
1775670513118,1060698469808683,-0.91458505,-10.012551,0.7350199,-0.0018325958,-0.0012217305,-0.0030543262,JERKING,efafd309f206
1775670513126,1060698477805385,-0.89782566,-10.0269165,0.7230489,-0.0036651916,-0.002443461,-0.002443461,JERKING,efafd309f206
1775670513134,1060698485799549,-0.8714894,-10.043676,0.7086837,-0.0030543262,-6.1086525E-4,-0.0018325958,JERKING,efafd309f206
1775670513142,1060698493826021,-0.8595184,-10.0341,0.7158663,-0.004886922,0.002443461,-0.004276057,JERKING,efafd309f206
1775670513150,1060698501821417,-0.8619126,-10.041282,0.7038953,-0.0061086523,0.002443461,-0.0030543262,JERKING,efafd309f206
1775670513158,1060698509817965,-0.8523358,-10.019734,0.7254431,-0.0061086523,0.002443461,-0.0030543262,JERKING,efafd309f206
1775670513166,1060698517813975,-0.8475474,-10.041282,0.7230489,-0.005497787,6.1086525E-4,-0.004276057,JERKING,efafd309f206
1775670513174,1060698525808448,-0.8523358,-10.01734,0.7134721,-0.0067195175,0.0,-0.002443461,JERKING,efafd309f206
1775670513990,1060699341935651,-0.91219085,-10.024523,0.7110779,0.0018325958,-0.0012217305,-0.0036651916,JERKING,efafd309f206
1775670513998,1060699349900661,-0.91458505,-10.029311,0.7110779,0.0018325958,-0.0012217305,-0.0036651916,JERKING,efafd309f206
1775670514006,1060699357926826,-0.92176765,-10.0269165,0.7110779,0.0018325958,-0.0012217305,-0.0036651916,JERKING,efafd309f206
1775670514014,1060699365922529,-0.90021986,-10.038888,0.7086837,0.0018325958,-0.0012217305,-0.0036651916,JERKING,efafd309f206
1775670514022,1060699373892923,-0.8762778,-9.998186,0.6991069,0.0018325958,-0.0012217305,-0.0036651916,JERKING,efafd309f206
1775670514030,1060699381828318,-0.8834604,-9.993398,0.7110779,0.0018325958,-0.0012217305,-0.0036651916,JERKING,efafd309f206
1775670514038,1060699389823405,-0.878672,-10.000581,0.7086837,0.0018325958,-0.0012217305,-0.0036651916,JERKING,efafd309f206
1775670514046,1060699397790185,-0.8858546,-9.9790325,0.6991069,0.0018325958,-0.0012217305,-0.0036651916,JERKING,efafd309f206
1775670514054,1060699405815426,-0.8882488,-9.995792,0.6967127,0.0018325958,-0.0012217305,-0.0036651916,JERKING,efafd309f206
1775670514062,1060699413811513,-0.89064306,-9.991004,0.7062895,0.0018325958,-0.0012217305,-0.0036651916,JERKING,efafd309f206
1775670514070,1060699421806293,-0.8858546,-9.991004,0.6799533,0.0036651916,-0.002443461,-0.002443461,JERKING,efafd309f206
1775670514078,1060699429801688,-0.89064306,-9.983821,0.6799533,0.0061086523,-0.0018325958,-0.0018325958,JERKING,efafd309f206
1775670514086,1060699437796390,-0.8714894,-9.988609,0.6631939,0.008552114,-0.004276057,-0.0012217305,JERKING,efafd309f206
1775670514094,1060699445824400,-0.8762778,-10.000581,0.6679823,0.0067195175,-0.004276057,0.0012217305,JERKING,efafd309f206
1775670514102,1060699453818257,-0.8571242,-10.014946,0.6751649,0.007330383,-0.0067195175,0.0,JERKING,efafd309f206
1775670514110,1060699461815575,-0.8571242,-9.995792,0.6560113,0.007941248,-0.004886922,0.0,JERKING,efafd309f206
1775670514118,1060699469810970,-0.8523358,-10.0341,0.6464345,0.009162978,-0.0036651916,0.0,JERKING,efafd309f206
1775670514126,1060699477293441,-0.8643068,-10.029311,0.6464345,0.007330383,-0.004886922,-6.1086525E-4,JERKING,efafd309f206
1775670514134,1060699485831298,-0.90500826,-10.0341,0.6392518,0.0067195175,-0.0067195175,-6.1086525E-4,JERKING,efafd309f206
1775670514142,1060699493852462,-0.90500826,-10.0748005,0.6392518,0.005497787,-0.004276057,-0.0018325958,JERKING,efafd309f206
1775670514150,1060699501792472,-0.92416185,-10.0748005,0.641646,0.005497787,-0.005497787,0.0,JERKING,efafd309f206
1775670514158,1060699509818406,-0.91697925,-10.053253,0.62728083,0.002443461,-0.004276057,-6.1086525E-4,JERKING,efafd309f206
1775670514166,1060699517815339,-0.90500826,-10.043676,0.6368576,0.0018325958,-0.002443461,0.0012217305,JERKING,efafd309f206
1775670514174,1060699525834734,-0.89543146,-10.048465,0.6392518,0.0018325958,-0.0018325958,-0.0012217305,JERKING,efafd309f206
1775670514182,1060699533806359,-0.8714894,-10.04607,0.6488287,-6.1086525E-4,-0.002443461,-6.1086525E-4,JERKING,efafd309f206
1775670514190,1060699541480292,-0.8523358,-10.055647,0.641646,-6.1086525E-4,-0.0012217305,-0.0018325958,JERKING,efafd309f206
1775670514198,1060699549826996,-0.8619126,-10.010158,0.6344634,-6.1086525E-4,6.1086525E-4,-6.1086525E-4,JERKING,efafd309f206
1775670514206,1060699557823313,-0.8523358,-10.014946,0.6368576,-0.0018325958,0.004276057,-0.0018325958,JERKING,efafd309f206
1775670514214,1060699565782401,-0.8331822,-10.014946,0.6536171,-6.1086525E-4,0.0018325958,-0.0036651916,JERKING,efafd309f206
1775670514222,1060699573814719,-0.8475474,-10.012551,0.641646,-0.0012217305,0.0030543262,-0.004886922,JERKING,efafd309f206
1775670514230,1060699581296574,-0.82599956,-10.014946,0.63206923,-0.0030543262,0.0,-0.0036651916,JERKING,efafd309f206
1775670514238,1060699589331739,-0.8355764,-10.0341,0.6584055,-0.0061086523,-0.004886922,-0.004276057,JERKING,efafd309f206
1775670514246,1060699597257903,-0.842759,-10.043676,0.6607997,-0.004886922,-0.0030543262,-0.0036651916,JERKING,efafd309f206
1775670514254,1060699605791068,-0.8523358,-10.022128,0.6631939,-0.0061086523,-0.005497787,-0.004276057,JERKING,efafd309f206
1775670514262,1060699613792001,-0.8475474,-10.029311,0.6751649,-0.004276057,-0.0036651916,-0.0061086523,JERKING,efafd309f206
1775670514270,1060699621323396,-0.89782566,-10.024523,0.6703765,-0.0030543262,-0.004276057,-0.004276057,JERKING,efafd309f206
1775670514278,1060699629813561,-0.90500826,-10.019734,0.6871359,-0.004276057,-0.007941248,-0.0061086523,JERKING,efafd309f206
1775670514286,1060699637344108,-0.91697925,-10.019734,0.6991069,-0.0030543262,-0.0067195175,-0.004276057,JERKING,efafd309f206
1775670514294,1060699645804427,-0.90500826,-10.0341,0.6871359,-0.002443461,-0.009162978,-0.0030543262,JERKING,efafd309f206
1775670514302,1060699653830592,-0.91937345,-10.014946,0.6919243,-0.0030543262,-0.009773844,-0.0012217305,JERKING,efafd309f206
1775670514310,1060699661827832,-0.90500826,-10.0269165,0.6967127,-0.0030543262,-0.007941248,-0.0012217305,JERKING,efafd309f206
1775670514318,1060699669847458,-0.8714894,-10.0029745,0.6919243,-0.002443461,-0.008552114,0.0,JERKING,efafd309f206
1775670514326,1060699677818622,-0.85473,-10.010158,0.7134721,-0.0036651916,-0.0061086523,-6.1086525E-4,JERKING,efafd309f206
1775670514334,1060699685813325,-0.8810662,-10.022128,0.7062895,-0.0012217305,-0.004886922,-0.0012217305,JERKING,efafd309f206
1775670514342,1060699693295872,-0.8595184,-10.0269165,0.6919243,-0.0012217305,-0.0036651916,6.1086525E-4,JERKING,efafd309f206
1775670514350,1060699701806345,-0.8714894,-10.01734,0.6895301,-6.1086525E-4,-0.0036651916,0.0,JERKING,efafd309f206
1775670514358,1060699709668432,-0.8619126,-10.007763,0.6991069,-0.0012217305,-0.0061086523,-0.002443461,JERKING,efafd309f206
1775670514366,1060699717829366,-0.866701,-10.012551,0.6871359,-0.0012217305,-0.004886922,-0.0018325958,JERKING,efafd309f206
1775670514374,1060699725823299,-0.8403648,-10.014946,0.6919243,-0.0018325958,-0.004276057,-6.1086525E-4,JERKING,efafd309f206
1775670514382,1060699733817386,-0.8499416,-10.005369,0.7110779,-0.0012217305,-0.002443461,-0.0012217305,JERKING,efafd309f206
1775670514390,1060699741815012,-0.8499416,-10.022128,0.6991069,-0.002443461,-0.0018325958,-0.0012217305,JERKING,efafd309f206
1775670514398,1060699749809715,-0.8451532,-10.029311,0.6991069,0.0,-0.002443461,-0.002443461,JERKING,efafd309f206
1775670515222,1060700573901314,-0.8738836,-10.005369,0.6631939,0.009773844,-6.1086525E-4,-0.0012217305,JERKING,efafd309f206
1775670515230,1060700581897017,-0.8499416,-10.010158,0.6464345,0.009773844,-6.1086525E-4,-0.0012217305,JERKING,efafd309f206
1775670515238,1060700589923103,-0.8499416,-10.012551,0.6536171,0.009773844,-6.1086525E-4,-0.0012217305,JERKING,efafd309f206
1775670515246,1060700597918806,-0.8619126,-10.029311,0.6536171,0.009773844,-6.1086525E-4,-0.0012217305,JERKING,efafd309f206
1775670515254,1060700605829048,-0.866701,-10.024523,0.6607997,0.009773844,-6.1086525E-4,-0.0012217305,JERKING,efafd309f206
1775670515262,1060700613824750,-0.89303726,-10.041282,0.6560113,0.009773844,-6.1086525E-4,-0.0012217305,JERKING,efafd309f206
1775670515270,1060700621614298,-0.89543146,-10.036493,0.6727707,0.009773844,-6.1086525E-4,-0.0012217305,JERKING,efafd309f206
1775670515278,1060700629814308,-0.90261406,-10.031705,0.6775591,0.009773844,-6.1086525E-4,-0.0012217305,JERKING,efafd309f206
1775670515286,1060700637811550,-0.92176765,-10.022128,0.6512229,0.009773844,-6.1086525E-4,-0.0012217305,JERKING,efafd309f206
1775670515294,1060700645807483,-0.94331545,-10.0341,0.6775591,0.009773844,-6.1086525E-4,-0.0012217305,JERKING,efafd309f206
1775670515302,1060700653832109,-0.93134445,-10.022128,0.6727707,0.009773844,6.1086525E-4,-0.0012217305,JERKING,efafd309f206
1775670515310,1060700661827581,-0.92416185,-10.022128,0.6631939,0.007941248,0.0018325958,0.0012217305,JERKING,efafd309f206
1775670515318,1060700669825976,-0.91937345,-10.012551,0.6727707,0.005497787,0.0036651916,0.0018325958,JERKING,efafd309f206
1775670515326,1060700677819909,-0.89782566,-10.036493,0.6967127,0.0067195175,0.004276057,0.0018325958,JERKING,efafd309f206
1775670515334,1060700685814611,-0.8738836,-10.0029745,0.6967127,0.0067195175,0.004276057,0.0036651916,JERKING,efafd309f206
1775670515342,1060700693811622,-0.8379706,-10.0269165,0.6871359,0.005497787,0.004276057,0.0012217305,JERKING,efafd309f206
1775670515350,1060700701806940,-0.830788,-10.031705,0.6943185,0.0061086523,0.0,0.0012217305,JERKING,efafd309f206
1775670515358,1060700709831950,-0.81881696,-10.005369,0.7062895,0.0036651916,-0.0012217305,0.0018325958,JERKING,efafd309f206
1775670515366,1060700717830037,-0.82121116,-10.005369,0.6943185,0.004276057,-6.1086525E-4,-6.1086525E-4,JERKING,efafd309f206
1775670515374,1060700725825202,-0.830788,-10.012551,0.6991069,0.005497787,-6.1086525E-4,-0.0018325958,JERKING,efafd309f206
1775670515382,1060700733819366,-0.8595184,-10.019734,0.7086837,0.0061086523,-6.1086525E-4,-0.0018325958,JERKING,efafd309f206
1775670515390,1060700741814068,-0.8738836,-10.0269165,0.7062895,0.005497787,-6.1086525E-4,-0.002443461,JERKING,efafd309f206
1775670515398,1060700749811387,-0.89543146,-10.0269165,0.7206547,0.007330383,-6.1086525E-4,-0.0030543262,JERKING,efafd309f206
1775670515406,1060700757808858,-0.89782566,-10.024523,0.7015011,0.007941248,-0.0018325958,-0.0018325958,JERKING,efafd309f206
1775670515414,1060700765833484,-0.89782566,-10.0029745,0.6895301,0.007330383,-0.0030543262,0.0,JERKING,efafd309f206
1775670515422,1060700773827340,-0.91697925,-10.01734,0.6895301,0.007941248,-0.0036651916,6.1086525E-4,JERKING,efafd309f206
1775670515430,1060700781825812,-0.89064306,-10.022128,0.6703765,0.008552114,-0.002443461,0.0,JERKING,efafd309f206
1775670515438,1060700789405898,-0.878672,-10.014946,0.6655881,0.007941248,-0.002443461,-6.1086525E-4,JERKING,efafd309f206
1775670515446,1060700797290448,-0.8595184,-10.007763,0.6488287,0.009162978,-0.0012217305,0.002443461,JERKING,efafd309f206
1775670515454,1060700805255381,-0.8379706,-10.010158,0.6607997,0.004886922,-0.0012217305,0.002443461,JERKING,efafd309f206
1775670515462,1060700813804930,-0.8331822,-10.012551,0.6727707,0.004276057,-0.0018325958,0.0018325958,JERKING,efafd309f206
1775670515470,1060700821833017,-0.82599956,-9.995792,0.6584055,0.005497787,-6.1086525E-4,0.0018325958,JERKING,efafd309f206
1775670515478,1060700829852643,-0.8451532,-10.0029745,0.6751649,0.004886922,-0.0030543262,0.0,JERKING,efafd309f206
1775670515486,1060700837793962,-0.8595184,-10.0029745,0.6991069,0.004886922,-0.0036651916,6.1086525E-4,JERKING,efafd309f206
1775670515494,1060700845874279,-0.8523358,-9.991004,0.6751649,0.007941248,-0.0061086523,0.0,JERKING,efafd309f206
1775670515502,1060700853815520,-0.8810662,-10.019734,0.6847417,0.009773844,-0.005497787,0.0018325958,JERKING,efafd309f206
1775670515510,1060700861811453,-0.89064306,-10.000581,0.6919243,0.01038471,-0.007941248,0.0,JERKING,efafd309f206
1775670515518,1060700869861310,-0.866701,-10.014946,0.6775591,0.01160644,-0.01282817,0.0018325958,JERKING,efafd309f206
1775670515526,1060700877803859,-0.842759,-10.010158,0.7015011,0.012217305,-0.015882496,0.0030543262,JERKING,efafd309f206
1775670515534,1060700885828484,-0.8643068,-10.031705,0.7062895,0.012217305,-0.018325957,0.0018325958,JERKING,efafd309f206
1775670515542,1060700893878572,-0.82599956,-10.022128,0.7086837,0.008552114,-0.023823744,0.004276057,JERKING,efafd309f206
1775670515550,1060700901819198,-0.8403648,-10.022128,0.6751649,0.010995574,-0.023823744,0.0030543262,JERKING,efafd309f206
1775670515558,1060700909814669,-0.8379706,-10.041282,0.6799533,0.012217305,-0.028710667,0.002443461,JERKING,efafd309f206
1775670515566,1060700917810295,-0.8475474,-10.048465,0.6751649,0.009162978,-0.028710667,0.002443461,JERKING,efafd309f206
1775670515574,1060700925806921,-0.8738836,-10.041282,0.6703765,0.007941248,-0.026267206,0.0,JERKING,efafd309f206
1775670515582,1060700933830700,-0.8834604,-10.024523,0.6703765,0.007330383,-0.028099801,6.1086525E-4,JERKING,efafd309f206
1775670515590,1060700941857402,-0.90740246,-10.024523,0.6560113,0.009162978,-0.023823744,0.0,JERKING,efafd309f206
1775670515598,1060700949823951,-0.91458505,-10.029311,0.6488287,0.008552114,-0.02321288,-0.0012217305,JERKING,efafd309f206
1775670515606,1060700957820577,-0.92895025,-10.029311,0.6703765,0.007330383,-0.023823744,-6.1086525E-4,JERKING,efafd309f206
1775670515614,1060700965814434,-0.94331545,-10.0029745,0.6847417,0.007330383,-0.023823744,-6.1086525E-4,JERKING,efafd309f206
1775670515622,1060700973809520,-0.94092125,-10.024523,0.6847417,0.005497787,-0.022602014,-6.1086525E-4,JERKING,efafd309f206
1775670515630,1060700981806378,-0.92655605,-10.0341,0.6943185,0.004886922,-0.02076942,-0.0018325958,JERKING,efafd309f206
1775670516446,1060701797901966,-0.866701,-10.031705,0.79726917,0.004886922,-0.018325957,6.1086525E-4,JERKING,efafd309f206
1775670516454,1060701805928053,-0.878672,-10.0269165,0.78769237,0.0061086523,-0.015271631,0.0,JERKING,efafd309f206
1775670516462,1060701813893294,-0.842759,-10.022128,0.7757214,0.0061086523,-0.015271631,0.0,JERKING,efafd309f206
1775670516470,1060701821919228,-0.8355764,-10.036493,0.7541735,0.0061086523,-0.015271631,0.0,JERKING,efafd309f206
1775670516478,1060701829892699,-0.82121116,-10.038888,0.7733272,0.0061086523,-0.015271631,0.0,JERKING,efafd309f206
1775670516486,1060701837824786,-0.79726917,-10.010158,0.78529817,0.0061086523,-0.015271631,0.0,JERKING,efafd309f206
1775670516494,1060701845819181,-0.7685388,-9.998186,0.7637503,0.0061086523,-0.015271631,0.0,JERKING,efafd309f206
1775670516502,1060701853815269,-0.7469909,-9.993398,0.79487497,0.0061086523,-0.015271631,0.0,JERKING,efafd309f206
1775670516510,1060701861810664,-0.7637503,-10.01734,0.78290397,0.0061086523,-0.015271631,0.0,JERKING,efafd309f206
1775670516518,1060701869989367,-0.7661445,-10.0269165,0.7757214,0.0061086523,-0.015271631,0.0,JERKING,efafd309f206
1775670516526,1060701877804454,-0.78290397,-9.998186,0.7757214,0.002443461,-0.008552114,-0.0012217305,JERKING,efafd309f206
1775670516534,1060701885796541,-0.78290397,-10.022128,0.78769237,0.0012217305,-0.010995574,-6.1086525E-4,JERKING,efafd309f206
1775670516542,1060701893825705,-0.82360536,-10.031705,0.7637503,0.0012217305,-0.014660766,-0.0012217305,JERKING,efafd309f206
1775670516550,1060701901819869,-0.8355764,-10.0269165,0.78769237,6.1086525E-4,-0.015271631,-0.0012217305,JERKING,efafd309f206
1775670516558,1060701909816880,-0.842759,-10.031705,0.7757214,0.0018325958,-0.015882496,-6.1086525E-4,JERKING,efafd309f206
1775670516566,1060701917811659,-0.8523358,-10.031705,0.79966336,6.1086525E-4,-0.017104227,6.1086525E-4,JERKING,efafd309f206
1775670516574,1060701925808900,-0.8475474,-10.0341,0.78769237,6.1086525E-4,-0.016493361,0.0,JERKING,efafd309f206
1775670516582,1060701933832603,-0.8643068,-10.024523,0.7781156,0.0,-0.016493361,6.1086525E-4,JERKING,efafd309f206
1775670516590,1060701941827921,-0.842759,-10.0341,0.770933,-6.1086525E-4,-0.017104227,6.1086525E-4,JERKING,efafd309f206
1775670516598,1060701949823623,-0.8403648,-10.0341,0.7685388,-0.002443461,-0.017104227,0.002443461,JERKING,efafd309f206
1775670516606,1060701957820864,-0.8523358,-10.038888,0.7781156,-0.004276057,-0.015882496,0.002443461,JERKING,efafd309f206
1775670516614,1060701965814490,-0.8571242,-10.031705,0.79487497,-0.002443461,-0.015882496,0.0036651916,JERKING,efafd309f206
1775670516622,1060701973810192,-0.8475474,-10.012551,0.79966336,-0.0030543262,-0.016493361,0.004886922,JERKING,efafd309f206
1775670516630,1060701981806203,-0.8762778,-10.01734,0.79248077,-0.0036651916,-0.015271631,0.0012217305,JERKING,efafd309f206
1775670516638,1060701989833828,-0.830788,-10.024523,0.80205756,-0.005497787,-0.014049901,0.0018325958,JERKING,efafd309f206
1775670516646,1060701997828993,-0.8714894,-10.01734,0.82360536,-0.005497787,-0.012217305,0.0012217305,JERKING,efafd309f206
1775670516654,1060702005825849,-0.878672,-10.019734,0.79008657,-0.004886922,-0.01282817,0.0,JERKING,efafd309f206
1775670516662,1060702013844628,-0.8738836,-10.010158,0.80924016,-0.004276057,-0.010995574,-6.1086525E-4,JERKING,efafd309f206
1775670516670,1060702021785332,-0.878672,-10.007763,0.79726917,-0.002443461,-0.01282817,-6.1086525E-4,JERKING,efafd309f206
1775670516678,1060702029812034,-0.866701,-9.993398,0.8283938,-0.0036651916,-0.01160644,-0.0012217305,JERKING,efafd309f206
1775670516686,1060702037809044,-0.8738836,-9.993398,0.81642276,-0.002443461,-0.009162978,-6.1086525E-4,JERKING,efafd309f206
1775670516694,1060702045832362,-0.878672,-10.019734,0.830788,-0.004886922,-0.009773844,0.0,JERKING,efafd309f206
1775670516702,1060702053827834,-0.8499416,-10.01734,0.8379706,-0.005497787,-0.010995574,0.0012217305,JERKING,efafd309f206
1775670516710,1060702061824383,-0.85473,-10.029311,0.8451532,-0.005497787,-0.012217305,0.0012217305,JERKING,efafd309f206
1775670516718,1060702069819546,-0.8738836,-10.024523,0.80924016,-0.004276057,-0.01160644,0.002443461,JERKING,efafd309f206
1775670516726,1060702077816711,-0.878672,-10.0269165,0.81642276,-0.004886922,-0.009162978,0.004886922,JERKING,efafd309f206
1775670516734,1060702085810568,-0.8834604,-10.04607,0.79966336,-0.002443461,-0.0067195175,0.0036651916,JERKING,efafd309f206
1775670516742,1060702093807808,-0.8810662,-10.010158,0.80924016,-0.004276057,-0.004886922,6.1086525E-4,JERKING,efafd309f206
1775670516750,1060702101802049,-0.89064306,-10.019734,0.79726917,-0.0030543262,-0.002443461,0.0030543262,JERKING,efafd309f206
1775670516758,1060702109798599,-0.90500826,-9.995792,0.79487497,-0.0030543262,-0.0018325958,6.1086525E-4,JERKING,efafd309f206
1775670516766,1060702117825070,-0.89782566,-9.993398,0.81163436,-0.002443461,6.1086525E-4,-0.0012217305,JERKING,efafd309f206
1775670516774,1060702125788772,-0.8858546,-9.998186,0.79966336,-0.002443461,0.0030543262,0.002443461,JERKING,efafd309f206
1775670516782,1060702133814629,-0.8810662,-9.993398,0.79248077,-0.002443461,0.002443461,0.0018325958,JERKING,efafd309f206
1775670516790,1060702141811563,-0.8738836,-10.012551,0.79487497,-0.0030543262,0.004886922,0.0012217305,JERKING,efafd309f206
1775670516798,1060702149805727,-0.8619126,-10.007763,0.80924016,-0.0030543262,0.0036651916,6.1086525E-4,JERKING,efafd309f206
1775670516806,1060702157833121,-0.8523358,-10.01734,0.79008657,-0.0030543262,0.002443461,0.002443461,JERKING,efafd309f206
1775670516814,1060702165827286,-0.8595184,-10.019734,0.78769237,-0.0036651916,6.1086525E-4,6.1086525E-4,JERKING,efafd309f206
1775670516822,1060702173309449,-0.8451532,-10.029311,0.78050977,-0.004886922,-0.002443461,0.002443461,JERKING,efafd309f206
1775670516830,1060702181689460,-0.8619126,-10.036493,0.7757214,-0.0036651916,-0.0018325958,0.0012217305,JERKING,efafd309f206
1775670516838,1060702189814085,-0.8595184,-10.041282,0.78050977,-0.007330383,-0.0036651916,0.0012217305,JERKING,efafd309f206
1775670516846,1060702197811635,-0.8571242,-10.01734,0.7757214,-0.007941248,-0.004276057,6.1086525E-4,JERKING,efafd309f206
1775670516854,1060702205839030,-0.8595184,-10.0341,0.78290397,-0.007941248,-0.004276057,0.0018325958,JERKING,efafd309f206
1775670516862,1060702213831424,-0.8762778,-10.024523,0.79726917,-0.007941248,-0.0030543262,0.0,JERKING,efafd309f206
1775670516870,1060702221827743,-0.8595184,-10.022128,0.78769237,-0.009162978,-0.0030543262,0.0,JERKING,efafd309f206
1775670516878,1060702229823445,-0.866701,-10.0341,0.79966336,-0.008552114,-0.0012217305,6.1086525E-4,JERKING,efafd309f206
1775670516886,1060702237819686,-0.8762778,-10.022128,0.82121116,-0.009773844,-0.0018325958,0.002443461,JERKING,efafd309f206
1775670516894,1060702245815465,-0.878672,-10.0269165,0.80684596,-0.01038471,-6.1086525E-4,6.1086525E-4,JERKING,efafd309f206
1775670516902,1060702253865630,-0.8643068,-10.022128,0.79008657,-0.009162978,-0.002443461,6.1086525E-4,JERKING,efafd309f206
1775670516910,1060702261806179,-0.8738836,-10.022128,0.80684596,-0.009162978,0.0,0.0018325958,JERKING,efafd309f206
1775670516918,1060702269802573,-0.8499416,-9.995792,0.80445176,-0.012217305,-6.1086525E-4,0.002443461,JERKING,efafd309f206
1775670516926,1060702277424352,-0.8499416,-10.000581,0.81642276,-0.01038471,-0.0012217305,0.0018325958,JERKING,efafd309f206
1775670516934,1060702285825056,-0.8523358,-9.995792,0.8331822,-0.009773844,-6.1086525E-4,0.0018325958,JERKING,efafd309f206
1775670516942,1060702293818835,-0.85473,-10.019734,0.81642276,-0.01038471,0.0,6.1086525E-4,JERKING,efafd309f206
1775670516950,1060702301813922,-0.866701,-10.0029745,0.82599956,-0.008552114,-0.0018325958,0.0,JERKING,efafd309f206
1775670516958,1060702309812087,-0.8738836,-9.974244,0.842759,-0.007941248,-0.0018325958,-0.0018325958,JERKING,efafd309f206
1775670516966,1060702317797712,-0.89064306,-10.0029745,0.8283938,-0.0061086523,-0.0018325958,-0.0018325958,JERKING,efafd309f206
1775670516974,1060702325802338,-0.8834604,-9.983821,0.842759,-0.0061086523,-0.002443461,-6.1086525E-4,JERKING,efafd309f206
1775670516982,1060702333826348,-0.89303726,-10.000581,0.81881696,-0.0030543262,-0.0036651916,0.0,JERKING,efafd309f206
1775670516990,1060702341824436,-0.89303726,-10.01734,0.81642276,-0.0030543262,-0.005497787,6.1086525E-4,JERKING,efafd309f206
1775670516998,1060702349782599,-0.866701,-10.029311,0.81163436,-0.004886922,-0.0067195175,0.0012217305,JERKING,efafd309f206
1775670517006,1060702357815609,-0.866701,-10.012551,0.79487497,-0.0030543262,-0.004886922,0.002443461,JERKING,efafd309f206
1775670517014,1060702365811004,-0.878672,-10.022128,0.78290397,-0.002443461,-0.004886922,0.002443461,JERKING,efafd309f206
1775670517022,1060702373860861,-0.8762778,-10.024523,0.78529817,-0.002443461,-0.0061086523,0.002443461,JERKING,efafd309f206
1775670517030,1060702381802025,-0.8619126,-10.012551,0.7685388,-0.0018325958,-0.0018325958,0.004276057,JERKING,efafd309f206
1775670517038,1060702389882727,-0.8762778,-10.022128,0.7613561,-0.002443461,-6.1086525E-4,0.0012217305,JERKING,efafd309f206
1775670517046,1060702397823662,-0.8643068,-10.01734,0.7685388,-0.002443461,0.0,0.0030543262,JERKING,efafd309f206
1775670517054,1060702405819287,-0.8882488,-10.012551,0.7445967,-0.0012217305,6.1086525E-4,0.0012217305,JERKING,efafd309f206
1775670517062,1060702413814759,-0.8858546,-10.029311,0.7589619,-0.0018325958,0.0030543262,0.0018325958,JERKING,efafd309f206
1775670517070,1060702421435384,-0.8810662,-10.041282,0.7661445,-0.002443461,0.0036651916,0.0018325958,JERKING,efafd309f206
1775670517078,1060702429805472,-0.866701,-10.038888,0.7661445,-0.004886922,0.0036651916,0.002443461,JERKING,efafd309f206
1775670517086,1060702437833482,-0.8810662,-10.04607,0.7733272,-0.004886922,0.0036651916,0.0018325958,JERKING,efafd309f206
1775670517094,1060702445826723,-0.8595184,-10.048465,0.7637503,-0.0061086523,0.0030543262,0.0018325958,JERKING,efafd309f206
1775670517102,1060702453753887,-0.8595184,-10.041282,0.7685388,-0.008552114,0.002443461,0.0018325958,JERKING,efafd309f206
1775670517110,1060702461819051,-0.866701,-10.0508585,0.7469909,-0.009773844,0.0012217305,0.0012217305,JERKING,efafd309f206
1775670517118,1060702469815677,-0.8643068,-10.031705,0.7565677,-0.01160644,-6.1086525E-4,0.0018325958,JERKING,efafd309f206
1775670517126,1060702477811071,-0.8523358,-10.0269165,0.7517793,-0.012217305,-0.0012217305,0.0018325958,JERKING,efafd309f206
1775670517134,1060702485301005,-0.8571242,-10.038888,0.7565677,-0.01038471,0.0,0.0018325958,JERKING,efafd309f206
1775670517142,1060702493831477,-0.8810662,-10.024523,0.7781156,-0.008552114,0.0018325958,0.0012217305,JERKING,efafd309f206
1775670517150,1060702501826256,-0.8882488,-9.991004,0.7541735,-0.0067195175,0.004886922,0.0012217305,JERKING,efafd309f206
1775670517158,1060702509822882,-0.89782566,-10.0029745,0.7469909,-0.0067195175,0.005497787,-6.1086525E-4,JERKING,efafd309f206
1775670517166,1060702517817354,-0.90740246,-10.005369,0.7541735,-0.0067195175,0.004886922,6.1086525E-4,JERKING,efafd309f206
1775670517174,1060702525815134,-0.866701,-9.998186,0.7445967,-0.0067195175,0.004276057,0.0018325958,JERKING,efafd309f206
1775670517182,1060702533808374,-0.8523358,-10.024523,0.7158663,-0.007330383,0.0036651916,0.0012217305,JERKING,efafd309f206
1775670517190,1060702541804770,-0.8475474,-10.005369,0.7230489,-0.007330383,0.0036651916,0.0012217305,JERKING,efafd309f206
1775670517198,1060702549830242,-0.8355764,-10.0269165,0.7254431,-0.008552114,0.0030543262,0.004276057,JERKING,efafd309f206
1775670517206,1060702557828175,-0.8379706,-10.0341,0.7158663,-0.008552114,0.0012217305,0.004886922,JERKING,efafd309f206
1775670517670,1060703021815772,-0.8738836,-10.005369,0.6991069,-0.009162978,0.0036651916,0.0030543262,JERKING,efafd309f206
1775670517678,1060703029812166,-0.89064306,-10.005369,0.6895301,-0.009162978,0.0018325958,0.0012217305,JERKING,efafd309f206
1775670517686,1060703037808793,-0.90740246,-10.005369,0.7158663,-0.0012217305,0.0067195175,-6.1086525E-4,JERKING,efafd309f206
1775670517694,1060703045833957,-0.91458505,-10.0029745,0.7326257,-0.0018325958,0.0067195175,0.0,JERKING,efafd309f206
1775670517702,1060703053829428,-0.90261406,-9.986216,0.7254431,6.1086525E-4,0.0067195175,6.1086525E-4,JERKING,efafd309f206
1775670517710,1060703061826055,-0.90021986,-10.000581,0.7374141,6.1086525E-4,0.009773844,0.0,JERKING,efafd309f206
1775670517718,1060703069820526,-0.92176765,-10.014946,0.7302315,0.002443461,0.009162978,0.0018325958,JERKING,efafd309f206
1775670517727,1060703078060459,-0.92176765,-10.019734,0.7206547,0.004886922,0.008552114,6.1086525E-4,JERKING,efafd309f206
1775670517734,1060703085811239,-0.90021986,-10.010158,0.7398083,0.0067195175,0.009162978,0.0,JERKING,efafd309f206
1775670517742,1060703093814634,-0.91697925,-10.0029745,0.7422025,0.007330383,0.007941248,0.0,JERKING,efafd309f206
1775670517750,1060703101835260,-0.8834604,-10.000581,0.7589619,0.007941248,0.005497787,-6.1086525E-4,JERKING,efafd309f206
1775670517758,1060703109829500,-0.90979666,-10.007763,0.7158663,0.008552114,0.004886922,6.1086525E-4,JERKING,efafd309f206
1775670517766,1060703117826358,-0.8834604,-9.986216,0.7206547,0.009773844,0.004276057,0.0018325958,JERKING,efafd309f206
1775670517774,1060703125820598,-0.8810662,-10.005369,0.7015011,0.010995574,0.004276057,0.0012217305,JERKING,efafd309f206
1775670517782,1060703133816608,-0.90261406,-9.998186,0.6799533,0.014049901,0.004276057,6.1086525E-4,JERKING,efafd309f206
1775670517790,1060703141812311,-0.91458505,-10.012551,0.6751649,0.015882496,0.004886922,-6.1086525E-4,JERKING,efafd309f206
1775670517798,1060703149807399,-0.92895025,-10.000581,0.6655881,0.016493361,0.005497787,-6.1086525E-4,JERKING,efafd309f206
1775670517806,1060703157835332,-0.93613285,-10.000581,0.6727707,0.016493361,0.0061086523,-0.0012217305,JERKING,efafd309f206
1775670517814,1060703165830496,-0.92655605,-9.995792,0.6775591,0.015882496,0.0067195175,0.0,JERKING,efafd309f206
1775670517822,1060703173825890,-0.89782566,-10.012551,0.6751649,0.014660766,0.005497787,6.1086525E-4,JERKING,efafd309f206
1775670517830,1060703181306823,-0.90261406,-10.014946,0.6799533,0.014660766,0.008552114,-6.1086525E-4,JERKING,efafd309f206
1775670517838,1060703189815757,-0.8882488,-10.010158,0.6823475,0.015271631,0.010995574,-0.0018325958,JERKING,efafd309f206
1775670517846,1060703197812921,-0.90021986,-10.024523,0.6967127,0.013439035,0.009162978,0.0,JERKING,efafd309f206
1775670517854,1060703205807163,-0.8882488,-10.036493,0.6823475,0.013439035,0.009162978,-0.0018325958,JERKING,efafd309f206
1775670517862,1060703213321249,-0.878672,-10.041282,0.6943185,0.012217305,0.0067195175,-0.0018325958,JERKING,efafd309f206
1775670517870,1060703221828645,-0.90740246,-10.048465,0.7110779,0.012217305,0.005497787,-6.1086525E-4,JERKING,efafd309f206
1775670517878,1060703229824116,-0.8882488,-10.065224,0.7254431,0.010995574,0.0067195175,-6.1086525E-4,JERKING,efafd309f206
1775670517886,1060703237821666,-0.8810662,-10.048465,0.7278373,0.01282817,0.0030543262,-0.002443461,JERKING,efafd309f206
1775670517894,1060703245816753,-0.8619126,-10.036493,0.7158663,0.009773844,0.004276057,-6.1086525E-4,JERKING,efafd309f206
1775670517902,1060703253866916,-0.8714894,-10.014946,0.7206547,0.010995574,0.0018325958,-0.0012217305,JERKING,efafd309f206
1775670517910,1060703261806542,-0.8714894,-10.0269165,0.7158663,0.012217305,6.1086525E-4,-0.0030543262,JERKING,efafd309f206
1775670517918,1060703269803168,-0.866701,-10.007763,0.6967127,0.013439035,0.0,-0.0036651916,JERKING,efafd309f206
1775670517926,1060703277799871,-0.8690952,-10.007763,0.7086837,0.013439035,-0.0018325958,-0.004886922,JERKING,efafd309f206
1775670517934,1060703285823496,-0.8882488,-10.007763,0.7062895,0.013439035,-6.1086525E-4,-0.0036651916,JERKING,efafd309f206
1775670517942,1060703293820430,-0.89303726,-10.0269165,0.7110779,0.01282817,0.0018325958,-0.005497787,JERKING,efafd309f206
1775670517950,1060703301815517,-0.866701,-10.000581,0.7302315,0.012217305,0.0012217305,-0.004276057,JERKING,efafd309f206
1775670517958,1060703309836219,-0.8810662,-10.0029745,0.7445967,0.012217305,0.004276057,-0.0036651916,JERKING,efafd309f206
1775670517966,1060703317806691,-0.878672,-10.014946,0.7565677,0.009773844,0.0018325958,-0.004276057,JERKING,efafd309f206
1775670517974,1060703325832779,-0.8882488,-10.007763,0.7445967,0.009162978,0.002443461,-0.004276057,JERKING,efafd309f206
1775670517982,1060703333831020,-0.90740246,-10.012551,0.7398083,0.01160644,0.0018325958,-0.0036651916,JERKING,efafd309f206
1775670517990,1060703341824568,-0.89543146,-10.01734,0.7493851,0.010995574,0.0012217305,-0.0036651916,JERKING,efafd309f206
1775670517998,1060703349818425,-0.89782566,-10.019734,0.7541735,0.01160644,0.002443461,-0.0030543262,JERKING,efafd309f206
1775670518006,1060703357351050,-0.89543146,-10.024523,0.7398083,0.01160644,6.1086525E-4,-0.0036651916,JERKING,efafd309f206
1775670518014,1060703365812522,-0.90021986,-10.010158,0.7493851,0.01160644,0.0012217305,-0.0036651916,JERKING,efafd309f206
1775670518022,1060703373707609,-0.90979666,-10.031705,0.78290397,0.01038471,0.0012217305,-0.0030543262,JERKING,efafd309f206
1775670518030,1060703381803389,-0.89543146,-10.031705,0.7661445,0.01160644,6.1086525E-4,-0.004276057,JERKING,efafd309f206
1775670518038,1060703389829553,-0.8714894,-10.022128,0.770933,0.01160644,0.0018325958,-0.004886922,JERKING,efafd309f206
1775670518046,1060703397826179,-0.8714894,-10.014946,0.7589619,0.01038471,0.0018325958,-0.004886922,JERKING,efafd309f206
1775670518054,1060703405821189,-0.89064306,-9.986216,0.7493851,0.012217305,0.0018325958,-0.004886922,JERKING,efafd309f206
1775670518062,1060703413814200,-0.8882488,-9.974244,0.7781156,0.012217305,6.1086525E-4,-0.0036651916,JERKING,efafd309f206
1775670518070,1060703421810133,-0.8882488,-9.952697,0.78769237,0.015271631,-0.0018325958,-0.0030543262,JERKING,efafd309f206
1775670518078,1060703429807989,-0.8834604,-9.945514,0.7565677,0.018325957,-0.002443461,-0.0061086523,JERKING,efafd309f206
1775670518086,1060703437835154,-0.89064306,-9.981427,0.7374141,0.02076942,-0.004276057,-0.0061086523,JERKING,efafd309f206
1775670518094,1060703445828010,-0.89303726,-9.976639,0.7326257,0.02321288,-0.007941248,-0.0036651916,JERKING,efafd309f206
1775670518158,1060703509895950,-0.90261406,-10.055647,0.6895301,0.02076942,-0.014660766,-0.0018325958,JERKING,efafd309f206
1775670518166,1060703517922109,-0.90500826,-10.058042,0.6751649,0.020158553,-0.013439035,-0.0030543262,JERKING,efafd309f206
1775670518174,1060703525887269,-0.91937345,-10.048465,0.6751649,0.017715093,-0.014660766,-0.0036651916,JERKING,efafd309f206
1775670518182,1060703533882737,-0.8834604,-10.038888,0.6655881,0.017715093,-0.008552114,-0.002443461,JERKING,efafd309f206
1775670518190,1060703541791667,-0.8882488,-10.0269165,0.6703765,0.016493361,-0.0067195175,-0.004886922,JERKING,efafd309f206
1775670518198,1060703549817750,-0.8762778,-10.0341,0.7062895,0.014049901,-0.0018325958,-0.004276057,JERKING,efafd309f206
1775670518206,1060703557814679,-0.8762778,-10.036493,0.7110779,0.01282817,-0.0012217305,-0.0061086523,JERKING,efafd309f206
1775670518214,1060703565808916,-0.8858546,-10.029311,0.7086837,0.014049901,-6.1086525E-4,-0.005497787,JERKING,efafd309f206
1775670518222,1060703573804537,-0.8690952,-10.0269165,0.7398083,0.014660766,0.0,-0.007330383,JERKING,efafd309f206
1775670518230,1060703581802082,-0.8571242,-10.005369,0.7398083,0.01282817,-0.004886922,-0.0061086523,JERKING,efafd309f206
1775670518238,1060703589804242,-0.8499416,-10.014946,0.7374141,0.012217305,-0.0030543262,-0.007330383,JERKING,efafd309f206
1775670518246,1060703597823940,-0.842759,-10.012551,0.7350199,0.01282817,-0.0067195175,-0.007941248,JERKING,efafd309f206
1775670518254,1060703605819332,-0.8571242,-9.995792,0.7422025,0.012217305,-0.007941248,-0.008552114,JERKING,efafd309f206
1775670518262,1060703613815030,-0.878672,-10.01734,0.7278373,0.014049901,-0.01038471,-0.007941248,JERKING,efafd309f206
1775670518270,1060703621809267,-0.8834604,-10.019734,0.6967127,0.013439035,-0.009162978,-0.0067195175,JERKING,efafd309f206
# SUMMARY,duration_ms=42414,accN=2546,gyroN=2551,accAvg=(-0.847911327000406,-10.016559433019358,0.7894029055289684),gyroAvg=(4.183385241749324E-4,8.184780154834669E-4,-3.3117468873263776E-4)
