# epoch_ms,event_ts_ns,AX,AY,AZ,GX,GY,GZ,label,sessionID
1775671917337,1062102687797249,2.765303,-1.2689269,-9.244013,NaN,NaN,NaN,TONIC,08626e289f71
1775671917345,1062102695884244,2.7748797,-1.2569559,-9.234436,0.0,0.0030543262,-0.0018325958,TONIC,08626e289f71
1775671917353,1062102703881470,2.765303,-1.2665327,-9.244013,0.0,0.0030543262,-0.0018325958,TONIC,08626e289f71
1775671917361,1062102711874773,2.755726,-1.2617443,-9.234436,0.0,0.0030543262,-0.0018325958,TONIC,08626e289f71
1775671917369,1062102719872538,2.7605145,-1.2808979,-9.248801,0.0,0.0030543262,-0.0018325958,TONIC,08626e289f71
1775671917377,1062102727867687,2.7748797,-1.271321,-9.222465,0.0,0.0030543262,-0.0018325958,TONIC,08626e289f71
1775671917385,1062102735861528,2.7581203,-1.2617443,-9.241618,0.0,0.0030543262,-0.0018325958,TONIC,08626e289f71
1775671917393,1062102743887908,2.7700913,-1.292869,-9.241618,0.0,0.0030543262,-0.0018325958,TONIC,08626e289f71
1775671917401,1062102751884211,2.789245,-1.2689269,-9.241618,0.0,0.0030543262,-0.0018325958,TONIC,08626e289f71
1775671917409,1062102759879668,2.7724855,-1.292869,-9.255983,0.0,0.0030543262,-0.0018325958,TONIC,08626e289f71
1775671917417,1062102767877124,2.767697,-1.2737153,-9.229648,0.0,0.0030543262,-0.0018325958,TONIC,08626e289f71
1775671917425,1062102775870120,2.7509377,-1.2880806,-9.227253,0.0,0.0030543262,-0.0018325958,TONIC,08626e289f71
1775671917433,1062102783866731,2.7700913,-1.2665327,-9.229648,0.0,0.0030543262,-0.0018325958,TONIC,08626e289f71
1775671917441,1062102791861803,2.767697,-1.271321,-9.232041,0.0,0.0030543262,-0.0018325958,TONIC,08626e289f71
1775671917449,1062102799889182,2.777274,-1.283292,-9.215282,0.0,0.0030543262,-0.0018325958,TONIC,08626e289f71
1775671917457,1062102807886639,2.7964275,-1.2880806,-9.222465,0.0,0.0030543262,-0.0018325958,TONIC,08626e289f71
1775671917465,1062102815879250,2.779668,-1.2880806,-9.220071,0.0,0.0030543262,-0.0018325958,TONIC,08626e289f71
1775671917473,1062102823875322,2.767697,-1.2880806,-9.208099,-6.1086525E-4,0.0,0.004886922,TONIC,08626e289f71
1775671917481,1062102831871009,2.7844565,-1.2880806,-9.224859,-6.1086525E-4,-0.0018325958,0.002443461,TONIC,08626e289f71
1775671917489,1062102839865389,2.7868507,-1.2761095,-9.23683,-0.0018325958,-0.0036651916,0.0030543262,TONIC,08626e289f71
1775671917497,1062102847864462,2.789245,-1.2737153,-9.227253,-0.0018325958,-0.002443461,0.0030543262,TONIC,08626e289f71
1775671917505,1062102855889380,2.777274,-1.283292,-9.239224,-0.0012217305,-0.0030543262,0.002443461,TONIC,08626e289f71
1775671917513,1062102863884529,2.777274,-1.292869,-9.217676,-0.0030543262,-0.004886922,0.0030543262,TONIC,08626e289f71
1775671917521,1062102871879216,2.7748797,-1.2785037,-9.222465,-0.0018325958,-0.002443461,6.1086525E-4,TONIC,08626e289f71
1775671917529,1062102879874366,2.7748797,-1.2808979,-9.222465,-0.0012217305,-0.0030543262,0.0012217305,TONIC,08626e289f71
1775671917537,1062102887872207,2.7700913,-1.2761095,-9.232041,0.0,-0.0030543262,0.0012217305,TONIC,08626e289f71
1775671917545,1062102895867279,2.801216,-1.3144168,-9.260772,-0.0012217305,-0.0036651916,0.002443461,TONIC,08626e289f71
1775671917553,1062102903861351,2.767697,-1.2808979,-9.217676,0.0018325958,-0.0012217305,0.0,TONIC,08626e289f71
1775671917561,1062102911888809,2.7509377,-1.2737153,-9.222465,6.1086525E-4,-0.0012217305,-0.0012217305,TONIC,08626e289f71
1775671917569,1062102919883881,2.791639,-1.3072342,-9.222465,0.0,-0.002443461,6.1086525E-4,TONIC,08626e289f71
1775671917577,1062102927878568,2.7868507,-1.2473791,-9.220071,0.0,6.1086525E-4,0.002443461,TONIC,08626e289f71
1775671917585,1062102935875794,2.7629087,-1.271321,-9.210494,0.0,-0.0030543262,6.1086525E-4,TONIC,08626e289f71
1775671917593,1062102943870021,2.755726,-1.2761095,-9.200917,-6.1086525E-4,0.0,-6.1086525E-4,TONIC,08626e289f71
1775671917601,1062102951866016,2.765303,-1.2737153,-9.210494,-6.1086525E-4,-6.1086525E-4,0.0018325958,TONIC,08626e289f71
1775671917609,1062102959861626,2.7605145,-1.2761095,-9.210494,-6.1086525E-4,0.0,0.0012217305,TONIC,08626e289f71
1775671917617,1062102967888160,2.7700913,-1.271321,-9.227253,-0.0012217305,-0.002443461,0.0,TONIC,08626e289f71
1775671917625,1062102975881617,2.767697,-1.2641385,-9.212888,-0.0012217305,-0.0012217305,6.1086525E-4,TONIC,08626e289f71
1775671917633,1062102983878535,2.7629087,-1.2665327,-9.212888,-0.0018325958,-0.0012217305,0.0,TONIC,08626e289f71
1775671917641,1062102991874299,2.765303,-1.2545617,-9.232041,-0.0018325958,-0.0018325958,6.1086525E-4,TONIC,08626e289f71
1775671917649,1062102999871141,2.755726,-1.2737153,-9.220071,-0.0012217305,-0.0018325958,0.0036651916,TONIC,08626e289f71
1775671917657,1062103007868060,2.755726,-1.2665327,-9.232041,-6.1086525E-4,-6.1086525E-4,0.0030543262,TONIC,08626e289f71
1775671917665,1062103015862516,2.755726,-1.2808979,-9.224859,-0.0012217305,0.0018325958,0.0036651916,TONIC,08626e289f71
1775671917673,1062103023886896,2.7605145,-1.2258313,-9.224859,-6.1086525E-4,0.0,0.004276057,TONIC,08626e289f71
1775671917681,1062103031884045,2.743755,-1.3192052,-9.232041,-6.1086525E-4,0.002443461,0.004276057,TONIC,08626e289f71
1775671917689,1062103039878272,2.7485435,-1.283292,-9.224859,0.0,0.005497787,0.0036651916,TONIC,08626e289f71
1775671917697,1062103047875805,2.7485435,-1.2808979,-9.205706,0.0012217305,6.1086525E-4,0.002443461,TONIC,08626e289f71
1775671917705,1062103055869646,2.7006595,-1.2449849,-9.200917,6.1086525E-4,0.005497787,0.0030543262,TONIC,08626e289f71
1775671917713,1062103063865026,2.741361,-1.2330139,-9.229648,0.0,0.0036651916,0.0030543262,TONIC,08626e289f71
1775671917721,1062103071861022,2.767697,-1.3239936,-9.19134,0.0018325958,0.0012217305,0.005497787,TONIC,08626e289f71
1775671917729,1062103079888094,2.7461493,-1.2641385,-9.220071,-0.004276057,0.007330383,0.004886922,TONIC,08626e289f71
1775671917737,1062103087885243,2.7006595,-1.30484,-9.208099,-0.002443461,0.0,0.0030543262,TONIC,08626e289f71
1775671917745,1062103095878161,2.7461493,-1.2569559,-9.196129,-0.0036651916,0.0067195175,0.0018325958,TONIC,08626e289f71
1775671917753,1062103103873541,2.7461493,-1.2234371,-9.217676,-0.004276057,0.009162978,0.0030543262,TONIC,08626e289f71
1775671917761,1062103111870536,2.7365725,-1.2354081,-9.220071,-0.0030543262,0.0,0.002443461,TONIC,08626e289f71
1775671917769,1062103119864916,2.731784,-1.2425907,-9.208099,-0.0018325958,0.005497787,0.0018325958,TONIC,08626e289f71
1775671917777,1062103127891988,2.7461493,-1.2449849,-9.215282,-0.0018325958,0.0012217305,0.0018325958,TONIC,08626e289f71
1775671917785,1062103135886214,2.765303,-1.2521675,-9.208099,-0.0012217305,0.0012217305,0.0036651916,TONIC,08626e289f71
1775671917793,1062103143883133,2.7844565,-1.2689269,-9.198523,-0.0012217305,0.0030543262,0.0030543262,TONIC,08626e289f71
1775671917801,1062103151878513,2.7629087,-1.2737153,-9.205706,-0.0018325958,0.0012217305,0.0030543262,TONIC,08626e289f71
1775671917809,1062103159872584,2.789245,-1.283292,-9.200917,-0.0012217305,6.1086525E-4,0.0036651916,TONIC,08626e289f71
1775671917817,1062103167869503,2.7820623,-1.2641385,-9.208099,-0.0036651916,0.002443461,0.0036651916,TONIC,08626e289f71
1775671917825,1062103175865883,2.7868507,-1.2761095,-9.205706,-0.004276057,0.0,0.0036651916,TONIC,08626e289f71
1775671917833,1062103183890417,2.789245,-1.2856863,-9.193734,-0.0030543262,0.0018325958,0.004276057,TONIC,08626e289f71
1775671917841,1062103191886489,2.7844565,-1.2737153,-9.215282,-0.0012217305,0.0030543262,0.004276057,TONIC,08626e289f71
1775671917849,1062103199882407,2.7964275,-1.2856863,-9.205706,-0.0018325958,0.0018325958,0.0036651916,TONIC,08626e289f71
1775671917857,1062103207878403,2.7940333,-1.283292,-9.232041,-0.0012217305,0.0018325958,0.0036651916,TONIC,08626e289f71
1775671917865,1062103215874475,2.789245,-1.2761095,-9.210494,-0.0012217305,0.002443461,0.0036651916,TONIC,08626e289f71
1775671917873,1062103223869162,2.7844565,-1.2761095,-9.210494,-0.0012217305,0.0,0.0036651916,TONIC,08626e289f71
1775671917881,1062103231864234,2.7748797,-1.2904748,-9.198523,-0.002443461,0.0030543262,0.0036651916,TONIC,08626e289f71
1775671917889,1062103239889768,2.7700913,-1.2689269,-9.208099,-0.0018325958,0.0018325958,0.002443461,TONIC,08626e289f71
1775671917897,1062103247888225,2.7844565,-1.2952632,-9.217676,-0.0030543262,0.0,0.002443461,TONIC,08626e289f71
1775671917905,1062103255883066,2.7629087,-1.2856863,-9.205706,-0.0036651916,0.0,0.002443461,TONIC,08626e289f71
1775671917913,1062103263877138,2.7844565,-1.283292,-9.220071,-0.0030543262,0.0,0.0030543262,TONIC,08626e289f71
1775671917921,1062103271873134,2.7700913,-1.2785037,-9.217676,-0.002443461,-0.0012217305,0.0036651916,TONIC,08626e289f71
1775671917929,1062103279867668,2.755726,-1.2880806,-9.210494,-0.0012217305,-6.1086525E-4,0.0030543262,TONIC,08626e289f71
1775671917937,1062103287864893,2.765303,-1.2665327,-9.215282,-0.0018325958,6.1086525E-4,0.002443461,TONIC,08626e289f71
1775671917945,1062103295915273,2.7605145,-1.2952632,-9.212888,-0.0030543262,0.0012217305,0.0018325958,TONIC,08626e289f71
1775671917953,1062103303884884,2.7509377,-1.2880806,-9.220071,-6.1086525E-4,0.002443461,0.0018325958,TONIC,08626e289f71
1775671917961,1062103311880572,2.7700913,-1.2641385,-9.200917,-0.0018325958,0.0030543262,0.0,TONIC,08626e289f71
1775671917969,1062103319878336,2.765303,-1.2737153,-9.208099,-0.002443461,0.0036651916,6.1086525E-4,TONIC,08626e289f71
1775671917977,1062103327874946,2.755726,-1.2665327,-9.203311,-0.002443461,0.0018325958,0.0018325958,TONIC,08626e289f71
1775671917985,1062103335868173,2.7700913,-1.2737153,-9.220071,-6.1086525E-4,0.0012217305,-0.0018325958,TONIC,08626e289f71
1775671917993,1062103343863553,2.7629087,-1.2545617,-9.217676,-0.0018325958,0.0018325958,-0.0018325958,TONIC,08626e289f71
1775671918001,1062103351860240,2.767697,-1.2569559,-9.224859,-6.1086525E-4,0.004276057,-0.0012217305,TONIC,08626e289f71
1775671918009,1062103359885466,2.7748797,-1.2617443,-9.212888,-0.0018325958,0.0012217305,-6.1086525E-4,TONIC,08626e289f71
1775671918017,1062103367881770,2.7605145,-1.2569559,-9.212888,0.0,0.002443461,-0.0018325958,TONIC,08626e289f71
1775671918025,1062103375875842,2.791639,-1.2808979,-9.212888,0.0012217305,0.0018325958,-6.1086525E-4,TONIC,08626e289f71
1775671918033,1062103383872221,2.791639,-1.2545617,-9.196129,0.0,0.0030543262,0.0,TONIC,08626e289f71
1775671918041,1062103391868755,2.791639,-1.271321,-9.188946,-6.1086525E-4,0.0030543262,6.1086525E-4,TONIC,08626e289f71
1775671918049,1062103399863289,2.8179753,-1.2665327,-9.184157,-0.0018325958,0.0030543262,6.1086525E-4,TONIC,08626e289f71
1775671918057,1062103407860746,2.8203697,-1.2617443,-9.198523,-0.0012217305,0.0030543262,0.0036651916,TONIC,08626e289f71
1775671918065,1062103415886048,2.801216,-1.2785037,-9.198523,6.1086525E-4,0.0012217305,0.0030543262,TONIC,08626e289f71
1775671918073,1062103423880197,2.80361,-1.2808979,-9.188946,0.0,0.0012217305,0.0036651916,TONIC,08626e289f71
1775671918081,1062103431876192,2.8083985,-1.2761095,-9.174581,6.1086525E-4,-6.1086525E-4,0.005497787,TONIC,08626e289f71
1775671918089,1062103439872496,2.801216,-1.2880806,-9.198523,-0.0012217305,-6.1086525E-4,0.004886922,TONIC,08626e289f71
1775671918097,1062103447870337,2.813187,-1.2856863,-9.205706,-0.0018325958,-0.0012217305,0.0067195175,TONIC,08626e289f71
1775671918105,1062103455862563,2.7868507,-1.2761095,-9.208099,-0.0036651916,-0.002443461,0.0061086523,TONIC,08626e289f71
1775671918113,1062103463859250,2.7964275,-1.3000516,-9.208099,-0.0030543262,-0.0018325958,0.007330383,TONIC,08626e289f71
1775671918121,1062103471910016,2.7988217,-1.292869,-9.205706,-0.0030543262,-6.1086525E-4,0.007330383,TONIC,08626e289f71
1775671918129,1062103479850934,2.7868507,-1.2808979,-9.217676,-0.0018325958,-0.0018325958,0.007330383,TONIC,08626e289f71
1775671918137,1062103487878544,2.7820623,-1.2808979,-9.217676,-0.0030543262,-0.0030543262,0.007941248,TONIC,08626e289f71
1775671918145,1062103495927231,2.7748797,-1.2976574,-9.232041,-0.002443461,-0.0012217305,0.007330383,TONIC,08626e289f71
1775671918153,1062103503839535,2.7724855,-1.2880806,-9.229648,-0.0018325958,-0.0036651916,0.007330383,TONIC,08626e289f71
1775671918161,1062103511861992,2.7724855,-1.2856863,-9.203311,-0.0030543262,-0.002443461,0.005497787,TONIC,08626e289f71
1775671918169,1062103519890217,2.7700913,-1.3000516,-9.215282,-0.002443461,-0.0036651916,0.004886922,TONIC,08626e289f71
1775671918177,1062103527885059,2.7820623,-1.2808979,-9.200917,-0.0030543262,-0.0036651916,0.004276057,TONIC,08626e289f71
1775671918185,1062103535881670,2.789245,-1.2737153,-9.205706,-0.0036651916,-0.004886922,0.005497787,TONIC,08626e289f71
1775671918193,1062103543876742,2.7940333,-1.2856863,-9.210494,-0.0030543262,-0.0036651916,0.004276057,TONIC,08626e289f71
1775671918201,1062103551870583,2.789245,-1.2761095,-9.220071,-0.004276057,-0.0061086523,0.004276057,TONIC,08626e289f71
1775671918209,1062103559868117,2.789245,-1.2761095,-9.193734,-0.0036651916,-0.0061086523,0.0036651916,TONIC,08626e289f71
1775671918217,1062103567864728,2.791639,-1.2737153,-9.198523,-0.0030543262,-0.0061086523,0.0036651916,TONIC,08626e289f71
1775671918225,1062103575888723,2.801216,-1.2737153,-9.212888,-0.004886922,-0.0061086523,0.004886922,TONIC,08626e289f71
1775671918233,1062103583885333,2.801216,-1.2737153,-9.208099,-0.004276057,-0.0061086523,0.004886922,TONIC,08626e289f71
1775671918241,1062103591880944,2.7964275,-1.292869,-9.222465,-0.0030543262,-0.0061086523,0.004886922,TONIC,08626e289f71
1775671918249,1062103599874478,2.7748797,-1.2761095,-9.205706,-0.0036651916,-0.0061086523,0.0036651916,TONIC,08626e289f71
1775671918257,1062103607872089,2.779668,-1.2665327,-9.210494,-0.0036651916,-0.0067195175,0.004886922,TONIC,08626e289f71
1775671918265,1062103615865930,2.7940333,-1.2761095,-9.205706,-0.0030543262,-0.0036651916,0.0030543262,TONIC,08626e289f71
1775671918273,1062103623863463,2.7748797,-1.2689269,-9.203311,-0.002443461,-0.0036651916,0.004276057,TONIC,08626e289f71
1775671918281,1062103631888613,2.765303,-1.271321,-9.200917,-0.002443461,-0.004886922,0.0061086523,TONIC,08626e289f71
1775671918289,1062103639884378,2.7820623,-1.2497733,-9.203311,-0.002443461,-0.0030543262,0.004276057,TONIC,08626e289f71
1775671918297,1062103647879142,2.7748797,-1.2665327,-9.188946,-0.002443461,-0.0036651916,0.004886922,TONIC,08626e289f71
1775671918305,1062103655875445,2.7629087,-1.2617443,-9.203311,-0.002443461,-0.0036651916,0.004886922,TONIC,08626e289f71
1775671918313,1062103663870441,2.7581203,-1.2593501,-9.179369,-6.1086525E-4,-0.0036651916,0.0036651916,TONIC,08626e289f71
1775671918321,1062103671866128,2.767697,-1.2665327,-9.212888,0.0,-0.0030543262,0.005497787,TONIC,08626e289f71
1775671918329,1062103679917584,2.7748797,-1.2401965,-9.200917,0.0,-0.004276057,0.0061086523,TONIC,08626e289f71
1775671918337,1062103687857195,2.7581203,-1.2521675,-9.217676,6.1086525E-4,-0.002443461,0.0067195175,TONIC,08626e289f71
1775671918345,1062103695908883,2.7389667,-1.283292,-9.212888,0.0018325958,-6.1086525E-4,0.0067195175,TONIC,08626e289f71
1775671918353,1062103703878724,2.755726,-1.2952632,-9.208099,-6.1086525E-4,-0.0018325958,0.009162978,TONIC,08626e289f71
1775671918361,1062103711875335,2.731784,-1.2904748,-9.210494,0.0,-0.0012217305,0.007330383,TONIC,08626e289f71
1775671918369,1062103719870484,2.7341783,-1.2737153,-9.186552,-0.002443461,6.1086525E-4,0.0067195175,TONIC,08626e289f71
1775671918377,1062103727867710,2.7222073,-1.2808979,-9.186552,-0.0018325958,-6.1086525E-4,0.008552114,TONIC,08626e289f71
1775671918385,1062103735825859,2.7150247,-1.2617443,-9.217676,-0.0030543262,0.0012217305,0.01282817,TONIC,08626e289f71
1775671918393,1062103743859623,2.753332,-1.2641385,-9.241618,-0.0030543262,0.0012217305,0.01282817,TONIC,08626e289f71
1775671918401,1062103751883926,2.7509377,-1.2808979,-9.222465,-0.005497787,0.0,0.012217305,TONIC,08626e289f71
1775671918409,1062103759556230,2.7461493,-1.2689269,-9.258378,-0.004276057,6.1086525E-4,0.015271631,TONIC,08626e289f71
1775671918417,1062103767876610,2.753332,-1.2569559,-9.220071,-0.004886922,-0.0030543262,0.012217305,TONIC,08626e289f71
1775671918425,1062103775871912,2.753332,-1.2306197,-9.232041,-0.004886922,-6.1086525E-4,0.013439035,TONIC,08626e289f71
1775671918433,1062103783867677,2.7748797,-1.2258313,-9.200917,-0.0036651916,0.0,0.015882496,TONIC,08626e289f71
1775671918441,1062103791380519,2.755726,-1.2378023,-9.184157,-0.005497787,0.0,0.015271631,TONIC,08626e289f71
1775671918449,1062103799887668,2.755726,-1.2545617,-9.167398,-0.0012217305,6.1086525E-4,0.017715093,TONIC,08626e289f71
1775671918457,1062103807886124,2.7581203,-1.2665327,-9.179369,6.1086525E-4,0.002443461,0.017715093,TONIC,08626e289f71
1775671919249,1062104599930501,2.9520507,-1.3479356,-9.16261,0.0030543262,0.0036651916,0.018325957,TONIC,08626e289f71
1775671919257,1062104607987188,2.96881,-1.3718776,-9.172187,0.008552114,0.023823744,-0.007330383,TONIC,08626e289f71
1775671919265,1062104615927492,2.9616275,-1.3575124,-9.16261,0.007941248,0.020158553,-0.007941248,TONIC,08626e289f71
1775671919273,1062104623862256,2.9616275,-1.3790601,-9.179369,0.0061086523,0.015271631,-0.010995574,TONIC,08626e289f71
1775671919281,1062104631889251,2.9520507,-1.3551182,-9.160215,0.005497787,0.013439035,-0.014049901,TONIC,08626e289f71
1775671919289,1062104639884323,2.930503,-1.3431472,-9.153033,0.005497787,0.007330383,-0.015271631,TONIC,08626e289f71
1775671919297,1062104647881627,2.920926,-1.3215994,-9.141062,0.0012217305,0.0036651916,-0.019547688,TONIC,08626e289f71
1775671919305,1062104655874468,2.9017725,-1.2976574,-9.141062,-6.1086525E-4,0.0,-0.017715093,TONIC,08626e289f71
1775671919313,1062104663871156,2.896984,-1.2737153,-9.14585,-0.0012217305,-0.004276057,-0.017715093,TONIC,08626e289f71
1775671919321,1062104671864920,2.8802247,-1.2545617,-9.160215,-0.004276057,-0.008552114,-0.015271631,TONIC,08626e289f71
1775671919329,1062104679861224,2.8778305,-1.2425907,-9.165004,-0.0067195175,-0.013439035,-0.014660766,TONIC,08626e289f71
1775671919337,1062104687890142,2.8634653,-1.2258313,-9.196129,-0.0067195175,-0.018325957,-0.01160644,TONIC,08626e289f71
1775671919345,1062104695883060,2.870648,-1.2354081,-9.186552,-0.01038471,-0.021991149,-0.008552114,TONIC,08626e289f71
1775671919353,1062104703877824,2.8658595,-1.2258313,-9.176975,-0.010995574,-0.027488936,-0.008552114,TONIC,08626e289f71
1775671919362,1062104712026742,2.861071,-1.2162545,-9.179369,-0.009773844,-0.028710667,-0.008552114,TONIC,08626e289f71
1775671919369,1062104719869815,2.8514943,-1.2066777,-9.174581,-0.007941248,-0.028099801,-0.009162978,TONIC,08626e289f71
1775671919377,1062104727866425,2.846706,-1.1899183,-9.165004,-0.007330383,-0.028099801,-0.009162978,TONIC,08626e289f71
1775671919385,1062104735861805,2.834735,-1.1707647,-9.16261,-0.004886922,-0.026267206,-0.009162978,TONIC,08626e289f71
1775671919393,1062104743886492,2.8203697,-1.1947067,-9.200917,-0.0012217305,-0.023823744,-0.009773844,TONIC,08626e289f71
1775671919401,1062104751907950,2.815581,-1.1947067,-9.174581,0.0,-0.02321288,-0.009773844,TONIC,08626e289f71
1775671919409,1062104759881253,2.815581,-1.2138603,-9.198523,0.0,-0.021380283,-0.008552114,TONIC,08626e289f71
1775671919417,1062104767899094,2.80361,-1.2186487,-9.203311,0.0018325958,-0.02076942,-0.007941248,TONIC,08626e289f71
1775671919425,1062104775871627,2.8107927,-1.2354081,-9.186552,6.1086525E-4,-0.017715093,-0.009162978,TONIC,08626e289f71
1775671919433,1062104783890393,2.7988217,-1.2473791,-9.153033,0.0,-0.018325957,-0.01282817,TONIC,08626e289f71
1775671919441,1062104791863311,2.8060043,-1.2617443,-9.160215,0.0012217305,-0.016493361,-0.012217305,TONIC,08626e289f71
1775671919450,1062104800003690,2.801216,-1.271321,-9.167398,0.0018325958,-0.017104227,-0.012217305,TONIC,08626e289f71
1775671919457,1062104807854685,2.8107927,-1.292869,-9.184157,0.0067195175,-0.009773844,-0.015271631,TONIC,08626e289f71
1775671919465,1062104815933835,2.813187,-1.283292,-9.188946,0.007330383,-0.009162978,-0.014049901,TONIC,08626e289f71
1775671919473,1062104823874676,2.815581,-1.2785037,-9.215282,0.004276057,-0.009162978,-0.016493361,TONIC,08626e289f71
1775671919481,1062104831868594,2.813187,-1.2761095,-9.205706,0.004276057,-0.009162978,-0.016493361,TONIC,08626e289f71
1775671919489,1062104839890128,2.837129,-1.3072342,-9.215282,0.004276057,-0.008552114,-0.015882496,TONIC,08626e289f71
1775671919497,1062104847862355,2.825158,-1.271321,-9.241618,0.004276057,-0.008552114,-0.015882496,TONIC,08626e289f71
1775671919505,1062104855911888,2.822764,-1.2665327,-9.229648,0.0061086523,-0.004276057,-0.017715093,TONIC,08626e289f71
1775671919513,1062104863882037,2.8275523,-1.2473791,-9.222465,0.004276057,-0.005497787,-0.015271631,TONIC,08626e289f71
1775671919521,1062104871877494,2.815581,-1.2569559,-9.220071,0.004276057,-0.0030543262,-0.015882496,TONIC,08626e289f71
1775671919529,1062104879844490,2.8203697,-1.2665327,-9.205706,0.004276057,-0.005497787,-0.015271631,TONIC,08626e289f71
1775671919537,1062104887871254,2.8323407,-1.2545617,-9.196129,0.0036651916,-0.0067195175,-0.014660766,TONIC,08626e289f71
1775671919545,1062104895864557,2.8179753,-1.283292,-9.184157,0.005497787,-0.004886922,-0.015271631,TONIC,08626e289f71
1775671919553,1062104903862321,2.8443117,-1.2856863,-9.186552,0.0061086523,-0.0061086523,-0.015271631,TONIC,08626e289f71
1775671919561,1062104911885702,2.858677,-1.3120226,-9.176975,0.007941248,-0.007941248,-0.014660766,TONIC,08626e289f71
1775671919569,1062104919883543,2.861071,-1.3359646,-9.181764,0.0061086523,-0.007941248,-0.01282817,TONIC,08626e289f71
1775671919577,1062104927877768,2.8538885,-1.3263878,-9.174581,0.005497787,-0.007941248,-0.01160644,TONIC,08626e289f71
1775671919585,1062104935872533,2.8993783,-1.2904748,-9.155427,0.0030543262,-0.01282817,-0.010995574,TONIC,08626e289f71
1775671919593,1062104943869067,2.932897,-1.2976574,-9.16261,0.0018325958,-0.014049901,-0.01038471,TONIC,08626e289f71
1775671919601,1062104951864755,2.89459,-1.3215994,-9.181764,-0.002443461,-0.007330383,-0.007330383,TONIC,08626e289f71
1775671919609,1062104959891903,2.9281087,-1.2808979,-9.186552,-0.0012217305,-0.009773844,-0.007941248,TONIC,08626e289f71
1775671919617,1062104967888745,2.930503,-1.283292,-9.186552,-0.0030543262,-0.01160644,-0.004276057,TONIC,08626e289f71
1775671919625,1062104975881664,2.9496565,-1.2617443,-9.193734,-0.005497787,-0.01282817,-0.0036651916,TONIC,08626e289f71
1775671919633,1062104983877966,2.9137435,-1.2042835,-9.176975,-0.0061086523,-0.01282817,-0.004276057,TONIC,08626e289f71
1775671919641,1062104991315269,2.870648,-1.2545617,-9.143456,-0.0067195175,-0.018936822,-0.0061086523,TONIC,08626e289f71
1775671919649,1062104999867572,2.8754363,-1.2785037,-9.19134,-0.0067195175,-0.019547688,-0.0036651916,TONIC,08626e289f71
1775671919657,1062105007865106,2.954445,-1.3359646,-9.14585,-0.002443461,-0.029932396,6.1086525E-4,TONIC,08626e289f71
1775671919665,1062105015859563,2.8874073,-1.271321,-9.138668,-0.0067195175,-0.017104227,-0.002443461,TONIC,08626e289f71
1775671919673,1062105023888404,2.8419175,-1.2665327,-9.16261,-0.0036651916,-0.02076942,-0.004886922,TONIC,08626e289f71
1775671919681,1062105031881630,2.8419175,-1.2880806,-9.150639,-0.004276057,-0.018936822,-0.004886922,TONIC,08626e289f71
1775671920481,1062105831985464,2.5905263,-1.376666,-9.186552,-0.0036651916,-0.014660766,-0.0030543262,TONIC,08626e289f71
1775671920489,1062105839950459,2.6240451,-1.3862427,-9.196129,0.008552114,0.002443461,-0.004886922,TONIC,08626e289f71
1775671920497,1062105847976608,2.6360161,-1.376666,-9.222465,0.005497787,0.0030543262,-0.005497787,TONIC,08626e289f71
1775671920506,1062105856002757,2.6982653,-1.3742718,-9.275137,0.005497787,0.0018325958,-0.0036651916,TONIC,08626e289f71
1775671920513,1062105863881830,2.719813,-1.388637,-9.291897,0.004886922,6.1086525E-4,-0.0030543262,TONIC,08626e289f71
1775671920521,1062105871877517,2.765303,-1.3982137,-9.287108,0.0036651916,0.0,-6.1086525E-4,TONIC,08626e289f71
1775671920529,1062105879873128,2.7844565,-1.3934253,-9.267955,0.002443461,-6.1086525E-4,6.1086525E-4,TONIC,08626e289f71
1775671920537,1062105887869738,2.789245,-1.352724,-9.248801,6.1086525E-4,-0.0012217305,6.1086525E-4,TONIC,08626e289f71
1775671920545,1062105895863657,2.813187,-1.3503298,-9.193734,0.0,0.0018325958,0.0018325958,TONIC,08626e289f71
1775671920553,1062105903859652,2.7844565,-1.3910311,-9.148245,-6.1086525E-4,0.002443461,0.004886922,TONIC,08626e289f71
1775671920561,1062105911885494,2.8083985,-1.3503298,-9.114726,-6.1086525E-4,0.004276057,0.0067195175,TONIC,08626e289f71
1775671920569,1062105919881181,2.8443117,-1.292869,-9.095572,0.0012217305,0.0,0.009162978,TONIC,08626e289f71
1775671920577,1062105927878023,2.8060043,-1.3072342,-9.095572,0.0,-6.1086525E-4,0.008552114,TONIC,08626e289f71
1775671920585,1062105935874095,2.8179753,-1.3144168,-9.100361,0.0012217305,0.0012217305,0.0067195175,TONIC,08626e289f71
1775671920593,1062105943867936,2.813187,-1.316811,-9.124303,0.0030543262,-0.007941248,0.007941248,TONIC,08626e289f71
1775671920601,1062105951865162,2.8323407,-1.316811,-9.160215,0.0067195175,-0.01038471,0.0061086523,TONIC,08626e289f71
1775671920609,1062105959890081,2.813187,-1.3670892,-9.196129,0.007941248,-0.01282817,0.0061086523,TONIC,08626e289f71
1775671920617,1062105967886922,2.8179753,-1.3503298,-9.186552,0.005497787,-0.018936822,0.007330383,TONIC,08626e289f71
1775671920625,1062105975882686,2.8395233,-1.3383588,-9.208099,0.007941248,-0.010995574,0.01038471,TONIC,08626e289f71
1775671920633,1062105983879220,2.846706,-1.316811,-9.184157,0.008552114,-0.01038471,0.01160644,TONIC,08626e289f71
1775671920641,1062105991873369,2.7988217,-1.3239936,-9.160215,0.009162978,-0.007941248,0.010995574,TONIC,08626e289f71
1775671920649,1062105999837749,2.7940333,-1.3335704,-9.172187,0.009773844,6.1086525E-4,0.009162978,TONIC,08626e289f71
1775671920657,1062106007866283,2.7461493,-1.3455414,-9.217676,0.01282817,0.0036651916,0.009773844,TONIC,08626e289f71
1775671920665,1062106015859816,2.743755,-1.3599066,-9.234436,0.015271631,0.0036651916,0.008552114,TONIC,08626e289f71
1775671920673,1062106023885350,2.7269957,-1.3838485,-9.241618,0.015271631,0.002443461,0.0061086523,TONIC,08626e289f71
1775671920681,1062106031849961,2.707842,-1.42455,-9.279925,0.016493361,0.0018325958,0.0067195175,TONIC,08626e289f71
1775671920689,1062106039932110,2.7389667,-1.4101849,-9.246407,0.018936822,0.0018325958,0.0067195175,TONIC,08626e289f71
1775671920697,1062106047842567,2.741361,-1.4101849,-9.224859,0.013439035,-0.0036651916,0.004276057,TONIC,08626e289f71
1775671920705,1062106055866562,2.7389667,-1.4030021,-9.210494,0.014660766,-0.0030543262,0.0061086523,TONIC,08626e289f71
1775671920713,1062106063862865,2.753332,-1.400608,-9.193734,0.015882496,-0.004276057,0.0061086523,TONIC,08626e289f71
1775671920721,1062106071975553,2.7629087,-1.4030021,-9.179369,0.018936822,-0.004276057,0.007941248,TONIC,08626e289f71
1775671920729,1062106079854625,2.7629087,-1.4101849,-9.19134,0.017104227,-0.004886922,0.010995574,TONIC,08626e289f71
1775671920737,1062106087883158,2.7748797,-1.4030021,-9.203311,0.017104227,-0.004886922,0.012217305,TONIC,08626e289f71
1775671920745,1062106095875846,2.7940333,-1.4101849,-9.19134,0.015271631,-0.0061086523,0.01160644,TONIC,08626e289f71
1775671920753,1062106103841918,2.791639,-1.4197617,-9.16261,0.01038471,-0.01160644,0.014049901,TONIC,08626e289f71
1775671920761,1062106111953606,2.791639,-1.412579,-9.184157,0.0036651916,-0.017715093,0.015882496,TONIC,08626e289f71
1775671920769,1062106119864139,2.779668,-1.3814543,-9.172187,0.0018325958,-0.018325957,0.019547688,TONIC,08626e289f71
1775671920777,1062106127914289,2.7724855,-1.3838485,-9.14585,-0.0036651916,-0.026267206,0.02443461,TONIC,08626e289f71
1775671920785,1062106135854592,2.7820623,-1.3718776,-9.126697,-0.008552114,-0.029932396,0.025045475,TONIC,08626e289f71
1775671920793,1062106143880971,2.7724855,-1.3670892,-9.138668,-0.0067195175,-0.032986723,0.027488936,TONIC,08626e289f71
1775671920801,1062106151992659,2.7700913,-1.3670892,-9.136273,-0.01038471,-0.037873644,0.028710667,TONIC,08626e289f71
1775671920809,1062106159866193,2.7748797,-1.3694834,-9.136273,-0.009162978,-0.03726278,0.029321533,TONIC,08626e289f71
1775671920817,1062106167869034,2.755726,-1.3910311,-9.165004,-0.007941248,-0.039095376,0.029932396,TONIC,08626e289f71
1775671920825,1062106175862260,2.7341783,-1.3814543,-9.181764,-0.004886922,-0.03726278,0.030543262,TONIC,08626e289f71
1775671920833,1062106183859409,2.705448,-1.3694834,-9.181764,-0.002443461,-0.036651913,0.032986723,TONIC,08626e289f71
1775671920841,1062106191883790,2.7150247,-1.448492,-9.205706,0.0,-0.032375857,0.03359759,TONIC,08626e289f71
1775671920849,1062106199879785,2.681506,-1.4293385,-9.208099,0.0012217305,-0.028099801,0.03176499,TONIC,08626e289f71
1775671920857,1062106207874857,2.6719291,-1.4508862,-9.232041,0.0012217305,-0.023823744,0.029321533,TONIC,08626e289f71
1775671920865,1062106215872698,2.6072857,-1.4628572,-9.239224,0.002443461,-0.017715093,0.026267206,TONIC,08626e289f71
1775671920873,1062106223867078,2.6072857,-1.4460979,-9.215282,6.1086525E-4,-0.019547688,0.02565634,TONIC,08626e289f71
1775671920881,1062106231863766,2.5929205,-1.4269443,-9.212888,0.0,-0.016493361,0.02443461,TONIC,08626e289f71
1775671920889,1062106239888915,2.5617957,-1.4413095,-9.232041,-0.0012217305,-0.01038471,0.023823744,TONIC,08626e289f71
1775671921705,1062107055953355,2.6982653,-1.3599066,-9.188946,-0.0030543262,-0.0067195175,0.02443461,TONIC,08626e289f71
1775671921713,1062107063948811,2.7030537,-1.3670892,-9.193734,-6.1086525E-4,-6.1086525E-4,0.004886922,TONIC,08626e289f71
1775671921722,1062107072041729,2.693477,-1.3814543,-9.181764,-6.1086525E-4,0.0,0.004886922,TONIC,08626e289f71
1775671921729,1062107079885725,2.7126305,-1.3718776,-9.19134,-0.0018325958,-0.0012217305,0.007330383,TONIC,08626e289f71
1775671921737,1062107087881720,2.6910827,-1.3575124,-9.212888,-0.002443461,-0.0018325958,0.0067195175,TONIC,08626e289f71
1775671921745,1062107095875562,2.7102363,-1.364695,-9.212888,-0.0018325958,-0.0012217305,0.008552114,TONIC,08626e289f71
1775671921753,1062107103872172,2.6886885,-1.3742718,-9.208099,-0.0030543262,-6.1086525E-4,0.007941248,TONIC,08626e289f71
1775671921761,1062107111865706,2.695871,-1.388637,-9.208099,-0.0012217305,0.0012217305,0.007330383,TONIC,08626e289f71
1775671921769,1062107119862240,2.6743233,-1.3742718,-9.188946,-0.002443461,0.0,0.009773844,TONIC,08626e289f71
1775671921777,1062107127888158,2.669535,-1.3838485,-9.203311,-0.002443461,6.1086525E-4,0.009773844,TONIC,08626e289f71
1775671921785,1062107135883768,2.6551697,-1.3910311,-9.188946,0.0,0.0030543262,0.0067195175,TONIC,08626e289f71
1775671921793,1062107143880764,2.669535,-1.3934253,-9.188946,-6.1086525E-4,0.002443461,0.0067195175,TONIC,08626e289f71
1775671921801,1062107151874913,2.705448,-1.3958195,-9.210494,-0.0012217305,0.0018325958,0.007330383,TONIC,08626e289f71
1775671921809,1062107159872139,2.6839,-1.4053963,-9.210494,-0.002443461,0.002443461,0.005497787,TONIC,08626e289f71
1775671921817,1062107167869288,2.7006595,-1.3982137,-9.220071,-0.0030543262,0.002443461,0.005497787,TONIC,08626e289f71
1775671921825,1062107175861976,2.7222073,-1.3958195,-9.220071,-0.004276057,0.0,0.0067195175,TONIC,08626e289f71
1775671921833,1062107183889587,2.7341783,-1.388637,-9.217676,-0.004276057,0.0,0.0061086523,TONIC,08626e289f71
1775671921841,1062107191884736,2.7341783,-1.4077905,-9.203311,-0.004886922,0.0,0.0061086523,TONIC,08626e289f71
1775671921849,1062107199880654,2.7365725,-1.4197617,-9.19134,-0.005497787,6.1086525E-4,0.004276057,TONIC,08626e289f71
1775671921857,1062107207877573,2.7269957,-1.3718776,-9.165004,-0.0067195175,0.0012217305,0.004276057,TONIC,08626e289f71
1775671921865,1062107215870799,2.7461493,-1.3838485,-9.181764,-0.0061086523,6.1086525E-4,0.0036651916,TONIC,08626e289f71
1775671921873,1062107223921947,2.7222073,-1.3742718,-9.181764,-0.0067195175,0.0030543262,6.1086525E-4,TONIC,08626e289f71
1775671921881,1062107231893558,2.7389667,-1.3670892,-9.174581,-0.0061086523,6.1086525E-4,0.0018325958,TONIC,08626e289f71
1775671921889,1062107239950245,2.7365725,-1.340753,-9.165004,-0.0036651916,0.005497787,6.1086525E-4,TONIC,08626e289f71
1775671921897,1062107247885241,2.7222073,-1.3383588,-9.179369,-0.005497787,0.0,0.0012217305,TONIC,08626e289f71
1775671921906,1062107256060928,2.741361,-1.3503298,-9.169792,-0.004276057,0.0012217305,0.0018325958,TONIC,08626e289f71
1775671921913,1062107263900000,2.7389667,-1.3503298,-9.174581,-0.004886922,-0.0018325958,0.002443461,TONIC,08626e289f71
1775671921921,1062107271872072,2.7389667,-1.3455414,-9.179369,-0.004886922,-0.0018325958,0.002443461,TONIC,08626e289f71
1775671921929,1062107279865530,2.743755,-1.3335704,-9.200917,-0.004276057,-0.0012217305,0.0036651916,TONIC,08626e289f71
1775671921937,1062107287862217,2.743755,-1.3335704,-9.203311,-0.0030543262,-0.0012217305,0.0036651916,TONIC,08626e289f71
1775671921945,1062107295887366,2.755726,-1.340753,-9.188946,-0.0036651916,6.1086525E-4,0.002443461,TONIC,08626e289f71
1775671921953,1062107303884284,2.753332,-1.3215994,-9.193734,-0.0030543262,0.004276057,6.1086525E-4,TONIC,08626e289f71
1775671921961,1062107311879973,2.7246015,-1.3479356,-9.184157,-0.0012217305,0.0061086523,6.1086525E-4,TONIC,08626e289f71
1775671921969,1062107319930198,2.7246015,-1.3503298,-9.19134,0.0012217305,0.0067195175,0.0,TONIC,08626e289f71
1775671921977,1062107327871655,2.7150247,-1.3263878,-9.181764,6.1086525E-4,0.009773844,-0.0018325958,TONIC,08626e289f71
1775671921985,1062107335865496,2.7102363,-1.340753,-9.193734,0.0012217305,0.009162978,-0.0012217305,TONIC,08626e289f71
1775671921993,1062107343978107,2.7222073,-1.3575124,-9.186552,0.004276057,0.007941248,-0.0030543262,TONIC,08626e289f71
1775671922001,1062107351886795,2.7102363,-1.352724,-9.198523,0.004276057,0.007330383,-0.004276057,TONIC,08626e289f71
1775671922009,1062107359999713,2.7389667,-1.340753,-9.193734,0.0030543262,0.0036651916,-0.002443461,TONIC,08626e289f71
1775671922017,1062107367880323,2.7341783,-1.340753,-9.186552,0.0030543262,0.0018325958,-0.005497787,TONIC,08626e289f71
1775671922025,1062107375873473,2.7246015,-1.3383588,-9.200917,0.0036651916,0.0036651916,-0.004276057,TONIC,08626e289f71
1775671922033,1062107383870468,2.7485435,-1.3575124,-9.174581,0.004276057,6.1086525E-4,-0.0061086523,TONIC,08626e289f71
1775671922041,1062107391866386,2.743755,-1.3455414,-9.188946,0.004886922,6.1086525E-4,-0.004886922,TONIC,08626e289f71
1775671922049,1062107399860227,2.755726,-1.3599066,-9.172187,0.0030543262,0.0018325958,-0.004276057,TONIC,08626e289f71
1775671922057,1062107407912300,2.7269957,-1.3599066,-9.174581,0.002443461,0.002443461,-0.004886922,TONIC,08626e289f71
1775671922065,1062107415851680,2.7030537,-1.3551182,-9.174581,0.002443461,6.1086525E-4,-0.0036651916,TONIC,08626e289f71
1775671922073,1062107423878060,2.731784,-1.3623008,-9.184157,0.002443461,0.0018325958,-0.004276057,TONIC,08626e289f71
1775671922081,1062107431873824,2.707842,-1.364695,-9.19134,0.002443461,-6.1086525E-4,-0.004276057,TONIC,08626e289f71
1775671922089,1062107439870974,2.707842,-1.3670892,-9.205706,0.0018325958,6.1086525E-4,-0.004276057,TONIC,08626e289f71
1775671922097,1062107447866353,2.7102363,-1.376666,-9.217676,0.0012217305,-0.0012217305,-0.004886922,TONIC,08626e289f71
1775671922105,1062107455860810,2.7102363,-1.3503298,-9.200917,0.002443461,0.0012217305,-0.0036651916,TONIC,08626e289f71
1775671922113,1062107463886728,2.717419,-1.3670892,-9.200917,0.002443461,0.0012217305,-0.0030543262,TONIC,08626e289f71
1775671922121,1062107471882032,2.7246015,-1.3982137,-9.23683,0.0036651916,0.0012217305,-0.004886922,TONIC,08626e289f71
1775671922129,1062107479878642,2.7102363,-1.3790601,-9.205706,0.0018325958,0.002443461,-0.004886922,TONIC,08626e289f71
1775671922137,1062107487874714,2.7269957,-1.3862427,-9.212888,0.0018325958,0.004276057,-0.004886922,TONIC,08626e289f71
1775671922145,1062107495868786,2.7246015,-1.4173675,-9.217676,0.0030543262,6.1086525E-4,-0.0061086523,TONIC,08626e289f71
1775671922153,1062107503863859,2.7365725,-1.3910311,-9.210494,0.0012217305,6.1086525E-4,-0.0061086523,TONIC,08626e289f71
1775671922161,1062107511861777,2.719813,-1.4053963,-9.205706,0.0,0.0036651916,-0.0061086523,TONIC,08626e289f71
1775671922169,1062107519886618,2.719813,-1.400608,-9.198523,-0.0018325958,6.1086525E-4,-0.004276057,TONIC,08626e289f71
1775671922177,1062107527854613,2.7365725,-1.400608,-9.196129,-0.002443461,0.0,-0.004886922,TONIC,08626e289f71
1775671922185,1062107535877686,2.7269957,-1.3862427,-9.172187,-0.0030543262,-0.0030543262,-0.0030543262,TONIC,08626e289f71
1775671922193,1062107543873066,2.7341783,-1.3838485,-9.188946,-0.0036651916,-6.1086525E-4,-0.0036651916,TONIC,08626e289f71
1775671922202,1062107552113061,2.7102363,-1.3982137,-9.198523,-0.004276057,0.0018325958,-0.0036651916,TONIC,08626e289f71
1775671922209,1062107559866056,2.7461493,-1.3958195,-9.205706,-0.0012217305,0.0018325958,-0.0036651916,TONIC,08626e289f71
1775671922217,1062107567861744,2.7509377,-1.3838485,-9.220071,0.0,-0.0012217305,-0.004276057,TONIC,08626e289f71
1775671922225,1062107575885970,2.731784,-1.3670892,-9.212888,6.1086525E-4,6.1086525E-4,-0.0036651916,TONIC,08626e289f71
1775671922233,1062107583882042,2.7389667,-1.364695,-9.193734,0.0,-6.1086525E-4,-0.0036651916,TONIC,08626e289f71
1775671922241,1062107591877422,2.731784,-1.3599066,-9.200917,0.0,-0.0012217305,-0.0036651916,TONIC,08626e289f71
1775671922249,1062107599872186,2.72939,-1.3503298,-9.188946,0.0,-0.0012217305,-0.004276057,TONIC,08626e289f71
1775671922257,1062107607893951,2.731784,-1.3551182,-9.200917,-0.002443461,-0.0018325958,-0.004886922,TONIC,08626e289f71
1775671922265,1062107615866869,2.7485435,-1.3551182,-9.181764,-6.1086525E-4,-0.0012217305,-0.0030543262,TONIC,08626e289f71
1775671922273,1062107623981018,2.7461493,-1.3431472,-9.200917,-0.0036651916,-0.0018325958,-0.002443461,TONIC,08626e289f71
1775671922281,1062107631885705,2.7246015,-1.340753,-9.179369,-0.0012217305,-0.002443461,-0.0030543262,TONIC,08626e289f71
1775671922289,1062107639880701,2.7246015,-1.3335704,-9.167398,0.0,0.0012217305,-0.0030543262,TONIC,08626e289f71
1775671922297,1062107647877696,2.7341783,-1.3431472,-9.176975,-0.0012217305,0.0012217305,-0.004276057,TONIC,08626e289f71
1775671922305,1062107655995153,2.7246015,-1.3455414,-9.181764,-0.0012217305,0.0,-0.0018325958,TONIC,08626e289f71
1775671922313,1062107663867225,2.719813,-1.3599066,-9.184157,0.0,-6.1086525E-4,-0.0018325958,TONIC,08626e289f71
1775671922321,1062107671862836,2.7269957,-1.3551182,-9.193734,6.1086525E-4,0.0,-0.0012217305,TONIC,08626e289f71
1775671922329,1062107679859216,2.765303,-1.3934253,-9.217676,0.0012217305,0.0,-6.1086525E-4,TONIC,08626e289f71
1775671922337,1062107687885288,2.7269957,-1.3479356,-9.174581,0.0018325958,6.1086525E-4,-6.1086525E-4,TONIC,08626e289f71
1775671922345,1062107695879821,2.7030537,-1.3335704,-9.200917,0.002443461,0.0012217305,-6.1086525E-4,TONIC,08626e289f71
1775671922353,1062107703876125,2.731784,-1.3670892,-9.212888,0.0018325958,-0.0012217305,0.0012217305,TONIC,08626e289f71
1775671922361,1062107711893889,2.7222073,-1.3910311,-9.224859,0.0018325958,-0.0030543262,0.0012217305,TONIC,08626e289f71
1775671922369,1062107719869346,2.7461493,-1.3742718,-9.234436,0.0030543262,-6.1086525E-4,0.0036651916,TONIC,08626e289f71
1775671922377,1062107727864726,2.717419,-1.364695,-9.220071,6.1086525E-4,-0.0012217305,0.004886922,TONIC,08626e289f71
1775671922385,1062107735878792,2.707842,-1.3862427,-9.212888,-0.0018325958,0.0018325958,0.004276057,TONIC,08626e289f71
1775671922394,1062107744088025,2.7126305,-1.3790601,-9.210494,-0.0030543262,0.0,0.005497787,TONIC,08626e289f71
1775671922401,1062107751899641,2.7102363,-1.3838485,-9.196129,-0.0036651916,-6.1086525E-4,0.002443461,TONIC,08626e289f71
1775671922409,1062107759895336,2.7102363,-1.3958195,-9.208099,-0.002443461,-6.1086525E-4,0.0030543262,TONIC,08626e289f71
1775671922417,1062107767891106,2.72939,-1.3982137,-9.196129,-0.0018325958,6.1086525E-4,0.0036651916,TONIC,08626e289f71
1775671922425,1062107775888262,2.7126305,-1.3934253,-9.198523,-0.0018325958,-0.0036651916,0.0018325958,TONIC,08626e289f71
1775671922433,1062107783884340,2.72939,-1.3934253,-9.196129,-6.1086525E-4,-0.0030543262,6.1086525E-4,TONIC,08626e289f71
1775671922441,1062107791879034,2.7246015,-1.3958195,-9.188946,-6.1086525E-4,-0.0018325958,0.0012217305,TONIC,08626e289f71
1775671922449,1062107799905497,2.7246015,-1.3790601,-9.169792,-0.0012217305,-0.002443461,0.0,TONIC,08626e289f71
1775671922457,1062107807925575,2.7222073,-1.3814543,-9.174581,-0.0018325958,-0.002443461,0.0012217305,TONIC,08626e289f71
1775671922465,1062107815796884,2.7030537,-1.3814543,-9.184157,-0.0012217305,-6.1086525E-4,-0.0012217305,TONIC,08626e289f71
1775671922473,1062107823892270,2.7222073,-1.3814543,-9.186552,-0.0012217305,0.0012217305,-6.1086525E-4,TONIC,08626e289f71
1775671922481,1062107831886426,2.7365725,-1.3623008,-9.198523,-0.0036651916,-0.0012217305,-0.002443461,TONIC,08626e289f71
1775671922489,1062107839883119,2.72939,-1.340753,-9.188946,-0.002443461,-0.0012217305,-6.1086525E-4,TONIC,08626e289f71
1775671922497,1062107847911352,2.7150247,-1.3623008,-9.205706,-0.004276057,-0.0018325958,6.1086525E-4,TONIC,08626e289f71
1775671922505,1062107855904891,2.7006595,-1.3623008,-9.200917,-0.002443461,-0.0018325958,0.0030543262,TONIC,08626e289f71
1775671922514,1062107864021893,2.731784,-1.352724,-9.203311,-0.007941248,-0.0061086523,0.0018325958,TONIC,08626e289f71
1775671922521,1062107871896664,2.731784,-1.3503298,-9.212888,-6.1086525E-4,-0.0018325958,6.1086525E-4,TONIC,08626e289f71
1775671922529,1062107879892050,2.7389667,-1.3742718,-9.232041,-0.0012217305,0.0,0.002443461,TONIC,08626e289f71
1775671922537,1062107887942744,2.7341783,-1.3599066,-9.208099,-0.0018325958,-6.1086525E-4,0.0030543262,TONIC,08626e289f71
1775671922545,1062107895884975,2.731784,-1.3623008,-9.200917,-0.0018325958,6.1086525E-4,0.0036651916,TONIC,08626e289f71
1775671922553,1062107903933900,2.7389667,-1.3623008,-9.193734,-0.0036651916,-6.1086525E-4,0.002443461,TONIC,08626e289f71
1775671922561,1062107911906825,2.7341783,-1.3551182,-9.193734,-0.002443461,6.1086525E-4,0.004276057,TONIC,08626e289f71
1775671922569,1062107919925211,2.7389667,-1.3599066,-9.181764,-6.1086525E-4,0.004276057,0.0012217305,TONIC,08626e289f71
1775671922577,1062107927864981,2.7246015,-1.3623008,-9.186552,-0.0018325958,0.0018325958,0.0036651916,TONIC,08626e289f71
1775671922586,1062107936007983,2.7269957,-1.3383588,-9.188946,-6.1086525E-4,6.1086525E-4,0.002443461,TONIC,08626e289f71
1775671922593,1062107943857523,2.7341783,-1.3742718,-9.19134,-0.002443461,-6.1086525E-4,0.005497787,TONIC,08626e289f71
1775671922601,1062107951883756,2.731784,-1.340753,-9.210494,-0.004886922,-0.004886922,0.004886922,TONIC,08626e289f71
1775671922609,1062107959877526,2.7269957,-1.364695,-9.188946,-0.0030543262,-0.004276057,0.004886922,TONIC,08626e289f71
1775671922617,1062107967905297,2.7461493,-1.364695,-9.215282,-0.002443461,-0.0018325958,0.004276057,TONIC,08626e289f71
1775671922625,1062107975985914,2.753332,-1.3575124,-9.208099,-0.0018325958,-0.005497787,0.004886922,TONIC,08626e289f71
1775671922633,1062107983895684,2.7509377,-1.3623008,-9.208099,-0.0030543262,-0.0018325958,0.004276057,TONIC,08626e289f71
1775671922641,1062107991892686,2.743755,-1.3455414,-9.193734,0.0012217305,0.0,0.0012217305,TONIC,08626e289f71
1775671922649,1062107999942225,2.7509377,-1.364695,-9.184157,0.002443461,0.0,6.1086525E-4,TONIC,08626e289f71
1775671922657,1062108007913304,2.7605145,-1.340753,-9.186552,0.004886922,6.1086525E-4,-0.0018325958,TONIC,08626e289f71
1775671922665,1062108015879151,2.7389667,-1.3694834,-9.165004,0.004886922,0.0018325958,-6.1086525E-4,TONIC,08626e289f71
1775671922673,1062108023929000,2.719813,-1.3455414,-9.169792,0.005497787,0.0012217305,-0.0012217305,TONIC,08626e289f71
1775671922681,1062108031900924,2.7246015,-1.3694834,-9.169792,0.0030543262,0.0012217305,-0.0012217305,TONIC,08626e289f71
1775671922690,1062108040072926,2.717419,-1.3311762,-9.184157,0.004276057,0.0,-6.1086525E-4,TONIC,08626e289f71
1775671922697,1062108047860927,2.7365725,-1.3359646,-9.193734,0.002443461,-0.0018325958,-0.002443461,TONIC,08626e289f71
1775671922705,1062108055941929,2.717419,-1.352724,-9.188946,0.0030543262,0.0,-6.1086525E-4,TONIC,08626e289f71
1775671922713,1062108063884007,2.7102363,-1.3551182,-9.196129,0.002443461,-0.0012217305,-0.002443461,TONIC,08626e289f71
1775671922721,1062108071878854,2.695871,-1.352724,-9.198523,0.004886922,-6.1086525E-4,-0.0012217305,TONIC,08626e289f71
1775671922729,1062108079904702,2.7006595,-1.3623008,-9.215282,0.0036651916,-0.0018325958,-0.0018325958,TONIC,08626e289f71
1775671922737,1062108087900011,2.7150247,-1.3790601,-9.208099,0.004276057,-0.004276057,-0.002443461,TONIC,08626e289f71
1775671922745,1062108095894782,2.7222073,-1.3718776,-9.215282,0.0036651916,-0.0030543262,0.0,TONIC,08626e289f71
1775671922753,1062108103891475,2.705448,-1.3790601,-9.200917,0.0012217305,-6.1086525E-4,0.0,TONIC,08626e289f71
1775671922761,1062108111886477,2.7102363,-1.3982137,-9.215282,0.005497787,0.0012217305,6.1086525E-4,TONIC,08626e289f71
1775671922769,1062108119937325,2.717419,-1.3982137,-9.188946,0.0,-0.0036651916,0.0,TONIC,08626e289f71
1775671922777,1062108127910480,2.717419,-1.3910311,-9.198523,0.0,-0.002443461,-6.1086525E-4,TONIC,08626e289f71
1775671922785,1062108135959097,2.6982653,-1.4077905,-9.200917,-0.0036651916,-0.0018325958,6.1086525E-4,TONIC,08626e289f71
1775671922793,1062108143869945,2.7030537,-1.3934253,-9.196129,0.0,0.0,-0.0018325958,TONIC,08626e289f71
1775671922801,1062108151895100,2.705448,-1.400608,-9.196129,-6.1086525E-4,6.1086525E-4,-0.002443461,TONIC,08626e289f71
1775671922809,1062108159890485,2.6862943,-1.388637,-9.184157,-6.1086525E-4,0.0,-0.002443461,TONIC,08626e289f71
1775671922817,1062108167886795,2.6982653,-1.3958195,-9.200917,-6.1086525E-4,-6.1086525E-4,-0.005497787,TONIC,08626e289f71
1775671922825,1062108175906565,2.6982653,-1.3982137,-9.196129,0.0,0.0,-0.0036651916,TONIC,08626e289f71
1775671922833,1062108183876952,2.707842,-1.3934253,-9.179369,0.0,-0.002443461,-0.0036651916,TONIC,08626e289f71
1775671922841,1062108191958876,2.707842,-1.4030021,-9.174581,-6.1086525E-4,-0.0030543262,-0.0067195175,TONIC,08626e289f71
1775671922849,1062108199901032,2.7246015,-1.4030021,-9.200917,-0.0030543262,-0.0036651916,-0.005497787,TONIC,08626e289f71
1775671922857,1062108207950187,2.7222073,-1.3862427,-9.181764,-0.0036651916,-0.005497787,-0.0036651916,TONIC,08626e289f71
1775671922865,1062108215891727,2.7102363,-1.3862427,-9.212888,-0.004276057,-0.002443461,-0.0036651916,TONIC,08626e289f71
1775671922874,1062108224002267,2.693477,-1.376666,-9.210494,-0.0030543262,6.1086525E-4,-0.004276057,TONIC,08626e289f71
1775671922881,1062108231912423,2.707842,-1.3814543,-9.200917,-0.004276057,-0.0012217305,-0.0030543262,TONIC,08626e289f71
1775671922889,1062108239907501,2.693477,-1.3599066,-9.215282,-0.005497787,-0.0012217305,-0.0030543262,TONIC,08626e289f71
1775671922897,1062108247996963,2.6910827,-1.3694834,-9.208099,-0.0061086523,0.002443461,-0.002443461,TONIC,08626e289f71
1775671922905,1062108255954273,2.7006595,-1.3599066,-9.200917,-0.0036651916,0.002443461,-6.1086525E-4,TONIC,08626e289f71
1775671922913,1062108263895735,2.7006595,-1.3455414,-9.210494,-0.004886922,0.002443461,-0.002443461,TONIC,08626e289f71
1775671922921,1062108271945353,2.6910827,-1.3311762,-9.19134,-0.004886922,0.0036651916,0.0,TONIC,08626e289f71
1775671922929,1062108279854815,2.707842,-1.3479356,-9.193734,-0.0036651916,6.1086525E-4,-0.002443461,TONIC,08626e289f71
1775671922937,1062108287880741,2.717419,-1.3359646,-9.193734,-0.004886922,0.0,-6.1086525E-4,TONIC,08626e289f71
1775671922945,1062108295932357,2.705448,-1.3479356,-9.193734,-0.004276057,-6.1086525E-4,-6.1086525E-4,TONIC,08626e289f71
1775671922953,1062108303874590,2.7269957,-1.352724,-9.188946,-0.004276057,6.1086525E-4,0.0012217305,TONIC,08626e289f71
1775671922961,1062108311898206,2.7389667,-1.3479356,-9.210494,-0.004886922,-0.0012217305,0.0,TONIC,08626e289f71
1775671922969,1062108319895438,2.7581203,-1.3503298,-9.184157,-0.007330383,-0.002443461,0.0012217305,TONIC,08626e289f71
1775671922977,1062108327890517,2.7629087,-1.3503298,-9.19134,-0.0030543262,0.0,0.0018325958,TONIC,08626e289f71
1775671922985,1062108335885903,2.7509377,-1.3431472,-9.172187,-0.0036651916,-6.1086525E-4,0.002443461,TONIC,08626e289f71
1775671922993,1062108343883212,2.7461493,-1.328782,-9.179369,-0.0018325958,6.1086525E-4,0.0030543262,TONIC,08626e289f71
1775671923001,1062108351906906,2.7126305,-1.3311762,-9.169792,-0.002443461,6.1086525E-4,0.0030543262,TONIC,08626e289f71
1775671923009,1062108359903831,2.7341783,-1.3575124,-9.179369,-0.002443461,0.0018325958,0.0036651916,TONIC,08626e289f71
1775671923017,1062108367899216,2.7102363,-1.364695,-9.210494,-0.0012217305,0.0018325958,0.0036651916,TONIC,08626e289f71
1775671923025,1062108375893295,2.717419,-1.3575124,-9.200917,0.0012217305,0.002443461,0.004276057,TONIC,08626e289f71
1775671923033,1062108383889989,2.7222073,-1.3670892,-9.200917,6.1086525E-4,0.0018325958,0.0018325958,TONIC,08626e289f71
1775671923041,1062108391884991,2.7341783,-1.3742718,-9.205706,0.0018325958,0.0012217305,0.0036651916,TONIC,08626e289f71
1775671923049,1062108399880761,2.717419,-1.376666,-9.203311,0.0018325958,0.0018325958,0.0018325958,TONIC,08626e289f71
1775671923057,1062108407908762,2.7341783,-1.376666,-9.193734,0.0036651916,0.002443461,6.1086525E-4,TONIC,08626e289f71
1775671923065,1062108415901610,2.7341783,-1.3814543,-9.196129,0.004886922,0.0030543262,-6.1086525E-4,TONIC,08626e289f71
1775671923073,1062108423900149,2.719813,-1.3862427,-9.179369,0.0030543262,0.004276057,-0.0012217305,TONIC,08626e289f71
1775671923081,1062108431893382,2.7222073,-1.388637,-9.181764,0.002443461,0.0018325958,0.0,TONIC,08626e289f71
1775671923089,1062108439890229,2.7365725,-1.3838485,-9.181764,0.0030543262,0.004276057,-0.0018325958,TONIC,08626e289f71
1775671923097,1062108447886231,2.7222073,-1.3790601,-9.200917,0.0012217305,0.0036651916,-0.002443461,TONIC,08626e289f71
1775671923105,1062108455881079,2.7222073,-1.3790601,-9.19134,0.0012217305,0.0036651916,-0.0012217305,TONIC,08626e289f71
1775671923113,1062108463906927,2.707842,-1.3742718,-9.205706,0.0,0.0012217305,-0.002443461,TONIC,08626e289f71
1775671923121,1062108471902928,2.717419,-1.3862427,-9.203311,-0.0012217305,0.0030543262,-0.002443461,TONIC,08626e289f71
1775671923129,1062108479922853,2.7126305,-1.3838485,-9.196129,-0.0012217305,0.0018325958,-0.0030543262,TONIC,08626e289f71
1775671923137,1062108487895854,2.717419,-1.3742718,-9.203311,-6.1086525E-4,0.0018325958,-0.0012217305,TONIC,08626e289f71
1775671923145,1062108495890317,2.7150247,-1.3742718,-9.19134,-6.1086525E-4,0.004276057,-6.1086525E-4,TONIC,08626e289f71
1775671923153,1062108503884395,2.7030537,-1.3551182,-9.188946,0.002443461,0.0030543262,-0.0030543262,TONIC,08626e289f71
1775671923161,1062108511881396,2.6982653,-1.3790601,-9.200917,0.0,0.002443461,-0.002443461,TONIC,08626e289f71
1775671923169,1062108519961937,2.693477,-1.376666,-9.227253,-6.1086525E-4,0.0018325958,-0.002443461,TONIC,08626e289f71
1775671923177,1062108527901323,2.717419,-1.3599066,-9.220071,-0.002443461,6.1086525E-4,-0.0018325958,TONIC,08626e289f71
1775671923186,1062108536019478,2.731784,-1.3718776,-9.212888,6.1086525E-4,0.0018325958,0.0,TONIC,08626e289f71
1775671923193,1062108543918249,2.72939,-1.3742718,-9.205706,-6.1086525E-4,0.004276057,-0.0012217305,TONIC,08626e289f71
1775671923201,1062108551888789,2.7102363,-1.3503298,-9.184157,-0.0030543262,0.0012217305,-0.0012217305,TONIC,08626e289f71
1775671923209,1062108559970329,2.7246015,-1.364695,-9.215282,-0.0030543262,0.004276057,-6.1086525E-4,TONIC,08626e289f71
1775671923217,1062108567880177,2.719813,-1.352724,-9.208099,-0.004886922,0.0036651916,-0.0012217305,TONIC,08626e289f71
1775671923225,1062108575905716,2.7341783,-1.3503298,-9.215282,-0.005497787,0.0030543262,6.1086525E-4,TONIC,08626e289f71
1775671923233,1062108583902025,2.7461493,-1.3599066,-9.198523,-0.002443461,0.0036651916,0.0012217305,TONIC,08626e289f71
1775671923241,1062108591897335,2.755726,-1.3479356,-9.198523,-0.0036651916,0.0030543262,0.002443461,TONIC,08626e289f71
1775671923249,1062108599917951,2.7629087,-1.376666,-9.181764,-0.0036651916,0.0018325958,0.0012217305,TONIC,08626e289f71
1775671923257,1062108607890569,2.7485435,-1.364695,-9.188946,-0.0018325958,6.1086525E-4,0.0018325958,TONIC,08626e289f71
1775671923265,1062108615883877,2.7461493,-1.3575124,-9.174581,0.0,-6.1086525E-4,0.0012217305,TONIC,08626e289f71
1775671923273,1062108623879802,2.741361,-1.3694834,-9.184157,0.0012217305,0.0018325958,0.0018325958,TONIC,08626e289f71
1775671923281,1062108631907188,2.7629087,-1.364695,-9.193734,0.0012217305,6.1086525E-4,6.1086525E-4,TONIC,08626e289f71
1775671923289,1062108639901344,2.767697,-1.3790601,-9.193734,0.0,0.0018325958,0.0018325958,TONIC,08626e289f71
1775671923297,1062108647983191,2.789245,-1.376666,-9.19134,-6.1086525E-4,0.0018325958,0.0012217305,TONIC,08626e289f71
1775671923305,1062108655861654,2.7940333,-1.3599066,-9.179369,-0.004886922,0.0,0.0036651916,TONIC,08626e289f71
1775671923313,1062108663888117,2.7868507,-1.3718776,-9.167398,-0.005497787,-6.1086525E-4,0.0030543262,TONIC,08626e289f71
1775671923321,1062108671939503,2.779668,-1.3670892,-9.174581,-0.0036651916,-0.0018325958,0.002443461,TONIC,08626e289f71
1775671923329,1062108679912812,2.7844565,-1.3790601,-9.19134,-0.004886922,-0.0012217305,0.002443461,TONIC,08626e289f71
1775671923337,1062108687961121,2.7748797,-1.3790601,-9.203311,-6.1086525E-4,6.1086525E-4,0.0012217305,TONIC,08626e289f71
1775671923345,1062108695900816,2.7724855,-1.388637,-9.212888,-0.0012217305,-0.0036651916,0.0018325958,TONIC,08626e289f71
1775671923353,1062108703921970,2.753332,-1.3718776,-9.212888,-6.1086525E-4,-0.0018325958,6.1086525E-4,TONIC,08626e289f71
1775671923361,1062108711894665,2.741361,-1.352724,-9.193734,-0.0012217305,-0.0030543262,6.1086525E-4,TONIC,08626e289f71
1775671923369,1062108719887897,2.719813,-1.3479356,-9.184157,0.004276057,0.0,-6.1086525E-4,TONIC,08626e289f71
1775671923377,1062108727885129,2.695871,-1.3479356,-9.174581,-6.1086525E-4,-0.004276057,-0.0018325958,TONIC,08626e289f71
1775671923385,1062108735879515,2.7030537,-1.3383588,-9.184157,0.0018325958,-6.1086525E-4,-0.002443461,TONIC,08626e289f71
1775671923393,1062108743905054,2.7006595,-1.3263878,-9.198523,0.0018325958,-0.0012217305,-0.0036651916,TONIC,08626e289f71
1775671923401,1062108751901441,2.693477,-1.3263878,-9.200917,0.002443461,-6.1086525E-4,-0.0036651916,TONIC,08626e289f71
1775671923410,1062108760080750,2.7030537,-1.3431472,-9.212888,0.002443461,-0.0012217305,-0.0036651916,TONIC,08626e289f71
1775671923417,1062108767917136,2.693477,-1.3359646,-9.184157,0.002443461,-0.0012217305,-0.004276057,TONIC,08626e289f71
1775671923425,1062108775888522,2.7030537,-1.340753,-9.196129,0.0030543262,-0.0012217305,-0.0036651916,TONIC,08626e289f71
1775671923433,1062108783938986,2.6791117,-1.3479356,-9.181764,0.0018325958,0.0,-0.0030543262,TONIC,08626e289f71
1775671923441,1062108791909756,2.6791117,-1.3192052,-9.19134,0.0018325958,-0.0018325958,-0.0036651916,TONIC,08626e289f71
1775671923449,1062108799965681,2.6671407,-1.3455414,-9.181764,0.002443461,-0.004276057,-0.0018325958,TONIC,08626e289f71
1775671923457,1062108807902297,2.6791117,-1.3575124,-9.193734,0.005497787,0.0,-0.0036651916,TONIC,08626e289f71
1775671923465,1062108815897684,2.681506,-1.3623008,-9.200917,0.0030543262,-0.0012217305,-0.0036651916,TONIC,08626e289f71
1775671923473,1062108823892762,2.6743233,-1.3694834,-9.220071,0.002443461,-6.1086525E-4,-0.0018325958,TONIC,08626e289f71
1775671923481,1062108831887301,2.6719291,-1.3551182,-9.210494,0.0030543262,6.1086525E-4,-0.002443461,TONIC,08626e289f71
1775671923489,1062108839908226,2.6910827,-1.3670892,-9.210494,0.0030543262,0.002443461,-0.0030543262,TONIC,08626e289f71
1775671923497,1062108847881381,2.6910827,-1.3862427,-9.224859,0.0036651916,0.002443461,-6.1086525E-4,TONIC,08626e289f71
1775671923505,1062108855903537,2.7006595,-1.376666,-9.215282,0.004886922,0.0036651916,-0.0018325958,TONIC,08626e289f71
1775671923513,1062108863986615,2.705448,-1.3790601,-9.193734,0.0036651916,0.0036651916,0.0,TONIC,08626e289f71
1775671923521,1062108871898002,2.705448,-1.3814543,-9.210494,0.0030543262,0.0036651916,-0.0018325958,TONIC,08626e289f71
1775671923529,1062108879977772,2.719813,-1.3790601,-9.196129,0.0030543262,0.0018325958,-0.0012217305,TONIC,08626e289f71
1775671923537,1062108887856543,2.7102363,-1.3910311,-9.186552,0.002443461,0.004886922,-6.1086525E-4,TONIC,08626e289f71
1775671923545,1062108895938621,2.693477,-1.3910311,-9.198523,0.0030543262,0.0061086523,-0.0012217305,TONIC,08626e289f71
1775671923553,1062108903908854,2.7030537,-1.388637,-9.188946,0.0,0.004886922,-6.1086525E-4,TONIC,08626e289f71
1775671923561,1062108911905394,2.705448,-1.3862427,-9.200917,-0.0018325958,0.0018325958,-6.1086525E-4,TONIC,08626e289f71
1775671923569,1062108919870933,2.6982653,-1.3910311,-9.205706,-0.002443461,0.0036651916,-6.1086525E-4,TONIC,08626e289f71
1775671923577,1062108927865089,2.705448,-1.400608,-9.200917,-0.0012217305,0.002443461,0.0,TONIC,08626e289f71
1775671923585,1062108935892859,2.7150247,-1.3910311,-9.200917,6.1086525E-4,0.0018325958,0.0012217305,TONIC,08626e289f71
1775671923593,1062108943912169,2.741361,-1.3790601,-9.215282,-0.0012217305,0.0030543262,-0.0012217305,TONIC,08626e289f71
1775671923601,1062108951883247,2.7509377,-1.376666,-9.217676,-6.1086525E-4,0.002443461,-0.0018325958,TONIC,08626e289f71
1775671923609,1062108959909710,2.7605145,-1.3838485,-9.220071,-6.1086525E-4,0.004886922,0.0,TONIC,08626e289f71
1775671923617,1062108967990404,2.7748797,-1.3718776,-9.188946,-6.1086525E-4,0.0018325958,0.0,TONIC,08626e289f71
1775671923625,1062108975871867,2.7940333,-1.3694834,-9.200917,-0.0036651916,0.0012217305,0.0,TONIC,08626e289f71
1775671923634,1062108984012253,2.789245,-1.364695,-9.174581,-0.004886922,-0.0018325958,0.0018325958,TONIC,08626e289f71
1775671923641,1062108991861792,2.8107927,-1.3670892,-9.160215,-0.0036651916,0.002443461,6.1086525E-4,TONIC,08626e289f71
1775671923650,1062109000003564,2.822764,-1.364695,-9.174581,-0.002443461,-0.0012217305,-6.1086525E-4,TONIC,08626e289f71
1775671923657,1062109007882642,2.8060043,-1.3670892,-9.16261,-0.002443461,-0.0018325958,0.0012217305,TONIC,08626e289f71
1775671923665,1062109015994720,2.801216,-1.3623008,-9.153033,-0.0030543262,6.1086525E-4,-0.0018325958,TONIC,08626e289f71
1775671923673,1062109023873721,2.7964275,-1.3455414,-9.184157,-0.002443461,-0.0030543262,-6.1086525E-4,TONIC,08626e289f71
1775671923681,1062109031899877,2.777274,-1.3311762,-9.167398,-6.1086525E-4,-0.004886922,-0.0012217305,TONIC,08626e289f71
1775671923689,1062109039866109,2.7868507,-1.340753,-9.169792,-6.1086525E-4,-0.0067195175,-6.1086525E-4,TONIC,08626e289f71
1775671923697,1062109047891265,2.753332,-1.3455414,-9.16261,0.002443461,-0.004886922,0.0,TONIC,08626e289f71
1775671923705,1062109055885728,2.765303,-1.3383588,-9.196129,0.0036651916,-0.0018325958,-6.1086525E-4,TONIC,08626e289f71
1775671923713,1062109063881499,2.7461493,-1.3359646,-9.212888,0.0012217305,-0.0030543262,0.0,TONIC,08626e289f71
1775671923721,1062109071908808,2.741361,-1.3455414,-9.210494,0.0030543262,-0.004276057,0.0,TONIC,08626e289f71
1775671923729,1062109079903039,2.7269957,-1.3479356,-9.217676,0.0030543262,-0.0030543262,0.0,TONIC,08626e289f71
1775671923737,1062109087955041,2.7246015,-1.3623008,-9.203311,0.004886922,-0.0036651916,-6.1086525E-4,TONIC,08626e289f71
1775671923745,1062109095895888,2.719813,-1.3694834,-9.198523,0.0030543262,-0.002443461,6.1086525E-4,TONIC,08626e289f71
1775671923753,1062109103946352,2.719813,-1.3742718,-9.196129,0.0030543262,-0.0012217305,6.1086525E-4,TONIC,08626e289f71
1775671923761,1062109111887968,2.705448,-1.3670892,-9.198523,0.0012217305,-0.0018325958,0.0,TONIC,08626e289f71
1775671923769,1062109119998663,2.695871,-1.3838485,-9.19134,-6.1086525E-4,-0.0067195175,0.0018325958,TONIC,08626e289f71
1775671923777,1062109127878125,2.6910827,-1.3862427,-9.203311,6.1086525E-4,-0.005497787,0.002443461,TONIC,08626e289f71
1775671923785,1062109135959281,2.6862943,-1.3814543,-9.200917,0.0012217305,-0.0061086523,0.002443461,TONIC,08626e289f71
1775671923793,1062109143868590,2.6767175,-1.376666,-9.19134,6.1086525E-4,-0.004886922,0.0,TONIC,08626e289f71
1775671923801,1062109151894977,2.6671407,-1.3718776,-9.212888,-0.002443461,-0.007941248,0.0018325958,TONIC,08626e289f71
1775671923809,1062109159859362,2.6767175,-1.3694834,-9.210494,6.1086525E-4,-0.0067195175,0.0012217305,TONIC,08626e289f71
1775671923817,1062109167886748,2.681506,-1.3694834,-9.215282,-0.0012217305,-0.004276057,0.0030543262,TONIC,08626e289f71
1775671923825,1062109175882981,2.6503813,-1.3670892,-9.215282,0.0,-0.004886922,0.0036651916,TONIC,08626e289f71
1775671923833,1062109183994059,2.6671407,-1.3694834,-9.217676,-0.0012217305,-0.004276057,0.0030543262,TONIC,08626e289f71
1775671923841,1062109191903599,2.6671407,-1.3694834,-9.196129,-0.0036651916,-0.0036651916,0.004276057,TONIC,08626e289f71
1775671923849,1062109199899292,2.6671407,-1.3455414,-9.205706,-0.0061086523,-0.005497787,0.0036651916,TONIC,08626e289f71
1775671923857,1062109207895910,2.6862943,-1.3623008,-9.210494,-0.0030543262,-0.0030543262,0.0061086523,TONIC,08626e289f71
1775671923865,1062109215976295,2.695871,-1.3623008,-9.196129,-0.0018325958,-0.0036651916,0.004886922,TONIC,08626e289f71
1775671923873,1062109223887605,2.707842,-1.352724,-9.205706,-0.0036651916,-0.002443461,0.005497787,TONIC,08626e289f71
1775671923881,1062109231881529,2.707842,-1.340753,-9.179369,-0.004886922,-0.0036651916,0.0067195175,TONIC,08626e289f71
1775671923889,1062109239877224,2.7246015,-1.364695,-9.186552,-0.0036651916,6.1086525E-4,0.004276057,TONIC,08626e289f71
1775671923897,1062109247928301,2.7006595,-1.3455414,-9.176975,-0.0030543262,-0.0012217305,0.004276057,TONIC,08626e289f71
1775671923905,1062109255901149,2.7389667,-1.3455414,-9.186552,-6.1086525E-4,6.1086525E-4,0.004886922,TONIC,08626e289f71
1775671923913,1062109263950074,2.743755,-1.3503298,-9.169792,0.0,0.0036651916,0.0036651916,TONIC,08626e289f71
1775671923921,1062109271891306,2.7222073,-1.3599066,-9.196129,0.0012217305,0.0030543262,0.0012217305,TONIC,08626e289f71
1775671923929,1062109279886769,2.731784,-1.364695,-9.181764,0.0012217305,0.002443461,-0.0012217305,TONIC,08626e289f71
1775671923937,1062109287906385,2.741361,-1.3718776,-9.198523,0.0030543262,0.0018325958,6.1086525E-4,TONIC,08626e289f71
1775671923945,1062109295876926,2.731784,-1.3790601,-9.179369,0.0030543262,0.0012217305,6.1086525E-4,TONIC,08626e289f71
1775671923953,1062109303958696,2.741361,-1.3623008,-9.205706,0.004886922,0.0030543262,0.0,TONIC,08626e289f71
1775671923961,1062109311900621,2.7389667,-1.3838485,-9.19134,0.0036651916,0.0036651916,-0.0012217305,TONIC,08626e289f71
1775671923970,1062109320010776,2.7461493,-1.3838485,-9.200917,0.004276057,0.0036651916,-6.1086525E-4,TONIC,08626e289f71
1775671923977,1062109327892009,2.731784,-1.3910311,-9.212888,0.0036651916,0.0061086523,-0.0012217305,TONIC,08626e289f71
1775671923985,1062109335885241,2.743755,-1.4053963,-9.186552,0.0012217305,0.002443461,-0.0030543262,TONIC,08626e289f71
1775671923993,1062109343997780,2.7341783,-1.3958195,-9.196129,0.0030543262,0.005497787,-0.0036651916,TONIC,08626e289f71
1775671924001,1062109351908628,2.717419,-1.388637,-9.217676,0.0030543262,0.004886922,-0.004886922,TONIC,08626e289f71
1775671924009,1062109359988860,2.72939,-1.400608,-9.203311,0.004276057,0.004886922,-0.004886922,TONIC,08626e289f71
1775671924017,1062109367898170,2.741361,-1.4053963,-9.208099,0.005497787,0.0030543262,-0.005497787,TONIC,08626e289f71
1775671924025,1062109375919094,2.7485435,-1.376666,-9.196129,0.005497787,0.002443461,-0.0061086523,TONIC,08626e289f71
1775671924033,1062109383891711,2.7700913,-1.3742718,-9.200917,0.002443461,0.0,-0.005497787,TONIC,08626e289f71
1775671924041,1062109391885482,2.7509377,-1.3958195,-9.200917,-6.1086525E-4,-0.002443461,-0.004886922,TONIC,08626e289f71
1775671924049,1062109399997484,2.7581203,-1.3838485,-9.205706,-0.0018325958,-0.0036651916,-0.002443461,TONIC,08626e289f71
1775671924057,1062109407907946,2.7724855,-1.4030021,-9.174581,-0.002443461,-0.004276057,-0.0030543262,TONIC,08626e289f71
1775671924065,1062109415927640,2.7581203,-1.400608,-9.19134,0.0,-0.0018325958,-0.0018325958,TONIC,08626e289f71
1775671924073,1062109423868334,2.741361,-1.3838485,-9.19134,-0.002443461,-0.004886922,-0.002443461,TONIC,08626e289f71
1775671924081,1062109431862720,2.753332,-1.3694834,-9.188946,-0.002443461,-0.004276057,-0.002443461,TONIC,08626e289f71
1775671924090,1062109440006106,2.7341783,-1.3838485,-9.196129,-0.0018325958,-0.0018325958,-0.002443461,TONIC,08626e289f71
1775671924097,1062109447854723,2.731784,-1.3623008,-9.167398,-0.0018325958,-0.0018325958,-0.002443461,TONIC,08626e289f71
1775671924105,1062109455936263,2.7006595,-1.3503298,-9.184157,0.0018325958,6.1086525E-4,-0.002443461,TONIC,08626e289f71
1775671924113,1062109463876879,2.6982653,-1.3503298,-9.186552,-0.0018325958,-0.002443461,-0.002443461,TONIC,08626e289f71
1775671924121,1062109471902112,2.6791117,-1.3599066,-9.19134,-0.002443461,-0.0018325958,-0.002443461,TONIC,08626e289f71
1775671924129,1062109479953498,2.6767175,-1.340753,-9.215282,-0.002443461,-0.0012217305,-0.0018325958,TONIC,08626e289f71
1775671924137,1062109487895961,2.6599581,-1.3239936,-9.193734,-0.0018325958,-0.0018325958,-0.0018325958,TONIC,08626e289f71
1775671924145,1062109495889193,2.657564,-1.3239936,-9.203311,-0.0012217305,-0.0012217305,-0.0012217305,TONIC,08626e289f71
1775671924153,1062109503940348,2.6767175,-1.3096284,-9.208099,0.0,-6.1086525E-4,-0.0012217305,TONIC,08626e289f71
1775671924161,1062109511881581,2.669535,-1.3311762,-9.188946,6.1086525E-4,0.0018325958,-0.0018325958,TONIC,08626e289f71
1775671924169,1062109519992582,2.6503813,-1.3311762,-9.19134,-0.0018325958,-6.1086525E-4,-0.002443461,TONIC,08626e289f71
1775671924177,1062109527871969,2.6886885,-1.3718776,-9.212888,6.1086525E-4,0.0018325958,-0.002443461,TONIC,08626e289f71
1775671924185,1062109535953277,2.6719291,-1.3311762,-9.210494,6.1086525E-4,0.0036651916,-0.0018325958,TONIC,08626e289f71
1775671924193,1062109543862433,2.6527755,-1.3455414,-9.200917,0.0012217305,0.004886922,-0.0018325958,TONIC,08626e289f71
1775671924201,1062109551890126,2.6719291,-1.3575124,-9.193734,0.0,0.0012217305,-0.0030543262,TONIC,08626e289f71
1775671924209,1062109559884359,2.681506,-1.364695,-9.179369,0.0012217305,0.004276057,-0.0012217305,TONIC,08626e289f71
1775671924217,1062109567882745,2.6791117,-1.3718776,-9.205706,6.1086525E-4,0.0030543262,-6.1086525E-4,TONIC,08626e289f71
1775671924225,1062109575907670,2.6862943,-1.3742718,-9.208099,0.0012217305,0.0061086523,0.0,TONIC,08626e289f71
1775671924233,1062109583901825,2.6982653,-1.3742718,-9.208099,0.002443461,0.007330383,-0.0012217305,TONIC,08626e289f71
1775671924241,1062109591897595,2.7006595,-1.388637,-9.224859,0.0018325958,0.004886922,-0.0018325958,TONIC,08626e289f71
1775671924249,1062109599893597,2.7126305,-1.3838485,-9.198523,0.0030543262,0.0067195175,-0.0012217305,TONIC,08626e289f71
1775671924257,1062109607913829,2.717419,-1.3742718,-9.200917,0.0036651916,0.0061086523,-0.0036651916,TONIC,08626e289f71
1775671924265,1062109615884985,2.7126305,-1.3742718,-9.220071,0.0018325958,0.004886922,-0.0018325958,TONIC,08626e289f71
1775671924273,1062109623935447,2.753332,-1.3742718,-9.210494,6.1086525E-4,0.005497787,-6.1086525E-4,TONIC,08626e289f71
1775671924281,1062109631905295,2.7509377,-1.3958195,-9.196129,0.0012217305,0.004886922,-6.1086525E-4,TONIC,08626e289f71
1775671924289,1062109639987681,2.7748797,-1.3455414,-9.181764,-0.0018325958,0.0030543262,-6.1086525E-4,TONIC,08626e289f71
1775671924297,1062109647898145,2.755726,-1.3551182,-9.181764,-0.0036651916,0.002443461,-0.002443461,TONIC,08626e289f71
1775671924305,1062109655917915,2.755726,-1.3742718,-9.165004,-0.0030543262,0.0012217305,-6.1086525E-4,TONIC,08626e289f71
1775671924313,1062109663888071,2.7724855,-1.3694834,-9.167398,-0.0012217305,0.002443461,-6.1086525E-4,TONIC,08626e289f71
1775671924321,1062109671884072,2.767697,-1.3862427,-9.193734,-0.002443461,0.0012217305,-6.1086525E-4,TONIC,08626e289f71
1775671924329,1062109679965842,2.767697,-1.388637,-9.193734,0.0,0.0,-0.0012217305,TONIC,08626e289f71
1775671924337,1062109687906844,2.765303,-1.3670892,-9.188946,-6.1086525E-4,0.0018325958,-0.0012217305,TONIC,08626e289f71
1775671924345,1062109695871460,2.767697,-1.3599066,-9.205706,6.1086525E-4,0.0018325958,-0.0018325958,TONIC,08626e289f71
1775671924353,1062109703797616,2.755726,-1.3718776,-9.179369,-0.002443461,6.1086525E-4,-0.0012217305,TONIC,08626e289f71
1775671924361,1062109711863156,2.753332,-1.3790601,-9.203311,6.1086525E-4,6.1086525E-4,-0.0012217305,TONIC,08626e289f71
1775671924369,1062109719913235,2.7509377,-1.3623008,-9.200917,6.1086525E-4,0.0018325958,-0.002443461,TONIC,08626e289f71
1775671924377,1062109727886236,2.7605145,-1.3575124,-9.212888,0.0,0.0018325958,-0.0030543262,TONIC,08626e289f71
1775671924385,1062109735879469,2.7629087,-1.376666,-9.188946,-0.0012217305,-0.002443461,-0.0030543262,TONIC,08626e289f71
1775671924393,1062109743905546,2.743755,-1.3694834,-9.19134,6.1086525E-4,-0.0012217305,-0.0018325958,TONIC,08626e289f71
1775671924401,1062109751901548,2.743755,-1.3790601,-9.203311,6.1086525E-4,-0.0018325958,-0.0030543262,TONIC,08626e289f71
1775671924409,1062109759896088,2.7509377,-1.388637,-9.200917,6.1086525E-4,-6.1086525E-4,-0.002443461,TONIC,08626e289f71
1775671924417,1062109767892935,2.755726,-1.3575124,-9.198523,-6.1086525E-4,-0.0012217305,-0.0018325958,TONIC,08626e289f71
1775671924425,1062109775889553,2.7461493,-1.3599066,-9.193734,-0.0012217305,-0.0012217305,-6.1086525E-4,TONIC,08626e289f71
1775671924433,1062109783883477,2.7269957,-1.3670892,-9.205706,-0.002443461,-0.0012217305,-0.002443461,TONIC,08626e289f71
1775671924441,1062109791879402,2.731784,-1.3670892,-9.205706,-0.004276057,-6.1086525E-4,-0.002443461,TONIC,08626e289f71
1775671924449,1062109799905249,2.7365725,-1.3431472,-9.200917,-0.0030543262,-0.0018325958,-0.0030543262,TONIC,08626e289f71
1775671924457,1062109807901866,2.7246015,-1.3575124,-9.193734,-0.0030543262,-0.004886922,-0.0018325958,TONIC,08626e289f71
1775671924465,1062109815896329,2.7269957,-1.3551182,-9.208099,-0.0018325958,-0.0030543262,-0.0012217305,TONIC,08626e289f71
1775671924473,1062109823892100,2.7102363,-1.3623008,-9.19134,-0.0012217305,-0.0036651916,-0.002443461,TONIC,08626e289f71
1775671924481,1062109831887409,2.705448,-1.3694834,-9.196129,6.1086525E-4,-0.004886922,-0.0012217305,TONIC,08626e289f71
1775671924489,1062109839882487,2.717419,-1.3718776,-9.181764,0.0,-0.0067195175,-0.0012217305,TONIC,08626e289f71
1775671924497,1062109847881027,2.7269957,-1.3694834,-9.188946,0.0018325958,-0.004886922,-6.1086525E-4,TONIC,08626e289f71
1775671924505,1062109855906490,2.717419,-1.376666,-9.198523,0.0018325958,-0.004886922,-0.002443461,TONIC,08626e289f71
1775671924513,1062109863903415,2.7030537,-1.364695,-9.203311,0.0,-0.0036651916,0.0,TONIC,08626e289f71
1775671924521,1062109871896031,2.707842,-1.3670892,-9.200917,-6.1086525E-4,-0.004276057,-0.0012217305,TONIC,08626e289f71
1775671924529,1062109879890572,2.707842,-1.3670892,-9.210494,-0.0018325958,-0.0012217305,-0.0012217305,TONIC,08626e289f71
1775671924537,1062109887888034,2.695871,-1.3718776,-9.210494,-0.0018325958,-0.002443461,-6.1086525E-4,TONIC,08626e289f71
1775671924545,1062109895883113,2.6982653,-1.364695,-9.208099,-0.0018325958,-0.0018325958,-0.0018325958,TONIC,08626e289f71
1775671924553,1062109903878499,2.6862943,-1.3575124,-9.174581,-0.0018325958,-0.0012217305,0.0,TONIC,08626e289f71
1775671924561,1062109911905655,2.6886885,-1.3575124,-9.16261,-0.0012217305,-0.0012217305,-0.0018325958,TONIC,08626e289f71
1775671924569,1062109919900117,2.6839,-1.3862427,-9.188946,-0.0018325958,0.0012217305,-0.0018325958,TONIC,08626e289f71
1775671924577,1062109927896426,2.6862943,-1.3790601,-9.208099,-6.1086525E-4,-0.0012217305,-0.0018325958,TONIC,08626e289f71
1775671924585,1062109935891428,2.6886885,-1.3575124,-9.203311,-0.0012217305,0.0012217305,-0.0018325958,TONIC,08626e289f71
1775671924593,1062109943887198,2.6671407,-1.3623008,-9.210494,0.0012217305,0.0,-0.0030543262,TONIC,08626e289f71
1775671924601,1062109951884354,2.695871,-1.3694834,-9.215282,6.1086525E-4,-6.1086525E-4,-0.0036651916,TONIC,08626e289f71
1775671924609,1062109959879740,2.7102363,-1.352724,-9.217676,-6.1086525E-4,-0.0012217305,-0.0012217305,TONIC,08626e289f71
1775671924617,1062109967905665,2.72939,-1.3694834,-9.205706,0.0,-6.1086525E-4,6.1086525E-4,TONIC,08626e289f71
1775671924625,1062109975899512,2.7269957,-1.3599066,-9.200917,6.1086525E-4,-6.1086525E-4,6.1086525E-4,TONIC,08626e289f71
1775671924633,1062109983895514,2.7269957,-1.3359646,-9.198523,6.1086525E-4,6.1086525E-4,0.0018325958,TONIC,08626e289f71
1775671924641,1062109991891438,2.7341783,-1.3479356,-9.208099,0.0,0.002443461,0.0036651916,TONIC,08626e289f71
1775671924649,1062109999886902,2.7030537,-1.3694834,-9.174581,-6.1086525E-4,0.002443461,0.004276057,TONIC,08626e289f71
1775671924657,1062110007884672,2.7269957,-1.3814543,-9.169792,-0.002443461,0.002443461,0.004276057,TONIC,08626e289f71
1775671924665,1062110015877596,2.717419,-1.3814543,-9.174581,-0.002443461,0.0030543262,0.004886922,TONIC,08626e289f71
1775671924673,1062110023905060,2.719813,-1.3575124,-9.169792,-0.0030543262,0.0036651916,0.007330383,TONIC,08626e289f71
1775671924681,1062110031900984,2.6982653,-1.3623008,-9.181764,-0.0018325958,0.0012217305,0.007330383,TONIC,08626e289f71
1775671924689,1062110039894601,2.7030537,-1.3814543,-9.193734,-6.1086525E-4,0.0030543262,0.0061086523,TONIC,08626e289f71
1775671924697,1062110047892679,2.6910827,-1.3742718,-9.203311,-6.1086525E-4,0.002443461,0.004886922,TONIC,08626e289f71
1775671924705,1062110055887143,2.6886885,-1.376666,-9.227253,6.1086525E-4,0.0,0.0061086523,TONIC,08626e289f71
1775671924713,1062110063882528,2.707842,-1.3790601,-9.217676,6.1086525E-4,0.0030543262,0.004276057,TONIC,08626e289f71
1775671924721,1062110071878838,2.705448,-1.376666,-9.229648,6.1086525E-4,0.005497787,0.004886922,TONIC,08626e289f71
1775671924729,1062110079904685,2.7246015,-1.3838485,-9.224859,0.0012217305,0.004276057,0.005497787,TONIC,08626e289f71
1775671924737,1062110087900687,2.72939,-1.3958195,-9.212888,0.0,0.004886922,0.005497787,TONIC,08626e289f71
1775671924745,1062110095895227,2.741361,-1.3958195,-9.227253,6.1086525E-4,0.007941248,0.0036651916,TONIC,08626e289f71
1775671924753,1062110103890305,2.7126305,-1.3910311,-9.198523,-6.1086525E-4,0.0067195175,0.0036651916,TONIC,08626e289f71
1775671924761,1062110111887461,2.7150247,-1.3862427,-9.19134,0.0,0.0061086523,0.0012217305,TONIC,08626e289f71
1775671924769,1062110119882923,2.717419,-1.3790601,-9.179369,-0.002443461,0.007941248,0.0018325958,TONIC,08626e289f71
1775671924777,1062110127907771,2.7269957,-1.388637,-9.188946,-0.0018325958,0.007941248,0.0030543262,TONIC,08626e289f71
1775671924785,1062110135904388,2.719813,-1.3862427,-9.196129,-0.002443461,0.0067195175,0.002443461,TONIC,08626e289f71
1775671924793,1062110143898928,2.7485435,-1.3742718,-9.186552,-0.002443461,0.005497787,6.1086525E-4,TONIC,08626e289f71
1775671924801,1062110151894852,2.7222073,-1.3838485,-9.198523,-0.004276057,0.0030543262,6.1086525E-4,TONIC,08626e289f71
1775671924809,1062110159889700,2.7389667,-1.376666,-9.19134,-0.004276057,0.0018325958,6.1086525E-4,TONIC,08626e289f71
1775671924817,1062110167887548,2.755726,-1.3575124,-9.19134,-0.004276057,0.0018325958,0.0018325958,TONIC,08626e289f71
1775671924825,1062110175880779,2.7748797,-1.352724,-9.208099,-0.004276057,0.0012217305,0.0012217305,TONIC,08626e289f71
1775671924833,1062110183907781,2.7581203,-1.3718776,-9.215282,-0.004276057,0.0012217305,0.002443461,TONIC,08626e289f71
1775671924841,1062110191875552,2.765303,-1.352724,-9.220071,-0.0030543262,0.0018325958,0.002443461,TONIC,08626e289f71
1775671924849,1062110199898554,2.7868507,-1.3790601,-9.186552,-0.0018325958,0.002443461,0.0030543262,TONIC,08626e289f71
1775671924857,1062110207897709,2.7629087,-1.3479356,-9.200917,-0.0018325958,0.004886922,0.0012217305,TONIC,08626e289f71
1775671924865,1062110215889095,2.7461493,-1.3359646,-9.184157,-0.0012217305,0.005497787,0.0036651916,TONIC,08626e289f71
1775671924873,1062110223886635,2.743755,-1.3431472,-9.169792,-6.1086525E-4,0.0036651916,0.0012217305,TONIC,08626e289f71
1775671924881,1062110231882252,2.7365725,-1.3383588,-9.165004,-6.1086525E-4,0.002443461,0.0012217305,TONIC,08626e289f71
1775671925393,1062110743991885,2.7006595,-1.340753,-9.188946,0.0,0.004886922,0.0,TONIC,08626e289f71
1775671925402,1062110752018040,2.695871,-1.352724,-9.181764,-0.0018325958,0.0012217305,0.004886922,TONIC,08626e289f71
1775671925409,1062110759983042,2.6982653,-1.3311762,-9.196129,-0.004276057,0.002443461,0.005497787,TONIC,08626e289f71
1775671925418,1062110768009196,2.705448,-1.3383588,-9.198523,-0.004886922,0.002443461,0.007330383,TONIC,08626e289f71
1775671925425,1062110775948582,2.719813,-1.340753,-9.203311,-0.0036651916,0.002443461,0.008552114,TONIC,08626e289f71
1775671925433,1062110783884815,2.731784,-1.3311762,-9.193734,-0.0030543262,0.0012217305,0.009773844,TONIC,08626e289f71
1775671925441,1062110791880277,2.7389667,-1.3335704,-9.186552,-0.0036651916,0.004276057,0.01038471,TONIC,08626e289f71
1775671925449,1062110799875972,2.7365725,-1.328782,-9.196129,-0.0018325958,0.004276057,0.01160644,TONIC,08626e289f71
1775671925457,1062110807902127,2.7461493,-1.3383588,-9.181764,-6.1086525E-4,0.0061086523,0.01038471,TONIC,08626e289f71
1775671925465,1062110815895283,2.7150247,-1.340753,-9.198523,6.1086525E-4,0.004276057,0.01038471,TONIC,08626e289f71
1775671925473,1062110823891668,2.731784,-1.3335704,-9.19134,6.1086525E-4,0.005497787,0.012217305,TONIC,08626e289f71
1775671925481,1062110831889132,2.7365725,-1.3623008,-9.208099,6.1086525E-4,0.005497787,0.009773844,TONIC,08626e289f71
1775671925489,1062110839883363,2.7269957,-1.340753,-9.19134,0.0,0.0036651916,0.009773844,TONIC,08626e289f71
1775671925497,1062110847880211,2.755726,-1.3551182,-9.224859,0.0012217305,0.005497787,0.009162978,TONIC,08626e289f71
1775671925505,1062110855906674,2.7461493,-1.376666,-9.222465,0.0018325958,0.0036651916,0.009162978,TONIC,08626e289f71
1775671925513,1062110863900829,2.7389667,-1.3838485,-9.200917,0.0,0.0036651916,0.008552114,TONIC,08626e289f71
1775671925521,1062110871895600,2.7222073,-1.3982137,-9.208099,0.0,0.004276057,0.007941248,TONIC,08626e289f71
1775671925529,1062110879892294,2.7246015,-1.400608,-9.220071,6.1086525E-4,0.004886922,0.008552114,TONIC,08626e289f71
1775671925537,1062110887890373,2.6982653,-1.3814543,-9.200917,-0.0012217305,0.004276057,0.0067195175,TONIC,08626e289f71
1775671925545,1062110895882758,2.717419,-1.4077905,-9.186552,0.0,0.005497787,0.004276057,TONIC,08626e289f71
1775671925553,1062110903908606,2.7102363,-1.400608,-9.184157,0.0,0.005497787,0.0030543262,TONIC,08626e289f71
1775671925561,1062110911905454,2.7102363,-1.3982137,-9.198523,0.0012217305,0.005497787,0.002443461,TONIC,08626e289f71
1775671925569,1062110919899686,2.7150247,-1.3862427,-9.200917,0.0018325958,0.0067195175,0.0,TONIC,08626e289f71
1775671925577,1062110927898149,2.743755,-1.3838485,-9.196129,0.0012217305,0.0018325958,0.0,TONIC,08626e289f71
1775671925585,1062110935891996,2.707842,-1.3814543,-9.220071,-6.1086525E-4,0.0018325958,6.1086525E-4,TONIC,08626e289f71
1775671925593,1062110943887306,2.743755,-1.376666,-9.203311,-0.0018325958,0.0036651916,0.0018325958,TONIC,08626e289f71
1775671925601,1062110951882768,2.7341783,-1.376666,-9.208099,-6.1086525E-4,0.002443461,6.1086525E-4,TONIC,08626e289f71
1775671925609,1062110959908309,2.7389667,-1.376666,-9.215282,-0.0018325958,0.0012217305,0.0018325958,TONIC,08626e289f71
1775671925617,1062110967906771,2.743755,-1.3694834,-9.205706,-0.0018325958,0.0030543262,0.0012217305,TONIC,08626e289f71
1775671925625,1062110975900312,2.7389667,-1.364695,-9.200917,-0.0012217305,0.005497787,0.0012217305,TONIC,08626e289f71
1775671925633,1062110983895390,2.7365725,-1.3838485,-9.198523,-0.0012217305,0.005497787,0.0018325958,TONIC,08626e289f71
1775671925641,1062110991891930,2.7269957,-1.3575124,-9.188946,-0.0018325958,0.005497787,0.0,TONIC,08626e289f71
1775671925649,1062110999886470,2.7222073,-1.364695,-9.179369,-0.0018325958,0.004886922,-6.1086525E-4,TONIC,08626e289f71
1775671925657,1062111007884933,2.7102363,-1.352724,-9.167398,-0.0018325958,0.004276057,0.0018325958,TONIC,08626e289f71
1775671925665,1062111015877857,2.7389667,-1.340753,-9.196129,-0.0030543262,0.005497787,0.0018325958,TONIC,08626e289f71
1775671925673,1062111023904243,2.7102363,-1.3383588,-9.19134,-0.0018325958,0.005497787,0.0030543262,TONIC,08626e289f71
1775671925681,1062111031900014,2.717419,-1.3503298,-9.19134,-0.0012217305,0.0036651916,0.0012217305,TONIC,08626e289f71
1775671925689,1062111039895938,2.7365725,-1.3479356,-9.215282,-0.0030543262,0.0036651916,0.0018325958,TONIC,08626e289f71
1775671925697,1062111047891017,2.719813,-1.3455414,-9.203311,-0.0018325958,0.0,0.0030543262,TONIC,08626e289f71
1775671925705,1062111055886403,2.7365725,-1.3575124,-9.208099,-0.0012217305,0.0,0.0036651916,TONIC,08626e289f71
1775671925713,1062111063882482,2.7222073,-1.3503298,-9.196129,-0.0012217305,0.002443461,0.0036651916,TONIC,08626e289f71
1775671925721,1062111071879406,2.7246015,-1.340753,-9.205706,-0.002443461,0.0018325958,0.0030543262,TONIC,08626e289f71
1775671925729,1062111079904947,2.7341783,-1.3551182,-9.188946,-6.1086525E-4,0.0030543262,0.0030543262,TONIC,08626e289f71
1775671925737,1062111087900871,2.731784,-1.3503298,-9.196129,-0.0012217305,0.0030543262,0.0030543262,TONIC,08626e289f71
1775671925745,1062111095896026,2.7341783,-1.3599066,-9.200917,-0.0018325958,0.0012217305,0.0030543262,TONIC,08626e289f71
1775671925753,1062111103890720,2.753332,-1.3718776,-9.205706,-0.0012217305,0.002443461,0.004886922,TONIC,08626e289f71
1775671925761,1062111111886721,2.7700913,-1.3575124,-9.188946,-0.0030543262,0.0,0.004276057,TONIC,08626e289f71
1775671925769,1062111119882492,2.767697,-1.3790601,-9.196129,-0.002443461,0.0012217305,0.004276057,TONIC,08626e289f71
1775671925777,1062111127879339,2.753332,-1.3670892,-9.184157,-0.0012217305,-6.1086525E-4,0.0030543262,TONIC,08626e289f71
1775671925785,1062111135903341,2.731784,-1.3742718,-9.169792,-0.0012217305,-0.0012217305,0.002443461,TONIC,08626e289f71
1775671925793,1062111143900035,2.753332,-1.3742718,-9.181764,-6.1086525E-4,-0.0036651916,0.0018325958,TONIC,08626e289f71
1775671925801,1062111151895729,2.7629087,-1.388637,-9.184157,-0.0012217305,-0.0036651916,0.0012217305,TONIC,08626e289f71
1775671925809,1062111159889884,2.7629087,-1.3670892,-9.186552,-6.1086525E-4,-0.004276057,0.0012217305,TONIC,08626e289f71
1775671925817,1062111167886117,2.743755,-1.3551182,-9.174581,0.0,-0.002443461,0.0,TONIC,08626e289f71
1775671925825,1062111175883425,2.7389667,-1.3431472,-9.184157,-6.1086525E-4,-0.0018325958,6.1086525E-4,TONIC,08626e289f71
1775671925833,1062111183907735,2.7150247,-1.3383588,-9.184157,-6.1086525E-4,-0.0036651916,-6.1086525E-4,TONIC,08626e289f71
1775671925841,1062111191904967,2.717419,-1.3335704,-9.186552,-0.0018325958,-0.0030543262,0.0,TONIC,08626e289f71
1775671925849,1062111199899660,2.707842,-1.328782,-9.193734,0.0,-0.0030543262,0.0,TONIC,08626e289f71
1775671925857,1062111207894816,2.681506,-1.352724,-9.23683,0.0,-6.1086525E-4,0.0,TONIC,08626e289f71
1775671925865,1062111215892279,2.695871,-1.3551182,-9.232041,0.0,0.0,0.0,TONIC,08626e289f71
1775671925873,1062111223886434,2.707842,-1.3599066,-9.229648,6.1086525E-4,-6.1086525E-4,0.0,TONIC,08626e289f71
1775671925881,1062111231882743,2.6910827,-1.3479356,-9.224859,-0.0012217305,0.0018325958,0.0,TONIC,08626e289f71
1775671925889,1062111239907361,2.6982653,-1.3623008,-9.205706,0.0,0.0012217305,-6.1086525E-4,TONIC,08626e289f71
1775671925897,1062111247905900,2.7150247,-1.3718776,-9.217676,0.0,0.0018325958,-6.1086525E-4,TONIC,08626e289f71
1775671925905,1062111255900671,2.7030537,-1.3718776,-9.215282,0.0012217305,0.0018325958,0.0,TONIC,08626e289f71
1775671925913,1062111263894518,2.7269957,-1.3575124,-9.193734,0.0018325958,6.1086525E-4,-0.002443461,TONIC,08626e289f71
1775671925921,1062111271889827,2.7341783,-1.364695,-9.19134,0.0030543262,0.0036651916,-0.0030543262,TONIC,08626e289f71
1775671925929,1062111279886445,2.755726,-1.3575124,-9.196129,0.0030543262,0.0,-0.002443461,TONIC,08626e289f71
1775671925937,1062111287883061,2.777274,-1.3694834,-9.174581,0.002443461,0.0012217305,-0.004276057,TONIC,08626e289f71
1775671925945,1062111295907986,2.7581203,-1.364695,-9.193734,0.002443461,0.0012217305,-0.0036651916,TONIC,08626e289f71
1775671925953,1062111303902833,2.7748797,-1.3670892,-9.203311,0.0030543262,-6.1086525E-4,-0.0061086523,TONIC,08626e289f71
1775671925961,1062111311898451,2.791639,-1.3694834,-9.193734,0.002443461,-6.1086525E-4,-0.005497787,TONIC,08626e289f71
1775671925969,1062111319894836,2.8107927,-1.3575124,-9.222465,0.0018325958,-0.0018325958,-0.004276057,TONIC,08626e289f71
1775671925977,1062111327891069,2.7820623,-1.3694834,-9.212888,0.0012217305,-0.0036651916,-0.004276057,TONIC,08626e289f71
1775671925985,1062111335887147,2.8107927,-1.3862427,-9.188946,0.0,-0.009162978,-0.0036651916,TONIC,08626e289f71
1775671925993,1062111343880918,2.825158,-1.364695,-9.19134,-6.1086525E-4,-0.009162978,-0.002443461,TONIC,08626e289f71
1775671926001,1062111351907688,2.8562827,-1.3694834,-9.160215,0.0,-0.01038471,-0.0036651916,TONIC,08626e289f71
1775671926009,1062111359903382,2.8299465,-1.3790601,-9.155427,6.1086525E-4,-0.013439035,-6.1086525E-4,TONIC,08626e289f71
1775671926017,1062111367899461,2.8275523,-1.3311762,-9.150639,0.0,-0.01282817,-0.0012217305,TONIC,08626e289f71
1775671926025,1062111375894154,2.801216,-1.3311762,-9.141062,0.002443461,-0.01038471,-6.1086525E-4,TONIC,08626e289f71
1775671926033,1062111383890464,2.777274,-1.3359646,-9.167398,0.0036651916,-0.012217305,0.0,TONIC,08626e289f71
1775671926041,1062111391886849,2.7509377,-1.3359646,-9.210494,0.004276057,-0.010995574,0.0,TONIC,08626e289f71
1775671926049,1062111399881851,2.741361,-1.3599066,-9.215282,0.002443461,-0.01282817,0.0018325958,TONIC,08626e289f71
1775671926057,1062111407909929,2.7150247,-1.3599066,-9.222465,0.0012217305,-0.015882496,0.0018325958,TONIC,08626e289f71
1775671926065,1062111415902854,2.707842,-1.3623008,-9.208099,-0.0012217305,-0.017104227,0.002443461,TONIC,08626e289f71
1775671926073,1062111423898471,2.7006595,-1.3790601,-9.200917,-0.0012217305,-0.018325957,0.0012217305,TONIC,08626e289f71
1775671926081,1062111431895473,2.681506,-1.3814543,-9.179369,6.1086525E-4,-0.015882496,6.1086525E-4,TONIC,08626e289f71
1775671926089,1062111439890551,2.6647465,-1.3814543,-9.155427,0.0030543262,-0.010995574,0.0,TONIC,08626e289f71
1775671926097,1062111447886244,2.621651,-1.3694834,-9.165004,0.0061086523,-0.0067195175,-6.1086525E-4,TONIC,08626e289f71
1775671926105,1062111455881015,2.5737667,-1.3838485,-9.153033,0.0061086523,-0.004886922,-0.0030543262,TONIC,08626e289f71
1775671926113,1062111463906555,2.5881321,-1.3551182,-9.169792,0.0061086523,6.1086525E-4,-0.0030543262,TONIC,08626e289f71
1775671926121,1062111471904018,2.4540567,-1.3192052,-9.167398,0.004276057,0.0030543262,-0.0030543262,TONIC,08626e289f71
1775671926129,1062111479897635,2.5570073,-1.3503298,-9.25359,0.0030543262,6.1086525E-4,-0.0030543262,TONIC,08626e289f71
1775671926137,1062111487895791,2.5713725,-1.4053963,-9.234436,0.0012217305,0.005497787,-0.0036651916,TONIC,08626e289f71
1775671926145,1062111495889023,2.566584,-1.3718776,-9.248801,-0.002443461,0.0036651916,-0.007330383,TONIC,08626e289f71
1775671926153,1062111503885025,2.5929205,-1.3790601,-9.241618,-0.005497787,0.0012217305,-0.007941248,TONIC,08626e289f71
1775671926161,1062111511880410,2.6240451,-1.352724,-9.251195,-0.007330383,-0.002443461,-0.009162978,TONIC,08626e289f71
1775671926169,1062111519908028,2.693477,-1.4030021,-9.279925,-0.008552114,-0.0030543262,-0.01038471,TONIC,08626e289f71
1775671926177,1062111527905029,2.705448,-1.4077905,-9.244013,-0.007941248,-0.0030543262,-0.01160644,TONIC,08626e289f71
1775671926185,1062111535899491,2.717419,-1.3910311,-9.232041,-0.0061086523,-0.0018325958,-0.01282817,TONIC,08626e289f71
1775671926193,1062111543893032,2.7126305,-1.3742718,-9.227253,-0.004886922,-6.1086525E-4,-0.014660766,TONIC,08626e289f71
1775671926201,1062111551889033,2.7006595,-1.3718776,-9.19134,-0.0012217305,6.1086525E-4,-0.017104227,TONIC,08626e289f71
1775671926209,1062111559884727,2.6719291,-1.340753,-9.157822,0.0012217305,0.0036651916,-0.015882496,TONIC,08626e289f71
1775671926217,1062111567882574,2.6551697,-1.3239936,-9.121908,0.002443461,0.009162978,-0.017104227,TONIC,08626e289f71
1775671926225,1062111575906192,2.6431987,-1.292869,-9.141062,0.004886922,0.010995574,-0.018325957,TONIC,08626e289f71
1775671926233,1062111583902193,2.621651,-1.2952632,-9.16261,0.005497787,0.014660766,-0.018936822,TONIC,08626e289f71
1775671926241,1062111591897964,2.6551697,-1.30484,-9.198523,0.0067195175,0.017104227,-0.017715093,TONIC,08626e289f71
1775671926249,1062111599894273,2.6743233,-1.2904748,-9.220071,0.005497787,0.017104227,-0.018936822,TONIC,08626e289f71
1775671926257,1062111607890197,2.7030537,-1.2880806,-9.239224,0.0036651916,0.016493361,-0.015882496,TONIC,08626e289f71
1775671926265,1062111615884429,2.72939,-1.3120226,-9.222465,0.0030543262,0.015882496,-0.015271631,TONIC,08626e289f71
1775671926273,1062111623880123,2.7365725,-1.340753,-9.224859,0.0030543262,0.013439035,-0.013439035,TONIC,08626e289f71
1775671926281,1062111631875817,2.7389667,-1.3455414,-9.208099,0.004276057,0.013439035,-0.01160644,TONIC,08626e289f71
1775671926289,1062111639903126,2.7389667,-1.352724,-9.196129,0.004886922,0.014049901,-0.014049901,TONIC,08626e289f71
1775671926297,1062111647898589,2.695871,-1.3311762,-9.193734,0.0067195175,0.015271631,-0.01282817,TONIC,08626e289f71
1775671926305,1062111655893052,2.7006595,-1.352724,-9.179369,0.009162978,0.020158553,-0.01160644,TONIC,08626e289f71
1775671926313,1062111663888362,2.7030537,-1.3311762,-9.215282,0.009162978,0.022602014,-0.01282817,TONIC,08626e289f71
1775671926321,1062111671884440,2.7030537,-1.3575124,-9.210494,0.010995574,0.02321288,-0.010995574,TONIC,08626e289f71
1775671926329,1062111679880134,2.7102363,-1.364695,-9.23683,0.010995574,0.021991149,-0.010995574,TONIC,08626e289f71
1775671926337,1062111687908135,2.7222073,-1.376666,-9.232041,0.009162978,0.02076942,-0.01038471,TONIC,08626e289f71
1775671926345,1062111695901597,2.7222073,-1.3790601,-9.220071,0.007941248,0.019547688,-0.009773844,TONIC,08626e289f71
1775671926353,1062111703897907,2.7629087,-1.388637,-9.210494,0.007941248,0.017104227,-0.01038471,TONIC,08626e289f71
1775671926361,1062111711894216,2.765303,-1.3694834,-9.165004,0.009773844,0.018325957,-0.009773844,TONIC,08626e289f71
1775671926369,1062111719887218,2.7629087,-1.3790601,-9.172187,0.007941248,0.017104227,-0.008552114,TONIC,08626e289f71
1775671926377,1062111727887219,2.7581203,-1.3838485,-9.16261,0.010995574,0.017715093,-0.009162978,TONIC,08626e289f71
1775671926385,1062111735879529,2.7629087,-1.388637,-9.155427,0.010995574,0.018325957,-0.012217305,TONIC,08626e289f71
1775671926393,1062111743905914,2.7868507,-1.4077905,-9.174581,0.010995574,0.019547688,-0.012217305,TONIC,08626e289f71
1775671926401,1062111751901070,2.7629087,-1.3934253,-9.176975,0.009773844,0.022602014,-0.01282817,TONIC,08626e289f71
1775671926409,1062111759897687,2.7629087,-1.376666,-9.19134,0.009773844,0.022602014,-0.013439035,TONIC,08626e289f71
1775671926417,1062111767894842,2.765303,-1.3742718,-9.217676,0.009162978,0.022602014,-0.012217305,TONIC,08626e289f71
1775671926425,1062111775887843,2.7485435,-1.3623008,-9.222465,0.009773844,0.02076942,-0.012217305,TONIC,08626e289f71
1775671926625,1062111975986649,2.669535,-1.4269443,-9.23683,0.009162978,0.017715093,-0.01160644,TONIC,08626e289f71
1775671926634,1062111984012805,2.7461493,-1.472434,-9.23683,0.01282817,0.021380283,-0.02321288,TONIC,08626e289f71
1775671926642,1062111992008421,2.743755,-1.4676456,-9.248801,0.01160644,0.015882496,-0.022602014,TONIC,08626e289f71
1775671926650,1062112000004116,2.7365725,-1.4437037,-9.222465,0.009773844,0.018936822,-0.021991149,TONIC,08626e289f71
1775671926657,1062112007885655,2.7365725,-1.436521,-9.227253,0.010995574,0.019547688,-0.02443461,TONIC,08626e289f71
1775671926665,1062112015880119,2.7365725,-1.4197617,-9.200917,0.012217305,0.021991149,-0.02443461,TONIC,08626e289f71
1775671926673,1062112023904120,2.741361,-1.376666,-9.179369,0.01038471,0.02076942,-0.021380283,TONIC,08626e289f71
1775671926681,1062112031900428,2.7581203,-1.3670892,-9.150639,0.01038471,0.02076942,-0.021991149,TONIC,08626e289f71
1775671926689,1062112039896507,2.791639,-1.3431472,-9.131485,0.01160644,0.021991149,-0.021991149,TONIC,08626e289f71
1775671926697,1062112047893662,2.7844565,-1.2976574,-9.126697,0.013439035,0.02443461,-0.018325957,TONIC,08626e289f71
1775671926705,1062112055885972,2.765303,-1.3215994,-9.121908,0.010995574,0.015271631,-0.018325957,TONIC,08626e289f71
1775671926713,1062112063882588,2.765303,-1.3120226,-9.129091,0.010995574,0.021991149,-0.020158553,TONIC,08626e289f71
1775671926721,1062112071908129,2.7341783,-1.3479356,-9.141062,0.007941248,0.017715093,-0.018325957,TONIC,08626e289f71
1775671926729,1062112079905130,2.7629087,-1.3144168,-9.148245,0.007330383,0.017715093,-0.017715093,TONIC,08626e289f71
1775671926737,1062112087902286,2.7461493,-1.3000516,-9.169792,0.007330383,0.016493361,-0.015882496,TONIC,08626e289f71
1775671926745,1062112095895287,2.7365725,-1.3623008,-9.196129,0.008552114,0.012217305,-0.015882496,TONIC,08626e289f71
1775671926753,1062112103890289,2.7461493,-1.3215994,-9.193734,0.0067195175,0.017104227,-0.010995574,TONIC,08626e289f71
1775671926761,1062112111887521,2.7581203,-1.3335704,-9.210494,0.008552114,0.015271631,-0.007941248,TONIC,08626e289f71
1775671926769,1062112119883522,2.7820623,-1.328782,-9.188946,0.009773844,0.017104227,-0.0061086523,TONIC,08626e289f71
1775671926777,1062112127879524,2.7724855,-1.283292,-9.181764,0.01038471,0.02443461,-0.0018325958,TONIC,08626e289f71
1775671926785,1062112135905448,2.7605145,-1.30484,-9.153033,0.013439035,0.02565634,0.0,TONIC,08626e289f71
1775671926793,1062112143900527,2.765303,-1.316811,-9.176975,0.018325957,0.032375857,0.002443461,TONIC,08626e289f71
1775671926801,1062112151894605,2.753332,-1.3311762,-9.148245,0.018325957,0.032375857,0.0018325958,TONIC,08626e289f71
1775671926809,1062112159890684,2.7629087,-1.3551182,-9.150639,0.016493361,0.029932396,0.0036651916,TONIC,08626e289f71
1775671926817,1062112167888223,2.8060043,-1.3742718,-9.16261,0.016493361,0.029321533,0.008552114,TONIC,08626e289f71
1775671926825,1062112175882302,2.837129,-1.3790601,-9.136273,0.014660766,0.02443461,0.009162978,TONIC,08626e289f71
1775671926833,1062112183909380,2.8778305,-1.3910311,-9.11712,0.01038471,0.019547688,0.01282817,TONIC,08626e289f71
1775671926841,1062112191904536,2.896984,-1.3982137,-9.112331,0.008552114,0.020158553,0.015882496,TONIC,08626e289f71
1775671926849,1062112199899614,2.870648,-1.3838485,-9.100361,0.0061086523,0.019547688,0.017104227,TONIC,08626e289f71
1775671926857,1062112207897076,2.906561,-1.4053963,-9.093178,0.0030543262,0.018936822,0.018325957,TONIC,08626e289f71
1775671926865,1062112215890924,2.9017725,-1.436521,-9.112331,0.0012217305,0.018936822,0.018936822,TONIC,08626e289f71
1775671926873,1062112223887002,2.896984,-1.4772224,-9.129091,6.1086525E-4,0.015271631,0.019547688,TONIC,08626e289f71
1775671926881,1062112231881389,2.9017725,-1.5035586,-9.136273,-0.0012217305,0.012217305,0.018325957,TONIC,08626e289f71
1775671926889,1062112239909159,2.920926,-1.4939818,-9.14585,-0.0012217305,0.009162978,0.017104227,TONIC,08626e289f71
1775671926897,1062112247903854,2.9041667,-1.5107412,-9.126697,-0.0036651916,0.01038471,0.017104227,TONIC,08626e289f71
1775671926905,1062112255897778,2.885013,-1.520318,-9.14585,-0.0036651916,0.007941248,0.01282817,TONIC,08626e289f71
1775671926913,1062112263894087,2.846706,-1.4891934,-9.165004,-0.0030543262,0.010995574,0.009773844,TONIC,08626e289f71
1775671926921,1062112271890704,2.8203697,-1.4748282,-9.188946,-0.0018325958,0.014660766,0.005497787,TONIC,08626e289f71
1775671926929,1062112279885398,2.822764,-1.4700398,-9.241618,0.0012217305,0.014049901,0.0036651916,TONIC,08626e289f71
1775671926937,1062112287883630,2.837129,-1.472434,-9.287108,0.0030543262,0.013439035,-0.0012217305,TONIC,08626e289f71
1775671926945,1062112295906939,2.846706,-1.484405,-9.31105,0.0036651916,0.010995574,-0.0036651916,TONIC,08626e289f71
1775671926953,1062112303904248,2.858677,-1.4796166,-9.31105,0.002443461,0.01160644,-0.0061086523,TONIC,08626e289f71
1775671926961,1062112311899019,2.8898015,-1.4700398,-9.267955,0.0036651916,0.01282817,-0.007941248,TONIC,08626e289f71
1775671926969,1062112319894405,2.89459,-1.4556746,-9.229648,0.0036651916,0.015271631,-0.009773844,TONIC,08626e289f71
1775671926977,1062112327891945,2.8993783,-1.4413095,-9.19134,0.0018325958,0.018325957,-0.01160644,TONIC,08626e289f71
1775671926985,1062112335886024,2.906561,-1.412579,-9.143456,-6.1086525E-4,0.018325957,-0.013439035,TONIC,08626e289f71
1775671926993,1062112343882948,2.932897,-1.4030021,-9.131485,-0.002443461,0.018936822,-0.01160644,TONIC,08626e289f71
1775671927001,1062112351877796,2.9472623,-1.3814543,-9.109938,-0.002443461,0.013439035,-0.009162978,TONIC,08626e289f71
1775671927009,1062112359871335,2.96881,-1.3718776,-9.097966,-0.004276057,0.007941248,-0.009773844,TONIC,08626e289f71
1775671927017,1062112367902029,2.9831753,-1.3718776,-9.105149,-0.004276057,0.0012217305,-0.0067195175,TONIC,08626e289f71
1775671927025,1062112375894338,2.9975405,-1.3934253,-9.112331,-0.0036651916,-0.004886922,-0.004276057,TONIC,08626e289f71
1775671927033,1062112383889801,2.992752,-1.4221559,-9.100361,-0.004276057,-0.009162978,-0.0036651916,TONIC,08626e289f71
1775671927041,1062112391886418,2.96881,-1.400608,-9.109938,-0.0036651916,-0.01160644,-0.0012217305,TONIC,08626e289f71
1775671927049,1062112399881112,2.9161377,-1.3982137,-9.090784,-0.004276057,-0.015882496,-0.002443461,TONIC,08626e289f71
1775671927857,1062113207981568,2.791639,-1.3910311,-9.224859,-0.002443461,-0.017104227,-0.0012217305,TONIC,08626e289f71
1775671927865,1062113215977031,2.719813,-1.4030021,-9.23683,-0.037873644,-0.13744467,0.047036625,TONIC,08626e289f71
1775671927873,1062113223972725,2.7485435,-1.3910311,-9.251195,-0.037873644,-0.14049901,0.047647487,TONIC,08626e289f71
1775671927882,1062113232035188,2.755726,-1.4053963,-9.251195,-0.040927973,-0.15088372,0.053145275,TONIC,08626e289f71
1775671927889,1062113239907498,2.8107927,-1.4053963,-9.212888,-0.040927973,-0.15454891,0.05681047,TONIC,08626e289f71
1775671927897,1062113247905037,2.7509377,-1.400608,-9.141062,-0.03970624,-0.16310102,0.056199603,TONIC,08626e289f71
1775671927905,1062113255919868,2.6982653,-1.3144168,-9.143456,-0.040317107,-0.18020524,0.05497787,TONIC,08626e289f71
1775671927913,1062113263917106,2.6599581,-1.2808979,-9.138668,-0.03726278,-0.1863139,0.053145275,TONIC,08626e289f71
1775671927921,1062113271911037,2.5594015,-1.2689269,-9.198523,-0.03481932,-0.17959438,0.053145275,TONIC,08626e289f71
1775671927929,1062113279906429,2.4899697,-1.2545617,-9.229648,-0.031154128,-0.172264,0.054367006,TONIC,08626e289f71
1775671927938,1062113288022744,2.480393,-1.2378023,-9.303867,-0.029321533,-0.16249016,0.054367006,TONIC,08626e289f71
1775671927945,1062113295897136,2.566584,-1.2808979,-9.299079,-0.02565634,-0.14477506,0.05681047,TONIC,08626e289f71
1775671927953,1062113303924836,2.4827871,-1.2880806,-9.287108,-0.027488936,-0.12583824,0.06352998,TONIC,08626e289f71
1775671927961,1062113311920612,2.3942018,-1.2066777,-9.291897,-0.02565634,-0.11178834,0.059253927,TONIC,08626e289f71
1775671927969,1062113319915003,2.4372973,-1.2306197,-9.339781,-0.016493361,-0.096516706,0.057421334,TONIC,08626e289f71
1775671927977,1062113327913550,2.4540567,-1.2473791,-9.320627,-0.014660766,-0.07880162,0.058643065,TONIC,08626e289f71
1775671927985,1062113335992557,2.432509,-1.2904748,-9.320627,-0.01038471,-0.070249505,0.058643065,TONIC,08626e289f71
1775671927993,1062113343931718,2.4157495,-1.2569559,-9.301474,-0.01038471,-0.062308256,0.05681047,TONIC,08626e289f71
1775671928001,1062113351897495,2.4157495,-1.3263878,-9.28232,-0.007330383,-0.039095376,0.056199603,TONIC,08626e289f71
1775671928010,1062113360009810,2.4396915,-1.3239936,-9.248801,-0.004276057,-0.029321533,0.056199603,TONIC,08626e289f71
1775671928017,1062113367921894,2.4708161,-1.3551182,-9.244013,-6.1086525E-4,-0.02565634,0.056199603,TONIC,08626e289f71
1775671928025,1062113375914208,2.4612393,-1.3575124,-9.277532,0.0012217305,-0.018936822,0.05497787,TONIC,08626e289f71
1775671928033,1062113383935678,2.4612393,-1.388637,-9.28232,0.0067195175,-0.007330383,0.054367006,TONIC,08626e289f71
1775671928041,1062113391876916,2.4827871,-1.3982137,-9.315839,0.010995574,-6.1086525E-4,0.05497787,TONIC,08626e289f71
1775671928049,1062113399901000,2.5091233,-1.4053963,-9.289502,0.015271631,0.010995574,0.053145275,TONIC,08626e289f71
1775671928057,1062113407899162,2.432509,-1.4173675,-9.320627,0.015882496,0.020158553,0.05375614,TONIC,08626e289f71
1775671928065,1062113415948630,2.6479871,-1.4652514,-9.440337,0.014660766,0.014049901,0.049480084,TONIC,08626e289f71
1775671928073,1062113423918483,2.3918076,-1.4772224,-9.349358,0.007941248,0.058643065,0.059864793,TONIC,08626e289f71
1775671928081,1062113431885336,2.44448,-1.3862427,-9.32781,6.1086525E-4,0.050701816,0.05375614,TONIC,08626e289f71
1775671928089,1062113439909575,2.597709,-1.5011644,-9.234436,6.1086525E-4,0.077579886,0.062308256,TONIC,08626e289f71
1775671928097,1062113447961582,2.597709,-1.4891934,-9.19134,-0.004276057,0.05375614,0.061086524,TONIC,08626e289f71
1775671928105,1062113455901974,2.645593,-1.4820108,-9.222465,-0.004276057,0.05681047,0.059253927,TONIC,08626e289f71
1775671928113,1062113463927443,2.6910827,-1.520318,-9.198523,-0.005497787,0.048258353,0.059864793,TONIC,08626e289f71
1775671928121,1062113471924989,2.6839,-1.4867992,-9.193734,-0.01160644,0.039095376,0.05681047,TONIC,08626e289f71
1775671928129,1062113479944073,2.7006595,-1.4820108,-9.174581,-0.014049901,0.03481932,0.057421334,TONIC,08626e289f71
1775671928137,1062113487914618,2.6982653,-1.4772224,-9.19134,-0.018325957,0.034208454,0.055588737,TONIC,08626e289f71
1775671928146,1062113496092088,2.7102363,-1.4700398,-9.141062,-0.018936822,0.03359759,0.05681047,TONIC,08626e289f71
1775671928153,1062113503905633,2.695871,-1.4197617,-9.119514,-0.029321533,0.030543262,0.055588737,TONIC,08626e289f71
1775671928161,1062113511957025,2.6791117,-1.3982137,-9.174581,-0.029932396,0.026267206,0.05497787,TONIC,08626e289f71
1775671928169,1062113519897648,2.707842,-1.388637,-9.212888,-0.029932396,0.027488936,0.05375614,TONIC,08626e289f71
1775671928177,1062113527895194,2.6743233,-1.3910311,-9.239224,-0.029932396,0.027488936,0.052534413,TONIC,08626e289f71
1775671928185,1062113535918893,2.6719291,-1.3503298,-9.248801,-0.02687807,0.022602014,0.049480084,TONIC,08626e289f71
1775671928193,1062113543913977,2.6791117,-1.3838485,-9.217676,-0.029321533,0.021380283,0.048258353,TONIC,08626e289f71
1775671928201,1062113551911216,2.6024973,-1.328782,-9.234436,-0.02443461,0.01282817,0.04337143,TONIC,08626e289f71
1775671928209,1062113559905069,2.6862943,-1.3623008,-9.205706,-0.02076942,0.018936822,0.04153884,TONIC,08626e289f71
1775671928217,1062113567637153,2.5354595,-1.2737153,-9.277532,-0.018936822,0.007330383,0.037873644,TONIC,08626e289f71
1775671928225,1062113575928853,2.5258827,-1.2785037,-9.301474,-0.01282817,0.02321288,0.031154128,TONIC,08626e289f71
1775671928233,1062113583924476,2.540248,-1.2952632,-9.272743,-0.01160644,0.027488936,0.031154128,TONIC,08626e289f71
1775671928241,1062113591918406,2.5187001,-1.2761095,-9.246407,-0.012217305,0.029932396,0.029932396,TONIC,08626e289f71
1775671928249,1062113599915336,2.6001031,-1.3192052,-9.200917,-0.010995574,0.036651913,0.027488936,TONIC,08626e289f71
1775671928257,1062113607912882,2.633622,-1.3192052,-9.157822,-0.007330383,0.03604105,0.028099801,TONIC,08626e289f71
1775671929082,1062114432032327,2.705448,-1.3838485,-9.23683,-0.0030543262,0.02443461,0.022602014,TONIC,08626e289f71
1775671929090,1062114440028026,2.7030537,-1.4101849,-9.239224,-0.0012217305,0.0067195175,0.020158553,TONIC,08626e289f71
1775671929097,1062114447992957,2.705448,-1.4269443,-9.26556,-0.002443461,0.008552114,0.02076942,TONIC,08626e289f71
1775671929105,1062114455988656,2.7222073,-1.4269443,-9.23683,-6.1086525E-4,0.007330383,0.021380283,TONIC,08626e289f71
1775671929113,1062114463990510,2.6910827,-1.436521,-9.222465,-0.002443461,0.008552114,0.021380283,TONIC,08626e289f71
1775671929121,1062114471925595,2.6886885,-1.4173675,-9.224859,-0.0012217305,0.010995574,0.021991149,TONIC,08626e289f71
1775671929129,1062114479920063,2.681506,-1.4030021,-9.212888,-0.0018325958,0.009162978,0.021991149,TONIC,08626e289f71
1775671929137,1062114487917916,2.6767175,-1.3862427,-9.224859,-0.0030543262,0.009162978,0.021991149,TONIC,08626e289f71
1775671929145,1062114495912385,2.6862943,-1.4101849,-9.210494,-0.0030543262,0.009162978,0.021991149,TONIC,08626e289f71
1775671929153,1062114503907854,2.6886885,-1.4030021,-9.205706,-0.004276057,0.0067195175,0.023823744,TONIC,08626e289f71
1775671929161,1062114511900785,2.6910827,-1.3934253,-9.19134,-0.004276057,0.009773844,0.022602014,TONIC,08626e289f71
1775671929169,1062114519928176,2.7126305,-1.400608,-9.176975,-0.0030543262,0.009773844,0.02443461,TONIC,08626e289f71
1775671929177,1062114527926877,2.6839,-1.3982137,-9.181764,-0.0030543262,0.008552114,0.021991149,TONIC,08626e289f71
1775671929185,1062114535919499,2.6982653,-1.4030021,-9.181764,-0.0036651916,0.007330383,0.022602014,TONIC,08626e289f71
1775671929193,1062114543915198,2.695871,-1.4053963,-9.205706,-0.004276057,0.008552114,0.021991149,TONIC,08626e289f71
1775671929201,1062114551911282,2.705448,-1.3982137,-9.186552,-0.004276057,0.0067195175,0.021380283,TONIC,08626e289f71
1775671929209,1062114559907598,2.6791117,-1.3838485,-9.196129,-0.004886922,0.004886922,0.019547688,TONIC,08626e289f71
1775671929217,1062114567901759,2.7006595,-1.3862427,-9.208099,-0.007330383,0.007941248,0.018325957,TONIC,08626e289f71
1775671929225,1062114575929766,2.7006595,-1.376666,-9.220071,-0.005497787,0.004886922,0.017715093,TONIC,08626e289f71
1775671929233,1062114583948851,2.695871,-1.3838485,-9.217676,-0.0061086523,0.0030543262,0.016493361,TONIC,08626e289f71
1775671929241,1062114591920473,2.6743233,-1.3670892,-9.222465,-0.0061086523,0.0030543262,0.015882496,TONIC,08626e289f71
1775671929249,1062114599970634,2.6982653,-1.3862427,-9.224859,-0.005497787,0.004276057,0.013439035,TONIC,08626e289f71
1775671929257,1062114607811256,2.6647465,-1.3862427,-9.224859,-0.0067195175,0.0036651916,0.014049901,TONIC,08626e289f71
1775671929265,1062114615906649,2.6719291,-1.3982137,-9.215282,-0.0036651916,0.0012217305,0.01160644,TONIC,08626e289f71
1775671929273,1062114623902118,2.6982653,-1.3862427,-9.210494,-0.002443461,0.0036651916,0.01160644,TONIC,08626e289f71
1775671929281,1062114631928509,2.669535,-1.3838485,-9.193734,-0.002443461,0.0018325958,0.012217305,TONIC,08626e289f71
1775671929289,1062114639923901,2.6671407,-1.3838485,-9.19134,-0.002443461,0.0018325958,0.01038471,TONIC,08626e289f71
1775671929297,1062114647920832,2.6743233,-1.4053963,-9.184157,-0.002443461,0.0012217305,0.008552114,TONIC,08626e289f71
1775671929305,1062114655916531,2.6767175,-1.3838485,-9.198523,-0.0030543262,6.1086525E-4,0.009162978,TONIC,08626e289f71
1775671929313,1062114663911615,2.6886885,-1.3982137,-9.193734,-0.0018325958,0.0012217305,0.005497787,TONIC,08626e289f71
1775671929321,1062114671905162,2.6671407,-1.3982137,-9.208099,-0.002443461,0.0030543262,0.0061086523,TONIC,08626e289f71
1775671929329,1062114679901553,2.6862943,-1.3982137,-9.222465,-0.0018325958,0.0030543262,0.0036651916,TONIC,08626e289f71
1775671929337,1062114687927330,2.6767175,-1.412579,-9.212888,-0.0018325958,0.0036651916,0.004886922,TONIC,08626e289f71
1775671929345,1062114695979030,2.6910827,-1.3982137,-9.212888,-0.0012217305,0.005497787,0.0012217305,TONIC,08626e289f71
1775671929353,1062114703919729,2.6862943,-1.4077905,-9.210494,-0.0018325958,0.0018325958,0.0018325958,TONIC,08626e289f71
1775671929362,1062114712031352,2.6719291,-1.4030021,-9.229648,-0.0018325958,0.0030543262,-0.0012217305,TONIC,08626e289f71
1775671929369,1062114719879436,2.681506,-1.388637,-9.210494,0.0018325958,0.005497787,-0.0012217305,TONIC,08626e289f71
1775671929377,1062114727961521,2.6910827,-1.3814543,-9.229648,-0.0012217305,0.0030543262,-0.0018325958,TONIC,08626e289f71
1775671929385,1062114735903758,2.6910827,-1.3838485,-9.203311,0.0012217305,0.004886922,-0.0036651916,TONIC,08626e289f71
1775671929393,1062114743927150,2.7030537,-1.388637,-9.205706,0.005497787,0.008552114,-0.004886922,TONIC,08626e289f71
1775671929402,1062114752040004,2.6839,-1.388637,-9.186552,6.1086525E-4,0.005497787,-0.0036651916,TONIC,08626e289f71
1775671929409,1062114759919473,2.7006595,-1.3982137,-9.181764,0.0,0.0067195175,-0.004886922,TONIC,08626e289f71
1775671929417,1062114767914249,2.695871,-1.3910311,-9.188946,0.0,0.008552114,-0.004886922,TONIC,08626e289f71
1775671929425,1062114775935179,2.6982653,-1.3814543,-9.200917,0.0,0.0067195175,-0.004276057,TONIC,08626e289f71
1775671929433,1062114783907802,2.7102363,-1.3958195,-9.220071,6.1086525E-4,0.007941248,-0.0036651916,TONIC,08626e289f71
1775671929441,1062114791963809,2.7222073,-1.400608,-9.217676,0.0012217305,0.007941248,-0.005497787,TONIC,08626e289f71
1775671929449,1062114799927740,2.719813,-1.3862427,-9.212888,0.0018325958,0.007330383,-0.005497787,TONIC,08626e289f71
1775671929457,1062114807921670,2.731784,-1.376666,-9.200917,6.1086525E-4,0.0061086523,-0.0061086523,TONIC,08626e289f71
1775671929465,1062114815917908,2.731784,-1.3814543,-9.200917,6.1086525E-4,0.004276057,-0.004886922,TONIC,08626e289f71
1775671929473,1062114823913992,2.7341783,-1.388637,-9.212888,0.0,0.002443461,-0.005497787,TONIC,08626e289f71
1775671929481,1062114831910230,2.743755,-1.376666,-9.193734,6.1086525E-4,0.0012217305,-0.005497787,TONIC,08626e289f71
1775671929489,1062114839905700,2.7389667,-1.376666,-9.196129,6.1086525E-4,0.0012217305,-0.0061086523,TONIC,08626e289f71
1775671929497,1062114847901014,2.7246015,-1.364695,-9.19134,0.0012217305,-6.1086525E-4,-0.0067195175,TONIC,08626e289f71
1775671930306,1062115656032522,2.705448,-1.42455,-9.220071,6.1086525E-4,-0.0012217305,-0.0061086523,TONIC,08626e289f71
1775671930313,1062115663997529,2.6910827,-1.412579,-9.210494,0.0018325958,-0.0067195175,-0.0061086523,TONIC,08626e289f71
1775671930322,1062115672023689,2.6886885,-1.42455,-9.203311,6.1086525E-4,-0.0030543262,-0.004276057,TONIC,08626e289f71
1775671930330,1062115680019313,2.7222073,-1.4173675,-9.196129,0.0,-0.0030543262,-0.004276057,TONIC,08626e289f71
1775671930338,1062115688014781,2.705448,-1.4077905,-9.208099,6.1086525E-4,0.0,-0.004276057,TONIC,08626e289f71
1775671930345,1062115695925865,2.719813,-1.4077905,-9.215282,6.1086525E-4,6.1086525E-4,-0.004886922,TONIC,08626e289f71
1775671930353,1062115703919411,2.72939,-1.4389153,-9.208099,6.1086525E-4,6.1086525E-4,-0.002443461,TONIC,08626e289f71
1775671930361,1062115711915957,2.707842,-1.42455,-9.198523,0.0,0.0030543262,-0.0018325958,TONIC,08626e289f71
1775671930369,1062115719910195,2.7485435,-1.4389153,-9.220071,6.1086525E-4,0.0012217305,-0.004886922,TONIC,08626e289f71
1775671930377,1062115727617510,2.6719291,-1.4556746,-9.184157,6.1086525E-4,0.0030543262,-0.0067195175,TONIC,08626e289f71
1775671930385,1062115735903672,2.7389667,-1.3431472,-9.203311,0.0030543262,0.002443461,-0.004886922,TONIC,08626e289f71
1775671930393,1062115743897217,2.7126305,-1.376666,-9.186552,0.0018325958,-0.004276057,-0.0061086523,TONIC,08626e289f71
1775671930401,1062115751923993,2.695871,-1.3790601,-9.196129,6.1086525E-4,-6.1086525E-4,-0.0067195175,TONIC,08626e289f71
1775671930409,1062115759920924,2.7030537,-1.3670892,-9.196129,0.0012217305,-0.002443461,-0.004886922,TONIC,08626e289f71
1775671930417,1062115767915085,2.695871,-1.3623008,-9.196129,0.0,-0.0030543262,-0.0061086523,TONIC,08626e289f71
1775671930425,1062115775910477,2.693477,-1.3718776,-9.203311,6.1086525E-4,-0.0036651916,-0.004886922,TONIC,08626e289f71
1775671930433,1062115783906484,2.693477,-1.4030021,-9.215282,6.1086525E-4,-0.004276057,-0.004886922,TONIC,08626e289f71
1775671930441,1062115791903415,2.6839,-1.3599066,-9.203311,0.0018325958,-0.004276057,-0.0067195175,TONIC,08626e289f71
1775671930449,1062115799989653,2.6791117,-1.3718776,-9.200917,0.0012217305,-0.0036651916,-0.0067195175,TONIC,08626e289f71
1775671930458,1062115808040660,2.6767175,-1.3910311,-9.222465,0.004276057,-0.0036651916,-0.004276057,TONIC,08626e289f71
1775671930465,1062115815920744,2.693477,-1.4053963,-9.217676,0.0012217305,-0.0067195175,-0.0036651916,TONIC,08626e289f71
1775671930473,1062115823940367,2.695871,-1.3958195,-9.215282,0.002443461,-0.005497787,-0.004886922,TONIC,08626e289f71
1775671930481,1062115831911220,2.7006595,-1.3958195,-9.208099,0.0,-0.005497787,-0.002443461,TONIC,08626e289f71
1775671930489,1062115839961997,2.717419,-1.3862427,-9.193734,0.0012217305,-0.004276057,0.0,TONIC,08626e289f71
1775671930497,1062115847931851,2.6886885,-1.4030021,-9.212888,6.1086525E-4,-0.0036651916,-6.1086525E-4,TONIC,08626e289f71
1775671930505,1062115855983781,2.6862943,-1.3910311,-9.203311,0.0,-0.0030543262,-6.1086525E-4,TONIC,08626e289f71
1775671930513,1062115863922634,2.695871,-1.3958195,-9.198523,0.0,-0.0036651916,-6.1086525E-4,TONIC,08626e289f71
1775671930522,1062115872074334,2.693477,-1.3958195,-9.220071,0.002443461,-0.0030543262,6.1086525E-4,TONIC,08626e289f71
1775671930529,1062115879940111,2.7006595,-1.3958195,-9.198523,6.1086525E-4,-0.002443461,-6.1086525E-4,TONIC,08626e289f71
1775671930537,1062115887912502,2.6839,-1.412579,-9.205706,-0.0012217305,-0.004886922,0.0,TONIC,08626e289f71
1775671930545,1062115895905740,2.707842,-1.412579,-9.205706,-6.1086525E-4,-0.005497787,-6.1086525E-4,TONIC,08626e289f71
1775671930553,1062115903902979,2.7030537,-1.412579,-9.200917,-0.0030543262,-0.007330383,-6.1086525E-4,TONIC,08626e289f71
1775671930562,1062115912044524,2.6767175,-1.4149733,-9.208099,-0.0012217305,-0.0030543262,-6.1086525E-4,TONIC,08626e289f71
1775671930569,1062115919922916,2.7006595,-1.4149733,-9.212888,-0.0012217305,-0.004886922,6.1086525E-4,TONIC,08626e289f71
1775671930577,1062115927944231,2.7006595,-1.4077905,-9.208099,-6.1086525E-4,-0.005497787,-6.1086525E-4,TONIC,08626e289f71
1775671930585,1062115935916470,2.6839,-1.4149733,-9.232041,-0.0012217305,-0.004886922,-0.0012217305,TONIC,08626e289f71
1775671930593,1062115943909784,2.6862943,-1.412579,-9.23683,-0.0018325958,-0.0030543262,-0.0012217305,TONIC,08626e289f71
1775671930601,1062115951907022,2.6862943,-1.412579,-9.208099,-0.002443461,-0.004276057,0.0,TONIC,08626e289f71
1775671930610,1062115960018338,2.6886885,-1.3982137,-9.217676,-0.0030543262,-0.004886922,-0.0012217305,TONIC,08626e289f71
1775671930617,1062115967929806,2.6862943,-1.4030021,-9.222465,-0.002443461,-0.0061086523,-0.0018325958,TONIC,08626e289f71
1775671930625,1062115975948506,2.6886885,-1.3910311,-9.200917,-0.0030543262,-0.0036651916,-0.0012217305,TONIC,08626e289f71
1775671930633,1062115983918974,2.693477,-1.3982137,-9.205706,-0.0030543262,-0.004886922,-0.002443461,TONIC,08626e289f71
1775671930642,1062115992000828,2.6839,-1.3862427,-9.200917,-0.0036651916,-0.0067195175,-0.0012217305,TONIC,08626e289f71
1775671930649,1062115999909758,2.6982653,-1.3838485,-9.205706,-0.0030543262,-0.004276057,-0.0018325958,TONIC,08626e289f71
1775671930657,1062116007906996,2.7006595,-1.3742718,-9.184157,-0.0018325958,-0.007330383,-0.002443461,TONIC,08626e289f71
1775671930665,1062116015900620,2.7030537,-1.3838485,-9.200917,-0.0036651916,-0.007330383,-0.0018325958,TONIC,08626e289f71
1775671930673,1062116023927627,2.7246015,-1.3694834,-9.193734,-0.0018325958,-0.0067195175,-0.002443461,TONIC,08626e289f71
1775671930681,1062116031892326,2.707842,-1.3814543,-9.210494,-6.1086525E-4,-0.005497787,-0.002443461,TONIC,08626e289f71
1775671930689,1062116039918718,2.6791117,-1.376666,-9.208099,-6.1086525E-4,-0.005497787,0.0,TONIC,08626e289f71
1775671930697,1062116047917264,2.6862943,-1.3838485,-9.205706,0.0,-0.005497787,-0.0018325958,TONIC,08626e289f71
1775671930705,1062116055909887,2.6743233,-1.3790601,-9.208099,-6.1086525E-4,-0.004276057,-0.0018325958,TONIC,08626e289f71
1775671930713,1062116063906124,2.693477,-1.3790601,-9.208099,-0.0018325958,-0.0030543262,-0.0018325958,TONIC,08626e289f71
1775671930721,1062116071901286,2.669535,-1.3790601,-9.198523,-0.0018325958,-0.0036651916,-0.0012217305,TONIC,08626e289f71
1775671931538,1062116888028185,2.693477,-1.4221559,-9.224859,-0.0012217305,-0.002443461,-0.0018325958,TONIC,08626e289f71
1775671931545,1062116895993346,2.7006595,-1.4341269,-9.208099,6.1086525E-4,0.0,0.0012217305,TONIC,08626e289f71
1775671931554,1062116904019507,2.7102363,-1.4101849,-9.220071,-0.002443461,0.0,0.002443461,TONIC,08626e289f71
1775671931562,1062116912045438,2.695871,-1.42455,-9.222465,-6.1086525E-4,6.1086525E-4,0.0012217305,TONIC,08626e289f71
1775671931569,1062116919985060,2.693477,-1.3934253,-9.198523,-0.0018325958,0.002443461,0.0018325958,TONIC,08626e289f71
1775671931577,1062116927921452,2.681506,-1.3814543,-9.184157,6.1086525E-4,0.005497787,0.0,TONIC,08626e289f71
1775671931585,1062116935914920,2.6886885,-1.3934253,-9.181764,-0.0012217305,0.004276057,0.0018325958,TONIC,08626e289f71
1775671931593,1062116943910313,2.7006595,-1.4053963,-9.203311,0.0012217305,0.0018325958,0.0012217305,TONIC,08626e289f71
1775671931601,1062116951906397,2.6910827,-1.400608,-9.196129,0.0018325958,0.0018325958,0.0012217305,TONIC,08626e289f71
1775671931609,1062116959901712,2.693477,-1.3958195,-9.203311,0.0,0.0018325958,0.0,TONIC,08626e289f71
1775671931617,1062116967483565,2.6743233,-1.388637,-9.215282,0.0,6.1086525E-4,0.0012217305,TONIC,08626e289f71
1775671931625,1062116975923957,2.669535,-1.4053963,-9.210494,0.0,0.002443461,0.0018325958,TONIC,08626e289f71
1775671931633,1062116983921118,2.6791117,-1.4030021,-9.217676,-0.0012217305,0.0036651916,0.002443461,TONIC,08626e289f71
1775671931641,1062116991915664,2.6791117,-1.3958195,-9.217676,6.1086525E-4,0.005497787,0.0012217305,TONIC,08626e289f71
1775671931649,1062116999912210,2.6839,-1.3934253,-9.220071,0.0012217305,0.004276057,0.0018325958,TONIC,08626e289f71
1775671931657,1062117007907602,2.695871,-1.4030021,-9.212888,0.0018325958,0.0061086523,0.0018325958,TONIC,08626e289f71
1775671931665,1062117015932224,2.6982653,-1.400608,-9.215282,0.002443461,0.004276057,0.0012217305,TONIC,08626e289f71
1775671931673,1062117023953540,2.6767175,-1.3910311,-9.208099,0.0012217305,0.004886922,0.0012217305,TONIC,08626e289f71
1775671931681,1062117031924855,2.6982653,-1.3982137,-9.167398,6.1086525E-4,0.002443461,-6.1086525E-4,TONIC,08626e289f71
1775671931690,1062117040005862,2.7030537,-1.3862427,-9.196129,-6.1086525E-4,0.0012217305,-0.0012217305,TONIC,08626e289f71
1775671931697,1062117047916946,2.6862943,-1.3814543,-9.196129,0.0030543262,0.002443461,-0.0012217305,TONIC,08626e289f71
1775671931705,1062117055912261,2.7102363,-1.388637,-9.19134,-6.1086525E-4,-6.1086525E-4,0.0,TONIC,08626e289f71
1775671931713,1062117063905884,2.6839,-1.3838485,-9.19134,-6.1086525E-4,0.0012217305,6.1086525E-4,TONIC,08626e289f71
1775671931721,1062117071866199,2.695871,-1.3742718,-9.200917,-0.0012217305,0.0018325958,-0.002443461,TONIC,08626e289f71
1775671931729,1062117079897284,2.693477,-1.3718776,-9.186552,-0.0018325958,-6.1086525E-4,-0.0018325958,TONIC,08626e289f71
1775671931737,1062117087895137,2.669535,-1.3670892,-9.208099,-0.004886922,-0.0012217305,-0.0018325958,TONIC,08626e289f71
1775671931745,1062117095919144,2.6862943,-1.3982137,-9.196129,-6.1086525E-4,6.1086525E-4,-0.0018325958,TONIC,08626e289f71
1775671931753,1062117103846535,2.681506,-1.376666,-9.210494,0.0,6.1086525E-4,-0.0012217305,TONIC,08626e289f71
1775671931761,1062117111912928,2.693477,-1.400608,-9.215282,-6.1086525E-4,0.0018325958,-0.0018325958,TONIC,08626e289f71
1775671931769,1062117119992397,2.7006595,-1.3742718,-9.215282,0.0030543262,0.004886922,-0.0018325958,TONIC,08626e289f71
1775671931777,1062117127927096,2.693477,-1.3862427,-9.222465,-0.0012217305,6.1086525E-4,-6.1086525E-4,TONIC,08626e289f71
1775671931785,1062117135898796,2.6910827,-1.3934253,-9.205706,6.1086525E-4,0.0018325958,0.0012217305,TONIC,08626e289f71
1775671931793,1062117143924957,2.6839,-1.388637,-9.210494,6.1086525E-4,0.0030543262,0.0,TONIC,08626e289f71
1775671931801,1062117151883426,2.695871,-1.4053963,-9.210494,0.0018325958,0.0036651916,-0.0012217305,TONIC,08626e289f71
1775671931809,1062117159884048,2.693477,-1.400608,-9.184157,0.0012217305,0.0012217305,-0.0018325958,TONIC,08626e289f71
1775671931817,1062117167912671,2.681506,-1.400608,-9.193734,0.0012217305,0.002443461,-0.0018325958,TONIC,08626e289f71
1775671931825,1062117175906294,2.695871,-1.3982137,-9.186552,-6.1086525E-4,-6.1086525E-4,-0.0012217305,TONIC,08626e289f71
1775671931833,1062117183957378,2.695871,-1.388637,-9.203311,-0.0018325958,0.002443461,-0.0012217305,TONIC,08626e289f71
1775671931841,1062117191928693,2.7126305,-1.4221559,-9.196129,6.1086525E-4,0.0,-0.0018325958,TONIC,08626e289f71
1775671931849,1062117199948700,2.6767175,-1.4030021,-9.205706,-0.0036651916,6.1086525E-4,-0.0018325958,TONIC,08626e289f71
1775671931857,1062117207890631,2.6767175,-1.4053963,-9.224859,-0.0012217305,6.1086525E-4,-0.002443461,TONIC,08626e289f71
1775671931865,1062117215914253,2.693477,-1.412579,-9.208099,-0.0018325958,-0.0012217305,-0.002443461,TONIC,08626e289f71
1775671931873,1062117223874338,2.6839,-1.4149733,-9.203311,-6.1086525E-4,-6.1086525E-4,-0.0018325958,TONIC,08626e289f71
1775671931881,1062117231906576,2.695871,-1.4317327,-9.198523,-0.0012217305,-0.002443461,-0.0012217305,TONIC,08626e289f71
1775671931890,1062117240018275,2.6839,-1.4149733,-9.208099,0.0,-0.0012217305,-0.0018325958,TONIC,08626e289f71
1775671931897,1062117247898052,2.695871,-1.4030021,-9.200917,0.0,-0.0012217305,-0.0018325958,TONIC,08626e289f71
1775671931905,1062117255936136,2.6839,-1.4077905,-9.193734,-6.1086525E-4,-0.002443461,-0.0030543262,TONIC,08626e289f71
1775671931913,1062117263920220,2.6767175,-1.4101849,-9.205706,-0.0018325958,-0.002443461,-0.004276057,TONIC,08626e289f71
1775671931921,1062117271915843,2.6719291,-1.3958195,-9.224859,-0.0030543262,-0.0018325958,-0.0036651916,TONIC,08626e289f71
1775671931929,1062117279910004,2.7102363,-1.3934253,-9.198523,-0.0018325958,-0.002443461,-0.004276057,TONIC,08626e289f71
1775671931937,1062117287908165,2.669535,-1.3934253,-9.19134,-0.0030543262,-6.1086525E-4,-0.0036651916,TONIC,08626e289f71
1775671931945,1062117295932557,2.7150247,-1.3623008,-9.196129,-0.0030543262,0.0012217305,-0.0036651916,TONIC,08626e289f71
1775671931953,1062117303927950,2.7246015,-1.3670892,-9.200917,-0.0018325958,6.1086525E-4,-0.002443461,TONIC,08626e289f71
1775671932769,1062118119993310,2.6910827,-1.4101849,-9.205706,-0.0012217305,0.0018325958,-0.0030543262,TONIC,08626e289f71
1775671932778,1062118128019471,2.693477,-1.412579,-9.203311,0.002443461,0.002443461,0.0018325958,TONIC,08626e289f71
1775671932786,1062118136045632,2.7030537,-1.4197617,-9.198523,6.1086525E-4,0.0018325958,0.0030543262,TONIC,08626e289f71
1775671932794,1062118144041255,2.6910827,-1.4221559,-9.203311,0.0012217305,0.002443461,0.0018325958,TONIC,08626e289f71
1775671932801,1062118151920108,2.6982653,-1.412579,-9.186552,0.0,0.0,6.1086525E-4,TONIC,08626e289f71
1775671932809,1062118159915731,2.7150247,-1.4149733,-9.181764,-0.0012217305,-0.002443461,-0.0012217305,TONIC,08626e289f71
1775671932817,1062118167912122,2.6862943,-1.4173675,-9.200917,-0.0018325958,-0.0018325958,-0.0012217305,TONIC,08626e289f71
1775671932825,1062118175909053,2.705448,-1.4293385,-9.203311,-0.0012217305,-0.0012217305,-6.1086525E-4,TONIC,08626e289f71
1775671932833,1062118183932753,2.6910827,-1.400608,-9.220071,-0.0012217305,-6.1086525E-4,-0.0018325958,TONIC,08626e289f71
1775671932841,1062118191929683,2.7006595,-1.3982137,-9.208099,-0.0018325958,-0.002443461,0.0,TONIC,08626e289f71
1775671932849,1062118199923845,2.717419,-1.4077905,-9.224859,-0.002443461,-0.002443461,6.1086525E-4,TONIC,08626e289f71
1775671932857,1062118207921313,2.6982653,-1.4173675,-9.203311,-0.0018325958,-0.0018325958,-6.1086525E-4,TONIC,08626e289f71
1775671932865,1062118215914936,2.6982653,-1.4077905,-9.196129,-0.0018325958,0.0,-6.1086525E-4,TONIC,08626e289f71
1775671932873,1062118223380712,2.6767175,-1.4077905,-9.19134,-0.0012217305,-0.0012217305,-0.002443461,TONIC,08626e289f71
1775671932881,1062118231906951,2.681506,-1.4077905,-9.186552,-0.0018325958,6.1086525E-4,0.0,TONIC,08626e289f71
1775671932889,1062118239933112,2.7030537,-1.3814543,-9.217676,-0.0012217305,-6.1086525E-4,-6.1086525E-4,TONIC,08626e289f71
1775671932897,1062118247930349,2.6982653,-1.3790601,-9.215282,6.1086525E-4,0.0018325958,-0.0018325958,TONIC,08626e289f71
1775671932905,1062118255949357,2.669535,-1.400608,-9.203311,-0.0012217305,0.0012217305,-0.0012217305,TONIC,08626e289f71
1775671932913,1062118263919595,2.695871,-1.3982137,-9.215282,-6.1086525E-4,0.002443461,-6.1086525E-4,TONIC,08626e289f71
1775671932921,1062118271916756,2.6982653,-1.3910311,-9.212888,-0.0030543262,0.002443461,-6.1086525E-4,TONIC,08626e289f71
1775671932929,1062118279912225,2.705448,-1.4053963,-9.196129,-0.0030543262,6.1086525E-4,0.0,TONIC,08626e289f71
1775671932937,1062118287907848,2.6982653,-1.4077905,-9.220071,-0.002443461,0.002443461,0.0,TONIC,08626e289f71
1775671932945,1062118295958009,2.695871,-1.3910311,-9.205706,-0.002443461,0.0,-6.1086525E-4,TONIC,08626e289f71
1775671932953,1062118303899247,2.6862943,-1.3790601,-9.203311,-6.1086525E-4,0.0018325958,0.0,TONIC,08626e289f71
1775671932962,1062118312040793,2.695871,-1.4030021,-9.198523,6.1086525E-4,6.1086525E-4,6.1086525E-4,TONIC,08626e289f71
1775671932969,1062118319890339,2.6862943,-1.400608,-9.208099,-0.0018325958,6.1086525E-4,-0.0012217305,TONIC,08626e289f71
1775671932977,1062118327917422,2.6791117,-1.388637,-9.186552,0.0018325958,0.0036651916,-0.002443461,TONIC,08626e289f71
1775671932985,1062118335935968,2.6767175,-1.3862427,-9.179369,-6.1086525E-4,0.0012217305,-0.0018325958,TONIC,08626e289f71
1775671932993,1062118343906053,2.6886885,-1.376666,-9.208099,-6.1086525E-4,6.1086525E-4,-0.004886922,TONIC,08626e289f71
1775671933001,1062118351932829,2.693477,-1.3623008,-9.184157,0.0,6.1086525E-4,-0.0018325958,TONIC,08626e289f71
1775671933009,1062118359927913,2.693477,-1.364695,-9.203311,6.1086525E-4,0.0012217305,-0.002443461,TONIC,08626e289f71
1775671933017,1062118367924537,2.6982653,-1.3599066,-9.208099,6.1086525E-4,0.0018325958,-0.0030543262,TONIC,08626e289f71
1775671933026,1062118376036236,2.6886885,-1.3670892,-9.208099,0.0012217305,0.0012217305,-0.0012217305,TONIC,08626e289f71
1775671933033,1062118383885166,2.705448,-1.3431472,-9.205706,0.0,0.0,-0.0012217305,TONIC,08626e289f71
1775671933041,1062118391913250,2.705448,-1.376666,-9.193734,-0.0012217305,0.0018325958,-0.0012217305,TONIC,08626e289f71
1775671933049,1062118399906181,2.7006595,-1.3718776,-9.203311,0.002443461,6.1086525E-4,-0.0018325958,TONIC,08626e289f71
1775671933057,1062118407903342,2.6862943,-1.3742718,-9.19134,6.1086525E-4,0.0012217305,-0.0012217305,TONIC,08626e289f71
1775671933065,1062118415983657,2.7150247,-1.3910311,-9.19134,0.0012217305,6.1086525E-4,0.0,TONIC,08626e289f71
1775671933073,1062118423924665,2.7126305,-1.3742718,-9.196129,0.0012217305,0.0012217305,-6.1086525E-4,TONIC,08626e289f71
1775671933082,1062118432005518,2.6982653,-1.3838485,-9.205706,0.0012217305,0.002443461,-6.1086525E-4,TONIC,08626e289f71
1775671933089,1062118439914140,2.7006595,-1.3790601,-9.186552,0.0018325958,0.0018325958,0.0,TONIC,08626e289f71
1775671933097,1062118447996609,2.6886885,-1.3982137,-9.19134,0.004276057,0.0012217305,0.0,TONIC,08626e289f71
1775671933105,1062118455936924,2.6886885,-1.4077905,-9.198523,0.004886922,0.0036651916,0.0,TONIC,08626e289f71
1775671933113,1062118463957316,2.695871,-1.4030021,-9.198523,0.004276057,-0.0012217305,0.0,TONIC,08626e289f71
1775671933121,1062118471898246,2.695871,-1.3934253,-9.205706,0.0030543262,-0.0012217305,-0.0012217305,TONIC,08626e289f71
1775671933129,1062118479923177,2.6862943,-1.4197617,-9.217676,0.0036651916,0.0,-0.0030543262,TONIC,08626e289f71
1775671933137,1062118487932646,2.7030537,-1.4101849,-9.217676,0.0018325958,-0.0018325958,0.0,TONIC,08626e289f71
1775671933145,1062118495914576,2.6886885,-1.4053963,-9.193734,0.0012217305,-0.002443461,-0.0018325958,TONIC,08626e289f71
1775671933153,1062118503909891,2.6910827,-1.412579,-9.188946,0.0,-0.002443461,-6.1086525E-4,TONIC,08626e289f71
1775671933161,1062118511906591,2.6862943,-1.4101849,-9.186552,0.0,-0.0018325958,-6.1086525E-4,TONIC,08626e289f71
1775671933169,1062118519932675,2.6886885,-1.4101849,-9.203311,-6.1086525E-4,6.1086525E-4,0.0,TONIC,08626e289f71
1775671933177,1062118527927528,2.7126305,-1.436521,-9.222465,0.0,-6.1086525E-4,0.0,TONIC,08626e289f71
1775671933993,1062119343987581,2.7485435,-1.3910311,-9.210494,6.1086525E-4,-0.0012217305,0.0018325958,TONIC,08626e289f71
1775671934002,1062119352013741,2.7246015,-1.412579,-9.176975,0.01160644,0.0067195175,0.004886922,TONIC,08626e289f71
1775671934010,1062119360009361,2.72939,-1.3814543,-9.184157,0.01038471,0.0036651916,0.005497787,TONIC,08626e289f71
1775671934018,1062119368035521,2.7126305,-1.3838485,-9.157822,0.007941248,0.0012217305,0.0061086523,TONIC,08626e289f71
1775671934026,1062119376097987,2.7030537,-1.3958195,-9.150639,0.0061086523,-0.0018325958,0.008552114,TONIC,08626e289f71
1775671934033,1062119383909455,2.717419,-1.3838485,-9.150639,0.004886922,-0.0036651916,0.007941248,TONIC,08626e289f71
1775671934041,1062119391905998,2.7006595,-1.3790601,-9.150639,0.0030543262,-0.0036651916,0.009773844,TONIC,08626e289f71
1775671934049,1062119399901081,2.7102363,-1.388637,-9.167398,0.0036651916,-0.0036651916,0.01160644,TONIC,08626e289f71
1775671934057,1062119407929163,2.7102363,-1.400608,-9.169792,0.002443461,-0.0036651916,0.012217305,TONIC,08626e289f71
1775671934065,1062119415922400,2.6982653,-1.3862427,-9.174581,6.1086525E-4,-0.0030543262,0.014660766,TONIC,08626e289f71
1775671934073,1062119423919559,2.693477,-1.3934253,-9.196129,6.1086525E-4,-0.0018325958,0.01282817,TONIC,08626e289f71
1775671934081,1062119431913411,2.6839,-1.4053963,-9.203311,6.1086525E-4,0.0,0.013439035,TONIC,08626e289f71
1775671934089,1062119439910339,2.6839,-1.4269443,-9.222465,0.0030543262,0.0018325958,0.014049901,TONIC,08626e289f71
1775671934097,1062119447906345,2.657564,-1.3982137,-9.227253,0.0030543262,0.0036651916,0.012217305,TONIC,08626e289f71
1775671934105,1062119455902428,2.6671407,-1.400608,-9.227253,0.0061086523,0.005497787,0.012217305,TONIC,08626e289f71
1775671934113,1062119463927049,2.6647465,-1.4221559,-9.224859,0.008552114,0.0061086523,0.010995574,TONIC,08626e289f71
1775671934121,1062119471922747,2.657564,-1.4030021,-9.244013,0.010995574,0.009162978,0.009773844,TONIC,08626e289f71
1775671934129,1062119479974060,2.6192567,-1.448492,-9.246407,0.01160644,0.01160644,0.009162978,TONIC,08626e289f71
1775671934137,1062119487914066,2.6264393,-1.4221559,-9.227253,0.01282817,0.013439035,0.009773844,TONIC,08626e289f71
1775671934145,1062119495911071,2.6384103,-1.4413095,-9.217676,0.013439035,0.015882496,0.009773844,TONIC,08626e289f71
1775671934154,1062119504021846,2.6288335,-1.4460979,-9.220071,0.009773844,0.019547688,0.0067195175,TONIC,08626e289f71
1775671934161,1062119511900313,2.6551697,-1.4389153,-9.203311,0.008552114,0.02321288,0.007941248,TONIC,08626e289f71
1775671934169,1062119519926780,2.6623523,-1.4221559,-9.19134,0.0067195175,0.02687807,0.009162978,TONIC,08626e289f71
1775671934177,1062119527978170,2.6360161,-1.3862427,-9.215282,0.007330383,0.030543262,0.007330383,TONIC,08626e289f71
1775671934185,1062119535890483,2.707842,-1.4269443,-9.200917,0.007330383,0.032986723,0.007330383,TONIC,08626e289f71
1775671934193,1062119543973874,2.717419,-1.4317327,-9.203311,0.009773844,0.03359759,0.007330383,TONIC,08626e289f71
1775671934201,1062119551911033,2.7006595,-1.4508862,-9.244013,0.01038471,0.032986723,0.0061086523,TONIC,08626e289f71
1775671934209,1062119559904347,2.7581203,-1.496376,-9.217676,0.009773844,0.03359759,0.005497787,TONIC,08626e289f71
1775671934217,1062119567902506,2.719813,-1.4556746,-9.200917,0.009162978,0.028099801,0.0061086523,TONIC,08626e289f71
1775671934226,1062119576012973,2.705448,-1.4389153,-9.174581,0.009773844,0.028710667,0.0036651916,TONIC,08626e289f71
1775671934233,1062119583922824,2.7269957,-1.4341269,-9.169792,0.008552114,0.03176499,0.004276057,TONIC,08626e289f71
1775671934241,1062119591920292,2.743755,-1.4915876,-9.16261,0.007941248,0.028099801,0.005497787,TONIC,08626e289f71
1775671934249,1062119599969220,2.741361,-1.460463,-9.155427,0.009162978,0.035430185,0.0061086523,TONIC,08626e289f71
1775671934257,1062119607910764,2.7269957,-1.4580688,-9.16261,0.004276057,0.02321288,0.0067195175,TONIC,08626e289f71
1775671934265,1062119615929923,2.7222073,-1.4796166,-9.176975,0.0036651916,0.026267206,0.005497787,TONIC,08626e289f71
1775671934273,1062119623900006,2.741361,-1.448492,-9.205706,0.0036651916,0.02687807,0.0018325958,TONIC,08626e289f71
1775671934281,1062119631928320,2.7629087,-1.448492,-9.176975,0.002443461,0.025045475,6.1086525E-4,TONIC,08626e289f71
1775671934289,1062119639893248,2.7629087,-1.4030021,-9.179369,0.0,0.02443461,6.1086525E-4,TONIC,08626e289f71
1775671934297,1062119647889639,2.753332,-1.4077905,-9.155427,0.0012217305,0.023823744,6.1086525E-4,TONIC,08626e289f71
1775671934306,1062119656030182,2.765303,-1.3934253,-9.176975,6.1086525E-4,0.02076942,-0.0012217305,TONIC,08626e289f71
1775671934313,1062119663908342,2.779668,-1.4030021,-9.186552,0.004276057,0.02076942,6.1086525E-4,TONIC,08626e289f71
1775671934321,1062119671906270,2.7820623,-1.388637,-9.176975,0.0061086523,0.02687807,0.0012217305,TONIC,08626e289f71
1775671934329,1062119679925353,2.7988217,-1.4053963,-9.193734,0.0067195175,0.02565634,0.0018325958,TONIC,08626e289f71
1775671934337,1062119687898512,2.791639,-1.412579,-9.181764,0.0067195175,0.02565634,0.0,TONIC,08626e289f71
1775671934345,1062119695923441,2.731784,-1.3838485,-9.157822,0.0061086523,0.028099801,-6.1086525E-4,TONIC,08626e289f71
1775671934353,1062119703920061,2.7700913,-1.4053963,-9.200917,0.0012217305,0.028710667,0.0018325958,TONIC,08626e289f71
1775671934361,1062119711912375,2.7964275,-1.3910311,-9.160215,0.007330383,0.025045475,0.0012217305,TONIC,08626e289f71
1775671934369,1062119719908149,2.7748797,-1.3814543,-9.150639,0.0067195175,0.03176499,-0.002443461,TONIC,08626e289f71
1775671934377,1062119727906002,2.7605145,-1.3599066,-9.169792,0.009162978,0.031154128,-0.0030543262,TONIC,08626e289f71
1775671934385,1062119735899546,2.7629087,-1.3335704,-9.186552,0.013439035,0.034208454,-0.002443461,TONIC,08626e289f71
1775671934393,1062119743925936,2.7988217,-1.3670892,-9.200917,0.015882496,0.034208454,-0.002443461,TONIC,08626e289f71
1775671934401,1062119751921711,2.7988217,-1.388637,-9.196129,0.017715093,0.03481932,-0.0030543262,TONIC,08626e289f71
1775671934409,1062119759918024,2.8179753,-1.388637,-9.222465,0.02076942,0.03359759,-0.0018325958,TONIC,08626e289f71
1775671934602,1062119952020311,2.6839,-1.4532804,-9.215282,0.021991149,0.032375857,-0.0012217305,TONIC,08626e289f71
1775671934610,1062119960015932,2.6767175,-1.4700398,-9.188946,0.009773844,0.01038471,0.0,TONIC,08626e289f71
1775671934618,1062119968011399,2.6719291,-1.4580688,-9.169792,0.008552114,0.013439035,-6.1086525E-4,TONIC,08626e289f71
1775671934625,1062119975984559,2.693477,-1.42455,-9.157822,0.007330383,0.014660766,-0.0012217305,TONIC,08626e289f71
1775671934633,1062119983916564,2.657564,-1.4221559,-9.119514,0.0061086523,0.014660766,-0.0012217305,TONIC,08626e289f71
1775671934641,1062119991911647,2.669535,-1.4221559,-9.121908,0.004276057,0.018936822,-0.002443461,TONIC,08626e289f71
1775671934649,1062119999907730,2.6599581,-1.4077905,-9.129091,0.0018325958,0.022602014,-0.0012217305,TONIC,08626e289f71
1775671934657,1062120007905888,2.6479871,-1.4580688,-9.126697,0.004276057,0.020158553,-0.0018325958,TONIC,08626e289f71
1775671934665,1062120015899741,2.7102363,-1.4317327,-9.160215,0.0018325958,0.022602014,0.0012217305,TONIC,08626e289f71
1775671934673,1062120023923130,2.7126305,-1.4389153,-9.157822,0.0012217305,0.019547688,6.1086525E-4,TONIC,08626e289f71
1775671934681,1062120031920598,2.7126305,-1.436521,-9.14585,0.0018325958,0.027488936,-0.0030543262,TONIC,08626e289f71
1775671934689,1062120039915757,2.743755,-1.3623008,-9.174581,0.004886922,0.028710667,-0.004276057,TONIC,08626e289f71
1775671934697,1062120047911763,2.7485435,-1.3263878,-9.181764,0.007330383,0.027488936,-0.005497787,TONIC,08626e289f71
1775671934705,1062120055908922,2.719813,-1.388637,-9.23683,0.010995574,0.032986723,-0.009162978,TONIC,08626e289f71
1775671934713,1062120063902851,2.7365725,-1.4580688,-9.277532,0.016493361,0.037873644,-0.007941248,TONIC,08626e289f71
1775671934721,1062120071898240,2.8179753,-1.4221559,-9.284714,0.018936822,0.03970624,-0.004886922,TONIC,08626e289f71
1775671934729,1062120079924939,2.815581,-1.4891934,-9.248801,0.020158553,0.03970624,-0.0030543262,TONIC,08626e289f71
1775671934737,1062120087922483,2.8491,-1.4389153,-9.193734,0.020158553,0.040317107,-0.0030543262,TONIC,08626e289f71
1775671934745,1062120095971796,2.8107927,-1.436521,-9.107543,0.020158553,0.05131268,-0.0067195175,TONIC,08626e289f71
1775671934753,1062120103883417,2.858677,-1.4317327,-9.078813,0.023823744,0.06658431,-0.014049901,TONIC,08626e289f71
1775671934761,1062120111908422,2.8299465,-1.4580688,-9.076419,0.02443461,0.06414085,-0.017715093,TONIC,08626e289f71
1775671934769,1062120119928121,2.8514943,-1.5179238,-9.095572,0.023823744,0.058643065,-0.02076942,TONIC,08626e289f71
1775671934777,1062120127929049,2.8874073,-1.5179238,-9.102755,0.023823744,0.05375614,-0.021380283,TONIC,08626e289f71
1775671934785,1062120135949901,2.954445,-1.5011644,-9.095572,0.019547688,0.052534413,-0.020158553,TONIC,08626e289f71
1775671934793,1062120143945367,3.0262709,-1.4700398,-9.066842,0.012217305,0.039095376,-0.020158553,TONIC,08626e289f71
1775671934801,1062120151886527,3.0669725,-1.4796166,-9.040505,0.009162978,0.032986723,-0.018936822,TONIC,08626e289f71
1775671934809,1062120159936686,3.0765493,-1.4772224,-9.002198,0.004276057,0.029321533,-0.021380283,TONIC,08626e289f71
1775671934817,1062120167909077,3.0813377,-1.4867992,-9.009381,0.004276057,0.028099801,-0.021380283,TONIC,08626e289f71
1775671934825,1062120175958314,3.0454245,-1.5131354,-9.0476885,0.008552114,0.027488936,-0.022602014,TONIC,08626e289f71
1775671934833,1062120183899780,3.0454245,-1.5131354,-9.095572,0.01282817,0.02565634,-0.023823744,TONIC,08626e289f71
1775671934841,1062120191855786,3.0142999,-1.5251064,-9.165004,0.014660766,0.025045475,-0.02443461,TONIC,08626e289f71
1775671934849,1062120199889099,2.980781,-1.5179238,-9.169792,0.015882496,0.018936822,-0.028099801,TONIC,08626e289f71
1775671934858,1062120208001951,2.9879637,-1.5298948,-9.188946,0.018325957,0.018936822,-0.028099801,TONIC,08626e289f71
1775671934865,1062120215882571,2.9879637,-1.5298948,-9.167398,0.01038471,0.010995574,-0.029321533,TONIC,08626e289f71
1775671934873,1062120223932116,2.9640217,-1.5346833,-9.150639,0.007941248,0.008552114,-0.027488936,TONIC,08626e289f71
1775671934881,1062120231905044,2.9592333,-1.5370775,-9.143456,0.009773844,0.008552114,-0.028099801,TONIC,08626e289f71
1775671934889,1062120239984435,2.956839,-1.5610195,-9.121908,0.009773844,0.007941248,-0.02687807,TONIC,08626e289f71
1775671934897,1062120247896824,2.954445,-1.5514427,-9.121908,0.007941248,0.0061086523,-0.02687807,TONIC,08626e289f71
1775671934905,1062120255945061,2.9496565,-1.541866,-9.124303,0.009162978,0.007330383,-0.026267206,TONIC,08626e289f71
1775671934913,1062120263916529,2.9472623,-1.5562311,-9.11712,0.007330383,0.008552114,-0.02687807,TONIC,08626e289f71
1775671934921,1062120271883303,2.9352913,-1.5442601,-9.148245,0.0067195175,0.010995574,-0.030543262,TONIC,08626e289f71
1775671934929,1062120279962386,2.9520507,-1.5011644,-9.14585,0.004276057,0.01160644,-0.029932396,TONIC,08626e289f71
1775671934937,1062120287905391,2.9257145,-1.520318,-9.129091,0.0030543262,0.010995574,-0.032986723,TONIC,08626e289f71
1775671934945,1062120295928243,2.908955,-1.4915876,-9.119514,0.0,0.0067195175,-0.035430185,TONIC,08626e289f71
1775671934953,1062120303925171,2.930503,-1.4820108,-9.124303,0.0,0.0036651916,-0.035430185,TONIC,08626e289f71
1775671934961,1062120311919023,2.942474,-1.4700398,-9.11712,0.0,0.0018325958,-0.036651913,TONIC,08626e289f71
1775671934969,1062120319915874,2.920926,-1.436521,-9.088389,-0.0036651916,-0.0018325958,-0.03726278,TONIC,08626e289f71
1775671934977,1062120327912880,2.930503,-1.4580688,-9.102755,-0.004886922,-0.012217305,-0.040317107,TONIC,08626e289f71
1775671934985,1062120335906347,2.8898015,-1.4389153,-9.121908,-0.0061086523,-0.01282817,-0.039095376,TONIC,08626e289f71
1775671934993,1062120343902738,2.9017725,-1.4269443,-9.112331,-0.0061086523,-0.017715093,-0.039095376,TONIC,08626e289f71
1775671935001,1062120351898435,2.885013,-1.4413095,-9.124303,-0.007330383,-0.017104227,-0.03848451,TONIC,08626e289f71
1775671935009,1062120359925133,2.8993783,-1.436521,-9.138668,-0.0061086523,-0.015882496,-0.03848451,TONIC,08626e289f71
1775671935017,1062120367921139,2.858677,-1.3982137,-9.141062,-0.0061086523,-0.017104227,-0.03848451,TONIC,08626e289f71
1775671935025,1062120375916606,2.858677,-1.4149733,-9.148245,-0.0036651916,-0.020158553,-0.039095376,TONIC,08626e289f71
1775671935226,1062120576044130,2.873042,-1.5682021,-9.141062,-0.0012217305,-0.017104227,-0.035430185,TONIC,08626e289f71
1775671935234,1062120584009289,2.8514943,-1.5801731,-9.121908,-0.002443461,-0.007330383,0.025045475,TONIC,08626e289f71
1775671935242,1062120592004756,2.8179753,-1.5753847,-9.124303,-0.004886922,-0.005497787,0.027488936,TONIC,08626e289f71
1775671935250,1062120600035531,2.8179753,-1.5705963,-9.13388,-0.004276057,-0.005497787,0.027488936,TONIC,08626e289f71
1775671935257,1062120607910844,2.7964275,-1.5705963,-9.141062,-0.0036651916,-0.0036651916,0.029321533,TONIC,08626e289f71
1775671935265,1062120615905619,2.7461493,-1.5490485,-9.14585,-0.004886922,-0.0012217305,0.03176499,TONIC,08626e289f71
1775671935273,1062120623900163,2.7485435,-1.6017209,-9.165004,-0.0067195175,-0.0030543262,0.029321533,TONIC,08626e289f71
1775671935281,1062120631928477,2.7748797,-1.5993267,-9.16261,-0.005497787,-0.005497787,0.030543262,TONIC,08626e289f71
1775671935289,1062120639921943,2.7365725,-1.5682021,-9.188946,-0.008552114,0.0012217305,0.029932396,TONIC,08626e289f71
1775671935297,1062120647918257,2.7006595,-1.5490485,-9.198523,-0.010995574,0.0036651916,0.028099801,TONIC,08626e289f71
1775671935305,1062120655914262,2.7222073,-1.5394717,-9.184157,-0.012217305,0.007941248,0.02687807,TONIC,08626e289f71
1775671935313,1062120663909345,2.7222073,-1.5298948,-9.212888,-0.012217305,0.009162978,0.029321533,TONIC,08626e289f71
1775671935321,1062120671904504,2.7629087,-1.5394717,-9.212888,-0.013439035,0.009162978,0.028710667,TONIC,08626e289f71
1775671935329,1062120679900433,2.7940333,-1.5227122,-9.217676,-0.015271631,0.008552114,0.027488936,TONIC,08626e289f71
1775671935337,1062120687928207,2.779668,-1.5346833,-9.215282,-0.017104227,0.0067195175,0.027488936,TONIC,08626e289f71
1775671935345,1062120695924136,2.7964275,-1.5251064,-9.196129,-0.02076942,0.0036651916,0.028099801,TONIC,08626e289f71
1775671935353,1062120703918911,2.791639,-1.5251064,-9.157822,-0.021380283,6.1086525E-4,0.028710667,TONIC,08626e289f71
1775671935362,1062120712000147,2.7988217,-1.520318,-9.13388,-0.022602014,0.0036651916,0.028099801,TONIC,08626e289f71
1775671935369,1062120719908846,2.8107927,-1.472434,-9.119514,-0.02076942,0.0018325958,0.026267206,TONIC,08626e289f71
1775671935378,1062120728021774,2.8179753,-1.460463,-9.109938,-0.021991149,0.004276057,0.02687807,TONIC,08626e289f71
1775671935385,1062120735931934,2.8658595,-1.4580688,-9.114726,-0.021380283,0.0018325958,0.02687807,TONIC,08626e289f71
1775671935393,1062120743926400,2.873042,-1.4293385,-9.129091,-0.018325957,0.0018325958,0.027488936,TONIC,08626e289f71
1775671935401,1062120751886637,2.8874073,-1.4293385,-9.126697,-0.017715093,0.0018325958,0.027488936,TONIC,08626e289f71
1775671935409,1062120759888488,2.9137435,-1.400608,-9.126697,-0.017104227,6.1086525E-4,0.027488936,TONIC,08626e289f71
1775671935417,1062120767915263,2.918532,-1.3910311,-9.114726,-0.016493361,0.0012217305,0.028710667,TONIC,08626e289f71
1775671935425,1062120775873422,2.9496565,-1.4173675,-9.129091,-0.015271631,6.1086525E-4,0.029321533,TONIC,08626e289f71
1775671935433,1062120783906351,2.9041667,-1.472434,-9.112331,-0.014049901,-0.0018325958,0.028099801,TONIC,08626e289f71
1775671935441,1062120791986664,3.0190883,-1.4101849,-9.129091,-0.017104227,-0.007330383,0.035430185,TONIC,08626e289f71
1775671935449,1062120799895593,2.954445,-1.4748282,-9.11712,-0.017104227,-6.1086525E-4,0.032375857,TONIC,08626e289f71
1775671935457,1062120807924292,2.942474,-1.4796166,-9.102755,-0.019547688,0.0,0.030543262,TONIC,08626e289f71
1775671935465,1062120815886450,2.944868,-1.4652514,-9.093178,-0.021380283,0.0012217305,0.03176499,TONIC,08626e289f71
1775671935473,1062120823847072,2.9161377,-1.448492,-9.078813,-0.021380283,0.0036651916,0.028710667,TONIC,08626e289f71
1775671935481,1062120831908923,2.8993783,-1.4532804,-9.064447,-0.02076942,0.007941248,0.028099801,TONIC,08626e289f71
1775671935489,1062120839904621,2.89459,-1.4269443,-9.100361,-0.016493361,0.01160644,0.02687807,TONIC,08626e289f71
1775671935497,1062120847933242,2.9113493,-1.4437037,-9.148245,-0.01282817,0.009162978,0.025045475,TONIC,08626e289f71
1775671935505,1062120855896940,2.882619,-1.4532804,-9.174581,-0.007330383,0.01038471,0.020158553,TONIC,08626e289f71
1775671935513,1062120863891099,2.8634653,-1.4293385,-9.186552,-0.004276057,0.010995574,0.015882496,TONIC,08626e289f71
1775671935521,1062120871918182,2.8538885,-1.400608,-9.181764,-0.002443461,0.01038471,0.01038471,TONIC,08626e289f71
1775671935529,1062120879913495,2.861071,-1.3934253,-9.181764,-0.0030543262,0.012217305,0.008552114,TONIC,08626e289f71
1775671935537,1062120887909501,2.8443117,-1.3910311,-9.174581,-6.1086525E-4,0.012217305,0.005497787,TONIC,08626e289f71
1775671935545,1062120895904352,2.8562827,-1.3814543,-9.150639,0.0,0.012217305,0.0036651916,TONIC,08626e289f71
1775671935553,1062120903900589,2.8538885,-1.400608,-9.153033,0.0,0.01282817,0.0,TONIC,08626e289f71
1775671935561,1062120911927133,2.861071,-1.3934253,-9.129091,6.1086525E-4,0.012217305,-0.0030543262,TONIC,08626e289f71
1775671935569,1062120919922523,2.8562827,-1.4077905,-9.119514,6.1086525E-4,0.012217305,-0.004276057,TONIC,08626e289f71
1775671935577,1062120927919452,2.8754363,-1.4030021,-9.109938,-0.0012217305,0.009162978,-0.0061086523,TONIC,08626e289f71
1775671935585,1062120935912303,2.882619,-1.3958195,-9.11712,-0.0030543262,0.007330383,-0.007941248,TONIC,08626e289f71
1775671935593,1062120943908386,2.8898015,-1.3910311,-9.121908,-6.1086525E-4,0.0061086523,-0.008552114,TONIC,08626e289f71
1775671935601,1062120951904699,2.8778305,-1.3862427,-9.124303,0.0018325958,0.0061086523,-0.008552114,TONIC,08626e289f71
1775671935609,1062120959930782,2.9041667,-1.412579,-9.121908,0.004276057,0.005497787,-0.01038471,TONIC,08626e289f71
1775671935617,1062120967928325,2.9233203,-1.412579,-9.141062,0.004886922,0.0061086523,-0.01038471,TONIC,08626e289f71
1775671935625,1062120975922562,2.9352913,-1.4221559,-9.138668,0.007330383,0.0067195175,-0.008552114,TONIC,08626e289f71
1775671935633,1062120983917336,2.932897,-1.4389153,-9.129091,0.0067195175,0.007941248,-0.009162978,TONIC,08626e289f71
1775671936450,1062121800013519,2.885013,-1.4580688,-9.148245,0.0061086523,0.004276057,-0.01038471,TONIC,08626e289f71
1775671936458,1062121808039679,2.89459,-1.448492,-9.141062,-0.0018325958,-0.004886922,-0.0018325958,TONIC,08626e289f71
1775671936466,1062121816004684,2.8538885,-1.4628572,-9.126697,-0.0036651916,-0.004276057,-0.002443461,TONIC,08626e289f71
1775671936474,1062121824066229,2.8514943,-1.4628572,-9.129091,-0.0030543262,-0.005497787,-0.0036651916,TONIC,08626e289f71
1775671936481,1062121831911080,2.861071,-1.4580688,-9.119514,-0.004276057,-0.004886922,-0.004276057,TONIC,08626e289f71
1775671936489,1062121839905855,2.861071,-1.4676456,-9.11712,-0.004886922,-0.007330383,-0.004276057,TONIC,08626e289f71
1775671936497,1062121847902168,2.846706,-1.4700398,-9.112331,-0.004886922,-0.004886922,-0.004276057,TONIC,08626e289f71
1775671936505,1062121855420096,2.834735,-1.4628572,-9.109938,-0.004886922,-0.004886922,-0.0036651916,TONIC,08626e289f71
1775671936513,1062121863922794,2.846706,-1.4580688,-9.121908,-0.005497787,-0.004886922,-0.0061086523,TONIC,08626e289f71
1775671936521,1062121871926185,2.834735,-1.436521,-9.131485,-0.005497787,-0.004276057,-0.007330383,TONIC,08626e289f71
1775671936529,1062121879914267,2.8491,-1.4317327,-9.14585,-0.004886922,-0.0030543262,-0.0067195175,TONIC,08626e289f71
1775671936537,1062121887909658,2.858677,-1.4221559,-9.167398,-0.004276057,-0.0030543262,-0.0061086523,TONIC,08626e289f71
1775671936545,1062121895904433,2.8443117,-1.4030021,-9.186552,-0.002443461,-0.0018325958,-0.0067195175,TONIC,08626e289f71
1775671936553,1062121903931515,2.873042,-1.4173675,-9.198523,-0.0018325958,-0.0018325958,-0.005497787,TONIC,08626e289f71
1775671936561,1062121911926290,2.882619,-1.4532804,-9.200917,0.0012217305,-0.0018325958,-0.004886922,TONIC,08626e289f71
1775671936569,1062121919922526,2.9017725,-1.4317327,-9.167398,0.0,-0.0012217305,-0.004886922,TONIC,08626e289f71
1775671936577,1062121927920686,2.906561,-1.4532804,-9.14585,-6.1086525E-4,-0.002443461,-0.0036651916,TONIC,08626e289f71
1775671936585,1062121935913306,2.920926,-1.4508862,-9.136273,6.1086525E-4,-0.002443461,-0.0030543262,TONIC,08626e289f71
1775671936593,1062121943995543,2.906561,-1.4532804,-9.109938,0.0,0.0,-0.002443461,TONIC,08626e289f71
1775671936601,1062121951904779,2.882619,-1.4796166,-9.083601,-0.002443461,-0.0018325958,0.0,TONIC,08626e289f71
1775671936609,1062121959900785,2.908955,-1.472434,-9.081207,0.0,0.002443461,-0.0018325958,TONIC,08626e289f71
1775671936617,1062121967982328,2.9017725,-1.4820108,-9.081207,0.0,6.1086525E-4,-0.0012217305,TONIC,08626e289f71
1775671936625,1062121975922873,2.8921957,-1.4700398,-9.090784,-6.1086525E-4,0.0012217305,0.0,TONIC,08626e289f71
1775671936633,1062121983917725,2.89459,-1.4580688,-9.121908,-0.0012217305,6.1086525E-4,0.0,TONIC,08626e289f71
1775671936641,1062121991912807,2.9041667,-1.4700398,-9.148245,6.1086525E-4,-0.002443461,6.1086525E-4,TONIC,08626e289f71
1775671936649,1062121999934274,2.8993783,-1.4676456,-9.157822,0.0012217305,-6.1086525E-4,0.0,TONIC,08626e289f71
1775671936657,1062122007906356,2.885013,-1.472434,-9.160215,6.1086525E-4,0.0,0.0018325958,TONIC,08626e289f71
1775671936665,1062122015956131,2.8921957,-1.4628572,-9.160215,0.002443461,0.0012217305,-0.0012217305,TONIC,08626e289f71
1775671936673,1062122023897367,2.885013,-1.4700398,-9.165004,-0.0012217305,-0.0018325958,6.1086525E-4,TONIC,08626e289f71
1775671936681,1062122031922681,2.858677,-1.4676456,-9.160215,0.0012217305,0.0036651916,0.0018325958,TONIC,08626e289f71
1775671936689,1062122039917763,2.896984,-1.472434,-9.157822,-0.0018325958,-6.1086525E-4,0.002443461,TONIC,08626e289f71
1775671936697,1062122047916154,2.8921957,-1.4939818,-9.14585,-0.0012217305,0.0,0.0030543262,TONIC,08626e289f71
1775671936705,1062122055908851,2.8874073,-1.4676456,-9.138668,-0.002443461,-0.0012217305,0.002443461,TONIC,08626e289f71
1775671936713,1062122063960241,2.8993783,-1.460463,-9.13388,-0.004276057,-0.0012217305,0.004886922,TONIC,08626e289f71
1775671936721,1062122071901400,2.920926,-1.4820108,-9.143456,-0.004886922,0.0,0.005497787,TONIC,08626e289f71
1775671936729,1062122079951560,2.9113493,-1.4748282,-9.126697,-0.0030543262,0.0018325958,0.0036651916,TONIC,08626e289f71
1775671936737,1062122087923335,2.9233203,-1.4676456,-9.129091,-0.0030543262,0.0030543262,0.004276057,TONIC,08626e289f71
1775671936745,1062122095886417,2.9113493,-1.4652514,-9.143456,-0.004276057,0.0,0.004276057,TONIC,08626e289f71
1775671936753,1062122103913731,2.906561,-1.4652514,-9.155427,-0.004276057,-0.0012217305,0.004276057,TONIC,08626e289f71
1775671936761,1062122111909121,2.9137435,-1.4676456,-9.138668,-6.1086525E-4,-6.1086525E-4,0.0030543262,TONIC,08626e289f71
1775671936770,1062122120021127,2.906561,-1.4676456,-9.136273,-0.002443461,-0.0018325958,0.004276057,TONIC,08626e289f71
1775671936777,1062122127901516,2.9113493,-1.4628572,-9.129091,-0.0030543262,-0.0018325958,0.002443461,TONIC,08626e289f71
1775671936785,1062122135981753,2.882619,-1.4580688,-9.121908,-0.0012217305,6.1086525E-4,6.1086525E-4,TONIC,08626e289f71
1775671936793,1062122143923912,2.885013,-1.4389153,-9.141062,-0.0030543262,-0.0030543262,0.0,TONIC,08626e289f71
1775671936801,1062122151917457,2.908955,-1.4437037,-9.13388,-0.0030543262,-0.0036651916,0.0,TONIC,08626e289f71
1775671936809,1062122159883615,2.896984,-1.4317327,-9.150639,-0.002443461,-0.004276057,-6.1086525E-4,TONIC,08626e289f71
1775671936817,1062122167879314,2.908955,-1.42455,-9.160215,0.0,-0.0067195175,-0.0030543262,TONIC,08626e289f71
1775671936825,1062122175905551,2.9041667,-1.4030021,-9.153033,-0.0018325958,-0.0036651916,-0.0012217305,TONIC,08626e289f71
1775671936833,1062122183930094,2.9041667,-1.4317327,-9.143456,0.0,-0.0030543262,0.0,TONIC,08626e289f71
1775671936841,1062122191926177,2.8993783,-1.4173675,-9.129091,0.0018325958,-0.0012217305,0.0012217305,TONIC,08626e289f71
1775671936849,1062122199920874,2.9233203,-1.412579,-9.136273,0.0030543262,-0.0036651916,0.0012217305,TONIC,08626e289f71
1775671936857,1062122207919419,2.9233203,-1.4173675,-9.148245,0.0012217305,-0.0012217305,6.1086525E-4,TONIC,08626e289f71
1775671936865,1062122215914193,2.9137435,-1.4317327,-9.119514,0.0018325958,-0.0030543262,0.0036651916,TONIC,08626e289f71
1775671936873,1062122223908661,2.8993783,-1.4413095,-9.109938,0.0018325958,-0.0036651916,0.004886922,TONIC,08626e289f71
1775671937682,1062123032039607,2.8395233,-1.4149733,-9.160215,0.004276057,-0.002443461,0.0061086523,TONIC,08626e289f71
1775671937689,1062123039919074,2.8491,-1.4197617,-9.157822,-0.0012217305,0.007941248,0.0012217305,TONIC,08626e289f71
1775671937697,1062123047913772,2.8514943,-1.4317327,-9.124303,-0.002443461,0.005497787,0.0012217305,TONIC,08626e289f71
1775671937706,1062123056026393,2.8754363,-1.4293385,-9.124303,-0.002443461,0.007330383,0.0018325958,TONIC,08626e289f71
1775671937713,1062123063966706,2.8802247,-1.4341269,-9.11712,-6.1086525E-4,0.008552114,6.1086525E-4,TONIC,08626e289f71
1775671937721,1062123071903404,2.882619,-1.4317327,-9.107543,-0.002443461,0.008552114,0.0012217305,TONIC,08626e289f71
1775671937729,1062123079927102,2.882619,-1.460463,-9.107543,6.1086525E-4,0.009162978,6.1086525E-4,TONIC,08626e289f71
1775671937737,1062123087921569,2.8682537,-1.4269443,-9.109938,0.0,0.010995574,-0.002443461,TONIC,08626e289f71
1775671937745,1062123095917190,2.8682537,-1.4221559,-9.109938,0.0030543262,0.010995574,-0.0018325958,TONIC,08626e289f71
1775671937753,1062123103914426,2.8538885,-1.42455,-9.150639,0.0030543262,0.01282817,-0.002443461,TONIC,08626e289f71
1775671937761,1062123111909201,2.8802247,-1.4197617,-9.160215,0.005497787,0.014049901,-0.0018325958,TONIC,08626e289f71
1775671937769,1062123119905591,2.885013,-1.42455,-9.174581,0.007330383,0.010995574,-0.0030543262,TONIC,08626e289f71
1775671937777,1062123127932673,2.896984,-1.4293385,-9.186552,0.007330383,0.01160644,-0.0036651916,TONIC,08626e289f71
1775671937785,1062123135927141,2.9161377,-1.4556746,-9.165004,0.005497787,0.009773844,-0.004276057,TONIC,08626e289f71
1775671937793,1062123143923684,2.9161377,-1.4460979,-9.138668,0.004276057,0.009162978,-0.0030543262,TONIC,08626e289f71
1775671937801,1062123151919075,2.920926,-1.448492,-9.131485,0.0036651916,0.009162978,-0.004276057,TONIC,08626e289f71
1775671937809,1062123159913235,2.9281087,-1.472434,-9.121908,0.0036651916,0.0067195175,-0.0030543262,TONIC,08626e289f71
1775671937817,1062123167912086,2.9472623,-1.4748282,-9.102755,0.0012217305,0.005497787,-0.0018325958,TONIC,08626e289f71
1775671937825,1062123175960400,2.9496565,-1.484405,-9.102755,-6.1086525E-4,0.0036651916,-0.0030543262,TONIC,08626e289f71
1775671937833,1062123183900712,2.9472623,-1.4532804,-9.102755,-0.0012217305,0.0036651916,0.0,TONIC,08626e289f71
1775671937841,1062123191925565,2.9400797,-1.4700398,-9.109938,-0.0018325958,0.0018325958,-6.1086525E-4,TONIC,08626e289f71
1775671937849,1062123199922185,2.9376855,-1.4820108,-9.119514,0.0012217305,0.004276057,-0.0030543262,TONIC,08626e289f71
1775671937857,1062123207918883,2.932897,-1.4700398,-9.138668,6.1086525E-4,0.0012217305,0.0012217305,TONIC,08626e289f71
1775671937865,1062123215969042,2.930503,-1.4652514,-9.141062,0.0018325958,6.1086525E-4,0.0012217305,TONIC,08626e289f71
1775671937873,1062123223908433,2.9376855,-1.460463,-9.167398,0.0030543262,0.0,0.0012217305,TONIC,08626e289f71
1775671937881,1062123231903822,2.9472623,-1.4532804,-9.155427,0.0030543262,-0.0012217305,-6.1086525E-4,TONIC,08626e289f71
1775671937889,1062123239930829,2.9352913,-1.4460979,-9.165004,0.0030543262,-0.0012217305,0.0012217305,TONIC,08626e289f71
1775671937897,1062123247927758,2.9281087,-1.4748282,-9.155427,0.0012217305,-0.0018325958,0.0018325958,TONIC,08626e289f71
1775671937905,1062123255922224,2.9233203,-1.472434,-9.136273,6.1086525E-4,-0.0030543262,0.0,TONIC,08626e289f71
1775671937913,1062123263917307,2.8921957,-1.4628572,-9.141062,0.0,-0.0030543262,0.0,TONIC,08626e289f71
1775671937921,1062123271877312,2.9137435,-1.4748282,-9.126697,-6.1086525E-4,-0.0036651916,-6.1086525E-4,TONIC,08626e289f71
1775671937929,1062123279910934,2.9041667,-1.4556746,-9.138668,-0.0018325958,-0.005497787,-6.1086525E-4,TONIC,08626e289f71
1775671937937,1062123287960092,2.8993783,-1.4652514,-9.129091,0.002443461,-0.0030543262,-0.0012217305,TONIC,08626e289f71
1775671937945,1062123295902637,2.9017725,-1.4748282,-9.13388,6.1086525E-4,-0.0036651916,-0.0012217305,TONIC,08626e289f71
1775671937953,1062123303926642,2.8754363,-1.4700398,-9.131485,0.0,-0.0061086523,0.0,TONIC,08626e289f71
1775671937961,1062123311921033,2.8754363,-1.4628572,-9.124303,6.1086525E-4,-0.005497787,-6.1086525E-4,TONIC,08626e289f71
1775671937969,1062123319942576,2.8491,-1.4820108,-9.124303,0.002443461,-0.0030543262,-0.0012217305,TONIC,08626e289f71
1775671937977,1062123327885044,2.873042,-1.448492,-9.124303,0.0018325958,-0.004886922,-6.1086525E-4,TONIC,08626e289f71
1775671937985,1062123335909972,2.8275523,-1.460463,-9.129091,0.002443461,-0.0030543262,-0.0030543262,TONIC,08626e289f71
1775671937993,1062123343904132,2.837129,-1.460463,-9.143456,0.0036651916,-0.0030543262,-0.0036651916,TONIC,08626e289f71
1775671938001,1062123351931291,2.8203697,-1.4700398,-9.131485,0.0018325958,-6.1086525E-4,-0.0030543262,TONIC,08626e289f71
1775671938009,1062123359926604,2.8203697,-1.4772224,-9.169792,0.0012217305,-6.1086525E-4,-0.004886922,TONIC,08626e289f71
1775671938018,1062123368038302,2.80361,-1.4748282,-9.16261,0.0012217305,-0.0012217305,-0.0067195175,TONIC,08626e289f71
1775671938025,1062123375917769,2.8083985,-1.4628572,-9.165004,-6.1086525E-4,0.0012217305,-0.008552114,TONIC,08626e289f71
1775671938033,1062123383968467,2.834735,-1.4796166,-9.193734,0.0,6.1086525E-4,-0.007330383,TONIC,08626e289f71
1775671938041,1062123391878703,2.8203697,-1.4413095,-9.176975,-6.1086525E-4,0.0018325958,-0.008552114,TONIC,08626e289f71
1775671938049,1062123399904171,2.8203697,-1.4700398,-9.174581,-0.004276057,0.0,-0.0067195175,TONIC,08626e289f71
1775671938057,1062123407931637,2.8275523,-1.4628572,-9.16261,0.0018325958,0.0030543262,-0.008552114,TONIC,08626e289f71
1775671938065,1062123415925412,2.8634653,-1.4772224,-9.172187,0.0012217305,0.0012217305,-0.007330383,TONIC,08626e289f71
1775671938073,1062123423920879,2.8658595,-1.4867992,-9.148245,6.1086525E-4,0.002443461,-0.005497787,TONIC,08626e289f71
1775671938081,1062123431917193,2.896984,-1.4580688,-9.126697,-0.0018325958,0.002443461,-0.005497787,TONIC,08626e289f71
1775671938089,1062123439911660,2.896984,-1.4676456,-9.097966,-0.002443461,0.0018325958,-0.004276057,TONIC,08626e289f71
1775671938097,1062123447910127,2.9041667,-1.4508862,-9.102755,-0.0030543262,-6.1086525E-4,-0.004886922,TONIC,08626e289f71
1775671938906,1062124256008843,2.9113493,-1.4197617,-9.126697,-0.0018325958,0.0,-0.004276057,TONIC,08626e289f71
1775671938914,1062124264035002,2.920926,-1.4413095,-9.126697,0.0036651916,0.01038471,0.004886922,TONIC,08626e289f71
1775671938922,1062124272000161,2.9352913,-1.436521,-9.124303,0.0036651916,0.009162978,0.004886922,TONIC,08626e289f71
1775671938929,1062124279995629,2.942474,-1.448492,-9.114726,0.004276057,0.01038471,0.0061086523,TONIC,08626e289f71
1775671938938,1062124288021788,2.942474,-1.436521,-9.112331,0.004276057,0.01038471,0.004886922,TONIC,08626e289f71
1775671938945,1062124295932486,2.9496565,-1.4700398,-9.121908,0.004276057,0.007941248,0.0061086523,TONIC,08626e289f71
1775671938953,1062124303926337,2.944868,-1.472434,-9.11712,0.0030543262,0.008552114,0.007330383,TONIC,08626e289f71
1775671938961,1062124311923266,2.9352913,-1.4628572,-9.129091,0.0036651916,0.0061086523,0.0061086523,TONIC,08626e289f71
1775671938969,1062124319916249,2.942474,-1.4915876,-9.124303,0.0030543262,0.0061086523,0.0061086523,TONIC,08626e289f71
1775671938977,1062124327920870,2.9257145,-1.4891934,-9.126697,0.004276057,0.0061086523,0.007330383,TONIC,08626e289f71
1775671938985,1062124335907336,2.9616275,-1.5011644,-9.148245,0.0036651916,0.0067195175,0.004886922,TONIC,08626e289f71
1775671938993,1062124343903264,2.942474,-1.4987702,-9.14585,0.004276057,0.0030543262,0.0061086523,TONIC,08626e289f71
1775671939001,1062124351899346,2.9472623,-1.5179238,-9.148245,0.002443461,0.0030543262,0.0061086523,TONIC,08626e289f71
1775671939009,1062124359923967,2.9257145,-1.5035586,-9.148245,0.0012217305,6.1086525E-4,0.004276057,TONIC,08626e289f71
1775671939017,1062124367922356,2.930503,-1.5251064,-9.141062,6.1086525E-4,-0.0018325958,0.004886922,TONIC,08626e289f71
1775671939025,1062124375917131,2.9233203,-1.5179238,-9.126697,0.0,0.0,0.0036651916,TONIC,08626e289f71
1775671939033,1062124383912520,2.9161377,-1.5107412,-9.141062,-0.0018325958,0.0,0.0018325958,TONIC,08626e289f71
1775671939041,1062124391907064,2.908955,-1.5059528,-9.141062,0.0,0.0,0.0018325958,TONIC,08626e289f71
1775671939049,1062124399902761,2.8874073,-1.4939818,-9.14585,-0.002443461,-0.002443461,-0.0012217305,TONIC,08626e289f71
1775671939057,1062124407930689,2.8754363,-1.4987702,-9.141062,-0.0018325958,-0.004886922,-0.0012217305,TONIC,08626e289f71
1775671939065,1062124415924001,2.873042,-1.4676456,-9.153033,-0.002443461,-0.004276057,-0.0030543262,TONIC,08626e289f71
1775671939073,1062124423919313,2.8634653,-1.4628572,-9.150639,-0.0018325958,-0.0036651916,-0.004276057,TONIC,08626e289f71
1775671939081,1062124431915934,2.8682537,-1.460463,-9.148245,-0.0018325958,-0.004276057,-0.0030543262,TONIC,08626e289f71
1775671939089,1062124439910400,2.8634653,-1.472434,-9.169792,-0.0018325958,-0.004276057,-0.004886922,TONIC,08626e289f71
1775671939097,1062124447992867,2.822764,-1.4676456,-9.157822,-6.1086525E-4,-0.004276057,-0.008552114,TONIC,08626e289f71
1775671939105,1062124455933257,2.8323407,-1.448492,-9.155427,-0.0012217305,-6.1086525E-4,-0.007330383,TONIC,08626e289f71
1775671939113,1062124463927954,2.8395233,-1.4772224,-9.136273,-6.1086525E-4,-6.1086525E-4,-0.009162978,TONIC,08626e289f71
1775671939121,1062124471893267,2.8395233,-1.460463,-9.129091,-0.0018325958,0.0018325958,-0.010995574,TONIC,08626e289f71
1775671939130,1062124480005887,2.846706,-1.4580688,-9.141062,0.0,0.0012217305,-0.01160644,TONIC,08626e289f71
1775671939137,1062124487916892,2.8443117,-1.4341269,-9.129091,-0.0018325958,0.0036651916,-0.01160644,TONIC,08626e289f71
1775671939145,1062124495911051,2.8323407,-1.4580688,-9.13388,0.0018325958,0.0061086523,-0.01160644,TONIC,08626e289f71
1775671939153,1062124503908056,2.8634653,-1.42455,-9.119514,-0.0012217305,0.007330383,-0.01282817,TONIC,08626e289f71
1775671939161,1062124511903369,2.8419175,-1.4389153,-9.143456,-6.1086525E-4,0.007941248,-0.01160644,TONIC,08626e289f71
1775671939169,1062124519983989,2.8778305,-1.4293385,-9.126697,-6.1086525E-4,0.007330383,-0.009773844,TONIC,08626e289f71
1775671939177,1062124527925840,2.873042,-1.4221559,-9.136273,0.0,0.0067195175,-0.01160644,TONIC,08626e289f71
1775671939185,1062124535919461,2.873042,-1.4173675,-9.138668,-6.1086525E-4,0.0067195175,-0.010995574,TONIC,08626e289f71
1775671939193,1062124543915466,2.8898015,-1.4101849,-9.136273,-0.0018325958,0.0036651916,-0.009773844,TONIC,08626e289f71
1775671939201,1062124551872393,2.885013,-1.412579,-9.141062,-0.002443461,0.004276057,-0.008552114,TONIC,08626e289f71
1775671939209,1062124559907706,2.8874073,-1.4077905,-9.129091,-0.0036651916,0.002443461,-0.0061086523,TONIC,08626e289f71
1775671939217,1062124567902864,2.896984,-1.4221559,-9.107543,-0.002443461,0.002443461,-0.0061086523,TONIC,08626e289f71
1775671939225,1062124575929254,2.885013,-1.4101849,-9.119514,-0.0018325958,0.0,-0.0036651916,TONIC,08626e289f71
1775671939234,1062124584009874,2.908955,-1.4053963,-9.126697,-0.0012217305,0.002443461,-0.0018325958,TONIC,08626e289f71
1775671939241,1062124591889879,2.8993783,-1.4173675,-9.129091,-0.0036651916,-0.0012217305,-6.1086525E-4,TONIC,08626e289f71
1775671939249,1062124599916115,2.8993783,-1.3982137,-9.121908,0.0030543262,0.0036651916,-6.1086525E-4,TONIC,08626e289f71
1775671939257,1062124607912659,2.9017725,-1.4197617,-9.126697,-0.0018325958,6.1086525E-4,0.0,TONIC,08626e289f71
1775671939265,1062124615905971,2.9137435,-1.400608,-9.13388,6.1086525E-4,6.1086525E-4,0.002443461,TONIC,08626e289f71
1775671939273,1062124623902207,2.9113493,-1.400608,-9.143456,0.002443461,0.002443461,0.0018325958,TONIC,08626e289f71
1775671939281,1062124631927212,2.9113493,-1.3982137,-9.136273,0.0036651916,6.1086525E-4,0.0036651916,TONIC,08626e289f71
1775671939289,1062124639924448,2.8921957,-1.4173675,-9.126697,0.0036651916,6.1086525E-4,0.0018325958,TONIC,08626e289f71
1775671939297,1062124647918838,2.885013,-1.4389153,-9.129091,0.0030543262,0.0018325958,0.004886922,TONIC,08626e289f71
1775671939305,1062124655914227,2.8921957,-1.4413095,-9.124303,0.0036651916,6.1086525E-4,0.004886922,TONIC,08626e289f71
1775671939313,1062124663910925,2.870648,-1.4532804,-9.13388,0.0036651916,0.004276057,0.004276057,TONIC,08626e289f71
1775671939321,1062124671906007,2.8874073,-1.4580688,-9.126697,0.0061086523,0.0036651916,0.004276057,TONIC,08626e289f71
1775671940138,1062125488002128,2.9400797,-1.508347,-9.109938,0.0061086523,0.004886922,0.0018325958,TONIC,08626e289f71
1775671940145,1062125495997825,2.942474,-1.4987702,-9.093178,-0.0036651916,6.1086525E-4,-0.002443461,TONIC,08626e289f71
1775671940153,1062125503993292,2.9472623,-1.4867992,-9.100361,-0.0061086523,-0.0018325958,-0.0012217305,TONIC,08626e289f71
1775671940161,1062125511988912,2.9400797,-1.4915876,-9.129091,-0.004276057,-6.1086525E-4,-6.1086525E-4,TONIC,08626e289f71
1775671940170,1062125520111994,2.9233203,-1.4796166,-9.124303,-0.0061086523,-0.0030543262,-0.0018325958,TONIC,08626e289f71
1775671940177,1062125527925229,2.9113493,-1.4652514,-9.136273,-0.004276057,-0.0012217305,-6.1086525E-4,TONIC,08626e289f71
1775671940185,1062125535921619,2.9041667,-1.4532804,-9.141062,-0.004886922,-0.0030543262,-0.0012217305,TONIC,08626e289f71
1775671940193,1062125543916316,2.885013,-1.448492,-9.155427,-0.0030543262,0.0018325958,-6.1086525E-4,TONIC,08626e289f71
1775671940201,1062125551912398,2.8658595,-1.448492,-9.153033,-0.0030543262,-6.1086525E-4,0.0,TONIC,08626e289f71
1775671940209,1062125559909326,2.8682537,-1.4269443,-9.148245,-0.002443461,-6.1086525E-4,-6.1086525E-4,TONIC,08626e289f71
1775671940217,1062125567903792,2.8538885,-1.4317327,-9.14585,-0.0030543262,6.1086525E-4,0.0,TONIC,08626e289f71
1775671940225,1062125575928336,2.846706,-1.4197617,-9.141062,-0.0012217305,0.0012217305,0.0,TONIC,08626e289f71
1775671940233,1062125583924341,2.8634653,-1.3862427,-9.141062,-0.0018325958,6.1086525E-4,-0.0012217305,TONIC,08626e289f71
1775671940241,1062125591920961,2.8419175,-1.4101849,-9.126697,-0.0018325958,6.1086525E-4,-0.0012217305,TONIC,08626e289f71
1775671940249,1062125599915428,2.822764,-1.4221559,-9.143456,0.0012217305,0.0012217305,-0.0012217305,TONIC,08626e289f71
1775671940257,1062125607913971,2.834735,-1.4053963,-9.126697,0.002443461,6.1086525E-4,-0.0030543262,TONIC,08626e289f71
1775671940265,1062125615905361,2.8275523,-1.4101849,-9.114726,0.002443461,6.1086525E-4,-0.0036651916,TONIC,08626e289f71
1775671940273,1062125623957981,2.8275523,-1.400608,-9.124303,0.0012217305,6.1086525E-4,-0.0030543262,TONIC,08626e289f71
1775671940281,1062125631929910,2.846706,-1.4197617,-9.121908,-0.0012217305,6.1086525E-4,-0.0012217305,TONIC,08626e289f71
1775671940289,1062125639924145,2.8299465,-1.4101849,-9.129091,0.0012217305,0.0018325958,-6.1086525E-4,TONIC,08626e289f71
1775671940297,1062125647922303,2.8395233,-1.4077905,-9.119514,-6.1086525E-4,0.002443461,0.0,TONIC,08626e289f71
1775671940305,1062125655940462,2.846706,-1.4197617,-9.107543,6.1086525E-4,0.0030543262,-6.1086525E-4,TONIC,08626e289f71
1775671940313,1062125663910852,2.8562827,-1.42455,-9.138668,0.002443461,0.004276057,6.1086525E-4,TONIC,08626e289f71
1775671940321,1062125671906011,2.8538885,-1.4437037,-9.16261,0.0036651916,0.004886922,0.0012217305,TONIC,08626e289f71
1775671940329,1062125679901631,2.873042,-1.4508862,-9.169792,0.0061086523,0.0061086523,-6.1086525E-4,TONIC,08626e289f71
1775671940337,1062125687953405,2.8658595,-1.4628572,-9.16261,0.005497787,0.0061086523,-6.1086525E-4,TONIC,08626e289f71
1775671940345,1062125695923564,2.8634653,-1.4580688,-9.143456,0.005497787,0.004886922,-6.1086525E-4,TONIC,08626e289f71
1775671940353,1062125703891492,2.8682537,-1.4532804,-9.126697,0.0036651916,0.007330383,6.1086525E-4,TONIC,08626e289f71
1775671940361,1062125711970651,2.870648,-1.4820108,-9.121908,0.0030543262,0.007941248,0.0,TONIC,08626e289f71
1775671940369,1062125719910964,2.8898015,-1.4867992,-9.160215,0.0036651916,0.01038471,0.0,TONIC,08626e289f71
1775671940377,1062125727905969,2.882619,-1.4748282,-9.143456,0.002443461,0.007330383,0.0012217305,TONIC,08626e289f71
1775671940385,1062125735926974,2.920926,-1.4676456,-9.155427,0.0030543262,0.01038471,0.002443461,TONIC,08626e289f71
1775671940393,1062125743897056,2.918532,-1.4891934,-9.14585,0.002443461,0.009162978,0.0018325958,TONIC,08626e289f71
1775671940402,1062125752108445,2.9352913,-1.4796166,-9.13388,6.1086525E-4,0.0067195175,0.0018325958,TONIC,08626e289f71
1775671940409,1062125759918681,2.932897,-1.4939818,-9.131485,0.0018325958,0.0061086523,0.002443461,TONIC,08626e289f71
1775671940418,1062125768001071,2.9352913,-1.508347,-9.138668,0.0,0.004276057,0.004886922,TONIC,08626e289f71
1775671940425,1062125775882076,2.9257145,-1.508347,-9.119514,-6.1086525E-4,0.005497787,0.0030543262,TONIC,08626e289f71
1775671940433,1062125783961773,2.9233203,-1.4987702,-9.109938,-0.002443461,0.004276057,0.004886922,TONIC,08626e289f71
1775671940441,1062125791933162,2.9281087,-1.4915876,-9.105149,-0.0012217305,6.1086525E-4,0.0061086523,TONIC,08626e289f71
1775671940449,1062125799926936,2.9257145,-1.4939818,-9.121908,6.1086525E-4,0.0018325958,0.004276057,TONIC,08626e289f71
1775671940457,1062125807948556,2.9257145,-1.520318,-9.131485,-0.0030543262,0.0,0.0067195175,TONIC,08626e289f71
1775671940465,1062125815918715,2.9400797,-1.508347,-9.119514,-0.002443461,-0.0012217305,0.0067195175,TONIC,08626e289f71
1775671940473,1062125823914643,2.920926,-1.5107412,-9.141062,-0.004276057,0.0,0.007330383,TONIC,08626e289f71
1775671940481,1062125831910725,2.918532,-1.4939818,-9.138668,-0.004276057,-0.0030543262,0.0067195175,TONIC,08626e289f71
1775671940489,1062125839905192,2.906561,-1.4772224,-9.157822,-0.004886922,-0.0018325958,0.009162978,TONIC,08626e289f71
1775671940497,1062125847903581,2.9113493,-1.4772224,-9.143456,-0.0067195175,-0.0018325958,0.009162978,TONIC,08626e289f71
1775671940505,1062125855936279,2.89459,-1.4772224,-9.143456,-0.004276057,-0.0018325958,0.009773844,TONIC,08626e289f71
1775671940513,1062125863922745,2.8993783,-1.4508862,-9.16261,-0.0061086523,-0.0018325958,0.007330383,TONIC,08626e289f71
1775671940521,1062125871920289,2.8802247,-1.4389153,-9.153033,-0.0061086523,-0.0036651916,0.009162978,TONIC,08626e289f71
1775671940529,1062125879914448,2.8802247,-1.460463,-9.155427,-0.005497787,-0.004886922,0.007941248,TONIC,08626e289f71
1775671940537,1062125887912222,2.8898015,-1.4628572,-9.150639,-0.007330383,-0.0061086523,0.007330383,TONIC,08626e289f71
1775671940545,1062125895905227,2.873042,-1.4460979,-9.131485,-0.0061086523,-0.007330383,0.0067195175,TONIC,08626e289f71
1775671941369,1062126719997430,2.9592333,-1.5107412,-9.105149,-0.007330383,-0.008552114,0.005497787,TONIC,08626e289f71
1775671941378,1062126728023589,2.918532,-1.508347,-9.105149,-0.0018325958,-0.004886922,-0.0018325958,TONIC,08626e289f71
1775671941386,1062126736019210,2.920926,-1.496376,-9.124303,-0.002443461,-0.004276057,-6.1086525E-4,TONIC,08626e289f71
1775671941394,1062126744045368,2.9281087,-1.4915876,-9.124303,-0.0036651916,-0.0036651916,0.0018325958,TONIC,08626e289f71
1775671941401,1062126751986680,2.8993783,-1.508347,-9.141062,-0.004886922,-0.0036651916,0.0030543262,TONIC,08626e289f71
1775671941409,1062126759921377,2.896984,-1.4939818,-9.153033,-0.005497787,-0.004886922,0.004886922,TONIC,08626e289f71
1775671941417,1062126767917459,2.885013,-1.4939818,-9.165004,-0.0061086523,-0.004886922,0.0061086523,TONIC,08626e289f71
1775671941425,1062126775911541,2.8754363,-1.4772224,-9.176975,-0.0067195175,-0.005497787,0.005497787,TONIC,08626e289f71
1775671941433,1062126783906700,2.8634653,-1.4915876,-9.176975,-0.007941248,-0.007330383,0.0061086523,TONIC,08626e289f71
1775671941441,1062126791902705,2.8538885,-1.484405,-9.167398,-0.008552114,-0.005497787,0.007330383,TONIC,08626e289f71
1775671941449,1062126799928864,2.837129,-1.4796166,-9.153033,-0.008552114,-0.0067195175,0.007330383,TONIC,08626e289f71
1775671941457,1062126807925408,2.822764,-1.4772224,-9.150639,-0.01038471,-0.0061086523,0.009162978,TONIC,08626e289f71
1775671941465,1062126815887336,2.815581,-1.4652514,-9.136273,-0.010995574,-0.005497787,0.004886922,TONIC,08626e289f71
1775671941473,1062126823915648,2.789245,-1.4532804,-9.143456,-0.009162978,-0.002443461,0.004886922,TONIC,08626e289f71
1775671941481,1062126831910653,2.779668,-1.4508862,-9.14585,-0.009773844,-0.0030543262,0.004886922,TONIC,08626e289f71
1775671941489,1062126839905812,2.7820623,-1.4173675,-9.131485,-0.009162978,-0.002443461,0.002443461,TONIC,08626e289f71
1775671941497,1062126847927279,2.7700913,-1.4221559,-9.126697,-0.007941248,-0.0012217305,0.0018325958,TONIC,08626e289f71
1775671941505,1062126855900284,2.7748797,-1.3862427,-9.141062,-0.0061086523,-0.002443461,6.1086525E-4,TONIC,08626e289f71
1775671941513,1062126863924597,2.765303,-1.3814543,-9.129091,-0.0067195175,0.0,0.0018325958,TONIC,08626e289f71
1775671941521,1062126871920832,2.8083985,-1.3575124,-9.129091,-0.0067195175,0.0,6.1086525E-4,TONIC,08626e289f71
1775671941529,1062126879915068,2.7700913,-1.3503298,-9.126697,-0.0067195175,0.0012217305,0.0012217305,TONIC,08626e289f71
1775671941537,1062126887913149,2.791639,-1.3503298,-9.138668,-0.0036651916,0.004886922,0.0,TONIC,08626e289f71
1775671941545,1062126895907923,2.7988217,-1.3455414,-9.143456,-0.002443461,0.0061086523,-6.1086525E-4,TONIC,08626e289f71
1775671941553,1062126903902082,2.8179753,-1.3503298,-9.160215,0.0,0.008552114,6.1086525E-4,TONIC,08626e289f71
1775671941561,1062126911983703,2.8323407,-1.3623008,-9.153033,0.0012217305,0.01038471,0.0,TONIC,08626e289f71
1775671941569,1062126919887708,2.825158,-1.388637,-9.167398,0.0030543262,0.01160644,-0.0018325958,TONIC,08626e289f71
1775671941577,1062126927922174,2.873042,-1.3982137,-9.153033,0.005497787,0.013439035,-0.0012217305,TONIC,08626e289f71
1775671941585,1062126935848333,2.89459,-1.4413095,-9.141062,0.005497787,0.013439035,0.0,TONIC,08626e289f71
1775671941593,1062126943910184,2.9281087,-1.4389153,-9.14585,0.007941248,0.015271631,0.0018325958,TONIC,08626e289f71
1775671941601,1062126951906112,2.942474,-1.460463,-9.131485,0.0061086523,0.014660766,0.0012217305,TONIC,08626e289f71
1775671941610,1062126960018425,2.956839,-1.472434,-9.109938,0.009773844,0.016493361,6.1086525E-4,TONIC,08626e289f71
1775671941617,1062126967897584,2.9759927,-1.5011644,-9.107543,0.0067195175,0.01160644,0.0012217305,TONIC,08626e289f71
1775671941625,1062126975885281,2.992752,-1.508347,-9.090784,0.0061086523,0.014660766,0.0012217305,TONIC,08626e289f71
1775671941633,1062126983918517,2.992752,-1.5131354,-9.107543,0.004886922,0.012217305,0.0018325958,TONIC,08626e289f71
1775671941641,1062126991885522,2.9999347,-1.5059528,-9.105149,0.004886922,0.014049901,6.1086525E-4,TONIC,08626e289f71
1775671941649,1062126999935373,3.0095115,-1.5227122,-9.124303,0.004276057,0.008552114,0.0012217305,TONIC,08626e289f71
1775671941657,1062127007908070,2.992752,-1.5107412,-9.109938,0.002443461,0.0067195175,0.0018325958,TONIC,08626e289f71
1775671941665,1062127015900922,2.9783869,-1.5179238,-9.13388,0.0018325958,0.0061086523,6.1086525E-4,TONIC,08626e289f71
1775671941673,1062127023987773,2.9735985,-1.5227122,-9.14585,6.1086525E-4,0.0,0.0,TONIC,08626e289f71
1775671941681,1062127031923392,2.956839,-1.508347,-9.143456,0.0012217305,0.002443461,0.0,TONIC,08626e289f71
1775671941689,1062127039919090,2.944868,-1.5035586,-9.153033,6.1086525E-4,6.1086525E-4,-0.002443461,TONIC,08626e289f71
1775671941697,1062127047939710,2.9496565,-1.4915876,-9.155427,-6.1086525E-4,0.0012217305,-0.0012217305,TONIC,08626e289f71
1775671941705,1062127055911484,2.918532,-1.4796166,-9.14585,-6.1086525E-4,0.0,-0.0030543262,TONIC,08626e289f71
1775671941713,1062127063905566,2.944868,-1.4796166,-9.136273,-0.0018325958,-0.0012217305,-0.0036651916,TONIC,08626e289f71
1775671941721,1062127071901956,2.9592333,-1.472434,-9.143456,-0.0030543262,-0.0036651916,-0.004886922,TONIC,08626e289f71
1775671941729,1062127079926807,2.9352913,-1.460463,-9.114726,-0.0030543262,-0.0061086523,-0.0061086523,TONIC,08626e289f71
1775671941737,1062127087923735,2.9041667,-1.4389153,-9.112331,-0.004276057,-0.007941248,-0.0036651916,TONIC,08626e289f71
1775671941745,1062127095917894,2.9352913,-1.4460979,-9.114726,-0.004276057,-0.008552114,-0.004886922,TONIC,08626e289f71
1775671941753,1062127103914822,2.9137435,-1.4460979,-9.119514,-0.004276057,-0.009773844,-0.004276057,TONIC,08626e289f71
1775671941761,1062127111910212,2.920926,-1.448492,-9.119514,-0.0036651916,-0.008552114,-0.0018325958,TONIC,08626e289f71
1775671941769,1062127119905909,2.906561,-1.448492,-9.126697,-0.0036651916,-0.007330383,-0.0012217305,TONIC,08626e289f71
1775671941777,1062127127933683,2.906561,-1.448492,-9.14585,-0.002443461,-0.008552114,-0.0012217305,TONIC,08626e289f71
1775671941785,1062127135928457,2.8898015,-1.472434,-9.141062,-0.0012217305,-0.005497787,-0.0018325958,TONIC,08626e289f71
1775671942601,1062127951992887,2.9041667,-1.4389153,-9.136273,-0.0030543262,-0.0067195175,-0.0036651916,TONIC,08626e289f71
1775671942610,1062127960049507,2.9113493,-1.4820108,-9.138668,0.0012217305,0.002443461,-0.005497787,TONIC,08626e289f71
1775671942618,1062127968045204,2.930503,-1.4652514,-9.126697,0.0012217305,0.002443461,-0.007330383,TONIC,08626e289f71
1775671942626,1062127976040671,2.9137435,-1.4772224,-9.129091,0.0012217305,0.002443461,-0.0061086523,TONIC,08626e289f71
1775671942633,1062127983920983,2.9281087,-1.4820108,-9.119514,0.0012217305,0.0018325958,-0.005497787,TONIC,08626e289f71
1775671942641,1062127991915449,2.9161377,-1.4556746,-9.121908,6.1086525E-4,0.0036651916,-0.0061086523,TONIC,08626e289f71
1775671942649,1062127999911146,2.918532,-1.4532804,-9.121908,0.0012217305,6.1086525E-4,-0.0061086523,TONIC,08626e289f71
1775671942657,1062128007908613,2.9137435,-1.4508862,-9.131485,0.0018325958,0.002443461,-0.005497787,TONIC,08626e289f71
1775671942665,1062128015901541,2.9161377,-1.4556746,-9.131485,0.0018325958,6.1086525E-4,-0.0036651916,TONIC,08626e289f71
1775671942673,1062128023927700,2.9161377,-1.4700398,-9.141062,0.0030543262,0.0018325958,-0.0036651916,TONIC,08626e289f71
1775671942681,1062128031923705,2.918532,-1.4532804,-9.153033,0.0012217305,-0.0012217305,-0.0036651916,TONIC,08626e289f71
1775671942689,1062128039917864,2.8993783,-1.4532804,-9.138668,0.002443461,-6.1086525E-4,-0.004276057,TONIC,08626e289f71
1775671942697,1062128047917869,2.8993783,-1.4341269,-9.141062,0.0,-6.1086525E-4,-0.0030543262,TONIC,08626e289f71
1775671942705,1062128055910182,2.8993783,-1.4413095,-9.150639,6.1086525E-4,0.0,-0.004276057,TONIC,08626e289f71
1775671942713,1062128063907494,2.896984,-1.4460979,-9.150639,-0.0012217305,-6.1086525E-4,0.0,TONIC,08626e289f71
1775671942721,1062128071901268,2.920926,-1.4556746,-9.141062,-6.1086525E-4,-6.1086525E-4,0.0,TONIC,08626e289f71
1775671942729,1062128079928966,2.8921957,-1.4532804,-9.153033,0.0018325958,-6.1086525E-4,-6.1086525E-4,TONIC,08626e289f71
1775671942738,1062128088009894,2.8993783,-1.4676456,-9.136273,0.0012217305,-0.002443461,-0.002443461,TONIC,08626e289f71
1775671942745,1062128095820053,2.8898015,-1.4700398,-9.148245,0.0018325958,-0.0030543262,-0.0012217305,TONIC,08626e289f71
1775671942753,1062128103916058,2.8802247,-1.4508862,-9.131485,6.1086525E-4,-0.004276057,-0.0030543262,TONIC,08626e289f71
1775671942761,1062128111910832,2.873042,-1.4580688,-9.138668,0.0012217305,-0.0012217305,-0.002443461,TONIC,08626e289f71
1775671942769,1062128119905605,2.873042,-1.448492,-9.129091,0.002443461,-0.0012217305,-0.0012217305,TONIC,08626e289f71
1775671942777,1062128127902226,2.873042,-1.4413095,-9.13388,0.002443461,-0.0018325958,-0.0018325958,TONIC,08626e289f71
1775671942785,1062128135929308,2.8682537,-1.4508862,-9.141062,6.1086525E-4,-0.0012217305,-0.002443461,TONIC,08626e289f71
1775671942793,1062128143925928,2.8802247,-1.4317327,-9.13388,-6.1086525E-4,-0.0018325958,-0.0018325958,TONIC,08626e289f71
1775671942801,1062128151890625,2.8778305,-1.4413095,-9.121908,0.0,-6.1086525E-4,-0.002443461,TONIC,08626e289f71
1775671942809,1062128159939784,2.873042,-1.4460979,-9.129091,0.0012217305,0.0,-0.0012217305,TONIC,08626e289f71
1775671942817,1062128167965943,2.8658595,-1.4532804,-9.13388,0.0018325958,0.0,-6.1086525E-4,TONIC,08626e289f71
1775671942825,1062128175905025,2.8538885,-1.4389153,-9.13388,0.0012217305,0.0,0.0012217305,TONIC,08626e289f71
1775671942833,1062128183865645,2.8874073,-1.4413095,-9.138668,0.0,-0.0030543262,0.0030543262,TONIC,08626e289f71
1775671942841,1062128191899574,2.882619,-1.4437037,-9.13388,6.1086525E-4,-0.0018325958,0.0036651916,TONIC,08626e289f71
1775671942849,1062128199892502,2.882619,-1.4437037,-9.126697,-0.0036651916,-0.004886922,0.0061086523,TONIC,08626e289f71
1775671942858,1062128208005045,2.8778305,-1.42455,-9.13388,-0.0018325958,-0.002443461,0.004886922,TONIC,08626e289f71
1775671942865,1062128215915819,2.8802247,-1.436521,-9.136273,0.0,0.0,0.005497787,TONIC,08626e289f71
1775671942873,1062128223910055,2.8802247,-1.4413095,-9.143456,-0.0012217305,6.1086525E-4,0.0067195175,TONIC,08626e289f71
1775671942881,1062128231906291,2.858677,-1.4460979,-9.155427,-0.0012217305,0.0018325958,0.007330383,TONIC,08626e289f71
1775671942889,1062128239987527,2.8419175,-1.460463,-9.126697,-6.1086525E-4,-0.0018325958,0.007330383,TONIC,08626e289f71
1775671942897,1062128247952532,2.8634653,-1.4508862,-9.150639,-0.0018325958,-6.1086525E-4,0.007941248,TONIC,08626e289f71
1775671942905,1062128255925460,2.8634653,-1.4700398,-9.13388,0.0,6.1086525E-4,0.0061086523,TONIC,08626e289f71
1775671942913,1062128263888464,2.8562827,-1.4508862,-9.126697,-0.002443461,-6.1086525E-4,0.007330383,TONIC,08626e289f71
1775671942921,1062128271914623,2.8443117,-1.4341269,-9.13388,-0.0012217305,-0.0012217305,0.005497787,TONIC,08626e289f71
1775671942929,1062128279935012,2.8514943,-1.4700398,-9.124303,-0.0012217305,0.0012217305,0.004886922,TONIC,08626e289f71
1775671942937,1062128287907325,2.846706,-1.4652514,-9.13388,-0.0012217305,0.0012217305,0.005497787,TONIC,08626e289f71
1775671942945,1062128295895638,2.8562827,-1.4700398,-9.148245,-0.0012217305,0.0,0.0030543262,TONIC,08626e289f71
1775671942953,1062128303897489,2.858677,-1.4700398,-9.138668,-0.0012217305,0.0018325958,0.0030543262,TONIC,08626e289f71
1775671942961,1062128311922032,2.8682537,-1.4676456,-9.141062,0.0012217305,0.0061086523,0.0030543262,TONIC,08626e289f71
1775671942969,1062128319917422,2.8419175,-1.472434,-9.148245,0.0,0.007941248,-6.1086525E-4,TONIC,08626e289f71
1775671942977,1062128327916273,2.8634653,-1.4748282,-9.169792,0.0012217305,0.007330383,-6.1086525E-4,TONIC,08626e289f71
1775671942985,1062128335911048,2.8491,-1.460463,-9.153033,0.0,0.007330383,-6.1086525E-4,TONIC,08626e289f71
1775671942993,1062128343905129,2.8682537,-1.4628572,-9.141062,-6.1086525E-4,0.007941248,-0.0012217305,TONIC,08626e289f71
1775671943001,1062128351901442,2.8634653,-1.4700398,-9.143456,-0.0012217305,0.009162978,-0.002443461,TONIC,08626e289f71
1775671943009,1062128359926370,2.8634653,-1.436521,-9.138668,0.0,0.009162978,-0.0030543262,TONIC,08626e289f71
1775671943825,1062129175992722,2.8778305,-1.4700398,-9.174581,-0.0018325958,0.008552114,-0.004276057,TONIC,08626e289f71
1775671943834,1062129184018881,2.8491,-1.4772224,-9.155427,0.0,-0.01038471,-6.1086525E-4,TONIC,08626e289f71
1775671943842,1062129192045040,2.8538885,-1.4820108,-9.141062,-0.0012217305,-0.008552114,0.0,TONIC,08626e289f71
1775671943850,1062129200009968,2.8634653,-1.472434,-9.136273,-0.0018325958,-0.009162978,-0.0012217305,TONIC,08626e289f71
1775671943858,1062129208042589,2.8395233,-1.460463,-9.138668,-0.0018325958,-0.008552114,-6.1086525E-4,TONIC,08626e289f71
1775671943865,1062129215915286,2.837129,-1.4508862,-9.124303,-0.0030543262,-0.0067195175,0.0,TONIC,08626e289f71
1775671943873,1062129223911905,2.8419175,-1.4532804,-9.124303,-0.0036651916,-0.007941248,0.0,TONIC,08626e289f71
1775671943881,1062129231905064,2.822764,-1.448492,-9.114726,-0.004886922,-0.007941248,0.0,TONIC,08626e289f71
1775671943889,1062129239931531,2.825158,-1.4508862,-9.131485,-0.004276057,-0.007941248,-0.0012217305,TONIC,08626e289f71
1775671943897,1062129247898920,2.8275523,-1.42455,-9.14585,-0.004886922,-0.004276057,-0.0012217305,TONIC,08626e289f71
1775671943905,1062129255922310,2.815581,-1.4221559,-9.148245,-0.0030543262,-0.0061086523,-6.1086525E-4,TONIC,08626e289f71
1775671943913,1062129263919238,2.8179753,-1.4269443,-9.138668,-0.004276057,-0.004886922,0.0,TONIC,08626e289f71
1775671943921,1062129271913397,2.8203697,-1.4460979,-9.16261,-0.0030543262,-0.004276057,-0.0018325958,TONIC,08626e289f71
1775671943929,1062129279910325,2.815581,-1.4197617,-9.148245,-0.002443461,-0.0018325958,-6.1086525E-4,TONIC,08626e289f71
1775671943937,1062129287907022,2.8107927,-1.412579,-9.160215,-0.004886922,-0.002443461,0.0,TONIC,08626e289f71
1775671943945,1062129295931566,2.822764,-1.436521,-9.160215,-0.004276057,0.0,0.0012217305,TONIC,08626e289f71
1775671943953,1062129303928571,2.8179753,-1.4317327,-9.165004,-0.004276057,6.1086525E-4,-0.0012217305,TONIC,08626e289f71
1775671943961,1062129311979037,2.8395233,-1.42455,-9.16261,-0.002443461,0.0012217305,6.1086525E-4,TONIC,08626e289f71
1775671943969,1062129319890042,2.8179753,-1.436521,-9.126697,-0.002443461,0.004886922,0.0012217305,TONIC,08626e289f71
1775671943977,1062129327977817,2.813187,-1.4389153,-9.129091,-0.004276057,0.0030543262,-0.0012217305,TONIC,08626e289f71
1775671943985,1062129335911283,2.822764,-1.4293385,-9.148245,-0.0012217305,0.005497787,-6.1086525E-4,TONIC,08626e289f71
1775671943993,1062129343905827,2.813187,-1.4317327,-9.129091,6.1086525E-4,0.007941248,6.1086525E-4,TONIC,08626e289f71
1775671944001,1062129351930755,2.813187,-1.4197617,-9.157822,0.0012217305,0.008552114,-0.0012217305,TONIC,08626e289f71
1775671944009,1062129359926682,2.861071,-1.4197617,-9.14585,0.0030543262,0.008552114,-0.002443461,TONIC,08626e289f71
1775671944017,1062129367925841,2.8634653,-1.436521,-9.136273,0.0012217305,0.0067195175,-0.0012217305,TONIC,08626e289f71
1775671944025,1062129375974461,2.8754363,-1.4341269,-9.155427,0.0,0.009773844,0.0,TONIC,08626e289f71
1775671944033,1062129383884928,2.9041667,-1.4556746,-9.14585,-0.002443461,0.009773844,0.0,TONIC,08626e289f71
1775671944041,1062129391874164,2.8993783,-1.4628572,-9.143456,-0.0012217305,0.009162978,0.0,TONIC,08626e289f71
1775671944049,1062129399905861,2.908955,-1.4652514,-9.160215,-6.1086525E-4,0.009773844,0.0,TONIC,08626e289f71
1775671944057,1062129407902789,2.9257145,-1.472434,-9.157822,-0.0012217305,0.008552114,6.1086525E-4,TONIC,08626e289f71
1775671944065,1062129415898179,2.9592333,-1.4820108,-9.153033,-0.0061086523,0.0061086523,0.0,TONIC,08626e289f71
1775671944073,1062129423893568,2.932897,-1.4820108,-9.13388,-0.0012217305,0.007941248,0.0,TONIC,08626e289f71
1775671944081,1062129431943727,2.956839,-1.4772224,-9.126697,-6.1086525E-4,0.008552114,0.0,TONIC,08626e289f71
1775671944089,1062129439914809,2.9520507,-1.484405,-9.109938,-0.002443461,0.007941248,-6.1086525E-4,TONIC,08626e289f71
1775671944097,1062129447911429,2.966416,-1.4460979,-9.107543,-0.0036651916,0.004886922,0.0018325958,TONIC,08626e289f71
1775671944106,1062129456022127,2.9855695,-1.4317327,-9.100361,6.1086525E-4,0.005497787,6.1086525E-4,TONIC,08626e289f71
1775671944113,1062129463904363,2.9640217,-1.4197617,-9.112331,-0.002443461,6.1086525E-4,0.0018325958,TONIC,08626e289f71
1775671944121,1062129471926214,2.9640217,-1.4197617,-9.109938,-0.0018325958,0.002443461,6.1086525E-4,TONIC,08626e289f71
1775671944129,1062129479947988,2.9735985,-1.4053963,-9.114726,-0.0030543262,0.0012217305,0.0018325958,TONIC,08626e289f71
1775671944137,1062129487890455,2.966416,-1.4149733,-9.112331,-0.0018325958,-0.0018325958,0.0012217305,TONIC,08626e289f71
1775671944145,1062129495914228,2.9472623,-1.4149733,-9.126697,-0.0030543262,-0.002443461,6.1086525E-4,TONIC,08626e289f71
1775671944153,1062129503909233,2.944868,-1.4149733,-9.13388,-0.0012217305,-0.0067195175,6.1086525E-4,TONIC,08626e289f71
1775671944161,1062129511907699,2.932897,-1.4053963,-9.131485,6.1086525E-4,-0.005497787,0.0012217305,TONIC,08626e289f71
1775671944169,1062129519932089,2.8993783,-1.4101849,-9.129091,0.0012217305,-0.0061086523,0.0,TONIC,08626e289f71
1775671944177,1062129527926786,2.906561,-1.4293385,-9.138668,0.0030543262,-0.0061086523,0.0,TONIC,08626e289f71
1775671944185,1062129535921638,2.918532,-1.4269443,-9.143456,0.002443461,-0.004276057,-6.1086525E-4,TONIC,08626e289f71
1775671944193,1062129543917873,2.89459,-1.4341269,-9.141062,0.0018325958,-0.0018325958,-6.1086525E-4,TONIC,08626e289f71
1775671944201,1062129551914494,2.8874073,-1.436521,-9.138668,0.004276057,-0.004276057,-6.1086525E-4,TONIC,08626e289f71
1775671944209,1062129559908653,2.8898015,-1.460463,-9.157822,0.004886922,-0.0018325958,-0.0012217305,TONIC,08626e289f71
1775671944217,1062129567904735,2.8898015,-1.4556746,-9.150639,0.0061086523,-0.0012217305,-0.0012217305,TONIC,08626e289f71
1775671944225,1062129575929970,2.8874073,-1.4748282,-9.16261,0.0061086523,-6.1086525E-4,-0.0018325958,TONIC,08626e289f71
1775671944233,1062129583927437,2.89459,-1.4820108,-9.153033,0.0067195175,-0.002443461,-0.002443461,TONIC,08626e289f71
1775671944241,1062129591923442,2.8993783,-1.4676456,-9.153033,0.004886922,-0.0018325958,-0.0030543262,TONIC,08626e289f71
1775671944753,1062130103982884,2.8514943,-1.4221559,-9.150639,0.0030543262,-6.1086525E-4,-0.002443461,TONIC,08626e289f71
1775671944762,1062130112008960,2.8538885,-1.4269443,-9.126697,-0.0018325958,-0.009162978,-0.004886922,TONIC,08626e289f71
1775671944769,1062130119973959,2.8443117,-1.4460979,-9.136273,-0.0012217305,-0.009162978,-0.0067195175,TONIC,08626e289f71
1775671944778,1062130128067804,2.834735,-1.4700398,-9.155427,-6.1086525E-4,-0.007941248,-0.007941248,TONIC,08626e289f71
1775671944785,1062130135909572,2.815581,-1.4532804,-9.141062,-0.0012217305,-0.004886922,-0.01038471,TONIC,08626e289f71
1775671944793,1062130143905263,2.8083985,-1.4341269,-9.13388,-0.0018325958,-0.0036651916,-0.01160644,TONIC,08626e289f71
1775671944801,1062130151900648,2.8179753,-1.4101849,-9.167398,-6.1086525E-4,-0.0030543262,-0.01160644,TONIC,08626e289f71
1775671944809,1062130159897032,2.815581,-1.42455,-9.165004,-0.002443461,-0.0036651916,-0.013439035,TONIC,08626e289f71
1775671944817,1062130167893646,2.8203697,-1.3862427,-9.157822,-0.0018325958,-0.004886922,-0.015271631,TONIC,08626e289f71
1775671944825,1062130175887107,2.8179753,-1.3910311,-9.148245,0.0,-0.004886922,-0.014660766,TONIC,08626e289f71
1775671944833,1062130183881259,2.858677,-1.3934253,-9.157822,0.0012217305,-0.005497787,-0.014660766,TONIC,08626e289f71
1775671944841,1062130191909258,2.8538885,-1.388637,-9.157822,0.002443461,-0.004886922,-0.013439035,TONIC,08626e289f71
1775671944849,1062130199906181,2.8802247,-1.412579,-9.148245,0.002443461,-0.004886922,-0.013439035,TONIC,08626e289f71
1775671944857,1062130207903181,2.8658595,-1.4053963,-9.143456,0.0012217305,-0.0030543262,-0.014660766,TONIC,08626e289f71
1775671944865,1062130215896333,2.8993783,-1.4053963,-9.143456,0.0036651916,-0.005497787,-0.015271631,TONIC,08626e289f71
1775671944873,1062130223893255,2.8874073,-1.3982137,-9.136273,0.0012217305,-0.0036651916,-0.014660766,TONIC,08626e289f71
1775671944881,1062130231887793,2.8778305,-1.4077905,-9.119514,0.0012217305,-0.004276057,-0.012217305,TONIC,08626e289f71
1775671944889,1062130239913869,2.9161377,-1.4173675,-9.136273,0.0018325958,-0.0067195175,-0.012217305,TONIC,08626e289f71
1775671944897,1062130247911715,2.8874073,-1.3934253,-9.105149,0.0012217305,-0.0067195175,-0.009773844,TONIC,08626e289f71
1775671944905,1062130255903483,2.9113493,-1.42455,-9.109938,0.0012217305,-0.007330383,-0.008552114,TONIC,08626e289f71
1775671944913,1062130263899482,2.9161377,-1.4197617,-9.119514,0.0030543262,-0.0061086523,-0.007941248,TONIC,08626e289f71
1775671944921,1062130271895174,2.9113493,-1.400608,-9.105149,0.002443461,-0.009162978,-0.0061086523,TONIC,08626e289f71
1775671944929,1062130279890788,2.9137435,-1.4221559,-9.109938,0.0018325958,-0.005497787,-0.007330383,TONIC,08626e289f71
1775671944937,1062130287887710,2.8993783,-1.460463,-9.143456,0.0030543262,-0.0030543262,-0.007941248,TONIC,08626e289f71
1775671944945,1062130295877326,2.8682537,-1.4556746,-9.138668,0.004276057,-0.0018325958,-0.009773844,TONIC,08626e289f71
1775671944953,1062130303879402,2.8802247,-1.4700398,-9.172187,0.0067195175,0.0,-0.008552114,TONIC,08626e289f71
1775671944961,1062130311876401,2.8682537,-1.4987702,-9.19134,0.0061086523,-0.0012217305,-0.01038471,TONIC,08626e289f71
1775671944969,1062130319900092,2.885013,-1.4939818,-9.196129,0.0061086523,0.0,-0.01038471,TONIC,08626e289f71
1775671944977,1062130327981860,2.873042,-1.4867992,-9.174581,0.005497787,-0.0030543262,-0.012217305,TONIC,08626e289f71
1775671944985,1062130335892321,2.885013,-1.4867992,-9.169792,0.005497787,-0.0012217305,-0.013439035,TONIC,08626e289f71
1775671944994,1062130344003705,2.870648,-1.4628572,-9.165004,0.005497787,0.0012217305,-0.014049901,TONIC,08626e289f71
1775671945001,1062130351915474,2.8658595,-1.448492,-9.169792,0.005497787,6.1086525E-4,-0.013439035,TONIC,08626e289f71
1775671945009,1062130359933857,2.89459,-1.4508862,-9.176975,0.004886922,0.0018325958,-0.014049901,TONIC,08626e289f71
1775671945017,1062130367905549,2.906561,-1.4437037,-9.150639,0.002443461,-0.0030543262,-0.015882496,TONIC,08626e289f71
1775671945025,1062130375899163,2.9041667,-1.4293385,-9.138668,0.002443461,-0.0030543262,-0.018325957,TONIC,08626e289f71
1775671945033,1062130383981623,2.9233203,-1.448492,-9.129091,0.0030543262,-0.002443461,-0.018325957,TONIC,08626e289f71
1775671945041,1062130391892316,2.9137435,-1.4532804,-9.143456,0.002443461,-0.005497787,-0.020158553,TONIC,08626e289f71
1775671945049,1062130399886469,2.9376855,-1.4508862,-9.121908,0.007941248,-0.0030543262,-0.021380283,TONIC,08626e289f71
1775671945057,1062130407968391,2.918532,-1.4556746,-9.124303,0.005497787,-0.0067195175,-0.021991149,TONIC,08626e289f71
1775671945065,1062130415880005,2.932897,-1.4341269,-9.119514,0.004886922,-0.007941248,-0.02687807,TONIC,08626e289f71
1775671945073,1062130423904927,2.918532,-1.4437037,-9.119514,0.0036651916,-0.009162978,-0.02565634,TONIC,08626e289f71
1775671945081,1062130431898850,2.920926,-1.42455,-9.114726,0.002443461,-0.009773844,-0.023823744,TONIC,08626e289f71
1775671945089,1062130439896003,2.9161377,-1.4293385,-9.121908,0.0030543262,-0.010995574,-0.025045475,TONIC,08626e289f71
1775671945097,1062130447892695,2.908955,-1.4293385,-9.129091,0.0,-0.010995574,-0.023823744,TONIC,08626e289f71
1775671945105,1062130455885847,2.89459,-1.4101849,-9.11712,-0.0018325958,-0.01282817,-0.02443461,TONIC,08626e289f71
1775671945113,1062130463912923,2.908955,-1.4053963,-9.124303,-0.002443461,-0.014049901,-0.02443461,TONIC,08626e289f71
1775671945121,1062130471909307,2.9017725,-1.3814543,-9.112331,-0.0030543262,-0.014049901,-0.025045475,TONIC,08626e289f71
1775671945129,1062130479903692,2.873042,-1.3862427,-9.11712,-0.0018325958,-0.015271631,-0.025045475,TONIC,08626e289f71
1775671945137,1062130487900691,2.8658595,-1.3862427,-9.121908,6.1086525E-4,-0.015271631,-0.02565634,TONIC,08626e289f71
1775671945145,1062130495895382,2.8898015,-1.3694834,-9.136273,0.0012217305,-0.016493361,-0.026267206,TONIC,08626e289f71
1775671945153,1062130503890458,2.870648,-1.3503298,-9.153033,0.002443461,-0.016493361,-0.026267206,TONIC,08626e289f71
1775671945161,1062130511885918,2.858677,-1.364695,-9.141062,0.0030543262,-0.019547688,-0.02687807,TONIC,08626e289f71
1775671945169,1062130519913225,2.8538885,-1.3599066,-9.13388,0.004886922,-0.020158553,-0.026267206,TONIC,08626e289f71
1775671945177,1062130527907456,2.8323407,-1.3383588,-9.124303,0.0030543262,-0.022602014,-0.028710667,TONIC,08626e289f71
1775671945185,1062130535902532,2.822764,-1.3575124,-9.11712,0.0036651916,-0.02076942,-0.028710667,TONIC,08626e289f71
1775671945193,1062130543985223,2.8275523,-1.3551182,-9.112331,0.005497787,-0.021991149,-0.028099801,TONIC,08626e289f71
1775671945201,1062130551896068,2.8060043,-1.3623008,-9.126697,0.0036651916,-0.018936822,-0.028099801,TONIC,08626e289f71
1775671945209,1062130559915452,2.825158,-1.376666,-9.136273,0.004886922,-0.018325957,-0.02565634,TONIC,08626e289f71
1775671945217,1062130567887066,2.7724855,-1.3958195,-9.150639,0.004276057,-0.018325957,-0.02443461,TONIC,08626e289f71
1775671945225,1062130575882759,2.80361,-1.3910311,-9.16261,0.004276057,-0.014049901,-0.026267206,TONIC,08626e289f71
1775671945233,1062130583932681,2.813187,-1.388637,-9.172187,0.0036651916,-0.014049901,-0.023823744,TONIC,08626e289f71
1775671945241,1062130591874141,2.7844565,-1.4053963,-9.186552,0.004886922,-0.014660766,-0.02321288,TONIC,08626e289f71
1775671945249,1062130599898140,2.7820623,-1.4197617,-9.184157,0.007330383,-0.013439035,-0.023823744,TONIC,08626e289f71
1775671945257,1062130607895678,2.7581203,-1.4149733,-9.14585,0.007330383,-0.01038471,-0.02321288,TONIC,08626e289f71
1775671945265,1062130615915138,2.7940333,-1.436521,-9.150639,0.007941248,-0.009773844,-0.021991149,TONIC,08626e289f71
1775671945273,1062130623888062,2.7724855,-1.4101849,-9.150639,0.007941248,-0.01038471,-0.02321288,TONIC,08626e289f71
1775671945281,1062130631911138,2.7868507,-1.4077905,-9.121908,0.0067195175,-0.008552114,-0.02321288,TONIC,08626e289f71
1775671945289,1062130639932598,2.765303,-1.4269443,-9.114726,0.0036651916,-0.0061086523,-0.025045475,TONIC,08626e289f71
1775671945297,1062130647864674,2.7461493,-1.4053963,-9.11712,0.0,-0.004276057,-0.023823744,TONIC,08626e289f71
1775671945305,1062130655898750,2.7581203,-1.3910311,-9.088389,-0.0012217305,0.0018325958,-0.023823744,TONIC,08626e289f71
1775671945313,1062130663919364,2.743755,-1.3742718,-9.109938,-0.002443461,0.0030543262,-0.02076942,TONIC,08626e289f71
1775671945321,1062130671889518,2.72939,-1.3575124,-9.138668,-0.004276057,0.0,-0.021380283,TONIC,08626e289f71
1775671945329,1062130679916286,2.7748797,-1.4053963,-9.172187,-0.0036651916,0.0,-0.014660766,TONIC,08626e289f71
1775671945337,1062130687914209,2.7844565,-1.3982137,-9.208099,-0.0036651916,-0.0036651916,-0.01282817,TONIC,08626e289f71
1775671945345,1062130695962746,2.7868507,-1.448492,-9.212888,-0.004276057,-0.007330383,-0.008552114,TONIC,08626e289f71
1775671945353,1062130703873514,2.7940333,-1.4652514,-9.205706,-0.0061086523,-0.01282817,-0.0061086523,TONIC,08626e289f71
1775671945361,1062130711899436,2.815581,-1.4796166,-9.179369,-0.009162978,-0.013439035,-0.002443461,TONIC,08626e289f71
1775671945369,1062130719892975,2.8107927,-1.4939818,-9.143456,-0.007941248,-0.015882496,-6.1086525E-4,TONIC,08626e289f71
1775671945377,1062130727891051,2.815581,-1.5131354,-9.136273,-0.010995574,-0.018325957,0.004276057,TONIC,08626e289f71
1775671945385,1062130735885819,2.822764,-1.5251064,-9.165004,-0.012217305,-0.015271631,0.007330383,TONIC,08626e289f71
1775671945393,1062130743911049,2.815581,-1.5586253,-9.16261,-0.015882496,-0.013439035,0.01282817,TONIC,08626e289f71
1775671945401,1062130751907740,2.8323407,-1.5658079,-9.143456,-0.016493361,-0.014660766,0.016493361,TONIC,08626e289f71
1775671945409,1062130759903124,2.7868507,-1.5945383,-9.148245,-0.021380283,-0.014049901,0.019547688,TONIC,08626e289f71
1775671945417,1062130767953816,2.8060043,-1.532289,-9.088389,-0.025045475,-0.010995574,0.020158553,TONIC,08626e289f71
1775671945425,1062130775895123,2.7629087,-1.5370775,-9.069236,-0.029321533,-0.007941248,0.020158553,TONIC,08626e289f71
1775671945433,1062130783975430,2.731784,-1.484405,-9.085996,-0.030543262,-0.005497787,0.021380283,TONIC,08626e289f71
1775671945441,1062130791886121,2.7102363,-1.520318,-9.124303,-0.031154128,-0.0036651916,0.021380283,TONIC,08626e289f71
1775671945449,1062130799910120,2.753332,-1.5131354,-9.160215,-0.03848451,-0.007330383,0.022602014,TONIC,08626e289f71
1775671945457,1062130807909504,2.7509377,-1.496376,-9.217676,-0.039095376,-0.0061086523,0.02321288,TONIC,08626e289f71
1775671945465,1062130815903734,2.7844565,-1.4748282,-9.267955,-0.049480084,-0.009162978,0.02076942,TONIC,08626e289f71
1775671945473,1062130823899118,2.7700913,-1.4700398,-9.270349,-0.052534413,-0.008552114,0.021380283,TONIC,08626e289f71
1775671945481,1062130831862732,2.7748797,-1.4820108,-9.289502,-0.05375614,-0.010995574,0.018936822,TONIC,08626e289f71
1775671945489,1062130839944654,2.7581203,-1.4460979,-9.279925,-0.05681047,-0.01282817,0.019547688,TONIC,08626e289f71
1775671945497,1062130847884038,2.7461493,-1.448492,-9.258378,-0.055588737,-0.010995574,0.014660766,TONIC,08626e289f71
1775671945505,1062130855881269,2.7269957,-1.4077905,-9.23683,-0.05131268,-0.004276057,0.01282817,TONIC,08626e289f71
1775671945513,1062130863967037,2.669535,-1.3910311,-9.181764,-0.045814894,0.0036651916,0.01282817,TONIC,08626e289f71
1775671945521,1062130871988036,2.657564,-1.3575124,-9.165004,-0.0421497,0.0036651916,0.009162978,TONIC,08626e289f71
1775671945529,1062130879898727,2.6001031,-1.3311762,-9.148245,-0.037873644,0.007941248,0.01038471,TONIC,08626e289f71
1775671945537,1062130887918419,2.60968,-1.3072342,-9.150639,-0.03481932,0.008552114,0.014049901,TONIC,08626e289f71
1775671945545,1062130895891110,2.6384103,-1.3120226,-9.160215,-0.032375857,0.01038471,0.017104227,TONIC,08626e289f71
1775671945554,1062130904001187,2.681506,-1.30484,-9.160215,-0.034208454,0.007330383,0.018936822,TONIC,08626e289f71
1775671945561,1062130911910494,2.717419,-1.316811,-9.13388,-0.03726278,0.008552114,0.02076942,TONIC,08626e289f71
1775671945569,1062130919867724,2.7605145,-1.2904748,-9.083601,-0.03726278,0.015271631,0.020158553,TONIC,08626e289f71
1775671945577,1062130927871953,2.779668,-1.2354081,-9.0716305,-0.044593163,0.01160644,0.018936822,TONIC,08626e289f71
1775671945585,1062130935898722,2.8562827,-1.2138603,-9.083601,-0.04642576,0.015271631,0.017715093,TONIC,08626e289f71
1775671945593,1062130943892336,2.882619,-1.2306197,-9.076419,-0.045814894,0.010995574,0.017104227,TONIC,08626e289f71
1775671945601,1062130951887951,2.9161377,-1.2593501,-9.0716305,-0.045814894,0.014049901,0.018325957,TONIC,08626e289f71
1775671945609,1062130959884335,2.944868,-1.2330139,-9.102755,-0.04337143,0.012217305,0.012217305,TONIC,08626e289f71
1775671945617,1062130967911334,2.918532,-1.2449849,-9.16261,-0.03726278,0.013439035,0.0067195175,TONIC,08626e289f71
1775671945625,1062130975905487,2.9831753,-1.2737153,-9.169792,-0.03176499,0.01160644,0.0036651916,TONIC,08626e289f71
1775671945633,1062130983903948,2.9999347,-1.3120226,-9.153033,-0.03359759,0.009162978,0.004886922,TONIC,08626e289f71
1775671945641,1062130991896023,3.0023289,-1.30484,-9.143456,-0.040317107,0.004886922,0.008552114,TONIC,08626e289f71
1775671946282,1062131632028267,2.7269957,-1.1420342,-9.193734,-0.043982297,-0.0036651916,0.015882496,TONIC,08626e289f71
1775671946290,1062131640023958,2.741361,-1.1540052,-9.215282,0.0036651916,0.018936822,0.009162978,TONIC,08626e289f71
1775671946297,1062131647989111,2.7485435,-1.1563994,-9.23683,0.004886922,0.018936822,0.009162978,TONIC,08626e289f71
1775671946305,1062131655984571,2.72939,-1.1587936,-9.224859,0.009162978,0.020158553,0.01038471,TONIC,08626e289f71
1775671946314,1062131664077110,2.7700913,-1.1851299,-9.227253,0.008552114,0.017715093,0.010995574,TONIC,08626e289f71
1775671946321,1062131671889494,2.7868507,-1.2042835,-9.222465,0.007330383,0.014660766,0.01160644,TONIC,08626e289f71
1775671946329,1062131679884800,2.815581,-1.2330139,-9.186552,0.007330383,0.014049901,0.01160644,TONIC,08626e289f71
1775671946337,1062131687338415,2.731784,-1.2090719,-9.172187,0.0061086523,0.009773844,0.012217305,TONIC,08626e289f71
1775671946345,1062131695907029,2.7365725,-1.2114661,-9.181764,0.0061086523,0.010995574,0.010995574,TONIC,08626e289f71
1775671946353,1062131703901414,2.777274,-1.2258313,-9.155427,0.004276057,0.008552114,0.017104227,TONIC,08626e289f71
1775671946361,1062131711898336,2.789245,-1.2234371,-9.174581,-6.1086525E-4,0.0061086523,0.020158553,TONIC,08626e289f71
1775671946369,1062131719895027,2.7964275,-1.2425907,-9.19134,-0.0012217305,0.0030543262,0.021991149,TONIC,08626e289f71
1775671946377,1062131727890718,2.7748797,-1.271321,-9.205706,-0.0030543262,0.002443461,0.02443461,TONIC,08626e289f71
1775671946385,1062131735886410,2.7940333,-1.2641385,-9.212888,-0.004276057,0.0018325958,0.02565634,TONIC,08626e289f71
1775671946393,1062131743879563,2.791639,-1.2665327,-9.212888,-0.007941248,0.0,0.026267206,TONIC,08626e289f71
1775671946401,1062131751907563,2.7820623,-1.2689269,-9.217676,-0.009162978,-0.002443461,0.025045475,TONIC,08626e289f71
1775671946409,1062131759903639,2.777274,-1.2617443,-9.222465,-0.01038471,-0.0036651916,0.02321288,TONIC,08626e289f71
1775671946417,1062131767899022,2.7820623,-1.271321,-9.220071,-0.01160644,-0.004886922,0.022602014,TONIC,08626e289f71
1775671946426,1062131776010329,2.767697,-1.2689269,-9.198523,-0.01282817,-0.005497787,0.020158553,TONIC,08626e289f71
1775671946433,1062131783889174,2.779668,-1.2425907,-9.210494,-0.01282817,-0.0030543262,0.018936822,TONIC,08626e289f71
1775671946441,1062131791940481,2.7269957,-1.2354081,-9.220071,-0.01038471,-0.002443461,0.016493361,TONIC,08626e289f71
1775671946449,1062131799879942,2.6839,-1.2401965,-9.234436,-0.01038471,-0.0012217305,0.014660766,TONIC,08626e289f71
1775671946457,1062131807908788,2.6886885,-1.2258313,-9.232041,-0.01160644,-6.1086525E-4,0.014049901,TONIC,08626e289f71
1775671946465,1062131815903633,2.6910827,-1.2354081,-9.248801,-0.01038471,-6.1086525E-4,0.015271631,TONIC,08626e289f71
1775671946473,1062131823867939,2.707842,-1.2354081,-9.255983,-0.010995574,-6.1086525E-4,0.014660766,TONIC,08626e289f71
1775671946481,1062131831893477,2.7509377,-1.2737153,-9.251195,-0.010995574,-0.0012217305,0.016493361,TONIC,08626e289f71
1775671946489,1062131839889091,2.705448,-1.2210429,-9.244013,-0.013439035,-0.004276057,0.016493361,TONIC,08626e289f71
1775671946497,1062131847885707,2.719813,-1.2354081,-9.220071,-0.01282817,6.1086525E-4,0.01282817,TONIC,08626e289f71
1775671946505,1062131855996860,2.719813,-1.2138603,-9.196129,-0.013439035,0.0,0.01282817,TONIC,08626e289f71
1775671946513,1062131863878397,2.741361,-1.2330139,-9.172187,-0.014049901,-0.0012217305,0.013439035,TONIC,08626e289f71
1775671946521,1062131871902396,2.7389667,-1.2018893,-9.155427,-0.01160644,0.0030543262,0.012217305,TONIC,08626e289f71
1775671946529,1062131879898318,2.743755,-1.2210429,-9.188946,-0.01160644,0.002443461,0.010995574,TONIC,08626e289f71
1775671946537,1062131887895625,2.753332,-1.2234371,-9.19134,-0.010995574,0.0018325958,0.010995574,TONIC,08626e289f71
1775671946545,1062131895890086,2.765303,-1.2210429,-9.220071,-0.010995574,0.004276057,0.008552114,TONIC,08626e289f71
1775671946553,1062131903939932,2.741361,-1.2473791,-9.208099,-0.01282817,0.002443461,0.0067195175,TONIC,08626e289f71
1775671946561,1062131911911623,2.743755,-1.2449849,-9.220071,-0.01160644,0.002443461,0.0067195175,TONIC,08626e289f71
1775671946569,1062131919992237,2.7485435,-1.2090719,-9.23683,-0.008552114,0.004276057,0.002443461,TONIC,08626e289f71
1775671946577,1062131927903544,2.741361,-1.2114661,-9.227253,-0.009162978,0.0030543262,6.1086525E-4,TONIC,08626e289f71
1775671946586,1062131936014005,2.7150247,-1.1971009,-9.217676,-0.01282817,-0.0012217305,-0.002443461,TONIC,08626e289f71
1775671946593,1062131943862082,2.7365725,-1.2042835,-9.232041,-0.008552114,0.0030543262,-0.005497787,TONIC,08626e289f71
1775671946601,1062131951913696,2.765303,-1.2186487,-9.208099,-0.007941248,0.0012217305,-0.007330383,TONIC,08626e289f71
1775671946609,1062131959845772,2.7581203,-1.1971009,-9.200917,-0.009162978,0.0012217305,-0.007330383,TONIC,08626e289f71
1775671946617,1062131967882309,2.767697,-1.2114661,-9.179369,-0.009162978,-0.0018325958,-0.009773844,TONIC,08626e289f71
1775671946625,1062131975906385,2.743755,-1.1803415,-9.205706,-0.009773844,-0.0036651916,-0.013439035,TONIC,08626e289f71
1775671946633,1062131983926615,2.7605145,-1.13964,-9.205706,-0.010995574,-0.0036651916,-0.01160644,TONIC,08626e289f71
1775671946641,1062131991898077,2.777274,-1.1372458,-9.193734,-0.015882496,-0.0036651916,-0.009162978,TONIC,08626e289f71
1775671946649,1062131999892460,2.822764,-1.127669,-9.169792,-0.017104227,-0.004276057,-0.01038471,TONIC,08626e289f71
1775671946657,1062132007886613,2.7868507,-1.0821792,-9.200917,-0.016493361,-0.009162978,-0.01160644,TONIC,08626e289f71
1775671946665,1062132015914920,2.8203697,-1.067814,-9.198523,-0.018325957,-0.002443461,-0.01038471,TONIC,08626e289f71
1775671946673,1062132023909996,2.8443117,-1.091756,-9.19134,-0.019547688,-0.0036651916,-0.004276057,TONIC,08626e289f71
1775671946681,1062132031906687,2.8562827,-1.0606314,-9.169792,-0.02076942,-0.0061086523,-0.004276057,TONIC,08626e289f71
1775671946689,1062132039900456,2.837129,-1.0582372,-9.150639,-0.018936822,-0.008552114,-0.0018325958,TONIC,08626e289f71
1775671946697,1062132047899302,2.8060043,-1.0390835,-9.172187,-0.015271631,-0.008552114,-0.004276057,TONIC,08626e289f71
1775671946705,1062132055892531,2.7844565,-1.0319009,-9.16261,-0.01160644,-0.005497787,-0.0061086523,TONIC,08626e289f71
1775671946713,1062132063888453,2.753332,-1.0319009,-9.184157,-0.004886922,-0.002443461,-0.005497787,TONIC,08626e289f71
1775671946721,1062132071883299,2.731784,-1.055843,-9.196129,0.0,-0.004276057,-0.0036651916,TONIC,08626e289f71
1775671946729,1062132079910682,2.719813,-1.0486604,-9.208099,0.004886922,-0.005497787,-0.0036651916,TONIC,08626e289f71
1775671946737,1062132087906298,2.717419,-1.0941502,-9.232041,0.007330383,-0.0030543262,-0.002443461,TONIC,08626e289f71
# SUMMARY,duration_ms=29450,accN=1791,gyroN=1791,accAvg=(2.778014549258566,-1.383442188294356,-9.180163270597815),gyroAvg=(-0.0011845533274873854,5.211625390869135E-4,0.0014212593290770749)
