# epoch_ms,event_ts_ns,AX,AY,AZ,GX,GY,GZ,label,sessionID
1775692896899,1083082250600794,0.33039984,-0.04309563,9.919178,NaN,NaN,NaN,TREMOR,42fe4be625e4
1775692896908,1083082259331561,0.35913026,-0.06464344,9.938332,-6.1086525E-4,-6.1086525E-4,0.0,TREMOR,42fe4be625e4
1775692896916,1083082267324175,0.36152446,-0.06464344,9.94312,-6.1086525E-4,-6.1086525E-4,0.0,TREMOR,42fe4be625e4
1775692896924,1083082275320865,0.32561144,-0.050278235,9.983821,-6.1086525E-4,-6.1086525E-4,0.0,TREMOR,42fe4be625e4
1775692896932,1083082283315862,0.2633622,-0.062249243,9.964667,-6.1086525E-4,-6.1086525E-4,0.0,TREMOR,42fe4be625e4
1775692896940,1083082291310706,0.20829555,-0.033518825,9.931149,-6.1086525E-4,-6.1086525E-4,0.0,TREMOR,42fe4be625e4
1775692896948,1083082299307935,0.21308395,-0.06703765,9.878476,-6.1086525E-4,-6.1086525E-4,0.0,TREMOR,42fe4be625e4
1775692896956,1083082307303549,0.25857377,-0.06943185,9.85214,-6.1086525E-4,-6.1086525E-4,0.0,TREMOR,42fe4be625e4
1775692896964,1083082315329392,0.30406362,-0.062249243,9.888053,-6.1086525E-4,-6.1086525E-4,0.0,TREMOR,42fe4be625e4
1775692896972,1083082323323544,0.33039984,-0.074220255,9.935937,-6.1086525E-4,-6.1086525E-4,0.0,TREMOR,42fe4be625e4
1775692896980,1083082331320772,0.36631286,-0.076614454,9.974244,-6.1086525E-4,-6.1086525E-4,0.0,TREMOR,42fe4be625e4
1775692896988,1083082339317693,0.3878607,-0.08140286,9.931149,-6.1086525E-4,-6.1086525E-4,0.0,TREMOR,42fe4be625e4
1775692896996,1083082347310307,0.37828386,-0.047884032,9.969456,-6.1086525E-4,-6.1086525E-4,0.0,TREMOR,42fe4be625e4
1775692897004,1083082355308227,0.32800564,-0.05746084,10.000581,-6.1086525E-4,-6.1086525E-4,0.0,TREMOR,42fe4be625e4
1775692897012,1083082363301456,0.29688102,-0.05267244,9.957485,-6.1086525E-4,-6.1086525E-4,0.0,TREMOR,42fe4be625e4
1775692897020,1083082371329146,0.29927522,-0.05746084,9.902418,-6.1086525E-4,-6.1086525E-4,0.0,TREMOR,42fe4be625e4
1775692897028,1083082379325375,0.34955344,-0.06703765,9.909601,-6.1086525E-4,-6.1086525E-4,0.0,TREMOR,42fe4be625e4
1775692897036,1083082387318910,0.34955344,-0.074220255,9.950302,-6.1086525E-4,-0.0018325958,6.1086525E-4,TREMOR,42fe4be625e4
1775692897044,1083082395315293,0.36870706,-0.062249243,9.967062,-6.1086525E-4,0.0,-6.1086525E-4,TREMOR,42fe4be625e4
1775692897052,1083082403311214,0.35434186,-0.08379706,9.959879,-6.1086525E-4,0.0036651916,0.0018325958,TREMOR,42fe4be625e4
1775692897060,1083082411306904,0.29927522,-0.062249243,9.976639,0.002443461,0.004276057,0.0030543262,TREMOR,42fe4be625e4
1775692897068,1083082419334364,0.22744916,-0.033518825,10.022128,0.002443461,0.0061086523,0.0012217305,TREMOR,42fe4be625e4
1775692897076,1083082427327207,0.18914193,-0.059855044,9.97185,0.0018325958,0.005497787,6.1086525E-4,TREMOR,42fe4be625e4
1775692897084,1083082435323282,0.17956513,-0.05267244,9.880871,0.0,0.002443461,0.0012217305,TREMOR,42fe4be625e4
1775692897092,1083082443320819,0.23463176,-0.06943185,9.854534,6.1086525E-4,-6.1086525E-4,-6.1086525E-4,TREMOR,42fe4be625e4
1775692897100,1083082451314355,0.2777274,-0.06943185,9.866506,-0.0018325958,-0.0061086523,-6.1086525E-4,TREMOR,42fe4be625e4
1775692897108,1083082459311890,0.33279404,-0.095768064,9.959879,-0.0030543262,-0.012217305,-0.002443461,TREMOR,42fe4be625e4
1775692897116,1083082467307196,0.3854665,-0.090979666,9.986216,-0.0036651916,-0.010995574,-6.1086525E-4,TREMOR,42fe4be625e4
1775692897124,1083082475333963,0.39504328,-0.07182605,9.981427,-0.0018325958,-0.007941248,6.1086525E-4,TREMOR,42fe4be625e4
1775692897132,1083082483327577,0.36870706,-0.050278235,9.9790325,0.0,-0.0012217305,0.0,TREMOR,42fe4be625e4
1775692897140,1083082491322575,0.33997664,-0.016759412,9.993398,0.0030543262,0.004276057,-6.1086525E-4,TREMOR,42fe4be625e4
1775692897148,1083082499320187,0.32561144,-0.045489833,9.957485,6.1086525E-4,0.007330383,6.1086525E-4,TREMOR,42fe4be625e4
1775692897156,1083082507313955,0.320823,-0.04070143,9.931149,0.0,0.002443461,0.0,TREMOR,42fe4be625e4
1775692897164,1083082515311183,0.34237084,-0.06943185,9.928755,0.0,-6.1086525E-4,-6.1086525E-4,TREMOR,42fe4be625e4
1775692897172,1083082523306874,0.35194764,-0.08140286,9.957485,-0.0012217305,-0.0012217305,-0.0012217305,TREMOR,42fe4be625e4
1775692897180,1083082531333025,0.34237084,-0.079008654,9.962274,-0.0018325958,6.1086525E-4,6.1086525E-4,TREMOR,42fe4be625e4
1775692897188,1083082539328484,0.31603462,-0.088585466,9.94312,0.0,0.0036651916,0.0012217305,TREMOR,42fe4be625e4
1775692897196,1083082547322636,0.24899697,-0.06464344,9.92636,0.002443461,0.0067195175,6.1086525E-4,TREMOR,42fe4be625e4
1775692897204,1083082555318249,0.20111294,-0.055066638,9.923966,0.0018325958,0.007330383,0.0012217305,TREMOR,42fe4be625e4
1775692897212,1083082563314017,0.20350714,-0.045489833,9.89763,0.0018325958,0.004886922,0.0,TREMOR,42fe4be625e4
1775692897220,1083082571310629,0.20350714,-0.059855044,9.950302,6.1086525E-4,-6.1086525E-4,6.1086525E-4,TREMOR,42fe4be625e4
1775692897228,1083082579307473,0.2753332,-0.074220255,9.931149,-0.0012217305,-0.004886922,6.1086525E-4,TREMOR,42fe4be625e4
1775692897236,1083082587332779,0.34476504,-0.079008654,9.950302,-0.0018325958,-0.009162978,-0.0012217305,TREMOR,42fe4be625e4
1775692897244,1083082595326315,0.38067806,-0.090979666,9.964667,-0.0030543262,-0.01160644,-0.0012217305,TREMOR,42fe4be625e4
1775692897252,1083082603321389,0.39743748,-0.074220255,9.988609,-0.002443461,-0.0061086523,0.0,TREMOR,42fe4be625e4
1775692897260,1083082611343157,0.37588966,-0.055066638,9.974244,0.0,0.0,6.1086525E-4,TREMOR,42fe4be625e4
1775692897268,1083082619313616,0.34476504,-0.045489833,9.957485,0.0012217305,0.002443461,0.0018325958,TREMOR,42fe4be625e4
1775692897276,1083082627310614,0.33758244,-0.045489833,9.940725,0.0012217305,0.005497787,0.0012217305,TREMOR,42fe4be625e4
1775692897284,1083082635304074,0.34955344,-0.050278235,9.983821,0.0012217305,0.004276057,0.0,TREMOR,42fe4be625e4
1775692897292,1083082643331148,0.34715924,-0.076614454,9.969456,-0.0012217305,6.1086525E-4,6.1086525E-4,TREMOR,42fe4be625e4
1775692897300,1083082651326530,0.33039984,-0.074220255,9.974244,-0.0018325958,6.1086525E-4,-0.0012217305,TREMOR,42fe4be625e4
1775692897308,1083082659324067,0.31603462,-0.08619126,9.967062,-0.0012217305,0.0012217305,0.0,TREMOR,42fe4be625e4
1775692897316,1083082667319142,0.2825158,-0.06703765,9.952697,-0.0018325958,0.004276057,0.0012217305,TREMOR,42fe4be625e4
1775692897324,1083082675313293,0.25857377,-0.07182605,9.935937,6.1086525E-4,0.004886922,0.0,TREMOR,42fe4be625e4
1775692897332,1083082683308983,0.23463176,-0.038307227,9.916783,0.0012217305,0.0061086523,0.0,TREMOR,42fe4be625e4
1775692897340,1083082691305904,0.23702596,-0.04309563,9.933543,0.0,0.004276057,-6.1086525E-4,TREMOR,42fe4be625e4
1775692897348,1083082699333287,0.24660277,-0.06464344,9.92636,0.0,0.0,0.0012217305,TREMOR,42fe4be625e4
1775692897356,1083082707327823,0.2896984,-0.055066638,9.9550905,-0.0018325958,-0.0030543262,0.0,TREMOR,42fe4be625e4
1775692897363,1083082714808359,0.31124622,-0.06703765,9.94312,-0.0012217305,-0.0061086523,-0.0012217305,TREMOR,42fe4be625e4
1775692897372,1083082723319203,0.34237084,-0.06703765,9.976639,-6.1086525E-4,-0.005497787,6.1086525E-4,TREMOR,42fe4be625e4
1775692897380,1083082731314585,0.34476504,-0.076614454,9.969456,-6.1086525E-4,-0.0036651916,0.0,TREMOR,42fe4be625e4
1775692897388,1083082739309276,0.38067806,-0.06943185,9.964667,-6.1086525E-4,6.1086525E-4,-0.0012217305,TREMOR,42fe4be625e4
1775692897396,1083082747304119,0.36391866,-0.06464344,9.935937,-6.1086525E-4,6.1086525E-4,0.0012217305,TREMOR,42fe4be625e4
1775692897404,1083082755332117,0.35434186,-0.055066638,9.964667,0.0,0.0012217305,6.1086525E-4,TREMOR,42fe4be625e4
1775692897412,1083082763327423,0.34476504,-0.047884032,9.967062,0.0,6.1086525E-4,-0.0012217305,TREMOR,42fe4be625e4
1775692897420,1083082771322882,0.33997664,-0.05746084,9.988609,0.0,0.002443461,0.0,TREMOR,42fe4be625e4
1775692897428,1083082779319111,0.320823,-0.050278235,9.962274,0.0,0.0018325958,0.0,TREMOR,42fe4be625e4
1775692897436,1083082787313877,0.30885202,-0.062249243,9.962274,0.0,0.0030543262,0.0,TREMOR,42fe4be625e4
1775692897444,1083082795308721,0.28491,-0.07182605,9.9550905,0.0,0.004276057,6.1086525E-4,TREMOR,42fe4be625e4
1775692897452,1083082803303489,0.2777274,-0.079008654,9.950302,0.0,0.002443461,6.1086525E-4,TREMOR,42fe4be625e4
1775692897460,1083082811329871,0.2896984,-0.05746084,9.9550905,-6.1086525E-4,0.0036651916,0.0,TREMOR,42fe4be625e4
1775692897468,1083082819328022,0.29209262,-0.05267244,9.938332,6.1086525E-4,0.0012217305,-0.0012217305,TREMOR,42fe4be625e4
1775692897476,1083082827322789,0.30406362,-0.059855044,9.945514,-6.1086525E-4,-0.0012217305,0.0018325958,TREMOR,42fe4be625e4
1775692897484,1083082835317249,0.29209262,-0.059855044,9.940725,-6.1086525E-4,-0.0012217305,0.0018325958,TREMOR,42fe4be625e4
1775692897492,1083082843313324,0.30885202,-0.06943185,9.959879,0.0,-0.0012217305,0.0012217305,TREMOR,42fe4be625e4
1775692897500,1083082851308630,0.2801216,-0.05746084,9.935937,0.0,-0.0012217305,0.0,TREMOR,42fe4be625e4
1775692897508,1083082859306473,0.31364042,-0.055066638,9.962274,0.0012217305,-0.0018325958,-6.1086525E-4,TREMOR,42fe4be625e4
1775692897516,1083082867332009,0.320823,-0.05267244,9.967062,6.1086525E-4,-0.0012217305,0.0012217305,TREMOR,42fe4be625e4
1775692897524,1083082875326853,0.31603462,-0.062249243,9.983821,-6.1086525E-4,-6.1086525E-4,0.0,TREMOR,42fe4be625e4
1775692897532,1083082883321544,0.31364042,-0.055066638,9.986216,0.0,6.1086525E-4,-6.1086525E-4,TREMOR,42fe4be625e4
1775692897540,1083082891318464,0.31603462,-0.04309563,9.969456,-0.0018325958,-6.1086525E-4,0.0,TREMOR,42fe4be625e4
1775692897548,1083082899314846,0.29688102,-0.05267244,9.962274,-6.1086525E-4,6.1086525E-4,0.0012217305,TREMOR,42fe4be625e4
1775692897556,1083082907307460,0.30406362,-0.076614454,9.945514,0.0012217305,0.002443461,0.0,TREMOR,42fe4be625e4
1775692897564,1083082915306227,0.31364042,-0.05746084,9.952697,0.0,0.002443461,0.0,TREMOR,42fe4be625e4
1775692897572,1083082923331994,0.29448682,-0.06943185,9.9790325,0.0,-0.0018325958,0.0012217305,TREMOR,42fe4be625e4
1775692897580,1083082931325222,0.2657564,-0.074220255,9.97185,-6.1086525E-4,0.0,-6.1086525E-4,TREMOR,42fe4be625e4
1775692897588,1083082939321836,0.29688102,-0.06464344,9.959879,-6.1086525E-4,-0.0018325958,0.0,TREMOR,42fe4be625e4
1775692897596,1083082947317218,0.32321724,-0.079008654,9.94312,0.0012217305,-6.1086525E-4,0.0,TREMOR,42fe4be625e4
1775692897604,1083082955311755,0.29209262,-0.06703765,9.938332,0.0,-6.1086525E-4,-0.0012217305,TREMOR,42fe4be625e4
1775692897612,1083082963307444,0.32321724,-0.05267244,9.957485,0.0,0.0,-0.0012217305,TREMOR,42fe4be625e4
1775692897620,1083082971302827,0.32561144,-0.06464344,9.957485,-6.1086525E-4,-0.0018325958,-6.1086525E-4,TREMOR,42fe4be625e4
1775692897628,1083082979330748,0.35434186,-0.074220255,9.9550905,0.0,-6.1086525E-4,0.0,TREMOR,42fe4be625e4
1775692897636,1083082987324900,0.35673606,-0.059855044,9.964667,0.0012217305,0.0,-6.1086525E-4,TREMOR,42fe4be625e4
1775692897644,1083082995320282,0.3854665,-0.062249243,9.993398,-0.0012217305,-0.0012217305,0.0,TREMOR,42fe4be625e4
1775692897652,1083083003317202,0.35194764,-0.05267244,10.0029745,-6.1086525E-4,-6.1086525E-4,0.0,TREMOR,42fe4be625e4
1775692897660,1083083011313508,0.33279404,-0.055066638,10.012551,-0.0012217305,6.1086525E-4,6.1086525E-4,TREMOR,42fe4be625e4
1775692897668,1083083019309506,0.31124622,-0.059855044,9.983821,6.1086525E-4,0.004276057,0.0018325958,TREMOR,42fe4be625e4
1775692897676,1083083027303735,0.29448682,-0.050278235,9.938332,-6.1086525E-4,0.004886922,0.0,TREMOR,42fe4be625e4
1775692897684,1083083035328347,0.29688102,-0.062249243,9.921572,6.1086525E-4,0.002443461,-6.1086525E-4,TREMOR,42fe4be625e4
1775692897692,1083083043325884,0.3184288,-0.06464344,9.931149,-6.1086525E-4,0.0012217305,0.0,TREMOR,42fe4be625e4
1775692897700,1083083051321882,0.30645782,-0.06943185,9.964667,-0.0012217305,-0.0018325958,0.0018325958,TREMOR,42fe4be625e4
1775692897708,1083083059317264,0.32800564,-0.074220255,9.991004,-0.0018325958,-0.0018325958,0.0,TREMOR,42fe4be625e4
1775692897716,1083083067312032,0.32800564,-0.074220255,10.007763,6.1086525E-4,0.0,0.0018325958,TREMOR,42fe4be625e4
1775692897724,1083083075306413,0.30885202,-0.05746084,10.000581,-6.1086525E-4,0.0030543262,0.002443461,TREMOR,42fe4be625e4
1775692897732,1083083083302719,0.272939,-0.05746084,9.9550905,0.0012217305,0.005497787,0.0012217305,TREMOR,42fe4be625e4
1775692897740,1083083091328948,0.2896984,-0.04309563,9.952697,0.0012217305,0.0036651916,-0.0012217305,TREMOR,42fe4be625e4
1775692897748,1083083099327023,0.2657564,-0.059855044,9.940725,0.0012217305,0.0036651916,0.0,TREMOR,42fe4be625e4
1775692897756,1083083107320020,0.260968,-0.055066638,9.967062,-0.0012217305,-0.0018325958,-0.0012217305,TREMOR,42fe4be625e4
1775692897764,1083083115316941,0.29448682,-0.079008654,9.9550905,-0.0012217305,-0.0036651916,0.0,TREMOR,42fe4be625e4
1775692897772,1083083123311323,0.30406362,-0.074220255,9.952697,-6.1086525E-4,-0.0036651916,-6.1086525E-4,TREMOR,42fe4be625e4
1775692897780,1083083131307091,0.31124622,-0.062249243,9.959879,-6.1086525E-4,-0.0030543262,6.1086525E-4,TREMOR,42fe4be625e4
1775692897788,1083083139304627,0.31124622,-0.062249243,9.964667,-6.1086525E-4,-6.1086525E-4,6.1086525E-4,TREMOR,42fe4be625e4
1775692897796,1083083147328009,0.31603462,-0.06703765,9.97185,6.1086525E-4,0.0,6.1086525E-4,TREMOR,42fe4be625e4
1775692897804,1083083155324238,0.31603462,-0.045489833,9.991004,6.1086525E-4,0.0,6.1086525E-4,TREMOR,42fe4be625e4
1775692897812,1083083163319313,0.3184288,-0.059855044,9.974244,-6.1086525E-4,0.0,0.0012217305,TREMOR,42fe4be625e4
1775692897820,1083083171315080,0.33758244,-0.055066638,9.974244,-0.0018325958,-0.0030543262,-0.0012217305,TREMOR,42fe4be625e4
1775692897828,1083083179312000,0.36631286,-0.055066638,9.938332,-0.0012217305,-6.1086525E-4,0.0,TREMOR,42fe4be625e4
1775692897836,1083083187307613,0.34715924,-0.074220255,9.957485,-6.1086525E-4,6.1086525E-4,0.0,TREMOR,42fe4be625e4
1775692897843,1083083194979611,0.32800564,-0.08140286,9.976639,-6.1086525E-4,0.0018325958,-0.0012217305,TREMOR,42fe4be625e4
1775692897852,1083083203328532,0.33518824,-0.079008654,10.0029745,0.0012217305,0.0030543262,-6.1086525E-4,TREMOR,42fe4be625e4
1775692897860,1083083211324223,0.30885202,-0.076614454,9.976639,6.1086525E-4,0.004276057,-0.0012217305,TREMOR,42fe4be625e4
1775692897868,1083083219283681,0.2896984,-0.045489833,9.957485,0.0,0.002443461,-0.0012217305,TREMOR,42fe4be625e4
1775692897876,1083083227315295,0.2825158,-0.059855044,9.9550905,6.1086525E-4,0.0012217305,-6.1086525E-4,TREMOR,42fe4be625e4
1775692897884,1083083235335908,0.30885202,-0.06943185,9.952697,0.0,0.0012217305,0.0,TREMOR,42fe4be625e4
1775692897892,1083083243306368,0.28491,-0.047884032,9.964667,0.0012217305,0.0018325958,-6.1086525E-4,TREMOR,42fe4be625e4
1775692897900,1083083251332288,0.30406362,-0.062249243,9.981427,0.0,6.1086525E-4,6.1086525E-4,TREMOR,42fe4be625e4
1775692897908,1083083259329209,0.29448682,-0.062249243,9.988609,-6.1086525E-4,0.0,0.0,TREMOR,42fe4be625e4
1775692897916,1083083267323976,0.28491,-0.06703765,10.005369,6.1086525E-4,0.0,-6.1086525E-4,TREMOR,42fe4be625e4
1775692897924,1083083275318359,0.2777274,-0.06943185,9.959879,-6.1086525E-4,-0.0012217305,-6.1086525E-4,TREMOR,42fe4be625e4
1775692897932,1083083283314741,0.30166942,-0.059855044,9.931149,-6.1086525E-4,6.1086525E-4,0.0018325958,TREMOR,42fe4be625e4
1775692897940,1083083291311892,0.31603462,-0.079008654,9.91439,-0.0012217305,-6.1086525E-4,0.0,TREMOR,42fe4be625e4
1775692897948,1083083299307583,0.36391866,-0.074220255,9.909601,0.0,-0.0018325958,0.0,TREMOR,42fe4be625e4
1775692897956,1083083307333427,0.36870706,-0.074220255,9.988609,0.0,-0.0012217305,-6.1086525E-4,TREMOR,42fe4be625e4
1775692897964,1083083315329194,0.36631286,-0.08379706,10.043676,-0.0012217305,-0.0018325958,0.0,TREMOR,42fe4be625e4
1775692898604,1083083955425755,0.31364042,-0.05746084,10.007763,-0.0012217305,-0.0018325958,0.0,TREMOR,42fe4be625e4
1775692898612,1083083963390983,0.272939,-0.06464344,9.974244,-0.0012217305,-0.0018325958,0.0,TREMOR,42fe4be625e4
1775692898620,1083083971386595,0.28491,-0.05746084,9.916783,-0.0012217305,-0.0018325958,0.0,TREMOR,42fe4be625e4
1775692898628,1083083979412746,0.320823,-0.076614454,9.940725,-0.0012217305,-0.0018325958,0.0,TREMOR,42fe4be625e4
1775692898636,1083083987438897,0.35913026,-0.07182605,9.945514,-0.0012217305,-0.0018325958,0.0,TREMOR,42fe4be625e4
1775692898644,1083083995318356,0.39504328,-0.05746084,9.974244,-0.0012217305,-0.0018325958,0.0,TREMOR,42fe4be625e4
1775692898652,1083084003313737,0.36631286,-0.06943185,9.986216,-0.0012217305,-0.0018325958,0.0,TREMOR,42fe4be625e4
1775692898660,1083084011308427,0.2896984,-0.05267244,9.9790325,-0.0012217305,-0.0018325958,0.0,TREMOR,42fe4be625e4
1775692898668,1083084019305039,0.23702596,-0.055066638,9.991004,-0.0012217305,-0.0018325958,0.0,TREMOR,42fe4be625e4
1775692898676,1083084027451266,0.18914193,-0.04070143,9.97185,-0.0012217305,-0.0018325958,0.0,TREMOR,42fe4be625e4
1775692898684,1083084035327263,0.19393034,-0.05267244,9.9550905,0.0,0.0036651916,-6.1086525E-4,TREMOR,42fe4be625e4
1775692898692,1083084043321952,0.25857377,-0.059855044,9.911995,-0.0018325958,-0.002443461,-0.0012217305,TREMOR,42fe4be625e4
1775692898700,1083084051286565,0.31364042,-0.06943185,9.931149,-0.002443461,-0.007941248,-0.0012217305,TREMOR,42fe4be625e4
1775692898708,1083084059314254,0.36391866,-0.079008654,9.962274,-0.002443461,-0.007941248,0.0,TREMOR,42fe4be625e4
1775692898716,1083084067309328,0.38307226,-0.05267244,9.976639,-0.002443461,-0.0061086523,-6.1086525E-4,TREMOR,42fe4be625e4
1775692898724,1083084075306017,0.37349546,-0.07182605,9.991004,-6.1086525E-4,-0.0018325958,6.1086525E-4,TREMOR,42fe4be625e4
1775692898732,1083084083302245,0.36152446,-0.062249243,10.000581,6.1086525E-4,0.0012217305,0.0,TREMOR,42fe4be625e4
1775692898740,1083084091327242,0.31364042,-0.050278235,10.0029745,0.0012217305,0.0030543262,0.0018325958,TREMOR,42fe4be625e4
1775692898748,1083084099324162,0.30885202,-0.05746084,9.983821,6.1086525E-4,0.002443461,-0.0012217305,TREMOR,42fe4be625e4
1775692898756,1083084107317621,0.33279404,-0.074220255,9.935937,0.0,6.1086525E-4,-0.0012217305,TREMOR,42fe4be625e4
1775692898764,1083084115314002,0.34715924,-0.074220255,9.938332,-0.002443461,-0.0018325958,-6.1086525E-4,TREMOR,42fe4be625e4
1775692898772,1083084123310230,0.37828386,-0.07182605,9.959879,-0.0012217305,0.0,-0.0012217305,TREMOR,42fe4be625e4
1775692898780,1083084131303458,0.36870706,-0.06703765,9.976639,-0.0018325958,6.1086525E-4,-0.0012217305,TREMOR,42fe4be625e4
1775692898788,1083084139294224,0.33997664,-0.059855044,9.995792,0.0,0.004886922,0.0018325958,TREMOR,42fe4be625e4
1775692898796,1083084147296760,0.29927522,-0.050278235,10.0029745,0.0012217305,0.0067195175,0.0012217305,TREMOR,42fe4be625e4
1775692898804,1083084155285372,0.24660277,-0.045489833,9.983821,0.002443461,0.007330383,0.0018325958,TREMOR,42fe4be625e4
1775692898812,1083084163288446,0.22505496,-0.045489833,9.957485,6.1086525E-4,0.0061086523,0.0,TREMOR,42fe4be625e4
1775692898819,1083084170930827,0.21308395,-0.062249243,9.919178,6.1086525E-4,0.004276057,0.0,TREMOR,42fe4be625e4
1775692898827,1083084178753671,0.22026655,-0.079008654,9.928755,0.0,-0.0030543262,-0.0012217305,TREMOR,42fe4be625e4
1775692898835,1083084186780975,0.2705448,-0.07182605,9.947908,-0.002443461,-0.0036651916,-0.0018325958,TREMOR,42fe4be625e4
1775692898843,1083084194832357,0.30406362,-0.076614454,9.967062,-0.0036651916,-0.007941248,-6.1086525E-4,TREMOR,42fe4be625e4
1775692898852,1083084203350585,0.36391866,-0.06703765,9.974244,-0.0012217305,-0.007330383,6.1086525E-4,TREMOR,42fe4be625e4
1775692898860,1083084211290582,0.38307226,-0.05746084,9.9790325,-0.002443461,-0.005497787,6.1086525E-4,TREMOR,42fe4be625e4
1775692898868,1083084219341656,0.36631286,-0.05267244,9.993398,6.1086525E-4,-0.0012217305,0.0018325958,TREMOR,42fe4be625e4
1775692898876,1083084227313653,0.33279404,-0.045489833,9.991004,-0.0012217305,0.0030543262,0.0018325958,TREMOR,42fe4be625e4
1775692898884,1083084235307804,0.32800564,-0.050278235,9.957485,6.1086525E-4,6.1086525E-4,0.0018325958,TREMOR,42fe4be625e4
1775692898892,1083084243303493,0.32800564,-0.07182605,9.967062,0.0,0.0,-6.1086525E-4,TREMOR,42fe4be625e4
1775692898900,1083084251300721,0.34715924,-0.074220255,9.976639,-0.0012217305,6.1086525E-4,-0.0012217305,TREMOR,42fe4be625e4
1775692898907,1083084258811795,0.35194764,-0.079008654,9.9790325,-0.0018325958,-0.0012217305,-6.1086525E-4,TREMOR,42fe4be625e4
1775692898916,1083084267322253,0.36631286,-0.074220255,9.981427,6.1086525E-4,0.0012217305,-0.0012217305,TREMOR,42fe4be625e4
1775692898923,1083084274802250,0.33039984,-0.074220255,9.988609,6.1086525E-4,0.002443461,0.0,TREMOR,42fe4be625e4
1775692898932,1083084283367709,0.272939,-0.06464344,9.981427,6.1086525E-4,0.005497787,0.0012217305,TREMOR,42fe4be625e4
1775692898940,1083084291308629,0.24420857,-0.07182605,9.959879,0.0012217305,0.0067195175,6.1086525E-4,TREMOR,42fe4be625e4
1775692898947,1083084298811395,0.22505496,-0.059855044,9.935937,0.0018325958,0.0036651916,6.1086525E-4,TREMOR,42fe4be625e4
1775692898956,1083084307415469,0.22984336,-0.06703765,9.976639,0.0,6.1086525E-4,-0.0012217305,TREMOR,42fe4be625e4
1775692898964,1083084315327466,0.24660277,-0.074220255,9.97185,-0.002443461,-0.0030543262,-6.1086525E-4,TREMOR,42fe4be625e4
1775692898972,1083084323292617,0.2633622,-0.088585466,9.957485,-6.1086525E-4,-0.0030543262,-0.0012217305,TREMOR,42fe4be625e4
1775692898979,1083084330935691,0.30885202,-0.079008654,9.940725,-0.002443461,-0.005497787,-0.0018325958,TREMOR,42fe4be625e4
1775692898988,1083084339313919,0.31603462,-0.06943185,9.967062,-0.0018325958,-0.005497787,-6.1086525E-4,TREMOR,42fe4be625e4
1775692898996,1083084347314762,0.32800564,-0.033518825,9.981427,0.0,-0.0036651916,6.1086525E-4,TREMOR,42fe4be625e4
1775692899004,1083084355302220,0.320823,-0.033518825,9.967062,6.1086525E-4,-0.0018325958,-0.0012217305,TREMOR,42fe4be625e4
1775692899012,1083084363328986,0.36152446,-0.05267244,9.938332,6.1086525E-4,6.1086525E-4,6.1086525E-4,TREMOR,42fe4be625e4
1775692899020,1083084371324290,0.34715924,-0.06943185,9.976639,-6.1086525E-4,-0.0012217305,-6.1086525E-4,TREMOR,42fe4be625e4
1775692899028,1083084379321287,0.36391866,-0.07182605,9.995792,0.0,-6.1086525E-4,0.0012217305,TREMOR,42fe4be625e4
1775692899036,1083084387315977,0.36391866,-0.06943185,9.983821,-6.1086525E-4,-6.1086525E-4,-6.1086525E-4,TREMOR,42fe4be625e4
1775692899044,1083084395312589,0.36152446,-0.07182605,9.983821,-6.1086525E-4,-6.1086525E-4,0.0,TREMOR,42fe4be625e4
1775692901676,1083087027415677,0.28491,-0.06703765,9.962274,-6.1086525E-4,-6.1086525E-4,0.0,TREMOR,42fe4be625e4
1775692901684,1083087035441751,0.2825158,-0.050278235,9.959879,-6.1086525E-4,-6.1086525E-4,0.0,TREMOR,42fe4be625e4
1775692901692,1083087043437441,0.30645782,-0.076614454,9.983821,-6.1086525E-4,-6.1086525E-4,0.0,TREMOR,42fe4be625e4
1775692901700,1083087051402438,0.31124622,-0.06943185,9.969456,-6.1086525E-4,-6.1086525E-4,0.0,TREMOR,42fe4be625e4
1775692901708,1083087059398050,0.33997664,-0.055066638,9.998186,-6.1086525E-4,-6.1086525E-4,0.0,TREMOR,42fe4be625e4
1775692901716,1083087067308278,0.33758244,-0.079008654,9.964667,-6.1086525E-4,-6.1086525E-4,0.0,TREMOR,42fe4be625e4
1775692901724,1083087075304506,0.34715924,-0.062249243,9.950302,-6.1086525E-4,-6.1086525E-4,0.0,TREMOR,42fe4be625e4
1775692901732,1083087083298118,0.35434186,-0.06703765,9.964667,-6.1086525E-4,-6.1086525E-4,0.0,TREMOR,42fe4be625e4
1775692901740,1083087091326038,0.34715924,-0.059855044,9.986216,-6.1086525E-4,-6.1086525E-4,0.0,TREMOR,42fe4be625e4
1775692901748,1083087099380497,0.36631286,-0.05746084,9.986216,-6.1086525E-4,-6.1086525E-4,0.0,TREMOR,42fe4be625e4
1775692901756,1083087107315648,0.36152446,-0.074220255,10.000581,-0.0018325958,0.0030543262,0.0018325958,TREMOR,42fe4be625e4
1775692901764,1083087115312183,0.37828386,-0.074220255,9.986216,-6.1086525E-4,0.004276057,0.0,TREMOR,42fe4be625e4
1775692901772,1083087123307334,0.33518824,-0.074220255,9.995792,0.0012217305,0.005497787,6.1086525E-4,TREMOR,42fe4be625e4
1775692901780,1083087131305100,0.24899697,-0.059855044,10.014946,0.0018325958,0.0067195175,-0.0012217305,TREMOR,42fe4be625e4
1775692901788,1083087139331020,0.22984336,-0.06464344,9.986216,6.1086525E-4,0.005497787,0.0012217305,TREMOR,42fe4be625e4
1775692901796,1083087147324171,0.20590134,-0.062249243,9.919178,-6.1086525E-4,0.004886922,0.0018325958,TREMOR,42fe4be625e4
1775692901804,1083087155320168,0.22266077,-0.059855044,9.904813,-6.1086525E-4,0.002443461,0.0,TREMOR,42fe4be625e4
1775692901812,1083087163316473,0.25617957,-0.08379706,9.935937,-6.1086525E-4,0.0,-6.1086525E-4,TREMOR,42fe4be625e4
1775692901820,1083087171312854,0.29448682,-0.074220255,9.9790325,-0.002443461,-0.0067195175,-0.0012217305,TREMOR,42fe4be625e4
1775692901828,1083087179307852,0.31124622,-0.079008654,9.993398,-0.002443461,-0.0067195175,-0.0012217305,TREMOR,42fe4be625e4
1775692901836,1083087187302695,0.30645782,-0.06703765,10.0029745,-0.0012217305,-0.0061086523,6.1086525E-4,TREMOR,42fe4be625e4
1775692901844,1083087195328461,0.33518824,-0.05267244,9.988609,-0.0018325958,-0.0036651916,6.1086525E-4,TREMOR,42fe4be625e4
1775692901852,1083087203323919,0.33758244,-0.062249243,9.995792,0.0,-0.0030543262,6.1086525E-4,TREMOR,42fe4be625e4
1775692901860,1083087211345070,0.33997664,-0.06703765,9.962274,-0.0012217305,-6.1086525E-4,0.0,TREMOR,42fe4be625e4
1775692901868,1083087219285452,0.37828386,-0.07182605,9.959879,-0.0012217305,-0.0012217305,-0.0012217305,TREMOR,42fe4be625e4
1775692901876,1083087227311603,0.38307226,-0.076614454,9.974244,-0.002443461,-0.004886922,6.1086525E-4,TREMOR,42fe4be625e4
1775692901884,1083087235308138,0.39983168,-0.076614454,9.988609,-0.0018325958,-0.0018325958,0.0,TREMOR,42fe4be625e4
1775692901892,1083087243301982,0.39264908,-0.088585466,9.991004,-0.0012217305,0.0018325958,0.0,TREMOR,42fe4be625e4
1775692901900,1083087251384132,0.36152446,-0.06464344,9.957485,0.0012217305,0.004886922,0.0012217305,TREMOR,42fe4be625e4
1775692901908,1083087259296437,0.30645782,-0.04309563,9.983821,0.0018325958,0.0067195175,6.1086525E-4,TREMOR,42fe4be625e4
1775692901916,1083087267318357,0.2896984,-0.045489833,9.976639,0.0012217305,0.0067195175,-6.1086525E-4,TREMOR,42fe4be625e4
1775692901924,1083087275315200,0.24420857,-0.055066638,9.9790325,0.0012217305,0.005497787,0.0,TREMOR,42fe4be625e4
1775692901932,1083087283310351,0.21787235,-0.059855044,9.983821,-6.1086525E-4,0.0036651916,-6.1086525E-4,TREMOR,42fe4be625e4
1775692901940,1083087291307810,0.21068975,-0.06464344,9.962274,0.0,0.0012217305,0.0,TREMOR,42fe4be625e4
1775692901948,1083087299303191,0.24899697,-0.074220255,9.935937,-6.1086525E-4,0.0,-6.1086525E-4,TREMOR,42fe4be625e4
1775692901956,1083087307327804,0.2657564,-0.06703765,9.928755,-0.002443461,-0.0030543262,-0.0030543262,TREMOR,42fe4be625e4
1775692901964,1083087315323261,0.30645782,-0.06943185,9.92636,-0.0018325958,-0.002443461,-0.0012217305,TREMOR,42fe4be625e4
1775692901972,1083087323321028,0.3184288,-0.06703765,9.962274,-6.1086525E-4,-0.004276057,6.1086525E-4,TREMOR,42fe4be625e4
1775692901980,1083087331315871,0.34237084,-0.05267244,10.014946,-0.0018325958,-0.004886922,6.1086525E-4,TREMOR,42fe4be625e4
1775692901988,1083087339335791,0.34715924,-0.05746084,10.019734,-0.0012217305,-0.0018325958,6.1086525E-4,TREMOR,42fe4be625e4
1775692901996,1083087347305711,0.36391866,-0.05746084,9.976639,-0.0012217305,-6.1086525E-4,-6.1086525E-4,TREMOR,42fe4be625e4
1775692902003,1083087354888171,0.35913026,-0.059855044,9.974244,-0.0012217305,-6.1086525E-4,-6.1086525E-4,TREMOR,42fe4be625e4
1775692902012,1083087363296782,0.34476504,-0.06703765,9.945514,0.0018325958,0.002443461,6.1086525E-4,TREMOR,42fe4be625e4
1775692902020,1083087371294241,0.35194764,-0.062249243,9.969456,0.0,0.0012217305,-0.0012217305,TREMOR,42fe4be625e4
1775692902028,1083087379374853,0.32800564,-0.06943185,9.998186,0.0,0.002443461,0.0012217305,TREMOR,42fe4be625e4
1775692902036,1083087387314619,0.33039984,-0.088585466,10.010158,0.0,0.0,-6.1086525E-4,TREMOR,42fe4be625e4
1775692902044,1083087395310847,0.3184288,-0.062249243,9.998186,-6.1086525E-4,0.0036651916,-6.1086525E-4,TREMOR,42fe4be625e4
1775692902052,1083087403194229,0.29688102,-0.059855044,9.962274,-6.1086525E-4,0.0030543262,6.1086525E-4,TREMOR,42fe4be625e4
1775692902060,1083087411301687,0.2896984,-0.059855044,9.916783,6.1086525E-4,0.002443461,0.0012217305,TREMOR,42fe4be625e4
1775692902068,1083087419330530,0.25617957,-0.05746084,9.919178,0.0018325958,0.0036651916,6.1086525E-4,TREMOR,42fe4be625e4
1775692902076,1083087427324758,0.2657564,-0.05267244,9.935937,0.0,0.004276057,0.0,TREMOR,42fe4be625e4
1775692902084,1083087435321678,0.2873042,-0.08140286,9.974244,-6.1086525E-4,6.1086525E-4,0.0012217305,TREMOR,42fe4be625e4
1775692902092,1083087443314214,0.29448682,-0.05746084,9.993398,0.0,-0.0030543262,6.1086525E-4,TREMOR,42fe4be625e4
1775692902099,1083087450769365,0.30885202,-0.06703765,9.988609,-6.1086525E-4,-0.0030543262,0.0,TREMOR,42fe4be625e4
1775692902108,1083087459306823,0.30645782,-0.059855044,9.974244,0.0,0.0,0.0012217305,TREMOR,42fe4be625e4
1775692902116,1083087467300436,0.33279404,-0.05746084,9.974244,-6.1086525E-4,6.1086525E-4,0.0018325958,TREMOR,42fe4be625e4
1775692902124,1083087475327433,0.31124622,-0.055066638,9.950302,0.0018325958,0.002443461,0.0,TREMOR,42fe4be625e4
1775692902131,1083087482748045,0.2896984,-0.05267244,9.952697,-0.0012217305,0.0018325958,0.0,TREMOR,42fe4be625e4
1775692902140,1083087491320042,0.29209262,-0.050278235,9.976639,0.0,-0.0012217305,-0.0012217305,TREMOR,42fe4be625e4
1775692902148,1083087499315424,0.31124622,-0.055066638,9.986216,-0.0012217305,-0.0018325958,-0.0012217305,TREMOR,42fe4be625e4
1775692902156,1083087507309267,0.31364042,-0.08379706,9.993398,-0.0012217305,-0.0036651916,-6.1086525E-4,TREMOR,42fe4be625e4
1775692902164,1083087515304956,0.320823,-0.076614454,9.986216,-0.0018325958,-0.0018325958,-6.1086525E-4,TREMOR,42fe4be625e4
1775692902172,1083087523302492,0.32561144,-0.06464344,9.97185,-6.1086525E-4,6.1086525E-4,0.0,TREMOR,42fe4be625e4
1775692902180,1083087531297335,0.31364042,-0.05746084,9.9550905,-0.0012217305,0.0,6.1086525E-4,TREMOR,42fe4be625e4
1775692902188,1083087539324409,0.30406362,-0.050278235,9.969456,0.0012217305,0.0018325958,6.1086525E-4,TREMOR,42fe4be625e4
1775692902196,1083087547317021,0.30406362,-0.050278235,9.981427,6.1086525E-4,0.0012217305,0.0,TREMOR,42fe4be625e4
1775692902204,1083087555315095,0.30166942,-0.05267244,9.981427,-6.1086525E-4,0.0012217305,0.0,TREMOR,42fe4be625e4
1775692902212,1083087563273631,0.30406362,-0.055066638,9.9790325,-0.0018325958,-0.0018325958,-6.1086525E-4,TREMOR,42fe4be625e4
1775692902220,1083087571305935,0.32561144,-0.08379706,9.969456,-6.1086525E-4,-6.1086525E-4,6.1086525E-4,TREMOR,42fe4be625e4
1775692902228,1083087579303163,0.32800564,-0.076614454,9.995792,-0.0018325958,-0.0012217305,6.1086525E-4,TREMOR,42fe4be625e4
1775692902236,1083087587328314,0.31364042,-0.055066638,9.981427,6.1086525E-4,0.0,6.1086525E-4,TREMOR,42fe4be625e4
1775692902244,1083087595322542,0.29927522,-0.050278235,9.969456,6.1086525E-4,0.0,0.0,TREMOR,42fe4be625e4
1775692902252,1083087603319462,0.30885202,-0.04309563,9.959879,-6.1086525E-4,0.002443461,0.0012217305,TREMOR,42fe4be625e4
1775692902260,1083087611313920,0.2873042,-0.045489833,9.950302,-6.1086525E-4,-6.1086525E-4,-6.1086525E-4,TREMOR,42fe4be625e4
1775692902268,1083087619310456,0.29927522,-0.06703765,9.9790325,-0.0012217305,-6.1086525E-4,6.1086525E-4,TREMOR,42fe4be625e4
1775692902276,1083087627306761,0.31364042,-0.06943185,9.981427,-0.0012217305,-0.0018325958,-6.1086525E-4,TREMOR,42fe4be625e4
1775692902284,1083087635301911,0.33279404,-0.06943185,9.976639,-6.1086525E-4,-0.0012217305,0.0,TREMOR,42fe4be625e4
1775692902292,1083087643326754,0.34955344,-0.088585466,9.945514,-0.0012217305,-0.002443461,6.1086525E-4,TREMOR,42fe4be625e4
1775692902300,1083087651321904,0.33279404,-0.079008654,9.952697,0.0,0.0,0.0,TREMOR,42fe4be625e4
1775692902308,1083087659319748,0.33518824,-0.074220255,9.9550905,0.0012217305,-0.0018325958,6.1086525E-4,TREMOR,42fe4be625e4
1775692902316,1083087667313822,0.33039984,-0.050278235,10.000581,6.1086525E-4,0.002443461,6.1086525E-4,TREMOR,42fe4be625e4
1775692902324,1083087675308895,0.29927522,-0.045489833,10.031705,6.1086525E-4,0.0,-6.1086525E-4,TREMOR,42fe4be625e4
1775692902332,1083087683304277,0.31364042,-0.05267244,9.995792,0.0,0.0012217305,-6.1086525E-4,TREMOR,42fe4be625e4
1775692902340,1083087691299659,0.32561144,-0.062249243,9.991004,-0.0012217305,0.0012217305,-6.1086525E-4,TREMOR,42fe4be625e4
1775692902348,1083087699381887,0.32321724,-0.07182605,9.97185,-0.0018325958,0.0012217305,6.1086525E-4,TREMOR,42fe4be625e4
1775692902356,1083087707324653,0.31603462,-0.079008654,9.967062,0.0012217305,0.0018325958,-6.1086525E-4,TREMOR,42fe4be625e4
1775692902364,1083087715317496,0.32321724,-0.08379706,9.94312,-0.0018325958,0.0,6.1086525E-4,TREMOR,42fe4be625e4
1775692902372,1083087723314185,0.32561144,-0.06943185,9.938332,0.0,0.0012217305,-6.1086525E-4,TREMOR,42fe4be625e4
1775692902380,1083087731309182,0.29448682,-0.076614454,9.9550905,0.0012217305,6.1086525E-4,0.0018325958,TREMOR,42fe4be625e4
1775692902388,1083087739307025,0.30645782,-0.062249243,9.995792,0.0012217305,0.0018325958,6.1086525E-4,TREMOR,42fe4be625e4
1775692902396,1083087747300022,0.30645782,-0.045489833,10.007763,0.0012217305,6.1086525E-4,-6.1086525E-4,TREMOR,42fe4be625e4
1775692902404,1083087755326481,0.29927522,-0.05267244,9.988609,0.0,6.1086525E-4,0.0,TREMOR,42fe4be625e4
1775692902412,1083087763377247,0.31124622,-0.07182605,9.97185,-0.0012217305,-6.1086525E-4,0.0,TREMOR,42fe4be625e4
1775692902420,1083087771317244,0.31124622,-0.07182605,9.97185,-0.0012217305,-0.0012217305,6.1086525E-4,TREMOR,42fe4be625e4
1775692902428,1083087779314472,0.31124622,-0.062249243,9.976639,-0.0012217305,0.0012217305,-0.0012217305,TREMOR,42fe4be625e4
1775692902436,1083087787277546,0.31124622,-0.08140286,9.964667,0.0,0.0018325958,0.0012217305,TREMOR,42fe4be625e4
1775692902443,1083087794808928,0.31364042,-0.074220255,9.9790325,-6.1086525E-4,0.0018325958,0.0,TREMOR,42fe4be625e4
1775692902452,1083087803300309,0.29209262,-0.076614454,10.000581,0.0036651916,0.0036651916,0.0,TREMOR,42fe4be625e4
1775692902460,1083087811325768,0.2825158,-0.06703765,9.988609,0.0,-0.0018325958,0.0,TREMOR,42fe4be625e4
1775692902468,1083087819376919,0.2705448,-0.06943185,9.9550905,0.0,6.1086525E-4,-0.0012217305,TREMOR,42fe4be625e4
1775692902476,1083087827318993,0.29448682,-0.06464344,9.938332,0.0012217305,0.0,0.0,TREMOR,42fe4be625e4
1775692902484,1083087835311913,0.31124622,-0.06943185,9.959879,0.0,0.0,-6.1086525E-4,TREMOR,42fe4be625e4
1775692902492,1083087843309141,0.32561144,-0.08619126,9.9790325,-0.0018325958,-0.0030543262,-6.1086525E-4,TREMOR,42fe4be625e4
1775692902500,1083087851359368,0.32800564,-0.06464344,9.974244,0.0,-0.0036651916,6.1086525E-4,TREMOR,42fe4be625e4
1775692902508,1083087859301442,0.35434186,-0.07182605,9.993398,-0.0018325958,-6.1086525E-4,-0.0012217305,TREMOR,42fe4be625e4
1775692902516,1083087867326978,0.32800564,-0.059855044,10.007763,6.1086525E-4,6.1086525E-4,6.1086525E-4,TREMOR,42fe4be625e4
1775692902523,1083087874968206,0.32800564,-0.055066638,10.031705,0.0012217305,0.0012217305,0.0012217305,TREMOR,42fe4be625e4
1775692902532,1083087883318356,0.30406362,-0.06943185,10.014946,6.1086525E-4,0.0018325958,6.1086525E-4,TREMOR,42fe4be625e4
1775692902540,1083087891337430,0.30406362,-0.05267244,9.900024,-0.0012217305,6.1086525E-4,6.1086525E-4,TREMOR,42fe4be625e4
1775692902548,1083087899310658,0.29927522,-0.062249243,9.933543,-6.1086525E-4,0.0,0.0,TREMOR,42fe4be625e4
1775692902556,1083087907303963,0.30645782,-0.062249243,9.933543,-6.1086525E-4,-0.002443461,0.0,TREMOR,42fe4be625e4
1775692902563,1083087914976191,0.31603462,-0.06943185,10.010158,-0.0012217305,0.0012217305,-0.0012217305,TREMOR,42fe4be625e4
1775692902572,1083087923325418,0.320823,-0.05267244,9.9790325,-0.0012217305,-6.1086525E-4,0.0012217305,TREMOR,42fe4be625e4
1775692902580,1083087931321415,0.32561144,-0.05746084,9.9790325,-6.1086525E-4,-0.0012217305,-6.1086525E-4,TREMOR,42fe4be625e4
1775692902588,1083087939317489,0.30645782,-0.055066638,9.988609,0.0,0.0,0.0,TREMOR,42fe4be625e4
1775692902596,1083087947311948,0.2896984,-0.047884032,9.97185,6.1086525E-4,0.0030543262,0.0,TREMOR,42fe4be625e4
1775692902604,1083087955307022,0.2873042,-0.06943185,9.962274,-0.0012217305,0.0018325958,-6.1086525E-4,TREMOR,42fe4be625e4
1775692902612,1083087963304557,0.28491,-0.088585466,10.019734,6.1086525E-4,0.0,-0.0012217305,TREMOR,42fe4be625e4
1775692902620,1083087971298707,0.28491,-0.090979666,9.959879,6.1086525E-4,-0.002443461,0.0,TREMOR,42fe4be625e4
1775692902628,1083087979326397,0.29927522,-0.08140286,9.940725,-6.1086525E-4,-6.1086525E-4,-6.1086525E-4,TREMOR,42fe4be625e4
1775692902636,1083087987319855,0.31603462,-0.06464344,9.974244,0.0,-0.0012217305,0.0,TREMOR,42fe4be625e4
1775692902644,1083087995318391,0.33758244,-0.06703765,9.9550905,0.0012217305,0.0012217305,-6.1086525E-4,TREMOR,42fe4be625e4
1775692902652,1083088003367541,0.35673606,-0.06943185,10.019734,0.0,0.0,0.0,TREMOR,42fe4be625e4
1775692902660,1083088011309154,0.33997664,-0.05267244,10.0029745,-6.1086525E-4,-0.0012217305,0.0012217305,TREMOR,42fe4be625e4
1775692902668,1083088019273382,0.320823,-0.059855044,9.998186,0.0,6.1086525E-4,0.0012217305,TREMOR,42fe4be625e4
1775692902676,1083088027298071,0.29927522,-0.050278235,9.97185,-6.1086525E-4,6.1086525E-4,6.1086525E-4,TREMOR,42fe4be625e4
1775692902684,1083088035324837,0.30406362,-0.062249243,9.974244,6.1086525E-4,0.002443461,-6.1086525E-4,TREMOR,42fe4be625e4
1775692902692,1083088043320450,0.31124622,-0.076614454,9.9550905,0.0,0.0012217305,0.0012217305,TREMOR,42fe4be625e4
1775692902700,1083088051318293,0.3184288,-0.07182605,9.97185,-0.0012217305,0.0030543262,0.0,TREMOR,42fe4be625e4
1775692902708,1083088059313674,0.31603462,-0.074220255,9.94312,-0.0018325958,-0.0012217305,6.1086525E-4,TREMOR,42fe4be625e4
1775692902716,1083088067306364,0.31603462,-0.074220255,9.959879,-0.0012217305,0.0012217305,0.0012217305,TREMOR,42fe4be625e4
1775692902724,1083088075304130,0.31603462,-0.050278235,9.952697,-6.1086525E-4,0.0030543262,0.0012217305,TREMOR,42fe4be625e4
1775692902732,1083088083300742,0.31124622,-0.079008654,9.981427,0.0,0.004276057,0.0,TREMOR,42fe4be625e4
1775692902740,1083088091324432,0.31603462,-0.062249243,9.969456,6.1086525E-4,0.0018325958,0.0012217305,TREMOR,42fe4be625e4
1775692902748,1083088099321736,0.2705448,-0.062249243,10.0029745,0.0012217305,0.0030543262,0.0012217305,TREMOR,42fe4be625e4
1775692902756,1083088107314964,0.22505496,-0.06703765,9.993398,-6.1086525E-4,0.0036651916,6.1086525E-4,TREMOR,42fe4be625e4
1775692902764,1083088115311192,0.22984336,-0.05746084,9.976639,-6.1086525E-4,-6.1086525E-4,-0.0012217305,TREMOR,42fe4be625e4
1775692902772,1083088123362574,0.24181437,-0.055066638,9.957485,-6.1086525E-4,0.0,0.0,TREMOR,42fe4be625e4
1775692902780,1083088131304494,0.2681506,-0.062249243,9.952697,-6.1086525E-4,-0.002443461,-0.0012217305,TREMOR,42fe4be625e4
1775692902788,1083088139300414,0.29448682,-0.076614454,9.962274,-0.002443461,-0.004886922,-0.002443461,TREMOR,42fe4be625e4
1775692902796,1083088147323872,0.32800564,-0.074220255,9.952697,-0.0018325958,-0.004886922,0.0,TREMOR,42fe4be625e4
1775692902804,1083088155319793,0.34715924,-0.08379706,9.962274,-0.0012217305,-0.005497787,0.0,TREMOR,42fe4be625e4
1775692902812,1083088163340482,0.36631286,-0.07182605,9.962274,-0.0012217305,-0.0036651916,6.1086525E-4,TREMOR,42fe4be625e4
1775692902820,1083088171310940,0.34715924,-0.074220255,9.993398,0.0012217305,-0.002443461,-6.1086525E-4,TREMOR,42fe4be625e4
1775692902828,1083088179308707,0.35673606,-0.06703765,10.000581,0.0012217305,0.0,6.1086525E-4,TREMOR,42fe4be625e4
1775692902836,1083088187302319,0.33518824,-0.06703765,9.974244,0.002443461,0.0,-0.0012217305,TREMOR,42fe4be625e4
1775692902844,1083088195297624,0.33518824,-0.07182605,9.983821,-6.1086525E-4,6.1086525E-4,-6.1086525E-4,TREMOR,42fe4be625e4
1775692902852,1083088203323775,0.34476504,-0.06464344,9.976639,-6.1086525E-4,6.1086525E-4,0.0,TREMOR,42fe4be625e4
1775692902860,1083088211321002,0.33039984,-0.06464344,9.983821,-6.1086525E-4,-0.0012217305,6.1086525E-4,TREMOR,42fe4be625e4
1775692902868,1083088219340153,0.33279404,-0.079008654,9.976639,6.1086525E-4,0.0018325958,0.0,TREMOR,42fe4be625e4
1775692902876,1083088227282535,0.30885202,-0.079008654,9.9550905,-6.1086525E-4,0.0018325958,0.0,TREMOR,42fe4be625e4
1775692902884,1083088235361993,0.2896984,-0.076614454,9.983821,0.0,0.0036651916,6.1086525E-4,TREMOR,42fe4be625e4
1775692902892,1083088243327144,0.2633622,-0.06703765,9.986216,0.0,6.1086525E-4,0.0,TREMOR,42fe4be625e4
1775692902900,1083088251297064,0.2633622,-0.06943185,9.97185,6.1086525E-4,0.0018325958,-0.0012217305,TREMOR,42fe4be625e4
1775692902908,1083088259348754,0.2633622,-0.059855044,9.969456,-0.0012217305,0.0012217305,6.1086525E-4,TREMOR,42fe4be625e4
1775692902916,1083088267289289,0.30166942,-0.06703765,9.957485,-6.1086525E-4,-0.0018325958,0.0012217305,TREMOR,42fe4be625e4
1775692902924,1083088275313979,0.31124622,-0.045489833,9.974244,-0.0012217305,-0.0018325958,0.0,TREMOR,42fe4be625e4
1775692902932,1083088283312437,0.320823,-0.050278235,9.962274,-0.0012217305,-0.002443461,-6.1086525E-4,TREMOR,42fe4be625e4
1775692902940,1083088291306280,0.33279404,-0.07182605,9.962274,-0.0012217305,6.1086525E-4,0.0,TREMOR,42fe4be625e4
1775692902948,1083088299303199,0.34955344,-0.07182605,9.950302,0.0,6.1086525E-4,0.0,TREMOR,42fe4be625e4
1775692902956,1083088307327812,0.33997664,-0.06943185,9.97185,0.0,0.0030543262,0.0012217305,TREMOR,42fe4be625e4
1775692902964,1083088315325040,0.33758244,-0.06943185,9.974244,6.1086525E-4,0.002443461,-6.1086525E-4,TREMOR,42fe4be625e4
1775692902972,1083088323344114,0.31364042,-0.06943185,9.991004,0.0012217305,0.0012217305,6.1086525E-4,TREMOR,42fe4be625e4
1775692902980,1083088331285341,0.30166942,-0.062249243,9.97185,-6.1086525E-4,0.0018325958,0.0,TREMOR,42fe4be625e4
1775692902987,1083088338899801,0.31364042,-0.079008654,9.962274,-0.0018325958,0.004276057,0.0,TREMOR,42fe4be625e4
1775692902996,1083088347269874,0.2777274,-0.062249243,9.974244,0.0030543262,0.0036651916,6.1086525E-4,TREMOR,42fe4be625e4
1775692903004,1083088355302179,0.28491,-0.07182605,9.976639,6.1086525E-4,0.0036651916,6.1086525E-4,TREMOR,42fe4be625e4
1775692903012,1083088363299176,0.25139117,-0.050278235,9.983821,-0.0012217305,0.004276057,0.0,TREMOR,42fe4be625e4
1775692903020,1083088371323403,0.21547815,-0.05746084,9.967062,0.0,6.1086525E-4,-0.0018325958,TREMOR,42fe4be625e4
1775692903028,1083088379320939,0.20111294,-0.06464344,9.945514,0.0,0.0018325958,0.0,TREMOR,42fe4be625e4
1775692903036,1083088387315167,0.21068975,-0.05267244,9.923966,-0.0018325958,0.0,-0.0018325958,TREMOR,42fe4be625e4
1775692903044,1083088395311087,0.2753332,-0.08140286,9.91439,-0.002443461,-0.005497787,-0.0018325958,TREMOR,42fe4be625e4
1775692903051,1083088402954545,0.33039984,-0.079008654,9.952697,-0.002443461,-0.009162978,0.0,TREMOR,42fe4be625e4
1775692903060,1083088411300696,0.35913026,-0.074220255,9.974244,-0.002443461,-0.01160644,6.1086525E-4,TREMOR,42fe4be625e4
1775692903067,1083088418862462,0.39743748,-0.06943185,9.983821,-0.0012217305,-0.009773844,0.0,TREMOR,42fe4be625e4
1775692903076,1083088427322536,0.40701428,-0.050278235,9.988609,-0.0018325958,-0.0036651916,0.0012217305,TREMOR,42fe4be625e4
1775692903084,1083088435317918,0.40462008,-0.047884032,10.012551,0.0012217305,0.0012217305,0.0012217305,TREMOR,42fe4be625e4
1775692903091,1083088442800607,0.39264908,-0.021547815,10.019734,0.002443461,0.0030543262,0.0018325958,TREMOR,42fe4be625e4
1775692903099,1083088450734527,0.33518824,-0.04309563,10.000581,0.0012217305,0.002443461,0.0,TREMOR,42fe4be625e4
1775692903108,1083088459306755,0.31124622,-0.06703765,9.964667,6.1086525E-4,0.002443461,0.0,TREMOR,42fe4be625e4
1775692903116,1083088467300291,0.31124622,-0.076614454,9.950302,6.1086525E-4,0.002443461,-0.0012217305,TREMOR,42fe4be625e4
1775692903124,1083088475327057,0.2705448,-0.06703765,9.947908,6.1086525E-4,0.002443461,-6.1086525E-4,TREMOR,42fe4be625e4
1775692903132,1083088483325208,0.25857377,-0.08619126,9.967062,0.0,0.002443461,0.0018325958,TREMOR,42fe4be625e4
1775692903140,1083088491317512,0.2657564,-0.08379706,9.967062,0.0012217305,0.0030543262,0.0,TREMOR,42fe4be625e4
1775692903148,1083088499315048,0.2681506,-0.062249243,9.957485,-6.1086525E-4,0.002443461,0.0,TREMOR,42fe4be625e4
1775692903156,1083088507310737,0.24899697,-0.06464344,9.969456,6.1086525E-4,-0.0018325958,0.0,TREMOR,42fe4be625e4
1775692903164,1083088515306734,0.2873042,-0.047884032,9.969456,-6.1086525E-4,-0.0018325958,6.1086525E-4,TREMOR,42fe4be625e4
1775692903172,1083088523356270,0.31124622,-0.059855044,9.959879,0.0,-0.002443461,0.0,TREMOR,42fe4be625e4
1775692903180,1083088531297190,0.320823,-0.079008654,9.94312,-0.0012217305,-0.0030543262,0.0,TREMOR,42fe4be625e4
1775692903188,1083088539323956,0.35194764,-0.08379706,9.976639,-0.0012217305,-0.002443461,-6.1086525E-4,TREMOR,42fe4be625e4
1775692903196,1083088547343030,0.38067806,-0.08619126,9.986216,-0.0012217305,-0.0012217305,0.0,TREMOR,42fe4be625e4
1775692903204,1083088555313796,0.3854665,-0.076614454,10.019734,-0.002443461,-6.1086525E-4,6.1086525E-4,TREMOR,42fe4be625e4
1775692903212,1083088563309255,0.3854665,-0.05746084,10.005369,0.0012217305,0.002443461,0.0012217305,TREMOR,42fe4be625e4
1775692903220,1083088571305867,0.33758244,-0.04070143,9.969456,6.1086525E-4,0.004886922,0.0012217305,TREMOR,42fe4be625e4
1775692903228,1083088579303634,0.31124622,-0.047884032,9.959879,0.0012217305,0.0067195175,0.0012217305,TREMOR,42fe4be625e4
1775692903236,1083088587321169,0.29927522,-0.055066638,9.964667,0.0018325958,0.004886922,0.0012217305,TREMOR,42fe4be625e4
1775692903244,1083088595294166,0.272939,-0.062249243,9.9790325,-6.1086525E-4,0.0036651916,6.1086525E-4,TREMOR,42fe4be625e4
1775692903252,1083088603318471,0.25139117,-0.07182605,9.974244,0.0,0.0036651916,6.1086525E-4,TREMOR,42fe4be625e4
1775692903260,1083088611314699,0.260968,-0.08379706,9.974244,0.0,0.004276057,0.0,TREMOR,42fe4be625e4
1775692903268,1083088619310696,0.23942018,-0.076614454,9.947908,6.1086525E-4,6.1086525E-4,0.0,TREMOR,42fe4be625e4
1775692903276,1083088627304538,0.25378537,-0.076614454,9.938332,-0.0012217305,-6.1086525E-4,0.0012217305,TREMOR,42fe4be625e4
1775692903284,1083088635299689,0.2705448,-0.055066638,9.957485,0.0,0.0,0.0012217305,TREMOR,42fe4be625e4
1775692903292,1083088643381839,0.2825158,-0.07182605,9.959879,-6.1086525E-4,-0.002443461,-0.0012217305,TREMOR,42fe4be625e4
1775692903300,1083088651322760,0.33758244,-0.059855044,9.967062,6.1086525E-4,-0.0036651916,-6.1086525E-4,TREMOR,42fe4be625e4
1775692903308,1083088659319295,0.31603462,-0.06703765,9.991004,-0.0012217305,-0.002443461,6.1086525E-4,TREMOR,42fe4be625e4
1775692903316,1083088667312831,0.35434186,-0.059855044,10.012551,-0.0012217305,-0.0018325958,0.0,TREMOR,42fe4be625e4
1775692903324,1083088675308289,0.34955344,-0.059855044,9.993398,0.0,0.0,6.1086525E-4,TREMOR,42fe4be625e4
1775692903332,1083088683305825,0.34476504,-0.06703765,9.981427,-6.1086525E-4,0.0,-0.0012217305,TREMOR,42fe4be625e4
1775692903340,1083088691300591,0.3184288,-0.05267244,9.959879,-6.1086525E-4,0.0,-0.0012217305,TREMOR,42fe4be625e4
1775692903348,1083088699327357,0.32321724,-0.047884032,9.940725,-6.1086525E-4,0.0018325958,0.0,TREMOR,42fe4be625e4
1775692903356,1083088707322662,0.33518824,-0.050278235,9.9550905,0.0,0.0030543262,0.0,TREMOR,42fe4be625e4
1775692903364,1083088715317736,0.34955344,-0.06464344,9.974244,-6.1086525E-4,0.0012217305,-0.0012217305,TREMOR,42fe4be625e4
1775692903372,1083088723313194,0.35434186,-0.062249243,9.981427,-0.0030543262,6.1086525E-4,6.1086525E-4,TREMOR,42fe4be625e4
1775692903379,1083088730795037,0.35434186,-0.076614454,9.986216,0.0,0.0030543262,0.0,TREMOR,42fe4be625e4
1775692903387,1083088738732496,0.35673606,-0.05746084,9.967062,0.0,0.004886922,0.0,TREMOR,42fe4be625e4
1775692903396,1083088747263647,0.33758244,-0.06943185,9.9550905,0.004276057,0.008552114,0.0012217305,TREMOR,42fe4be625e4
1775692903404,1083088755295029,0.2681506,-0.045489833,9.993398,0.0012217305,0.0061086523,6.1086525E-4,TREMOR,42fe4be625e4
1775692903411,1083088762970102,0.23223756,-0.033518825,10.019734,0.0018325958,0.0036651916,6.1086525E-4,TREMOR,42fe4be625e4
1775692903420,1083088771316869,0.19393034,-0.055066638,10.012551,-6.1086525E-4,0.0012217305,0.0,TREMOR,42fe4be625e4
1775692903428,1083088779312173,0.18674773,-0.06464344,9.950302,-6.1086525E-4,0.002443461,0.0,TREMOR,42fe4be625e4
1775692903436,1083088787308478,0.20350714,-0.08379706,9.907207,-6.1086525E-4,0.0,-6.1086525E-4,TREMOR,42fe4be625e4
1775692903443,1083088794954321,0.25857377,-0.074220255,9.883265,-0.0012217305,-0.004276057,-0.0018325958,TREMOR,42fe4be625e4
1775692903452,1083088803299318,0.33518824,-0.090979666,9.931149,-0.0018325958,-0.009773844,-0.0012217305,TREMOR,42fe4be625e4
1775692903460,1083088811326008,0.38067806,-0.076614454,9.97185,-0.002443461,-0.010995574,6.1086525E-4,TREMOR,42fe4be625e4
1775692903468,1083088819322005,0.39504328,-0.074220255,10.014946,-0.0030543262,-0.007941248,0.0,TREMOR,42fe4be625e4
1775692903476,1083088827316771,0.3878607,-0.035913024,10.04607,-6.1086525E-4,-0.004276057,0.0018325958,TREMOR,42fe4be625e4
1775692903484,1083088835312537,0.36631286,-0.033518825,10.038888,0.0012217305,0.0018325958,-6.1086525E-4,TREMOR,42fe4be625e4
1775692903492,1083088843308226,0.3184288,-0.035913024,10.014946,0.002443461,0.0061086523,-6.1086525E-4,TREMOR,42fe4be625e4
1775692903500,1083088851328531,0.30406362,-0.021547815,9.97185,0.0,0.0067195175,-0.0012217305,TREMOR,42fe4be625e4
1775692903508,1083088859301374,0.32561144,-0.08140286,9.931149,-6.1086525E-4,0.002443461,0.0,TREMOR,42fe4be625e4
1775692903516,1083088867324141,0.33039984,-0.076614454,9.919178,-0.0012217305,-6.1086525E-4,-6.1086525E-4,TREMOR,42fe4be625e4
1775692903523,1083088874969753,0.31364042,-0.090979666,9.962274,-0.0012217305,-0.0012217305,0.0,TREMOR,42fe4be625e4
1775692903532,1083088883341442,0.30885202,-0.093373865,9.991004,-0.0012217305,0.0012217305,0.0,TREMOR,42fe4be625e4
1775692903540,1083088891311593,0.29927522,-0.08379706,9.969456,0.0012217305,0.0030543262,0.0012217305,TREMOR,42fe4be625e4
1775692903548,1083088899277667,0.272939,-0.05746084,9.981427,0.0,0.004276057,0.002443461,TREMOR,42fe4be625e4
1775692903556,1083088907302049,0.24181437,-0.033518825,9.9550905,0.0018325958,0.0036651916,-6.1086525E-4,TREMOR,42fe4be625e4
1775692903564,1083088915299815,0.272939,-0.04070143,9.938332,6.1086525E-4,0.0018325958,6.1086525E-4,TREMOR,42fe4be625e4
1775692903572,1083088923324504,0.31364042,-0.050278235,9.935937,-6.1086525E-4,-0.0012217305,-0.0018325958,TREMOR,42fe4be625e4
1775692903580,1083088931322040,0.33039984,-0.06464344,9.986216,-6.1086525E-4,-0.0030543262,-6.1086525E-4,TREMOR,42fe4be625e4
1775692903588,1083088939318268,0.33997664,-0.06464344,10.041282,-0.0012217305,-0.0061086523,-6.1086525E-4,TREMOR,42fe4be625e4
1775692903596,1083088947311880,0.32321724,-0.07182605,10.031705,-0.0012217305,-0.0018325958,0.0,TREMOR,42fe4be625e4
1775692903604,1083088955308491,0.30645782,-0.090979666,9.9550905,-6.1086525E-4,0.0,-0.0012217305,TREMOR,42fe4be625e4
1775692903612,1083088963303181,0.31124622,-0.08140286,9.935937,0.0018325958,0.0030543262,6.1086525E-4,TREMOR,42fe4be625e4
1775692903620,1083088971298255,0.2873042,-0.06464344,9.950302,0.0018325958,0.002443461,0.0,TREMOR,42fe4be625e4
1775692903628,1083088979325098,0.29209262,-0.05267244,9.964667,6.1086525E-4,-0.0012217305,0.0012217305,TREMOR,42fe4be625e4
1775692903636,1083088987321633,0.3184288,-0.035913024,10.01734,-0.0012217305,-0.0018325958,0.0,TREMOR,42fe4be625e4
1775692903644,1083088995341015,0.32321724,-0.06464344,10.000581,-0.0018325958,-0.0030543262,0.0,TREMOR,42fe4be625e4
1775692903652,1083089003313627,0.35434186,-0.06703765,9.983821,-0.0018325958,-0.0018325958,-6.1086525E-4,TREMOR,42fe4be625e4
1775692903660,1083089011307240,0.34715924,-0.090979666,9.974244,-6.1086525E-4,0.0018325958,0.0012217305,TREMOR,42fe4be625e4
1775692903668,1083089019303852,0.32800564,-0.06943185,9.959879,0.0,0.004886922,6.1086525E-4,TREMOR,42fe4be625e4
1775692903676,1083089027329080,0.30166942,-0.059855044,9.950302,-6.1086525E-4,0.0036651916,0.0012217305,TREMOR,42fe4be625e4
1775692903684,1083089035325692,0.2705448,-0.062249243,9.962274,0.0,0.0030543262,6.1086525E-4,TREMOR,42fe4be625e4
1775692903692,1083089043321612,0.260968,-0.059855044,9.974244,0.0,0.0,6.1086525E-4,TREMOR,42fe4be625e4
1775692903700,1083089051315533,0.2873042,-0.047884032,9.974244,0.0,-0.0012217305,6.1086525E-4,TREMOR,42fe4be625e4
1775692903708,1083089059313376,0.2873042,-0.05746084,9.988609,-6.1086525E-4,-6.1086525E-4,0.0,TREMOR,42fe4be625e4
1775692903716,1083089067306296,0.31124622,-0.05267244,9.983821,-0.0012217305,-0.002443461,-0.0012217305,TREMOR,42fe4be625e4
1775692903724,1083089075301908,0.320823,-0.06943185,9.935937,-6.1086525E-4,6.1086525E-4,-0.0018325958,TREMOR,42fe4be625e4
1775692903732,1083089083297290,0.320823,-0.050278235,9.933543,-0.0012217305,-0.0012217305,0.0,TREMOR,42fe4be625e4
1775692903740,1083089091323748,0.33279404,-0.06703765,9.964667,-0.0018325958,-0.002443461,-6.1086525E-4,TREMOR,42fe4be625e4
1775692903748,1083089099320976,0.32321724,-0.05746084,9.998186,6.1086525E-4,0.0012217305,0.0012217305,TREMOR,42fe4be625e4
1775692903756,1083089107315204,0.31364042,-0.06703765,10.0029745,-6.1086525E-4,-0.0012217305,0.0,TREMOR,42fe4be625e4
1775692903764,1083089115312124,0.31603462,-0.059855044,9.9790325,-6.1086525E-4,-0.0012217305,-6.1086525E-4,TREMOR,42fe4be625e4
1775692903772,1083089123306275,0.32561144,-0.06943185,9.947908,-6.1086525E-4,6.1086525E-4,-0.0018325958,TREMOR,42fe4be625e4
1775692903780,1083089131304041,0.31364042,-0.062249243,9.967062,-6.1086525E-4,0.0,0.0,TREMOR,42fe4be625e4
1775692903787,1083089138919192,0.320823,-0.06943185,9.957485,-6.1086525E-4,0.0,-6.1086525E-4,TREMOR,42fe4be625e4
1775692903796,1083089147288035,0.33279404,-0.06943185,9.97185,-6.1086525E-4,6.1086525E-4,0.0,TREMOR,42fe4be625e4
1775692903804,1083089155290263,0.32321724,-0.06464344,9.9790325,-0.0018325958,0.0,0.0012217305,TREMOR,42fe4be625e4
1775692903812,1083089163314568,0.29927522,-0.055066638,9.967062,0.0,0.0018325958,0.0012217305,TREMOR,42fe4be625e4
1775692903820,1083089171366257,0.260968,-0.05267244,9.983821,-6.1086525E-4,6.1086525E-4,0.0,TREMOR,42fe4be625e4
1775692903828,1083089179309023,0.2657564,-0.06703765,9.9790325,6.1086525E-4,-0.0012217305,0.0012217305,TREMOR,42fe4be625e4
1775692903836,1083089187301867,0.2633622,-0.062249243,9.952697,-6.1086525E-4,0.0012217305,0.0,TREMOR,42fe4be625e4
1775692903844,1083089195299402,0.2681506,-0.059855044,9.986216,-6.1086525E-4,-6.1086525E-4,-6.1086525E-4,TREMOR,42fe4be625e4
1775692903852,1083089203324322,0.31603462,-0.074220255,9.940725,-0.0012217305,-0.004276057,6.1086525E-4,TREMOR,42fe4be625e4
1775692903860,1083089211320704,0.33997664,-0.079008654,9.923966,-0.0012217305,-0.004276057,-6.1086525E-4,TREMOR,42fe4be625e4
1775692903868,1083089219315470,0.37110126,-0.07182605,9.983821,-0.0018325958,-0.004886922,-0.0018325958,TREMOR,42fe4be625e4
1775692903876,1083089227310236,0.35673606,-0.06943185,10.014946,0.0,-0.0036651916,6.1086525E-4,TREMOR,42fe4be625e4
1775692903884,1083089235306156,0.37588966,-0.055066638,10.022128,-6.1086525E-4,-0.0018325958,6.1086525E-4,TREMOR,42fe4be625e4
1775692903892,1083089243301307,0.3854665,-0.05746084,9.983821,6.1086525E-4,6.1086525E-4,0.0012217305,TREMOR,42fe4be625e4
1775692903900,1083089251296997,0.37588966,-0.050278235,9.97185,6.1086525E-4,0.002443461,-6.1086525E-4,TREMOR,42fe4be625e4
1775692903908,1083089259348378,0.36152446,-0.07182605,9.964667,0.0,0.004276057,6.1086525E-4,TREMOR,42fe4be625e4
1775692903916,1083089267289606,0.34476504,-0.062249243,9.976639,0.0,0.0030543262,6.1086525E-4,TREMOR,42fe4be625e4
1775692903924,1083089275315449,0.32321724,-0.076614454,9.9790325,0.0,0.002443461,0.0,TREMOR,42fe4be625e4
1775692903932,1083089283243677,0.2777274,-0.059855044,9.995792,0.0,0.0036651916,0.0012217305,TREMOR,42fe4be625e4
1775692903940,1083089291304596,0.20829555,-0.059855044,9.988609,0.0012217305,0.004886922,0.0,TREMOR,42fe4be625e4
1775692903948,1083089299303055,0.18914193,-0.07182605,9.9550905,0.0012217305,0.005497787,0.0,TREMOR,42fe4be625e4
1775692903956,1083089307296590,0.19871874,-0.05746084,9.900024,0.0,0.005497787,6.1086525E-4,TREMOR,42fe4be625e4
1775692903964,1083089315322433,0.20350714,-0.074220255,9.911995,6.1086525E-4,-6.1086525E-4,-6.1086525E-4,TREMOR,42fe4be625e4
1775692903972,1083089323320661,0.24899697,-0.05746084,9.921572,-0.0012217305,-0.0061086523,-0.0018325958,TREMOR,42fe4be625e4
1775692903980,1083089331314196,0.29688102,-0.088585466,9.993398,-0.002443461,-0.009773844,0.0,TREMOR,42fe4be625e4
1775692903988,1083089339365501,0.320823,-0.08379706,9.964667,-0.002443461,-0.009773844,-6.1086525E-4,TREMOR,42fe4be625e4
1775692903996,1083089347307037,0.35434186,-0.074220255,9.995792,-0.0030543262,-0.007941248,-6.1086525E-4,TREMOR,42fe4be625e4
1775692904003,1083089354887111,0.36152446,-0.05746084,10.000581,0.0,-0.005497787,0.0012217305,TREMOR,42fe4be625e4
1775692904012,1083089363297877,0.38067806,-0.055066638,9.983821,0.0,-0.0018325958,-6.1086525E-4,TREMOR,42fe4be625e4
1775692904020,1083089371322797,0.39025488,-0.04309563,9.950302,0.0,-6.1086525E-4,-6.1086525E-4,TREMOR,42fe4be625e4
1775692904028,1083089379319025,0.4213795,-0.04309563,9.931149,0.0,0.0036651916,-0.0012217305,TREMOR,42fe4be625e4
1775692904036,1083089387312945,0.4405331,-0.06703765,9.993398,0.0,0.0036651916,-6.1086525E-4,TREMOR,42fe4be625e4
1775692904044,1083089395310480,0.4333505,-0.05746084,10.0748005,6.1086525E-4,6.1086525E-4,-6.1086525E-4,TREMOR,42fe4be625e4
1775692904052,1083089403304862,0.33279404,-0.06703765,10.09156,-6.1086525E-4,0.004276057,0.0012217305,TREMOR,42fe4be625e4
1775692904060,1083089411302090,0.25139117,-0.08379706,9.9790325,-6.1086525E-4,0.0061086523,6.1086525E-4,TREMOR,42fe4be625e4
1775692904068,1083089419330164,0.22744916,-0.076614454,9.890448,6.1086525E-4,0.01038471,0.0018325958,TREMOR,42fe4be625e4
1775692904076,1083089427322699,0.18674773,-0.074220255,9.871294,0.002443461,0.007330383,0.0,TREMOR,42fe4be625e4
1775692904084,1083089435343312,0.21547815,-0.074220255,9.940725,0.0012217305,0.0061086523,-6.1086525E-4,TREMOR,42fe4be625e4
1775692904092,1083089443314693,0.22984336,-0.05746084,9.952697,-0.0012217305,-0.0018325958,-0.0012217305,TREMOR,42fe4be625e4
1775692904100,1083089451309767,0.2657564,-0.05746084,9.969456,-0.0030543262,-0.0067195175,0.0,TREMOR,42fe4be625e4
1775692904108,1083089459307303,0.30645782,-0.047884032,9.983821,-0.0036651916,-0.007330383,0.0012217305,TREMOR,42fe4be625e4
1775692904116,1083089467301530,0.2896984,-0.06464344,10.007763,-6.1086525E-4,-0.005497787,0.0012217305,TREMOR,42fe4be625e4
1775692904124,1083089475327297,0.31603462,-0.08619126,9.967062,6.1086525E-4,-0.0018325958,6.1086525E-4,TREMOR,42fe4be625e4
1775692904132,1083089483329217,0.3184288,-0.08379706,9.945514,6.1086525E-4,-0.0012217305,6.1086525E-4,TREMOR,42fe4be625e4
1775692904140,1083089491318060,0.32321724,-0.08379706,9.952697,0.0,-0.0036651916,-6.1086525E-4,TREMOR,42fe4be625e4
1775692904148,1083089499315903,0.35194764,-0.08379706,9.986216,-0.0012217305,-0.007330383,-0.0012217305,TREMOR,42fe4be625e4
1775692904156,1083089507308592,0.37588966,-0.059855044,9.991004,-0.0018325958,-0.0061086523,-6.1086525E-4,TREMOR,42fe4be625e4
1775692904164,1083089515306051,0.36391866,-0.045489833,9.986216,-0.0018325958,-0.0012217305,-0.0018325958,TREMOR,42fe4be625e4
1775692904172,1083089523302971,0.39983168,-0.050278235,9.991004,-6.1086525E-4,0.0018325958,-6.1086525E-4,TREMOR,42fe4be625e4
1775692904756,1083090107317956,0.2657564,-0.059855044,9.964667,0.0012217305,-0.0030543262,-0.0012217305,TREMOR,42fe4be625e4
1775692904764,1083090115313338,0.2681506,-0.062249243,9.9790325,-6.1086525E-4,-0.0012217305,0.0,TREMOR,42fe4be625e4
1775692904772,1083090123393643,0.2681506,-0.08140286,9.976639,-6.1086525E-4,-6.1086525E-4,-6.1086525E-4,TREMOR,42fe4be625e4
1775692904780,1083090131389332,0.30166942,-0.07182605,9.957485,-6.1086525E-4,-6.1086525E-4,-6.1086525E-4,TREMOR,42fe4be625e4
1775692904788,1083090139330253,0.33758244,-0.062249243,9.97185,-6.1086525E-4,-6.1086525E-4,-6.1086525E-4,TREMOR,42fe4be625e4
1775692904796,1083090147325943,0.34715924,-0.059855044,9.9790325,-6.1086525E-4,-6.1086525E-4,-6.1086525E-4,TREMOR,42fe4be625e4
1775692904804,1083090155319555,0.36152446,-0.06943185,9.959879,-6.1086525E-4,-6.1086525E-4,-6.1086525E-4,TREMOR,42fe4be625e4
1775692904812,1083090163316476,0.36391866,-0.06703765,9.950302,-6.1086525E-4,-6.1086525E-4,-6.1086525E-4,TREMOR,42fe4be625e4
1775692904820,1083090171310935,0.37349546,-0.074220255,9.993398,-6.1086525E-4,-6.1086525E-4,-6.1086525E-4,TREMOR,42fe4be625e4
1775692904828,1083090179309624,0.37110126,-0.06464344,10.0029745,-6.1086525E-4,-6.1086525E-4,-6.1086525E-4,TREMOR,42fe4be625e4
1775692904836,1083090187301930,0.35673606,-0.059855044,9.998186,-6.1086525E-4,0.0012217305,-6.1086525E-4,TREMOR,42fe4be625e4
1775692904844,1083090195327773,0.3878607,-0.06703765,9.986216,0.0,0.0018325958,6.1086525E-4,TREMOR,42fe4be625e4
1775692904852,1083090203325001,0.38307226,-0.06943185,9.959879,0.0,0.0036651916,-0.0012217305,TREMOR,42fe4be625e4
1775692904860,1083090211322844,0.32800564,-0.062249243,9.962274,0.0,0.004886922,0.0018325958,TREMOR,42fe4be625e4
1775692904868,1083090219316380,0.31124622,-0.062249243,9.964667,6.1086525E-4,0.008552114,0.0012217305,TREMOR,42fe4be625e4
1775692904876,1083090227312762,0.2801216,-0.055066638,9.9790325,0.0,0.0067195175,0.0,TREMOR,42fe4be625e4
1775692904884,1083090235306298,0.272939,-0.06464344,9.974244,0.0012217305,0.0061086523,0.0,TREMOR,42fe4be625e4
1775692904892,1083090243302603,0.24420857,-0.06943185,9.974244,6.1086525E-4,0.004886922,0.0012217305,TREMOR,42fe4be625e4
1775692904900,1083090251299216,0.22505496,-0.04070143,9.967062,0.0018325958,0.0030543262,-6.1086525E-4,TREMOR,42fe4be625e4
1775692904908,1083090259325367,0.22984336,-0.050278235,9.959879,0.0,0.002443461,-0.0012217305,TREMOR,42fe4be625e4
1775692904916,1083090267321288,0.20350714,-0.07182605,9.967062,0.0,-0.0036651916,-0.0012217305,TREMOR,42fe4be625e4
1775692904924,1083090275314515,0.20350714,-0.079008654,9.933543,-0.002443461,-0.004276057,6.1086525E-4,TREMOR,42fe4be625e4
1775692904932,1083090283310820,0.2681506,-0.07182605,9.91439,-0.0018325958,-0.0067195175,6.1086525E-4,TREMOR,42fe4be625e4
1775692904940,1083090291308664,0.30166942,-0.08379706,9.911995,-0.0012217305,-0.007941248,-6.1086525E-4,TREMOR,42fe4be625e4
1775692904947,1083090298929584,0.33518824,-0.076614454,9.981427,-0.0018325958,-0.009773844,0.0,TREMOR,42fe4be625e4
1775692904955,1083090306849889,0.40940848,-0.074220255,9.981427,-0.0012217305,-0.007330383,6.1086525E-4,TREMOR,42fe4be625e4
1775692904963,1083090314747733,0.44532153,-0.062249243,9.993398,-0.002443461,-0.0061086523,6.1086525E-4,TREMOR,42fe4be625e4
1775692904972,1083090323319423,0.45010993,-0.05746084,9.993398,-0.0030543262,-0.005497787,0.0,TREMOR,42fe4be625e4
1775692904980,1083090331315189,0.44771573,-0.05267244,10.014946,-0.0012217305,-6.1086525E-4,6.1086525E-4,TREMOR,42fe4be625e4
1775692904988,1083090339312341,0.39743748,-0.055066638,10.024523,6.1086525E-4,0.0061086523,6.1086525E-4,TREMOR,42fe4be625e4
1775692904996,1083090347306569,0.34476504,-0.06943185,9.995792,0.0,0.009162978,-0.0012217305,TREMOR,42fe4be625e4
1775692905004,1083090355303719,0.29688102,-0.08619126,9.952697,6.1086525E-4,0.008552114,6.1086525E-4,TREMOR,42fe4be625e4
1775692905012,1083090363297871,0.25617957,-0.076614454,9.952697,0.0012217305,0.007941248,-6.1086525E-4,TREMOR,42fe4be625e4
1775692905020,1083090371323484,0.22026655,-0.08140286,9.9550905,6.1086525E-4,0.0061086523,0.0,TREMOR,42fe4be625e4
1775692905028,1083090379318865,0.22026655,-0.06943185,9.967062,-6.1086525E-4,0.004276057,0.0,TREMOR,42fe4be625e4
1775692905036,1083090387315786,0.21787235,-0.076614454,9.94312,-6.1086525E-4,0.0018325958,-6.1086525E-4,TREMOR,42fe4be625e4
1775692905044,1083090395312630,0.21068975,-0.06943185,9.950302,6.1086525E-4,0.0012217305,0.0,TREMOR,42fe4be625e4
1775692905052,1083090403307088,0.23702596,-0.055066638,9.952697,0.0,-0.0018325958,-0.0012217305,TREMOR,42fe4be625e4
1775692905060,1083090411301931,0.2777274,-0.050278235,9.945514,0.0,-0.0030543262,6.1086525E-4,TREMOR,42fe4be625e4
1775692905068,1083090419330775,0.29448682,-0.074220255,9.959879,-0.0012217305,-0.0036651916,-0.0012217305,TREMOR,42fe4be625e4
1775692905076,1083090427323772,0.31124622,-0.074220255,10.007763,-6.1086525E-4,-0.0061086523,-6.1086525E-4,TREMOR,42fe4be625e4
1775692905084,1083090435318770,0.32561144,-0.06703765,10.0029745,-6.1086525E-4,-0.0067195175,-6.1086525E-4,TREMOR,42fe4be625e4
1775692905092,1083090443316306,0.35194764,-0.059855044,9.976639,-6.1086525E-4,-0.0036651916,6.1086525E-4,TREMOR,42fe4be625e4
1775692905100,1083090451309918,0.37828386,-0.08140286,9.964667,-6.1086525E-4,-0.0030543262,-6.1086525E-4,TREMOR,42fe4be625e4
1775692905108,1083090459307454,0.35194764,-0.07182605,9.964667,0.0,0.0,-0.0012217305,TREMOR,42fe4be625e4
1775692905116,1083090467300913,0.35913026,-0.06943185,9.969456,0.0,-6.1086525E-4,0.0,TREMOR,42fe4be625e4
1775692905124,1083090475335757,0.35194764,-0.08140286,9.983821,0.0,0.0012217305,-6.1086525E-4,TREMOR,42fe4be625e4
1775692905132,1083090483323138,0.33997664,-0.08140286,9.9790325,0.0012217305,0.0012217305,6.1086525E-4,TREMOR,42fe4be625e4
1775692905140,1083090491318829,0.33039984,-0.06703765,10.000581,-6.1086525E-4,0.004276057,-0.0012217305,TREMOR,42fe4be625e4
1775692905148,1083090499317287,0.29448682,-0.045489833,10.012551,-6.1086525E-4,0.004276057,-0.0012217305,TREMOR,42fe4be625e4
1775692905156,1083090507309823,0.2801216,-0.055066638,9.974244,0.0018325958,0.005497787,-6.1086525E-4,TREMOR,42fe4be625e4
1775692905164,1083090515306821,0.24420857,-0.04070143,9.959879,0.0012217305,0.0067195175,6.1086525E-4,TREMOR,42fe4be625e4
1775692905172,1083090523514433,0.24181437,-0.05267244,9.921572,6.1086525E-4,0.004886922,0.0,TREMOR,42fe4be625e4
1775692905180,1083090531329584,0.25617957,-0.08619126,9.902418,6.1086525E-4,0.002443461,0.0,TREMOR,42fe4be625e4
1775692905188,1083090539324890,0.29448682,-0.08619126,9.933543,6.1086525E-4,0.002443461,0.0,TREMOR,42fe4be625e4
1775692905196,1083090547319656,0.29927522,-0.079008654,9.995792,6.1086525E-4,0.002443461,0.0,TREMOR,42fe4be625e4
1775692905204,1083090555090191,0.34476504,-0.08140286,10.01734,6.1086525E-4,0.002443461,0.0,TREMOR,42fe4be625e4
1775692905212,1083090563309497,0.3184288,-0.062249243,9.998186,-6.1086525E-4,-0.0030543262,6.1086525E-4,TREMOR,42fe4be625e4
1775692905220,1083090571305494,0.34715924,-0.055066638,9.9550905,-0.0012217305,0.0,0.0,TREMOR,42fe4be625e4
1775692905228,1083090579303953,0.33758244,-0.055066638,9.957485,6.1086525E-4,0.0012217305,6.1086525E-4,TREMOR,42fe4be625e4
1775692905236,1083090587328565,0.34476504,-0.038307227,9.976639,0.002443461,0.0018325958,-0.0012217305,TREMOR,42fe4be625e4
1775692905244,1083090595321871,0.34715924,-0.07182605,9.981427,-0.0018325958,6.1086525E-4,0.0,TREMOR,42fe4be625e4
1775692905252,1083090603318483,0.34476504,-0.08140286,9.981427,-0.0012217305,-6.1086525E-4,-6.1086525E-4,TREMOR,42fe4be625e4
1775692905260,1083090611315326,0.34955344,-0.07182605,9.988609,-0.0012217305,0.0,-0.0018325958,TREMOR,42fe4be625e4
1775692905268,1083090619312247,0.32321724,-0.07182605,9.988609,-0.0012217305,0.0012217305,-6.1086525E-4,TREMOR,42fe4be625e4
1775692905276,1083090627304937,0.2753332,-0.05746084,9.995792,-6.1086525E-4,0.0030543262,-6.1086525E-4,TREMOR,42fe4be625e4
1775692905284,1083090635302165,0.23702596,-0.06464344,9.935937,6.1086525E-4,0.0061086523,0.0012217305,TREMOR,42fe4be625e4
1775692905292,1083090643382470,0.22744916,-0.055066638,9.947908,0.0018325958,0.004886922,-0.0012217305,TREMOR,42fe4be625e4
1775692905300,1083090651322160,0.25378537,-0.05267244,9.952697,6.1086525E-4,0.0036651916,-0.0012217305,TREMOR,42fe4be625e4
1775692905308,1083090659343080,0.2801216,-0.06703765,9.950302,-0.0018325958,-0.0036651916,6.1086525E-4,TREMOR,42fe4be625e4
1775692905316,1083090667315078,0.31364042,-0.093373865,9.967062,-0.0036651916,-0.004886922,-6.1086525E-4,TREMOR,42fe4be625e4
1775692905324,1083090675240305,0.34237084,-0.06703765,9.986216,-0.0018325958,-0.0067195175,6.1086525E-4,TREMOR,42fe4be625e4
1775692905332,1083090683304841,0.35434186,-0.062249243,9.991004,-6.1086525E-4,-0.0036651916,-6.1086525E-4,TREMOR,42fe4be625e4
1775692905339,1083090690915916,0.35913026,-0.062249243,9.97185,-6.1086525E-4,-0.0018325958,0.0,TREMOR,42fe4be625e4
1775692905348,1083090699328528,0.35194764,-0.04309563,9.957485,-0.0030543262,-6.1086525E-4,0.0012217305,TREMOR,42fe4be625e4
1775692905356,1083090707322141,0.3184288,-0.055066638,9.974244,0.0,0.0018325958,0.0,TREMOR,42fe4be625e4
1775692905364,1083090715318985,0.34476504,-0.06703765,10.010158,-6.1086525E-4,6.1086525E-4,0.0,TREMOR,42fe4be625e4
1775692905372,1083090723314367,0.35434186,-0.06464344,9.988609,-6.1086525E-4,6.1086525E-4,-0.0012217305,TREMOR,42fe4be625e4
1775692905380,1083090731311671,0.37349546,-0.08140286,9.950302,-0.002443461,6.1086525E-4,-6.1086525E-4,TREMOR,42fe4be625e4
1775692905388,1083090739329746,0.36631286,-0.08140286,9.957485,-0.0012217305,0.0030543262,6.1086525E-4,TREMOR,42fe4be625e4
1775692905396,1083090747303051,0.32561144,-0.076614454,9.988609,0.0,0.005497787,6.1086525E-4,TREMOR,42fe4be625e4
1775692905404,1083090755327971,0.25139117,-0.062249243,9.995792,0.0018325958,0.004886922,0.002443461,TREMOR,42fe4be625e4
1775692905412,1083090763323277,0.21787235,-0.06464344,9.969456,0.0012217305,0.005497787,0.0012217305,TREMOR,42fe4be625e4
1775692905420,1083090771289120,0.18435353,-0.05267244,9.928755,6.1086525E-4,0.0036651916,6.1086525E-4,TREMOR,42fe4be625e4
1775692905428,1083090779313732,0.18914193,-0.062249243,9.940725,0.0012217305,0.0018325958,-6.1086525E-4,TREMOR,42fe4be625e4
1775692905436,1083090787333806,0.23942018,-0.06464344,9.935937,0.0,-0.002443461,0.0,TREMOR,42fe4be625e4
1775692905444,1083090795305189,0.2873042,-0.05746084,9.947908,-0.0018325958,-0.0061086523,0.0,TREMOR,42fe4be625e4
1775692905452,1083090803355570,0.30166942,-0.06943185,9.976639,-0.0018325958,-0.009162978,-0.0012217305,TREMOR,42fe4be625e4
1775692905460,1083090811295260,0.34476504,-0.08379706,9.9790325,-0.002443461,-0.007330383,0.0,TREMOR,42fe4be625e4
1775692905468,1083090819324489,0.36152446,-0.06703765,9.995792,0.0012217305,-0.0067195175,6.1086525E-4,TREMOR,42fe4be625e4
1775692905476,1083090827318332,0.33758244,-0.059855044,10.019734,0.0012217305,-0.0012217305,0.0018325958,TREMOR,42fe4be625e4
1775692905484,1083090835338021,0.33518824,-0.06943185,10.014946,0.0018325958,6.1086525E-4,-6.1086525E-4,TREMOR,42fe4be625e4
1775692905492,1083090843308865,0.36152446,-0.062249243,9.97185,0.0018325958,0.0,0.0012217305,TREMOR,42fe4be625e4
1775692905500,1083090851304170,0.36391866,-0.05746084,9.957485,-0.002443461,-0.0012217305,-0.0012217305,TREMOR,42fe4be625e4
1775692905508,1083090859302090,0.33997664,-0.06943185,9.969456,-0.0012217305,-0.0012217305,-0.0012217305,TREMOR,42fe4be625e4
1775692905516,1083090867327934,0.38307226,-0.055066638,9.964667,0.0,6.1086525E-4,0.0,TREMOR,42fe4be625e4
1775692905524,1083090875321470,0.33758244,-0.062249243,9.969456,0.0018325958,0.0036651916,-0.0012217305,TREMOR,42fe4be625e4
1775692905532,1083090883318005,0.32800564,-0.05746084,9.986216,6.1086525E-4,0.0036651916,0.0,TREMOR,42fe4be625e4
1775692905540,1083090891313772,0.2753332,-0.059855044,9.962274,6.1086525E-4,0.005497787,6.1086525E-4,TREMOR,42fe4be625e4
1775692905548,1083090899308231,0.2777274,-0.05267244,9.959879,0.0012217305,0.0067195175,-0.0012217305,TREMOR,42fe4be625e4
1775692905555,1083090906790074,0.272939,-0.074220255,9.9550905,0.0,0.0061086523,0.0,TREMOR,42fe4be625e4
1775692905564,1083090915298380,0.2657564,-0.074220255,9.959879,-0.004276057,0.0,0.0,TREMOR,42fe4be625e4
1775692905572,1083090923381146,0.28491,-0.06943185,9.995792,6.1086525E-4,0.0,0.0,TREMOR,42fe4be625e4
1775692905580,1083090931320759,0.2801216,-0.06703765,9.991004,-0.0012217305,0.0,-6.1086525E-4,TREMOR,42fe4be625e4
1775692905588,1083090939186987,0.2777274,-0.076614454,9.967062,-6.1086525E-4,-0.0018325958,0.0,TREMOR,42fe4be625e4
1775692905596,1083090947314061,0.29688102,-0.06703765,9.938332,-0.002443461,-0.002443461,0.0,TREMOR,42fe4be625e4
1775692905604,1083090955308135,0.31124622,-0.062249243,9.938332,-6.1086525E-4,-0.002443461,0.0,TREMOR,42fe4be625e4
1775692905612,1083090963303209,0.33758244,-0.076614454,9.969456,0.0,-0.002443461,-6.1086525E-4,TREMOR,42fe4be625e4
1775692905619,1083090970977438,0.33997664,-0.07182605,9.988609,-0.0012217305,-0.004276057,0.0,TREMOR,42fe4be625e4
1775692905628,1083090979328512,0.33997664,-0.08379706,10.000581,-6.1086525E-4,-0.0030543262,6.1086525E-4,TREMOR,42fe4be625e4
1775692905636,1083090987320817,0.33997664,-0.06943185,9.983821,-0.0018325958,-0.002443461,6.1086525E-4,TREMOR,42fe4be625e4
1775692905644,1083090995316507,0.33518824,-0.055066638,10.005369,-6.1086525E-4,0.0,-0.0012217305,TREMOR,42fe4be625e4
1775692905652,1083091003313042,0.30885202,-0.06703765,9.964667,-6.1086525E-4,0.002443461,0.0012217305,TREMOR,42fe4be625e4
1775692905660,1083091011307886,0.32561144,-0.062249243,9.967062,-0.0018325958,0.0018325958,-0.0012217305,TREMOR,42fe4be625e4
1775692905668,1083091019304191,0.30885202,-0.05746084,9.94312,6.1086525E-4,0.0,6.1086525E-4,TREMOR,42fe4be625e4
1775692905676,1083091027300188,0.30166942,-0.05746084,9.950302,-0.0012217305,6.1086525E-4,-6.1086525E-4,TREMOR,42fe4be625e4
1775692905684,1083091035324801,0.2801216,-0.08379706,9.974244,-0.0012217305,6.1086525E-4,6.1086525E-4,TREMOR,42fe4be625e4
1775692905692,1083091043321029,0.31364042,-0.07182605,9.9790325,-6.1086525E-4,6.1086525E-4,-6.1086525E-4,TREMOR,42fe4be625e4
1775692905699,1083091050913027,0.30406362,-0.06943185,9.962274,-6.1086525E-4,6.1086525E-4,-6.1086525E-4,TREMOR,42fe4be625e4
1775692905708,1083091059312793,0.320823,-0.074220255,9.957485,6.1086525E-4,0.0030543262,6.1086525E-4,TREMOR,42fe4be625e4
1775692905716,1083091067306945,0.31364042,-0.076614454,9.959879,0.0012217305,0.002443461,6.1086525E-4,TREMOR,42fe4be625e4
1775692905724,1083091075302942,0.31364042,-0.062249243,9.969456,-6.1086525E-4,-6.1086525E-4,-0.0012217305,TREMOR,42fe4be625e4
1775692905732,1083091083298939,0.33039984,-0.06703765,9.991004,0.0,-0.0012217305,0.0,TREMOR,42fe4be625e4
1775692905740,1083091091326629,0.320823,-0.05267244,9.995792,6.1086525E-4,6.1086525E-4,6.1086525E-4,TREMOR,42fe4be625e4
1775692905748,1083091099322549,0.2825158,-0.035913024,9.991004,6.1086525E-4,6.1086525E-4,0.0018325958,TREMOR,42fe4be625e4
1775692905756,1083091107317315,0.25857377,-0.06703765,9.97185,0.0,0.0036651916,6.1086525E-4,TREMOR,42fe4be625e4
1775692905764,1083091115311467,0.260968,-0.06464344,9.959879,-6.1086525E-4,0.0012217305,-6.1086525E-4,TREMOR,42fe4be625e4
1775692905772,1083091123307541,0.2825158,-0.09816227,9.928755,6.1086525E-4,0.0,-6.1086525E-4,TREMOR,42fe4be625e4
1775692905780,1083091131302923,0.29688102,-0.074220255,9.94312,0.0,-0.0012217305,-0.0012217305,TREMOR,42fe4be625e4
1775692905788,1083091139353997,0.30645782,-0.06703765,9.959879,-6.1086525E-4,-0.004276057,-0.0018325958,TREMOR,42fe4be625e4
1775692905796,1083091147294918,0.3184288,-0.08140286,9.976639,0.0,-0.002443461,0.0012217305,TREMOR,42fe4be625e4
1775692905804,1083091155319761,0.34955344,-0.059855044,9.976639,-6.1086525E-4,-0.0036651916,0.0,TREMOR,42fe4be625e4
1775692905812,1083091163315527,0.32800564,-0.055066638,9.974244,6.1086525E-4,0.0018325958,0.0012217305,TREMOR,42fe4be625e4
1775692905820,1083091171313679,0.31603462,-0.050278235,9.967062,0.0012217305,-6.1086525E-4,0.0,TREMOR,42fe4be625e4
1775692905828,1083091179309061,0.33997664,-0.05746084,9.967062,0.0012217305,-0.0018325958,0.0012217305,TREMOR,42fe4be625e4
1775692905836,1083091187302289,0.33997664,-0.06703765,9.97185,-6.1086525E-4,6.1086525E-4,6.1086525E-4,TREMOR,42fe4be625e4
1775692905844,1083091195328979,0.33997664,-0.076614454,9.983821,-0.0012217305,-6.1086525E-4,-0.0012217305,TREMOR,42fe4be625e4
1775692905852,1083091203324053,0.33758244,-0.06703765,10.000581,-0.0012217305,0.0,0.0,TREMOR,42fe4be625e4
1775692905860,1083091211320665,0.29688102,-0.074220255,9.983821,-0.0012217305,0.0,0.0,TREMOR,42fe4be625e4
1775692905868,1083091219317048,0.2801216,-0.05746084,9.962274,0.0,0.0030543262,0.0,TREMOR,42fe4be625e4
1775692905876,1083091227312968,0.2801216,-0.076614454,9.92636,-0.0012217305,0.0,6.1086525E-4,TREMOR,42fe4be625e4
1775692905884,1083091235306503,0.29448682,-0.07182605,9.957485,0.0,0.0018325958,0.0,TREMOR,42fe4be625e4
1775692905892,1083091243357886,0.29688102,-0.059855044,9.959879,-6.1086525E-4,-0.002443461,6.1086525E-4,TREMOR,42fe4be625e4
1775692905900,1083091251298191,0.32800564,-0.074220255,9.983821,-0.0018325958,-0.0018325958,-0.0018325958,TREMOR,42fe4be625e4
1775692905908,1083091259295803,0.33039984,-0.08619126,9.962274,0.0,-0.002443461,-6.1086525E-4,TREMOR,42fe4be625e4
1775692905916,1083091267288647,0.35673606,-0.07182605,9.957485,0.0012217305,0.0,-0.0012217305,TREMOR,42fe4be625e4
1775692905924,1083091275317260,0.33997664,-0.07182605,9.974244,0.0,0.0012217305,6.1086525E-4,TREMOR,42fe4be625e4
1775692905932,1083091283310872,0.34476504,-0.055066638,9.974244,6.1086525E-4,0.002443461,0.0012217305,TREMOR,42fe4be625e4
1775692905939,1083091290832716,0.33279404,-0.06703765,9.964667,-6.1086525E-4,0.0018325958,0.0,TREMOR,42fe4be625e4
1775692905947,1083091298893021,0.32321724,-0.06703765,9.974244,0.0,0.0030543262,-6.1086525E-4,TREMOR,42fe4be625e4
1775692905955,1083091306796633,0.30885202,-0.06703765,9.988609,-0.0018325958,0.0,-0.0012217305,TREMOR,42fe4be625e4
1775692905964,1083091315323708,0.29927522,-0.047884032,9.993398,-0.0030543262,0.0,0.0,TREMOR,42fe4be625e4
1775692905972,1083091323319090,0.29209262,-0.06943185,9.976639,6.1086525E-4,0.0018325958,-0.0012217305,TREMOR,42fe4be625e4
1775692905980,1083091331315164,0.272939,-0.08379706,9.962274,0.0,0.0030543262,-6.1086525E-4,TREMOR,42fe4be625e4
1775692905987,1083091338853547,0.25857377,-0.05746084,9.933543,-0.0012217305,0.0018325958,6.1086525E-4,TREMOR,42fe4be625e4
1775692905996,1083091347305851,0.2633622,-0.062249243,9.969456,6.1086525E-4,-0.0030543262,-6.1086525E-4,TREMOR,42fe4be625e4
1775692906004,1083091355303156,0.2873042,-0.059855044,9.964667,-0.0018325958,-0.0018325958,6.1086525E-4,TREMOR,42fe4be625e4
1775692906012,1083091363352922,0.2681506,-0.059855044,9.952697,-0.0012217305,-0.0061086523,-0.0012217305,TREMOR,42fe4be625e4
1775692906020,1083091371323690,0.30645782,-0.045489833,9.969456,-0.002443461,-0.0030543262,0.0,TREMOR,42fe4be625e4
1775692906027,1083091378827763,0.32321724,-0.079008654,9.950302,-0.0012217305,-0.0061086523,-6.1086525E-4,TREMOR,42fe4be625e4
1775692906036,1083091387314453,0.36631286,-0.06943185,9.938332,-0.004886922,-0.004276057,6.1086525E-4,TREMOR,42fe4be625e4
1775692906044,1083091395310143,0.36631286,-0.076614454,9.969456,0.0,-0.0030543262,6.1086525E-4,TREMOR,42fe4be625e4
1775692906052,1083091403331063,0.39504328,-0.06943185,10.000581,-0.0012217305,-0.0012217305,-6.1086525E-4,TREMOR,42fe4be625e4
1775692906060,1083091411304599,0.36870706,-0.07182605,10.007763,-0.0018325958,-6.1086525E-4,0.0,TREMOR,42fe4be625e4
1775692906068,1083091419328904,0.34715924,-0.07182605,9.991004,-6.1086525E-4,-0.0012217305,0.0,TREMOR,42fe4be625e4
1775692906076,1083091427322517,0.33279404,-0.06703765,9.981427,6.1086525E-4,0.002443461,0.0,TREMOR,42fe4be625e4
1775692906083,1083091434806129,0.34237084,-0.07182605,9.964667,6.1086525E-4,0.005497787,0.0012217305,TREMOR,42fe4be625e4
1775692906092,1083091443315666,0.28491,-0.033518825,9.962274,0.0018325958,0.0030543262,0.0012217305,TREMOR,42fe4be625e4
1775692906099,1083091450815663,0.28491,-0.076614454,9.962274,-0.0012217305,0.0018325958,-0.0012217305,TREMOR,42fe4be625e4
1775692906108,1083091459306737,0.2801216,-0.090979666,9.974244,6.1086525E-4,0.002443461,6.1086525E-4,TREMOR,42fe4be625e4
1775692906116,1083091467300889,0.2801216,-0.06703765,9.962274,-6.1086525E-4,-6.1086525E-4,6.1086525E-4,TREMOR,42fe4be625e4
1775692906124,1083091475327424,0.2801216,-0.062249243,9.97185,-6.1086525E-4,-6.1086525E-4,6.1086525E-4,TREMOR,42fe4be625e4
1775692906132,1083091483323959,0.28491,-0.062249243,9.957485,-6.1086525E-4,0.0012217305,6.1086525E-4,TREMOR,42fe4be625e4
1775692906140,1083091491319419,0.2681506,-0.055066638,9.959879,-0.0012217305,0.0012217305,-0.0012217305,TREMOR,42fe4be625e4
1775692906148,1083091499315108,0.272939,-0.076614454,9.964667,-6.1086525E-4,0.0,0.0,TREMOR,42fe4be625e4
1775692906156,1083091507310721,0.29209262,-0.059855044,9.974244,0.0,6.1086525E-4,-6.1086525E-4,TREMOR,42fe4be625e4
1775692906164,1083091515305488,0.2896984,-0.06943185,9.967062,0.0,-0.0018325958,-6.1086525E-4,TREMOR,42fe4be625e4
1775692906172,1083091523303947,0.31124622,-0.06943185,9.981427,-0.0018325958,-0.0036651916,-0.0012217305,TREMOR,42fe4be625e4
1775692906180,1083091531328328,0.33518824,-0.08379706,9.9790325,-6.1086525E-4,-0.0018325958,0.0,TREMOR,42fe4be625e4
1775692906188,1083091539324556,0.34237084,-0.090979666,9.967062,-6.1086525E-4,-0.0030543262,0.0012217305,TREMOR,42fe4be625e4
1775692906196,1083091547320862,0.37110126,-0.076614454,9.962274,0.0,-0.002443461,0.0,TREMOR,42fe4be625e4
1775692906204,1083091555315320,0.35913026,-0.059855044,9.964667,6.1086525E-4,0.0,6.1086525E-4,TREMOR,42fe4be625e4
1775692906212,1083091563309471,0.34476504,-0.062249243,9.993398,6.1086525E-4,0.0012217305,0.0,TREMOR,42fe4be625e4
1775692906220,1083091571304931,0.33039984,-0.06943185,9.962274,0.0012217305,0.0012217305,6.1086525E-4,TREMOR,42fe4be625e4
1775692906228,1083091579301774,0.29688102,-0.062249243,9.967062,0.0,6.1086525E-4,0.0,TREMOR,42fe4be625e4
1775692906236,1083091587328002,0.30406362,-0.06943185,9.969456,0.0012217305,6.1086525E-4,0.0,TREMOR,42fe4be625e4
1775692906244,1083091595323615,0.29927522,-0.062249243,9.9790325,0.0012217305,0.0012217305,0.0012217305,TREMOR,42fe4be625e4
1775692906252,1083091603318458,0.2753332,-0.06943185,9.974244,6.1086525E-4,0.002443461,-6.1086525E-4,TREMOR,42fe4be625e4
1775692906260,1083091611314994,0.2705448,-0.07182605,9.969456,0.0012217305,0.0012217305,6.1086525E-4,TREMOR,42fe4be625e4
1775692906268,1083091619310453,0.2801216,-0.06943185,9.97185,0.0012217305,-6.1086525E-4,-0.0012217305,TREMOR,42fe4be625e4
1775692906276,1083091627304912,0.30166942,-0.074220255,9.94312,6.1086525E-4,0.0012217305,0.0,TREMOR,42fe4be625e4
1775692906284,1083091635300909,0.33997664,-0.06464344,9.964667,0.0,-6.1086525E-4,6.1086525E-4,TREMOR,42fe4be625e4
1775692906292,1083091643327984,0.31124622,-0.08619126,9.976639,0.0012217305,-6.1086525E-4,0.0,TREMOR,42fe4be625e4
1775692906300,1083091651321750,0.33039984,-0.059855044,9.995792,-0.0012217305,6.1086525E-4,6.1086525E-4,TREMOR,42fe4be625e4
1775692906308,1083091659319593,0.29927522,-0.074220255,9.974244,-6.1086525E-4,0.0018325958,-0.0012217305,TREMOR,42fe4be625e4
1775692906316,1083091667312591,0.31364042,-0.05267244,9.983821,0.0,6.1086525E-4,0.0,TREMOR,42fe4be625e4
1775692906324,1083091675310127,0.32561144,-0.074220255,9.964667,-0.0012217305,0.0012217305,0.0,TREMOR,42fe4be625e4
1775692906332,1083091683305201,0.32800564,-0.074220255,9.957485,-6.1086525E-4,6.1086525E-4,-0.0012217305,TREMOR,42fe4be625e4
1775692906340,1083091691301429,0.32561144,-0.06703765,9.952697,0.0,-0.0012217305,0.0,TREMOR,42fe4be625e4
1775692906348,1083091699329119,0.32561144,-0.07182605,9.983821,6.1086525E-4,0.0,0.0,TREMOR,42fe4be625e4
1775692906356,1083091707323039,0.31364042,-0.04309563,9.976639,-0.002443461,0.0012217305,-0.0012217305,TREMOR,42fe4be625e4
1775692906364,1083091715318651,0.2777274,-0.07182605,9.993398,-6.1086525E-4,0.002443461,0.0,TREMOR,42fe4be625e4
1775692906372,1083091723312495,0.2825158,-0.076614454,9.97185,-6.1086525E-4,0.0018325958,0.0018325958,TREMOR,42fe4be625e4
1775692906380,1083091731307877,0.2801216,-0.074220255,9.933543,-6.1086525E-4,0.0012217305,-6.1086525E-4,TREMOR,42fe4be625e4
1775692906388,1083091739329413,0.29927522,-0.07182605,9.935937,6.1086525E-4,-0.0018325958,6.1086525E-4,TREMOR,42fe4be625e4
1775692906396,1083091747300872,0.3184288,-0.090979666,9.94312,-0.0018325958,-0.0018325958,-0.0012217305,TREMOR,42fe4be625e4
1775692906404,1083091755325485,0.32561144,-0.076614454,9.969456,0.0,-0.0030543262,-0.0018325958,TREMOR,42fe4be625e4
1775692906412,1083091763290943,0.33758244,-0.05746084,9.964667,-6.1086525E-4,-0.0018325958,-6.1086525E-4,TREMOR,42fe4be625e4
1775692906420,1083091771316480,0.32561144,-0.074220255,9.983821,-0.0012217305,6.1086525E-4,6.1086525E-4,TREMOR,42fe4be625e4
1775692906428,1083091779315323,0.32321724,-0.062249243,9.981427,0.0,0.0018325958,6.1086525E-4,TREMOR,42fe4be625e4
1775692906436,1083091787308550,0.29927522,-0.06703765,9.957485,0.0018325958,0.0030543262,0.0012217305,TREMOR,42fe4be625e4
1775692906444,1083091795305087,0.30166942,-0.062249243,9.967062,0.0,6.1086525E-4,6.1086525E-4,TREMOR,42fe4be625e4
1775692906452,1083091803300853,0.29927522,-0.08140286,9.952697,-0.0018325958,0.0012217305,0.0,TREMOR,42fe4be625e4
1775692906460,1083091811326619,0.2896984,-0.08140286,9.9550905,-0.0012217305,0.0,0.0,TREMOR,42fe4be625e4
1775692906468,1083091819322694,0.29448682,-0.06703765,9.988609,0.0,-0.0018325958,6.1086525E-4,TREMOR,42fe4be625e4
1775692906476,1083091827318076,0.2657564,-0.06464344,9.959879,6.1086525E-4,0.0,0.0012217305,TREMOR,42fe4be625e4
1775692906484,1083091835312227,0.2681506,-0.05746084,9.97185,6.1086525E-4,0.0012217305,-0.0018325958,TREMOR,42fe4be625e4
1775692906492,1083091843307840,0.28491,-0.05267244,9.9550905,-0.0012217305,-0.0012217305,0.0,TREMOR,42fe4be625e4
1775692906500,1083091851303837,0.30166942,-0.059855044,9.945514,-0.0012217305,-0.0018325958,-0.0012217305,TREMOR,42fe4be625e4
1775692906508,1083091859301142,0.32800564,-0.07182605,9.935937,-0.0012217305,-0.0036651916,0.0,TREMOR,42fe4be625e4
1775692906516,1083091867325140,0.35673606,-0.06703765,10.019734,-0.0012217305,-0.004886922,0.0012217305,TREMOR,42fe4be625e4
1775692906524,1083091875320445,0.35434186,-0.08140286,10.024523,-0.0012217305,-0.0018325958,0.0,TREMOR,42fe4be625e4
1775692906532,1083091883317134,0.33518824,-0.06464344,9.964667,0.0,0.0,6.1086525E-4,TREMOR,42fe4be625e4
1775692906540,1083091891314055,0.320823,-0.05267244,9.911995,0.0018325958,0.0036651916,0.0,TREMOR,42fe4be625e4
1775692906548,1083091899309975,0.31124622,-0.033518825,9.97185,6.1086525E-4,0.002443461,0.0,TREMOR,42fe4be625e4
1775692906556,1083091907304818,0.30406362,-0.05267244,10.000581,0.0018325958,0.002443461,0.0,TREMOR,42fe4be625e4
1775692906564,1083091915298662,0.30885202,-0.062249243,9.981427,-0.0018325958,-6.1086525E-4,6.1086525E-4,TREMOR,42fe4be625e4
1775692906572,1083091923325429,0.30645782,-0.08140286,9.950302,-0.0018325958,-0.0012217305,0.0,TREMOR,42fe4be625e4
1775692906580,1083091931320426,0.33997664,-0.062249243,9.945514,-0.0012217305,-0.0012217305,-6.1086525E-4,TREMOR,42fe4be625e4
1775692906588,1083091939317423,0.320823,-0.08140286,9.964667,0.0,0.0012217305,6.1086525E-4,TREMOR,42fe4be625e4
1775692906596,1083091947311267,0.30885202,-0.08140286,9.993398,0.0012217305,0.0,0.0012217305,TREMOR,42fe4be625e4
1775692906604,1083091955309033,0.29688102,-0.059855044,9.976639,0.0012217305,0.0012217305,-6.1086525E-4,TREMOR,42fe4be625e4
1775692906612,1083091963302569,0.30406362,-0.05746084,9.967062,6.1086525E-4,0.0018325958,6.1086525E-4,TREMOR,42fe4be625e4
1775692906620,1083091971298336,0.30645782,-0.059855044,9.97185,0.0,-0.002443461,0.0,TREMOR,42fe4be625e4
1775692906628,1083091979325641,0.32321724,-0.035913024,9.981427,0.0,0.0,0.0,TREMOR,42fe4be625e4
1775692906636,1083091987321715,0.34955344,-0.06943185,9.983821,6.1086525E-4,-6.1086525E-4,0.0,TREMOR,42fe4be625e4
1775692906644,1083091995315559,0.33758244,-0.074220255,9.991004,6.1086525E-4,-6.1086525E-4,6.1086525E-4,TREMOR,42fe4be625e4
1775692906652,1083092003312787,0.3184288,-0.079008654,9.976639,0.0,0.0018325958,0.0,TREMOR,42fe4be625e4
1775692906660,1083092011310014,0.2801216,-0.06703765,9.9790325,6.1086525E-4,0.005497787,-6.1086525E-4,TREMOR,42fe4be625e4
1775692906668,1083092019304782,0.25617957,-0.06943185,9.991004,0.0018325958,0.0061086523,-6.1086525E-4,TREMOR,42fe4be625e4
1775692906676,1083092027299240,0.24899697,-0.050278235,9.974244,0.0,0.0012217305,6.1086525E-4,TREMOR,42fe4be625e4
1775692906684,1083092035324160,0.24899697,-0.05746084,9.952697,-6.1086525E-4,0.0,0.0,TREMOR,42fe4be625e4
1775692906692,1083092043319774,0.2801216,-0.07182605,9.92636,-0.0012217305,-0.0036651916,-0.002443461,TREMOR,42fe4be625e4
1775692906700,1083092051316771,0.30645782,-0.05746084,9.931149,-0.002443461,-0.0036651916,-6.1086525E-4,TREMOR,42fe4be625e4
1775692906708,1083092059314537,0.33518824,-0.076614454,9.938332,-6.1086525E-4,-0.004886922,-6.1086525E-4,TREMOR,42fe4be625e4
1775692906716,1083092067308381,0.34237084,-0.06943185,9.9790325,0.0,-0.002443461,0.0,TREMOR,42fe4be625e4
1775692906724,1083092075302532,0.33758244,-0.090979666,9.981427,6.1086525E-4,-0.002443461,0.0012217305,TREMOR,42fe4be625e4
1775692906732,1083092083297914,0.32800564,-0.06943185,10.007763,0.0012217305,0.0,0.0018325958,TREMOR,42fe4be625e4
1775692906740,1083092091325988,0.33518824,-0.05746084,9.995792,-6.1086525E-4,6.1086525E-4,6.1086525E-4,TREMOR,42fe4be625e4
1775692906748,1083092099319755,0.34715924,-0.055066638,9.957485,-0.0030543262,6.1086525E-4,0.0,TREMOR,42fe4be625e4
1775692906756,1083092107317060,0.33758244,-0.06703765,10.036493,-0.0012217305,-6.1086525E-4,0.0,TREMOR,42fe4be625e4
1775692906764,1083092115312441,0.33279404,-0.07182605,9.923966,0.0,-0.0012217305,-0.0012217305,TREMOR,42fe4be625e4
1775692906772,1083092123306285,0.34955344,-0.06703765,9.967062,6.1086525E-4,0.0012217305,6.1086525E-4,TREMOR,42fe4be625e4
1775692906780,1083092131302282,0.3184288,-0.06464344,9.974244,6.1086525E-4,0.0036651916,0.0,TREMOR,42fe4be625e4
1775692906788,1083092139299203,0.30166942,-0.079008654,9.991004,0.0,0.0018325958,0.0018325958,TREMOR,42fe4be625e4
1775692906796,1083092147325585,0.2801216,-0.08379706,9.969456,-6.1086525E-4,0.0018325958,-6.1086525E-4,TREMOR,42fe4be625e4
1775692906804,1083092155319736,0.29209262,-0.06703765,9.957485,-6.1086525E-4,0.002443461,6.1086525E-4,TREMOR,42fe4be625e4
1775692906812,1083092163316656,0.24899697,-0.06464344,9.97185,6.1086525E-4,0.0030543262,0.0,TREMOR,42fe4be625e4
1775692906820,1083092171312654,0.2657564,-0.06943185,9.962274,6.1086525E-4,0.002443461,0.0,TREMOR,42fe4be625e4
1775692906828,1083092179307190,0.25139117,-0.04309563,9.957485,6.1086525E-4,0.0012217305,0.0,TREMOR,42fe4be625e4
1775692906836,1083092187302264,0.2873042,-0.090979666,9.957485,0.0,-0.0018325958,-0.0012217305,TREMOR,42fe4be625e4
1775692906844,1083092195329569,0.30406362,-0.06943185,9.962274,-0.0012217305,-0.004886922,-6.1086525E-4,TREMOR,42fe4be625e4
1775692906852,1083092203324412,0.31603462,-0.074220255,9.967062,-0.0018325958,-0.004886922,-6.1086525E-4,TREMOR,42fe4be625e4
1775692906860,1083092211322486,0.31124622,-0.079008654,9.981427,-0.0012217305,-0.002443461,-6.1086525E-4,TREMOR,42fe4be625e4
1775692906868,1083092219315715,0.33758244,-0.06943185,9.969456,-0.0012217305,-0.002443461,6.1086525E-4,TREMOR,42fe4be625e4
1775692906876,1083092227312020,0.33039984,-0.06464344,9.964667,6.1086525E-4,-0.002443461,0.0,TREMOR,42fe4be625e4
1775692906884,1083092235305940,0.37588966,-0.05746084,9.935937,0.0,-0.0012217305,0.0,TREMOR,42fe4be625e4
1775692906892,1083092243301938,0.36631286,-0.05746084,9.969456,0.0012217305,6.1086525E-4,0.0,TREMOR,42fe4be625e4
1775692906900,1083092251296704,0.39983168,-0.08379706,9.974244,0.0,0.0012217305,0.0,TREMOR,42fe4be625e4
1775692906908,1083092259325624,0.40701428,-0.06943185,10.000581,6.1086525E-4,0.0,0.0012217305,TREMOR,42fe4be625e4
1775692906916,1083092267320699,0.3878607,-0.08140286,10.014946,0.0,0.0018325958,0.0,TREMOR,42fe4be625e4
1775692906924,1083092275316081,0.34955344,-0.06703765,10.01734,6.1086525E-4,0.004886922,0.0,TREMOR,42fe4be625e4
1775692906932,1083092283310463,0.2896984,-0.047884032,9.986216,0.002443461,0.008552114,-0.0012217305,TREMOR,42fe4be625e4
1775692906940,1083092291305537,0.24899697,-0.02633622,9.974244,0.0030543262,0.008552114,0.0,TREMOR,42fe4be625e4
1775692906948,1083092299302765,0.21308395,-0.02633622,9.969456,0.0030543262,0.007941248,0.0,TREMOR,42fe4be625e4
1775692906956,1083092307299147,0.21787235,-0.055066638,9.945514,0.0012217305,0.0067195175,6.1086525E-4,TREMOR,42fe4be625e4
1775692906964,1083092315323144,0.24899697,-0.06943185,9.921572,-6.1086525E-4,0.0012217305,0.0,TREMOR,42fe4be625e4
1775692906972,1083092323318757,0.272939,-0.08140286,9.957485,-0.0030543262,-0.004886922,0.0,TREMOR,42fe4be625e4
1775692906980,1083092331315370,0.2657564,-0.11731588,9.974244,-0.0018325958,-0.004886922,6.1086525E-4,TREMOR,42fe4be625e4
1775692906988,1083092339311059,0.29927522,-0.093373865,9.981427,-0.0012217305,-0.004886922,-6.1086525E-4,TREMOR,42fe4be625e4
1775692906996,1083092347304903,0.30166942,-0.05746084,9.969456,6.1086525E-4,-0.0030543262,0.0012217305,TREMOR,42fe4be625e4
1775692907004,1083092355301593,0.320823,-0.055066638,9.959879,0.0012217305,-0.0012217305,6.1086525E-4,TREMOR,42fe4be625e4
1775692907012,1083092363299743,0.33039984,-0.05746084,9.974244,0.0,-0.0036651916,-6.1086525E-4,TREMOR,42fe4be625e4
1775692907020,1083092371324665,0.33518824,-0.04309563,9.981427,-0.0030543262,-0.0030543262,-0.0012217305,TREMOR,42fe4be625e4
1775692907028,1083092379319739,0.37349546,-0.045489833,9.967062,-0.0036651916,-0.005497787,0.0,TREMOR,42fe4be625e4
1775692907036,1083092387315659,0.37828386,-0.07182605,9.974244,-0.0018325958,-0.002443461,0.0,TREMOR,42fe4be625e4
1775692907044,1083092395309580,0.3854665,-0.10295067,9.995792,-0.0012217305,6.1086525E-4,-0.0012217305,TREMOR,42fe4be625e4
1775692907052,1083092403306500,0.33997664,-0.074220255,9.993398,0.0,0.004276057,6.1086525E-4,TREMOR,42fe4be625e4
1775692907060,1083092411302189,0.32800564,-0.08619126,9.981427,6.1086525E-4,0.0036651916,6.1086525E-4,TREMOR,42fe4be625e4
1775692907068,1083092419329495,0.32561144,-0.074220255,9.945514,-6.1086525E-4,0.0067195175,0.0,TREMOR,42fe4be625e4
1775692907076,1083092427323953,0.320823,-0.045489833,9.967062,0.0,0.0030543262,0.0,TREMOR,42fe4be625e4
1775692907084,1083092435319643,0.31364042,-0.055066638,9.962274,0.0,0.0030543262,0.0,TREMOR,42fe4be625e4
1775692907092,1083092443317179,0.32321724,-0.05746084,9.947908,-0.0012217305,0.002443461,0.0,TREMOR,42fe4be625e4
1775692907100,1083092451312330,0.30645782,-0.062249243,9.962274,-6.1086525E-4,0.0012217305,-6.1086525E-4,TREMOR,42fe4be625e4
1775692907108,1083092459306789,0.2753332,-0.062249243,9.991004,0.0,0.0018325958,0.0012217305,TREMOR,42fe4be625e4
1775692907116,1083092467302093,0.24420857,-0.05267244,9.995792,0.0,0.0012217305,0.0012217305,TREMOR,42fe4be625e4
1775692907124,1083092475326476,0.21787235,-0.059855044,9.967062,-6.1086525E-4,0.0,6.1086525E-4,TREMOR,42fe4be625e4
1775692907132,1083092483322473,0.24899697,-0.076614454,9.92636,6.1086525E-4,6.1086525E-4,-6.1086525E-4,TREMOR,42fe4be625e4
1775692907140,1083092491317778,0.29688102,-0.074220255,9.921572,-0.0018325958,-0.0036651916,6.1086525E-4,TREMOR,42fe4be625e4
1775692907148,1083092499315622,0.32800564,-0.062249243,9.957485,-0.0012217305,-0.004276057,-0.0012217305,TREMOR,42fe4be625e4
1775692907156,1083092507310773,0.37349546,-0.06703765,9.959879,-0.0018325958,-0.0067195175,0.0012217305,TREMOR,42fe4be625e4
1775692907164,1083092515304308,0.39025488,-0.06943185,10.007763,-0.0018325958,-0.005497787,0.0,TREMOR,42fe4be625e4
1775692907172,1083092523301768,0.38067806,-0.047884032,10.029311,-6.1086525E-4,-0.0018325958,-6.1086525E-4,TREMOR,42fe4be625e4
1775692907180,1083092531329534,0.34476504,-0.06703765,10.010158,0.0018325958,0.0018325958,6.1086525E-4,TREMOR,42fe4be625e4
1775692907188,1083092539322993,0.320823,-0.059855044,9.976639,0.0012217305,0.007330383,-0.0012217305,TREMOR,42fe4be625e4
1775692907196,1083092547317529,0.29927522,-0.074220255,9.933543,0.0018325958,0.0061086523,-0.0012217305,TREMOR,42fe4be625e4
1775692907204,1083092555313834,0.2896984,-0.06703765,9.938332,6.1086525E-4,0.004276057,0.0,TREMOR,42fe4be625e4
1775692907212,1083092563311677,0.2896984,-0.06943185,9.947908,-0.0012217305,0.0018325958,0.0012217305,TREMOR,42fe4be625e4
1775692907220,1083092571304290,0.32321724,-0.074220255,9.959879,-0.0018325958,6.1086525E-4,-0.0012217305,TREMOR,42fe4be625e4
1775692907228,1083092579301441,0.30166942,-0.07182605,9.976639,6.1086525E-4,0.0,-6.1086525E-4,TREMOR,42fe4be625e4
1775692907236,1083092587326054,0.2825158,-0.06943185,9.97185,0.0012217305,0.0018325958,6.1086525E-4,TREMOR,42fe4be625e4
1775692907244,1083092595322975,0.2633622,-0.047884032,9.952697,6.1086525E-4,0.002443461,0.0012217305,TREMOR,42fe4be625e4
1775692907252,1083092603318049,0.2681506,-0.055066638,9.957485,0.0018325958,0.0012217305,6.1086525E-4,TREMOR,42fe4be625e4
1775692907260,1083092611312892,0.260968,-0.05267244,9.950302,0.0,-6.1086525E-4,6.1086525E-4,TREMOR,42fe4be625e4
1775692907268,1083092619309428,0.2777274,-0.08379706,9.983821,-6.1086525E-4,-0.0018325958,0.0,TREMOR,42fe4be625e4
1775692907276,1083092627305502,0.29688102,-0.062249243,9.969456,-0.0018325958,-0.004886922,0.0,TREMOR,42fe4be625e4
1775692907284,1083092635299576,0.34237084,-0.06703765,9.97185,-0.0018325958,-0.004886922,-0.0018325958,TREMOR,42fe4be625e4
1775692907292,1083092643326342,0.35913026,-0.05267244,9.986216,0.0,-0.004276057,6.1086525E-4,TREMOR,42fe4be625e4
1775692907300,1083092651322648,0.36391866,-0.06943185,9.9790325,-6.1086525E-4,0.0,0.0,TREMOR,42fe4be625e4
1775692907308,1083092659318645,0.38307226,-0.055066638,9.97185,-6.1086525E-4,0.0012217305,0.002443461,TREMOR,42fe4be625e4
1775692907316,1083092667313181,0.36870706,-0.04309563,9.981427,6.1086525E-4,0.002443461,6.1086525E-4,TREMOR,42fe4be625e4
1775692907324,1083092675310025,0.34955344,-0.079008654,9.9790325,0.0,0.004276057,6.1086525E-4,TREMOR,42fe4be625e4
1775692907332,1083092683305714,0.31603462,-0.06464344,9.988609,0.0012217305,0.0012217305,0.0,TREMOR,42fe4be625e4
1775692907340,1083092691299634,0.29688102,-0.08619126,9.983821,6.1086525E-4,0.004276057,0.0,TREMOR,42fe4be625e4
1775692907348,1083092699328478,0.2705448,-0.06943185,9.976639,6.1086525E-4,0.0036651916,0.0012217305,TREMOR,42fe4be625e4
1775692907356,1083092707320783,0.24181437,-0.06703765,9.962274,0.0,0.002443461,-6.1086525E-4,TREMOR,42fe4be625e4
1775692907364,1083092715317703,0.23463176,-0.074220255,9.947908,0.0,6.1086525E-4,-6.1086525E-4,TREMOR,42fe4be625e4
1775692907372,1083092723312855,0.24660277,-0.06464344,9.938332,-6.1086525E-4,6.1086525E-4,-0.0012217305,TREMOR,42fe4be625e4
1775692907380,1083092731310929,0.25139117,-0.031124622,9.933543,-6.1086525E-4,-0.0018325958,-6.1086525E-4,TREMOR,42fe4be625e4
1775692907388,1083092739306618,0.272939,-0.076614454,9.97185,-0.0018325958,-0.0036651916,-6.1086525E-4,TREMOR,42fe4be625e4
1775692907396,1083092747299847,0.2825158,-0.076614454,9.974244,-0.0012217305,-0.005497787,0.0018325958,TREMOR,42fe4be625e4
1775692907404,1083092755325383,0.30645782,-0.079008654,9.986216,-6.1086525E-4,-0.0036651916,0.0,TREMOR,42fe4be625e4
1775692907412,1083092763321457,0.32321724,-0.074220255,9.988609,-0.0012217305,-0.0036651916,-0.0012217305,TREMOR,42fe4be625e4
1775692907420,1083092771316839,0.33758244,-0.076614454,9.976639,-6.1086525E-4,-0.002443461,0.0,TREMOR,42fe4be625e4
1775692907428,1083092779312144,0.35194764,-0.07182605,9.991004,-0.0012217305,-0.004886922,6.1086525E-4,TREMOR,42fe4be625e4
1775692907436,1083092787309372,0.38307226,-0.059855044,10.005369,-0.0012217305,-0.0036651916,-0.0018325958,TREMOR,42fe4be625e4
1775692907444,1083092795302908,0.39504328,-0.059855044,9.952697,-0.0018325958,-0.0018325958,-6.1086525E-4,TREMOR,42fe4be625e4
1775692907452,1083092803298598,0.3854665,-0.06464344,9.983821,6.1086525E-4,6.1086525E-4,0.0,TREMOR,42fe4be625e4
1775692907460,1083092811325133,0.34476504,-0.062249243,10.000581,0.0,0.002443461,0.0012217305,TREMOR,42fe4be625e4
1775692907468,1083092819322977,0.31364042,-0.076614454,9.986216,6.1086525E-4,0.004886922,0.0,TREMOR,42fe4be625e4
1775692907476,1083092827316205,0.29209262,-0.08379706,9.945514,0.0,0.0067195175,0.002443461,TREMOR,42fe4be625e4
1775692907484,1083092835312433,0.30166942,-0.06943185,9.947908,6.1086525E-4,0.004886922,6.1086525E-4,TREMOR,42fe4be625e4
1775692907492,1083092843308814,0.2896984,-0.076614454,9.94312,6.1086525E-4,0.002443461,-6.1086525E-4,TREMOR,42fe4be625e4
1775692907500,1083092851304428,0.29448682,-0.059855044,9.935937,6.1086525E-4,0.002443461,0.0012217305,TREMOR,42fe4be625e4
1775692907508,1083092859301117,0.2825158,-0.05746084,9.97185,0.0,0.0018325958,0.0,TREMOR,42fe4be625e4
1775692907516,1083092867324730,0.2825158,-0.047884032,9.97185,0.0012217305,0.002443461,0.002443461,TREMOR,42fe4be625e4
1775692907524,1083092875322266,0.23223756,-0.02873042,10.000581,6.1086525E-4,-6.1086525E-4,0.0,TREMOR,42fe4be625e4
1775692907532,1083092883317109,0.21547815,-0.050278235,9.964667,-0.0012217305,-0.0012217305,0.002443461,TREMOR,42fe4be625e4
1775692907540,1083092891312491,0.25857377,-0.074220255,9.938332,-6.1086525E-4,-0.0012217305,0.0,TREMOR,42fe4be625e4
1775692907548,1083092899309720,0.31364042,-0.079008654,9.888053,-0.0012217305,-0.004886922,-0.0012217305,TREMOR,42fe4be625e4
1775692907556,1083092907304409,0.35194764,-0.095768064,9.919178,-0.0012217305,-0.007330383,0.0,TREMOR,42fe4be625e4
1775692907564,1083092915298867,0.36152446,-0.079008654,10.0029745,-6.1086525E-4,-0.009162978,-0.0012217305,TREMOR,42fe4be625e4
1775692907572,1083092923324173,0.36870706,-0.055066638,10.043676,-0.0012217305,-0.007330383,0.0,TREMOR,42fe4be625e4
1775692907580,1083092931321016,0.36391866,-0.06464344,10.007763,-0.0012217305,-0.0030543262,0.0018325958,TREMOR,42fe4be625e4
1775692907588,1083092939317013,0.37828386,-0.045489833,9.97185,6.1086525E-4,6.1086525E-4,6.1086525E-4,TREMOR,42fe4be625e4
1775692907596,1083092947313396,0.37828386,-0.050278235,9.959879,0.002443461,0.002443461,6.1086525E-4,TREMOR,42fe4be625e4
1775692907604,1083092955308701,0.35194764,-0.08140286,9.967062,0.0012217305,0.0030543262,0.0,TREMOR,42fe4be625e4
1775692907612,1083092963303159,0.33758244,-0.08619126,9.962274,-0.0012217305,0.0030543262,-6.1086525E-4,TREMOR,42fe4be625e4
1775692907620,1083092971297696,0.34476504,-0.093373865,9.97185,-0.0018325958,0.0012217305,0.0018325958,TREMOR,42fe4be625e4
1775692907627,1083092978893308,0.29448682,-0.06943185,9.998186,0.0,0.002443461,0.0,TREMOR,42fe4be625e4
1775692907636,1083092987321382,0.25857377,-0.06464344,9.986216,0.0018325958,0.004886922,0.0,TREMOR,42fe4be625e4
1775692907644,1083092995317611,0.22505496,-0.06703765,9.97185,0.0012217305,0.0061086523,0.0,TREMOR,42fe4be625e4
1775692907652,1083093003311454,0.23463176,-0.045489833,9.931149,0.0012217305,0.007941248,-6.1086525E-4,TREMOR,42fe4be625e4
1775692907660,1083093011307143,0.23942018,-0.06943185,9.916783,0.0012217305,6.1086525E-4,6.1086525E-4,TREMOR,42fe4be625e4
1775692907668,1083093019303526,0.2753332,-0.05267244,9.947908,-0.0018325958,-0.0030543262,6.1086525E-4,TREMOR,42fe4be625e4
1775692907676,1083093027292754,0.31364042,-0.07182605,9.957485,-0.0018325958,-0.0067195175,-6.1086525E-4,TREMOR,42fe4be625e4
1775692907684,1083093035295443,0.35913026,-0.08140286,9.969456,-0.0018325958,-0.0067195175,6.1086525E-4,TREMOR,42fe4be625e4
1775692907692,1083093043319825,0.32321724,-0.05267244,10.007763,-6.1086525E-4,-0.004886922,6.1086525E-4,TREMOR,42fe4be625e4
1775692907700,1083093051315746,0.320823,-0.05746084,9.993398,6.1086525E-4,6.1086525E-4,0.0,TREMOR,42fe4be625e4
1775692907708,1083093059312128,0.3184288,-0.05267244,9.976639,-6.1086525E-4,0.0018325958,-6.1086525E-4,TREMOR,42fe4be625e4
1775692907716,1083093067306201,0.33039984,-0.05267244,9.957485,0.0012217305,-6.1086525E-4,-6.1086525E-4,TREMOR,42fe4be625e4
1775692907724,1083093075357969,0.32561144,-0.047884032,9.983821,0.0,-0.0012217305,-0.0018325958,TREMOR,42fe4be625e4
1775692907732,1083093083299812,0.35913026,-0.07182605,9.986216,-0.0012217305,-0.002443461,0.0,TREMOR,42fe4be625e4
1775692907740,1083093091323732,0.35913026,-0.076614454,9.967062,-6.1086525E-4,-0.0030543262,-6.1086525E-4,TREMOR,42fe4be625e4
1775692907748,1083093099320961,0.36152446,-0.07182605,9.981427,-0.0012217305,0.0,0.0,TREMOR,42fe4be625e4
1775692907756,1083093107315496,0.31603462,-0.074220255,9.969456,0.0,0.002443461,6.1086525E-4,TREMOR,42fe4be625e4
1775692907764,1083093115310570,0.31124622,-0.079008654,9.94312,0.0,0.005497787,0.0012217305,TREMOR,42fe4be625e4
1775692907772,1083093123331491,0.2777274,-0.062249243,9.928755,0.0012217305,0.0061086523,0.0,TREMOR,42fe4be625e4
1775692907780,1083093131302181,0.2801216,-0.062249243,9.9550905,0.002443461,0.0030543262,6.1086525E-4,TREMOR,42fe4be625e4
1775692907788,1083093139299408,0.272939,-0.05746084,9.959879,-6.1086525E-4,-6.1086525E-4,0.0,TREMOR,42fe4be625e4
1775692907796,1083093147324330,0.28491,-0.06703765,9.969456,0.0,-0.0018325958,0.0018325958,TREMOR,42fe4be625e4
1775692907804,1083093155318865,0.30645782,-0.06464344,9.959879,-0.0018325958,-0.002443461,-6.1086525E-4,TREMOR,42fe4be625e4
1775692907812,1083093163307170,0.34715924,-0.07182605,9.969456,-6.1086525E-4,6.1086525E-4,0.0012217305,TREMOR,42fe4be625e4
1775692907820,1083093171312322,0.33518824,-0.06943185,9.967062,0.0018325958,0.0012217305,0.0,TREMOR,42fe4be625e4
1775692907828,1083093179361857,0.30885202,-0.08140286,9.988609,0.0012217305,0.0018325958,0.0012217305,TREMOR,42fe4be625e4
1775692907836,1083093187301316,0.29209262,-0.055066638,9.964667,0.0012217305,6.1086525E-4,0.0,TREMOR,42fe4be625e4
1775692907844,1083093195297237,0.30166942,-0.06703765,9.957485,-6.1086525E-4,0.0012217305,6.1086525E-4,TREMOR,42fe4be625e4
1775692907852,1083093203323388,0.31364042,-0.055066638,9.962274,-0.0018325958,-0.0018325958,-0.0018325958,TREMOR,42fe4be625e4
1775692907860,1083093211318846,0.32321724,-0.047884032,9.964667,6.1086525E-4,-6.1086525E-4,0.0,TREMOR,42fe4be625e4
1775692907867,1083093218822767,0.33997664,-0.059855044,9.969456,-0.0012217305,0.0,6.1086525E-4,TREMOR,42fe4be625e4
1775692907876,1083093227310533,0.34237084,-0.06703765,9.974244,-0.004276057,-0.004276057,0.0,TREMOR,42fe4be625e4
1775692907884,1083093235305530,0.31603462,-0.079008654,9.976639,0.0012217305,0.0012217305,6.1086525E-4,TREMOR,42fe4be625e4
1775692907892,1083093243301528,0.320823,-0.059855044,9.9550905,0.0,0.0030543262,0.0,TREMOR,42fe4be625e4
1775692907900,1083093251298833,0.31364042,-0.076614454,9.950302,0.0012217305,0.0030543262,0.0,TREMOR,42fe4be625e4
1775692907908,1083093259324061,0.28491,-0.050278235,9.957485,-6.1086525E-4,0.002443461,6.1086525E-4,TREMOR,42fe4be625e4
1775692907916,1083093267320596,0.2825158,-0.05746084,9.969456,-6.1086525E-4,0.0030543262,0.0,TREMOR,42fe4be625e4
1775692907924,1083093275313902,0.2777274,-0.05746084,9.962274,0.0,-0.002443461,6.1086525E-4,TREMOR,42fe4be625e4
1775692907932,1083093283310515,0.30645782,-0.059855044,9.969456,0.0,-6.1086525E-4,-6.1086525E-4,TREMOR,42fe4be625e4
1775692907940,1083093291361281,0.3184288,-0.062249243,9.933543,0.0,-0.0018325958,0.0,TREMOR,42fe4be625e4
1775692907948,1083093299302433,0.32561144,-0.055066638,9.957485,-0.0012217305,-0.0012217305,-6.1086525E-4,TREMOR,42fe4be625e4
1775692907956,1083093307298199,0.31603462,-0.05267244,9.9790325,-0.0018325958,6.1086525E-4,-6.1086525E-4,TREMOR,42fe4be625e4
1775692907964,1083093315322811,0.31364042,-0.06943185,9.986216,6.1086525E-4,0.0018325958,0.0012217305,TREMOR,42fe4be625e4
1775692907972,1083093323374194,0.31364042,-0.05267244,9.986216,0.0012217305,0.0018325958,6.1086525E-4,TREMOR,42fe4be625e4
1775692907980,1083093331315345,0.30885202,-0.062249243,9.9550905,0.0,0.0012217305,0.0,TREMOR,42fe4be625e4
1775692907988,1083093339312342,0.28491,-0.079008654,9.964667,0.0,6.1086525E-4,-6.1086525E-4,TREMOR,42fe4be625e4
1775692907996,1083093347304955,0.31603462,-0.076614454,9.962274,0.0,6.1086525E-4,-6.1086525E-4,TREMOR,42fe4be625e4
1775692908004,1083093355300645,0.30885202,-0.08619126,9.9550905,6.1086525E-4,6.1086525E-4,-6.1086525E-4,TREMOR,42fe4be625e4
1775692908012,1083093363352257,0.32321724,-0.074220255,9.991004,6.1086525E-4,0.0,-6.1086525E-4,TREMOR,42fe4be625e4
1775692908020,1083093371291640,0.2753332,-0.079008654,9.945514,-0.002443461,0.0012217305,0.0,TREMOR,42fe4be625e4
1775692908028,1083093379320021,0.31603462,-0.08379706,9.935937,-6.1086525E-4,6.1086525E-4,0.0,TREMOR,42fe4be625e4
1775692908036,1083093387316634,0.29209262,-0.076614454,9.950302,0.0,-6.1086525E-4,0.0,TREMOR,42fe4be625e4
1775692908044,1083093395308861,0.29209262,-0.06943185,10.000581,-6.1086525E-4,-0.0018325958,0.0012217305,TREMOR,42fe4be625e4
1775692908052,1083093403299706,0.29688102,-0.059855044,9.976639,-6.1086525E-4,0.0,0.0012217305,TREMOR,42fe4be625e4
1775692908060,1083093411301549,0.30645782,-0.06703765,9.931149,-6.1086525E-4,-0.0018325958,-6.1086525E-4,TREMOR,42fe4be625e4
1775692908068,1083093419328930,0.33758244,-0.06464344,9.92636,0.0018325958,-0.0030543262,-6.1086525E-4,TREMOR,42fe4be625e4
1775692908076,1083093427325159,0.33758244,-0.05267244,9.959879,-6.1086525E-4,-0.0030543262,0.0,TREMOR,42fe4be625e4
1775692908084,1083093435317849,0.34955344,-0.07182605,9.981427,-6.1086525E-4,-0.0018325958,0.0,TREMOR,42fe4be625e4
1775692908092,1083093443314999,0.38307226,-0.08140286,9.969456,0.0012217305,-6.1086525E-4,0.0,TREMOR,42fe4be625e4
1775692908100,1083093451310151,0.36870706,-0.074220255,9.983821,0.0,6.1086525E-4,0.0012217305,TREMOR,42fe4be625e4
1775692908108,1083093459306687,0.35194764,-0.079008654,9.991004,0.0,0.0030543262,0.0012217305,TREMOR,42fe4be625e4
1775692908116,1083093467300530,0.35194764,-0.06943185,9.976639,0.0018325958,0.005497787,0.0018325958,TREMOR,42fe4be625e4
1775692908124,1083093475326374,0.33518824,-0.05746084,9.964667,0.0012217305,0.0067195175,0.0012217305,TREMOR,42fe4be625e4
1775692908132,1083093483323602,0.3184288,-0.06943185,9.981427,6.1086525E-4,0.004886922,6.1086525E-4,TREMOR,42fe4be625e4
1775692908140,1083093491318753,0.2825158,-0.079008654,9.981427,6.1086525E-4,0.004276057,6.1086525E-4,TREMOR,42fe4be625e4
1775692908148,1083093499338674,0.24181437,-0.074220255,9.983821,6.1086525E-4,0.0036651916,-6.1086525E-4,TREMOR,42fe4be625e4
1775692908156,1083093507279671,0.24181437,-0.06943185,9.945514,0.0012217305,0.005497787,0.0,TREMOR,42fe4be625e4
1775692908164,1083093515304514,0.24181437,-0.07182605,9.923966,0.0,0.0030543262,-0.0012217305,TREMOR,42fe4be625e4
1775692908172,1083093523299897,0.25617957,-0.090979666,9.933543,-0.0018325958,-0.0012217305,-6.1086525E-4,TREMOR,42fe4be625e4
1775692908180,1083093531327278,0.2753332,-0.074220255,9.94312,0.0,-0.0030543262,-0.0012217305,TREMOR,42fe4be625e4
1775692908188,1083093539324814,0.29448682,-0.062249243,9.97185,-0.0018325958,-0.004886922,-6.1086525E-4,TREMOR,42fe4be625e4
1775692908196,1083093547317427,0.29448682,-0.062249243,9.969456,-0.0012217305,-0.004276057,6.1086525E-4,TREMOR,42fe4be625e4
1775692908204,1083093555314963,0.33518824,-0.06464344,9.959879,-0.0012217305,-0.004886922,0.0012217305,TREMOR,42fe4be625e4
1775692908212,1083093563308191,0.34476504,-0.06464344,9.9550905,-0.0012217305,-0.004276057,-0.0012217305,TREMOR,42fe4be625e4
1775692908219,1083093570811035,0.34955344,-0.079008654,9.974244,-6.1086525E-4,-0.0030543262,0.0,TREMOR,42fe4be625e4
1775692908228,1083093579325109,0.38067806,-0.076614454,9.9550905,-0.002443461,-0.0030543262,6.1086525E-4,TREMOR,42fe4be625e4
1775692908236,1083093587296875,0.38307226,-0.07182605,9.974244,-0.002443461,-0.002443461,6.1086525E-4,TREMOR,42fe4be625e4
1775692908244,1083093595323564,0.36391866,-0.074220255,9.976639,-0.0012217305,0.0,0.0,TREMOR,42fe4be625e4
1775692908252,1083093603317485,0.36152446,-0.07182605,9.981427,0.0,0.0018325958,0.0018325958,TREMOR,42fe4be625e4
1775692908260,1083093611314021,0.32561144,-0.062249243,9.957485,6.1086525E-4,0.0036651916,0.0,TREMOR,42fe4be625e4
1775692908268,1083093619309095,0.30166942,-0.059855044,9.962274,6.1086525E-4,0.0030543262,0.0,TREMOR,42fe4be625e4
1775692908276,1083093627305170,0.29688102,-0.06464344,9.9550905,0.0,0.004276057,6.1086525E-4,TREMOR,42fe4be625e4
1775692908284,1083093635299013,0.260968,-0.06703765,9.950302,0.0,0.004886922,-6.1086525E-4,TREMOR,42fe4be625e4
1775692908292,1083093643326625,0.2753332,-0.059855044,9.928755,-6.1086525E-4,0.002443461,-6.1086525E-4,TREMOR,42fe4be625e4
1775692908300,1083093651324162,0.28491,-0.090979666,9.976639,-6.1086525E-4,6.1086525E-4,-6.1086525E-4,TREMOR,42fe4be625e4
1775692908308,1083093659316774,0.2705448,-0.06703765,9.969456,6.1086525E-4,-0.0030543262,6.1086525E-4,TREMOR,42fe4be625e4
1775692908316,1083093667314079,0.2801216,-0.076614454,9.964667,0.0,6.1086525E-4,0.0,TREMOR,42fe4be625e4
1775692908324,1083093675310000,0.2825158,-0.055066638,9.952697,-0.0012217305,0.0,0.0,TREMOR,42fe4be625e4
1775692908332,1083093683303305,0.29927522,-0.07182605,9.9550905,0.0,-0.002443461,0.0,TREMOR,42fe4be625e4
1775692908340,1083093691355225,0.31603462,-0.06943185,9.957485,0.0,-0.0030543262,0.0012217305,TREMOR,42fe4be625e4
1775692908348,1083093699297684,0.32561144,-0.062249243,9.969456,-6.1086525E-4,-0.0030543262,6.1086525E-4,TREMOR,42fe4be625e4
1775692908356,1083093707320527,0.34715924,-0.079008654,10.0029745,-0.0012217305,-0.0030543262,0.0,TREMOR,42fe4be625e4
1775692908364,1083093715316217,0.35913026,-0.07182605,9.981427,-6.1086525E-4,-0.0018325958,0.0,TREMOR,42fe4be625e4
1775692908372,1083093723313446,0.35913026,-0.062249243,9.964667,-6.1086525E-4,0.0,6.1086525E-4,TREMOR,42fe4be625e4
1775692908380,1083093731307520,0.36152446,-0.06703765,9.981427,0.0,0.0012217305,0.0,TREMOR,42fe4be625e4
1775692908388,1083093739328747,0.35673606,-0.08619126,9.9790325,0.0012217305,0.0030543262,6.1086525E-4,TREMOR,42fe4be625e4
1775692908396,1083093747299822,0.32561144,-0.074220255,9.988609,0.0,0.004276057,6.1086525E-4,TREMOR,42fe4be625e4
1775692908404,1083093755256819,0.31603462,-0.055066638,9.983821,-6.1086525E-4,0.002443461,-0.0012217305,TREMOR,42fe4be625e4
1775692908412,1083093763291586,0.29209262,-0.079008654,9.97185,-6.1086525E-4,0.004276057,0.0,TREMOR,42fe4be625e4
1775692908420,1083093771315890,0.29688102,-0.074220255,9.938332,6.1086525E-4,0.002443461,0.0,TREMOR,42fe4be625e4
1775692908428,1083093779313965,0.30166942,-0.08379706,9.933543,0.0,0.0030543262,6.1086525E-4,TREMOR,42fe4be625e4
1775692908436,1083093787307885,0.29209262,-0.08379706,9.911995,0.0,0.0018325958,6.1086525E-4,TREMOR,42fe4be625e4
1775692908444,1083093795358959,0.2873042,-0.06943185,9.91439,0.0,6.1086525E-4,0.0012217305,TREMOR,42fe4be625e4
1775692908452,1083093803298034,0.2873042,-0.08140286,9.9790325,-6.1086525E-4,0.0,6.1086525E-4,TREMOR,42fe4be625e4
1775692908460,1083093811325031,0.2753332,-0.06703765,10.007763,0.0018325958,-6.1086525E-4,6.1086525E-4,TREMOR,42fe4be625e4
1775692908468,1083093819322951,0.2873042,-0.050278235,10.000581,6.1086525E-4,6.1086525E-4,6.1086525E-4,TREMOR,42fe4be625e4
1775692908476,1083093827316488,0.31124622,-0.05267244,9.964667,-0.0012217305,0.0,0.0018325958,TREMOR,42fe4be625e4
1775692908484,1083093835367485,0.3184288,-0.050278235,9.940725,0.0,-0.0012217305,6.1086525E-4,TREMOR,42fe4be625e4
1775692908492,1083093843308405,0.2873042,-0.06464344,9.938332,-0.0030543262,-6.1086525E-4,-6.1086525E-4,TREMOR,42fe4be625e4
1775692908499,1083093850917634,0.3184288,-0.062249243,9.962274,0.0,6.1086525E-4,0.0,TREMOR,42fe4be625e4
1775692908508,1083093859300400,0.2896984,-0.062249243,9.9550905,6.1086525E-4,0.0018325958,6.1086525E-4,TREMOR,42fe4be625e4
1775692908516,1083093867349935,0.29927522,-0.07182605,9.959879,-6.1086525E-4,-0.0012217305,0.0,TREMOR,42fe4be625e4
1775692908524,1083093875320164,0.29209262,-0.074220255,9.967062,0.0,-0.0018325958,-6.1086525E-4,TREMOR,42fe4be625e4
1775692908532,1083093883316392,0.29927522,-0.08379706,9.988609,0.0,-0.0018325958,6.1086525E-4,TREMOR,42fe4be625e4
1775692908540,1083093891311774,0.30645782,-0.08379706,9.957485,-0.0012217305,-0.0018325958,0.0018325958,TREMOR,42fe4be625e4
1775692908548,1083093899306618,0.32561144,-0.055066638,9.916783,-0.0012217305,-0.0030543262,-6.1086525E-4,TREMOR,42fe4be625e4
1775692908556,1083093907304692,0.3184288,-0.07182605,9.940725,-6.1086525E-4,-0.0018325958,0.0012217305,TREMOR,42fe4be625e4
1775692908564,1083093915300150,0.320823,-0.074220255,9.974244,-0.0012217305,0.0012217305,0.0,TREMOR,42fe4be625e4
1775692908572,1083093923324994,0.34476504,-0.06703765,9.983821,6.1086525E-4,-0.0018325958,0.0012217305,TREMOR,42fe4be625e4
1775692908580,1083093931319761,0.34476504,-0.062249243,9.976639,-0.0012217305,-6.1086525E-4,6.1086525E-4,TREMOR,42fe4be625e4
1775692908588,1083093939318296,0.35434186,-0.074220255,9.986216,0.0,-6.1086525E-4,-6.1086525E-4,TREMOR,42fe4be625e4
1775692908596,1083093947312986,0.36152446,-0.079008654,9.962274,-6.1086525E-4,-0.0012217305,0.002443461,TREMOR,42fe4be625e4
1775692908604,1083093955306599,0.33039984,-0.06464344,9.940725,6.1086525E-4,6.1086525E-4,6.1086525E-4,TREMOR,42fe4be625e4
1775692908612,1083093963358211,0.33279404,-0.06703765,9.976639,6.1086525E-4,0.0030543262,0.0018325958,TREMOR,42fe4be625e4
1775692908620,1083093971297901,0.31364042,-0.059855044,9.9790325,6.1086525E-4,0.002443461,0.0018325958,TREMOR,42fe4be625e4
1775692908627,1083093978860976,0.30645782,-0.04070143,9.976639,-6.1086525E-4,0.0018325958,0.0012217305,TREMOR,42fe4be625e4
1775692908636,1083093987320357,0.29927522,-0.059855044,9.97185,0.0012217305,0.004886922,0.0,TREMOR,42fe4be625e4
1775692908644,1083093995315739,0.29927522,-0.06943185,9.938332,-6.1086525E-4,0.0018325958,0.0,TREMOR,42fe4be625e4
1775692908652,1083094003336121,0.2825158,-0.062249243,9.91439,-6.1086525E-4,0.002443461,0.0,TREMOR,42fe4be625e4
1775692908660,1083094011308042,0.29209262,-0.074220255,9.938332,-0.0012217305,-6.1086525E-4,0.0,TREMOR,42fe4be625e4
1775692908668,1083094019303808,0.2753332,-0.079008654,9.962274,6.1086525E-4,0.0,-0.0012217305,TREMOR,42fe4be625e4
1775692908676,1083094027297037,0.2777274,-0.08379706,9.964667,-6.1086525E-4,-6.1086525E-4,6.1086525E-4,TREMOR,42fe4be625e4
1775692908684,1083094035323726,0.260968,-0.06943185,9.969456,-6.1086525E-4,-6.1086525E-4,6.1086525E-4,TREMOR,42fe4be625e4
1775692908692,1083094043320723,0.29688102,-0.05267244,9.97185,6.1086525E-4,-6.1086525E-4,0.0012217305,TREMOR,42fe4be625e4
1775692908700,1083094051316413,0.31364042,-0.07182605,9.969456,-0.0012217305,-0.0012217305,0.0,TREMOR,42fe4be625e4
1775692908708,1083094059312641,0.32800564,-0.06464344,9.9550905,-0.0012217305,-0.002443461,-6.1086525E-4,TREMOR,42fe4be625e4
1775692908716,1083094067307484,0.33758244,-0.07182605,9.931149,-0.0012217305,-6.1086525E-4,0.0,TREMOR,42fe4be625e4
1775692908724,1083094075301021,0.37110126,-0.06464344,9.950302,0.0,-6.1086525E-4,-0.0012217305,TREMOR,42fe4be625e4
1775692908732,1083094083298172,0.33039984,-0.062249243,9.991004,6.1086525E-4,-0.0012217305,6.1086525E-4,TREMOR,42fe4be625e4
1775692908740,1083094091325322,0.33039984,-0.062249243,9.983821,6.1086525E-4,0.0012217305,0.0,TREMOR,42fe4be625e4
1775692908748,1083094099321628,0.32800564,-0.06943185,9.981427,-6.1086525E-4,0.002443461,6.1086525E-4,TREMOR,42fe4be625e4
1775692908756,1083094107315394,0.320823,-0.06464344,9.97185,6.1086525E-4,0.0018325958,6.1086525E-4,TREMOR,42fe4be625e4
1775692908764,1083094115310545,0.30885202,-0.055066638,9.940725,-6.1086525E-4,0.0012217305,-6.1086525E-4,TREMOR,42fe4be625e4
1775692908772,1083094123307466,0.31364042,-0.076614454,9.945514,6.1086525E-4,0.0012217305,-6.1086525E-4,TREMOR,42fe4be625e4
1775692908780,1083094131302771,0.29448682,-0.06943185,9.92636,6.1086525E-4,0.0012217305,6.1086525E-4,TREMOR,42fe4be625e4
1775692908788,1083094139330537,0.29209262,-0.08140286,9.959879,0.0,-0.0012217305,0.0012217305,TREMOR,42fe4be625e4
1775692908796,1083094147323381,0.2801216,-0.088585466,9.974244,-6.1086525E-4,0.0,-6.1086525E-4,TREMOR,42fe4be625e4
1775692908804,1083094155318532,0.29927522,-0.06943185,9.976639,-6.1086525E-4,6.1086525E-4,0.0012217305,TREMOR,42fe4be625e4
1775692908812,1083094163314760,0.30406362,-0.06943185,9.957485,0.0,-0.0012217305,6.1086525E-4,TREMOR,42fe4be625e4
1775692908820,1083094171310834,0.2896984,-0.08379706,9.967062,-0.002443461,-0.002443461,-0.0018325958,TREMOR,42fe4be625e4
1775692908828,1083094179307063,0.31364042,-0.062249243,9.959879,-6.1086525E-4,-0.0018325958,0.0,TREMOR,42fe4be625e4
1775692908836,1083094187300598,0.320823,-0.05746084,9.945514,-0.0018325958,-0.0018325958,-0.0012217305,TREMOR,42fe4be625e4
1775692908844,1083094195326826,0.35673606,-0.074220255,9.97185,-0.0012217305,-6.1086525E-4,6.1086525E-4,TREMOR,42fe4be625e4
1775692908852,1083094203323747,0.34955344,-0.095768064,9.969456,-6.1086525E-4,-6.1086525E-4,6.1086525E-4,TREMOR,42fe4be625e4
1775692908860,1083094211318514,0.37110126,-0.08379706,9.9790325,0.0,-0.0012217305,0.0,TREMOR,42fe4be625e4
1775692908867,1083094218822512,0.32800564,-0.059855044,9.993398,0.0012217305,0.0012217305,6.1086525E-4,TREMOR,42fe4be625e4
1775692908875,1083094226895355,0.31603462,-0.055066638,9.986216,-6.1086525E-4,0.004886922,0.0012217305,TREMOR,42fe4be625e4
1775692908884,1083094235304967,0.30406362,-0.04309563,9.964667,0.0012217305,0.004276057,6.1086525E-4,TREMOR,42fe4be625e4
1775692908892,1083094243356887,0.25378537,-0.038307227,9.964667,0.0018325958,0.0030543262,0.0,TREMOR,42fe4be625e4
1775692908900,1083094251296962,0.2657564,-0.05746084,9.945514,0.0,0.0030543262,-6.1086525E-4,TREMOR,42fe4be625e4
1775692908908,1083094259292344,0.260968,-0.074220255,9.940725,0.0012217305,0.0,-0.0012217305,TREMOR,42fe4be625e4
1775692908916,1083094267319418,0.29209262,-0.08140286,9.931149,-0.0018325958,-0.004276057,-0.0018325958,TREMOR,42fe4be625e4
1775692908924,1083094275315647,0.32321724,-0.08140286,9.9550905,-6.1086525E-4,-0.0036651916,0.0,TREMOR,42fe4be625e4
1775692908932,1083094283309874,0.33758244,-0.079008654,9.97185,-0.0012217305,-0.004886922,6.1086525E-4,TREMOR,42fe4be625e4
1775692908940,1083094291305256,0.35913026,-0.06703765,9.986216,0.0,-6.1086525E-4,-6.1086525E-4,TREMOR,42fe4be625e4
1775692908948,1083094299302100,0.33758244,-0.06943185,9.97185,0.002443461,0.002443461,6.1086525E-4,TREMOR,42fe4be625e4
1775692908956,1083094307326174,0.34955344,-0.031124622,9.964667,6.1086525E-4,0.0030543262,0.0018325958,TREMOR,42fe4be625e4
1775692908964,1083094315323940,0.33518824,-0.045489833,9.991004,0.0,0.0012217305,0.0012217305,TREMOR,42fe4be625e4
1775692908972,1083094323317477,0.32561144,-0.055066638,9.995792,-6.1086525E-4,0.0,0.0,TREMOR,42fe4be625e4
1775692908980,1083094331315397,0.30885202,-0.062249243,9.998186,-6.1086525E-4,0.0012217305,0.0012217305,TREMOR,42fe4be625e4
1775692908988,1083094339311932,0.30645782,-0.076614454,9.959879,-0.0018325958,0.002443461,0.0,TREMOR,42fe4be625e4
1775692908996,1083094347304852,0.2896984,-0.076614454,9.933543,0.0,0.0036651916,-6.1086525E-4,TREMOR,42fe4be625e4
1775692909004,1083094355300543,0.260968,-0.079008654,9.9550905,6.1086525E-4,0.0036651916,0.0012217305,TREMOR,42fe4be625e4
1775692909012,1083094363326078,0.2657564,-0.06943185,9.94312,6.1086525E-4,0.0018325958,0.0,TREMOR,42fe4be625e4
1775692909020,1083094371378075,0.23463176,-0.05746084,9.9550905,-0.0012217305,0.0012217305,0.0,TREMOR,42fe4be625e4
1775692909028,1083094379319381,0.25378537,-0.059855044,9.962274,-6.1086525E-4,-0.0018325958,-6.1086525E-4,TREMOR,42fe4be625e4
1775692909036,1083094387283916,0.2633622,-0.055066638,9.950302,-0.002443461,-0.0012217305,0.0,TREMOR,42fe4be625e4
1775692909044,1083094395310375,0.28491,-0.04070143,9.952697,-6.1086525E-4,-0.002443461,-6.1086525E-4,TREMOR,42fe4be625e4
1775692909052,1083094403304912,0.32561144,-0.06943185,9.969456,-6.1086525E-4,-0.0036651916,-6.1086525E-4,TREMOR,42fe4be625e4
1775692909060,1083094411301832,0.33997664,-0.06464344,9.957485,-0.0012217305,-0.0030543262,-6.1086525E-4,TREMOR,42fe4be625e4
1775692909068,1083094419329136,0.37110126,-0.074220255,9.959879,-0.0018325958,-0.002443461,-6.1086525E-4,TREMOR,42fe4be625e4
1775692909076,1083094427323673,0.40701428,-0.076614454,9.938332,0.0,-0.0018325958,-0.0012217305,TREMOR,42fe4be625e4
1775692909084,1083094435317439,0.39504328,-0.062249243,10.022128,6.1086525E-4,0.0,0.0,TREMOR,42fe4be625e4
1775692909092,1083094443314667,0.33039984,-0.050278235,10.036493,0.0,6.1086525E-4,0.0,TREMOR,42fe4be625e4
1775692909100,1083094451307973,0.29927522,-0.059855044,9.998186,-6.1086525E-4,0.0030543262,6.1086525E-4,TREMOR,42fe4be625e4
1775692909108,1083094459305816,0.2896984,-0.06464344,9.931149,0.0,0.0030543262,6.1086525E-4,TREMOR,42fe4be625e4
1775692909116,1083094467301428,0.2825158,-0.06703765,9.892841,-6.1086525E-4,6.1086525E-4,6.1086525E-4,TREMOR,42fe4be625e4
1775692909124,1083094475325811,0.29209262,-0.062249243,9.921572,6.1086525E-4,0.0018325958,0.0,TREMOR,42fe4be625e4
1775692909132,1083094483323039,0.30645782,-0.08140286,9.92636,-0.0018325958,0.0,-6.1086525E-4,TREMOR,42fe4be625e4
1775692909139,1083094490803266,0.32321724,-0.08140286,9.969456,-0.0012217305,-0.0018325958,6.1086525E-4,TREMOR,42fe4be625e4
1775692909148,1083094499315264,0.34476504,-0.06464344,9.986216,0.0,-0.0030543262,0.0,TREMOR,42fe4be625e4
1775692909155,1083094506796569,0.31364042,-0.038307227,9.988609,-6.1086525E-4,-6.1086525E-4,0.0018325958,TREMOR,42fe4be625e4
1775692909164,1083094515305489,0.30166942,-0.05746084,9.97185,0.0012217305,0.004276057,0.0018325958,TREMOR,42fe4be625e4
1775692909172,1083094523299255,0.29448682,-0.07182605,9.957485,0.002443461,0.005497787,6.1086525E-4,TREMOR,42fe4be625e4
1775692909179,1083094530831253,0.2681506,-0.06464344,9.952697,0.0,0.0012217305,-0.0018325958,TREMOR,42fe4be625e4
1775692909187,1083094538826020,0.2777274,-0.06943185,9.967062,-0.002443461,-0.002443461,-0.0012217305,TREMOR,42fe4be625e4
1775692909195,1083094546743325,0.2777274,-0.08140286,9.945514,-0.0030543262,-0.0012217305,-0.0012217305,TREMOR,42fe4be625e4
1775692909204,1083094555312476,0.31364042,-0.079008654,9.967062,-0.0012217305,-0.002443461,-6.1086525E-4,TREMOR,42fe4be625e4
1775692909212,1083094563364166,0.29209262,-0.08619126,9.969456,0.0,-0.0012217305,0.0,TREMOR,42fe4be625e4
1775692909220,1083094571305086,0.30885202,-0.045489833,9.97185,-6.1086525E-4,6.1086525E-4,-6.1086525E-4,TREMOR,42fe4be625e4
1775692909228,1083094579301776,0.30645782,-0.050278235,9.952697,0.0,0.004886922,0.0,TREMOR,42fe4be625e4
1775692909236,1083094587296465,0.29688102,-0.055066638,9.945514,0.0012217305,0.002443461,6.1086525E-4,TREMOR,42fe4be625e4
1775692909244,1083094595322385,0.29688102,-0.050278235,9.940725,-6.1086525E-4,0.0,0.0,TREMOR,42fe4be625e4
1775692909252,1083094603317153,0.33039984,-0.076614454,9.952697,6.1086525E-4,-6.1086525E-4,0.0,TREMOR,42fe4be625e4
1775692909260,1083094611312765,0.33997664,-0.079008654,9.981427,-0.0018325958,-0.0012217305,-6.1086525E-4,TREMOR,42fe4be625e4
1775692909268,1083094619309762,0.33039984,-0.07182605,9.993398,-6.1086525E-4,-0.0030543262,-6.1086525E-4,TREMOR,42fe4be625e4
1775692909276,1083094627305683,0.32800564,-0.07182605,9.947908,-6.1086525E-4,-0.0012217305,0.0,TREMOR,42fe4be625e4
1775692909284,1083094635298373,0.30406362,-0.062249243,9.952697,6.1086525E-4,0.0,6.1086525E-4,TREMOR,42fe4be625e4
1775692909292,1083094643350600,0.2873042,-0.06703765,9.933543,0.0012217305,0.0,6.1086525E-4,TREMOR,42fe4be625e4
1775692909300,1083094651293060,0.29688102,-0.05746084,9.959879,6.1086525E-4,6.1086525E-4,-6.1086525E-4,TREMOR,42fe4be625e4
1775692909308,1083094659318595,0.30885202,-0.059855044,9.9550905,-6.1086525E-4,-0.0018325958,-6.1086525E-4,TREMOR,42fe4be625e4
1775692909316,1083094667311823,0.33279404,-0.06703765,9.986216,-0.0012217305,-6.1086525E-4,-6.1086525E-4,TREMOR,42fe4be625e4
1775692909324,1083094675307590,0.32561144,-0.06464344,9.981427,-0.0012217305,-0.002443461,0.0,TREMOR,42fe4be625e4
1775692909332,1083094683302664,0.31603462,-0.08619126,9.969456,6.1086525E-4,6.1086525E-4,0.0,TREMOR,42fe4be625e4
1775692909339,1083094690785431,0.34476504,-0.062249243,9.962274,-6.1086525E-4,0.0030543262,-6.1086525E-4,TREMOR,42fe4be625e4
1775692909348,1083094699327275,0.34476504,-0.07182605,9.940725,0.0018325958,0.0018325958,0.0,TREMOR,42fe4be625e4
1775692909356,1083094707321964,0.33518824,-0.06703765,9.935937,-6.1086525E-4,0.0030543262,-6.1086525E-4,TREMOR,42fe4be625e4
1775692909364,1083094715316115,0.33279404,-0.02873042,9.967062,0.0,6.1086525E-4,0.0012217305,TREMOR,42fe4be625e4
1775692909372,1083094723311881,0.30166942,-0.06943185,9.983821,0.0,0.0018325958,0.0012217305,TREMOR,42fe4be625e4
1775692909380,1083094731309033,0.29448682,-0.055066638,9.986216,-6.1086525E-4,0.0012217305,0.0012217305,TREMOR,42fe4be625e4
1775692909388,1083094739304107,0.2801216,-0.07182605,9.969456,6.1086525E-4,0.004276057,0.0012217305,TREMOR,42fe4be625e4
1775692909396,1083094747298950,0.2753332,-0.08619126,9.962274,0.0,0.004276057,0.0012217305,TREMOR,42fe4be625e4
1775692909403,1083094754974564,0.25617957,-0.06464344,9.938332,0.0,0.002443461,6.1086525E-4,TREMOR,42fe4be625e4
1775692909412,1083094763254253,0.28491,-0.059855044,9.935937,6.1086525E-4,0.002443461,6.1086525E-4,TREMOR,42fe4be625e4
1775692909420,1083094771286558,0.2896984,-0.07182605,9.959879,-0.0018325958,-0.0012217305,-6.1086525E-4,TREMOR,42fe4be625e4
1775692909428,1083094779337017,0.30166942,-0.07182605,9.967062,0.0,-0.0018325958,-0.0012217305,TREMOR,42fe4be625e4
1775692909436,1083094787307553,0.29448682,-0.059855044,9.974244,-0.0012217305,-0.0018325958,-0.0012217305,TREMOR,42fe4be625e4
1775692909444,1083094795303242,0.29209262,-0.06464344,9.983821,-0.0012217305,-0.0012217305,0.0,TREMOR,42fe4be625e4
1775692909452,1083094803323778,0.3184288,-0.062249243,9.962274,0.0,-6.1086525E-4,0.0,TREMOR,42fe4be625e4
1775692909460,1083094811295160,0.2801216,-0.079008654,9.950302,0.0,-0.0012217305,0.0,TREMOR,42fe4be625e4
1775692909468,1083094819322003,0.30406362,-0.079008654,9.964667,-6.1086525E-4,-0.0018325958,-0.0012217305,TREMOR,42fe4be625e4
1775692909476,1083094827317386,0.3184288,-0.074220255,9.959879,-0.002443461,-0.0030543262,-0.0012217305,TREMOR,42fe4be625e4
1775692909484,1083094835367152,0.33518824,-0.07182605,9.967062,-0.0030543262,-0.0018325958,-0.0018325958,TREMOR,42fe4be625e4
1775692909492,1083094843309995,0.33997664,-0.06943185,9.964667,-0.0012217305,-0.0012217305,6.1086525E-4,TREMOR,42fe4be625e4
1775692909500,1083094851304686,0.33279404,-0.05746084,9.976639,-6.1086525E-4,-0.002443461,0.0,TREMOR,42fe4be625e4
1775692909508,1083094859353990,0.32321724,-0.074220255,9.97185,6.1086525E-4,-6.1086525E-4,0.0,TREMOR,42fe4be625e4
1775692909516,1083094867293987,0.33758244,-0.06703765,9.97185,6.1086525E-4,0.0012217305,-6.1086525E-4,TREMOR,42fe4be625e4
1775692909524,1083094875320447,0.31364042,-0.08379706,9.959879,0.0,6.1086525E-4,6.1086525E-4,TREMOR,42fe4be625e4
1775692909532,1083094883315444,0.31603462,-0.06703765,9.940725,0.0,0.0012217305,0.0,TREMOR,42fe4be625e4
1775692909540,1083094891311133,0.31364042,-0.074220255,9.957485,0.0012217305,0.0012217305,6.1086525E-4,TREMOR,42fe4be625e4
1775692909548,1083094899309053,0.32561144,-0.06943185,9.967062,0.0,6.1086525E-4,-6.1086525E-4,TREMOR,42fe4be625e4
1775692909556,1083094907304436,0.33279404,-0.06464344,9.995792,0.0012217305,0.0012217305,0.002443461,TREMOR,42fe4be625e4
1775692909564,1083094915297971,0.30166942,-0.055066638,9.998186,6.1086525E-4,0.0012217305,0.0,TREMOR,42fe4be625e4
1775692909572,1083094923324661,0.3184288,-0.07182605,9.9550905,6.1086525E-4,6.1086525E-4,0.0018325958,TREMOR,42fe4be625e4
1775692909580,1083094931319120,0.2873042,-0.062249243,9.9550905,6.1086525E-4,0.0012217305,0.0,TREMOR,42fe4be625e4
1775692909588,1083094939316733,0.2896984,-0.074220255,9.964667,6.1086525E-4,6.1086525E-4,0.0,TREMOR,42fe4be625e4
1775692909595,1083094946957654,0.32800564,-0.06703765,9.959879,-6.1086525E-4,0.0,6.1086525E-4,TREMOR,42fe4be625e4
1775692909604,1083094955308343,0.32800564,-0.079008654,9.947908,-0.002443461,-0.0012217305,-6.1086525E-4,TREMOR,42fe4be625e4
1775692909612,1083094963302186,0.32561144,-0.06464344,9.959879,-0.0012217305,0.0,-6.1086525E-4,TREMOR,42fe4be625e4
1775692909620,1083094971297568,0.33039984,-0.05746084,9.969456,6.1086525E-4,0.0018325958,6.1086525E-4,TREMOR,42fe4be625e4
1775692909628,1083094979324412,0.32321724,-0.06464344,9.952697,0.0,0.0012217305,6.1086525E-4,TREMOR,42fe4be625e4
1775692909635,1083094986969025,0.32561144,-0.05746084,9.964667,0.0012217305,0.0018325958,0.0,TREMOR,42fe4be625e4
1775692909644,1083094995316406,0.32321724,-0.076614454,9.962274,-0.0012217305,0.0018325958,6.1086525E-4,TREMOR,42fe4be625e4
1775692909652,1083095003312097,0.33039984,-0.059855044,9.9790325,-6.1086525E-4,0.0012217305,6.1086525E-4,TREMOR,42fe4be625e4
1775692909660,1083095011306170,0.29927522,-0.08379706,9.97185,0.0,0.0030543262,0.0012217305,TREMOR,42fe4be625e4
1775692909668,1083095019327091,0.2825158,-0.062249243,9.983821,0.0012217305,6.1086525E-4,0.0,TREMOR,42fe4be625e4
1775692909676,1083095027300089,0.260968,-0.05267244,9.974244,-6.1086525E-4,0.0030543262,0.0,TREMOR,42fe4be625e4
1775692909684,1083095035324932,0.24899697,-0.045489833,9.933543,-6.1086525E-4,0.0012217305,-0.0018325958,TREMOR,42fe4be625e4
1775692909692,1083095043374852,0.2681506,-0.047884032,9.938332,-6.1086525E-4,0.0018325958,0.0012217305,TREMOR,42fe4be625e4
1775692909700,1083095051316004,0.2705448,-0.05267244,9.945514,-6.1086525E-4,-0.0018325958,0.0,TREMOR,42fe4be625e4
1775692909708,1083095059312308,0.29688102,-0.076614454,9.962274,0.0,-0.0036651916,6.1086525E-4,TREMOR,42fe4be625e4
1775692909716,1083095067305921,0.33997664,-0.06464344,9.959879,-0.002443461,-0.0030543262,-6.1086525E-4,TREMOR,42fe4be625e4
1775692909724,1083095075357302,0.35194764,-0.06943185,9.969456,-0.0018325958,-0.004886922,0.0,TREMOR,42fe4be625e4
1775692909732,1083095083300301,0.33518824,-0.079008654,9.97185,-0.0012217305,-0.0012217305,0.0,TREMOR,42fe4be625e4
1775692909740,1083095091323990,0.35434186,-0.07182605,9.967062,6.1086525E-4,0.0012217305,0.0012217305,TREMOR,42fe4be625e4
1775692909748,1083095099320910,0.33518824,-0.062249243,9.964667,0.0012217305,0.0012217305,0.0012217305,TREMOR,42fe4be625e4
1775692909756,1083095107316062,0.32800564,-0.06464344,9.981427,0.0,-6.1086525E-4,6.1086525E-4,TREMOR,42fe4be625e4
1775692909764,1083095115311136,0.31124622,-0.059855044,9.969456,-0.0012217305,-0.0012217305,0.0,TREMOR,42fe4be625e4
1775692909772,1083095123304979,0.30166942,-0.06943185,9.9550905,0.0,0.0,0.0,TREMOR,42fe4be625e4
1775692909780,1083095131303131,0.2896984,-0.06943185,9.959879,-6.1086525E-4,0.002443461,-6.1086525E-4,TREMOR,42fe4be625e4
1775692909788,1083095139328897,0.31124622,-0.08379706,9.974244,-6.1086525E-4,6.1086525E-4,-6.1086525E-4,TREMOR,42fe4be625e4
1775692909796,1083095147323125,0.29927522,-0.05746084,9.969456,0.0,0.002443461,-0.0012217305,TREMOR,42fe4be625e4
1775692909804,1083095155321200,0.30885202,-0.062249243,9.957485,-0.0012217305,6.1086525E-4,-6.1086525E-4,TREMOR,42fe4be625e4
1775692909812,1083095163314504,0.29448682,-0.05746084,9.952697,-0.0012217305,0.0012217305,0.0,TREMOR,42fe4be625e4
1775692909820,1083095171310732,0.30166942,-0.06943185,9.97185,0.0,-6.1086525E-4,6.1086525E-4,TREMOR,42fe4be625e4
1775692909828,1083095179306730,0.31124622,-0.06943185,9.9790325,6.1086525E-4,0.0012217305,-0.0012217305,TREMOR,42fe4be625e4
1775692909836,1083095187300650,0.31364042,-0.074220255,9.986216,-0.0012217305,-6.1086525E-4,6.1086525E-4,TREMOR,42fe4be625e4
1775692909844,1083095195296263,0.30166942,-0.06464344,9.969456,-6.1086525E-4,0.0012217305,6.1086525E-4,TREMOR,42fe4be625e4
1775692909852,1083095203378492,0.30645782,-0.055066638,9.969456,6.1086525E-4,0.0012217305,0.0012217305,TREMOR,42fe4be625e4
1775692909860,1083095211319719,0.2777274,-0.059855044,9.957485,0.0030543262,0.0030543262,0.0,TREMOR,42fe4be625e4
1775692909868,1083095219316332,0.2753332,-0.055066638,9.97185,-0.0012217305,0.0012217305,-6.1086525E-4,TREMOR,42fe4be625e4
1775692909876,1083095227280561,0.2681506,-0.06943185,9.964667,0.0,-0.002443461,-6.1086525E-4,TREMOR,42fe4be625e4
1775692909884,1083095235306404,0.30406362,-0.088585466,9.938332,-0.0012217305,-0.0018325958,0.0012217305,TREMOR,42fe4be625e4
1775692909892,1083095243300939,0.3184288,-0.06943185,9.947908,6.1086525E-4,-0.0030543262,-0.0012217305,TREMOR,42fe4be625e4
1775692909900,1083095251327014,0.33039984,-0.08379706,9.9550905,-6.1086525E-4,-0.0030543262,0.0,TREMOR,42fe4be625e4
1775692909908,1083095259325165,0.33279404,-0.079008654,9.962274,0.0,-0.002443461,-0.0012217305,TREMOR,42fe4be625e4
1775692909916,1083095267317777,0.33039984,-0.06464344,9.988609,-6.1086525E-4,-0.0018325958,0.0,TREMOR,42fe4be625e4
1775692909924,1083095275312621,0.33758244,-0.079008654,9.976639,-6.1086525E-4,-6.1086525E-4,0.0018325958,TREMOR,42fe4be625e4
1775692909932,1083095283310772,0.34476504,-0.074220255,9.974244,-6.1086525E-4,0.0012217305,6.1086525E-4,TREMOR,42fe4be625e4
1775692909940,1083095291305154,0.34237084,-0.06943185,9.97185,-6.1086525E-4,0.0012217305,6.1086525E-4,TREMOR,42fe4be625e4
1775692909947,1083095298724844,0.34476504,-0.08619126,9.969456,0.0,-6.1086525E-4,6.1086525E-4,TREMOR,42fe4be625e4
1775692909956,1083095307297226,0.35434186,-0.076614454,9.976639,-0.0012217305,0.0012217305,6.1086525E-4,TREMOR,42fe4be625e4
1775692915244,1083100595449030,0.30166942,-0.074220255,9.9550905,-6.1086525E-4,6.1086525E-4,0.0012217305,TREMOR,42fe4be625e4
1775692915252,1083100603475191,0.31364042,-0.062249243,9.940725,-0.0018325958,-0.004276057,0.0,TREMOR,42fe4be625e4
1775692915260,1083100611470660,0.33039984,-0.06703765,9.981427,-6.1086525E-4,-0.0036651916,-6.1086525E-4,TREMOR,42fe4be625e4
1775692915268,1083100619466360,0.31603462,-0.05746084,9.995792,6.1086525E-4,-0.0012217305,-6.1086525E-4,TREMOR,42fe4be625e4
1775692915276,1083100627461983,0.33039984,-0.06464344,10.010158,0.0,-0.0012217305,6.1086525E-4,TREMOR,42fe4be625e4
1775692915284,1083100635341067,0.33518824,-0.059855044,9.9790325,6.1086525E-4,-0.0018325958,6.1086525E-4,TREMOR,42fe4be625e4
1775692915292,1083100643368459,0.33997664,-0.06703765,9.9790325,0.0,-0.0030543262,0.0,TREMOR,42fe4be625e4
1775692915300,1083100651321298,0.36631286,-0.06703765,9.950302,6.1086525E-4,6.1086525E-4,0.0,TREMOR,42fe4be625e4
1775692915308,1083100659317601,0.33997664,-0.06703765,10.0269165,-0.0012217305,0.0,6.1086525E-4,TREMOR,42fe4be625e4
1775692915316,1083100667312365,0.34476504,-0.07182605,9.993398,6.1086525E-4,0.0,6.1086525E-4,TREMOR,42fe4be625e4
1775692915324,1083100675309206,0.320823,-0.07182605,9.959879,-6.1086525E-4,0.0030543262,6.1086525E-4,TREMOR,42fe4be625e4
1775692915332,1083100683302509,0.33279404,-0.062249243,9.945514,0.0,0.004276057,0.0012217305,TREMOR,42fe4be625e4
1775692915340,1083100691301581,0.3184288,-0.050278235,9.952697,0.0012217305,0.0067195175,0.0,TREMOR,42fe4be625e4
1775692915348,1083100699327114,0.31124622,-0.04070143,10.000581,6.1086525E-4,0.004886922,-6.1086525E-4,TREMOR,42fe4be625e4
1775692915356,1083100707321879,0.25139117,-0.05746084,10.024523,0.0012217305,0.004886922,0.0,TREMOR,42fe4be625e4
1775692915364,1083100715316027,0.21547815,-0.059855044,9.991004,0.0,0.0012217305,0.0012217305,TREMOR,42fe4be625e4
1775692915372,1083100723312253,0.22744916,-0.08379706,9.933543,-6.1086525E-4,0.0012217305,-6.1086525E-4,TREMOR,42fe4be625e4
1775692915380,1083100731307402,0.23942018,-0.059855044,9.902418,0.0012217305,0.0012217305,0.0,TREMOR,42fe4be625e4
1775692915388,1083100739304936,0.25617957,-0.08379706,9.935937,0.0,-0.0012217305,6.1086525E-4,TREMOR,42fe4be625e4
1775692915396,1083100747299392,0.2705448,-0.074220255,9.991004,0.0012217305,-0.0036651916,-6.1086525E-4,TREMOR,42fe4be625e4
1775692915404,1083100755326696,0.29688102,-0.06703765,9.998186,-0.0012217305,-0.004886922,0.0,TREMOR,42fe4be625e4
1775692915412,1083100763320537,0.33039984,-0.079008654,10.0029745,-0.002443461,-0.0061086523,6.1086525E-4,TREMOR,42fe4be625e4
1775692915420,1083100771316224,0.35194764,-0.06464344,9.976639,-0.0012217305,-0.004276057,0.0018325958,TREMOR,42fe4be625e4
1775692915428,1083100779311604,0.35434186,-0.055066638,9.97185,6.1086525E-4,-0.0012217305,-6.1086525E-4,TREMOR,42fe4be625e4
1775692915436,1083100787307599,0.37349546,-0.062249243,9.9790325,6.1086525E-4,6.1086525E-4,0.0,TREMOR,42fe4be625e4
1775692915444,1083100795302979,0.34476504,-0.08140286,9.9790325,0.0,-0.0012217305,-6.1086525E-4,TREMOR,42fe4be625e4
1775692915452,1083100803354358,0.36152446,-0.08379706,9.9790325,-6.1086525E-4,-0.0012217305,-6.1086525E-4,TREMOR,42fe4be625e4
1775692915460,1083100811294353,0.36631286,-0.095768064,9.97185,-6.1086525E-4,-0.0012217305,0.0,TREMOR,42fe4be625e4
1775692915468,1083100819321425,0.36391866,-0.074220255,9.9790325,0.0,0.002443461,6.1086525E-4,TREMOR,42fe4be625e4
1775692915475,1083100826803266,0.34955344,-0.07182605,9.991004,0.0,0.0036651916,6.1086525E-4,TREMOR,42fe4be625e4
1775692915484,1083100835367261,0.32561144,-0.05746084,9.964667,6.1086525E-4,0.007941248,0.0012217305,TREMOR,42fe4be625e4
1775692915492,1083100843276872,0.29448682,-0.055066638,9.962274,6.1086525E-4,0.004886922,-6.1086525E-4,TREMOR,42fe4be625e4
1775692915499,1083100850918099,0.29209262,-0.050278235,9.92636,0.0012217305,0.007941248,0.0,TREMOR,42fe4be625e4
1775692915508,1083100859299554,0.2873042,-0.05746084,9.998186,0.0018325958,0.004886922,0.0012217305,TREMOR,42fe4be625e4
1775692915515,1083100866810935,0.24899697,-0.059855044,10.0269165,0.0012217305,0.0018325958,0.0,TREMOR,42fe4be625e4
1775692915524,1083100875319007,0.24420857,-0.08140286,10.0029745,-6.1086525E-4,6.1086525E-4,-6.1086525E-4,TREMOR,42fe4be625e4
1775692915532,1083100883315233,0.25139117,-0.074220255,9.94312,0.0,0.0012217305,0.0,TREMOR,42fe4be625e4
1775692915540,1083100891311228,0.2777274,-0.06464344,9.911995,-0.0012217305,6.1086525E-4,-0.0018325958,TREMOR,42fe4be625e4
1775692915548,1083100899309376,0.2753332,-0.047884032,9.950302,0.0018325958,-6.1086525E-4,0.0,TREMOR,42fe4be625e4
1775692915556,1083100907327602,0.29209262,-0.055066638,9.964667,-6.1086525E-4,-0.002443461,0.0,TREMOR,42fe4be625e4
1775692915564,1083100915299290,0.33758244,-0.05746084,9.993398,-0.0030543262,-0.0036651916,0.0,TREMOR,42fe4be625e4
1775692915572,1083100923325438,0.34955344,-0.055066638,9.995792,-0.002443461,-0.004276057,6.1086525E-4,TREMOR,42fe4be625e4
1775692915580,1083100931289357,0.34955344,-0.06703765,10.04607,-0.002443461,-0.004886922,0.0,TREMOR,42fe4be625e4
1775692915588,1083100939317121,0.30166942,-0.07182605,10.014946,6.1086525E-4,0.0012217305,-6.1086525E-4,TREMOR,42fe4be625e4
1775692915596,1083100947311500,0.2873042,-0.074220255,9.97185,0.0,0.002443461,0.0,TREMOR,42fe4be625e4
1775692915604,1083100955307188,0.25857377,-0.079008654,9.933543,0.0,0.0036651916,-6.1086525E-4,TREMOR,42fe4be625e4
1775692915612,1083100963303490,0.272939,-0.06943185,9.923966,0.0,0.0018325958,-0.0018325958,TREMOR,42fe4be625e4
1775692915620,1083100971298639,0.31603462,-0.059855044,9.957485,-0.0012217305,-0.0018325958,-0.0012217305,TREMOR,42fe4be625e4
1775692915627,1083100978863174,0.34955344,-0.05746084,9.976639,-0.002443461,-0.0030543262,-0.0012217305,TREMOR,42fe4be625e4
1775692915636,1083100987375246,0.35434186,-0.074220255,9.983821,-0.0030543262,-0.005497787,0.0,TREMOR,42fe4be625e4
1775692915644,1083100995284702,0.35913026,-0.059855044,9.967062,0.0,0.0,0.0012217305,TREMOR,42fe4be625e4
1775692915652,1083101003313697,0.34715924,-0.05267244,9.940725,0.0012217305,0.0030543262,6.1086525E-4,TREMOR,42fe4be625e4
1775692915660,1083101011307769,0.33758244,-0.050278235,9.957485,0.0012217305,0.004276057,0.0012217305,TREMOR,42fe4be625e4
1775692915668,1083101019327149,0.29209262,-0.07182605,10.0029745,6.1086525E-4,0.0030543262,0.0012217305,TREMOR,42fe4be625e4
1775692915676,1083101027299144,0.29209262,-0.079008654,10.022128,0.0012217305,0.0018325958,0.0,TREMOR,42fe4be625e4
1775692915683,1083101034811754,0.30885202,-0.06943185,9.995792,-0.0018325958,-0.0012217305,-0.0012217305,TREMOR,42fe4be625e4
1775692915692,1083101043320057,0.32321724,-0.076614454,9.988609,-6.1086525E-4,-0.0018325958,-6.1086525E-4,TREMOR,42fe4be625e4
1775692915699,1083101050800744,0.29927522,-0.062249243,9.991004,-6.1086525E-4,0.0012217305,0.0,TREMOR,42fe4be625e4
1775692915708,1083101059313047,0.272939,-0.033518825,9.945514,6.1086525E-4,0.004276057,0.0,TREMOR,42fe4be625e4
1775692915716,1083101067306888,0.25617957,-0.045489833,9.938332,-0.0012217305,0.002443461,6.1086525E-4,TREMOR,42fe4be625e4
1775692915724,1083101075300729,0.2777274,-0.062249243,9.959879,0.0,0.0018325958,0.0012217305,TREMOR,42fe4be625e4
1775692915732,1083101083299109,0.2681506,-0.07182605,9.995792,6.1086525E-4,-0.002443461,0.0012217305,TREMOR,42fe4be625e4
1775692915740,1083101091325259,0.272939,-0.079008654,10.000581,-0.0012217305,-0.002443461,0.0012217305,TREMOR,42fe4be625e4
1775692915748,1083101099321639,0.29688102,-0.10534488,9.986216,-0.002443461,-0.0018325958,-6.1086525E-4,TREMOR,42fe4be625e4
1775692915756,1083101107313864,0.30406362,-0.08379706,9.969456,-0.0030543262,-0.004886922,-6.1086525E-4,TREMOR,42fe4be625e4
1775692915763,1083101114795475,0.33518824,-0.08140286,9.945514,0.0,-0.0030543262,-6.1086525E-4,TREMOR,42fe4be625e4
1775692915772,1083101123269931,0.33758244,-0.062249243,9.950302,6.1086525E-4,-0.0018325958,0.0,TREMOR,42fe4be625e4
1775692915780,1083101131301926,0.34955344,-0.05746084,9.950302,6.1086525E-4,-0.0018325958,0.0,TREMOR,42fe4be625e4
1775692915787,1083101138772383,0.34955344,-0.05267244,9.976639,0.0,-0.0018325958,-0.0012217305,TREMOR,42fe4be625e4
1775692915796,1083101147348301,0.34476504,-0.07182605,10.000581,-0.0036651916,-6.1086525E-4,-6.1086525E-4,TREMOR,42fe4be625e4
1775692915804,1083101155321219,0.33518824,-0.06703765,9.981427,-0.0012217305,-6.1086525E-4,0.0,TREMOR,42fe4be625e4
1775692915812,1083101163314829,0.35913026,-0.05746084,9.974244,0.0,0.004276057,-0.0012217305,TREMOR,42fe4be625e4
1775692915820,1083101171311671,0.31124622,-0.090979666,9.993398,0.0012217305,0.0030543262,0.0,TREMOR,42fe4be625e4
1775692915828,1083101179307127,0.2825158,-0.079008654,9.981427,6.1086525E-4,0.0036651916,0.0,TREMOR,42fe4be625e4
1775692915835,1083101186836046,0.2681506,-0.06464344,9.991004,-6.1086525E-4,0.004276057,-0.0012217305,TREMOR,42fe4be625e4
1775692915844,1083101195327425,0.28491,-0.07182605,9.94312,-0.002443461,0.004276057,-0.0012217305,TREMOR,42fe4be625e4
1775692915852,1083101203324881,0.34237084,-0.06703765,9.91439,0.0,-0.0012217305,6.1086525E-4,TREMOR,42fe4be625e4
1775692915860,1083101211320262,0.320823,-0.079008654,9.993398,6.1086525E-4,-0.0012217305,0.0,TREMOR,42fe4be625e4
1775692915868,1083101219315719,0.2777274,-0.074220255,10.022128,0.0,-0.0012217305,0.002443461,TREMOR,42fe4be625e4
1775692915876,1083101227309252,0.24899697,-0.06703765,10.012551,-0.0018325958,0.0,0.0018325958,TREMOR,42fe4be625e4
1775692915884,1083101235307939,0.2753332,-0.07182605,9.933543,0.0,-0.0012217305,0.0012217305,TREMOR,42fe4be625e4
1775692915892,1083101243356550,0.272939,-0.06703765,9.969456,0.0012217305,0.0,6.1086525E-4,TREMOR,42fe4be625e4
1775692915900,1083101251296545,0.30885202,-0.05746084,9.947908,6.1086525E-4,-0.002443461,-6.1086525E-4,TREMOR,42fe4be625e4
1775692915908,1083101259324540,0.33518824,-0.06464344,9.967062,-0.0018325958,-0.002443461,6.1086525E-4,TREMOR,42fe4be625e4
1775692915916,1083101267310689,0.34715924,-0.06703765,9.97185,-0.0012217305,-0.0030543262,-0.0012217305,TREMOR,42fe4be625e4
1775692915924,1083101275284530,0.35673606,-0.07182605,10.007763,-0.0030543262,-0.004276057,6.1086525E-4,TREMOR,42fe4be625e4
1775692915932,1083101283310756,0.36391866,-0.079008654,9.981427,0.0,-0.002443461,-0.0012217305,TREMOR,42fe4be625e4
1775692915940,1083101291304597,0.34476504,-0.059855044,9.981427,0.0018325958,0.0036651916,6.1086525E-4,TREMOR,42fe4be625e4
1775692915947,1083101298809747,0.33997664,-0.045489833,9.974244,6.1086525E-4,0.0061086523,0.0,TREMOR,42fe4be625e4
1775692915956,1083101307297433,0.31364042,-0.06703765,9.967062,0.0012217305,0.0018325958,0.0012217305,TREMOR,42fe4be625e4
1775692915964,1083101315323274,0.28491,-0.06703765,9.993398,6.1086525E-4,0.004276057,0.0012217305,TREMOR,42fe4be625e4
1775692915972,1083101323317809,0.272939,-0.06464344,9.981427,0.0012217305,0.004276057,-0.0012217305,TREMOR,42fe4be625e4
1775692915980,1083101331315881,0.2801216,-0.074220255,9.964667,-6.1086525E-4,0.0018325958,-0.0012217305,TREMOR,42fe4be625e4
1775692915988,1083101339334337,0.28491,-0.076614454,9.9790325,0.0,0.0012217305,0.0,TREMOR,42fe4be625e4
1775692915996,1083101347304871,0.29448682,-0.08619126,9.97185,0.0,0.0012217305,0.0,TREMOR,42fe4be625e4
1775692916004,1083101355300789,0.3184288,-0.055066638,9.9790325,6.1086525E-4,-6.1086525E-4,-6.1086525E-4,TREMOR,42fe4be625e4
1775692916012,1083101363326015,0.30406362,-0.079008654,9.964667,-6.1086525E-4,-6.1086525E-4,0.0,TREMOR,42fe4be625e4
1775692916020,1083101371323625,0.30406362,-0.06943185,9.957485,-0.0012217305,-6.1086525E-4,0.0018325958,TREMOR,42fe4be625e4
1775692916028,1083101379318697,0.31603462,-0.076614454,9.969456,0.0,0.0,0.0,TREMOR,42fe4be625e4
1775692916036,1083101387312769,0.33758244,-0.05746084,9.964667,-0.0012217305,-0.0018325958,-6.1086525E-4,TREMOR,42fe4be625e4
1775692916043,1083101394794688,0.33279404,-0.05746084,9.981427,-0.0012217305,-0.0018325958,-6.1086525E-4,TREMOR,42fe4be625e4
1775692916052,1083101403304759,0.33279404,-0.07182605,9.9790325,0.0012217305,-0.0012217305,0.0012217305,TREMOR,42fe4be625e4
1775692916060,1083101411301754,0.29688102,-0.059855044,9.9790325,0.0012217305,0.0036651916,-6.1086525E-4,TREMOR,42fe4be625e4
1775692916068,1083101419351287,0.2873042,-0.06943185,9.983821,0.0012217305,0.0018325958,-0.0012217305,TREMOR,42fe4be625e4
1775692916076,1083101427290359,0.25857377,-0.059855044,9.9790325,-6.1086525E-4,6.1086525E-4,-6.1086525E-4,TREMOR,42fe4be625e4
1775692916084,1083101435316740,0.2705448,-0.062249243,9.9790325,6.1086525E-4,-0.0012217305,-0.0012217305,TREMOR,42fe4be625e4
1775692916092,1083101443313735,0.29688102,-0.06703765,9.938332,-6.1086525E-4,-0.0018325958,-0.0018325958,TREMOR,42fe4be625e4
1775692916100,1083101451278653,0.32321724,-0.05746084,9.967062,0.0,-0.002443461,-0.0018325958,TREMOR,42fe4be625e4
1775692916108,1083101459305725,0.3184288,-0.062249243,9.952697,0.0012217305,-0.0012217305,6.1086525E-4,TREMOR,42fe4be625e4
1775692916116,1083101467299489,0.33039984,-0.07182605,9.950302,0.0,-0.0018325958,-6.1086525E-4,TREMOR,42fe4be625e4
1775692916124,1083101475325715,0.32321724,-0.06464344,9.988609,-6.1086525E-4,-0.0018325958,0.0012217305,TREMOR,42fe4be625e4
1775692916132,1083101483322864,0.30645782,-0.047884032,9.995792,6.1086525E-4,-0.002443461,0.0,TREMOR,42fe4be625e4
1775692916140,1083101491318013,0.30166942,-0.07182605,9.959879,-6.1086525E-4,-0.0018325958,-6.1086525E-4,TREMOR,42fe4be625e4
1775692916148,1083101499314008,0.30166942,-0.07182605,9.976639,0.0,-0.002443461,-0.0012217305,TREMOR,42fe4be625e4
1775692916156,1083101507310003,0.31603462,-0.074220255,9.976639,-6.1086525E-4,-0.004276057,-0.002443461,TREMOR,42fe4be625e4
1775692916164,1083101515329075,0.34955344,-0.07182605,9.998186,-6.1086525E-4,-6.1086525E-4,-6.1086525E-4,TREMOR,42fe4be625e4
1775692916172,1083101523299454,0.37110126,-0.08619126,9.967062,-6.1086525E-4,-6.1086525E-4,6.1086525E-4,TREMOR,42fe4be625e4
1775692916180,1083101531326526,0.40462008,-0.079008654,9.976639,-0.0012217305,0.0,0.0,TREMOR,42fe4be625e4
1775692916188,1083101539324368,0.4165911,-0.08140286,9.993398,-0.0012217305,0.0030543262,6.1086525E-4,TREMOR,42fe4be625e4
1775692916196,1083101547318902,0.39025488,-0.076614454,10.012551,0.0,0.004886922,6.1086525E-4,TREMOR,42fe4be625e4
1775692916204,1083101555312051,0.33039984,-0.06943185,9.988609,6.1086525E-4,0.007941248,0.0,TREMOR,42fe4be625e4
1775692916212,1083101563309277,0.29927522,-0.04070143,9.983821,0.0012217305,0.009162978,0.0018325958,TREMOR,42fe4be625e4
1775692916220,1083101571305656,0.23223756,-0.035913024,9.97185,0.0018325958,0.01282817,-0.0012217305,TREMOR,42fe4be625e4
1775692916228,1083101579301036,0.21547815,-0.04070143,9.991004,0.0018325958,0.010995574,6.1086525E-4,TREMOR,42fe4be625e4
1775692916236,1083101587325262,0.18435353,-0.04309563,9.967062,0.0018325958,0.004886922,-0.0012217305,TREMOR,42fe4be625e4
1775692916244,1083101595320718,0.18195933,-0.076614454,9.938332,-0.0012217305,0.0036651916,-0.0012217305,TREMOR,42fe4be625e4
1775692916252,1083101603372098,0.25617957,-0.10055647,9.883265,-0.0018325958,-0.0036651916,-6.1086525E-4,TREMOR,42fe4be625e4
1775692916260,1083101611311478,0.2705448,-0.10295067,9.945514,-0.0030543262,-0.0067195175,0.0,TREMOR,42fe4be625e4
1775692916268,1083101619309626,0.25139117,-0.076614454,9.991004,0.0,-0.009773844,0.0018325958,TREMOR,42fe4be625e4
1775692916276,1083101627302545,0.2681506,-0.07182605,10.01734,-6.1086525E-4,-0.007941248,-6.1086525E-4,TREMOR,42fe4be625e4
1775692916284,1083101635354540,0.29688102,-0.05267244,9.986216,-0.0012217305,-0.004886922,0.0,TREMOR,42fe4be625e4
1775692916292,1083101643324996,0.35434186,-0.05267244,9.981427,-0.0012217305,-0.0061086523,-6.1086525E-4,TREMOR,42fe4be625e4
1775692916299,1083101650939684,0.39983168,-0.05746084,9.974244,-0.002443461,-0.007941248,-6.1086525E-4,TREMOR,42fe4be625e4
1775692916308,1083101659371986,0.44532153,-0.076614454,9.993398,-0.0012217305,-0.008552114,6.1086525E-4,TREMOR,42fe4be625e4
1775692916316,1083101667312675,0.46447513,-0.090979666,10.012551,-0.004276057,-0.005497787,6.1086525E-4,TREMOR,42fe4be625e4
1775692916324,1083101675308285,0.4333505,-0.08379706,10.010158,-6.1086525E-4,-6.1086525E-4,6.1086525E-4,TREMOR,42fe4be625e4
1775692916332,1083101683304280,0.35434186,-0.08379706,10.01734,0.0012217305,0.0061086523,-6.1086525E-4,TREMOR,42fe4be625e4
1775692916340,1083101691298736,0.29688102,-0.07182605,9.983821,0.0018325958,0.010995574,0.0012217305,TREMOR,42fe4be625e4
1775692916348,1083101699326501,0.2681506,-0.062249243,9.967062,0.0030543262,0.01282817,0.0,TREMOR,42fe4be625e4
1775692916356,1083101707319957,0.22744916,-0.059855044,9.9790325,0.0012217305,0.009162978,0.0,TREMOR,42fe4be625e4
1775692916364,1083101715316875,0.22505496,-0.05746084,9.938332,6.1086525E-4,0.0067195175,-0.0012217305,TREMOR,42fe4be625e4
1775692916372,1083101723311409,0.25139117,-0.06703765,9.916783,-0.002443461,0.002443461,0.0,TREMOR,42fe4be625e4
1775692916380,1083101731306481,0.2777274,-0.06943185,9.921572,-0.0018325958,-0.002443461,-0.002443461,TREMOR,42fe4be625e4
1775692916388,1083101739304245,0.29209262,-0.10534488,9.9550905,0.0,-0.0036651916,0.0,TREMOR,42fe4be625e4
1775692916396,1083101747298163,0.2896984,-0.07182605,9.97185,0.0,-0.0018325958,0.0018325958,TREMOR,42fe4be625e4
1775692916404,1083101755325466,0.31603462,-0.06703765,9.950302,6.1086525E-4,0.0,6.1086525E-4,TREMOR,42fe4be625e4
1775692916412,1083101763321230,0.33997664,-0.05267244,9.94312,6.1086525E-4,-6.1086525E-4,0.0,TREMOR,42fe4be625e4
1775692916420,1083101771315918,0.32561144,-0.038307227,9.97185,0.0,-0.002443461,0.0,TREMOR,42fe4be625e4
1775692916428,1083101779312221,0.32561144,-0.059855044,10.005369,-6.1086525E-4,-0.002443461,-6.1086525E-4,TREMOR,42fe4be625e4
1775692916436,1083101787331985,0.34476504,-0.06703765,10.007763,-0.0012217305,-0.002443461,0.0,TREMOR,42fe4be625e4
1775692916444,1083101795303365,0.34955344,-0.074220255,10.005369,-0.0018325958,-0.0030543262,0.0,TREMOR,42fe4be625e4
1775692916452,1083101803299591,0.33518824,-0.06464344,9.976639,-0.0012217305,-0.0012217305,-6.1086525E-4,TREMOR,42fe4be625e4
1775692916460,1083101811323970,0.31124622,-0.074220255,9.959879,-6.1086525E-4,0.0030543262,-6.1086525E-4,TREMOR,42fe4be625e4
1775692916468,1083101819321119,0.30166942,-0.08140286,9.952697,0.0,0.002443461,-6.1086525E-4,TREMOR,42fe4be625e4
1775692916476,1083101827315268,0.2801216,-0.07182605,9.938332,-6.1086525E-4,0.0012217305,-0.0012217305,TREMOR,42fe4be625e4
1775692916484,1083101835366648,0.2777274,-0.06703765,9.974244,0.0,0.002443461,-0.0012217305,TREMOR,42fe4be625e4
1775692916492,1083101843307335,0.28491,-0.06464344,9.967062,6.1086525E-4,0.0,6.1086525E-4,TREMOR,42fe4be625e4
1775692916499,1083101850919330,0.2825158,-0.079008654,9.947908,0.0,0.0,0.0,TREMOR,42fe4be625e4
1775692916507,1083101858868480,0.30166942,-0.076614454,9.957485,0.0,-6.1086525E-4,0.0,TREMOR,42fe4be625e4
1775692916515,1083101866798937,0.33039984,-0.079008654,9.935937,-6.1086525E-4,-0.0030543262,0.0012217305,TREMOR,42fe4be625e4
1775692916524,1083101875322008,0.32561144,-0.08140286,9.983821,0.004886922,6.1086525E-4,0.0,TREMOR,42fe4be625e4
1775692916532,1083101883315542,0.30166942,-0.047884032,10.005369,0.002443461,-0.0012217305,0.0,TREMOR,42fe4be625e4
1775692916539,1083101890796460,0.2896984,-0.050278235,10.014946,6.1086525E-4,6.1086525E-4,0.0012217305,TREMOR,42fe4be625e4
1775692916548,1083101899308147,0.29448682,-0.062249243,10.019734,-0.0018325958,0.0012217305,-0.0012217305,TREMOR,42fe4be625e4
1775692916556,1083101907301373,0.2753332,-0.035913024,9.962274,-6.1086525E-4,0.0,0.0,TREMOR,42fe4be625e4
1775692916564,1083101915298984,0.2801216,-0.047884032,9.9550905,-6.1086525E-4,-0.0012217305,0.0,TREMOR,42fe4be625e4
1775692916572,1083101923325056,0.33997664,-0.090979666,9.921572,-0.002443461,-0.0012217305,0.0,TREMOR,42fe4be625e4
1775692916580,1083101931318281,0.34237084,-0.08140286,9.919178,-6.1086525E-4,-0.002443461,-0.0018325958,TREMOR,42fe4be625e4
1775692916587,1083101938882276,0.35673606,-0.08379706,9.959879,-0.0018325958,-0.004276057,6.1086525E-4,TREMOR,42fe4be625e4
1775692916596,1083101947310579,0.35913026,-0.090979666,9.981427,0.002443461,-0.002443461,-6.1086525E-4,TREMOR,42fe4be625e4
1775692916604,1083101955306882,0.37349546,-0.06464344,10.01734,0.0,-6.1086525E-4,6.1086525E-4,TREMOR,42fe4be625e4
1775692916612,1083101963302338,0.37588966,-0.06703765,10.0029745,0.0012217305,0.0036651916,0.0018325958,TREMOR,42fe4be625e4
1775692916620,1083101971322333,0.37828386,-0.05267244,10.01734,0.0,0.004276057,6.1086525E-4,TREMOR,42fe4be625e4
1775692916628,1083101979292405,0.35194764,-0.05746084,9.998186,-0.0018325958,0.0030543262,0.0012217305,TREMOR,42fe4be625e4
1775692916636,1083101987318939,0.31603462,-0.05746084,9.993398,6.1086525E-4,0.004276057,0.0,TREMOR,42fe4be625e4
1775692916644,1083101995315780,0.29209262,-0.07182605,9.974244,0.0,0.002443461,0.0,TREMOR,42fe4be625e4
1775692916652,1083102003311468,0.2681506,-0.06943185,9.9550905,0.0012217305,0.0030543262,0.0018325958,TREMOR,42fe4be625e4
1775692916660,1083102011306617,0.2777274,-0.093373865,9.9550905,6.1086525E-4,0.0030543262,6.1086525E-4,TREMOR,42fe4be625e4
1775692916668,1083102019357074,0.29688102,-0.08379706,9.950302,-6.1086525E-4,0.0012217305,0.0018325958,TREMOR,42fe4be625e4
1775692916676,1083102027298607,0.33279404,-0.08379706,9.9550905,-0.002443461,-0.0018325958,0.0018325958,TREMOR,42fe4be625e4
1775692916684,1083102035324141,0.36631286,-0.090979666,9.952697,-0.002443461,-0.0036651916,0.0012217305,TREMOR,42fe4be625e4
1775692916692,1083102043318520,0.37110126,-0.07182605,9.986216,-6.1086525E-4,-0.0036651916,0.0018325958,TREMOR,42fe4be625e4
1775692916699,1083102050820438,0.31364042,-0.033518825,10.024523,6.1086525E-4,0.0012217305,0.002443461,TREMOR,42fe4be625e4
1775692916708,1083102059311741,0.20829555,-0.007182605,10.012551,0.0036651916,0.009162978,-6.1086525E-4,TREMOR,42fe4be625e4
1775692916716,1083102067305044,0.1340753,-0.007182605,9.9790325,0.002443461,0.009162978,0.0012217305,TREMOR,42fe4be625e4
1775692916724,1083102075300962,0.12449849,-0.019153614,9.933543,0.002443461,0.009162978,-0.0018325958,TREMOR,42fe4be625e4
1775692916732,1083102083296726,0.20350714,-0.074220255,9.871294,0.0018325958,0.004886922,-0.004276057,TREMOR,42fe4be625e4
1775692916740,1083102091348029,0.28491,-0.10295067,9.921572,-0.0030543262,-0.004276057,-0.0018325958,TREMOR,42fe4be625e4
1775692916748,1083102099289639,0.35673606,-0.1316811,9.890448,-0.004276057,-0.014660766,-0.0012217305,TREMOR,42fe4be625e4
1775692916756,1083102107313865,0.36391866,-0.11971009,9.952697,-0.004886922,-0.018325957,6.1086525E-4,TREMOR,42fe4be625e4
1775692916763,1083102114957938,0.34715924,-0.08619126,10.0269165,-0.0030543262,-0.01160644,0.0012217305,TREMOR,42fe4be625e4
1775692916772,1083102123238779,0.320823,-0.05267244,10.024523,0.0,-0.0012217305,6.1086525E-4,TREMOR,42fe4be625e4
1775692916780,1083102131300697,0.33518824,-0.01436521,9.983821,0.004276057,0.008552114,0.0,TREMOR,42fe4be625e4
1775692916788,1083102139288692,0.37349546,-0.011971008,9.945514,0.0030543262,0.007941248,-0.0012217305,TREMOR,42fe4be625e4
1775692916796,1083102147293841,0.39504328,-0.04070143,10.012551,-0.0012217305,0.0,-6.1086525E-4,TREMOR,42fe4be625e4
1775692916803,1083102154967144,0.3878607,-0.06943185,10.007763,-0.004886922,-0.007941248,-0.0012217305,TREMOR,42fe4be625e4
1775692916812,1083102163315139,0.37588966,-0.10055647,9.967062,-0.005497787,-0.007941248,-0.0012217305,TREMOR,42fe4be625e4
1775692916819,1083102170845519,0.35434186,-0.11492168,9.976639,-0.0030543262,-0.0012217305,-6.1086525E-4,TREMOR,42fe4be625e4
1775692916828,1083102179360591,0.2896984,-0.08379706,9.986216,0.002443461,0.007941248,6.1086525E-4,TREMOR,42fe4be625e4
1775692916836,1083102187299970,0.2753332,-0.076614454,9.950302,0.0030543262,0.01160644,0.0012217305,TREMOR,42fe4be625e4
1775692916844,1083102195351734,0.2657564,-0.04070143,9.933543,0.0018325958,0.01038471,-6.1086525E-4,TREMOR,42fe4be625e4
1775692916852,1083102203294422,0.2753332,-0.050278235,9.935937,6.1086525E-4,0.004886922,-6.1086525E-4,TREMOR,42fe4be625e4
1775692916859,1083102210852341,0.2705448,-0.033518825,9.967062,-0.0012217305,-0.002443461,-6.1086525E-4,TREMOR,42fe4be625e4
1775692916868,1083102219315104,0.29448682,-0.074220255,9.9790325,-0.002443461,-0.005497787,6.1086525E-4,TREMOR,42fe4be625e4
1775692916876,1083102227310408,0.30166942,-0.079008654,9.974244,-0.0012217305,-0.0061086523,-6.1086525E-4,TREMOR,42fe4be625e4
1775692916884,1083102235268864,0.2825158,-0.093373865,9.945514,6.1086525E-4,-0.004276057,-0.0012217305,TREMOR,42fe4be625e4
1775692916892,1083102243300859,0.30406362,-0.10534488,9.92636,0.0012217305,0.0,0.0,TREMOR,42fe4be625e4
1775692916900,1083102251326085,0.34955344,-0.10055647,9.964667,-0.0012217305,-0.0018325958,-0.0012217305,TREMOR,42fe4be625e4
1775692916908,1083102259323696,0.37828386,-0.07182605,9.981427,-6.1086525E-4,-0.002443461,-6.1086525E-4,TREMOR,42fe4be625e4
1775692916916,1083102267318998,0.4189853,-0.059855044,9.967062,-0.002443461,-0.004886922,6.1086525E-4,TREMOR,42fe4be625e4
1775692916924,1083102275277224,0.39743748,-0.05746084,10.014946,-0.0012217305,-0.004276057,6.1086525E-4,TREMOR,42fe4be625e4
1775692916932,1083102283277834,0.34715924,-0.016759412,10.0269165,0.0,0.0018325958,0.0012217305,TREMOR,42fe4be625e4
1775692916940,1083102291304906,0.2873042,-0.016759412,9.9790325,0.0018325958,0.008552114,-6.1086525E-4,TREMOR,42fe4be625e4
1775692916947,1083102298810132,0.2681506,-0.035913024,9.967062,0.0030543262,0.013439035,-6.1086525E-4,TREMOR,42fe4be625e4
1775692916956,1083102307296820,0.2681506,-0.059855044,9.931149,0.002443461,0.01282817,0.0,TREMOR,42fe4be625e4
1775692916964,1083102315377430,0.30885202,-0.08379706,9.950302,0.0,0.0061086523,-6.1086525E-4,TREMOR,42fe4be625e4
1775692916972,1083102323286425,0.320823,-0.08379706,10.007763,-6.1086525E-4,-0.0012217305,-6.1086525E-4,TREMOR,42fe4be625e4
1775692916980,1083102331314112,0.2633622,-0.08619126,10.067618,-0.0030543262,-0.0061086523,-6.1086525E-4,TREMOR,42fe4be625e4
1775692916988,1083102339310416,0.23463176,-0.08619126,9.97185,-6.1086525E-4,-0.004276057,0.0012217305,TREMOR,42fe4be625e4
1775692916996,1083102347303873,0.19393034,-0.07182605,9.902418,0.0012217305,0.004276057,-6.1086525E-4,TREMOR,42fe4be625e4
1775692917004,1083102355301098,0.21308395,-0.050278235,9.890448,0.0012217305,0.004276057,0.0,TREMOR,42fe4be625e4
1775692917012,1083102363350939,0.260968,-0.050278235,9.935937,0.0018325958,-0.0018325958,-6.1086525E-4,TREMOR,42fe4be625e4
1775692917020,1083102371290704,0.3184288,-0.055066638,9.986216,-0.004886922,-0.007941248,-6.1086525E-4,TREMOR,42fe4be625e4
1775692917028,1083102379287930,0.4165911,-0.079008654,10.019734,-0.007330383,-0.015271631,-6.1086525E-4,TREMOR,42fe4be625e4
1775692917036,1083102387312540,0.4429273,-0.06943185,10.031705,-0.0061086523,-0.01160644,0.0,TREMOR,42fe4be625e4
1775692917044,1083102395308535,0.40701428,-0.06464344,10.031705,-0.0030543262,-0.008552114,6.1086525E-4,TREMOR,42fe4be625e4
1775692917052,1083102403359530,0.35434186,-0.10055647,9.988609,0.0012217305,0.0061086523,0.0018325958,TREMOR,42fe4be625e4
1775692917060,1083102411299217,0.29927522,-0.06943185,9.945514,0.002443461,0.01160644,6.1086525E-4,TREMOR,42fe4be625e4
1775692917068,1083102419327289,0.2873042,-0.06464344,9.916783,0.0018325958,0.009773844,0.0,TREMOR,42fe4be625e4
1775692917076,1083102427322592,0.30166942,-0.06464344,9.950302,0.0012217305,0.005497787,-0.0012217305,TREMOR,42fe4be625e4
1775692917083,1083102434850973,0.33518824,-0.079008654,9.964667,-0.0030543262,-0.0018325958,-6.1086525E-4,TREMOR,42fe4be625e4
1775692917092,1083102443276428,0.37110126,-0.093373865,9.986216,-0.004276057,-0.004886922,-0.0012217305,TREMOR,42fe4be625e4
1775692917100,1083102451307886,0.33039984,-0.079008654,10.0029745,-0.002443461,-0.002443461,6.1086525E-4,TREMOR,42fe4be625e4
1775692917108,1083102459305958,0.30645782,-0.08619126,10.0029745,6.1086525E-4,0.0030543262,0.0,TREMOR,42fe4be625e4
1775692917116,1083102467299183,0.2681506,-0.093373865,9.952697,0.0012217305,0.009162978,0.0012217305,TREMOR,42fe4be625e4
1775692917124,1083102475381025,0.23942018,-0.06464344,9.945514,0.0030543262,0.010995574,0.0012217305,TREMOR,42fe4be625e4
1775692917132,1083102483289712,0.25139117,-0.05746084,9.969456,-6.1086525E-4,0.004276057,0.0,TREMOR,42fe4be625e4
1775692917140,1083102491316168,0.2705448,-0.062249243,9.993398,0.0,6.1086525E-4,0.0,TREMOR,42fe4be625e4
1775692917148,1083102499337317,0.29209262,-0.062249243,9.957485,-0.004276057,0.0,0.0012217305,TREMOR,42fe4be625e4
1775692917156,1083102507310005,0.35913026,-0.076614454,9.964667,-0.0030543262,-0.004276057,-0.0012217305,TREMOR,42fe4be625e4
1775692917164,1083102515303154,0.31124622,-0.06943185,10.005369,0.0,-0.0036651916,0.0,TREMOR,42fe4be625e4
1775692917172,1083102523300149,0.25139117,-0.08140286,9.986216,0.0,-6.1086525E-4,0.0012217305,TREMOR,42fe4be625e4
1775692917180,1083102531350221,0.23702596,-0.08379706,9.947908,0.0,0.0018325958,-6.1086525E-4,TREMOR,42fe4be625e4
1775692917188,1083102539290600,0.24899697,-0.074220255,9.91439,6.1086525E-4,0.0012217305,6.1086525E-4,TREMOR,42fe4be625e4
1775692917196,1083102547316057,0.30406362,-0.079008654,9.935937,-6.1086525E-4,-0.005497787,0.0,TREMOR,42fe4be625e4
1775692917204,1083102555313898,0.32800564,-0.059855044,9.991004,-0.002443461,-0.007330383,-0.0012217305,TREMOR,42fe4be625e4
1775692917212,1083102563306894,0.34955344,-0.038307227,9.993398,-0.0036651916,-0.0067195175,-0.0018325958,TREMOR,42fe4be625e4
1775692917220,1083102571303812,0.36870706,-0.062249243,10.000581,-0.0018325958,-0.004276057,-6.1086525E-4,TREMOR,42fe4be625e4
1775692917228,1083102579299807,0.34237084,-0.07182605,9.993398,-6.1086525E-4,-0.0036651916,0.0018325958,TREMOR,42fe4be625e4
1775692917236,1083102587324725,0.33518824,-0.06464344,9.986216,0.0,0.0012217305,0.0018325958,TREMOR,42fe4be625e4
1775692917243,1083102594850489,0.34955344,-0.08619126,9.962274,6.1086525E-4,0.002443461,0.0012217305,TREMOR,42fe4be625e4
1775692917252,1083102603317254,0.36870706,-0.076614454,9.969456,0.0012217305,0.002443461,6.1086525E-4,TREMOR,42fe4be625e4
1775692917259,1083102610820633,0.37588966,-0.076614454,9.957485,-0.0012217305,0.0012217305,0.0,TREMOR,42fe4be625e4
1775692917268,1083102619309244,0.36152446,-0.06943185,9.976639,0.0,0.0012217305,0.0,TREMOR,42fe4be625e4
1775692917275,1083102626813008,0.32800564,-0.06464344,9.998186,6.1086525E-4,0.004886922,6.1086525E-4,TREMOR,42fe4be625e4
1775692917284,1083102635297849,0.31124622,-0.05267244,9.967062,0.0012217305,0.0061086523,0.0012217305,TREMOR,42fe4be625e4
1775692917292,1083102643325844,0.25857377,-0.031124622,9.993398,0.0012217305,0.008552114,6.1086525E-4,TREMOR,42fe4be625e4
1775692917299,1083102650808917,0.23463176,-0.04309563,9.995792,0.0012217305,0.005497787,6.1086525E-4,TREMOR,42fe4be625e4
1775692917308,1083102659318526,0.23702596,-0.062249243,9.94312,6.1086525E-4,0.004276057,-6.1086525E-4,TREMOR,42fe4be625e4
1775692917316,1083102667312060,0.23223756,-0.079008654,9.931149,0.0,0.0012217305,6.1086525E-4,TREMOR,42fe4be625e4
1775692917324,1083102675306516,0.25617957,-0.08379706,9.97185,-0.0018325958,-0.004886922,-6.1086525E-4,TREMOR,42fe4be625e4
1775692917332,1083102683303743,0.260968,-0.08379706,9.97185,0.0,-0.004276057,0.0012217305,TREMOR,42fe4be625e4
1775692917340,1083102691300354,0.29927522,-0.06703765,9.9550905,-0.0018325958,-0.0036651916,6.1086525E-4,TREMOR,42fe4be625e4
1775692917348,1083102699325810,0.29927522,-0.050278235,9.945514,0.0012217305,-0.0012217305,-6.1086525E-4,TREMOR,42fe4be625e4
1775692917356,1083102707290190,0.3184288,-0.033518825,10.0029745,0.0012217305,-0.0012217305,6.1086525E-4,TREMOR,42fe4be625e4
1775692917364,1083102715315339,0.33518824,-0.055066638,9.998186,-6.1086525E-4,-0.002443461,0.0,TREMOR,42fe4be625e4
1775692917372,1083102723311718,0.36870706,-0.05267244,9.993398,-0.0018325958,-0.0030543262,-0.0012217305,TREMOR,42fe4be625e4
1775692917380,1083102731307098,0.39504328,-0.074220255,9.967062,-6.1086525E-4,-0.004276057,0.0,TREMOR,42fe4be625e4
1775692917388,1083102739304247,0.40940848,-0.07182605,9.976639,0.0,-0.0036651916,0.0012217305,TREMOR,42fe4be625e4
1775692917396,1083102747297857,0.33997664,-0.079008654,10.0269165,6.1086525E-4,0.0,0.0,TREMOR,42fe4be625e4
1775692917404,1083102755324006,0.2657564,-0.090979666,10.012551,6.1086525E-4,0.002443461,-0.0012217305,TREMOR,42fe4be625e4
1775692917412,1083102763320847,0.29209262,-0.088585466,9.923966,6.1086525E-4,0.0061086523,0.0,TREMOR,42fe4be625e4
1775692917420,1083102771314688,0.2825158,-0.062249243,9.931149,6.1086525E-4,0.0030543262,0.0,TREMOR,42fe4be625e4
1775692917428,1083102779311991,0.2681506,-0.035913024,9.957485,0.0012217305,0.0030543262,6.1086525E-4,TREMOR,42fe4be625e4
1775692917436,1083102787306371,0.29927522,-0.047884032,9.967062,-6.1086525E-4,0.0,0.0,TREMOR,42fe4be625e4
1775692917444,1083102795303367,0.29209262,-0.07182605,9.940725,-0.0018325958,-0.0012217305,6.1086525E-4,TREMOR,42fe4be625e4
1775692917452,1083102803297823,0.32561144,-0.059855044,9.964667,-0.0012217305,0.0,-6.1086525E-4,TREMOR,42fe4be625e4
1775692917460,1083102811348818,0.3184288,-0.05746084,9.993398,0.0018325958,-0.0030543262,0.0012217305,TREMOR,42fe4be625e4
1775692917468,1083102819504890,0.2873042,-0.07182605,10.0029745,6.1086525E-4,6.1086525E-4,6.1086525E-4,TREMOR,42fe4be625e4
1775692917476,1083102827315270,0.29688102,-0.074220255,9.976639,6.1086525E-4,0.002443461,-6.1086525E-4,TREMOR,42fe4be625e4
1775692917483,1083102834959880,0.30166942,-0.08140286,9.969456,0.0,0.0012217305,0.0,TREMOR,42fe4be625e4
1775692917492,1083102843270106,0.29927522,-0.06464344,9.967062,6.1086525E-4,-0.002443461,-6.1086525E-4,TREMOR,42fe4be625e4
1775692917500,1083102851303870,0.32321724,-0.06703765,9.974244,0.0,-0.0018325958,0.0018325958,TREMOR,42fe4be625e4
1775692917508,1083102859297481,0.32561144,-0.062249243,9.9550905,-6.1086525E-4,-0.0018325958,-0.0012217305,TREMOR,42fe4be625e4
1775692917515,1083102866978014,0.33997664,-0.05267244,9.974244,0.0012217305,0.0018325958,-0.0012217305,TREMOR,42fe4be625e4
1775692917524,1083102875374625,0.31364042,-0.059855044,9.988609,0.0,-0.0012217305,-0.0012217305,TREMOR,42fe4be625e4
1775692917532,1083102883314697,0.31124622,-0.093373865,9.974244,0.0012217305,6.1086525E-4,0.0012217305,TREMOR,42fe4be625e4
1775692917539,1083102890899847,0.30885202,-0.079008654,9.964667,-6.1086525E-4,6.1086525E-4,6.1086525E-4,TREMOR,42fe4be625e4
1775692917548,1083102899307841,0.29927522,-0.06943185,9.969456,0.002443461,0.004276057,-6.1086525E-4,TREMOR,42fe4be625e4
1775692917556,1083102907326375,0.2825158,-0.06464344,9.995792,0.0,0.0018325958,-0.0012217305,TREMOR,42fe4be625e4
1775692917564,1083102915296755,0.2777274,-0.05746084,9.986216,6.1086525E-4,0.0012217305,-6.1086525E-4,TREMOR,42fe4be625e4
1775692917572,1083102923315519,0.2777274,-0.07182605,9.957485,-6.1086525E-4,6.1086525E-4,-6.1086525E-4,TREMOR,42fe4be625e4
1775692917580,1083102931289129,0.2873042,-0.06464344,9.947908,-6.1086525E-4,-6.1086525E-4,0.0,TREMOR,42fe4be625e4
1775692917588,1083102939339278,0.2633622,-0.076614454,9.967062,-6.1086525E-4,-6.1086525E-4,0.0,TREMOR,42fe4be625e4
1775692917596,1083102947310658,0.272939,-0.079008654,9.981427,-0.0012217305,-0.0036651916,-0.0018325958,TREMOR,42fe4be625e4
1775692917604,1083102955330576,0.30645782,-0.10295067,9.952697,-0.002443461,-0.0036651916,6.1086525E-4,TREMOR,42fe4be625e4
1775692917612,1083102963301032,0.31124622,-0.076614454,9.959879,-0.0030543262,-0.002443461,-0.0012217305,TREMOR,42fe4be625e4
1775692917619,1083102970913412,0.32800564,-0.07182605,9.9790325,0.0,-0.0018325958,0.0012217305,TREMOR,42fe4be625e4
1775692917628,1083102979325407,0.32561144,-0.059855044,10.0029745,0.0,0.0,-0.0012217305,TREMOR,42fe4be625e4
1775692917636,1083102987289710,0.33997664,-0.062249243,9.981427,-6.1086525E-4,-0.0012217305,0.0,TREMOR,42fe4be625e4
1775692917644,1083102995313320,0.34955344,-0.06703765,9.969456,-6.1086525E-4,0.0,-0.0012217305,TREMOR,42fe4be625e4
1775692917652,1083103003334623,0.39504328,-0.062249243,9.9550905,-0.0012217305,-0.0012217305,-0.0018325958,TREMOR,42fe4be625e4
1775692917660,1083103011306849,0.40222588,-0.06464344,9.998186,6.1086525E-4,0.002443461,-6.1086525E-4,TREMOR,42fe4be625e4
1775692917668,1083103019303537,0.39025488,-0.093373865,9.9790325,-6.1086525E-4,0.004276057,0.0012217305,TREMOR,42fe4be625e4
1775692917676,1083103027296763,0.36391866,-0.074220255,9.983821,0.0012217305,0.0061086523,6.1086525E-4,TREMOR,42fe4be625e4
1775692917684,1083103035347527,0.33279404,-0.05746084,9.9790325,6.1086525E-4,0.009162978,0.0012217305,TREMOR,42fe4be625e4
1775692917692,1083103043289984,0.23223756,-0.035913024,10.019734,0.0036651916,0.007330383,0.0,TREMOR,42fe4be625e4
1775692917700,1083103051369363,0.12449849,-0.047884032,10.048465,0.0018325958,0.004886922,0.0012217305,TREMOR,42fe4be625e4
1775692917708,1083103059278512,0.12210429,-0.05267244,9.91439,-6.1086525E-4,0.005497787,0.0,TREMOR,42fe4be625e4
1775692917716,1083103067304430,0.16998832,-0.06703765,9.832987,0.0012217305,0.0012217305,0.0,TREMOR,42fe4be625e4
1775692917724,1083103075301887,0.23702596,-0.076614454,9.859323,0.0,-0.005497787,0.0,TREMOR,42fe4be625e4
1775692917732,1083103083297343,0.2825158,-0.09816227,9.964667,-0.0018325958,-0.010995574,-6.1086525E-4,TREMOR,42fe4be625e4
1775692917740,1083103091321646,0.32800564,-0.10295067,9.983821,-0.004276057,-0.015882496,0.0018325958,TREMOR,42fe4be625e4
1775692917748,1083103099318256,0.3854665,-0.10295067,9.993398,-0.004886922,-0.013439035,0.0012217305,TREMOR,42fe4be625e4
1775692917756,1083103107314867,0.39264908,-0.076614454,10.005369,-0.0018325958,-0.010995574,6.1086525E-4,TREMOR,42fe4be625e4
1775692917763,1083103114961863,0.39264908,-0.04070143,10.022128,0.0012217305,-0.0018325958,0.0,TREMOR,42fe4be625e4
1775692917772,1083103123305857,0.40462008,-0.035913024,9.986216,0.0012217305,0.0012217305,0.0,TREMOR,42fe4be625e4
1775692917780,1083103131325314,0.4381389,-0.06464344,9.962274,6.1086525E-4,0.0030543262,0.0,TREMOR,42fe4be625e4
1775692917788,1083103139297848,0.4213795,-0.07182605,9.983821,0.0,0.0012217305,-6.1086525E-4,TREMOR,42fe4be625e4
1775692917796,1083103147377612,0.4189853,-0.093373865,10.010158,-0.0012217305,0.0012217305,0.0,TREMOR,42fe4be625e4
1775692917804,1083103155288684,0.35673606,-0.074220255,10.010158,6.1086525E-4,0.0030543262,6.1086525E-4,TREMOR,42fe4be625e4
1775692917812,1083103163314525,0.30166942,-0.088585466,9.9790325,0.002443461,0.010995574,0.0,TREMOR,42fe4be625e4
1775692917819,1083103170796905,0.25139117,-0.076614454,9.950302,0.0036651916,0.013439035,0.0012217305,TREMOR,42fe4be625e4
1775692917828,1083103179307054,0.20590134,-0.062249243,9.935937,0.004276057,0.01160644,0.0,TREMOR,42fe4be625e4
1775692917836,1083103187324972,0.18195933,-0.047884032,9.92636,0.0036651916,0.01038471,6.1086525E-4,TREMOR,42fe4be625e4
1775692917844,1083103195294736,0.18914193,-0.059855044,9.92636,6.1086525E-4,0.004886922,6.1086525E-4,TREMOR,42fe4be625e4
1775692917852,1083103203321500,0.24420857,-0.07182605,9.94312,-6.1086525E-4,-0.0012217305,-0.0012217305,TREMOR,42fe4be625e4
1775692917859,1083103210822189,0.2753332,-0.08379706,9.952697,-0.0012217305,-0.0061086523,-0.0012217305,TREMOR,42fe4be625e4
1775692917868,1083103219337875,0.320823,-0.08379706,9.986216,-0.0018325958,-0.008552114,-6.1086525E-4,TREMOR,42fe4be625e4
1775692917876,1083103227308562,0.3184288,-0.06464344,9.991004,-0.0012217305,-0.0061086523,6.1086525E-4,TREMOR,42fe4be625e4
1775692917884,1083103235303942,0.31124622,-0.047884032,9.981427,0.0,-0.002443461,-6.1086525E-4,TREMOR,42fe4be625e4
1775692917892,1083103243300015,0.29448682,-0.031124622,10.0029745,6.1086525E-4,-6.1086525E-4,0.0,TREMOR,42fe4be625e4
1775692917899,1083103250831087,0.31603462,-0.035913024,9.993398,6.1086525E-4,-0.0018325958,0.0,TREMOR,42fe4be625e4
1775692917908,1083103259322774,0.33279404,-0.04070143,9.969456,-6.1086525E-4,-0.004276057,-0.0012217305,TREMOR,42fe4be625e4
1775692917915,1083103266855077,0.35194764,-0.062249243,9.969456,-0.0018325958,-0.0036651916,-0.0012217305,TREMOR,42fe4be625e4
1775692917924,1083103275337764,0.36631286,-0.074220255,9.967062,0.0018325958,-0.0018325958,-6.1086525E-4,TREMOR,42fe4be625e4
1775692917932,1083103283309221,0.34715924,-0.08619126,9.967062,-0.002443461,-0.0036651916,0.0,TREMOR,42fe4be625e4
1775692917939,1083103290922062,0.35194764,-0.074220255,9.969456,0.0,0.002443461,6.1086525E-4,TREMOR,42fe4be625e4
1775692917948,1083103299355057,0.32800564,-0.06703765,9.981427,6.1086525E-4,0.0036651916,0.0012217305,TREMOR,42fe4be625e4
1775692917956,1083103307294975,0.30166942,-0.06943185,9.967062,0.0018325958,0.004886922,6.1086525E-4,TREMOR,42fe4be625e4
1775692917964,1083103315376816,0.30166942,-0.05746084,9.962274,0.0,0.002443461,0.0,TREMOR,42fe4be625e4
1775692917972,1083103323319042,0.29927522,-0.050278235,9.950302,0.0,0.002443461,-6.1086525E-4,TREMOR,42fe4be625e4
1775692917980,1083103331367960,0.29209262,-0.05746084,9.935937,-6.1086525E-4,0.0012217305,-6.1086525E-4,TREMOR,42fe4be625e4
1775692917988,1083103339310109,0.30166942,-0.06943185,9.976639,0.0018325958,0.0018325958,-6.1086525E-4,TREMOR,42fe4be625e4
1775692917996,1083103347303258,0.29209262,-0.08619126,9.97185,0.0,6.1086525E-4,0.0,TREMOR,42fe4be625e4
1775692918004,1083103355298946,0.2896984,-0.07182605,9.947908,0.0012217305,0.0012217305,0.0,TREMOR,42fe4be625e4
1775692918012,1083103363324787,0.29209262,-0.074220255,9.952697,0.0018325958,-6.1086525E-4,0.0,TREMOR,42fe4be625e4
1775692918020,1083103371376475,0.2705448,-0.05746084,9.976639,0.0,0.0,0.0,TREMOR,42fe4be625e4
1775692918028,1083103379318393,0.28491,-0.050278235,9.983821,-6.1086525E-4,-0.0018325958,6.1086525E-4,TREMOR,42fe4be625e4
1775692918036,1083103387312465,0.30645782,-0.05746084,9.998186,6.1086525E-4,-0.0012217305,0.0,TREMOR,42fe4be625e4
1775692918044,1083103395307537,0.30885202,-0.05267244,9.976639,0.0,-6.1086525E-4,6.1086525E-4,TREMOR,42fe4be625e4
1775692918052,1083103403304224,0.29448682,-0.059855044,9.995792,6.1086525E-4,-0.0012217305,-6.1086525E-4,TREMOR,42fe4be625e4
1775692918060,1083103411299911,0.29448682,-0.07182605,9.998186,0.0,-0.0012217305,6.1086525E-4,TREMOR,42fe4be625e4
1775692918068,1083103419326291,0.30166942,-0.08140286,9.938332,-6.1086525E-4,-6.1086525E-4,-6.1086525E-4,TREMOR,42fe4be625e4
1775692918076,1083103427290901,0.33758244,-0.08140286,9.923966,6.1086525E-4,-0.0018325958,-0.0012217305,TREMOR,42fe4be625e4
1775692918083,1083103434802282,0.33758244,-0.059855044,9.933543,-0.0012217305,0.0,0.0,TREMOR,42fe4be625e4
1775692918092,1083103443275815,0.33758244,-0.062249243,9.983821,0.0,0.0,6.1086525E-4,TREMOR,42fe4be625e4
1775692918100,1083103451306656,0.32321724,-0.055066638,10.010158,0.0012217305,-0.0018325958,0.0,TREMOR,42fe4be625e4
1775692918108,1083103459328112,0.31124622,-0.05746084,9.957485,0.0012217305,6.1086525E-4,0.0,TREMOR,42fe4be625e4
1775692918116,1083103467298338,0.2825158,-0.045489833,9.959879,6.1086525E-4,0.0,-6.1086525E-4,TREMOR,42fe4be625e4
1775692918123,1083103474941411,0.2753332,-0.08379706,9.976639,0.0018325958,0.0012217305,0.0,TREMOR,42fe4be625e4
1775692918132,1083103483320406,0.2753332,-0.06464344,9.9550905,6.1086525E-4,0.0,-0.0012217305,TREMOR,42fe4be625e4
1775692918140,1083103491317632,0.30885202,-0.08619126,9.928755,-6.1086525E-4,-0.0012217305,-6.1086525E-4,TREMOR,42fe4be625e4
1775692918147,1083103498854242,0.31364042,-0.093373865,9.907207,0.0,-0.0036651916,-0.0012217305,TREMOR,42fe4be625e4
1775692918156,1083103507362622,0.30885202,-0.076614454,10.005369,0.0,-0.0061086523,-0.0012217305,TREMOR,42fe4be625e4
1775692918164,1083103515272386,0.30166942,-0.059855044,10.0029745,6.1086525E-4,-0.0012217305,0.0,TREMOR,42fe4be625e4
1775692918172,1083103523299535,0.29927522,-0.050278235,10.0029745,6.1086525E-4,-0.0012217305,-0.0012217305,TREMOR,42fe4be625e4
1775692918179,1083103530812453,0.29688102,-0.04309563,9.97185,-6.1086525E-4,-0.002443461,6.1086525E-4,TREMOR,42fe4be625e4
1775692918188,1083103539321602,0.32800564,-0.06703765,9.92636,0.0,-0.002443461,6.1086525E-4,TREMOR,42fe4be625e4
1775692918196,1083103547315828,0.33279404,-0.076614454,9.940725,0.0,-0.0036651916,-0.0030543262,TREMOR,42fe4be625e4
1775692918204,1083103555312746,0.35913026,-0.079008654,9.962274,0.0,-0.0036651916,-6.1086525E-4,TREMOR,42fe4be625e4
1775692918212,1083103563308125,0.36631286,-0.07182605,10.022128,0.0,-0.004886922,-6.1086525E-4,TREMOR,42fe4be625e4
1775692918220,1083103571301967,0.31603462,-0.062249243,10.060435,0.0012217305,-0.0030543262,0.0012217305,TREMOR,42fe4be625e4
1775692918228,1083103579299808,0.3184288,-0.055066638,10.06283,6.1086525E-4,-6.1086525E-4,0.0012217305,TREMOR,42fe4be625e4
1775692918236,1083103587325881,0.29209262,-0.06464344,9.957485,6.1086525E-4,0.0018325958,-0.0012217305,TREMOR,42fe4be625e4
1775692918244,1083103595318799,0.31603462,-0.055066638,9.933543,0.0012217305,0.0030543262,-6.1086525E-4,TREMOR,42fe4be625e4
1775692918252,1083103603316640,0.32321724,-0.059855044,9.92636,-6.1086525E-4,0.0012217305,0.0,TREMOR,42fe4be625e4
1775692918259,1083103610798789,0.32321724,-0.076614454,9.947908,-0.0018325958,-0.002443461,0.0,TREMOR,42fe4be625e4
1775692918268,1083103619331707,0.32321724,-0.08619126,9.988609,-0.0018325958,-0.0030543262,-6.1086525E-4,TREMOR,42fe4be625e4
1775692918276,1083103627304317,0.33997664,-0.074220255,9.998186,-0.0012217305,-0.002443461,6.1086525E-4,TREMOR,42fe4be625e4
1775692918284,1083103635299159,0.31603462,-0.06943185,9.998186,0.0,-0.0012217305,6.1086525E-4,TREMOR,42fe4be625e4
1775692918292,1083103643294846,0.320823,-0.06464344,9.962274,0.0012217305,0.0030543262,6.1086525E-4,TREMOR,42fe4be625e4
1775692918300,1083103651319456,0.3184288,-0.045489833,9.92636,6.1086525E-4,0.0018325958,0.0,TREMOR,42fe4be625e4
1775692918308,1083103659317913,0.30885202,-0.05746084,9.950302,6.1086525E-4,0.0,-6.1086525E-4,TREMOR,42fe4be625e4
1775692918316,1083103667310523,0.320823,-0.06464344,9.993398,0.0,-6.1086525E-4,0.0018325958,TREMOR,42fe4be625e4
1775692918324,1083103675305903,0.29448682,-0.05746084,10.005369,-0.0012217305,-0.0018325958,-0.0012217305,TREMOR,42fe4be625e4
1775692918332,1083103683301821,0.29927522,-0.059855044,9.981427,0.0,-0.0030543262,0.0,TREMOR,42fe4be625e4
1775692918340,1083103691297508,0.30645782,-0.074220255,9.969456,6.1086525E-4,6.1086525E-4,-6.1086525E-4,TREMOR,42fe4be625e4
1775692918348,1083103699324581,0.29209262,-0.074220255,9.957485,-6.1086525E-4,0.0012217305,-6.1086525E-4,TREMOR,42fe4be625e4
1775692918356,1083103707318499,0.33279404,-0.06703765,9.938332,6.1086525E-4,6.1086525E-4,-6.1086525E-4,TREMOR,42fe4be625e4
1775692918364,1083103715314187,0.34715924,-0.08379706,9.945514,-0.0018325958,-0.0012217305,0.0,TREMOR,42fe4be625e4
1775692918372,1083103723366105,0.36391866,-0.062249243,9.9790325,-0.0012217305,-0.0036651916,6.1086525E-4,TREMOR,42fe4be625e4
1775692918380,1083103731308331,0.39504328,-0.06943185,10.007763,6.1086525E-4,6.1086525E-4,0.0012217305,TREMOR,42fe4be625e4
1775692918388,1083103739302479,0.37588966,-0.06464344,10.010158,0.0,0.0030543262,6.1086525E-4,TREMOR,42fe4be625e4
1775692918396,1083103747298705,0.40222588,-0.062249243,10.010158,6.1086525E-4,0.007941248,0.0012217305,TREMOR,42fe4be625e4
1775692918404,1083103755224239,0.34476504,-0.045489833,9.976639,0.0018325958,0.007330383,0.0,TREMOR,42fe4be625e4
1775692918412,1083103763288003,0.29927522,-0.050278235,9.9790325,-0.0012217305,0.009162978,0.0012217305,TREMOR,42fe4be625e4
1775692918420,1083103771316229,0.23463176,-0.02633622,9.993398,0.002443461,0.007941248,-0.0012217305,TREMOR,42fe4be625e4
1775692918428,1083103779335301,0.1604115,-0.035913024,10.029311,0.002443461,0.007330383,0.0012217305,TREMOR,42fe4be625e4
1775692918436,1083103787308219,0.12928689,-0.062249243,9.976639,0.0012217305,0.0061086523,0.0,TREMOR,42fe4be625e4
1775692918444,1083103795301445,0.17477672,-0.06943185,9.900024,-0.0012217305,-0.0018325958,-6.1086525E-4,TREMOR,42fe4be625e4
1775692918452,1083103803322055,0.22984336,-0.090979666,9.864111,-0.002443461,-0.005497787,-0.0018325958,TREMOR,42fe4be625e4
1775692918460,1083103811293205,0.2873042,-0.09816227,9.880871,-0.0036651916,-0.009162978,6.1086525E-4,TREMOR,42fe4be625e4
1775692918468,1083103819321738,0.34237084,-0.090979666,9.94312,-0.0036651916,-0.012217305,0.0012217305,TREMOR,42fe4be625e4
1775692918476,1083103827313426,0.39743748,-0.07182605,9.993398,-0.0018325958,-0.012217305,6.1086525E-4,TREMOR,42fe4be625e4
1775692918484,1083103835334959,0.3878607,-0.06464344,10.041282,-6.1086525E-4,-0.007941248,6.1086525E-4,TREMOR,42fe4be625e4
1775692918492,1083103843306031,0.3854665,-0.04070143,10.0508585,0.0,-0.0012217305,-6.1086525E-4,TREMOR,42fe4be625e4
1775692918499,1083103850918641,0.37588966,-0.02633622,10.019734,6.1086525E-4,-6.1086525E-4,-6.1086525E-4,TREMOR,42fe4be625e4
1775692918508,1083103859296252,0.38067806,-0.038307227,9.983821,0.0036651916,0.0036651916,-0.0012217305,TREMOR,42fe4be625e4
1775692918515,1083103866972862,0.39504328,-0.08140286,9.950302,0.0,0.0030543262,-0.0012217305,TREMOR,42fe4be625e4
1775692918524,1083103875318319,0.3878607,-0.08619126,9.91439,-0.0012217305,0.005497787,-6.1086525E-4,TREMOR,42fe4be625e4
1775692918532,1083103883214698,0.36152446,-0.088585466,9.940725,-6.1086525E-4,0.0036651916,6.1086525E-4,TREMOR,42fe4be625e4
1775692918540,1083103891311001,0.32561144,-0.088585466,9.97185,0.0,0.0030543262,0.0012217305,TREMOR,42fe4be625e4
1775692918548,1083103899330304,0.2825158,-0.076614454,9.976639,0.0,0.0067195175,6.1086525E-4,TREMOR,42fe4be625e4
1775692918556,1083103907301376,0.2777274,-0.047884032,9.947908,0.0,0.009773844,-6.1086525E-4,TREMOR,42fe4be625e4
1775692918564,1083103915296832,0.20111294,-0.031124622,9.991004,0.004276057,0.008552114,-6.1086525E-4,TREMOR,42fe4be625e4
1775692918572,1083103923347597,0.16280572,-0.050278235,10.029311,0.002443461,0.004276057,6.1086525E-4,TREMOR,42fe4be625e4
1775692918580,1083103931288208,0.19871874,-0.038307227,9.957485,-0.0012217305,0.0012217305,0.0,TREMOR,42fe4be625e4
1775692918588,1083103939369357,0.2633622,-0.06943185,9.890448,-0.0030543262,-0.004886922,0.0,TREMOR,42fe4be625e4
1775692918596,1083103947310352,0.30645782,-0.08619126,9.933543,0.0,-0.007941248,0.0012217305,TREMOR,42fe4be625e4
1775692918604,1083103955304501,0.29688102,-0.08619126,9.991004,-0.0018325958,-0.009162978,0.0012217305,TREMOR,42fe4be625e4
1775692918612,1083103963301957,0.31364042,-0.06464344,9.993398,-0.002443461,-0.007941248,0.0,TREMOR,42fe4be625e4
1775692918620,1083103971296183,0.36631286,-0.074220255,9.945514,-0.0018325958,-0.0036651916,0.0,TREMOR,42fe4be625e4
1775692918628,1083103979325024,0.37349546,-0.06943185,9.962274,0.0012217305,-0.0030543262,0.0,TREMOR,42fe4be625e4
1775692918636,1083103987373404,0.35673606,-0.050278235,10.024523,0.0012217305,-0.0030543262,6.1086525E-4,TREMOR,42fe4be625e4
1775692918644,1083103995283553,0.3854665,-0.055066638,10.012551,0.0,0.0,0.0,TREMOR,42fe4be625e4
1775692918652,1083104003308779,0.41180268,-0.04309563,9.967062,-6.1086525E-4,6.1086525E-4,0.0,TREMOR,42fe4be625e4
1775692918660,1083104011304389,0.39743748,-0.055066638,9.993398,-6.1086525E-4,0.0012217305,0.0,TREMOR,42fe4be625e4
1775692918668,1083104019301692,0.35194764,-0.074220255,10.005369,6.1086525E-4,0.004276057,0.0018325958,TREMOR,42fe4be625e4
1775692918676,1083104027295148,0.29688102,-0.07182605,9.986216,0.0012217305,0.0067195175,0.0012217305,TREMOR,42fe4be625e4
1775692918684,1083104035323220,0.2753332,-0.062249243,9.957485,6.1086525E-4,0.007941248,0.0,TREMOR,42fe4be625e4
1775692918692,1083104043317601,0.24420857,-0.062249243,9.940725,6.1086525E-4,0.007330383,0.0012217305,TREMOR,42fe4be625e4
1775692918700,1083104051313057,0.23702596,-0.076614454,9.947908,6.1086525E-4,0.007330383,0.0012217305,TREMOR,42fe4be625e4
1775692918708,1083104059311206,0.24181437,-0.05267244,9.935937,6.1086525E-4,0.005497787,6.1086525E-4,TREMOR,42fe4be625e4
1775692918716,1083104067304047,0.25617957,-0.07182605,9.933543,0.0018325958,0.0018325958,0.0,TREMOR,42fe4be625e4
1775692921340,1083106691412283,0.29927522,-0.06943185,9.97185,-6.1086525E-4,-0.002443461,-0.0012217305,TREMOR,42fe4be625e4
1775692921348,1083106699438432,0.2825158,-0.055066638,9.962274,-6.1086525E-4,-0.002443461,-0.0012217305,TREMOR,42fe4be625e4
1775692921356,1083106707403427,0.29927522,-0.04070143,9.97185,-6.1086525E-4,-0.002443461,-0.0012217305,TREMOR,42fe4be625e4
1775692921364,1083106715399114,0.29927522,-0.047884032,9.998186,-6.1086525E-4,-0.002443461,-0.0012217305,TREMOR,42fe4be625e4
1775692921372,1083106723394724,0.31603462,-0.05267244,9.974244,-6.1086525E-4,-0.002443461,-0.0012217305,TREMOR,42fe4be625e4
1775692921380,1083106731305258,0.32800564,-0.074220255,9.983821,-6.1086525E-4,-0.002443461,-0.0012217305,TREMOR,42fe4be625e4
1775692921388,1083106739300945,0.34955344,-0.08140286,9.964667,-6.1086525E-4,-0.002443461,-0.0012217305,TREMOR,42fe4be625e4
1775692921396,1083106747318916,0.32561144,-0.076614454,9.981427,-6.1086525E-4,-0.002443461,-0.0012217305,TREMOR,42fe4be625e4
1775692921404,1083106755347148,0.30885202,-0.062249243,9.988609,-6.1086525E-4,-0.002443461,-0.0012217305,TREMOR,42fe4be625e4
1775692921412,1083106763340766,0.29209262,-0.047884032,9.991004,-6.1086525E-4,-0.002443461,-0.0012217305,TREMOR,42fe4be625e4
1775692921420,1083106771338920,0.2705448,-0.033518825,9.9790325,6.1086525E-4,0.0018325958,0.0,TREMOR,42fe4be625e4
1775692921428,1083106779335152,0.2705448,-0.062249243,9.962274,-6.1086525E-4,0.0,0.0,TREMOR,42fe4be625e4
1775692921436,1083106787327539,0.29927522,-0.076614454,9.916783,-6.1086525E-4,-0.0012217305,-6.1086525E-4,TREMOR,42fe4be625e4
1775692921444,1083106795323232,0.33039984,-0.076614454,9.928755,-0.0012217305,-0.002443461,6.1086525E-4,TREMOR,42fe4be625e4
1775692921452,1083106803319234,0.320823,-0.10295067,9.940725,0.0,-0.004886922,0.0,TREMOR,42fe4be625e4
1775692921460,1083106811346620,0.33039984,-0.090979666,10.0029745,0.0,-0.0012217305,-6.1086525E-4,TREMOR,42fe4be625e4
1775692921468,1083106819342005,0.32561144,-0.08140286,10.007763,0.0,-6.1086525E-4,-6.1086525E-4,TREMOR,42fe4be625e4
1775692921476,1083106827335854,0.33518824,-0.05267244,10.0029745,-6.1086525E-4,6.1086525E-4,0.0,TREMOR,42fe4be625e4
1775692921484,1083106835332393,0.33279404,-0.06464344,9.998186,0.0012217305,0.0,-6.1086525E-4,TREMOR,42fe4be625e4
1775692921492,1083106843329395,0.31603462,-0.04070143,9.9790325,-6.1086525E-4,0.002443461,-0.0012217305,TREMOR,42fe4be625e4
1775692921500,1083106851323242,0.320823,-0.04309563,9.957485,-6.1086525E-4,0.0012217305,-6.1086525E-4,TREMOR,42fe4be625e4
1775692921508,1083106859321397,0.29927522,-0.074220255,9.957485,-6.1086525E-4,0.0012217305,0.0,TREMOR,42fe4be625e4
1775692921516,1083106867345322,0.29448682,-0.088585466,9.974244,-6.1086525E-4,6.1086525E-4,0.0,TREMOR,42fe4be625e4
1775692921524,1083106875340400,0.30885202,-0.090979666,9.969456,-0.0012217305,0.0,0.0,TREMOR,42fe4be625e4
1775692921531,1083106882896786,0.30166942,-0.08619126,9.964667,0.0018325958,6.1086525E-4,0.0,TREMOR,42fe4be625e4
1775692921540,1083106891332096,0.30885202,-0.076614454,9.933543,0.002443461,0.0030543262,6.1086525E-4,TREMOR,42fe4be625e4
1775692921548,1083106899329097,0.30166942,-0.047884032,9.962274,0.0,-6.1086525E-4,0.0012217305,TREMOR,42fe4be625e4
1775692921556,1083106907325329,0.30885202,-0.033518825,9.993398,0.0,6.1086525E-4,6.1086525E-4,TREMOR,42fe4be625e4
1775692921564,1083106915318561,0.29927522,-0.02633622,10.005369,6.1086525E-4,-6.1086525E-4,-6.1086525E-4,TREMOR,42fe4be625e4
1775692921572,1083106923400486,0.28491,-0.05746084,9.991004,-0.0012217305,-0.0012217305,0.0018325958,TREMOR,42fe4be625e4
1775692921580,1083106931341103,0.2825158,-0.062249243,9.969456,0.0012217305,-6.1086525E-4,0.0012217305,TREMOR,42fe4be625e4
1775692921588,1083106939338873,0.2777274,-0.079008654,9.947908,0.0012217305,-0.002443461,-0.0012217305,TREMOR,42fe4be625e4
1775692921596,1083106947331875,0.29688102,-0.079008654,9.945514,-0.0012217305,-0.002443461,-6.1086525E-4,TREMOR,42fe4be625e4
1775692921604,1083106955326876,0.29209262,-0.08140286,9.94312,-0.0018325958,-6.1086525E-4,-0.0018325958,TREMOR,42fe4be625e4
1775692921612,1083106963322570,0.33518824,-0.06703765,9.964667,0.0,-0.0018325958,6.1086525E-4,TREMOR,42fe4be625e4
1775692921619,1083106970835264,0.33279404,-0.06464344,9.981427,-6.1086525E-4,-6.1086525E-4,-0.0012217305,TREMOR,42fe4be625e4
1775692921628,1083106979345418,0.35434186,-0.059855044,9.976639,-0.0012217305,0.0030543262,6.1086525E-4,TREMOR,42fe4be625e4
1775692921635,1083106986826651,0.35194764,-0.047884032,9.983821,0.0,6.1086525E-4,0.0,TREMOR,42fe4be625e4
1775692921644,1083106995337345,0.32321724,-0.05746084,10.014946,0.0012217305,0.0018325958,0.0018325958,TREMOR,42fe4be625e4
1775692921652,1083107003387193,0.29209262,-0.06703765,10.005369,0.0,0.0012217305,0.0,TREMOR,42fe4be625e4
1775692921660,1083107011326655,0.2873042,-0.088585466,9.974244,0.0012217305,0.0012217305,-0.0012217305,TREMOR,42fe4be625e4
1775692921668,1083107019325041,0.2896984,-0.10534488,9.938332,0.0,0.0018325958,6.1086525E-4,TREMOR,42fe4be625e4
1775692921676,1083107027317428,0.30406362,-0.090979666,9.938332,0.0,0.0,0.0,TREMOR,42fe4be625e4
1775692921684,1083107035345736,0.30645782,-0.079008654,9.947908,0.0,6.1086525E-4,-6.1086525E-4,TREMOR,42fe4be625e4
1775692921692,1083107043339276,0.3184288,-0.07182605,9.993398,-6.1086525E-4,0.0,0.0,TREMOR,42fe4be625e4
1775692921700,1083107051334893,0.3184288,-0.059855044,9.981427,-6.1086525E-4,-6.1086525E-4,0.0,TREMOR,42fe4be625e4
1775692921708,1083107059301356,0.29927522,-0.047884032,9.988609,6.1086525E-4,6.1086525E-4,0.0,TREMOR,42fe4be625e4
1775692921716,1083107067326281,0.30645782,-0.062249243,9.969456,6.1086525E-4,0.0012217305,6.1086525E-4,TREMOR,42fe4be625e4
1775692921724,1083107075322974,0.29448682,-0.06464344,9.964667,6.1086525E-4,-6.1086525E-4,0.0012217305,TREMOR,42fe4be625e4
1775692921732,1083107083317360,0.30166942,-0.088585466,9.964667,0.0012217305,-0.0018325958,0.0,TREMOR,42fe4be625e4
1775692921740,1083107091313439,0.30406362,-0.08379706,9.962274,-6.1086525E-4,-0.0018325958,-6.1086525E-4,TREMOR,42fe4be625e4
1775692921748,1083107099340747,0.2896984,-0.079008654,9.962274,0.0,-0.0036651916,-6.1086525E-4,TREMOR,42fe4be625e4
1775692921756,1083107107336826,0.32321724,-0.088585466,9.991004,-0.0012217305,-0.0012217305,6.1086525E-4,TREMOR,42fe4be625e4
1775692921764,1083107115332751,0.33758244,-0.074220255,9.974244,0.0,0.0018325958,-0.0018325958,TREMOR,42fe4be625e4
1775692921772,1083107123325982,0.320823,-0.05746084,9.967062,-6.1086525E-4,6.1086525E-4,-6.1086525E-4,TREMOR,42fe4be625e4
1775692921780,1083107131324523,0.3184288,-0.06464344,9.97185,-6.1086525E-4,0.0036651916,-6.1086525E-4,TREMOR,42fe4be625e4
1775692925340,1083110691437076,0.30885202,-0.07182605,9.957485,-6.1086525E-4,-6.1086525E-4,-6.1086525E-4,TREMOR,42fe4be625e4
1775692925348,1083110699347232,0.33279404,-0.07182605,9.964667,-6.1086525E-4,-6.1086525E-4,-6.1086525E-4,TREMOR,42fe4be625e4
1775692925356,1083110707341695,0.30885202,-0.07182605,9.974244,-6.1086525E-4,-6.1086525E-4,-6.1086525E-4,TREMOR,42fe4be625e4
1775692925364,1083110715338696,0.30645782,-0.05746084,9.998186,-6.1086525E-4,-6.1086525E-4,-6.1086525E-4,TREMOR,42fe4be625e4
1775692925372,1083110723334621,0.2873042,-0.06943185,9.986216,-6.1086525E-4,-6.1086525E-4,-6.1086525E-4,TREMOR,42fe4be625e4
1775692925380,1083110731330699,0.2777274,-0.059855044,9.9550905,-6.1086525E-4,-6.1086525E-4,-6.1086525E-4,TREMOR,42fe4be625e4
1775692925388,1083110739326009,0.29209262,-0.06703765,9.952697,-6.1086525E-4,-6.1086525E-4,-6.1086525E-4,TREMOR,42fe4be625e4
1775692925396,1083110747320240,0.30885202,-0.076614454,9.938332,-6.1086525E-4,-6.1086525E-4,-6.1086525E-4,TREMOR,42fe4be625e4
1775692925404,1083110755347241,0.32800564,-0.095768064,9.97185,-6.1086525E-4,-6.1086525E-4,-6.1086525E-4,TREMOR,42fe4be625e4
1775692925412,1083110763341090,0.35434186,-0.08140286,9.97185,-6.1086525E-4,-6.1086525E-4,-6.1086525E-4,TREMOR,42fe4be625e4
1775692925420,1083110771336475,0.34715924,-0.07182605,10.007763,-6.1086525E-4,0.0,6.1086525E-4,TREMOR,42fe4be625e4
1775692925428,1083110779334016,0.32321724,-0.06464344,10.005369,0.0,0.002443461,0.0012217305,TREMOR,42fe4be625e4
1775692925436,1083110787330709,0.29209262,-0.04309563,10.0029745,0.0012217305,0.004886922,0.0,TREMOR,42fe4be625e4
1775692925444,1083110795326402,0.29927522,-0.062249243,9.976639,-6.1086525E-4,0.0030543262,0.0012217305,TREMOR,42fe4be625e4
1775692925452,1083110803320250,0.2825158,-0.05746084,9.957485,-0.0018325958,0.0030543262,0.0,TREMOR,42fe4be625e4
1775692925460,1083110811346021,0.31124622,-0.08140286,9.947908,-6.1086525E-4,-6.1086525E-4,-0.0012217305,TREMOR,42fe4be625e4
1775692925468,1083110819340869,0.30645782,-0.059855044,9.969456,-0.002443461,-6.1086525E-4,6.1086525E-4,TREMOR,42fe4be625e4
1775692925475,1083110826986716,0.320823,-0.074220255,9.974244,6.1086525E-4,-0.0012217305,0.0,TREMOR,42fe4be625e4
1775692925484,1083110835333717,0.2753332,-0.08379706,9.967062,-0.0012217305,6.1086525E-4,-6.1086525E-4,TREMOR,42fe4be625e4
1775692925492,1083110843329488,0.260968,-0.05746084,9.9790325,0.0,0.0018325958,-6.1086525E-4,TREMOR,42fe4be625e4
1775692925500,1083110851325182,0.2681506,-0.062249243,9.967062,0.0,-6.1086525E-4,6.1086525E-4,TREMOR,42fe4be625e4
1775692925508,1083110859320491,0.2753332,-0.05267244,9.957485,0.0012217305,-0.0018325958,0.0,TREMOR,42fe4be625e4
1775692925516,1083110867401492,0.29448682,-0.088585466,9.919178,-0.0012217305,-0.004276057,-6.1086525E-4,TREMOR,42fe4be625e4
1775692925524,1083110875311570,0.35673606,-0.074220255,9.9790325,-0.0018325958,-0.004276057,-0.0018325958,TREMOR,42fe4be625e4
1775692925531,1083110882825188,0.36870706,-0.090979666,10.014946,-0.0018325958,-0.004276057,-0.0018325958,TREMOR,42fe4be625e4
1775692925540,1083110891332573,0.35673606,-0.074220255,10.04607,0.0,-0.0036651916,0.0018325958,TREMOR,42fe4be625e4
1775692925548,1083110899331345,0.34237084,-0.06464344,10.012551,-6.1086525E-4,-0.0012217305,-6.1086525E-4,TREMOR,42fe4be625e4
1775692925556,1083110907324192,0.35673606,-0.055066638,9.964667,6.1086525E-4,6.1086525E-4,6.1086525E-4,TREMOR,42fe4be625e4
1775692925564,1083110915375039,0.33518824,-0.05267244,9.962274,0.0,0.0030543262,0.002443461,TREMOR,42fe4be625e4
1775692925572,1083110923345426,0.33758244,-0.047884032,9.957485,0.0,0.002443461,0.0,TREMOR,42fe4be625e4
1775692925580,1083110931341119,0.31124622,-0.06703765,9.974244,0.0,0.0018325958,0.0,TREMOR,42fe4be625e4
1775692925588,1083110939337198,0.31124622,-0.05267244,9.991004,-6.1086525E-4,0.0012217305,6.1086525E-4,TREMOR,42fe4be625e4
1775692925596,1083110947331968,0.2825158,-0.06943185,9.983821,0.0,0.0012217305,0.0012217305,TREMOR,42fe4be625e4
1775692925604,1083110955353123,0.25139117,-0.06703765,9.964667,-0.0012217305,0.002443461,-6.1086525E-4,TREMOR,42fe4be625e4
1775692925612,1083110963293202,0.2633622,-0.062249243,9.94312,6.1086525E-4,0.002443461,-6.1086525E-4,TREMOR,42fe4be625e4
1775692925620,1083110971320588,0.25139117,-0.074220255,9.938332,0.0,0.002443461,0.0,TREMOR,42fe4be625e4
1775692925628,1083110979346743,0.2657564,-0.076614454,9.921572,0.0,-0.0012217305,6.1086525E-4,TREMOR,42fe4be625e4
1775692925635,1083110986989821,0.2896984,-0.05746084,9.957485,-6.1086525E-4,-0.0036651916,0.0,TREMOR,42fe4be625e4
1775692925644,1083110995336284,0.30406362,-0.06943185,9.983821,6.1086525E-4,-0.0036651916,6.1086525E-4,TREMOR,42fe4be625e4
1775692925652,1083111003331671,0.31124622,-0.062249243,10.01734,-6.1086525E-4,-0.004276057,-0.0012217305,TREMOR,42fe4be625e4
1775692925660,1083111011327364,0.32561144,-0.074220255,9.998186,-6.1086525E-4,-0.004276057,0.0,TREMOR,42fe4be625e4
1775692925668,1083111019324212,0.35434186,-0.06943185,9.959879,-0.0012217305,-0.0012217305,0.0,TREMOR,42fe4be625e4
1775692925676,1083111027318444,0.35194764,-0.062249243,9.964667,-6.1086525E-4,-6.1086525E-4,0.0,TREMOR,42fe4be625e4
1775692925684,1083111035344599,0.36870706,-0.06464344,9.957485,0.0,-6.1086525E-4,-6.1086525E-4,TREMOR,42fe4be625e4
1775692925692,1083111043341524,0.33997664,-0.055066638,9.995792,-0.0012217305,-0.0018325958,6.1086525E-4,TREMOR,42fe4be625e4
1775692925700,1083111051336217,0.33279404,-0.05267244,9.993398,-6.1086525E-4,-0.0012217305,0.0,TREMOR,42fe4be625e4
1775692925708,1083111059331373,0.31364042,-0.074220255,9.986216,0.0,6.1086525E-4,0.0,TREMOR,42fe4be625e4
1775692925716,1083111067327297,0.30406362,-0.050278235,9.97185,0.0012217305,0.0036651916,-6.1086525E-4,TREMOR,42fe4be625e4
1775692925724,1083111075323298,0.2896984,-0.079008654,9.974244,-6.1086525E-4,0.0030543262,0.0,TREMOR,42fe4be625e4
1775692925732,1083111083318146,0.2753332,-0.059855044,9.947908,-0.0012217305,0.002443461,6.1086525E-4,TREMOR,42fe4be625e4
1775692925740,1083111091347917,0.29448682,-0.08140286,9.938332,6.1086525E-4,-6.1086525E-4,-0.0012217305,TREMOR,42fe4be625e4
1775692925748,1083111099342764,0.29448682,-0.06703765,9.938332,6.1086525E-4,-0.0012217305,0.0,TREMOR,42fe4be625e4
1775692933644,1083118995454625,0.3184288,-0.079008654,9.988609,0.0,-6.1086525E-4,0.0,TREMOR,42fe4be625e4
1775692933652,1083119003450241,0.30166942,-0.07182605,9.986216,6.1086525E-4,6.1086525E-4,0.0,TREMOR,42fe4be625e4
1775692933660,1083119011415243,0.30645782,-0.08379706,9.998186,-6.1086525E-4,0.0012217305,0.0,TREMOR,42fe4be625e4
1775692933668,1083119019225398,0.31364042,-0.08140286,9.97185,-0.002443461,-0.0012217305,-6.1086525E-4,TREMOR,42fe4be625e4
1775692933676,1083119027412399,0.29688102,-0.07182605,9.967062,-6.1086525E-4,0.0,6.1086525E-4,TREMOR,42fe4be625e4
1775692933684,1083119035345940,0.30645782,-0.05746084,9.974244,-0.0018325958,0.0,-6.1086525E-4,TREMOR,42fe4be625e4
1775692933692,1083119043342633,0.30166942,-0.05746084,9.964667,-6.1086525E-4,0.002443461,-6.1086525E-4,TREMOR,42fe4be625e4
1775692933700,1083119051334916,0.3184288,-0.074220255,9.97185,-0.0012217305,-0.0012217305,0.0012217305,TREMOR,42fe4be625e4
1775692933708,1083119059333686,0.30645782,-0.06464344,9.964667,0.0,-6.1086525E-4,0.0,TREMOR,42fe4be625e4
1775692933716,1083119067326379,0.29688102,-0.05746084,9.962274,0.0,0.0030543262,0.0,TREMOR,42fe4be625e4
1775692933724,1083119075325380,0.2896984,-0.04309563,9.976639,0.0,0.0018325958,-6.1086525E-4,TREMOR,42fe4be625e4
1775692933732,1083119083317998,0.29688102,-0.05746084,9.993398,6.1086525E-4,0.0,6.1086525E-4,TREMOR,42fe4be625e4
1775692933740,1083119091347230,0.29688102,-0.08619126,9.976639,-0.0012217305,-6.1086525E-4,-0.0012217305,TREMOR,42fe4be625e4
1775692933748,1083119099342307,0.29688102,-0.05746084,9.986216,-0.0012217305,-6.1086525E-4,6.1086525E-4,TREMOR,42fe4be625e4
1775692933756,1083119107337693,0.31364042,-0.07182605,9.967062,0.0,-6.1086525E-4,-6.1086525E-4,TREMOR,42fe4be625e4
1775692933764,1083119115331234,0.2873042,-0.06703765,9.974244,0.0,-0.0012217305,6.1086525E-4,TREMOR,42fe4be625e4
# SUMMARY,duration_ms=36918,accN=1713,gyroN=1712,accAvg=(0.3110337757396197,-0.06620883149835914,9.969042243556675),gyroAvg=(-2.5440824919034264E-4,1.216735092775622E-4,3.2113243773509966E-5)
