# epoch_ms,event_ts_ns,AX,AY,AZ,GX,GY,GZ,label,sessionID
1775692993267,1083178618231547,0.1604115,-2.0709844,-9.514558,NaN,NaN,NaN,TREMOR,ebc4738c5deb
1775692993275,1083178626959015,0.16998832,-2.0590134,-9.514558,NaN,NaN,NaN,TREMOR,ebc4738c5deb
1775692993283,1083178634955560,0.16998832,-2.0757728,-9.500193,-0.3549127,-1.0506883,2.3640485,TREMOR,ebc4738c5deb
1775692993291,1083178642950413,0.16998832,-2.078167,-9.502586,-0.3549127,-1.0506883,2.3640485,TREMOR,ebc4738c5deb
1775692993299,1083178650945804,0.15801731,-2.0805612,-9.478644,-0.3549127,-1.0506883,2.3640485,TREMOR,ebc4738c5deb
1775692993307,1083178658943040,0.18435353,-2.0949266,-9.481039,-0.3549127,-1.0506883,2.3640485,TREMOR,ebc4738c5deb
1775692993315,1083178666937739,0.18195933,-2.099715,-9.500193,-0.3549127,-1.0506883,2.3640485,TREMOR,ebc4738c5deb
1775692993323,1083178674964207,0.17956513,-2.1092918,-9.495404,-0.3549127,-1.0506883,2.3640485,TREMOR,ebc4738c5deb
1775692993331,1083178682960906,0.18195933,-2.0757728,-9.476251,-0.3549127,-1.0506883,2.3640485,TREMOR,ebc4738c5deb
1775692993339,1083178690955604,0.18435353,-2.0853498,-9.49301,-0.3549127,-1.0506883,2.3640485,TREMOR,ebc4738c5deb
1775692993347,1083178698949842,0.19632454,-2.0853498,-9.495404,-0.3549127,-1.0506883,2.3640485,TREMOR,ebc4738c5deb
1775692993355,1083178706947079,0.19393034,-2.0590134,-9.464279,-0.3549127,-1.0506883,2.3640485,TREMOR,ebc4738c5deb
1775692993363,1083178714942085,0.17477672,-2.0566192,-9.485827,-0.3549127,-1.0506883,2.3640485,TREMOR,ebc4738c5deb
1775692993371,1083178722939398,0.17956513,-2.0494366,-9.473856,-0.3549127,-1.0506883,2.3640485,TREMOR,ebc4738c5deb
1775692993379,1083178730934790,0.16759412,-2.0446482,-9.490616,-0.3549127,-1.0506883,2.3640485,TREMOR,ebc4738c5deb
1775692993387,1083178738960257,0.18914193,-2.0494366,-9.481039,-0.3549127,-1.0506883,2.3640485,TREMOR,ebc4738c5deb
1775692993395,1083178746957879,0.19153613,-2.0111294,-9.497798,-0.3549127,-1.0506883,2.3640485,TREMOR,ebc4738c5deb
1775692993403,1083178754950424,0.19632454,-2.0159178,-9.469068,-0.3549127,-1.0506883,2.3640485,TREMOR,ebc4738c5deb
1775692993411,1083178762947123,0.18674773,-2.0326772,-9.485827,-0.0067195175,0.0067195175,-0.005497787,TREMOR,ebc4738c5deb
1775692993419,1083178770943129,0.19632454,-2.0159178,-9.471462,-0.004886922,0.004886922,-0.008552114,TREMOR,ebc4738c5deb
1775692993427,1083178778938750,0.20590134,-1.9967642,-9.466674,-0.004886922,0.004886922,-0.007330383,TREMOR,ebc4738c5deb
1775692993435,1083178786963142,0.19393034,-2.0159178,-9.481039,-0.005497787,0.005497787,-0.0067195175,TREMOR,ebc4738c5deb
1775692993443,1083178794958225,0.22266077,-1.9991584,-9.476251,-0.004886922,0.004886922,-0.0061086523,TREMOR,ebc4738c5deb
1775692993451,1083178802954769,0.22026655,-2.0039468,-9.476251,-0.004276057,0.0061086523,-0.0036651916,TREMOR,ebc4738c5deb
1775692993459,1083178810950237,0.21308395,-2.0111294,-9.481039,-0.002443461,0.004886922,-0.004886922,TREMOR,ebc4738c5deb
1775692993467,1083178818946244,0.23223756,-2.0159178,-9.478644,0.0,0.004276057,-0.002443461,TREMOR,ebc4738c5deb
1775692993475,1083178826942557,0.23223756,-2.0278888,-9.490616,6.1086525E-4,0.007941248,-0.004276057,TREMOR,ebc4738c5deb
1775692993483,1083178834937563,0.23463176,-2.0446482,-9.504981,0.0012217305,0.0061086523,-0.0012217305,TREMOR,ebc4738c5deb
1775692993491,1083178842964647,0.21068975,-2.0470424,-9.488221,0.0030543262,0.0067195175,-0.0018325958,TREMOR,ebc4738c5deb
1775692993499,1083178850958269,0.21068975,-2.0518308,-9.502586,0.002443461,0.007330383,-0.0012217305,TREMOR,ebc4738c5deb
1775692993507,1083178858954506,0.21068975,-2.066196,-9.495404,0.0030543262,0.007330383,0.0,TREMOR,ebc4738c5deb
1775692993515,1083178866952127,0.19871874,-2.0566192,-9.485827,0.0012217305,0.0067195175,-6.1086525E-4,TREMOR,ebc4738c5deb
1775692993523,1083178874944980,0.18195933,-2.066196,-9.49301,6.1086525E-4,0.008552114,0.0012217305,TREMOR,ebc4738c5deb
1775692993531,1083178882942832,0.17717093,-2.078167,-9.483433,-6.1086525E-4,0.008552114,0.0030543262,TREMOR,ebc4738c5deb
1775692993539,1083178890936377,0.16998832,-2.066196,-9.490616,-0.002443461,0.007330383,0.0012217305,TREMOR,ebc4738c5deb
1775692993547,1083178898963230,0.16280572,-2.0685902,-9.490616,-0.0018325958,0.0061086523,0.0030543262,TREMOR,ebc4738c5deb
1775692993555,1083178906961313,0.1604115,-2.0566192,-9.49301,-0.0030543262,0.0061086523,0.0018325958,TREMOR,ebc4738c5deb
1775692993563,1083178914953934,0.1604115,-2.0566192,-9.466674,-0.0036651916,0.004886922,0.002443461,TREMOR,ebc4738c5deb
1775692993571,1083178922949940,0.15322891,-2.054225,-9.466674,-0.0061086523,0.004886922,0.0030543262,TREMOR,ebc4738c5deb
1775692993579,1083178930945024,0.16280572,-2.066196,-9.485827,-0.004276057,0.0030543262,0.004886922,TREMOR,ebc4738c5deb
1775692993587,1083178938941338,0.14604631,-2.054225,-9.466674,-0.005497787,0.004276057,0.004276057,TREMOR,ebc4738c5deb
1775692993595,1083178946939267,0.14604631,-2.042254,-9.469068,-0.004276057,0.004276057,0.004886922,TREMOR,ebc4738c5deb
1775692993603,1083178954963581,0.15562311,-2.0518308,-9.452309,-0.004886922,0.002443461,0.004276057,TREMOR,ebc4738c5deb
1775692993611,1083178962961126,0.15801731,-2.0614076,-9.452309,-0.0061086523,0.0030543262,0.0061086523,TREMOR,ebc4738c5deb
1775692993619,1083178970955825,0.14604631,-2.0398598,-9.449914,-0.0061086523,0.0012217305,0.005497787,TREMOR,ebc4738c5deb
1775692993627,1083178978950984,0.15562311,-2.030283,-9.459491,-0.0036651916,0.002443461,0.0061086523,TREMOR,ebc4738c5deb
1775692993635,1083178986945453,0.16998832,-2.0374656,-9.469068,-0.0036651916,0.002443461,0.007330383,TREMOR,ebc4738c5deb
1775692993643,1083178994940844,0.15801731,-2.0231004,-9.461885,-0.004276057,6.1086525E-4,0.0061086523,TREMOR,ebc4738c5deb
1775692993651,1083179002937696,0.16519992,-2.0278888,-9.466674,-0.0036651916,0.0012217305,0.0067195175,TREMOR,ebc4738c5deb
1775692993659,1083179010932856,0.1364695,-2.0278888,-9.459491,-0.0030543262,6.1086525E-4,0.0061086523,TREMOR,ebc4738c5deb
1775692993667,1083179018957709,0.15562311,-2.0398598,-9.471462,-0.0018325958,0.0012217305,0.0067195175,TREMOR,ebc4738c5deb
1775692993675,1083179026956484,0.16519992,-2.0159178,-9.452309,-0.002443461,0.004886922,0.004276057,TREMOR,ebc4738c5deb
1775692993683,1083179034948875,0.15801731,-2.0135236,-9.469068,-0.002443461,0.004276057,0.0018325958,TREMOR,ebc4738c5deb
1775692993691,1083179042944574,0.1412579,-2.0254946,-9.476251,-6.1086525E-4,0.007330383,0.002443461,TREMOR,ebc4738c5deb
1775692993699,1083179050940195,0.16519992,-2.0254946,-9.454702,0.0,0.008552114,0.0030543262,TREMOR,ebc4738c5deb
1775692993707,1083179058936509,0.17956513,-2.006341,-9.476251,0.0,0.009162978,6.1086525E-4,TREMOR,ebc4738c5deb
1775692993715,1083179066963592,0.16759412,-2.0254946,-9.490616,0.0018325958,0.01160644,-6.1086525E-4,TREMOR,ebc4738c5deb
1775692993723,1083179074958445,0.18195933,-2.0254946,-9.478644,0.0018325958,0.013439035,-0.0018325958,TREMOR,ebc4738c5deb
1775692993731,1083179082953759,0.20111294,-2.0326772,-9.490616,0.002443461,0.013439035,-0.0012217305,TREMOR,ebc4738c5deb
1775692993739,1083179090950765,0.21068975,-2.0518308,-9.485827,0.0018325958,0.014049901,-0.002443461,TREMOR,ebc4738c5deb
1775692993747,1083179098945156,0.22984336,-2.0566192,-9.476251,0.0,0.015271631,-0.0036651916,TREMOR,ebc4738c5deb
1775692993755,1083179106941470,0.22984336,-2.078167,-9.476251,0.0,0.015271631,-0.0018325958,TREMOR,ebc4738c5deb
1775692993763,1083179114935630,0.260968,-2.0638018,-9.471462,-0.0018325958,0.01282817,-0.002443461,TREMOR,ebc4738c5deb
1775692993771,1083179122963636,0.24420857,-2.0614076,-9.478644,-0.0012217305,0.013439035,-0.0012217305,TREMOR,ebc4738c5deb
1775692993779,1083179130957259,0.25378537,-2.0733786,-9.490616,-0.0030543262,0.012217305,-0.0018325958,TREMOR,ebc4738c5deb
1775692993787,1083179138952957,0.21547815,-2.0614076,-9.476251,-0.0012217305,0.01282817,-0.0030543262,TREMOR,ebc4738c5deb
1775692993795,1083179146951655,0.23223756,-2.0709844,-9.466674,-0.002443461,0.014049901,-0.0018325958,TREMOR,ebc4738c5deb
1775692993803,1083179154945200,0.19871874,-2.0566192,-9.459491,-0.004276057,0.010995574,-0.0012217305,TREMOR,ebc4738c5deb
1775692993811,1083179162940591,0.20111294,-2.0638018,-9.469068,-0.004276057,0.01038471,-0.0012217305,TREMOR,ebc4738c5deb
1775692993819,1083179170936982,0.18195933,-2.0638018,-9.476251,-0.005497787,0.0061086523,-0.0012217305,TREMOR,ebc4738c5deb
1775692993827,1083179178962219,0.17238252,-2.0446482,-9.452309,-0.0061086523,0.007330383,-0.0012217305,TREMOR,ebc4738c5deb
1775692993835,1083179186958764,0.15322891,-2.018312,-9.471462,-0.005497787,0.0061086523,-0.0012217305,TREMOR,ebc4738c5deb
1775692993843,1083179194953617,0.1436521,-2.0326772,-9.461885,-0.007330383,0.0036651916,-0.002443461,TREMOR,ebc4738c5deb
1775692993851,1083179202948392,0.15322891,-2.0254946,-9.471462,-0.005497787,0.005497787,-0.0030543262,TREMOR,ebc4738c5deb
1775692993859,1083179210944629,0.1604115,-2.0446482,-9.457097,-0.005497787,0.002443461,-0.002443461,TREMOR,ebc4738c5deb
1775692993867,1083179218941559,0.16280572,-2.0518308,-9.464279,-0.004276057,0.0012217305,-6.1086525E-4,TREMOR,ebc4738c5deb
1775692993875,1083179226937872,0.19153613,-2.0614076,-9.457097,-0.002443461,0.002443461,-0.0012217305,TREMOR,ebc4738c5deb
1775692993883,1083179234962263,0.21068975,-2.042254,-9.476251,-0.0030543262,0.002443461,0.0,TREMOR,ebc4738c5deb
1775692993891,1083179242957038,0.21787235,-2.0566192,-9.466674,-0.0012217305,0.0018325958,0.0012217305,TREMOR,ebc4738c5deb
1775692993899,1083179250954507,0.22744916,-2.0566192,-9.469068,-6.1086525E-4,0.0,0.002443461,TREMOR,ebc4738c5deb
1775692993907,1083179258949359,0.24899697,-2.0350714,-9.481039,-0.0018325958,-6.1086525E-4,0.002443461,TREMOR,ebc4738c5deb
1775692993915,1083179266945288,0.21068975,-2.0398598,-9.466674,-0.002443461,-0.0018325958,0.0030543262,TREMOR,ebc4738c5deb
1775692993923,1083179274939141,0.23463176,-2.0518308,-9.473856,-0.0030543262,6.1086525E-4,0.002443461,TREMOR,ebc4738c5deb
1775692993931,1083179282967224,0.22266077,-2.0614076,-9.485827,-0.0030543262,-6.1086525E-4,0.004886922,TREMOR,ebc4738c5deb
1775692993939,1083179290960153,0.19632454,-2.054225,-9.464279,-0.0030543262,-0.0012217305,0.0030543262,TREMOR,ebc4738c5deb
1775692993947,1083179298957621,0.20590134,-2.0518308,-9.461885,-0.0030543262,0.0,0.004886922,TREMOR,ebc4738c5deb
1775692993955,1083179306924782,0.17956513,-2.0350714,-9.483433,-0.004886922,0.0012217305,0.0036651916,TREMOR,ebc4738c5deb
1775692993963,1083179314949018,0.17956513,-2.0207062,-9.490616,-0.004886922,-0.002443461,0.002443461,TREMOR,ebc4738c5deb
1775692993971,1083179322943871,0.16280572,-2.0326772,-9.488221,-0.0036651916,0.0,0.004276057,TREMOR,ebc4738c5deb
1775692993979,1083179330938261,0.17956513,-2.018312,-9.485827,-0.0030543262,0.002443461,6.1086525E-4,TREMOR,ebc4738c5deb
1775692993987,1083179338935268,0.14844051,-2.0326772,-9.483433,-0.0018325958,0.0030543262,6.1086525E-4,TREMOR,ebc4738c5deb
1775692993995,1083179346961120,0.15322891,-2.030283,-9.473856,-6.1086525E-4,0.005497787,6.1086525E-4,TREMOR,ebc4738c5deb
1775692994003,1083179354957742,0.15801731,-2.0374656,-9.457097,0.0,0.0061086523,-6.1086525E-4,TREMOR,ebc4738c5deb
1775692994011,1083179362952518,0.17238252,-2.0231004,-9.457097,-0.0012217305,0.004886922,-6.1086525E-4,TREMOR,ebc4738c5deb
1775692994019,1083179370949678,0.15801731,-2.0350714,-9.454702,0.0,0.008552114,-0.0018325958,TREMOR,ebc4738c5deb
1775692994027,1083179378943299,0.19632454,-2.0231004,-9.449914,-6.1086525E-4,0.007330383,0.0,TREMOR,ebc4738c5deb
1775692994035,1083179386940459,0.21547815,-2.0231004,-9.435549,-0.0012217305,0.0067195175,0.0012217305,TREMOR,ebc4738c5deb
1775692994043,1083179394935236,0.19393034,-2.0278888,-9.476251,-0.0012217305,0.0067195175,0.0018325958,TREMOR,ebc4738c5deb
1775692994051,1083179402960549,0.20829555,-2.0326772,-9.459491,-6.1086525E-4,0.0061086523,0.0012217305,TREMOR,ebc4738c5deb
1775692994059,1083179410955632,0.17477672,-2.0398598,-9.466674,-0.0012217305,0.0067195175,0.0036651916,TREMOR,ebc4738c5deb
1775692994067,1083179418952870,0.18435353,-2.0254946,-9.459491,-6.1086525E-4,0.004886922,0.004276057,TREMOR,ebc4738c5deb
1775692994075,1083179426950722,0.19393034,-2.0614076,-9.449914,0.0,0.0036651916,0.0030543262,TREMOR,ebc4738c5deb
1775692994083,1083179434942959,0.17717093,-2.0494366,-9.445126,-0.002443461,0.002443461,0.004276057,TREMOR,ebc4738c5deb
1775692994091,1083179442995042,0.17238252,-2.0326772,-9.461885,-0.0018325958,0.002443461,0.004886922,TREMOR,ebc4738c5deb
1775692994099,1083179450936510,0.1436521,-2.0446482,-9.461885,-0.0018325958,0.0030543262,0.0036651916,TREMOR,ebc4738c5deb
1775692994107,1083179458862055,0.1412579,-2.0278888,-9.442732,-0.004276057,0.002443461,0.005497787,TREMOR,ebc4738c5deb
1775692994115,1083179466927984,0.11731588,-2.030283,-9.457097,-0.0030543262,0.0036651916,0.002443461,TREMOR,ebc4738c5deb
1775692994123,1083179474952605,0.1388637,-2.0278888,-9.440337,-0.0030543262,0.0030543262,0.0030543262,TREMOR,ebc4738c5deb
1775692994131,1083179482949459,0.11971009,-2.0326772,-9.459491,-0.002443461,0.0036651916,0.0018325958,TREMOR,ebc4738c5deb
1775692994139,1083179490844542,0.12210429,-2.030283,-9.466674,-6.1086525E-4,0.004886922,0.0012217305,TREMOR,ebc4738c5deb
1775692994147,1083179498939624,0.12928689,-2.0350714,-9.471462,-0.0012217305,0.0061086523,-6.1086525E-4,TREMOR,ebc4738c5deb
1775692994156,1083179507082093,0.1388637,-2.0494366,-9.466674,-6.1086525E-4,0.007330383,6.1086525E-4,TREMOR,ebc4738c5deb
1775692994163,1083179514963638,0.14844051,-2.0518308,-9.471462,-6.1086525E-4,0.01038471,-0.0012217305,TREMOR,ebc4738c5deb
1775692994172,1083179523012259,0.17238252,-2.0685902,-9.471462,-0.0036651916,0.008552114,-0.002443461,TREMOR,ebc4738c5deb
1775692994179,1083179530952957,0.17717093,-2.0374656,-9.471462,-0.0030543262,0.01038471,-0.0012217305,TREMOR,ebc4738c5deb
1775692994187,1083179538881272,0.17956513,-2.0494366,-9.452309,-0.0036651916,0.010995574,-0.0018325958,TREMOR,ebc4738c5deb
1775692994195,1083179546944355,0.19871874,-2.0757728,-9.469068,-0.0030543262,0.013439035,-0.0030543262,TREMOR,ebc4738c5deb
1775692994203,1083179554938746,0.20111294,-2.0733786,-9.464279,-0.004886922,0.009773844,-0.004276057,TREMOR,ebc4738c5deb
1775692994211,1083179562934522,0.18674773,-2.0614076,-9.469068,-0.004276057,0.014660766,-0.004276057,TREMOR,ebc4738c5deb
1775692994220,1083179571046835,0.19393034,-2.0590134,-9.461885,-0.004886922,0.013439035,-0.005497787,TREMOR,ebc4738c5deb
1775692994227,1083179578926765,0.19871874,-2.054225,-9.459491,-0.0067195175,0.01038471,-0.004276057,TREMOR,ebc4738c5deb
1775692994235,1083179586952924,0.19871874,-2.042254,-9.459491,-0.0061086523,0.009162978,-0.0061086523,TREMOR,ebc4738c5deb
1775692994243,1083179594947778,0.17717093,-2.0207062,-9.449914,-0.0067195175,0.009773844,-0.005497787,TREMOR,ebc4738c5deb
1775692994251,1083179602943168,0.19871874,-2.018312,-9.476251,-0.005497787,0.008552114,-0.005497787,TREMOR,ebc4738c5deb
1775692994259,1083179610938867,0.20111294,-2.0231004,-9.476251,-0.0067195175,0.007330383,-0.0030543262,TREMOR,ebc4738c5deb
1775692994267,1083179618959488,0.19153613,-2.0159178,-9.459491,-0.005497787,0.010995574,-0.004276057,TREMOR,ebc4738c5deb
1775692994275,1083179626930572,0.21308395,-2.0207062,-9.449914,-0.004276057,0.01038471,-0.002443461,TREMOR,ebc4738c5deb
1775692994284,1083179635072732,0.20590134,-2.0326772,-9.461885,-0.002443461,0.01038471,-0.0030543262,TREMOR,ebc4738c5deb
1775692994291,1083179642954199,0.21308395,-2.030283,-9.469068,-0.0036651916,0.009773844,-0.0030543262,TREMOR,ebc4738c5deb
1775692994299,1083179650972437,0.20111294,-2.018312,-9.459491,-0.0030543262,0.01038471,-6.1086525E-4,TREMOR,ebc4738c5deb
1775692994307,1083179658942597,0.19871874,-2.0350714,-9.478644,-6.1086525E-4,0.007941248,-6.1086525E-4,TREMOR,ebc4738c5deb
1775692994316,1083179667024757,0.21308395,-2.0518308,-9.476251,-0.0012217305,0.007330383,6.1086525E-4,TREMOR,ebc4738c5deb
1775692994323,1083179674967148,0.22026655,-2.0614076,-9.497798,-6.1086525E-4,0.007330383,6.1086525E-4,TREMOR,ebc4738c5deb
1775692994331,1083179682985385,0.23463176,-2.054225,-9.471462,-0.002443461,0.004886922,6.1086525E-4,TREMOR,ebc4738c5deb
1775692994339,1083179690926545,0.22266077,-2.0350714,-9.469068,-0.0036651916,0.0018325958,0.002443461,TREMOR,ebc4738c5deb
1775692994347,1083179698952705,0.22505496,-2.0446482,-9.44752,-0.0036651916,0.002443461,0.0012217305,TREMOR,ebc4738c5deb
1775692994355,1083179706880788,0.22026655,-2.0494366,-9.469068,-0.0036651916,0.0036651916,0.004276057,TREMOR,ebc4738c5deb
1775692994363,1083179714942564,0.20590134,-2.042254,-9.454702,-0.002443461,6.1086525E-4,0.004276057,TREMOR,ebc4738c5deb
1775692994372,1083179723024493,0.20829555,-2.0374656,-9.442732,-0.0036651916,0.0018325958,0.005497787,TREMOR,ebc4738c5deb
1775692994379,1083179730965653,0.19871874,-2.0446482,-9.471462,-0.0030543262,6.1086525E-4,0.005497787,TREMOR,ebc4738c5deb
1775692994387,1083179738959814,0.18195933,-2.030283,-9.459491,-0.004276057,-0.0012217305,0.0036651916,TREMOR,ebc4738c5deb
1775692994395,1083179746956435,0.17717093,-2.0254946,-9.459491,-0.0036651916,-0.0018325958,0.005497787,TREMOR,ebc4738c5deb
1775692994403,1083179754951595,0.17477672,-2.0159178,-9.464279,-0.002443461,6.1086525E-4,0.004276057,TREMOR,ebc4738c5deb
1775692994411,1083179762946909,0.14844051,-2.0278888,-9.452309,0.0,-6.1086525E-4,0.0030543262,TREMOR,ebc4738c5deb
1775692994419,1083179770943301,0.1436521,-2.0254946,-9.466674,-6.1086525E-4,6.1086525E-4,0.004886922,TREMOR,ebc4738c5deb
1775692994427,1083179778938614,0.1316811,-2.054225,-9.452309,-0.0012217305,0.0036651916,0.0030543262,TREMOR,ebc4738c5deb
1775692994435,1083179786989467,0.1436521,-2.0398598,-9.473856,-6.1086525E-4,0.004276057,0.0018325958,TREMOR,ebc4738c5deb
1775692994443,1083179794961089,0.1412579,-2.0231004,-9.459491,6.1086525E-4,0.0067195175,0.0012217305,TREMOR,ebc4738c5deb
1775692994451,1083179802955326,0.14844051,-2.0350714,-9.461885,0.0018325958,0.0067195175,0.0012217305,TREMOR,ebc4738c5deb
1775692994459,1083179810921486,0.15083471,-2.0470424,-9.457097,0.002443461,0.01038471,0.0018325958,TREMOR,ebc4738c5deb
1775692994467,1083179818946953,0.15801731,-2.0494366,-9.454702,-0.0012217305,0.007330383,0.002443461,TREMOR,ebc4738c5deb
1775692994475,1083179826944499,0.1436521,-2.0709844,-9.464279,0.0012217305,0.009162978,0.0018325958,TREMOR,ebc4738c5deb
1775692994483,1083179834938351,0.1436521,-2.0733786,-9.457097,0.0012217305,0.007330383,0.0,TREMOR,ebc4738c5deb
1775692994491,1083179842895357,0.16998832,-2.078167,-9.459491,0.0,0.009773844,0.0,TREMOR,ebc4738c5deb
1775692994499,1083179850929517,0.15801731,-2.0733786,-9.469068,0.0,0.008552114,6.1086525E-4,TREMOR,ebc4738c5deb
1775692994507,1083179858919370,0.17238252,-2.0709844,-9.457097,0.0012217305,0.007941248,-6.1086525E-4,TREMOR,ebc4738c5deb
1775692994515,1083179866923068,0.16998832,-2.0757728,-9.440337,-0.0012217305,0.0067195175,0.0,TREMOR,ebc4738c5deb
1775692994523,1083179874947382,0.16998832,-2.0518308,-9.44752,-0.0012217305,0.008552114,-6.1086525E-4,TREMOR,ebc4738c5deb
1775692994531,1083179882943081,0.17956513,-2.0638018,-9.449914,-0.002443461,0.007941248,6.1086525E-4,TREMOR,ebc4738c5deb
1775692994539,1083179890936010,0.18674773,-2.0494366,-9.464279,-0.002443461,0.008552114,0.0012217305,TREMOR,ebc4738c5deb
1775692994547,1083179898958478,0.18914193,-2.0494366,-9.454702,-0.0030543262,0.0061086523,0.0012217305,TREMOR,ebc4738c5deb
1775692994555,1083179906928945,0.21068975,-2.0470424,-9.466674,-0.002443461,0.004886922,0.002443461,TREMOR,ebc4738c5deb
1775692994563,1083179914955952,0.23223756,-2.0446482,-9.466674,-0.0030543262,0.0030543262,0.0030543262,TREMOR,ebc4738c5deb
1775692994571,1083179922952266,0.20350714,-2.0470424,-9.473856,-0.0036651916,0.002443461,0.0036651916,TREMOR,ebc4738c5deb
1775692994579,1083179930947657,0.21068975,-2.054225,-9.452309,-0.0036651916,0.0,0.004276057,TREMOR,ebc4738c5deb
1775692994587,1083179938941895,0.21547815,-2.0566192,-9.457097,-0.0036651916,0.0,0.004276057,TREMOR,ebc4738c5deb
1775692994596,1083179947054208,0.22984336,-2.0470424,-9.44752,-0.0030543262,-0.0012217305,0.004276057,TREMOR,ebc4738c5deb
1775692994603,1083179954964984,0.22266077,-2.0326772,-9.445126,-0.0036651916,-0.002443461,0.004276057,TREMOR,ebc4738c5deb
1775692994612,1083179963045528,0.20350714,-2.0278888,-9.459491,-6.1086525E-4,-6.1086525E-4,0.005497787,TREMOR,ebc4738c5deb
1775692994619,1083179970956381,0.19632454,-2.0494366,-9.485827,-0.0030543262,-0.002443461,0.005497787,TREMOR,ebc4738c5deb
1775692994627,1083179978951387,0.19393034,-2.042254,-9.449914,-0.0036651916,-6.1086525E-4,0.004886922,TREMOR,ebc4738c5deb
1775692994635,1083179986948316,0.18435353,-2.030283,-9.473856,-0.0030543262,-6.1086525E-4,0.0036651916,TREMOR,ebc4738c5deb
1775692994644,1083179995058477,0.17717093,-2.0207062,-9.473856,-0.0036651916,0.0012217305,0.002443461,TREMOR,ebc4738c5deb
1775692994651,1083180002968022,0.15322891,-2.0087352,-9.464279,-0.004276057,6.1086525E-4,0.004276057,TREMOR,ebc4738c5deb
1775692994659,1083180010864335,0.17477672,-2.0015526,-9.459491,-0.004276057,0.0012217305,0.0036651916,TREMOR,ebc4738c5deb
1775692994667,1083180018960957,0.15322891,-1.9895816,-9.442732,-0.004886922,0.004276057,0.002443461,TREMOR,ebc4738c5deb
1775692994675,1083180026955502,0.15322891,-1.9919758,-9.433155,-0.005497787,0.002443461,0.0012217305,TREMOR,ebc4738c5deb
1775692994683,1083180034949354,0.1604115,-1.970428,-9.452309,-0.002443461,0.007941248,0.0,TREMOR,ebc4738c5deb
1775692994691,1083180042947130,0.16759412,-1.9632454,-9.43076,-0.0036651916,0.01038471,-0.0018325958,TREMOR,ebc4738c5deb
1775692994699,1083180050942905,0.15083471,-1.9847932,-9.435549,-6.1086525E-4,0.01282817,-0.002443461,TREMOR,ebc4738c5deb
1775692994707,1083180058937989,0.16759412,-1.9871874,-9.442732,0.002443461,0.01282817,-0.004276057,TREMOR,ebc4738c5deb
1775692994715,1083180066964380,0.16519992,-2.0015526,-9.445126,0.004276057,0.014660766,-0.004276057,TREMOR,ebc4738c5deb
1775692994724,1083180075075539,0.1436521,-2.0039468,-9.442732,0.0067195175,0.016493361,-0.0061086523,TREMOR,ebc4738c5deb
1775692994731,1083180082954931,0.17717093,-2.0254946,-9.459491,0.009773844,0.018936822,-0.0067195175,TREMOR,ebc4738c5deb
1775692994739,1083180090949937,0.17238252,-2.0518308,-9.461885,0.010995574,0.019547688,-0.007941248,TREMOR,ebc4738c5deb
1775692994747,1083180098907789,0.18674773,-2.0757728,-9.481039,0.010995574,0.018325957,-0.007941248,TREMOR,ebc4738c5deb
1775692994755,1083180106941949,0.20590134,-2.0829554,-9.495404,0.009773844,0.021380283,-0.008552114,TREMOR,ebc4738c5deb
1775692994763,1083180114938264,0.21068975,-2.1045034,-9.485827,0.008552114,0.021380283,-0.009162978,TREMOR,ebc4738c5deb
1775692994771,1083180122964193,0.22984336,-2.1164744,-9.488221,0.009162978,0.021380283,-0.007330383,TREMOR,ebc4738c5deb
1775692994779,1083180130959276,0.23463176,-2.1308396,-9.497798,0.008552114,0.018325957,-0.01038471,TREMOR,ebc4738c5deb
1775692994787,1083180138955205,0.22984336,-2.1404164,-9.476251,0.0067195175,0.019547688,-0.007330383,TREMOR,ebc4738c5deb
1775692994795,1083180146949673,0.23463176,-2.1284454,-9.466674,0.004886922,0.018936822,-0.007330383,TREMOR,ebc4738c5deb
1775692994803,1083180154944756,0.20829555,-2.1045034,-9.471462,0.0030543262,0.015882496,-0.007941248,TREMOR,ebc4738c5deb
1775692994811,1083180162941147,0.20829555,-2.0973208,-9.449914,0.0,0.012217305,-0.005497787,TREMOR,ebc4738c5deb
1775692994819,1083180170936846,0.18914193,-2.0853498,-9.454702,-0.0012217305,0.01038471,-0.0036651916,TREMOR,ebc4738c5deb
1775692994827,1083180178924852,0.18435353,-2.0685902,-9.44752,-0.004276057,0.008552114,-0.002443461,TREMOR,ebc4738c5deb
1775692994835,1083180186929397,0.16759412,-2.0470424,-9.442732,-0.007330383,0.005497787,-6.1086525E-4,TREMOR,ebc4738c5deb
1775692994843,1083180194923326,0.14604631,-2.0446482,-9.445126,-0.007941248,0.0018325958,0.0,TREMOR,ebc4738c5deb
1775692994851,1083180202950102,0.1340753,-2.0374656,-9.449914,-0.007330383,6.1086525E-4,6.1086525E-4,TREMOR,ebc4738c5deb
1775692994859,1083180210946031,0.11971009,-2.0374656,-9.442732,-0.008552114,-6.1086525E-4,6.1086525E-4,TREMOR,ebc4738c5deb
1775692994867,1083180218942037,0.1316811,-2.0254946,-9.445126,-0.008552114,-0.0018325958,0.0030543262,TREMOR,ebc4738c5deb
1775692994875,1083180226937506,0.1340753,-2.0278888,-9.457097,-0.004886922,-0.0018325958,0.0036651916,TREMOR,ebc4738c5deb
1775692994883,1083180234963050,0.110133275,-2.0231004,-9.469068,-0.004276057,-0.0018325958,0.0036651916,TREMOR,ebc4738c5deb
1775692994891,1083180242958672,0.12689269,-2.0254946,-9.459491,-0.0018325958,-6.1086525E-4,0.0061086523,TREMOR,ebc4738c5deb
1775692994900,1083180251040216,0.1316811,-2.0566192,-9.466674,6.1086525E-4,6.1086525E-4,0.005497787,TREMOR,ebc4738c5deb
1775692994907,1083180258951069,0.1388637,-2.0518308,-9.476251,0.0012217305,0.0018325958,0.0067195175,TREMOR,ebc4738c5deb
1775692994915,1083180266970383,0.1412579,-2.0638018,-9.464279,0.0,0.004886922,0.0067195175,TREMOR,ebc4738c5deb
1775692994923,1083180274940543,0.15801731,-2.0757728,-9.461885,0.0012217305,0.007941248,0.007330383,TREMOR,ebc4738c5deb
1775692994931,1083180282992012,0.17477672,-2.0853498,-9.469068,-0.0018325958,0.004886922,0.008552114,TREMOR,ebc4738c5deb
1775692994939,1083180290964018,0.18435353,-2.0685902,-9.459491,-0.0012217305,0.004276057,0.009162978,TREMOR,ebc4738c5deb
1775692994947,1083180298958408,0.18914193,-2.0614076,-9.469068,-0.0036651916,0.0036651916,0.009162978,TREMOR,ebc4738c5deb
1775692994955,1083180306926107,0.18195933,-2.0685902,-9.449914,-0.0061086523,0.0012217305,0.008552114,TREMOR,ebc4738c5deb
1775692994963,1083180314920037,0.18674773,-2.0685902,-9.433155,-0.005497787,0.002443461,0.007941248,TREMOR,ebc4738c5deb
1775692994972,1083180323031120,0.18914193,-2.0374656,-9.454702,-0.007330383,0.004276057,0.009162978,TREMOR,ebc4738c5deb
1775692994979,1083180330941818,0.17477672,-2.042254,-9.461885,-0.007941248,0.002443461,0.007330383,TREMOR,ebc4738c5deb
1775692994987,1083180338867439,0.16519992,-2.0326772,-9.461885,-0.009162978,0.004886922,0.0067195175,TREMOR,ebc4738c5deb
1775692994995,1083180346932908,0.17717093,-2.0638018,-9.454702,-0.008552114,0.004886922,0.0067195175,TREMOR,ebc4738c5deb
1775692995003,1083180354958452,0.16519992,-2.030283,-9.449914,-0.005497787,0.007330383,0.004886922,TREMOR,ebc4738c5deb
1775692995011,1083180362978766,0.16998832,-2.0350714,-9.457097,-0.004886922,0.008552114,0.004276057,TREMOR,ebc4738c5deb
1775692995019,1083180370949850,0.17477672,-2.0518308,-9.445126,-0.004276057,0.009162978,0.0012217305,TREMOR,ebc4738c5deb
1775692995027,1083180378946471,0.17477672,-2.0494366,-9.457097,-0.002443461,0.01038471,0.0012217305,TREMOR,ebc4738c5deb
1775692995035,1083180386942554,0.19871874,-2.054225,-9.457097,-0.002443461,0.010995574,0.0,TREMOR,ebc4738c5deb
1775692995043,1083180394961022,0.21068975,-2.0614076,-9.445126,-0.002443461,0.01038471,-0.0012217305,TREMOR,ebc4738c5deb
1775692995051,1083180402933029,0.23463176,-2.0638018,-9.459491,-0.0018325958,0.009162978,-0.0018325958,TREMOR,ebc4738c5deb
1775692995059,1083180410982881,0.25139117,-2.0757728,-9.471462,-0.0018325958,0.01160644,-0.0018325958,TREMOR,ebc4738c5deb
1775692995067,1083180418952964,0.24899697,-2.066196,-9.461885,-0.0018325958,0.01160644,-0.0012217305,TREMOR,ebc4738c5deb
1775692995076,1083180427035125,0.2633622,-2.0805612,-9.485827,-0.0018325958,0.01160644,-6.1086525E-4,TREMOR,ebc4738c5deb
1775692995083,1083180434913900,0.25617957,-2.0949266,-9.476251,-0.004276057,0.009773844,-0.0018325958,TREMOR,ebc4738c5deb
1775692995091,1083180442995829,0.25857377,-2.087744,-9.454702,-0.0030543262,0.007330383,-0.0018325958,TREMOR,ebc4738c5deb
1775692995099,1083180450967220,0.2681506,-2.078167,-9.459491,-0.0061086523,0.0018325958,-0.002443461,TREMOR,ebc4738c5deb
1775692995107,1083180458931535,0.2681506,-2.066196,-9.464279,-0.0067195175,0.0,-0.0018325958,TREMOR,ebc4738c5deb
1775692995116,1083180467074233,0.23463176,-2.0470424,-9.461885,-0.0061086523,-6.1086525E-4,-0.0030543262,TREMOR,ebc4738c5deb
1775692995123,1083180474953931,0.21547815,-2.0398598,-9.457097,-0.0067195175,0.0012217305,-0.0012217305,TREMOR,ebc4738c5deb
1775692995131,1083180482973937,0.22026655,-2.0350714,-9.44752,-0.0061086523,-6.1086525E-4,-0.0018325958,TREMOR,ebc4738c5deb
1775692995139,1083180490945637,0.19393034,-2.006341,-9.44752,-0.009773844,0.0018325958,-0.0018325958,TREMOR,ebc4738c5deb
1775692995147,1083180498965104,0.17956513,-2.006341,-9.440337,-0.008552114,-0.0012217305,-0.0030543262,TREMOR,ebc4738c5deb
1775692995155,1083180506937726,0.16998832,-2.0015526,-9.445126,-0.0061086523,-0.0018325958,-0.0036651916,TREMOR,ebc4738c5deb
1775692995164,1083180515024194,0.17238252,-1.9728222,-9.452309,-0.004276057,0.0012217305,-0.0030543262,TREMOR,ebc4738c5deb
1775692995171,1083180522982585,0.15083471,-1.9967642,-9.440337,-0.0018325958,0.0,-0.0036651916,TREMOR,ebc4738c5deb
1775692995179,1083180530952745,0.15801731,-1.9919758,-9.454702,-0.004886922,-0.0012217305,-0.0036651916,TREMOR,ebc4738c5deb
1775692995187,1083180538949751,0.1340753,-2.0015526,-9.445126,-0.002443461,0.0012217305,-0.0012217305,TREMOR,ebc4738c5deb
1775692995195,1083180546945988,0.15801731,-2.0254946,-9.428367,0.0,0.004276057,-0.002443461,TREMOR,ebc4738c5deb
1775692995203,1083180554941071,0.17956513,-2.030283,-9.452309,6.1086525E-4,0.004276057,-6.1086525E-4,TREMOR,ebc4738c5deb
1775692995212,1083180563052154,0.16759412,-2.030283,-9.464279,0.0,0.0030543262,-6.1086525E-4,TREMOR,ebc4738c5deb
1775692995219,1083180570962930,0.17956513,-2.0446482,-9.459491,0.0036651916,0.009162978,-6.1086525E-4,TREMOR,ebc4738c5deb
1775692995227,1083180578958398,0.18435353,-2.066196,-9.449914,0.0036651916,0.009162978,-6.1086525E-4,TREMOR,ebc4738c5deb
1775692995235,1083180586954020,0.16998832,-2.0518308,-9.469068,0.0036651916,0.009773844,-6.1086525E-4,TREMOR,ebc4738c5deb
1775692995243,1083180594948256,0.1604115,-2.054225,-9.457097,0.0012217305,0.009162978,-0.0018325958,TREMOR,ebc4738c5deb
1775692995251,1083180602912879,0.1604115,-2.0494366,-9.454702,-0.0012217305,0.008552114,6.1086525E-4,TREMOR,ebc4738c5deb
1775692995259,1083180610964808,0.15562311,-2.0518308,-9.457097,-0.0018325958,0.009773844,0.0018325958,TREMOR,ebc4738c5deb
1775692995267,1083180618936198,0.15322891,-2.0590134,-9.44752,-0.0030543262,0.009773844,0.0012217305,TREMOR,ebc4738c5deb
1775692995275,1083180626962743,0.1388637,-2.0374656,-9.428367,-0.0036651916,0.01038471,0.0012217305,TREMOR,ebc4738c5deb
1775692995284,1083180635073519,0.12689269,-2.0446482,-9.442732,-0.0030543262,0.01038471,0.002443461,TREMOR,ebc4738c5deb
1775692995291,1083180642921756,0.10055647,-2.0374656,-9.445126,-0.0036651916,0.012217305,0.0,TREMOR,ebc4738c5deb
1775692995299,1083180650973224,0.110133275,-2.0374656,-9.445126,-0.0018325958,0.010995574,6.1086525E-4,TREMOR,ebc4738c5deb
1775692995307,1083180658943691,0.11971009,-2.0350714,-9.457097,-0.0018325958,0.008552114,6.1086525E-4,TREMOR,ebc4738c5deb
1775692995315,1083180666964544,0.12928689,-2.0326772,-9.442732,-6.1086525E-4,0.008552114,0.0012217305,TREMOR,ebc4738c5deb
1775692995323,1083180674935089,0.1388637,-2.0374656,-9.459491,0.0018325958,0.009162978,6.1086525E-4,TREMOR,ebc4738c5deb
1775692995331,1083180682962787,0.14844051,-2.054225,-9.471462,0.0012217305,0.01038471,0.0012217305,TREMOR,ebc4738c5deb
1775692995339,1083180690890409,0.18435353,-2.0685902,-9.457097,0.004886922,0.013439035,0.0012217305,TREMOR,ebc4738c5deb
1775692995347,1083180698922108,0.18435353,-2.066196,-9.452309,0.002443461,0.01160644,0.0012217305,TREMOR,ebc4738c5deb
1775692995356,1083180707034114,0.20590134,-2.0614076,-9.449914,0.0018325958,0.01160644,0.0012217305,TREMOR,ebc4738c5deb
1775692995363,1083180714944043,0.23702596,-2.0733786,-9.440337,0.0012217305,0.010995574,0.002443461,TREMOR,ebc4738c5deb
1775692995371,1083180722964281,0.23942018,-2.0805612,-9.459491,0.0012217305,0.010995574,0.0036651916,TREMOR,ebc4738c5deb
1775692995379,1083180730964979,0.23702596,-2.078167,-9.473856,-6.1086525E-4,0.0061086523,0.004886922,TREMOR,ebc4738c5deb
1775692995387,1083180738961216,0.22505496,-2.0901382,-9.461885,-0.0018325958,0.005497787,0.004886922,TREMOR,ebc4738c5deb
1775692995395,1083180746959146,0.20111294,-2.078167,-9.459491,-0.004276057,0.0061086523,0.005497787,TREMOR,ebc4738c5deb
1775692995403,1083180754951383,0.20590134,-2.0685902,-9.440337,-0.0061086523,0.005497787,0.005497787,TREMOR,ebc4738c5deb
1775692995411,1083180762949312,0.20350714,-2.054225,-9.452309,-0.0067195175,0.0036651916,0.004276057,TREMOR,ebc4738c5deb
1775692995420,1083180771060010,0.18674773,-2.0350714,-9.449914,-0.007941248,0.004276057,0.004276057,TREMOR,ebc4738c5deb
1775692995427,1083180778938863,0.17956513,-2.0231004,-9.469068,-0.007330383,0.002443461,0.0018325958,TREMOR,ebc4738c5deb
1775692995436,1083180787051177,0.15083471,-2.0207062,-9.464279,-0.009162978,-6.1086525E-4,0.0018325958,TREMOR,ebc4738c5deb
1775692995443,1083180794963183,0.17956513,-2.0231004,-9.466674,-0.007941248,-6.1086525E-4,0.0018325958,TREMOR,ebc4738c5deb
1775692995451,1083180802956651,0.17477672,-2.0254946,-9.452309,-0.007330383,0.0012217305,0.0018325958,TREMOR,ebc4738c5deb
1775692995459,1083180810944042,0.20111294,-2.0207062,-9.481039,-0.0067195175,0.0030543262,-6.1086525E-4,TREMOR,ebc4738c5deb
1775692995467,1083180818948048,0.19871874,-2.0087352,-9.449914,-0.0030543262,0.0030543262,0.0,TREMOR,ebc4738c5deb
1775692995476,1083180827059823,0.19871874,-2.0135236,-9.44752,-6.1086525E-4,0.004886922,-0.0012217305,TREMOR,ebc4738c5deb
1775692995483,1083180834939830,0.20350714,-2.0231004,-9.464279,-6.1086525E-4,0.007330383,-0.0018325958,TREMOR,ebc4738c5deb
1775692995492,1083180843051144,0.21068975,-2.0278888,-9.471462,0.0,0.007941248,-0.0018325958,TREMOR,ebc4738c5deb
1775692995499,1083180850893996,0.23702596,-2.054225,-9.44752,0.0012217305,0.008552114,0.0,TREMOR,ebc4738c5deb
1775692995507,1083180858925310,0.23702596,-2.0518308,-9.442732,0.0012217305,0.009162978,6.1086525E-4,TREMOR,ebc4738c5deb
1775692995516,1083180867068394,0.21547815,-2.0638018,-9.461885,0.0012217305,0.009162978,0.002443461,TREMOR,ebc4738c5deb
1775692995523,1083180874917631,0.22984336,-2.0685902,-9.459491,0.0,0.009162978,0.0018325958,TREMOR,ebc4738c5deb
1775692995531,1083180882943483,0.20350714,-2.0614076,-9.449914,-0.002443461,0.007941248,-6.1086525E-4,TREMOR,ebc4738c5deb
1775692995539,1083180890872181,0.20350714,-2.0470424,-9.449914,-0.0018325958,0.007941248,6.1086525E-4,TREMOR,ebc4738c5deb
1775692995547,1083180898936496,0.17477672,-2.0518308,-9.471462,-0.0012217305,0.009773844,-6.1086525E-4,TREMOR,ebc4738c5deb
1775692995555,1083180906962348,0.16519992,-2.030283,-9.457097,6.1086525E-4,0.009773844,-0.002443461,TREMOR,ebc4738c5deb
1775692995563,1083180914917739,0.15322891,-2.0470424,-9.461885,-6.1086525E-4,0.009773844,-0.0018325958,TREMOR,ebc4738c5deb
1775692995571,1083180922953746,0.12689269,-2.0326772,-9.459491,0.0018325958,0.009773844,-0.002443461,TREMOR,ebc4738c5deb
1775692995579,1083180930949983,0.1316811,-2.030283,-9.445126,0.0036651916,0.01282817,-0.004886922,TREMOR,ebc4738c5deb
1775692995587,1083180938943219,0.1412579,-2.030283,-9.433155,0.0018325958,0.012217305,-0.005497787,TREMOR,ebc4738c5deb
1775692995596,1083180947024534,0.1388637,-2.0111294,-9.44752,0.0018325958,0.009773844,-0.0061086523,TREMOR,ebc4738c5deb
1775692995603,1083180954965386,0.1604115,-2.0254946,-9.459491,0.0036651916,0.013439035,-0.0061086523,TREMOR,ebc4738c5deb
1775692995612,1083180963046315,0.14844051,-2.0254946,-9.445126,0.0018325958,0.009162978,-0.0030543262,TREMOR,ebc4738c5deb
1775692995619,1083180970955014,0.19632454,-2.0350714,-9.445126,0.0036651916,0.012217305,-0.004276057,TREMOR,ebc4738c5deb
1775692995627,1083180978976482,0.18674773,-2.042254,-9.454702,0.004276057,0.01160644,-0.0030543262,TREMOR,ebc4738c5deb
1775692995635,1083180986948873,0.20350714,-2.066196,-9.449914,0.004886922,0.01160644,-0.002443461,TREMOR,ebc4738c5deb
1775692995643,1083180994934956,0.21068975,-2.0709844,-9.478644,0.007330383,0.014049901,-0.0030543262,TREMOR,ebc4738c5deb
1775692995651,1083181002937808,0.22505496,-2.0949266,-9.490616,0.004886922,0.008552114,-6.1086525E-4,TREMOR,ebc4738c5deb
1775692995659,1083181010934969,0.22266077,-2.1021092,-9.497798,0.0036651916,0.009162978,6.1086525E-4,TREMOR,ebc4738c5deb
1775692995667,1083181018959052,0.19871874,-2.0853498,-9.469068,0.004276057,0.0061086523,0.0012217305,TREMOR,ebc4738c5deb
1775692995675,1083181026955673,0.19871874,-2.1068976,-9.488221,6.1086525E-4,0.0061086523,0.0012217305,TREMOR,ebc4738c5deb
1775692995683,1083181034851987,0.18674773,-2.0925324,-9.471462,0.0,0.0030543262,0.0012217305,TREMOR,ebc4738c5deb
1775692995691,1083181042947609,0.18674773,-2.0805612,-9.469068,-0.0030543262,6.1086525E-4,0.0030543262,TREMOR,ebc4738c5deb
1775692995699,1083181050942154,0.18195933,-2.087744,-9.466674,-0.004886922,0.002443461,0.004276057,TREMOR,ebc4738c5deb
1775692995707,1083181058938391,0.17717093,-2.0853498,-9.466674,-0.005497787,6.1086525E-4,0.0036651916,TREMOR,ebc4738c5deb
1775692995715,1083181066963936,0.16280572,-2.0829554,-9.461885,-0.0067195175,6.1086525E-4,0.004276057,TREMOR,ebc4738c5deb
1775692995723,1083181074923942,0.17238252,-2.0590134,-9.464279,-0.008552114,0.0012217305,0.004276057,TREMOR,ebc4738c5deb
1775692995731,1083181082926179,0.15322891,-2.0566192,-9.433155,-0.010995574,0.0012217305,0.002443461,TREMOR,ebc4738c5deb
1775692995740,1083181091037186,0.15083471,-2.0374656,-9.454702,-0.009162978,0.0,0.0036651916,TREMOR,ebc4738c5deb
1775692995747,1083181098949192,0.15322891,-2.0350714,-9.445126,-0.007941248,6.1086525E-4,0.002443461,TREMOR,ebc4738c5deb
1775692995755,1083181106943121,0.15801731,-2.0207062,-9.435549,-0.01038471,0.0,0.0018325958,TREMOR,ebc4738c5deb
1775692995763,1083181114939127,0.16519992,-2.0087352,-9.437943,-0.009773844,-0.0012217305,0.002443461,TREMOR,ebc4738c5deb
1775692995771,1083181122965519,0.17956513,-2.0135236,-9.440337,-0.008552114,0.0012217305,0.002443461,TREMOR,ebc4738c5deb
1775692995779,1083181130984679,0.17956513,-2.0231004,-9.433155,-0.0067195175,6.1086525E-4,6.1086525E-4,TREMOR,ebc4738c5deb
1775692995787,1083181138955146,0.20111294,-2.030283,-9.440337,-0.0061086523,0.0030543262,0.0012217305,TREMOR,ebc4738c5deb
1775692995796,1083181147036921,0.17717093,-2.0398598,-9.44752,-0.004886922,0.0036651916,0.0018325958,TREMOR,ebc4738c5deb
1775692995803,1083181154916005,0.19632454,-2.0326772,-9.461885,-0.0012217305,0.004276057,0.0012217305,TREMOR,ebc4738c5deb
1775692995812,1083181163058781,0.19393034,-2.030283,-9.471462,-0.0012217305,0.004886922,0.0,TREMOR,ebc4738c5deb
1775692995819,1083181170967787,0.18674773,-2.054225,-9.457097,-6.1086525E-4,0.004276057,0.0,TREMOR,ebc4738c5deb
1775692995827,1083181178897254,0.19632454,-2.0326772,-9.464279,-0.0036651916,0.0,0.0,TREMOR,ebc4738c5deb
1775692995835,1083181186930569,0.18914193,-2.0350714,-9.44752,-0.002443461,0.004886922,-6.1086525E-4,TREMOR,ebc4738c5deb
1775692995844,1083181195041036,0.20590134,-2.0207062,-9.440337,-0.002443461,0.005497787,-0.0012217305,TREMOR,ebc4738c5deb
1775692995851,1083181202949889,0.19393034,-2.0398598,-9.452309,-0.0036651916,0.007330383,0.0012217305,TREMOR,ebc4738c5deb
1775692995859,1083181210947742,0.21068975,-2.0326772,-9.454702,-0.005497787,0.0061086523,6.1086525E-4,TREMOR,ebc4738c5deb
1775692995867,1083181218997363,0.21068975,-2.0470424,-9.471462,-0.0036651916,0.007941248,6.1086525E-4,TREMOR,ebc4738c5deb
1775692995875,1083181226967523,0.19393034,-2.018312,-9.471462,-0.0036651916,0.01038471,-0.002443461,TREMOR,ebc4738c5deb
1775692995884,1083181235080145,0.19393034,-2.0159178,-9.44752,-0.0030543262,0.009162978,-0.0012217305,TREMOR,ebc4738c5deb
1775692995891,1083181242923228,0.19871874,-2.018312,-9.442732,-0.002443461,0.009773844,-0.0018325958,TREMOR,ebc4738c5deb
1775692995899,1083181250923542,0.19393034,-2.018312,-9.437943,-0.0012217305,0.008552114,-0.0018325958,TREMOR,ebc4738c5deb
1775692995907,1083181258951548,0.19393034,-2.0159178,-9.44752,0.0012217305,0.010995574,-0.002443461,TREMOR,ebc4738c5deb
1775692995916,1083181267001632,0.19393034,-1.9991584,-9.437943,-0.0012217305,0.007330383,-0.002443461,TREMOR,ebc4738c5deb
1775692995923,1083181274942946,0.18914193,-2.0015526,-9.440337,0.0,0.009162978,-0.002443461,TREMOR,ebc4738c5deb
1775692995931,1083181282992798,0.19871874,-2.0231004,-9.445126,0.0012217305,0.007330383,-0.0012217305,TREMOR,ebc4738c5deb
1775692995939,1083181290963189,0.19871874,-2.0350714,-9.449914,0.0018325958,0.009162978,-0.002443461,TREMOR,ebc4738c5deb
1775692995947,1083181298892503,0.19632454,-2.0518308,-9.459491,0.002443461,0.007941248,-0.0012217305,TREMOR,ebc4738c5deb
1775692995955,1083181306924740,0.19632454,-2.054225,-9.464279,0.0036651916,0.0061086523,-6.1086525E-4,TREMOR,ebc4738c5deb
1775692995963,1083181314911900,0.18435353,-2.0733786,-9.478644,0.0036651916,0.005497787,0.0,TREMOR,ebc4738c5deb
1775692995971,1083181322945676,0.19393034,-2.087744,-9.454702,0.004276057,0.009162978,0.002443461,TREMOR,ebc4738c5deb
1775692995979,1083181330943298,0.18674773,-2.111686,-9.473856,0.0030543262,0.007941248,0.0030543262,TREMOR,ebc4738c5deb
1775692995987,1083181338992534,0.19871874,-2.1021092,-9.473856,0.0012217305,0.004886922,0.0018325958,TREMOR,ebc4738c5deb
1775692995995,1083181346935617,0.18435353,-2.0925324,-9.469068,0.0012217305,0.0061086523,0.0018325958,TREMOR,ebc4738c5deb
1775692996004,1083181355075317,0.17238252,-2.0925324,-9.459491,0.0,0.0018325958,0.0030543262,TREMOR,ebc4738c5deb
1775692996011,1083181362923246,0.16998832,-2.0829554,-9.471462,-0.0012217305,0.0030543262,6.1086525E-4,TREMOR,ebc4738c5deb
1775692996020,1083181371101406,0.15083471,-2.087744,-9.466674,-0.002443461,0.0018325958,0.0018325958,TREMOR,ebc4738c5deb
1775692996027,1083181378945719,0.1316811,-2.0757728,-9.442732,-0.004276057,0.002443461,0.0018325958,TREMOR,ebc4738c5deb
1775692996035,1083181386943957,0.1340753,-2.0446482,-9.445126,-0.007330383,0.0036651916,0.0018325958,TREMOR,ebc4738c5deb
1775692996043,1083181394992502,0.12928689,-2.0446482,-9.437943,-0.0061086523,0.0036651916,6.1086525E-4,TREMOR,ebc4738c5deb
1775692996051,1083181402931969,0.12210429,-2.018312,-9.445126,-0.007330383,0.004276057,0.0012217305,TREMOR,ebc4738c5deb
1775692996060,1083181411014130,0.11971009,-2.0015526,-9.425972,-0.0067195175,0.002443461,6.1086525E-4,TREMOR,ebc4738c5deb
1775692996067,1083181418954675,0.12449849,-2.0015526,-9.449914,-0.0061086523,0.0061086523,0.0018325958,TREMOR,ebc4738c5deb
1775692996076,1083181427066450,0.11731588,-2.030283,-9.440337,-0.002443461,0.007330383,0.0012217305,TREMOR,ebc4738c5deb
1775692996083,1083181434915687,0.15083471,-2.0111294,-9.421184,-0.0030543262,0.0061086523,-0.0012217305,TREMOR,ebc4738c5deb
1775692996091,1083181442942770,0.14604631,-2.0135236,-9.44752,-0.0018325958,0.007941248,-6.1086525E-4,TREMOR,ebc4738c5deb
1775692996099,1083181450936623,0.17717093,-2.0374656,-9.440337,-0.0012217305,0.009162978,-0.002443461,TREMOR,ebc4738c5deb
1775692996107,1083181458963321,0.21068975,-2.0398598,-9.44752,0.0012217305,0.010995574,-0.0012217305,TREMOR,ebc4738c5deb
1775692996116,1083181467075020,0.21787235,-2.0518308,-9.452309,0.0018325958,0.009773844,0.0,TREMOR,ebc4738c5deb
1775692996123,1083181474955026,0.20350714,-2.0638018,-9.44752,0.002443461,0.01160644,-0.0018325958,TREMOR,ebc4738c5deb
1775692996131,1083181482880955,0.23942018,-2.0805612,-9.471462,0.0018325958,0.01160644,-6.1086525E-4,TREMOR,ebc4738c5deb
1775692996139,1083181490946115,0.23223756,-2.0901382,-9.461885,0.0012217305,0.01038471,6.1086525E-4,TREMOR,ebc4738c5deb
1775692996147,1083181498942122,0.25617957,-2.0709844,-9.471462,0.0,0.009162978,0.0012217305,TREMOR,ebc4738c5deb
1775692996155,1083181506961513,0.25139117,-2.0949266,-9.473856,-0.0012217305,0.005497787,6.1086525E-4,TREMOR,ebc4738c5deb
1775692996163,1083181514931365,0.23463176,-2.0685902,-9.507375,-0.0030543262,0.004886922,0.0012217305,TREMOR,ebc4738c5deb
1775692996171,1083181522927063,0.22744916,-2.054225,-9.476251,-0.0061086523,0.008552114,6.1086525E-4,TREMOR,ebc4738c5deb
1775692996179,1083181530953301,0.21308395,-2.0398598,-9.464279,-0.0061086523,0.004276057,0.002443461,TREMOR,ebc4738c5deb
1775692996187,1083181538950461,0.20350714,-2.0470424,-9.452309,-0.007941248,0.004886922,0.0012217305,TREMOR,ebc4738c5deb
1775692996196,1083181547000621,0.20590134,-2.0374656,-9.440337,-0.007941248,0.004886922,0.0018325958,TREMOR,ebc4738c5deb
1775692996203,1083181554941320,0.20350714,-2.0135236,-9.445126,-0.007941248,0.0018325958,0.0018325958,TREMOR,ebc4738c5deb
1775692996211,1083181562968096,0.21308395,-2.0111294,-9.449914,-0.009162978,0.0012217305,0.0012217305,TREMOR,ebc4738c5deb
1775692996220,1083181571079102,0.18674773,-1.9895816,-9.435549,-0.0067195175,-6.1086525E-4,0.0036651916,TREMOR,ebc4738c5deb
1775692996227,1083181578928031,0.17477672,-2.006341,-9.433155,-0.005497787,0.0012217305,0.0030543262,TREMOR,ebc4738c5deb
1775692996235,1083181586954499,0.17238252,-2.0159178,-9.43076,-0.007941248,6.1086525E-4,0.0012217305,TREMOR,ebc4738c5deb
1775692996244,1083181595004736,0.15322891,-2.0111294,-9.41879,-0.0030543262,0.0067195175,0.0012217305,TREMOR,ebc4738c5deb
1775692996251,1083181602915511,0.14844051,-2.0254946,-9.435549,6.1086525E-4,0.004886922,6.1086525E-4,TREMOR,ebc4738c5deb
1775692996259,1083181610965595,0.15083471,-2.0207062,-9.464279,-6.1086525E-4,0.007941248,6.1086525E-4,TREMOR,ebc4738c5deb
1775692996267,1083181618937063,0.1604115,-2.0350714,-9.469068,0.0012217305,0.007941248,-6.1086525E-4,TREMOR,ebc4738c5deb
1775692996276,1083181627078838,0.16759412,-2.0566192,-9.44752,6.1086525E-4,0.009162978,-0.0012217305,TREMOR,ebc4738c5deb
1775692996283,1083181634958844,0.17238252,-2.0805612,-9.464279,0.0012217305,0.009162978,6.1086525E-4,TREMOR,ebc4738c5deb
1775692996291,1083181642978543,0.18674773,-2.0853498,-9.476251,0.0018325958,0.01038471,0.0,TREMOR,ebc4738c5deb
1775692996299,1083181650948472,0.17238252,-2.0925324,-9.478644,6.1086525E-4,0.007941248,6.1086525E-4,TREMOR,ebc4738c5deb
1775692996307,1083181658906248,0.20829555,-2.087744,-9.452309,6.1086525E-4,0.01038471,6.1086525E-4,TREMOR,ebc4738c5deb
1775692996315,1083181666941023,0.18914193,-2.054225,-9.454702,-6.1086525E-4,0.01038471,-6.1086525E-4,TREMOR,ebc4738c5deb
1775692996323,1083181674936107,0.19393034,-2.0590134,-9.445126,0.0,0.009162978,-6.1086525E-4,TREMOR,ebc4738c5deb
1775692996331,1083181682931190,0.16519992,-2.0590134,-9.473856,0.0,0.010995574,-6.1086525E-4,TREMOR,ebc4738c5deb
1775692996339,1083181690982657,0.15322891,-2.0638018,-9.459491,0.0018325958,0.013439035,-0.0030543262,TREMOR,ebc4738c5deb
1775692996347,1083181698955511,0.15801731,-2.0518308,-9.428367,6.1086525E-4,0.013439035,-0.002443461,TREMOR,ebc4738c5deb
1775692996356,1083181707034901,0.16759412,-2.030283,-9.454702,-0.0018325958,0.01038471,-0.002443461,TREMOR,ebc4738c5deb
1775692996363,1083181714908446,0.17238252,-2.0254946,-9.437943,0.0012217305,0.009162978,-0.0030543262,TREMOR,ebc4738c5deb
1775692996371,1083181722939221,0.1604115,-2.0135236,-9.452309,-0.002443461,0.007330383,-0.0012217305,TREMOR,ebc4738c5deb
1775692996379,1083181730897382,0.16280572,-2.0326772,-9.437943,-6.1086525E-4,0.007330383,-0.002443461,TREMOR,ebc4738c5deb
1775692996387,1083181738931234,0.17956513,-2.0111294,-9.44752,0.0,0.009773844,0.0,TREMOR,ebc4738c5deb
1775692996396,1083181747043548,0.17238252,-2.0398598,-9.454702,0.0012217305,0.009773844,0.0012217305,TREMOR,ebc4738c5deb
1775692996403,1083181754955938,0.20111294,-2.0374656,-9.442732,0.0012217305,0.009162978,0.002443461,TREMOR,ebc4738c5deb
1775692996411,1083181762948176,0.20829555,-2.054225,-9.449914,0.0036651916,0.008552114,0.002443461,TREMOR,ebc4738c5deb
1775692996420,1083181771030336,0.22266077,-2.0566192,-9.469068,0.0018325958,0.009162978,0.0012217305,TREMOR,ebc4738c5deb
1775692996427,1083181778970034,0.22026655,-2.0685902,-9.469068,0.004886922,0.0067195175,0.002443461,TREMOR,ebc4738c5deb
1775692996436,1083181787051964,0.20350714,-2.0853498,-9.471462,0.0012217305,0.007330383,0.0030543262,TREMOR,ebc4738c5deb
1775692996443,1083181794962355,0.20590134,-2.0853498,-9.466674,0.0,0.0061086523,0.002443461,TREMOR,ebc4738c5deb
1775692996452,1083181803012823,0.20350714,-2.0853498,-9.459491,-0.002443461,0.007330383,0.0036651916,TREMOR,ebc4738c5deb
1775692996459,1083181810953829,0.18195933,-2.0925324,-9.464279,-0.0036651916,0.007330383,0.0012217305,TREMOR,ebc4738c5deb
1775692996467,1083181818948220,0.18195933,-2.0805612,-9.440337,-0.004886922,0.005497787,0.0030543262,TREMOR,ebc4738c5deb
1775692996475,1083181826946688,0.15322891,-2.0590134,-9.44752,-0.0067195175,0.0036651916,0.0030543262,TREMOR,ebc4738c5deb
1775692996483,1083181834941848,0.17956513,-2.042254,-9.445126,-0.007941248,0.0030543262,0.002443461,TREMOR,ebc4738c5deb
1775692996491,1083181842965547,0.16280572,-2.0350714,-9.437943,-0.009773844,0.0018325958,0.0018325958,TREMOR,ebc4738c5deb
1775692996499,1083181850986476,0.17477672,-2.042254,-9.428367,-0.007941248,0.0061086523,-0.0018325958,TREMOR,ebc4738c5deb
1775692996507,1083181858956251,0.14844051,-2.0087352,-9.433155,-0.008552114,0.004276057,-6.1086525E-4,TREMOR,ebc4738c5deb
1775692996515,1083181866952950,0.15562311,-2.0207062,-9.440337,-0.007941248,0.0067195175,-0.0018325958,TREMOR,ebc4738c5deb
1775692996523,1083181874948572,0.17477672,-2.0254946,-9.437943,-0.0067195175,0.004276057,-0.0030543262,TREMOR,ebc4738c5deb
1775692996531,1083181882943117,0.18435353,-2.030283,-9.44752,-0.004886922,0.004886922,-0.0018325958,TREMOR,ebc4738c5deb
1775692996539,1083181890937815,0.19153613,-2.0446482,-9.457097,-0.004886922,0.007330383,-0.0030543262,TREMOR,ebc4738c5deb
1775692996547,1083181898966513,0.21068975,-2.0566192,-9.464279,-6.1086525E-4,0.009162978,-0.002443461,TREMOR,ebc4738c5deb
1775692996555,1083181906961828,0.19871874,-2.0733786,-9.452309,0.0,0.009773844,-0.002443461,TREMOR,ebc4738c5deb
1775692996563,1083181914956295,0.21068975,-2.0685902,-9.452309,-6.1086525E-4,0.007941248,-0.002443461,TREMOR,ebc4738c5deb
1775692996571,1083181922952071,0.21308395,-2.0709844,-9.461885,-6.1086525E-4,0.004886922,-0.0018325958,TREMOR,ebc4738c5deb
1775692996579,1083181930949308,0.22266077,-2.054225,-9.464279,-0.0018325958,0.004276057,-0.0018325958,TREMOR,ebc4738c5deb
1775693001244,1083186595039132,0.22505496,-2.0829554,-9.483433,-0.0018325958,0.004276057,-0.0012217305,TREMOR,ebc4738c5deb
1775693001252,1083186603034832,0.22984336,-2.0829554,-9.466674,0.010995574,0.012217305,0.0,TREMOR,ebc4738c5deb
1775693001260,1083186611060992,0.23223756,-2.111686,-9.483433,0.01160644,0.014049901,0.0018325958,TREMOR,ebc4738c5deb
1775693001268,1083186619087075,0.23223756,-2.1140802,-9.485827,0.01038471,0.014660766,0.0018325958,TREMOR,ebc4738c5deb
1775693001276,1083186627052311,0.19871874,-2.1284454,-9.473856,0.008552114,0.013439035,6.1086525E-4,TREMOR,ebc4738c5deb
1775693001284,1083186635022549,0.21787235,-2.1212628,-9.457097,0.007941248,0.01038471,0.0012217305,TREMOR,ebc4738c5deb
1775693001291,1083186642957324,0.21308395,-2.1068976,-9.44752,0.004886922,0.008552114,0.002443461,TREMOR,ebc4738c5deb
1775693001299,1083186650928455,0.21547815,-2.1212628,-9.445126,0.004276057,0.004886922,0.0030543262,TREMOR,ebc4738c5deb
1775693001307,1083186658924149,0.22744916,-2.1140802,-9.440337,6.1086525E-4,0.0012217305,0.002443461,TREMOR,ebc4738c5deb
1775693001315,1083186666917304,0.20829555,-2.0949266,-9.428367,-6.1086525E-4,0.0,0.0030543262,TREMOR,ebc4738c5deb
1775693001323,1083186674914305,0.20111294,-2.1045034,-9.440337,-0.0018325958,0.0012217305,0.002443461,TREMOR,ebc4738c5deb
1775693001331,1083186682367461,0.20350714,-2.0925324,-9.435549,-0.0036651916,-0.0018325958,0.0030543262,TREMOR,ebc4738c5deb
1775693001339,1083186690935154,0.21308395,-2.0829554,-9.452309,-0.0036651916,-0.0018325958,0.0061086523,TREMOR,ebc4738c5deb
1775693001347,1083186698930924,0.22266077,-2.0805612,-9.464279,-0.004886922,-0.0067195175,0.0036651916,TREMOR,ebc4738c5deb
1775693001355,1083186706928388,0.22744916,-2.0829554,-9.471462,-0.005497787,-0.01038471,0.0036651916,TREMOR,ebc4738c5deb
1775693001363,1083186714923158,0.21308395,-2.0590134,-9.437943,-0.007330383,-0.01282817,0.005497787,TREMOR,ebc4738c5deb
1775693001371,1083186722917929,0.23223756,-2.066196,-9.435549,-0.005497787,-0.015271631,0.004276057,TREMOR,ebc4738c5deb
1775693001379,1083186730946007,0.22505496,-2.030283,-9.411607,-0.005497787,-0.018325957,0.005497787,TREMOR,ebc4738c5deb
1775693001387,1083186738995778,0.22984336,-2.018312,-9.41879,-0.0061086523,-0.02076942,0.005497787,TREMOR,ebc4738c5deb
1775693001395,1083186746904471,0.22266077,-2.0039468,-9.409213,-0.007330383,-0.021991149,0.005497787,TREMOR,ebc4738c5deb
1775693001403,1083186754895473,0.20111294,-2.0135236,-9.435549,-0.0067195175,-0.02076942,0.005497787,TREMOR,ebc4738c5deb
1775693001411,1083186762927243,0.18674773,-2.0039468,-9.425972,-0.004886922,-0.016493361,0.002443461,TREMOR,ebc4738c5deb
1775693001419,1083186770924167,0.22026655,-2.0207062,-9.421184,-0.0018325958,-0.01160644,0.0012217305,TREMOR,ebc4738c5deb
1775693001427,1083186778980093,0.18195933,-2.0087352,-9.433155,-6.1086525E-4,-0.014049901,6.1086525E-4,TREMOR,ebc4738c5deb
1775693001436,1083186787061017,0.18435353,-2.0159178,-9.428367,-0.0018325958,-0.010995574,-0.0012217305,TREMOR,ebc4738c5deb
1775693001443,1083186794909095,0.18435353,-2.0231004,-9.44752,-0.0012217305,-0.01038471,-0.0030543262,TREMOR,ebc4738c5deb
1775693001451,1083186802937327,0.17477672,-2.030283,-9.452309,-0.0012217305,-0.004886922,-0.005497787,TREMOR,ebc4738c5deb
1775693001459,1083186810930251,0.19153613,-2.0231004,-9.459491,-0.0018325958,-0.004276057,-0.0061086523,TREMOR,ebc4738c5deb
1775693001467,1083186818928099,0.19632454,-2.0326772,-9.469068,-0.0018325958,-6.1086525E-4,-0.0061086523,TREMOR,ebc4738c5deb
1775693001475,1083186826925024,0.19393034,-2.042254,-9.449914,-0.0030543262,-0.0012217305,-0.008552114,TREMOR,ebc4738c5deb
1775693001483,1083186834918871,0.18435353,-2.0350714,-9.442732,-0.0030543262,0.0012217305,-0.009162978,TREMOR,ebc4738c5deb
1775693001491,1083186842916180,0.18674773,-2.0470424,-9.44752,-0.0030543262,0.002443461,-0.010995574,TREMOR,ebc4738c5deb
1775693001499,1083186850940797,0.20829555,-2.0566192,-9.445126,-0.002443461,0.002443461,-0.009773844,TREMOR,ebc4738c5deb
1775693001507,1083186858934260,0.19871874,-2.0685902,-9.44752,-0.002443461,0.0036651916,-0.01038471,TREMOR,ebc4738c5deb
1775693001515,1083186866933337,0.20350714,-2.0757728,-9.459491,-0.0030543262,0.004276057,-0.01038471,TREMOR,ebc4738c5deb
1775693001523,1083186874926263,0.18195933,-2.0494366,-9.442732,-0.0018325958,0.0067195175,-0.01282817,TREMOR,ebc4738c5deb
1775693001531,1083186882920110,0.19871874,-2.0350714,-9.452309,-0.0012217305,0.008552114,-0.01160644,TREMOR,ebc4738c5deb
1775693001539,1083186890919265,0.18674773,-2.0350714,-9.433155,-0.0012217305,0.0061086523,-0.009773844,TREMOR,ebc4738c5deb
1775693001547,1083186898945036,0.17477672,-2.0374656,-9.43076,-0.0030543262,0.007941248,-0.009162978,TREMOR,ebc4738c5deb
1775693001555,1083186906941652,0.17956513,-2.0254946,-9.41879,-0.0036651916,0.007330383,-0.008552114,TREMOR,ebc4738c5deb
1775693001563,1083186914905730,0.17477672,-2.0039468,-9.435549,-0.0018325958,0.0067195175,-0.0061086523,TREMOR,ebc4738c5deb
1775693001571,1083186922931886,0.20590134,-2.0015526,-9.428367,-0.0012217305,0.004276057,-0.004276057,TREMOR,ebc4738c5deb
1775693001579,1083186930926579,0.16998832,-2.0087352,-9.421184,-6.1086525E-4,0.0018325958,-0.0036651916,TREMOR,ebc4738c5deb
1775693001587,1083186938922273,0.17956513,-1.9847932,-9.416395,0.0,0.0012217305,-0.0030543262,TREMOR,ebc4738c5deb
1775693001595,1083186946918582,0.17477672,-2.0087352,-9.428367,0.0012217305,0.0,0.0,TREMOR,ebc4738c5deb
1775693001603,1083186954942891,0.18195933,-2.0207062,-9.421184,0.002443461,-0.0018325958,0.0012217305,TREMOR,ebc4738c5deb
1775693001611,1083186962908431,0.16280572,-2.018312,-9.423578,0.004886922,-6.1086525E-4,0.002443461,TREMOR,ebc4738c5deb
1775693001619,1083186970868433,0.16519992,-2.0470424,-9.449914,0.004886922,-0.0036651916,0.004886922,TREMOR,ebc4738c5deb
1775693001627,1083186978899895,0.18435353,-2.0590134,-9.445126,0.004886922,-0.0018325958,0.004276057,TREMOR,ebc4738c5deb
1775693001635,1083186986926896,0.19153613,-2.0374656,-9.452309,0.004886922,-6.1086525E-4,0.0061086523,TREMOR,ebc4738c5deb
1775693001643,1083186994920744,0.17717093,-2.0757728,-9.469068,0.004886922,-6.1086525E-4,0.005497787,TREMOR,ebc4738c5deb
1775693001651,1083187002916515,0.19632454,-2.066196,-9.461885,0.0067195175,-0.0012217305,0.004886922,TREMOR,ebc4738c5deb
1775693001659,1083187010913439,0.17717093,-2.0733786,-9.466674,0.004276057,-0.002443461,0.0067195175,TREMOR,ebc4738c5deb
1775693001667,1083187018994595,0.17477672,-2.0757728,-9.461885,0.0036651916,0.0,0.005497787,TREMOR,ebc4738c5deb
1775693001675,1083187026904211,0.18674773,-2.0925324,-9.44752,0.0018325958,-6.1086525E-4,0.004886922,TREMOR,ebc4738c5deb
1775693001683,1083187034863827,0.19153613,-2.0949266,-9.469068,6.1086525E-4,0.0012217305,0.004886922,TREMOR,ebc4738c5deb
1775693001691,1083187042928522,0.20350714,-2.0853498,-9.461885,0.0012217305,0.0012217305,0.004886922,TREMOR,ebc4738c5deb
1775693001699,1083187050922369,0.20111294,-2.0829554,-9.461885,6.1086525E-4,0.0012217305,0.0030543262,TREMOR,ebc4738c5deb
1775693001707,1083187058919831,0.20350714,-2.0805612,-9.449914,-0.0012217305,6.1086525E-4,0.0018325958,TREMOR,ebc4738c5deb
1775693001715,1083187066968218,0.19871874,-2.0853498,-9.449914,-0.0012217305,6.1086525E-4,0.002443461,TREMOR,ebc4738c5deb
1775693001723,1083187074907911,0.22266077,-2.0805612,-9.454702,-0.0036651916,0.0,0.0012217305,TREMOR,ebc4738c5deb
1775693001731,1083187082997143,0.22026655,-2.0853498,-9.449914,-6.1086525E-4,0.004886922,0.0018325958,TREMOR,ebc4738c5deb
1775693001739,1083187090985453,0.21068975,-2.054225,-9.442732,-0.004276057,6.1086525E-4,0.0018325958,TREMOR,ebc4738c5deb
1775693001747,1083187098894685,0.24660277,-2.0590134,-9.449914,-0.005497787,-0.0012217305,0.0018325958,TREMOR,ebc4738c5deb
1775693001755,1083187106946301,0.24899697,-2.066196,-9.445126,-0.004886922,0.0,0.0030543262,TREMOR,ebc4738c5deb
1775693001763,1083187114916842,0.24660277,-2.054225,-9.428367,-0.005497787,-0.0030543262,0.002443461,TREMOR,ebc4738c5deb
1775693001772,1083187123059535,0.24660277,-2.066196,-9.437943,-0.0067195175,-0.0036651916,0.0036651916,TREMOR,ebc4738c5deb
1775693001779,1083187130938305,0.22744916,-2.0638018,-9.43076,-0.007941248,-0.004276057,0.0018325958,TREMOR,ebc4738c5deb
1775693001787,1083187138959230,0.21787235,-2.0494366,-9.423578,-0.007941248,-0.0067195175,0.0036651916,TREMOR,ebc4738c5deb
1775693001795,1083187146931231,0.20350714,-2.0470424,-9.43076,-0.0067195175,-0.005497787,0.0030543262,TREMOR,ebc4738c5deb
1775693001803,1083187154950386,0.22026655,-2.0398598,-9.43076,-0.008552114,-0.008552114,0.002443461,TREMOR,ebc4738c5deb
1775693001811,1083187162920850,0.20829555,-1.9967642,-9.440337,-0.0067195175,-0.007941248,0.0030543262,TREMOR,ebc4738c5deb
1775693001819,1083187170916235,0.18674773,-1.9919758,-9.435549,-0.004276057,-0.0067195175,6.1086525E-4,TREMOR,ebc4738c5deb
1775693001827,1083187178942006,0.18674773,-1.9967642,-9.435549,-0.005497787,-0.009773844,0.0,TREMOR,ebc4738c5deb
1775693001835,1083187186993777,0.18195933,-1.982399,-9.425972,-0.002443461,-0.0067195175,0.0012217305,TREMOR,ebc4738c5deb
1775693001843,1083187194935932,0.16998832,-1.9776106,-9.433155,-0.0030543262,-0.007330383,-0.0012217305,TREMOR,ebc4738c5deb
1775693001851,1083187202930702,0.16280572,-2.0087352,-9.43076,6.1086525E-4,-0.0030543262,-0.002443461,TREMOR,ebc4738c5deb
1775693001859,1083187210925780,0.17477672,-1.99437,-9.437943,0.0012217305,-0.0012217305,-0.0030543262,TREMOR,ebc4738c5deb
1775693001867,1083187218920782,0.17956513,-2.0039468,-9.41879,0.002443461,0.0030543262,-0.004886922,TREMOR,ebc4738c5deb
1775693001875,1083187226948783,0.17956513,-2.0350714,-9.433155,0.002443461,0.004886922,-0.005497787,TREMOR,ebc4738c5deb
1775693001883,1083187234942399,0.17477672,-2.0111294,-9.435549,0.005497787,0.005497787,-0.0061086523,TREMOR,ebc4738c5deb
1775693001891,1083187242963017,0.17477672,-2.0398598,-9.449914,0.004886922,0.007941248,-0.0067195175,TREMOR,ebc4738c5deb
1775693001899,1083187250903633,0.17956513,-2.054225,-9.466674,0.0030543262,0.008552114,-0.007330383,TREMOR,ebc4738c5deb
1775693001907,1083187258954327,0.19393034,-2.0614076,-9.461885,0.005497787,0.012217305,-0.007941248,TREMOR,ebc4738c5deb
1775693001915,1083187266925405,0.19632454,-2.0614076,-9.483433,0.004276057,0.01160644,-0.008552114,TREMOR,ebc4738c5deb
1775693001923,1083187274920868,0.20829555,-2.0829554,-9.461885,0.0036651916,0.01160644,-0.009773844,TREMOR,ebc4738c5deb
1775693001931,1083187282918638,0.20829555,-2.0853498,-9.459491,0.002443461,0.010995574,-0.008552114,TREMOR,ebc4738c5deb
1775693001939,1083187290942102,0.20829555,-2.0949266,-9.457097,0.0018325958,0.010995574,-0.007941248,TREMOR,ebc4738c5deb
1775693001947,1083187298938026,0.21068975,-2.0949266,-9.461885,0.0018325958,0.009162978,-0.007330383,TREMOR,ebc4738c5deb
1775693001955,1083187306934104,0.20590134,-2.1021092,-9.449914,6.1086525E-4,0.01038471,-0.0067195175,TREMOR,ebc4738c5deb
1775693001963,1083187314928875,0.22744916,-2.0901382,-9.454702,-6.1086525E-4,0.009162978,-0.0036651916,TREMOR,ebc4738c5deb
1775693001971,1083187322949722,0.20829555,-2.0901382,-9.440337,-0.0018325958,0.005497787,-0.0012217305,TREMOR,ebc4738c5deb
1775693001979,1083187330975877,0.22026655,-2.0733786,-9.435549,-0.002443461,0.004276057,-0.002443461,TREMOR,ebc4738c5deb
1775693001987,1083187338915571,0.21308395,-2.0829554,-9.440337,-0.0018325958,0.0030543262,-6.1086525E-4,TREMOR,ebc4738c5deb
1775693001995,1083187346997496,0.19632454,-2.078167,-9.435549,-0.004276057,6.1086525E-4,-6.1086525E-4,TREMOR,ebc4738c5deb
1775693002003,1083187354907574,0.21547815,-2.0757728,-9.440337,-0.0036651916,-0.0012217305,0.0012217305,TREMOR,ebc4738c5deb
1775693002011,1083187362933114,0.21308395,-2.0733786,-9.435549,-0.0030543262,-0.0030543262,0.0030543262,TREMOR,ebc4738c5deb
1775693002019,1083187370929192,0.20829555,-2.0590134,-9.433155,-0.005497787,-0.0061086523,0.0036651916,TREMOR,ebc4738c5deb
1775693002027,1083187378949501,0.20350714,-2.054225,-9.433155,-0.004886922,-0.007330383,0.007330383,TREMOR,ebc4738c5deb
1775693002035,1083187386921733,0.19871874,-2.0566192,-9.442732,-0.0036651916,-0.008552114,0.007941248,TREMOR,ebc4738c5deb
1775693002043,1083187394916888,0.22744916,-2.0374656,-9.457097,-0.0030543262,-0.008552114,0.008552114,TREMOR,ebc4738c5deb
1775693002051,1083187402912197,0.21068975,-2.0566192,-9.464279,6.1086525E-4,-0.007941248,0.007330383,TREMOR,ebc4738c5deb
1775693002059,1083187410936584,0.19632454,-2.042254,-9.445126,6.1086525E-4,-0.008552114,0.007330383,TREMOR,ebc4738c5deb
1775693002067,1083187418935354,0.19153613,-2.0254946,-9.411607,0.0012217305,-0.005497787,0.007941248,TREMOR,ebc4738c5deb
1775693002075,1083187426930432,0.20590134,-2.0111294,-9.421184,6.1086525E-4,-0.0061086523,0.0067195175,TREMOR,ebc4738c5deb
1775693002083,1083187434924818,0.19393034,-2.0039468,-9.428367,0.0012217305,-0.004886922,0.0036651916,TREMOR,ebc4738c5deb
1775693002091,1083187442920204,0.21787235,-2.0207062,-9.454702,0.0012217305,-0.005497787,0.0067195175,TREMOR,ebc4738c5deb
1775693002099,1083187450915667,0.15083471,-1.9608512,-9.461885,-6.1086525E-4,-0.004276057,0.0036651916,TREMOR,ebc4738c5deb
1775693002108,1083187459003899,0.18674773,-2.0350714,-9.440337,0.0,0.0,0.008552114,TREMOR,ebc4738c5deb
1775693002115,1083187466939362,0.20111294,-2.018312,-9.41879,0.0012217305,0.008552114,0.0012217305,TREMOR,ebc4738c5deb
1775693002123,1083187474957748,0.20829555,-2.018312,-9.461885,0.0030543262,0.0030543262,0.0,TREMOR,ebc4738c5deb
1775693002131,1083187482927980,0.22505496,-2.0326772,-9.44752,0.0036651916,0.0036651916,-0.0012217305,TREMOR,ebc4738c5deb
1775693002139,1083187490922981,0.21787235,-2.054225,-9.466674,0.0067195175,0.004276057,-0.002443461,TREMOR,ebc4738c5deb
1775693002147,1083187498919675,0.22266077,-2.0638018,-9.461885,0.004276057,0.004276057,-0.004276057,TREMOR,ebc4738c5deb
1775693002155,1083187506946446,0.23223756,-2.0638018,-9.459491,0.005497787,0.0030543262,-0.004886922,TREMOR,ebc4738c5deb
1775693002163,1083187514942678,0.22026655,-2.054225,-9.461885,0.0030543262,0.0061086523,-0.0061086523,TREMOR,ebc4738c5deb
1775693002171,1083187522938140,0.25378537,-2.0733786,-9.454702,0.002443461,0.0067195175,-0.004886922,TREMOR,ebc4738c5deb
1775693002179,1083187530933835,0.23463176,-2.078167,-9.449914,0.0012217305,0.004886922,-0.004886922,TREMOR,ebc4738c5deb
1775693002187,1083187538953143,0.23702596,-2.1092918,-9.445126,6.1086525E-4,0.004886922,-0.0061086523,TREMOR,ebc4738c5deb
1775693002195,1083187546925529,0.25139117,-2.1068976,-9.428367,0.0012217305,0.0018325958,-0.005497787,TREMOR,ebc4738c5deb
1775693002203,1083187554918685,0.24899697,-2.1164744,-9.445126,0.0,0.0030543262,-0.0036651916,TREMOR,ebc4738c5deb
1775693002211,1083187562914378,0.23463176,-2.0925324,-9.445126,-0.0018325958,-6.1086525E-4,-0.004276057,TREMOR,ebc4738c5deb
1775693002219,1083187570940533,0.20829555,-2.0973208,-9.437943,-0.002443461,-0.004886922,-0.0030543262,TREMOR,ebc4738c5deb
1775693002227,1083187578937843,0.22026655,-2.0973208,-9.437943,-0.004886922,-0.0067195175,-0.0030543262,TREMOR,ebc4738c5deb
1775693002235,1083187586902998,0.19871874,-2.0805612,-9.435549,-0.007330383,-0.0061086523,-0.0030543262,TREMOR,ebc4738c5deb
1775693002243,1083187594900614,0.18914193,-2.1068976,-9.43076,-0.009773844,-0.009773844,-0.0018325958,TREMOR,ebc4738c5deb
1775693002251,1083187602979078,0.16759412,-2.0973208,-9.416395,-0.0067195175,-0.007941248,-0.0030543262,TREMOR,ebc4738c5deb
1775693002259,1083187610919617,0.14604631,-2.087744,-9.435549,-0.009162978,-0.007330383,0.0,TREMOR,ebc4738c5deb
1775693002267,1083187618970387,0.19632454,-2.0709844,-9.457097,-0.007941248,-0.012217305,-6.1086525E-4,TREMOR,ebc4738c5deb
1775693002275,1083187626942389,0.1364695,-2.0805612,-9.44752,-0.014049901,-0.015271631,0.004886922,TREMOR,ebc4738c5deb
1775693002283,1083187634936544,0.17238252,-2.0590134,-9.459491,-0.007330383,-0.010995574,-6.1086525E-4,TREMOR,ebc4738c5deb
1775693002291,1083187642931391,0.16280572,-2.0638018,-9.471462,-0.009162978,-0.018936822,0.0012217305,TREMOR,ebc4738c5deb
1775693002299,1083187650927624,0.17238252,-2.0254946,-9.454702,-0.01160644,-0.015271631,0.0012217305,TREMOR,ebc4738c5deb
1775693002307,1083187658923394,0.17238252,-2.0087352,-9.445126,-0.01160644,-0.01160644,0.0036651916,TREMOR,ebc4738c5deb
1775693002315,1083187666919703,0.17238252,-2.0039468,-9.442732,-0.012217305,-0.013439035,0.002443461,TREMOR,ebc4738c5deb
1775693002323,1083187674943936,0.20111294,-1.9919758,-9.41879,-0.012217305,-0.01282817,0.0030543262,TREMOR,ebc4738c5deb
1775693002331,1083187682940322,0.19871874,-1.9871874,-9.437943,-0.01038471,-0.01160644,0.004276057,TREMOR,ebc4738c5deb
1775693002339,1083187690991707,0.19871874,-1.9680338,-9.411607,-0.008552114,-0.008552114,0.005497787,TREMOR,ebc4738c5deb
1775693002347,1083187698902171,0.17956513,-1.9752164,-9.437943,-0.007330383,-0.0067195175,0.0067195175,TREMOR,ebc4738c5deb
1775693002355,1083187706927633,0.20111294,-1.9800048,-9.421184,-0.007941248,-0.004276057,0.005497787,TREMOR,ebc4738c5deb
1775693002363,1083187714922096,0.19632454,-1.9680338,-9.43076,-0.0030543262,-0.0018325958,0.0061086523,TREMOR,ebc4738c5deb
1775693002371,1083187722974175,0.14844051,-1.9608512,-9.437943,-0.0018325958,-0.002443461,0.0061086523,TREMOR,ebc4738c5deb
1775693002379,1083187730947330,0.17477672,-1.9752164,-9.414001,-0.0030543262,-0.0012217305,0.0061086523,TREMOR,ebc4738c5deb
1775693002387,1083187738910792,0.18195933,-1.9752164,-9.416395,6.1086525E-4,-6.1086525E-4,0.0067195175,TREMOR,ebc4738c5deb
1775693002395,1083187746998487,0.16759412,-1.9776106,-9.423578,0.0018325958,0.004276057,0.0061086523,TREMOR,ebc4738c5deb
1775693002403,1083187754931718,0.16759412,-1.9776106,-9.425972,0.0030543262,0.007941248,0.0061086523,TREMOR,ebc4738c5deb
1775693002411,1083187762926796,0.17956513,-1.99437,-9.440337,0.0030543262,0.009162978,0.004886922,TREMOR,ebc4738c5deb
1775693002419,1083187770922798,0.16759412,-2.0207062,-9.452309,0.0036651916,0.010995574,0.005497787,TREMOR,ebc4738c5deb
1775693002427,1083187778943415,0.17956513,-2.0254946,-9.459491,0.0036651916,0.014049901,0.0036651916,TREMOR,ebc4738c5deb
1775693002435,1083187786915339,0.18914193,-2.018312,-9.461885,0.005497787,0.012217305,0.0030543262,TREMOR,ebc4738c5deb
1775693002443,1083187794940264,0.19153613,-2.042254,-9.473856,0.0067195175,0.013439035,0.002443461,TREMOR,ebc4738c5deb
1775693002451,1083187802960650,0.21308395,-2.0805612,-9.464279,0.004276057,0.01160644,0.0018325958,TREMOR,ebc4738c5deb
1775693002459,1083187810900266,0.22266077,-2.0829554,-9.454702,0.0036651916,0.01282817,0.0012217305,TREMOR,ebc4738c5deb
1775693002467,1083187818927653,0.23223756,-2.0973208,-9.466674,0.0036651916,0.01160644,0.0030543262,TREMOR,ebc4738c5deb
1775693002475,1083187826923346,0.23463176,-2.1092918,-9.457097,0.004276057,0.01160644,0.0036651916,TREMOR,ebc4738c5deb
1775693002483,1083187834917885,0.24420857,-2.1045034,-9.442732,0.0030543262,0.01160644,0.0030543262,TREMOR,ebc4738c5deb
1775693002491,1083187842943657,0.24899697,-2.1021092,-9.442732,0.0030543262,0.010995574,0.0030543262,TREMOR,ebc4738c5deb
1775693002499,1083187850941581,0.23942018,-2.1188686,-9.449914,-6.1086525E-4,0.004886922,0.004886922,TREMOR,ebc4738c5deb
1775693002507,1083187858935120,0.21068975,-2.1068976,-9.425972,-0.0012217305,0.0012217305,0.0061086523,TREMOR,ebc4738c5deb
1775693002515,1083187866932045,0.21308395,-2.1164744,-9.452309,-0.0018325958,0.0,0.0067195175,TREMOR,ebc4738c5deb
1775693002523,1083187874927662,0.22026655,-2.0973208,-9.44752,-0.002443461,-0.002443461,0.005497787,TREMOR,ebc4738c5deb
1775693002531,1083187882921894,0.20111294,-2.0925324,-9.437943,-0.004886922,-0.005497787,0.0061086523,TREMOR,ebc4738c5deb
1775693002539,1083187890943049,0.20590134,-2.0638018,-9.452309,-0.004276057,-0.007941248,0.007330383,TREMOR,ebc4738c5deb
1775693002547,1083187898914435,0.21308395,-2.0709844,-9.445126,-0.004276057,-0.0067195175,0.008552114,TREMOR,ebc4738c5deb
1775693002556,1083187907063744,0.19393034,-2.042254,-9.452309,-0.0061086523,-0.010995574,0.007941248,TREMOR,ebc4738c5deb
1775693002563,1083187914934745,0.20590134,-2.030283,-9.440337,-0.0067195175,-0.012217305,0.009162978,TREMOR,ebc4738c5deb
1775693002571,1083187922986439,0.18674773,-2.0350714,-9.445126,-0.007941248,-0.01038471,0.009773844,TREMOR,ebc4738c5deb
1775693002579,1083187930927132,0.20590134,-2.0254946,-9.44752,-0.0067195175,-0.01038471,0.009162978,TREMOR,ebc4738c5deb
1775693002587,1083187938977595,0.20111294,-2.0254946,-9.440337,-0.007330383,-0.010995574,0.007330383,TREMOR,ebc4738c5deb
1775693002595,1083187946920366,0.21068975,-2.0207062,-9.433155,-0.007941248,-0.009773844,0.007330383,TREMOR,ebc4738c5deb
1775693002603,1083187954944983,0.20111294,-2.0207062,-9.423578,-0.007330383,-0.013439035,0.0067195175,TREMOR,ebc4738c5deb
1775693002611,1083187962999753,0.20590134,-2.0135236,-9.437943,-0.004886922,-0.008552114,0.004276057,TREMOR,ebc4738c5deb
1775693002619,1083187970960063,0.21068975,-2.0207062,-9.43076,-0.0030543262,-0.005497787,0.002443461,TREMOR,ebc4738c5deb
1775693002627,1083187978955679,0.19871874,-2.0087352,-9.435549,-0.0036651916,-0.0061086523,0.0036651916,TREMOR,ebc4738c5deb
1775693002635,1083187986927988,0.22026655,-2.0254946,-9.449914,-0.0036651916,-0.002443461,0.0018325958,TREMOR,ebc4738c5deb
1775693002643,1083187994922528,0.20590134,-2.0135236,-9.44752,-0.005497787,-0.0061086523,0.002443461,TREMOR,ebc4738c5deb
1775693002651,1083188002942529,0.20829555,-2.0039468,-9.442732,-0.002443461,6.1086525E-4,-0.0012217305,TREMOR,ebc4738c5deb
1775693002659,1083188010914223,0.22505496,-2.0087352,-9.461885,-0.0012217305,0.0030543262,-0.0018325958,TREMOR,ebc4738c5deb
1775693002667,1083188018994763,0.21787235,-2.0015526,-9.449914,0.0,0.004886922,-0.0018325958,TREMOR,ebc4738c5deb
1775693002675,1083188026935379,0.19393034,-2.006341,-9.428367,6.1086525E-4,0.007941248,-0.0036651916,TREMOR,ebc4738c5deb
1775693002683,1083188034930227,0.22266077,-1.9895816,-9.428367,0.0012217305,0.007941248,-0.0061086523,TREMOR,ebc4738c5deb
1775693002691,1083188042925229,0.19871874,-2.0015526,-9.437943,0.0018325958,0.0061086523,-0.004276057,TREMOR,ebc4738c5deb
1775693002699,1083188050922460,0.19153613,-2.0015526,-9.449914,0.0030543262,0.009162978,-0.005497787,TREMOR,ebc4738c5deb
1775693002707,1083188058917000,0.20590134,-2.006341,-9.406818,0.002443461,0.009162978,-0.005497787,TREMOR,ebc4738c5deb
1775693002715,1083188066945233,0.21787235,-2.0159178,-9.437943,0.0018325958,0.005497787,-0.004276057,TREMOR,ebc4738c5deb
1775693002723,1083188074938234,0.21787235,-2.0111294,-9.423578,0.002443461,0.0061086523,-0.004276057,TREMOR,ebc4738c5deb
1775693002731,1083188082990158,0.20590134,-2.0350714,-9.433155,0.002443461,0.005497787,-0.0012217305,TREMOR,ebc4738c5deb
1775693002739,1083188090931467,0.19871874,-2.0398598,-9.428367,0.0030543262,0.005497787,6.1086525E-4,TREMOR,ebc4738c5deb
1775693002747,1083188098927084,0.21308395,-2.066196,-9.452309,0.004886922,0.004276057,6.1086525E-4,TREMOR,ebc4738c5deb
1775693002755,1083188106922777,0.20829555,-2.0901382,-9.440337,0.0036651916,-6.1086525E-4,0.0030543262,TREMOR,ebc4738c5deb
1775693002763,1083188114916318,0.19393034,-2.0901382,-9.442732,0.002443461,-6.1086525E-4,0.004276057,TREMOR,ebc4738c5deb
1775693002771,1083188122968088,0.18914193,-2.099715,-9.454702,6.1086525E-4,-0.004886922,0.0061086523,TREMOR,ebc4738c5deb
1775693002779,1083188130909858,0.18195933,-2.0973208,-9.469068,0.0,-0.0067195175,0.004276057,TREMOR,ebc4738c5deb
1775693002788,1083188139020399,0.16998832,-2.1021092,-9.457097,-0.002443461,-0.007330383,0.007330383,TREMOR,ebc4738c5deb
1775693002795,1083188146900938,0.15083471,-2.1188686,-9.478644,6.1086525E-4,-0.01038471,0.007330383,TREMOR,ebc4738c5deb
1775693002803,1083188154925555,0.15562311,-2.1164744,-9.464279,0.0,-0.007330383,0.008552114,TREMOR,ebc4738c5deb
1775693002811,1083188162922172,0.1604115,-2.1068976,-9.483433,0.0,-0.008552114,0.008552114,TREMOR,ebc4738c5deb
1775693002819,1083188170917635,0.1412579,-2.1021092,-9.452309,-0.0018325958,-0.0067195175,0.007941248,TREMOR,ebc4738c5deb
1775693002827,1083188178942866,0.1388637,-2.099715,-9.454702,-0.004276057,-0.01282817,0.008552114,TREMOR,ebc4738c5deb
1775693002835,1083188186963484,0.12689269,-2.0685902,-9.445126,-0.0030543262,-0.01160644,0.01038471,TREMOR,ebc4738c5deb
1775693002843,1083188194933639,0.15322891,-2.066196,-9.44752,-0.004276057,-0.012217305,0.007941248,TREMOR,ebc4738c5deb
1775693002852,1083188203015793,0.1412579,-2.0518308,-9.44752,-0.007330383,-0.010995574,0.010995574,TREMOR,ebc4738c5deb
1775693002859,1083188210894257,0.14844051,-2.0494366,-9.435549,-0.007330383,-0.007330383,0.010995574,TREMOR,ebc4738c5deb
1775693002867,1083188218921566,0.11492168,-1.99437,-9.43076,-0.008552114,-0.0067195175,0.013439035,TREMOR,ebc4738c5deb
1775693002875,1083188226947105,0.23223756,-2.0733786,-9.44752,-0.008552114,-0.0030543262,0.017104227,TREMOR,ebc4738c5deb
1775693002883,1083188234912030,0.19393034,-2.0135236,-9.41879,-0.008552114,-0.004886922,0.01282817,TREMOR,ebc4738c5deb
1775693002891,1083188242963185,0.18435353,-1.9991584,-9.425972,-0.0067195175,-0.0036651916,0.014049901,TREMOR,ebc4738c5deb
1775693002899,1083188250933571,0.19153613,-1.9800048,-9.397242,-0.007941248,-0.0030543262,0.01282817,TREMOR,ebc4738c5deb
1775693002907,1083188258954496,0.20111294,-1.9656396,-9.404425,-0.007330383,-0.0036651916,0.01160644,TREMOR,ebc4738c5deb
1775693002915,1083188266925958,0.17477672,-1.9440918,-9.394848,-0.004276057,-0.004886922,0.01038471,TREMOR,ebc4738c5deb
1775693002923,1083188274945652,0.076614454,-1.8770541,-9.392453,-0.0018325958,-0.0036651916,0.009773844,TREMOR,ebc4738c5deb
1775693002931,1083188282915500,0.08140286,-1.8770541,-9.414001,6.1086525E-4,-6.1086525E-4,0.01038471,TREMOR,ebc4738c5deb
1775693002939,1083188290943809,0.2705448,-2.0159178,-9.457097,0.005497787,-6.1086525E-4,0.015882496,TREMOR,ebc4738c5deb
1775693002948,1083188299061271,0.2681506,-2.006341,-9.445126,0.007941248,-0.0018325958,0.016493361,TREMOR,ebc4738c5deb
1775693002955,1083188306958581,0.22505496,-2.0135236,-9.457097,0.008552114,0.0030543262,0.01038471,TREMOR,ebc4738c5deb
1775693002963,1083188314931120,0.20829555,-2.0590134,-9.464279,0.009773844,0.004276057,0.007941248,TREMOR,ebc4738c5deb
1775693002971,1083188322924660,0.22744916,-2.0757728,-9.478644,0.01282817,0.0036651916,0.004886922,TREMOR,ebc4738c5deb
1775693002979,1083188330921893,0.23463176,-2.1045034,-9.473856,0.01038471,0.004276057,0.004276057,TREMOR,ebc4738c5deb
1775693002987,1083188338916432,0.22984336,-2.1164744,-9.459491,0.008552114,0.009162978,0.0030543262,TREMOR,ebc4738c5deb
1775693002995,1083188346967202,0.20590134,-2.1164744,-9.449914,0.0067195175,0.005497787,0.0012217305,TREMOR,ebc4738c5deb
1775693003003,1083188354937666,0.20111294,-2.1188686,-9.457097,0.004276057,0.0067195175,-6.1086525E-4,TREMOR,ebc4738c5deb
1775693003011,1083188362933282,0.19153613,-2.1188686,-9.461885,0.0012217305,0.008552114,-0.002443461,TREMOR,ebc4738c5deb
1775693003019,1083188370928668,0.19871874,-2.111686,-9.449914,-0.002443461,0.009162978,-0.0036651916,TREMOR,ebc4738c5deb
1775693003027,1083188378925670,0.20111294,-2.087744,-9.449914,-0.004886922,0.007941248,-0.0067195175,TREMOR,ebc4738c5deb
1775693003035,1083188386921286,0.19153613,-2.0566192,-9.433155,-0.005497787,0.0061086523,-0.007330383,TREMOR,ebc4738c5deb
1775693003043,1083188394916057,0.17956513,-2.0350714,-9.425972,-0.005497787,0.007330383,-0.007941248,TREMOR,ebc4738c5deb
1775693003051,1083188402997597,0.22026655,-1.9919758,-9.433155,-0.0061086523,0.0030543262,-0.009773844,TREMOR,ebc4738c5deb
1775693003059,1083188410906829,0.20111294,-1.9632454,-9.414001,-0.007330383,0.0036651916,-0.007330383,TREMOR,ebc4738c5deb
1775693003067,1083188418933907,0.20350714,-1.9393034,-9.404425,-0.0067195175,0.0030543262,-0.0067195175,TREMOR,ebc4738c5deb
1775693003075,1083188426984370,0.22744916,-1.934515,-9.40203,-0.005497787,0.0012217305,-0.007330383,TREMOR,ebc4738c5deb
1775693003083,1083188434924448,0.23702596,-1.9321208,-9.416395,-0.0018325958,0.0,-0.004886922,TREMOR,ebc4738c5deb
1775693003092,1083188443036449,0.24660277,-1.9249382,-9.411607,0.002443461,0.0,-0.0036651916,TREMOR,ebc4738c5deb
1775693003099,1083188450945913,0.24899697,-1.9393034,-9.406818,0.007330383,6.1086525E-4,-0.0018325958,TREMOR,ebc4738c5deb
1775693003107,1083188458997299,0.25617957,-1.9560628,-9.414001,0.01160644,6.1086525E-4,-0.0018325958,TREMOR,ebc4738c5deb
1775693003115,1083188466937915,0.25139117,-1.946486,-9.41879,0.015882496,-0.0030543262,6.1086525E-4,TREMOR,ebc4738c5deb
1775693003123,1083188474933302,0.23942018,-1.9536686,-9.425972,0.018936822,-0.0036651916,0.0018325958,TREMOR,ebc4738c5deb
1775693003131,1083188482953610,0.2633622,-1.9560628,-9.421184,0.021380283,-0.002443461,0.0030543262,TREMOR,ebc4738c5deb
1775693003139,1083188490926611,0.24899697,-1.9536686,-9.435549,0.02443461,-6.1086525E-4,0.005497787,TREMOR,ebc4738c5deb
1775693003147,1083188498975229,0.25378537,-1.982399,-9.464279,0.028710667,-6.1086525E-4,0.007941248,TREMOR,ebc4738c5deb
1775693003155,1083188506948691,0.23702596,-1.970428,-9.44752,0.027488936,0.0018325958,0.009773844,TREMOR,ebc4738c5deb
1775693003163,1083188514940769,0.25378537,-1.9991584,-9.452309,0.029932396,6.1086525E-4,0.01038471,TREMOR,ebc4738c5deb
1775693003171,1083188522937002,0.20590134,-2.018312,-9.433155,0.029321533,0.0018325958,0.009162978,TREMOR,ebc4738c5deb
1775693003179,1083188530934542,0.14844051,-2.0446482,-9.452309,0.029932396,0.007941248,0.009773844,TREMOR,ebc4738c5deb
1775693003187,1083188538983850,0.1364695,-2.042254,-9.44752,0.028099801,0.010995574,0.007330383,TREMOR,ebc4738c5deb
1775693003195,1083188546894237,0.17717093,-2.1021092,-9.454702,0.027488936,0.014049901,0.009162978,TREMOR,ebc4738c5deb
1775693003203,1083188554911853,0.11252748,-2.1045034,-9.437943,0.026267206,0.016493361,0.005497787,TREMOR,ebc4738c5deb
1775693003211,1083188562915854,0.04309563,-2.0590134,-9.437943,0.02443461,0.02565634,6.1086525E-4,TREMOR,ebc4738c5deb
1775693003219,1083188570966241,-0.062249243,-2.0949266,-9.41879,0.02565634,0.02443461,0.0018325958,TREMOR,ebc4738c5deb
1775693003227,1083188578938011,0.1412579,-2.27928,-9.502586,0.02443461,0.02565634,-0.0018325958,TREMOR,ebc4738c5deb
1775693003235,1083188586902858,0.11731588,-2.2697031,-9.490616,0.022602014,0.027488936,-0.0036651916,TREMOR,ebc4738c5deb
1775693003243,1083188594927783,0.05746084,-2.2481554,-9.452309,0.017104227,0.034208454,-0.01038471,TREMOR,ebc4738c5deb
1775693003252,1083188603040169,0.074220255,-2.2409728,-9.485827,0.01282817,0.043982297,-0.015882496,TREMOR,ebc4738c5deb
1775693003259,1083188610920785,0.107739076,-2.2409728,-9.469068,0.01038471,0.0421497,-0.018936822,TREMOR,ebc4738c5deb
1775693003267,1083188618916094,0.12210429,-2.2529438,-9.469068,0.009773844,0.049480084,-0.02076942,TREMOR,ebc4738c5deb
1775693003275,1083188626943558,0.11492168,-2.2577322,-9.461885,0.0061086523,0.0421497,-0.021380283,TREMOR,ebc4738c5deb
1775693003283,1083188634935866,0.16280572,-2.2457612,-9.466674,0.0030543262,0.02687807,-0.022602014,TREMOR,ebc4738c5deb
1775693003291,1083188642931791,0.19153613,-2.231396,-9.44752,-0.004276057,0.037873644,-0.021991149,TREMOR,ebc4738c5deb
1775693003299,1083188650927485,0.19632454,-2.2242134,-9.466674,-0.005497787,0.032375857,-0.02076942,TREMOR,ebc4738c5deb
1775693003307,1083188658922871,0.24420857,-2.2146366,-9.452309,-0.0067195175,0.028099801,-0.017715093,TREMOR,ebc4738c5deb
1775693003315,1083188666921718,0.23942018,-2.183512,-9.428367,-0.01160644,0.025045475,-0.017715093,TREMOR,ebc4738c5deb
1775693003323,1083188674937643,0.25378537,-2.171541,-9.440337,-0.013439035,0.014049901,-0.013439035,TREMOR,ebc4738c5deb
1775693003331,1083188682910259,0.24181437,-2.147599,-9.416395,-0.015882496,0.01160644,-0.01038471,TREMOR,ebc4738c5deb
1775693003340,1083188691022337,0.24899697,-2.135628,-9.411607,-0.017104227,0.004886922,-0.005497787,TREMOR,ebc4738c5deb
1775693003347,1083188698901955,0.25139117,-2.1092918,-9.414001,-0.02076942,-0.0018325958,0.0,TREMOR,ebc4738c5deb
1775693003355,1083188706952725,0.22984336,-2.1045034,-9.409213,-0.02076942,-0.007330383,0.0036651916,TREMOR,ebc4738c5deb
1775693003363,1083188714923803,0.22984336,-2.087744,-9.397242,-0.022602014,-0.009773844,0.009162978,TREMOR,ebc4738c5deb
1775693003371,1083188722918343,0.21547815,-2.0853498,-9.454702,-0.022602014,-0.014660766,0.012217305,TREMOR,ebc4738c5deb
1775693003379,1083188730969960,0.18914193,-2.087744,-9.454702,-0.018936822,-0.017715093,0.013439035,TREMOR,ebc4738c5deb
1775693003387,1083188738910576,0.18435353,-2.0925324,-9.461885,-0.017715093,-0.022602014,0.015882496,TREMOR,ebc4738c5deb
1775693003396,1083188747022270,0.16998832,-2.111686,-9.466674,-0.017715093,-0.02565634,0.017104227,TREMOR,ebc4738c5deb
1775693003403,1083188754901733,0.16998832,-2.1021092,-9.497798,-0.016493361,-0.02443461,0.018325957,TREMOR,ebc4738c5deb
1775693003412,1083188763013426,0.18674773,-2.1045034,-9.445126,-0.016493361,-0.027488936,0.017104227,TREMOR,ebc4738c5deb
1775693003419,1083188770891890,0.19871874,-2.0853498,-9.512163,-0.016493361,-0.032375857,0.018325957,TREMOR,ebc4738c5deb
1775693003427,1083188778918275,0.21308395,-2.0590134,-9.464279,-0.018936822,-0.027488936,0.017104227,TREMOR,ebc4738c5deb
1775693003435,1083188786916200,0.21547815,-2.0590134,-9.452309,-0.023823744,-0.02321288,0.017715093,TREMOR,ebc4738c5deb
1775693003443,1083188794932432,0.23223756,-2.0350714,-9.421184,-0.022602014,-0.017104227,0.015271631,TREMOR,ebc4738c5deb
1775693003451,1083188802904510,0.21308395,-2.0087352,-9.423578,-0.02321288,-0.015271631,0.015882496,TREMOR,ebc4738c5deb
1775693003459,1083188810931896,0.23223756,-1.99437,-9.437943,-0.019547688,-0.014049901,0.012217305,TREMOR,ebc4738c5deb
1775693003467,1083188818927821,0.21547815,-1.9895816,-9.41879,-0.018936822,-0.007941248,0.01038471,TREMOR,ebc4738c5deb
1775693003475,1083188826893130,0.21787235,-1.9919758,-9.428367,-0.018936822,-0.0030543262,0.0067195175,TREMOR,ebc4738c5deb
1775693003483,1083188834917669,0.21308395,-1.9895816,-9.41879,-0.018325957,0.0018325958,0.004886922,TREMOR,ebc4738c5deb
1775693003491,1083188842945671,0.22984336,-1.9776106,-9.43076,-0.017104227,0.0036651916,0.002443461,TREMOR,ebc4738c5deb
1775693003499,1083188850941365,0.23223756,-1.99437,-9.454702,-0.013439035,0.004276057,0.0,TREMOR,ebc4738c5deb
1775693003507,1083188858937058,0.25378537,-1.9871874,-9.471462,-0.012217305,0.005497787,-0.0036651916,TREMOR,ebc4738c5deb
1775693003515,1083188866931906,0.24420857,-2.0015526,-9.459491,-0.012217305,0.014049901,-0.007330383,TREMOR,ebc4738c5deb
1775693003523,1083188874925676,0.25617957,-1.99437,-9.461885,-0.01160644,0.018325957,-0.0067195175,TREMOR,ebc4738c5deb
1775693003531,1083188882925139,0.2681506,-1.9991584,-9.44752,-0.01282817,0.017104227,-0.008552114,TREMOR,ebc4738c5deb
1775693003539,1083188890917987,0.28491,-2.0039468,-9.44752,-0.01282817,0.016493361,-0.009162978,TREMOR,ebc4738c5deb
1775693003547,1083188898944219,0.30885202,-2.0111294,-9.442732,-0.01160644,0.015882496,-0.010995574,TREMOR,ebc4738c5deb
1775693003555,1083188906942374,0.29448682,-2.0039468,-9.406818,-0.010995574,0.017104227,-0.01038471,TREMOR,ebc4738c5deb
1775693003563,1083188914936453,0.3184288,-1.9991584,-9.404425,-0.007941248,0.016493361,-0.01282817,TREMOR,ebc4738c5deb
1775693003571,1083188922930992,0.31124622,-2.0374656,-9.409213,-0.004886922,0.015882496,-0.010995574,TREMOR,ebc4738c5deb
1775693003579,1083188930927839,0.31364042,-2.030283,-9.3733,-6.1086525E-4,0.008552114,-0.01160644,TREMOR,ebc4738c5deb
1775693003587,1083188938922687,0.320823,-2.042254,-9.495404,0.004886922,-0.005497787,-0.007330383,TREMOR,ebc4738c5deb
1775693003595,1083188946918996,0.32800564,-2.0470424,-9.481039,0.0030543262,6.1086525E-4,-0.007941248,TREMOR,ebc4738c5deb
1775693003603,1083188954942997,0.320823,-2.0757728,-9.457097,0.0012217305,0.004276057,-0.0067195175,TREMOR,ebc4738c5deb
1775693003611,1083188962939615,0.32321724,-2.0709844,-9.44752,-6.1086525E-4,-0.0012217305,-0.0036651916,TREMOR,ebc4738c5deb
1775693003619,1083188970935231,0.3184288,-2.066196,-9.457097,-0.0018325958,-0.0036651916,-6.1086525E-4,TREMOR,ebc4738c5deb
1775693003627,1083188978931309,0.33758244,-2.0566192,-9.457097,-0.002443461,-0.008552114,0.0,TREMOR,ebc4738c5deb
1775693003635,1083188986927619,0.30406362,-2.054225,-9.469068,-0.002443461,-0.01160644,0.002443461,TREMOR,ebc4738c5deb
1775693003643,1083188994922697,0.30166942,-2.030283,-9.459491,-0.0036651916,-0.015271631,0.004886922,TREMOR,ebc4738c5deb
1775693003651,1083189002918621,0.2657564,-2.0015526,-9.478644,-0.004886922,-0.018325957,0.0061086523,TREMOR,ebc4738c5deb
1775693003659,1083189010943623,0.25617957,-2.0207062,-9.449914,-0.004276057,-0.018936822,0.007941248,TREMOR,ebc4738c5deb
1775693003667,1083189018939624,0.24660277,-1.9871874,-9.437943,-0.0036651916,-0.017715093,0.0067195175,TREMOR,ebc4738c5deb
1775693003675,1083189026935932,0.20829555,-1.9847932,-9.454702,-0.0018325958,-0.017715093,0.008552114,TREMOR,ebc4738c5deb
1775693003683,1083189034929704,0.21308395,-1.9656396,-9.43076,-0.0018325958,-0.015271631,0.007330383,TREMOR,ebc4738c5deb
1775693003691,1083189042927859,0.19632454,-1.934515,-9.411607,-0.002443461,-0.015271631,0.008552114,TREMOR,ebc4738c5deb
1775693003699,1083189050922090,0.17238252,-1.9249382,-9.404425,-0.0018325958,-0.015882496,0.0067195175,TREMOR,ebc4738c5deb
1775693003707,1083189058918092,0.15801731,-1.9249382,-9.414001,6.1086525E-4,-0.014660766,0.007941248,TREMOR,ebc4738c5deb
1775693003715,1083189066913401,0.15562311,-1.8986019,-9.406818,0.0018325958,-0.01160644,0.007330383,TREMOR,ebc4738c5deb
1775693003723,1083189074939017,0.18674773,-1.934515,-9.397242,0.0067195175,-0.0061086523,0.004276057,TREMOR,ebc4738c5deb
1775693003731,1083189082934019,0.16519992,-1.9488802,-9.385271,0.008552114,-0.004886922,0.004276057,TREMOR,ebc4738c5deb
1775693003739,1083189090894328,0.18195933,-1.9393034,-9.411607,0.01160644,6.1086525E-4,0.0018325958,TREMOR,ebc4738c5deb
1775693003747,1083189098925175,0.18195933,-1.982399,-9.41879,0.014660766,0.0036651916,-6.1086525E-4,TREMOR,ebc4738c5deb
1775693003755,1083189106946639,0.19153613,-2.0254946,-9.43076,0.021380283,0.008552114,-0.002443461,TREMOR,ebc4738c5deb
1775693003763,1083189114917409,0.19393034,-2.0135236,-9.43076,0.018325957,0.007330383,-0.0036651916,TREMOR,ebc4738c5deb
1775693003771,1083189122998949,0.19871874,-2.054225,-9.461885,0.021380283,0.009162978,-0.005497787,TREMOR,ebc4738c5deb
1775693003779,1083189130909797,0.19632454,-2.0829554,-9.478644,0.022602014,0.01038471,-0.0067195175,TREMOR,ebc4738c5deb
1775693003787,1083189138990029,0.17956513,-2.087744,-9.476251,0.02076942,0.009162978,-0.008552114,TREMOR,ebc4738c5deb
1775693003795,1083189146902107,0.16280572,-2.099715,-9.476251,0.02076942,0.009773844,-0.009162978,TREMOR,ebc4738c5deb
1775693003803,1083189154926416,0.18195933,-2.123657,-9.464279,0.019547688,0.01160644,-0.007941248,TREMOR,ebc4738c5deb
1775693003811,1083189162922340,0.15562311,-2.1140802,-9.464279,0.015271631,0.014049901,-0.01038471,TREMOR,ebc4738c5deb
1775693003820,1083189171002957,0.1364695,-2.1140802,-9.445126,0.014660766,0.01282817,-0.01038471,TREMOR,ebc4738c5deb
1775693003827,1083189178912190,0.12928689,-2.1284454,-9.44752,0.010995574,0.012217305,-0.009162978,TREMOR,ebc4738c5deb
1775693003835,1083189186939883,0.12928689,-2.1164744,-9.442732,0.009773844,0.014049901,-0.008552114,TREMOR,ebc4738c5deb
1775693003843,1083189194906653,0.14604631,-2.1140802,-9.44752,0.0061086523,0.012217305,-0.0061086523,TREMOR,ebc4738c5deb
1775693003852,1083189203015963,0.11971009,-2.123657,-9.459491,0.004886922,0.009773844,-0.002443461,TREMOR,ebc4738c5deb
1775693003859,1083189210924810,0.12689269,-2.1092918,-9.457097,0.004276057,0.007330383,-6.1086525E-4,TREMOR,ebc4738c5deb
1775693003867,1083189218976580,0.12210429,-2.1140802,-9.433155,0.0,0.004276057,0.0030543262,TREMOR,ebc4738c5deb
1775693003875,1083189226947967,0.12928689,-2.1332338,-9.445126,6.1086525E-4,0.0018325958,0.0061086523,TREMOR,ebc4738c5deb
1775693003883,1083189234942968,0.1316811,-2.1452048,-9.425972,-0.0036651916,-0.0018325958,0.007941248,TREMOR,ebc4738c5deb
1775693003891,1083189242907354,0.15801731,-2.1332338,-9.440337,-0.004886922,-0.004276057,0.01282817,TREMOR,ebc4738c5deb
1775693003899,1083189250934048,0.15083471,-2.15957,-9.440337,-0.004886922,-0.007941248,0.015882496,TREMOR,ebc4738c5deb
1775693003907,1083189258929510,0.1388637,-2.1428106,-9.454702,-0.007330383,-0.01160644,0.019547688,TREMOR,ebc4738c5deb
1775693003915,1083189266825742,0.1388637,-2.1332338,-9.452309,-0.009773844,-0.010995574,0.021991149,TREMOR,ebc4738c5deb
1775693003923,1083189274921513,0.15083471,-2.1021092,-9.41879,-0.01038471,-0.01160644,0.023823744,TREMOR,ebc4738c5deb
1775693003931,1083189282941514,0.1364695,-2.1092918,-9.421184,-0.013439035,-0.015882496,0.02687807,TREMOR,ebc4738c5deb
1775693003939,1083189290943362,0.14604631,-2.087744,-9.423578,-0.012217305,-0.018325957,0.027488936,TREMOR,ebc4738c5deb
1775693003947,1083189298963287,0.1340753,-2.0925324,-9.440337,-0.01282817,-0.019547688,0.028099801,TREMOR,ebc4738c5deb
1775693003955,1083189306904903,0.1364695,-2.066196,-9.41879,-0.014049901,-0.018325957,0.029932396,TREMOR,ebc4738c5deb
1775693003963,1083189314930443,0.15562311,-2.0494366,-9.423578,-0.012217305,-0.019547688,0.029321533,TREMOR,ebc4738c5deb
1775693003971,1083189322924521,0.16519992,-2.0278888,-9.423578,-0.014049901,-0.017715093,0.028099801,TREMOR,ebc4738c5deb
1775693003979,1083189330922138,0.17956513,-2.0015526,-9.437943,-0.012217305,-0.018325957,0.027488936,TREMOR,ebc4738c5deb
1775693003987,1083189338916293,0.22505496,-1.9800048,-9.454702,-0.009773844,-0.017715093,0.02687807,TREMOR,ebc4738c5deb
1775693003995,1083189346944294,0.24899697,-1.970428,-9.445126,-0.0067195175,-0.016493361,0.029321533,TREMOR,ebc4738c5deb
1775693004003,1083189354940219,0.2873042,-1.9393034,-9.440337,-0.0067195175,-0.015882496,0.027488936,TREMOR,ebc4738c5deb
1775693004011,1083189362933220,0.36391866,-1.9369092,-9.425972,0.0,-0.012217305,0.02565634,TREMOR,ebc4738c5deb
1775693004019,1083189370928913,0.39264908,-1.9273324,-9.423578,0.0018325958,-0.014660766,0.02687807,TREMOR,ebc4738c5deb
1775693004027,1083189378949838,0.4141969,-1.958457,-9.425972,0.0012217305,-0.01282817,0.027488936,TREMOR,ebc4738c5deb
1775693004035,1083189386920839,0.4333505,-1.970428,-9.423578,0.002443461,-0.010995574,0.026267206,TREMOR,ebc4738c5deb
1775693004043,1083189394938764,0.4381389,-2.0015526,-9.425972,0.004886922,-0.009162978,0.02565634,TREMOR,ebc4738c5deb
1775693004051,1083189402911304,0.4213795,-2.018312,-9.433155,0.005497787,-0.009162978,0.02076942,TREMOR,ebc4738c5deb
1775693004059,1083189410938767,0.39264908,-2.0350714,-9.440337,0.007330383,-0.0061086523,0.017715093,TREMOR,ebc4738c5deb
1775693004067,1083189418988845,0.39504328,-2.0614076,-9.44752,0.007941248,-0.0067195175,0.01282817,TREMOR,ebc4738c5deb
1775693004075,1083189426931077,0.35913026,-2.0590134,-9.473856,0.007941248,-0.005497787,0.01282817,TREMOR,ebc4738c5deb
1775693004083,1083189434924540,0.38307226,-2.066196,-9.495404,0.01282817,-0.0061086523,0.0067195175,TREMOR,ebc4738c5deb
1775693004091,1083189442919925,0.34715924,-2.066196,-9.488221,0.01038471,-0.012217305,6.1086525E-4,TREMOR,ebc4738c5deb
1775693004099,1083189450917235,0.34955344,-2.0614076,-9.495404,0.010995574,-0.012217305,-0.0030543262,TREMOR,ebc4738c5deb
1775693004107,1083189458943005,0.35194764,-2.0614076,-9.483433,0.01160644,-0.013439035,-0.0067195175,TREMOR,ebc4738c5deb
1775693004115,1083189466939314,0.31124622,-2.0685902,-9.473856,0.010995574,-0.014660766,-0.010995574,TREMOR,ebc4738c5deb
1775693004123,1083189474933470,0.31364042,-2.054225,-9.461885,0.012217305,-0.009773844,-0.015271631,TREMOR,ebc4738c5deb
1775693004131,1083189482928010,0.29448682,-2.0638018,-9.442732,0.010995574,-0.01282817,-0.019547688,TREMOR,ebc4738c5deb
1775693004139,1083189490924857,0.272939,-2.0518308,-9.442732,0.01038471,-0.009162978,-0.022602014,TREMOR,ebc4738c5deb
1775693004147,1083189498920320,0.24420857,-2.0566192,-9.435549,0.01038471,-0.0067195175,-0.025045475,TREMOR,ebc4738c5deb
1775693004155,1083189506916244,0.20350714,-2.054225,-9.409213,0.010995574,-0.004276057,-0.02687807,TREMOR,ebc4738c5deb
1775693004163,1083189514941861,0.17956513,-2.066196,-9.425972,0.012217305,-0.0012217305,-0.029321533,TREMOR,ebc4738c5deb
1775693004171,1083189522939017,0.11492168,-2.0709844,-9.425972,0.012217305,6.1086525E-4,-0.031154128,TREMOR,ebc4738c5deb
1775693004179,1083189530934171,0.08140286,-2.054225,-9.409213,0.014049901,0.004276057,-0.03359759,TREMOR,ebc4738c5deb
1775693004187,1083189538984019,0.06703765,-2.054225,-9.423578,0.014049901,0.007330383,-0.035430185,TREMOR,ebc4738c5deb
1775693004195,1083189546926713,0.023942016,-2.0470424,-9.411607,0.014660766,0.01160644,-0.03481932,TREMOR,ebc4738c5deb
1775693004203,1083189554918714,0.0023942017,-2.0494366,-9.385271,0.01282817,0.014660766,-0.036651913,TREMOR,ebc4738c5deb
1775693004211,1083189562938100,0.0,-2.054225,-9.409213,0.014049901,0.017715093,-0.037873644,TREMOR,ebc4738c5deb
1775693004219,1083189570942102,-0.011971008,-2.0590134,-9.423578,0.01282817,0.019547688,-0.036651913,TREMOR,ebc4738c5deb
1775693004227,1083189578938180,0.031124622,-2.0925324,-9.466674,0.013439035,0.021380283,-0.03604105,TREMOR,ebc4738c5deb
1775693004235,1083189586903950,-0.023942016,-2.0685902,-9.43076,0.016493361,0.027488936,-0.032375857,TREMOR,ebc4738c5deb
1775693004243,1083189594928029,0.009576807,-2.1308396,-9.406818,0.013439035,0.02565634,-0.034208454,TREMOR,ebc4738c5deb
1775693004251,1083189602923107,0.031124622,-2.1212628,-9.442732,0.013439035,0.019547688,-0.031154128,TREMOR,ebc4738c5deb
1775693004259,1083189610918723,0.06943185,-2.147599,-9.452309,0.012217305,0.021380283,-0.028710667,TREMOR,ebc4738c5deb
1775693004267,1083189618970725,0.079008654,-2.1547816,-9.454702,0.009773844,0.02076942,-0.025045475,TREMOR,ebc4738c5deb
1775693004275,1083189626943342,0.093373865,-2.1739352,-9.454702,0.01282817,0.022602014,-0.019547688,TREMOR,ebc4738c5deb
1775693004283,1083189634936573,0.12689269,-2.2002714,-9.471462,0.01160644,0.016493361,-0.017104227,TREMOR,ebc4738c5deb
1775693004291,1083189642902498,0.15562311,-2.1930888,-9.471462,0.010995574,0.01282817,-0.01282817,TREMOR,ebc4738c5deb
1775693004299,1083189650927423,0.16519992,-2.2002714,-9.488221,0.005497787,0.005497787,-0.008552114,TREMOR,ebc4738c5deb
1775693004307,1083189658922731,0.17956513,-2.2002714,-9.509769,0.0061086523,-0.0018325958,-0.0018325958,TREMOR,ebc4738c5deb
1775693004315,1083189666922118,0.19153613,-2.2026656,-9.49301,0.0030543262,-0.0067195175,0.0018325958,TREMOR,ebc4738c5deb
1775693004323,1083189674914119,0.21308395,-2.1763294,-9.476251,0.0030543262,-0.01038471,0.008552114,TREMOR,ebc4738c5deb
1775693004331,1083189682942505,0.21068975,-2.1787236,-9.483433,-0.0036651916,-0.013439035,0.014660766,TREMOR,ebc4738c5deb
1775693004339,1083189690936891,0.21308395,-2.1691468,-9.476251,-0.005497787,-0.015882496,0.020158553,TREMOR,ebc4738c5deb
1775693004347,1083189698931738,0.21308395,-2.1571758,-9.457097,-0.009162978,-0.020158553,0.02687807,TREMOR,ebc4738c5deb
1775693004355,1083189706928047,0.19871874,-2.1452048,-9.421184,-0.01282817,-0.025045475,0.03176499,TREMOR,ebc4738c5deb
1775693004363,1083189714978818,0.19632454,-2.1404164,-9.43076,-0.015882496,-0.027488936,0.03604105,TREMOR,ebc4738c5deb
1775693004371,1083189722918127,0.17477672,-2.135628,-9.406818,-0.018325957,-0.028710667,0.040927973,TREMOR,ebc4738c5deb
1775693004379,1083189730970128,0.16519992,-2.111686,-9.404425,-0.02076942,-0.03359759,0.04153884,TREMOR,ebc4738c5deb
1775693004387,1083189738911053,0.1364695,-2.111686,-9.414001,-0.020158553,-0.034208454,0.04337143,TREMOR,ebc4738c5deb
1775693004395,1083189746936977,0.1388637,-2.0925324,-9.421184,-0.021991149,-0.034208454,0.0421497,TREMOR,ebc4738c5deb
1775693004403,1083189754902747,0.11492168,-2.0805612,-9.452309,-0.021991149,-0.03481932,0.0421497,TREMOR,ebc4738c5deb
1775693004412,1083189763013596,0.110133275,-2.0757728,-9.440337,-0.02443461,-0.03604105,0.03848451,TREMOR,ebc4738c5deb
1775693004419,1083189770892366,0.1340753,-2.0446482,-9.43076,-0.02443461,-0.030543262,0.03481932,TREMOR,ebc4738c5deb
1775693004427,1083189778943752,0.12449849,-2.0326772,-9.41879,-0.023823744,-0.02565634,0.03176499,TREMOR,ebc4738c5deb
1775693004435,1083189786947677,0.14604631,-2.0159178,-9.414001,-0.021991149,-0.018936822,0.027488936,TREMOR,ebc4738c5deb
1775693004443,1083189794939678,0.19871874,-2.0015526,-9.397242,-0.023823744,-0.018325957,0.02076942,TREMOR,ebc4738c5deb
1775693004451,1083189802936986,0.21068975,-1.9919758,-9.414001,-0.016493361,-0.014660766,0.018325957,TREMOR,ebc4738c5deb
1775693004459,1083189810931373,0.21547815,-1.9560628,-9.399636,-0.013439035,-0.007941248,0.009162978,TREMOR,ebc4738c5deb
1775693004468,1083189819043989,0.2777274,-1.9656396,-9.421184,-0.01160644,-0.004886922,0.004886922,TREMOR,ebc4738c5deb
1775693004475,1083189826892683,0.28491,-1.9488802,-9.399636,-0.0067195175,-0.0061086523,-0.0012217305,TREMOR,ebc4738c5deb
1775693004483,1083189834918223,0.30166942,-1.9560628,-9.406818,-6.1086525E-4,0.0030543262,-0.004886922,TREMOR,ebc4738c5deb
1775693004491,1083189842969609,0.32321724,-1.9656396,-9.416395,-0.0012217305,0.004886922,-0.007941248,TREMOR,ebc4738c5deb
1775693004499,1083189850909533,0.35194764,-1.9536686,-9.425972,-0.004276057,0.0061086523,-0.01160644,TREMOR,ebc4738c5deb
1775693004507,1083189858936381,0.34237084,-1.9991584,-9.452309,0.0018325958,0.009162978,-0.014049901,TREMOR,ebc4738c5deb
1775693004515,1083189866933305,0.35913026,-1.9871874,-9.440337,0.0036651916,0.01038471,-0.016493361,TREMOR,ebc4738c5deb
1775693004523,1083189874927460,0.33997664,-2.0350714,-9.481039,0.004886922,0.010995574,-0.018936822,TREMOR,ebc4738c5deb
1775693004531,1083189882924385,0.34955344,-2.0494366,-9.478644,0.0067195175,0.008552114,-0.021380283,TREMOR,ebc4738c5deb
1775693004539,1083189890919463,0.33039984,-2.0494366,-9.476251,0.004886922,0.015271631,-0.022602014,TREMOR,ebc4738c5deb
1775693004547,1083189898944695,0.30645782,-2.042254,-9.457097,0.004886922,0.015882496,-0.02443461,TREMOR,ebc4738c5deb
1775693004555,1083189906965005,0.29688102,-2.0518308,-9.461885,0.002443461,0.017104227,-0.02565634,TREMOR,ebc4738c5deb
1775693004563,1083189914936390,0.2705448,-2.042254,-9.459491,0.0012217305,0.015271631,-0.027488936,TREMOR,ebc4738c5deb
1775693004572,1083189923017314,0.24420857,-2.0446482,-9.464279,0.0018325958,0.017715093,-0.027488936,TREMOR,ebc4738c5deb
1775693004579,1083189930927778,0.22744916,-2.0350714,-9.44752,-6.1086525E-4,0.015271631,-0.029321533,TREMOR,ebc4738c5deb
1775693004587,1083189938947471,0.20111294,-2.0374656,-9.442732,-0.002443461,0.015271631,-0.02687807,TREMOR,ebc4738c5deb
1775693004595,1083189946918472,0.17717093,-2.0231004,-9.449914,0.0,0.017104227,-0.028710667,TREMOR,ebc4738c5deb
1775693004603,1083189954943474,0.1604115,-2.0207062,-9.440337,0.0,0.014049901,-0.02687807,TREMOR,ebc4738c5deb
1775693004611,1083189962995398,0.15322891,-2.018312,-9.442732,0.0,0.016493361,-0.02687807,TREMOR,ebc4738c5deb
1775693004619,1083189970907399,0.14844051,-2.0350714,-9.423578,0.0,0.016493361,-0.02565634,TREMOR,ebc4738c5deb
1775693004627,1083189978956017,0.10055647,-2.0135236,-9.425972,6.1086525E-4,0.017715093,-0.023823744,TREMOR,ebc4738c5deb
1775693004635,1083189986898556,0.107739076,-2.0111294,-9.409213,0.0,0.015882496,-0.019547688,TREMOR,ebc4738c5deb
1775693004643,1083189994921942,0.095768064,-2.030283,-9.404425,0.004276057,0.017104227,-0.018325957,TREMOR,ebc4738c5deb
1775693004651,1083190002916944,0.09816227,-2.0326772,-9.399636,0.004886922,0.018325957,-0.014049901,TREMOR,ebc4738c5deb
1775693004660,1083190011004330,0.110133275,-2.0614076,-9.414001,0.0061086523,0.020158553,-0.01282817,TREMOR,ebc4738c5deb
1775693004667,1083190018939407,0.08619126,-2.066196,-9.423578,0.01038471,0.018936822,-0.01038471,TREMOR,ebc4738c5deb
1775693004675,1083190026935716,0.090979666,-2.0494366,-9.433155,0.01038471,0.016493361,-0.0067195175,TREMOR,ebc4738c5deb
1775693004683,1083190034929872,0.08619126,-2.0709844,-9.43076,0.01282817,0.017715093,-0.005497787,TREMOR,ebc4738c5deb
1775693004691,1083190042925565,0.079008654,-2.0949266,-9.449914,0.013439035,0.017104227,-0.0030543262,TREMOR,ebc4738c5deb
1775693004699,1083190050923105,0.10534488,-2.099715,-9.445126,0.013439035,0.017104227,6.1086525E-4,TREMOR,ebc4738c5deb
1775693004707,1083190058916645,0.107739076,-2.1021092,-9.442732,0.01282817,0.02076942,0.0018325958,TREMOR,ebc4738c5deb
1775693004715,1083190066944339,0.1316811,-2.1308396,-9.425972,0.01282817,0.020158553,0.002443461,TREMOR,ebc4738c5deb
1775693004723,1083190074938494,0.1316811,-2.1284454,-9.435549,0.01160644,0.017715093,0.004276057,TREMOR,ebc4738c5deb
1775693004731,1083190082937265,0.1412579,-2.1260512,-9.449914,0.009773844,0.014660766,0.007330383,TREMOR,ebc4738c5deb
1775693004739,1083190090930573,0.16280572,-2.123657,-9.466674,0.007941248,0.014660766,0.008552114,TREMOR,ebc4738c5deb
1775693004747,1083190098926575,0.17717093,-2.1499932,-9.469068,0.007941248,0.014049901,0.010995574,TREMOR,ebc4738c5deb
1775693004755,1083190106924423,0.20111294,-2.1499932,-9.481039,0.0067195175,0.01038471,0.013439035,TREMOR,ebc4738c5deb
1775693004763,1083190114917039,0.22266077,-2.1452048,-9.476251,0.0067195175,0.004886922,0.015271631,TREMOR,ebc4738c5deb
1775693004771,1083190122942809,0.25617957,-2.147599,-9.471462,0.004276057,0.0018325958,0.015882496,TREMOR,ebc4738c5deb
1775693004779,1083190130940658,0.2705448,-2.1380222,-9.435549,0.0036651916,-0.0012217305,0.014660766,TREMOR,ebc4738c5deb
1775693004787,1083190138935505,0.31124622,-2.1260512,-9.452309,0.0018325958,-0.005497787,0.017104227,TREMOR,ebc4738c5deb
1775693004795,1083190146930813,0.29927522,-2.1140802,-9.44752,0.0012217305,-0.004886922,0.017715093,TREMOR,ebc4738c5deb
1775693004803,1083190154926200,0.29927522,-2.1045034,-9.454702,6.1086525E-4,-0.007941248,0.018325957,TREMOR,ebc4738c5deb
1775693004811,1083190162920970,0.30166942,-2.0925324,-9.452309,0.0,-0.009162978,0.020158553,TREMOR,ebc4738c5deb
1775693004819,1083190170918202,0.31364042,-2.0949266,-9.433155,-6.1086525E-4,-0.009773844,0.021380283,TREMOR,ebc4738c5deb
1775693004827,1083190178944666,0.30645782,-2.0901382,-9.437943,-6.1086525E-4,-0.015271631,0.021380283,TREMOR,ebc4738c5deb
1775693004835,1083190186939513,0.31124622,-2.0757728,-9.433155,-0.0018325958,-0.015271631,0.020158553,TREMOR,ebc4738c5deb
1775693004843,1083190194933591,0.32321724,-2.0709844,-9.449914,-0.002443461,-0.016493361,0.020158553,TREMOR,ebc4738c5deb
1775693004851,1083190202932439,0.30166942,-2.0518308,-9.437943,-0.002443461,-0.018325957,0.021380283,TREMOR,ebc4738c5deb
1775693004859,1083190210925594,0.29688102,-2.0494366,-9.44752,-0.0018325958,-0.018936822,0.020158553,TREMOR,ebc4738c5deb
1775693004867,1083190218921056,0.29927522,-2.0638018,-9.425972,-0.002443461,-0.019547688,0.018325957,TREMOR,ebc4738c5deb
1775693004875,1083190226916058,0.2633622,-2.0638018,-9.442732,-0.002443461,-0.021380283,0.017715093,TREMOR,ebc4738c5deb
1775693004883,1083190234944059,0.260968,-2.0590134,-9.449914,-0.0012217305,-0.02076942,0.015271631,TREMOR,ebc4738c5deb
1775693004891,1083190242938907,0.2681506,-2.0757728,-9.435549,-0.0012217305,-0.02076942,0.014049901,TREMOR,ebc4738c5deb
1775693004899,1083190250933985,0.24181437,-2.0733786,-9.449914,6.1086525E-4,-0.017715093,0.01160644,TREMOR,ebc4738c5deb
1775693004907,1083190258929987,0.23223756,-2.0733786,-9.442732,0.0012217305,-0.015882496,0.0061086523,TREMOR,ebc4738c5deb
1775693006947,1083192298939792,0.18195933,-2.1643584,-9.440337,6.1086525E-4,-0.013439035,0.007330383,TREMOR,ebc4738c5deb
1775693006955,1083192306933639,0.18435353,-2.1452048,-9.442732,-0.0018325958,-0.009773844,0.0036651916,TREMOR,ebc4738c5deb
1775693006963,1083192314929718,0.18195933,-2.1452048,-9.43076,-0.004276057,-0.012217305,0.004276057,TREMOR,ebc4738c5deb
1775693006972,1083192323042027,0.19153613,-2.135628,-9.437943,-0.0067195175,-0.015271631,0.0036651916,TREMOR,ebc4738c5deb
1775693006980,1083192331042259,0.19393034,-2.1212628,-9.41879,-0.008552114,-0.017715093,0.004886922,TREMOR,ebc4738c5deb
1775693006987,1083192338915799,0.15322891,-2.0973208,-9.423578,-0.009773844,-0.021380283,0.005497787,TREMOR,ebc4738c5deb
1775693006995,1083192346942646,0.14844051,-2.0829554,-9.423578,-0.009773844,-0.021380283,0.0036651916,TREMOR,ebc4738c5deb
1775693007003,1083192354952764,0.15562311,-2.0709844,-9.416395,-0.01038471,-0.02443461,0.0061086523,TREMOR,ebc4738c5deb
1775693007011,1083192362947769,0.1340753,-2.0566192,-9.435549,-0.01038471,-0.02321288,0.004276057,TREMOR,ebc4738c5deb
1775693007019,1083192370768467,0.1412579,-2.0566192,-9.425972,-0.008552114,-0.023823744,0.0018325958,TREMOR,ebc4738c5deb
1775693007027,1083192378939241,0.1412579,-2.0518308,-9.437943,-0.007330383,-0.02321288,0.0018325958,TREMOR,ebc4738c5deb
1775693007035,1083192386937093,0.14844051,-2.0470424,-9.464279,-0.005497787,-0.021380283,0.0030543262,TREMOR,ebc4738c5deb
1775693007043,1083192394608713,0.1388637,-2.0374656,-9.471462,-0.005497787,-0.022602014,0.002443461,TREMOR,ebc4738c5deb
1775693007051,1083192402958026,0.15083471,-2.0326772,-9.457097,-0.005497787,-0.020158553,0.002443461,TREMOR,ebc4738c5deb
1775693007059,1083192410952109,0.15801731,-2.0231004,-9.449914,-0.004276057,-0.018325957,0.0030543262,TREMOR,ebc4738c5deb
1775693007067,1083192418948114,0.17238252,-2.0254946,-9.445126,-0.005497787,-0.015271631,0.0036651916,TREMOR,ebc4738c5deb
1775693007075,1083192426946042,0.19153613,-2.0111294,-9.442732,-0.004276057,-0.012217305,0.0030543262,TREMOR,ebc4738c5deb
1775693007083,1083192434939278,0.20350714,-2.0111294,-9.437943,-0.0036651916,-0.009162978,0.004276057,TREMOR,ebc4738c5deb
1775693007091,1083192442934592,0.20590134,-2.0087352,-9.433155,-0.0036651916,-0.0061086523,0.004276057,TREMOR,ebc4738c5deb
1775693007099,1083192450930289,0.21068975,-1.9967642,-9.425972,-0.0018325958,-0.0018325958,0.0061086523,TREMOR,ebc4738c5deb
1775693007107,1083192458956448,0.20829555,-2.030283,-9.454702,-0.0012217305,-0.0012217305,0.005497787,TREMOR,ebc4738c5deb
1775693007115,1083192466953069,0.21308395,-2.0207062,-9.428367,0.0030543262,-0.0030543262,0.0061086523,TREMOR,ebc4738c5deb
1775693007123,1083192474948767,0.20590134,-1.9919758,-9.445126,0.0018325958,0.0012217305,0.007330383,TREMOR,ebc4738c5deb
1775693007131,1083192482942695,0.20829555,-2.0207062,-9.454702,0.004886922,0.0030543262,0.007941248,TREMOR,ebc4738c5deb
1775693007139,1083192490938700,0.21068975,-2.0231004,-9.43076,0.004886922,0.004886922,0.008552114,TREMOR,ebc4738c5deb
1775693007147,1083192498935936,0.18914193,-2.0231004,-9.445126,0.0061086523,0.004276057,0.009162978,TREMOR,ebc4738c5deb
1775693007155,1083192506933095,0.18914193,-2.0494366,-9.440337,0.0067195175,0.007941248,0.007941248,TREMOR,ebc4738c5deb
1775693007163,1083192514955562,0.17477672,-2.0590134,-9.416395,0.004886922,0.0067195175,0.007330383,TREMOR,ebc4738c5deb
1775693007171,1083192522953799,0.1604115,-2.0566192,-9.428367,0.008552114,0.007330383,0.007330383,TREMOR,ebc4738c5deb
1775693007179,1083192530916804,0.17956513,-2.0733786,-9.437943,0.008552114,0.007330383,0.0061086523,TREMOR,ebc4738c5deb
1775693007187,1083192538942963,0.15562311,-2.0973208,-9.454702,0.01038471,0.009773844,0.0061086523,TREMOR,ebc4738c5deb
1775693007195,1083192546941506,0.1316811,-2.1140802,-9.457097,0.010995574,0.008552114,0.0030543262,TREMOR,ebc4738c5deb
1775693007203,1083192554928897,0.1412579,-2.1212628,-9.459491,0.01038471,0.014660766,0.0012217305,TREMOR,ebc4738c5deb
1775693007211,1083192562929132,0.1316811,-2.1308396,-9.454702,0.010995574,0.017104227,-0.002443461,TREMOR,ebc4738c5deb
1775693007220,1083192571011676,0.14844051,-2.1619642,-9.442732,0.01038471,0.018936822,-0.0036651916,TREMOR,ebc4738c5deb
1775693007227,1083192578923682,0.16998832,-2.1643584,-9.442732,0.012217305,0.018325957,-0.005497787,TREMOR,ebc4738c5deb
1775693007235,1083192586947918,0.16998832,-2.1643584,-9.449914,0.014660766,0.017104227,-0.007941248,TREMOR,ebc4738c5deb
1775693007243,1083192594942769,0.1604115,-2.1906946,-9.454702,0.01038471,0.0067195175,-0.007941248,TREMOR,ebc4738c5deb
1775693007251,1083192602937774,0.19871874,-2.183512,-9.452309,0.008552114,0.002443461,-0.0067195175,TREMOR,ebc4738c5deb
1775693007259,1083192610934088,0.23702596,-2.195483,-9.452309,0.004276057,0.0,-0.007330383,TREMOR,ebc4738c5deb
1775693007267,1083192618930170,0.20590134,-2.183512,-9.449914,0.0012217305,-6.1086525E-4,-0.0030543262,TREMOR,ebc4738c5deb
1775693007275,1083192626956867,0.19153613,-2.1859062,-9.428367,-0.002443461,0.0030543262,-0.004276057,TREMOR,ebc4738c5deb
1775693007283,1083192634950411,0.22505496,-2.1667526,-9.435549,-0.007941248,-0.0012217305,-6.1086525E-4,TREMOR,ebc4738c5deb
1775693007291,1083192642948955,0.20350714,-2.1667526,-9.437943,-0.01038471,-0.002443461,6.1086525E-4,TREMOR,ebc4738c5deb
1775693007299,1083192650942421,0.21787235,-2.1499932,-9.425972,-0.01038471,-0.0067195175,-6.1086525E-4,TREMOR,ebc4738c5deb
1775693007307,1083192658993888,0.19632454,-2.135628,-9.440337,-0.013439035,-0.007941248,6.1086525E-4,TREMOR,ebc4738c5deb
1775693007315,1083192666966817,0.18674773,-2.1140802,-9.445126,-0.014049901,-0.012217305,0.0018325958,TREMOR,ebc4738c5deb
1775693007323,1083192674930207,0.18914193,-2.099715,-9.428367,-0.017104227,-0.017104227,0.0018325958,TREMOR,ebc4738c5deb
1775693007331,1083192682955366,0.18674773,-2.0733786,-9.387665,-0.015271631,-0.018325957,0.002443461,TREMOR,ebc4738c5deb
1775693007339,1083192690952910,0.21547815,-2.078167,-9.457097,-0.014049901,-0.022602014,0.0030543262,TREMOR,ebc4738c5deb
1775693007347,1083192698946146,0.17477672,-2.0590134,-9.457097,-0.013439035,-0.026267206,0.004886922,TREMOR,ebc4738c5deb
1775693007355,1083192706943382,0.22505496,-2.0494366,-9.461885,-0.013439035,-0.015882496,0.0030543262,TREMOR,ebc4738c5deb
1775693007363,1083192714937233,0.21308395,-2.042254,-9.449914,-0.01282817,-0.015882496,0.0036651916,TREMOR,ebc4738c5deb
1775693007371,1083192722934777,0.24181437,-2.0135236,-9.437943,-0.013439035,-0.016493361,0.0030543262,TREMOR,ebc4738c5deb
1775693017092,1083202443027454,0.22266077,-1.9847932,-9.414001,-0.010995574,-0.019547688,0.004886922,TREMOR,ebc4738c5deb
1775693017100,1083202451053613,0.21068975,-1.9871874,-9.416395,-0.0067195175,-0.002443461,0.023823744,TREMOR,ebc4738c5deb
1775693017108,1083202459079772,0.22984336,-1.9847932,-9.411607,-0.002443461,-0.0012217305,0.021380283,TREMOR,ebc4738c5deb
1775693017116,1083202467075393,0.19871874,-1.9847932,-9.433155,-0.0012217305,-6.1086525E-4,0.020158553,TREMOR,ebc4738c5deb
1775693017123,1083202474954475,0.21787235,-2.0159178,-9.421184,0.0018325958,0.0061086523,0.015882496,TREMOR,ebc4738c5deb
1775693017131,1083202482949865,0.19871874,-2.0111294,-9.423578,0.0036651916,0.0061086523,0.013439035,TREMOR,ebc4738c5deb
1775693017139,1083202490945255,0.110133275,-1.970428,-9.425972,0.005497787,0.013439035,0.01160644,TREMOR,ebc4738c5deb
1775693017147,1083202498941261,0.25378537,-2.0733786,-9.44752,0.007330383,0.017104227,0.009162978,TREMOR,ebc4738c5deb
1775693017155,1083202506969881,0.23702596,-2.087744,-9.44752,0.007941248,0.017715093,0.0061086523,TREMOR,ebc4738c5deb
1775693017163,1083202514962809,0.23942018,-2.0949266,-9.459491,0.008552114,0.02076942,0.0012217305,TREMOR,ebc4738c5deb
1775693017171,1083202522959122,0.22026655,-2.099715,-9.445126,0.009773844,0.019547688,0.0,TREMOR,ebc4738c5deb
1775693017179,1083202530955128,0.22505496,-2.099715,-9.466674,0.009162978,0.020158553,-0.0036651916,TREMOR,ebc4738c5deb
1775693017187,1083202538950287,0.22744916,-2.147599,-9.464279,0.01038471,0.02321288,-0.0067195175,TREMOR,ebc4738c5deb
1775693017195,1083202546944676,0.25378537,-2.1332338,-9.440337,0.008552114,0.02565634,-0.009162978,TREMOR,ebc4738c5deb
1775693017203,1083202554940452,0.2657564,-2.1667526,-9.466674,0.007330383,0.023823744,-0.009162978,TREMOR,ebc4738c5deb
1775693017211,1083202562936380,0.25617957,-2.1571758,-9.435549,0.008552114,0.02321288,-0.01038471,TREMOR,ebc4738c5deb
1775693017219,1083202570961923,0.25857377,-2.15957,-9.445126,0.002443461,0.018936822,-0.01038471,TREMOR,ebc4738c5deb
1775693017228,1083202579013929,0.260968,-2.1667526,-9.41879,0.0030543262,0.01282817,-0.01160644,TREMOR,ebc4738c5deb
1775693017235,1083202586925703,0.23463176,-2.183512,-9.425972,0.0018325958,0.01160644,-0.01160644,TREMOR,ebc4738c5deb
1775693017243,1083202594974632,0.20829555,-2.1787236,-9.421184,0.004886922,0.010995574,-0.010995574,TREMOR,ebc4738c5deb
1775693017251,1083202602946252,0.20350714,-2.15957,-9.416395,6.1086525E-4,0.004276057,-0.010995574,TREMOR,ebc4738c5deb
1775693017259,1083202610940489,0.17477672,-2.1643584,-9.416395,6.1086525E-4,0.0,-0.009773844,TREMOR,ebc4738c5deb
1775693017267,1083202618966571,0.1604115,-2.135628,-9.435549,6.1086525E-4,-0.0036651916,-0.008552114,TREMOR,ebc4738c5deb
1775693017276,1083202627079191,0.14844051,-2.1404164,-9.41879,-0.0012217305,-0.005497787,-0.007941248,TREMOR,ebc4738c5deb
1775693017284,1083202635013736,0.11971009,-2.1499932,-9.43076,-0.0018325958,-0.009162978,-0.0067195175,TREMOR,ebc4738c5deb
1775693017291,1083202642956510,0.11731588,-2.1428106,-9.41879,-0.0030543262,-0.010995574,-0.005497787,TREMOR,ebc4738c5deb
1775693017300,1083202651065976,0.08619126,-2.1523874,-9.41879,-0.004276057,-0.008552114,-0.004886922,TREMOR,ebc4738c5deb
1775693017307,1083202658913751,0.07182605,-2.1308396,-9.41879,-0.0036651916,-0.013439035,-0.0036651916,TREMOR,ebc4738c5deb
1775693017315,1083202666942064,0.07182605,-2.123657,-9.411607,-0.007330383,-0.015882496,-0.0036651916,TREMOR,ebc4738c5deb
1775693017323,1083202674991839,0.06464344,-2.1308396,-9.41879,-0.005497787,-0.012217305,-0.004276057,TREMOR,ebc4738c5deb
1775693017331,1083202682932844,0.02633622,-2.0925324,-9.406818,-0.0061086523,-0.01038471,-0.004886922,TREMOR,ebc4738c5deb
1775693017339,1083202690959310,0.033518825,-2.0853498,-9.416395,-0.005497787,-0.01038471,-0.0067195175,TREMOR,ebc4738c5deb
1775693017347,1083202698953701,0.050278235,-2.087744,-9.411607,-0.0036651916,-0.0061086523,-0.004886922,TREMOR,ebc4738c5deb
1775693017355,1083202706948475,0.045489833,-2.0829554,-9.433155,-0.002443461,0.0,-0.007330383,TREMOR,ebc4738c5deb
1775693017363,1083202714969788,0.031124622,-2.0733786,-9.421184,-0.0036651916,-0.0018325958,-0.0067195175,TREMOR,ebc4738c5deb
1775693017371,1083202722940871,0.06943185,-2.0853498,-9.435549,-0.002443461,0.0018325958,-0.0067195175,TREMOR,ebc4738c5deb
1775693017379,1083202730899953,0.06943185,-2.066196,-9.425972,-0.0030543262,0.0018325958,-0.0061086523,TREMOR,ebc4738c5deb
1775693017387,1083202738931573,0.095768064,-2.0590134,-9.445126,-0.0036651916,0.005497787,-0.007330383,TREMOR,ebc4738c5deb
1775693017396,1083202747043887,0.11252748,-2.078167,-9.452309,6.1086525E-4,0.009162978,-0.008552114,TREMOR,ebc4738c5deb
1775693017404,1083202755008892,0.1412579,-2.066196,-9.445126,-0.002443461,0.009773844,-0.007330383,TREMOR,ebc4738c5deb
1775693017411,1083202762949204,0.15562311,-2.087744,-9.44752,-6.1086525E-4,0.01160644,-0.007941248,TREMOR,ebc4738c5deb
1775693017420,1083202771061133,0.18914193,-2.087744,-9.457097,0.0018325958,0.014049901,-0.007941248,TREMOR,ebc4738c5deb
1775693017427,1083202778941523,0.17956513,-2.078167,-9.449914,6.1086525E-4,0.014049901,-0.004886922,TREMOR,ebc4738c5deb
1775693017435,1083202786969221,0.19393034,-2.0829554,-9.435549,0.002443461,0.015271631,-0.0036651916,TREMOR,ebc4738c5deb
1775693017443,1083202794960918,0.21787235,-2.0901382,-9.433155,0.0012217305,0.014049901,-0.0030543262,TREMOR,ebc4738c5deb
1775693017451,1083202802957770,0.20829555,-2.1068976,-9.435549,6.1086525E-4,0.015271631,-0.0018325958,TREMOR,ebc4738c5deb
1775693017459,1083202810952852,0.21068975,-2.1021092,-9.442732,0.0,0.015882496,-0.0018325958,TREMOR,ebc4738c5deb
1775693017467,1083202818948626,0.20111294,-2.0853498,-9.44752,-0.0012217305,0.012217305,6.1086525E-4,TREMOR,ebc4738c5deb
1775693017475,1083202826944016,0.20350714,-2.0590134,-9.433155,-0.0036651916,0.01282817,0.002443461,TREMOR,ebc4738c5deb
1775693017483,1083202834941253,0.18914193,-2.0853498,-9.423578,-0.0036651916,0.009773844,0.0036651916,TREMOR,ebc4738c5deb
1775693017491,1083202842965258,0.21547815,-2.0709844,-9.411607,-0.0036651916,0.0067195175,0.0061086523,TREMOR,ebc4738c5deb
1775693017499,1083202850960955,0.17956513,-2.078167,-9.411607,-0.0036651916,0.0018325958,0.0067195175,TREMOR,ebc4738c5deb
1775693027916,1083213267049074,0.15322891,-1.9680338,-9.41879,-0.002443461,6.1086525E-4,0.0061086523,TREMOR,ebc4738c5deb
1775693027924,1083213275014231,0.17477672,-1.9776106,-9.40203,0.0018325958,0.007941248,-6.1086525E-4,TREMOR,ebc4738c5deb
1775693027932,1083213283040387,0.1604115,-1.9728222,-9.406818,0.0036651916,0.007941248,-0.0018325958,TREMOR,ebc4738c5deb
1775693027940,1083213291066313,0.16759412,-1.9632454,-9.428367,0.0036651916,0.007941248,-0.0030543262,TREMOR,ebc4738c5deb
1775693027947,1083213298944778,0.17956513,-1.9728222,-9.435549,0.005497787,0.007941248,-0.0036651916,TREMOR,ebc4738c5deb
1775693027955,1083213306943549,0.18195933,-1.9991584,-9.435549,0.008552114,0.008552114,-0.005497787,TREMOR,ebc4738c5deb
1775693027963,1083213314935783,0.18195933,-2.0111294,-9.433155,0.010995574,0.0067195175,-0.0067195175,TREMOR,ebc4738c5deb
1775693027971,1083213322933995,0.19632454,-2.030283,-9.421184,0.012217305,0.010995574,-0.007941248,TREMOR,ebc4738c5deb
1775693027979,1083213330930229,0.18195933,-2.042254,-9.435549,0.013439035,0.01160644,-0.007941248,TREMOR,ebc4738c5deb
1775693027987,1083213338956386,0.18195933,-2.0518308,-9.459491,0.013439035,0.01160644,-0.010995574,TREMOR,ebc4738c5deb
1775693027995,1083213346967849,0.18435353,-2.0614076,-9.454702,0.01282817,0.01038471,-0.012217305,TREMOR,ebc4738c5deb
1775693028003,1083213354947775,0.20590134,-2.1021092,-9.469068,0.015271631,0.010995574,-0.014049901,TREMOR,ebc4738c5deb
1775693028011,1083213362943240,0.17717093,-2.0949266,-9.466674,0.014049901,0.010995574,-0.014660766,TREMOR,ebc4738c5deb
1775693028019,1083213370938628,0.18435353,-2.1212628,-9.466674,0.01282817,0.01038471,-0.016493361,TREMOR,ebc4738c5deb
1775693028027,1083213378934246,0.18195933,-2.1212628,-9.476251,0.012217305,0.007941248,-0.015882496,TREMOR,ebc4738c5deb
# SUMMARY,duration_ms=34833,accN=995,gyroN=994,accAvg=(0.19182488365360914,-2.055375204254035,-9.4497578165639),gyroAvg=(-0.006532693560276428,-0.014388519832213228,0.03878564090548567)
