epoch_ms,event_ts_ns,AX,AY,AZ,GX,GY,GZ,label,sessionID
1775670831744,1702426587946,0.46447513,1.8052281,9.646238,0.14782938,-0.18081611,-0.35185838,JERKING,ac760cfc1489
1775670831765,1702446607477,0.45968673,1.70946,9.557653,-0.118507855,-0.052534413,0.028099801,JERKING,ac760cfc1489
1775670831835,1702466657526,0.6823475,1.5610195,9.507375,-0.073303826,0.103847094,0.018325957,JERKING,ac760cfc1489
1775670831837,1702486677057,0.59376204,1.4437037,9.581595,-0.037873644,-0.0036651916,-0.0061086523,JERKING,ac760cfc1489
1775670831839,1702506757623,0.5793968,1.5658079,9.516952,0.015882496,-0.012217305,-0.012217305,JERKING,ac760cfc1489
1775670831847,1702526807672,0.63206923,1.5658079,9.488221,0.019547688,-0.02321288,-0.019547688,JERKING,ac760cfc1489
1775670831877,1702546888238,0.5243302,1.532289,9.423578,-0.0061086523,-0.0036651916,-0.0061086523,JERKING,ac760cfc1489
1775670831916,1702566938287,0.49081135,1.5849615,9.461885,-0.017104227,-0.018325957,0.018325957,JERKING,ac760cfc1489
1775670831918,1702587049371,0.50517654,1.5035586,9.361329,-0.008552114,-0.05131268,0.030543262,JERKING,ac760cfc1489
1775670831926,1702607129938,0.58657944,1.4149733,9.435549,-0.02076942,-0.040317107,0.02687807,JERKING,ac760cfc1489
1775670831955,1702627179987,0.62488663,1.4460979,9.423578,-0.03176499,-0.02565634,0.008552114,JERKING,ac760cfc1489
1775670831991,1702647260553,0.6823475,1.5155296,9.583989,-0.02443461,-0.013439035,0.008552114,JERKING,ac760cfc1489
1775670831993,1702667341119,0.7398083,1.7262194,9.416395,-0.02443461,-0.009773844,0.037873644,JERKING,ac760cfc1489
1775670832027,1702687421686,1.364695,2.0590134,9.49301,-0.059864793,0.056199603,0.10140363,JERKING,ac760cfc1489
1775670832029,1702707241217,0.5434838,1.9871874,9.581595,-0.07819075,0.2406809,0.21013765,JERKING,ac760cfc1489
1775670832063,1702727060748,0.7350199,2.360683,9.356541,-0.15027285,0.1001819,0.23335053,JERKING,ac760cfc1489
1775670832071,1702747080279,1.970428,2.1643584,8.908825,-0.30787608,-0.04642576,0.004886922,JERKING,ac760cfc1489
1775670832135,1702766999811,1.9249382,2.1164744,9.0237465,-0.6365216,0.17959438,-0.48502702,JERKING,ac760cfc1489
1775670832138,1702787019342,1.9297266,1.9871874,8.202535,-1.070236,0.43249258,-0.59986967,JERKING,ac760cfc1489
1775670832140,1702807008356,1.8579005,2.348712,8.695741,-1.6749926,0.7819075,-1.0458013,JERKING,ac760cfc1489
1775670832149,1702827058404,0.1340753,3.0071173,9.703699,-2.506991,0.43004912,-1.001819,JERKING,ac760cfc1489
1775670832213,1702847077936,2.3774424,-0.5243302,10.395624,-2.8490756,0.04153884,-0.9419542,JERKING,ac760cfc1489
1775670832216,1702867097467,6.3589997,1.7717092,8.4587145,-3.0286698,-0.37873647,-1.6676621,JERKING,ac760cfc1489
1775670832218,1702887116998,3.8546648,0.260968,8.226477,-4.119675,0.94806284,-3.273016,JERKING,ac760cfc1489
1775670832225,1702907136529,1.1252748,-4.331111,9.035717,-4.401895,2.1087067,-1.505172,JERKING,ac760cfc1489
1775670832259,1702927156061,-0.30645782,-4.3143516,8.497022,-3.5992181,1.9462167,-1.9706513,JERKING,ac760cfc1489
1775670832265,1702947175592,-0.33279404,-4.027047,7.627927,-2.90161,1.5039502,-1.8863518,JERKING,ac760cfc1489
1775670832297,1702967225641,0.24181437,-3.916914,6.540959,-2.6865854,1.3243558,-1.7983873,JERKING,ac760cfc1489
1775670832306,1702987214654,-0.11971009,-4.3287168,5.437232,-2.6267207,1.3805555,-1.9449949,JERKING,ac760cfc1489
1775670832334,1703007264703,-0.24660277,-4.43885,5.5401826,-2.6535985,1.4049901,-2.0329595,JERKING,ac760cfc1489
1775670832369,1703027284235,-0.7278373,-5.116409,5.494693,-2.6914723,1.6310102,-2.07572,JERKING,ac760cfc1489
1775670832370,1703047303766,-1.1348516,-5.434838,5.3366756,-2.7635543,1.6676621,-2.1416936,JERKING,ac760cfc1489
1775670832404,1703067323297,-1.2330139,-5.9807158,5.1762643,-2.9553661,1.6285667,-2.225993,JERKING,ac760cfc1489
1775670832406,1703087342828,-1.2569559,-7.1849995,4.498705,-3.1630602,1.6249015,-2.2321017,JERKING,ac760cfc1489
1775670832441,1703107362360,-1.2473791,-8.231265,4.1252093,-3.4746015,1.6554449,-2.2064452,JERKING,ac760cfc1489
1775670832475,1703127381891,-1.3239936,-9.876082,3.8546648,-3.7665951,1.7715092,-2.1881194,JERKING,ac760cfc1489
1775670832477,1703147401422,-1.4269443,-10.896012,3.6894648,-3.8838813,1.8142698,-2.1282544,JERKING,ac760cfc1489
1775670832510,1703167420953,-1.5394717,-12.23437,4.050989,-3.5992181,1.8643607,-1.9743165,JERKING,ac760cfc1489
1775670832512,1703187440485,-1.3335704,-13.998898,4.0653543,-3.2424726,1.6945401,-1.7116444,JERKING,ac760cfc1489
1775670832547,1703207460016,-1.043872,-14.717158,3.8163576,-2.6829202,1.4465289,-1.3096951,JERKING,ac760cfc1489
1775670832549,1703227479547,-0.9624691,-14.800955,3.502717,-1.7800614,1.3891076,-0.8576548,JERKING,ac760cfc1489
1775670832583,1703247499078,-0.94092125,-14.1904335,2.8275523,-1.0885619,1.3536774,-0.40683624,JERKING,ac760cfc1489
1775670832585,1703267518610,-1.0271125,-13.891158,2.4995465,-0.79779,1.2547172,0.07086037,JERKING,ac760cfc1489
1775670832626,1703287507623,-1.2258313,-13.869611,2.5115175,-0.7648033,1.078788,0.44837508,JERKING,ac760cfc1489
1775670832628,1703307557672,-1.4676456,-13.548787,2.2050598,-0.57543504,0.91507614,0.71593404,JERKING,ac760cfc1489
1775670832699,1703327546686,-1.5921441,-13.204022,2.0685902,-0.24923302,0.8002335,1.0274754,JERKING,ac760cfc1489
1775670832704,1703347596735,-1.5442601,-12.476185,1.9608512,0.07819075,0.66950834,1.3390167,JERKING,ac760cfc1489
1775670832706,1703367616266,-1.6017209,-12.172121,1.6927006,0.2406809,0.5888741,1.613906,JERKING,ac760cfc1489
1775670832755,1703387635797,-1.6328455,-11.556811,1.9153614,0.19181168,0.45448375,1.817935,JERKING,ac760cfc1489
1775670832775,1703407555328,-1.6591818,-11.33894,1.769315,0.30543262,0.30543262,2.0280726,JERKING,ac760cfc1489
1775670832778,1703427574860,-1.7764976,-10.658986,1.7046716,0.5363397,0.22724187,2.1746802,JERKING,ac760cfc1489
1775670832791,1703447594391,-1.910573,-9.749189,1.7836803,0.83077675,0.18692477,2.2858577,JERKING,ac760cfc1489
1775670832792,1703467613922,-1.9800048,-9.437943,2.2002714,0.9272934,0.111177474,2.3371704,JERKING,ac760cfc1489
1775670832838,1703487633453,-1.8291701,-8.784326,2.3391352,1.0519099,-0.0012217305,2.3090706,JERKING,ac760cfc1489
1775670832840,1703507652985,-1.7645266,-7.9870567,2.3319526,1.2791518,-0.012217305,2.26631,JERKING,ac760cfc1489
1775670832846,1703527672516,-1.7956513,-7.6949644,2.5306711,1.2327261,0.061086524,2.1636846,JERKING,ac760cfc1489
1775670832867,1703547692047,-1.9776106,-7.326257,2.7246015,1.1044444,0.06719518,2.0830505,JERKING,ac760cfc1489
1775670832900,1703567711578,-2.231396,-6.8929067,2.621651,0.95172805,0.087964594,1.9401081,JERKING,ac760cfc1489
1775670832998,1703587731110,-2.6671407,-6.7133417,2.6551697,0.766025,0.17592919,1.8411479,JERKING,ac760cfc1489
1775670833000,1703607750641,-3.2034419,-6.6103907,2.9017725,0.5412266,0.24190263,1.6762142,JERKING,ac760cfc1489
1775670833004,1703627770172,-3.8019924,-6.4308257,3.1723173,0.27977628,0.2773328,1.4391985,JERKING,ac760cfc1489
1775670833006,1703647789703,-4.175488,-5.590461,3.1411927,0.25167647,0.28344148,1.3561208,JERKING,ac760cfc1489
1775670833012,1703667870270,-4.795586,-4.9775453,2.707842,0.24678956,0.35796702,1.2461652,JERKING,ac760cfc1489
1775670833014,1703687920319,-5.707777,-4.4125137,2.5187001,0.10140363,0.40317106,0.98349303,JERKING,ac760cfc1489
1775670833028,1703707970367,-5.9807158,-4.0701427,2.6671407,0.07574729,0.3005457,0.6951646,JERKING,ac760cfc1489
1775670833052,1703727989899,-6.090849,-4.0174704,2.801216,0.13561209,0.1685988,0.4361578,JERKING,ac760cfc1489
1775670833066,1703748039947,-6.129156,-3.7660792,2.3870192,0.11362094,0.062308256,0.16493362,JERKING,ac760cfc1489
1775670833086,1703768089996,-6.3206925,-3.1747115,2.0757728,0.15882497,0.015882496,-0.06352998,JERKING,ac760cfc1489
1775670833106,1703788140045,-6.4020953,-3.4380736,2.2481554,0.19303341,-0.096516706,-0.23090707,JERKING,ac760cfc1489
1775670833127,1703808190094,-6.1770406,-3.5913026,2.1787236,0.032986723,-0.312763,-0.46914452,JERKING,ac760cfc1489
1775670833147,1703828240143,-5.710171,-4.4580035,2.4947581,-0.13683382,-0.4605924,-0.6731735,JERKING,ac760cfc1489
1775670833168,1703848259674,-5.5042696,-4.8937483,2.8874073,-0.27000242,-0.5729916,-0.8686504,JERKING,ac760cfc1489
1775670833192,1703868309723,-5.2385135,-5.4563856,3.3159695,-0.1966986,-0.6536258,-1.0030408,JERKING,ac760cfc1489
1775670833214,1703888359772,-4.831499,-5.3701944,3.1675289,-0.052534413,-0.7098254,-1.142318,JERKING,ac760cfc1489
1775670833235,1703908409821,-4.6232033,-5.911284,3.359065,0.062308256,-0.68294734,-1.2583824,JERKING,ac760cfc1489
1775670833255,1703928490387,-4.1539397,-5.758055,3.1627405,-0.16126843,-0.75747293,-1.4123205,JERKING,ac760cfc1489
1775670833281,1703948540436,-3.6703112,-5.925649,3.1148565,-0.23090707,-0.7501425,-1.5589281,JERKING,ac760cfc1489
1775670833287,1703968559967,-3.4117374,-6.6103907,3.394978,-0.36041048,-0.74281216,-1.5833627,JERKING,ac760cfc1489
1775670833314,1703988579498,-2.8993783,-7.067683,3.2561142,-0.56199604,-0.79534656,-1.7837266,JERKING,ac760cfc1489
1775670833328,1704008568512,-2.3918076,-7.410054,3.2345665,-0.50701815,-0.7122689,-1.8020525,JERKING,ac760cfc1489
1775670833348,1704028618561,-2.2649148,-7.9032598,3.5122938,-0.5546656,-0.59742624,-1.8643607,JERKING,ac760cfc1489
1775670833380,1704048607574,-2.0159178,-8.379706,3.2034419,-0.73914695,-0.52412236,-1.91323,JERKING,ac760cfc1489
1775670833386,1704068657623,-1.5394717,-10.184934,3.7565024,-0.8943067,-0.52412236,-1.9205604,JERKING,ac760cfc1489
1775670833415,1704088677154,-1.0749966,-11.176133,4.1611223,-0.6243043,-0.59620446,-1.9511036,JERKING,ac760cfc1489
1775670833426,1704108696686,-0.9696517,-11.061212,3.4500446,0.06352998,-0.36651915,-1.6811012,JERKING,ac760cfc1489
1775670833447,1704128746735,-1.6998832,-9.531317,3.1842883,0.25411993,-0.0842994,-1.5564847,JERKING,ac760cfc1489
1775670833469,1704148766266,-2.0135236,-9.437943,3.1483753,-0.3359759,-0.15027285,-1.5332718,JERKING,ac760cfc1489
1775670833492,1704168785797,-1.3335704,-11.317391,3.9743748,-0.83077675,-0.35308012,-1.5222762,JERKING,ac760cfc1489
1775670833511,1704188835846,-0.46686932,-12.976573,4.2185836,-0.45814893,-0.45814893,-1.3658947,JERKING,ac760cfc1489
1775670833539,1704208855377,-0.16519992,-12.864046,3.9839516,-0.04520403,-0.3921755,-1.1154399,JERKING,ac760cfc1489
1775670833553,1704228874908,-0.94570965,-12.334928,4.3023806,0.103847094,-0.12950343,-0.7892379,JERKING,ac760cfc1489
1775670833571,1704248894440,-1.4508862,-12.488156,4.232949,0.15149458,-0.05009095,-0.5717699,JERKING,ac760cfc1489
1775670833610,1704268913971,-1.283292,-12.679692,4.307169,0.0061086523,-0.15393804,-0.31520647,JERKING,ac760cfc1489
1775670833614,1704288902985,-1.0510546,-13.13459,4.5561657,-0.16249016,-0.12217305,-0.034208454,JERKING,ac760cfc1489
1775670833628,1704308922516,-0.8571242,-13.496115,4.620809,-0.062308256,-0.021991149,0.2932153,JERKING,ac760cfc1489
1775670833650,1704328972565,-0.94331545,-12.72997,4.3287168,0.12339478,0.07819075,0.6267477,JERKING,ac760cfc1489
1775670833669,1704349022613,-1.2569559,-11.824963,4.235343,0.18448131,0.23579398,0.9236283,JERKING,ac760cfc1489
1775670833690,1704369011627,-1.4030021,-11.386824,4.220978,0.13683382,0.27855456,1.1178834,JERKING,ac760cfc1489
1775670833717,1704389061676,-1.1013328,-10.979809,4.0318356,0.14905111,0.24923302,1.2742649,JERKING,ac760cfc1489
1775670833733,1704409081207,-1.0893618,-10.635044,3.787627,0.29932398,0.28588495,1.4086553,JERKING,ac760cfc1489
1775670833777,1704429070221,-1.2425907,-9.921572,3.691859,0.42638394,0.33841935,1.5039502,JERKING,ac760cfc1489
1775670833779,1704449120270,-1.5107412,-9.198523,3.5051112,0.2932153,0.3848451,1.5735888,JERKING,ac760cfc1489
1775670833792,1704469139801,-1.8531121,-9.224859,3.787627,0.1160644,0.38973203,1.6212363,JERKING,ac760cfc1489
1775670833814,1704489159332,-1.9009962,-9.82341,3.6535518,0.09285152,0.32620203,1.7067575,JERKING,ac760cfc1489
1775670833828,1704509178863,-1.9776106,-9.524135,3.6655228,0.3359759,0.30665436,1.7666223,JERKING,ac760cfc1489
1775670833849,1704529167877,-2.3319526,-8.781932,3.620033,0.62796944,0.42638394,1.8106046,JERKING,ac760cfc1489
1775670833868,1704549248444,-2.8203697,-7.8146744,3.5913026,0.73426,0.535118,1.772731,JERKING,ac760cfc1489
1775670833898,1704569267975,-3.13401,-6.943185,3.632004,0.6731735,0.5338962,1.7006488,JERKING,ac760cfc1489
1775670833906,1704589287506,-3.466804,-6.622362,3.739743,0.41050145,0.5571091,1.6468927,JERKING,ac760cfc1489
1775670833928,1704609307037,-3.7588966,-6.619968,3.4261026,0.14049901,0.5742133,1.5723672,JERKING,ac760cfc1489
1775670833952,1704629296051,-4.048595,-6.9120603,3.4404678,0.004886922,0.58276546,1.5112807,JERKING,ac760cfc1489
1775670833973,1704649376617,-4.2401314,-6.8761473,3.7205894,0.032986723,0.51923543,1.4086553,JERKING,ac760cfc1489
1775670833992,1704669396149,-4.4675803,-6.325481,3.5482068,0.204029,0.4801401,1.3365731,JERKING,ac760cfc1489
1775670834011,1704689415680,-4.867412,-5.645528,3.4213142,0.32375857,0.51068336,1.2461652,JERKING,ac760cfc1489
1775670834036,1704709435211,-5.267244,-6.009446,3.4165258,0.2687807,0.48502702,1.1704178,JERKING,ac760cfc1489
1775670834052,1704729454742,-5.2887917,-6.5936313,3.6248214,0.073303826,0.33841935,1.0690142,JERKING,ac760cfc1489
1775670834073,1704749474274,-5.279215,-6.5816603,3.6128504,0.10629055,0.29932398,1.0262536,JERKING,ac760cfc1489
1775670834107,1704769493805,-5.583278,-5.9400144,3.265691,0.12950343,0.40317106,1.0042624,JERKING,ac760cfc1489
1775670834111,1704789513336,-6.3326635,-5.497087,2.9999347,-0.034208454,0.49968776,0.9236283,JERKING,ac760cfc1489
1775670834128,1704809532867,-6.588843,-5.542577,3.028665,-0.2284636,0.44104472,0.8222246,JERKING,ac760cfc1489
1775670834150,1704829552399,-6.459556,-5.3438582,3.1411927,-0.07941248,0.312763,0.73426,JERKING,ac760cfc1489
1775670834168,1704849571930,-6.4380083,-4.9176903,2.9352913,0.2773328,0.28221974,0.6780604,JERKING,ac760cfc1489
1775670834192,1704869591461,-6.658275,-4.3885717,2.6120741,0.4654793,0.2846632,0.5522222,JERKING,ac760cfc1489
1775670834213,1704889610992,-6.88333,-4.486734,2.7461493,0.37751472,0.2284636,0.41050145,JERKING,ac760cfc1489
1775670834229,1704909630524,-6.9288197,-4.4101195,2.6647465,0.15271631,0.14172074,0.28955013,JERKING,ac760cfc1489
1775670834250,1704929619537,-6.9838862,-4.367024,2.5594015,-0.16982053,0.08674286,0.19303341,JERKING,ac760cfc1489
1775670834268,1704949669586,-7.1059904,-5.1379566,2.7724855,-0.38240165,0.056199603,0.12095132,JERKING,ac760cfc1489
1775670834294,1704969750153,-6.9503675,-5.159505,2.7605145,-0.13439035,-0.010995574,0.04520403,JERKING,ac760cfc1489
1775670834311,1704989800201,-6.9120603,-4.5633483,2.813187,0.43982297,-0.002443461,0.02321288,JERKING,ac760cfc1489
1775670834343,1705009819733,-6.895301,-3.5242648,2.5330653,0.67073005,0.004886922,-0.07941248,JERKING,ac760cfc1489
1775670834356,1705029839264,-6.95755,-2.9640217,2.4253263,0.37140608,-0.010995574,-0.25778514,JERKING,ac760cfc1489
1775670835021,1705049919830,-6.8091097,-3.655946,2.669535,-0.07086037,-0.1001819,-0.5131268,JERKING,ac760cfc1489
1775670835027,1705069939362,-6.2249246,-4.232949,2.7820623,-0.19303341,-0.22724187,-0.7367035,JERKING,ac760cfc1489
1775670835034,1705090019928,-5.973533,-4.5441947,2.7365725,-0.16126843,-0.29077184,-0.8918633,JERKING,ac760cfc1489
1775670835041,1705753924664,-1.0247183,-11.190498,3.9671922,0.2565634,0.2724459,1.0103711,JERKING,ac760cfc1489
1775670835043,1705773313678,-1.0486604,-11.051635,4.1036615,0.14049901,0.33108896,1.1838568,JERKING,ac760cfc1489
1775670835049,1705792763727,-1.3335704,-10.666168,3.7373488,0.13561209,0.3933972,1.328021,JERKING,ac760cfc1489
1775670835076,1705812152740,-1.6184803,-10.398018,3.7565024,0.089186326,0.4605924,1.4660766,JERKING,ac760cfc1489
1775670835090,1705831602789,-1.8674773,-10.230424,3.572149,0.015882496,0.47158796,1.5748106,JERKING,ac760cfc1489
1775670835109,1705851022321,-1.9536686,-10.06283,3.58412,-0.06352998,0.45814893,1.6945401,JERKING,ac760cfc1489
1775670835131,1705870441852,-2.0398598,-9.306262,3.2800562,-0.0036651916,0.48380527,1.8081611,JERKING,ac760cfc1489
1775670836030,1705889861383,-2.4061728,-8.432379,2.906561,0.008552114,0.54000485,1.91323,JERKING,ac760cfc1489
1775670836032,1705909280914,-3.016694,-7.704541,3.0334535,-0.13927728,0.5448918,1.9046779,JERKING,ac760cfc1489
1775670836035,1705928700446,-3.5003228,-7.2328835,2.7222073,-0.23335053,0.4642576,1.8423696,JERKING,ac760cfc1489
1775670836039,1706958515778,-1.1204864,-10.54167,2.566584,0.15271631,0.10873401,0.9944886,JERKING,ac760cfc1489
1775670836041,1706977935309,-1.1061212,-10.34774,2.5498247,0.112399206,0.11484267,1.0751228,JERKING,ac760cfc1489
1775670836047,1706997354840,-1.1923125,-10.328587,2.360683,0.064751714,0.14660765,1.1533136,JERKING,ac760cfc1489
1775670836076,1707016743854,-1.3623008,-9.962274,2.6791117,0.02076942,0.16371189,1.210735,JERKING,ac760cfc1489
1775670836089,1707036193903,-1.6639702,-9.844957,2.633622,0.13316862,0.21502456,1.2669345,JERKING,ac760cfc1489
1775670836104,1707055643951,-1.8986019,-9.0716305,2.693477,0.32986724,0.25411993,1.2864822,JERKING,ac760cfc1489
1775670837016,1707075063483,-2.1140802,-8.42759,2.4013844,0.41905355,0.28344148,1.2632693,JERKING,ac760cfc1489
1775670837025,1707094483014,-2.327164,-8.590396,2.7030537,0.42149702,0.33108896,1.2070698,JERKING,ac760cfc1489
1775670837028,1707113902545,-2.420538,-8.528147,2.6647465,0.3640757,0.32498032,1.1569787,JERKING,ac760cfc1489
1775670837030,1707133383112,-2.5953147,-8.511387,2.980781,0.12339478,0.37507126,1.1349876,JERKING,ac760cfc1489
1775670837035,1708163259479,-1.721431,-11.051635,2.741361,0.6010914,0.2687807,1.1496484,JERKING,ac760cfc1489
1775670837037,1708182679010,-1.99437,-10.709264,2.9520507,0.52534413,0.32498032,1.2669345,JERKING,ac760cfc1489
1775670837043,1708202098541,-1.8746599,-10.295067,2.873042,0.37873647,0.28344148,1.3732251,JERKING,ac760cfc1489
1775670837063,1708221518072,-2.078167,-9.303867,2.870648,0.344528,0.3494149,1.4807373,JERKING,ac760cfc1489
1775670837087,1708240937604,-2.7030537,-8.724471,2.7389667,0.32620203,0.46914452,1.5601498,JERKING,ac760cfc1489
1775670837106,1708260357135,-3.0334535,-8.082825,2.9975405,0.3921755,0.45814893,1.5259414,JERKING,ac760cfc1489
1775670837143,1708279776666,-3.1004913,-7.632715,2.504335,0.47158796,0.41050145,1.5063937,JERKING,ac760cfc1489
1775670837145,1708299196197,-3.2704794,-7.1945763,2.7844565,0.45081854,0.4129449,1.4257594,JERKING,ac760cfc1489
1775670837249,1708318615729,-3.5984852,-7.062895,2.4971523,0.36285394,0.44348818,1.3695599,JERKING,ac760cfc1489
1775670837251,1708338065778,-3.8019924,-7.0844426,2.7868507,0.10873401,0.36774087,1.251052,JERKING,ac760cfc1489
1775670837254,1708357485309,-3.9815574,-7.180211,2.6647465,0.057421334,0.3286455,1.1508701,JERKING,ac760cfc1489
1775670837255,1707172613727,-3.0597897,-8.549694,2.7485435,0.21502456,0.5009095,1.0665708,JERKING,ac760cfc1489
1775670837257,1708376904840,-4.4220905,-6.8689647,2.5474305,0.19058995,0.34330627,1.0910053,JERKING,ac760cfc1489
1775670837259,1708396354889,-4.6279917,-7.103596,2.6719291,0.14538592,0.312763,0.9969321,JERKING,ac760cfc1489
1775670837263,1708415774420,-4.6830587,-7.48188,2.8083985,0.057421334,0.22235495,0.9016371,JERKING,ac760cfc1489
1775670837295,1708435193951,-4.72376,-7.410054,2.7365725,0.087964594,0.21135938,0.89552844,JERKING,ac760cfc1489
1775670837303,1708454644000,-5.1235914,-7.192182,2.597709,0.18936823,0.2602286,0.89919364,JERKING,ac760cfc1489
1775670837323,1708474033014,-5.473145,-7.1347213,2.8299465,0.118507855,0.27366763,0.8381071,JERKING,ac760cfc1489
1775670837345,1708493483063,-5.530606,-7.302315,2.8658595,-0.034208454,0.15515977,0.7635816,JERKING,ac760cfc1489
1775670837366,1708512902594,-5.6670756,-7.33344,2.846706,-0.042760566,0.15393804,0.7831292,JERKING,ac760cfc1489
1775670837389,1708532322125,-5.884948,-7.062895,2.717419,0.040317107,0.18203785,0.8026769,JERKING,ac760cfc1489
1775670837409,1708551741656,-6.1219735,-6.9958572,2.896984,0.05375614,0.18570304,0.8222246,JERKING,ac760cfc1489
1775670837429,1708571161188,-6.205771,-6.4308257,2.528277,0.15027285,0.18448131,0.81245077,JERKING,ac760cfc1489
1775670837448,1708590580719,-6.3350577,-5.518635,2.5354595,0.2321288,0.21013765,0.77213365,JERKING,ac760cfc1489
1775670839017,1708610000250,-6.4547677,-4.879383,2.4708161,0.24190263,0.18936823,0.64996064,JERKING,ac760cfc1489
1775670839029,1708629450299,-6.4787097,-4.7405195,2.3247697,0.2003638,0.119729586,0.54367006,JERKING,ac760cfc1489
1775670839034,1708648869830,-6.4020953,-4.63278,2.4851813,0.22235495,0.05497787,0.38362336,JERKING,ac760cfc1489
1775670839040,1708668258844,-6.4499793,-4.259285,2.621651,0.23701571,0.047647487,0.22602014,JERKING,ac760cfc1489
1775670839042,1707945520660,-2.1883004,-10.498574,2.813187,-0.95905846,-0.34208453,-0.93828905,JERKING,ac760cfc1489
1775670839044,1709361255231,-1.0869676,-12.047623,2.9161377,-0.080634214,0.17348573,0.9370673,JERKING,ac760cfc1489
1775670839047,1709380674762,-1.13964,-12.263102,2.7485435,-0.04520403,0.21991149,1.1594223,JERKING,ac760cfc1489
1775670839063,1709400694293,-1.316811,-11.499351,2.5953147,0.05497787,0.3115413,1.3573426,JERKING,ac760cfc1489
1775670839066,1709420744342,-1.721431,-10.864887,2.731784,0.11728613,0.344528,1.5259414,JERKING,ac760cfc1489
1775670839078,1709440733356,-1.970428,-10.6398325,2.4971523,0.112399206,0.3481932,1.6639969,JERKING,ac760cfc1489
1775670839101,1709460752887,-2.1284454,-9.950302,2.4851813,0.2003638,0.28221974,1.7434094,JERKING,ac760cfc1489
1775670839119,1709480741901,-2.2840683,-9.19134,2.4229321,0.2932153,0.27000242,1.7971655,JERKING,ac760cfc1489
1775670839138,1709500791949,-2.5929205,-9.088389,2.5689783,0.2321288,0.29565877,1.8423696,JERKING,ac760cfc1489
1775670840034,1709520811481,-2.954445,-8.537724,2.5809495,0.3811799,0.2932153,1.7959439,JERKING,ac760cfc1489
1775670840052,1709540800494,-3.3303347,-7.5345526,2.2720973,0.63041294,0.344528,1.8069394,JERKING,ac760cfc1489
1775670840064,1709560850543,-3.6966474,-6.7971387,2.123657,0.5546656,0.3555236,1.6872098,JERKING,ac760cfc1489
1775670840068,1710586546344,-0.6679823,-12.988544,3.5338416,-0.21624629,0.11728613,0.28344148,JERKING,ac760cfc1489
1775670840069,1710605965875,-0.59376204,-12.8927765,3.4955344,-0.16249016,0.10995574,0.56199604,JERKING,ac760cfc1489
1775670840071,1710625685406,-0.7685388,-11.9614315,3.1675289,0.081855945,0.21013765,0.81489426,JERKING,ac760cfc1489
1775670840073,1710645674420,-0.9744401,-11.420342,3.107674,0.059864793,0.30176744,1.0140363,JERKING,ac760cfc1489
1775670840075,1710665724469,-1.2234371,-11.109096,2.834735,-0.021991149,0.3286455,1.1691961,JERKING,ac760cfc1489
1775670840098,1710685744000,-1.4748282,-10.522516,2.767697,-0.10995574,0.36285394,1.3035865,JERKING,ac760cfc1489
1775670840115,1710705763531,-1.7238252,-10.065224,2.3463178,-0.15393804,0.37873647,1.4001031,JERKING,ac760cfc1489
1775670840138,1710725783063,-1.8602947,-9.91439,2.2744915,-0.10995574,0.36041048,1.4636332,JERKING,ac760cfc1489
1775670841025,1710745833112,-1.8555063,-9.634268,2.3104045,0.0061086523,0.30298916,1.505172,JERKING,ac760cfc1489
1775670841029,1710765852643,-1.9752164,-9.165004,1.9608512,0.21380283,0.2883284,1.5161675,JERKING,ac760cfc1489
1775670841032,1710785811139,-2.195483,-8.717288,1.8171991,0.24923302,0.31642818,1.518611,JERKING,ac760cfc1489
1775670841037,1711812239362,0.1340753,-12.540829,3.1747115,0.35918877,0.118507855,0.56077427,JERKING,ac760cfc1489
1775670841039,1711831658893,-0.260968,-12.014104,3.064578,0.49113566,0.21868975,0.784351,JERKING,ac760cfc1489
1775670841040,1711851108942,-0.24181437,-11.678916,3.083732,0.3567453,0.1881465,1.0005972,JERKING,ac760cfc1489
1775670841055,1711870528473,-0.35434186,-11.0061455,3.0550013,0.16249016,0.21991149,1.1826351,JERKING,ac760cfc1489
1775670841073,1711889978522,-0.80924016,-10.905589,2.9520507,-0.052534413,0.33964106,1.3329079,JERKING,ac760cfc1489
1775670841093,1711909428571,-1.043872,-10.97502,3.1890767,0.02687807,0.35796702,1.4489723,JERKING,ac760cfc1489
1775670841115,1711928848102,-1.1468226,-10.364499,2.8107927,0.4251622,0.3481932,1.5540411,JERKING,ac760cfc1489
1775670841250,1711948267633,-1.1683705,-9.742006,2.5737667,0.6218608,0.37507126,1.6334536,JERKING,ac760cfc1489
1775670841252,1711967687164,-1.3383588,-9.038112,2.4971523,0.4007276,0.3921755,1.6811012,JERKING,ac760cfc1489
1775670841254,1711987106696,-1.8459295,-9.097966,2.554613,0.036651913,0.45814893,1.7434094,JERKING,ac760cfc1489
1775670841256,1712006526227,-2.2266076,-9.018958,2.2026656,-0.062308256,0.43860126,1.6933185,JERKING,ac760cfc1489
1775670841258,1710805861188,-2.4995465,-8.544906,1.7597382,0.010995574,0.26633725,1.4636332,JERKING,ac760cfc1489
1775670841260,1712035955524,-2.4181437,-8.508993,2.5187001,0.13194689,0.32253686,1.6701056,JERKING,ac760cfc1489
1775670841262,1712055375055,-2.7246015,-8.305486,2.4157495,0.3115413,0.28344148,1.609019,JERKING,ac760cfc1489
1775670841264,1712074794586,-2.9903579,-7.989451,2.492364,0.47891834,0.28344148,1.5625933,JERKING,ac760cfc1489
1775670841282,1712094183600,-3.2441432,-7.177817,2.3223755,0.50823987,0.2846632,1.4782939,JERKING,ac760cfc1489
1775670841304,1712113633649,-3.6176388,-6.6870055,2.3798366,0.32253686,0.29932398,1.4110987,JERKING,ac760cfc1489
1775670841323,1712133053180,-4.084508,-6.9120603,2.6886885,0.030543262,0.2846632,1.314582,JERKING,ac760cfc1489
1775670841349,1712152472711,-4.2904096,-7.1490865,2.695871,0.0061086523,0.18936823,1.205848,JERKING,ac760cfc1489
1775670841365,1712171892242,-4.297592,-7.6375036,2.6503813,0.28221974,0.11362094,1.1264355,JERKING,ac760cfc1489
1775670841382,1712191342291,-4.4101195,-7.120356,2.6001031,0.5216789,0.15149458,0.9981538,JERKING,ac760cfc1489
1775670841405,1712210761822,-4.783615,-6.591237,2.791639,0.535118,0.25167647,0.9126327,JERKING,ac760cfc1489
1775670841429,1712230181354,-5.2600613,-6.5601125,2.705448,0.172264,0.29443705,0.8735373,JERKING,ac760cfc1489
1775670841450,1712249600885,-5.4563856,-6.8330517,2.8203697,-0.20647246,0.20525073,0.8014552,JERKING,ac760cfc1489
1775670842028,1712269020416,-5.566519,-6.861782,2.6551697,-0.22357668,0.118507855,0.7244862,JERKING,ac760cfc1489
1775670842030,1712288500983,-5.616797,-6.576872,2.657564,0.06719518,0.14538592,0.63285637,JERKING,ac760cfc1489
1775670842032,1712307920514,-5.7843914,-6.0980315,2.7724855,0.31642818,0.19058995,0.54733527,JERKING,ac760cfc1489
1775670842034,1711590376569,-0.7374141,-11.003751,3.2369606,-1.0922271,-0.40561453,-1.2608259,JERKING,ac760cfc1489
1775670842037,1713020666949,0.78529817,-14.633361,3.5913026,-0.6560693,-0.21502456,-0.07452556,JERKING,ac760cfc1489
1775670842038,1713040086481,0.7158663,-14.535198,3.2609026,-0.2003638,-0.059864793,0.2883284,JERKING,ac760cfc1489
1775670842040,1713059536529,0.088585466,-12.887988,3.2632968,0.27488935,0.1966986,0.54367006,JERKING,ac760cfc1489
1775670842060,1713078986578,-0.59615624,-11.676521,3.4404678,0.20280726,0.37995818,0.78801614,JERKING,ac760cfc1489
1775670842079,1713098406110,-0.92176765,-11.113884,3.4213142,-0.032986723,0.36163223,0.97494096,JERKING,ac760cfc1489
1775670842107,1713117825641,-0.92176765,-10.805033,3.502717,-0.042760566,0.36774087,1.1447614,JERKING,ac760cfc1489
1775670842118,1713137245172,-1.0271125,-9.938332,3.2632968,0.17837265,0.42149702,1.2046263,JERKING,ac760cfc1489
1775670842139,1713156695221,-1.283292,-9.3182335,2.9951463,0.33108896,0.52290064,1.269378,JERKING,ac760cfc1489
1775670842234,1713176145270,-1.4891934,-9.423578,2.956839,0.26633725,0.535118,1.2669345,JERKING,ac760cfc1489
1775670842252,1713195564801,-1.4676456,-9.32781,2.8107927,0.18203785,0.44226643,1.2950343,JERKING,ac760cfc1489
1775670842254,1713214984332,-1.70946,-9.078813,2.4827871,0.034208454,0.44348818,1.319469,JERKING,ac760cfc1489
1775670842257,1712249600885,-5.4563856,-6.8330517,2.8203697,-0.20647246,0.20525073,0.8014552,JERKING,ac760cfc1489
1775670842265,1713244413629,-2.1452048,-9.782708,2.9616275,-0.2443461,0.39828414,1.3988814,JERKING,ac760cfc1489
1775670842279,1713263833160,-2.2744915,-10.120291,2.779668,-0.14172074,0.27366763,1.4514158,JERKING,ac760cfc1489
1775670842283,1713283313727,-2.384625,-9.677363,2.8538885,0.22724187,0.267559,1.5283848,JERKING,ac760cfc1489
1775670842290,1713302733258,-2.7844565,-8.932767,2.6767175,0.45448375,0.34697145,1.568702,JERKING,ac760cfc1489
1775670842315,1713322183307,-3.241749,-8.157045,2.60968,0.5363397,0.408058,1.536937,JERKING,ac760cfc1489
1775670842331,1713341663873,-3.4380736,-7.699753,2.7389667,0.44104472,0.39950588,1.5112807,JERKING,ac760cfc1489
1775670842353,1713361113922,-3.6176388,-7.4986396,2.5761611,0.21502456,0.3555236,1.4782939,JERKING,ac760cfc1489
1775670842374,1713380594488,-3.6774938,-8.090008,2.5306711,0.056199603,0.34574974,1.473407,JERKING,ac760cfc1489
1775670842394,1713400014020,-3.6511576,-7.9008656,2.4492683,0.09773844,0.31520647,1.409877,JERKING,ac760cfc1489
1775670842417,1713419494586,-4.060566,-7.0341644,2.078167,0.30787608,0.42271876,1.391551,JERKING,ac760cfc1489
1775670842443,1713438975153,-4.8099513,-5.865794,1.8602947,0.48747048,0.5729916,1.282817,JERKING,ac760cfc1489
1775670842453,1713458394684,-5.5042696,-5.3438582,2.0135236,0.47769663,0.5839872,1.1691961,JERKING,ac760cfc1489
1775670844017,1713477844733,-5.6670756,-5.3438582,2.2984335,0.20891592,0.36651915,1.0005972,JERKING,ac760cfc1489
1775670844035,1713497355817,-5.427655,-5.4204726,2.3343468,-0.014660766,0.14538592,0.84299403,JERKING,ac760cfc1489
1775670844038,1713516805865,-5.3486466,-5.233725,2.360683,-0.04642576,0.12095132,0.6780604,JERKING,ac760cfc1489
1775670844045,1711590376569,-0.7374141,-11.003751,3.2369606,-1.0922271,-0.40561453,-1.2608259,JERKING,ac760cfc1489
1775670844058,1714229552301,-0.60573304,-12.739547,2.932897,-0.015882496,0.036651913,-0.27000242,JERKING,ac760cfc1489
1775670844062,1714248971832,0.5267244,-13.522451,2.6360161,-0.2003638,-0.24190263,-0.0036651916,JERKING,ac760cfc1489
1775670844064,1714268991363,0.8523358,-14.178462,2.4995465,-0.29932398,-0.096516706,0.3494149,JERKING,ac760cfc1489
1775670844065,1714289010895,0.4141969,-14.1664915,2.6001031,-0.04642576,0.1685988,0.6462954,JERKING,ac760cfc1489
1775670844082,1714309060944,-0.095768064,-12.966996,2.2984335,0.25900686,0.28099802,0.93218035,JERKING,ac760cfc1489
1775670844105,1714329080475,-0.36391866,-11.822568,2.384625,0.32498032,0.3286455,1.1704178,JERKING,ac760cfc1489
1775670844123,1714349130524,-0.78050977,-11.573571,2.2122424,0.25534168,0.38606682,1.3475688,JERKING,ac760cfc1489
1775670844271,1714369180572,-0.79726917,-11.422736,2.1763294,0.17104226,0.36774087,1.5198327,JERKING,ac760cfc1489
1775670844273,1714389169586,-0.80684596,-11.015722,2.231396,0.17592919,0.35185838,1.6676621,JERKING,ac760cfc1489
1775670844275,1714409189117,-1.2761095,-10.304645,2.3127987,0.27366763,0.41905355,1.7763962,JERKING,ac760cfc1489
1775670844277,1714130649469,-1.1228806,-10.158598,1.9632454,-0.3640757,-0.27000242,-1.2095132,JERKING,ac760cfc1489
1775670844279,1715132766022,-3.3159695,-8.578424,2.7629087,-0.18448131,-0.10629055,-1.1667526,JERKING,ac760cfc1489
1775670844281,1715152185553,-3.2513258,-8.8777,2.9712043,-0.2321288,-0.16371189,-1.1276573,JERKING,ac760cfc1489
1775670844283,1715171574566,-2.8682537,-8.525752,2.822764,-0.0720821,-0.25534168,-1.1594223,JERKING,ac760cfc1489
1775670844284,1715191024615,-2.6288335,-9.179369,2.954445,0.10751228,-0.23945917,-1.1178834,JERKING,ac760cfc1489
1775670844303,1715210444147,-2.3127987,-9.23683,2.7365725,0.14049901,-0.25289822,-1.1887437,JERKING,ac760cfc1489
1775670844332,1715229863678,-2.0231004,-9.478644,2.7150247,-0.012217305,-0.28588495,-1.1203269,JERKING,ac760cfc1489
1775670844339,1715249283209,-1.7788919,-9.196129,2.8874073,-0.18936823,-0.29443705,-1.1142182,JERKING,ac760cfc1489
1775670844363,1715268672223,-1.769315,-9.380483,2.7461493,-0.28955013,-0.20769419,-1.0445796,JERKING,ac760cfc1489
1775670845017,1715288122272,-1.8555063,-9.44752,2.908955,-0.08552113,-0.18570304,-1.0885619,JERKING,ac760cfc1489
1775670845022,1715307602838,-1.7262194,-8.585608,2.566584,0.30909783,-0.21624629,-1.1068878,JERKING,ac760cfc1489
1775670845025,1715326991852,-1.3790601,-9.102755,2.633622,0.29810223,-0.26267207,-1.1093313,JERKING,ac760cfc1489
1775670845027,1714549875153,-3.8714242,-7.4004774,2.2218192,0.065973446,0.37995818,1.5198327,JERKING,ac760cfc1489
1775670845029,1715445253180,-0.18435353,-10.371682,3.0358477,0.029321533,-0.30543262,-0.7855727,JERKING,ac760cfc1489
1775670845031,1715464672711,0.10055647,-11.683704,3.751714,-0.43249258,-0.27122417,-0.6731735,JERKING,ac760cfc1489
1775670845042,1715484692242,0.29927522,-12.605472,3.6703112,-0.22113322,-0.1685988,-0.47891834,JERKING,ac760cfc1489
1775670845064,1715504711773,0.18195933,-11.640609,3.0621839,0.3286455,-0.02076942,-0.2968805,JERKING,ac760cfc1489
1775670845087,1715524700787,-0.28491,-10.951078,2.885013,0.37018433,0.1563815,-0.18570304,JERKING,ac760cfc1489
1775670845105,1715544750836,-0.076614454,-12.157756,3.4237084,-0.12217305,0.065973446,0.004886922,JERKING,ac760cfc1489
1775670845128,1715564739850,0.6823475,-13.046005,3.3446999,-0.27366763,-0.10873401,0.2602286,JERKING,ac760cfc1489
1775670846027,1715584789898,0.49799395,-13.132196,3.3135753,0.034208454,0.07086037,0.52412236,JERKING,ac760cfc1489
1775670846029,1715604839947,-0.009576807,-12.576741,3.1028855,0.34574974,0.24678956,0.7806858,JERKING,ac760cfc1489
1775670846031,1715624859479,-0.5386954,-11.530476,2.9616275,0.4202753,0.28710666,1.001819,JERKING,ac760cfc1489
1775670846036,1716670579986,-1.0390835,-10.06283,2.5689783,-0.16737708,-0.18325958,-0.9944886,JERKING,ac760cfc1489
1775670846038,1716690030035,-1.4796166,-8.75799,2.5378537,0.42271876,-0.032986723,-0.9944886,JERKING,ac760cfc1489
1775670846040,1716710019049,-1.3503298,-8.623915,2.4492683,0.41416663,-0.081855945,-1.0629056,JERKING,ac760cfc1489
1775670846075,1716730069098,-0.6512229,-9.138668,2.243367,-0.095294975,-0.33108896,-1.0910053,JERKING,ac760cfc1489
1775670846090,1716750058111,0.12689269,-10.390836,2.7724855,-0.6450737,-0.40683624,-1.0140363,JERKING,ac760cfc1489
1775670846111,1716770077643,0.21787235,-11.69807,3.2225955,-0.61453044,-0.27977628,-0.9456194,JERKING,ac760cfc1489
1775670846130,1716790066656,0.11252748,-11.417948,2.8921957,0.0061086523,-0.12583824,-0.83199847,JERKING,ac760cfc1489
1775670846141,1716810086188,-0.24899697,-10.376471,2.6024973,0.34574974,-0.004886922,-0.7672467,JERKING,ac760cfc1489
1775670846163,1716830136236,-0.093373865,-10.553641,2.6503813,-0.19058995,-0.07941248,-0.61575216,JERKING,ac760cfc1489
1775670847024,1716850125250,0.60573304,-13.125013,3.4093432,-0.906524,-0.26389378,-0.43860126,JERKING,ac760cfc1489
1775670847059,1716870175299,1.2904748,-14.709975,3.1124623,-0.7440339,-0.2406809,-0.17470746,JERKING,ac760cfc1489
1775670847061,1716890164313,1.0726024,-14.03481,2.695871,-0.0842994,-0.0036651916,0.20280726,JERKING,ac760cfc1489
1775670847065,1717895326959,-2.873042,-8.784326,2.4947581,-0.70005155,-0.36163223,-1.5467108,JERKING,ac760cfc1489
1775670847067,1717914746490,-2.3678656,-8.942344,2.597709,-0.5448918,-0.39950588,-1.6114625,JERKING,ac760cfc1489
1775670847069,1717934166022,-1.733402,-9.871294,2.8778305,-0.18570304,-0.43982297,-1.6261233,JERKING,ac760cfc1489
1775670847071,1717953555035,-1.1611878,-10.81461,2.5594015,0.16249016,-0.46670106,-1.5577064,JERKING,ac760cfc1489
1775670847077,1717972974566,-1.1204864,-10.168175,2.5019407,0.52778757,-0.344528,-1.4049901,JERKING,ac760cfc1489
1775670847098,1717992394098,-1.7357962,-8.611943,2.219425,0.2321288,-0.21868975,-1.3475688,JERKING,ac760cfc1489
1775670847124,1718011813629,-1.9081788,-8.578424,2.4372973,-0.5009095,-0.26145032,-1.3573426,JERKING,ac760cfc1489
1775670848029,1718031263678,-1.1923125,-10.560823,3.632004,-0.312763,-0.44715336,-1.4856243,JERKING,ac760cfc1489
1775670848031,1718050683209,0.20590134,-11.329363,3.1148565,0.7452556,-0.593761,-1.3646729,JERKING,ac760cfc1489
1775670848033,1718070102740,0.4309563,-10.053253,2.2744915,1.0152581,-0.47769663,-1.2302825,JERKING,ac760cfc1489
1775670848035,1717292294440,-4.086902,-7.503428,2.3080103,0.27977628,0.22479841,1.0225884,JERKING,ac760cfc1489
1775670848036,1718505585553,-2.054225,-8.616732,2.9640217,0.056199603,0.36896262,1.3267993,JERKING,ac760cfc1489
1775670848049,1718525005084,-2.2720973,-8.468291,2.8562827,0.07819075,0.37384954,1.3121386,JERKING,ac760cfc1489
1775670848051,1718545024615,-2.3223755,-8.248025,2.8658595,0.047647487,0.33353242,1.2522738,JERKING,ac760cfc1489
1775670848071,1718565044147,-2.5187001,-8.523358,3.1675289,-0.17715092,0.30909783,1.2229522,JERKING,ac760cfc1489
1775670848073,1718585063678,-2.6839,-8.623915,3.016694,-0.20769419,0.3005457,1.2070698,JERKING,ac760cfc1489
1775670848092,1718605083209,-3.0095115,-8.403648,2.8874073,-0.16371189,0.34208453,1.1716396,JERKING,ac760cfc1489
1775670848121,1718625102740,-3.4500446,-8.118738,2.96881,-0.09773844,0.36163223,1.1301007,JERKING,ac760cfc1489
1775670848133,1718645122272,-3.632004,-7.7069354,2.861071,-0.002443461,0.31520647,1.0543534,JERKING,ac760cfc1489
1775670848159,1718665141803,-3.8115692,-7.577648,2.9759927,0.012217305,0.29932398,0.97127575,JERKING,ac760cfc1489
1775670848172,1718685130816,-3.9193082,-7.728483,2.954445,-0.036651913,0.2443461,0.9334021,JERKING,ac760cfc1489
1775670848192,1718705150348,-4.1802764,-7.465121,2.621651,-0.040317107,0.22724187,0.89552844,JERKING,ac760cfc1489
1775670848294,1718725169879,-4.537012,-7.5944076,2.9400797,-0.09040806,0.2932153,0.86009824,JERKING,ac760cfc1489
1775670848298,1718745189410,-4.7046065,-7.429208,2.7246015,-0.14049901,0.24678956,0.81000733,JERKING,ac760cfc1489
1775670848303,1718765208941,-4.7261543,-7.2807674,2.6408045,-0.057421334,0.21013765,0.75991637,JERKING,ac760cfc1489
1775670848308,1718168797125,0.25617957,-10.477027,3.277662,0.83077675,-0.18081611,-0.7672467,JERKING,ac760cfc1489
1775670848310,1718795268756,-4.9823337,-6.8569937,2.6431987,0.02687807,0.2321288,0.6817256,JERKING,ac760cfc1489
1775670848312,1718815288287,-5.2145715,-6.706159,2.5258827,0.018325957,0.24801129,0.6084218,JERKING,ac760cfc1489
1775670848322,1718835338336,-5.3558292,-6.6175733,2.504335,0.02076942,0.22968534,0.5155703,JERKING,ac760cfc1489
1775670848349,1718855327350,-5.3007627,-6.339846,2.267309,0.12217305,0.18203785,0.408058,JERKING,ac760cfc1489
1775670848370,1718875346881,-5.33907,-5.9448028,2.4468741,0.2724459,0.17959438,0.28099802,JERKING,ac760cfc1489
1775670848381,1718895396930,-5.41329,-5.183447,2.1763294,0.24801129,0.18692477,0.14172074,JERKING,ac760cfc1489
1775670848402,1718915385943,-5.580884,-4.8578353,2.0350714,0.17470746,0.15149458,-0.058643065,JERKING,ac760cfc1489
1775670848426,1718935435992,-5.60722,-5.4300494,2.0350714,0.2883284,0.035430185,-0.24801129,JERKING,ac760cfc1489
1775670848441,1718955455523,-5.106832,-6.3326635,2.4756045,0.57543504,-0.1685988,-0.43493605,JERKING,ac760cfc1489
1775670848467,1718975475055,-4.6232033,-6.5026517,2.2505496,0.7367035,-0.28344148,-0.5729916,JERKING,ac760cfc1489
1775670848481,1718995464068,-4.673482,-5.9783216,2.1260512,0.46792278,-0.17348573,-0.6267477,JERKING,ac760cfc1489
1775670848511,1719015514117,-5.1235914,-5.6431336,2.2864625,-0.032986723,-0.11728613,-0.7367035,JERKING,ac760cfc1489
1775670848521,1719035533648,-5.0493712,-5.451597,2.5210943,-0.33353242,-0.23701571,-0.9285152,JERKING,ac760cfc1489
1775670848678,1719055583697,-4.4675803,-6.6103907,2.9592333,-0.32620203,-0.4202753,-1.1178834,JERKING,ac760cfc1489
1775670848681,1719075603229,-3.4237084,-8.439561,2.908955,-0.3213151,-0.6291912,-1.2498302,JERKING,ac760cfc1489
1775670848683,1719095622760,-2.8395233,-8.542512,2.6288335,-0.23945917,-0.5839872,-1.2363913,JERKING,ac760cfc1489
1775670848685,1719115611773,-3.4021606,-7.8170686,2.906561,-0.18448131,-0.28344148,-1.2315043,JERKING,ac760cfc1489
1775670848687,1718248041461,0.2825158,-12.306197,3.7110126,0.42638394,0.13072516,0.12705997,JERKING,ac760cfc1489
1775670848689,1719155681354,-3.58412,-7.33344,3.0550013,-0.30787608,-0.376293,-1.409877,JERKING,ac760cfc1489
1775670848691,1719175700885,-2.516306,-8.851364,3.3662477,-0.11362094,-0.58276546,-1.4721853,JERKING,ac760cfc1489
1775670848692,1719195720416,-1.5897499,-9.615114,3.1651347,-0.17348573,-0.58032197,-1.4526376,JERKING,ac760cfc1489
1775670848711,1719215770465,-1.7190368,-9.339781,2.930503,-0.5497787,-0.33353242,-1.3622295,JERKING,ac760cfc1489
1775670848722,1719235789996,-2.408567,-9.94312,3.1914709,-1.0677924,-0.08552113,-1.2767084,JERKING,ac760cfc1489
1775670848749,1719255809527,-2.3822308,-10.658986,3.394978,-0.784351,-0.16982053,-1.2669345,JERKING,ac760cfc1489
1775670848762,1719275829059,-1.7262194,-10.012551,2.9999347,0.21013765,-0.2883284,-1.2082914,JERKING,ac760cfc1489
1775670848782,1719295879107,-1.5155296,-9.059659,2.7748797,0.7855727,-0.17959438,-1.2144,JERKING,ac760cfc1489
1775670848813,1719315929156,-1.5634137,-8.590396,2.468422,0.15515977,-0.17837265,-1.1863003,JERKING,ac760cfc1489
1775670848822,1719335948688,-1.2042835,-9.6845455,3.0573955,-0.93584555,-0.31642818,-1.1484267,JERKING,ac760cfc1489
1775670848844,1719355968219,-0.6895301,-11.611878,3.5170822,-0.81489426,-0.34697145,-1.070236,JERKING,ac760cfc1489
1775670848863,1719375987750,-0.107739076,-11.022904,2.9592333,0.3371976,-0.27488935,-0.98471475,JERKING,ac760cfc1489
1775670848901,1719396007281,-0.46926352,-9.100361,2.5905263,0.6646214,-0.11728613,-0.9468411,JERKING,ac760cfc1489
1775670848902,1719415996295,-0.8834604,-9.821015,2.9376855,-0.20647246,-0.036651913,-0.8539896,JERKING,ac760cfc1489
1775670848922,1719436046344,-0.3878607,-11.915942,3.145981,-0.92485,-0.24190263,-0.7257079,JERKING,ac760cfc1489
1775670848942,1719456065875,0.272939,-12.947843,3.311181,-0.6743952,-0.28710666,-0.548557,JERKING,ac760cfc1489
1775670848962,1719476085406,0.16280572,-12.548011,3.1268275,-0.08674286,-0.08307768,-0.37140608,JERKING,ac760cfc1489
1775670848983,1719496104938,-0.36391866,-12.248735,3.1723173,0.26389378,0.07086037,-0.17837265,JERKING,ac760cfc1489
1775670849008,1719516124469,-0.2633622,-12.411542,3.1747115,0.13927728,-0.030543262,0.058643065,JERKING,ac760cfc1489
1775670849029,1719536144000,0.16759412,-13.199234,3.3327289,-0.23090707,-0.1160644,0.32375857,JERKING,ac760cfc1489
1775670849042,1719556163531,0.21547815,-13.460202,3.454833,-0.16737708,-0.02565634,0.61575216,JERKING,ac760cfc1489
1775670849070,1719576213580,-0.4141969,-12.308591,3.1723173,0.34574974,0.1685988,0.8417723,JERKING,ac760cfc1489
1775670850034,1719596294147,-0.93852705,-10.824186,3.217807,0.5522222,0.31031954,1.0348058,JERKING,ac760cfc1489
1775670850036,1719616374713,-1.2282255,-10.225636,3.1914709,0.40194935,0.30298916,1.1447614,JERKING,ac760cfc1489
1775670850038,1719636394244,-1.1707647,-10.0269165,3.0358477,0.17348573,0.26389378,1.2473868,JERKING,ac760cfc1489
1775670850040,1717855618414,-3.0885203,-7.642292,2.3175871,-0.13439035,-0.36896262,-1.4477507,JERKING,ac760cfc1489
1775670850048,1720340521148,-4.0342298,-6.969521,2.5833437,-0.25167647,-0.27855456,-1.1484267,JERKING,ac760cfc1489
1775670850051,1720359910162,-3.4117374,-8.214506,2.942474,-0.3371976,-0.4728097,-1.2119566,JERKING,ac760cfc1489
1775670850053,1720379629693,-2.621651,-8.841787,2.8993783,-0.087964594,-0.6365216,-1.3304645,JERKING,ac760cfc1489
1775670850080,1720399649225,-2.3080103,-8.470686,2.5689783,0.19914207,-0.48991394,-1.2803736,JERKING,ac760cfc1489
1775670850082,1720419638238,-2.717419,-7.3047094,2.8083985,0.042760566,-0.31764993,-1.3304645,JERKING,ac760cfc1489
1775670850109,1720439657770,-2.9017725,-7.1706343,2.8514943,-0.44226643,-0.35918877,-1.4172074,JERKING,ac760cfc1489
1775670850116,1720459646783,-2.0494366,-8.846576,3.394978,-0.7611381,-0.56688297,-1.5149459,JERKING,ac760cfc1489
1775670850137,1720479666315,-0.878672,-9.6845455,3.071761,-0.29443705,-0.6646214,-1.5748106,JERKING,ac760cfc1489
1775670850156,1720499685846,-0.6727707,-9.0476885,2.8491,0.21624629,-0.42638394,-1.5283848,JERKING,ac760cfc1489
1775670850201,1720519674859,-1.271321,-8.597578,2.7868507,-0.28588495,-0.19425514,-1.5479325,JERKING,ac760cfc1489
1775670850205,1720539663873,-1.1899183,-9.346964,3.0454245,-0.9859365,-0.26389378,-1.5723672,JERKING,ac760cfc1489
1775670851039,1720559683404,-0.5554548,-10.110714,3.1771057,-0.72204274,-0.37140608,-1.577254,JERKING,ac760cfc1489
1775670851042,1720579702936,0.035913024,-10.21127,2.8419175,-0.02687807,-0.37140608,-1.5430456,JERKING,ac760cfc1489
1775670851044,1720599722467,0.2633622,-10.012551,2.9616275,-0.09285152,-0.32620203,-1.5076154,JERKING,ac760cfc1489
1775670851046,1720619741998,0.45729253,-10.867282,2.6982653,-0.7819075,-0.2968805,-1.4172074,JERKING,ac760cfc1489
1775670851069,1721564871393,-3.9240966,-7.575254,2.3870192,-0.02565634,-0.26389378,-0.72082096,JERKING,ac760cfc1489
1775670851071,1721584290924,-4.1946416,-6.8330517,2.5115175,0.064751714,-0.15515977,-0.81122905,JERKING,ac760cfc1489
1775670851073,1721604010455,-4.1132383,-6.349423,2.4995465,-0.037873644,-0.20280726,-0.95539325,JERKING,ac760cfc1489
1775670851076,1721624029986,-3.6487634,-7.5321584,2.9041667,-0.4202753,-0.34330627,-1.0604621,JERKING,ac760cfc1489
1775670851078,1721644019000,-2.9113493,-8.947132,2.6767175,-0.7244862,-0.48624873,-1.1313224,JERKING,ac760cfc1489
1775670851101,1721664038531,-2.5833437,-9.962274,2.8443117,-0.42394048,-0.37140608,-1.0604621,JERKING,ac760cfc1489
1775670851119,1721684058063,-2.7844565,-9.083601,2.5833437,0.039095376,-0.13072516,-1.0861185,JERKING,ac760cfc1489
1775670851177,1721704077594,-3.4763808,-7.419631,2.4037786,0.17592919,0.04886922,-1.1142182,JERKING,ac760cfc1489
1775670851184,1721724097125,-3.550601,-7.4866686,2.7748797,-0.17837265,-0.05497787,-1.2034045,JERKING,ac760cfc1489
1775670851186,1721744116656,-2.4899697,-8.930372,2.6168625,-0.3921755,-0.408058,-1.3561208,JERKING,ac760cfc1489
1775670851198,1721764136188,-1.1947067,-9.962274,2.645593,-0.23457226,-0.50335294,-1.2632693,JERKING,ac760cfc1489
1775670851217,1721784186236,-1.1659763,-9.454702,2.1930888,0.004886922,-0.30909783,-1.2534955,JERKING,ac760cfc1489
1775670851252,1721804205768,-1.8842367,-9.066842,2.4037786,-0.3286455,-0.02565634,-1.2278391,JERKING,ac760cfc1489
1775670851258,1721824286334,-2.078167,-9.303867,2.5833437,-0.77824235,-0.10140363,-1.2412782,JERKING,ac760cfc1489
1775670851282,1721844366900,-1.5658079,-9.799467,2.6408045,-0.3811799,-0.24312437,-1.2925909,JERKING,ac760cfc1489
1775670851297,1721864447467,-0.85473,-10.532093,2.336741,0.4166101,-0.28955013,-1.2767084,JERKING,ac760cfc1489
1775670851318,1721884466998,-0.08140286,-10.412383,2.2601264,0.48747048,-0.37751472,-1.2168436,JERKING,ac760cfc1489
1775670851338,1721904517047,-0.02633622,-9.763555,2.018312,-0.20647246,-0.33964106,-1.1215485,JERKING,ac760cfc1489
1775670851357,1721924597613,-0.60333884,-10.208876,2.3223755,-1.0616838,-0.12705997,-1.0555751,JERKING,ac760cfc1489
1775670851382,1721944678180,-0.59855044,-13.055582,3.2130187,-0.86254174,-0.1160644,-0.9663888,JERKING,ac760cfc1489
1775670851398,1721964728229,0.6823475,-14.31972,2.597709,-0.11362094,-0.4129449,-0.72692966,JERKING,ac760cfc1489
1775670851417,1721984747760,1.1851299,-12.667721,2.1140802,0.035430185,-0.4129449,-0.48380527,JERKING,ac760cfc1489
1775670851438,1722004767291,0.1604115,-13.211205,2.6360161,-0.43004912,0.12705997,-0.1600467,JERKING,ac760cfc1489
1775670851458,1722024786822,-0.7493851,-13.9917145,3.0813377,-0.4654793,0.3408628,0.17837265,JERKING,ac760cfc1489
1775670851477,1722044775836,-0.9504981,-12.186486,2.6288335,0.27488935,0.21135938,0.33964106,JERKING,ac760cfc1489
1775670851501,1722064795367,-0.8643068,-11.015722,2.5953147,0.5180137,0.22724187,0.50823987,JERKING,ac760cfc1489
1775670851522,1722084814898,-0.91219085,-11.264719,2.6839,0.16737708,0.22968534,0.6743952,JERKING,ac760cfc1489
1775670851544,1722104834430,-0.8690952,-11.408371,2.5019407,0.06841691,0.22235495,0.893085,JERKING,ac760cfc1489
1775670851564,1722124853961,-1.055843,-10.776301,2.5330653,0.37140608,0.2565634,1.0323622,JERKING,ac760cfc1489
1775670851592,1722144873492,-1.4676456,-9.459491,2.1930888,0.60231316,0.29932398,1.0665708,JERKING,ac760cfc1489
1775670851607,1722164893023,-1.9369092,-9.193734,2.4588451,0.61086524,0.32498032,1.110553,JERKING,ac760cfc1489
1775670851624,1722184943072,-1.8052281,-8.937555,2.2649148,0.3567453,0.20280726,1.128879,JERKING,ac760cfc1489
1775670851647,1722204932086,-1.6591818,-9.203311,2.291251,0.18203785,0.073303826,1.1093313,JERKING,ac760cfc1489
1775670851662,1722224982135,-1.5179238,-9.576807,2.336741,0.04886922,0.08674286,1.1068878,JERKING,ac760cfc1489
1775670851715,1722245001666,-1.5849615,-9.749189,2.3247697,0.056199603,0.12339478,1.1679744,JERKING,ac760cfc1489
1775670851719,1722264990680,-1.8746599,-9.270349,2.3511062,0.16737708,0.19181168,1.1533136,JERKING,ac760cfc1489
1775670851722,1722284979693,-2.147599,-9.062054,2.2337902,0.29565877,0.24556783,1.1472049,JERKING,ac760cfc1489
1775670851742,1722304999225,-2.3798366,-8.9758625,2.3511062,0.26145032,0.23823744,1.1508701,JERKING,ac760cfc1489
1775670851766,1722325049273,-2.3511062,-9.074024,2.291251,0.12950343,0.15393804,1.1472049,JERKING,ac760cfc1489
1775670851777,1722345068805,-2.3247697,-9.188946,2.3918076,-0.019547688,0.14905111,1.1545353,JERKING,ac760cfc1489
1775670851800,1722365088336,-2.4540567,-9.279925,2.4660277,-0.052534413,0.19303341,1.1618657,JERKING,ac760cfc1489
1775670851822,1722385077350,-2.6551697,-9.169792,2.3319526,-0.058643065,0.2125811,1.174083,JERKING,ac760cfc1489
1775670851844,1722405127398,-3.040636,-8.841787,2.2385786,-0.02076942,0.267559,1.1777482,JERKING,ac760cfc1489
1775670851859,1722425146930,-3.4476504,-8.283937,2.2050598,0.04886922,0.3481932,1.1374311,JERKING,ac760cfc1489
1775670851896,1722445135943,-3.7445314,-8.010999,2.2266076,0.064751714,0.31520647,1.1166617,JERKING,ac760cfc1489
1775670851898,1722465185992,-4.0174704,-7.711724,2.1859062,0.05009095,0.27122417,1.0482447,JERKING,ac760cfc1489
1775670851918,1722485205523,-4.247314,-7.2113357,2.0757728,0.036651913,0.25900686,0.95417154,JERKING,ac760cfc1489
1775670851942,1722505225055,-4.477157,-7.2568254,2.3415294,-0.035430185,0.26511553,0.90041536,JERKING,ac760cfc1489
1775670851961,1722525183551,-4.7309427,-7.0461354,2.27928,-0.111177474,0.19547687,0.79534656,JERKING,ac760cfc1489
1775670851983,1722545233600,-4.7524905,-7.0605006,2.2481554,-0.035430185,0.16982053,0.70738196,JERKING,ac760cfc1489
1775670852016,1722565253131,-4.8698063,-7.156269,2.2218192,-0.02443461,0.16493362,0.63529986,JERKING,ac760cfc1489
1775670852022,1722585272662,-5.1020436,-7.6614456,2.207454,-0.10873401,0.14538592,0.6243043,JERKING,ac760cfc1489
1775670852046,1722605292193,-5.1882353,-7.6375036,2.219425,-0.118507855,0.12339478,0.55955255,JERKING,ac760cfc1489
1775670852063,1722625311725,-5.3965306,-7.833828,2.243367,-0.06841691,0.11362094,0.5571091,JERKING,ac760cfc1489
1775670852085,1722645331256,-5.4563856,-7.716512,2.2242134,-0.035430185,0.10262536,0.52290064,JERKING,ac760cfc1489
1775670852101,1722665350787,-5.559336,-7.3645644,2.1452048,0.1600467,0.111177474,0.48624873,JERKING,ac760cfc1489
1775670852122,1722685370318,-5.6886234,-7.086837,2.1380222,0.31887165,0.118507855,0.48502702,JERKING,ac760cfc1489
1775670852142,1722705389850,-5.659893,-6.5984197,2.1691468,0.29443705,0.1001819,0.44226643,JERKING,ac760cfc1489
1775670852162,1722725409381,-5.7269306,-5.920861,2.1188686,0.1441642,0.12583824,0.36041048,JERKING,ac760cfc1489
1775670852190,1722745428912,-5.901707,-5.746084,2.111686,-0.06352998,0.13805555,0.26633725,JERKING,ac760cfc1489
1775670852205,1722765448443,-5.872977,-5.765238,2.2337902,-0.089186326,0.10262536,0.11728613,JERKING,ac760cfc1489
1775670852237,1722785467975,-5.707777,-5.5521536,1.9728222,0.08674286,0.06963864,-0.04520403,JERKING,ac760cfc1489
1775670852239,1722805426471,-5.6527104,-5.509058,2.0590134,0.14294247,0.08674286,-0.22479841,JERKING,ac760cfc1489
1775670852280,1722825415484,-5.556942,-6.3566055,2.1739352,0.032986723,0.05009095,-0.38728857,JERKING,ac760cfc1489
1775670852282,1722845404498,-5.2049947,-7.3765354,2.1045034,-0.13927728,-0.07819075,-0.48258355,JERKING,ac760cfc1489
1775670852299,1722865424029,-5.0517654,-7.5441294,1.7429788,-0.14172074,-0.0842994,-0.56199604,JERKING,ac760cfc1489
1775670852319,1722885413043,-5.327099,-7.6829934,1.934515,-0.09040806,0.02321288,-0.5534439,JERKING,ac760cfc1489
1775670852340,1722905463092,-5.45878,-7.165846,2.0039468,0.09407325,0.06719518,-0.6377433,JERKING,ac760cfc1489
1775670852375,1722925543658,-5.2887917,-6.1195793,1.8291701,0.23457226,0.030543262,-0.7538077,JERKING,ac760cfc1489
1775670852378,1722945624225,-4.9679685,-6.775591,2.1380222,0.09040806,-0.052534413,-0.8564331,JERKING,ac760cfc1489
1775670852399,1722965674273,-4.501099,-7.45315,2.030283,-0.118507855,-0.20525073,-0.96883225,JERKING,ac760cfc1489
1775670852420,1722985693805,-4.1395745,-7.6949644,1.7956513,-0.13683382,-0.204029,-0.99082345,JERKING,ac760cfc1489
1775670852443,1723005743854,-4.1156325,-8.224083,2.0638018,-0.13561209,-0.14049901,-1.0201449,JERKING,ac760cfc1489
1775670852462,1723025763385,-4.235343,-8.276755,1.9512744,0.018325957,-0.1282817,-1.0824533,JERKING,ac760cfc1489
1775670852484,1723045843951,-3.8881836,-8.755595,2.2816741,-0.0720821,-0.16737708,-1.0433578,JERKING,ac760cfc1489
1775670852510,1723065863482,-3.6511576,-8.425196,2.0039468,-0.17348573,-0.22479841,-1.0824533,JERKING,ac760cfc1489
1775670852528,1723085944049,-3.7301662,-7.893683,1.9728222,-0.12705997,-0.09040806,-1.0897835,JERKING,ac760cfc1489
1775670852544,1723105994098,-3.763685,-6.9958572,1.934515,-0.20158553,-0.05131268,-1.2021828,JERKING,ac760cfc1489
1775670852562,1723126074664,-3.4141316,-8.049306,2.2768857,-0.2443461,-0.15027285,-1.2986995,JERKING,ac760cfc1489
1775670852585,1723146124713,-2.4468741,-9.320627,2.2864625,-0.3494149,-0.36651915,-1.3658947,JERKING,ac760cfc1489
1775670852602,1723166144244,-1.7908629,-9.969456,1.7669208,-0.22113322,-0.3921755,-1.2950343,JERKING,ac760cfc1489
1775670852625,1723186255328,-2.030283,-9.689334,1.8243817,-0.13194689,-0.1282817,-1.2583824,JERKING,ac760cfc1489
1775670852657,1723206305377,-2.585738,-8.841787,2.0015526,-0.27977628,0.008552114,-1.2339478,JERKING,ac760cfc1489
1775670852665,1723226416461,-2.5785553,-8.688558,1.9895816,-0.4801401,-0.10629055,-1.287704,JERKING,ac760cfc1489
1775670852682,1723246466510,-1.6256629,-10.108319,2.645593,-0.3848451,-0.31398472,-1.3170254,JERKING,ac760cfc1489
1775670852707,1723266455523,-0.58657944,-10.898406,2.0566192,0.118507855,-0.41172317,-1.2791518,JERKING,ac760cfc1489
1775670852722,1723286475055,-0.5626374,-10.010158,1.6424223,0.2687807,-0.23457226,-1.2046263,JERKING,ac760cfc1489
1775670852740,1723306494586,-1.436521,-9.31105,1.7764976,-0.32620203,0.02321288,-1.1362094,JERKING,ac760cfc1489
1775670852762,1723326544635,-1.757344,-9.7084875,1.7884687,-1.1691961,0.008552114,-1.0751228,JERKING,ac760cfc1489
1775670852784,1723346594684,-1.3072342,-10.536881,1.9081788,-1.2644911,-0.17592919,-1.070236,JERKING,ac760cfc1489
1775670852821,1723366614215,-0.41180268,-11.382035,1.8722657,-0.7305948,-0.19303341,-0.99082345,JERKING,ac760cfc1489
1775670852828,1723386633746,-0.08619126,-12.08593,1.6519991,-0.0720821,-0.11362094,-0.91874135,JERKING,ac760cfc1489
1775670852846,1723406653277,0.17477672,-12.322956,1.4389153,0.19914207,-0.05009095,-0.73792523,JERKING,ac760cfc1489
1775670852867,1723426672809,-0.021547815,-12.083536,1.2378023,0.13683382,-0.09773844,-0.5925393,JERKING,ac760cfc1489
1775670852887,1723446631305,-0.15801731,-12.215217,1.4197617,-0.040317107,-0.081855945,-0.39828414,JERKING,ac760cfc1489
1775670852914,1723466650836,-0.30645782,-12.356475,1.6783354,0.07574729,-0.09773844,-0.21502456,JERKING,ac760cfc1489
1775670852918,1723486639850,-0.038307227,-12.51928,1.9033904,0.33108896,-0.14782938,-0.06963864,JERKING,ac760cfc1489
1775670852938,1723506689898,0.19393034,-12.686874,1.7669208,0.45204028,-0.16126843,0.18203785,JERKING,ac760cfc1489
1775670852958,1723526709430,0.095768064,-12.188881,1.9536686,0.3811799,-0.0720821,0.39461896,JERKING,ac760cfc1489
1775670852988,1723546728961,-0.5410896,-11.616667,1.9512744,0.36041048,0.11362094,0.5693264,JERKING,ac760cfc1489
1775670853018,1723566748492,-0.8690952,-11.303026,2.2361844,0.37751472,0.17470746,0.7147123,JERKING,ac760cfc1489
1775670853019,1723586737506,-0.7326257,-10.900801,2.0135236,0.2932153,0.07574729,0.84788096,JERKING,ac760cfc1489
1775670853045,1723606696002,-0.61291564,-10.620679,2.078167,0.14905111,0.07574729,0.9786061,JERKING,ac760cfc1489
1775670853088,1723626685016,-0.89782566,-10.70687,2.0829554,0.080634214,0.18081611,1.0800097,JERKING,ac760cfc1489
1775670853091,1723646674029,-1.0845734,-10.82658,2.0135236,0.10751228,0.1600467,1.1948525,JERKING,ac760cfc1489
1775670853103,1723666693561,-1.1204864,-10.491392,1.9847932,0.20280726,0.1282817,1.2730432,JERKING,ac760cfc1489
1775670853118,1723686713092,-1.4389153,-9.7803135,1.7812861,0.2284636,0.14660765,1.319469,JERKING,ac760cfc1489
1775670853137,1723706732623,-1.7142484,-9.507375,1.9632454,0.15027285,0.18203785,1.3622295,JERKING,ac760cfc1489
1775670853157,1723726752154,-1.8076223,-9.210494,1.946486,0.11362094,0.12583824,1.3610078,JERKING,ac760cfc1489
1775670853177,1723746771686,-2.0111294,-9.050082,1.8698715,0.111177474,0.11728613,1.3634512,JERKING,ac760cfc1489
1775670853198,1723766760699,-2.2002714,-8.652645,1.8315643,0.04642576,0.15515977,1.3304645,JERKING,ac760cfc1489
1775670853217,1723786780231,-2.5617957,-8.305486,2.0398598,0.05131268,0.18203785,1.2974777,JERKING,ac760cfc1489
1775670853237,1723806830279,-2.755726,-8.4347725,2.0087352,-0.007330383,0.16126843,1.2681563,JERKING,ac760cfc1489
1775670853257,1723826849811,-2.8921957,-8.568848,1.8770541,-0.040317107,0.095294975,1.2229522,JERKING,ac760cfc1489
1775670853277,1723846869342,-3.1052797,-8.451532,1.9009962,-0.012217305,0.10629055,1.17897,JERKING,ac760cfc1489
1775670853297,1723866858356,-3.2609026,-7.884106,1.9608512,0.08307768,0.16982053,1.0885619,JERKING,ac760cfc1489
1775670853317,1723886877887,-3.643975,-7.771579,2.0135236,0.204029,0.22479841,1.0189233,JERKING,ac760cfc1489
1775670853337,1723906927936,-3.787627,-7.9367785,2.0709844,0.13683382,0.14049901,0.9443977,JERKING,ac760cfc1489
1775670853357,1723926947467,-3.8379054,-7.8386164,1.8866309,0.16371189,0.09162979,0.8735373,JERKING,ac760cfc1489
1775670853377,1723946936481,-4.072537,-7.73806,1.8531121,0.14172074,0.1441642,0.8210029,JERKING,ac760cfc1489
1775670853397,1723966986529,-4.465186,-7.8769236,1.8842367,0.10995574,0.17104226,0.75869465,JERKING,ac760cfc1489
1775670853464,1723987006061,-4.6136265,-7.797915,1.8004397,0.04642576,0.13927728,0.72082096,JERKING,ac760cfc1489
1775670853495,1724007025592,-4.829105,-7.5800424,1.9512744,0.12950343,0.13316862,0.6536258,JERKING,ac760cfc1489
1775670853512,1724027045123,-4.9296613,-7.201759,2.0087352,0.20769419,0.12095132,0.57787853,JERKING,ac760cfc1489
1775670853518,1724047064654,-4.936844,-7.1107793,1.8602947,0.2443461,0.10873401,0.5009095,JERKING,ac760cfc1489
1775670855023,1724067084186,-5.1379566,-7.16824,1.9201498,0.103847094,0.07574729,0.44348818,JERKING,ac760cfc1489
1775670855025,1724087073199,-5.17387,-7.0820484,1.910573,-0.09040806,0.05497787,0.3848451,JERKING,ac760cfc1489
1775670855026,1724107123248,-5.2983685,-7.2424603,2.0829554,-0.1441642,0.05009095,0.32375857,JERKING,ac760cfc1489
1775670855028,1724127173297,-5.3318872,-6.8689647,1.9201498,0.004886922,0.047647487,0.22113322,JERKING,ac760cfc1489
1775670855032,1724147192828,-5.4180784,-6.459556,1.982399,0.12095132,0.06963864,0.14660765,JERKING,ac760cfc1489
1775670855043,1725253663482,-3.3662477,-8.334216,2.2457612,-0.06963864,0.19792034,0.9773844,JERKING,ac760cfc1489
1775670855062,1725273083014,-3.6990416,-8.7292595,2.291251,-0.16982053,0.19425514,0.9651671,JERKING,ac760cfc1489
1775670855066,1725293133063,-3.7373488,-8.494628,2.3439236,-0.007330383,0.112399206,0.90041536,JERKING,ac760cfc1489
1775670855068,1725313183111,-3.727772,-8.003817,1.9560628,0.18936823,0.112399206,0.8332202,JERKING,ac760cfc1489
1775670855085,1725333202643,-3.9839516,-8.063671,2.1045034,0.1563815,0.15271631,0.79412484,JERKING,ac760cfc1489
1775670855097,1725353222174,-4.177882,-8.207323,2.111686,0.057421334,0.13683382,0.77457714,JERKING,ac760cfc1489
1775670855119,1725373241705,-4.297592,-7.714118,1.9416976,-0.02687807,0.12339478,0.72326446,JERKING,ac760cfc1489
1775670855152,1725393261236,-4.5441947,-7.965509,2.0374656,-0.037873644,0.14660765,0.6963864,JERKING,ac760cfc1489
1775670855157,1725413280768,-4.735731,-7.941567,1.8674773,-0.02321288,0.10751228,0.6462954,JERKING,ac760cfc1489
1775670856039,1725433300299,-4.781221,-7.819463,1.9177556,0.08552113,0.087964594,0.6010914,JERKING,ac760cfc1489
1775670856043,1725453350348,-4.9081135,-7.896077,1.970428,0.103847094,0.1160644,0.56688297,JERKING,ac760cfc1489
1775670856045,1725473369879,-4.9943047,-7.513005,2.111686,0.09407325,0.12339478,0.516792,JERKING,ac760cfc1489
1775670856047,1722785467975,-5.707777,-5.5521536,1.9728222,0.08674286,0.06963864,-0.04520403,JERKING,ac760cfc1489
1775670856049,1726488903326,-2.3080103,-9.543288,2.2768857,0.02076942,0.22235495,1.1582005,JERKING,ac760cfc1489
1775670856051,1726508261822,-2.5785553,-9.461885,2.492364,0.096516706,0.21135938,1.187522,JERKING,ac760cfc1489
1775670856053,1726528011871,-2.753332,-9.124303,2.2577322,0.105068825,0.14905111,1.1924089,JERKING,ac760cfc1489
1775670856065,1726548061920,-2.8802247,-9.215282,2.2098482,0.07086037,0.13072516,1.2034045,JERKING,ac760cfc1489
1775670856088,1726568081451,-2.9640217,-8.935161,2.2170308,0.07696902,0.119729586,1.2021828,JERKING,ac760cfc1489
1775670856100,1726588100982,-3.2273839,-8.161834,2.2649148,0.21013765,0.1685988,1.1887437,JERKING,ac760cfc1489
1775670856122,1726608120514,-3.5194764,-8.118738,2.420538,0.2883284,0.24801129,1.1679744,JERKING,ac760cfc1489
1775670856145,1726628140045,-3.7062242,-8.190564,2.3391352,0.20525073,0.22113322,1.102001,JERKING,ac760cfc1489
1775670857020,1726648190094,-3.6224272,-8.322245,2.2361844,0.17104226,0.19914207,1.0629056,JERKING,ac760cfc1489
1775670857022,1726668209625,-3.916914,-7.565677,1.9967642,0.07452556,0.24923302,0.9932669,JERKING,ac760cfc1489
1775670857024,1726688229156,-4.39336,-7.273585,2.006341,0.008552114,0.35308012,0.9370673,JERKING,ac760cfc1489
1775670857038,1726468883795,-1.8483237,-9.43076,2.123657,0.14538592,0.10873401,1.1117748,JERKING,ac760cfc1489
1775670857042,1727703523590,0.7015011,-13.752295,3.064578,-0.8197812,-0.035430185,0.07574729,JERKING,ac760cfc1489
1775670857053,1727722943122,0.7278373,-14.111424,2.8443117,-0.38606682,0.012217305,0.38606682,JERKING,ac760cfc1489
1775670857057,1727742362653,0.05746084,-12.112267,2.5498247,0.31764993,0.15882497,0.56688297,JERKING,ac760cfc1489
1775670857059,1727761751667,-0.9768343,-10.54167,2.5737667,0.39706242,0.3567453,0.6988298,JERKING,ac760cfc1489
1775670857077,1727781201715,-1.3814543,-10.503363,2.9281087,0.14538592,0.28221974,0.8210029,JERKING,ac760cfc1489
1775670857095,1727800590729,-0.78290397,-10.350134,2.9041667,0.032986723,0.04642576,0.90041536,JERKING,ac760cfc1489
1775670857123,1727820010260,-0.4141969,-10.388441,2.9161377,0.08552113,0.04520403,0.9993755,JERKING,ac760cfc1489
1775670858018,1727839429792,-0.7685388,-10.201694,2.743755,0.096516706,0.21991149,1.0861185,JERKING,ac760cfc1489
1775670858020,1727858849323,-1.0079589,-10.278308,2.645593,0.02321288,0.24801129,1.2205088,JERKING,ac760cfc1489
1775670858022,1727878268854,-1.0079589,-10.3453455,2.5689783,-0.14538592,0.17104226,1.2840388,JERKING,ac760cfc1489
1775670858024,1722785467975,-5.707777,-5.5521536,1.9728222,0.08674286,0.06963864,-0.04520403,JERKING,ac760cfc1489
1775670858027,1728918007575,-1.553837,-10.038888,1.9488802,-0.25900686,-0.21013765,-1.219287,JERKING,ac760cfc1489
1775670858029,1728937427106,-1.508347,-10.127473,1.9800048,-0.32986724,-0.15760323,-1.174083,JERKING,ac760cfc1489
1775670858054,1728956846637,-1.4532804,-10.280702,2.5833437,-0.24312437,-0.15271631,-1.1362094,JERKING,ac760cfc1489
1775670858059,1728976266169,-1.1899183,-10.2495775,2.3319526,0.07574729,-0.18081611,-1.1349876,JERKING,ac760cfc1489
1775670858082,1728995685700,-0.842759,-10.91756,2.2601264,0.080634214,-0.2125811,-1.033584,JERKING,ac760cfc1489
1775670858105,1729015105231,-0.46686932,-11.204864,1.9393034,-0.25411993,-0.32620203,-0.9602802,JERKING,ac760cfc1489
1775670858118,1729034524762,-0.29688102,-11.8896055,2.1092918,-0.47036624,-0.2443461,-0.7538077,JERKING,ac760cfc1489
1775670858139,1729053944294,-0.44532153,-11.87524,2.4660277,-0.22724187,-0.12095132,-0.59742624,JERKING,ac760cfc1489
1775670860023,1729073302790,-0.82121116,-11.183316,2.4229321,0.172264,-0.032986723,-0.5216789,JERKING,ac760cfc1489
1775670860026,1729092752838,-0.7230489,-11.573571,2.1068976,0.13194689,-0.04520403,-0.40683624,JERKING,ac760cfc1489
1775670860028,1729112172370,0.1436521,-12.909535,2.5139117,-0.21991149,-0.23701571,-0.204029,JERKING,ac760cfc1489
1775670860031,1722785467975,-5.707777,-5.5521536,1.9728222,0.08674286,0.06963864,-0.04520403,JERKING,ac760cfc1489
1775670860035,1730132277936,-0.866701,-10.517728,2.0015526,-0.8026769,-0.4202753,-1.2400564,JERKING,ac760cfc1489
1775670860039,1730152297467,-1.3623008,-9.706094,2.099715,-0.33353242,-0.096516706,-1.2302825,JERKING,ac760cfc1489
1775670860058,1730172347516,-1.8411411,-9.488221,2.3630772,0.2773328,0.064751714,-1.2730432,JERKING,ac760cfc1489
1775670860072,1730192367047,-1.3670892,-9.050082,1.6543933,0.48258355,-0.17592919,-1.3231341,JERKING,ac760cfc1489
1775670860100,1730212386579,-0.545878,-9.172187,1.7357962,0.02443461,-0.34208453,-1.2840388,JERKING,ac760cfc1489
1775670860106,1730232375592,-0.19871874,-9.557653,1.7549498,-0.75747293,-0.33475417,-1.2913691,JERKING,ac760cfc1489
1775670860138,1730252395124,-0.2705448,-10.575189,2.2649148,-0.9615019,-0.15271631,-1.2302825,JERKING,ac760cfc1489
1775670860148,1730272414655,-0.33758244,-10.623073,2.2720973,-0.36163223,-0.05375614,-1.2425,JERKING,ac760cfc1489
1775670860251,1730292434186,-0.25139117,-9.890448,2.054225,0.32375857,-0.04886922,-1.2363913,JERKING,ac760cfc1489
1775670860256,1730312453717,0.17477672,-10.196905,1.8483237,0.3652974,-0.1282817,-1.2278391,JERKING,ac760cfc1489
1775670860261,1730332473249,0.89303726,-11.542446,1.8124107,-0.20891592,-0.2724459,-1.102001,JERKING,ac760cfc1489
1775670860271,1729141693219,0.78050977,-13.79539,2.4133554,-0.27122417,-0.15882497,0.29810223,JERKING,ac760cfc1489
1775670860273,1730352492780,1.5035586,-13.682862,1.9536686,-0.784351,-0.312763,-0.8405506,JERKING,ac760cfc1489
1775670860275,1730372481794,1.5466543,-14.970943,2.3535004,-0.58032197,-0.1441642,-0.50946164,JERKING,ac760cfc1489
1775670860276,1730392531842,1.0223241,-14.288596,2.0829554,0.1685988,0.032986723,-0.25778514,JERKING,ac760cfc1489
1775670860299,1730412551374,0.3878607,-12.677298,2.147599,0.4373795,0.10140363,-0.04520403,JERKING,ac760cfc1489
1775670860310,1730432570905,0.11731588,-12.25113,2.4253263,0.18448131,0.10995574,0.2125811,JERKING,ac760cfc1489
1775670860329,1730452590436,0.2801216,-12.018892,2.291251,0.095294975,0.06352998,0.4007276,JERKING,ac760cfc1489
1775670860364,1730472609967,0.33039984,-11.700463,2.504335,0.07819075,0.13561209,0.5693264,JERKING,ac760cfc1489
1775670860367,1730492629499,-0.038307227,-11.530476,2.2984335,0.103847094,0.22235495,0.75747293,JERKING,ac760cfc1489
1775670860389,1730512649030,-0.32561144,-10.896012,2.291251,0.18203785,0.3005457,0.9285152,JERKING,ac760cfc1489
1775670860412,1730532668561,-0.59136784,-10.685322,2.1428106,0.24312437,0.28710666,1.0604621,JERKING,ac760cfc1489
1775670860433,1730552688092,-0.6344634,-10.500969,1.8698715,0.1563815,0.267559,1.1386528,JERKING,ac760cfc1489
1775670860454,1730572677106,-0.7062895,-10.692505,1.7142484,0.035430185,0.23579398,1.237613,JERKING,ac760cfc1489
1775670860474,1730592727155,-0.6703765,-10.78109,2.0829554,0.0036651916,0.19058995,1.3646729,JERKING,ac760cfc1489
1775670861028,1730612746686,-0.94570965,-10.448297,1.9369092,0.24678956,0.24312437,1.4220943,JERKING,ac760cfc1489
1775670861032,1730632766217,-1.4389153,-9.916783,1.6927006,0.40683624,0.29810223,1.4404203,JERKING,ac760cfc1489
1775670861033,1730652785749,-1.4628572,-9.775525,1.9847932,0.32253686,0.22113322,1.4953982,JERKING,ac760cfc1489
1775670861035,1729914539118,-4.237737,-8.013393,2.0374656,-0.1001819,-0.19425514,-0.8332202,JERKING,ac760cfc1489
1775670861037,1731357034723,-3.4572272,-8.78672,2.0709844,-0.3652974,-0.3652974,-1.2999213,JERKING,ac760cfc1489
1775670861046,1731376423737,-2.693477,-10.115502,2.432509,-0.48991394,-0.51923543,-1.2681563,JERKING,ac760cfc1489
1775670861048,1731396504303,-2.540248,-9.301474,1.9632454,-0.17104226,-0.3811799,-1.2669345,JERKING,ac760cfc1489
1775670861083,1731416523835,-3.2944214,-8.099585,2.006341,0.32375857,0.008552114,-1.3206906,JERKING,ac760cfc1489
1775670861085,1731436543366,-3.4644098,-8.738836,2.5115175,0.2724459,-0.014660766,-1.3487904,JERKING,ac760cfc1489
1775670861111,1731456532379,-2.303222,-9.394848,2.1045034,-0.18936823,-0.47525316,-1.3732251,JERKING,ac760cfc1489
1775670861122,1731476582428,-1.388637,-9.988609,2.0278888,-0.4569272,-0.4605924,-1.2400564,JERKING,ac760cfc1489
1775670862018,1731496601960,-1.6400281,-10.3453455,2.078167,-0.37507126,-0.15760323,-1.1997393,JERKING,ac760cfc1489
1775670862019,1731516621491,-2.2026656,-10.043676,2.1452048,-0.2284636,0.02565634,-1.1643091,JERKING,ac760cfc1489
1775670862026,1731536671540,-2.066196,-9.545682,2.2697031,-0.2003638,-0.07941248,-1.1154399,JERKING,ac760cfc1489
1775670862027,1722785467975,-5.707777,-5.5521536,1.9728222,0.08674286,0.06963864,-0.04520403,JERKING,ac760cfc1489
1775670862029,1732582686872,-4.687847,-7.103596,1.5514427,-0.002443461,-0.105068825,-0.70005155,JERKING,ac760cfc1489
1775670862031,1732602136920,-4.9296613,-7.1754227,1.7405846,0.02443461,-0.0720821,-0.79901177,JERKING,ac760cfc1489
1775670862036,1732621856452,-4.781221,-7.666234,1.7286136,-0.036651913,-0.19058995,-0.8686504,JERKING,ac760cfc1489
1775670862072,1732641875983,-4.3718123,-7.5680714,1.8124107,-0.16615535,-0.28955013,-0.9602802,JERKING,ac760cfc1489
1775670862078,1732661956549,-4.2880154,-7.489063,1.8171991,-0.2883284,-0.22968534,-1.0128145,JERKING,ac760cfc1489
1775670862096,1732681976081,-4.1802764,-8.389283,1.9919758,-0.45204028,-0.22235495,-1.0384709,JERKING,ac760cfc1489
1775670862122,1732701995612,-3.7732618,-9.093178,2.267309,-0.39584067,-0.28955013,-1.097114,JERKING,ac760cfc1489
1775670862136,1732722015143,-3.4691982,-8.813056,1.946486,-0.12217305,-0.24923302,-1.0714576,JERKING,ac760cfc1489
1775670863032,1732742034674,-3.7373488,-7.917625,2.0039468,0.15882497,-0.064751714,-1.105666,JERKING,ac760cfc1489
1775670863034,1732762054206,-3.8833952,-8.374918,2.030283,0.1685988,-0.013439035,-1.1068878,JERKING,ac760cfc1489
1775670863036,1732782073737,-3.0238767,-9.411607,2.147599,-0.23945917,-0.30176744,-1.102001,JERKING,ac760cfc1489
1775670863038,1722785467975,-5.707777,-5.5521536,1.9728222,0.08674286,0.06963864,-0.04520403,JERKING,ac760cfc1489
1775670863040,1733807739020,-5.0158525,-7.9487495,2.0566192,-0.07574729,0.11484267,0.6047566,JERKING,ac760cfc1489
1775670863042,1733827189069,-5.1547165,-7.9224133,1.7070658,0.009773844,0.06963864,0.5925393,JERKING,ac760cfc1489
1775670863044,1733846608600,-5.094861,-7.5561004,1.769315,0.064751714,0.056199603,0.56199604,JERKING,ac760cfc1489
1775670863052,1733866028131,-5.1786585,-7.515399,1.6065093,-0.010995574,0.057421334,0.52778757,JERKING,ac760cfc1489
1775670863075,1733885447663,-5.2983685,-8.010999,1.9632454,-0.19181168,0.013439035,0.5412266,JERKING,ac760cfc1489
1775670863100,1733904867194,-5.2600613,-7.8912888,2.0015526,-0.20769419,-0.040317107,0.48991394,JERKING,ac760cfc1489
1775670863115,1733924286725,-5.363012,-7.369353,1.8100165,-0.0036651916,0.019547688,0.46914452,JERKING,ac760cfc1489
1775670863133,1733943736774,-5.5401826,-7.103596,1.6879122,0.19425514,0.07086037,0.42394048,JERKING,ac760cfc1489
1775670863245,1733963156305,-5.5617304,-6.576872,1.7932571,0.34697145,0.058643065,0.3286455,JERKING,ac760cfc1489
1775670863247,1733982575837,-5.521029,-5.9424086,1.7262194,0.39095375,0.05375614,0.20647246,JERKING,ac760cfc1489
1775670863251,1734001995368,-5.554548,-5.7628436,1.6639702,0.21746802,0.05131268,0.073303826,JERKING,ac760cfc1489
1775670863270,1732802093268,-2.4181437,-9.421184,1.8195933,-0.5546656,-0.39461896,-1.0910053,JERKING,ac760cfc1489
1775670863273,1734031424665,-5.475539,-6.519411,1.5466543,-0.22357668,-0.05497787,-0.06352998,JERKING,ac760cfc1489
1775670863278,1734050874713,-5.3486466,-7.45315,1.757344,-0.24556783,-0.061086524,-0.15027285,JERKING,ac760cfc1489
1775670863280,1734070263727,-5.291186,-8.037335,1.6998832,-0.13683382,-0.07452556,-0.2003638,JERKING,ac760cfc1489
1775670863284,1734089713776,-5.41329,-7.9367785,1.7381904,0.07819075,-0.03176499,-0.22113322,JERKING,ac760cfc1489
1775670863314,1734109133307,-5.681441,-7.2568254,1.5107412,0.081855945,0.007330383,-0.26267207,JERKING,ac760cfc1489
1775670863324,1734128552838,-5.6670756,-7.0365586,1.7597382,-0.015882496,-0.028099801,-0.27000242,JERKING,ac760cfc1489
1775670863346,1734147972370,-5.451597,-7.290344,1.9800048,-0.05009095,-0.0842994,-0.3481932,JERKING,ac760cfc1489
1775670863377,1734167391901,-5.1882353,-7.7093296,1.970428,-0.07086037,-0.10140363,-0.40439278,JERKING,ac760cfc1489
1775670863394,1734186811432,-5.1355624,-8.635885,1.9776106,-0.13194689,-0.10629055,-0.37995818,JERKING,ac760cfc1489
1775670863406,1734206230963,-5.0134583,-9.222465,1.9201498,-0.22235495,-0.09407325,-0.3359759,JERKING,ac760cfc1489
1775670863426,1734225650495,-5.1116204,-9.653421,2.0231004,-0.18570304,-0.06352998,-0.21380283,JERKING,ac760cfc1489
1775670863446,1734245070026,-5.2840033,-9.244013,1.8986019,-0.06963864,-0.018325957,-0.15882497,JERKING,ac760cfc1489
1775670864015,1734264520075,-5.497087,-8.4587145,2.0135236,-0.04642576,0.029321533,-0.08674286,JERKING,ac760cfc1489
1775670864017,1734283939606,-5.434838,-8.396465,2.2385786,-0.06719518,-0.0061086523,-0.039095376,JERKING,ac760cfc1489
1775670864035,1734303389655,-5.1786585,-8.111555,1.958457,-0.002443461,-0.06841691,-0.028099801,JERKING,ac760cfc1489
1775670864037,1733586608649,-3.0573955,-8.070854,1.8938135,-0.0036651916,0.1563815,1.070236,JERKING,ac760cfc1489
1775670864039,1735016044538,-4.8961425,-8.564059,1.70946,-0.10140363,-0.010995574,-0.0720821,JERKING,ac760cfc1489
1775670864041,1735035494587,-4.891354,-8.520964,1.8076223,-0.037873644,-0.021991149,-0.09040806,JERKING,ac760cfc1489
1775670864043,1735054914118,-4.9224787,-8.331821,1.8363527,0.042760566,-0.035430185,-0.09040806,JERKING,ac760cfc1489
1775670864069,1735074333649,-4.853047,-8.307879,1.8722657,0.058643065,-0.04642576,-0.08552113,JERKING,ac760cfc1489
1775670864083,1735093722663,-4.867412,-8.271967,1.8315643,0.008552114,-0.04886922,-0.07086037,JERKING,ac760cfc1489
1775670864103,1735113172712,-4.7740383,-8.659827,1.9416976,-0.036651913,-0.02443461,-0.047647487,JERKING,ac760cfc1489
1775670864124,1735132592243,-4.771644,-8.619126,1.8579005,-0.05131268,-0.017104227,-0.030543262,JERKING,ac760cfc1489
1775670864147,1735152011774,-4.8841715,-8.4347725,1.9081788,-0.018325957,0.034208454,-0.0061086523,JERKING,ac760cfc1489
1775670864264,1735171431305,-4.9823337,-8.149862,1.8986019,0.02687807,0.04520403,-0.019547688,JERKING,ac760cfc1489
1775670864267,1735190850837,-4.9943047,-8.133103,1.9273324,0.040317107,0.029321533,-0.02443461,JERKING,ac760cfc1489
1775670864274,1735210239850,-4.853047,-8.202535,1.9800048,0.018325957,0.013439035,-0.052534413,JERKING,ac760cfc1489
1775670864275,1734245070026,-5.2840033,-9.244013,1.8986019,-0.06963864,-0.018325957,-0.15882497,JERKING,ac760cfc1489
1775670864292,1735239699665,-4.7788267,-8.544906,1.9033904,-0.035430185,0.002443461,-0.037873644,JERKING,ac760cfc1489
1775670864299,1735259180231,-4.7500963,-8.662222,1.7980455,-0.035430185,-0.007330383,-0.018325957,JERKING,ac760cfc1489
1775670864301,1735278599762,-4.8722005,-8.307879,1.7812861,0.037873644,0.010995574,0.008552114,JERKING,ac760cfc1489
1775670864303,1735298019294,-5.0158525,-8.128315,1.8339585,0.07574729,0.029321533,-0.0036651916,JERKING,ac760cfc1489
1775670864314,1735317438825,-4.915296,-8.159439,1.8363527,0.03176499,-0.029321533,0.002443461,JERKING,ac760cfc1489
1775670864348,1735336858356,-4.7381253,-8.264784,1.8124107,0.014660766,-0.05375614,-0.009773844,JERKING,ac760cfc1489
1775670864356,1735356277887,-4.63278,-8.35337,1.8339585,0.010995574,-0.010995574,-0.021991149,JERKING,ac760cfc1489
1775670864376,1735375697419,-4.7979803,-8.42759,1.8459295,-0.02687807,0.02076942,-0.002443461,JERKING,ac760cfc1489
1775670864398,1735395116950,-4.8027687,-8.133103,1.7764976,-0.02443461,0.02687807,-0.017104227,JERKING,ac760cfc1489
1775670864420,1735414566999,-4.7644615,-8.288726,1.8411411,-0.02076942,0.009773844,-0.010995574,JERKING,ac760cfc1489
1775670864440,1735434017047,-4.709395,-8.257602,1.7597382,-0.0061086523,-0.030543262,-0.017104227,JERKING,ac760cfc1489
1775670864461,1735453467096,-4.7429137,-8.365341,1.8435353,0.05131268,-0.014660766,-0.02321288,JERKING,ac760cfc1489
1775670865017,1735472886628,-4.6255975,-8.219295,1.8531121,0.02321288,-0.019547688,-0.040317107,JERKING,ac760cfc1489
1775670865019,1735492336676,-4.7788267,-8.269572,1.8866309,-0.010995574,-0.004886922,-0.021991149,JERKING,ac760cfc1489
1775670865025,1735511817243,-4.829105,-8.303091,1.8818425,-0.018325957,0.015882496,-0.05497787,JERKING,ac760cfc1489
1775670865027,1734402114557,-5.092467,-8.14268,1.6256629,0.019547688,0.039095376,0.009773844,JERKING,ac760cfc1489
1775670865029,1735610298004,-4.771644,-8.300697,1.8626889,0.05131268,-0.007330383,-0.02565634,JERKING,ac760cfc1489
1775670865031,1735629748053,-4.903325,-7.955932,1.910573,0.04886922,0.036651913,-0.02565634,JERKING,ac760cfc1489
1775670865047,1735649737067,-4.8267107,-8.207323,1.9057846,-0.017104227,0.017104227,-0.04886922,JERKING,ac760cfc1489
1775670865075,1735669787116,-4.5992613,-8.619126,1.8411411,-0.06352998,-0.06352998,-0.04642576,JERKING,ac760cfc1489
1775670865082,1735689776129,-4.584896,-8.652645,1.8459295,-0.019547688,-0.02076942,-0.028099801,JERKING,ac760cfc1489
1775670865102,1735709765143,-4.819528,-8.465898,1.757344,0.004886922,0.029321533,0.002443461,JERKING,ac760cfc1489
1775670865123,1735729815192,-4.948815,-8.3868885,1.7405846,0.036651913,0.013439035,0.002443461,JERKING,ac760cfc1489
1775670865143,1735749834723,-4.855441,-8.085219,1.8004397,0.080634214,-0.029321533,-0.02321288,JERKING,ac760cfc1489
1775670866036,1735769854254,-4.759673,-8.1402855,1.9416976,0.065973446,-0.042760566,-0.043982297,JERKING,ac760cfc1489
1775670866038,1735789873786,-4.6495395,-8.358158,2.0614076,0.04153884,-0.059864793,-0.057421334,JERKING,ac760cfc1489
1775670866042,1735809893317,-4.5034933,-8.511387,1.970428,0.05497787,-0.06352998,-0.05497787,JERKING,ac760cfc1489
1775670866044,1734620066999,-4.903325,-7.855376,1.9680338,0.039095376,-0.012217305,-0.081855945,JERKING,ac760cfc1489
1775670866046,1736222033210,-4.55856,-8.568848,1.9847932,-0.02321288,-0.05131268,-0.007330383,JERKING,ac760cfc1489
1775670866048,1736241452741,-4.5896845,-8.377312,2.006341,0.02687807,-0.014660766,-0.017104227,JERKING,ac760cfc1489
1775670866050,1736261472272,-4.7189717,-8.346188,2.0231004,0.04886922,0.02321288,-0.0036651916,JERKING,ac760cfc1489
1775670866072,1736281491803,-4.7046065,-8.214506,1.9871874,0.047647487,0.013439035,-0.018325957,JERKING,ac760cfc1489
1775670866080,1736301541852,-4.6830587,-8.377312,1.9536686,0.02565634,-0.017104227,-0.028099801,JERKING,ac760cfc1489
1775670866099,1736321561383,-4.5992613,-8.47308,2.018312,-0.05375614,-0.04153884,-0.021991149,JERKING,ac760cfc1489
1775670866117,1736341580915,-4.5753193,-8.6095495,2.0159178,-0.056199603,-0.030543262,-0.0036651916,JERKING,ac760cfc1489
1775670866139,1736361600446,-4.63278,-8.394072,1.982399,0.036651913,-0.007330383,-0.004886922,JERKING,ac760cfc1489
1775670866159,1736381619977,-4.745308,-8.236053,2.0470424,0.073303826,0.004886922,0.0036651916,JERKING,ac760cfc1489
1775670866281,1736401639508,-4.6926355,-8.319851,2.0566192,0.028099801,-0.013439035,-0.015882496,JERKING,ac760cfc1489
1775670866288,1736421628522,-4.582502,-8.453926,2.1140802,-0.008552114,-0.034208454,-0.009773844,JERKING,ac760cfc1489
1775670866294,1736441648053,-4.608838,-8.456321,2.0254946,0.012217305,-0.02321288,-0.018325957,JERKING,ac760cfc1489
1775670866297,1736461667585,-4.5082817,-8.47308,2.006341,0.009773844,0.0,-0.0012217305,JERKING,ac760cfc1489
1775670866299,1735880266852,-4.7022123,-8.655039,1.9201498,-0.056199603,-0.040317107,-0.014660766,JERKING,ac760cfc1489
1775670866301,1736481717633,-4.6112323,-8.566454,1.9488802,0.0,0.0012217305,-0.002443461,JERKING,ac760cfc1489
1775670866302,1736501737165,-4.7046065,-8.544906,2.0135236,0.0036651916,-0.0036651916,0.010995574,JERKING,ac760cfc1489
1775670866304,1736521787213,-4.7046065,-8.4108305,2.0470424,-0.0012217305,-0.002443461,0.008552114,JERKING,ac760cfc1489
1775670866319,1736541806745,-4.721366,-8.379706,2.0518308,-0.007330383,-0.015882496,0.012217305,JERKING,ac760cfc1489
1775670866339,1736561826276,-4.5992613,-8.259995,2.099715,0.019547688,-0.02321288,0.004886922,JERKING,ac760cfc1489
1775670866359,1736581876325,-4.6686935,-8.283937,1.9632454,0.04886922,-0.014660766,0.008552114,JERKING,ac760cfc1489
1775670866378,1736601926374,-4.697424,-8.219295,2.042254,0.030543262,-0.0036651916,0.0012217305,JERKING,ac760cfc1489
1775670866407,1736621945905,-4.721366,-8.269572,2.111686,-0.017104227,-0.009773844,0.007330383,JERKING,ac760cfc1489
1775670866423,1736642026471,-4.697424,-8.477868,2.0398598,-0.02443461,-0.02687807,0.0,JERKING,ac760cfc1489
1775670866444,1736662046003,-4.618415,-8.418014,1.982399,0.008552114,-0.013439035,0.007330383,JERKING,ac760cfc1489
1775670866466,1736682096051,-4.6016555,-8.3868885,1.9895816,0.0061086523,-0.0036651916,0.0012217305,JERKING,ac760cfc1489
1775670866486,1736702146100,-4.687847,-8.401254,2.0494366,-0.019547688,-0.014660766,0.009773844,JERKING,ac760cfc1489
1775670867041,1736722165631,-4.618415,-8.439561,2.1212628,0.013439035,-0.028099801,-0.008552114,JERKING,ac760cfc1489
1775670867046,1736742215680,-4.5896845,-8.293514,1.9967642,0.043982297,-0.021991149,-0.012217305,JERKING,ac760cfc1489
1775670867050,1736762265729,-4.6232033,-8.3150625,1.9847932,0.007330383,-0.013439035,-0.02443461,JERKING,ac760cfc1489
1775670867053,1734976666510,-4.7979803,-8.243237,1.7860745,0.02565634,0.009773844,-0.089186326,JERKING,ac760cfc1489
1775670867055,1737445803620,-4.417302,-8.688558,2.0374656,-0.04153884,-0.0720821,-0.0720821,JERKING,ac760cfc1489
1775670867057,1737465253669,-4.4316673,-8.714894,1.99437,-0.03176499,-0.07574729,-0.06963864,JERKING,ac760cfc1489
1775670867059,1737485273200,-4.3981485,-8.559271,2.0159178,0.015882496,-0.05375614,-0.065973446,JERKING,ac760cfc1489
1775670867060,1737505292731,-4.4196963,-8.485051,2.1260512,0.013439035,-0.036651913,-0.065973446,JERKING,ac760cfc1489
1775670867074,1737525342780,-4.3957543,-8.652645,2.0925324,-0.03176499,-0.04886922,-0.06352998,JERKING,ac760cfc1489
1775670867101,1737545392829,-4.331111,-8.743625,1.9895816,-0.03176499,-0.065973446,-0.065973446,JERKING,ac760cfc1489
1775670867113,1737565412360,-4.3718123,-8.722076,2.006341,0.02076942,-0.059864793,-0.04642576,JERKING,ac760cfc1489
1775670867133,1737585431891,-4.3718123,-8.614338,2.0685902,0.05131268,-0.039095376,-0.04520403,JERKING,ac760cfc1489
1775670867154,1737605451422,-4.345476,-8.659827,2.2409728,0.029321533,-0.04642576,-0.05131268,JERKING,ac760cfc1489
1775670867268,1737625470954,-4.211401,-8.822633,2.1308396,0.018325957,-0.06841691,-0.052534413,JERKING,ac760cfc1489
1775670867276,1737645459967,-4.220978,-8.762778,2.1045034,0.07086037,-0.047647487,-0.042760566,JERKING,ac760cfc1489
1775670867279,1737665510016,-4.256891,-8.731653,2.1380222,0.062308256,0.0036651916,-0.019547688,JERKING,ac760cfc1489
1775670867283,1736722165631,-4.618415,-8.439561,2.1212628,0.013439035,-0.028099801,-0.008552114,JERKING,ac760cfc1489
1775670867302,1737695600348,-4.321534,-8.561666,2.1140802,0.030543262,0.02565634,-0.009773844,JERKING,ac760cfc1489
1775670867306,1737715650397,-4.247314,-8.453926,2.1930888,0.047647487,0.012217305,-0.02443461,JERKING,ac760cfc1489
1775670867308,1737735669928,-4.2401314,-8.544906,2.1045034,0.064751714,0.0,-0.02321288,JERKING,ac760cfc1489
1775670867310,1737755689460,-4.098873,-8.544906,1.9919758,0.05009095,0.002443461,-0.034208454,JERKING,ac760cfc1489
1775670867323,1737775739508,-4.2185836,-8.686164,1.99437,0.02321288,0.037873644,-0.013439035,JERKING,ac760cfc1489
1775670867360,1737795759040,-4.197036,-8.554482,1.99437,0.029321533,0.042760566,-0.029321533,JERKING,ac760cfc1489
1775670867363,1737815778571,-4.1826706,-8.559271,2.042254,0.04153884,0.02321288,-0.02076942,JERKING,ac760cfc1489
1775670867386,1737835828620,-4.1515455,-8.456321,1.9991584,0.04642576,0.02443461,-0.037873644,JERKING,ac760cfc1489
1775670867405,1737855848151,-4.197036,-8.365341,2.006341,0.02076942,0.037873644,-0.029321533,JERKING,ac760cfc1489
1775670867426,1737875867682,-4.19943,-8.425196,1.934515,0.02565634,0.04642576,-0.04520403,JERKING,ac760cfc1489
1775670867447,1737895887213,-4.235343,-8.37013,1.970428,0.02321288,0.03176499,-0.05375614,JERKING,ac760cfc1489
1775670867469,1737915906745,-4.098873,-8.4587145,1.7597382,-0.010995574,0.02321288,-0.052534413,JERKING,ac760cfc1489
1775670867580,1737935956794,-4.177882,-8.549694,1.970428,-0.02321288,0.02321288,-0.040317107,JERKING,ac760cfc1489
1775670867596,1737955945807,-4.1491513,-8.647857,1.9632454,0.0036651916,0.014660766,-0.047647487,JERKING,ac760cfc1489
1775670867599,1737975995856,-4.120421,-8.623915,1.9321208,0.002443461,0.0012217305,-0.035430185,JERKING,ac760cfc1489
1775670867614,1737996045905,-4.156334,-8.6813755,2.042254,-0.007330383,0.013439035,-0.021991149,JERKING,ac760cfc1489
1775670867615,1736802396344,-4.582502,-8.499416,2.0638018,0.0036651916,-0.037873644,-0.013439035,JERKING,ac760cfc1489
1775670867619,1738016065436,-4.1132383,-8.748413,2.1930888,0.007330383,0.010995574,-0.028099801,JERKING,ac760cfc1489
1775670867620,1738036084967,-3.9935284,-8.655039,2.2002714,0.043982297,0.014660766,-0.009773844,JERKING,ac760cfc1489
1775670867623,1738056135016,-4.110844,-8.580819,2.2601264,0.007330383,0.052534413,0.012217305,JERKING,ac760cfc1489
1775670867625,1738076154547,-4.1539397,-8.628703,2.3774424,-0.05375614,0.089186326,0.029321533,JERKING,ac760cfc1489
1775670867644,1738096204596,-4.1826706,-8.678981,2.432509,-0.018325957,0.08552113,0.032986723,JERKING,ac760cfc1489
1775670867669,1738116224128,-4.0892963,-8.602366,2.3870192,0.012217305,0.07452556,0.02321288,JERKING,ac760cfc1489
1775670867683,1738136243659,-4.146757,-8.700529,2.6431987,0.019547688,0.0842994,0.042760566,JERKING,ac760cfc1489
1775670867705,1738156263190,-4.2544966,-8.583213,2.4181437,0.032986723,0.08674286,0.017104227,JERKING,ac760cfc1489
1775670867729,1738176282721,-4.283227,-8.724471,2.585738,0.04153884,0.056199603,0.021991149,JERKING,ac760cfc1489
1775670867750,1738196302253,-4.3023806,-8.731653,2.5450363,0.06841691,0.059864793,0.019547688,JERKING,ac760cfc1489
1775670867770,1738216321784,-4.5082817,-8.719683,2.6192567,0.096516706,0.09773844,0.028099801,JERKING,ac760cfc1489
1775670867790,1738236341315,-4.5058875,-8.6813755,2.755726,0.12583824,0.112399206,0.021991149,JERKING,ac760cfc1489
1775670867810,1738256360846,-4.417302,-8.925584,2.7748797,0.1160644,0.087964594,0.042760566,JERKING,ac760cfc1489
1775670867832,1738276441413,-4.2664676,-8.908825,2.741361,0.119729586,0.09773844,0.06352998,JERKING,ac760cfc1489
1775670867849,1738296460944,-4.390966,-8.549694,2.6264393,0.16249016,0.17348573,0.10140363,JERKING,ac760cfc1489
1775670867871,1738316510993,-4.6160207,-8.307879,2.6240451,0.17837265,0.24801129,0.08307768,JERKING,ac760cfc1489
1775670867901,1738336591559,-4.606444,-8.106767,2.5713725,0.14905111,0.2003638,0.05375614,JERKING,ac760cfc1489
1775670867905,1738356611090,-4.465186,-8.121132,2.5905263,0.15271631,0.13805555,0.018325957,JERKING,ac760cfc1489
1775670867928,1738376630622,-4.3502645,-8.415619,2.6791117,0.15882497,0.1001819,-0.014660766,JERKING,ac760cfc1489
1775670867961,1738396650153,-4.1180267,-8.643068,2.645593,0.19058995,0.037873644,-0.009773844,JERKING,ac760cfc1489
1775670867973,1738416700202,-4.2042184,-8.379706,2.5689783,0.27855456,0.028099801,0.0,JERKING,ac760cfc1489
1775670867990,1738436719733,-4.261679,-8.171411,2.693477,0.27855456,0.06352998,-0.004886922,JERKING,ac760cfc1489
1775670868119,1738456800299,-4.283227,-8.063671,2.717419,0.25900686,0.04642576,-0.02443461,JERKING,ac760cfc1489
1775670868121,1738476850348,-4.3023806,-8.0924015,2.7820623,0.25411993,0.018325957,-0.062308256,JERKING,ac760cfc1489
1775670868122,1738496869879,-4.1826706,-8.305486,2.7700913,0.26145032,0.018325957,-0.089186326,JERKING,ac760cfc1489
1775670868124,1737144406842,-4.570531,-8.26239,1.9847932,0.008552114,-0.02321288,-0.02687807,JERKING,ac760cfc1489
1775670868127,1738687757331,-4.3382936,-8.508993,3.2393548,0.04153884,0.095294975,-0.09773844,JERKING,ac760cfc1489
1775670868135,1738707807379,-4.3143516,-8.190564,3.0214825,0.19058995,0.1001819,-0.09896017,JERKING,ac760cfc1489
1775670868139,1738727826911,-4.465186,-7.967903,3.2728736,0.29810223,0.13805555,-0.09407325,JERKING,ac760cfc1489
1775670868159,1738747876960,-4.5920787,-8.109161,3.1268275,0.2919936,0.13072516,-0.09896017,JERKING,ac760cfc1489
1775670868171,1738767896491,-4.426879,-8.133103,3.3039982,0.23701571,0.06719518,-0.09773844,JERKING,ac760cfc1489
1775670868192,1738787946540,-4.3766007,-7.93199,3.335123,0.17348573,0.08674286,-0.09162979,JERKING,ac760cfc1489
1775670868212,1738807966071,-4.474763,-8.166622,3.478775,0.10262536,0.13439035,-0.08674286,JERKING,ac760cfc1489
1775670868232,1738828046637,-4.4603977,-8.465898,3.5314474,0.14049901,0.13927728,-0.07574729,JERKING,ac760cfc1489
1775670869029,1738848066169,-4.4244847,-8.418014,3.3423057,0.2406809,0.13561209,-0.05497787,JERKING,ac760cfc1489
1775670869031,1738868116217,-4.5657425,-8.286332,3.5218706,0.31642818,0.19914207,-0.056199603,JERKING,ac760cfc1489
1775670869037,1738888135749,-4.6040497,-8.312668,3.4404678,0.30787608,0.18325958,-0.040317107,JERKING,ac760cfc1489
1775670869041,1733787719489,-4.771644,-7.965509,1.934515,-0.008552114,0.058643065,0.6035349,JERKING,ac760cfc1489
1775670869045,1739903760749,0.007182605,-4.1060557,8.669404,0.10995574,0.021991149,0.44959682,JERKING,ac760cfc1489
1775670869047,1739923180280,-2.9735985,-4.249708,9.414001,0.12339478,0.49235737,0.38240165,JERKING,ac760cfc1489
1775670869050,1739942630329,-2.5785553,-3.7229836,9.536105,0.408058,-0.1966986,0.3652974,JERKING,ac760cfc1489
1775670869055,1739962049860,-0.91937345,-3.004723,8.872911,0.52534413,-0.657291,0.2687807,JERKING,ac760cfc1489
1775670869091,1739981469391,-0.61052144,-3.0071173,8.767567,0.6072,-0.47647488,0.3921755,JERKING,ac760cfc1489
1775670869161,1740000888922,-1.3694834,-2.8060043,9.13388,0.5925393,-0.24801129,0.44104472,JERKING,ac760cfc1489
1775670869166,1740020338971,-1.508347,-3.1531637,9.083601,0.54611355,-0.33353242,0.46670106,JERKING,ac760cfc1489
1775670869168,1740039758503,-1.2425907,-3.3135753,9.308656,0.5534439,-0.5204572,0.45204028,JERKING,ac760cfc1489
1775670869175,1740059178034,-0.7206547,-3.1507695,9.148245,0.6133087,-0.5558874,0.41783184,JERKING,ac760cfc1489
1775670869177,1740078597565,-0.6775591,-2.554613,8.892065,0.7415904,-0.50946164,0.40683624,JERKING,ac760cfc1489
1775670869212,1740097986579,-0.7541735,-2.1332338,8.822633,0.7440339,-0.48624873,0.46181414,JERKING,ac760cfc1489
1775670869240,1740117436628,-0.61530983,-2.15957,8.990228,0.55955255,-0.5412266,0.49968776,JERKING,ac760cfc1489
1775670869345,1740136886676,-0.50757074,-2.267309,9.0476885,0.43004912,-0.58032197,0.45814893,JERKING,ac760cfc1489
1775670869355,1740156336725,-0.46686932,-2.5833437,9.203311,0.43493605,-0.6010914,0.44226643,JERKING,ac760cfc1489
1775670869359,1740175756256,-0.25378537,-2.6048915,9.208099,0.55955255,-0.65484756,0.41172317,JERKING,ac760cfc1489
1775670869361,1740195175788,-0.11252748,-2.1619642,9.279925,0.66706485,-0.64996064,0.37751472,JERKING,ac760cfc1489
1775670869363,1740214595319,-0.09816227,-1.9608512,9.375694,0.61575216,-0.5864306,0.41050145,JERKING,ac760cfc1489
1775670869365,1740233984333,-0.12449849,-1.7381904,9.31105,0.51068336,-0.54733527,0.45204028,JERKING,ac760cfc1489
1775670869370,1740253403864,-0.18914193,-1.364695,9.057265,0.43860126,-0.5375614,0.42271876,JERKING,ac760cfc1489
1775670869417,1740272823395,-0.021547815,-1.508347,9.459491,0.36774087,-0.5448918,0.43249258,JERKING,ac760cfc1489
1775670869419,1740292242926,0.18195933,-1.7022774,9.512163,0.32498032,-0.56321776,0.44104472,JERKING,ac760cfc1489
1775670869420,1740311662458,0.24660277,-1.3024458,9.428367,0.37995818,-0.5363397,0.4092797,JERKING,ac760cfc1489
1775670869448,1740331081989,0.20829555,-0.9935937,9.186552,0.38240165,-0.47769663,0.45937067,JERKING,ac760cfc1489
1775670869468,1740350501520,0.10295067,-0.7158663,8.731653,0.30298916,-0.47891834,0.45081854,JERKING,ac760cfc1489
1775670869473,1740369921051,0.107739076,-0.9504981,9.14585,0.13561209,-0.42638394,0.46914452,JERKING,ac760cfc1489
1775670869527,1740389340583,0.24181437,-1.2018893,9.25359,-0.0012217305,-0.52534413,0.43249258,JERKING,ac760cfc1489
1775670869535,1740408729596,0.51235914,-1.2689269,9.610326,0.081855945,-0.5717699,0.38240165,JERKING,ac760cfc1489
1775670869537,1740428179645,2.3199813,-3.1364043,9.224859,0.19547687,-0.6401868,0.22602014,JERKING,ac760cfc1489
1775670869553,1740447568659,1.1683705,-0.29927522,9.7084875,0.63285637,-0.25534168,-0.48380527,JERKING,ac760cfc1489
1775670869574,1740466988190,0.24181437,-0.581791,9.842564,0.80878556,0.010995574,0.2284636,JERKING,ac760cfc1489
1775670869597,1740486407721,0.6679823,-0.5793968,9.753978,0.689056,-0.21502456,0.28710666,JERKING,ac760cfc1489
1775670869615,1740505857770,1.079785,-0.107739076,9.655815,0.5852089,-0.3652974,0.19425514,JERKING,ac760cfc1489
1775670869638,1740525277301,0.9816227,-0.095768064,9.504981,0.6072,-0.28344148,0.29443705,JERKING,ac760cfc1489
1775670869657,1740544727350,0.93134445,-0.39025488,9.818622,0.7049385,-0.172264,0.3200934,JERKING,ac760cfc1489
1775670869675,1740564177399,0.9959879,-0.16759412,9.598354,0.7476991,-0.20647246,0.20647246,JERKING,ac760cfc1489
1775670869697,1740583596930,1.4867992,0.047884032,9.562442,0.70371675,-0.1600467,0.10262536,JERKING,ac760cfc1489
1775670869715,1740603077497,1.4556746,0.1340753,9.629479,0.55833083,0.004886922,0.07452556,JERKING,ac760cfc1489
1775670869748,1740622497028,1.0534488,0.29927522,9.993398,0.30787608,0.095294975,0.09162979,JERKING,ac760cfc1489
1775670869756,1740641977594,0.92416185,0.29209262,9.722853,0.1160644,0.018325957,0.096516706,JERKING,ac760cfc1489
1775670869783,1740661427643,1.0486604,0.3854665,9.672575,-0.029321533,-0.08674286,0.118507855,JERKING,ac760cfc1489
1775670869800,1740680877692,1.0295067,0.32321724,9.7803135,-0.172264,-0.13561209,0.14660765,JERKING,ac760cfc1489
1775670869817,1740700358258,1.0630256,-0.18914193,9.763555,-0.13194689,-0.16737708,0.20525073,JERKING,ac760cfc1489
1775670869837,1740719808307,0.8762778,0.7278373,8.825027,0.032986723,-0.16126843,0.2565634,JERKING,ac760cfc1489
1775670869856,1740739258356,0.90740246,-1.043872,10.7116585,0.6365216,-0.1881465,0.2932153,JERKING,ac760cfc1489
1775670869966,1740758769440,0.78769237,1.8291701,8.935161,0.7452556,-0.18203785,0.07086037,JERKING,ac760cfc1489
1775670869969,1740778219489,1.3718776,0.641646,9.648633,0.9089675,-0.18936823,0.26389378,JERKING,ac760cfc1489
1775670869988,1740797639020,0.9624691,0.63206923,9.7563715,0.47403142,-0.065973446,0.29443705,JERKING,ac760cfc1489
1775670870016,1740817058551,1.4293385,0.9504981,9.797073,0.25289822,-0.2919936,0.18936823,JERKING,ac760cfc1489
1775670870025,1740836508600,1.3192052,1.0079589,9.835381,-0.05497787,-0.2724459,0.2321288,JERKING,ac760cfc1489
1775670870031,1740855928131,1.4293385,0.533907,9.962274,-0.37018433,-0.27855456,0.27000242,JERKING,ac760cfc1489
1775670870046,1740875347663,1.7070658,0.6703765,9.241618,-0.28955013,-0.2321288,0.21502456,JERKING,ac760cfc1489
1775670870055,1740894797712,2.327164,-0.4213795,9.624691,-0.28344148,-0.16737708,0.15760323,JERKING,ac760cfc1489
1775670870071,1740914217243,1.6950948,0.5410896,9.583989,-0.018325957,0.06719518,-0.0036651916,JERKING,ac760cfc1489
1775670870075,1740933636774,1.400608,0.50757074,9.572019,0.05375614,0.058643065,0.07574729,JERKING,ac760cfc1489
1775670870078,1740953056305,1.5825673,0.22026655,9.603143,-0.20769419,0.019547688,-0.052534413,JERKING,ac760cfc1489
1775670870097,1740972475837,1.4317327,0.22984336,9.6845455,0.118507855,0.0036651916,0.018325957,JERKING,ac760cfc1489
1775670870148,1740991895368,1.2952632,0.47884035,9.569624,0.34697145,-0.014660766,0.09407325,JERKING,ac760cfc1489
1775670870153,1741011345417,1.721431,0.6919243,9.471462,0.3567453,-0.07696902,0.036651913,JERKING,ac760cfc1489
1775670870355,1741030764948,1.6208745,0.8643068,9.651027,0.27977628,-0.04886922,-0.019547688,JERKING,ac760cfc1489
1775670870390,1741050184479,1.3144168,0.7302315,9.595961,0.25778514,-0.004886922,0.04886922,JERKING,ac760cfc1489
1775670870471,1741069634528,1.328782,0.5770026,9.619903,0.25045475,-0.037873644,0.09773844,JERKING,ac760cfc1489
1775670870474,1741089084577,1.5634137,0.7015011,9.603143,0.2932153,-0.073303826,0.073303826,JERKING,ac760cfc1489
1775670870554,1741108534626,1.7764976,0.60094464,9.662998,0.2724459,-0.040317107,0.047647487,JERKING,ac760cfc1489
1775670870556,1741127954157,1.5897499,0.8331822,9.536105,0.23457226,0.028099801,0.010995574,JERKING,ac760cfc1489
1775670870561,1741147373688,1.4053963,0.6679823,9.600749,0.20891592,0.05375614,0.029321533,JERKING,ac760cfc1489
1775670870563,1741166793219,1.4197617,0.92895025,9.306262,0.30909783,0.06841691,-0.002443461,JERKING,ac760cfc1489
1775670870568,1741186243268,1.5490485,1.4197617,9.351752,0.29565877,0.10262536,-0.009773844,JERKING,ac760cfc1489
1775670870571,1741205662799,1.3742718,1.2808979,9.294291,0.21013765,0.08674286,-0.058643065,JERKING,ac760cfc1489
1775670870600,1741225112848,1.352724,1.2976574,9.308656,0.11728613,0.05497787,-0.08552113,JERKING,ac760cfc1489
1775670870613,1741244593415,1.5155296,1.0893618,9.722853,-0.073303826,0.059864793,-0.08552113,JERKING,ac760cfc1489
1775670870618,1741264012946,1.4748282,0.8762778,9.595961,-0.057421334,0.043982297,-0.037873644,JERKING,ac760cfc1489
1775670870621,1741283432477,1.5897499,0.8643068,9.514558,-0.05009095,0.036651913,0.032986723,JERKING,ac760cfc1489
1775670870627,1741302852008,1.3862427,1.0366893,9.595961,-0.08552113,0.043982297,0.0012217305,JERKING,ac760cfc1489
1775670870631,1741322302057,1.2449849,0.9696517,9.624691,-0.056199603,0.028099801,0.07452556,JERKING,ac760cfc1489
1775670870633,1741341721588,1.3934253,1.2569559,9.497798,-0.029321533,-0.039095376,0.10629055,JERKING,ac760cfc1489
1775670870648,1741361141120,1.4532804,1.3215994,9.411607,-0.081855945,-0.058643065,0.12461651,JERKING,ac760cfc1489
1775670870653,1741380560651,1.1372458,1.1659763,9.210494,-0.15882497,-0.037873644,0.15882497,JERKING,ac760cfc1489
1775670870657,1741400010700,1.7597382,0.6679823,9.495404,-0.030543262,-0.19303341,0.13683382,JERKING,ac760cfc1489
1775670870666,1741419460749,1.7884687,0.866701,9.406818,0.09285152,-0.17837265,0.02321288,JERKING,ac760cfc1489
1775670870670,1741438910797,1.6927006,1.1827357,9.548077,0.09773844,-0.1600467,0.030543262,JERKING,ac760cfc1489
1775670870672,1741458330329,1.6089035,1.1563994,9.878476,-0.042760566,-0.12583824,0.12461651,JERKING,ac760cfc1489
1775670870676,1741477749860,1.5658079,0.61291564,9.61272,-0.21013765,-0.05009095,0.28221974,JERKING,ac760cfc1489
1775670870679,1741497169391,2.195483,0.15801731,9.428367,-0.40683624,-0.16493362,0.2724459,JERKING,ac760cfc1489
1775670870690,1741516649958,2.777274,0.050278235,9.258378,-0.07696902,0.1685988,-0.10140363,JERKING,ac760cfc1489
1775670870700,1741536069489,0.82121116,0.8355764,9.397242,0.42149702,0.31887165,0.13439035,JERKING,ac760cfc1489
1775670870703,1741555489020,1.5753847,1.0534488,9.514558,-0.34330627,0.07086037,-0.2883284,JERKING,ac760cfc1489
1775670870756,1741574908551,1.5251064,0.34237084,9.533711,-0.18081611,0.013439035,-0.0842994,JERKING,ac760cfc1489
1775670870768,1741594358600,1.5897499,0.39504328,9.303867,0.034208454,0.039095376,0.05375614,JERKING,ac760cfc1489
1775670870771,1741613808649,1.5011644,0.7326257,9.28232,0.18448131,0.04153884,-0.008552114,JERKING,ac760cfc1489
1775670870785,1741633228180,1.400608,0.94570965,9.423578,0.29932398,0.03176499,0.012217305,JERKING,ac760cfc1489
1775670870801,1741652647712,1.2785037,1.0941502,9.459491,0.33108896,-0.021991149,0.008552114,JERKING,ac760cfc1489
1775670870818,1741672067243,1.4867992,1.2282255,9.433155,0.29932398,-0.06352998,-0.0061086523,JERKING,ac760cfc1489
1775670870838,1741691486774,1.4508862,1.2617443,9.442732,0.19792034,-0.04153884,0.0061086523,JERKING,ac760cfc1489
1775670870901,1741710906305,1.6376339,1.1492168,9.481039,0.04886922,-0.002443461,0.035430185,JERKING,ac760cfc1489
1775670870903,1741730356354,1.6184803,0.9552865,9.655815,-0.09040806,0.07086037,0.004886922,JERKING,ac760cfc1489
1775670870904,1741749775885,1.5729905,0.7637503,9.636662,-0.04886922,0.052534413,-0.02076942,JERKING,ac760cfc1489
1775670870919,1741769256452,1.5897499,1.0223241,9.689334,0.008552114,0.040317107,-0.065973446,JERKING,ac760cfc1489
1775670870937,1741788675983,1.5634137,0.9696517,9.68694,-0.014660766,0.035430185,-0.05497787,JERKING,ac760cfc1489
1775670870956,1741808095514,1.5251064,1.0534488,9.691729,-0.012217305,0.02565634,0.0,JERKING,ac760cfc1489
1775670870980,1741827545563,1.4772224,1.1659763,9.49301,-0.029321533,0.021991149,0.0,JERKING,ac760cfc1489
1775670870997,1741846995612,1.4077905,1.2425907,9.502586,-0.07086037,0.015882496,0.05497787,JERKING,ac760cfc1489
1775670871019,1741866445661,1.5562311,1.0941502,9.464279,-0.08552113,-0.017104227,0.05375614,JERKING,ac760cfc1489
1775670871038,1741885865192,1.6400281,0.9935937,9.437943,-0.07574729,-0.019547688,0.032986723,JERKING,ac760cfc1489
1775670871083,1741905376276,1.5658079,0.92176765,9.5385,-0.03176499,0.015882496,0.02565634,JERKING,ac760cfc1489
1775670871084,1741924826325,1.4748282,1.0151415,9.485827,0.015882496,0.015882496,0.0036651916,JERKING,ac760cfc1489
1775670871103,1741944245856,1.4293385,1.0726024,9.543288,0.002443461,0.035430185,0.014660766,JERKING,ac760cfc1489
1775670871120,1741963695905,1.472434,0.93134445,9.631873,-0.05009095,0.042760566,0.040317107,JERKING,ac760cfc1489
1775670871154,1741983145954,1.5466543,0.7254431,9.564836,-0.042760566,0.032986723,-0.007330383,JERKING,ac760cfc1489
1775670871167,1742002596003,1.5394717,0.7733272,9.610326,0.014660766,0.040317107,-0.073303826,JERKING,ac760cfc1489
1775670871201,1742022076569,1.4532804,0.92655605,9.615114,0.118507855,0.012217305,-0.07941248,JERKING,ac760cfc1489
1775670871203,1742041526618,1.3742718,0.9816227,9.643845,0.13439035,-0.018325957,-0.037873644,JERKING,ac760cfc1489
1775670871237,1742060976667,1.508347,1.055843,9.466674,0.057421334,-0.028099801,-0.0012217305,JERKING,ac760cfc1489
1775670871239,1742080487751,1.484405,0.92655605,9.469068,-0.0012217305,-0.004886922,0.0036651916,JERKING,ac760cfc1489
1775670871268,1742099937799,1.4867992,0.9888053,9.416395,-0.02565634,-0.004886922,-0.014660766,JERKING,ac760cfc1489
1775670871302,1742119448883,1.4101849,0.90740246,9.425972,-0.056199603,-0.002443461,-0.021991149,JERKING,ac760cfc1489
1775670871319,1742138868415,1.4197617,0.8403648,9.452309,-0.057421334,-0.019547688,0.010995574,JERKING,ac760cfc1489
1775670871321,1742158287946,1.6472107,0.6655881,9.488221,-0.0036651916,-0.04520403,-0.015882496,JERKING,ac760cfc1489
1775670871338,1742177737995,1.5059528,0.9528923,9.490616,0.047647487,-0.013439035,-0.036651913,JERKING,ac760cfc1489
1775670871358,1742197188044,1.5035586,0.8571242,9.696517,0.028099801,0.004886922,-0.004886922,JERKING,ac760cfc1489
1775670871380,1742216607575,1.6304513,0.8499416,9.631873,0.0036651916,-0.019547688,0.0012217305,JERKING,ac760cfc1489
1775670871397,1742236057624,1.6783354,1.043872,9.5385,-0.04153884,0.009773844,-0.02321288,JERKING,ac760cfc1489
1775670871419,1742255477155,1.4149733,0.9624691,9.562442,-0.06963864,0.040317107,-0.014660766,JERKING,ac760cfc1489
1775670871437,1742274927204,1.4532804,1.1324574,9.449914,-0.089186326,0.0061086523,-0.059864793,JERKING,ac760cfc1489
1775670871457,1742294346735,1.2330139,0.94570965,9.646238,-0.07452556,0.035430185,0.012217305,JERKING,ac760cfc1489
1775670871478,1742313766266,1.4341269,0.92416185,9.636662,-0.02076942,-0.019547688,0.07086037,JERKING,ac760cfc1489
1775670871497,1742333216315,1.3335704,1.1587936,9.126697,0.017104227,-0.062308256,0.07452556,JERKING,ac760cfc1489
1775670871521,1742352635846,2.3080103,0.33758244,9.7084875,-0.30543262,-0.23945917,0.065973446,JERKING,ac760cfc1489
1775670871539,1742372055378,1.9967642,-0.31364042,9.718064,-0.02565634,0.0,-0.16371189,JERKING,ac760cfc1489
1775670871559,1742391474909,1.5825673,0.93613285,9.615114,0.53878313,0.06963864,-0.19181168,JERKING,ac760cfc1489
1775670871580,1742410894440,1.055843,1.6496049,9.662998,0.5338962,0.19425514,-0.12705997,JERKING,ac760cfc1489
1775670871600,1742430313971,1.2497733,1.2545617,9.421184,0.3005457,-0.10873401,-0.073303826,JERKING,ac760cfc1489
1775670871620,1742449733503,1.6280571,1.0654198,9.423578,0.15027285,-0.13072516,-0.0036651916,JERKING,ac760cfc1489
1775670871665,1742469183551,1.5251064,1.3215994,9.548077,0.032986723,-0.06963864,0.009773844,JERKING,ac760cfc1489
1775670871699,1742488603083,1.4580688,1.2354081,9.605537,-0.064751714,-0.030543262,0.09162979,JERKING,ac760cfc1489
1775670871701,1742508022614,1.6424223,1.0845734,9.737218,-0.12339478,-0.02321288,0.08307768,JERKING,ac760cfc1489
1775670871703,1742527442145,1.6400281,0.89303726,9.572019,0.0036651916,-0.02443461,0.09040806,JERKING,ac760cfc1489
1775670871720,1742546861676,1.661576,1.3359646,9.411607,0.07819075,0.013439035,0.037873644,JERKING,ac760cfc1489
1775670871878,1742566281208,1.5107412,1.1803415,9.323022,-0.0036651916,0.08307768,-0.02565634,JERKING,ac760cfc1489
1775670871880,1742585700739,1.4437037,1.0175357,9.478644,-0.02076942,0.11484267,-0.043982297,JERKING,ac760cfc1489
1775670871882,1742605120270,1.4341269,1.0606314,9.5385,0.021991149,0.08674286,-0.043982297,JERKING,ac760cfc1489
1775670871884,1742624570319,1.4676456,1.0319009,9.476251,0.03176499,0.04520403,-0.019547688,JERKING,ac760cfc1489
1775670871886,1742643989850,1.4867992,1.0175357,9.428367,0.02076942,0.02321288,0.02321288,JERKING,ac760cfc1489
1775670871888,1742663409381,1.5490485,0.90740246,9.533711,0.04153884,0.004886922,0.06352998,JERKING,ac760cfc1489
1775670871890,1742682828913,1.5466543,1.0654198,9.457097,0.04886922,-0.0036651916,0.02321288,JERKING,ac760cfc1489
1775670871956,1742702278962,1.5298948,1.1324574,9.504981,0.052534413,0.014660766,0.02565634,JERKING,ac760cfc1489
1775670871958,1742721698493,1.6304513,1.1540052,9.507375,-0.002443461,0.02076942,0.008552114,JERKING,ac760cfc1489
1775670871962,1742741148542,1.5370775,1.0989386,9.504981,-0.07574729,0.039095376,0.002443461,JERKING,ac760cfc1489
1775670871965,1742760598590,1.5131354,1.1013328,9.382876,-0.10995574,0.05131268,0.0061086523,JERKING,ac760cfc1489
1775670872070,1742780018122,1.4700398,1.0941502,9.380483,-0.11362094,0.047647487,0.008552114,JERKING,ac760cfc1489
1775670872072,1742799437653,1.4652514,0.9911995,9.481039,-0.10262536,0.037873644,0.02565634,JERKING,ac760cfc1489
1775670872075,1742818887702,1.4101849,0.9648633,9.5385,-0.08552113,0.02321288,0.034208454,JERKING,ac760cfc1489
1775670872079,1742838307233,1.4772224,1.0007763,9.583989,-0.018325957,-0.004886922,0.073303826,JERKING,ac760cfc1489
1775670872082,1742857757282,1.4915876,1.0654198,9.49301,0.008552114,-0.019547688,0.061086524,JERKING,ac760cfc1489
1775670872084,1742877176813,1.4915876,1.0582372,9.481039,-0.02076942,0.0036651916,0.04886922,JERKING,ac760cfc1489
1775670872134,1742896596344,1.4891934,1.0151415,9.591172,-0.047647487,0.029321533,0.029321533,JERKING,ac760cfc1489
1775670872136,1742916046393,1.5610195,0.93373865,9.622296,-0.04520403,0.03176499,0.010995574,JERKING,ac760cfc1489
1775670872138,1742935496442,1.448492,1.0582372,9.591172,-0.04520403,0.03176499,-0.032986723,JERKING,ac760cfc1489
1775670872155,1742954915973,1.4293385,1.0223241,9.449914,-0.111177474,0.036651913,-0.018325957,JERKING,ac760cfc1489
1775670872180,1742974335504,1.3431472,1.0127473,9.416395,-0.14049901,0.02443461,-0.015882496,JERKING,ac760cfc1489
1775670872182,1742993755036,1.4413095,0.91697925,9.485827,-0.13927728,0.013439035,0.0061086523,JERKING,ac760cfc1489
1775670872257,1743013174567,1.5394717,0.78050977,9.545682,-0.11728613,-0.004886922,0.0061086523,JERKING,ac760cfc1489
1775670872259,1743032594098,1.4820108,0.8571242,9.627085,-0.037873644,0.0036651916,-0.018325957,JERKING,ac760cfc1489
1775670872260,1743052013629,1.3958195,1.0390835,9.524135,0.0061086523,0.017104227,-0.037873644,JERKING,ac760cfc1489
1775670872336,1743071433161,1.292869,0.9672575,9.629479,0.021991149,0.0,-0.02687807,JERKING,ac760cfc1489
1775670872338,1743090852692,1.3144168,1.1899183,9.67018,0.028099801,-0.029321533,-0.029321533,JERKING,ac760cfc1489
1775670872342,1743110272223,1.364695,1.1444284,9.514558,-0.059864793,-0.06963864,0.0036651916,JERKING,ac760cfc1489
1775670872344,1743129722272,1.6927006,0.8331822,9.23683,-0.15515977,-0.08674286,0.008552114,JERKING,ac760cfc1489
1775670872346,1743149141803,1.532289,0.81163436,9.459491,-0.17959438,0.032986723,-0.028099801,JERKING,ac760cfc1489
1775670872383,1743168652887,1.3790601,0.78290397,9.497798,-0.06963864,0.02443461,-0.0061086523,JERKING,ac760cfc1489
1775670872387,1743188072419,1.5131354,0.7374141,9.528923,0.047647487,-0.030543262,-0.095294975,JERKING,ac760cfc1489
1775670872458,1743207522467,1.5298948,0.8619126,9.562442,0.12950343,-0.042760566,-0.080634214,JERKING,ac760cfc1489
1775670872460,1743226972516,1.496376,0.9504981,9.588778,0.11484267,-0.030543262,-0.087964594,JERKING,ac760cfc1489
1775670872462,1743246392047,1.3670892,1.1444284,9.603143,0.06352998,-0.030543262,-0.02321288,JERKING,ac760cfc1489
1775670872465,1743265842096,1.5610195,0.9504981,9.545682,-0.059864793,-0.043982297,0.028099801,JERKING,ac760cfc1489
1775670872499,1743285322663,1.5873557,0.866701,9.512163,-0.111177474,-0.010995574,0.010995574,JERKING,ac760cfc1489
1775670872506,1743304772712,1.4077905,0.8403648,9.528923,-0.08307768,0.037873644,-0.02321288,JERKING,ac760cfc1489
1775670872536,1743324283795,1.3072342,0.9792285,9.5385,0.010995574,0.019547688,-0.059864793,JERKING,ac760cfc1489
1775670872568,1743343733844,1.4030021,0.8690952,9.442732,0.05497787,-0.02321288,-0.056199603,JERKING,ac760cfc1489
1775670872569,1743363214411,1.4987702,1.163582,9.469068,0.02687807,-0.0012217305,-0.04642576,JERKING,ac760cfc1489
1775670872635,1743382664460,1.5155296,0.94092125,9.526528,-0.05009095,0.014660766,-0.042760566,JERKING,ac760cfc1489
1775670872637,1743402145026,1.3790601,0.878672,9.586384,-0.081855945,0.04520403,-0.035430185,JERKING,ac760cfc1489
1775670872639,1743421625592,1.3431472,0.7374141,9.653421,-0.05131268,0.039095376,-0.05131268,JERKING,ac760cfc1489
1775670872645,1743441075641,1.484405,0.7398083,9.667787,-0.02076942,0.064751714,-0.095294975,JERKING,ac760cfc1489
1775670872713,1743460556208,1.3551182,0.8738836,9.610326,0.010995574,0.1001819,-0.08552113,JERKING,ac760cfc1489
1775670872716,1743480006256,1.3742718,1.0079589,9.605537,-0.040317107,0.073303826,-0.08552113,JERKING,ac760cfc1489
1775670872718,1743499456305,1.4030021,0.94331545,9.643845,-0.14172074,0.062308256,-0.06352998,JERKING,ac760cfc1489
1775670872723,1743518875837,1.2593501,0.8451532,9.56723,-0.21746802,0.052534413,-0.02076942,JERKING,ac760cfc1489
1775670872757,1743538325885,1.2042835,0.91697925,9.485827,-0.21746802,0.019547688,0.008552114,JERKING,ac760cfc1489
1775670872763,1743557745417,1.2904748,0.80205756,9.41879,-0.22724187,-0.017104227,0.059864793,JERKING,ac760cfc1489
1775670872798,1743577164948,1.7980455,0.7445967,9.184157,-0.21746802,-0.039095376,0.10995574,JERKING,ac760cfc1489
1775670872812,1743596584479,1.3503298,-0.25139117,9.78989,0.018325957,0.02443461,0.13316862,JERKING,ac760cfc1489
1775670872825,1743616034528,1.2282255,0.82121116,9.605537,0.28099802,-0.073303826,-0.15149458,JERKING,ac760cfc1489
1775670872855,1743635454059,1.4293385,1.0319009,9.696517,0.25534168,-0.112399206,-0.07574729,JERKING,ac760cfc1489
1775670872864,1743654904108,1.9967642,0.89543146,9.466674,0.11728613,-0.087964594,-0.04520403,JERKING,ac760cfc1489
1775670872895,1743674323639,1.3910311,0.6679823,9.660604,-0.004886922,0.07819075,-0.05009095,JERKING,ac760cfc1489
1775670872903,1743693773688,1.0606314,0.6847417,9.610326,-0.037873644,0.013439035,-0.047647487,JERKING,ac760cfc1489
1775670872934,1743713193219,1.4173675,0.581791,9.586384,-0.035430185,-0.04153884,0.0061086523,JERKING,ac760cfc1489
1775670872944,1743732612751,1.3694834,0.46208093,9.713276,0.12217305,-0.056199603,0.0842994,JERKING,ac760cfc1489
1775670872975,1743752032282,1.4939818,0.91458505,9.502586,0.32253686,-0.07819075,0.064751714,JERKING,ac760cfc1489
1775670872991,1743771451813,1.5562311,1.271321,9.454702,0.3213151,-0.042760566,0.05009095,JERKING,ac760cfc1489
1775670873003,1743790871344,1.5035586,1.1779473,9.404425,0.1441642,0.02565634,0.010995574,JERKING,ac760cfc1489
1775670873126,1743810290876,1.4221559,1.1947067,9.469068,-0.015882496,0.09407325,-0.02443461,JERKING,ac760cfc1489
1775670873128,1743829710407,1.2521675,0.842759,9.552865,-0.08307768,0.112399206,0.010995574,JERKING,ac760cfc1489
1775670873131,1743849129938,1.3072342,0.7469909,9.488221,-0.06841691,0.064751714,0.008552114,JERKING,ac760cfc1489
1775670873132,1743868518952,1.3982137,0.78050977,9.552865,0.017104227,0.05009095,0.012217305,JERKING,ac760cfc1489
1775670873136,1743887969001,1.3551182,0.90500826,9.588778,0.10140363,0.018325957,0.042760566,JERKING,ac760cfc1489
1775670873138,1743907419049,1.5753847,0.842759,9.552865,0.10751228,-0.043982297,0.052534413,JERKING,ac760cfc1489
