# epoch_ms,event_ts_ns,AX,AY,AZ,GX,GY,GZ,label,sessionID
1777356522046,16364240901430,2.111686,3.4715924,9.064447,0.007330383,-0.0018325958,0.0,JERKING,10778cb0282b
1777356522054,16364248988204,2.1452048,3.4332852,9.050082,0.007330383,-0.0018325958,0.0,JERKING,10778cb0282b
1777356522062,16364256985441,2.1643584,3.41892,9.035717,0.007330383,-0.0018325958,0.0,JERKING,10778cb0282b
1777356522070,16364264979523,2.135628,3.371036,9.038112,0.007330383,-0.0018325958,0.0,JERKING,10778cb0282b
1777356522078,16364272973683,2.0685902,3.3327289,9.006987,0.007330383,-0.0018325958,0.0,JERKING,10778cb0282b
1777356522086,16364280969996,2.0159178,3.3183637,8.963891,0.007330383,-0.0018325958,0.0,JERKING,10778cb0282b
1777356522094,16364288965770,1.9249382,3.3207579,8.973468,0.007330383,-0.0018325958,0.0,JERKING,10778cb0282b
1777356522102,16364296992853,1.8435353,3.3159695,8.9519205,0.007330383,-0.0018325958,0.0,JERKING,10778cb0282b
1777356522110,16364304987858,1.7501614,3.301604,8.939949,0.007330383,-0.0018325958,0.0,JERKING,10778cb0282b
1777356522118,16364312982941,1.6998832,3.2800562,8.872911,0.007330383,-0.0018325958,0.0,JERKING,10778cb0282b
1777356522126,16364320978330,1.6496049,3.3638535,8.90643,0.007330383,-0.0018325958,0.0,JERKING,10778cb0282b
1777356522134,16364328975335,1.769315,3.550601,9.100361,0.007330383,-0.0018325958,0.0,JERKING,10778cb0282b
1777356522142,16364336969188,1.8698715,3.5984852,9.303867,0.007330383,-0.0018325958,0.0,JERKING,10778cb0282b
1777356522150,16364344964269,1.9536686,3.6894648,9.543288,0.002443461,-0.0012217305,0.007330383,JERKING,10778cb0282b
1777356522158,16364352990968,2.0685902,3.6774938,9.603143,-6.1086525E-4,-0.009773844,0.01038471,JERKING,10778cb0282b
1777356522166,16364360987973,2.2050598,3.6391866,9.543288,-0.0012217305,-0.013439035,0.012217305,JERKING,10778cb0282b
1777356522174,16364368981516,2.183512,3.5362358,9.473856,-0.004886922,-0.010995574,0.004886922,JERKING,10778cb0282b
1777356522182,16364376978676,2.1188686,3.454833,9.375694,-0.008552114,-0.0036651916,6.1086525E-4,JERKING,10778cb0282b
1777356522190,16364384973220,2.054225,3.4045548,9.26556,-0.005497787,0.0061086523,0.0018325958,JERKING,10778cb0282b
1777356522198,16364392967995,1.9871874,3.4524388,9.155427,0.002443461,0.01160644,6.1086525E-4,JERKING,10778cb0282b
1777356522206,16364400965769,1.9273324,3.514688,9.038112,0.01038471,0.013439035,0.0018325958,JERKING,10778cb0282b
1777356522214,16364408990697,1.8914193,3.5745432,8.944737,0.009773844,0.014660766,0.0036651916,JERKING,10778cb0282b
1777356522222,16364416986472,1.910573,3.58412,8.925584,0.0030543262,0.015882496,0.0036651916,JERKING,10778cb0282b
1777356522230,16364424983939,1.9369092,3.53863,8.908825,-6.1086525E-4,0.010995574,0.005497787,JERKING,10778cb0282b
1777356522238,16364432980253,1.946486,3.383007,8.793902,-0.0012217305,0.008552114,0.0030543262,JERKING,10778cb0282b
1777356522246,16364440976335,1.9440918,3.2130187,8.688558,-6.1086525E-4,0.004276057,6.1086525E-4,JERKING,10778cb0282b
1777356522254,16364448970494,1.9440918,3.040636,8.556877,0.002443461,0.0067195175,6.1086525E-4,JERKING,10778cb0282b
1777356522262,16364456963961,1.910573,2.873042,8.334216,0.01282817,0.014660766,-0.0030543262,JERKING,10778cb0282b
1777356522270,16364464991351,1.7525556,2.7341783,8.090008,0.032986723,0.02565634,-0.012217305,JERKING,10778cb0282b
1777356522278,16364472984972,1.685518,2.6551697,7.896077,0.057421334,0.0421497,-0.01160644,JERKING,10778cb0282b
1777356522286,16364480982746,1.8435353,2.6120741,8.046912,0.06169739,0.047036625,0.005497787,JERKING,10778cb0282b
1777356522294,16364488978444,2.2385786,2.5306711,8.7292595,0.047036625,0.05375614,0.030543262,JERKING,10778cb0282b
1777356522302,16364496974219,2.6001031,2.8874073,9.679757,0.015271631,0.09162979,0.05009095,JERKING,10778cb0282b
1777356522310,16364504971147,2.7365725,3.466804,10.7116585,-0.01038471,0.16493362,0.057421334,JERKING,10778cb0282b
1777356522318,16364512964384,2.6288335,4.1539397,11.341333,0.0,0.22235495,0.05009095,JERKING,10778cb0282b
1777356522326,16364520991389,2.2505496,4.7884035,11.317391,0.05131268,0.19364429,0.031154128,JERKING,10778cb0282b
1777356522334,16364528987394,1.8171991,5.3366756,10.500969,0.10995574,0.108123146,0.0061086523,JERKING,10778cb0282b
1777356522342,16364536980938,1.328782,5.681441,9.651027,0.12522738,0.023823744,-0.0421497,JERKING,10778cb0282b
1777356522350,16364544979405,0.91458505,5.872977,9.109938,0.042760566,-0.07941248,-0.08735373,JERKING,10778cb0282b
1777356522358,16364552972949,1.2617443,5.305551,8.983045,-0.050701816,-0.13622294,-0.052534413,JERKING,10778cb0282b
1777356522366,16364560969570,1.8914193,3.7301662,8.607155,-0.115453534,-0.15393804,-0.004276057,JERKING,10778cb0282b
1777356522374,16364568964036,1.9919758,2.705448,8.259995,-0.16310102,-0.13805555,0.007941248,JERKING,10778cb0282b
1777356522382,16364576991119,1.8267759,2.1428106,7.9343843,-0.1863139,-0.108123146,0.004886922,JERKING,10778cb0282b
1777356522390,16364584986278,1.745373,1.958457,7.836222,-0.17592919,-0.081855945,0.007941248,JERKING,10778cb0282b
1777356522398,16364592981053,1.8243817,2.1021092,7.9966335,-0.13683382,-0.08124508,0.009773844,JERKING,10778cb0282b
1777356522406,16364600978212,2.0829554,2.4396915,8.358158,-0.06414085,-0.07696902,0.009773844,JERKING,10778cb0282b
1777356522414,16364608975525,2.3080103,2.8562827,8.659827,0.014049901,-0.044593163,0.007941248,JERKING,10778cb0282b
1777356522422,16364616969070,2.3630772,3.4117374,8.90643,0.0580322,0.0036651916,0.0030543262,JERKING,10778cb0282b
1777356522430,16364624963536,2.1571758,3.809175,9.11712,0.04337143,0.07269296,-0.004276057,JERKING,10778cb0282b
1777356522438,16364632990311,1.7310078,3.916914,9.3733,-0.0036651916,0.12095132,-0.012217305,JERKING,10778cb0282b
1777356522446,16364640986624,1.3718776,3.751714,9.651027,-0.06169739,0.14049901,-0.014049901,JERKING,10778cb0282b
1777356522454,16364648981630,1.2066777,3.430891,9.933543,-0.09162979,0.10629055,-0.009162978,JERKING,10778cb0282b
1777356522462,16364656975789,1.3982137,3.052607,9.921572,-0.059864793,0.0012217305,0.0067195175,JERKING,10778cb0282b
1777356522470,16364664971179,1.673547,2.9233203,9.605537,-0.005497787,-0.086132,0.01282817,JERKING,10778cb0282b
1777356522478,16364672969031,1.9991584,2.9616275,9.167398,0.03848451,-0.14782938,0.014660766,JERKING,10778cb0282b
1777356522486,16364680964190,2.2697031,3.1028855,8.889671,0.05681047,-0.15149458,0.013439035,JERKING,10778cb0282b
1777356522494,16364688989426,2.516306,3.2920272,8.734048,0.055588737,-0.11362094,0.014049901,JERKING,10778cb0282b
1777356522502,16364696986585,2.5713725,3.4332852,8.707711,0.03848451,-0.035430185,0.008552114,JERKING,10778cb0282b
1777356522510,16364704982052,2.4851813,3.5003228,8.7532015,0.02321288,0.020158553,-0.002443461,JERKING,10778cb0282b
1777356522518,16364712977365,2.1883004,3.5003228,8.853758,0.01038471,0.056199603,-0.013439035,JERKING,10778cb0282b
1777356522526,16364720973678,1.9249382,3.5242648,8.939949,0.0012217305,0.065973446,-0.018325957,JERKING,10778cb0282b
1777356522534,16364728969146,1.7118542,3.514688,8.987833,0.0030543262,0.049480084,-0.017715093,JERKING,10778cb0282b
1777356522542,16364736964228,1.697489,3.4691982,8.973468,0.007941248,0.021380283,-0.012217305,JERKING,10778cb0282b
1777356522550,16364744991233,1.7357962,3.4117374,8.9519205,0.01160644,-0.002443461,-0.005497787,JERKING,10778cb0282b
1777356522558,16364752984854,1.8387469,3.3279405,8.947132,0.012217305,-0.018936822,-0.002443461,JERKING,10778cb0282b
1777356522566,16364760983321,1.9369092,3.2561142,8.980651,0.01038471,-0.017715093,-0.0012217305,JERKING,10778cb0282b
1777356522574,16364768977096,1.9776106,3.2632968,9.0716305,0.01160644,-0.0061086523,-0.0018325958,JERKING,10778cb0282b
1777356522582,16364776972562,2.006341,3.3494883,9.186552,0.013439035,0.009162978,-0.002443461,JERKING,10778cb0282b
1777356522590,16364784968568,2.0135236,3.430891,9.251195,0.019547688,0.02565634,-0.002443461,JERKING,10778cb0282b
1777356522598,16364792966112,1.9847932,3.4859576,9.323022,0.021380283,0.032375857,-0.0012217305,JERKING,10778cb0282b
1777356522606,16364800992194,1.9488802,3.5745432,9.356541,0.022602014,0.02687807,0.0012217305,JERKING,10778cb0282b
1777356522614,16364808984277,1.9201498,3.6750996,9.406818,0.017715093,0.01160644,0.0018325958,JERKING,10778cb0282b
1777356522622,16364816980205,1.946486,3.7373488,9.392453,0.016493361,0.0030543262,0.0012217305,JERKING,10778cb0282b
1777356522630,16364824977133,1.9776106,3.7253778,9.308656,0.016493361,-0.009162978,0.002443461,JERKING,10778cb0282b
1777356522638,16364832973524,1.9991584,3.727772,9.172187,0.015882496,-0.026267206,0.004276057,JERKING,10778cb0282b
1777356522646,16364840967990,2.0135236,3.715801,9.004593,0.01282817,-0.029932396,0.0018325958,JERKING,10778cb0282b
1777356522654,16364848963996,1.9800048,3.667917,8.887277,0.0030543262,-0.017104227,0.0018325958,JERKING,10778cb0282b
1777356522662,16364856990694,1.9177556,3.5865142,8.896853,-0.012217305,0.0030543262,-0.0067195175,JERKING,10778cb0282b
1777356522670,16364864984237,1.8579005,3.5051112,8.985439,-0.02443461,0.021991149,-0.0061086523,JERKING,10778cb0282b
1777356522678,16364872981782,1.8459295,3.3638535,9.102755,-0.029321533,0.021380283,-0.0030543262,JERKING,10778cb0282b
1777356522686,16364880977248,1.8459295,3.301604,9.160215,-0.025045475,-6.1086525E-4,-0.0018325958,JERKING,10778cb0282b
1777356522694,16364888972870,1.8914193,3.301604,9.14585,-0.015882496,-0.014660766,-0.0012217305,JERKING,10778cb0282b
1777356522702,16364896968259,1.9800048,3.3446999,9.097966,-0.004886922,-0.02565634,6.1086525E-4,JERKING,10778cb0282b
1777356522710,16364904993187,2.042254,3.3997664,9.062054,-0.002443461,-0.019547688,0.0012217305,JERKING,10778cb0282b
1777356522718,16364912988886,2.0111294,3.4572272,9.062054,-0.005497787,0.0018325958,0.0,JERKING,10778cb0282b
1777356522726,16364920986814,1.9009962,3.4811692,9.064447,-0.007330383,0.010995574,0.0,JERKING,10778cb0282b
1777356522734,16364928980281,1.8267759,3.4691982,9.052477,-0.009773844,0.008552114,-6.1086525E-4,JERKING,10778cb0282b
1777356522742,16364936976594,1.8124107,3.4261026,9.038112,-0.010995574,0.0061086523,6.1086525E-4,JERKING,10778cb0282b
1777356522750,16364944971445,1.7956513,3.430891,9.057265,-0.01160644,6.1086525E-4,-6.1086525E-4,JERKING,10778cb0282b
1777356522758,16364952966528,1.8076223,3.430891,9.050082,-0.010995574,-0.01038471,6.1086525E-4,JERKING,10778cb0282b
1777356522766,16364960963379,1.8411411,3.4380736,9.054871,-0.009773844,-0.018936822,0.002443461,JERKING,10778cb0282b
1777356522774,16364968988924,1.9057846,3.4261026,9.052477,-0.01038471,-0.018936822,0.004276057,JERKING,10778cb0282b
1777356522782,16364976984698,2.0015526,3.4284968,9.076419,-0.010995574,-0.021380283,0.0036651916,JERKING,10778cb0282b
1777356522790,16364984980934,2.0685902,3.3997664,9.124303,-0.013439035,-0.017104227,0.002443461,JERKING,10778cb0282b
1777356522798,16364992974863,2.0973208,3.394978,9.119514,-0.009773844,-0.013439035,0.0,JERKING,10778cb0282b
1777356522806,16365000971714,2.1308396,3.4213142,9.119514,-0.007941248,-0.01282817,-0.002443461,JERKING,10778cb0282b
1777356522814,16365008967720,2.1260512,3.3997664,9.078813,-0.005497787,-0.01038471,-0.002443461,JERKING,10778cb0282b
1777356522822,16365016993956,2.0949266,3.3997664,9.021352,-0.0036651916,-0.0061086523,-0.0030543262,JERKING,10778cb0282b
1777356522830,16365024987807,2.0590134,3.4237084,9.0237465,-0.0036651916,-0.0018325958,-0.0036651916,JERKING,10778cb0282b
1777356522838,16365032984044,1.9967642,3.4452562,9.004593,-0.004276057,0.0018325958,-0.0030543262,JERKING,10778cb0282b
1777356522846,16365040979433,1.9321208,3.4452562,8.954314,-0.002443461,0.0061086523,-0.0061086523,JERKING,10778cb0282b
1777356522854,16365048974824,1.8507179,3.4572272,8.899248,-0.0012217305,0.0030543262,-0.0036651916,JERKING,10778cb0282b
1777356522862,16365056972675,1.8267759,3.4452562,8.875306,-0.0030543262,0.002443461,-0.004886922,JERKING,10778cb0282b
1777356522870,16365064966834,1.8076223,3.3877954,8.880095,-0.007941248,-6.1086525E-4,-0.0036651916,JERKING,10778cb0282b
1777356522878,16365072992071,1.8004397,3.2680852,8.930372,-0.007941248,-0.0030543262,-0.0036651916,JERKING,10778cb0282b
1777356522886,16365080988999,1.8171991,3.1196449,8.899248,-0.0067195175,-0.005497787,-0.0036651916,JERKING,10778cb0282b
1777356522894,16365088984774,1.8267759,3.0454245,8.860941,-0.0018325958,-0.0061086523,-0.0018325958,JERKING,10778cb0282b
1777356522902,16365096980472,1.8243817,3.1292217,8.89446,0.008552114,0.002443461,-0.002443461,JERKING,10778cb0282b
1777356522910,16365104976707,1.8363527,3.1555579,8.90643,0.018325957,0.015271631,-6.1086525E-4,JERKING,10778cb0282b
1777356522918,16365112970560,1.9129672,3.1794999,9.035717,0.015882496,0.02076942,0.008552114,JERKING,10778cb0282b
1777356522926,16365120967257,1.9919758,3.074155,9.109938,0.012217305,0.032986723,0.014660766,JERKING,10778cb0282b
1777356522934,16365128992801,2.0446482,2.9137435,9.19134,0.01282817,0.039095376,0.018325957,JERKING,10778cb0282b
1777356522942,16365136987806,1.9512744,3.0573955,9.28232,0.01160644,0.039095376,0.015882496,JERKING,10778cb0282b
1777356522950,16365144983505,2.0709844,3.1675289,9.423578,0.022602014,0.050701816,0.02565634,JERKING,10778cb0282b
1777356522958,16365152981125,2.2481554,3.394978,9.718064,0.027488936,0.050701816,0.032986723,JERKING,10778cb0282b
1777356522966,16365160975899,2.195483,3.6774938,9.91439,0.04153884,0.032986723,0.017104227,JERKING,10778cb0282b
1777356522974,16365168970982,2.030283,4.122815,9.911995,0.06719518,6.1086525E-4,-0.007941248,JERKING,10778cb0282b
1777356522982,16365176965987,1.9393034,4.5322237,9.77792,0.07696902,-0.03604105,-0.01282817,JERKING,10778cb0282b
1777356522990,16365184992147,2.0398598,4.8386817,9.481039,0.06414085,-0.055588737,-0.004886922,JERKING,10778cb0282b
1777356522998,16365192989998,2.1284454,4.771644,9.150639,0.032986723,-0.03359759,0.008552114,JERKING,10778cb0282b
1777356523006,16365200983850,2.1164744,4.268862,8.887277,-0.010995574,0.0018325958,0.01160644,JERKING,10778cb0282b
1777356523014,16365208980163,1.9871874,3.8019924,8.76996,-0.064751714,0.02321288,0.008552114,JERKING,10778cb0282b
1777356523022,16365216975553,1.8626889,3.3494883,8.693346,-0.07819075,0.021380283,0.004276057,JERKING,10778cb0282b
1777356523030,16365224971867,1.7788919,3.016694,8.643068,-0.07513642,0.010995574,0.0,JERKING,10778cb0282b
1777356523038,16365232967333,1.8028339,2.8682537,8.710106,-0.06414085,-0.009162978,0.0012217305,JERKING,10778cb0282b
1777356523046,16365240993184,1.9369092,2.918532,8.880095,-0.04642576,-0.028710667,6.1086525E-4,JERKING,10778cb0282b
1777356523054,16365248987960,2.0829554,3.086126,9.011775,-0.017104227,-0.03481932,-0.0012217305,JERKING,10778cb0282b
1777356523062,16365256984503,2.1499932,3.2704794,9.097966,-0.0030543262,-0.027488936,-0.004276057,JERKING,10778cb0282b
1777356523070,16365264979894,2.0901382,3.3854012,9.200917,-0.0012217305,-0.0067195175,-0.012217305,JERKING,10778cb0282b
1777356523078,16365272974745,2.006341,3.4093432,9.275137,-0.009773844,0.017104227,-0.014049901,JERKING,10778cb0282b
1777356523086,16365280972519,1.8818425,3.359065,9.325416,-0.018325957,0.03604105,-0.013439035,JERKING,10778cb0282b
1777356523094,16365288963987,1.745373,3.2561142,9.246407,-0.014660766,0.027488936,-0.014049901,JERKING,10778cb0282b
1777356523102,16365296961761,1.6543933,3.1771057,9.16261,-0.01160644,0.008552114,-0.008552114,JERKING,10778cb0282b
1777356523110,16365304990075,1.697489,3.1435869,9.0716305,0.0,-0.0061086523,-0.005497787,JERKING,10778cb0282b
1777356523118,16365312982464,1.8100165,3.193865,9.021352,0.01038471,-0.016493361,-0.0018325958,JERKING,10778cb0282b
1777356523126,16365320981162,1.910573,3.3039982,8.990228,0.018936822,-0.029321533,-0.0036651916,JERKING,10778cb0282b
1777356523134,16365328974475,2.0135236,3.3734303,8.985439,0.02321288,-0.02687807,-0.0036651916,JERKING,10778cb0282b
1777356523142,16365336971096,2.0446482,3.4452562,8.978256,0.019547688,-0.015271631,-0.005497787,JERKING,10778cb0282b
1777356523150,16365344964640,2.0374656,3.5051112,9.01417,0.01282817,0.0030543262,-0.008552114,JERKING,10778cb0282b
1777356523158,16365352960953,1.9728222,3.5075054,9.0237465,0.007330383,0.021991149,-0.010995574,JERKING,10778cb0282b
1777356523166,16365360988881,1.9057846,3.4883518,9.0476885,0.004886922,0.02687807,-0.009773844,JERKING,10778cb0282b
1777356523174,16365368983425,1.8507179,3.4045548,9.088389,0.0030543262,0.023823744,-0.007330383,JERKING,10778cb0282b
1777356523182,16365376979661,1.8052281,3.3758245,9.085996,0.005497787,0.010995574,-0.0067195175,JERKING,10778cb0282b
1777356523190,16365384976975,1.8483237,3.3782187,9.083601,0.009162978,0.0,-0.005497787,JERKING,10778cb0282b
1777356523198,16365392969903,1.8962077,3.3806129,9.062054,0.013439035,-0.008552114,-0.0018325958,JERKING,10778cb0282b
1777356523206,16365400968062,1.9560628,3.4021606,9.038112,0.015271631,-0.007941248,-0.0036651916,JERKING,10778cb0282b
1777356523214,16365408960376,1.9656396,3.4213142,9.050082,0.015271631,-0.0036651916,-0.002443461,JERKING,10778cb0282b
1777356523222,16365416989534,1.9871874,3.4691982,9.093178,0.014049901,0.0061086523,-0.002443461,JERKING,10778cb0282b
1777356523230,16365424985310,1.9680338,3.490746,9.153033,0.010995574,0.01282817,-0.005497787,JERKING,10778cb0282b
1777356523238,16365432979084,1.9393034,3.5003228,9.136273,0.012217305,0.009773844,-0.004886922,JERKING,10778cb0282b
1777356523246,16365440975089,1.9129672,3.514688,9.131485,0.014660766,0.0067195175,-0.0030543262,JERKING,10778cb0282b
1777356523254,16365448970480,1.934515,3.5051112,9.085996,0.015882496,0.0012217305,0.0,JERKING,10778cb0282b
1777356523262,16365456966485,1.9632454,3.4715924,9.045294,0.01282817,-0.0036651916,-6.1086525E-4,JERKING,10778cb0282b
1777356523270,16365464991106,1.9776106,3.3854012,8.990228,0.01038471,-0.0067195175,0.0,JERKING,10778cb0282b
1777356523278,16365472986265,2.0015526,3.3638535,8.980651,0.008552114,-0.0012217305,0.0,JERKING,10778cb0282b
1777356523286,16365480983731,2.0446482,3.3686419,8.99741,0.008552114,0.002443461,0.0018325958,JERKING,10778cb0282b
1777356523294,16365488979199,1.99437,3.3734303,9.004593,0.012217305,0.010995574,-6.1086525E-4,JERKING,10778cb0282b
1777356523302,16365496973589,1.9321208,3.3854012,9.059659,0.008552114,0.019547688,-0.0036651916,JERKING,10778cb0282b
1777356523310,16365504968979,1.8387469,3.406949,9.181764,0.0018325958,0.031154128,-0.009162978,JERKING,10778cb0282b
1777356523318,16365512965600,1.7022774,3.4500446,9.263166,0.0018325958,0.03604105,-0.01282817,JERKING,10778cb0282b
1777356523326,16365520991836,1.6807296,3.5218706,9.289502,0.008552114,0.023823744,-0.009773844,JERKING,10778cb0282b
1777356523334,16365528987226,1.7501614,3.5889084,9.239224,0.016493361,-0.007941248,-0.0030543262,JERKING,10778cb0282b
1777356523342,16365536985077,1.9297266,3.6631286,9.169792,0.018325957,-0.040317107,0.005497787,JERKING,10778cb0282b
1777356523350,16365544978545,2.0829554,3.7469256,9.126697,0.014660766,-0.04520403,0.004886922,JERKING,10778cb0282b
1777356523358,16365552973935,2.243367,3.8043866,9.124303,0.0061086523,-0.03604105,0.0061086523,JERKING,10778cb0282b
1777356523366,16365560968709,2.2720973,3.799598,9.078813,6.1086525E-4,-0.02687807,0.005497787,JERKING,10778cb0282b
1777356523374,16365568966022,2.2002714,3.7373488,8.942344,-0.0067195175,-0.009773844,0.0030543262,JERKING,10778cb0282b
1777356523382,16365576991489,2.0494366,3.6415808,8.870518,-0.017715093,0.014660766,-0.0018325958,JERKING,10778cb0282b
1777356523390,16365584986880,1.9273324,3.5769374,8.858546,-0.02565634,0.02321288,-0.0030543262,JERKING,10778cb0282b
1777356523398,16365592983885,1.8315643,3.430891,8.882488,-0.03359759,0.021380283,-0.002443461,JERKING,10778cb0282b
1777356523406,16365600976736,1.8171991,3.3446999,8.944737,-0.03481932,0.010995574,-0.0012217305,JERKING,10778cb0282b
1777356523414,16365608972742,1.7908629,3.2968156,9.021352,-0.032986723,0.0,-0.0030543262,JERKING,10778cb0282b
1777356523422,16365616968131,1.8004397,3.323152,9.105149,-0.03176499,-6.1086525E-4,-0.0012217305,JERKING,10778cb0282b
1777356523430,16365624966368,1.8315643,3.3734303,9.217676,-0.028710667,0.0012217305,0.0,JERKING,10778cb0282b
1777356523438,16365632990066,1.8770541,3.3686419,9.291897,-0.022602014,0.0,0.0030543262,JERKING,10778cb0282b
1777356523446,16365640987301,1.8914193,3.3925838,9.351752,-0.017715093,-0.0012217305,0.0036651916,JERKING,10778cb0282b
1777356523454,16365648980846,1.946486,3.359065,9.334992,-0.009773844,-0.012217305,0.0030543262,JERKING,10778cb0282b
1777356523462,16365656977389,2.0039468,3.335123,9.26556,-0.005497787,-0.018325957,0.002443461,JERKING,10778cb0282b
1777356523470,16365664974011,2.0494366,3.3039982,9.13388,-0.0018325958,-0.02076942,0.0018325958,JERKING,10778cb0282b
1777356523478,16365672968554,2.0254946,3.289633,8.983045,0.0018325958,-0.018936822,0.002443461,JERKING,10778cb0282b
1777356523486,16365680965405,1.99437,3.3494883,8.872911,0.0030543262,-0.009162978,0.004276057,JERKING,10778cb0282b
1777356523494,16365688991258,1.9560628,3.3997664,8.880095,6.1086525E-4,0.007330383,0.0012217305,JERKING,10778cb0282b
1777356523502,16365696986647,1.9033904,3.466804,8.9758625,-0.002443461,0.015882496,-6.1086525E-4,JERKING,10778cb0282b
1777356523510,16365704981422,1.8650831,3.5194764,9.0716305,-0.004886922,0.017715093,-0.0030543262,JERKING,10778cb0282b
1777356523518,16365712977427,1.8339585,3.526659,9.083601,-0.004886922,0.014049901,-0.0012217305,JERKING,10778cb0282b
1777356523526,16365720974049,1.7980455,3.478775,9.069236,-0.004886922,0.0061086523,-0.004886922,JERKING,10778cb0282b
1777356523534,16365728969439,1.8076223,3.4093432,8.992621,-0.004276057,-0.0012217305,-0.0036651916,JERKING,10778cb0282b
1777356523542,16365736963290,1.8483237,3.2585084,8.92319,-0.0036651916,-0.007330383,-0.0018325958,JERKING,10778cb0282b
1777356523550,16365744990680,1.8986019,3.1268275,8.90643,-0.0030543262,-0.009162978,-0.0036651916,JERKING,10778cb0282b
1777356523558,16365752984916,1.8866309,3.0119057,8.868123,0.0018325958,-0.0067195175,-0.004276057,JERKING,10778cb0282b
1777356523566,16365760980845,1.8531121,2.9472623,8.803479,0.017104227,0.0030543262,-0.0067195175,JERKING,10778cb0282b
1777356523574,16365768977235,1.7597382,3.0142999,8.683769,0.032375857,0.01038471,-0.007330383,JERKING,10778cb0282b
1777356523582,16365776972317,1.7142484,2.8419175,8.391677,0.055588737,0.027488936,-0.0036651916,JERKING,10778cb0282b
1777356523590,16365784968938,1.8195933,2.7102363,8.377312,0.05009095,0.022602014,0.013439035,JERKING,10778cb0282b
1777356523598,16365792964636,1.9895816,2.6384103,8.690952,0.02565634,0.053145275,0.021380283,JERKING,10778cb0282b
1777356523606,16365800991103,2.0087352,2.765303,9.13388,0.017715093,0.076358154,0.004886922,JERKING,10778cb0282b
1777356523614,16365808984877,1.922544,3.241749,9.821015,0.021991149,0.061086524,-0.017715093,JERKING,10778cb0282b
1777356523622,16365816983959,2.0590134,3.751714,10.218452,0.043982297,0.007330383,-0.004276057,JERKING,10778cb0282b
1777356523630,16365824977811,2.2816741,4.309563,10.340557,0.07269296,-0.04886922,0.012217305,JERKING,10778cb0282b
1777356523638,16365832973201,2.3511062,4.7165775,10.204087,0.09712757,-0.062308256,0.009773844,JERKING,10778cb0282b
1777356523646,16365840970515,2.243367,5.0421886,9.940725,0.08857546,-0.044593163,-0.0018325958,JERKING,10778cb0282b
1777356523654,16365848966212,2.0925324,5.29358,9.557653,0.05497787,-0.021380283,-0.005497787,JERKING,10778cb0282b
1777356523662,16365856989833,1.9991584,5.0278234,9.105149,0.014660766,0.004886922,0.0067195175,JERKING,10778cb0282b
1777356523670,16365864986531,1.9297266,4.1180267,8.659827,-0.048258353,0.035430185,0.026267206,JERKING,10778cb0282b
1777356523678,16365872982228,1.8387469,3.3806129,8.504205,-0.095294975,0.049480084,0.029321533,JERKING,10778cb0282b
1777356523686,16365880976696,1.6591818,2.8299465,8.4587145,-0.116675265,0.06352998,0.020158553,JERKING,10778cb0282b
1777356523694,16365888971701,1.5729905,2.6288335,8.497022,-0.106901415,0.053145275,0.015271631,JERKING,10778cb0282b
1777356523702,16365896968706,1.6256629,2.633622,8.607155,-0.07574729,0.013439035,0.01282817,JERKING,10778cb0282b
1777356523710,16365904963173,1.7932571,2.8778305,8.74123,-0.017104227,-0.056199603,0.010995574,JERKING,10778cb0282b
1777356523718,16365912991101,2.0757728,3.1986535,8.896853,0.015271631,-0.07452556,0.009162978,JERKING,10778cb0282b
1777356523726,16365920986184,2.3319526,3.5410242,9.136273,0.021380283,-0.055588737,0.005497787,JERKING,10778cb0282b
1777356523734,16365928981882,2.3822308,3.739743,9.28232,0.008552114,-0.017104227,-0.0036651916,JERKING,10778cb0282b
1777356523742,16365936977348,2.1739352,3.727772,9.361329,-0.009162978,0.026267206,-0.008552114,JERKING,10778cb0282b
1777356523750,16365944972047,1.8914193,3.6176388,9.325416,-0.032375857,0.057421334,-0.009773844,JERKING,10778cb0282b
1777356523758,16365952968744,1.6591818,3.3566709,9.246407,-0.03848451,0.052534413,-0.0061086523,JERKING,10778cb0282b
1777356523766,16365960964750,1.5705963,3.2034419,9.179369,-0.032986723,0.03481932,-6.1086525E-4,JERKING,10778cb0282b
1777356523774,16365968989986,1.6448165,3.122039,9.155427,-0.020158553,0.01038471,0.0067195175,JERKING,10778cb0282b
1777356523782,16365976984375,1.7597382,3.1004913,9.100361,-0.0030543262,-0.03481932,0.009162978,JERKING,10778cb0282b
1777356523790,16365984981689,1.8459295,3.1771057,9.054871,0.01160644,-0.059253927,0.0061086523,JERKING,10778cb0282b
1777356523798,16365992976156,2.0207062,3.3207579,8.956709,0.019547688,-0.059253927,0.0036651916,JERKING,10778cb0282b
1777356523806,16366000972085,2.1092918,3.4476504,8.937555,0.016493361,-0.04520403,0.0030543262,JERKING,10778cb0282b
1777356523814,16366008966859,2.1571758,3.5410242,8.959103,0.009162978,-0.022602014,-0.002443461,JERKING,10778cb0282b
1777356523822,16366016992710,2.0757728,3.5338416,8.966286,-0.004276057,0.012217305,-0.0067195175,JERKING,10778cb0282b
1777356523830,16366024989716,1.8938135,3.514688,9.009381,-0.01160644,0.023823744,-0.009773844,JERKING,10778cb0282b
1777356523838,16366032985952,1.8219875,3.4524388,9.035717,-0.01160644,0.021991149,-0.004276057,JERKING,10778cb0282b
1777356523846,16366040980189,1.8315643,3.3997664,9.02614,-0.008552114,0.01160644,6.1086525E-4,JERKING,10778cb0282b
1777356523854,16366048977348,1.8315643,3.3614593,9.011775,-0.004276057,-0.01160644,6.1086525E-4,JERKING,10778cb0282b
1777356523862,16366056971583,1.8842367,3.3542767,9.006987,-0.0018325958,-0.019547688,0.0012217305,JERKING,10778cb0282b
1777356523870,16366064966359,1.934515,3.347094,9.002198,-0.002443461,-0.018936822,0.0012217305,JERKING,10778cb0282b
1777356523878,16366072964133,1.9560628,3.3614593,9.062054,-0.005497787,-0.007941248,-0.002443461,JERKING,10778cb0282b
1777356523886,16366080989677,1.9153614,3.3901896,9.155427,-0.005497787,0.0036651916,-0.0036651916,JERKING,10778cb0282b
1777356523894,16366088984452,1.9033904,3.3973722,9.203311,-0.002443461,0.007941248,-0.002443461,JERKING,10778cb0282b
1777356523902,16366096979534,1.8938135,3.41892,9.220071,0.0018325958,6.1086525E-4,-0.0030543262,JERKING,10778cb0282b
1777356523910,16366104978078,1.9033904,3.4404678,9.143456,0.008552114,-0.007941248,0.0,JERKING,10778cb0282b
1777356523918,16366112971237,1.934515,3.4620156,9.0716305,0.008552114,-0.016493361,0.0012217305,JERKING,10778cb0282b
1777356523926,16366120967320,1.9752164,3.466804,8.987833,0.01038471,-0.018325957,6.1086525E-4,JERKING,10778cb0282b
1777356523934,16366128994094,1.9895816,3.4620156,8.92319,0.008552114,-0.014049901,0.0012217305,JERKING,10778cb0282b
1777356523942,16366136989099,2.0039468,3.4763808,8.961497,0.0030543262,-0.007330383,6.1086525E-4,JERKING,10778cb0282b
1777356523950,16366144986951,2.006341,3.4644098,9.066842,-0.0036651916,0.0018325958,6.1086525E-4,JERKING,10778cb0282b
1777356523958,16366152979649,1.9752164,3.4452562,9.141062,-0.0067195175,0.008552114,-0.0012217305,JERKING,10778cb0282b
1777356523966,16366160978039,1.9488802,3.3973722,9.16261,-0.004276057,0.0067195175,-0.002443461,JERKING,10778cb0282b
1777356523974,16366168970967,1.9249382,3.3973722,9.13388,-6.1086525E-4,0.0036651916,-0.0018325958,JERKING,10778cb0282b
1777356523982,16366176966742,1.9033904,3.3854012,9.14585,6.1086525E-4,0.0012217305,-0.002443461,JERKING,10778cb0282b
1777356523990,16366184992517,1.8842367,3.3806129,9.148245,6.1086525E-4,-0.0012217305,-0.0030543262,JERKING,10778cb0282b
1777356523998,16366192989753,1.8938135,3.3901896,9.186552,0.0030543262,-0.0018325958,-0.002443461,JERKING,10778cb0282b
1777356524006,16366200983682,1.9201498,3.3973722,9.157822,0.0067195175,-0.0036651916,-0.0012217305,JERKING,10778cb0282b
1777356524014,16366208979994,1.9249382,3.4141316,9.126697,0.008552114,-0.005497787,-0.0012217305,JERKING,10778cb0282b
1777356524022,16366216974769,1.946486,3.4356794,9.114726,0.009773844,-0.010995574,0.0,JERKING,10778cb0282b
1777356524030,16366224972544,1.9560628,3.4739866,9.13388,0.007941248,-0.0036651916,-0.0030543262,JERKING,10778cb0282b
1777356524038,16366232967395,1.946486,3.5218706,9.097966,0.008552114,6.1086525E-4,-0.002443461,JERKING,10778cb0282b
1777356524046,16366240993247,1.9081788,3.5482068,9.01417,0.012217305,0.0030543262,-6.1086525E-4,JERKING,10778cb0282b
1777356524054,16366248987329,1.9057846,3.560178,8.939949,0.01038471,-6.1086525E-4,-0.0018325958,JERKING,10778cb0282b
1777356524062,16366256983028,1.9129672,3.5529952,8.942344,0.004886922,-0.002443461,0.0,JERKING,10778cb0282b
1777356524070,16366264979956,1.9656396,3.5242648,8.980651,0.0012217305,-0.005497787,0.0,JERKING,10778cb0282b
1777356524078,16366272976576,1.99437,3.5098996,9.016563,-0.0030543262,-0.0030543262,6.1086525E-4,JERKING,10778cb0282b
1777356524086,16366280970121,1.9991584,3.502717,9.054871,-0.0067195175,0.0,0.0,JERKING,10778cb0282b
1777356524094,16366288968279,1.9919758,3.454833,9.095572,-0.008552114,0.0036651916,0.0,JERKING,10778cb0282b
1777356524102,16366296993824,1.9776106,3.4261026,9.112331,-0.010995574,0.007941248,6.1086525E-4,JERKING,10778cb0282b
1777356524110,16366304990829,1.9536686,3.4117374,9.129091,-0.007330383,0.007330383,0.0018325958,JERKING,10778cb0282b
1777356524118,16366312984680,1.9440918,3.4165258,9.157822,-0.004276057,0.0036651916,0.0,JERKING,10778cb0282b
1777356524126,16366320981917,1.9297266,3.4931402,9.181764,-0.005497787,0.005497787,0.0,JERKING,10778cb0282b
1777356524134,16366328977922,1.8818425,3.5003228,9.167398,-0.0030543262,0.009162978,0.0018325958,JERKING,10778cb0282b
1777356524142,16366336971697,1.8770541,3.5098996,9.174581,-0.004886922,0.0061086523,-6.1086525E-4,JERKING,10778cb0282b
1777356524150,16366344966241,1.8770541,3.4835634,9.16261,-0.007941248,-0.002443461,0.0,JERKING,10778cb0282b
1777356524158,16366352994784,1.8722657,3.4859576,9.14585,-0.007941248,-0.004886922,-6.1086525E-4,JERKING,10778cb0282b
1777356524166,16366360989559,1.946486,3.454833,9.088389,-0.005497787,-0.009773844,0.0012217305,JERKING,10778cb0282b
1777356524174,16366368984026,1.970428,3.4596214,9.028535,-0.0018325958,-0.013439035,0.0036651916,JERKING,10778cb0282b
1777356524182,16366376980032,2.0135236,3.4715924,9.002198,-0.004276057,-0.014660766,0.0036651916,JERKING,10778cb0282b
1777356524190,16366384976960,2.0111294,3.4715924,8.99741,-0.01038471,-0.004276057,0.002443461,JERKING,10778cb0282b
1777356524198,16366392970811,1.9967642,3.4332852,9.002198,-0.01038471,0.0012217305,6.1086525E-4,JERKING,10778cb0282b
1777356524206,16366400967433,1.9728222,3.406949,8.973468,-0.010995574,0.0061086523,-6.1086525E-4,JERKING,10778cb0282b
1777356524214,16366408993284,1.946486,3.4165258,8.949526,-0.009773844,0.0061086523,-6.1086525E-4,JERKING,10778cb0282b
1777356524222,16366416987213,1.9273324,3.4165258,8.966286,-0.009773844,0.0067195175,0.0012217305,JERKING,10778cb0282b
1777356524230,16366424985603,1.922544,3.4213142,8.990228,-0.010995574,0.005497787,6.1086525E-4,JERKING,10778cb0282b
1777356524238,16366432978531,1.9153614,3.41892,9.0476885,-0.01160644,0.0061086523,0.0012217305,JERKING,10778cb0282b
1777356524246,16366440976690,1.8914193,3.4332852,9.081207,-0.01038471,0.007941248,0.0018325958,JERKING,10778cb0282b
1777356524254,16366448972388,1.8866309,3.394978,9.105149,-0.009773844,0.0067195175,0.0018325958,JERKING,10778cb0282b
1777356524262,16366456965625,1.8914193,3.383007,9.100361,-0.009162978,0.002443461,0.0012217305,JERKING,10778cb0282b
1777356524270,16366464962322,1.8986019,3.3159695,9.074024,-0.0061086523,0.0,6.1086525E-4,JERKING,10778cb0282b
1777356524278,16366472986865,1.9249382,3.2992098,9.035717,-0.004276057,-0.002443461,6.1086525E-4,JERKING,10778cb0282b
1777356524286,16366480984102,1.9153614,3.2393548,8.92319,0.0030543262,-0.004886922,0.002443461,JERKING,10778cb0282b
1777356524294,16366488978876,1.9177556,2.885013,8.659827,0.015271631,-0.0036651916,0.0036651916,JERKING,10778cb0282b
1777356524302,16366496975806,1.8124107,2.6192567,8.408437,0.021380283,-0.008552114,-0.0067195175,JERKING,10778cb0282b
1777356524310,16366504969734,1.7429788,2.5594015,8.276755,0.030543262,-0.0061086523,-0.010995574,JERKING,10778cb0282b
1777356524318,16366512968431,1.8602947,2.303222,7.9750857,0.061086524,0.022602014,-0.007941248,JERKING,10778cb0282b
1777356524326,16366520994591,1.7717092,2.267309,8.030152,0.07391469,0.009162978,-0.025045475,JERKING,10778cb0282b
1777356524334,16366528987827,1.7405846,2.789245,8.736442,0.048258353,-0.032375857,-0.057421334,JERKING,10778cb0282b
1777356524342,16366536983525,1.922544,3.1866825,9.6845455,0.029321533,-0.02076942,-0.070249505,JERKING,10778cb0282b
1777356524350,16366544980530,2.2146366,3.58412,10.551247,0.021380283,-0.018325957,-0.08735373,JERKING,10778cb0282b
1777356524358,16366552974304,2.2361844,3.7900212,10.869676,0.031154128,-0.06536258,-0.11301007,JERKING,10778cb0282b
1777356524366,16366560970003,2.0494366,4.232949,10.8624935,0.0421497,-0.1386664,-0.14721853,JERKING,10778cb0282b
1777356524374,16366568964854,1.6376339,4.936844,10.728417,0.045814894,-0.17592919,-0.14538592,JERKING,10778cb0282b
1777356524382,16366576992783,1.5011644,5.595249,10.048465,0.059864793,-0.13439035,-0.087964594,JERKING,10778cb0282b
1777356524390,16366584989480,1.7932571,5.7628436,9.306262,0.052534413,-0.018325957,-0.0036651916,JERKING,10778cb0282b
1777356524398,16366592982716,2.4396915,5.5760956,8.980651,0.004276057,0.06780604,0.059864793,JERKING,10778cb0282b
1777356524406,16366600979645,2.7030537,4.4316673,8.738836,-0.054367006,0.039095376,0.08368854,JERKING,10778cb0282b
1777356524414,16366608973419,2.3750482,3.0693667,8.300697,-0.08307768,-0.025045475,0.065973446,JERKING,10778cb0282b
1777356524422,16366616969425,1.9153614,2.315193,8.013393,-0.11362094,-0.020158553,0.05375614,JERKING,10778cb0282b
1777356524430,16366624965430,1.6304513,2.2481554,7.8984714,-0.12034045,0.05375614,0.0421497,JERKING,10778cb0282b
1777356524438,16366632992512,1.7429788,2.5210943,8.080431,-0.09101892,0.12156218,0.0421497,JERKING,10778cb0282b
1777356524446,16366640987595,1.9273324,2.9017725,8.492233,-0.02321288,0.09101892,0.031154128,JERKING,10778cb0282b
1777356524454,16366648981754,2.0470424,3.3183637,8.985439,0.02076942,0.018936822,0.014049901,JERKING,10778cb0282b
1777356524462,16366656978452,2.1523874,3.6631286,9.308656,0.03726278,-0.007330383,0.0,JERKING,10778cb0282b
1777356524470,16366664974073,2.1691468,3.9073372,9.519346,0.026267206,0.015882496,-0.010995574,JERKING,10778cb0282b
1777356524478,16366672970385,1.958457,3.8881836,9.607931,-0.015882496,0.06291912,-0.014660766,JERKING,10778cb0282b
1777356524486,16366680966084,1.7549498,3.620033,9.52174,-0.04642576,0.06291912,-0.0067195175,JERKING,10778cb0282b
1777356524494,16366688992012,1.6328455,3.2561142,9.332599,-0.05375614,0.044593163,0.0067195175,JERKING,10778cb0282b
1777356524502,16366696986710,1.6543933,2.9903579,9.176975,-0.04520403,0.018936822,0.014049901,JERKING,10778cb0282b
1777356524510,16366704983023,1.7932571,2.8778305,9.14585,-0.02565634,-0.010995574,0.017715093,JERKING,10778cb0282b
1777356524518,16366712977797,1.934515,2.932897,9.121908,0.004886922,-0.048258353,0.014049901,JERKING,10778cb0282b
1777356524526,16366720975111,2.0350714,3.107674,9.057265,0.022602014,-0.056199603,0.009773844,JERKING,10778cb0282b
1777356524534,16366728968347,2.1164744,3.3638535,9.030929,0.028099801,-0.043982297,0.0067195175,JERKING,10778cb0282b
1777356524542,16366736965199,2.1164744,3.5098996,8.973468,0.028099801,-0.02076942,6.1086525E-4,JERKING,10778cb0282b
1777356524550,16366744990435,2.0278888,3.643975,8.913613,0.014049901,0.008552114,-0.0018325958,JERKING,10778cb0282b
1777356524558,16366752988595,1.9273324,3.6727054,8.932767,6.1086525E-4,0.022602014,-0.004886922,JERKING,10778cb0282b
1777356524566,16366760982523,1.8411411,3.5984852,8.959103,-0.007330383,0.023823744,-0.0061086523,JERKING,10778cb0282b
1777356524574,16366768976912,1.8100165,3.5075054,8.995016,-0.01160644,0.007941248,-0.0036651916,JERKING,10778cb0282b
1777356524582,16366776975687,1.8291701,3.4045548,8.983045,-0.014049901,-0.0061086523,-0.0018325958,JERKING,10778cb0282b
1777356524590,16366784968308,1.8938135,3.3255463,8.992621,-0.009773844,-0.014660766,0.0030543262,JERKING,10778cb0282b
1777356524598,16366792964314,1.9776106,3.3207579,8.985439,-0.005497787,-0.016493361,0.004276057,JERKING,10778cb0282b
1777356524606,16366800991780,2.0231004,3.3159695,9.095572,-0.0061086523,-0.010995574,0.004276057,JERKING,10778cb0282b
1777356524614,16366808987170,2.0470424,3.3423057,9.200917,-0.004886922,0.0018325958,0.0012217305,JERKING,10778cb0282b
1777356524622,16366816981638,1.9776106,3.3662477,9.244013,-0.0030543262,0.015271631,-0.0036651916,JERKING,10778cb0282b
1777356524630,16366824980104,1.9081788,3.383007,9.270349,0.0,0.018325957,-0.004276057,JERKING,10778cb0282b
1777356524638,16366832973572,1.8459295,3.4261026,9.241618,0.005497787,0.014660766,-0.004276057,JERKING,10778cb0282b
1777356524646,16366840970269,1.8195933,3.4261026,9.19134,0.01160644,0.004886922,-0.0030543262,JERKING,10778cb0282b
1777356524654,16366848964428,1.8363527,3.4261026,9.078813,0.013439035,-0.0061086523,0.0012217305,JERKING,10778cb0282b
1777356524662,16366856989588,1.9081788,3.4332852,9.004593,0.014049901,-0.017104227,0.004886922,JERKING,10778cb0282b
1777356524670,16366864985670,1.9632454,3.4332852,8.9519205,0.014049901,-0.020158553,0.004886922,JERKING,10778cb0282b
1777356524678,16366872982522,2.0039468,3.4165258,8.942344,0.009773844,-0.016493361,0.0036651916,JERKING,10778cb0282b
1777356524686,16366880978912,2.006341,3.430891,8.959103,0.004276057,-0.0036651916,6.1086525E-4,JERKING,10778cb0282b
1777356524694,16366888973994,1.9512744,3.41892,9.016563,0.002443461,0.007941248,-0.0012217305,JERKING,10778cb0282b
1777356524702,16366896969384,1.934515,3.4141316,9.107543,6.1086525E-4,0.019547688,-0.0036651916,JERKING,10778cb0282b
1777356524710,16366904963851,1.8579005,3.4380736,9.143456,6.1086525E-4,0.017715093,-0.0036651916,JERKING,10778cb0282b
1777356524718,16366912990857,1.8435353,3.442862,9.176975,0.0030543262,0.013439035,-0.0036651916,JERKING,10778cb0282b
1777356524726,16366920988785,1.8363527,3.4452562,9.174581,0.004886922,0.005497787,-0.0018325958,JERKING,10778cb0282b
1777356524734,16366928983790,1.8555063,3.4452562,9.160215,0.005497787,-0.002443461,0.0012217305,JERKING,10778cb0282b
1777356524742,16366936977411,1.8746599,3.4380736,9.148245,0.0061086523,-0.005497787,0.0012217305,JERKING,10778cb0282b
1777356524750,16366944973032,1.9033904,3.4404678,9.14585,0.007330383,-0.009162978,0.0,JERKING,10778cb0282b
1777356524758,16366952967807,1.9416976,3.4284968,9.14585,0.007941248,-0.007330383,0.0018325958,JERKING,10778cb0282b
1777356524766,16366960994350,1.946486,3.454833,9.102755,0.008552114,-0.004276057,6.1086525E-4,JERKING,10778cb0282b
1777356524774,16366968989048,1.9488802,3.5003228,9.097966,0.007330383,-0.002443461,6.1086525E-4,JERKING,10778cb0282b
1777356524782,16366976985746,1.958457,3.5553896,9.0476885,0.010995574,-0.0012217305,0.0,JERKING,10778cb0282b
1777356524790,16366984982366,1.9321208,3.6152446,9.004593,0.008552114,-0.0018325958,-0.0012217305,JERKING,10778cb0282b
1777356524798,16366992978065,1.9177556,3.6272156,8.9758625,0.0061086523,0.0,-6.1086525E-4,JERKING,10778cb0282b
1777356524806,16367000975916,1.9393034,3.5769374,8.978256,0.0,6.1086525E-4,-0.0012217305,JERKING,10778cb0282b
1777356524814,16367008969152,1.9656396,3.5458126,8.995016,-0.004886922,0.0,0.0012217305,JERKING,10778cb0282b
1777356524822,16367016966389,1.9440918,3.478775,9.01417,-0.009773844,6.1086525E-4,-0.0012217305,JERKING,10778cb0282b
1777356524830,16367024990932,1.934515,3.4404678,9.038112,-0.013439035,0.0018325958,0.0,JERKING,10778cb0282b
1777356524838,16367032985476,1.9321208,3.4045548,9.088389,-0.01282817,0.002443461,6.1086525E-4,JERKING,10778cb0282b
1777356524846,16367040981482,1.9249382,3.3806129,9.138668,-0.01038471,0.005497787,0.0018325958,JERKING,10778cb0282b
1777356524854,16367048977410,1.9393034,3.3877954,9.184157,-0.01038471,0.005497787,0.0018325958,JERKING,10778cb0282b
1777356524862,16367056971339,1.9416976,3.3973722,9.222465,-0.007941248,0.004886922,6.1086525E-4,JERKING,10778cb0282b
1777356524870,16367064967882,1.9273324,3.4380736,9.200917,-0.0018325958,0.002443461,6.1086525E-4,JERKING,10778cb0282b
1777356524878,16367072993196,1.9393034,3.4763808,9.13388,0.0012217305,-0.0018325958,6.1086525E-4,JERKING,10778cb0282b
1777356524886,16367080989739,1.934515,3.502717,9.102755,0.0,-0.002443461,0.0018325958,JERKING,10778cb0282b
1777356524894,16367088984821,1.946486,3.5218706,9.136273,-0.004276057,-0.0012217305,0.0036651916,JERKING,10778cb0282b
1777356524902,16367096982981,1.9656396,3.4979286,9.143456,-0.007941248,-6.1086525E-4,0.002443461,JERKING,10778cb0282b
1777356524910,16367104976294,1.9656396,3.4572272,9.112331,-0.009773844,-0.0018325958,0.004276057,JERKING,10778cb0282b
1777356524918,16367112971377,1.9369092,3.4213142,9.035717,-0.007330383,6.1086525E-4,6.1086525E-4,JERKING,10778cb0282b
1777356524926,16367120967382,1.9249382,3.4141316,8.987833,-0.009162978,-6.1086525E-4,0.0012217305,JERKING,10778cb0282b
1777356524934,16367128995310,1.9249382,3.4093432,8.966286,-0.0067195175,-6.1086525E-4,0.0012217305,JERKING,10778cb0282b
1777356524942,16367136989778,1.9249382,3.41892,8.935161,-0.004276057,-6.1086525E-4,0.0030543262,JERKING,10778cb0282b
1777356524950,16367144986398,1.9608512,3.4644098,8.961497,-0.004886922,-0.005497787,0.0036651916,JERKING,10778cb0282b
1777356524958,16367152980558,1.9871874,3.4596214,9.006987,-0.007941248,-0.0030543262,0.0030543262,JERKING,10778cb0282b
1777356524966,16367160977486,1.970428,3.4284968,8.980651,-0.007941248,0.0,0.002443461,JERKING,10778cb0282b
1777356524974,16367168972029,1.9536686,3.3255463,8.942344,-0.005497787,0.0030543262,0.0,JERKING,10778cb0282b
1777356524982,16367176968882,1.8986019,3.2010477,8.8777,-0.004276057,0.004276057,-0.0012217305,JERKING,10778cb0282b
1777356524990,16367184965887,1.8842367,3.0693667,8.820239,-0.0012217305,0.002443461,-0.004276057,JERKING,10778cb0282b
1777356524998,16367192991739,1.8650831,2.9520507,8.822633,0.0036651916,0.009773844,-0.0036651916,JERKING,10778cb0282b
1777356525006,16367200986128,1.8363527,2.7581203,8.798691,0.007941248,0.010995574,-0.008552114,JERKING,10778cb0282b
1777356525014,16367208981210,1.7669208,2.7461493,8.875306,0.009773844,-6.1086525E-4,-0.018325957,JERKING,10778cb0282b
1777356525022,16367216978139,1.721431,2.8682537,8.9279785,0.020158553,0.0018325958,-0.02321288,JERKING,10778cb0282b
1777356525030,16367224972606,1.8507179,2.7940333,8.793902,0.053145275,-0.0012217305,-0.02321288,JERKING,10778cb0282b
1777356525038,16367232967689,1.8986019,2.870648,8.930372,0.04886922,-0.04886922,-0.03176499,JERKING,10778cb0282b
1777356525046,16367240964002,1.9728222,3.0597897,9.478644,0.021380283,-0.08246681,-0.047036625,JERKING,10778cb0282b
1777356525054,16367248988699,2.0590134,3.301604,10.010158,-0.0036651916,-0.08857546,-0.06414085,JERKING,10778cb0282b
1777356525062,16367256987397,1.946486,3.6535518,10.280702,-0.010995574,-0.08307768,-0.081855945,JERKING,10778cb0282b
1777356525070,16367264980325,1.8531121,3.9097314,10.070012,0.01160644,-0.10262536,-0.08735373,JERKING,10778cb0282b
1777356525078,16367272975793,1.6519991,4.331111,9.576807,0.03359759,-0.12522738,-0.077579886,JERKING,10778cb0282b
1777356525086,16367280970490,1.6783354,4.7165775,9.119514,0.04642576,-0.12156218,-0.042760566,JERKING,10778cb0282b
1777356525094,16367288968111,2.0614076,4.999093,8.702923,0.06291912,-0.042760566,0.029321533,JERKING,10778cb0282b
1777356525102,16367296994809,2.5689783,5.2504845,8.75799,0.035430185,0.053145275,0.06291912,JERKING,10778cb0282b
1777356525110,16367304989968,2.56419,5.068525,9.093178,-0.009162978,0.04520403,0.027488936,JERKING,10778cb0282b
1777356525118,16367312984128,2.171541,4.1036615,9.160215,-0.04886922,0.004276057,0.0036651916,JERKING,10778cb0282b
1777356525126,16367320981287,2.0949266,3.3063924,9.085996,-0.087964594,0.002443461,0.019547688,JERKING,10778cb0282b
1777356525134,16367328976446,1.9919758,2.7006595,8.7771435,-0.10140363,0.044593163,0.032986723,JERKING,10778cb0282b
1777356525142,16367336972067,1.8267759,2.480393,8.516175,-0.08246681,0.095294975,0.032986723,JERKING,10778cb0282b
1777356525150,16367344966610,1.7022774,2.492364,8.50181,-0.056199603,0.10140363,0.03481932,JERKING,10778cb0282b
1777356525158,16367352993309,1.7549498,2.765303,8.6813755,-0.02076942,0.093462385,0.03604105,JERKING,10778cb0282b
1777356525166,16367360988391,1.8602947,3.083732,9.009381,0.010995574,0.073303826,0.032986723,JERKING,10778cb0282b
1777356525174,16367368984089,1.9321208,3.454833,9.414001,0.030543262,0.044593163,0.01038471,JERKING,10778cb0282b
1777356525182,16367376981017,1.9057846,3.6727054,9.624691,0.027488936,0.028099801,-0.0030543262,JERKING,10778cb0282b
1777356525190,16367384976099,1.8291701,3.7181952,9.624691,0.01282817,0.017715093,-0.007330383,JERKING,10778cb0282b
1777356525198,16367392970259,1.7860745,3.5817258,9.41879,-0.004886922,0.004886922,-0.0030543262,JERKING,10778cb0282b
1777356525206,16367400967495,1.7549498,3.3255463,9.102755,-0.016493361,-0.01160644,0.005497787,JERKING,10778cb0282b
1777356525214,16367408994039,1.8267759,3.1627405,8.860941,-0.012217305,-0.026267206,0.017104227,JERKING,10778cb0282b
1777356525222,16367416989659,1.9297266,3.0765493,8.765172,-0.0012217305,-0.029321533,0.017715093,JERKING,10778cb0282b
1777356525230,16367424984126,2.0638018,3.1268275,8.765172,0.0061086523,-0.029321533,0.014660766,JERKING,10778cb0282b
1777356525238,16367432978901,2.0829554,3.2992098,8.858546,0.01038471,-0.018936822,0.004886922,JERKING,10778cb0282b
1777356525246,16367440978060,2.0566192,3.4620156,8.99741,0.008552114,0.005497787,-0.0018325958,JERKING,10778cb0282b
1777356525254,16367448969989,1.9632454,3.5434184,9.095572,-6.1086525E-4,0.019547688,-0.004886922,JERKING,10778cb0282b
1777356525262,16367456967533,1.8794483,3.5745432,9.212888,-0.004886922,0.025045475,-0.004276057,JERKING,10778cb0282b
1777356525270,16367464993461,1.8387469,3.550601,9.217676,-0.009162978,0.02076942,-0.0036651916,JERKING,10778cb0282b
1777356525278,16367472987851,1.8507179,3.4739866,9.141062,-0.0061086523,0.007941248,-0.0018325958,JERKING,10778cb0282b
1777356525286,16367480984549,1.8483237,3.3854012,9.095572,-0.002443461,-0.009773844,-6.1086525E-4,JERKING,10778cb0282b
1777356525294,16367488979632,1.8986019,3.3614593,9.062054,6.1086525E-4,-0.016493361,0.0018325958,JERKING,10778cb0282b
1777356525302,16367496975329,1.9728222,3.3423057,9.054871,0.0018325958,-0.018936822,0.0036651916,JERKING,10778cb0282b
1777356525310,16367504969796,2.030283,3.335123,9.054871,0.0018325958,-0.017104227,0.005497787,JERKING,10778cb0282b
1777356525318,16367512967032,2.0590134,3.371036,9.085996,0.0030543262,-0.008552114,0.0018325958,JERKING,10778cb0282b
1777356525326,16367520993114,2.0039468,3.4117374,9.081207,0.0036651916,0.0036651916,0.0,JERKING,10778cb0282b
1777356525334,16367528987967,1.970428,3.4596214,9.083601,0.004276057,0.010995574,-0.002443461,JERKING,10778cb0282b
1777356525342,16367536982664,1.9177556,3.4835634,9.105149,0.004276057,0.009773844,-0.002443461,JERKING,10778cb0282b
1777356525350,16367544978977,1.8842367,3.514688,9.121908,0.002443461,0.01038471,-0.0030543262,JERKING,10778cb0282b
1777356525358,16367552975367,1.8794483,3.4883518,9.097966,0.0018325958,0.0018325958,-6.1086525E-4,JERKING,10778cb0282b
1777356525366,16367560972218,1.8818425,3.4644098,9.064447,0.0012217305,-0.004276057,6.1086525E-4,JERKING,10778cb0282b
1777356525374,16367568965532,1.9369092,3.430891,9.045294,0.0012217305,-0.007941248,0.0018325958,JERKING,10778cb0282b
1777356525382,16367576992537,1.9728222,3.406949,9.052477,-6.1086525E-4,-0.008552114,0.0018325958,JERKING,10778cb0282b
1777356525390,16367584989465,1.9991584,3.3997664,9.088389,-0.0030543262,-0.005497787,0.0018325958,JERKING,10778cb0282b
1777356525398,16367592983087,1.9991584,3.3973722,9.109938,-0.0030543262,0.0030543262,-6.1086525E-4,JERKING,10778cb0282b
1777356525406,16367600981169,1.9656396,3.4117374,9.129091,-6.1086525E-4,0.007941248,0.0,JERKING,10778cb0282b
1777356525414,16367608975944,1.9153614,3.41892,9.124303,0.0,0.010995574,-0.002443461,JERKING,10778cb0282b
1777356525422,16367616971718,1.8698715,3.4237084,9.121908,0.0012217305,0.01038471,-0.002443461,JERKING,10778cb0282b
1777356525430,16367624965877,1.8650831,3.4165258,9.114726,0.002443461,0.0018325958,-0.0018325958,JERKING,10778cb0282b
1777356525438,16367632991421,1.8507179,3.3854012,9.102755,0.0030543262,-6.1086525E-4,0.0,JERKING,10778cb0282b
1777356525446,16367640989196,1.8722657,3.3686419,9.095572,0.0036651916,-0.0036651916,0.0012217305,JERKING,10778cb0282b
1777356525454,16367648984048,1.8722657,3.371036,9.057265,0.005497787,-0.004886922,-0.0012217305,JERKING,10778cb0282b
1777356525462,16367656979976,1.8770541,3.3518825,9.035717,0.0061086523,-0.004276057,-6.1086525E-4,JERKING,10778cb0282b
1777356525470,16367664975442,1.9201498,3.359065,9.078813,0.0061086523,-0.0030543262,0.0012217305,JERKING,10778cb0282b
1777356525478,16367672970218,1.934515,3.3925838,9.112331,0.0061086523,6.1086525E-4,-6.1086525E-4,JERKING,10778cb0282b
1777356525486,16367680965838,1.934515,3.4883518,9.131485,0.01038471,0.007330383,-0.0030543262,JERKING,10778cb0282b
1777356525494,16367688990767,1.8746599,3.5625722,9.085996,0.014660766,0.007941248,-0.0036651916,JERKING,10778cb0282b
1777356525502,16367696989618,1.9009962,3.6056678,9.045294,0.014049901,0.002443461,0.0,JERKING,10778cb0282b
1777356525510,16367704984393,1.9201498,3.5889084,9.011775,0.009162978,-0.002443461,-6.1086525E-4,JERKING,10778cb0282b
1777356525518,16367712978168,1.958457,3.5529952,9.066842,6.1086525E-4,-0.007330383,0.0,JERKING,10778cb0282b
1777356525526,16367720975173,1.9895816,3.5218706,9.076419,-0.004276057,-0.007941248,0.0018325958,JERKING,10778cb0282b
1777356525534,16367728969948,1.9991584,3.4835634,9.081207,-0.0036651916,-0.007941248,0.002443461,JERKING,10778cb0282b
1777356525542,16367736966261,2.0207062,3.4644098,9.040505,-0.0030543262,-0.0030543262,0.0012217305,JERKING,10778cb0282b
1777356525550,16367744992727,2.006341,3.478775,8.995016,-0.0012217305,-6.1086525E-4,0.0012217305,JERKING,10778cb0282b
1777356525558,16367752986195,1.982399,3.4931402,9.01417,-0.0018325958,0.0018325958,6.1086525E-4,JERKING,10778cb0282b
1777356525566,16367760982892,1.9369092,3.466804,9.02614,-0.004276057,0.0061086523,0.0,JERKING,10778cb0282b
1777356525574,16367768978898,1.9201498,3.4715924,9.081207,-0.007330383,0.008552114,-6.1086525E-4,JERKING,10778cb0282b
1777356525582,16367776972980,1.9249382,3.4524388,9.119514,-0.01160644,0.009162978,6.1086525E-4,JERKING,10778cb0282b
1777356525590,16367784971447,1.8866309,3.4141316,9.153033,-0.01160644,0.004276057,0.0012217305,JERKING,10778cb0282b
1777356525598,16367792964453,1.9009962,3.3806129,9.143456,-0.009162978,6.1086525E-4,0.0012217305,JERKING,10778cb0282b
1777356525606,16367800989996,1.9273324,3.3782187,9.14585,-0.007941248,-0.0018325958,0.002443461,JERKING,10778cb0282b
1777356525614,16367808986002,1.9488802,3.3806129,9.160215,-0.004276057,-0.004886922,0.002443461,JERKING,10778cb0282b
1777356525622,16367816984084,1.958457,3.3997664,9.119514,-6.1086525E-4,-0.0030543262,0.0030543262,JERKING,10778cb0282b
1777356525630,16367824978552,1.9776106,3.3901896,9.126697,0.0,-0.0036651916,0.004276057,JERKING,10778cb0282b
1777356525638,16367832972711,2.0015526,3.4093432,9.090784,-0.0030543262,-0.002443461,0.0030543262,JERKING,10778cb0282b
1777356525646,16367840971562,1.9536686,3.4141316,9.085996,-0.004276057,6.1086525E-4,6.1086525E-4,JERKING,10778cb0282b
1777356525654,16367848965953,1.9536686,3.41892,9.105149,-0.0030543262,0.005497787,0.0012217305,JERKING,10778cb0282b
1777356525662,16367856992188,1.9057846,3.4284968,9.095572,-0.0030543262,0.0061086523,-6.1086525E-4,JERKING,10778cb0282b
1777356525670,16367864987502,1.8794483,3.454833,9.074024,-0.0018325958,0.004886922,6.1086525E-4,JERKING,10778cb0282b
1777356525678,16367872981430,1.8794483,3.4763808,9.076419,-0.0018325958,0.004276057,0.0012217305,JERKING,10778cb0282b
1777356525686,16367880980512,1.8842367,3.4620156,9.062054,-0.0018325958,0.0012217305,0.0018325958,JERKING,10778cb0282b
1777356525694,16367888973749,1.8914193,3.4763808,9.076419,-0.0012217305,-0.004276057,0.0018325958,JERKING,10778cb0282b
1777356525702,16367896970292,1.9081788,3.4691982,9.040505,-0.0018325958,-0.0018325958,0.0012217305,JERKING,10778cb0282b
1777356525710,16367904964529,1.9081788,3.4500446,9.035717,-0.0018325958,-0.005497787,0.002443461,JERKING,10778cb0282b
1777356525718,16367912990688,1.9512744,3.4284968,9.033323,-0.002443461,-0.0061086523,0.002443461,JERKING,10778cb0282b
1777356525726,16367920986924,1.9728222,3.4021606,9.054871,-0.004886922,-0.0012217305,0.002443461,JERKING,10778cb0282b
1777356525734,16367928982007,1.9728222,3.3734303,9.074024,-0.004276057,0.0018325958,0.0018325958,JERKING,10778cb0282b
1777356525742,16367936977396,1.946486,3.3518825,9.0476885,-0.002443461,0.002443461,-6.1086525E-4,JERKING,10778cb0282b
1777356525750,16367944975556,1.9249382,3.3327289,9.009381,-6.1086525E-4,6.1086525E-4,-0.002443461,JERKING,10778cb0282b
1777356525758,16367952968869,1.9009962,3.3303347,8.978256,0.0036651916,-6.1086525E-4,-0.0030543262,JERKING,10778cb0282b
1777356525766,16367960995259,1.8698715,3.3399115,8.959103,0.0061086523,-0.0018325958,-0.0030543262,JERKING,10778cb0282b
1777356525774,16367968990418,1.8722657,3.3135753,8.961497,0.008552114,-0.002443461,-0.0036651916,JERKING,10778cb0282b
1777356525782,16367976986731,1.8770541,3.311181,8.968679,0.007330383,6.1086525E-4,-0.005497787,JERKING,10778cb0282b
1777356525790,16367984983353,1.8722657,3.2824504,8.9758625,0.008552114,0.0,-0.007941248,JERKING,10778cb0282b
1777356525798,16367992978434,1.8674773,3.25372,8.9519205,0.013439035,-0.0012217305,-0.009162978,JERKING,10778cb0282b
1777356525806,16368000974055,1.8650831,3.2082303,8.889671,0.02076942,-0.009162978,-0.010995574,JERKING,10778cb0282b
1777356525814,16368008968292,1.8435353,3.157952,8.829816,0.02321288,-0.019547688,-0.014660766,JERKING,10778cb0282b
1777356525822,16368016964220,1.9129672,3.1651347,8.939949,0.016493361,-0.028710667,-0.02076942,JERKING,10778cb0282b
1777356525830,16368024991995,1.9632454,3.181894,9.193734,0.004886922,-0.030543262,-0.023823744,JERKING,10778cb0282b
1777356525838,16368032985846,1.9393034,3.2680852,9.414001,-0.004276057,-0.032375857,-0.035430185,JERKING,10778cb0282b
1777356525846,16368040983005,1.8722657,3.3375173,9.464279,0.0018325958,-0.040317107,-0.037873644,JERKING,10778cb0282b
1777356525854,16368048978703,1.7669208,3.4476504,9.351752,0.01160644,-0.053145275,-0.03726278,JERKING,10778cb0282b
1777356525862,16368056974093,1.8770541,3.6990416,9.16261,0.014049901,-0.047647487,-0.015882496,JERKING,10778cb0282b
1777356525870,16368064971022,2.4636335,3.8043866,8.805874,0.04337143,0.059253927,0.059253927,JERKING,10778cb0282b
1777356525878,16368072995104,2.5354595,3.8187518,8.918402,0.032986723,0.10323623,0.050701816,JERKING,10778cb0282b
1777356525886,16368080992878,1.7310078,4.1635165,9.512163,-0.0030543262,0.08674286,-0.017715093,JERKING,10778cb0282b
1777356525894,16368088986192,1.3335704,4.3358994,9.873688,-0.014049901,0.03481932,-0.05009095,JERKING,10778cb0282b
1777356525902,16368096980889,1.7860745,4.1252093,9.775525,0.0,-0.04337143,-0.014660766,JERKING,10778cb0282b
1777356525910,16368104977280,2.123657,3.8187518,9.442732,0.0012217305,-0.13439035,0.0061086523,JERKING,10778cb0282b
1777356525918,16368112972593,2.1811178,3.526659,9.054871,-0.007941248,-0.13805555,-0.0036651916,JERKING,10778cb0282b
1777356525926,16368120970828,2.0326772,3.3183637,8.66701,-0.014660766,-0.0983493,-0.01160644,JERKING,10778cb0282b
1777356525934,16368128993834,1.9847932,3.2154129,8.422802,-0.01282817,-0.048258353,0.0018325958,JERKING,10778cb0282b
1777356525942,16368136989532,2.3008277,3.1172507,8.324639,-0.004886922,0.059253927,0.047036625,JERKING,10778cb0282b
1777356525950,16368144986538,2.231396,3.1747115,8.599973,-0.017104227,0.11484267,0.04153884,JERKING,10778cb0282b
1777356525958,16368152983389,1.8363527,3.3375173,9.097966,-0.028099801,0.13316862,0.012217305,JERKING,10778cb0282b
1777356525966,16368160977240,1.6184803,3.478775,9.421184,-0.029321533,0.11362094,0.0012217305,JERKING,10778cb0282b
1777356525974,16368168973246,1.6687586,3.4763808,9.569624,-0.017104227,0.06963864,0.0067195175,JERKING,10778cb0282b
1777356525982,16368176968944,1.7884687,3.4524388,9.464279,-0.002443461,-0.004886922,0.009773844,JERKING,10778cb0282b
1777356525990,16368184993565,1.8579005,3.4284968,9.275137,0.0018325958,-0.0421497,0.0030543262,JERKING,10778cb0282b
1777356525998,16368192990570,1.922544,3.394978,9.028535,0.0030543262,-0.05131268,-0.0012217305,JERKING,10778cb0282b
1777356526006,16368200985960,2.0087352,3.3997664,8.872911,0.004886922,-0.03848451,0.004886922,JERKING,10778cb0282b
1777356526014,16368208982196,2.0949266,3.3518825,8.827422,0.002443461,-0.016493361,0.013439035,JERKING,10778cb0282b
1777356526022,16368216979509,2.0709844,3.371036,8.916007,-0.005497787,0.020158553,0.01038471,JERKING,10778cb0282b
1777356526030,16368224973054,1.9536686,3.3854012,9.0476885,-0.009162978,0.034208454,0.0067195175,JERKING,10778cb0282b
1777356526038,16368232968982,1.8818425,3.3997664,9.114726,-0.007941248,0.029321533,0.002443461,JERKING,10778cb0282b
1777356526046,16368240995217,1.8794483,3.406949,9.093178,-0.0061086523,0.015882496,0.0036651916,JERKING,10778cb0282b
1777356526054,16368248990839,1.8842367,3.41892,9.083601,-0.002443461,-0.0018325958,0.0036651916,JERKING,10778cb0282b
1777356526062,16368256986228,1.9129672,3.4500446,9.078813,-0.0030543262,-0.0030543262,0.0,JERKING,10778cb0282b
1777356526070,16368264981696,1.9201498,3.4572272,9.059659,-0.0030543262,-0.0030543262,0.0012217305,JERKING,10778cb0282b
1777356526078,16368272976086,1.9129672,3.430891,9.038112,-0.0030543262,-0.002443461,6.1086525E-4,JERKING,10778cb0282b
1777356526086,16368280973091,1.8722657,3.406949,9.038112,-0.004886922,6.1086525E-4,-6.1086525E-4,JERKING,10778cb0282b
1777356526094,16368288969404,1.9009962,3.3662477,9.054871,-0.007330383,0.002443461,0.0018325958,JERKING,10778cb0282b
1777356526102,16368296994256,1.8962077,3.3399115,9.062054,-0.005497787,-0.002443461,0.0030543262,JERKING,10778cb0282b
1777356526110,16368304988800,1.9177556,3.3303347,9.059659,-0.004276057,-0.004276057,-6.1086525E-4,JERKING,10778cb0282b
1777356526118,16368312985344,1.9297266,3.3566709,9.069236,-0.0018325958,-0.007941248,0.0012217305,JERKING,10778cb0282b
1777356526126,16368320983502,1.9656396,3.3782187,9.066842,0.0018325958,-0.0036651916,0.0018325958,JERKING,10778cb0282b
1777356526134,16368328978585,1.9536686,3.4261026,9.057265,0.0036651916,-0.0012217305,0.0,JERKING,10778cb0282b
1777356526142,16368336971590,1.9249382,3.4476504,9.066842,0.004276057,0.0030543262,-6.1086525E-4,JERKING,10778cb0282b
1777356526150,16368344966904,1.9201498,3.4739866,9.062054,0.005497787,0.0030543262,0.0,JERKING,10778cb0282b
1777356526158,16368352964524,1.8890251,3.4739866,9.028535,0.004886922,-0.0018325958,0.0,JERKING,10778cb0282b
1777356526166,16368360989684,1.9201498,3.454833,9.01417,6.1086525E-4,-0.005497787,6.1086525E-4,JERKING,10778cb0282b
1777356526174,16368368986074,1.9249382,3.4284968,9.011775,0.0,-0.005497787,6.1086525E-4,JERKING,10778cb0282b
1777356526182,16368376981387,1.9536686,3.4213142,9.0429,-0.0012217305,-0.0030543262,0.0,JERKING,10778cb0282b
1777356526190,16368384977777,1.9536686,3.4141316,9.090784,-0.0012217305,-6.1086525E-4,0.0012217305,JERKING,10778cb0282b
1777356526198,16368392971629,1.946486,3.41892,9.138668,-0.0018325958,0.002443461,6.1086525E-4,JERKING,10778cb0282b
1777356526206,16368400968173,1.9656396,3.41892,9.165004,-0.002443461,0.002443461,0.0012217305,JERKING,10778cb0282b
1777356526214,16368408993486,1.9536686,3.3686419,9.16261,6.1086525E-4,0.0012217305,0.0,JERKING,10778cb0282b
1777356526222,16368416990337,1.9488802,3.359065,9.124303,0.0030543262,-0.0030543262,-0.0012217305,JERKING,10778cb0282b
1777356526230,16368424986728,1.9369092,3.335123,9.083601,0.004276057,-0.004886922,0.0,JERKING,10778cb0282b
1777356526238,16368432979963,1.934515,3.3087866,9.074024,0.0036651916,-0.0012217305,0.0,JERKING,10778cb0282b
1777356526246,16368440977431,1.910573,3.3135753,9.066842,0.0061086523,0.0012217305,-6.1086525E-4,JERKING,10778cb0282b
1777356526254,16368448972205,1.8818425,3.3638535,9.0716305,0.009773844,0.0036651916,-0.0018325958,JERKING,10778cb0282b
1777356526262,16368456966133,1.8770541,3.4045548,9.076419,0.012217305,0.0061086523,-0.0030543262,JERKING,10778cb0282b
1777356526270,16368464992293,1.8794483,3.41892,9.186552,0.009162978,0.0018325958,-0.002443461,JERKING,10778cb0282b
1777356526278,16368472989144,1.9536686,3.4763808,9.275137,0.005497787,6.1086525E-4,-0.0012217305,JERKING,10778cb0282b
1777356526286,16368480984535,1.9201498,3.5625722,9.217676,0.01160644,0.002443461,-0.0030543262,JERKING,10778cb0282b
1777356526294,16368488981155,1.8698715,3.6128504,9.0237465,0.023823744,-0.002443461,-0.0018325958,JERKING,10778cb0282b
1777356526302,16368496976237,1.8818425,3.655946,8.836999,0.02687807,-0.009162978,-0.0018325958,JERKING,10778cb0282b
1777356526310,16368504974089,1.9369092,3.6343982,8.827422,0.01282817,-0.010995574,-6.1086525E-4,JERKING,10778cb0282b
1777356526318,16368512967710,2.0087352,3.6248214,8.963891,-6.1086525E-4,-0.007330383,0.0018325958,JERKING,10778cb0282b
1777356526326,16368520992331,2.0398598,3.5936968,9.066842,-0.0061086523,-0.004276057,0.0036651916,JERKING,10778cb0282b
1777356526334,16368528989567,2.0973208,3.5553896,9.062054,-0.005497787,-0.0061086523,0.004276057,JERKING,10778cb0282b
1777356526342,16368536984649,2.0733786,3.5218706,9.004593,-0.0067195175,-0.0036651916,0.0018325958,JERKING,10778cb0282b
1777356526350,16368544982116,2.0207062,3.430891,8.956709,-0.009162978,0.0067195175,0.0012217305,JERKING,10778cb0282b
1777356526358,16368552976583,1.982399,3.383007,8.968679,-0.01282817,0.012217305,-0.0018325958,JERKING,10778cb0282b
1777356526366,16368560971128,1.9129672,3.3686419,9.0476885,-0.01160644,0.016493361,-0.002443461,JERKING,10778cb0282b
1777356526374,16368568967979,1.9057846,3.3877954,9.050082,-0.008552114,0.014049901,-0.0012217305,JERKING,10778cb0282b
1777356526382,16368576992291,1.8579005,3.4213142,9.088389,-0.0067195175,0.008552114,6.1086525E-4,JERKING,10778cb0282b
1777356526390,16368584988990,1.8866309,3.430891,9.13388,-0.007941248,0.0061086523,0.002443461,JERKING,10778cb0282b
1777356526398,16368592985302,1.9057846,3.4237084,9.224859,-0.012217305,0.0036651916,0.004276057,JERKING,10778cb0282b
1777356526406,16368600979078,1.9416976,3.406949,9.251195,-0.01160644,0.0018325958,0.0018325958,JERKING,10778cb0282b
1777356526414,16368608976313,1.9847932,3.406949,9.215282,-0.0061086523,-0.0067195175,0.004276057,JERKING,10778cb0282b
1777356526422,16368616970165,1.9800048,3.3973722,9.13388,0.0,-0.005497787,0.0036651916,JERKING,10778cb0282b
1777356526430,16368624969017,1.9728222,3.4213142,9.069236,0.002443461,-0.005497787,0.004886922,JERKING,10778cb0282b
1777356526438,16368632993868,1.9680338,3.41892,8.99741,6.1086525E-4,-0.0036651916,0.002443461,JERKING,10778cb0282b
1777356526446,16368640989028,1.9273324,3.4284968,8.978256,-0.0018325958,-0.002443461,0.002443461,JERKING,10778cb0282b
1777356526454,16368648982879,1.922544,3.454833,9.006987,-0.0036651916,0.0036651916,0.002443461,JERKING,10778cb0282b
1777356526462,16368656979192,1.8770541,3.4763808,9.045294,-0.0067195175,0.007330383,0.0,JERKING,10778cb0282b
1777356526470,16368664976121,1.8626889,3.478775,9.109938,-0.009162978,0.007941248,6.1086525E-4,JERKING,10778cb0282b
1777356526478,16368672969972,1.8722657,3.4620156,9.13388,-0.007941248,0.0030543262,0.0012217305,JERKING,10778cb0282b
1777356526486,16368680966901,1.8866309,3.4620156,9.131485,-0.007941248,-0.002443461,6.1086525E-4,JERKING,10778cb0282b
1777356526494,16368688992060,1.910573,3.4237084,9.090784,-0.0061086523,-0.007941248,0.0012217305,JERKING,10778cb0282b
1777356526502,16368696989603,1.9177556,3.4093432,9.052477,-0.0018325958,-0.009773844,0.0036651916,JERKING,10778cb0282b
1777356526510,16368704985302,1.970428,3.3782187,8.9998045,0.0,-0.007330383,0.0030543262,JERKING,10778cb0282b
1777356526518,16368712979230,1.958457,3.383007,8.973468,0.002443461,-0.0067195175,0.002443461,JERKING,10778cb0282b
1777356526526,16368720976697,1.982399,3.3542767,8.935161,0.002443461,-0.0067195175,0.0,JERKING,10778cb0282b
1777356526534,16368728970318,1.9297266,3.2992098,8.899248,0.0012217305,-0.0030543262,-0.002443461,JERKING,10778cb0282b
1777356526542,16368736966631,1.8986019,3.2704794,8.853758,0.005497787,0.0018325958,-0.0067195175,JERKING,10778cb0282b
1777356526550,16368744993637,1.8411411,3.2393548,8.829816,0.008552114,0.004886922,-0.0061086523,JERKING,10778cb0282b
1777356526558,16368752988719,1.8411411,3.1507695,8.815451,0.007941248,0.005497787,-0.0067195175,JERKING,10778cb0282b
1777356526566,16368760985109,1.8387469,3.004723,8.858546,0.007330383,0.0,-0.01038471,JERKING,10778cb0282b
1777356526574,16368768980422,1.8076223,2.918532,8.863335,0.012217305,0.0,-0.015882496,JERKING,10778cb0282b
1777356526582,16368776975811,1.8100165,2.8203697,8.853758,0.019547688,-6.1086525E-4,-0.015271631,JERKING,10778cb0282b
1777356526590,16368784970279,1.8507179,2.861071,8.913613,0.023823744,-0.009162978,-0.018936822,JERKING,10778cb0282b
1777356526598,16368792965669,1.9033904,3.0382419,9.119514,0.027488936,-0.021991149,-0.021991149,JERKING,10778cb0282b
1777356526606,16368800993136,1.9895816,3.2824504,9.404425,0.019547688,-0.04886922,-0.029932396,JERKING,10778cb0282b
1777356526614,16368808989987,2.0757728,3.6703112,9.768343,0.013439035,-0.061086524,-0.034208454,JERKING,10778cb0282b
1777356526622,16368816983916,2.066196,4.189853,10.0341,0.018325957,-0.06352998,-0.03481932,JERKING,10778cb0282b
1777356526630,16368824980768,2.042254,4.6351743,10.01734,0.030543262,-0.06291912,-0.023823744,JERKING,10778cb0282b
1777356526638,16368832974619,2.15957,4.9775453,9.662998,0.04153884,-0.04337143,0.0018325958,JERKING,10778cb0282b
1777356526646,16368840972163,2.2744915,4.8506527,9.208099,0.036651913,0.023823744,0.032986723,JERKING,10778cb0282b
1777356526654,16368848967015,2.1212628,4.367024,9.01417,-0.0030543262,0.058643065,0.028710667,JERKING,10778cb0282b
1777356526662,16368856992482,1.8650831,3.928885,9.198523,-0.054367006,0.0580322,0.016493361,JERKING,10778cb0282b
1777356526670,16368864987949,1.7501614,3.4596214,9.220071,-0.07086037,0.045814894,0.01282817,JERKING,10778cb0282b
1777356526678,16368872985107,1.7932571,2.9879637,8.911219,-0.044593163,0.015271631,0.02565634,JERKING,10778cb0282b
1777356526686,16368880979575,1.8267759,2.80361,8.556877,-0.027488936,-0.01038471,0.030543262,JERKING,10778cb0282b
1777356526694,16368888974042,1.8914193,2.8538885,8.37013,-0.018936822,-0.018936822,0.031154128,JERKING,10778cb0282b
1777356526702,16368896969125,1.9991584,3.028665,8.497022,-0.014049901,-0.0036651916,0.025045475,JERKING,10778cb0282b
1777356526710,16368904966053,2.1068976,3.205836,8.856153,-0.013439035,0.020158553,0.018325957,JERKING,10778cb0282b
1777356526718,16368912991981,2.1068976,3.347094,9.232041,-0.017104227,0.034208454,0.0067195175,JERKING,10778cb0282b
1777356526726,16368920989218,1.9728222,3.4476504,9.41879,-0.018325957,0.037873644,-0.004276057,JERKING,10778cb0282b
1777356526734,16368928984299,1.8363527,3.4572272,9.394848,-0.015271631,0.036651913,-0.0067195175,JERKING,10778cb0282b
1777356526742,16368936977844,1.7022774,3.3542767,9.198523,-0.015271631,0.02565634,-0.0036651916,JERKING,10778cb0282b
1777356526750,16368944975080,1.6400281,3.1747115,9.035717,-0.014660766,0.010995574,0.0,JERKING,10778cb0282b
1777356526758,16368952969239,1.6567876,3.1316159,9.0429,-0.015271631,0.0036651916,0.0036651916,JERKING,10778cb0282b
1777356526766,16368960998091,1.8028339,3.1244333,9.105149,-0.0012217305,-0.009773844,0.007330383,JERKING,10778cb0282b
1777356526774,16368968990711,1.9177556,3.2249897,9.097966,0.01282817,-0.032375857,0.007330383,JERKING,10778cb0282b
1777356526782,16368976987025,2.0470424,3.3734303,9.040505,0.022602014,-0.04642576,0.004886922,JERKING,10778cb0282b
1777356526790,16368984983415,2.1332338,3.478775,8.992621,0.021380283,-0.032375857,0.0030543262,JERKING,10778cb0282b
1777356526798,16368992978112,2.1691468,3.5218706,8.949526,0.012217305,-0.009773844,0.0,JERKING,10778cb0282b
1777356526806,16369000973887,2.0518308,3.5098996,8.947132,0.0036651916,0.008552114,-0.002443461,JERKING,10778cb0282b
1777356526814,16369008970815,1.9369092,3.4763808,8.978256,-0.0012217305,0.022602014,-0.0061086523,JERKING,10778cb0282b
1777356526822,16369016967975,1.8267759,3.4476504,9.016563,-0.0018325958,0.019547688,-0.004886922,JERKING,10778cb0282b
1777356526830,16369024991980,1.8124107,3.4524388,9.021352,0.002443461,0.0067195175,-0.0018325958,JERKING,10778cb0282b
1777356526838,16369032986216,1.8243817,3.4404678,9.004593,0.005497787,-0.009162978,-0.0012217305,JERKING,10778cb0282b
1777356526846,16369040981914,1.9177556,3.454833,9.011775,0.0036651916,-0.018325957,-6.1086525E-4,JERKING,10778cb0282b
1777356526854,16369048979150,2.0039468,3.4572272,9.028535,6.1086525E-4,-0.020158553,0.0018325958,JERKING,10778cb0282b
1777356526862,16369056973310,2.042254,3.4500446,9.105149,-0.0030543262,-0.0061086523,-0.0018325958,JERKING,10778cb0282b
1777356526870,16369064968084,2.0087352,3.4524388,9.174581,-0.0036651916,0.005497787,-0.0030543262,JERKING,10778cb0282b
1777356526878,16369072994781,1.9895816,3.4237084,9.220071,-0.002443461,0.01038471,-0.004276057,JERKING,10778cb0282b
1777356526886,16369080992018,1.934515,3.4165258,9.239224,0.0012217305,0.0067195175,-0.0030543262,JERKING,10778cb0282b
1777356526894,16369088989023,1.9321208,3.4332852,9.200917,0.004886922,0.0,-0.002443461,JERKING,10778cb0282b
1777356526902,16369096983414,1.9536686,3.4141316,9.148245,0.007941248,-0.007941248,0.0,JERKING,10778cb0282b
1777356526910,16369104978880,1.9752164,3.4284968,9.097966,0.007941248,-0.012217305,6.1086525E-4,JERKING,10778cb0282b
1777356526918,16369112974809,1.9680338,3.4380736,9.045294,0.009162978,-0.007941248,0.002443461,JERKING,10778cb0282b
1777356526926,16369120969276,1.9608512,3.4596214,8.978256,0.01038471,0.0,-0.0012217305,JERKING,10778cb0282b
1777356526934,16369128993973,1.9153614,3.4620156,8.987833,0.005497787,0.01038471,-0.0030543262,JERKING,10778cb0282b
1777356526942,16369136990287,1.9201498,3.4213142,9.100361,-0.0018325958,0.015271631,-0.0018325958,JERKING,10778cb0282b
1777356526950,16369144987754,1.9249382,3.4165258,9.246407,-0.0061086523,0.01282817,-0.0036651916,JERKING,10778cb0282b
1777356526958,16369152983759,1.8866309,3.4452562,9.234436,-0.0012217305,0.009773844,-0.0036651916,JERKING,10778cb0282b
1777356526966,16369160978842,1.8698715,3.5218706,9.090784,0.01038471,0.0030543262,-0.0018325958,JERKING,10778cb0282b
1777356526974,16369168975154,1.910573,3.5434184,8.963891,0.013439035,-0.008552114,-0.0018325958,JERKING,10778cb0282b
1777356526982,16369176968699,1.970428,3.5529952,8.956709,0.005497787,-0.01160644,0.0,JERKING,10778cb0282b
1777356526990,16369184994242,2.0231004,3.53863,9.059659,-0.0036651916,-0.008552114,0.0018325958,JERKING,10778cb0282b
1777356526998,16369192989940,2.042254,3.5290532,9.119514,-0.0036651916,-0.004886922,0.0018325958,JERKING,10778cb0282b
1777356527006,16369200988100,2.0326772,3.5290532,9.054871,0.0,0.0,0.0030543262,JERKING,10778cb0282b
1777356527014,16369208982874,1.9871874,3.5098996,8.99741,-0.0018325958,0.0036651916,0.0018325958,JERKING,10778cb0282b
1777356527022,16369216977034,1.934515,3.4715924,8.990228,-0.005497787,0.008552114,6.1086525E-4,JERKING,10778cb0282b
1777356527030,16369224974039,1.9153614,3.3901896,9.0429,-0.01038471,0.010995574,0.0012217305,JERKING,10778cb0282b
1777356527038,16369232969659,1.8890251,3.3327289,9.088389,-0.012217305,0.012217305,-0.0012217305,JERKING,10778cb0282b
1777356527046,16369240994357,1.8770541,3.3638535,9.090784,-0.0067195175,0.008552114,0.0012217305,JERKING,10778cb0282b
1777356527054,16369248991516,1.8986019,3.3925838,9.078813,-0.0018325958,0.002443461,0.0,JERKING,10778cb0282b
1777356527062,16369256986907,1.8674773,3.4356794,9.090784,-0.004276057,0.0012217305,0.002443461,JERKING,10778cb0282b
1777356527070,16369264981989,1.9153614,3.4380736,9.184157,-0.0067195175,0.004886922,0.0030543262,JERKING,10778cb0282b
1777356527078,16369272976763,1.9608512,3.4237084,9.267955,-0.007941248,0.0018325958,0.0036651916,JERKING,10778cb0282b
1777356527086,16369280972154,1.9776106,3.4117374,9.258378,-0.002443461,0.0,0.0036651916,JERKING,10778cb0282b
1777356527094,16369288969389,1.958457,3.3734303,9.16261,0.0036651916,-0.0036651916,0.004276057,JERKING,10778cb0282b
1777356527102,16369296994626,1.9776106,3.3877954,9.066842,0.0067195175,-0.0036651916,0.0030543262,JERKING,10778cb0282b
1777356527110,16369304990093,1.9632454,3.4141316,8.985439,0.005497787,-0.004886922,0.005497787,JERKING,10778cb0282b
1777356527118,16369312986944,1.958457,3.4404678,8.966286,0.0036651916,-0.0036651916,0.002443461,JERKING,10778cb0282b
1777356527126,16369320982412,1.9560628,3.4691982,8.99741,-0.0012217305,0.0036651916,0.0018325958,JERKING,10778cb0282b
1777356527134,16369328976570,1.9177556,3.4979286,9.035717,-0.0012217305,0.009162978,0.0018325958,JERKING,10778cb0282b
1777356527142,16369336973807,1.9009962,3.4931402,9.066842,-0.004276057,0.01038471,-6.1086525E-4,JERKING,10778cb0282b
1777356527150,16369344967043,1.8459295,3.5003228,9.081207,-0.004276057,0.0067195175,6.1086525E-4,JERKING,10778cb0282b
1777356527158,16369352994048,1.8483237,3.478775,9.097966,-0.0061086523,0.0018325958,0.0,JERKING,10778cb0282b
1777356527166,16369360990439,1.8962077,3.4332852,9.100361,-0.004886922,-0.004276057,0.002443461,JERKING,10778cb0282b
1777356527174,16369368984828,1.9033904,3.4165258,9.083601,-0.004276057,-0.005497787,0.0030543262,JERKING,10778cb0282b
1777356527182,16369376982373,1.9680338,3.4117374,9.050082,-0.0018325958,-0.007330383,0.0030543262,JERKING,10778cb0282b
1777356527190,16369384978070,1.9919758,3.4165258,9.0237465,6.1086525E-4,-0.0061086523,0.0012217305,JERKING,10778cb0282b
1777356527198,16369392972614,1.982399,3.4021606,9.0237465,0.0,-0.0030543262,0.0,JERKING,10778cb0282b
1777356527206,16369400968235,1.9656396,3.406949,9.038112,-0.002443461,0.0018325958,-6.1086525E-4,JERKING,10778cb0282b
1777356527214,16369408994163,1.934515,3.4021606,9.083601,-0.0030543262,0.0067195175,-6.1086525E-4,JERKING,10778cb0282b
1777356527222,16369416990784,1.9009962,3.4045548,9.083601,-0.0030543262,0.005497787,-0.0012217305,JERKING,10778cb0282b
1777356527230,16369424985482,1.8794483,3.4213142,9.074024,0.0012217305,0.002443461,-0.0018325958,JERKING,10778cb0282b
1777356527238,16369432981796,1.8698715,3.4332852,9.059659,0.0018325958,-0.0030543262,-0.0012217305,JERKING,10778cb0282b
1777356527246,16369440976570,1.8914193,3.4165258,9.028535,0.002443461,-0.005497787,-0.0018325958,JERKING,10778cb0282b
1777356527254,16369448971344,1.9009962,3.4284968,9.038112,0.0018325958,-0.009773844,-0.0012217305,JERKING,10778cb0282b
1777356527262,16369456967965,1.9488802,3.4045548,9.045294,6.1086525E-4,-0.008552114,-0.0012217305,JERKING,10778cb0282b
1777356527270,16369464996663,1.9440918,3.3782187,9.035717,-0.0018325958,-0.004276057,-0.0012217305,JERKING,10778cb0282b
1777356527278,16369472988976,1.9440918,3.3494883,9.064447,-0.0012217305,6.1086525E-4,-0.004276057,JERKING,10778cb0282b
1777356527286,16369480985289,1.9249382,3.323152,9.078813,0.0012217305,-6.1086525E-4,-0.005497787,JERKING,10778cb0282b
1777356527294,16369488980063,1.8962077,3.3039982,9.01417,0.007330383,-0.0018325958,-0.0061086523,JERKING,10778cb0282b
1777356527302,16369496976300,1.8962077,3.2800562,8.949526,0.013439035,-0.009773844,-0.009162978,JERKING,10778cb0282b
1777356527310,16369504971998,1.8818425,3.241749,8.865729,0.017104227,-0.014660766,-0.009162978,JERKING,10778cb0282b
1777356527318,16369512968696,1.9249382,3.1794999,8.858546,0.015271631,-0.015882496,-0.014049901,JERKING,10778cb0282b
1777356527326,16369520995086,1.9440918,3.110068,8.935161,0.009162978,-0.014660766,-0.017715093,JERKING,10778cb0282b
1777356527334,16369528989629,1.8076223,3.074155,8.9040365,0.005497787,-0.018936822,-0.026267206,JERKING,10778cb0282b
1777356527342,16369536985635,1.6807296,3.13401,9.035717,-0.021991149,-0.06963864,-0.030543262,JERKING,10778cb0282b
1777356527350,16369544980948,2.0949266,3.3039982,8.841787,-0.022602014,-0.021380283,0.017104227,JERKING,10778cb0282b
1777356527358,16369552975492,2.4013844,3.1986535,8.540117,0.009773844,0.092240654,0.05681047,JERKING,10778cb0282b
1777356527366,16369560973882,2.3127987,3.13401,8.765172,0.002443461,0.13622294,0.05681047,JERKING,10778cb0282b
1777356527374,16369568967195,1.8363527,3.5817258,9.502586,-0.034208454,0.11484267,-6.1086525E-4,JERKING,10778cb0282b
1777356527382,16369576993662,1.6831238,3.9312792,9.959879,-0.022602014,0.10262536,-0.009773844,JERKING,10778cb0282b
1777356527390,16369584988436,1.8267759,4.357447,10.311827,0.002443461,0.048258353,0.005497787,JERKING,10778cb0282b
1777356527398,16369592984981,2.0326772,4.7764325,10.400413,0.014660766,-0.040317107,0.015271631,JERKING,10778cb0282b
1777356527406,16369600979447,2.0494366,4.759673,9.895236,0.030543262,-0.08307768,0.0036651916,JERKING,10778cb0282b
1777356527414,16369608978299,1.8698715,4.2042184,9.378088,0.018936822,-0.06658431,-0.020158553,JERKING,10778cb0282b
1777356527422,16369616972997,1.8291701,3.632004,9.121908,-0.018325957,-0.056199603,-0.012217305,JERKING,10778cb0282b
1777356527430,16369624969617,1.8339585,3.0789435,8.913613,-0.029932396,-0.048258353,-0.0036651916,JERKING,10778cb0282b
1777356527438,16369632993316,1.8339585,2.7748797,8.647857,-0.009773844,-0.03970624,-0.0061086523,JERKING,10778cb0282b
1777356527446,16369640990551,1.8435353,2.6743233,8.396465,0.022602014,-0.05681047,-0.012217305,JERKING,10778cb0282b
1777356527454,16369648985710,1.8986019,2.8395233,8.391677,0.028710667,-0.09285152,-0.02321288,JERKING,10778cb0282b
1777356527462,16369656979793,1.8435353,3.3638535,8.616732,0.02321288,-0.116675265,-0.035430185,JERKING,10778cb0282b
1777356527470,16369664978260,2.0518308,3.7301662,8.722076,0.031154128,-0.07696902,-0.022602014,JERKING,10778cb0282b
1777356527478,16369672972497,2.5067291,3.7780502,8.724471,0.035430185,0.002443461,0.014660766,JERKING,10778cb0282b
1777356527486,16369680998348,2.4732103,3.6870706,8.899248,-0.01038471,0.096516706,0.030543262,JERKING,10778cb0282b
1777356527494,16369688992737,2.0278888,3.6104562,9.186552,-0.054367006,0.1563815,0.015271631,JERKING,10778cb0282b
1777356527502,16369696988820,1.6496049,3.4213142,9.457097,-0.06414085,0.17898351,0.01160644,JERKING,10778cb0282b
1777356527510,16369704983902,1.5394717,3.2225955,9.52174,-0.05009095,0.13744467,0.013439035,JERKING,10778cb0282b
1777356527518,16369712979293,1.3814543,3.0765493,9.473856,-0.015882496,0.009773844,0.0018325958,JERKING,10778cb0282b
1777356527526,16369720976529,1.5011644,3.1364043,9.315839,0.012217305,-0.07391469,-0.0030543262,JERKING,10778cb0282b
1777356527534,16369728970303,1.934515,3.2585084,9.064447,0.031154128,-0.11178834,0.007330383,JERKING,10778cb0282b
1777356527542,16369736968232,2.207454,3.3399115,8.889671,0.032986723,-0.095294975,0.015271631,JERKING,10778cb0282b
1777356527550,16369744994314,2.3582888,3.3877954,8.817844,0.021380283,-0.04153884,0.014049901,JERKING,10778cb0282b
1777356527558,16369752987551,2.1763294,3.5051112,8.956709,-0.0018325958,0.03604105,-0.0018325958,JERKING,10778cb0282b
1777356527566,16369760983940,1.9440918,3.5482068,9.090784,-0.0067195175,0.0580322,-0.005497787,JERKING,10778cb0282b
1777356527574,16369768979868,1.7956513,3.5242648,9.14585,-0.0030543262,0.04520403,-0.0018325958,JERKING,10778cb0282b
1777356527582,16369776974951,1.7836803,3.5051112,9.109938,0.0012217305,0.010995574,0.0,JERKING,10778cb0282b
1777356527590,16369784971956,1.8387469,3.466804,8.9519205,0.002443461,-0.016493361,0.0012217305,JERKING,10778cb0282b
1777356527598,16369792966347,1.9033904,3.4380736,8.884883,6.1086525E-4,-0.03176499,0.0018325958,JERKING,10778cb0282b
1777356527606,16369800992891,2.0015526,3.3877954,8.865729,-0.004276057,-0.026267206,0.002443461,JERKING,10778cb0282b
1777356527614,16369808987896,1.99437,3.3662477,8.956709,-0.01160644,-0.004886922,0.002443461,JERKING,10778cb0282b
1777356527622,16369816984209,1.9608512,3.3782187,9.124303,-0.014049901,0.015271631,-6.1086525E-4,JERKING,10778cb0282b
1777356527630,16369824980214,1.8986019,3.4045548,9.279925,-0.01282817,0.020158553,-0.0030543262,JERKING,10778cb0282b
1777356527638,16369832974759,1.8579005,3.406949,9.31105,-0.007941248,0.012217305,-0.0030543262,JERKING,10778cb0282b
1777356527646,16369840972302,1.8507179,3.371036,9.25359,6.1086525E-4,-6.1086525E-4,-6.1086525E-4,JERKING,10778cb0282b
1777356527654,16369848967615,1.8866309,3.3877954,9.169792,0.005497787,-0.01038471,0.0,JERKING,10778cb0282b
1777356527662,16369856992313,1.958457,3.4117374,9.0429,0.01038471,-0.017715093,0.0012217305,JERKING,10778cb0282b
1777356527670,16369864989472,1.9847932,3.41892,8.980651,0.01038471,-0.016493361,0.0018325958,JERKING,10778cb0282b
1777356527678,16369872983940,2.0015526,3.4500446,8.971074,0.008552114,-0.01038471,0.0012217305,JERKING,10778cb0282b
1777356527686,16369880980637,1.982399,3.4572272,8.995016,0.004276057,0.0012217305,6.1086525E-4,JERKING,10778cb0282b
1777356527694,16369888975719,1.9680338,3.454833,9.0237465,0.0,0.0067195175,6.1086525E-4,JERKING,10778cb0282b
1777356527702,16369896970110,1.9369092,3.4572272,9.052477,-6.1086525E-4,0.0067195175,-0.0018325958,JERKING,10778cb0282b
1777356527710,16369904967345,1.922544,3.4237084,9.064447,-6.1086525E-4,0.0067195175,-0.002443461,JERKING,10778cb0282b
1777356527718,16369912992044,1.9393034,3.4500446,9.050082,0.0012217305,0.0036651916,-0.0012217305,JERKING,10778cb0282b
1777356527726,16369920988895,1.9129672,3.4404678,9.0716305,0.0012217305,0.0036651916,0.0,JERKING,10778cb0282b
1777356527734,16369928983055,1.9321208,3.4261026,9.13388,-0.0030543262,0.004886922,6.1086525E-4,JERKING,10778cb0282b
1777356527742,16369936979675,1.910573,3.4332852,9.196129,-0.0030543262,0.0067195175,-6.1086525E-4,JERKING,10778cb0282b
1777356527750,16369944975142,1.9057846,3.3854012,9.203311,-6.1086525E-4,0.005497787,-0.0012217305,JERKING,10778cb0282b
1777356527758,16369952969917,1.8842367,3.3925838,9.205706,0.002443461,0.0018325958,-6.1086525E-4,JERKING,10778cb0282b
1777356527766,16369960967999,1.9057846,3.3806129,9.16261,0.004886922,-0.0018325958,-0.0012217305,JERKING,10778cb0282b
1777356527774,16369968991697,1.922544,3.394978,9.114726,0.008552114,-0.004276057,0.002443461,JERKING,10778cb0282b
1777356527782,16369976987164,1.9393034,3.41892,9.069236,0.009773844,-0.004886922,0.0,JERKING,10778cb0282b
1777356527790,16369984983169,1.9369092,3.4213142,9.045294,0.010995574,-0.0030543262,0.0,JERKING,10778cb0282b
1777356527798,16369992979406,1.9369092,3.4476504,9.028535,0.009162978,0.0018325958,-6.1086525E-4,JERKING,10778cb0282b
1777356527806,16370000976641,1.9153614,3.4620156,9.0429,0.009162978,0.0030543262,-0.0012217305,JERKING,10778cb0282b
1777356527814,16370008969878,1.9057846,3.4835634,9.045294,0.0061086523,0.002443461,-0.002443461,JERKING,10778cb0282b
1777356527822,16370016965345,1.9153614,3.4811692,9.050082,0.0018325958,6.1086525E-4,-0.0012217305,JERKING,10778cb0282b
1777356527830,16370024993657,1.9297266,3.4715924,9.11712,6.1086525E-4,0.0012217305,-0.0018325958,JERKING,10778cb0282b
1777356527838,16370032987202,1.922544,3.4931402,9.095572,0.0018325958,0.002443461,-0.0012217305,JERKING,10778cb0282b
1777356527846,16370040985284,1.9369092,3.4979286,9.062054,0.0030543262,0.0012217305,-6.1086525E-4,JERKING,10778cb0282b
1777356527854,16370048978598,1.922544,3.5051112,9.062054,0.0036651916,-0.0012217305,-6.1086525E-4,JERKING,10778cb0282b
1777356527862,16370056973910,1.9488802,3.5075054,9.057265,0.0030543262,0.0012217305,6.1086525E-4,JERKING,10778cb0282b
1777356527870,16370064970838,1.9632454,3.5075054,9.078813,0.0012217305,-6.1086525E-4,-0.0012217305,JERKING,10778cb0282b
1777356527878,16370072995537,1.9776106,3.4835634,9.093178,-0.0012217305,-0.0012217305,6.1086525E-4,JERKING,10778cb0282b
1777356527886,16370080993003,1.9608512,3.4380736,9.064447,-0.0018325958,-0.0012217305,0.0012217305,JERKING,10778cb0282b
1777356527894,16370088987548,1.9488802,3.4117374,9.01417,-0.0012217305,-0.0018325958,0.0012217305,JERKING,10778cb0282b
1777356527902,16370096982553,1.9512744,3.4261026,9.030929,-0.0036651916,-0.0018325958,0.0012217305,JERKING,10778cb0282b
1777356527910,16370104981096,1.9393034,3.4284968,9.066842,-0.005497787,0.0030543262,0.0018325958,JERKING,10778cb0282b
1777356527918,16370112975256,1.9536686,3.4476504,9.083601,-0.0036651916,0.004276057,0.0,JERKING,10778cb0282b
1777356527926,16370120972107,1.9273324,3.4404678,9.093178,-0.0036651916,0.004886922,6.1086525E-4,JERKING,10778cb0282b
1777356527934,16370128996729,1.9009962,3.4620156,9.109938,-0.0030543262,0.005497787,0.0,JERKING,10778cb0282b
1777356527942,16370136993041,1.9081788,3.4572272,9.131485,-0.004276057,0.0030543262,0.0030543262,JERKING,10778cb0282b
1777356527950,16370144988508,1.9321208,3.4620156,9.208099,-0.008552114,-6.1086525E-4,0.004276057,JERKING,10778cb0282b
1777356527958,16370152981745,1.9249382,3.430891,9.260772,-0.009162978,0.002443461,0.002443461,JERKING,10778cb0282b
1777356527966,16370160979519,1.9129672,3.442862,9.205706,-0.0030543262,-0.0030543262,0.0018325958,JERKING,10778cb0282b
1777356527974,16370168976756,1.9369092,3.4500446,9.100361,-6.1086525E-4,-0.0061086523,0.0036651916,JERKING,10778cb0282b
1777356527982,16370176970069,1.9680338,3.4715924,9.059659,0.0012217305,-0.008552114,0.004276057,JERKING,10778cb0282b
1777356527990,16370184996458,1.958457,3.4691982,9.0716305,-0.002443461,-0.005497787,0.0018325958,JERKING,10778cb0282b
1777356527998,16370192991233,1.9560628,3.4835634,9.0716305,-0.004886922,-0.004276057,0.0018325958,JERKING,10778cb0282b
1777356528006,16370200988162,1.9273324,3.478775,9.054871,-0.007330383,-6.1086525E-4,0.0030543262,JERKING,10778cb0282b
1777356528014,16370208982321,1.8962077,3.4524388,9.016563,-0.007941248,0.0,0.0018325958,JERKING,10778cb0282b
1777356528022,16370216979326,1.8842367,3.4261026,8.983045,-0.0067195175,-0.002443461,-6.1086525E-4,JERKING,10778cb0282b
1777356528030,16370224974716,1.8555063,3.4356794,8.987833,-0.0067195175,-0.002443461,6.1086525E-4,JERKING,10778cb0282b
1777356528038,16370232968491,1.8986019,3.4596214,9.0237465,-0.007330383,-0.0030543262,0.002443461,JERKING,10778cb0282b
1777356528046,16370240965419,1.9512744,3.4117374,9.0716305,-0.007941248,-0.0067195175,0.0036651916,JERKING,10778cb0282b
1777356528054,16370248990118,1.9536686,3.4093432,9.069236,-0.007330383,-0.005497787,0.002443461,JERKING,10778cb0282b
1777356528062,16370256987277,1.9536686,3.4213142,9.050082,-0.005497787,-0.0018325958,0.002443461,JERKING,10778cb0282b
1777356528070,16370264983282,1.9560628,3.430891,9.016563,-0.0061086523,6.1086525E-4,0.0012217305,JERKING,10778cb0282b
1777356528078,16370272977826,1.946486,3.4141316,9.035717,-0.007330383,6.1086525E-4,0.0012217305,JERKING,10778cb0282b
1777356528086,16370280975293,1.9536686,3.3973722,9.102755,-0.0067195175,0.004886922,0.0012217305,JERKING,10778cb0282b
1777356528094,16370288968837,1.934515,3.41892,9.105149,-0.0061086523,0.005497787,0.0012217305,JERKING,10778cb0282b
1777356528102,16370296995381,1.922544,3.4332852,9.076419,-0.002443461,0.0030543262,0.0018325958,JERKING,10778cb0282b
1777356528110,16370304991386,1.9273324,3.4524388,9.030929,6.1086525E-4,0.0,0.0018325958,JERKING,10778cb0282b
1777356528118,16370312986699,1.9273324,3.4644098,9.0237465,-6.1086525E-4,-0.0018325958,0.0018325958,JERKING,10778cb0282b
1777356528126,16370320981781,1.9273324,3.4620156,9.002198,-0.0018325958,0.0,0.0018325958,JERKING,10778cb0282b
1777356528134,16370328976557,1.922544,3.4141316,9.004593,-0.004276057,0.0,0.0012217305,JERKING,10778cb0282b
1777356528142,16370336974715,1.9752164,3.2345665,9.009381,-0.009162978,-0.005497787,0.002443461,JERKING,10778cb0282b
1777356528150,16370344969182,1.970428,2.9951463,9.018958,-0.01282817,-0.010995574,-0.0018325958,JERKING,10778cb0282b
1777356528158,16370352994188,2.099715,1.9416976,8.3150625,0.008552114,-0.012217305,-0.018325957,JERKING,10778cb0282b
1777356528166,16370360990501,1.6591818,1.2114661,7.9104424,-0.03481932,-0.17104226,-0.048258353,JERKING,10778cb0282b
1777356528174,16370368986430,1.0079589,1.721431,8.14268,-0.16310102,-0.38606682,-0.08002335,JERKING,10778cb0282b
1777356528182,16370376982435,2.1547816,1.9201498,7.5225816,-0.076358154,-0.012217305,0.059864793,JERKING,10778cb0282b
1777356528190,16370384978747,3.3135753,1.6831238,7.4866686,-0.01038471,0.20525073,0.08674286,JERKING,10778cb0282b
1777356528198,16370392974138,2.5067291,2.2840683,8.676587,-0.01038471,0.15760323,-0.08246681,JERKING,10778cb0282b
1777356528206,16370400969835,1.8818425,3.265691,10.268731,-0.034208454,0.06169739,-0.19120082,JERKING,10778cb0282b
1777356528214,16370408994226,1.520318,5.159505,12.176909,-0.06291912,0.009162978,-0.18997909,JERKING,10778cb0282b
1777356528222,16370416990231,1.496376,6.2704144,12.921507,-0.004886922,0.12522738,-0.105068825,JERKING,10778cb0282b
1777356528230,16370424988698,1.3814543,7.098808,12.593501,0.06841691,0.25350907,-0.06414085,JERKING,10778cb0282b
1777356528238,16370432981242,1.292869,7.1969705,11.298238,0.10140363,0.23884831,-0.03726278,JERKING,10778cb0282b
1777356528246,16370440978247,1.532289,6.859388,10.043676,0.06780604,6.1086525E-4,0.005497787,JERKING,10778cb0282b
1777356528254,16370448972330,1.2473791,4.8243165,8.513782,0.032375857,-0.30970868,0.04337143,JERKING,10778cb0282b
1777356528262,16370456968951,1.4197617,2.8203697,7.4746976,0.014049901,-0.38056904,0.10262536,JERKING,10778cb0282b
1777356528270,16370464992957,2.0590134,1.6184803,7.0820484,-0.023823744,-0.35124752,0.1441642,JERKING,10778cb0282b
1777356528278,16370472989885,2.480393,1.2689269,6.9838862,-0.032986723,-0.26450464,0.12644911,JERKING,10778cb0282b
1777356528286,16370480987428,2.89459,1.5658079,7.0820484,-0.005497787,-0.1685988,0.06536258,JERKING,10778cb0282b
1777356528294,16370488981050,3.028665,2.4349031,7.541735,0.047036625,-0.07696902,-0.039095376,JERKING,10778cb0282b
1777356528302,16370496979824,2.6671407,3.311181,8.259995,0.076358154,-0.013439035,-0.111177474,JERKING,10778cb0282b
1777356528310,16370504973984,2.15957,3.9576154,8.848969,0.080634214,0.06841691,-0.14782938,JERKING,10778cb0282b
1777356528318,16370512969066,1.8890251,4.3957543,9.397242,0.05681047,0.15088372,-0.118507855,JERKING,10778cb0282b
1777356528326,16370520995532,2.0111294,4.343082,9.7084875,-0.004276057,0.22479841,-0.0067195175,JERKING,10778cb0282b
1777356528334,16370528990615,1.9488802,3.833117,9.785102,-0.06352998,0.23335053,0.039095376,JERKING,10778cb0282b
1777356528342,16370536985697,1.5298948,3.217807,9.742006,-0.10567969,0.204029,0.044593163,JERKING,10778cb0282b
1777356528350,16370544981934,1.3096284,2.8682537,9.629479,-0.10567969,0.15577064,0.040927973,JERKING,10778cb0282b
1777356528358,16370552976093,1.4197617,2.6647465,9.497798,-0.06352998,0.09590584,0.040317107,JERKING,10778cb0282b
1777356528366,16370560971252,1.5107412,2.7629087,9.385271,0.014660766,-0.034208454,0.015882496,JERKING,10778cb0282b
1777356528374,16370568968104,1.733402,3.064578,9.241618,0.059864793,-0.13072516,0.0018325958,JERKING,10778cb0282b
1777356528382,16370576994032,2.1930888,3.3375173,9.028535,0.07819075,-0.16615535,0.0067195175,JERKING,10778cb0282b
1777356528390,16370584989422,2.4779987,3.526659,8.860941,0.06658431,-0.13133603,0.01038471,JERKING,10778cb0282b
1777356528398,16370592986581,2.432509,3.6655228,8.738836,0.028710667,-0.018325957,0.0018325958,JERKING,10778cb0282b
1777356528406,16370600982279,2.1547816,3.6942532,8.765172,0.0,0.05681047,-0.005497787,JERKING,10778cb0282b
1777356528414,16370608977977,1.8483237,3.6487634,8.880095,-0.017104227,0.084910266,-0.007330383,JERKING,10778cb0282b
1777356528422,16370616973443,1.7429788,3.53863,8.99741,-0.02076942,0.06780604,-0.004276057,JERKING,10778cb0282b
1777356528430,16370624967296,1.7070658,3.4644098,9.085996,-0.017715093,0.030543262,-0.004886922,JERKING,10778cb0282b
1777356528438,16370632994301,1.7501614,3.4021606,9.074024,-0.01038471,-0.019547688,-0.002443461,JERKING,10778cb0282b
1777356528446,16370640990306,1.9129672,3.347094,9.002198,-0.004886922,-0.037873644,0.0067195175,JERKING,10778cb0282b
1777356528454,16370648985081,2.1092918,3.3279405,8.9758625,-0.004276057,-0.032986723,0.009773844,JERKING,10778cb0282b
1777356528462,16370656980471,2.1068976,3.323152,9.0429,-0.007941248,-0.01038471,0.0067195175,JERKING,10778cb0282b
1777356528470,16370664975630,2.0278888,3.3446999,9.215282,-0.012217305,0.018325957,0.0,JERKING,10778cb0282b
1777356528478,16370672971559,1.9488802,3.3566709,9.3421755,-0.012217305,0.032986723,-0.004886922,JERKING,10778cb0282b
1777356528486,16370680968794,1.8315643,3.3566709,9.375694,-0.0036651916,0.02687807,-0.007941248,JERKING,10778cb0282b
1777356528494,16370688993416,1.7908629,3.3925838,9.308656,0.007330383,0.012217305,-0.005497787,JERKING,10778cb0282b
1777356528502,16370696990959,1.7836803,3.4261026,9.157822,0.017104227,-0.004886922,0.0,JERKING,10778cb0282b
1777356528510,16370704986350,1.8722657,3.4356794,8.980651,0.02076942,-0.02443461,0.005497787,JERKING,10778cb0282b
1777356528518,16370712980893,1.9776106,3.4404678,8.9040365,0.016493361,-0.027488936,0.007330383,JERKING,10778cb0282b
1777356528526,16370720975975,2.0566192,3.4596214,8.882488,0.01282817,-0.023823744,0.007941248,JERKING,10778cb0282b
1777356528534,16370728972827,2.1164744,3.4955344,8.889671,0.008552114,-0.013439035,0.0061086523,JERKING,10778cb0282b
1777356528542,16370736968832,2.0566192,3.454833,8.947132,0.0018325958,0.0036651916,6.1086525E-4,JERKING,10778cb0282b
1777356528550,16370744993223,1.9895816,3.4452562,8.99741,-0.0036651916,0.020158553,-0.0018325958,JERKING,10778cb0282b
1777356528558,16370752988920,1.8962077,3.4452562,9.028535,-0.004276057,0.021991149,-0.004276057,JERKING,10778cb0282b
1777356528566,16370760984618,1.8722657,3.4332852,9.0429,-0.0036651916,0.014660766,-0.0061086523,JERKING,10778cb0282b
1777356528574,16370768981778,1.8818425,3.4284968,9.100361,-0.0036651916,0.007941248,-6.1086525E-4,JERKING,10778cb0282b
1777356528582,16370776975629,1.8890251,3.3973722,9.174581,-0.0067195175,0.005497787,-6.1086525E-4,JERKING,10778cb0282b
1777356528590,16370784971327,1.9129672,3.3925838,9.217676,-0.0036651916,0.0036651916,0.0018325958,JERKING,10778cb0282b
1777356528598,16370792968640,1.934515,3.371036,9.23683,-0.0012217305,6.1086525E-4,0.002443461,JERKING,10778cb0282b
1777356528606,16370800994106,1.9488802,3.3255463,9.229648,0.0018325958,-0.002443461,0.0012217305,JERKING,10778cb0282b
1777356528614,16370808990189,1.946486,3.277662,9.179369,0.0061086523,-0.0036651916,0.0018325958,JERKING,10778cb0282b
1777356528622,16370816985579,1.9632454,3.2848446,9.11712,0.012217305,-0.005497787,0.0,JERKING,10778cb0282b
1777356528630,16370824979739,1.9680338,3.323152,9.0429,0.016493361,-0.004276057,-0.0018325958,JERKING,10778cb0282b
1777356528638,16370832975128,1.9393034,3.3925838,9.030929,0.014049901,0.0,-0.002443461,JERKING,10778cb0282b
1777356528646,16370840973595,1.9273324,3.4763808,9.050082,0.014049901,0.005497787,-0.002443461,JERKING,10778cb0282b
1777356528654,16370848967063,1.9297266,3.58412,9.059659,0.01282817,0.007330383,-0.0012217305,JERKING,10778cb0282b
1777356528662,16370856994837,1.8866309,3.679888,9.006987,0.014660766,0.0036651916,-0.0036651916,JERKING,10778cb0282b
1777356528670,16370864988689,1.8698715,3.667917,8.9040365,0.014660766,-0.0036651916,-0.002443461,JERKING,10778cb0282b
1777356528678,16370872984002,1.8962077,3.6535518,8.872911,0.007941248,-0.007941248,-6.1086525E-4,JERKING,10778cb0282b
1777356528686,16370880980930,1.9416976,3.5889084,8.942344,-0.0036651916,-0.008552114,-0.0018325958,JERKING,10778cb0282b
1777356528694,16370888974782,1.9871874,3.502717,9.057265,-0.01160644,-0.007330383,0.0018325958,JERKING,10778cb0282b
1777356528702,16370896973249,2.0159178,3.4404678,9.100361,-0.013439035,-0.0030543262,0.0012217305,JERKING,10778cb0282b
1777356528710,16370904968639,2.0207062,3.4045548,9.121908,-0.01038471,-0.002443461,0.002443461,JERKING,10778cb0282b
1777356528718,16370912993875,2.0159178,3.4093432,9.114726,-0.007941248,6.1086525E-4,0.0018325958,JERKING,10778cb0282b
1777356528726,16370920990188,1.970428,3.394978,9.100361,-0.004886922,0.0,0.0012217305,JERKING,10778cb0282b
1777356528734,16370928982501,1.99437,3.3997664,9.126697,-0.004886922,0.0,6.1086525E-4,JERKING,10778cb0282b
1777356528742,16370936980660,1.9632454,3.4141316,9.148245,-0.004886922,0.0012217305,-6.1086525E-4,JERKING,10778cb0282b
1777356528750,16370944976359,1.9488802,3.4356794,9.090784,-0.0030543262,0.0018325958,0.0012217305,JERKING,10778cb0282b
1777356528758,16370952970825,1.9177556,3.4524388,9.105149,-0.0030543262,0.0030543262,0.0012217305,JERKING,10778cb0282b
1777356528766,16370960966292,1.8986019,3.4835634,9.121908,-0.004276057,0.0012217305,6.1086525E-4,JERKING,10778cb0282b
1777356528774,16370968993913,1.9057846,3.4811692,9.119514,-0.0067195175,0.0,0.004276057,JERKING,10778cb0282b
1777356528782,16370976988149,1.9536686,3.4476504,9.107543,-0.0036651916,-0.004276057,0.004886922,JERKING,10778cb0282b
1777356528790,16370984984463,1.9536686,3.430891,9.088389,-0.0036651916,-0.007330383,0.0030543262,JERKING,10778cb0282b
1777356528798,16370992980775,1.9847932,3.4500446,9.021352,-0.002443461,-0.009162978,0.004276057,JERKING,10778cb0282b
1777356528806,16371000974551,2.0015526,3.442862,8.987833,-0.0036651916,-0.0067195175,0.004276057,JERKING,10778cb0282b
1777356528814,16371008971479,1.9895816,3.454833,9.0476885,-0.010995574,-0.0030543262,0.0030543262,JERKING,10778cb0282b
1777356528822,16371016967176,1.9776106,3.4380736,9.102755,-0.013439035,0.004276057,0.002443461,JERKING,10778cb0282b
1777356528830,16371024993644,1.934515,3.406949,9.095572,-0.01038471,0.007941248,0.0012217305,JERKING,10778cb0282b
1777356528838,16371032988725,1.8890251,3.4117374,9.076419,-0.0067195175,0.004276057,6.1086525E-4,JERKING,10778cb0282b
1777356528846,16371040985962,1.8626889,3.4356794,9.050082,-0.005497787,0.0030543262,0.0,JERKING,10778cb0282b
1777356528854,16371048979198,1.8842367,3.4284968,9.0429,-0.004886922,-0.0012217305,0.0018325958,JERKING,10778cb0282b
1777356528862,16371056975203,1.9081788,3.4045548,9.038112,-0.005497787,-0.0018325958,0.0030543262,JERKING,10778cb0282b
1777356528870,16371064971286,1.9393034,3.4093432,9.057265,-0.0061086523,-0.0036651916,0.0036651916,JERKING,10778cb0282b
1777356528878,16371072998060,1.9512744,3.3854012,9.069236,-0.005497787,-0.004886922,0.0036651916,JERKING,10778cb0282b
1777356528886,16371080991605,1.9680338,3.383007,9.074024,-0.004886922,-0.004276057,0.0018325958,JERKING,10778cb0282b
1777356528894,16371088987225,1.9776106,3.3782187,9.090784,-0.0030543262,-0.0012217305,0.0012217305,JERKING,10778cb0282b
1777356528902,16371096983307,1.982399,3.3494883,9.083601,-0.0036651916,0.0018325958,0.0018325958,JERKING,10778cb0282b
1777356528910,16371104981467,1.934515,3.3566709,9.045294,-0.0018325958,0.004276057,0.0018325958,JERKING,10778cb0282b
1777356528918,16371112974087,1.9321208,3.3614593,9.011775,0.0012217305,0.005497787,6.1086525E-4,JERKING,10778cb0282b
1777356528926,16371120971247,1.9057846,3.3375173,9.0237465,0.0012217305,0.0036651916,0.0,JERKING,10778cb0282b
1777356528934,16371128995945,1.9201498,3.2704794,9.01417,0.002443461,-0.002443461,-6.1086525E-4,JERKING,10778cb0282b
1777356528942,16371136991334,1.910573,3.1747115,8.930372,0.007330383,-0.007941248,-0.005497787,JERKING,10778cb0282b
1777356528950,16371144986725,1.8746599,2.9903579,8.750807,0.016493361,-0.021380283,-0.009773844,JERKING,10778cb0282b
1777356528958,16371152983038,1.8746599,2.7389667,8.571242,0.021991149,-0.032986723,-0.015882496,JERKING,10778cb0282b
1777356528966,16371160978351,1.9440918,2.3391352,8.248025,0.026267206,-0.03970624,-0.02321288,JERKING,10778cb0282b
1777356528974,16371168975664,1.7381904,2.2409728,8.50181,-0.02076942,-0.12034045,-0.03604105,JERKING,10778cb0282b
1777356528982,16371176971361,1.5897499,2.7868507,8.942344,-0.11301007,-0.21930063,-0.030543262,JERKING,10778cb0282b
1777356528990,16371184966752,2.6599581,2.2888567,7.788338,0.03176499,0.14538592,0.08674286,JERKING,10778cb0282b
1777356528998,16371192992526,3.1052797,1.8483237,7.513005,0.053145275,0.23579398,0.09468412,JERKING,10778cb0282b
1777356529006,16371200988840,2.5187001,2.5594015,8.619126,-0.040317107,0.10751228,-0.020158553,JERKING,10778cb0282b
1777356529014,16371208982076,1.8363527,3.7014358,10.129868,-0.10445796,0.044593163,-0.1282817,JERKING,10778cb0282b
1777356529022,16371216978158,1.1755531,5.4420204,11.712435,-0.08002335,0.13072516,-0.19058995,JERKING,10778cb0282b
1777356529030,16371224974779,1.0295067,6.5840545,12.315774,0.01038471,0.2302962,-0.14110987,JERKING,10778cb0282b
1777356529038,16371232969784,1.2761095,7.371747,12.2798605,0.070249505,0.20219639,-0.059864793,JERKING,10778cb0282b
1777356529046,16371240997482,1.8650831,7.086837,11.456255,0.076358154,0.0580322,0.017104227,JERKING,10778cb0282b
1777356529054,16371248991334,1.6017209,4.8482585,9.82341,0.031154128,-0.13744467,0.036651913,JERKING,10778cb0282b
1777356529062,16371256987646,1.6112977,3.1675289,8.980651,-0.06780604,-0.2864958,0.061086524,JERKING,10778cb0282b
1777356529070,16371264985191,1.721431,2.1452048,8.348581,-0.07880162,-0.2706133,0.07269296,JERKING,10778cb0282b
1777356529078,16371272978427,1.9033904,1.5921441,7.66384,-0.036651913,-0.21380283,0.059864793,JERKING,10778cb0282b
1777356529086,16371280974125,2.0374656,1.5801731,7.228095,0.02687807,-0.17531833,0.028099801,JERKING,10778cb0282b
1777356529094,16371288969207,2.2840683,2.054225,6.9360023,0.09590584,-0.18997909,-0.004886922,JERKING,10778cb0282b
1777356529102,16371296995673,2.44448,2.7844565,7.1371155,0.10629055,-0.21319197,-0.047647487,JERKING,10778cb0282b
1777356529110,16371304992295,2.4133554,3.751714,7.8146744,0.08552113,-0.15699236,-0.06841691,JERKING,10778cb0282b
1777356529118,16371312987684,2.693477,4.2185836,8.537724,0.058643065,0.01282817,-0.039095376,JERKING,10778cb0282b
1777356529126,16371320985537,2.8514943,4.235343,9.172187,0.016493361,0.20769419,-6.1086525E-4,JERKING,10778cb0282b
1777356529134,16371328978849,2.4301147,3.9193082,9.734824,-0.061086524,0.33292156,0.0067195175,JERKING,10778cb0282b
1777356529142,16371336974854,1.7022774,3.5625722,9.998186,-0.111177474,0.3200934,0.002443461,JERKING,10778cb0282b
1777356529150,16371344968937,1.1779473,3.1316159,10.043676,-0.12217305,0.25534168,0.014660766,JERKING,10778cb0282b
1777356529158,16371352997250,1.067814,2.777274,9.856929,-0.09162979,0.17165314,0.032375857,JERKING,10778cb0282b
1777356529166,16371360991179,1.1420342,2.566584,9.576807,-0.037873644,0.07147124,0.030543262,JERKING,10778cb0282b
1777356529174,16371368987799,1.3144168,2.717419,9.361329,0.03359759,-0.08246681,0.008552114,JERKING,10778cb0282b
1777356529182,16371376983497,1.8579005,3.083732,9.129091,0.070249505,-0.17348573,0.009773844,JERKING,10778cb0282b
1777356529190,16371384979426,2.3654714,3.3063924,8.899248,0.084910266,-0.18753563,0.017104227,JERKING,10778cb0282b
1777356529198,16371392973969,2.6024973,3.5170822,8.74123,0.07147124,-0.13805555,0.015271631,JERKING,10778cb0282b
1777356529206,16371400971822,2.5091233,3.667917,8.678981,0.032986723,-0.010995574,0.0,JERKING,10778cb0282b
1777356529214,16371408996750,2.1859062,3.7134068,8.714894,0.005497787,0.06780604,-0.01038471,JERKING,10778cb0282b
1777356529222,16371416992062,1.7956513,3.6487634,8.851364,-0.010995574,0.09101892,-0.01160644,JERKING,10778cb0282b
1777356529230,16371424986222,1.6280571,3.53863,8.99741,-0.019547688,0.07452556,-0.009773844,JERKING,10778cb0282b
1777356529238,16371432982535,1.6208745,3.4284968,9.090784,-0.017104227,0.03481932,-0.007330383,JERKING,10778cb0282b
1777356529246,16371440980387,1.745373,3.3782187,9.0429,-0.004276057,-0.02687807,0.0036651916,JERKING,10778cb0282b
1777356529254,16371448974854,1.9321208,3.3877954,8.971074,0.0012217305,-0.048258353,0.0061086523,JERKING,10778cb0282b
1777356529262,16371456969397,2.123657,3.3854012,8.956709,-6.1086525E-4,-0.035430185,0.007941248,JERKING,10778cb0282b
1777356529270,16371464995865,2.135628,3.4165258,9.090784,-0.008552114,-0.004276057,0.0036651916,JERKING,10778cb0282b
1777356529278,16371472990331,2.054225,3.3997664,9.289502,-0.015271631,0.028710667,-0.0030543262,JERKING,10778cb0282b
1777356529286,16371480986568,1.9416976,3.3494883,9.425972,-0.015271631,0.036651913,-0.0067195175,JERKING,10778cb0282b
1777356529294,16371488981727,1.7908629,3.3758245,9.457097,-0.0061086523,0.029321533,-0.008552114,JERKING,10778cb0282b
1777356529302,16371496977347,1.7477672,3.371036,9.332599,0.0067195175,0.01282817,-0.004886922,JERKING,10778cb0282b
1777356529310,16371504974046,1.7812861,3.3973722,9.16261,0.017104227,-0.007941248,6.1086525E-4,JERKING,10778cb0282b
1777356529318,16371512968204,1.8842367,3.4476504,9.0237465,0.021991149,-0.029321533,0.0067195175,JERKING,10778cb0282b
1777356529326,16371520996826,2.0135236,3.4691982,8.9279785,0.018936822,-0.032986723,0.009162978,JERKING,10778cb0282b
1777356529334,16371528990677,2.087744,3.4859576,8.901642,0.014049901,-0.021991149,0.0061086523,JERKING,10778cb0282b
1777356529342,16371536987606,2.0829554,3.4979286,8.90643,0.0061086523,-0.0061086523,0.002443461,JERKING,10778cb0282b
1777356529350,16371544983842,2.0254946,3.4739866,8.9998045,-0.002443461,0.008552114,0.0,JERKING,10778cb0282b
1777356529358,16371552977385,1.9632454,3.4596214,9.062054,-0.007941248,0.018325957,-0.0036651916,JERKING,10778cb0282b
1777356529366,16371560975315,1.8866309,3.4117374,9.059659,-0.0061086523,0.017715093,-0.004276057,JERKING,10778cb0282b
1777356529374,16371568969089,1.8602947,3.3925838,9.050082,-0.0030543262,0.01282817,-0.0012217305,JERKING,10778cb0282b
1777356529382,16371576994710,1.8674773,3.3854012,9.0716305,-0.004276057,0.0061086523,-0.002443461,JERKING,10778cb0282b
1777356529390,16371584991561,1.9033904,3.4045548,9.167398,-0.004886922,0.005497787,0.0012217305,JERKING,10778cb0282b
1777356529398,16371592985489,1.8938135,3.3877954,9.210494,-0.0030543262,0.0018325958,0.0018325958,JERKING,10778cb0282b
1777356529406,16371600984188,1.8890251,3.371036,9.210494,-6.1086525E-4,0.0030543262,0.0018325958,JERKING,10778cb0282b
1777356529414,16371608978424,1.9009962,3.3542767,9.184157,0.002443461,-0.0018325958,0.0018325958,JERKING,10778cb0282b
1777356529422,16371616972814,1.9321208,3.3159695,9.129091,0.0067195175,-0.004886922,0.0012217305,JERKING,10778cb0282b
1777356529430,16371624969435,1.9536686,3.3279405,9.097966,0.008552114,-0.0061086523,-6.1086525E-4,JERKING,10778cb0282b
1777356529438,16371632995055,1.9536686,3.3399115,9.064447,0.01160644,-0.004886922,-6.1086525E-4,JERKING,10778cb0282b
1777356529446,16371640990676,1.946486,3.3997664,9.054871,0.01160644,-6.1086525E-4,-0.0018325958,JERKING,10778cb0282b
1777356529454,16371648985758,1.9297266,3.466804,9.078813,0.009162978,6.1086525E-4,-0.0018325958,JERKING,10778cb0282b
1777356529462,16371656981226,1.934515,3.5458126,9.100361,0.007330383,0.004276057,-0.002443461,JERKING,10778cb0282b
1777356529470,16371664979923,1.8938135,3.572149,9.018958,0.009773844,0.0,-0.0030543262,JERKING,10778cb0282b
1777356529478,16371672974159,1.8914193,3.58412,8.9040365,0.01160644,-0.0036651916,-0.0030543262,JERKING,10778cb0282b
1777356529486,16371680967627,1.9009962,3.58412,8.9040365,0.007941248,-0.005497787,-0.0018325958,JERKING,10778cb0282b
1777356529494,16371688994401,1.9273324,3.5529952,8.9758625,-0.0018325958,-0.004886922,0.0,JERKING,10778cb0282b
1777356529502,16371696991099,1.958457,3.490746,9.040505,-0.007330383,-0.0018325958,0.0,JERKING,10778cb0282b
1777356529510,16371704987027,1.946486,3.4835634,9.100361,-0.009162978,0.0012217305,-6.1086525E-4,JERKING,10778cb0282b
1777356529518,16371712980955,1.9536686,3.4620156,9.14585,-0.009162978,0.002443461,0.0018325958,JERKING,10778cb0282b
1777356529526,16371720976961,1.9560628,3.430891,9.148245,-0.0067195175,6.1086525E-4,0.0012217305,JERKING,10778cb0282b
1777356529534,16371728972351,1.946486,3.4045548,9.157822,-0.0067195175,-0.0018325958,0.002443461,JERKING,10778cb0282b
1777356529542,16371736968972,1.946486,3.4021606,9.13388,-0.004276057,-0.0030543262,0.0012217305,JERKING,10778cb0282b
1777356529550,16371744994747,1.946486,3.4045548,9.105149,-0.0012217305,-0.0018325958,6.1086525E-4,JERKING,10778cb0282b
1777356529558,16371752990136,1.9249382,3.4165258,9.081207,-6.1086525E-4,-0.0018325958,6.1086525E-4,JERKING,10778cb0282b
1777356529566,16371760986835,1.9369092,3.4284968,9.090784,-0.0036651916,0.0018325958,0.0018325958,JERKING,10778cb0282b
1777356529574,16371768981301,1.9129672,3.442862,9.11712,-0.004886922,6.1086525E-4,0.0030543262,JERKING,10778cb0282b
1777356529582,16371776976692,1.9321208,3.4572272,9.119514,-0.005497787,6.1086525E-4,0.004276057,JERKING,10778cb0282b
1777356529590,16371784971697,1.9081788,3.4596214,9.093178,-0.004886922,-0.0018325958,0.004886922,JERKING,10778cb0282b
1777356529598,16371792968317,1.9369092,3.4476504,9.074024,-0.004276057,-0.0061086523,0.0036651916,JERKING,10778cb0282b
1777356529606,16371800993554,1.9512744,3.4572272,9.0476885,-0.004276057,-0.009162978,0.004886922,JERKING,10778cb0282b
1777356529614,16371808990174,1.9728222,3.4237084,9.040505,-0.004886922,-0.0061086523,0.0030543262,JERKING,10778cb0282b
1777356529622,16371816985334,1.970428,3.4045548,9.054871,-0.009162978,-0.0036651916,0.002443461,JERKING,10778cb0282b
1777356529630,16371824983109,1.9536686,3.4117374,9.088389,-0.01038471,0.0012217305,0.0018325958,JERKING,10778cb0282b
1777356529638,16371832976344,1.922544,3.4045548,9.095572,-0.009162978,0.004276057,6.1086525E-4,JERKING,10778cb0282b
1777356529646,16371840972658,1.9033904,3.4165258,9.097966,-0.0061086523,0.0036651916,0.0018325958,JERKING,10778cb0282b
1777356529654,16371848967509,1.8890251,3.4237084,9.088389,-0.005497787,0.002443461,0.0012217305,JERKING,10778cb0282b
1777356529662,16371856994823,1.8962077,3.430891,9.081207,-0.004276057,-6.1086525E-4,0.0012217305,JERKING,10778cb0282b
1777356529670,16371864990520,1.9201498,3.4141316,9.083601,-0.004886922,-0.005497787,6.1086525E-4,JERKING,10778cb0282b
1777356529678,16371872984141,1.9321208,3.394978,9.083601,-0.0030543262,-0.004886922,0.0018325958,JERKING,10778cb0282b
1777356529686,16371880983454,1.9632454,3.3901896,9.052477,-0.0036651916,-0.0036651916,0.0018325958,JERKING,10778cb0282b
1777356529694,16371888977690,1.9728222,3.371036,9.062054,-0.0018325958,-0.002443461,0.0018325958,JERKING,10778cb0282b
1777356529702,16371896972388,1.958457,3.3542767,9.066842,-0.0012217305,-0.0018325958,0.0018325958,JERKING,10778cb0282b
1777356529710,16371904968393,1.9680338,3.3614593,9.085996,-0.0012217305,6.1086525E-4,0.0012217305,JERKING,10778cb0282b
1777356529718,16371912993399,1.9416976,3.3614593,9.078813,-6.1086525E-4,0.0036651916,-0.0012217305,JERKING,10778cb0282b
1777356529726,16371920990558,1.9297266,3.3662477,9.074024,0.0,0.0018325958,0.0,JERKING,10778cb0282b
1777356529734,16371928985025,1.9057846,3.3734303,9.066842,0.0018325958,0.0036651916,-0.0018325958,JERKING,10778cb0282b
1777356529742,16371936980492,1.9153614,3.371036,9.040505,0.004276057,6.1086525E-4,-0.002443461,JERKING,10778cb0282b
1777356529750,16371944976421,1.8746599,3.335123,9.018958,0.0067195175,0.0,-0.002443461,JERKING,10778cb0282b
1777356529758,16371952973041,1.8794483,3.3135753,8.987833,0.007330383,-0.0018325958,-0.004276057,JERKING,10778cb0282b
1777356529766,16371960997047,1.8986019,3.2609026,8.980651,0.007330383,-0.0061086523,-0.0036651916,JERKING,10778cb0282b
1777356529774,16371968994898,1.910573,3.1794999,8.916007,0.009162978,-0.007941248,-0.005497787,JERKING,10778cb0282b
1777356529782,16371976989981,1.9009962,3.064578,8.820239,0.017104227,-0.009773844,-0.01160644,JERKING,10778cb0282b
1777356529790,16371984985371,1.9129672,2.9783869,8.805874,0.015271631,-0.018325957,-0.015882496,JERKING,10778cb0282b
1777356529798,16371992980760,1.946486,2.8874073,8.815451,0.005497787,-0.018936822,-0.02321288,JERKING,10778cb0282b
1777356529806,16372000977074,1.7190368,2.9496565,9.16261,-0.037873644,-0.08124508,-0.036651913,JERKING,10778cb0282b
1777356529814,16372008971618,1.661576,3.359065,9.294291,-0.07941248,-0.12522738,-0.012217305,JERKING,10778cb0282b
1777356529822,16372016998008,2.6479871,3.0023289,8.192958,0.03359759,0.10445796,0.077579886,JERKING,10778cb0282b
1777356529830,16372024992475,2.8658595,2.6479871,7.785944,0.07086037,0.23396139,0.10323623,JERKING,10778cb0282b
1777356529838,16372032989481,2.1930888,3.2249897,8.614338,-0.0018325958,0.15760323,0.0036651916,JERKING,10778cb0282b
1777356529846,16372040984870,1.5442601,4.1012673,9.720459,-0.021991149,0.15515977,-0.069027774,JERKING,10778cb0282b
1777356529854,16372048979875,1.3479356,4.9081135,10.675745,-0.02565634,0.14721853,-0.09101892,JERKING,10778cb0282b
1777356529862,16372056976881,1.4796166,5.5737014,11.224017,-0.009162978,0.12034045,-0.06291912,JERKING,10778cb0282b
1777356529870,16372064971656,1.5801731,5.3342814,10.876859,0.025045475,0.049480084,-0.014660766,JERKING,10778cb0282b
1777356529878,16372072997508,1.6687586,4.4077253,10.160992,-0.004276057,-0.056199603,0.0012217305,JERKING,10778cb0282b
1777356529886,16372080994744,1.6496049,3.620033,9.809045,-0.061086524,-0.14294247,0.0067195175,JERKING,10778cb0282b
1777356529894,16372088988287,1.7621324,2.96881,9.399636,-0.06780604,-0.16249016,0.014049901,JERKING,10778cb0282b
1777356529902,16372096986678,1.9680338,2.5689783,8.820239,-0.009162978,-0.15393804,0.015271631,JERKING,10778cb0282b
1777356529910,16372104979683,2.0566192,2.5067291,8.281544,0.044593163,-0.16798794,0.0030543262,JERKING,10778cb0282b
1777356529918,16372112975689,2.0254946,2.7269957,7.788338,0.077579886,-0.17898351,-0.013439035,JERKING,10778cb0282b
1777356529926,16372120974155,2.1188686,3.0621839,7.6734166,0.076358154,-0.15454891,-0.02076942,JERKING,10778cb0282b
1777356529934,16372128998083,2.2577322,3.4500446,8.02297,0.047036625,-0.08979719,-0.019547688,JERKING,10778cb0282b
1777356529942,16372136993782,2.3104045,3.6846764,8.585608,-0.0018325958,0.017104227,-0.025045475,JERKING,10778cb0282b
1777356529950,16372144989556,2.0733786,3.8762126,9.114726,-0.025045475,0.061086524,-0.030543262,JERKING,10778cb0282b
1777356529958,16372152984024,1.9871874,3.8474822,9.234436,-0.02443461,0.08674286,-0.014660766,JERKING,10778cb0282b
1777356529966,16372160980567,2.135628,3.5553896,9.169792,-0.02565634,0.103847094,0.02321288,JERKING,10778cb0282b
1777356529974,16372168975649,1.934515,3.3135753,9.227253,-0.05009095,0.09162979,0.021991149,JERKING,10778cb0282b
1777356529982,16372176970732,1.6496049,3.1723173,9.334992,-0.053145275,0.08368854,0.01038471,JERKING,10778cb0282b
1777356529990,16372184997814,1.5897499,3.0669725,9.476251,-0.034208454,0.07147124,0.01038471,JERKING,10778cb0282b
1777356529998,16372192995051,1.6065093,3.040636,9.516952,-0.009773844,0.03176499,0.007941248,JERKING,10778cb0282b
1777356530006,16372200989287,1.721431,3.1531637,9.440337,0.01038471,-0.029932396,0.002443461,JERKING,10778cb0282b
1777356530014,16372208984292,1.958457,3.2968156,9.26556,0.029321533,-0.07513642,0.0061086523,JERKING,10778cb0282b
1777356530022,16372216980605,2.171541,3.383007,9.088389,0.031154128,-0.06169739,0.01160644,JERKING,10778cb0282b
1777356530030,16372224977610,2.2697031,3.466804,8.930372,0.023823744,-0.020158553,0.012217305,JERKING,10778cb0282b
1777356530038,16372232971770,2.0901382,3.5529952,8.870518,0.015271631,0.02076942,0.0012217305,JERKING,10778cb0282b
1777356530046,16372240996314,1.8483237,3.5673606,8.875306,0.007941248,0.0421497,-0.0018325958,JERKING,10778cb0282b
1777356530054,16372248991396,1.7405846,3.5673606,8.939949,6.1086525E-4,0.03481932,6.1086525E-4,JERKING,10778cb0282b
1777356530062,16372256986863,1.7860745,3.5075054,8.9519205,-6.1086525E-4,0.01160644,0.0036651916,JERKING,10778cb0282b
1777356530070,16372264984330,1.8531121,3.4572272,8.9758625,-0.0030543262,-0.013439035,0.0036651916,JERKING,10778cb0282b
1777356530078,16372272978797,1.9153614,3.4380736,8.959103,-0.008552114,-0.031154128,0.002443461,JERKING,10778cb0282b
1777356530086,16372280977571,2.0733786,3.3566709,8.944737,-0.012217305,-0.012217305,0.0061086523,JERKING,10778cb0282b
1777356530094,16372288971423,2.0853498,3.3183637,9.016563,-0.015271631,0.0067195175,0.004276057,JERKING,10778cb0282b
1777356530102,16372296996736,1.9752164,3.323152,9.184157,-0.018325957,0.019547688,-0.0036651916,JERKING,10778cb0282b
1777356530110,16372304992664,1.9153614,3.3159695,9.325416,-0.014049901,0.026267206,-0.0030543262,JERKING,10778cb0282b
1777356530118,16372312987440,1.8483237,3.3446999,9.363723,-0.005497787,0.021380283,-0.002443461,JERKING,10778cb0282b
1777356530126,16372320983137,1.8171991,3.3494883,9.313444,0.005497787,0.0067195175,6.1086525E-4,JERKING,10778cb0282b
1777356530134,16372328979834,1.8315643,3.3638535,9.179369,0.013439035,-0.004886922,0.0018325958,JERKING,10778cb0282b
1777356530142,16372336975533,1.8650831,3.3854012,9.028535,0.015882496,-0.012217305,0.0036651916,JERKING,10778cb0282b
1777356530150,16372344971461,1.9249382,3.4165258,8.963891,0.013439035,-0.019547688,0.0030543262,JERKING,10778cb0282b
1777356530158,16372352996082,1.9895816,3.4021606,8.968679,0.009162978,-0.01160644,0.0030543262,JERKING,10778cb0282b
1777356530166,16372360992164,2.006341,3.4380736,8.971074,0.007330383,-0.0012217305,0.0018325958,JERKING,10778cb0282b
1777356530174,16372368988708,1.9871874,3.4620156,9.006987,0.004276057,0.005497787,0.0018325958,JERKING,10778cb0282b
1777356530182,16372376983867,1.9728222,3.4596214,9.066842,6.1086525E-4,0.0067195175,6.1086525E-4,JERKING,10778cb0282b
1777356530190,16372384979796,1.9369092,3.406949,9.093178,-0.0012217305,0.010995574,-0.002443461,JERKING,10778cb0282b
1777356530198,16372392976109,1.9297266,3.3877954,9.057265,0.0,0.008552114,-6.1086525E-4,JERKING,10778cb0282b
1777356530206,16372400970653,1.922544,3.3854012,9.052477,0.0018325958,0.004886922,0.0,JERKING,10778cb0282b
1777356530214,16372408995196,1.9297266,3.3806129,9.121908,-6.1086525E-4,0.004276057,6.1086525E-4,JERKING,10778cb0282b
1777356530222,16372416991587,1.9249382,3.3446999,9.19134,-0.002443461,0.007941248,6.1086525E-4,JERKING,10778cb0282b
1777356530230,16372424990284,1.8818425,3.3566709,9.246407,0.0,0.01038471,0.0,JERKING,10778cb0282b
1777356530238,16372432983906,1.8531121,3.3423057,9.224859,0.004886922,0.004276057,6.1086525E-4,JERKING,10778cb0282b
1777356530246,16372440979526,1.8746599,3.3758245,9.176975,0.01038471,-0.0018325958,0.0012217305,JERKING,10778cb0282b
1777356530254,16372448973993,1.8938135,3.406949,9.112331,0.015271631,-0.0067195175,-0.0012217305,JERKING,10778cb0282b
1777356530262,16372456970076,1.9057846,3.4835634,9.0476885,0.015882496,-0.007941248,-6.1086525E-4,JERKING,10778cb0282b
1777356530270,16372464996542,1.9201498,3.526659,9.004593,0.016493361,-0.004886922,6.1086525E-4,JERKING,10778cb0282b
1777356530278,16372472992163,1.9321208,3.5793316,8.973468,0.012217305,-0.0030543262,-6.1086525E-4,JERKING,10778cb0282b
1777356530286,16372480988553,1.9369092,3.5817258,8.987833,0.008552114,0.0,-0.0012217305,JERKING,10778cb0282b
1777356530294,16372488982327,1.9321208,3.5745432,9.011775,0.0018325958,6.1086525E-4,0.0,JERKING,10778cb0282b
1777356530302,16372496980180,1.946486,3.550601,9.040505,-0.002443461,0.002443461,0.0,JERKING,10778cb0282b
1777356530310,16372504973108,1.9416976,3.4883518,9.0237465,-0.004276057,6.1086525E-4,0.0,JERKING,10778cb0282b
1777356530318,16372512968883,1.9440918,3.4715924,9.0476885,-0.005497787,-6.1086525E-4,0.0,JERKING,10778cb0282b
1777356530326,16372520996888,1.9512744,3.4620156,9.095572,-0.008552114,6.1086525E-4,0.0018325958,JERKING,10778cb0282b
1777356530334,16372528991354,1.9369092,3.4596214,9.124303,-0.007941248,0.0018325958,0.0030543262,JERKING,10778cb0282b
1777356530342,16372536986976,1.9081788,3.4715924,9.124303,-0.0061086523,0.0061086523,0.0012217305,JERKING,10778cb0282b
1777356530350,16372544982135,1.8866309,3.4739866,9.167398,-0.005497787,0.004276057,-6.1086525E-4,JERKING,10778cb0282b
1777356530358,16372552978371,1.8818425,3.4715924,9.174581,-0.0067195175,0.002443461,0.002443461,JERKING,10778cb0282b
1777356530366,16372560974992,1.8650831,3.4237084,9.165004,-0.0036651916,-0.0012217305,0.002443461,JERKING,10778cb0282b
1777356530374,16372568970458,1.8890251,3.4284968,9.121908,-0.0018325958,-0.0036651916,0.002443461,JERKING,10778cb0282b
1777356530382,16372576995926,1.8962077,3.454833,9.059659,-0.0012217305,-0.007330383,0.0030543262,JERKING,10778cb0282b
1777356530390,16372584992239,1.9249382,3.4500446,9.0237465,-0.0018325958,-0.005497787,0.004886922,JERKING,10778cb0282b
1777356530398,16372592987399,1.9393034,3.4572272,9.016563,-0.004276057,-0.0061086523,0.004276057,JERKING,10778cb0282b
1777356530406,16372600983096,1.9608512,3.4500446,9.057265,-0.009162978,-0.0036651916,0.0030543262,JERKING,10778cb0282b
1777356530414,16372608977256,1.9656396,3.41892,9.066842,-0.009162978,6.1086525E-4,0.002443461,JERKING,10778cb0282b
1777356530422,16372616976338,1.9369092,3.3973722,9.038112,-0.008552114,0.0018325958,6.1086525E-4,JERKING,10778cb0282b
1777356530430,16372624970112,1.9177556,3.3973722,9.069236,-0.010995574,0.0,0.0018325958,JERKING,10778cb0282b
1777356530438,16372632994733,1.9009962,3.371036,9.069236,-0.01038471,0.002443461,0.0012217305,JERKING,10778cb0282b
1777356530446,16372640993892,1.9009962,3.3542767,9.078813,-0.009773844,0.0030543262,6.1086525E-4,JERKING,10778cb0282b
1777356530454,16372648986437,1.9009962,3.3854012,9.088389,-0.0061086523,6.1086525E-4,0.0030543262,JERKING,10778cb0282b
1777356530462,16372656983365,1.8986019,3.3997664,9.076419,-0.002443461,-0.0012217305,0.0030543262,JERKING,10778cb0282b
1777356530470,16372664979062,1.8938135,3.3877954,9.066842,-0.0036651916,-0.002443461,0.0018325958,JERKING,10778cb0282b
1777356530478,16372672974760,1.9273324,3.383007,9.064447,-0.002443461,-0.004276057,6.1086525E-4,JERKING,10778cb0282b
1777356530486,16372680971689,1.9488802,3.3494883,9.030929,-0.0012217305,-0.004276057,0.0018325958,JERKING,10778cb0282b
1777356530494,16372688995156,1.9488802,3.3494883,8.99741,-6.1086525E-4,-0.0030543262,0.0012217305,JERKING,10778cb0282b
1777356530502,16372696991777,1.9536686,3.335123,8.9998045,0.0,-0.0061086523,0.0,JERKING,10778cb0282b
1777356530510,16372704986166,1.9512744,3.3063924,8.930372,0.005497787,-0.002443461,-0.0030543262,JERKING,10778cb0282b
1777356530518,16372712984018,1.9393034,3.2441432,8.860941,0.0067195175,-0.0067195175,-0.0018325958,JERKING,10778cb0282b
1777356530526,16372720978793,1.9608512,3.1028855,8.817844,0.007941248,-0.0067195175,-0.005497787,JERKING,10778cb0282b
1777356530534,16372728972337,1.9249382,2.9951463,8.75799,0.012217305,-0.009162978,-0.009773844,JERKING,10778cb0282b
1777356530542,16372736968650,1.8938135,2.8898015,8.736442,0.013439035,-0.01038471,-0.015271631,JERKING,10778cb0282b
1777356530550,16372744994886,1.8842367,2.8682537,8.844181,0.007941248,-0.014049901,-0.020158553,JERKING,10778cb0282b
1777356530558,16372752992122,1.9536686,2.540248,8.813056,0.0018325958,-0.015271631,-0.02565634,JERKING,10778cb0282b
1777356530566,16372760985974,1.5801731,2.8203697,9.586384,-0.108123146,-0.18570304,-0.02076942,JERKING,10778cb0282b
1777356530574,16372768981903,2.1883004,3.052607,9.143456,-0.1020145,-0.1386664,0.06963864,JERKING,10778cb0282b
1777356530582,16372776978292,3.394978,2.0231004,7.929596,0.05131268,0.1966986,0.17165314,JERKING,10778cb0282b
1777356530590,16372784973297,2.870648,2.4037786,8.449138,0.004886922,0.20830505,0.115453534,JERKING,10778cb0282b
1777356530599,16372793001611,1.8219875,3.5170822,9.682152,-0.08979719,0.07819075,-0.0067195175,JERKING,10778cb0282b
1777356530606,16372800994924,1.2378023,4.39336,10.572795,-0.07819075,0.07696902,-0.02076942,JERKING,10778cb0282b
1777356530614,16372808989699,1.127669,5.583278,11.310209,-0.04337143,0.087964594,0.017715093,JERKING,10778cb0282b
1777356530622,16372816986242,1.3599066,6.1770406,11.176133,0.029932396,0.1001819,0.062308256,JERKING,10778cb0282b
1777356530630,16372824982324,1.6711528,6.131551,9.998186,0.09773844,0.06780604,0.0580322,JERKING,10778cb0282b
1777356530638,16372832976792,1.1779473,4.9679685,8.832211,0.0720821,-0.095294975,-0.014660766,JERKING,10778cb0282b
1777356530646,16372840975566,1.0749966,3.8786068,8.48984,-0.016493361,-0.20280726,-0.01038471,JERKING,10778cb0282b
1777356530654,16372848969957,1.6184803,2.9281087,8.406042,-0.061086524,-0.21074851,0.018936822,JERKING,10778cb0282b
1777356530662,16372856995193,2.135628,2.4827871,8.291121,-0.04337143,-0.16554448,0.020158553,JERKING,10778cb0282b
1777356530670,16372864990275,2.4732103,2.3175871,8.010999,0.021991149,-0.14355333,-0.02687807,JERKING,10778cb0282b
1777356530678,16372872986281,2.5498247,2.4612393,7.8769236,0.05375614,-0.15454891,-0.06414085,JERKING,10778cb0282b
1777356530686,16372880981132,2.4779987,2.89459,8.082825,0.051923547,-0.1441642,-0.08552113,JERKING,10778cb0282b
1777356530694,16372888977061,2.4468741,3.335123,8.556877,0.031154128,-0.08857546,-0.08307768,JERKING,10778cb0282b
1777356530702,16372896971604,2.336741,3.727772,9.074024,0.01160644,0.005497787,-0.06536258,JERKING,10778cb0282b
1777356530710,16372904969148,2.3798366,3.8594532,9.375694,-0.0018325958,0.1337795,-0.009773844,JERKING,10778cb0282b
1777356530718,16372912994000,2.2361844,3.6224272,9.445126,-0.018325957,0.20463985,0.016493361,JERKING,10778cb0282b
1777356530726,16372920990620,1.7764976,3.3207579,9.543288,-0.04153884,0.21502456,0.014660766,JERKING,10778cb0282b
1777356530734,16372928985396,1.3694834,3.1435869,9.595961,-0.05009095,0.17165314,0.0067195175,JERKING,10778cb0282b
1777356530742,16372936980862,1.1372458,2.9735985,9.581595,-0.035430185,0.111177474,0.0012217305,JERKING,10778cb0282b
1777356530750,16372944977098,1.163582,2.956839,9.524135,0.0030543262,0.0,-0.002443461,JERKING,10778cb0282b
1777356530758,16372952972258,1.6304513,3.086126,9.313444,0.032986723,-0.09407325,0.009773844,JERKING,10778cb0282b
1777356530766,16372960968801,2.1188686,3.2513258,9.054871,0.05131268,-0.14110987,0.018936822,JERKING,10778cb0282b
1777356530774,16372968995038,2.4301147,3.3973722,8.796297,0.055588737,-0.12461651,0.018325957,JERKING,10778cb0282b
1777356530782,16372976989120,2.5474305,3.514688,8.635885,0.03726278,-0.0421497,0.007330383,JERKING,10778cb0282b
1777356530790,16372984986356,2.4109612,3.550601,8.671799,0.012217305,0.02565634,-0.0030543262,JERKING,10778cb0282b
1777356530798,16372992982746,2.0470424,3.58412,8.860941,-0.0061086523,0.069027774,-0.015882496,JERKING,10778cb0282b
1777356530806,16373000977136,1.7956513,3.5577838,9.028535,-0.01160644,0.07880162,-0.015882496,JERKING,10778cb0282b
1777356530814,16373008974373,1.6831238,3.5098996,9.131485,-0.012217305,0.06047566,-0.007941248,JERKING,10778cb0282b
1777356530822,16373016998686,1.7070658,3.4237084,9.153033,-0.009773844,0.016493361,0.0012217305,JERKING,10778cb0282b
1777356530830,16373024993460,1.8148049,3.3686419,9.14585,-0.008552114,-0.009162978,0.002443461,JERKING,10778cb0282b
1777356530838,16373032990774,1.922544,3.2992098,9.114726,-0.007330383,-0.020158553,0.004276057,JERKING,10778cb0282b
1777356530846,16373040986086,1.99437,3.2680852,9.150639,-0.0067195175,-0.015271631,0.007330383,JERKING,10778cb0282b
1777356530854,16373048980554,2.0087352,3.265691,9.217676,-0.0030543262,0.0030543262,0.0012217305,JERKING,10778cb0282b
1777356530862,16373056977251,1.9895816,3.277662,9.267955,6.1086525E-4,0.01160644,-0.0018325958,JERKING,10778cb0282b
1777356530870,16373064973487,1.9273324,3.3303347,9.258378,0.0067195175,0.015882496,-0.0018325958,JERKING,10778cb0282b
1777356530878,16373072966724,1.8890251,3.3686419,9.179369,0.01282817,0.007330383,-0.004276057,JERKING,10778cb0282b
1777356530886,16373080994498,1.8770541,3.4093432,9.0476885,0.019547688,0.0,-6.1086525E-4,JERKING,10778cb0282b
1777356530894,16373088990504,1.9057846,3.442862,8.983045,0.017104227,-0.01160644,0.002443461,JERKING,10778cb0282b
1777356530902,16373096987740,1.9512744,3.454833,8.939949,0.013439035,-0.01282817,0.005497787,JERKING,10778cb0282b
1777356530910,16373104980284,1.9991584,3.4380736,8.916007,0.009773844,-0.004886922,0.004276057,JERKING,10778cb0282b
1777356530918,16373112976289,1.9967642,3.4596214,8.937555,0.005497787,-0.0012217305,0.002443461,JERKING,10778cb0282b
1777356530926,16373120971140,1.9752164,3.4476504,8.985439,0.0012217305,0.01038471,0.0012217305,JERKING,10778cb0282b
1777356530934,16373128998839,1.9393034,3.4261026,9.0429,-0.0018325958,0.014660766,-0.002443461,JERKING,10778cb0282b
1777356530942,16373136996382,1.9057846,3.406949,9.11712,-0.0036651916,0.014660766,-0.0030543262,JERKING,10778cb0282b
1777356530950,16373144989234,1.9129672,3.3734303,9.172187,-0.0030543262,0.01282817,-0.002443461,JERKING,10778cb0282b
1777356530958,16373152984316,1.9081788,3.3399115,9.198523,-0.0012217305,0.005497787,-0.0012217305,JERKING,10778cb0282b
1777356530966,16373160981552,1.8674773,3.3087866,9.19134,0.0018325958,0.0061086523,-0.0018325958,JERKING,10778cb0282b
1777356530974,16373168975712,1.8818425,3.3494883,9.184157,0.005497787,0.0030543262,6.1086525E-4,JERKING,10778cb0282b
1777356530982,16373176971794,1.9033904,3.3925838,9.160215,0.009773844,-6.1086525E-4,6.1086525E-4,JERKING,10778cb0282b
1777356530990,16373184997646,1.934515,3.4213142,9.172187,0.010995574,-0.005497787,0.002443461,JERKING,10778cb0282b
1777356530998,16373192994882,1.9752164,3.4979286,9.157822,0.01160644,-0.0067195175,0.002443461,JERKING,10778cb0282b
1777356531006,16373200988349,1.99437,3.5290532,9.119514,0.012217305,-0.007330383,0.0012217305,JERKING,10778cb0282b
1777356531014,16373208984970,1.9895816,3.5649664,9.057265,0.01160644,-0.0036651916,-0.0018325958,JERKING,10778cb0282b
1777356531022,16373216982821,1.958457,3.5936968,8.983045,0.009162978,-0.0012217305,-0.0036651916,JERKING,10778cb0282b
1777356531030,16373224976750,1.9129672,3.5865142,8.956709,0.0067195175,0.002443461,-0.002443461,JERKING,10778cb0282b
1777356531038,16373232972140,1.9129672,3.5817258,8.954314,0.0012217305,6.1086525E-4,-6.1086525E-4,JERKING,10778cb0282b
1777356531046,16373240997068,1.9081788,3.5745432,8.980651,-0.004276057,-6.1086525E-4,0.0,JERKING,10778cb0282b
1777356531054,16373248993997,1.922544,3.53863,8.9998045,-0.007330383,-0.0018325958,0.0018325958,JERKING,10778cb0282b
1777356531062,16373256988156,1.9273324,3.5098996,9.045294,-0.012217305,-0.0018325958,0.0012217305,JERKING,10778cb0282b
1777356531070,16373264986854,1.9512744,3.4763808,9.102755,-0.015271631,6.1086525E-4,0.002443461,JERKING,10778cb0282b
1777356531078,16373272980705,1.934515,3.4500446,9.105149,-0.01282817,-0.0012217305,6.1086525E-4,JERKING,10778cb0282b
1777356531086,16373280976480,1.9129672,3.4500446,9.093178,-0.010995574,6.1086525E-4,6.1086525E-4,JERKING,10778cb0282b
1777356531094,16373288970870,1.9129672,3.454833,9.095572,-0.007941248,0.004886922,6.1086525E-4,JERKING,10778cb0282b
1777356531102,16373296996414,1.8986019,3.4476504,9.121908,-0.008552114,0.0018325958,-6.1086525E-4,JERKING,10778cb0282b
1777356531110,16373304993112,1.9081788,3.4332852,9.138668,-0.008552114,-0.0036651916,0.0036651916,JERKING,10778cb0282b
1777356531118,16373312989117,1.9057846,3.4117374,9.107543,-0.007330383,-0.004276057,0.0036651916,JERKING,10778cb0282b
1777356531126,16373320984737,1.9321208,3.4117374,9.038112,-0.0067195175,-0.009773844,0.004276057,JERKING,10778cb0282b
1777356531134,16373328979590,1.9416976,3.394978,8.968679,-0.005497787,-0.008552114,0.0030543262,JERKING,10778cb0282b
1777356531142,16373336974902,1.9560628,3.394978,8.978256,-0.007330383,-0.0061086523,0.004276057,JERKING,10778cb0282b
1777356531150,16373344971908,1.9440918,3.383007,9.021352,-0.012217305,-0.0012217305,0.002443461,JERKING,10778cb0282b
1777356531158,16373352996529,1.9512744,3.3614593,9.074024,-0.012217305,0.0018325958,0.0030543262,JERKING,10778cb0282b
1777356531166,16373360994688,1.9297266,3.3806129,9.062054,-0.009773844,0.0018325958,0.0018325958,JERKING,10778cb0282b
1777356531174,16373368989155,1.910573,3.371036,9.0476885,-0.0067195175,0.0030543262,0.0018325958,JERKING,10778cb0282b
1777356531182,16373376983622,1.8938135,3.3614593,9.038112,-0.0067195175,-0.0018325958,0.0012217305,JERKING,10778cb0282b
1777356531190,16373384979320,1.9033904,3.3159695,9.0476885,-0.005497787,-0.0036651916,0.002443461,JERKING,10778cb0282b
1777356531198,16373392975941,1.8938135,3.2513258,8.990228,-0.0030543262,-0.005497787,6.1086525E-4,JERKING,10778cb0282b
1777356531206,16373400972869,1.8938135,3.1555579,8.9279785,0.004276057,-0.009162978,-0.0036651916,JERKING,10778cb0282b
1777356531214,16373408997182,1.934515,3.086126,8.860941,0.004276057,-0.01038471,-0.0036651916,JERKING,10778cb0282b
1777356531222,16373416994957,1.9440918,2.8898015,8.762778,0.009773844,-0.004886922,-0.007330383,JERKING,10778cb0282b
1777356531230,16373424989116,1.9153614,2.7509377,8.683769,0.010995574,-0.008552114,-0.012217305,JERKING,10778cb0282b
1777356531238,16373432983891,1.9273324,2.6024973,8.755595,0.007941248,-0.018936822,-0.019547688,JERKING,10778cb0282b
1777356531246,16373440980511,2.0039468,2.4779987,8.968679,-0.007330383,-0.032986723,-0.023823744,JERKING,10778cb0282b
1777356531254,16373448974979,2.0685902,2.4420857,9.370906,-0.031154128,-0.06352998,-0.031154128,JERKING,10778cb0282b
1777356531262,16373456971368,2.087744,2.4301147,9.481039,-0.058643065,-0.1160644,-0.03848451,JERKING,10778cb0282b
1777356531270,16373464997220,1.4101849,3.514688,10.25676,-0.13439035,-0.25717425,-0.028099801,JERKING,10778cb0282b
1777356531278,16373472994072,2.4827871,3.7588966,9.284714,-0.034208454,-0.07086037,0.1020145,JERKING,10778cb0282b
1777356531286,16373480988307,3.6966474,3.0573955,8.453926,0.09162979,0.19364429,0.20219639,JERKING,10778cb0282b
1777356531294,16373488983313,2.4947581,3.799598,9.349358,-0.02321288,0.062308256,0.02687807,JERKING,10778cb0282b
1777356531302,16373496981549,0.93852705,5.0397944,10.292673,-0.07391469,-0.03481932,-0.09162979,JERKING,10778cb0282b
1777356531310,16373504976324,0.62249243,6.0046577,10.455479,-6.1086525E-4,0.050701816,-0.057421334,JERKING,10778cb0282b
1777356531318,16373512970483,1.1013328,6.196194,9.890448,0.07941248,0.12156218,-0.007330383,JERKING,10778cb0282b
1777356531326,16373520999027,1.2976574,5.195418,8.942344,0.09407325,0.040317107,0.0012217305,JERKING,10778cb0282b
1777356531334,16373528991417,1.6065093,4.1515455,8.686164,-0.0061086523,-0.1600467,0.010995574,JERKING,10778cb0282b
1777356531342,16373536988346,2.0135236,3.2489316,8.688558,-0.06658431,-0.1863139,0.016493361,JERKING,10778cb0282b
1777356531350,16373544984352,2.2625206,2.5187001,8.559271,-0.06658431,-0.1423316,-0.0061086523,JERKING,10778cb0282b
1777356531358,16373552978818,2.3558946,2.231396,8.418014,-0.03726278,-0.100792766,-0.02687807,JERKING,10778cb0282b
1777356531366,16373560975439,2.4037786,2.2936451,8.257602,0.009162978,-0.087964594,-0.03604105,JERKING,10778cb0282b
1777356531374,16373568970445,2.4588451,2.6982653,8.291121,0.027488936,-0.077579886,-0.027488936,JERKING,10778cb0282b
1777356531382,16373576996065,2.5617957,3.181894,8.523358,0.035430185,-0.01160644,-0.007330383,JERKING,10778cb0282b
1777356531390,16373584992917,2.552219,3.4117374,8.793902,0.032986723,0.10140363,0.005497787,JERKING,10778cb0282b
1777356531398,16373592987768,2.243367,3.5051112,9.165004,0.017104227,0.2125811,0.0018325958,JERKING,10778cb0282b
1777356531406,16373600985004,1.7190368,3.514688,9.624691,-0.015882496,0.25717425,-0.01038471,JERKING,10778cb0282b
1777356531414,16373608977856,1.3934253,3.4859576,9.89763,-0.02565634,0.19853121,-0.009773844,JERKING,10778cb0282b
1777356531422,16373616974477,1.2234371,3.3375173,9.873688,-0.017715093,0.10262536,-0.005497787,JERKING,10778cb0282b
1777356531430,16373624969944,1.2545617,3.1794999,9.603143,-0.0030543262,-0.005497787,-0.002443461,JERKING,10778cb0282b
1777356531438,16373632996026,1.6256629,3.098097,9.172187,0.016493361,-0.086132,0.009162978,JERKING,10778cb0282b
1777356531446,16373640994494,1.9991584,3.1555579,8.880095,0.03848451,-0.122783914,0.02076942,JERKING,10778cb0282b
1777356531454,16373648987191,2.3127987,3.311181,8.635885,0.0421497,-0.0983493,0.018936822,JERKING,10778cb0282b
1777356531462,16373656984119,2.4229321,3.4021606,8.576031,0.034208454,-0.04642576,0.014049901,JERKING,10778cb0282b
1777356531470,16373664978587,2.3774424,3.4596214,8.717288,0.015882496,0.007330383,0.0036651916,JERKING,10778cb0282b
1777356531478,16373672976361,2.1571758,3.4883518,8.985439,-0.009162978,0.056199603,-0.01282817,JERKING,10778cb0282b
1777356531486,16373680969367,1.9273324,3.526659,9.153033,-0.013439035,0.064751714,-0.014049901,JERKING,10778cb0282b
1777356531494,16373688995449,1.7956513,3.526659,9.200917,-0.009162978,0.052534413,-0.01160644,JERKING,10778cb0282b
1777356531502,16373696992454,1.7501614,3.4883518,9.179369,-0.004886922,0.026267206,-0.008552114,JERKING,10778cb0282b
1777356531510,16373704986614,1.7956513,3.41892,9.119514,-0.004276057,0.0012217305,6.1086525E-4,JERKING,10778cb0282b
1777356531518,16373712981926,1.8626889,3.371036,9.124303,-0.005497787,-0.012217305,0.004276057,JERKING,10778cb0282b
1777356531526,16373720979471,1.9440918,3.3255463,9.150639,-0.0067195175,-0.009162978,0.0067195175,JERKING,10778cb0282b
1777356531534,16373728973091,1.9728222,3.2824504,9.198523,-0.005497787,-0.0036651916,0.004276057,JERKING,10778cb0282b
1777356531542,16373736999789,1.99437,3.2800562,9.215282,-6.1086525E-4,0.0030543262,0.002443461,JERKING,10778cb0282b
1777356531550,16373744996795,1.9847932,3.2968156,9.198523,0.004276057,0.004886922,0.0,JERKING,10778cb0282b
1777356531558,16373752990569,1.9728222,3.323152,9.167398,0.007941248,0.0036651916,-0.0018325958,JERKING,10778cb0282b
1777356531566,16373760985960,1.9393034,3.3806129,9.095572,0.012217305,0.0030543262,-0.002443461,JERKING,10778cb0282b
1777356531574,16373768982349,1.9416976,3.4237084,9.0429,0.013439035,-0.0012217305,0.0,JERKING,10778cb0282b
1777356531582,16373776977739,1.9201498,3.454833,9.016563,0.012217305,0.0018325958,0.002443461,JERKING,10778cb0282b
1777356531590,16373784973360,1.934515,3.4524388,9.009381,0.008552114,0.0018325958,0.0018325958,JERKING,10778cb0282b
1777356531598,16373792968827,1.9416976,3.4596214,9.006987,0.004886922,6.1086525E-4,0.0018325958,JERKING,10778cb0282b
1777356531606,16373800997756,1.9560628,3.4237084,9.006987,0.0012217305,0.004886922,0.0,JERKING,10778cb0282b
1777356531614,16373808992530,1.9632454,3.3877954,9.02614,0.0,0.007941248,0.0018325958,JERKING,10778cb0282b
1777356531622,16373816988151,1.9608512,3.359065,9.105149,-0.0036651916,0.01038471,0.002443461,JERKING,10778cb0282b
1777356531630,16373824981772,1.9560628,3.3638535,9.16261,-0.0036651916,0.009162978,0.0,JERKING,10778cb0282b
1777356531638,16373832976777,1.9297266,3.3423057,9.212888,-0.0012217305,0.01160644,0.0,JERKING,10778cb0282b
1777356531646,16373840974321,1.9129672,3.3542767,9.174581,0.004886922,0.01160644,-0.0018325958,JERKING,10778cb0282b
1777356531654,16373848968557,1.8890251,3.394978,9.186552,0.009162978,0.005497787,-0.0012217305,JERKING,10778cb0282b
1777356531662,16373856996255,1.8650831,3.4045548,9.150639,0.010995574,0.002443461,-0.0018325958,JERKING,10778cb0282b
1777356531670,16373864990722,1.8794483,3.41892,9.114726,0.009162978,-0.0012217305,0.002443461,JERKING,10778cb0282b
1777356531678,16373872986727,1.9201498,3.3997664,9.124303,0.007941248,-0.004886922,0.0012217305,JERKING,10778cb0282b
1777356531686,16373880983887,1.958457,3.4093432,9.102755,0.009162978,-0.007330383,6.1086525E-4,JERKING,10778cb0282b
1777356531694,16373888979892,1.9752164,3.4380736,9.0476885,0.009162978,-0.009162978,0.0,JERKING,10778cb0282b
1777356531702,16373896973205,1.9967642,3.4979286,9.009381,0.010995574,-0.004886922,0.0,JERKING,10778cb0282b
1777356531711,16373905000288,1.970428,3.5314474,8.99741,0.008552114,6.1086525E-4,-6.1086525E-4,JERKING,10778cb0282b
1777356531718,16373912994139,1.9512744,3.5625722,9.018958,0.004886922,0.004276057,-0.0018325958,JERKING,10778cb0282b
1777356531726,16373920989760,1.934515,3.5697548,9.028535,0.0018325958,0.0018325958,-0.0018325958,JERKING,10778cb0282b
1777356531734,16373928987304,1.9440918,3.5290532,9.052477,-6.1086525E-4,-0.0018325958,0.0,JERKING,10778cb0282b
1777356531742,16373936981770,1.946486,3.5170822,9.035717,-0.002443461,-0.0036651916,0.0,JERKING,10778cb0282b
1777356531750,16373944976546,1.934515,3.4500446,9.045294,-0.0036651916,-6.1086525E-4,0.0012217305,JERKING,10778cb0282b
1777356531758,16373952973166,1.9153614,3.4404678,9.066842,-0.0067195175,-0.0012217305,0.0,JERKING,10778cb0282b
1777356531767,16373961000326,1.9081788,3.41892,9.124303,-0.0067195175,0.0012217305,0.0012217305,JERKING,10778cb0282b
1777356531774,16373968995100,1.9440918,3.430891,9.13388,-0.004886922,0.0012217305,0.002443461,JERKING,10778cb0282b
1777356531782,16373976992874,1.934515,3.442862,9.11712,-0.0030543262,-0.0018325958,0.0030543262,JERKING,10778cb0282b
1777356531790,16373984986727,1.9512744,3.4931402,9.119514,-0.0012217305,-0.0018325958,0.002443461,JERKING,10778cb0282b
1777356531798,16373992981885,1.9536686,3.4931402,9.074024,-0.0018325958,-6.1086525E-4,0.0036651916,JERKING,10778cb0282b
1777356531806,16374000977199,1.9297266,3.4931402,9.066842,-0.002443461,0.002443461,0.004276057,JERKING,10778cb0282b
1777356531814,16374008972281,1.910573,3.4883518,9.057265,-0.005497787,0.0030543262,0.0018325958,JERKING,10778cb0282b
1777356531823,16374017000363,1.9201498,3.430891,9.069236,-0.0061086523,0.0012217305,0.0018325958,JERKING,10778cb0282b
1777356531830,16374024993907,1.9249382,3.4380736,9.035717,-0.007330383,-0.0018325958,0.004276057,JERKING,10778cb0282b
1777356531838,16374032989836,1.9297266,3.4284968,9.066842,-0.009773844,-0.0018325958,0.004276057,JERKING,10778cb0282b
1777356531846,16374040985534,1.9512744,3.41892,9.093178,-0.009162978,-0.0030543262,0.004276057,JERKING,10778cb0282b
1777356531854,16374048980924,1.9680338,3.4093432,9.095572,-0.007330383,0.0,0.004886922,JERKING,10778cb0282b
1777356531862,16374056978236,1.9632454,3.4117374,9.11712,-0.009773844,0.0012217305,0.0036651916,JERKING,10778cb0282b
1777356531870,16374064972935,1.9560628,3.3973722,9.150639,-0.01038471,0.0018325958,0.0036651916,JERKING,10778cb0282b
1777356531878,16374072997940,1.9393034,3.3758245,9.124303,-0.008552114,0.0018325958,0.0030543262,JERKING,10778cb0282b
1777356531886,16374080994484,1.9273324,3.3758245,9.095572,-0.0067195175,0.0036651916,0.002443461,JERKING,10778cb0282b
1777356531894,16374088989335,1.8866309,3.383007,9.076419,-0.004886922,6.1086525E-4,0.0018325958,JERKING,10778cb0282b
1777356531902,16374096985263,1.9033904,3.3758245,9.064447,-0.004276057,-0.004276057,6.1086525E-4,JERKING,10778cb0282b
1777356531910,16374104981962,1.910573,3.3758245,9.078813,-0.0036651916,-0.004886922,0.0036651916,JERKING,10778cb0282b
1777356531918,16374112977044,1.934515,3.3806129,9.069236,-0.0018325958,-0.004276057,0.002443461,JERKING,10778cb0282b
1777356531926,16374120972973,1.9560628,3.3686419,9.0716305,-0.0012217305,-0.0018325958,0.002443461,JERKING,10778cb0282b
1777356531934,16374128999439,1.958457,3.3446999,9.052477,-0.0030543262,-0.004276057,0.0,JERKING,10778cb0282b
1777356531942,16374136994215,1.9656396,3.2920272,9.011775,-6.1086525E-4,-0.004886922,-0.0018325958,JERKING,10778cb0282b
1777356531950,16374144992373,1.934515,3.1842883,8.925584,0.0018325958,-0.007330383,-0.0036651916,JERKING,10778cb0282b
1777356531958,16374152985609,1.9560628,3.0310593,8.791509,0.007941248,-0.01038471,-0.0067195175,JERKING,10778cb0282b
1777356531966,16374160980384,1.9369092,2.767697,8.66701,0.010995574,-0.016493361,-0.009773844,JERKING,10778cb0282b
1777356531974,16374168976389,1.9632454,2.3942018,8.506598,0.009773844,-0.029932396,-0.013439035,JERKING,10778cb0282b
1777356531982,16374176971242,1.9632454,2.1404164,8.477868,-0.0030543262,-0.0580322,-0.021380283,JERKING,10778cb0282b
1777356531990,16374184968477,1.9033904,2.0805612,8.844181,-0.059253927,-0.15515977,-0.03726278,JERKING,10778cb0282b
1777356531998,16374192993098,1.2018893,3.004723,9.49301,-0.12339478,-0.23396139,-0.032986723,JERKING,10778cb0282b
1777356532006,16374200989412,2.492364,3.107674,8.968679,-0.03726278,-0.004886922,0.10445796,JERKING,10778cb0282b
1777356532014,16374208984109,3.7110126,2.4995465,8.74123,0.032986723,0.20525073,0.19425514,JERKING,10778cb0282b
1777356532022,16374216982038,2.705448,3.4284968,9.77792,-0.021991149,0.14782938,0.06780604,JERKING,10778cb0282b
1777356532030,16374224977735,1.1947067,4.7548847,10.874464,-0.09896017,-0.05497787,-0.1160644,JERKING,10778cb0282b
1777356532038,16374232972510,0.7206547,5.839458,11.221623,-0.021991149,-0.013439035,-0.08307768,JERKING,10778cb0282b
1777356532046,16374240998362,0.9959879,6.555324,10.6637745,0.08002335,0.0842994,-0.015882496,JERKING,10778cb0282b
1777356532054,16374248992751,1.4460979,6.337452,9.622296,0.13683382,0.0842994,0.014049901,JERKING,10778cb0282b
1777356532062,16374256989373,1.5035586,4.88896,8.561666,0.103847094,-0.051923547,0.008552114,JERKING,10778cb0282b
1777356532070,16374264984532,1.8052281,3.6750996,8.480263,-0.044593163,-0.20158553,0.03481932,JERKING,10778cb0282b
1777356532078,16374272981075,2.2002714,2.645593,8.588001,-0.096516706,-0.16615535,0.04642576,JERKING,10778cb0282b
1777356532086,16374280975850,2.3942018,2.1643584,8.4826565,-0.07452556,-0.08002335,0.03359759,JERKING,10778cb0282b
1777356532094,16374288971317,2.4588451,2.0518308,8.228871,-0.015271631,-0.021991149,0.004276057,JERKING,10778cb0282b
1777356532102,16374296998400,2.3582888,2.2720973,7.991845,0.044593163,-0.03359759,-0.034208454,JERKING,10778cb0282b
1777356532110,16374304994713,2.3008277,2.7700913,8.169016,0.05009095,-0.047647487,-0.043982297,JERKING,10778cb0282b
1777356532118,16374312990410,2.2768857,3.3901896,8.683769,0.040927973,0.0,-0.03604105,JERKING,10778cb0282b
1777356532126,16374320986031,2.3463178,3.6966474,9.109938,0.031154128,0.099571034,-0.018936822,JERKING,10778cb0282b
1777356532134,16374328979882,2.2002714,3.7924154,9.457097,0.017715093,0.18936823,-0.009773844,JERKING,10778cb0282b
1777356532142,16374336975888,1.8411411,3.70383,9.746795,-0.014049901,0.2180789,-0.013439035,JERKING,10778cb0282b
1777356532150,16374344972278,1.448492,3.5434184,9.864111,-0.032375857,0.16676621,-0.01160644,JERKING,10778cb0282b
1777356532158,16374352999052,1.3024458,3.277662,9.725247,-0.029321533,0.080634214,-0.0018325958,JERKING,10778cb0282b
1777356532166,16374360996289,1.3431472,3.0573955,9.44752,-0.012217305,0.0012217305,0.0030543262,JERKING,10778cb0282b
1777356532174,16374368989448,1.6232687,2.954445,9.136273,0.017715093,-0.070249505,0.014049901,JERKING,10778cb0282b
1777356532182,16374376984608,1.9512744,3.028665,8.942344,0.03604105,-0.09162979,0.019547688,JERKING,10778cb0282b
1777356532190,16374384981459,2.2601264,3.2010477,8.7771435,0.040927973,-0.089186326,0.02076942,JERKING,10778cb0282b
1777356532198,16374392975387,2.4133554,3.3087866,8.738836,0.03604105,-0.05681047,0.014049901,JERKING,10778cb0282b
1777356532206,16374400972624,2.4229321,3.4045548,8.793902,0.023823744,-0.014660766,0.004886922,JERKING,10778cb0282b
1777356532214,16374408997783,2.2026656,3.4955344,8.944737,0.0,0.04520403,-0.012217305,JERKING,10778cb0282b
1777356532222,16374416994173,1.9488802,3.5362358,9.062054,-0.007941248,0.065973446,-0.016493361,JERKING,10778cb0282b
1777356532230,16374424991101,1.7142484,3.5673606,9.141062,-0.007330383,0.06047566,-0.014660766,JERKING,10778cb0282b
1777356532238,16374432983722,1.6687586,3.4979286,9.109938,-0.004276057,0.036651913,-0.0067195175,JERKING,10778cb0282b
1777356532246,16374440983036,1.7190368,3.4237084,9.095572,-0.004276057,-6.1086525E-4,0.0030543262,JERKING,10778cb0282b
1777356532254,16374448977194,1.8291701,3.3566709,9.064447,-0.0030543262,-0.018936822,0.0061086523,JERKING,10778cb0282b
1777356532262,16374456971431,1.9895816,3.3039982,9.050082,-0.002443461,-0.021991149,0.007330383,JERKING,10778cb0282b
1777356532270,16374464997513,2.0518308,3.2728736,9.088389,-0.004886922,-0.012217305,0.005497787,JERKING,10778cb0282b
1777356532278,16374472992903,2.0566192,3.2968156,9.143456,-0.002443461,0.005497787,0.002443461,JERKING,10778cb0282b
1777356532286,16374480989832,2.0207062,3.3327289,9.212888,6.1086525E-4,0.015882496,0.0,JERKING,10778cb0282b
1777356532294,16374488983760,1.9680338,3.3638535,9.229648,0.0018325958,0.015882496,-0.002443461,JERKING,10778cb0282b
1777356532302,16374496980305,1.922544,3.3997664,9.203311,0.007941248,0.013439035,-0.0030543262,JERKING,10778cb0282b
1777356532310,16374504975079,1.9057846,3.4117374,9.186552,0.009773844,0.0061086523,-0.0030543262,JERKING,10778cb0282b
1777356532318,16374512972699,1.8818425,3.466804,9.112331,0.012217305,-0.0018325958,-6.1086525E-4,JERKING,10778cb0282b
1777356532326,16374520998474,1.9153614,3.4739866,9.02614,0.01160644,-0.009773844,0.002443461,JERKING,10778cb0282b
1777356532334,16374528992633,1.9632454,3.466804,8.990228,0.008552114,-0.01282817,0.0030543262,JERKING,10778cb0282b
1777356532342,16374536988409,1.9871874,3.4500446,8.985439,0.0036651916,-0.007330383,0.0030543262,JERKING,10778cb0282b
1777356532350,16374544983798,1.9847932,3.4045548,9.0237465,-6.1086525E-4,6.1086525E-4,0.0018325958,JERKING,10778cb0282b
1777356532358,16374552978880,1.9608512,3.3686419,9.081207,-0.0036651916,0.007941248,-6.1086525E-4,JERKING,10778cb0282b
1777356532366,16374560976425,1.9512744,3.3925838,9.11712,-0.0018325958,0.009162978,-0.0018325958,JERKING,10778cb0282b
1777356532374,16374568970583,1.9440918,3.4261026,9.112331,0.0,0.0067195175,-0.002443461,JERKING,10778cb0282b
1777356532382,16374576996436,1.9153614,3.430891,9.131485,0.0012217305,0.004276057,0.0,JERKING,10778cb0282b
1777356532390,16374584991748,1.9177556,3.430891,9.148245,0.0012217305,0.005497787,0.0,JERKING,10778cb0282b
1777356532398,16374592988369,1.8866309,3.4213142,9.138668,0.0012217305,0.0012217305,6.1086525E-4,JERKING,10778cb0282b
1777356532406,16374600984759,1.8890251,3.4117374,9.136273,0.0018325958,-0.002443461,0.0018325958,JERKING,10778cb0282b
1777356532414,16374608979149,1.9057846,3.3806129,9.107543,0.0018325958,-0.004886922,6.1086525E-4,JERKING,10778cb0282b
1777356532422,16374616976155,1.9009962,3.3734303,9.057265,0.0018325958,-0.008552114,0.0018325958,JERKING,10778cb0282b
1777356532430,16374624973314,1.9321208,3.3614593,9.035717,0.0036651916,-0.007941248,0.0012217305,JERKING,10778cb0282b
1777356532438,16374632996704,1.9608512,3.3854012,9.030929,0.0036651916,-0.005497787,6.1086525E-4,JERKING,10778cb0282b
1777356532446,16374640992479,1.9536686,3.4237084,9.045294,0.004276057,-0.002443461,0.0,JERKING,10778cb0282b
1777356532454,16374648988407,1.9393034,3.454833,9.062054,0.0018325958,0.0,-0.002443461,JERKING,10778cb0282b
1777356532462,16374656983182,1.9273324,3.4715924,9.033323,0.0030543262,0.0018325958,-0.0012217305,JERKING,10778cb0282b
1777356532470,16374664980187,1.9321208,3.4859576,9.035717,0.002443461,-0.0030543262,-6.1086525E-4,JERKING,10778cb0282b
1777356532478,16374672975884,1.958457,3.4811692,9.018958,6.1086525E-4,-0.0067195175,0.0,JERKING,10778cb0282b
1777356532486,16374680969737,1.9752164,3.454833,9.0237465,-0.0030543262,-0.005497787,0.0,JERKING,10778cb0282b
1777356532494,16374688996126,1.9847932,3.4332852,9.088389,-0.0061086523,-0.0030543262,0.0018325958,JERKING,10778cb0282b
1777356532502,16374696992209,1.99437,3.3734303,9.095572,-0.0036651916,-0.0030543262,0.0018325958,JERKING,10778cb0282b
1777356532510,16374704987907,2.0087352,3.3494883,9.066842,-0.0030543262,-0.0061086523,0.002443461,JERKING,10778cb0282b
1777356532518,16374712984528,2.0254946,3.3542767,9.018958,0.002443461,-0.0061086523,0.002443461,JERKING,10778cb0282b
1777356532526,16374720979841,2.0254946,3.3973722,8.987833,0.002443461,-0.002443461,0.0018325958,JERKING,10778cb0282b
1777356532534,16374728975230,1.970428,3.394978,9.0237465,0.0036651916,0.0012217305,0.0012217305,JERKING,10778cb0282b
1777356532542,16374736970929,1.9560628,3.4332852,9.074024,-0.0012217305,0.007941248,-0.0012217305,JERKING,10778cb0282b
1777356532550,16374744997472,1.9393034,3.430891,9.114726,-0.0030543262,0.0061086523,0.0,JERKING,10778cb0282b
1777356532558,16374752993709,1.9393034,3.4476504,9.160215,-0.005497787,0.005497787,0.0018325958,JERKING,10778cb0282b
1777356532566,16374760989099,1.9632454,3.4380736,9.246407,-0.009773844,0.004886922,6.1086525E-4,JERKING,10778cb0282b
1777356532574,16374768984257,1.946486,3.4332852,9.26556,-0.01038471,0.0036651916,6.1086525E-4,JERKING,10778cb0282b
1777356532582,16374776981494,1.934515,3.4380736,9.260772,-0.007330383,0.0018325958,6.1086525E-4,JERKING,10778cb0282b
1777356532590,16374784974115,1.910573,3.4596214,9.232041,-0.0030543262,-0.0012217305,0.0012217305,JERKING,10778cb0282b
1777356532598,16374792971044,1.9177556,3.4859576,9.212888,-0.0018325958,-0.0030543262,0.002443461,JERKING,10778cb0282b
1777356532606,16374800997126,1.9177556,3.4811692,9.174581,-0.0018325958,-0.005497787,0.0018325958,JERKING,10778cb0282b
1777356532614,16374808993131,1.9273324,3.4620156,9.121908,-0.0018325958,-0.005497787,0.0012217305,JERKING,10778cb0282b
1777356532622,16374816986752,1.9009962,3.4500446,9.057265,-0.0018325958,-0.0036651916,0.0012217305,JERKING,10778cb0282b
1777356532630,16374824982757,1.8938135,3.4284968,9.002198,0.0,-0.004886922,6.1086525E-4,JERKING,10778cb0282b
1777356532638,16374832979686,1.8890251,3.4093432,8.968679,-0.002443461,-0.0030543262,0.0,JERKING,10778cb0282b
1777356532646,16374840973537,1.9057846,3.4213142,8.963891,-0.004276057,-0.004886922,6.1086525E-4,JERKING,10778cb0282b
1777356532655,16374849000235,1.9177556,3.4332852,8.9998045,-0.0067195175,-0.0036651916,0.0,JERKING,10778cb0282b
1777356532662,16374856997471,1.9297266,3.4261026,9.016563,-0.007941248,0.0,0.0018325958,JERKING,10778cb0282b
1777356532670,16374864991938,1.9680338,3.3925838,9.066842,-0.009162978,0.002443461,0.0036651916,JERKING,10778cb0282b
1777356532678,16374872987329,1.9656396,3.3566709,9.090784,-0.01160644,0.0012217305,0.0012217305,JERKING,10778cb0282b
1777356532686,16374880982488,1.9656396,3.3255463,9.126697,-0.008552114,0.0,0.0018325958,JERKING,10778cb0282b
1777356532694,16374888978108,1.9512744,3.2992098,9.11712,-0.005497787,0.002443461,6.1086525E-4,JERKING,10778cb0282b
1777356532702,16374896973883,1.970428,3.2752678,9.109938,-0.0030543262,0.0030543262,0.0018325958,JERKING,10778cb0282b
1777356532710,16374904971965,1.9536686,3.2848446,9.112331,-0.0012217305,0.0018325958,0.0018325958,JERKING,10778cb0282b
1777356532718,16374912995663,1.910573,3.301604,9.100361,0.002443461,0.0036651916,6.1086525E-4,JERKING,10778cb0282b
1777356532726,16374920991976,1.8890251,3.3686419,9.097966,0.007330383,0.0067195175,6.1086525E-4,JERKING,10778cb0282b
1777356532734,16374928986212,1.8674773,3.4356794,9.057265,0.01038471,0.0061086523,0.0018325958,JERKING,10778cb0282b
1777356532742,16374936981910,1.8387469,3.466804,9.021352,0.010995574,0.004276057,0.0012217305,JERKING,10778cb0282b
1777356532750,16374944978454,1.8435353,3.4811692,9.028535,0.009162978,0.004276057,0.0012217305,JERKING,10778cb0282b
1777356532758,16374952972614,1.8674773,3.4691982,9.064447,0.0061086523,0.0018325958,0.0012217305,JERKING,10778cb0282b
1777356532767,16374961000696,1.9177556,3.4165258,9.074024,6.1086525E-4,-0.0030543262,0.0012217305,JERKING,10778cb0282b
1777356532774,16374968996931,1.9800048,3.3734303,9.100361,-0.0018325958,-0.004886922,0.002443461,JERKING,10778cb0282b
1777356532782,16374976991476,1.9967642,3.3255463,9.102755,-0.002443461,-0.005497787,0.0036651916,JERKING,10778cb0282b
1777356532790,16374984988019,1.9871874,3.2920272,9.097966,-6.1086525E-4,-0.002443461,0.002443461,JERKING,10778cb0282b
1777356532798,16374992982487,1.9847932,3.277662,9.090784,0.0036651916,-0.0018325958,0.002443461,JERKING,10778cb0282b
1777356532806,16375000977030,1.9632454,3.301604,9.097966,0.005497787,0.0,0.0,JERKING,10778cb0282b
1777356532814,16375008974805,1.9416976,3.3375173,9.129091,0.008552114,0.0030543262,-0.0012217305,JERKING,10778cb0282b
1777356532823,16375017002272,1.8866309,3.359065,9.088389,0.015882496,0.004886922,-0.0018325958,JERKING,10778cb0282b
1777356532830,16375024996354,1.8579005,3.25372,9.0237465,0.02076942,0.0036651916,-0.0030543262,JERKING,10778cb0282b
1777356532838,16375032990206,1.8004397,2.9855695,8.722076,0.03848451,0.0030543262,-0.004886922,JERKING,10778cb0282b
1777356532846,16375040988057,1.6424223,2.89459,8.259995,0.06780604,0.0012217305,-0.009773844,JERKING,10778cb0282b
1777356532854,16375048982216,1.7645266,3.2848446,8.271967,0.06352998,-0.0036651916,-0.0036651916,JERKING,10778cb0282b
1777356532862,16375056976761,1.8195933,3.5338416,8.659827,0.03359759,0.007941248,-0.007941248,JERKING,10778cb0282b
1777356532870,16375064974843,1.9321208,3.6894648,9.0476885,0.021380283,0.009162978,-0.0061086523,JERKING,10778cb0282b
1777356532878,16375072971233,2.1092918,3.9959226,9.466674,0.007941248,0.0030543262,-0.004886922,JERKING,10778cb0282b
1777356532886,16375080996469,2.3391352,4.2784386,9.888053,-0.007330383,0.0036651916,-0.004886922,JERKING,10778cb0282b
1777356532894,16375088990320,2.2744915,4.2760444,10.170568,-0.02687807,0.005497787,-0.015271631,JERKING,10778cb0282b
1777356532902,16375096987249,2.1667526,3.8259344,10.13705,-0.039095376,6.1086525E-4,-0.013439035,JERKING,10778cb0282b
1777356532910,16375104981101,2.2026656,3.454833,9.76116,-0.026267206,-0.0067195175,0.012217305,JERKING,10778cb0282b
1777356532918,16375112977414,2.1092918,3.2369606,9.263166,-0.0012217305,-0.008552114,0.01160644,JERKING,10778cb0282b
1777356532926,16375120973112,1.8291701,3.1771057,8.748413,0.019547688,-0.017715093,0.0,JERKING,10778cb0282b
1777356532935,16375129000424,1.6376339,3.2441432,8.566454,0.021380283,-0.032986723,-0.0036651916,JERKING,10778cb0282b
1777356532942,16375136997430,1.7956513,3.3877954,8.599973,0.009773844,-0.032375857,0.009162978,JERKING,10778cb0282b
1777356532950,16375144993128,2.0039468,3.4620156,8.6813755,0.0,-0.02076942,0.02076942,JERKING,10778cb0282b
1777356532958,16375152984211,2.0566192,3.5697548,8.748413,-0.005497787,-0.01282817,0.013439035,JERKING,10778cb0282b
1777356532966,16375160984216,1.9871874,3.643975,8.860941,-0.014049901,-0.0030543262,0.0018325958,JERKING,10778cb0282b
1777356532974,16375168976528,2.0326772,3.6774938,8.920795,-0.020158553,0.0012217305,-0.0018325958,JERKING,10778cb0282b
1777356532982,16375176974073,2.0733786,3.6032736,8.939949,-0.02565634,-0.005497787,0.0018325958,JERKING,10778cb0282b
1777356532990,16375184999924,2.1092918,3.4835634,8.959103,-0.029932396,-0.009162978,0.0030543262,JERKING,10778cb0282b
1777356532998,16375192993776,2.0494366,3.3638535,8.971074,-0.032986723,0.0,-6.1086525E-4,JERKING,10778cb0282b
1777356533006,16375200991320,2.0039468,3.2585084,9.033323,-0.035430185,0.013439035,-0.0018325958,JERKING,10778cb0282b
1777356533014,16375208986403,1.9416976,3.2082303,9.100361,-0.03604105,0.018936822,-0.0012217305,JERKING,10778cb0282b
1777356533022,16375216982023,1.8746599,3.1747115,9.241618,-0.034208454,0.022602014,-0.0018325958,JERKING,10778cb0282b
1777356533030,16375224977490,1.8171991,3.1675289,9.390059,-0.028710667,0.020158553,-0.0030543262,JERKING,10778cb0282b
1777356533038,16375232974034,1.8171991,3.2225955,9.435549,-0.016493361,0.007330383,0.0,JERKING,10778cb0282b
1777356533046,16375240998962,1.8483237,3.2585084,9.380483,-0.004276057,-0.004276057,0.0018325958,JERKING,10778cb0282b
1777356533054,16375248993814,1.8650831,3.3039982,9.263166,0.0061086523,-0.01282817,0.0018325958,JERKING,10778cb0282b
1777356533062,16375256990358,1.8842367,3.3159695,9.13388,0.008552114,-0.013439035,0.0030543262,JERKING,10778cb0282b
1777356533070,16375264987055,1.8818425,3.3279405,9.009381,0.009162978,-0.015271631,0.0036651916,JERKING,10778cb0282b
1777356533078,16375272981753,1.934515,3.3279405,8.987833,0.007330383,-0.015271631,0.0018325958,JERKING,10778cb0282b
1777356533086,16375280977758,1.9560628,3.347094,8.92319,0.0061086523,-0.01160644,0.0018325958,JERKING,10778cb0282b
1777356533094,16375288971918,1.9488802,3.3542767,8.937555,0.0018325958,-0.0012217305,0.0,JERKING,10778cb0282b
1777356533103,16375297000000,1.9440918,3.3423057,8.966286,-6.1086525E-4,0.0030543262,-0.0030543262,JERKING,10778cb0282b
1777356533110,16375304995005,1.9153614,3.3782187,9.054871,-0.002443461,0.008552114,-0.0030543262,JERKING,10778cb0282b
1777356533118,16375312988934,1.9081788,3.3854012,9.13388,-0.004276057,0.010995574,-0.004276057,JERKING,10778cb0282b
1777356533126,16375320985555,1.8962077,3.3925838,9.19134,0.0,0.01160644,-0.0030543262,JERKING,10778cb0282b
1777356533134,16375328982099,1.8818425,3.3877954,9.220071,0.0018325958,0.008552114,-6.1086525E-4,JERKING,10778cb0282b
1777356533142,16375336977797,1.8722657,3.359065,9.210494,0.005497787,0.0061086523,-6.1086525E-4,JERKING,10778cb0282b
1777356533150,16375344972879,1.8602947,3.3758245,9.181764,0.008552114,0.004276057,-6.1086525E-4,JERKING,10778cb0282b
1777356533158,16375352998192,1.8938135,3.3662477,9.16261,0.010995574,0.0012217305,0.0,JERKING,10778cb0282b
1777356533166,16375360994120,1.9249382,3.3758245,9.148245,0.01282817,-0.002443461,0.0012217305,JERKING,10778cb0282b
1777356533174,16375368991973,1.9536686,3.3877954,9.150639,0.015271631,-0.0012217305,0.0,JERKING,10778cb0282b
1777356533182,16375376986439,2.0015526,3.442862,9.141062,0.015271631,0.0,0.0,JERKING,10778cb0282b
1777356533190,16375384980675,1.9991584,3.4715924,9.107543,0.016493361,0.0018325958,6.1086525E-4,JERKING,10778cb0282b
1777356533198,16375392978758,2.0111294,3.5194764,9.038112,0.016493361,0.002443461,0.0,JERKING,10778cb0282b
1777356533206,16375400971763,1.9919758,3.5122938,8.995016,0.014049901,0.0061086523,0.0,JERKING,10778cb0282b
1777356533214,16375408968307,1.9728222,3.4931402,8.978256,0.010995574,0.0036651916,0.0012217305,JERKING,10778cb0282b
1777356533222,16375416994543,1.9536686,3.4883518,8.978256,0.007941248,0.005497787,-6.1086525E-4,JERKING,10778cb0282b
1777356533230,16375424991394,1.9416976,3.4332852,8.971074,0.0036651916,0.005497787,-0.002443461,JERKING,10778cb0282b
1777356533238,16375432986246,1.9608512,3.3662477,9.0429,-0.0036651916,0.007941248,-6.1086525E-4,JERKING,10778cb0282b
1777356533246,16375440981867,1.9369092,3.3207579,9.138668,-0.0061086523,0.007941248,-0.002443461,JERKING,10778cb0282b
1777356533254,16375448977257,1.9201498,3.2992098,9.169792,-0.005497787,0.0067195175,-0.004276057,JERKING,10778cb0282b
1777356533262,16375456973262,1.934515,3.311181,9.205706,-6.1086525E-4,0.004276057,-6.1086525E-4,JERKING,10778cb0282b
1777356533270,16375464998191,1.9369092,3.3494883,9.215282,0.004276057,0.0018325958,-6.1086525E-4,JERKING,10778cb0282b
1777356533278,16375472993043,1.9369092,3.3997664,9.186552,0.010995574,0.002443461,-0.0012217305,JERKING,10778cb0282b
1777356533286,16375480990202,1.9369092,3.41892,9.143456,0.015882496,0.0018325958,-0.002443461,JERKING,10778cb0282b
1777356533294,16375488984977,1.9153614,3.4715924,9.081207,0.014660766,0.0012217305,-0.0036651916,JERKING,10778cb0282b
1777356533302,16375496981597,1.9009962,3.4835634,9.030929,0.014660766,0.0018325958,-0.0018325958,JERKING,10778cb0282b
1777356533310,16375504978218,1.9153614,3.4883518,8.966286,0.01282817,6.1086525E-4,-0.0018325958,JERKING,10778cb0282b
1777356533318,16375512971762,1.9009962,3.4931402,8.9519205,0.009162978,0.0,-0.0012217305,JERKING,10778cb0282b
1777356533327,16375521000383,1.8938135,3.5673606,8.963891,0.0061086523,0.0018325958,-6.1086525E-4,JERKING,10778cb0282b
1777356533334,16375528993081,1.910573,3.5458126,8.911219,0.007330383,0.0018325958,-0.0012217305,JERKING,10778cb0282b
1777356533342,16375536990009,1.9321208,3.5410242,8.987833,0.002443461,-0.0036651916,0.0,JERKING,10778cb0282b
1777356533350,16375544987245,1.946486,3.5577838,9.038112,-0.0036651916,0.0012217305,-0.0030543262,JERKING,10778cb0282b
1777356533358,16375552981405,1.9488802,3.5242648,9.050082,-0.0036651916,0.005497787,-0.002443461,JERKING,10778cb0282b
1777356533366,16375560975794,1.9512744,3.4835634,9.078813,-0.007941248,0.0018325958,0.0,JERKING,10778cb0282b
1777356533374,16375568972185,1.9416976,3.4524388,9.131485,-0.010995574,0.0012217305,0.0012217305,JERKING,10778cb0282b
1777356533382,16375576997344,1.946486,3.4284968,9.14585,-0.008552114,0.0018325958,0.0012217305,JERKING,10778cb0282b
1777356533390,16375584994580,1.934515,3.3806129,9.14585,-0.005497787,-6.1086525E-4,0.002443461,JERKING,10778cb0282b
1777356533398,16375592987816,1.9249382,3.4404678,9.114726,-0.004276057,-0.0036651916,0.0030543262,JERKING,10778cb0282b
1777356533406,16375600987206,1.9273324,3.4524388,9.13388,-0.0030543262,-0.0012217305,0.0030543262,JERKING,10778cb0282b
1777356533414,16375608979597,1.9153614,3.4931402,9.129091,-0.0030543262,0.002443461,0.002443461,JERKING,10778cb0282b
1777356533422,16375616976525,1.922544,3.4979286,9.107543,-0.0036651916,6.1086525E-4,0.0036651916,JERKING,10778cb0282b
1777356533430,16375624971914,1.9201498,3.4715924,9.105149,-0.007330383,0.0012217305,0.0036651916,JERKING,10778cb0282b
1777356533438,16375632998074,1.9393034,3.4380736,9.090784,-0.007941248,-0.0030543262,0.004276057,JERKING,10778cb0282b
1777356533446,16375640994310,1.9440918,3.3877954,9.0476885,-0.007330383,-0.0018325958,0.004886922,JERKING,10778cb0282b
1777356533454,16375648989393,1.970428,3.3854012,8.9998045,-0.0067195175,-0.004886922,0.004886922,JERKING,10778cb0282b
1777356533462,16375656984475,1.9800048,3.3997664,9.02614,-0.007330383,-0.0018325958,0.004886922,JERKING,10778cb0282b
1777356533470,16375664979941,1.9991584,3.3973722,9.078813,-0.01038471,-0.0012217305,0.005497787,JERKING,10778cb0282b
1777356533478,16375672976871,2.0159178,3.3901896,9.083601,-0.009162978,0.002443461,0.005497787,JERKING,10778cb0282b
1777356533486,16375680971337,1.99437,3.41892,9.069236,-0.0061086523,0.0030543262,0.0012217305,JERKING,10778cb0282b
1777356533494,16375688996805,1.934515,3.4093432,9.021352,-0.0061086523,0.005497787,-0.0018325958,JERKING,10778cb0282b
1777356533502,16375696991964,1.8962077,3.394978,9.01417,-0.007330383,0.004886922,-0.002443461,JERKING,10778cb0282b
1777356533510,16375704987969,1.8866309,3.3854012,9.0429,-0.0067195175,0.0030543262,-0.0012217305,JERKING,10778cb0282b
1777356533518,16375712983359,1.8842367,3.3734303,9.066842,-0.008552114,0.0018325958,0.0,JERKING,10778cb0282b
1777356533526,16375720980826,1.8722657,3.3494883,9.062054,-0.0061086523,-0.0012217305,-6.1086525E-4,JERKING,10778cb0282b
1777356533534,16375728976293,1.8938135,3.347094,9.074024,-0.0061086523,-0.005497787,0.0,JERKING,10778cb0282b
1777356533542,16375736970991,1.9512744,3.3518825,9.050082,-0.004886922,-0.007330383,0.0018325958,JERKING,10778cb0282b
1777356533550,16375744996843,1.9416976,3.3566709,9.045294,-0.0036651916,-0.008552114,0.0012217305,JERKING,10778cb0282b
1777356533558,16375752992848,1.9416976,3.3734303,9.0429,-0.0030543262,-0.004886922,-0.0012217305,JERKING,10778cb0282b
1777356533566,16375760989545,1.9297266,3.3806129,9.069236,-0.004276057,-0.0012217305,-0.0018325958,JERKING,10778cb0282b
1777356533574,16375768984859,1.8986019,3.4045548,9.081207,-0.0030543262,-0.0018325958,-0.002443461,JERKING,10778cb0282b
1777356533582,16375776981864,1.8746599,3.4165258,9.059659,-0.002443461,-0.0012217305,-0.0030543262,JERKING,10778cb0282b
1777356533590,16375784974408,1.8579005,3.4261026,9.035717,-0.002443461,-0.0036651916,-0.0012217305,JERKING,10778cb0282b
1777356533598,16375792970490,1.8866309,3.4045548,9.033323,6.1086525E-4,-0.007941248,-6.1086525E-4,JERKING,10778cb0282b
1777356533606,16375800999726,1.8842367,3.3638535,9.004593,0.0,-0.009773844,0.0030543262,JERKING,10778cb0282b
1777356533614,16375808991655,1.9273324,3.2441432,8.99741,0.0,-0.01282817,0.002443461,JERKING,10778cb0282b
1777356533622,16375816987737,1.9440918,2.8634653,8.959103,6.1086525E-4,-0.014049901,6.1086525E-4,JERKING,10778cb0282b
1777356533630,16375824983743,1.7932571,2.2768857,8.50181,0.021380283,-0.0012217305,-0.010995574,JERKING,10778cb0282b
1777356533638,16375832978748,1.7525556,1.6328455,7.680599,0.07147124,0.015882496,-0.025045475,JERKING,10778cb0282b
1777356533646,16375840974445,1.5610195,1.5825673,7.4962454,0.06963864,-0.02565634,-0.03970624,JERKING,10778cb0282b
1777356533654,16375848969605,1.6663644,2.8993783,8.511387,0.018936822,-0.07086037,-0.03726278,JERKING,10778cb0282b
1777356533662,16375856996072,2.0350714,4.098873,9.739613,-0.01160644,-0.048258353,-0.03176499,JERKING,10778cb0282b
1777356533670,16375864991770,2.2122424,5.0302176,10.9822035,-0.025045475,-0.005497787,-0.047036625,JERKING,10778cb0282b
1777356533678,16375872989237,2.147599,5.901707,11.767501,-0.013439035,0.05131268,-0.04886922,JERKING,10778cb0282b
1777356533686,16375880982857,2.3678656,5.7508726,11.496957,0.02076942,0.070249505,0.0018325958,JERKING,10778cb0282b
1777356533694,16375888979479,2.2505496,4.7788267,10.220847,0.045814894,0.007941248,0.029932396,JERKING,10778cb0282b
1777356533702,16375896974868,2.030283,4.050989,9.32781,0.032375857,-0.064751714,0.028099801,JERKING,10778cb0282b
1777356533711,16375905000028,1.7836803,3.466804,8.813056,0.002443461,-0.065973446,0.015271631,JERKING,10778cb0282b
1777356533718,16375912998187,1.7262194,3.1052797,8.537724,-0.007330383,-0.012217305,0.018936822,JERKING,10778cb0282b
1777356533726,16375920994577,1.8004397,2.8299465,8.288726,0.004276057,-0.007330383,0.03726278,JERKING,10778cb0282b
1777356533734,16375928986890,1.9632454,2.7030537,8.049306,0.017715093,-0.029932396,0.052534413,JERKING,10778cb0282b
1777356533742,16375936982818,2.0087352,2.8299465,7.85777,0.021380283,-0.05009095,0.044593163,JERKING,10778cb0282b
1777356533750,16375944979517,2.0350714,3.074155,8.09719,-0.0018325958,-0.037873644,0.015882496,JERKING,10778cb0282b
1777356533758,16375952975445,2.147599,3.265691,8.6574335,-0.02565634,0.01038471,0.004276057,JERKING,10778cb0282b
1777356533767,16375961001604,2.315193,3.4332852,9.301474,-0.036651913,0.05681047,6.1086525E-4,JERKING,10778cb0282b
1777356533774,16375968995764,2.2337902,3.5745432,9.5385,-0.03176499,0.06414085,-0.007941248,JERKING,10778cb0282b
1777356533782,16375976994538,1.8626889,3.6224272,9.308656,-0.012217305,0.039095376,-0.02076942,JERKING,10778cb0282b
1777356533790,16375984988159,1.6998832,3.5003228,8.954314,-6.1086525E-4,0.004276057,-0.017104227,JERKING,10778cb0282b
1777356533798,16375992985395,1.6496049,3.371036,8.798691,-0.009773844,0.0018325958,-0.0061086523,JERKING,10778cb0282b
1777356533806,16376000981092,1.7310078,3.25372,9.028535,-0.021380283,0.012217305,0.0036651916,JERKING,10778cb0282b
1777356533814,16376008973406,1.8267759,3.1794999,9.287108,-0.021380283,0.015271631,0.009773844,JERKING,10778cb0282b
1777356533823,16376017000180,1.8243817,3.2202013,9.378088,-0.009162978,-0.0067195175,0.007941248,JERKING,10778cb0282b
1777356533830,16376024997725,1.9177556,3.2465374,9.277532,0.0067195175,-0.029321533,0.007941248,JERKING,10778cb0282b
1777356533838,16376032992807,2.0231004,3.3159695,9.121908,0.009162978,-0.029321533,0.007941248,JERKING,10778cb0282b
1777356533846,16376040990273,2.0135236,3.3854012,9.045294,0.009162978,-0.016493361,6.1086525E-4,JERKING,10778cb0282b
1777356533854,16376048982587,1.946486,3.4715924,9.033323,0.008552114,-6.1086525E-4,-0.004276057,JERKING,10778cb0282b
1777356533862,16376056979592,1.8938135,3.5242648,9.050082,0.007941248,0.007330383,-0.002443461,JERKING,10778cb0282b
1777356533870,16376064973675,1.8674773,3.5434184,9.040505,0.0067195175,-0.002443461,-0.0012217305,JERKING,10778cb0282b
1777356533879,16376073001372,1.8626889,3.5434184,8.971074,0.005497787,-0.013439035,0.0012217305,JERKING,10778cb0282b
1777356533886,16376080996454,1.9273324,3.5098996,8.92319,0.0018325958,-0.018936822,0.002443461,JERKING,10778cb0282b
1777356533894,16376088990383,2.006341,3.4332852,8.884883,-0.002443461,-0.016493361,0.0018325958,JERKING,10778cb0282b
1777356533902,16376096989696,2.0278888,3.3662477,8.882488,-0.007941248,-0.01160644,0.0012217305,JERKING,10778cb0282b
1777356533910,16376104983010,2.0494366,3.3423057,9.004593,-0.010995574,-0.0030543262,-6.1086525E-4,JERKING,10778cb0282b
1777356533918,16376112978015,2.0135236,3.2992098,9.059659,-0.007941248,0.009162978,-0.0030543262,JERKING,10778cb0282b
1777356533926,16376120974020,1.9800048,3.277662,9.095572,-0.0018325958,0.01282817,-0.005497787,JERKING,10778cb0282b
1777356533935,16376129000795,1.9273324,3.2992098,9.143456,0.002443461,0.009162978,-0.007330383,JERKING,10778cb0282b
1777356533942,16376136995262,1.9488802,3.335123,9.157822,0.005497787,0.009773844,-0.005497787,JERKING,10778cb0282b
1777356533950,16376144991037,1.922544,3.4237084,9.227253,0.0067195175,0.009773844,-0.004886922,JERKING,10778cb0282b
1777356533958,16376152987965,1.9273324,3.4117374,9.198523,0.009773844,0.0067195175,-0.002443461,JERKING,10778cb0282b
1777356533966,16376160983278,1.958457,3.442862,9.272743,0.0061086523,6.1086525E-4,-0.002443461,JERKING,10778cb0282b
1777356533974,16376168977745,2.0111294,3.41892,9.277532,0.004886922,-0.007330383,-6.1086525E-4,JERKING,10778cb0282b
1777356533982,16376176974058,2.0973208,3.406949,9.267955,0.007941248,-0.009773844,0.0036651916,JERKING,10778cb0282b
1777356533990,16376184998679,2.147599,3.4261026,9.172187,0.014660766,-0.009162978,0.0067195175,JERKING,10778cb0282b
1777356533998,16376192995069,2.078167,3.466804,9.076419,0.017104227,6.1086525E-4,0.002443461,JERKING,10778cb0282b
1777356534006,16376200991074,2.030283,3.5410242,9.062054,0.009773844,0.015271631,-6.1086525E-4,JERKING,10778cb0282b
1777356534014,16376208987003,2.0015526,3.514688,9.105149,0.0018325958,0.015271631,-0.0012217305,JERKING,10778cb0282b
1777356534022,16376216982085,1.9393034,3.4596214,9.16261,0.0,0.010995574,0.0,JERKING,10778cb0282b
1777356534030,16376224977476,1.9297266,3.4524388,9.13388,-6.1086525E-4,0.009773844,0.0,JERKING,10778cb0282b
1777356534038,16376232972327,1.8890251,3.430891,9.069236,0.0018325958,0.007330383,-6.1086525E-4,JERKING,10778cb0282b
1777356534047,16376241001179,1.8267759,3.41892,9.088389,-0.0012217305,0.007941248,6.1086525E-4,JERKING,10778cb0282b
1777356534054,16376248994415,1.8339585,3.3901896,9.121908,-0.0030543262,0.0061086523,0.0018325958,JERKING,10778cb0282b
1777356534062,16376256990420,1.8674773,3.3494883,9.119514,0.0,-6.1086525E-4,0.0036651916,JERKING,10778cb0282b
1777356534070,16376264987964,1.8818425,3.3494883,9.090784,0.004886922,-0.0030543262,0.0036651916,JERKING,10778cb0282b
1777356534078,16376272981585,1.9081788,3.394978,9.064447,0.007941248,0.0,0.002443461,JERKING,10778cb0282b
1777356534086,16376280978437,1.934515,3.4284968,9.064447,0.007330383,0.0012217305,0.002443461,JERKING,10778cb0282b
1777356534094,16376288973903,1.9393034,3.4644098,9.074024,0.005497787,0.0018325958,0.0018325958,JERKING,10778cb0282b
1777356534103,16376297000062,1.9440918,3.4500446,9.074024,0.005497787,0.0036651916,0.0018325958,JERKING,10778cb0282b
1777356534110,16376304994530,1.9608512,3.4644098,9.066842,0.0061086523,0.0018325958,0.002443461,JERKING,10778cb0282b
1777356534118,16376312990150,1.9776106,3.4763808,9.064447,0.0036651916,6.1086525E-4,0.0061086523,JERKING,10778cb0282b
1777356534126,16376320987464,1.9776106,3.4404678,9.088389,0.002443461,0.004886922,0.0030543262,JERKING,10778cb0282b
1777356534134,16376328983469,1.9057846,3.3901896,9.121908,0.0,0.008552114,-0.0012217305,JERKING,10778cb0282b
1777356534142,16376336976628,1.8842367,3.3614593,9.126697,0.0,0.008552114,-0.0012217305,JERKING,10778cb0282b
1777356534150,16376344975172,1.8938135,3.3614593,9.148245,0.0012217305,0.007941248,0.0,JERKING,10778cb0282b
1777356534158,16376352999100,1.8555063,3.4117374,9.109938,0.007330383,0.0018325958,6.1086525E-4,JERKING,10778cb0282b
1777356534166,16376360995183,1.8531121,3.490746,9.097966,0.01038471,0.002443461,0.0018325958,JERKING,10778cb0282b
1777356534174,16376368991496,1.8770541,3.5577838,9.129091,0.009773844,0.004276057,0.0018325958,JERKING,10778cb0282b
1777356534182,16376376985347,1.8986019,3.6343982,9.157822,0.008552114,0.0012217305,6.1086525E-4,JERKING,10778cb0282b
1777356534190,16376384981661,1.8962077,3.6487634,9.13388,0.008552114,-0.0030543262,-0.0018325958,JERKING,10778cb0282b
1777356534198,16376392977051,1.910573,3.6224272,9.095572,0.004886922,-0.0067195175,6.1086525E-4,JERKING,10778cb0282b
1777356534206,16376400973364,1.982399,3.5769374,9.006987,0.004276057,-0.01038471,0.002443461,JERKING,10778cb0282b
1777356534214,16376408999523,2.0231004,3.5458126,8.973468,-6.1086525E-4,-0.010995574,0.002443461,JERKING,10778cb0282b
1777356534222,16376416994220,2.0829554,3.478775,8.944737,-0.0036651916,-0.007330383,0.005497787,JERKING,10778cb0282b
1777356534230,16376424991150,2.0853498,3.4452562,8.918402,-0.004276057,-0.004886922,0.0036651916,JERKING,10778cb0282b
1777356534238,16376432985078,2.0805612,3.4691982,8.9040365,-0.005497787,-0.0018325958,0.0012217305,JERKING,10778cb0282b
1777356534246,16376440982314,2.054225,3.4811692,8.985439,-0.01038471,0.007330383,0.0,JERKING,10778cb0282b
1777356534254,16376448977012,2.0135236,3.4261026,9.093178,-0.017715093,0.009773844,-0.002443461,JERKING,10778cb0282b
1777356534262,16376456973709,1.9369092,3.4021606,9.124303,-0.018325957,0.014049901,-0.002443461,JERKING,10778cb0282b
1777356534270,16376464999177,1.8938135,3.4021606,9.121908,-0.014049901,0.015882496,-0.004276057,JERKING,10778cb0282b
1777356534278,16376472994336,1.8435353,3.4117374,9.083601,-0.008552114,0.01038471,-0.0030543262,JERKING,10778cb0282b
1777356534286,16376480992495,1.8411411,3.4380736,9.069236,-0.0061086523,0.004886922,-6.1086525E-4,JERKING,10778cb0282b
1777356534294,16376488985116,1.8722657,3.4356794,9.088389,-0.0067195175,-6.1086525E-4,0.002443461,JERKING,10778cb0282b
1777356534302,16376496981736,1.9081788,3.4596214,9.076419,-0.0018325958,-0.0030543262,0.002443461,JERKING,10778cb0282b
1777356534310,16376504976819,1.8962077,3.4332852,9.018958,0.0,-0.004276057,0.0030543262,JERKING,10778cb0282b
1777356534318,16376512972132,1.934515,3.4476504,8.899248,6.1086525E-4,-0.0036651916,0.0030543262,JERKING,10778cb0282b
1777356534327,16376521001369,1.934515,3.3782187,8.820239,6.1086525E-4,-0.0018325958,0.0018325958,JERKING,10778cb0282b
1777356534334,16376528995528,1.9177556,3.3135753,8.746018,-6.1086525E-4,-0.0036651916,0.0012217305,JERKING,10778cb0282b
1777356534342,16376536989071,1.922544,3.229778,8.676587,0.002443461,-6.1086525E-4,-0.0012217305,JERKING,10778cb0282b
1777356534350,16376544987846,1.9249382,3.0095115,8.554482,0.012217305,0.007330383,-6.1086525E-4,JERKING,10778cb0282b
1777356534358,16376552982620,1.9393034,2.72939,8.341399,0.02321288,0.0061086523,-0.0012217305,JERKING,10778cb0282b
1777356534366,16376560977473,1.9009962,2.6288335,8.204929,0.028099801,0.0018325958,-0.0036651916,JERKING,10778cb0282b
1777356534374,16376568971939,1.958457,2.873042,8.659827,0.0012217305,0.022602014,-0.010995574,JERKING,10778cb0282b
1777356534382,16376576999560,2.0111294,2.9831753,9.26556,-0.02321288,0.043982297,-0.018325957,JERKING,10778cb0282b
1777356534390,16376584994335,2.1332338,2.873042,9.916783,-0.040317107,0.017715093,-0.02443461,JERKING,10778cb0282b
1777356534398,16376592988801,2.0398598,3.0430303,10.42196,-0.062308256,-0.045814894,-0.03604105,JERKING,10778cb0282b
1777356534406,16376600986423,1.9488802,3.53863,10.675745,-0.0580322,-0.089186326,-0.047036625,JERKING,10778cb0282b
1777356534414,16376608980274,1.7908629,4.010288,10.493786,-6.1086525E-4,-0.08674286,-0.039095376,JERKING,10778cb0282b
1777356534422,16376616977817,1.9800048,4.3598413,10.010158,0.04153884,-0.061086524,0.007330383,JERKING,10778cb0282b
1777356534430,16376624972208,1.9800048,4.5801077,9.440337,0.061086524,-0.020158553,0.030543262,JERKING,10778cb0282b
1777356534438,16376632999367,1.7764976,4.711789,9.129091,0.052534413,0.016493361,0.020158553,JERKING,10778cb0282b
1777356534446,16376640995296,1.4867992,4.548983,8.89446,0.032375857,0.02076942,-0.0067195175,JERKING,10778cb0282b
1777356534454,16376648988532,1.3670892,4.220978,8.815451,0.01038471,-0.032375857,-0.008552114,JERKING,10778cb0282b
1777356534462,16376656985152,1.661576,3.8043866,8.700529,-0.005497787,-0.07391469,0.01160644,JERKING,10778cb0282b
1777356534470,16376664983004,2.0494366,3.4237084,8.449138,-0.0061086523,-0.065973446,0.029932396,JERKING,10778cb0282b
1777356534478,16376672977163,2.2290018,3.083732,8.099585,-0.002443461,-0.049480084,0.029932396,JERKING,10778cb0282b
1777356534486,16376680971400,2.2601264,2.956839,8.001422,-0.014049901,-0.02565634,0.019547688,JERKING,10778cb0282b
1777356534494,16376688997867,2.3439236,2.9712043,8.1881695,-0.03176499,0.012217305,0.017715093,JERKING,10778cb0282b
1777356534502,16376696993795,2.4396915,3.1244333,8.7771435,-0.043982297,0.05681047,0.01282817,JERKING,10778cb0282b
1777356534510,16376704991647,2.3319526,3.2393548,9.25359,-0.042760566,0.08735373,0.0012217305,JERKING,10778cb0282b
1777356534518,16376712986806,2.1404164,3.2800562,9.591172,-0.03176499,0.095294975,-0.009162978,JERKING,10778cb0282b
1777356534526,16376720979735,1.910573,3.3063924,9.7324295,-0.022602014,0.077579886,-0.012217305,JERKING,10778cb0282b
1777356534534,16376728975971,1.6759412,3.2632968,9.631873,-0.017104227,0.059253927,-0.010995574,JERKING,10778cb0282b
1777356534542,16376736971360,1.5346833,3.181894,9.478644,-0.009162978,0.03848451,-0.004276057,JERKING,10778cb0282b
1777356534550,16376744996674,1.5179238,3.1483753,9.337387,-0.0012217305,0.021380283,0.002443461,JERKING,10778cb0282b
1777356534558,16376752992987,1.5705963,3.157952,9.200917,0.014660766,-0.009773844,0.010995574,JERKING,10778cb0282b
1777356534566,16376760990762,1.7166426,3.2489316,9.100361,0.026267206,-0.034208454,0.012217305,JERKING,10778cb0282b
1777356534574,16376768984382,1.9321208,3.3973722,8.987833,0.034208454,-0.05375614,0.01282817,JERKING,10778cb0282b
1777356534582,16376776979464,2.1188686,3.490746,8.875306,0.03481932,-0.05497787,0.01160644,JERKING,10778cb0282b
1777356534590,16376784975701,2.2337902,3.5482068,8.779537,0.027488936,-0.036651913,0.005497787,JERKING,10778cb0282b
1777356534598,16376792973629,2.2337902,3.560178,8.774749,0.009773844,-0.007330383,6.1086525E-4,JERKING,10778cb0282b
1777356534606,16376800999174,2.1284454,3.526659,8.8777,-0.004276057,0.017715093,-0.0061086523,JERKING,10778cb0282b
1777356534614,16376808992409,1.9919758,3.4620156,9.016563,-0.015271631,0.03176499,-0.009162978,JERKING,10778cb0282b
1777356534622,16376816988031,1.8866309,3.4380736,9.136273,-0.019547688,0.034208454,-0.007330383,JERKING,10778cb0282b
1777356534630,16376824984651,1.8363527,3.4332852,9.25359,-0.01038471,0.021380283,-0.005497787,JERKING,10778cb0282b
1777356534638,16376832978887,1.8339585,3.4356794,9.28232,-0.0067195175,0.007941248,-6.1086525E-4,JERKING,10778cb0282b
1777356534646,16376840975739,1.8890251,3.4284968,9.325416,-0.004276057,0.0,0.002443461,JERKING,10778cb0282b
1777356534654,16376848972360,1.934515,3.3806129,9.323022,-0.0030543262,-0.002443461,0.0030543262,JERKING,10778cb0282b
1777356534662,16376856998289,1.9656396,3.3566709,9.294291,6.1086525E-4,-0.004276057,0.0036651916,JERKING,10778cb0282b
1777356534670,16376864992678,1.922544,3.3614593,9.217676,0.0061086523,-0.0030543262,0.0018325958,JERKING,10778cb0282b
1777356534678,16376872988376,1.9321208,3.3734303,9.131485,0.01282817,-0.0036651916,0.0036651916,JERKING,10778cb0282b
1777356534686,16376880985613,1.9321208,3.394978,9.050082,0.014660766,-0.004276057,0.002443461,JERKING,10778cb0282b
1777356534694,16376888979233,1.9440918,3.41892,8.985439,0.01282817,-0.0030543262,0.0018325958,JERKING,10778cb0282b
1777356534702,16376896976085,1.9440918,3.4739866,8.947132,0.013439035,-0.004886922,0.0030543262,JERKING,10778cb0282b
1777356534711,16376905001090,1.9440918,3.502717,8.911219,0.010995574,-0.0067195175,0.002443461,JERKING,10778cb0282b
1777356534718,16376912996711,1.9919758,3.4955344,8.911219,0.004886922,-0.0030543262,0.0030543262,JERKING,10778cb0282b
1777356534726,16376920994255,2.0087352,3.4715924,8.916007,0.0030543262,6.1086525E-4,0.004886922,JERKING,10778cb0282b
1777356534734,16376928989337,1.982399,3.4572272,8.949526,-0.0030543262,0.004886922,0.0018325958,JERKING,10778cb0282b
1777356534742,16376936984804,1.970428,3.4476504,9.0476885,-0.01160644,0.009773844,6.1086525E-4,JERKING,10778cb0282b
1777356534750,16376944980194,1.9800048,3.4141316,9.165004,-0.013439035,0.012217305,0.0,JERKING,10778cb0282b
1777356534758,16376952974353,1.9201498,3.347094,9.232041,-0.01160644,0.010995574,6.1086525E-4,JERKING,10778cb0282b
1777356534766,16376960972128,1.8722657,3.3662477,9.224859,-0.005497787,0.01160644,0.0,JERKING,10778cb0282b
1777356534774,16376968997133,1.8579005,3.383007,9.153033,0.0018325958,0.0067195175,0.0012217305,JERKING,10778cb0282b
1777356534782,16376976993370,1.8698715,3.4141316,9.083601,0.010995574,0.0012217305,0.0012217305,JERKING,10778cb0282b
1777356534790,16376984988837,1.910573,3.4165258,9.0429,0.01038471,-0.007330383,0.0030543262,JERKING,10778cb0282b
1777356534798,16376992983226,1.9512744,3.4237084,9.028535,0.009162978,-0.0061086523,0.004276057,JERKING,10778cb0282b
1777356534806,16377000981771,1.9919758,3.4452562,9.0429,0.005497787,-0.004886922,0.002443461,JERKING,10778cb0282b
1777356534814,16377008974699,1.99437,3.41892,9.0429,0.004886922,0.0,0.002443461,JERKING,10778cb0282b
1777356534822,16377016972551,1.9656396,3.430891,9.018958,0.004886922,-6.1086525E-4,0.0,JERKING,10778cb0282b
1777356534830,16377024997171,1.9800048,3.4572272,8.966286,0.002443461,0.0,0.0018325958,JERKING,10778cb0282b
1777356534838,16377032992253,2.0135236,3.4931402,8.985439,0.0018325958,-0.0012217305,6.1086525E-4,JERKING,10778cb0282b
1777356534846,16377040990413,1.9847932,3.4955344,8.995016,0.0012217305,6.1086525E-4,0.0,JERKING,10778cb0282b
1777356534854,16377048983341,1.970428,3.4739866,9.018958,-0.002443461,0.0061086523,0.0,JERKING,10778cb0282b
1777356534862,16377056978040,1.9416976,3.4644098,9.052477,-0.0036651916,0.005497787,-0.0018325958,JERKING,10778cb0282b
1777356534870,16377064974122,1.9009962,3.4284968,9.069236,-0.0061086523,0.007330383,-0.004276057,JERKING,10778cb0282b
1777356534879,16377073002357,1.8794483,3.394978,9.107543,-0.0061086523,0.0067195175,-0.0018325958,JERKING,10778cb0282b
1777356534886,16377080997517,1.8842367,3.383007,9.160215,-0.0067195175,6.1086525E-4,-0.0012217305,JERKING,10778cb0282b
1777356534894,16377088991907,1.8818425,3.4141316,9.184157,-0.002443461,-6.1086525E-4,-6.1086525E-4,JERKING,10778cb0282b
1777356534902,16377096986990,1.8890251,3.4859576,9.19134,0.0,-0.002443461,6.1086525E-4,JERKING,10778cb0282b
1777356534910,16377104984533,1.9153614,3.5242648,9.200917,0.0012217305,-0.0036651916,0.0018325958,JERKING,10778cb0282b
1777356534918,16377112980308,1.9440918,3.514688,9.19134,0.0012217305,-0.0061086523,0.002443461,JERKING,10778cb0282b
1777356534926,16377120975698,1.9800048,3.4859576,9.174581,-0.0012217305,-0.008552114,0.002443461,JERKING,10778cb0282b
1777356534935,16377129000549,1.9752164,3.4500446,9.093178,0.0018325958,-0.008552114,6.1086525E-4,JERKING,10778cb0282b
1777356534942,16377136995940,1.9656396,3.4452562,8.966286,0.0030543262,-0.009773844,0.0012217305,JERKING,10778cb0282b
1777356534950,16377144991637,1.9369092,3.454833,8.911219,0.0,-0.007941248,0.0012217305,JERKING,10778cb0282b
1777356534958,16377152988258,1.9488802,3.478775,8.918402,-0.0061086523,-0.0061086523,0.0036651916,JERKING,10778cb0282b
1777356534966,16377160983956,1.934515,3.4476504,8.990228,-0.009162978,-0.0018325958,0.002443461,JERKING,10778cb0282b
1777356534974,16377168979730,1.9656396,3.4572272,9.028535,-0.008552114,-0.004276057,0.002443461,JERKING,10778cb0282b
1777356534982,16377176975736,1.9512744,3.454833,9.0237465,-0.0067195175,0.0,0.0018325958,JERKING,10778cb0282b
1777356534990,16377184969203,1.934515,3.4739866,9.030929,-0.0067195175,0.0012217305,0.0,JERKING,10778cb0282b
1777356534998,16377192995054,1.9177556,3.4284968,9.028535,-0.007941248,0.0030543262,0.0012217305,JERKING,10778cb0282b
1777356535006,16377200992983,1.9033904,3.4117374,9.059659,-0.008552114,0.004276057,0.0,JERKING,10778cb0282b
1777356535014,16377208987988,1.9273324,3.3686419,9.059659,-0.0061086523,0.0012217305,0.0012217305,JERKING,10778cb0282b
1777356535022,16377216983994,1.910573,3.3638535,9.045294,-0.004276057,-6.1086525E-4,0.0012217305,JERKING,10778cb0282b
1777356535030,16377224979691,1.9416976,3.3399115,9.035717,-0.0036651916,-0.0012217305,0.002443461,JERKING,10778cb0282b
1777356535038,16377232973620,1.9321208,3.3183637,9.004593,-6.1086525E-4,-6.1086525E-4,-6.1086525E-4,JERKING,10778cb0282b
1777356535046,16377240985318,1.9153614,3.2585084,8.89446,0.005497787,0.0012217305,-0.002443461,JERKING,10778cb0282b
1777356535054,16377248995708,1.8746599,3.2130187,8.76996,0.012217305,0.004276057,-0.004886922,JERKING,10778cb0282b
1777356535062,16377256992021,1.8483237,3.1364043,8.635885,0.02076942,0.0036651916,-0.008552114,JERKING,10778cb0282b
1777356535070,16377264988026,1.8555063,2.96881,8.425196,0.031154128,0.0012217305,-0.008552114,JERKING,10778cb0282b
1777356535078,16377272982570,1.8842367,2.9352913,8.441956,0.025045475,-0.0030543262,-0.007941248,JERKING,10778cb0282b
1777356535086,16377280980114,1.9632454,3.0430303,8.820239,0.007330383,0.004276057,-0.013439035,JERKING,10778cb0282b
1777356535094,16377288974888,2.0566192,2.9592333,9.165004,6.1086525E-4,0.021380283,-0.014660766,JERKING,10778cb0282b
1777356535103,16377297000356,2.0973208,2.9161377,9.44752,-0.0036651916,0.017715093,-0.021991149,JERKING,10778cb0282b
1777356535110,16377304997900,1.9321208,2.9520507,9.485827,-0.0030543262,-0.02321288,-0.03481932,JERKING,10778cb0282b
1777356535118,16377312992136,1.9967642,3.205836,9.828198,-0.022602014,-0.06414085,-0.017715093,JERKING,10778cb0282b
1777356535126,16377320989372,2.291251,3.7134068,9.816227,0.0,-0.02443461,0.023823744,JERKING,10778cb0282b
1777356535134,16377328984454,2.4827871,4.0222588,9.572019,0.04520403,0.059253927,0.06719518,JERKING,10778cb0282b
1777356535142,16377336977075,2.2385786,4.3023806,9.44752,0.048258353,0.14172074,0.07269296,JERKING,10778cb0282b
1777356535150,16377344973927,1.6950948,4.865018,9.809045,-0.008552114,0.13194689,0.042760566,JERKING,10778cb0282b
1777356535158,16377352970548,1.1085154,5.1666875,10.18254,-0.05009095,0.08002335,0.009773844,JERKING,10778cb0282b
1777356535166,16377360997015,1.1444284,4.6112323,9.9790325,-0.045814894,0.014049901,-0.0012217305,JERKING,10778cb0282b
1777356535174,16377368992481,1.5993267,3.7660792,9.40203,-0.031154128,-0.096516706,0.0012217305,JERKING,10778cb0282b
1777356535182,16377376986026,1.8962077,3.1292217,8.767567,0.0012217305,-0.19181168,-0.020158553,JERKING,10778cb0282b
1777356535190,16377384981954,1.8483237,2.8323407,8.257602,0.015882496,-0.21930063,-0.0580322,JERKING,10778cb0282b
1777356535198,16377392978960,1.7956513,2.846706,7.979874,0.017104227,-0.22113322,-0.059253927,JERKING,10778cb0282b
1777356535206,16377400976196,2.1212628,2.9831753,7.8625584,0.013439035,-0.17959438,-0.014660766,JERKING,10778cb0282b
1777356535215,16377409000124,2.834735,3.0789435,7.8984714,0.013439035,-0.07452556,0.045814894,JERKING,10778cb0282b
1777356535222,16377416998053,2.918532,3.2561142,8.341399,-0.014049901,0.09773844,0.0421497,JERKING,10778cb0282b
1777356535230,16377424990365,2.3104045,3.5170822,9.074024,-0.03726278,0.1777618,0.0018325958,JERKING,10778cb0282b
1777356535238,16377432986679,1.8243817,3.6248214,9.507375,-0.039095376,0.20341812,-0.014049901,JERKING,10778cb0282b
1777356535246,16377440983223,1.5729905,3.58412,9.785102,-0.035430185,0.17287487,-0.012217305,JERKING,10778cb0282b
1777356535254,16377448977458,1.4915876,3.4380736,9.856929,-0.028099801,0.07696902,-6.1086525E-4,JERKING,10778cb0282b
1777356535262,16377456972772,1.4796166,3.2632968,9.655815,-0.014660766,6.1086525E-4,0.0018325958,JERKING,10778cb0282b
1777356535270,16377464967854,1.5562311,3.1172507,9.25359,0.0030543262,-0.047036625,0.0030543262,JERKING,10778cb0282b
1777356535278,16377472995629,1.7836803,3.098097,8.990228,0.015882496,-0.06536258,0.009773844,JERKING,10778cb0282b
1777356535286,16377480990634,2.0470424,3.1986535,8.901642,0.018936822,-0.064751714,0.018325957,JERKING,10778cb0282b
1777356535294,16377488987947,2.195483,3.3207579,8.944737,0.017104227,-0.034208454,0.015271631,JERKING,10778cb0282b
1777356535302,16377496984184,2.2170308,3.4093432,9.045294,0.014660766,-0.009773844,0.007941248,JERKING,10778cb0282b
1777356535310,16377504978958,2.1499932,3.4596214,9.050082,0.012217305,0.0067195175,0.0,JERKING,10778cb0282b
1777356535318,16377512973195,2.0446482,3.5003228,8.99741,0.009162978,0.01160644,-0.005497787,JERKING,10778cb0282b
1777356535326,16377520998661,1.9273324,3.4931402,8.944737,0.0018325958,0.010995574,-0.0067195175,JERKING,10778cb0282b
1777356535334,16377528995282,1.9153614,3.4811692,8.913613,-0.004276057,0.009162978,-0.0036651916,JERKING,10778cb0282b
1777356535342,16377536990749,1.9153614,3.4596214,8.916007,-0.004886922,0.0036651916,-0.0012217305,JERKING,10778cb0282b
1777356535350,16377544987293,1.9081788,3.3997664,8.935161,-0.004276057,-0.0030543262,-0.0018325958,JERKING,10778cb0282b
1777356535358,16377552981145,1.934515,3.3901896,9.006987,-0.008552114,-0.0018325958,0.0018325958,JERKING,10778cb0282b
1777356535366,16377560977765,1.9416976,3.3614593,9.076419,-0.009162978,0.0067195175,0.0036651916,JERKING,10778cb0282b
1777356535374,16377568971617,1.9201498,3.3518825,9.160215,-0.009773844,0.009773844,6.1086525E-4,JERKING,10778cb0282b
1777356535383,16377577000238,1.9153614,3.3614593,9.215282,-0.007330383,0.005497787,-0.002443461,JERKING,10778cb0282b
1777356535390,16377584995089,1.9488802,3.3423057,9.251195,-0.0036651916,0.007941248,-0.0012217305,JERKING,10778cb0282b
1777356535398,16377592988634,1.9369092,3.3279405,9.255983,0.0012217305,0.0018325958,-0.002443461,JERKING,10778cb0282b
1777356535406,16377600987716,1.9297266,3.3614593,9.212888,0.008552114,-0.0030543262,-6.1086525E-4,JERKING,10778cb0282b
1777356535414,16377608981874,1.9440918,3.4380736,9.088389,0.013439035,-0.0061086523,0.0,JERKING,10778cb0282b
1777356535422,16377616979650,1.9536686,3.4715924,9.0237465,0.015882496,-0.01160644,0.0030543262,JERKING,10778cb0282b
1777356535430,16377624972039,1.9728222,3.466804,8.966286,0.014049901,-0.010995574,0.002443461,JERKING,10778cb0282b
1777356535438,16377632998815,1.9560628,3.4763808,8.889671,0.009162978,-0.0012217305,0.0012217305,JERKING,10778cb0282b
1777356535446,16377640995050,1.9608512,3.4739866,8.875306,0.004886922,-0.0030543262,0.0012217305,JERKING,10778cb0282b
1777356535454,16377648989594,1.970428,3.478775,8.980651,-0.0036651916,0.0012217305,0.0012217305,JERKING,10778cb0282b
1777356535462,16377656985831,1.958457,3.430891,9.081207,-0.007941248,0.008552114,-0.002443461,JERKING,10778cb0282b
1777356535470,16377664982451,1.9153614,3.41892,9.14585,-0.009162978,0.009773844,-0.0018325958,JERKING,10778cb0282b
1777356535478,16377672975996,1.9081788,3.4165258,9.155427,-0.005497787,0.007941248,-0.0012217305,JERKING,10778cb0282b
1777356535486,16377680972693,1.9009962,3.41892,9.14585,-0.0018325958,0.0030543262,0.0,JERKING,10778cb0282b
1777356535494,16377688997929,1.8986019,3.3925838,9.126697,-0.0018325958,0.0,-6.1086525E-4,JERKING,10778cb0282b
1777356535502,16377696993935,1.9153614,3.394978,9.143456,0.0012217305,-0.0030543262,0.0012217305,JERKING,10778cb0282b
1777356535510,16377704989940,1.9273324,3.4380736,9.129091,0.004276057,-0.002443461,0.0030543262,JERKING,10778cb0282b
1777356535518,16377712985023,1.9512744,3.5170822,9.153033,0.0036651916,-0.0012217305,0.0030543262,JERKING,10778cb0282b
1777356535526,16377720981566,2.0015526,3.4284968,9.224859,-0.0036651916,-0.0018325958,0.0030543262,JERKING,10778cb0282b
1777356535534,16377728976648,1.9608512,3.2393548,9.186552,-0.005497787,-0.004886922,-0.0012217305,JERKING,10778cb0282b
1777356535542,16377736973885,1.8579005,3.181894,8.963891,0.004886922,-0.004276057,-0.005497787,JERKING,10778cb0282b
1777356535550,16377744998582,1.8100165,3.3039982,8.760384,0.021380283,-0.010995574,-0.004886922,JERKING,10778cb0282b
1777356535558,16377752992973,1.8842367,3.4691982,8.7125,0.022602014,-0.021380283,0.002443461,JERKING,10778cb0282b
1777356535566,16377760990593,2.0446482,3.58412,8.887277,0.009773844,-0.017715093,0.0067195175,JERKING,10778cb0282b
1777356535574,16377768984137,2.1260512,3.572149,9.167398,-0.0067195175,-0.0018325958,0.0061086523,JERKING,10778cb0282b
1777356535582,16377776981373,2.066196,3.5098996,9.26556,-0.01038471,0.01160644,-0.0018325958,JERKING,10778cb0282b
1777356535590,16377784976763,1.970428,3.4404678,9.179369,-0.002443461,0.012217305,-0.008552114,JERKING,10778cb0282b
1777356535599,16377793004154,1.8267759,3.383007,9.0429,0.0018325958,0.0067195175,-0.008552114,JERKING,10778cb0282b
1777356535606,16377800998851,1.7717092,3.3662477,8.980651,0.0030543262,0.0067195175,-0.007330383,JERKING,10778cb0282b
1777356535614,16377808993087,1.8171991,3.3901896,9.0429,0.0036651916,0.008552114,6.1086525E-4,JERKING,10778cb0282b
1777356535622,16377816989016,1.8986019,3.442862,9.172187,6.1086525E-4,0.0061086523,0.004886922,JERKING,10778cb0282b
1777356535630,16377824987559,1.9081788,3.466804,9.241618,0.0012217305,-0.0018325958,0.0018325958,JERKING,10778cb0282b
1777356535638,16377832981642,1.9488802,3.5075054,9.210494,0.004276057,-0.009162978,0.0,JERKING,10778cb0282b
1777356535646,16377840977109,1.9800048,3.5434184,9.119514,0.0067195175,-0.014660766,0.0012217305,JERKING,10778cb0282b
1777356535654,16377848971268,2.0470424,3.5434184,9.0716305,0.0030543262,-0.014049901,0.0030543262,JERKING,10778cb0282b
1777356535662,16377856997351,2.0805612,3.5218706,9.0716305,-0.004276057,-0.007330383,0.0061086523,JERKING,10778cb0282b
1777356535670,16377864994279,2.0398598,3.490746,9.090784,-0.004276057,-0.0012217305,0.0036651916,JERKING,10778cb0282b
1777356535678,16377872989746,1.9728222,3.526659,9.052477,-0.004276057,0.002443461,0.0012217305,JERKING,10778cb0282b
1777356535686,16377880987521,1.922544,3.5218706,9.028535,-0.002443461,6.1086525E-4,0.0012217305,JERKING,10778cb0282b
1777356535694,16377888979604,1.9009962,3.5218706,8.985439,-0.004886922,-0.0036651916,0.002443461,JERKING,10778cb0282b
1777356535702,16377896975839,1.9201498,3.4811692,8.949526,-0.007330383,-0.0036651916,0.0012217305,JERKING,10778cb0282b
1777356535710,16377904974383,1.9177556,3.4452562,8.985439,-0.010995574,-0.002443461,0.0030543262,JERKING,10778cb0282b
1777356535718,16377912999850,1.9273324,3.4213142,9.030929,-0.015271631,-0.0018325958,0.0018325958,JERKING,10778cb0282b
1777356535726,16377920994009,1.9608512,3.3854012,9.078813,-0.014660766,0.0,0.0018325958,JERKING,10778cb0282b
1777356535734,16377928988246,1.970428,3.3734303,9.097966,-0.01160644,-0.0018325958,0.002443461,JERKING,10778cb0282b
1777356535742,16377936984559,2.006341,3.3877954,9.097966,-0.008552114,-6.1086525E-4,0.0036651916,JERKING,10778cb0282b
1777356535750,16377944981179,2.0087352,3.3973722,9.121908,-0.009162978,6.1086525E-4,0.0030543262,JERKING,10778cb0282b
1777356535758,16377952975339,1.9991584,3.3734303,9.148245,-0.01038471,0.0036651916,0.0018325958,JERKING,10778cb0282b
1777356535766,16377960972267,1.982399,3.3566709,9.155427,-0.009162978,0.007330383,0.0036651916,JERKING,10778cb0282b
1777356535774,16377968997427,1.9416976,3.359065,9.141062,-0.005497787,0.0061086523,0.0018325958,JERKING,10778cb0282b
1777356535782,16377976992894,1.9057846,3.3494883,9.097966,-0.0012217305,0.0030543262,6.1086525E-4,JERKING,10778cb0282b
1777356535790,16377984991360,1.9081788,3.3782187,9.0429,6.1086525E-4,0.0018325958,0.0030543262,JERKING,10778cb0282b
1777356535798,16377992983366,1.9057846,3.4045548,8.992621,0.002443461,-0.0018325958,0.004276057,JERKING,10778cb0282b
1777356535806,16378000979294,1.9416976,3.3901896,8.99741,0.002443461,-0.0012217305,0.0012217305,JERKING,10778cb0282b
1777356535814,16378008975377,1.9273324,3.3734303,8.985439,0.002443461,-0.0018325958,0.0,JERKING,10778cb0282b
1777356535823,16378017001767,1.9393034,3.3207579,8.942344,0.0018325958,6.1086525E-4,-6.1086525E-4,JERKING,10778cb0282b
1777356535830,16378024998772,1.9560628,3.277662,8.918402,0.0036651916,-6.1086525E-4,-6.1086525E-4,JERKING,10778cb0282b
1777356535838,16378032992855,2.0159178,3.0909145,8.805874,0.0036651916,-0.0012217305,-0.0036651916,JERKING,10778cb0282b
1777356535846,16378040988244,1.7956513,3.004723,8.707711,0.002443461,-0.018325957,-0.01282817,JERKING,10778cb0282b
1777356535854,16378048984866,1.8363527,2.9233203,8.520964,-0.0036651916,-0.032375857,0.002443461,JERKING,10778cb0282b
1777356535862,16378056979948,1.9416976,2.834735,8.413225,-0.007941248,-0.014660766,0.029932396,JERKING,10778cb0282b
1777356535870,16378064975337,1.9201498,2.9879637,8.305486,-0.01038471,0.04337143,0.040927973,JERKING,10778cb0282b
1777356535878,16378072971959,2.528277,2.4588451,8.0924015,0.014049901,0.16371189,0.08246681,JERKING,10778cb0282b
1777356535886,16378080998425,1.9488802,2.516306,8.449138,-0.014049901,0.116675265,-0.016493361,JERKING,10778cb0282b
1777356535894,16378088993893,1.2976574,3.4452562,9.380483,-0.032375857,0.028099801,-0.09712757,JERKING,10778cb0282b
1777356535902,16378096989206,1.5849615,4.24492,10.144233,-0.0036651916,0.014660766,-0.09285152,JERKING,10778cb0282b
1777356535910,16378104983134,1.8650831,4.9200845,10.864887,0.022602014,0.007941248,-0.08246681,JERKING,10778cb0282b
1777356535918,16378112980678,1.8674773,5.2959743,11.255142,0.021380283,-0.010995574,-0.06963864,JERKING,10778cb0282b
1777356535926,16378120974837,1.8004397,5.0613422,11.087548,0.01038471,-0.02076942,-0.036651913,JERKING,10778cb0282b
1777356535935,16378129000920,1.9560628,4.369418,10.498574,-0.009773844,-0.048258353,0.007330383,JERKING,10778cb0282b
1777356535942,16378136995771,2.111686,3.632004,9.911995,-0.027488936,-0.06780604,0.040317107,JERKING,10778cb0282b
1777356535950,16378144994776,2.2146366,2.9592333,9.289502,-0.015271631,-0.06414085,0.056199603,JERKING,10778cb0282b
1777356535958,16378152987090,2.2026656,2.6024973,8.743625,0.020158553,-0.06169739,0.051923547,JERKING,10778cb0282b
1777356535966,16378160983403,2.0925324,2.4827871,8.0924015,0.06169739,-0.06719518,0.040317107,JERKING,10778cb0282b
1777356535974,16378168980101,1.9608512,2.6168625,7.5800424,0.08857546,-0.07391469,0.019547688,JERKING,10778cb0282b
1777356535982,16378176975721,1.8722657,3.086126,7.419631,0.08368854,-0.064751714,-6.1086525E-4,JERKING,10778cb0282b
1777356535991,16378185003419,1.9273324,3.5362358,7.81228,0.03604105,-0.017104227,-0.017715093,JERKING,10778cb0282b
1777356535998,16378192996348,2.0087352,3.8594532,8.439561,0.0,0.025045475,-0.021991149,JERKING,10778cb0282b
1777356536006,16378200992661,2.0853498,3.9480386,9.100361,-0.02443461,0.047036625,-0.017715093,JERKING,10778cb0282b
1777356536014,16378208988974,2.0015526,3.9217024,9.44752,-0.03726278,0.052534413,-0.02076942,JERKING,10778cb0282b
1777356536022,16378216984441,1.9632454,3.7469256,9.442732,-0.039095376,0.03481932,-0.009162978,JERKING,10778cb0282b
1777356536030,16378224978215,2.0853498,3.4237084,9.287108,-0.040317107,0.04153884,0.012217305,JERKING,10778cb0282b
1777356536038,16378232975836,1.8722657,3.1196449,9.234436,-0.0421497,0.05131268,0.005497787,JERKING,10778cb0282b
1777356536047,16378241001995,1.6687586,3.0023289,9.301474,-0.035430185,0.04337143,-0.0030543262,JERKING,10778cb0282b
1777356536054,16378248995463,1.661576,2.9759927,9.361329,-0.015271631,0.02687807,6.1086525E-4,JERKING,10778cb0282b
1777356536062,16378256993314,1.7932571,3.083732,9.361329,0.009162978,-0.01160644,0.01038471,JERKING,10778cb0282b
1777356536070,16378264988473,1.9512744,3.2130187,9.284714,0.019547688,-0.040317107,0.01160644,JERKING,10778cb0282b
1777356536078,16378272983864,2.0757728,3.3782187,9.169792,0.023823744,-0.04642576,0.005497787,JERKING,10778cb0282b
1777356536086,16378280978253,2.1140802,3.5194764,9.062054,0.023823744,-0.034208454,0.002443461,JERKING,10778cb0282b
1777356536094,16378288975875,2.054225,3.6224272,8.961497,0.018325957,-0.012217305,-6.1086525E-4,JERKING,10778cb0282b
1777356536103,16378297003187,1.9249382,3.6415808,8.901642,0.009162978,0.007941248,-0.0030543262,JERKING,10778cb0282b
1777356536110,16378304997654,1.8363527,3.5889084,8.887277,0.0012217305,0.013439035,-0.002443461,JERKING,10778cb0282b
1777356536118,16378312990968,1.8004397,3.5194764,8.911219,-0.0061086523,0.004886922,6.1086525E-4,JERKING,10778cb0282b
1777356536126,16378320989126,1.8267759,3.4691982,8.918402,-0.009162978,-0.0061086523,0.0012217305,JERKING,10778cb0282b
1777356536134,16378328985671,1.934515,3.3877954,8.884883,-0.009773844,-0.014049901,0.004886922,JERKING,10778cb0282b
1777356536142,16378336978907,2.006341,3.3614593,8.918402,-0.014660766,-0.016493361,0.004276057,JERKING,10778cb0282b
1777356536150,16378344976835,2.1092918,3.3303347,9.059659,-0.018325957,-0.0036651916,0.004276057,JERKING,10778cb0282b
1777356536159,16378353000148,2.0566192,3.3423057,9.19134,-0.018325957,0.009162978,-0.0012217305,JERKING,10778cb0282b
1777356536166,16378360997384,1.9536686,3.3614593,9.323022,-0.014660766,0.02076942,-0.004886922,JERKING,10778cb0282b
1777356536174,16378368991236,1.8842367,3.3375173,9.378088,-0.007330383,0.022602014,-0.0036651916,JERKING,10778cb0282b
1777356536182,16378376987934,1.8124107,3.3542767,9.363723,-0.0012217305,0.009773844,-0.0018325958,JERKING,10778cb0282b
1777356536190,16378384983940,1.8219875,3.3686419,9.260772,0.007330383,-0.004886922,6.1086525E-4,JERKING,10778cb0282b
1777356536198,16378392978099,1.8507179,3.3494883,9.11712,0.014049901,-0.015882496,0.0036651916,JERKING,10778cb0282b
1777356536206,16378400975565,1.9009962,3.3973722,8.978256,0.016493361,-0.02076942,0.004276057,JERKING,10778cb0282b
1777356536215,16378409001187,1.9728222,3.4284968,8.925584,0.010995574,-0.018936822,0.0061086523,JERKING,10778cb0282b
1777356536222,16378416995884,2.0254946,3.442862,8.963891,0.007330383,-0.009773844,0.0036651916,JERKING,10778cb0282b
1777356536230,16378424992198,2.0326772,3.4500446,9.01417,0.0030543262,-0.0030543262,0.0030543262,JERKING,10778cb0282b
1777356536238,16378432987049,1.9967642,3.442862,9.069236,0.0018325958,0.004886922,-0.0030543262,JERKING,10778cb0282b
1777356536246,16378440982438,1.9488802,3.4572272,9.052477,0.002443461,0.0067195175,-0.0012217305,JERKING,10778cb0282b
1777356536254,16378448977752,1.9153614,3.4500446,9.01417,0.004886922,0.005497787,-6.1086525E-4,JERKING,10778cb0282b
1777356536262,16378456973757,1.9081788,3.4284968,8.954314,0.004276057,0.0018325958,6.1086525E-4,JERKING,10778cb0282b
1777356536270,16378464999994,1.9273324,3.430891,8.973468,0.002443461,0.0012217305,0.0,JERKING,10778cb0282b
1777356536278,16378472994768,1.9488802,3.4356794,9.059659,-0.0018325958,0.004886922,6.1086525E-4,JERKING,10778cb0282b
1777356536286,16378480992235,1.922544,3.4021606,9.143456,-0.004276057,0.0030543262,-0.0012217305,JERKING,10778cb0282b
1777356536294,16378488986164,1.9560628,3.3542767,9.217676,-0.004276057,0.002443461,0.0,JERKING,10778cb0282b
1777356536302,16378496982400,1.9536686,3.3135753,9.210494,-0.0012217305,6.1086525E-4,-0.0012217305,JERKING,10778cb0282b
1777356536310,16378504979636,1.9273324,3.3039982,9.181764,0.0036651916,-0.0030543262,-0.0018325958,JERKING,10778cb0282b
1777356536318,16378512972949,1.910573,3.3303347,9.097966,0.01282817,-0.0036651916,-0.0030543262,JERKING,10778cb0282b
1777356536326,16378520970416,1.8938135,3.383007,9.02614,0.017104227,-0.004886922,-0.002443461,JERKING,10778cb0282b
1777356536334,16378528994499,1.8914193,3.4476504,9.018958,0.017715093,-0.0030543262,-0.0012217305,JERKING,10778cb0282b
1777356536342,16378536993811,1.9129672,3.5410242,9.021352,0.014660766,-0.0012217305,-0.0012217305,JERKING,10778cb0282b
1777356536350,16378544987048,1.9201498,3.6104562,9.064447,0.01038471,-6.1086525E-4,0.0012217305,JERKING,10778cb0282b
1777356536358,16378552981899,1.9680338,3.6343982,9.088389,0.0030543262,-0.0012217305,6.1086525E-4,JERKING,10778cb0282b
1777356536366,16378560977597,2.006341,3.6056678,9.090784,-0.0012217305,-0.002443461,-6.1086525E-4,JERKING,10778cb0282b
1777356536374,16378568973910,2.0231004,3.5458126,9.081207,-0.004276057,-0.007330383,0.0030543262,JERKING,10778cb0282b
1777356536383,16378577000300,2.0374656,3.4883518,9.090784,-0.007330383,-0.005497787,0.0012217305,JERKING,10778cb0282b
1777356536390,16378584994768,2.0446482,3.4500446,9.083601,-0.004276057,0.0030543262,0.0018325958,JERKING,10778cb0282b
1777356536398,16378592990234,1.9800048,3.454833,9.078813,-0.004886922,0.004886922,6.1086525E-4,JERKING,10778cb0282b
1777356536406,16378600989008,1.9201498,3.4572272,9.093178,-0.0030543262,0.0067195175,0.0,JERKING,10778cb0282b
1777356536414,16378608980322,1.9057846,3.4572272,9.141062,-0.0067195175,0.0030543262,0.0018325958,JERKING,10778cb0282b
1777356536422,16378616977866,1.9249382,3.4332852,9.172187,-0.009162978,0.0012217305,0.0018325958,JERKING,10778cb0282b
1777356536430,16378624973949,1.922544,3.4165258,9.136273,-0.0030543262,-0.0036651916,6.1086525E-4,JERKING,10778cb0282b
1777356536438,16378632998569,1.9297266,3.4284968,9.062054,0.0,-0.005497787,0.0012217305,JERKING,10778cb0282b
1777356536446,16378640996959,1.910573,3.4859576,8.985439,0.0018325958,-0.002443461,0.0018325958,JERKING,10778cb0282b
1777356536454,16378648990580,1.9393034,3.466804,8.985439,-0.0012217305,-0.005497787,0.0036651916,JERKING,10778cb0282b
1777356536462,16378656986200,1.9847932,3.4332852,9.045294,-0.007941248,-0.0061086523,0.004886922,JERKING,10778cb0282b
1777356536470,16378664982822,2.006341,3.4261026,9.078813,-0.009773844,-0.0030543262,0.004886922,JERKING,10778cb0282b
1777356536478,16378672977981,2.0135236,3.4261026,9.069236,-0.009162978,-6.1086525E-4,0.004276057,JERKING,10778cb0282b
1777356536486,16378680973601,2.0111294,3.4332852,9.057265,-0.009162978,0.004276057,0.002443461,JERKING,10778cb0282b
1777356536495,16378689000069,1.9776106,3.4284968,9.030929,-0.009773844,0.005497787,6.1086525E-4,JERKING,10778cb0282b
1777356536502,16378696994535,1.9297266,3.3973722,9.078813,-0.01160644,0.007330383,6.1086525E-4,JERKING,10778cb0282b
1777356536510,16378704992080,1.8890251,3.3973722,9.097966,-0.010995574,0.009773844,0.0018325958,JERKING,10778cb0282b
1777356536518,16378712988085,1.8555063,3.4093432,9.124303,-0.007941248,0.007330383,0.0012217305,JERKING,10778cb0282b
1777356536526,16378720982551,1.8387469,3.41892,9.107543,-0.004886922,0.004276057,0.0012217305,JERKING,10778cb0282b
1777356536534,16378728978865,1.8387469,3.4045548,9.090784,-0.004886922,-6.1086525E-4,0.0018325958,JERKING,10778cb0282b
1777356536543,16378737004485,1.8890251,3.406949,9.095572,-0.0067195175,-0.0067195175,0.0030543262,JERKING,10778cb0282b
1777356536550,16378744998645,1.9393034,3.4045548,9.0716305,-0.005497787,-0.008552114,0.004276057,JERKING,10778cb0282b
1777356536558,16378752995881,1.970428,3.430891,9.059659,-0.004276057,-0.007330383,0.004886922,JERKING,10778cb0282b
1777356536566,16378760989655,1.9608512,3.4404678,9.0429,-0.004276057,-0.004276057,0.002443461,JERKING,10778cb0282b
1777356536574,16378768987584,1.9656396,3.4691982,9.01417,-0.002443461,-0.0012217305,0.0030543262,JERKING,10778cb0282b
1777356536582,16378776982666,1.9393034,3.4691982,8.963891,-0.0030543262,-6.1086525E-4,0.002443461,JERKING,10778cb0282b
1777356536590,16378784977980,1.934515,3.4165258,8.949526,-0.005497787,-0.0012217305,0.0030543262,JERKING,10778cb0282b
1777356536598,16378792972139,1.9297266,3.3901896,8.939949,-0.008552114,-0.0030543262,0.0036651916,JERKING,10778cb0282b
1777356536606,16378800999221,1.9273324,3.289633,8.980651,-0.01038471,-0.002443461,0.002443461,JERKING,10778cb0282b
1777356536614,16378808994073,1.8674773,2.9975405,8.765172,0.005497787,0.004276057,-0.0012217305,JERKING,10778cb0282b
1777356536622,16378816988847,1.8579005,2.1332338,8.027759,0.03604105,-0.0036651916,-0.01038471,JERKING,10778cb0282b
1777356536630,16378824985084,1.5011644,1.8938135,7.656657,0.023823744,-0.08246681,-0.029932396,JERKING,10778cb0282b
1777356536638,16378832983012,1.151611,2.858677,8.14268,-0.03359759,-0.15821409,-0.029321533,JERKING,10778cb0282b
1777356536646,16378840978632,2.0087352,3.6343982,8.12592,0.034208454,0.12156218,0.073303826,JERKING,10778cb0282b
1777356536654,16378848974100,3.2010477,3.5362358,8.559271,0.062308256,0.28771752,0.09773844,JERKING,10778cb0282b
1777356536663,16378857001105,1.9393034,4.1659107,10.201694,-0.029932396,0.19975294,-0.07880162,JERKING,10778cb0282b
1777356536670,16378864993496,0.6440403,5.0900726,11.760319,-0.11484267,0.081855945,-0.2003638,JERKING,10778cb0282b
1777356536678,16378872989116,1.4987702,5.1571107,12.224793,-0.07391469,0.092240654,-0.11728613,JERKING,10778cb0282b
1777356536686,16378880986352,2.4875755,4.3478703,11.621455,0.018936822,-0.01038471,0.021991149,JERKING,10778cb0282b
1777356536694,16378888980512,2.3942018,3.7134068,10.709264,0.027488936,-0.19364429,0.018936822,JERKING,10778cb0282b
1777356536702,16378896976209,2.2146366,3.122039,9.55047,0.03481932,-0.21563543,0.016493361,JERKING,10778cb0282b
1777356536710,16378904972907,2.3104045,2.8299465,8.808268,0.03481932,-0.14721853,0.028099801,JERKING,10778cb0282b
1777356536718,16378912998374,2.2242134,2.6910827,8.243237,0.03604105,-0.1020145,0.029321533,JERKING,10778cb0282b
1777356536726,16378920992842,2.0757728,2.765303,7.860164,0.056199603,-0.10567969,0.02076942,JERKING,10778cb0282b
1777356536734,16378928989847,1.9776106,3.0214825,7.587225,0.069027774,-0.106901415,0.007330383,JERKING,10778cb0282b
1777356536742,16378936984621,1.910573,3.442862,7.6710224,0.058643065,-0.081855945,-0.007941248,JERKING,10778cb0282b
1777356536750,16378944983396,2.087744,3.7804444,8.104373,0.029321533,-0.01038471,6.1086525E-4,JERKING,10778cb0282b
1777356536758,16378952978786,2.2840683,3.892972,8.590396,-0.017104227,0.11056661,0.02321288,JERKING,10778cb0282b
1777356536766,16378960972869,2.1308396,3.845088,9.109938,-0.052534413,0.1563815,0.017715093,JERKING,10778cb0282b
1777356536774,16378968999720,1.7357962,3.6583402,9.504981,-0.06841691,0.1423316,-0.0012217305,JERKING,10778cb0282b
1777356536782,16378976992956,1.5586253,3.4500446,9.583989,-0.058643065,0.092240654,-0.007330383,JERKING,10778cb0282b
1777356536790,16378984989192,1.6089035,3.1986535,9.466674,-0.035430185,0.032375857,0.0,JERKING,10778cb0282b
1777356536798,16378992984274,1.8052281,3.052607,9.296685,-0.007941248,-0.026267206,0.009162978,JERKING,10778cb0282b
1777356536806,16379000982126,1.9728222,3.064578,9.160215,0.005497787,-0.04337143,0.009162978,JERKING,10778cb0282b
1777356536814,16379008975439,2.0566192,3.157952,9.102755,0.012217305,-0.029932396,0.007330383,JERKING,10778cb0282b
1777356536822,16379016971444,2.0398598,3.2441432,9.11712,0.009162978,-0.004276057,0.010995574,JERKING,10778cb0282b
1777356536830,16379024998527,1.9512744,3.2944214,9.248801,0.0012217305,0.023823744,0.005497787,JERKING,10778cb0282b
1777356536838,16379032992686,1.8626889,3.3542767,9.334992,0.004886922,0.023823744,0.0036651916,JERKING,10778cb0282b
1777356536846,16379040988923,1.8243817,3.4620156,9.277532,0.015882496,0.01038471,0.002443461,JERKING,10778cb0282b
1777356536854,16379048984697,1.8148049,3.5745432,9.107543,0.02321288,-0.007941248,-6.1086525E-4,JERKING,10778cb0282b
1777356536862,16379056981241,1.8052281,3.5984852,8.901642,0.02321288,-0.022602014,-0.0018325958,JERKING,10778cb0282b
1777356536870,16379064974862,1.8722657,3.5793316,8.7771435,0.014049901,-0.028099801,0.0036651916,JERKING,10778cb0282b
1777356536878,16379072972636,1.9728222,3.5075054,8.736442,0.002443461,-0.021991149,0.0061086523,JERKING,10778cb0282b
1777356536886,16379080999104,2.042254,3.478775,8.7771435,-0.004886922,-0.01282817,0.005497787,JERKING,10778cb0282b
1777356536894,16379088994263,2.0638018,3.442862,8.846576,-0.01160644,-0.0061086523,0.002443461,JERKING,10778cb0282b
1777356536902,16379096990191,2.1045034,3.3925838,8.983045,-0.016493361,6.1086525E-4,0.0012217305,JERKING,10778cb0282b
1777356536910,16379104985581,2.1068976,3.3806129,9.097966,-0.017715093,0.007941248,-0.0018325958,JERKING,10778cb0282b
1777356536918,16379112979202,2.0566192,3.3782187,9.220071,-0.016493361,0.014660766,-0.0036651916,JERKING,10778cb0282b
1777356536926,16379120977054,1.9512744,3.3877954,9.258378,-0.01160644,0.018325957,-0.007330383,JERKING,10778cb0282b
1777356536935,16379129003213,1.8363527,3.3901896,9.272743,-0.007330383,0.017104227,-0.005497787,JERKING,10778cb0282b
1777356536942,16379136999141,1.8219875,3.3925838,9.246407,6.1086525E-4,0.005497787,-0.002443461,JERKING,10778cb0282b
1777356536950,16379144992378,1.8483237,3.3925838,9.217676,0.0036651916,-0.005497787,0.0018325958,JERKING,10778cb0282b
1777356536958,16379152988152,1.9033904,3.394978,9.157822,0.0061086523,-0.01038471,0.002443461,JERKING,10778cb0282b
1777356536966,16379160985312,1.9776106,3.4021606,9.105149,0.009773844,-0.012217305,0.0030543262,JERKING,10778cb0282b
1777356536974,16379168981086,2.0231004,3.3973722,9.0429,0.008552114,-0.010995574,0.004276057,JERKING,10778cb0282b
1777356536982,16379176976476,2.0374656,3.4045548,9.018958,0.007330383,-0.004276057,0.0018325958,JERKING,10778cb0282b
1777356536990,16379184972482,2.0159178,3.4380736,9.02614,0.0067195175,0.0030543262,6.1086525E-4,JERKING,10778cb0282b
1777356536998,16379192996410,1.9752164,3.4452562,9.009381,0.0061086523,0.0067195175,6.1086525E-4,JERKING,10778cb0282b
1777356537006,16379200994954,1.922544,3.4500446,9.006987,0.004886922,0.009773844,-0.002443461,JERKING,10778cb0282b
1777356537014,16379208988190,1.9201498,3.4620156,9.002198,0.0036651916,0.01038471,-0.0018325958,JERKING,10778cb0282b
1777356537022,16379216985041,1.910573,3.4524388,9.009381,-0.0012217305,0.007330383,-0.0012217305,JERKING,10778cb0282b
1777356537030,16379224982047,1.9129672,3.4284968,9.054871,-0.0036651916,0.0061086523,-6.1086525E-4,JERKING,10778cb0282b
1777356537038,16379232976745,1.8674773,3.4237084,9.090784,-0.004276057,0.009162978,0.0,JERKING,10778cb0282b
1777356537047,16379241002289,1.8938135,3.3925838,9.157822,-0.0030543262,0.005497787,0.0,JERKING,10778cb0282b
1777356537054,16379248999833,1.8938135,3.3734303,9.186552,-6.1086525E-4,-0.0012217305,6.1086525E-4,JERKING,10778cb0282b
1777356537062,16379256993991,1.922544,3.383007,9.157822,0.0036651916,-6.1086525E-4,-6.1086525E-4,JERKING,10778cb0282b
1777356537070,16379264989074,1.9321208,3.3877954,9.141062,0.007330383,-0.0030543262,0.0030543262,JERKING,10778cb0282b
1777356537078,16379272985156,1.9536686,3.4093432,9.112331,0.009162978,-0.004886922,0.002443461,JERKING,10778cb0282b
1777356537086,16379280978316,1.9632454,3.442862,9.059659,0.01038471,-0.0030543262,6.1086525E-4,JERKING,10778cb0282b
1777356537094,16379288975244,1.9440918,3.4500446,9.021352,0.01038471,-0.0012217305,0.0,JERKING,10778cb0282b
1777356537103,16379297000865,1.8986019,3.466804,8.954314,0.008552114,-6.1086525E-4,0.0,JERKING,10778cb0282b
1777356537110,16379304999563,1.9129672,3.4739866,8.954314,0.0061086523,-0.0018325958,-6.1086525E-4,JERKING,10778cb0282b
1777356537118,16379312994106,1.9273324,3.4739866,8.956709,0.0030543262,-0.0012217305,6.1086525E-4,JERKING,10778cb0282b
1777356537126,16379320989728,1.9297266,3.4691982,8.956709,6.1086525E-4,-6.1086525E-4,0.0,JERKING,10778cb0282b
1777356537134,16379328984579,1.9033904,3.478775,8.995016,-6.1086525E-4,-0.002443461,0.0,JERKING,10778cb0282b
1777356537142,16379336979584,1.9369092,3.454833,9.028535,-0.0036651916,0.0012217305,-0.0012217305,JERKING,10778cb0282b
1777356537150,16379344975052,1.9321208,3.4572272,9.102755,-0.005497787,0.0030543262,-6.1086525E-4,JERKING,10778cb0282b
1777356537159,16379353001518,1.9129672,3.4213142,9.143456,-0.0036651916,0.002443461,-0.0018325958,JERKING,10778cb0282b
1777356537166,16379360996601,1.9201498,3.4284968,9.141062,-0.0018325958,0.0012217305,-6.1086525E-4,JERKING,10778cb0282b
1777356537174,16379368993529,1.9129672,3.4261026,9.165004,0.0,6.1086525E-4,6.1086525E-4,JERKING,10778cb0282b
1777356537182,16379376987919,1.922544,3.4117374,9.148245,6.1086525E-4,-0.0012217305,0.0,JERKING,10778cb0282b
1777356537190,16379384983386,1.922544,3.41892,9.138668,0.0018325958,-0.0018325958,6.1086525E-4,JERKING,10778cb0282b
1777356537198,16379392980007,1.9416976,3.4284968,9.102755,0.0030543262,-0.0030543262,0.002443461,JERKING,10778cb0282b
1777356537206,16379400975936,1.9608512,3.4332852,9.088389,0.004276057,-0.0012217305,0.0,JERKING,10778cb0282b
1777356537215,16379409000326,1.9393034,3.4524388,9.0237465,0.004886922,0.0,-0.0012217305,JERKING,10778cb0282b
1777356537222,16379416995715,1.9321208,3.4572272,9.016563,0.0030543262,6.1086525E-4,6.1086525E-4,JERKING,10778cb0282b
1777356537230,16379424993260,1.958457,3.4452562,9.0476885,0.0,-0.0012217305,6.1086525E-4,JERKING,10778cb0282b
1777356537238,16379432990111,1.970428,3.4356794,9.097966,-0.0036651916,0.0012217305,0.0,JERKING,10778cb0282b
1777356537246,16379440982732,1.9800048,3.4213142,9.114726,-0.002443461,0.002443461,0.0,JERKING,10778cb0282b
1777356537254,16379448979737,1.946486,3.442862,9.083601,-0.0018325958,0.0030543262,6.1086525E-4,JERKING,10778cb0282b
1777356537262,16379456974204,1.9512744,3.4524388,9.074024,6.1086525E-4,0.0012217305,0.0,JERKING,10778cb0282b
1777356537271,16379465000979,1.9416976,3.4500446,9.078813,-0.0018325958,6.1086525E-4,6.1086525E-4,JERKING,10778cb0282b
1777356537278,16379472996676,1.9536686,3.4404678,9.109938,-0.0030543262,0.0012217305,0.0018325958,JERKING,10778cb0282b
1777356537286,16379480994759,1.9416976,3.4045548,9.114726,-0.0030543262,0.0012217305,0.0012217305,JERKING,10778cb0282b
1777356537294,16379488988687,1.9177556,3.406949,9.078813,-6.1086525E-4,6.1086525E-4,-0.0018325958,JERKING,10778cb0282b
1777356537302,16379496983386,1.9177556,3.4165258,9.0716305,-0.002443461,-6.1086525E-4,6.1086525E-4,JERKING,10778cb0282b
1777356537310,16379504980314,1.910573,3.3973722,9.083601,-0.0030543262,-0.0012217305,0.0012217305,JERKING,10778cb0282b
1777356537318,16379512973857,1.9632454,3.406949,9.093178,-0.0012217305,-0.004276057,0.0030543262,JERKING,10778cb0282b
1777356537327,16379521003171,1.9608512,3.4644098,9.124303,-0.0018325958,-0.0030543262,0.0018325958,JERKING,10778cb0282b
1777356537334,16379528995484,1.9680338,3.4763808,9.16261,-0.0030543262,-0.002443461,0.002443461,JERKING,10778cb0282b
1777356537342,16379536992336,1.9776106,3.4500446,9.200917,-0.0036651916,6.1086525E-4,0.002443461,JERKING,10778cb0282b
1777356537350,16379544989879,1.9416976,3.4524388,9.148245,0.0,-6.1086525E-4,6.1086525E-4,JERKING,10778cb0282b
1777356537358,16379552983807,1.9273324,3.4356794,9.0476885,0.0018325958,-0.0036651916,0.0,JERKING,10778cb0282b
1777356537366,16379560979814,1.9177556,3.4452562,9.021352,0.0012217305,-0.0036651916,0.0012217305,JERKING,10778cb0282b
1777356537374,16379568975742,1.9273324,3.4213142,9.006987,-6.1086525E-4,-0.0030543262,0.0018325958,JERKING,10778cb0282b
1777356537383,16379577001671,1.934515,3.442862,8.995016,-0.0012217305,-0.0030543262,0.0036651916,JERKING,10778cb0282b
1777356537390,16379584996137,1.9297266,3.4691982,8.978256,-6.1086525E-4,-0.0012217305,0.0030543262,JERKING,10778cb0282b
1777356537398,16379592991835,1.9440918,3.4955344,8.961497,6.1086525E-4,0.0,0.002443461,JERKING,10778cb0282b
1777356537406,16379600987148,1.9393034,3.4979286,8.944737,-6.1086525E-4,0.0,0.0012217305,JERKING,10778cb0282b
1777356537414,16379608982307,1.9512744,3.4931402,8.983045,-0.0067195175,0.0,0.0,JERKING,10778cb0282b
1777356537422,16379616978544,1.9273324,3.4596214,9.040505,-0.009773844,0.005497787,0.0,JERKING,10778cb0282b
1777356537430,16379624975164,1.9321208,3.4093432,9.059659,-0.009162978,0.005497787,6.1086525E-4,JERKING,10778cb0282b
1777356537439,16379633001631,1.9393034,3.3973722,9.035717,-0.007330383,0.0030543262,6.1086525E-4,JERKING,10778cb0282b
1777356537446,16379640998329,1.9393034,3.3662477,9.0237465,-0.004886922,6.1086525E-4,0.0018325958,JERKING,10778cb0282b
1777356537454,16379648990873,1.9560628,3.3566709,9.006987,-0.0012217305,-0.0030543262,0.0018325958,JERKING,10778cb0282b
1777356537462,16379656986879,1.9416976,3.359065,8.973468,0.0018325958,-0.0012217305,0.0018325958,JERKING,10778cb0282b
1777356537470,16379664983807,1.970428,3.2609026,8.868123,0.007330383,-6.1086525E-4,0.0,JERKING,10778cb0282b
1777356537478,16379672977735,1.9776106,3.0885203,8.772355,0.009162978,-0.002443461,-0.0012217305,JERKING,10778cb0282b
1777356537486,16379680973433,1.9249382,2.815581,8.528147,0.016493361,-0.005497787,-0.0067195175,JERKING,10778cb0282b
1777356537495,16379689001669,1.8555063,2.6767175,8.348581,0.018325957,-0.014660766,-0.015882496,JERKING,10778cb0282b
1777356537502,16379696994906,1.5586253,3.0454245,8.772355,-0.022602014,-0.070249505,-0.02076942,JERKING,10778cb0282b
1777356537510,16379704992142,1.6184803,3.5553896,8.865729,-0.03726278,-0.04520403,0.015882496,JERKING,10778cb0282b
1777356537518,16379712989377,2.777274,2.9783869,8.231265,0.03604105,0.14966199,0.11301007,JERKING,10778cb0282b
1777356537526,16379720984153,2.755726,2.779668,8.477868,0.0030543262,0.18753563,0.0421497,JERKING,10778cb0282b
1777356537534,16379728977773,1.2737153,3.5458126,9.502586,-0.07147124,0.056199603,-0.10995574,JERKING,10778cb0282b
1777356537543,16379737006933,1.2569559,4.2664676,10.311827,-0.037873644,0.06352998,-0.10323623,JERKING,10778cb0282b
1777356537550,16379744999246,1.8602947,4.596867,10.805033,0.004276057,0.059864793,-0.043982297,JERKING,10778cb0282b
1777356537558,16379752995251,1.9009962,4.7141833,10.989386,0.018325957,-0.002443461,-0.031154128,JERKING,10778cb0282b
1777356537566,16379760991334,1.7621324,4.5322237,10.572795,0.021380283,-0.04642576,-0.026267206,JERKING,10778cb0282b
1777356537574,16379768987339,1.7525556,4.096479,9.952697,0.007941248,-0.057421334,-0.01038471,JERKING,10778cb0282b
1777356537582,16379776982652,1.8914193,3.4979286,9.526528,-0.014660766,-0.07269296,0.013439035,JERKING,10778cb0282b
1777356537590,16379784978657,2.0805612,3.028665,9.267955,-0.018325957,-0.07941248,0.032375857,JERKING,10778cb0282b
1777356537598,16379792974355,2.2218192,2.7509377,8.887277,0.014049901,-0.08124508,0.036651913,JERKING,10778cb0282b
1777356537606,16379800999284,2.1619642,2.7748797,8.456321,0.048258353,-0.086132,0.022602014,JERKING,10778cb0282b
1777356537614,16379808994135,2.030283,3.0478187,7.9487495,0.06780604,-0.08307768,0.01160644,JERKING,10778cb0282b
1777356537622,16379816990372,1.9991584,3.3135753,7.773973,0.06047566,-0.051923547,-0.0012217305,JERKING,10778cb0282b
1777356537630,16379824986684,2.0135236,3.5697548,8.056489,0.030543262,-0.014660766,-0.009773844,JERKING,10778cb0282b
1777356537638,16379832981766,1.9847932,3.70383,8.588001,-0.018936822,0.019547688,-0.017104227,JERKING,10778cb0282b
1777356537646,16379840978695,1.9752164,3.7708676,9.0716305,-0.03359759,0.030543262,-0.017104227,JERKING,10778cb0282b
1777356537654,16379848972239,1.7956513,3.8259344,9.234436,-0.028710667,0.028710667,-0.018325957,JERKING,10778cb0282b
1777356537662,16379856998783,1.9057846,3.6750996,9.035717,-0.018325957,0.02076942,-6.1086525E-4,JERKING,10778cb0282b
1777356537670,16379864995019,2.1619642,3.347094,8.918402,-0.02687807,0.05375614,0.029321533,JERKING,10778cb0282b
1777356537678,16379872992255,1.910573,3.1723173,9.148245,-0.045814894,0.06352998,0.007941248,JERKING,10778cb0282b
1777356537686,16379880985876,1.6017209,3.1268275,9.433155,-0.042760566,0.062308256,-0.004276057,JERKING,10778cb0282b
1777356537694,16379888982728,1.5801731,3.1124623,9.557653,-0.019547688,0.044593163,-0.0036651916,JERKING,10778cb0282b
1777356537702,16379896977272,1.7070658,3.1435869,9.500193,0.0018325958,6.1086525E-4,0.0067195175,JERKING,10778cb0282b
1777356537711,16379905004969,1.9321208,3.2728736,9.363723,0.018936822,-0.04520403,0.007941248,JERKING,10778cb0282b
1777356537719,16379913000974,2.054225,3.3494883,9.186552,0.02321288,-0.04520403,0.0061086523,JERKING,10778cb0282b
1777356537726,16379920995134,2.0949266,3.4596214,9.018958,0.02321288,-0.028710667,0.004886922,JERKING,10778cb0282b
1777356537734,16379928989524,2.0135236,3.5075054,8.92319,0.019547688,-0.007330383,0.0030543262,JERKING,10778cb0282b
1777356537742,16379936986453,1.9009962,3.5458126,8.868123,0.014049901,0.0067195175,-0.0012217305,JERKING,10778cb0282b
1777356537750,16379944983997,1.8842367,3.5218706,8.865729,0.0036651916,0.0061086523,0.0,JERKING,10778cb0282b
1777356537758,16379952977002,1.9057846,3.4955344,8.896853,6.1086525E-4,-0.004886922,0.0030543262,JERKING,10778cb0282b
1777356537767,16379961004315,1.9847932,3.4284968,8.896853,-0.004276057,-0.01160644,0.0030543262,JERKING,10778cb0282b
1777356537774,16379968999397,2.0159178,3.4213142,8.89446,-0.007330383,-0.009773844,0.002443461,JERKING,10778cb0282b
1777356537782,16379976994249,2.0278888,3.394978,8.932767,-0.010995574,0.004276057,0.0018325958,JERKING,10778cb0282b
1777356537790,16379984991101,2.0015526,3.3638535,9.038112,-0.013439035,0.013439035,-0.002443461,JERKING,10778cb0282b
1777356537798,16379992985568,1.9249382,3.359065,9.181764,-0.01282817,0.020158553,-0.004276057,JERKING,10778cb0282b
1777356537806,16380000982496,1.8794483,3.3686419,9.301474,-0.009773844,0.02321288,-0.004276057,JERKING,10778cb0282b
1777356537814,16380008978194,1.8148049,3.3494883,9.354146,-0.0061086523,0.019547688,-0.002443461,JERKING,10778cb0282b
1777356537822,16380016973353,1.8076223,3.3877954,9.296685,0.005497787,0.004276057,-6.1086525E-4,JERKING,10778cb0282b
1777356537831,16380025000358,1.7956513,3.406949,9.215282,0.01038471,-0.007330383,0.002443461,JERKING,10778cb0282b
1777356537838,16380032993364,1.8914193,3.3854012,9.105149,0.01160644,-0.014660766,0.0030543262,JERKING,10778cb0282b
1777356537846,16380040992677,1.934515,3.3782187,9.088389,0.01160644,-0.017104227,0.004886922,JERKING,10778cb0282b
1777356537854,16380048986913,1.9680338,3.4093432,9.009381,0.010995574,-0.01038471,0.004886922,JERKING,10778cb0282b
1777356537862,16380056981304,1.9800048,3.4380736,9.01417,0.009773844,-0.004276057,0.0018325958,JERKING,10778cb0282b
1777356537870,16380064977309,1.9752164,3.4739866,9.0429,0.007330383,0.0018325958,0.0018325958,JERKING,10778cb0282b
1777356537879,16380073004084,1.9560628,3.5003228,9.064447,0.004276057,6.1086525E-4,0.002443461,JERKING,10778cb0282b
1777356537886,16380080999473,1.9536686,3.490746,9.006987,0.004886922,0.0,6.1086525E-4,JERKING,10778cb0282b
1777356537894,16380088996786,1.9656396,3.4763808,8.954314,0.004886922,-0.0018325958,0.0018325958,JERKING,10778cb0282b
1777356537902,16380096989408,1.99437,3.4620156,8.9519205,0.002443461,-0.002443461,0.0012217305,JERKING,10778cb0282b
1777356537910,16380104985720,1.9967642,3.4596214,9.038112,-0.002443461,0.004276057,0.0012217305,JERKING,10778cb0282b
1777356537918,16380112980803,1.9512744,3.4165258,9.114726,-0.004886922,0.007330383,-0.0012217305,JERKING,10778cb0282b
1777356537926,16380120977424,1.9680338,3.3973722,9.141062,-0.0036651916,0.0067195175,-6.1086525E-4,JERKING,10778cb0282b
1777356537935,16380129002582,1.9129672,3.3925838,9.129091,0.0,0.002443461,0.0,JERKING,10778cb0282b
1777356537942,16380136999204,1.9560628,3.41892,9.126697,0.0018325958,0.0,-0.0018325958,JERKING,10778cb0282b
1777356537950,16380144993363,1.9512744,3.3973722,9.121908,0.004276057,-0.002443461,6.1086525E-4,JERKING,10778cb0282b
1777356537958,16380152988753,1.958457,3.3997664,9.121908,0.004886922,-6.1086525E-4,0.0012217305,JERKING,10778cb0282b
1777356537966,16380160986605,1.9393034,3.4404678,9.081207,0.0061086523,0.002443461,-6.1086525E-4,JERKING,10778cb0282b
1777356537974,16380168981763,1.9321208,3.4739866,9.052477,0.007330383,6.1086525E-4,0.0,JERKING,10778cb0282b
1777356537982,16380176978616,1.9321208,3.4883518,9.0237465,0.004886922,-6.1086525E-4,-6.1086525E-4,JERKING,10778cb0282b
1777356537991,16380185003621,1.9416976,3.4835634,9.033323,0.0018325958,6.1086525E-4,-6.1086525E-4,JERKING,10778cb0282b
1777356537998,16380192999242,1.9201498,3.4644098,9.0237465,6.1086525E-4,0.0,-0.0012217305,JERKING,10778cb0282b
1777356538006,16380200994401,1.9009962,3.490746,9.030929,-0.002443461,0.0,-0.0012217305,JERKING,10778cb0282b
1777356538014,16380208990098,1.9033904,3.4620156,9.069236,-0.002443461,0.002443461,-0.0012217305,JERKING,10778cb0282b
1777356538022,16380216984489,1.9273324,3.4691982,9.129091,-0.005497787,0.0018325958,0.0,JERKING,10778cb0282b
1777356538030,16380224980494,1.934515,3.478775,9.179369,-0.007330383,0.0061086523,0.0018325958,JERKING,10778cb0282b
1777356538038,16380232975577,1.9440918,3.4763808,9.248801,-0.0067195175,0.004886922,0.0,JERKING,10778cb0282b
1777356538047,16380241004274,1.9177556,3.466804,9.244013,-0.0061086523,0.0,0.0030543262,JERKING,10778cb0282b
1777356538054,16380248998356,1.9416976,3.454833,9.215282,-0.005497787,-0.0030543262,0.0030543262,JERKING,10778cb0282b
1777356538062,16380256993131,1.9416976,3.4691982,9.143456,6.1086525E-4,-0.0067195175,0.0030543262,JERKING,10778cb0282b
1777356538070,16380264988213,1.9416976,3.454833,8.99741,0.0036651916,-0.008552114,0.002443461,JERKING,10778cb0282b
1777356538078,16380272984219,1.9273324,3.4691982,8.90643,0.0036651916,-0.01038471,0.0012217305,JERKING,10778cb0282b
1777356538086,16380280982994,1.9321208,3.4763808,8.913613,-0.0012217305,-0.0061086523,0.0030543262,JERKING,10778cb0282b
1777356538094,16380288975306,1.9297266,3.4835634,8.978256,-0.005497787,-0.0018325958,0.0012217305,JERKING,10778cb0282b
1777356538102,16380296972235,1.9297266,3.4811692,8.9758625,-0.007941248,0.0,0.0030543262,JERKING,10778cb0282b
1777356538110,16380304998779,1.9512744,3.4739866,8.959103,-0.008552114,-0.002443461,0.002443461,JERKING,10778cb0282b
1777356538118,16380312992323,1.9680338,3.4644098,8.968679,-0.009773844,-0.0012217305,0.002443461,JERKING,10778cb0282b
1777356538126,16380320989790,1.970428,3.4332852,8.978256,-0.01160644,-0.0018325958,0.0012217305,JERKING,10778cb0282b
1777356538134,16380328984026,1.9728222,3.4045548,9.028535,-0.013439035,0.002443461,0.002443461,JERKING,10778cb0282b
1777356538142,16380336981186,1.9560628,3.3734303,9.081207,-0.013439035,0.008552114,0.0012217305,JERKING,10778cb0282b
1777356538150,16380344976652,1.9153614,3.3614593,9.129091,-0.012217305,0.009162978,0.0,JERKING,10778cb0282b
1777356538159,16380353001812,1.9081788,3.3375173,9.097966,-0.007941248,0.01038471,6.1086525E-4,JERKING,10778cb0282b
1777356538166,16380360999971,1.8722657,3.3518825,9.078813,-0.0036651916,0.0061086523,0.0012217305,JERKING,10778cb0282b
1777356538174,16380368994745,1.8818425,3.359065,9.054871,0.0,0.0036651916,0.0030543262,JERKING,10778cb0282b
1777356538182,16380376989597,1.8770541,3.3399115,8.966286,0.005497787,0.0036651916,6.1086525E-4,JERKING,10778cb0282b
1777356538190,16380384983987,1.9153614,3.2202013,8.846576,0.01282817,6.1086525E-4,6.1086525E-4,JERKING,10778cb0282b
1777356538198,16380392979070,1.9249382,2.942474,8.590396,0.02076942,-0.002443461,-0.002443461,JERKING,10778cb0282b
1777356538206,16380400975152,1.8866309,2.8299465,8.437167,0.025045475,-0.002443461,-0.005497787,JERKING,10778cb0282b
1777356538214,16380408972003,1.8962077,2.8060043,8.487445,0.018936822,0.007330383,-0.012217305,JERKING,10778cb0282b
1777356538222,16380416998778,1.9297266,2.8634653,8.793902,0.004886922,0.010995574,-0.020158553,JERKING,10778cb0282b
1777356538230,16380424993552,1.8579005,2.9496565,9.062054,0.002443461,-0.004886922,-0.03359759,JERKING,10778cb0282b
1777356538238,16380432988020,1.8483237,3.0621839,9.263166,0.004276057,-0.02443461,-0.040317107,JERKING,10778cb0282b
1777356538246,16380440984948,1.982399,3.0789435,9.32781,6.1086525E-4,-0.04886922,-0.040927973,JERKING,10778cb0282b
1777356538254,16380448978876,1.5610195,3.7684734,9.859323,-0.032986723,-0.105068825,-0.047036625,JERKING,10778cb0282b
1777356538262,16380456976959,2.27928,4.1276035,9.588778,0.008552114,0.017715093,0.04520403,JERKING,10778cb0282b
1777356538271,16380465001964,3.1651347,3.679888,9.244013,0.05375614,0.15149458,0.0983493,JERKING,10778cb0282b
1777356538278,16380472996662,1.8579005,4.1659107,10.014946,-0.01160644,0.077579886,-0.014049901,JERKING,10778cb0282b
1777356538286,16380480993360,0.8834604,4.9200845,10.606314,-0.055588737,-0.008552114,-0.07452556,JERKING,10778cb0282b
1777356538294,16380488989365,1.4628572,4.927267,10.307038,0.015271631,0.009773844,0.008552114,JERKING,10778cb0282b
1777356538302,16380496984679,1.9656396,4.4316673,9.76116,0.026267206,-0.050701816,0.026267206,JERKING,10778cb0282b
1777356538310,16380504981991,2.0614076,3.7684734,9.294291,6.1086525E-4,-0.116675265,0.015271631,JERKING,10778cb0282b
1777356538318,16380512976074,2.054225,3.1890767,8.796297,-0.002443461,-0.10995574,0.007330383,JERKING,10778cb0282b
1777356538327,16380521001310,2.0087352,2.753332,8.283937,0.008552114,-0.07696902,0.0030543262,JERKING,10778cb0282b
1777356538334,16380528996162,1.8890251,2.6671407,7.9463553,0.022602014,-0.053145275,-0.0012217305,JERKING,10778cb0282b
1777356538342,16380536992398,1.8267759,2.9017725,7.843405,0.025045475,-0.036651913,0.002443461,JERKING,10778cb0282b
1777356538350,16380544989095,2.0685902,3.3063924,8.111555,0.018325957,-0.007330383,0.017104227,JERKING,10778cb0282b
1777356538358,16380552984486,2.3439236,3.526659,8.511387,0.007941248,0.03726278,0.029321533,JERKING,10778cb0282b
1777356538366,16380560980799,2.3391352,3.620033,9.050082,-0.01038471,0.084910266,0.018325957,JERKING,10778cb0282b
1777356538374,16380568974882,2.087744,3.6296098,9.406818,-0.035430185,0.10995574,-0.0036651916,JERKING,10778cb0282b
1777356538383,16380577000194,1.8435353,3.5362358,9.603143,-0.043982297,0.1020145,-0.007330383,JERKING,10778cb0282b
1777356538390,16380584997738,1.70946,3.371036,9.610326,-0.04153884,0.069027774,-0.004886922,JERKING,10778cb0282b
1777356538398,16380592993975,1.6017209,3.1842883,9.440337,-0.02687807,0.02565634,-0.0018325958,JERKING,10778cb0282b
1777356538406,16380600986980,1.6328455,3.0382419,9.220071,-0.0061086523,-0.018325957,0.004276057,JERKING,10778cb0282b
1777356538414,16380608982678,1.7645266,3.0430303,9.105149,0.004886922,-0.03970624,0.009773844,JERKING,10778cb0282b
1777356538422,16380616978914,1.9536686,3.1555579,9.083601,0.01282817,-0.040927973,0.014049901,JERKING,10778cb0282b
1777356538430,16380624975842,2.0925324,3.2561142,9.076419,0.016493361,-0.026267206,0.01282817,JERKING,10778cb0282b
1777356538438,16380632999848,2.111686,3.3734303,9.066842,0.015882496,-0.012217305,0.009162978,JERKING,10778cb0282b
1777356538446,16380640997391,2.0614076,3.4524388,9.050082,0.01160644,0.0,0.0,JERKING,10778cb0282b
1777356538454,16380648994397,1.9656396,3.5075054,9.009381,0.010995574,0.0061086523,-0.004276057,JERKING,10778cb0282b
1777356538462,16380656987248,1.9129672,3.550601,8.944737,0.007941248,0.005497787,-0.0067195175,JERKING,10778cb0282b
1777356538470,16380664984484,1.8818425,3.5194764,8.947132,0.004886922,0.0012217305,-0.004886922,JERKING,10778cb0282b
1777356538478,16380672978336,1.9416976,3.466804,8.913613,6.1086525E-4,0.0012217305,0.0012217305,JERKING,10778cb0282b
1777356538486,16380680977111,1.9393034,3.430891,8.911219,-0.0018325958,-0.0030543262,0.0030543262,JERKING,10778cb0282b
1777356538495,16380689001732,1.982399,3.4045548,8.935161,-0.004886922,-0.002443461,0.0018325958,JERKING,10778cb0282b
1777356538502,16380696995968,2.0015526,3.394978,9.01417,-0.0061086523,6.1086525E-4,0.002443461,JERKING,10778cb0282b
1777356538510,16380704994357,2.018312,3.3758245,9.153033,-0.009162978,0.004886922,-6.1086525E-4,JERKING,10778cb0282b
1777356538518,16380712988517,1.958457,3.3662477,9.208099,-0.007330383,0.014049901,-0.0036651916,JERKING,10778cb0282b
1777356538526,16380720984215,1.9057846,3.359065,9.239224,-0.004276057,0.017715093,-0.0036651916,JERKING,10778cb0282b
1777356538534,16380728980605,1.8315643,3.371036,9.227253,6.1086525E-4,0.010995574,-0.004276057,JERKING,10778cb0282b
1777356538542,16380736974072,1.8315643,3.4117374,9.205706,0.0067195175,0.004886922,0.0012217305,JERKING,10778cb0282b
1777356538551,16380745000231,1.8794483,3.4572272,9.179369,0.01282817,-0.005497787,0.0018325958,JERKING,10778cb0282b
1777356538558,16380752995391,1.9297266,3.4739866,9.109938,0.012217305,-0.010995574,0.0036651916,JERKING,10778cb0282b
1777356538566,16380760992626,1.9871874,3.4763808,9.076419,0.008552114,-0.01160644,0.004886922,JERKING,10778cb0282b
1777356538574,16380768987402,1.9919758,3.4811692,9.035717,0.0061086523,-0.009773844,0.004276057,JERKING,10778cb0282b
1777356538582,16380776983945,1.9991584,3.442862,9.006987,0.0030543262,-0.002443461,0.0018325958,JERKING,10778cb0282b
1777356538590,16380784979950,1.9536686,3.4500446,8.983045,0.0,0.004886922,0.0,JERKING,10778cb0282b
1777356538599,16380793003725,1.9081788,3.4524388,8.995016,-6.1086525E-4,0.01038471,-6.1086525E-4,JERKING,10778cb0282b
1777356538606,16380800999653,1.9129672,3.4476504,9.011775,0.0,0.007941248,0.0,JERKING,10778cb0282b
1777356538614,16380808995659,1.9033904,3.466804,9.057265,-0.002443461,0.004276057,0.002443461,JERKING,10778cb0282b
1777356538622,16380816994126,1.8986019,3.4572272,9.129091,-0.0036651916,0.004276057,0.0018325958,JERKING,10778cb0282b
1777356538630,16380824989593,1.910573,3.41892,9.143456,-0.0061086523,0.0030543262,0.0036651916,JERKING,10778cb0282b
1777356538638,16380832983983,1.8938135,3.3877954,9.186552,-0.0061086523,0.0012217305,0.0030543262,JERKING,10778cb0282b
1777356538646,16380840977527,1.9057846,3.3806129,9.208099,-0.0030543262,-0.0012217305,0.0012217305,JERKING,10778cb0282b
1777356538654,16380848973533,1.9297266,3.3566709,9.167398,0.0018325958,-0.004276057,0.002443461,JERKING,10778cb0282b
1777356538663,16380857000692,1.9321208,3.3662477,9.126697,0.004886922,-0.002443461,0.0012217305,JERKING,10778cb0282b
1777356538670,16380864994774,1.9081788,3.3638535,9.076419,0.005497787,-0.0036651916,0.0018325958,JERKING,10778cb0282b
1777356538678,16380872993241,1.9273324,3.3901896,9.069236,0.0061086523,-0.0018325958,0.0,JERKING,10778cb0282b
1777356538686,16380880988631,1.9321208,3.4045548,9.038112,0.007330383,-0.0018325958,0.0018325958,JERKING,10778cb0282b
1777356538694,16380888982560,1.934515,3.4524388,9.02614,0.007330383,-0.0030543262,0.0,JERKING,10778cb0282b
1777356538702,16380896977949,1.9249382,3.4811692,9.02614,0.005497787,-0.0030543262,-6.1086525E-4,JERKING,10778cb0282b
1777356538711,16380905006570,1.9177556,3.4979286,9.006987,0.004886922,-0.0012217305,0.0,JERKING,10778cb0282b
1777356538719,16380913000730,1.9273324,3.514688,9.052477,-6.1086525E-4,-0.0018325958,0.0012217305,JERKING,10778cb0282b
1777356538726,16380920994889,1.9153614,3.5098996,9.093178,-0.0030543262,-0.0012217305,-0.0012217305,JERKING,10778cb0282b
1777356538734,16380928990587,1.9129672,3.4883518,9.102755,-0.0012217305,-6.1086525E-4,-0.0018325958,JERKING,10778cb0282b
1777356538742,16380936986207,1.9129672,3.4859576,9.090784,-6.1086525E-4,-6.1086525E-4,0.0012217305,JERKING,10778cb0282b
1777356538750,16380944981905,1.9129672,3.5075054,9.085996,-0.0012217305,-0.0018325958,0.0,JERKING,10778cb0282b
1777356538758,16380952977911,1.9153614,3.4715924,9.093178,-0.002443461,0.0,6.1086525E-4,JERKING,10778cb0282b
1777356538766,16380960972762,1.9416976,3.466804,9.13388,-0.005497787,-0.002443461,0.0012217305,JERKING,10778cb0282b
1777356538774,16380968999768,1.9393034,3.4835634,9.102755,-0.002443461,-0.004276057,0.0030543262,JERKING,10778cb0282b
1777356538782,16380976994619,1.9488802,3.490746,9.095572,-0.0012217305,-0.008552114,0.002443461,JERKING,10778cb0282b
1777356538790,16380984991778,1.9752164,3.4835634,9.0476885,-0.0012217305,-0.007941248,0.0030543262,JERKING,10778cb0282b
1777356538798,16380992988476,1.9752164,3.4691982,9.028535,-0.004276057,-0.0061086523,0.002443461,JERKING,10778cb0282b
1777356538806,16381000984404,1.99437,3.4404678,9.002198,-0.005497787,-0.0061086523,0.0030543262,JERKING,10778cb0282b
1777356538814,16381008977333,1.9895816,3.4380736,8.985439,-0.0036651916,-0.0036651916,0.002443461,JERKING,10778cb0282b
1777356538823,16381017005031,1.9728222,3.430891,8.959103,-0.004886922,0.0012217305,0.002443461,JERKING,10778cb0282b
1777356538830,16381024998960,1.946486,3.454833,8.968679,-0.007941248,0.0036651916,0.0,JERKING,10778cb0282b
1777356538838,16381032996119,1.9321208,3.4380736,9.059659,-0.010995574,0.0036651916,0.0012217305,JERKING,10778cb0282b
1777356538846,16381040991278,1.9536686,3.430891,9.093178,-0.013439035,0.0036651916,-6.1086525E-4,JERKING,10778cb0282b
1777356538854,16381048986284,1.934515,3.4045548,9.124303,-0.013439035,0.0012217305,0.002443461,JERKING,10778cb0282b
1777356538862,16381056982981,1.9416976,3.3614593,9.126697,-0.01038471,-0.0012217305,6.1086525E-4,JERKING,10778cb0282b
1777356538870,16381064977141,1.9416976,3.3566709,9.109938,-0.007941248,-0.0012217305,-6.1086525E-4,JERKING,10778cb0282b
1777356538879,16381073002607,1.946486,3.3494883,9.059659,-0.0030543262,-0.0018325958,0.0,JERKING,10778cb0282b
1777356538886,16381080999843,1.9608512,3.311181,9.004593,0.0018325958,-0.0018325958,0.0012217305,JERKING,10778cb0282b
1777356538894,16381088996157,1.9608512,3.2273839,8.90643,0.0061086523,-0.0036651916,-0.0018325958,JERKING,10778cb0282b
1777356538902,16381096990623,1.946486,3.1028855,8.765172,0.01160644,-0.004276057,-0.004886922,JERKING,10778cb0282b
1777356538910,16381104988168,1.8794483,2.9831753,8.671799,0.01282817,-0.004886922,-0.010995574,JERKING,10778cb0282b
1777356538918,16381112980788,1.8674773,2.89459,8.635885,0.010995574,-0.004886922,-0.016493361,JERKING,10778cb0282b
1777356538926,16381120979639,1.7836803,2.882619,8.695741,0.0067195175,-0.015271631,-0.02443461,JERKING,10778cb0282b
1777356538935,16381129003261,1.7788919,2.9472623,8.829816,-0.004276057,-0.03176499,-0.027488936,JERKING,10778cb0282b
1777356538943,16381137000189,1.4628572,3.5075054,9.241618,-0.049480084,-0.10751228,-0.014049901,JERKING,10778cb0282b
1777356538950,16381144995657,2.3463178,3.394978,8.535329,-6.1086525E-4,0.010995574,0.06352998,JERKING,10778cb0282b
1777356538958,16381152991969,3.2561142,2.942474,8.214506,0.050701816,0.20097467,0.115453534,JERKING,10778cb0282b
1777356538966,16381160987897,2.2960393,3.4261026,9.105149,-0.021380283,0.14844026,-0.02687807,JERKING,10778cb0282b
1777356538974,16381168981519,1.2378023,4.3119574,10.390836,-0.055588737,0.08979719,-0.10934488,JERKING,10778cb0282b
1777356538982,16381176976908,1.1779473,4.900931,11.104307,-0.030543262,0.056199603,-0.08857546,JERKING,10778cb0282b
1777356538991,16381185004530,1.6112977,4.8817773,11.034876,0.017715093,0.0067195175,-0.021380283,JERKING,10778cb0282b
1777356538998,16381192997766,1.910573,4.3263226,10.405201,0.015271631,-0.06047566,0.01038471,JERKING,10778cb0282b
1777356539006,16381200995924,1.9608512,3.6176388,9.509769,-0.002443461,-0.09590584,0.014660766,JERKING,10778cb0282b
1777356539014,16381208990777,1.8267759,3.1244333,8.963891,-0.004886922,-0.07086037,0.012217305,JERKING,10778cb0282b
1777356539022,16381216987320,1.8650831,2.8179753,8.619126,0.005497787,-0.037873644,0.02321288,JERKING,10778cb0282b
1777356539030,16381224982403,2.030283,2.755726,8.408437,0.028099801,-0.045814894,0.03970624,JERKING,10778cb0282b
1777356539038,16381232976562,2.1547816,2.920926,8.355764,0.037873644,-0.06352998,0.029932396,JERKING,10778cb0282b
1777356539047,16381241001875,2.2242134,3.2130187,8.396465,0.034208454,-0.06047566,0.013439035,JERKING,10778cb0282b
1777356539054,16381248998188,2.1691468,3.4261026,8.561666,0.019547688,-0.032375857,-0.0036651916,JERKING,10778cb0282b
1777356539062,16381256996655,2.0254946,3.5745432,8.798691,6.1086525E-4,0.0061086523,-0.013439035,JERKING,10778cb0282b
1777356539070,16381264990815,1.934515,3.58412,9.040505,-0.017715093,0.039095376,-0.014660766,JERKING,10778cb0282b
1777356539078,16381272984666,1.8243817,3.5529952,9.208099,-0.02076942,0.03176499,-0.016493361,JERKING,10778cb0282b
1777356539086,16381280981902,1.7621324,3.5482068,9.176975,-0.015271631,0.0061086523,-0.017715093,JERKING,10778cb0282b
1777356539094,16381288977831,1.7669208,3.41892,9.057265,-0.004276057,-0.008552114,-0.016493361,JERKING,10778cb0282b
1777356539103,16381297003759,1.8028339,3.3614593,9.0476885,-0.0061086523,-0.03176499,-0.008552114,JERKING,10778cb0282b
1777356539110,16381304999765,1.8579005,3.4093432,9.112331,-0.01160644,-0.027488936,0.0061086523,JERKING,10778cb0282b
1777356539118,16381312993001,2.1212628,3.2968156,9.119514,-0.0030543262,0.014660766,0.025045475,JERKING,10778cb0282b
1777356539126,16381320991775,2.0374656,3.3255463,9.234436,-0.004276057,0.036651913,0.014660766,JERKING,10778cb0282b
1777356539134,16381328985550,1.8291701,3.3303347,9.294291,-0.0036651916,0.02321288,0.0018325958,JERKING,10778cb0282b
1777356539142,16381336983478,1.8794483,3.3662477,9.267955,0.005497787,0.004886922,0.0012217305,JERKING,10778cb0282b
1777356539150,16381344976946,1.934515,3.4404678,9.220071,0.010995574,-0.008552114,0.0,JERKING,10778cb0282b
1777356539159,16381353003720,1.9177556,3.4811692,9.093178,0.015882496,-0.018936822,-0.0018325958,JERKING,10778cb0282b
1777356539166,16381360999187,1.8914193,3.5338416,8.944737,0.016493361,-0.014660766,-6.1086525E-4,JERKING,10778cb0282b
1777356539174,16381368993654,1.8674773,3.53863,8.839393,0.01160644,-0.0036651916,6.1086525E-4,JERKING,10778cb0282b
1777356539182,16381376989275,1.8866309,3.5314474,8.803479,0.0036651916,-0.0018325958,0.002443461,JERKING,10778cb0282b
1777356539190,16381384987127,1.9129672,3.490746,8.875306,-0.002443461,0.0012217305,0.0036651916,JERKING,10778cb0282b
1777356539198,16381392981286,1.9800048,3.4835634,8.966286,-0.007941248,-0.0018325958,0.0036651916,JERKING,10778cb0282b
1777356539206,16381400977675,1.9967642,3.430891,9.050082,-0.010995574,0.0018325958,0.0012217305,JERKING,10778cb0282b
1777356539215,16381409001681,1.9847932,3.3973722,9.081207,-0.010995574,0.008552114,-0.0018325958,JERKING,10778cb0282b
1777356539222,16381416997609,1.9656396,3.3758245,9.13388,-0.01160644,0.010995574,-0.0012217305,JERKING,10778cb0282b
1777356539230,16381424993077,1.946486,3.3446999,9.19134,-0.01160644,0.01038471,-0.0012217305,JERKING,10778cb0282b
1777356539238,16381432989313,1.9153614,3.3542767,9.224859,-0.005497787,0.007330383,0.0,JERKING,10778cb0282b
1777356539246,16381440984702,1.9033904,3.3662477,9.198523,6.1086525E-4,0.0061086523,6.1086525E-4,JERKING,10778cb0282b
1777356539254,16381448980093,1.8914193,3.3925838,9.16261,0.0061086523,0.0,6.1086525E-4,JERKING,10778cb0282b
1777356539262,16381456975252,1.8914193,3.41892,9.093178,0.007941248,-0.0030543262,0.0,JERKING,10778cb0282b
1777356539271,16381465002258,1.8986019,3.4117374,9.016563,0.007941248,-0.0036651916,0.0012217305,JERKING,10778cb0282b
1777356539278,16381472997340,1.9321208,3.4644098,9.018958,0.007330383,-0.004276057,0.0036651916,JERKING,10778cb0282b
1777356539286,16381480994345,1.9656396,3.4572272,9.0429,0.0030543262,-0.002443461,0.004276057,JERKING,10778cb0282b
1777356539294,16381488988120,1.9967642,3.4739866,9.057265,0.0012217305,-0.0012217305,0.0030543262,JERKING,10778cb0282b
1777356539302,16381496985048,2.0039468,3.454833,9.059659,0.0,0.0018325958,0.002443461,JERKING,10778cb0282b
1777356539310,16381504979516,1.9871874,3.430891,9.054871,0.0,0.0012217305,0.002443461,JERKING,10778cb0282b
1777356539318,16381512974675,1.9536686,3.4141316,9.040505,-0.0018325958,0.0067195175,-0.0012217305,JERKING,10778cb0282b
1777356539327,16381521002372,1.9201498,3.394978,9.0429,-0.005497787,0.009162978,0.0,JERKING,10778cb0282b
1777356539334,16381528998378,1.934515,3.3925838,9.114726,-0.007941248,0.007330383,-6.1086525E-4,JERKING,10778cb0282b
1777356539342,16381536994614,1.9632454,3.4021606,9.172187,-0.004886922,0.0036651916,0.0030543262,JERKING,10778cb0282b
1777356539350,16381544988466,1.958457,3.394978,9.210494,-0.0030543262,0.0030543262,0.0012217305,JERKING,10778cb0282b
1777356539358,16381552985394,1.9440918,3.3758245,9.23683,-0.0018325958,0.002443461,0.002443461,JERKING,10778cb0282b
1777356539366,16381560980168,1.9249382,3.3877954,9.208099,0.002443461,0.004886922,0.0012217305,JERKING,10778cb0282b
1777356539374,16381568975251,1.9057846,3.3973722,9.119514,0.007941248,0.0012217305,0.0018325958,JERKING,10778cb0282b
1777356539383,16381577000872,1.922544,3.4045548,9.030929,0.01160644,-0.008552114,0.0012217305,JERKING,10778cb0282b
1777356539390,16381584998031,1.9512744,3.442862,8.983045,0.008552114,-0.0067195175,0.0036651916,JERKING,10778cb0282b
1777356539398,16381592995267,1.9728222,3.4596214,8.992621,0.005497787,-0.0030543262,0.0030543262,JERKING,10778cb0282b
1777356539406,16381600989812,1.9680338,3.4332852,8.978256,0.0018325958,-6.1086525E-4,0.0,JERKING,10778cb0282b
1777356539414,16381608985432,1.958457,3.4380736,9.011775,-6.1086525E-4,0.0030543262,0.0,JERKING,10778cb0282b
1777356539422,16381616980283,1.9440918,3.442862,9.054871,-0.0018325958,0.004886922,-0.0012217305,JERKING,10778cb0282b
1777356539430,16381624977520,1.9201498,3.4332852,9.090784,-0.004276057,0.0036651916,6.1086525E-4,JERKING,10778cb0282b
1777356539439,16381633002448,1.9201498,3.4356794,9.085996,-0.0012217305,0.004276057,6.1086525E-4,JERKING,10778cb0282b
1777356539446,16381640999608,1.9129672,3.4284968,9.085996,-6.1086525E-4,0.0036651916,-6.1086525E-4,JERKING,10778cb0282b
1777356539454,16381648991921,1.8579005,3.4117374,9.095572,6.1086525E-4,0.004886922,-0.0018325958,JERKING,10778cb0282b
1777356539462,16381656988234,1.8770541,3.4284968,9.090784,0.0012217305,0.0018325958,-6.1086525E-4,JERKING,10778cb0282b
1777356539470,16381664985163,1.8794483,3.4261026,9.074024,0.002443461,0.0018325958,0.0018325958,JERKING,10778cb0282b
1777356539478,16381672981168,1.8698715,3.442862,9.052477,0.0036651916,-6.1086525E-4,0.0,JERKING,10778cb0282b
1777356539487,16381681007020,1.8770541,3.4452562,9.038112,0.002443461,-0.002443461,6.1086525E-4,JERKING,10778cb0282b
1777356539495,16381689002409,1.9081788,3.4620156,9.066842,0.0012217305,-0.002443461,0.0012217305,JERKING,10778cb0282b
1777356539502,16381696996338,1.922544,3.4572272,9.095572,-6.1086525E-4,-0.002443461,0.0030543262,JERKING,10778cb0282b
1777356539510,16381704992574,1.9536686,3.454833,9.107543,0.0,-0.0030543262,0.0012217305,JERKING,10778cb0282b
1777356539518,16381712988579,1.9536686,3.4620156,9.105149,-6.1086525E-4,-0.002443461,0.0012217305,JERKING,10778cb0282b
1777356539526,16381720984662,1.934515,3.454833,9.076419,6.1086525E-4,0.0,0.0,JERKING,10778cb0282b
1777356539534,16381728979360,1.9129672,3.4620156,9.033323,0.0018325958,-6.1086525E-4,6.1086525E-4,JERKING,10778cb0282b
1777356539542,16381736976057,1.9009962,3.4620156,9.035717,0.0012217305,0.0012217305,-0.0012217305,JERKING,10778cb0282b
1777356539551,16381745003371,1.910573,3.4452562,9.0429,-0.0012217305,0.0,0.0012217305,JERKING,10778cb0282b
1777356539558,16381752995991,1.9369092,3.4452562,9.090784,-0.0030543262,-6.1086525E-4,0.0012217305,JERKING,10778cb0282b
1777356539566,16381760991997,1.9321208,3.4213142,9.083601,-0.002443461,-0.004276057,0.0012217305,JERKING,10778cb0282b
1777356539574,16381768988079,1.934515,3.4356794,9.0716305,-0.0018325958,-0.004886922,0.002443461,JERKING,10778cb0282b
1777356539582,16381776983161,1.9369092,3.4572272,9.100361,-0.004276057,-0.004276057,0.0012217305,JERKING,10778cb0282b
1777356539590,16381784979398,1.9656396,3.4452562,9.105149,-0.004276057,-0.0018325958,0.0012217305,JERKING,10778cb0282b
1777356539598,16381792974172,1.9632454,3.4213142,9.109938,-0.004276057,-0.0012217305,-6.1086525E-4,JERKING,10778cb0282b
1777356539607,16381801002178,1.9728222,3.4356794,9.045294,-0.002443461,-0.002443461,0.002443461,JERKING,10778cb0282b
1777356539614,16381808996721,1.9393034,3.4261026,9.038112,0.0012217305,-0.0012217305,6.1086525E-4,JERKING,10778cb0282b
1777356539622,16381816991803,1.9416976,3.3973722,8.992621,0.0,-0.0018325958,6.1086525E-4,JERKING,10778cb0282b
1777356539630,16381824990271,1.9249382,3.3782187,8.995016,6.1086525E-4,-0.002443461,0.0018325958,JERKING,10778cb0282b
1777356539638,16381832982276,1.9416976,3.394978,8.971074,6.1086525E-4,-0.002443461,0.0,JERKING,10778cb0282b
1777356539646,16381840979820,1.922544,3.4045548,8.956709,0.0018325958,6.1086525E-4,0.0,JERKING,10778cb0282b
1777356539654,16381848974287,1.9321208,3.4524388,8.987833,0.0,6.1086525E-4,-0.002443461,JERKING,10778cb0282b
1777356539663,16381857001984,1.9273324,3.4404678,9.050082,-0.0030543262,-6.1086525E-4,-0.002443461,JERKING,10778cb0282b
1777356539670,16381864995529,1.9680338,3.3614593,9.066842,-0.0036651916,-6.1086525E-4,-0.002443461,JERKING,10778cb0282b
1777356539678,16381872990918,1.9536686,3.3039982,9.081207,-0.004276057,-0.0030543262,-0.004276057,JERKING,10778cb0282b
1777356539686,16381880988771,1.9608512,3.217807,9.040505,-0.0018325958,-0.0036651916,-0.0067195175,JERKING,10778cb0282b
1777356539694,16381888983776,1.9177556,3.1507695,8.983045,0.002443461,-0.004276057,-0.007941248,JERKING,10778cb0282b
1777356539702,16381896978319,1.8818425,3.0789435,8.918402,0.004886922,-0.0067195175,-0.008552114,JERKING,10778cb0282b
1777356539710,16381904974325,1.8626889,3.064578,8.901642,0.007330383,-0.014049901,-0.012217305,JERKING,10778cb0282b
1777356539719,16381913000099,1.8794483,3.0214825,8.884883,0.0067195175,-0.021380283,-0.012217305,JERKING,10778cb0282b
1777356539726,16381920996798,1.934515,3.071761,8.9519205,0.0018325958,-0.03604105,-0.01282817,JERKING,10778cb0282b
1777356539734,16381928992803,1.9273324,3.157952,9.02614,0.0,-0.042760566,-0.016493361,JERKING,10778cb0282b
1777356539742,16381936986654,1.9440918,3.3782187,9.16261,-6.1086525E-4,-0.043982297,-0.015271631,JERKING,10778cb0282b
1777356539750,16381944984122,2.0159178,3.6966474,9.315839,0.0,-0.032375857,-0.009162978,JERKING,10778cb0282b
1777356539758,16381952978280,2.0733786,4.086902,9.49301,0.0030543262,-0.016493361,-0.004886922,JERKING,10778cb0282b
1777356539767,16381961004440,2.0374656,4.3358994,9.677363,0.0012217305,0.0030543262,-0.0030543262,JERKING,10778cb0282b
1777356539775,16381969000214,1.9057846,4.4101195,9.821015,-0.0061086523,0.0067195175,-0.0030543262,JERKING,10778cb0282b
1777356539782,16381976995527,1.8315643,4.2640734,9.725247,-0.009162978,0.015271631,-6.1086525E-4,JERKING,10778cb0282b
1777356539790,16381984992533,1.7956513,3.9336734,9.437943,-0.004886922,0.031154128,0.004886922,JERKING,10778cb0282b
1777356539798,16381992986000,1.685518,3.6343982,9.193734,-0.009162978,0.007330383,0.0012217305,JERKING,10778cb0282b
1777356539806,16382000983929,1.7166426,3.335123,9.002198,-0.0067195175,-0.0067195175,0.014049901,JERKING,10778cb0282b
1777356539814,16382008979549,1.8866309,3.040636,8.772355,0.0018325958,-0.0067195175,0.025045475,JERKING,10778cb0282b
1777356539823,16382017004170,1.9800048,2.9783869,8.6334915,0.005497787,-0.0067195175,0.025045475,JERKING,10778cb0282b
1777356539830,16382024999253,2.0590134,3.0933087,8.604761,0.010995574,-0.008552114,0.020158553,JERKING,10778cb0282b
1777356539838,16382032995335,2.1068976,3.2609026,8.65025,0.012217305,-0.0012217305,0.01160644,JERKING,10778cb0282b
1777356539846,16382040992571,2.1619642,3.406949,8.7532015,0.007941248,0.010995574,0.0061086523,JERKING,10778cb0282b
1777356539854,16382048986115,2.1428106,3.490746,8.916007,-6.1086525E-4,0.023823744,0.0036651916,JERKING,10778cb0282b
1777356539862,16382056982735,2.0614076,3.4859576,9.045294,-0.009773844,0.035430185,-0.0012217305,JERKING,10778cb0282b
1777356539870,16382064977741,1.9249382,3.41892,9.097966,-0.017104227,0.03848451,-0.004276057,JERKING,10778cb0282b
1777356539878,16382072972900,1.7884687,3.3375173,9.124303,-0.020158553,0.03176499,-0.0036651916,JERKING,10778cb0282b
1777356539886,16382080999291,1.70946,3.2585084,9.16261,-0.016493361,0.02321288,0.0,JERKING,10778cb0282b
1777356539894,16382088996834,1.7262194,3.2034419,9.181764,-0.010995574,0.010995574,0.0018325958,JERKING,10778cb0282b
1777356539902,16382096991071,1.7980455,3.2010477,9.200917,-0.0036651916,0.0,0.0061086523,JERKING,10778cb0282b
1777356539910,16382104989461,1.8842367,3.2561142,9.19134,0.004886922,-0.016493361,0.0067195175,JERKING,10778cb0282b
1777356539918,16382112982158,1.958457,3.3446999,9.155427,0.010995574,-0.017715093,0.004276057,JERKING,10778cb0282b
1777356539926,16382120979010,2.018312,3.3686419,9.097966,0.01282817,-0.015271631,0.002443461,JERKING,10778cb0282b
1777356539935,16382129003707,2.018312,3.4452562,9.057265,0.012217305,-0.008552114,6.1086525E-4,JERKING,10778cb0282b
1777356539943,16382137000637,1.9895816,3.4691982,8.9998045,0.01160644,-0.002443461,-0.0012217305,JERKING,10778cb0282b
1777356539950,16382144997872,1.9512744,3.4931402,9.002198,0.007941248,0.0012217305,-0.002443461,JERKING,10778cb0282b
1777356539958,16382152990416,1.922544,3.502717,8.980651,0.007941248,0.0012217305,-0.0018325958,JERKING,10778cb0282b
1777356539966,16382160987037,1.934515,3.5122938,8.978256,0.0030543262,-0.0018325958,-0.0012217305,JERKING,10778cb0282b
1777356539974,16382168981581,1.9321208,3.502717,9.006987,-6.1086525E-4,-0.0012217305,0.0,JERKING,10778cb0282b
1777356539982,16382176977818,1.9632454,3.4572272,9.033323,-0.004276057,-6.1086525E-4,-6.1086525E-4,JERKING,10778cb0282b
1777356539991,16382185006207,1.9512744,3.4452562,9.088389,-0.0061086523,0.002443461,-0.0012217305,JERKING,10778cb0282b
1777356539999,16382193000597,1.958457,3.4404678,9.143456,-0.0067195175,0.004886922,-0.002443461,JERKING,10778cb0282b
1777356540006,16382200995987,1.9297266,3.406949,9.188946,-0.0067195175,0.0067195175,-0.0036651916,JERKING,10778cb0282b
1777356540014,16382208990531,1.922544,3.4356794,9.220071,-0.0018325958,0.007941248,-0.0012217305,JERKING,10778cb0282b
1777356540022,16382216987075,1.8986019,3.4261026,9.203311,0.0036651916,0.0018325958,-6.1086525E-4,JERKING,10778cb0282b
1777356540030,16382224981927,1.9081788,3.4452562,9.138668,0.0067195175,-0.002443461,0.002443461,JERKING,10778cb0282b
1777356540038,16382232979701,1.9249382,3.4620156,9.085996,0.007941248,-0.004276057,0.002443461,JERKING,10778cb0282b
1777356540047,16382241006245,1.9393034,3.4620156,9.069236,0.005497787,-0.004886922,0.002443461,JERKING,10778cb0282b
1777356540054,16382248999096,1.9800048,3.4811692,9.0476885,0.0030543262,-0.004276057,0.0018325958,JERKING,10778cb0282b
1777356540062,16382256995410,1.99437,3.466804,9.0429,0.0018325958,0.0,0.002443461,JERKING,10778cb0282b
1777356540070,16382264990184,1.9728222,3.4691982,9.069236,0.0,0.002443461,0.0018325958,JERKING,10778cb0282b
1777356540078,16382272985266,1.970428,3.442862,9.062054,-0.0018325958,0.004276057,0.0018325958,JERKING,10778cb0282b
1777356540086,16382280981888,1.9536686,3.430891,9.057265,-0.0030543262,0.0061086523,0.0,JERKING,10778cb0282b
1777356540094,16382288977277,1.9369092,3.4261026,9.057265,-0.0018325958,0.004276057,6.1086525E-4,JERKING,10778cb0282b
1777356540103,16382297004130,1.9081788,3.3997664,9.040505,-0.0018325958,0.004886922,0.0,JERKING,10778cb0282b
1777356540110,16382304999212,1.8962077,3.406949,9.038112,-0.002443461,0.004886922,0.0012217305,JERKING,10778cb0282b
1777356540118,16382312995217,1.8890251,3.4021606,9.083601,-0.0030543262,0.007330383,0.0012217305,JERKING,10778cb0282b
1777356540126,16382320990223,1.8938135,3.4021606,9.105149,-0.0018325958,0.0061086523,0.0012217305,JERKING,10778cb0282b
1777356540134,16382328985920,1.9129672,3.3997664,9.109938,0.0,0.0030543262,0.0018325958,JERKING,10778cb0282b
1777356540142,16382336984464,1.9129672,3.394978,9.136273,0.0,6.1086525E-4,0.004276057,JERKING,10778cb0282b
1777356540150,16382344976469,1.9512744,3.3806129,9.148245,0.0,0.0012217305,0.0018325958,JERKING,10778cb0282b
1777356540159,16382353002551,1.946486,3.3734303,9.131485,6.1086525E-4,6.1086525E-4,0.0012217305,JERKING,10778cb0282b
1777356540166,16382360998634,1.9416976,3.394978,9.0716305,0.004886922,0.0012217305,0.0018325958,JERKING,10778cb0282b
1777356540174,16382368994947,1.9512744,3.394978,9.009381,0.0061086523,6.1086525E-4,6.1086525E-4,JERKING,10778cb0282b
1777356540182,16382376989107,1.946486,3.4045548,9.045294,0.002443461,6.1086525E-4,6.1086525E-4,JERKING,10778cb0282b
1777356540190,16382384986266,1.958457,3.4045548,9.097966,-0.0018325958,0.0030543262,0.0018325958,JERKING,10778cb0282b
1777356540198,16382392981117,1.9177556,3.4093432,9.126697,-0.0018325958,0.004886922,0.0,JERKING,10778cb0282b
1777356540206,16382400976815,1.9153614,3.4284968,9.11712,0.0030543262,0.004276057,6.1086525E-4,JERKING,10778cb0282b
1777356540215,16382409002359,1.8866309,3.454833,9.11712,0.0030543262,0.0018325958,-6.1086525E-4,JERKING,10778cb0282b
1777356540222,16382416998288,1.8818425,3.490746,9.148245,0.0018325958,0.0,0.0018325958,JERKING,10778cb0282b
1777356540230,16382424996139,1.8818425,3.490746,9.150639,0.0018325958,0.0,-0.0012217305,JERKING,10778cb0282b
1777356540238,16382432989990,1.8842367,3.4811692,9.090784,0.0067195175,-0.002443461,-6.1086525E-4,JERKING,10778cb0282b
1777356540246,16382440985150,1.8770541,3.4979286,9.0237465,0.007330383,-0.0030543262,0.0,JERKING,10778cb0282b
1777356540254,16382448981770,1.9129672,3.490746,8.971074,0.004886922,-0.0061086523,6.1086525E-4,JERKING,10778cb0282b
1777356540262,16382456976853,1.9273324,3.4644098,8.987833,6.1086525E-4,-0.0067195175,0.002443461,JERKING,10778cb0282b
1777356540271,16382465003551,1.9536686,3.41892,9.016563,-0.0012217305,-0.004886922,0.0012217305,JERKING,10778cb0282b
1777356540278,16382472998017,1.9512744,3.4332852,8.987833,-0.0012217305,-0.0012217305,-6.1086525E-4,JERKING,10778cb0282b
1777356540286,16382480993177,1.9393034,3.4691982,9.011775,-0.0018325958,-6.1086525E-4,6.1086525E-4,JERKING,10778cb0282b
1777356540294,16382488990644,1.9560628,3.5075054,9.102755,-0.0036651916,0.0012217305,0.0018325958,JERKING,10778cb0282b
1777356540302,16382496984573,1.970428,3.5242648,9.136273,-0.004886922,0.0018325958,6.1086525E-4,JERKING,10778cb0282b
1777356540310,16382504980809,1.9919758,3.5051112,9.186552,-0.007330383,0.0018325958,0.0012217305,JERKING,10778cb0282b
1777356540318,16382512977121,1.9297266,3.4931402,9.205706,-0.007941248,0.0030543262,-0.0012217305,JERKING,10778cb0282b
1777356540327,16382521001743,1.9009962,3.4332852,9.153033,-0.0061086523,-6.1086525E-4,0.0,JERKING,10778cb0282b
1777356540334,16382528998055,1.8842367,3.3901896,9.069236,-0.0012217305,-0.002443461,0.0,JERKING,10778cb0282b
1777356540342,16382536994446,1.8746599,3.3638535,8.992621,6.1086525E-4,-0.005497787,0.0030543262,JERKING,10778cb0282b
1777356540350,16382544989143,1.8866309,3.3638535,8.968679,0.004276057,-0.0061086523,0.0030543262,JERKING,10778cb0282b
1777356540358,16382552985225,1.9297266,3.3806129,8.92319,0.004886922,-0.005497787,0.004276057,JERKING,10778cb0282b
1777356540366,16382560982154,1.9536686,3.3997664,8.884883,0.008552114,-0.004886922,0.0030543262,JERKING,10778cb0282b
1777356540374,16382568977467,1.958457,3.4332852,8.834604,0.009773844,-0.0030543262,6.1086525E-4,JERKING,10778cb0282b
1777356540382,16382576679626,1.934515,3.4691982,8.820239,0.009162978,0.0012217305,-0.0012217305,JERKING,10778cb0282b
1777356540390,16382584951887,1.8986019,3.4763808,8.860941,0.002443461,0.0067195175,-0.004886922,JERKING,10778cb0282b
1777356540398,16382592947580,1.9009962,3.4117374,8.9758625,-0.0061086523,0.007330383,-0.005497787,JERKING,10778cb0282b
1777356540406,16382600941967,1.9081788,3.2680852,9.018958,-0.007941248,0.0036651916,-0.0067195175,JERKING,10778cb0282b
1777356540414,16382608939507,1.9081788,3.1052797,9.016563,-0.008552114,-6.1086525E-4,-0.007941248,JERKING,10778cb0282b
1777356540422,16382616932815,1.9033904,2.9712043,8.956709,-0.002443461,-0.005497787,-0.01038471,JERKING,10778cb0282b
1777356540430,16382624929433,1.8626889,2.944868,8.954314,6.1086525E-4,-0.01160644,-0.017715093,JERKING,10778cb0282b
1777356540438,16382632968434,1.8722657,2.908955,8.920795,0.007941248,-0.016493361,-0.018936822,JERKING,10778cb0282b
1777356540446,16382640953358,1.8842367,2.918532,8.980651,0.0067195175,-0.032986723,-0.019547688,JERKING,10778cb0282b
1777356540454,16382648945744,1.9752164,2.870648,9.02614,0.004276057,-0.055588737,-0.026267206,JERKING,10778cb0282b
1777356540462,16382656942669,1.8890251,3.0095115,9.179369,-0.02443461,-0.12034045,-0.028099801,JERKING,10778cb0282b
1777356540470,16382664937670,1.8938135,4.1036615,9.512163,-0.055588737,-0.1600467,0.014660766,JERKING,10778cb0282b
1777356540478,16382672933364,3.1483753,3.8762126,8.7053175,0.036651913,0.057421334,0.14538592,JERKING,10778cb0282b
1777356540486,16382680928442,3.4141316,3.7205894,8.75799,0.057421334,0.2144137,0.14782938,JERKING,10778cb0282b
1777356540495,16382689198904,1.6687586,4.6830587,10.156203,-0.08368854,0.11789699,-0.0421497,JERKING,10778cb0282b
1777356540502,16382696949753,0.7781156,5.1810527,10.879252,-0.07574729,0.11362094,-0.08307768,JERKING,10778cb0282b
1777356540510,16382704948754,1.0271125,4.7788267,10.809821,-0.021991149,0.06719518,-0.044593163,JERKING,10778cb0282b
1777356540518,16382712943216,1.4341269,4.0677485,10.220847,-0.004886922,-0.070249505,-0.020158553,JERKING,10778cb0282b
1777356540526,16382720938910,1.70946,3.2752678,9.308656,-0.009162978,-0.18387043,-0.009162978,JERKING,10778cb0282b
1777356540534,16382728933988,1.9033904,2.7581203,8.540117,0.007941248,-0.19242255,-0.009773844,JERKING,10778cb0282b
1777356540542,16382736929682,2.0039468,2.4756045,8.027759,0.023823744,-0.16615535,-0.0067195175,JERKING,10778cb0282b
1777356540550,16382744984530,2.147599,2.633622,7.750031,0.03176499,-0.14477506,0.005497787,JERKING,10778cb0282b
1777356540558,16382752950992,2.4779987,3.1052797,7.8386164,0.034208454,-0.096516706,0.025045475,JERKING,10778cb0282b
1777356540566,16382760948763,2.7868507,3.5098996,8.169016,0.03359759,0.040317107,0.02565634,JERKING,10778cb0282b
1777356540574,16382768943534,2.6671407,3.6990416,8.700529,0.0067195175,0.13500121,0.004276057,JERKING,10778cb0282b
1777356540582,16382776938381,2.0709844,3.7660792,9.330204,-0.029321533,0.18570304,-0.018936822,JERKING,10778cb0282b
1777356540590,16382784934690,1.6711528,3.6727054,9.674969,-0.049480084,0.18753563,-0.02076942,JERKING,10778cb0282b
1777356540598,16382792958384,1.460463,3.4524388,9.775525,-0.052534413,0.13072516,-0.008552114,JERKING,10778cb0282b
1777356540606,16382800954616,1.4197617,3.1794999,9.600749,-0.030543262,0.021991149,-0.0036651916,JERKING,10778cb0282b
1777356540614,16382808950386,1.5131354,3.0621839,9.289502,-0.0067195175,-0.03481932,-6.1086525E-4,JERKING,10778cb0282b
1777356540622,16382816945696,1.7932571,3.040636,8.990228,0.012217305,-0.059253927,0.009773844,JERKING,10778cb0282b
1777356540630,16382824941389,1.9991584,3.0813377,8.911219,0.019547688,-0.054367006,0.015271631,JERKING,10778cb0282b
1777356540638,16382832937775,2.1068976,3.2130187,8.995016,0.015271631,-0.022602014,0.013439035,JERKING,10778cb0282b
1777356540646,16382840933777,2.0853498,3.2848446,9.136273,0.008552114,0.018936822,0.005497787,JERKING,10778cb0282b
1777356540654,16382848927855,1.9871874,3.3901896,9.241618,0.008552114,0.027488936,0.0012217305,JERKING,10778cb0282b
1777356540662,16382856954933,1.9297266,3.4524388,9.198523,0.015271631,0.019547688,-0.0012217305,JERKING,10778cb0282b
1777356540670,16382864950012,1.9081788,3.4859576,9.0476885,0.018936822,0.0030543262,-0.0036651916,JERKING,10778cb0282b
1777356540678,16382872945705,1.9369092,3.5003228,8.925584,0.014049901,-0.0061086523,-0.004276057,JERKING,10778cb0282b
1777356540686,16382880944475,1.9416976,3.4979286,8.875306,0.007941248,-0.007330383,-0.0018325958,JERKING,10778cb0282b
1777356540694,16382888937708,1.9249382,3.4835634,8.856153,0.0036651916,-0.002443461,0.0,JERKING,10778cb0282b
1777356540702,16382896931632,1.910573,3.4691982,8.896853,0.0,0.0030543262,6.1086525E-4,JERKING,10778cb0282b
1777356540710,16382904928864,1.9249382,3.4524388,8.99741,-0.0036651916,0.008552114,0.0012217305,JERKING,10778cb0282b
1777356540718,16382912956789,1.9369092,3.4117374,9.076419,-0.008552114,0.0067195175,0.002443461,JERKING,10778cb0282b
1777356540726,16382920950405,1.934515,3.3877954,9.141062,-0.007941248,0.007330383,-6.1086525E-4,JERKING,10778cb0282b
1777356540734,16382928946100,1.9416976,3.3638535,9.188946,-0.007330383,0.0067195175,-0.0012217305,JERKING,10778cb0282b
1777356540742,16382936942101,1.9536686,3.359065,9.239224,-0.004276057,0.007941248,-0.002443461,JERKING,10778cb0282b
1777356540750,16382944937794,1.9129672,3.3758245,9.251195,0.0018325958,0.005497787,-0.0036651916,JERKING,10778cb0282b
1777356540758,16382952932873,1.9201498,3.4165258,9.224859,0.008552114,-6.1086525E-4,0.0012217305,JERKING,10778cb0282b
1777356540766,16382960959566,1.9249382,3.4596214,9.131485,0.01160644,-0.005497787,-6.1086525E-4,JERKING,10778cb0282b
1777356540774,16382968955029,1.9488802,3.4931402,9.083601,0.012217305,-0.007941248,0.0036651916,JERKING,10778cb0282b
1777356540782,16382976949493,1.9776106,3.4620156,9.02614,0.008552114,-0.009773844,0.004886922,JERKING,10778cb0282b
1777356540790,16382984946109,1.9728222,3.4739866,9.011775,0.002443461,-0.0036651916,6.1086525E-4,JERKING,10778cb0282b
1777356540798,16382992941418,1.958457,3.4524388,9.002198,0.0,0.0012217305,0.0018325958,JERKING,10778cb0282b
1777356540806,16383000938343,1.9560628,3.4524388,9.038112,-0.0018325958,0.004276057,0.0,JERKING,10778cb0282b
1777356540814,16383008932267,1.9440918,3.430891,9.064447,-0.002443461,0.005497787,0.0,JERKING,10778cb0282b
1777356540822,16383016958652,1.9321208,3.4524388,9.093178,-0.004886922,0.004886922,-0.0012217305,JERKING,10778cb0282b
1777356540830,16383024956193,1.9321208,3.4500446,9.114726,-0.0036651916,0.0061086523,6.1086525E-4,JERKING,10778cb0282b
1777356540838,16383032948579,1.9297266,3.4213142,9.126697,-0.0036651916,0.004276057,6.1086525E-4,JERKING,10778cb0282b
1777356540846,16383040945118,1.922544,3.4141316,9.131485,-0.0030543262,0.0,0.0012217305,JERKING,10778cb0282b
1777356540854,16383048940197,1.9321208,3.3638535,9.109938,-0.004886922,6.1086525E-4,6.1086525E-4,JERKING,10778cb0282b
1777356540862,16383056938967,1.9440918,3.3518825,9.109938,-0.0030543262,6.1086525E-4,0.0012217305,JERKING,10778cb0282b
1777356540870,16383064933737,1.9297266,3.3518825,9.141062,-0.0012217305,-6.1086525E-4,0.0,JERKING,10778cb0282b
1777356540878,16383072959355,1.9129672,3.359065,9.11712,0.0018325958,0.002443461,-6.1086525E-4,JERKING,10778cb0282b
1777356540886,16383080954664,1.9249382,3.3925838,9.124303,0.0030543262,0.004886922,0.0,JERKING,10778cb0282b
1777356540894,16383088949818,1.9057846,3.4213142,9.083601,0.0061086523,0.0012217305,0.0,JERKING,10778cb0282b
1777356540902,16383096945513,1.9057846,3.442862,9.0429,0.007330383,0.0012217305,0.002443461,JERKING,10778cb0282b
1777356540910,16383104941514,1.934515,3.4572272,9.004593,0.005497787,-6.1086525E-4,6.1086525E-4,JERKING,10778cb0282b
1777356540918,16383112936207,1.9488802,3.4404678,9.009381,0.0036651916,0.0012217305,-6.1086525E-4,JERKING,10778cb0282b
1777356540926,16383120934132,1.946486,3.4332852,9.01417,0.0036651916,6.1086525E-4,-6.1086525E-4,JERKING,10778cb0282b
1777356540934,16383128958056,1.934515,3.4237084,9.02614,6.1086525E-4,0.0030543262,-0.002443461,JERKING,10778cb0282b
1777356540942,16383136954980,1.922544,3.406949,9.035717,-0.0012217305,0.0030543262,-6.1086525E-4,JERKING,10778cb0282b
1777356540950,16383144948598,1.9608512,3.4284968,9.076419,-0.0012217305,0.0061086523,0.0,JERKING,10778cb0282b
1777356540958,16383152945753,1.9393034,3.454833,9.126697,6.1086525E-4,0.0061086523,0.0,JERKING,10778cb0282b
1777356540966,16383160942677,1.9249382,3.4620156,9.143456,0.0018325958,0.0030543262,0.002443461,JERKING,10778cb0282b
1777356540974,16383168936833,1.9129672,3.4931402,9.138668,0.004276057,0.0018325958,0.0,JERKING,10778cb0282b
1777356540982,16383176930988,1.922544,3.4739866,9.105149,0.004886922,0.0012217305,6.1086525E-4,JERKING,10778cb0282b
1777356540990,16383184929758,1.9129672,3.4715924,9.050082,0.0036651916,6.1086525E-4,0.0012217305,JERKING,10778cb0282b
1777356540998,16383192953760,1.9153614,3.4739866,9.045294,0.0018325958,6.1086525E-4,0.0,JERKING,10778cb0282b
1777356541006,16383200950145,1.9177556,3.4021606,9.009381,6.1086525E-4,0.0012217305,0.002443461,JERKING,10778cb0282b
1777356541014,16383208945454,1.922544,3.3877954,9.035717,-0.002443461,-6.1086525E-4,0.0018325958,JERKING,10778cb0282b
1777356541022,16383216940841,1.9177556,3.3925838,9.057265,-0.0036651916,0.0012217305,6.1086525E-4,JERKING,10778cb0282b
1777356541030,16383224936611,1.9440918,3.3973722,9.062054,0.0,0.0018325958,6.1086525E-4,JERKING,10778cb0282b
1777356541038,16383232930766,1.946486,3.3997664,9.0716305,-0.0018325958,-0.0012217305,0.0012217305,JERKING,10778cb0282b
1777356541046,16383240959922,1.9608512,3.4261026,9.138668,-0.0067195175,6.1086525E-4,0.0012217305,JERKING,10778cb0282b
1777356541054,16383248953769,1.9871874,3.4644098,9.205706,-0.0067195175,0.0030543262,0.0,JERKING,10778cb0282b
1777356541062,16383256948616,1.934515,3.502717,9.229648,-0.004276057,0.0036651916,0.0018325958,JERKING,10778cb0282b
1777356541070,16383264945157,1.9057846,3.5338416,9.224859,-0.0036651916,0.0036651916,-0.0012217305,JERKING,10778cb0282b
1777356541078,16383272939311,1.8579005,3.53863,9.176975,-0.0012217305,6.1086525E-4,-0.002443461,JERKING,10778cb0282b
1777356541086,16383280936236,1.8148049,3.5242648,9.083601,-6.1086525E-4,-0.004276057,0.0,JERKING,10778cb0282b
1777356541094,16383288930084,1.8483237,3.5170822,9.040505,6.1086525E-4,-0.010995574,0.002443461,JERKING,10778cb0282b
1777356541102,16383296927008,1.8722657,3.4883518,8.973468,-6.1086525E-4,-0.01282817,0.0012217305,JERKING,10778cb0282b
1777356541110,16383304953470,1.9057846,3.4835634,8.980651,-0.004886922,-0.012217305,0.004276057,JERKING,10778cb0282b
1777356541118,16383312948934,1.9560628,3.4644098,9.006987,-0.009773844,-0.01038471,0.0018325958,JERKING,10778cb0282b
1777356541126,16383320944858,1.9632454,3.4380736,9.009381,-0.009773844,-0.009162978,0.002443461,JERKING,10778cb0282b
1777356541134,16383328939321,2.0015526,3.430891,9.018958,-0.01160644,-0.009162978,0.0018325958,JERKING,10778cb0282b
1777356541142,16383336934400,1.9919758,3.4332852,9.011775,-0.010995574,-0.009162978,0.0012217305,JERKING,10778cb0282b
1777356541150,16383344933785,1.9752164,3.41892,9.052477,-0.010995574,-0.0018325958,0.0012217305,JERKING,10778cb0282b
1777356541158,16383352956864,1.9488802,3.3973722,9.100361,-0.014049901,0.0018325958,-0.0012217305,JERKING,10778cb0282b
1777356541166,16383360953250,1.922544,3.3854012,9.126697,-0.013439035,0.009162978,0.0012217305,JERKING,10778cb0282b
1777356541174,16383368948943,1.9153614,3.3638535,9.14585,-0.012217305,0.004886922,0.002443461,JERKING,10778cb0282b
1777356541182,16383376943714,1.9057846,3.3518825,9.126697,-0.01038471,-6.1086525E-4,6.1086525E-4,JERKING,10778cb0282b
1777356541190,16383384939715,1.9369092,3.335123,9.136273,-0.007330383,-0.005497787,0.002443461,JERKING,10778cb0282b
1777356541198,16383392935332,1.9393034,3.3279405,9.13388,-0.005497787,-0.004886922,0.002443461,JERKING,10778cb0282b
1777356541206,16383400930411,1.958457,3.3518825,9.13388,-0.004276057,-0.0018325958,0.004276057,JERKING,10778cb0282b
1777356541214,16383408957873,1.946486,3.3423057,9.124303,-0.0012217305,6.1086525E-4,0.0018325958,JERKING,10778cb0282b
1777356541222,16383416953259,1.946486,3.3925838,9.078813,0.0018325958,6.1086525E-4,0.0018325958,JERKING,10778cb0282b
1777356541230,16383424947107,1.946486,3.3997664,9.016563,0.0036651916,0.0,0.0012217305,JERKING,10778cb0282b
1777356541238,16383432943339,1.922544,3.4045548,8.983045,0.005497787,0.0030543262,0.0018325958,JERKING,10778cb0282b
1777356541246,16383440939724,1.9297266,3.359065,8.918402,0.0067195175,0.0036651916,0.0,JERKING,10778cb0282b
1777356541254,16383448934496,1.9321208,3.2273839,8.825027,0.009162978,0.0036651916,0.0012217305,JERKING,10778cb0282b
1777356541262,16383456931420,1.922544,2.9137435,8.65025,0.014049901,0.0061086523,-0.0018325958,JERKING,10778cb0282b
1777356541270,16383464959652,1.9129672,2.7150247,8.559271,0.015882496,0.004276057,-0.008552114,JERKING,10778cb0282b
1777356541278,16383472952961,1.9393034,2.5498247,8.561666,0.015882496,0.01160644,-0.014049901,JERKING,10778cb0282b
1777356541286,16383480950116,1.9057846,2.5498247,8.743625,0.01282817,0.002443461,-0.025045475,JERKING,10778cb0282b
1777356541294,16383488944040,1.8722657,2.705448,9.021352,0.007941248,-0.018325957,-0.03481932,JERKING,10778cb0282b
1777356541302,16383496940273,1.8459295,3.1028855,9.406818,0.0018325958,-0.048258353,-0.04642576,JERKING,10778cb0282b
1777356541310,16383504934197,1.8243817,3.5865142,9.730036,0.0036651916,-0.047036625,-0.049480084,JERKING,10778cb0282b
1777356541318,16383512928352,1.9273324,4.211401,10.067618,0.007941248,-0.036651913,-0.035430185,JERKING,10778cb0282b
1777356541326,16383520956969,2.1643584,4.5753193,10.192117,0.015271631,-0.012217305,-0.0012217305,JERKING,10778cb0282b
1777356541334,16383528952047,2.2050598,4.747702,10.151415,0.025045475,0.008552114,0.015271631,JERKING,10778cb0282b
1777356541342,16383536949895,1.9009962,4.7189717,9.928755,0.023823744,0.025045475,0.0030543262,JERKING,10778cb0282b
1777356541350,16383544945281,1.7645266,4.4125137,9.52174,0.021991149,0.02076942,0.0012217305,JERKING,10778cb0282b
1777356541358,16383552939974,1.8291701,4.027047,9.258378,0.007330383,-0.017104227,0.01160644,JERKING,10778cb0282b
1777356541366,16383560935129,1.9800048,3.6272156,9.093178,-0.004276057,-0.047647487,0.022602014,JERKING,10778cb0282b
1777356541374,16383568932285,2.1021092,3.181894,8.710106,0.009162978,-0.02565634,0.03176499,JERKING,10778cb0282b
1777356541382,16383576955671,2.0805612,2.9496565,8.327033,0.021991149,-0.004276057,0.031154128,JERKING,10778cb0282b
1777356541390,16383584951441,2.006341,2.954445,8.0445175,0.022602014,0.01038471,0.025045475,JERKING,10778cb0282b
1777356541398,16383592945828,1.9632454,3.1004913,8.123527,0.009773844,0.029321533,0.019547688,JERKING,10778cb0282b
1777356541406,16383600943444,2.0278888,3.335123,8.588001,-0.0067195175,0.04642576,0.015271631,JERKING,10778cb0282b
1777356541414,16383608938214,2.066196,3.4572272,9.009381,-0.020158553,0.064751714,0.0061086523,JERKING,10778cb0282b
1777356541422,16383616936370,2.0685902,3.5242648,9.294291,-0.022602014,0.059253927,-0.002443461,JERKING,10778cb0282b
1777356541430,16383624930448,1.9129672,3.5290532,9.346964,-0.021380283,0.04153884,-0.007941248,JERKING,10778cb0282b
1777356541438,16383632955757,1.7932571,3.4332852,9.232041,-0.018325957,0.026267206,-0.009162978,JERKING,10778cb0282b
1777356541446,16383640952605,1.757344,3.2848446,9.121908,-0.021991149,0.018325957,-0.002443461,JERKING,10778cb0282b
1777356541454,16383648947683,1.7764976,3.1004913,9.124303,-0.02076942,0.017104227,0.0036651916,JERKING,10778cb0282b
1777356541462,16383656943376,1.769315,3.0813377,9.241618,-0.01282817,0.0061086523,0.0018325958,JERKING,10778cb0282b
1777356541470,16383664940686,1.8770541,3.1316159,9.232041,0.0018325958,-0.005497787,0.0067195175,JERKING,10778cb0282b
1777356541478,16383672935149,1.9728222,3.2106245,9.16261,0.01282817,-0.017715093,0.005497787,JERKING,10778cb0282b
1777356541486,16383680931996,2.0470424,3.2944214,9.088389,0.016493361,-0.017715093,0.0030543262,JERKING,10778cb0282b
1777356541494,16383688956306,2.030283,3.3518825,9.004593,0.016493361,-0.004886922,-0.0012217305,JERKING,10778cb0282b
1777356541502,16383696951383,1.9680338,3.4356794,8.99741,0.01282817,0.0036651916,-0.0030543262,JERKING,10778cb0282b
1777356541510,16383704947769,1.8770541,3.4596214,8.971074,0.010995574,0.009162978,-0.0067195175,JERKING,10778cb0282b
1777356541518,16383712943694,1.8171991,3.442862,8.956709,0.009162978,0.0067195175,-0.004276057,JERKING,10778cb0282b
1777356541526,16383720937618,1.7956513,3.4644098,8.9519205,0.008552114,0.0012217305,-0.004886922,JERKING,10778cb0282b
1777356541534,16383728936004,1.7764976,3.4715924,8.916007,0.0061086523,-0.004276057,-0.002443461,JERKING,10778cb0282b
1777356541542,16383736930237,1.8124107,3.454833,8.9279785,0.0018325958,-0.0067195175,-6.1086525E-4,JERKING,10778cb0282b
1777356541550,16383744956315,1.8100165,3.4213142,8.985439,-0.0018325958,-0.0061086523,-0.0018325958,JERKING,10778cb0282b
1777356541558,16383752952624,1.8746599,3.3925838,9.093178,-0.005497787,-0.007941248,-6.1086525E-4,JERKING,10778cb0282b
1777356541566,16383760947395,1.8866309,3.3877954,9.167398,-0.004886922,-0.007941248,-0.0030543262,JERKING,10778cb0282b
1777356541574,16383768942780,1.8746599,3.3854012,9.25359,-0.004886922,-0.005497787,-0.0036651916,JERKING,10778cb0282b
1777356541582,16383776937321,1.8483237,3.394978,9.287108,-0.0018325958,-0.0036651916,-0.004276057,JERKING,10778cb0282b
1777356541590,16383784935706,1.8195933,3.4452562,9.301474,0.0036651916,-0.0067195175,-0.004276057,JERKING,10778cb0282b
1777356541598,16383792928092,1.8267759,3.4883518,9.255983,0.010995574,-0.01282817,0.0012217305,JERKING,10778cb0282b
1777356541606,16383800954863,1.8794483,3.526659,9.203311,0.014660766,-0.014049901,0.0036651916,JERKING,10778cb0282b
1777356541614,16383808952403,1.8794483,3.5434184,9.131485,0.015271631,-0.017104227,0.0012217305,JERKING,10778cb0282b
1777356541622,16383816946788,1.9057846,3.5338416,9.0429,0.015882496,-0.015882496,0.0030543262,JERKING,10778cb0282b
1777356541630,16383824942790,1.8962077,3.4715924,8.971074,0.01160644,-0.018936822,-6.1086525E-4,JERKING,10778cb0282b
1777356541638,16383832938561,1.8986019,3.4404678,8.980651,0.004886922,-0.015882496,0.0,JERKING,10778cb0282b
1777356541646,16383840934254,1.8866309,3.4021606,9.006987,0.0018325958,-0.01160644,0.0018325958,JERKING,10778cb0282b
1777356541654,16383848960410,1.9009962,3.3997664,9.011775,0.0018325958,-0.009773844,6.1086525E-4,JERKING,10778cb0282b
1777356541662,16383856956334,1.946486,3.430891,8.987833,0.0036651916,-0.01160644,0.0030543262,JERKING,10778cb0282b
1777356541670,16383864951181,1.970428,3.4284968,8.956709,0.0067195175,-0.017715093,0.0030543262,JERKING,10778cb0282b
1777356541678,16383872946568,1.982399,3.4739866,8.990228,0.004276057,-0.014660766,0.0012217305,JERKING,10778cb0282b
1777356541686,16383880943415,1.958457,3.5170822,9.004593,0.005497787,-0.007941248,-0.0012217305,JERKING,10778cb0282b
1777356541694,16383888936954,1.9440918,3.5434184,9.030929,0.0036651916,-0.0018325958,-0.0018325958,JERKING,10778cb0282b
1777356541702,16383896933572,1.9393034,3.5218706,9.074024,0.0,-0.0030543262,-0.0018325958,JERKING,10778cb0282b
1777356541710,16383904959727,1.922544,3.478775,9.143456,-0.005497787,-0.004886922,0.0,JERKING,10778cb0282b
1777356541718,16383912954805,1.9536686,3.442862,9.198523,-0.008552114,-0.007941248,-6.1086525E-4,JERKING,10778cb0282b
1777356541726,16383920949576,1.9800048,3.4093432,9.23683,-0.007330383,-0.010995574,0.002443461,JERKING,10778cb0282b
1777356541734,16383928947115,2.006341,3.4237084,9.212888,-0.002443461,-0.014049901,0.0018325958,JERKING,10778cb0282b
1777356541742,16383936942270,2.0278888,3.4500446,9.143456,0.0061086523,-0.015882496,6.1086525E-4,JERKING,10778cb0282b
1777356541750,16383944937888,2.0207062,3.4691982,9.0476885,0.010995574,-0.013439035,0.0012217305,JERKING,10778cb0282b
1777356541758,16383952933273,2.054225,3.4859576,8.968679,0.01282817,-0.012217305,0.0018325958,JERKING,10778cb0282b
1777356541766,16383960930505,2.0709844,3.4811692,8.892065,0.01038471,-0.012217305,0.0036651916,JERKING,10778cb0282b
1777356541774,16383968955430,2.0829554,3.4476504,8.870518,0.0061086523,-0.013439035,0.004276057,JERKING,10778cb0282b
1777356541782,16383976950585,2.078167,3.406949,8.872911,0.0,-0.004886922,0.0036651916,JERKING,10778cb0282b
1777356541790,16383984945663,2.0470424,3.4261026,8.956709,-0.007330383,0.002443461,0.0018325958,JERKING,10778cb0282b
1777356541798,16383992941050,1.9416976,3.4261026,9.004593,-0.0067195175,0.0061086523,-0.002443461,JERKING,10778cb0282b
1777356541806,16384000937974,1.9201498,3.4332852,9.066842,-0.007941248,0.0018325958,-0.0030543262,JERKING,10778cb0282b
1777356541814,16384008932436,1.9273324,3.4284968,9.064447,-0.004276057,6.1086525E-4,6.1086525E-4,JERKING,10778cb0282b
1777356541822,16384016929900,1.8986019,3.4380736,9.076419,-0.0018325958,-0.004886922,-0.002443461,JERKING,10778cb0282b
1777356541830,16384024955516,1.9369092,3.4500446,9.059659,-0.0012217305,-0.005497787,6.1086525E-4,JERKING,10778cb0282b
1777356541838,16384032951133,1.934515,3.4380736,9.0429,-0.0018325958,-0.004276057,0.0012217305,JERKING,10778cb0282b
1777356541846,16384040946827,1.9153614,3.4524388,9.057265,-0.002443461,0.0012217305,0.0,JERKING,10778cb0282b
1777356541854,16384048941982,1.9297266,3.4620156,9.052477,-0.0012217305,0.0030543262,0.0036651916,JERKING,10778cb0282b
1777356541862,16384056935752,1.9297266,3.4644098,9.057265,-0.0012217305,0.0030543262,0.0030543262,JERKING,10778cb0282b
1777356541870,16384064933292,1.9680338,3.5122938,9.114726,-0.004276057,6.1086525E-4,0.004886922,JERKING,10778cb0282b
1777356541878,16384072927447,1.9752164,3.5362358,9.148245,-0.005497787,0.0,0.004276057,JERKING,10778cb0282b
1777356541886,16384080954910,1.9871874,3.5362358,9.129091,-0.004886922,-0.0012217305,0.002443461,JERKING,10778cb0282b
1777356541894,16384088950297,1.9919758,3.4931402,9.105149,-0.004886922,6.1086525E-4,0.002443461,JERKING,10778cb0282b
1777356541902,16384096948374,1.9847932,3.4644098,9.119514,-0.009162978,0.0,-6.1086525E-4,JERKING,10778cb0282b
1777356541910,16384104943145,1.9656396,3.3901896,9.100361,-0.012217305,-0.002443461,-6.1086525E-4,JERKING,10778cb0282b
1777356541918,16384112935531,1.958457,3.359065,9.0716305,-0.009162978,-0.0036651916,0.0,JERKING,10778cb0282b
1777356541926,16384120932994,1.9680338,3.3327289,9.004593,-0.0061086523,-0.002443461,0.0012217305,JERKING,10778cb0282b
1777356541934,16384128957610,1.9800048,3.3423057,8.99741,-0.004886922,-0.0012217305,0.0018325958,JERKING,10778cb0282b
1777356541942,16384136955843,1.9393034,3.3518825,9.016563,-0.004276057,-6.1086525E-4,0.0,JERKING,10778cb0282b
1777356541950,16384144950306,1.9201498,3.3566709,9.009381,-0.0030543262,-6.1086525E-4,0.0,JERKING,10778cb0282b
1777356541958,16384152943769,1.9440918,3.3901896,8.930372,0.0036651916,-0.002443461,6.1086525E-4,JERKING,10778cb0282b
1777356541966,16384160940386,1.910573,3.3399115,8.820239,0.007941248,0.0,-0.0018325958,JERKING,10778cb0282b
1777356541974,16384168935464,1.8962077,3.3063924,8.74123,0.005497787,6.1086525E-4,0.0012217305,JERKING,10778cb0282b
1777356541982,16384176932158,1.8962077,3.2513258,8.750807,-0.0012217305,-0.0036651916,-6.1086525E-4,JERKING,10778cb0282b
1777356541990,16384184958313,1.8291701,3.1866825,8.746018,-0.0030543262,-0.0030543262,-6.1086525E-4,JERKING,10778cb0282b
1777356541998,16384192954545,1.7717092,3.1794999,8.805874,-0.01160644,-0.0067195175,0.015882496,JERKING,10778cb0282b
1777356542006,16384200950239,2.0398598,3.2034419,8.693346,-0.0067195175,0.0012217305,0.05009095,JERKING,10778cb0282b
1777356542014,16384208945625,2.1332338,3.004723,8.7532015,-0.015271631,0.03604105,0.06047566,JERKING,10778cb0282b
1777356542022,16384216940779,2.2098482,2.480393,8.719683,-0.017715093,0.069027774,0.06780604,JERKING,10778cb0282b
1777356542030,16384224935858,1.9129672,2.6623523,9.021352,-0.03604105,0.035430185,0.05009095,JERKING,10778cb0282b
1777356542038,16384232931782,1.9512744,3.1244333,9.43076,-0.040927973,-0.035430185,0.043982297,JERKING,10778cb0282b
1777356542046,16384240959860,2.3199813,3.4404678,9.655815,0.01038471,-0.017104227,0.064751714,JERKING,10778cb0282b
1777356542054,16384248954862,2.1883004,4.024653,10.067618,0.021991149,-0.036651913,0.043982297,JERKING,10778cb0282b
1777356542062,16384256949402,1.7621324,4.7141833,10.682928,0.0012217305,-0.059253927,0.007330383,JERKING,10778cb0282b
1777356542070,16384264945095,1.6591818,5.00867,10.922348,0.009773844,0.002443461,0.014660766,JERKING,10778cb0282b
1777356542078,16384272940174,1.7046716,4.5154643,10.445902,0.028710667,0.028099801,0.018325957,JERKING,10778cb0282b
1777356542086,16384280936791,1.5514427,3.7708676,9.615114,0.028710667,-0.019547688,-0.007330383,JERKING,10778cb0282b
1777356542094,16384288931253,1.5035586,3.3255463,9.097966,0.02565634,-0.09285152,-0.01160644,JERKING,10778cb0282b
1777356542102,16384296958640,1.757344,3.0310593,8.564059,0.04337143,-0.12034045,0.002443461,JERKING,10778cb0282b
1777356542110,16384304952718,1.9536686,2.9376855,8.212111,0.080634214,-0.11789699,0.009773844,JERKING,10778cb0282b
1777356542118,16384312949642,2.087744,3.0669725,8.0684595,0.1020145,-0.12095132,0.0012217305,JERKING,10778cb0282b
1777356542126,16384320945336,2.2984335,3.335123,8.128315,0.10629055,-0.12889257,0.0012217305,JERKING,10778cb0282b
1777356542134,16384328939183,2.5067291,3.53863,8.365341,0.095294975,-0.11911872,6.1086525E-4,JERKING,10778cb0282b
1777356542142,16384336934877,2.4995465,3.667917,8.738836,0.059864793,-0.0842994,-0.009773844,JERKING,10778cb0282b
1777356542150,16384344932417,2.3894134,3.6990416,9.0429,0.03359759,-0.008552114,-0.02443461,JERKING,10778cb0282b
1777356542158,16384352957957,2.1906946,3.6894648,9.193734,0.017715093,0.036651913,-0.030543262,JERKING,10778cb0282b
1777356542166,16384360953342,2.0326772,3.560178,9.150639,0.004276057,0.05131268,-0.028099801,JERKING,10778cb0282b
1777356542174,16384368947575,1.8722657,3.41892,9.124303,-0.009162978,0.045814894,-0.02687807,JERKING,10778cb0282b
1777356542182,16384376945422,1.7381904,3.2130187,9.112331,-0.016493361,0.04520403,-0.022602014,JERKING,10778cb0282b
1777356542190,16384384938962,1.6950948,3.1292217,9.172187,-0.014660766,0.0421497,-0.017104227,JERKING,10778cb0282b
1777356542198,16384392934271,1.6783354,3.1483753,9.260772,-0.005497787,0.02443461,-0.012217305,JERKING,10778cb0282b
1777356542206,16384400931195,1.7381904,3.205836,9.284714,0.01038471,-0.007330383,-0.009162978,JERKING,10778cb0282b
1777356542214,16384408957120,1.8483237,3.2968156,9.26556,0.023823744,-0.028099801,-0.004886922,JERKING,10778cb0282b
1777356542222,16384416953660,1.9752164,3.3686419,9.196129,0.040317107,-0.05131268,0.0030543262,JERKING,10778cb0282b
1777356542230,16384424948815,2.111686,3.4476504,9.009381,0.052534413,-0.06047566,0.0012217305,JERKING,10778cb0282b
1777356542238,16384432944508,2.1068976,3.5434184,8.848969,0.052534413,-0.047647487,-0.0061086523,JERKING,10778cb0282b
1777356542246,16384440940510,2.0805612,3.6703112,8.719683,0.042760566,-0.028710667,-0.012217305,JERKING,10778cb0282b
1777356542254,16384448934588,1.9776106,3.7134068,8.7125,0.015882496,-0.0036651916,-0.014660766,JERKING,10778cb0282b
1777356542262,16384456931205,2.2122424,3.6870706,8.702923,-0.004276057,0.007941248,0.004276057,JERKING,10778cb0282b
1777356542270,16384464957745,2.0254946,3.526659,8.832211,-0.021991149,0.034208454,-0.0012217305,JERKING,10778cb0282b
1777356542278,16384472952746,1.8866309,3.4979286,8.801085,-0.020158553,0.039095376,-0.01160644,JERKING,10778cb0282b
1777356542286,16384480948439,1.9153614,3.5338416,8.892065,-0.028710667,0.040317107,-0.009773844,JERKING,10778cb0282b
1777356542294,16384488942980,2.0111294,3.5051112,9.11712,-0.04642576,0.04642576,-0.0018325958,JERKING,10778cb0282b
1777356542302,16384496939212,1.934515,3.4332852,9.208099,-0.037873644,0.03176499,-0.0067195175,JERKING,10778cb0282b
1777356542310,16384504935213,1.8794483,3.3375173,9.217676,-0.02565634,0.013439035,-0.0067195175,JERKING,10778cb0282b
1777356542318,16384512930984,1.922544,3.3854012,9.272743,-0.015271631,0.004886922,-6.1086525E-4,JERKING,10778cb0282b
1777356542326,16384520958985,1.8842367,3.4284968,9.169792,0.0012217305,-0.008552114,-0.004276057,JERKING,10778cb0282b
1777356542334,16384528952524,1.9153614,3.466804,9.114726,0.0067195175,-0.02076942,-6.1086525E-4,JERKING,10778cb0282b
1777356542342,16384536950065,1.9752164,3.5122938,9.085996,0.007330383,-0.031154128,-6.1086525E-4,JERKING,10778cb0282b
1777356542350,16384544944143,2.0159178,3.526659,9.009381,0.010995574,-0.03848451,-0.002443461,JERKING,10778cb0282b
1777356542358,16384552939299,2.078167,3.5098996,9.009381,0.01038471,-0.040317107,-0.0018325958,JERKING,10778cb0282b
1777356542366,16384560936531,2.0925324,3.5218706,8.956709,0.005497787,-0.032986723,-0.0061086523,JERKING,10778cb0282b
1777356542374,16384568928839,2.0925324,3.4931402,8.971074,0.0030543262,-0.021991149,-0.007330383,JERKING,10778cb0282b
1777356542382,16384576957764,2.0111294,3.478775,9.399636,0.07086037,-0.11178834,-0.01038471,JERKING,10778cb0282b
1777356542390,16384584953150,1.8962077,1.6639702,8.09719,0.66706485,-0.8894198,0.06719518,JERKING,10778cb0282b
1777356542398,16384592949459,2.207454,3.7110126,8.640674,0.43371433,-0.6579019,0.03359759,JERKING,10778cb0282b
1777356542406,16384600943922,2.4420857,5.21936,9.32781,0.061086524,-0.025045475,-0.029321533,JERKING,10778cb0282b
1777356542414,16384608938692,2.885013,4.6232033,9.56723,-0.040317107,0.17654006,0.0036651916,JERKING,10778cb0282b
1777356542422,16384616934617,2.2337902,3.4739866,9.449914,-0.09407325,0.09285152,0.017104227,JERKING,10778cb0282b
1777356542430,16384624959849,1.7238252,3.1364043,9.198523,-0.10445796,0.06169739,-0.017715093,JERKING,10778cb0282b
1777356542438,16384632957389,1.910573,3.2465374,9.066842,-0.08307768,0.14294247,-0.027488936,JERKING,10778cb0282b
1777356542446,16384640953159,2.1643584,3.3542767,8.947132,-0.08002335,0.14049901,-0.021380283,JERKING,10778cb0282b
1777356542454,16384648946930,2.0733786,3.3423057,8.892065,-0.095294975,0.12705997,-0.014049901,JERKING,10778cb0282b
1777356542462,16384656943931,1.8842367,3.1028855,8.901642,-0.089186326,0.12583824,-0.007941248,JERKING,10778cb0282b
1777356542471,16384665028779,1.8555063,3.0669725,8.9519205,-0.04642576,0.106901415,-0.0036651916,JERKING,10778cb0282b
1777356542478,16384672933165,1.9752164,3.3039982,9.038112,0.012217305,0.050701816,0.0030543262,JERKING,10778cb0282b
1777356542486,16384680930935,2.1452048,3.6415808,9.174581,0.02687807,0.028710667,6.1086525E-4,JERKING,10778cb0282b
1777356542494,16384688956167,2.2505496,3.8426938,9.188946,0.02565634,0.007330383,-0.0030543262,JERKING,10778cb0282b
1777356542502,16384696963862,2.2744915,3.799598,9.016563,0.017104227,-0.007330383,-0.0061086523,JERKING,10778cb0282b
1777356542510,16384704949478,2.1619642,3.6487634,8.78672,-6.1086525E-4,0.02076942,-0.007330383,JERKING,10778cb0282b
1777356542518,16384712943864,2.087744,3.5577838,8.750807,-0.014049901,0.059253927,-0.007941248,JERKING,10778cb0282b
1777356542526,16384720884789,2.0446482,3.5458126,8.892065,-0.021991149,0.07941248,-0.007330383,JERKING,10778cb0282b
1777356542534,16384728934097,1.9632454,3.58412,8.961497,-0.019547688,0.0720821,-0.009162978,JERKING,10778cb0282b
1777356542542,16384736929175,1.8746599,3.5865142,8.99741,-0.01160644,0.04642576,-0.007941248,JERKING,10778cb0282b
1777356542550,16384744956485,1.9153614,3.5769374,8.963891,-0.0036651916,0.016493361,0.0,JERKING,10778cb0282b
1777356542558,16384752951563,2.006341,3.620033,8.978256,-0.005497787,0.007941248,0.002443461,JERKING,10778cb0282b
1777356542566,16384760947256,2.0949266,3.6415808,9.016563,-0.007330383,0.009162978,0.0018325958,JERKING,10778cb0282b
1777356542574,16384768941181,2.054225,3.6727054,9.052477,-0.01160644,0.018936822,-0.0018325958,JERKING,10778cb0282b
1777356542582,16384776938105,1.9895816,3.6607344,9.02614,-0.016493361,0.030543262,-0.004886922,JERKING,10778cb0282b
1777356542590,16384784933799,1.922544,3.6008794,9.0237465,-0.020158553,0.02687807,-0.0061086523,JERKING,10778cb0282b
1777356542598,16384792959955,1.9560628,3.550601,9.050082,-0.020158553,0.019547688,-0.005497787,JERKING,10778cb0282b
1777356542606,16384800956802,1.970428,3.5314474,9.040505,-0.02076942,0.01282817,-0.0012217305,JERKING,10778cb0282b
1777356542614,16384808951572,1.9656396,3.5529952,9.018958,-0.016493361,0.007941248,-0.0018325958,JERKING,10778cb0282b
1777356542622,16384816948574,2.0446482,3.5913026,8.956709,-0.008552114,0.004276057,0.0030543262,JERKING,10778cb0282b
1777356542630,16384824942729,2.0446482,3.5649664,8.872911,-0.009162978,0.004886922,0.004886922,JERKING,10778cb0282b
1777356542638,16384832937422,2.0350714,3.560178,8.834604,-0.014049901,0.013439035,0.0036651916,JERKING,10778cb0282b
1777356542646,16384840933194,2.0135236,3.5434184,8.896853,-0.021380283,0.020158553,0.002443461,JERKING,10778cb0282b
1777356542654,16384848959964,1.9488802,3.4883518,8.9758625,-0.022602014,0.016493361,0.0,JERKING,10778cb0282b
1777356542662,16384856955580,1.9680338,3.4835634,9.018958,-0.016493361,-0.0018325958,0.0012217305,JERKING,10778cb0282b
1777356542670,16384864950736,1.9871874,3.4931402,9.004593,-0.015271631,-0.014049901,0.0018325958,JERKING,10778cb0282b
1777356542678,16384872945199,2.1045034,3.4596214,8.992621,-0.015271631,-0.017104227,0.0030543262,JERKING,10778cb0282b
1777356542686,16384880942738,2.1021092,3.430891,9.018958,-0.021380283,-0.008552114,0.002443461,JERKING,10778cb0282b
1777356542694,16384888938663,2.0590134,3.3854012,9.062054,-0.022602014,-0.002443461,-0.002443461,JERKING,10778cb0282b
1777356542702,16384896933203,2.0159178,3.3566709,9.076419,-0.018936822,0.0,-0.0030543262,JERKING,10778cb0282b
1777356542710,16384904928588,2.0015526,3.3446999,9.095572,-0.016493361,0.0012217305,-0.004276057,JERKING,10778cb0282b
1777356542718,16384912955360,1.9728222,3.3494883,9.085996,-0.015271631,-0.0036651916,-0.0036651916,JERKING,10778cb0282b
1777356542726,16384920952514,1.9440918,3.3327289,9.004593,-0.012217305,-0.013439035,-0.0018325958,JERKING,10778cb0282b
1777356542734,16384928946746,1.970428,3.2752678,8.932767,-0.015271631,-0.018325957,0.007941248,JERKING,10778cb0282b
1777356542742,16384936942441,1.9680338,3.2489316,8.836999,-0.018936822,-0.016493361,0.009773844,JERKING,10778cb0282b
1777356542750,16384944936519,1.910573,3.311181,8.78672,-0.025045475,-0.010995574,0.01282817,JERKING,10778cb0282b
1777356542758,16384952933520,1.99437,3.3303347,8.736442,-0.032986723,0.0067195175,0.021380283,JERKING,10778cb0282b
1777356542766,16384960927983,2.3678656,3.1794999,8.736442,-0.03176499,0.06047566,0.05009095,JERKING,10778cb0282b
1777356542774,16384968955292,2.3199813,3.1794999,8.99741,-0.052534413,0.059864793,0.031154128,JERKING,10778cb0282b
1777356542782,16384976950755,1.9776106,3.3854012,9.363723,-0.065973446,0.042760566,0.0012217305,JERKING,10778cb0282b
1777356542790,16384984946372,1.8291701,3.5338416,9.519346,-0.0580322,0.03604105,-0.005497787,JERKING,10778cb0282b
1777356542798,16384992942450,1.9560628,3.5913026,9.574412,-0.03481932,0.032986723,0.004886922,JERKING,10778cb0282b
1777356542806,16385000935913,2.0254946,3.6008794,9.56723,-0.015271631,0.009162978,0.010995574,JERKING,10778cb0282b
1777356542814,16385008933453,1.9728222,3.655946,9.624691,-0.009773844,-0.007941248,0.002443461,JERKING,10778cb0282b
1777356542822,16385016961454,1.8602947,3.691859,9.591172,0.0018325958,-0.007941248,-0.007941248,JERKING,10778cb0282b
1777356542830,16385024956840,1.7932571,3.715801,9.471462,0.017715093,-0.002443461,-0.010995574,JERKING,10778cb0282b
1777356542838,16385032949764,1.7429788,3.7780502,9.25359,0.032986723,-0.014049901,-0.013439035,JERKING,10778cb0282b
1777356542846,16385040946150,1.8674773,3.7541082,9.107543,0.03848451,-0.03481932,-0.004886922,JERKING,10778cb0282b
1777356542854,16385048939998,2.0901382,3.6535518,9.018958,0.034208454,-0.04153884,-0.0018325958,JERKING,10778cb0282b
1777356542862,16385056936922,2.1667526,3.560178,8.942344,0.028099801,-0.03848451,-0.0012217305,JERKING,10778cb0282b
1777356542870,16385064933154,2.1883004,3.4500446,8.844181,0.02443461,-0.025045475,-0.0018325958,JERKING,10778cb0282b
1777356542878,16385072928541,2.1499932,3.430891,8.738836,0.019547688,-0.002443461,-0.005497787,JERKING,10778cb0282b
1777356542886,16385080954465,2.0949266,3.4261026,8.714894,0.015882496,0.002443461,-0.007941248,JERKING,10778cb0282b
1777356542894,16385088949466,2.0326772,3.4931402,8.710106,0.015882496,0.0030543262,-0.012217305,JERKING,10778cb0282b
1777356542902,16385096945853,2.0111294,3.5458126,8.717288,0.017715093,0.0030543262,-0.01160644,JERKING,10778cb0282b
1777356542910,16385104941469,2.0518308,3.6463692,8.7292595,0.017104227,0.007941248,-0.01038471,JERKING,10778cb0282b
1777356542918,16385112935624,2.0709844,3.6870706,8.779537,0.010995574,0.017715093,-0.005497787,JERKING,10778cb0282b
1777356542926,16385120934703,2.0638018,3.6703112,8.868123,0.0018325958,0.028710667,-0.0030543262,JERKING,10778cb0282b
1777356542934,16385128930396,2.030283,3.632004,8.966286,-0.01160644,0.036651913,-0.0036651916,JERKING,10778cb0282b
1777356542942,16385136954705,1.9393034,3.5625722,9.093178,-0.017715093,0.039095376,-0.004276057,JERKING,10778cb0282b
1777356542950,16385144949861,1.9033904,3.4620156,9.16261,-0.018936822,0.027488936,-0.004276057,JERKING,10778cb0282b
1777356542958,16385152945477,1.9033904,3.3925838,9.179369,-0.014049901,0.015882496,-6.1086525E-4,JERKING,10778cb0282b
1777356542966,16385160941555,1.9369092,3.3614593,9.169792,-0.009773844,0.0036651916,-0.0018325958,JERKING,10778cb0282b
1777356542974,16385168937172,1.946486,3.3327289,9.138668,-0.004886922,-0.004276057,0.0,JERKING,10778cb0282b
1777356542982,16385176934097,1.9776106,3.3566709,9.119514,-0.0012217305,-0.0036651916,0.0,JERKING,10778cb0282b
1777356542990,16385184929867,1.9752164,3.3925838,9.074024,0.0018325958,0.0,-0.0012217305,JERKING,10778cb0282b
1777356542998,16385192953869,1.9608512,3.4476504,9.021352,0.0036651916,-0.0018325958,0.0012217305,JERKING,10778cb0282b
1777356543006,16385200949177,1.9728222,3.4859576,8.956709,0.004276057,-0.0018325958,-6.1086525E-4,JERKING,10778cb0282b
1777356543014,16385208944255,1.958457,3.5075054,8.937555,0.0036651916,-0.0067195175,6.1086525E-4,JERKING,10778cb0282b
1777356543022,16385216942796,1.9991584,3.5218706,8.918402,-0.0018325958,-0.0067195175,0.0,JERKING,10778cb0282b
1777356543030,16385224935643,2.018312,3.5003228,8.92319,-0.0036651916,-0.0067195175,6.1086525E-4,JERKING,10778cb0282b
1777356543038,16385232934106,2.0231004,3.5051112,8.9040365,-0.0067195175,-0.0061086523,0.0030543262,JERKING,10778cb0282b
1777356543046,16385240960338,2.0494366,3.5194764,8.920795,-0.007941248,-0.0036651916,0.0,JERKING,10778cb0282b
1777356543054,16385248954186,2.0494366,3.5098996,8.913613,-0.01038471,-0.0018325958,0.0018325958,JERKING,10778cb0282b
1777356543062,16385256949571,2.0709844,3.502717,9.004593,-0.013439035,0.0030543262,0.0012217305,JERKING,10778cb0282b
1777356543070,16385264944573,2.0590134,3.466804,9.066842,-0.015271631,0.009773844,0.0,JERKING,10778cb0282b
1777356543078,16385272939651,2.0087352,3.4380736,9.088389,-0.015882496,0.008552114,-0.0012217305,JERKING,10778cb0282b
1777356543086,16385280937268,1.970428,3.4093432,9.141062,-0.015271631,0.01282817,-0.0018325958,JERKING,10778cb0282b
1777356543094,16385288932577,1.9608512,3.3997664,9.205706,-0.015882496,0.008552114,6.1086525E-4,JERKING,10778cb0282b
1777356543102,16385296957271,1.9847932,3.371036,9.25359,-0.012217305,0.0012217305,6.1086525E-4,JERKING,10778cb0282b
1777356543110,16385304955349,2.0231004,3.335123,9.289502,-0.009162978,-0.0030543262,0.002443461,JERKING,10778cb0282b
1777356543118,16385312948581,2.0446482,3.323152,9.241618,-0.002443461,-0.0061086523,0.0012217305,JERKING,10778cb0282b
1777356543126,16385320945275,2.078167,3.2944214,9.186552,0.004276057,-0.007941248,6.1086525E-4,JERKING,10778cb0282b
1777356543134,16385328940968,2.0518308,3.3327289,9.100361,0.009162978,-0.004886922,-0.0018325958,JERKING,10778cb0282b
1777356543142,16385336938201,2.0566192,3.3806129,9.062054,0.01160644,6.1086525E-4,-0.002443461,JERKING,10778cb0282b
1777356543150,16385344930510,2.0925324,3.4237084,9.138668,0.008552114,0.0018325958,-0.0030543262,JERKING,10778cb0282b
1777356543158,16385352957895,2.0949266,3.4141316,9.224859,0.004886922,0.0018325958,-0.002443461,JERKING,10778cb0282b
1777356543166,16385360952974,2.0805612,3.4141316,9.212888,0.0030543262,0.0036651916,-0.0036651916,JERKING,10778cb0282b
1777356543174,16385368949821,2.0398598,3.4237084,9.119514,0.010995574,-6.1086525E-4,-0.0036651916,JERKING,10778cb0282b
1777356543182,16385376944285,2.0087352,3.4572272,8.99741,0.014049901,-0.0036651916,-0.0018325958,JERKING,10778cb0282b
1777356543190,16385384940286,1.99437,3.53863,8.9758625,0.01282817,-0.002443461,-0.0018325958,JERKING,10778cb0282b
1777356543198,16385392935748,2.018312,3.5745432,9.006987,0.007941248,-0.002443461,0.0030543262,JERKING,10778cb0282b
1777356543206,16385400932366,2.0135236,3.608062,9.081207,0.0018325958,0.0018325958,0.0,JERKING,10778cb0282b
1777356543214,16385408927982,1.9895816,3.6104562,9.062054,0.0012217305,0.0012217305,0.0018325958,JERKING,10778cb0282b
1777356543222,16385416951368,1.9632454,3.596091,8.980651,0.0018325958,-0.0061086523,6.1086525E-4,JERKING,10778cb0282b
1777356543230,16385424947447,1.9488802,3.58412,8.911219,0.0012217305,-0.01282817,0.0018325958,JERKING,10778cb0282b
1777356543238,16385432943140,1.9512744,3.6032736,8.856153,-0.0012217305,-0.013439035,0.004276057,JERKING,10778cb0282b
1777356543246,16385440940295,1.9800048,3.5889084,8.865729,-0.005497787,-0.01038471,0.0030543262,JERKING,10778cb0282b
1777356543254,16385448936297,1.9895816,3.5984852,8.868123,-0.007330383,-0.007941248,0.0036651916,JERKING,10778cb0282b
1777356543262,16385456931760,1.9895816,3.6128504,8.901642,-0.012217305,-0.0061086523,0.002443461,JERKING,10778cb0282b
1777356543270,16385464959376,1.9776106,3.5865142,8.920795,-0.013439035,-0.0067195175,0.0012217305,JERKING,10778cb0282b
1777356543278,16385472953532,1.9656396,3.5553896,8.973468,-0.019547688,-0.004276057,0.0018325958,JERKING,10778cb0282b
1777356543286,16385480948917,1.9656396,3.5410242,9.035717,-0.021991149,-0.0018325958,6.1086525E-4,JERKING,10778cb0282b
1777356543294,16385488944688,1.9512744,3.5338416,9.066842,-0.022602014,-0.0030543262,0.0012217305,JERKING,10778cb0282b
1777356543302,16385496938459,1.9488802,3.5122938,9.0716305,-0.020158553,-0.0018325958,0.0,JERKING,10778cb0282b
1777356543310,16385504934537,1.946486,3.4955344,9.090784,-0.017104227,-0.0030543262,0.0,JERKING,10778cb0282b
1777356543318,16385512930230,1.9249382,3.4859576,9.093178,-0.014049901,-0.0018325958,6.1086525E-4,JERKING,10778cb0282b
1777356543326,16385520956925,1.9680338,3.5122938,9.109938,-0.014049901,-0.0030543262,6.1086525E-4,JERKING,10778cb0282b
1777356543334,16385528953849,2.0039468,3.4931402,9.169792,-0.014049901,-0.004886922,0.002443461,JERKING,10778cb0282b
1777356543342,16385536947773,2.0207062,3.4859576,9.193734,-0.014660766,-0.0061086523,0.0012217305,JERKING,10778cb0282b
1777356543350,16385544942775,2.0254946,3.4691982,9.119514,-0.009162978,-0.005497787,6.1086525E-4,JERKING,10778cb0282b
1777356543358,16385552939083,2.054225,3.4739866,9.076419,-0.004886922,-0.0061086523,0.0,JERKING,10778cb0282b
1777356543366,16385560935700,2.0494366,3.5051112,9.035717,-0.0061086523,-0.004886922,6.1086525E-4,JERKING,10778cb0282b
1777356543374,16385568931163,2.0614076,3.502717,9.028535,-0.0067195175,-0.0018325958,0.0,JERKING,10778cb0282b
1777356543382,16385576955703,2.0733786,3.5003228,9.01417,-0.0067195175,0.0012217305,6.1086525E-4,JERKING,10778cb0282b
1777356543390,16385584954165,2.0709844,3.4979286,9.028535,-0.009773844,0.0036651916,-6.1086525E-4,JERKING,10778cb0282b
1777356543398,16385592946860,2.0566192,3.4931402,9.011775,-0.010995574,0.004886922,-0.0018325958,JERKING,10778cb0282b
1777356543406,16385600945553,2.0326772,3.4739866,8.992621,-0.009773844,0.0061086523,-6.1086525E-4,JERKING,10778cb0282b
1777356543414,16385608939785,2.0350714,3.4620156,9.004593,-0.01160644,0.009162978,0.0,JERKING,10778cb0282b
1777356543422,16385616933248,1.9871874,3.430891,9.040505,-0.01282817,0.01160644,-6.1086525E-4,JERKING,10778cb0282b
1777356543430,16385624930250,1.9847932,3.4093432,9.081207,-0.012217305,0.014660766,6.1086525E-4,JERKING,10778cb0282b
1777356543438,16385632956712,1.9776106,3.3997664,9.083601,-0.01038471,0.014660766,0.0018325958,JERKING,10778cb0282b
1777356543446,16385640953637,1.9440918,3.347094,9.088389,-0.007330383,0.01160644,0.0012217305,JERKING,10778cb0282b
1777356543454,16385648946561,1.9512744,3.3135753,9.033323,-0.0061086523,6.1086525E-4,0.0012217305,JERKING,10778cb0282b
1777356543462,16385656943716,1.99437,3.2202013,8.930372,-0.0018325958,-0.01038471,6.1086525E-4,JERKING,10778cb0282b
1777356543470,16385664941257,2.006341,3.098097,8.832211,-0.0036651916,-0.019547688,0.0012217305,JERKING,10778cb0282b
1777356543478,16385672935488,1.9752164,2.966416,8.688558,-0.007330383,-0.030543262,6.1086525E-4,JERKING,10778cb0282b
1777356543486,16385680930566,1.9440918,2.8921957,8.588001,-0.01282817,-0.03359759,0.0,JERKING,10778cb0282b
1777356543494,16385688955415,1.99437,2.870648,8.616732,-0.020158553,-0.02321288,0.004886922,JERKING,10778cb0282b
1777356543502,16385696952031,2.1691468,2.8203697,8.7532015,-0.037873644,-0.014660766,0.017715093,JERKING,10778cb0282b
1777356543510,16385704947417,1.9895816,2.9496565,8.968679,-0.053145275,-0.027488936,0.007330383,JERKING,10778cb0282b
1777356543518,16385712942495,2.1212628,3.0669725,9.021352,-0.051923547,-0.0067195175,0.025045475,JERKING,10778cb0282b
1777356543526,16385720938189,2.44448,3.0813377,9.095572,-0.04153884,0.045814894,0.050701816,JERKING,10778cb0282b
1777356543534,16385728933036,2.2146366,3.3758245,9.488221,-0.059864793,0.03176499,0.030543262,JERKING,10778cb0282b
1777356543542,16385736960961,1.8004397,3.809175,9.883265,-0.07819075,-0.016493361,-0.007941248,JERKING,10778cb0282b
1777356543550,16385744957885,1.7070658,4.19943,10.101137,-0.05009095,0.009773844,0.0036651916,JERKING,10778cb0282b
1777356543558,16385752952732,1.8507179,4.39336,10.149021,-0.017715093,0.032986723,0.026267206,JERKING,10778cb0282b
1777356543566,16385760948119,1.8818425,4.656722,10.192117,-0.0018325958,0.01038471,0.030543262,JERKING,10778cb0282b
1777356543574,16385768942274,1.8531121,4.7740383,9.821015,0.027488936,-0.013439035,0.015271631,JERKING,10778cb0282b
1777356543582,16385776939430,1.6998832,4.309563,9.153033,0.042760566,-0.023823744,0.0067195175,JERKING,10778cb0282b
1777356543590,16385784933585,1.8722657,3.8067808,8.858546,0.019547688,-0.047647487,0.02076942,JERKING,10778cb0282b
1777356543598,16385792931739,2.0949266,3.4859576,8.789114,-0.0018325958,-0.04153884,0.028099801,JERKING,10778cb0282b
1777356543606,16385800957972,2.2409728,3.2130187,8.662222,0.0018325958,-0.010995574,0.018936822,JERKING,10778cb0282b
1777356543614,16385808950204,2.195483,3.0789435,8.47308,0.02321288,0.009162978,-0.0018325958,JERKING,10778cb0282b
1777356543622,16385816947436,2.078167,3.0454245,8.259995,0.030543262,0.010995574,-0.01160644,JERKING,10778cb0282b
1777356543630,16385824944746,2.0566192,3.1435869,8.224083,0.025045475,0.012217305,-0.0061086523,JERKING,10778cb0282b
1777356543638,16385832938593,2.1284454,3.3207579,8.406042,0.01160644,0.026267206,-0.0030543262,JERKING,10778cb0282b
1777356543646,16385840933055,2.2170308,3.4739866,8.746018,0.0012217305,0.0580322,-0.009773844,JERKING,10778cb0282b
1777356543654,16385848928365,2.2170308,3.5410242,9.004593,-0.0012217305,0.07513642,-0.016493361,JERKING,10778cb0282b
1777356543662,16385856956058,2.1188686,3.5122938,9.188946,-0.0012217305,0.07269296,-0.021380283,JERKING,10778cb0282b
1777356543670,16385864950521,1.9512744,3.4404678,9.275137,-0.0061086523,0.06414085,-0.023823744,JERKING,10778cb0282b
1777356543678,16385872946292,1.769315,3.3279405,9.275137,-0.009773844,0.056199603,-0.019547688,JERKING,10778cb0282b
1777356543686,16385880944755,1.6998832,3.205836,9.284714,-0.012217305,0.04642576,-0.012217305,JERKING,10778cb0282b
1777356543694,16385888937294,1.733402,3.157952,9.284714,-0.0067195175,0.028710667,-0.0030543262,JERKING,10778cb0282b
1777356543702,16385896933912,1.8483237,3.1052797,9.301474,0.0030543262,0.007941248,0.0012217305,JERKING,10778cb0282b
1777356543710,16385904930220,1.9560628,3.1747115,9.244013,0.015882496,-0.012217305,6.1086525E-4,JERKING,10778cb0282b
1777356543718,16385912954606,2.0398598,3.265691,9.119514,0.029321533,-0.023823744,-0.0012217305,JERKING,10778cb0282b
1777356543726,16385920950916,2.0685902,3.4021606,8.992621,0.03176499,-0.020158553,-0.004276057,JERKING,10778cb0282b
1777356543734,16385928945994,2.0398598,3.5170822,8.89446,0.029321533,-0.008552114,-0.0061086523,JERKING,10778cb0282b
1777356543742,16385936941071,1.9991584,3.5793316,8.839393,0.02076942,0.0061086523,-0.0061086523,JERKING,10778cb0282b
1777356543750,16385944939458,1.9393034,3.5817258,8.856153,0.01038471,0.014049901,-0.005497787,JERKING,10778cb0282b
1777356543758,16385952933690,1.9201498,3.5458126,8.908825,6.1086525E-4,0.01160644,-0.004886922,JERKING,10778cb0282b
1777356543766,16385960929999,1.9369092,3.4979286,8.9519205,-0.004276057,0.005497787,-0.002443461,JERKING,10778cb0282b
1777356543774,16385968954539,2.0111294,3.466804,8.971074,-0.0061086523,6.1086525E-4,-6.1086525E-4,JERKING,10778cb0282b
1777356543782,16385976949694,2.0159178,3.430891,9.006987,-0.004276057,-0.004886922,-0.0018325958,JERKING,10778cb0282b
1777356543790,16385984945387,2.0254946,3.394978,9.040505,-0.004886922,-0.007330383,-0.0018325958,JERKING,10778cb0282b
1777356543798,16385992942005,2.0566192,3.394978,9.109938,-0.007330383,0.0018325958,-0.0012217305,JERKING,10778cb0282b
1777356543806,16386000937929,2.0470424,3.3614593,9.188946,-0.007330383,0.0061086523,-0.004276057,JERKING,10778cb0282b
1777356543814,16386008932161,2.0254946,3.3399115,9.217676,-0.0030543262,0.007941248,-0.0030543262,JERKING,10778cb0282b
1777356543822,16386016958240,1.9895816,3.3566709,9.234436,-6.1086525E-4,0.01038471,-0.002443461,JERKING,10778cb0282b
1777356543830,16386024954548,1.9680338,3.3734303,9.203311,0.004886922,0.002443461,-0.002443461,JERKING,10778cb0282b
1777356543838,16386032953011,1.9680338,3.3997664,9.143456,0.009162978,-0.005497787,-0.0012217305,JERKING,10778cb0282b
1777356543846,16386040946936,1.9847932,3.4261026,9.0716305,0.01160644,-0.009162978,0.0012217305,JERKING,10778cb0282b
1777356543854,16386048940783,2.0111294,3.4739866,9.038112,0.01038471,-0.012217305,0.0030543262,JERKING,10778cb0282b
1777356543862,16386056938015,2.0470424,3.4691982,8.9998045,0.009162978,-0.01282817,0.002443461,JERKING,10778cb0282b
1777356543870,16386064933632,2.0374656,3.4979286,8.987833,0.005497787,-0.009162978,-0.0018325958,JERKING,10778cb0282b
1777356543878,16386072960787,2.0494366,3.4739866,8.990228,0.004276057,-0.0061086523,-0.0018325958,JERKING,10778cb0282b
1777356543886,16386080955173,2.0518308,3.4572272,9.009381,6.1086525E-4,0.004886922,-6.1086525E-4,JERKING,10778cb0282b
1777356543894,16386088950944,2.0015526,3.4356794,9.052477,-0.0018325958,0.0012217305,-0.002443461,JERKING,10778cb0282b
1777356543902,16386096946560,2.018312,3.4213142,9.078813,-0.002443461,-0.0018325958,-0.0018325958,JERKING,10778cb0282b
1777356543910,16386104943177,2.006341,3.4237084,9.11712,-0.0012217305,0.0012217305,-0.0012217305,JERKING,10778cb0282b
1777356543918,16386112937717,1.9895816,3.3925838,9.138668,-0.0018325958,0.0018325958,6.1086525E-4,JERKING,10778cb0282b
1777356543926,16386120931488,1.99437,3.383007,9.172187,0.0,-0.002443461,0.0012217305,JERKING,10778cb0282b
1777356543934,16386128958873,2.0111294,3.3662477,9.186552,0.0012217305,-0.004886922,6.1086525E-4,JERKING,10778cb0282b
1777356543942,16386136953337,2.0374656,3.3806129,9.193734,0.0036651916,-0.005497787,0.0,JERKING,10778cb0282b
1777356543950,16386144948722,1.99437,3.394978,9.153033,0.0067195175,-0.0018325958,-6.1086525E-4,JERKING,10778cb0282b
1777356543958,16386152946570,1.970428,3.4380736,9.052477,0.010995574,-0.0036651916,-6.1086525E-4,JERKING,10778cb0282b
1777356543966,16386160942572,1.946486,3.4715924,8.939949,0.015882496,-0.0036651916,6.1086525E-4,JERKING,10778cb0282b
1777356543974,16386168936803,1.9560628,3.5170822,8.887277,0.015271631,-0.008552114,0.0,JERKING,10778cb0282b
1777356543982,16386176932497,1.99437,3.5697548,8.884883,0.01160644,-0.010995574,6.1086525E-4,JERKING,10778cb0282b
1777356543990,16386184928422,1.9847932,3.5553896,8.825027,0.008552114,-0.009162978,0.0,JERKING,10778cb0282b
1777356543998,16386192953961,2.018312,3.5889084,8.832211,0.004886922,-0.009773844,-0.0012217305,JERKING,10778cb0282b
1777356544006,16386200949963,1.9967642,3.6056678,8.825027,-6.1086525E-4,-0.009162978,-6.1086525E-4,JERKING,10778cb0282b
1777356544014,16386208945657,2.0135236,3.6224272,8.89446,-0.007330383,-0.0061086523,-0.0012217305,JERKING,10778cb0282b
1777356544022,16386216941119,2.054225,3.6032736,9.02614,-0.015882496,0.0012217305,0.0,JERKING,10778cb0282b
1777356544030,16386224936737,2.0398598,3.5673606,9.229648,-0.023823744,0.007330383,-0.0012217305,JERKING,10778cb0282b
1777356544038,16386232932738,2.0135236,3.5003228,9.330204,-0.026267206,0.01160644,-0.0030543262,JERKING,10778cb0282b
1777356544046,16386240958969,1.9632454,3.394978,9.32781,-0.017104227,0.007941248,-0.002443461,JERKING,10778cb0282b
1777356544054,16386248954664,1.9153614,3.3901896,9.241618,-0.0036651916,0.0012217305,-0.0012217305,JERKING,10778cb0282b
1777356544062,16386256950049,1.8938135,3.4141316,9.121908,0.002443461,-0.0036651916,6.1086525E-4,JERKING,10778cb0282b
1777356544070,16386264943896,1.9369092,3.4356794,9.085996,0.004886922,0.0,0.0018325958,JERKING,10778cb0282b
1777356544078,16386272941052,1.9416976,3.4452562,9.109938,0.0030543262,-0.002443461,0.0036651916,JERKING,10778cb0282b
1777356544086,16386280937053,1.958457,3.4332852,9.102755,0.0018325958,-0.0030543262,0.0036651916,JERKING,10778cb0282b
1777356544094,16386288932208,1.9847932,3.4452562,9.035717,0.0061086523,-0.007330383,0.0012217305,JERKING,10778cb0282b
1777356544102,16386296958672,2.0111294,3.4811692,8.920795,0.0067195175,-0.007330383,0.0018325958,JERKING,10778cb0282b
1777356544110,16386304953057,2.0159178,3.5003228,8.841787,0.004886922,-0.0067195175,0.0012217305,JERKING,10778cb0282b
1777356544118,16386312948751,2.0254946,3.4979286,8.882488,-0.0012217305,-0.0012217305,0.0012217305,JERKING,10778cb0282b
1777356544126,16386320945060,2.0350714,3.4476504,8.949526,-0.01038471,0.004886922,0.0,JERKING,10778cb0282b
1777356544134,16386328942061,2.0207062,3.4356794,9.040505,-0.012217305,0.0067195175,-0.0018325958,JERKING,10778cb0282b
1777356544142,16386336936755,2.0087352,3.4332852,9.093178,-0.012217305,0.009162978,-0.0036651916,JERKING,10778cb0282b
1777356544150,16386344931218,1.982399,3.3973722,9.069236,-0.012217305,0.009162978,-0.002443461,JERKING,10778cb0282b
1777356544158,16386352958681,1.9369092,3.383007,9.124303,-0.01038471,0.004886922,-0.002443461,JERKING,10778cb0282b
1777356544166,16386360954067,1.9560628,3.3494883,9.153033,-0.008552114,0.0036651916,-0.0012217305,JERKING,10778cb0282b
1777356544174,16386368948453,1.9297266,3.3662477,9.157822,-0.0036651916,0.0,0.0,JERKING,10778cb0282b
1777356544182,16386376944839,1.970428,3.3758245,9.119514,6.1086525E-4,-0.0018325958,0.0018325958,JERKING,10778cb0282b
1777356544190,16386384940224,1.9752164,3.430891,9.085996,0.0061086523,-0.0036651916,0.002443461,JERKING,10778cb0282b
1777356544198,16386392935611,1.9680338,3.4572272,9.018958,0.008552114,-0.0061086523,0.0012217305,JERKING,10778cb0282b
1777356544206,16386400933381,1.9967642,3.4811692,8.937555,0.01160644,-0.007941248,0.0012217305,JERKING,10778cb0282b
1777356544214,16386408957075,2.0159178,3.4117374,8.813056,0.014049901,-0.01160644,6.1086525E-4,JERKING,10778cb0282b
1777356544222,16386416953692,2.0446482,3.2920272,8.66701,0.014660766,-0.01282817,-6.1086525E-4,JERKING,10778cb0282b
1777356544230,16386424949385,2.0709844,3.0621839,8.506598,0.014660766,-0.014049901,-0.004276057,JERKING,10778cb0282b
1777356544238,16386432944463,2.0374656,2.8634653,8.444349,0.004276057,-0.021991149,-0.010995574,JERKING,10778cb0282b
1777356544246,16386440939542,1.9871874,2.8443117,8.597578,-0.01160644,-0.03726278,-0.016493361,JERKING,10778cb0282b
1777356544254,16386448936236,2.0518308,2.8754363,8.880095,-0.029321533,-0.05681047,-0.021991149,JERKING,10778cb0282b
1777356544262,16386456930929,2.030283,2.9759927,9.174581,-0.044593163,-0.08307768,-0.026267206,JERKING,10778cb0282b
1777356544270,16386464957393,2.1212628,3.1842883,9.361329,-0.044593163,-0.07391469,-0.007941248,JERKING,10778cb0282b
1777356544278,16386472952547,2.3247697,3.383007,9.380483,-0.036651913,-0.04153884,0.02321288,JERKING,10778cb0282b
1777356544286,16386480950625,2.585738,3.3662477,9.299079,-0.021380283,0.0061086523,0.04520403,JERKING,10778cb0282b
1777356544294,16386488943550,2.5234885,3.4644098,9.483433,-0.019547688,0.040927973,0.034208454,JERKING,10778cb0282b
1777356544302,16386496939013,1.7621324,4.000711,10.065224,-0.047647487,0.0,-0.02321288,JERKING,10778cb0282b
1777356544310,16386504934322,1.2449849,4.4196963,10.268731,-0.03604105,-0.032375857,-0.040927973,JERKING,10778cb0282b
1777356544318,16386512931016,1.5873557,4.5274353,9.923966,0.015271631,0.010995574,0.014049901,JERKING,10778cb0282b
1777356544326,16386520959632,1.8770541,4.39336,9.394848,0.036651913,0.004886922,0.030543262,JERKING,10778cb0282b
1777356544334,16386528952787,1.6543933,4.185065,9.074024,0.025045475,-0.048258353,0.005497787,JERKING,10778cb0282b
1777356544342,16386536947943,1.8267759,3.8714242,8.781932,0.015882496,-0.03848451,0.017715093,JERKING,10778cb0282b
1777356544350,16386544944252,2.030283,3.6296098,8.710106,0.009162978,-0.01038471,0.021991149,JERKING,10778cb0282b
1777356544358,16386552938945,2.1380222,3.4141316,8.63828,0.008552114,-6.1086525E-4,0.017104227,JERKING,10778cb0282b
1777356544366,16386560935947,2.1859062,3.2273839,8.556877,0.01160644,0.0018325958,0.009773844,JERKING,10778cb0282b
1777356544374,16386568931025,2.1523874,3.1364043,8.451532,0.014049901,0.007330383,6.1086525E-4,JERKING,10778cb0282b
1777356544382,16386576958949,2.1188686,3.1842883,8.47308,0.007941248,0.02565634,-0.0030543262,JERKING,10778cb0282b
1777356544390,16386584953490,2.1308396,3.2968156,8.616732,-0.0012217305,0.0421497,-6.1086525E-4,JERKING,10778cb0282b
1777356544398,16386592946952,2.1859062,3.4093432,8.90643,-0.0030543262,0.065973446,0.0012217305,JERKING,10778cb0282b
1777356544406,16386600945493,2.15957,3.4691982,9.121908,-0.0036651916,0.08124508,-0.0036651916,JERKING,10778cb0282b
1777356544414,16386608940186,2.0614076,3.478775,9.306262,-0.004886922,0.076358154,-0.009773844,JERKING,10778cb0282b
1777356544422,16386616935649,1.9321208,3.4141316,9.375694,-0.004276057,0.05497787,-0.014660766,JERKING,10778cb0282b
1777356544430,16386624932266,1.8100165,3.3375173,9.320627,-0.004886922,0.03604105,-0.01160644,JERKING,10778cb0282b
1777356544438,16386632955959,1.7310078,3.2393548,9.26556,-0.002443461,0.021991149,-0.0067195175,JERKING,10778cb0282b
1777356544446,16386640950960,1.7477672,3.1651347,9.172187,0.002443461,0.007330383,0.0012217305,JERKING,10778cb0282b
1777356544454,16386648948578,1.8579005,3.1387985,9.088389,0.010995574,-0.007330383,0.0036651916,JERKING,10778cb0282b
1777356544462,16386656942348,1.9919758,3.1986535,9.057265,0.016493361,-0.017104227,0.0067195175,JERKING,10778cb0282b
1777356544470,16386664940580,2.111686,3.3159695,9.011775,0.021380283,-0.019547688,0.002443461,JERKING,10778cb0282b
1777356544478,16386672934736,2.1284454,3.4093432,8.980651,0.02321288,-0.013439035,-6.1086525E-4,JERKING,10778cb0282b
1777356544486,16386680930967,2.0709844,3.5122938,8.942344,0.02076942,6.1086525E-4,-0.005497787,JERKING,10778cb0282b
1777356544494,16386688956584,2.0207062,3.5482068,8.916007,0.01160644,0.015882496,-0.005497787,JERKING,10778cb0282b
1777356544502,16386696951971,1.9440918,3.5314474,8.935161,0.005497787,0.021991149,-0.005497787,JERKING,10778cb0282b
1777356544510,16386704947587,1.9393034,3.5003228,8.947132,6.1086525E-4,0.017104227,-0.0030543262,JERKING,10778cb0282b
1777356544518,16386712944896,1.9536686,3.4739866,8.9758625,-0.0018325958,0.009162978,-6.1086525E-4,JERKING,10778cb0282b
1777356544526,16386720939052,1.9752164,3.4524388,9.011775,-0.0012217305,0.0036651916,0.0018325958,JERKING,10778cb0282b
1777356544534,16386728934360,2.006341,3.4213142,9.030929,-0.0012217305,-0.002443461,6.1086525E-4,JERKING,10778cb0282b
1777356544542,16386736960207,2.0494366,3.3997664,9.081207,-0.002443461,0.002443461,-6.1086525E-4,JERKING,10778cb0282b
1777356544550,16386744956902,2.0326772,3.394978,9.153033,-0.005497787,0.007941248,-6.1086525E-4,JERKING,10778cb0282b
1777356544558,16386752951057,2.0231004,3.3854012,9.196129,-0.004886922,0.01038471,-0.0018325958,JERKING,10778cb0282b
1777356544566,16386760947904,1.99437,3.394978,9.220071,0.0012217305,0.007330383,-0.0012217305,JERKING,10778cb0282b
1777356544574,16386768942983,1.9919758,3.3901896,9.210494,0.004276057,0.004886922,0.0,JERKING,10778cb0282b
1777356544582,16386776937445,1.99437,3.4237084,9.157822,0.007330383,0.0,0.0012217305,JERKING,10778cb0282b
1777356544590,16386784933446,2.0135236,3.4356794,9.085996,0.01160644,-0.007941248,0.0030543262,JERKING,10778cb0282b
1777356544598,16386792930987,2.0326772,3.4620156,9.004593,0.01282817,-0.007941248,0.0,JERKING,10778cb0282b
1777356544606,16386800956526,2.0470424,3.478775,8.947132,0.01038471,-0.004276057,0.002443461,JERKING,10778cb0282b
1777356544614,16386808951373,2.0207062,3.454833,8.949526,0.004886922,6.1086525E-4,0.0,JERKING,10778cb0282b
1777356544622,16386816946452,2.0254946,3.4644098,8.963891,0.0018325958,0.005497787,-6.1086525E-4,JERKING,10778cb0282b
1777356544630,16386824943607,1.9847932,3.4715924,9.002198,0.0,0.0061086523,-0.0012217305,JERKING,10778cb0282b
1777356544638,16386832939070,2.0207062,3.4572272,9.021352,-6.1086525E-4,0.004276057,0.0,JERKING,10778cb0282b
1777356544646,16386840934687,2.0087352,3.4500446,9.066842,-0.0018325958,0.0018325958,-0.002443461,JERKING,10778cb0282b
1777356544654,16386848930073,2.0111294,3.4332852,9.11712,-0.004276057,6.1086525E-4,-0.0012217305,JERKING,10778cb0282b
1777356544662,16386856955305,2.0015526,3.4404678,9.141062,-0.0036651916,0.0030543262,-0.0018325958,JERKING,10778cb0282b
1777356544670,16386864950768,2.0015526,3.406949,9.155427,-0.0012217305,0.0036651916,0.0,JERKING,10778cb0282b
1777356544678,16386872945846,1.982399,3.383007,9.150639,6.1086525E-4,-0.0018325958,-6.1086525E-4,JERKING,10778cb0282b
1777356544686,16386880944232,1.9728222,3.406949,9.121908,0.0030543262,-0.0018325958,0.0,JERKING,10778cb0282b
1777356544694,16386888937234,1.9800048,3.4165258,9.085996,0.005497787,-0.0030543262,0.0012217305,JERKING,10778cb0282b
1777356544702,16386896936004,1.9632454,3.4691982,9.059659,0.007330383,-0.004276057,6.1086525E-4,JERKING,10778cb0282b
1777356544710,16386904928543,1.9871874,3.4883518,9.038112,0.007330383,-0.0067195175,0.0,JERKING,10778cb0282b
1777356544718,16386912954699,1.9847932,3.5098996,9.01417,0.004276057,-0.0061086523,0.0012217305,JERKING,10778cb0282b
1777356544726,16386920950393,1.9847932,3.5242648,8.995016,0.0036651916,-0.0030543262,-6.1086525E-4,JERKING,10778cb0282b
1777356544734,16386928946394,1.9656396,3.5290532,8.990228,0.0012217305,-0.0030543262,6.1086525E-4,JERKING,10778cb0282b
1777356544742,16386936941550,1.958457,3.5194764,8.990228,0.0,-0.004276057,0.0,JERKING,10778cb0282b
1777356544750,16386944938704,1.9656396,3.502717,8.99741,-0.0036651916,-0.0018325958,-6.1086525E-4,JERKING,10778cb0282b
1777356544758,16386952934090,1.970428,3.4859576,9.028535,-0.0061086523,-0.0030543262,6.1086525E-4,JERKING,10778cb0282b
1777356544766,16386960960631,1.9512744,3.4644098,9.054871,-0.0067195175,0.0,6.1086525E-4,JERKING,10778cb0282b
1777356544774,16386968954401,1.9656396,3.4859576,9.054871,-0.0036651916,0.002443461,0.0,JERKING,10778cb0282b
1777356544782,16386976951710,1.9800048,3.5075054,9.11712,-0.005497787,0.0030543262,0.0018325958,JERKING,10778cb0282b
1777356544790,16386984945865,1.9632454,3.4859576,9.174581,-0.007941248,0.004886922,0.0012217305,JERKING,10778cb0282b
1777356544798,16386992941174,2.0015526,3.4452562,9.244013,-0.0067195175,0.0061086523,0.002443461,JERKING,10778cb0282b
1777356544806,16387000936868,1.99437,3.4380736,9.215282,-0.002443461,0.004276057,0.0012217305,JERKING,10778cb0282b
1777356544814,16387008932254,1.9895816,3.4045548,9.102755,0.004276057,0.002443461,0.0012217305,JERKING,10778cb0282b
1777356544822,16387016958717,1.9919758,3.4404678,9.054871,0.0061086523,-0.0030543262,0.0012217305,JERKING,10778cb0282b
1777356544830,16387024953872,1.9967642,3.4763808,9.030929,0.007330383,0.0012217305,0.002443461,JERKING,10778cb0282b
1777356544838,16387032950720,1.9967642,3.5170822,9.050082,0.004276057,0.0030543262,0.0036651916,JERKING,10778cb0282b
1777356544846,16387040946798,2.0278888,3.560178,9.085996,0.0012217305,0.0018325958,0.002443461,JERKING,10778cb0282b
1777356544854,16387048940953,2.0326772,3.5290532,9.131485,-0.002443461,0.0018325958,0.002443461,JERKING,10778cb0282b
1777356544862,16387056938416,2.0231004,3.4883518,9.074024,-0.004276057,-0.007330383,0.002443461,JERKING,10778cb0282b
1777356544870,16387064932571,1.99437,3.4404678,8.944737,0.0,-0.010995574,0.0012217305,JERKING,10778cb0282b
1777356544878,16387072959727,1.9800048,3.4691982,8.846576,0.0012217305,-0.009773844,0.0,JERKING,10778cb0282b
1777356544886,16387080956574,2.006341,3.4524388,8.817844,-0.002443461,-0.0067195175,0.0018325958,JERKING,10778cb0282b
1777356544894,16387088950113,2.0398598,3.4644098,8.913613,-0.009773844,-6.1086525E-4,0.0018325958,JERKING,10778cb0282b
1777356544902,16387096945885,2.0254946,3.454833,8.983045,-0.01282817,0.0061086523,0.0012217305,JERKING,10778cb0282b
1777356544910,16387104941578,2.0111294,3.454833,9.057265,-0.010995574,0.007330383,0.0,JERKING,10778cb0282b
1777356544918,16387112935656,1.9752164,3.4476504,9.085996,-0.010995574,0.007330383,-0.002443461,JERKING,10778cb0282b
1777356544926,16387120934427,1.9728222,3.4596214,9.102755,-0.01038471,0.007330383,-0.0012217305,JERKING,10778cb0282b
1777356544934,16387128958197,1.9488802,3.4476504,9.109938,-0.007330383,0.004886922,-6.1086525E-4,JERKING,10778cb0282b
1777356544942,16387136954506,1.9440918,3.4404678,9.045294,-0.002443461,0.002443461,0.0,JERKING,10778cb0282b
1777356544950,16387144951047,1.9416976,3.4141316,8.987833,6.1086525E-4,0.0012217305,0.002443461,JERKING,10778cb0282b
1777356544958,16387152944971,1.9800048,3.3758245,8.920795,0.0018325958,-0.004276057,0.0030543262,JERKING,10778cb0282b
1777356544966,16387160940356,2.0925324,2.956839,8.791509,0.0036651916,-0.01160644,6.1086525E-4,JERKING,10778cb0282b
1777356544974,16387168936897,2.0949266,2.5067291,8.640674,-0.0018325958,-0.04337143,-0.004276057,JERKING,10778cb0282b
1777356544982,16387176932052,2.018312,2.0733786,8.413225,-0.01038471,-0.0983493,-0.01282817,JERKING,10778cb0282b
1777356544990,16387184930822,1.8076223,2.1811178,8.465898,-0.03848451,-0.16920967,-0.017715093,JERKING,10778cb0282b
1777356544998,16387192953901,1.6783354,2.7820623,8.535329,-0.054367006,-0.1826487,-0.02321288,JERKING,10778cb0282b
1777356545006,16387200950748,2.5354595,2.861071,8.169016,0.014049901,0.03359759,0.07269296,JERKING,10778cb0282b
1777356545014,16387208944672,3.1842883,2.8921957,8.463503,0.009162978,0.112399206,0.08307768,JERKING,10778cb0282b
1777356545022,16387216941520,2.3295584,3.8426938,9.962274,-0.07574729,0.018936822,-0.032986723,JERKING,10778cb0282b
1777356545030,16387224935367,1.2856863,4.7261543,11.056423,-0.116675265,-0.06169739,-0.112399206,JERKING,10778cb0282b
1777356545038,16387232932676,1.5897499,5.161899,11.123461,-0.017104227,0.059253927,-0.036651913,JERKING,10778cb0282b
1777356545046,16387240959140,1.8459295,5.2409077,10.709264,0.032986723,0.07696902,-6.1086525E-4,JERKING,10778cb0282b
1777356545054,16387248953218,1.2952632,5.2409077,10.199299,0.028099801,-0.020158553,-0.017715093,JERKING,10778cb0282b
1777356545062,16387256948680,1.3120226,4.570531,9.308656,0.040927973,-0.06658431,-6.1086525E-4,JERKING,10778cb0282b
1777356545070,16387264945913,1.8890251,3.8642416,8.813056,0.02321288,-0.08246681,0.042760566,JERKING,10778cb0282b
1777356545078,16387272942222,2.2529438,3.229778,8.74123,-0.010995574,-0.08368854,0.05375614,JERKING,10778cb0282b
1777356545086,16387280936915,2.4061728,2.8491,8.578424,0.0012217305,-0.05497787,0.036651913,JERKING,10778cb0282b
1777356545094,16387288931763,2.3822308,2.6408045,8.224083,0.031154128,-0.02565634,0.015882496,JERKING,10778cb0282b
1777356545102,16387296958533,2.2337902,2.7461493,7.955932,0.047647487,-0.0061086523,0.0030543262,JERKING,10778cb0282b
1777356545110,16387304954150,2.1739352,3.122039,7.9367785,0.045814894,0.020158553,0.0012217305,JERKING,10778cb0282b
1777356545118,16387312949229,2.2409728,3.490746,8.24563,0.021380283,0.07696902,0.0036651916,JERKING,10778cb0282b
1777356545126,16387320946461,2.2002714,3.727772,8.760384,0.0061086523,0.12217305,-0.009162978,JERKING,10778cb0282b
1777356545134,16387328940000,2.1380222,3.787627,9.184157,-0.009162978,0.14110987,-0.018325957,JERKING,10778cb0282b
1777356545142,16387336936002,2.042254,3.7014358,9.469068,-0.022602014,0.12644911,-0.02076942,JERKING,10778cb0282b
1777356545150,16387344932695,1.8818425,3.4979286,9.555259,-0.026267206,0.065973446,-0.019547688,JERKING,10778cb0282b
1777356545158,16387352957235,1.7238252,3.2465374,9.457097,-0.023823744,0.028099801,-0.015271631,JERKING,10778cb0282b
1777356545166,16387360954160,1.6160861,2.9783869,9.320627,-0.018325957,0.012217305,-0.01038471,JERKING,10778cb0282b
1777356545174,16387368949007,1.6543933,2.8634653,9.227253,-0.0067195175,0.004886922,-0.005497787,JERKING,10778cb0282b
1777356545182,16387376945008,1.8124107,2.8658595,9.222465,0.002443461,-0.012217305,0.002443461,JERKING,10778cb0282b
1777356545190,16387384940933,2.0015526,3.0119057,9.222465,0.019547688,-0.028710667,0.005497787,JERKING,10778cb0282b
1777356545198,16387392936627,2.135628,3.1842883,9.179369,0.030543262,-0.028099801,0.0036651916,JERKING,10778cb0282b
1777356545206,16387400932936,2.147599,3.4500446,9.109938,0.037873644,-0.016493361,-0.0012217305,JERKING,10778cb0282b
1777356545214,16387408956630,2.066196,3.608062,8.987833,0.037873644,-0.0012217305,-0.007330383,JERKING,10778cb0282b
1777356545222,16387416952938,1.9967642,3.70383,8.908825,0.027488936,0.008552114,-0.009162978,JERKING,10778cb0282b
1777356545230,16387424948633,1.9488802,3.679888,8.880095,0.013439035,0.002443461,-0.0036651916,JERKING,10778cb0282b
1777356545238,16387432945018,1.9800048,3.5697548,8.872911,0.0030543262,-0.004886922,6.1086525E-4,JERKING,10778cb0282b
1777356545246,16387440941558,2.006341,3.4979286,8.851364,-0.002443461,-0.0061086523,0.002443461,JERKING,10778cb0282b
1777356545254,16387448935406,2.0350714,3.4261026,8.825027,-0.004276057,-0.005497787,0.0030543262,JERKING,10778cb0282b
1777356545262,16387456931176,2.066196,3.4093432,8.901642,-0.007941248,0.0018325958,0.0012217305,JERKING,10778cb0282b
1777356545270,16387464958177,2.0614076,3.4093432,8.99741,-0.012217305,0.005497787,-0.002443461,JERKING,10778cb0282b
1777356545278,16387472953025,2.0709844,3.4093432,9.196129,-0.013439035,0.012217305,-0.002443461,JERKING,10778cb0282b
1777356545286,16387480950796,2.066196,3.4213142,9.31105,-0.013439035,0.021991149,-0.0036651916,JERKING,10778cb0282b
1777356545294,16387488943181,1.9752164,3.4045548,9.3661175,-0.007330383,0.02076942,-0.0061086523,JERKING,10778cb0282b
1777356545302,16387496939722,1.9081788,3.3925838,9.339781,0.0018325958,0.009162978,-0.002443461,JERKING,10778cb0282b
1777356545310,16387504934492,1.8914193,3.383007,9.220071,0.008552114,-6.1086525E-4,-0.0012217305,JERKING,10778cb0282b
1777356545318,16387512931801,1.9321208,3.430891,9.083601,0.015271631,-0.013439035,0.0018325958,JERKING,10778cb0282b
1777356545326,16387520957880,2.0207062,3.4596214,8.978256,0.017104227,-0.020158553,0.0061086523,JERKING,10778cb0282b
1777356545334,16387528952958,2.0638018,3.502717,8.913613,0.01282817,-0.016493361,0.005497787,JERKING,10778cb0282b
1777356545342,16387536949036,2.099715,3.526659,8.908825,0.01038471,-0.01038471,0.004276057,JERKING,10778cb0282b
1777356545350,16387544945268,2.078167,3.5314474,8.92319,0.004276057,-0.004276057,0.0012217305,JERKING,10778cb0282b
1777356545358,16387552939192,2.0805612,3.514688,8.918402,-6.1086525E-4,0.004276057,-0.0012217305,JERKING,10778cb0282b
1777356545366,16387560936117,2.0566192,3.502717,8.980651,-0.005497787,0.007941248,-0.0030543262,JERKING,10778cb0282b
1777356545374,16387568930272,2.0039468,3.4404678,9.009381,-0.009773844,0.009773844,-0.0030543262,JERKING,10778cb0282b
1777356545382,16387576955812,1.9847932,3.4021606,9.009381,-0.008552114,0.008552114,-0.002443461,JERKING,10778cb0282b
1777356545390,16387584953351,1.982399,3.4165258,9.0429,-0.007941248,0.0067195175,0.0,JERKING,10778cb0282b
1777356545398,16387592948738,1.9752164,3.3901896,9.11712,-0.007941248,0.0036651916,-6.1086525E-4,JERKING,10778cb0282b
1777356545406,16387600944354,1.970428,3.3901896,9.176975,-0.007941248,0.004276057,0.0018325958,JERKING,10778cb0282b
1777356545414,16387608938586,1.9895816,3.3758245,9.210494,-0.0036651916,0.002443461,0.0012217305,JERKING,10778cb0282b
1777356545422,16387616934588,1.9919758,3.3877954,9.208099,-0.0012217305,-0.002443461,0.0012217305,JERKING,10778cb0282b
1777356545430,16387624930820,1.9919758,3.3734303,9.200917,6.1086525E-4,-0.004886922,6.1086525E-4,JERKING,10778cb0282b
1777356545438,16387632956436,1.9728222,3.3494883,9.212888,0.0012217305,-0.0036651916,0.0018325958,JERKING,10778cb0282b
1777356545446,16387640952669,1.9776106,3.406949,9.138668,0.005497787,-0.0030543262,0.0,JERKING,10778cb0282b
1777356545454,16387648947516,1.9536686,3.430891,9.062054,0.007330383,-0.0067195175,0.0012217305,JERKING,10778cb0282b
1777356545462,16387656942902,1.9728222,3.4644098,9.074024,0.004276057,-0.007941248,0.0012217305,JERKING,10778cb0282b
1777356545470,16387664939827,1.9847932,3.490746,9.090784,0.002443461,-0.0030543262,6.1086525E-4,JERKING,10778cb0282b
1777356545478,16387672934290,1.99437,3.514688,9.062054,0.0036651916,0.004276057,0.0012217305,JERKING,10778cb0282b
1777356545486,16387680961291,1.982399,3.5242648,9.119514,0.0,0.005497787,-6.1086525E-4,JERKING,10778cb0282b
1777356545494,16387688956062,1.9369092,3.53863,9.198523,-0.0036651916,0.0067195175,0.0,JERKING,10778cb0282b
1777356545502,16387696954294,1.946486,3.4883518,9.186552,-0.0018325958,0.0061086523,0.0012217305,JERKING,10778cb0282b
1777356545510,16387704946910,1.9416976,3.442862,9.057265,0.0061086523,0.0018325958,0.0018325958,JERKING,10778cb0282b
1777356545518,16387712942220,1.9249382,3.454833,8.949526,0.01160644,-0.0030543262,0.002443461,JERKING,10778cb0282b
1777356545526,16387720939836,1.9297266,3.4500446,8.868123,0.012217305,-6.1086525E-4,0.0,JERKING,10778cb0282b
1777356545534,16387728934222,1.9393034,3.454833,8.889671,0.007941248,0.0,0.002443461,JERKING,10778cb0282b
1777356545542,16387736931455,1.9536686,3.490746,8.966286,0.0012217305,0.0012217305,0.0018325958,JERKING,10778cb0282b
1777356545550,16387744957071,2.0135236,3.4620156,8.968679,0.0,-0.002443461,0.0012217305,JERKING,10778cb0282b
1777356545558,16387752951226,2.0254946,3.4883518,8.932767,0.0012217305,-0.0036651916,0.0018325958,JERKING,10778cb0282b
1777356545566,16387760947459,2.0159178,3.5122938,8.959103,-6.1086525E-4,0.004886922,-0.0012217305,JERKING,10778cb0282b
1777356545574,16387768942844,2.0207062,3.5338416,9.038112,-0.005497787,0.01038471,-0.0018325958,JERKING,10778cb0282b
1777356545582,16387776939845,2.0159178,3.5434184,9.176975,-0.008552114,0.016493361,0.0,JERKING,10778cb0282b
1777356545590,16387784935463,1.9895816,3.5122938,9.255983,-0.010995574,0.012217305,-0.0012217305,JERKING,10778cb0282b
1777356545598,16387792929387,1.970428,3.4739866,9.270349,-0.007941248,0.005497787,-6.1086525E-4,JERKING,10778cb0282b
1777356545606,16387800957927,1.9440918,3.4165258,9.198523,-0.005497787,-0.002443461,0.0,JERKING,10778cb0282b
1777356545614,16387808950928,1.9201498,3.4237084,9.078813,6.1086525E-4,-0.01038471,-0.0012217305,JERKING,10778cb0282b
1777356545622,16387816946929,1.9895816,3.4452562,9.004593,0.002443461,-0.016493361,0.0012217305,JERKING,10778cb0282b
1777356545630,16387824942624,2.0398598,3.466804,8.978256,0.002443461,-0.012217305,0.0036651916,JERKING,10778cb0282b
1777356545638,16387832937394,2.018312,3.4739866,8.968679,0.002443461,-0.008552114,0.0030543262,JERKING,10778cb0282b
1777356545646,16387840934318,2.0207062,3.478775,8.939949,-6.1086525E-4,-0.004886922,0.0036651916,JERKING,10778cb0282b
1777356545654,16387848928782,2.0590134,3.514688,8.947132,-0.0030543262,-0.0012217305,0.0018325958,JERKING,10778cb0282b
1777356545662,16387856955167,2.0518308,3.4835634,8.949526,-0.0067195175,-0.0018325958,0.002443461,JERKING,10778cb0282b
1777356545670,16387864950245,2.0925324,3.4261026,8.947132,-0.009773844,-0.0012217305,0.0030543262,JERKING,10778cb0282b
1777356545678,16387872946016,2.0709844,3.3063924,9.002198,-0.014660766,0.0,0.0,JERKING,10778cb0282b
1777356545686,16387880941941,2.0087352,3.2441432,9.040505,-0.016493361,-0.005497787,-0.002443461,JERKING,10778cb0282b
1777356545694,16387888939865,2.0709844,3.0789435,8.925584,-0.012217305,-0.01160644,-0.0018325958,JERKING,10778cb0282b
1777356545702,16387896934559,1.8507179,3.0023289,8.801085,-0.016493361,-0.04337143,-0.008552114,JERKING,10778cb0282b
1777356545710,16387904930252,1.6591818,3.0621839,8.698134,-0.031154128,-0.07086037,0.013439035,JERKING,10778cb0282b
1777356545718,16387912956715,2.2625206,2.5474305,8.082825,-0.0067195175,0.007941248,0.081855945,JERKING,10778cb0282b
1777356545726,16387920950871,2.669535,1.8938135,7.6853876,0.0,0.077579886,0.10751228,JERKING,10778cb0282b
1777356545734,16387928947564,2.267309,1.8962077,8.185776,-0.087964594,-0.0067195175,0.049480084,JERKING,10778cb0282b
1777356545742,16387936943180,1.8243817,2.4827871,9.021352,-0.13500121,-0.06047566,-6.1086525E-4,JERKING,10778cb0282b
1777356545750,16387944939875,1.8435353,3.3159695,9.753978,-0.10567969,-0.032986723,-0.007941248,JERKING,10778cb0282b
1777356545758,16387952933414,2.0733786,3.9456444,10.2495775,-0.045814894,0.012217305,0.005497787,JERKING,10778cb0282b
1777356545766,16387960928492,2.0087352,4.43885,10.637438,-0.01282817,-6.1086525E-4,0.008552114,JERKING,10778cb0282b
1777356545774,16387968954340,1.934515,5.1882353,10.972627,0.0067195175,0.008552114,0.013439035,JERKING,10778cb0282b
1777356545782,16387976951880,1.5897499,5.9759274,11.013328,0.025045475,0.06352998,-0.0061086523,JERKING,10778cb0282b
1777356545790,16387984945958,0.9528923,5.899313,10.45069,0.052534413,0.11911872,-0.03176499,JERKING,10778cb0282b
1777356545798,16387992943498,1.0319009,4.7907977,9.835381,0.04153884,0.0580322,-0.01282817,JERKING,10778cb0282b
1777356545806,16388000938038,1.8746599,3.6176388,9.464279,-0.009162978,-0.10934488,0.05131268,JERKING,10778cb0282b
1777356545814,16388008933962,2.267309,2.8514943,8.884883,0.0030543262,-0.21135938,0.057421334,JERKING,10778cb0282b
1777356545822,16388016958041,2.3702598,2.4420857,8.010999,0.052534413,-0.18387043,0.028099801,JERKING,10778cb0282b
1777356545830,16388024955580,2.3199813,2.4133554,7.419631,0.08857546,-0.12950343,0.0018325958,JERKING,10778cb0282b
1777356545838,16388032950043,2.2840683,2.6024973,7.144298,0.09162979,-0.07513642,-0.009162978,JERKING,10778cb0282b
1777356545846,16388040946891,2.4229321,3.1268275,7.443573,0.048258353,0.01160644,-0.0036651916,JERKING,10778cb0282b
1777356545854,16388048941738,2.5258827,3.5410242,8.085219,0.013439035,0.09040806,-0.007941248,JERKING,10778cb0282b
1777356545862,16388056936739,2.468422,3.7780502,8.856153,-0.008552114,0.17104226,-0.021991149,JERKING,10778cb0282b
1777356545870,16388064932434,2.2529438,3.799598,9.375694,-0.02443461,0.2125811,-0.037873644,JERKING,10778cb0282b
1777356545878,16388072958665,1.946486,3.6703112,9.749189,-0.034208454,0.18203785,-0.043982297,JERKING,10778cb0282b
1777356545886,16388080954666,1.7549498,3.4883518,9.837775,-0.040927973,0.09040806,-0.035430185,JERKING,10778cb0282b
1777356545894,16388088952438,1.5825673,3.2561142,9.65821,-0.029321533,0.02565634,-0.026267206,JERKING,10778cb0282b
1777356545902,16388096946977,1.5370775,2.954445,9.337387,-0.013439035,-0.013439035,-0.017715093,JERKING,10778cb0282b
1777356545910,16388104944132,1.5801731,2.767697,9.129091,0.0,-0.026267206,-0.007330383,JERKING,10778cb0282b
1777356545918,16388112937057,1.7836803,2.767697,9.100361,0.009162978,-0.03176499,0.007330383,JERKING,10778cb0282b
1777356545926,16388120934981,2.0374656,2.9496565,9.215282,0.015271631,-0.032986723,0.013439035,JERKING,10778cb0282b
1777356545934,16388128958905,2.2361844,3.2249897,9.272743,0.028710667,-0.03359759,0.0067195175,JERKING,10778cb0282b
1777356545942,16388136956830,2.219425,3.4261026,9.196129,0.03970624,-0.029932396,-0.005497787,JERKING,10778cb0282b
1777356545950,16388144951293,2.1140802,3.5936968,8.956709,0.043982297,-0.016493361,-0.010995574,JERKING,10778cb0282b
1777356545958,16388152945063,2.0326772,3.6894648,8.836999,0.030543262,0.007330383,-0.009162978,JERKING,10778cb0282b
1777356545966,16388160941757,1.9249382,3.6870706,8.767567,0.014049901,0.0067195175,-0.009162978,JERKING,10778cb0282b
1777356545974,16388168936451,1.8914193,3.5625722,8.803479,0.0012217305,0.0030543262,-0.0061086523,JERKING,10778cb0282b
1777356545982,16388176933683,1.9129672,3.4931402,8.870518,-0.004886922,6.1086525E-4,-0.0018325958,JERKING,10778cb0282b
1777356545990,16388184957377,1.9608512,3.4380736,8.935161,-0.008552114,-0.004276057,0.0030543262,JERKING,10778cb0282b
1777356545998,16388192953455,2.054225,3.4093432,8.9998045,-0.007941248,-0.007330383,0.004276057,JERKING,10778cb0282b
1777356546006,16388200950687,2.1021092,3.3806129,9.054871,-0.007330383,-0.007941248,6.1086525E-4,JERKING,10778cb0282b
1777356546014,16388208946073,2.1260512,3.4141316,9.167398,-0.010995574,0.0,0.0,JERKING,10778cb0282b
1777356546022,16388216941997,2.111686,3.4117374,9.263166,-0.010995574,0.014049901,-0.0030543262,JERKING,10778cb0282b
1777356546030,16388224936153,2.0039468,3.4117374,9.358934,-0.007941248,0.015882496,-0.007330383,JERKING,10778cb0282b
1777356546038,16388232933077,1.8962077,3.4141316,9.32781,0.0012217305,0.014660766,-0.007330383,JERKING,10778cb0282b
1777356546046,16388240957771,1.8483237,3.4500446,9.244013,0.01038471,0.007941248,-0.0030543262,JERKING,10778cb0282b
1777356546054,16388248924465,1.8531121,3.4620156,9.121908,0.015882496,-0.0067195175,0.0012217305,JERKING,10778cb0282b
1777356546062,16388256950004,1.9416976,3.5051112,9.021352,0.015271631,-0.017715093,0.0061086523,JERKING,10778cb0282b
1777356546070,16388264946082,2.0638018,3.4955344,8.9998045,0.01038471,-0.020158553,0.009162978,JERKING,10778cb0282b
1777356546078,16388272941469,2.123657,3.5075054,8.987833,0.007941248,-0.013439035,0.004886922,JERKING,10778cb0282b
1777356546086,16388280938316,2.1380222,3.4859576,8.9519205,0.0067195175,-0.0067195175,0.002443461,JERKING,10778cb0282b
1777356546094,16388288932548,2.099715,3.4763808,8.92319,0.004886922,0.005497787,-0.0012217305,JERKING,10778cb0282b
1777356546102,16388296958396,2.042254,3.4644098,8.90643,0.0012217305,0.012217305,-0.004886922,JERKING,10778cb0282b
1777356546110,16388304954397,1.99437,3.454833,8.944737,-0.0030543262,0.012217305,-0.002443461,JERKING,10778cb0282b
1777356546118,16388312951244,1.9847932,3.4500446,9.002198,-0.0061086523,0.01038471,-0.0018325958,JERKING,10778cb0282b
1777356546126,16388320946016,1.99437,3.4452562,9.066842,-0.0067195175,0.007330383,-6.1086525E-4,JERKING,10778cb0282b
1777356546134,16388328942709,1.9967642,3.430891,9.090784,-0.0067195175,0.007941248,-0.0012217305,JERKING,10778cb0282b
1777356546142,16388336935556,1.9776106,3.4141316,9.126697,-0.0061086523,0.0061086523,-6.1086525E-4,JERKING,10778cb0282b
1777356546150,16388344931327,1.9632454,3.3997664,9.160215,-0.0061086523,0.007330383,0.0,JERKING,10778cb0282b
1777356546158,16388352957405,1.982399,3.3997664,9.200917,-0.005497787,0.004886922,-6.1086525E-4,JERKING,10778cb0282b
1777356546166,16388360953176,1.9536686,3.3901896,9.210494,-0.0012217305,0.004276057,0.0018325958,JERKING,10778cb0282b
1777356546174,16388368948485,1.9800048,3.3854012,9.174581,0.005497787,-0.002443461,6.1086525E-4,JERKING,10778cb0282b
1777356546182,16388376945486,2.0015526,3.4045548,9.085996,0.008552114,-0.004886922,0.0012217305,JERKING,10778cb0282b
1777356546190,16388384940872,1.9752164,3.4213142,8.942344,0.012217305,-0.004276057,-0.0012217305,JERKING,10778cb0282b
1777356546198,16388392935335,1.9632454,3.4452562,8.887277,0.01038471,-0.002443461,0.0,JERKING,10778cb0282b
1777356546206,16388400932183,1.970428,3.466804,8.892065,0.005497787,-0.002443461,0.0,JERKING,10778cb0282b
1777356546214,16388408957491,1.9776106,3.4763808,8.949526,-0.0012217305,0.0018325958,0.0018325958,JERKING,10778cb0282b
1777356546222,16388416953493,1.9871874,3.4763808,9.009381,-0.004886922,0.004276057,-0.0012217305,JERKING,10778cb0282b
1777356546230,16388424949110,1.9632454,3.4691982,9.078813,-0.0067195175,0.004276057,-6.1086525E-4,JERKING,10778cb0282b
1777356546238,16388432945419,1.9512744,3.4691982,9.148245,-0.007330383,0.004276057,0.0,JERKING,10778cb0282b
1777356546246,16388440940805,1.9512744,3.430891,9.167398,-0.007941248,0.007330383,0.0,JERKING,10778cb0282b
1777356546254,16388448934960,1.9440918,3.4093432,9.181764,-0.004276057,0.007330383,-6.1086525E-4,JERKING,10778cb0282b
1777356546262,16388456931038,1.9249382,3.3973722,9.169792,0.0,0.0036651916,6.1086525E-4,JERKING,10778cb0282b
1777356546270,16388464927655,1.910573,3.3901896,9.131485,0.004276057,0.0,0.002443461,JERKING,10778cb0282b
1777356546278,16388472952195,1.946486,3.3925838,9.100361,0.007330383,-0.004886922,0.005497787,JERKING,10778cb0282b
1777356546286,16388480949427,1.970428,3.406949,9.059659,0.007941248,-0.009162978,0.0036651916,JERKING,10778cb0282b
1777356546294,16388488944890,2.0207062,3.4261026,8.9998045,0.007330383,-0.009162978,0.004276057,JERKING,10778cb0282b
1777356546302,16388496939584,2.030283,3.4141316,8.971074,0.0067195175,-0.008552114,0.0036651916,JERKING,10778cb0282b
1777356546310,16388504935277,2.0518308,3.4380736,8.9519205,0.005497787,-0.0061086523,0.0012217305,JERKING,10778cb0282b
1777356546318,16388512931894,2.0231004,3.4644098,8.937555,0.0030543262,-0.004276057,0.0012217305,JERKING,10778cb0282b
1777356546326,16388520956588,2.0278888,3.4404678,8.947132,6.1086525E-4,-0.002443461,-6.1086525E-4,JERKING,10778cb0282b
1777356546334,16388528953819,2.030283,3.4524388,8.985439,-0.002443461,-6.1086525E-4,6.1086525E-4,JERKING,10778cb0282b
1777356546342,16388536948206,1.9991584,3.442862,9.028535,-0.0036651916,0.0018325958,-0.0012217305,JERKING,10778cb0282b
1777356546350,16388544943899,1.9871874,3.4500446,9.057265,-0.0036651916,-0.0012217305,-6.1086525E-4,JERKING,10778cb0282b
1777356546358,16388552940823,1.9847932,3.4500446,9.112331,-0.004276057,0.0,0.0,JERKING,10778cb0282b
1777356546366,16388560935672,1.9800048,3.466804,9.107543,-0.0036651916,-0.0018325958,0.0012217305,JERKING,10778cb0282b
1777356546374,16388568929750,1.9991584,3.4883518,9.141062,-0.0018325958,-0.0018325958,-0.0012217305,JERKING,10778cb0282b
1777356546382,16388576958981,1.9967642,3.4572272,9.14585,0.0,-0.002443461,6.1086525E-4,JERKING,10778cb0282b
1777356546390,16388584951983,1.982399,3.4500446,9.090784,0.0012217305,-0.0012217305,0.0012217305,JERKING,10778cb0282b
1777356546398,16388592948600,1.99437,3.4715924,9.054871,0.0036651916,-0.004276057,6.1086525E-4,JERKING,10778cb0282b
1777356546406,16388600943370,2.0111294,3.4500446,9.01417,0.002443461,-0.004886922,0.0018325958,JERKING,10778cb0282b
1777356546414,16388608939987,2.0278888,3.4404678,9.018958,-0.0012217305,-0.002443461,0.0012217305,JERKING,10778cb0282b
1777356546422,16388616936911,2.0111294,3.4380736,9.01417,-0.0018325958,0.0012217305,0.0012217305,JERKING,10778cb0282b
1777356546430,16388624931067,2.0111294,3.4356794,9.006987,-0.0018325958,-6.1086525E-4,0.0,JERKING,10778cb0282b
1777356546438,16388632957761,1.9991584,3.4452562,9.040505,-0.0018325958,0.0012217305,-0.0012217305,JERKING,10778cb0282b
1777356546446,16388640953454,1.9895816,3.4332852,9.030929,-0.0030543262,0.0036651916,-0.0012217305,JERKING,10778cb0282b
1777356546454,16388648949764,1.9895816,3.4380736,9.0716305,-0.004276057,0.0036651916,-0.0012217305,JERKING,10778cb0282b
1777356546462,16388656943688,2.0111294,3.4284968,9.081207,-0.004886922,0.002443461,6.1086525E-4,JERKING,10778cb0282b
1777356546470,16388664939304,1.9656396,3.4117374,9.093178,-0.0036651916,0.0018325958,6.1086525E-4,JERKING,10778cb0282b
1777356546478,16388672936229,1.9871874,3.4356794,9.097966,-0.002443461,0.002443461,6.1086525E-4,JERKING,10778cb0282b
1777356546486,16388680929846,1.958457,3.4117374,9.0716305,0.0,0.0012217305,-6.1086525E-4,JERKING,10778cb0282b
1777356546494,16388688957462,1.9656396,3.4213142,9.052477,6.1086525E-4,0.0,6.1086525E-4,JERKING,10778cb0282b
1777356546502,16388696952618,1.958457,3.4261026,9.081207,0.0,-0.0018325958,0.0012217305,JERKING,10778cb0282b
1777356546510,16388704947004,1.9800048,3.4093432,9.064447,-0.0030543262,-0.0018325958,-6.1086525E-4,JERKING,10778cb0282b
1777356546518,16388712944235,1.9632454,3.4165258,9.090784,0.0,0.0,0.0012217305,JERKING,10778cb0282b
1777356546526,16388720939622,1.9488802,3.4356794,9.059659,0.0012217305,-0.002443461,6.1086525E-4,JERKING,10778cb0282b
1777356546534,16388728935315,1.9536686,3.4596214,9.040505,0.0018325958,-0.0012217305,0.0,JERKING,10778cb0282b
1777356546542,16388736930701,1.9632454,3.4380736,9.052477,6.1086525E-4,0.0,6.1086525E-4,JERKING,10778cb0282b
1777356546550,16388744955626,1.9608512,3.454833,9.054871,-0.0012217305,6.1086525E-4,0.0018325958,JERKING,10778cb0282b
1777356546558,16388752951012,1.9847932,3.4332852,9.085996,-0.0012217305,-0.0012217305,0.0012217305,JERKING,10778cb0282b
1777356546566,16388760948320,1.9871874,3.4284968,9.064447,0.0,6.1086525E-4,-6.1086525E-4,JERKING,10778cb0282b
1777356546574,16388768942707,1.982399,3.4261026,9.059659,-0.0012217305,-0.002443461,0.0,JERKING,10778cb0282b
1777356546582,16388776939708,2.006341,3.4165258,9.066842,-6.1086525E-4,-0.0018325958,6.1086525E-4,JERKING,10778cb0282b
1777356546590,16388784934094,1.9871874,3.4093432,9.054871,6.1086525E-4,-0.0018325958,6.1086525E-4,JERKING,10778cb0282b
1777356546598,16388792959327,1.9967642,3.4356794,9.057265,0.0012217305,0.0,6.1086525E-4,JERKING,10778cb0282b
1777356546606,16388800956866,2.0039468,3.4572272,9.074024,0.0,-0.0012217305,0.0012217305,JERKING,10778cb0282b
1777356546614,16388808951944,1.9919758,3.4524388,9.081207,6.1086525E-4,-0.0012217305,0.0,JERKING,10778cb0282b
1777356546622,16388816948331,2.006341,3.4524388,9.064447,0.0018325958,-0.0018325958,6.1086525E-4,JERKING,10778cb0282b
1777356546630,16388824943639,1.9800048,3.4572272,9.057265,0.0018325958,-0.0012217305,-0.0012217305,JERKING,10778cb0282b
1777356546638,16388832939102,1.982399,3.4596214,9.0429,0.002443461,-0.0012217305,0.0,JERKING,10778cb0282b
1777356546646,16388840933873,1.9847932,3.4380736,9.035717,-6.1086525E-4,-0.002443461,6.1086525E-4,JERKING,10778cb0282b
1777356546654,16388848928874,2.0135236,3.4500446,9.0476885,0.0,0.0,6.1086525E-4,JERKING,10778cb0282b
1777356546662,16388856954798,2.0135236,3.442862,9.0476885,6.1086525E-4,6.1086525E-4,0.0012217305,JERKING,10778cb0282b
1777356546670,16388864950416,2.006341,3.4404678,9.052477,0.0,-6.1086525E-4,0.0,JERKING,10778cb0282b
1777356546678,16388872948032,2.0135236,3.4452562,9.069236,6.1086525E-4,-6.1086525E-4,-0.0012217305,JERKING,10778cb0282b
1777356546686,16388880943725,2.030283,3.4356794,9.0716305,0.0,6.1086525E-4,0.0012217305,JERKING,10778cb0282b
1777356546694,16388888937574,2.0087352,3.4141316,9.074024,0.0,0.0,6.1086525E-4,JERKING,10778cb0282b
1777356546702,16388896935036,1.9967642,3.41892,9.074024,6.1086525E-4,0.0,0.0012217305,JERKING,10778cb0282b
1777356546710,16388904959422,2.0135236,3.406949,9.057265,0.0012217305,6.1086525E-4,0.0,JERKING,10778cb0282b
1777356546718,16388912956270,1.9967642,3.4261026,9.054871,6.1086525E-4,-6.1086525E-4,-6.1086525E-4,JERKING,10778cb0282b
1777356546726,16388920952040,2.0087352,3.4476504,9.064447,0.0012217305,6.1086525E-4,6.1086525E-4,JERKING,10778cb0282b
1777356546734,16388928946195,1.99437,3.454833,9.062054,6.1086525E-4,-0.0012217305,-0.0012217305,JERKING,10778cb0282b
1777356546742,16388936942120,2.0015526,3.4404678,9.069236,0.0018325958,0.002443461,-6.1086525E-4,JERKING,10778cb0282b
1777356546750,16388944939044,1.9895816,3.4284968,9.074024,-6.1086525E-4,0.0,0.0018325958,JERKING,10778cb0282b
1777356546758,16388952932891,1.9776106,3.4284968,9.0716305,6.1086525E-4,0.0012217305,6.1086525E-4,JERKING,10778cb0282b
1777356546766,16388960960663,1.982399,3.4524388,9.059659,-6.1086525E-4,0.0012217305,6.1086525E-4,JERKING,10778cb0282b
1777356546774,16388968954510,1.99437,3.4261026,9.064447,-6.1086525E-4,-6.1086525E-4,6.1086525E-4,JERKING,10778cb0282b
1777356546782,16388976952357,1.99437,3.4380736,9.064447,-6.1086525E-4,-0.002443461,6.1086525E-4,JERKING,10778cb0282b
1777356546790,16388984945897,2.0039468,3.4165258,9.064447,0.0,6.1086525E-4,0.0018325958,JERKING,10778cb0282b
1777356546798,16388992942129,1.9871874,3.430891,9.062054,0.0,-0.0012217305,0.002443461,JERKING,10778cb0282b
1777356546806,16389000938823,1.9752164,3.4452562,9.064447,-6.1086525E-4,6.1086525E-4,-6.1086525E-4,JERKING,10778cb0282b
1777356546814,16389008932902,1.982399,3.4332852,9.0716305,6.1086525E-4,6.1086525E-4,0.0,JERKING,10778cb0282b
1777356546822,16389016958749,1.982399,3.4476504,9.059659,0.0,0.0018325958,0.002443461,JERKING,10778cb0282b
1777356546830,16389024954751,1.982399,3.4476504,9.064447,6.1086525E-4,0.0012217305,0.0012217305,JERKING,10778cb0282b
1777356546838,16389032950136,1.9560628,3.4356794,9.040505,0.0012217305,0.0,0.0,JERKING,10778cb0282b
1777356546846,16389040945599,1.9728222,3.466804,9.02614,-6.1086525E-4,-0.0012217305,0.0,JERKING,10778cb0282b
1777356546854,16389048940601,1.9871874,3.4596214,9.054871,-6.1086525E-4,6.1086525E-4,6.1086525E-4,JERKING,10778cb0282b
1777356546862,16389056936910,2.0039468,3.4452562,9.064447,-0.0012217305,0.0012217305,6.1086525E-4,JERKING,10778cb0282b
1777356546870,16389064933911,1.9919758,3.4380736,9.050082,0.0,-6.1086525E-4,0.0,JERKING,10778cb0282b
1777356546878,16389072960297,1.9847932,3.4237084,9.0429,0.0,-0.0012217305,-0.0012217305,JERKING,10778cb0282b
1777356546886,16389080957221,1.9895816,3.4356794,9.038112,-0.0018325958,-0.0012217305,0.0012217305,JERKING,10778cb0282b
1777356546894,16389088952376,2.006341,3.4332852,9.064447,-0.0018325958,-0.0012217305,0.0018325958,JERKING,10778cb0282b
1777356546902,16389096945609,2.0015526,3.430891,9.081207,-0.002443461,-6.1086525E-4,0.0,JERKING,10778cb0282b
1777356546910,16389104943148,1.9680338,3.4261026,9.064447,0.0,-0.0018325958,0.0,JERKING,10778cb0282b
1777356546918,16389112938457,1.970428,3.4404678,9.052477,0.0012217305,-0.0018325958,0.0,JERKING,10778cb0282b
1777356546926,16389120933536,1.9776106,3.4452562,9.052477,6.1086525E-4,-0.002443461,0.0,JERKING,10778cb0282b
1777356546934,16389128929922,1.9871874,3.4500446,9.059659,-6.1086525E-4,0.0,6.1086525E-4,JERKING,10778cb0282b
1777356546942,16389136954846,1.99437,3.4332852,9.081207,-0.0018325958,-0.0012217305,0.0012217305,JERKING,10778cb0282b
1777356546950,16389144951156,1.9895816,3.4356794,9.0716305,0.0012217305,-0.002443461,0.0012217305,JERKING,10778cb0282b
1777356546958,16389152945310,1.9800048,3.4356794,9.0476885,0.0,-6.1086525E-4,0.0,JERKING,10778cb0282b
1777356546966,16389160940927,1.99437,3.4332852,9.057265,0.0012217305,-0.0018325958,-6.1086525E-4,JERKING,10778cb0282b
1777356546974,16389168936929,2.0087352,3.4572272,9.076419,-6.1086525E-4,-0.0012217305,0.0012217305,JERKING,10778cb0282b
1777356546982,16389176935084,1.9895816,3.4237084,9.064447,-6.1086525E-4,-0.002443461,6.1086525E-4,JERKING,10778cb0282b
1777356546990,16389184958162,1.99437,3.4452562,9.078813,0.0,-6.1086525E-4,6.1086525E-4,JERKING,10778cb0282b
1777356546998,16389192954241,1.9847932,3.4404678,9.0716305,0.0,6.1086525E-4,0.0012217305,JERKING,10778cb0282b
1777356547006,16389200949857,1.9919758,3.4380736,9.074024,-6.1086525E-4,-6.1086525E-4,-6.1086525E-4,JERKING,10778cb0282b
1777356547014,16389208945012,1.9919758,3.4261026,9.083601,-6.1086525E-4,-0.0012217305,0.0012217305,JERKING,10778cb0282b
1777356547022,16389216941322,1.9967642,3.430891,9.078813,0.0,-0.0018325958,6.1086525E-4,JERKING,10778cb0282b
1777356547030,16389224936630,1.9895816,3.4237084,9.064447,6.1086525E-4,-6.1086525E-4,0.0012217305,JERKING,10778cb0282b
1777356547038,16389232932324,1.9800048,3.442862,9.081207,-6.1086525E-4,-0.002443461,0.0,JERKING,10778cb0282b
1777356547046,16389240958249,1.9680338,3.4524388,9.0716305,0.0,-0.0012217305,0.0,JERKING,10778cb0282b
1777356547054,16389248955481,1.99437,3.430891,9.074024,0.0,-0.0012217305,0.0,JERKING,10778cb0282b
1777356547062,16389256949251,2.0111294,3.4404678,9.059659,0.0,-0.0018325958,6.1086525E-4,JERKING,10778cb0282b
1777356547070,16389264945022,1.99437,3.4332852,9.062054,-6.1086525E-4,0.0,0.0012217305,JERKING,10778cb0282b
1777356547078,16389272940408,1.9847932,3.4356794,9.069236,-6.1086525E-4,-0.0012217305,6.1086525E-4,JERKING,10778cb0282b
1777356547086,16389280937639,1.9871874,3.4524388,9.081207,-6.1086525E-4,-0.0012217305,6.1086525E-4,JERKING,10778cb0282b
1777356547094,16389288931103,1.9919758,3.4332852,9.057265,0.0,0.0,6.1086525E-4,JERKING,10778cb0282b
1777356547102,16389296960642,1.9847932,3.4284968,9.0716305,6.1086525E-4,-0.0018325958,0.0012217305,JERKING,10778cb0282b
1777356547110,16389304954567,1.99437,3.442862,9.074024,6.1086525E-4,0.0,0.002443461,JERKING,10778cb0282b
1777356547118,16389312948953,2.0015526,3.4596214,9.069236,-6.1086525E-4,0.0012217305,0.0,JERKING,10778cb0282b
1777356547126,16389320944723,1.9967642,3.4332852,9.081207,-0.0012217305,0.0,6.1086525E-4,JERKING,10778cb0282b
1777356547134,16389328940032,1.9680338,3.4380736,9.090784,-6.1086525E-4,-0.0012217305,-6.1086525E-4,JERKING,10778cb0282b
1777356547142,16389336936727,1.9776106,3.4356794,9.083601,0.0,0.0012217305,0.0,JERKING,10778cb0282b
1777356547150,16389344930804,1.9752164,3.4452562,9.064447,0.0012217305,-6.1086525E-4,0.0012217305,JERKING,10778cb0282b
1777356547158,16389352957344,1.9967642,3.4356794,9.059659,6.1086525E-4,-0.0030543262,0.0,JERKING,10778cb0282b
1777356547166,16389360953654,1.9776106,3.4356794,9.059659,0.0012217305,-0.0012217305,0.0,JERKING,10778cb0282b
1777356547174,16389368950501,1.9895816,3.4524388,9.066842,0.0012217305,-0.002443461,6.1086525E-4,JERKING,10778cb0282b
1777356547182,16389376945348,1.9871874,3.4596214,9.057265,6.1086525E-4,-0.0012217305,-6.1086525E-4,JERKING,10778cb0282b
1777356547190,16389384941658,1.9847932,3.4524388,9.052477,-6.1086525E-4,0.0,0.0,JERKING,10778cb0282b
1777356547198,16389392936966,1.99437,3.4093432,9.093178,-6.1086525E-4,-0.0012217305,0.0012217305,JERKING,10778cb0282b
1777356547206,16389400931737,1.9991584,3.41892,9.066842,-6.1086525E-4,6.1086525E-4,0.0,JERKING,10778cb0282b
1777356547214,16389408957662,1.9728222,3.4165258,9.064447,-6.1086525E-4,6.1086525E-4,0.0012217305,JERKING,10778cb0282b
1777356547222,16389416956047,1.9728222,3.4237084,9.066842,0.0,6.1086525E-4,6.1086525E-4,JERKING,10778cb0282b
1777356547230,16389424950203,1.9919758,3.4332852,9.069236,0.0012217305,0.0,6.1086525E-4,JERKING,10778cb0282b
1777356547238,16389432943512,2.018312,3.4404678,9.085996,0.0,-0.0012217305,0.0,JERKING,10778cb0282b
1777356547246,16389440940975,2.006341,3.4356794,9.090784,6.1086525E-4,6.1086525E-4,0.0012217305,JERKING,10778cb0282b
1777356547254,16389448935823,2.0111294,3.4500446,9.085996,-6.1086525E-4,-0.0018325958,6.1086525E-4,JERKING,10778cb0282b
1777356547262,16389456933901,1.9919758,3.4261026,9.066842,0.0,-0.0018325958,6.1086525E-4,JERKING,10778cb0282b
1777356547270,16389464956748,1.99437,3.41892,9.059659,0.0018325958,-0.0012217305,0.0,JERKING,10778cb0282b
1777356547278,16389472953904,1.982399,3.4284968,9.045294,0.0012217305,-6.1086525E-4,-6.1086525E-4,JERKING,10778cb0282b
1777356547286,16389480950828,1.982399,3.4596214,9.059659,0.0012217305,-0.0012217305,0.002443461,JERKING,10778cb0282b
1777356547294,16389488944136,2.0087352,3.4572272,9.069236,0.0,6.1086525E-4,0.0018325958,JERKING,10778cb0282b
1777356547302,16389496938908,1.982399,3.454833,9.066842,-6.1086525E-4,6.1086525E-4,0.0012217305,JERKING,10778cb0282b
1777356547310,16389504935140,1.9752164,3.4596214,9.078813,6.1086525E-4,0.0,0.0,JERKING,10778cb0282b
1777356547318,16389512931141,1.9800048,3.4644098,9.085996,-6.1086525E-4,0.002443461,0.0,JERKING,10778cb0282b
1777356547326,16389520959143,1.9656396,3.4452562,9.078813,-0.0012217305,-6.1086525E-4,-6.1086525E-4,JERKING,10778cb0282b
1777356547334,16389528954528,1.99437,3.4237084,9.081207,-6.1086525E-4,-0.0012217305,6.1086525E-4,JERKING,10778cb0282b
1777356547342,16389536950914,1.9895816,3.4284968,9.076419,6.1086525E-4,-0.002443461,0.0018325958,JERKING,10778cb0282b
1777356547350,16389544943454,1.9847932,3.4452562,9.0476885,0.0012217305,-0.002443461,0.0018325958,JERKING,10778cb0282b
1777356547358,16389552938840,1.9991584,3.4261026,9.059659,0.0,-0.0012217305,0.0018325958,JERKING,10778cb0282b
1777356547366,16389560936456,2.0159178,3.4452562,9.0716305,0.0,-0.0018325958,0.0,JERKING,10778cb0282b
1777356547374,16389568932381,2.006341,3.4404678,9.083601,-6.1086525E-4,-0.0012217305,6.1086525E-4,JERKING,10778cb0282b
1777356547382,16389576957613,1.9871874,3.4452562,9.057265,-6.1086525E-4,6.1086525E-4,0.0012217305,JERKING,10778cb0282b
1777356547390,16389584953383,1.9871874,3.4476504,9.054871,-6.1086525E-4,-0.0012217305,6.1086525E-4,JERKING,10778cb0282b
1777356547398,16389592949693,1.9895816,3.4452562,9.069236,6.1086525E-4,0.0,0.0,JERKING,10778cb0282b
1777356547406,16389600946848,1.9728222,3.454833,9.062054,-0.0018325958,6.1086525E-4,0.0,JERKING,10778cb0282b
1777356547414,16389608940772,1.9847932,3.4332852,9.0716305,-6.1086525E-4,-6.1086525E-4,-6.1086525E-4,JERKING,10778cb0282b
1777356547422,16389616936390,1.99437,3.4213142,9.078813,-0.0012217305,-0.0012217305,0.0,JERKING,10778cb0282b
1777356547430,16389624930314,1.9752164,3.4213142,9.066842,6.1086525E-4,-6.1086525E-4,0.0,JERKING,10778cb0282b
1777356547438,16389632956161,1.9895816,3.4093432,9.083601,0.0,6.1086525E-4,-6.1086525E-4,JERKING,10778cb0282b
1777356547446,16389640954624,2.0039468,3.4332852,9.057265,6.1086525E-4,0.0,-6.1086525E-4,JERKING,10778cb0282b
1777356547454,16389648948702,1.9967642,3.41892,9.078813,0.0,-0.002443461,0.0,JERKING,10778cb0282b
1777356547462,16389656944396,1.9895816,3.4404678,9.076419,0.0,-0.0018325958,6.1086525E-4,JERKING,10778cb0282b
1777356547470,16389664939859,1.9991584,3.4500446,9.083601,0.0,-6.1086525E-4,6.1086525E-4,JERKING,10778cb0282b
1777356547478,16389672936399,1.982399,3.4284968,9.062054,6.1086525E-4,-0.002443461,6.1086525E-4,JERKING,10778cb0282b
1777356547486,16389680930246,1.9919758,3.4404678,9.076419,0.0,0.0,6.1086525E-4,JERKING,10778cb0282b
1777356547494,16389688958940,1.9967642,3.4380736,9.057265,6.1086525E-4,-6.1086525E-4,0.0012217305,JERKING,10778cb0282b
1777356547502,16389696952480,1.9919758,3.4284968,9.0716305,0.0,6.1086525E-4,0.0018325958,JERKING,10778cb0282b
1777356547510,16389704949019,2.0135236,3.4452562,9.074024,-6.1086525E-4,0.002443461,0.0,JERKING,10778cb0282b
1777356547518,16389712942867,1.9871874,3.430891,9.083601,-6.1086525E-4,0.0012217305,0.0012217305,JERKING,10778cb0282b
1777356547526,16389720938638,1.99437,3.4332852,9.0716305,0.0012217305,0.0012217305,0.0,JERKING,10778cb0282b
1777356547534,16389728934331,1.9800048,3.4380736,9.088389,0.0012217305,-6.1086525E-4,6.1086525E-4,JERKING,10778cb0282b
1777356547542,16389736930871,1.982399,3.4404678,9.074024,6.1086525E-4,0.0,0.0012217305,JERKING,10778cb0282b
1777356547550,16389744958565,2.0087352,3.4284968,9.078813,6.1086525E-4,0.0,0.0012217305,JERKING,10778cb0282b
1777356547558,16389752951489,2.0039468,3.4332852,9.078813,0.0012217305,0.0,6.1086525E-4,JERKING,10778cb0282b
1777356547566,16389760948414,1.982399,3.4284968,9.057265,6.1086525E-4,-6.1086525E-4,0.0018325958,JERKING,10778cb0282b
1777356547574,16389768942261,1.9800048,3.4452562,9.069236,6.1086525E-4,-0.0012217305,6.1086525E-4,JERKING,10778cb0282b
1777356547582,16389776940108,1.982399,3.4476504,9.074024,-6.1086525E-4,0.0,6.1086525E-4,JERKING,10778cb0282b
1777356547590,16389784934264,1.9991584,3.4284968,9.066842,-6.1086525E-4,0.0012217305,0.0,JERKING,10778cb0282b
1777356547598,16389792929111,1.9800048,3.4452562,9.066842,6.1086525E-4,0.0,-6.1086525E-4,JERKING,10778cb0282b
1777356547606,16389800955266,1.9895816,3.4452562,9.0716305,0.0,0.0,0.0,JERKING,10778cb0282b
1777356547614,16389808952422,2.0039468,3.4476504,9.083601,0.0012217305,0.0012217305,0.0012217305,JERKING,10778cb0282b
1777356547622,16389816948423,1.9847932,3.430891,9.059659,0.0,0.0,6.1086525E-4,JERKING,10778cb0282b
1777356547630,16389824942963,1.9752164,3.4404678,9.069236,6.1086525E-4,-0.0012217305,0.0012217305,JERKING,10778cb0282b
1777356547638,16389832939195,2.0039468,3.430891,9.0716305,0.0012217305,0.0,6.1086525E-4,JERKING,10778cb0282b
1777356547646,16389840933735,1.9680338,3.4404678,9.076419,0.0,0.0018325958,0.0,JERKING,10778cb0282b
1777356547654,16389848930660,1.9919758,3.4572272,9.076419,-6.1086525E-4,0.0012217305,6.1086525E-4,JERKING,10778cb0282b
1777356547662,16389856957046,1.9847932,3.430891,9.059659,6.1086525E-4,0.0,-6.1086525E-4,JERKING,10778cb0282b
1777356547670,16389864950585,1.9752164,3.442862,9.062054,0.0,0.0,0.0,JERKING,10778cb0282b
1777356547678,16389872948202,1.9871874,3.4356794,9.054871,0.0,0.0,6.1086525E-4,JERKING,10778cb0282b
1777356547686,16389880943819,1.99437,3.4356794,9.074024,-0.0018325958,6.1086525E-4,0.0012217305,JERKING,10778cb0282b
1777356547694,16389888938358,2.0039468,3.442862,9.066842,-0.0012217305,-0.0012217305,6.1086525E-4,JERKING,10778cb0282b
1777356547702,16389896933668,1.9895816,3.4404678,9.074024,6.1086525E-4,6.1086525E-4,6.1086525E-4,JERKING,10778cb0282b
1777356547710,16389904929361,1.982399,3.41892,9.0716305,-0.0018325958,0.0,0.0018325958,JERKING,10778cb0282b
1777356547718,16389912956747,2.0039468,3.4356794,9.083601,-0.0012217305,0.0012217305,6.1086525E-4,JERKING,10778cb0282b
1777356547726,16389920951903,1.9895816,3.4332852,9.097966,-0.0012217305,0.0,6.1086525E-4,JERKING,10778cb0282b
1777356547734,16389928946288,1.9895816,3.4284968,9.081207,6.1086525E-4,0.0,-6.1086525E-4,JERKING,10778cb0282b
1777356547742,16389936943520,1.9847932,3.4284968,9.062054,6.1086525E-4,6.1086525E-4,0.0,JERKING,10778cb0282b
1777356547750,16389944937753,1.9871874,3.442862,9.059659,0.0012217305,-6.1086525E-4,0.0012217305,JERKING,10778cb0282b
1777356547758,16389952933446,1.9895816,3.4452562,9.069236,0.0012217305,0.0,-6.1086525E-4,JERKING,10778cb0282b
1777356547766,16389960931601,1.9895816,3.4524388,9.066842,0.0012217305,0.0,0.0012217305,JERKING,10778cb0282b
1777356547774,16389968955296,1.99437,3.4356794,9.059659,6.1086525E-4,6.1086525E-4,0.0012217305,JERKING,10778cb0282b
1777356547782,16389976950912,2.018312,3.430891,9.059659,0.0,-6.1086525E-4,6.1086525E-4,JERKING,10778cb0282b
1777356547790,16389984947298,2.006341,3.4452562,9.076419,0.0,-6.1086525E-4,0.0,JERKING,10778cb0282b
1777356547798,16389992942377,1.99437,3.4165258,9.0716305,-0.0012217305,0.0,0.0,JERKING,10778cb0282b
1777356547806,16390000937070,1.9919758,3.4261026,9.0716305,-6.1086525E-4,-0.0012217305,0.0,JERKING,10778cb0282b
1777356547814,16390008933456,1.9991584,3.430891,9.083601,0.0,0.0012217305,0.0,JERKING,10778cb0282b
1777356547822,16390016931842,1.9871874,3.430891,9.090784,0.0,6.1086525E-4,0.0,JERKING,10778cb0282b
1777356547830,16390024954920,2.006341,3.4332852,9.0716305,6.1086525E-4,6.1086525E-4,0.0012217305,JERKING,10778cb0282b
1777356547838,16390032952460,1.9895816,3.4452562,9.090784,0.0012217305,0.0,0.0,JERKING,10778cb0282b
1777356547846,16390040946923,1.99437,3.4237084,9.081207,6.1086525E-4,-6.1086525E-4,0.0012217305,JERKING,10778cb0282b
1777356547854,16390048941770,1.982399,3.442862,9.062054,6.1086525E-4,-6.1086525E-4,0.0012217305,JERKING,10778cb0282b
1777356547862,16390056940156,1.9895816,3.4404678,9.069236,0.0018325958,-0.0012217305,6.1086525E-4,JERKING,10778cb0282b
1777356547870,16390064933773,1.99437,3.4380736,9.076419,6.1086525E-4,-6.1086525E-4,6.1086525E-4,JERKING,10778cb0282b
1777356547878,16390072931236,1.9871874,3.430891,9.064447,0.0030543262,0.0,0.0012217305,JERKING,10778cb0282b
1777356547886,16390080955237,1.9895816,3.4380736,9.057265,0.0012217305,0.0,0.0,JERKING,10778cb0282b
1777356547894,16390088951008,2.0015526,3.442862,9.062054,0.0,-0.0012217305,0.0012217305,JERKING,10778cb0282b
1777356547902,16390096946086,1.9967642,3.4356794,9.066842,0.0,0.0018325958,0.0,JERKING,10778cb0282b
1777356547910,16390104943241,2.0039468,3.430891,9.064447,6.1086525E-4,-6.1086525E-4,0.0,JERKING,10778cb0282b
1777356547918,16390112937781,2.0015526,3.4237084,9.0716305,0.0,-6.1086525E-4,0.0,JERKING,10778cb0282b
1777356547926,16390120934629,1.9847932,3.4404678,9.076419,-6.1086525E-4,0.0012217305,0.0012217305,JERKING,10778cb0282b
1777356547934,16390128958091,1.9608512,3.4380736,9.069236,-6.1086525E-4,0.0012217305,6.1086525E-4,JERKING,10778cb0282b
1777356547942,16390136954324,1.9632454,3.4500446,9.069236,6.1086525E-4,0.0,6.1086525E-4,JERKING,10778cb0282b
1777356547950,16390144952787,1.9871874,3.4404678,9.064447,6.1086525E-4,0.0,0.0,JERKING,10778cb0282b
1777356547958,16390152944788,2.006341,3.4332852,9.066842,-6.1086525E-4,0.0,0.0012217305,JERKING,10778cb0282b
1777356547966,16390160941097,2.0015526,3.4500446,9.085996,-6.1086525E-4,-6.1086525E-4,6.1086525E-4,JERKING,10778cb0282b
1777356547974,16390168936791,1.9871874,3.4500446,9.064447,-6.1086525E-4,-0.0012217305,-6.1086525E-4,JERKING,10778cb0282b
1777356547982,16390176932869,1.9728222,3.4404678,9.057265,0.0018325958,0.0,-6.1086525E-4,JERKING,10778cb0282b
1777356547990,16390184961409,1.982399,3.4476504,9.076419,-6.1086525E-4,-0.0018325958,0.0012217305,JERKING,10778cb0282b
1777356547998,16390192953487,1.9800048,3.4284968,9.074024,0.0,0.0012217305,0.0012217305,JERKING,10778cb0282b
1777356548006,16390200951257,1.9991584,3.4213142,9.085996,-0.0018325958,6.1086525E-4,6.1086525E-4,JERKING,10778cb0282b
1777356548014,16390208946336,2.0135236,3.4213142,9.066842,-0.0012217305,0.0,6.1086525E-4,JERKING,10778cb0282b
1777356548022,16390216941106,2.0039468,3.4452562,9.090784,6.1086525E-4,0.0,0.002443461,JERKING,10778cb0282b
1777356548030,16390224939261,1.9967642,3.4404678,9.078813,0.0012217305,0.0,6.1086525E-4,JERKING,10778cb0282b
1777356548038,16390232933186,1.9895816,3.430891,9.064447,0.0018325958,0.0,0.0018325958,JERKING,10778cb0282b
1777356548046,16390240959341,1.982399,3.4404678,9.069236,6.1086525E-4,-6.1086525E-4,0.0,JERKING,10778cb0282b
1777356548054,16390248955651,1.9895816,3.454833,9.081207,-6.1086525E-4,0.0012217305,0.0,JERKING,10778cb0282b
1777356548062,16390256950729,1.9895816,3.4332852,9.064447,0.0,6.1086525E-4,0.0,JERKING,10778cb0282b
1777356548070,16390264944884,1.9871874,3.4165258,9.074024,-0.0012217305,-6.1086525E-4,0.0,JERKING,10778cb0282b
1777356548078,16390272941424,1.9919758,3.4284968,9.057265,0.0,6.1086525E-4,0.0,JERKING,10778cb0282b
1777356548086,16390280936810,1.982399,3.4404678,9.074024,-0.0012217305,0.0,0.0018325958,JERKING,10778cb0282b
1777356548094,16390288931349,1.99437,3.442862,9.062054,6.1086525E-4,0.0012217305,0.002443461,JERKING,10778cb0282b
1777356548102,16390296928505,1.9847932,3.4452562,9.062054,0.0,0.0,6.1086525E-4,JERKING,10778cb0282b
1777356548110,16390304953429,1.9871874,3.4404678,9.057265,0.0,-0.0012217305,0.0012217305,JERKING,10778cb0282b
1777356548118,16390312950661,1.9991584,3.4332852,9.050082,6.1086525E-4,-0.0012217305,-0.0012217305,JERKING,10778cb0282b
1777356548126,16390320945817,1.9991584,3.4524388,9.062054,6.1086525E-4,-0.0012217305,6.1086525E-4,JERKING,10778cb0282b
1777356548134,16390328940587,1.9919758,3.4356794,9.0716305,-6.1086525E-4,-0.0012217305,0.0012217305,JERKING,10778cb0282b
1777356548142,16390336936204,2.0039468,3.4356794,9.062054,0.0012217305,0.0,0.0012217305,JERKING,10778cb0282b
1777356548150,16390344932898,1.9919758,3.4261026,9.057265,0.0,0.0018325958,0.0,JERKING,10778cb0282b
1777356548158,16390352957822,1.9776106,3.442862,9.064447,0.0,0.0018325958,0.0,JERKING,10778cb0282b
1777356548166,16390360954746,1.99437,3.442862,9.078813,6.1086525E-4,0.0018325958,6.1086525E-4,JERKING,10778cb0282b
1777356548174,16390368949748,1.970428,3.4404678,9.083601,0.0,0.0,0.0012217305,JERKING,10778cb0282b
1777356548182,16390376944903,1.982399,3.4476504,9.066842,-6.1086525E-4,0.0012217305,-6.1086525E-4,JERKING,10778cb0282b
1777356548190,16390384941827,1.9871874,3.4380736,9.076419,-6.1086525E-4,6.1086525E-4,-6.1086525E-4,JERKING,10778cb0282b
1777356548198,16390392936829,1.99437,3.4165258,9.081207,-6.1086525E-4,0.0,6.1086525E-4,JERKING,10778cb0282b
1777356548206,16390400931292,1.9919758,3.41892,9.078813,0.0,0.0,-0.0012217305,JERKING,10778cb0282b
1777356548214,16390408959293,1.9967642,3.4356794,9.0716305,6.1086525E-4,-0.0012217305,6.1086525E-4,JERKING,10778cb0282b
1777356548222,16390416954756,1.99437,3.4452562,9.102755,0.0012217305,0.0,-6.1086525E-4,JERKING,10778cb0282b
1777356548230,16390424950142,1.9919758,3.4476504,9.083601,0.0,-6.1086525E-4,6.1086525E-4,JERKING,10778cb0282b
1777356548238,16390432946989,1.9895816,3.4284968,9.081207,-6.1086525E-4,6.1086525E-4,6.1086525E-4,JERKING,10778cb0282b
1777356548246,16390440940299,2.018312,3.442862,9.085996,0.0,-0.0012217305,0.0018325958,JERKING,10778cb0282b
1777356548254,16390448935684,1.99437,3.4452562,9.0476885,0.0018325958,0.0012217305,-6.1086525E-4,JERKING,10778cb0282b
1777356548262,16390456932839,1.9800048,3.4620156,9.0429,0.0012217305,0.0012217305,6.1086525E-4,JERKING,10778cb0282b
1777356548270,16390464957457,1.9776106,3.4524388,9.0429,0.0,0.0012217305,0.0,JERKING,10778cb0282b
1777356548278,16390472953150,1.9919758,3.4380736,9.078813,-0.0012217305,6.1086525E-4,0.0012217305,JERKING,10778cb0282b
1777356548286,16390480950689,1.982399,3.4284968,9.093178,-6.1086525E-4,0.0018325958,6.1086525E-4,JERKING,10778cb0282b
1777356548294,16390488943999,1.9847932,3.4380736,9.085996,6.1086525E-4,0.0012217305,-0.0012217305,JERKING,10778cb0282b
1777356548302,16390496939923,1.9752164,3.454833,9.062054,0.0012217305,0.0,-6.1086525E-4,JERKING,10778cb0282b
1777356548310,16390504936847,1.99437,3.4380736,9.078813,-6.1086525E-4,0.0012217305,0.0012217305,JERKING,10778cb0282b
1777356548318,16390512931080,1.99437,3.430891,9.088389,-0.0012217305,0.0012217305,0.0012217305,JERKING,10778cb0282b
1777356548326,16390520959927,1.982399,3.4117374,9.076419,-0.0012217305,-0.0012217305,0.0012217305,JERKING,10778cb0282b
1777356548334,16390528954082,1.9991584,3.406949,9.069236,6.1086525E-4,-0.0012217305,0.0018325958,JERKING,10778cb0282b
1777356548342,16390536948546,1.9919758,3.4093432,9.035717,0.0018325958,6.1086525E-4,-6.1086525E-4,JERKING,10778cb0282b
1777356548350,16390544943085,2.0039468,3.4332852,9.038112,0.0012217305,6.1086525E-4,0.0012217305,JERKING,10778cb0282b
1777356548358,16390552939702,1.9847932,3.4620156,9.066842,0.0,0.0012217305,6.1086525E-4,JERKING,10778cb0282b
1777356548366,16390560938165,1.9871874,3.4452562,9.066842,0.0012217305,0.0030543262,0.0,JERKING,10778cb0282b
1777356548374,16390568932012,1.9895816,3.4500446,9.076419,-6.1086525E-4,0.0018325958,6.1086525E-4,JERKING,10778cb0282b
1777356548382,16390576957475,1.9871874,3.442862,9.085996,0.0012217305,-6.1086525E-4,-6.1086525E-4,JERKING,10778cb0282b
1777356548390,16390584953246,1.9895816,3.4524388,9.057265,0.0012217305,6.1086525E-4,0.0012217305,JERKING,10778cb0282b
1777356548398,16390592948324,1.9847932,3.4332852,9.045294,0.0,0.0,0.002443461,JERKING,10778cb0282b
1777356548406,16390600943941,1.9967642,3.4356794,9.054871,-0.0012217305,-6.1086525E-4,6.1086525E-4,JERKING,10778cb0282b
1777356548414,16390608940250,1.9991584,3.4213142,9.069236,6.1086525E-4,0.0012217305,0.0012217305,JERKING,10778cb0282b
1777356548422,16390616936251,2.0039468,3.4380736,9.059659,6.1086525E-4,-0.0012217305,0.002443461,JERKING,10778cb0282b
1777356548430,16390624931637,2.0015526,3.4404678,9.052477,6.1086525E-4,6.1086525E-4,0.0018325958,JERKING,10778cb0282b
1777356548438,16390632955716,1.9991584,3.4500446,9.0476885,0.0012217305,0.0012217305,0.0,JERKING,10778cb0282b
1777356548446,16390640951717,2.0039468,3.4380736,9.0476885,6.1086525E-4,0.0012217305,0.0,JERKING,10778cb0282b
1777356548454,16390648947334,1.9847932,3.4452562,9.057265,0.0012217305,0.0012217305,6.1086525E-4,JERKING,10778cb0282b
1777356548462,16390656944951,1.9919758,3.4452562,9.0429,-6.1086525E-4,0.0036651916,6.1086525E-4,JERKING,10778cb0282b
1777356548470,16390664940029,1.99437,3.4596214,9.057265,-6.1086525E-4,6.1086525E-4,0.0,JERKING,10778cb0282b
1777356548478,16390672935954,1.99437,3.4332852,9.074024,-6.1086525E-4,0.0,0.0,JERKING,10778cb0282b
1777356548486,16390680933185,1.9919758,3.4500446,9.0476885,-6.1086525E-4,0.0012217305,-0.0018325958,JERKING,10778cb0282b
1777356548494,16390688956648,1.9847932,3.4237084,9.038112,-0.0012217305,0.0012217305,0.0018325958,JERKING,10778cb0282b
1777356548502,16390696953573,1.9847932,3.4380736,9.078813,-0.0012217305,0.0012217305,6.1086525E-4,JERKING,10778cb0282b
1777356548510,16390704948959,1.970428,3.4404678,9.064447,-6.1086525E-4,-0.002443461,0.0012217305,JERKING,10778cb0282b
1777356548518,16390712943037,1.99437,3.4452562,9.066842,0.0,-6.1086525E-4,0.0012217305,JERKING,10778cb0282b
1777356548526,16390720938423,1.9967642,3.442862,9.057265,-6.1086525E-4,-6.1086525E-4,6.1086525E-4,JERKING,10778cb0282b
1777356548534,16390728935732,2.0087352,3.4500446,9.059659,-6.1086525E-4,0.0,0.0,JERKING,10778cb0282b
1777356548542,16390736929810,1.9895816,3.4500446,9.066842,-0.0012217305,0.0,0.0,JERKING,10778cb0282b
1777356548550,16390744957812,1.9776106,3.4476504,9.052477,-0.0012217305,-0.0012217305,0.0,JERKING,10778cb0282b
1777356548558,16390752951428,1.9752164,3.4356794,9.0237465,-6.1086525E-4,6.1086525E-4,0.0018325958,JERKING,10778cb0282b
1777356548566,16390760949276,1.982399,3.4356794,9.064447,-6.1086525E-4,0.0,0.0,JERKING,10778cb0282b
1777356548574,16390768943124,1.9800048,3.4356794,9.057265,-6.1086525E-4,6.1086525E-4,-6.1086525E-4,JERKING,10778cb0282b
1777356548582,16390776940894,1.9967642,3.4380736,9.0716305,-0.0018325958,0.0,6.1086525E-4,JERKING,10778cb0282b
1777356548590,16390784936357,2.0039468,3.442862,9.052477,-0.0012217305,0.0,-6.1086525E-4,JERKING,10778cb0282b
1777356548598,16390792928974,2.0015526,3.4380736,9.050082,-6.1086525E-4,0.0,0.0012217305,JERKING,10778cb0282b
1777356548606,16390800957283,1.9967642,3.4284968,9.059659,-0.0018325958,0.0012217305,-6.1086525E-4,JERKING,10778cb0282b
1777356548614,16390808952899,1.9967642,3.4356794,9.081207,-6.1086525E-4,0.0012217305,6.1086525E-4,JERKING,10778cb0282b
1777356548622,16390816946824,1.99437,3.4284968,9.078813,-0.0012217305,0.0012217305,-0.0012217305,JERKING,10778cb0282b
1777356548630,16390824944594,1.9991584,3.4237084,9.054871,6.1086525E-4,0.0018325958,0.0012217305,JERKING,10778cb0282b
1777356548638,16390832938442,1.9991584,3.4380736,9.045294,-0.0012217305,-6.1086525E-4,0.002443461,JERKING,10778cb0282b
1777356548646,16390840935059,1.9871874,3.4524388,9.062054,-6.1086525E-4,0.0,0.0,JERKING,10778cb0282b
1777356548654,16390848961522,2.0039468,3.4380736,9.054871,-0.0018325958,0.0012217305,0.0,JERKING,10778cb0282b
1777356548662,16390856955984,1.9847932,3.4332852,9.040505,6.1086525E-4,-6.1086525E-4,0.0,JERKING,10778cb0282b
1777356548670,16390864952678,1.9895816,3.4213142,9.0476885,0.0,0.0018325958,6.1086525E-4,JERKING,10778cb0282b
1777356548678,16390872947756,1.9895816,3.4404678,9.054871,6.1086525E-4,0.002443461,0.002443461,JERKING,10778cb0282b
1777356548686,16390880943142,1.9800048,3.430891,9.0429,-0.0018325958,0.0,6.1086525E-4,JERKING,10778cb0282b
1777356548694,16390888939452,1.9967642,3.4356794,9.069236,-0.0012217305,0.0012217305,6.1086525E-4,JERKING,10778cb0282b
1777356548702,16390896933837,1.9895816,3.430891,9.066842,-6.1086525E-4,0.0018325958,0.0012217305,JERKING,10778cb0282b
1777356548710,16390904931454,1.9919758,3.4452562,9.0716305,0.0,0.0,0.0012217305,JERKING,10778cb0282b
1777356548718,16390912955764,1.9728222,3.4284968,9.076419,6.1086525E-4,0.0,0.0,JERKING,10778cb0282b
1777356548726,16390920952380,1.9752164,3.430891,9.074024,-0.0012217305,0.0012217305,6.1086525E-4,JERKING,10778cb0282b
1777356548734,16390928945842,1.9752164,3.442862,9.066842,0.0,0.002443461,-0.0012217305,JERKING,10778cb0282b
1777356548742,16390936942460,2.0015526,3.4380736,9.074024,6.1086525E-4,0.0012217305,0.0,JERKING,10778cb0282b
1777356548750,16390944939769,2.0039468,3.4284968,9.062054,-0.0012217305,-6.1086525E-4,6.1086525E-4,JERKING,10778cb0282b
1777356548758,16390952934539,1.99437,3.4332852,9.066842,-6.1086525E-4,-6.1086525E-4,0.0018325958,JERKING,10778cb0282b
1777356548766,16390960960925,1.9776106,3.4476504,9.076419,-6.1086525E-4,6.1086525E-4,6.1086525E-4,JERKING,10778cb0282b
1777356548774,16390968956926,1.9847932,3.4524388,9.054871,-6.1086525E-4,0.0,0.0018325958,JERKING,10778cb0282b
1777356548782,16390976952004,1.9967642,3.466804,9.038112,-6.1086525E-4,-0.0018325958,6.1086525E-4,JERKING,10778cb0282b
1777356548790,16390984947160,2.0039468,3.4500446,9.054871,0.0,-6.1086525E-4,0.0,JERKING,10778cb0282b
1777356548798,16390992943084,1.9967642,3.4620156,9.074024,-6.1086525E-4,6.1086525E-4,6.1086525E-4,JERKING,10778cb0282b
1777356548806,16391000937624,1.9800048,3.4356794,9.062054,0.0,0.0012217305,0.0012217305,JERKING,10778cb0282b
1777356548814,16391008934857,1.9991584,3.4380736,9.052477,-6.1086525E-4,-0.0012217305,-0.0018325958,JERKING,10778cb0282b
1777356548822,16391016930242,1.9895816,3.442862,9.081207,-6.1086525E-4,0.0018325958,6.1086525E-4,JERKING,10778cb0282b
1777356548830,16391024954859,1.9895816,3.430891,9.069236,-0.0012217305,6.1086525E-4,0.0018325958,JERKING,10778cb0282b
1777356548838,16391032949938,2.0135236,3.4380736,9.066842,-6.1086525E-4,0.0,6.1086525E-4,JERKING,10778cb0282b
1777356548846,16391040946785,1.99437,3.4452562,9.066842,0.0,-0.0018325958,6.1086525E-4,JERKING,10778cb0282b
1777356548854,16391048942863,1.9871874,3.4404678,9.074024,6.1086525E-4,-6.1086525E-4,-6.1086525E-4,JERKING,10778cb0282b
1777356548862,16391056937557,1.9919758,3.442862,9.045294,-6.1086525E-4,-6.1086525E-4,-6.1086525E-4,JERKING,10778cb0282b
1777356548870,16391064932712,1.99437,3.4332852,9.064447,-0.0018325958,-0.0012217305,6.1086525E-4,JERKING,10778cb0282b
1777356548878,16391072959406,1.99437,3.4380736,9.062054,-6.1086525E-4,0.0012217305,0.0018325958,JERKING,10778cb0282b
1777356548886,16391080956638,1.9919758,3.4356794,9.054871,-0.0018325958,0.0,0.0,JERKING,10778cb0282b
1777356548894,16391088951793,2.0039468,3.4093432,9.064447,-0.0012217305,-6.1086525E-4,6.1086525E-4,JERKING,10778cb0282b
1777356548902,16391096947410,2.0159178,3.41892,9.059659,-6.1086525E-4,0.0,-6.1086525E-4,JERKING,10778cb0282b
1777356548910,16391104944104,2.006341,3.4261026,9.081207,-6.1086525E-4,6.1086525E-4,0.0012217305,JERKING,10778cb0282b
1777356548918,16391112937643,1.9991584,3.4213142,9.085996,0.0,6.1086525E-4,0.0012217305,JERKING,10778cb0282b
1777356548926,16391120933030,2.0111294,3.4380736,9.081207,0.0012217305,0.0012217305,6.1086525E-4,JERKING,10778cb0282b
1777356548934,16391128961646,1.9991584,3.4165258,9.076419,6.1086525E-4,0.0012217305,6.1086525E-4,JERKING,10778cb0282b
1777356548942,16391136956109,1.9847932,3.4572272,9.066842,0.0018325958,6.1086525E-4,6.1086525E-4,JERKING,10778cb0282b
1777356548950,16391144951111,1.9847932,3.4356794,9.059659,-0.0012217305,0.0012217305,0.0012217305,JERKING,10778cb0282b
1777356548958,16391152947189,1.9752164,3.4332852,9.066842,0.0012217305,0.0,6.1086525E-4,JERKING,10778cb0282b
1777356548966,16391160944344,1.982399,3.4284968,9.066842,6.1086525E-4,-6.1086525E-4,0.002443461,JERKING,10778cb0282b
1777356548974,16391168936730,2.018312,3.4356794,9.052477,6.1086525E-4,0.0012217305,0.0018325958,JERKING,10778cb0282b
1777356548982,16391176933962,1.982399,3.4261026,9.0716305,-6.1086525E-4,-6.1086525E-4,6.1086525E-4,JERKING,10778cb0282b
1777356548990,16391184959501,1.9871874,3.4380736,9.069236,6.1086525E-4,0.002443461,0.0,JERKING,10778cb0282b
1777356548998,16391192955811,1.9752164,3.4237084,9.078813,0.0,0.0030543262,0.0012217305,JERKING,10778cb0282b
1777356549006,16391200949966,1.982399,3.394978,9.069236,6.1086525E-4,0.0036651916,-0.0012217305,JERKING,10778cb0282b
1777356549014,16391208945967,1.9776106,3.3973722,9.081207,6.1086525E-4,0.002443461,-6.1086525E-4,JERKING,10778cb0282b
1777356549022,16391216940969,1.9871874,3.3734303,9.083601,6.1086525E-4,0.0018325958,0.0012217305,JERKING,10778cb0282b
1777356549030,16391224937355,1.9919758,3.3854012,9.095572,0.0018325958,0.002443461,6.1086525E-4,JERKING,10778cb0282b
1777356549038,16391232932971,1.99437,3.383007,9.105149,0.0018325958,0.0030543262,6.1086525E-4,JERKING,10778cb0282b
1777356549046,16391240960358,2.0015526,3.3925838,9.097966,0.004886922,0.0030543262,0.0018325958,JERKING,10778cb0282b
1777356549054,16391248954513,1.9560628,3.4237084,9.100361,0.007330383,-0.002443461,-0.0030543262,JERKING,10778cb0282b
1777356549062,16391256949667,1.9895816,3.4476504,9.078813,0.008552114,-0.0030543262,0.002443461,JERKING,10778cb0282b
1777356549070,16391264946593,2.0039468,3.4739866,9.0429,0.009162978,0.004886922,6.1086525E-4,JERKING,10778cb0282b
1777356549078,16391272941901,1.99437,3.5075054,9.033323,0.007330383,0.004276057,0.0,JERKING,10778cb0282b
1777356549086,16391280939133,1.9728222,3.5051112,9.009381,0.007941248,0.004276057,6.1086525E-4,JERKING,10778cb0282b
1777356549094,16391288933366,1.9847932,3.5075054,9.018958,0.005497787,0.004276057,0.0036651916,JERKING,10778cb0282b
1777356549102,16391296959828,1.9752164,3.5075054,9.004593,0.0030543262,0.004276057,0.0,JERKING,10778cb0282b
1777356549110,16391304953599,1.9800048,3.4883518,8.99741,0.0030543262,-0.004276057,0.0,JERKING,10778cb0282b
1777356549118,16391312949062,2.006341,3.4811692,8.973468,0.002443461,-0.0012217305,0.0036651916,JERKING,10778cb0282b
1777356549126,16391320946909,2.018312,3.490746,8.985439,6.1086525E-4,0.0018325958,0.0030543262,JERKING,10778cb0282b
1777356549134,16391328940064,2.0111294,3.4859576,9.011775,-0.002443461,0.0018325958,0.0012217305,JERKING,10778cb0282b
1777356549142,16391336936066,2.0087352,3.4739866,9.081207,-0.0030543262,0.0030543262,-6.1086525E-4,JERKING,10778cb0282b
1777356549150,16391344933683,2.0015526,3.4691982,9.095572,-0.005497787,0.0030543262,-0.0018325958,JERKING,10778cb0282b
1777356549158,16391352957376,1.982399,3.4572272,9.138668,-0.0067195175,-0.0018325958,-0.002443461,JERKING,10778cb0282b
1777356549166,16391360954609,1.9752164,3.4093432,9.129091,-0.0061086523,-6.1086525E-4,6.1086525E-4,JERKING,10778cb0282b
1777356549174,16391368949071,1.946486,3.3997664,9.126697,-0.005497787,-0.0012217305,-0.0018325958,JERKING,10778cb0282b
1777356549182,16391376944380,1.9608512,3.430891,9.097966,-0.0030543262,-0.007330383,-6.1086525E-4,JERKING,10778cb0282b
1777356549190,16391384942228,2.0087352,3.4452562,9.050082,-0.0012217305,-0.01160644,0.0,JERKING,10778cb0282b
1777356549198,16391392937306,2.0087352,3.4500446,9.050082,-0.0030543262,-0.010995574,0.0018325958,JERKING,10778cb0282b
1777356549206,16391400932769,2.030283,3.4739866,9.064447,-0.0018325958,-0.009773844,0.0012217305,JERKING,10778cb0282b
1777356549214,16391408958617,2.0231004,3.4691982,9.038112,-0.005497787,-0.009162978,-6.1086525E-4,JERKING,10778cb0282b
1777356549222,16391416953926,1.982399,3.466804,9.02614,-0.005497787,-0.004276057,-0.0030543262,JERKING,10778cb0282b
1777356549230,16391424949080,1.946486,3.4380736,9.006987,-0.0067195175,-0.0018325958,-0.002443461,JERKING,10778cb0282b
1777356549238,16391432944775,1.9297266,3.4356794,8.9998045,-0.0067195175,-0.0018325958,-0.0018325958,JERKING,10778cb0282b
1777356549246,16391440940084,1.922544,3.4093432,9.030929,-0.007941248,-0.004886922,-0.0030543262,JERKING,10778cb0282b
1777356549254,16391448936085,1.946486,3.4117374,9.078813,-0.009162978,-0.0036651916,-0.0012217305,JERKING,10778cb0282b
1777356549262,16391456930856,1.9608512,3.4093432,9.121908,-0.01038471,-0.007941248,-0.0018325958,JERKING,10778cb0282b
1777356549270,16391464958549,1.9800048,3.383007,9.138668,-0.007941248,-0.009773844,-6.1086525E-4,JERKING,10778cb0282b
1777356549278,16391472954859,2.0015526,3.3782187,9.13388,-0.0061086523,-0.007941248,-6.1086525E-4,JERKING,10778cb0282b
1777356549286,16391480949629,1.9871874,3.3423057,9.119514,-0.0036651916,-0.010995574,-0.0018325958,JERKING,10778cb0282b
1777356549294,16391488945399,1.9991584,3.3542767,9.131485,-0.0036651916,-0.01160644,-6.1086525E-4,JERKING,10778cb0282b
1777356549302,16391496940478,2.030283,3.3279405,9.148245,-0.002443461,-0.01160644,0.0018325958,JERKING,10778cb0282b
1777356549310,16391504936095,2.0326772,3.301604,9.16261,-0.0012217305,-0.013439035,0.0012217305,JERKING,10778cb0282b
1777356549318,16391512930326,2.054225,3.3279405,9.136273,0.0,-0.017104227,0.0,JERKING,10778cb0282b
1777356549326,16391520958867,2.066196,3.3638535,9.11712,0.0,-0.019547688,6.1086525E-4,JERKING,10778cb0282b
1777356549334,16391528952483,2.066196,3.4021606,9.090784,0.0018325958,-0.019547688,0.0030543262,JERKING,10778cb0282b
1777356549342,16391536950254,2.0494366,3.4883518,9.062054,0.002443461,-0.015882496,0.0030543262,JERKING,10778cb0282b
1777356549350,16391544946256,2.0614076,3.5529952,8.995016,0.007330383,-0.0030543262,0.0067195175,JERKING,10778cb0282b
1777356549358,16391552940410,1.9919758,3.5673606,8.995016,0.007941248,0.009773844,0.005497787,JERKING,10778cb0282b
1777356549366,16391560936412,1.9393034,3.5745432,9.126697,-0.004886922,0.004276057,0.0,JERKING,10778cb0282b
1777356549374,16391568930567,1.9560628,3.5218706,9.220071,-0.01160644,6.1086525E-4,-6.1086525E-4,JERKING,10778cb0282b
1777356549382,16391576957107,2.006341,3.4452562,9.203311,-0.0061086523,-0.0018325958,0.0036651916,JERKING,10778cb0282b
1777356549390,16391584953646,1.9967642,3.3854012,9.126697,-0.002443461,-0.004276057,0.0036651916,JERKING,10778cb0282b
1777356549398,16391592949110,1.982399,3.3854012,9.052477,0.0,-0.008552114,0.0018325958,JERKING,10778cb0282b
1777356549406,16391600943803,2.030283,3.4021606,9.016563,0.0018325958,-0.01038471,0.005497787,JERKING,10778cb0282b
1777356549414,16391608940727,2.0901382,3.4165258,9.0237465,0.0036651916,-0.005497787,0.004886922,JERKING,10778cb0282b
1777356549422,16391616935268,2.1332338,3.4380736,9.035717,0.002443461,-0.002443461,0.004276057,JERKING,10778cb0282b
1777356549430,16391624932423,2.0949266,3.442862,9.028535,0.002443461,-0.0036651916,0.0018325958,JERKING,10778cb0282b
1777356549438,16391632956501,2.0566192,3.4620156,9.002198,0.0036651916,0.0012217305,0.0012217305,JERKING,10778cb0282b
1777356549446,16391640954272,2.006341,3.4404678,8.9279785,0.004276057,0.0030543262,0.0,JERKING,10778cb0282b
1777356549454,16391648948196,1.934515,3.4596214,8.856153,0.004276057,0.004276057,0.0,JERKING,10778cb0282b
1777356549462,16391656945428,1.922544,3.466804,8.836999,0.0030543262,0.008552114,-0.0012217305,JERKING,10778cb0282b
1777356549470,16391664940737,1.8962077,3.4739866,8.89446,-0.0012217305,0.009162978,-0.002443461,JERKING,10778cb0282b
1777356549478,16391672936508,1.9009962,3.4739866,9.006987,-0.005497787,0.007330383,-6.1086525E-4,JERKING,10778cb0282b
1777356549486,16391680931201,1.958457,3.4165258,9.102755,-0.01038471,6.1086525E-4,-0.002443461,JERKING,10778cb0282b
1777356549494,16391688957665,1.9967642,3.3327289,9.196129,-0.015271631,-0.005497787,6.1086525E-4,JERKING,10778cb0282b
1777356549502,16391696953358,2.0159178,3.2944214,9.165004,-0.013439035,-0.01038471,0.0018325958,JERKING,10778cb0282b
1777356549510,16391704948128,2.030283,3.2585084,9.105149,-0.0067195175,-0.018936822,0.004886922,JERKING,10778cb0282b
1777356549518,16391712944207,2.0398598,3.2992098,9.069236,-0.0018325958,-0.018325957,0.004886922,JERKING,10778cb0282b
1777356549526,16391720938977,2.0518308,3.4021606,9.062054,0.0018325958,-0.01160644,0.007941248,JERKING,10778cb0282b
1777356549534,16391728934594,2.0566192,3.5338416,9.097966,0.005497787,-0.0030543262,0.0067195175,JERKING,10778cb0282b
1777356549542,16391736960827,1.9967642,3.667917,9.083601,0.007330383,-6.1086525E-4,0.0030543262,JERKING,10778cb0282b
1777356549550,16391744957443,1.9536686,3.7181952,9.057265,0.008552114,0.0061086523,0.002443461,JERKING,10778cb0282b
1777356549558,16391752951906,1.9321208,3.6870706,8.992621,0.005497787,0.007941248,6.1086525E-4,JERKING,10778cb0282b
1777356549566,16391760949369,1.8507179,3.6631286,8.954314,0.0012217305,0.0067195175,-0.0012217305,JERKING,10778cb0282b
1777356549574,16391768943601,1.8818425,3.608062,8.961497,-0.0030543262,0.005497787,-0.0012217305,JERKING,10778cb0282b
1777356549582,16391776939910,1.9488802,3.5218706,9.006987,-0.0061086523,0.0036651916,0.0012217305,JERKING,10778cb0282b
1777356549590,16391784934681,2.0278888,3.4572272,9.076419,-0.009162978,0.002443461,0.002443461,JERKING,10778cb0282b
1777356549598,16391792931220,2.0518308,3.3925838,9.129091,-0.010995574,0.0018325958,0.0012217305,JERKING,10778cb0282b
1777356549606,16391800957760,2.1308396,3.3375173,9.155427,-0.01160644,0.004276057,0.0,JERKING,10778cb0282b
1777356549614,16391808953069,2.1284454,3.2992098,9.16261,-0.007941248,0.0061086523,0.0,JERKING,10778cb0282b
1777356549622,16391816947532,2.0973208,3.301604,9.157822,0.0,0.007330383,-0.0030543262,JERKING,10778cb0282b
1777356549630,16391824944456,2.123657,3.3135753,9.143456,0.0036651916,0.01160644,-0.002443461,JERKING,10778cb0282b
1777356549638,16391832937766,2.0590134,3.3327289,9.121908,0.0061086523,0.012217305,-0.0036651916,JERKING,10778cb0282b
1777356549646,16391840935305,2.042254,3.3854012,9.126697,0.0036651916,0.01282817,-0.0036651916,JERKING,10778cb0282b
1777356549654,16391848929999,2.006341,3.3686419,9.102755,0.0061086523,0.010995574,-0.0018325958,JERKING,10778cb0282b
1777356549662,16391856956155,1.9728222,3.3901896,9.081207,0.007330383,0.0061086523,-0.0036651916,JERKING,10778cb0282b
1777356549670,16391864953694,1.9488802,3.4261026,9.028535,0.007941248,-0.0012217305,-0.0030543262,JERKING,10778cb0282b
1777356549678,16391872948773,2.0111294,3.4404678,8.995016,0.007941248,-0.0036651916,-0.002443461,JERKING,10778cb0282b
1777356549686,16391880945697,2.0518308,3.4715924,9.018958,0.0036651916,-0.0036651916,0.0018325958,JERKING,10778cb0282b
1777356549694,16391888939852,2.0518308,3.4452562,9.040505,-6.1086525E-4,0.002443461,-0.0036651916,JERKING,10778cb0282b
1777356549702,16391896934931,2.0350714,3.4691982,9.078813,-0.0036651916,0.007941248,-0.0030543262,JERKING,10778cb0282b
1777356549710,16391904961086,2.0159178,3.4380736,9.114726,-0.004276057,0.009773844,-0.002443461,JERKING,10778cb0282b
1777356549718,16391912957394,1.9632454,3.4404678,9.121908,-0.0018325958,0.010995574,-0.005497787,JERKING,10778cb0282b
1777356549726,16391920952550,1.9440918,3.4141316,9.13388,-0.002443461,0.007941248,-0.002443461,JERKING,10778cb0282b
# SUMMARY,duration_ms=27725,accN=3461,gyroN=3461,accAvg=(1.953218241813933,3.4336622507370334,9.076271309807135),gyroAvg=(-1.0642927246691906E-4,-6.200432152374589E-4,3.706492414392318E-5)
