# epoch_ms,event_ts_ns,AX,AY,AZ,GX,GY,GZ,label,sessionID
1777347892002,7734196684390,0.1412579,0.4237737,9.945514,6.1086525E-4,6.1086525E-4,-6.1086525E-4,TONIC,6814425b5eb1
1777347892010,7734204773610,0.1388637,0.4429273,9.952697,6.1086525E-4,6.1086525E-4,-6.1086525E-4,TONIC,6814425b5eb1
1777347892018,7734212768676,0.1436521,0.4309563,9.947908,6.1086525E-4,6.1086525E-4,-6.1086525E-4,TONIC,6814425b5eb1
1777347892026,7734220764358,0.14604631,0.4309563,9.94312,6.1086525E-4,6.1086525E-4,-6.1086525E-4,TONIC,6814425b5eb1
1777347892034,7734228758117,0.11971009,0.44771573,9.94312,6.1086525E-4,6.1086525E-4,-6.1086525E-4,TONIC,6814425b5eb1
1777347892042,7734236754414,0.1340753,0.44532153,9.940725,6.1086525E-4,6.1086525E-4,-6.1086525E-4,TONIC,6814425b5eb1
1777347892050,7734244751404,0.1364695,0.4357447,9.94312,6.1086525E-4,6.1086525E-4,-6.1086525E-4,TONIC,6814425b5eb1
1777347892058,7734252776623,0.15801731,0.4333505,9.938332,6.1086525E-4,6.1086525E-4,-6.1086525E-4,TONIC,6814425b5eb1
1777347892066,7734260772536,0.1364695,0.45010993,9.935937,6.1086525E-4,6.1086525E-4,-6.1086525E-4,TONIC,6814425b5eb1
1777347892074,7734268768218,0.110133275,0.4309563,9.952697,6.1086525E-4,6.1086525E-4,-6.1086525E-4,TONIC,6814425b5eb1
1777347892082,7734276763976,0.12689269,0.44532153,9.9550905,6.1086525E-4,6.1086525E-4,-6.1086525E-4,TONIC,6814425b5eb1
1777347892090,7734284759274,0.1388637,0.4213795,9.94312,6.1086525E-4,6.1086525E-4,-6.1086525E-4,TONIC,6814425b5eb1
1777347892098,7734292754417,0.1316811,0.4405331,9.945514,6.1086525E-4,6.1086525E-4,-6.1086525E-4,TONIC,6814425b5eb1
1777347892106,7734300750098,0.12928689,0.4381389,9.940725,-0.0018325958,0.0,-6.1086525E-4,TONIC,6814425b5eb1
1777347892114,7734308775319,0.1436521,0.4381389,9.945514,-0.0012217305,0.0018325958,-0.0012217305,TONIC,6814425b5eb1
1777347892122,7734316771846,0.15562311,0.44532153,9.938332,0.0,6.1086525E-4,-0.0012217305,TONIC,6814425b5eb1
1777347892130,7734324768144,0.12689269,0.4261679,9.938332,0.0,-6.1086525E-4,0.0,TONIC,6814425b5eb1
1777347892138,7734332764518,0.1340753,0.4357447,9.950302,-0.0018325958,0.0,0.0,TONIC,6814425b5eb1
1777347892146,7734340759276,0.107739076,0.4429273,9.94312,-6.1086525E-4,0.0012217305,0.0,TONIC,6814425b5eb1
1777347892154,7734348754574,0.14844051,0.44771573,9.957485,0.0,0.0012217305,0.0012217305,TONIC,6814425b5eb1
1777347892162,7734356750870,0.1412579,0.4381389,9.940725,0.0,6.1086525E-4,0.0,TONIC,6814425b5eb1
1777347892170,7734364776476,0.12928689,0.4429273,9.931149,6.1086525E-4,6.1086525E-4,-6.1086525E-4,TONIC,6814425b5eb1
1777347892178,7734372771234,0.14604631,0.45010993,9.947908,0.0,6.1086525E-4,0.0,TONIC,6814425b5eb1
1777347892186,7734380767454,0.12689269,0.4381389,9.940725,6.1086525E-4,0.0012217305,0.0,TONIC,6814425b5eb1
1777347892194,7734388763444,0.1316811,0.4357447,9.950302,-0.0018325958,-6.1086525E-4,0.0,TONIC,6814425b5eb1
1777347892202,7734396757356,0.11971009,0.4405331,9.935937,0.0,0.0018325958,6.1086525E-4,TONIC,6814425b5eb1
1777347892210,7734404752961,0.1340753,0.4333505,9.931149,0.0012217305,6.1086525E-4,6.1086525E-4,TONIC,6814425b5eb1
1777347892218,7734412749873,0.11971009,0.4189853,9.9550905,-0.0012217305,0.0,-0.0012217305,TONIC,6814425b5eb1
1777347892226,7734420776709,0.12928689,0.4357447,9.935937,-6.1086525E-4,6.1086525E-4,0.0,TONIC,6814425b5eb1
1777347892234,7734428772622,0.12928689,0.4285621,9.950302,0.0,0.0012217305,0.0012217305,TONIC,6814425b5eb1
1777347892242,7734436766226,0.1316811,0.4405331,9.945514,-0.0030543262,-0.004886922,-6.1086525E-4,TONIC,6814425b5eb1
1777347892250,7734444764678,0.12210429,0.4405331,9.957485,-0.0012217305,0.0,0.0,TONIC,6814425b5eb1
1777347892258,7734452758744,0.11492168,0.45250413,9.947908,-0.0018325958,-0.0012217305,0.0,TONIC,6814425b5eb1
1777347892266,7734460753886,0.1388637,0.4381389,9.957485,6.1086525E-4,6.1086525E-4,6.1086525E-4,TONIC,6814425b5eb1
1777347892274,7734468748646,0.1364695,0.4357447,9.940725,0.0030543262,0.0036651916,0.0,TONIC,6814425b5eb1
1777347892282,7734476776865,0.14844051,0.4309563,9.950302,6.1086525E-4,0.0,-6.1086525E-4,TONIC,6814425b5eb1
1777347892290,7734484770702,0.1316811,0.4261679,9.957485,0.0030543262,0.004276057,0.0,TONIC,6814425b5eb1
1777347892298,7734492766460,0.1388637,0.4261679,9.962274,6.1086525E-4,0.0,0.0,TONIC,6814425b5eb1
1777347892306,7734500763064,0.1340753,0.45250413,9.959879,-0.0012217305,6.1086525E-4,0.0,TONIC,6814425b5eb1
1777347892314,7734508757208,0.12928689,0.44532153,9.931149,-0.0018325958,6.1086525E-4,0.0,TONIC,6814425b5eb1
1777347892322,7734516754120,0.1412579,0.4405331,9.959879,6.1086525E-4,6.1086525E-4,0.0,TONIC,6814425b5eb1
1777347892330,7734524749803,0.12449849,0.4165911,9.957485,-6.1086525E-4,-6.1086525E-4,-0.0018325958,TONIC,6814425b5eb1
1777347892338,7734532774715,0.1364695,0.4309563,9.959879,-6.1086525E-4,0.0,6.1086525E-4,TONIC,6814425b5eb1
1777347892346,7734540770011,0.1340753,0.4261679,9.952697,6.1086525E-4,6.1086525E-4,-6.1086525E-4,TONIC,6814425b5eb1
1777347892354,7734548766001,0.12449849,0.45010993,9.935937,-6.1086525E-4,0.0012217305,0.0,TONIC,6814425b5eb1
1777347892362,7734556762683,0.1364695,0.4237737,9.94312,0.0012217305,0.0012217305,-0.0012217305,TONIC,6814425b5eb1
1777347892370,7734564757750,0.1436521,0.4237737,9.97185,0.0018325958,-6.1086525E-4,6.1086525E-4,TONIC,6814425b5eb1
1777347892378,7734572752508,0.12928689,0.4429273,9.952697,-6.1086525E-4,0.0012217305,6.1086525E-4,TONIC,6814425b5eb1
1777347892386,7734580749728,0.110133275,0.4405331,9.967062,-0.0012217305,6.1086525E-4,0.0012217305,TONIC,6814425b5eb1
1777347892394,7734588776795,0.11252748,0.4429273,9.945514,-6.1086525E-4,6.1086525E-4,6.1086525E-4,TONIC,6814425b5eb1
1777347892402,7734596770553,0.1436521,0.4309563,9.940725,0.0,0.0018325958,0.0,TONIC,6814425b5eb1
1777347892410,7734604766312,0.12928689,0.4309563,9.945514,6.1086525E-4,-0.0018325958,6.1086525E-4,TONIC,6814425b5eb1
1777347892418,7734612761609,0.1412579,0.4405331,9.928755,-6.1086525E-4,0.0,0.0018325958,TONIC,6814425b5eb1
1777347892426,7734620755829,0.1316811,0.4309563,9.950302,6.1086525E-4,0.0012217305,-0.0012217305,TONIC,6814425b5eb1
1777347892434,7734628752357,0.1412579,0.44771573,9.928755,6.1086525E-4,-6.1086525E-4,0.0012217305,TONIC,6814425b5eb1
1777347892442,7734636779808,0.1388637,0.45250413,9.959879,6.1086525E-4,0.0018325958,6.1086525E-4,TONIC,6814425b5eb1
1777347892450,7734644774182,0.12210429,0.4213795,9.938332,6.1086525E-4,0.0018325958,-6.1086525E-4,TONIC,6814425b5eb1
1777347892458,7734652770171,0.1316811,0.44532153,9.947908,-6.1086525E-4,6.1086525E-4,6.1086525E-4,TONIC,6814425b5eb1
1777347892466,7734660764699,0.1364695,0.45250413,9.952697,6.1086525E-4,0.002443461,-0.0018325958,TONIC,6814425b5eb1
1777347892474,7734668760689,0.12928689,0.4213795,9.952697,-0.0018325958,0.0012217305,0.0,TONIC,6814425b5eb1
1777347892482,7734676756601,0.12449849,0.4333505,9.947908,0.0,0.0,-0.0012217305,TONIC,6814425b5eb1
1777347892490,7734684753283,0.15083471,0.4429273,9.94312,-6.1086525E-4,-0.0012217305,6.1086525E-4,TONIC,6814425b5eb1
1777347892498,7734692748965,0.11971009,0.4309563,9.933543,6.1086525E-4,0.0012217305,0.0,TONIC,6814425b5eb1
1777347892506,7734700774415,0.1364695,0.4429273,9.952697,-6.1086525E-4,0.002443461,-6.1086525E-4,TONIC,6814425b5eb1
1777347892514,7734708768867,0.11492168,0.44532153,9.959879,-6.1086525E-4,-6.1086525E-4,6.1086525E-4,TONIC,6814425b5eb1
1777347892522,7734716764625,0.1316811,0.4405331,9.947908,0.0,0.0,0.0012217305,TONIC,6814425b5eb1
1777347892530,7734724762461,0.11971009,0.4357447,9.947908,-0.004886922,-0.0036651916,6.1086525E-4,TONIC,6814425b5eb1
1777347892538,7734732758450,0.1436521,0.44532153,9.92636,-0.0018325958,6.1086525E-4,6.1086525E-4,TONIC,6814425b5eb1
1777347892546,7734740752516,0.1436521,0.4429273,9.947908,-0.0018325958,0.002443461,-6.1086525E-4,TONIC,6814425b5eb1
1777347892554,7734748749429,0.12449849,0.4237737,9.947908,0.0,-0.0018325958,6.1086525E-4,TONIC,6814425b5eb1
1777347892562,7734756772572,0.1364695,0.44532153,9.938332,-6.1086525E-4,0.0,6.1086525E-4,TONIC,6814425b5eb1
1777347892570,7734764770100,0.14604631,0.4285621,9.933543,-6.1086525E-4,-6.1086525E-4,-6.1086525E-4,TONIC,6814425b5eb1
1777347892578,7734772765397,0.11492168,0.4165911,9.945514,-0.0012217305,6.1086525E-4,0.0,TONIC,6814425b5eb1
1777347892586,7734780760771,0.1316811,0.4261679,9.967062,0.0030543262,0.002443461,0.0012217305,TONIC,6814425b5eb1
1777347892594,7734788756530,0.1316811,0.4357447,9.933543,-0.0012217305,0.0012217305,-6.1086525E-4,TONIC,6814425b5eb1
1777347892602,7734796752211,0.1436521,0.4285621,9.950302,-0.0018325958,-0.002443461,0.0,TONIC,6814425b5eb1
1777347892610,7734804746355,0.1316811,0.4285621,9.947908,-0.0018325958,-0.0012217305,6.1086525E-4,TONIC,6814425b5eb1
1777347892618,7734812772114,0.1316811,0.44532153,9.950302,6.1086525E-4,0.0018325958,0.0012217305,TONIC,6814425b5eb1
1777347892626,7734820770333,0.1316811,0.4261679,9.94312,6.1086525E-4,0.0012217305,6.1086525E-4,TONIC,6814425b5eb1
1777347892634,7734828765323,0.14604631,0.45010993,9.952697,0.0,0.0,-6.1086525E-4,TONIC,6814425b5eb1
1777347892642,7734836758851,0.11731588,0.4309563,9.94312,6.1086525E-4,0.0012217305,0.0018325958,TONIC,6814425b5eb1
1777347892650,7734844758302,0.110133275,0.4261679,9.935937,0.0,0.0012217305,-6.1086525E-4,TONIC,6814425b5eb1
1777347892658,7734852750599,0.12689269,0.4405331,9.9550905,0.0,6.1086525E-4,6.1086525E-4,TONIC,6814425b5eb1
1777347892666,7734860776742,0.12928689,0.4165911,9.94312,0.002443461,0.0012217305,6.1086525E-4,TONIC,6814425b5eb1
1777347892674,7734868774501,0.1412579,0.4261679,9.959879,6.1086525E-4,0.0018325958,-6.1086525E-4,TONIC,6814425b5eb1
1777347892682,7734876768413,0.1412579,0.4357447,9.940725,0.0,0.0,6.1086525E-4,TONIC,6814425b5eb1
1777347892690,7734884763711,0.1412579,0.4381389,9.94312,-0.0018325958,-0.0012217305,6.1086525E-4,TONIC,6814425b5eb1
1777347892698,7734892760008,0.1388637,0.4357447,9.94312,6.1086525E-4,-0.0012217305,0.0018325958,TONIC,6814425b5eb1
1777347892706,7734900755458,0.1412579,0.4405331,9.940725,-6.1086525E-4,0.0018325958,0.0,TONIC,6814425b5eb1
1777347892714,7734908750141,0.1436521,0.45250413,9.9550905,0.0012217305,0.0,0.0012217305,TONIC,6814425b5eb1
1777347892722,7734916746207,0.1364695,0.44532153,9.928755,-0.0012217305,-6.1086525E-4,6.1086525E-4,TONIC,6814425b5eb1
1777347892730,7734924773504,0.11731588,0.4429273,9.938332,0.0,0.0012217305,0.0012217305,TONIC,6814425b5eb1
1777347892738,7734932769493,0.1340753,0.4357447,9.938332,-6.1086525E-4,-6.1086525E-4,0.0012217305,TONIC,6814425b5eb1
1777347892746,7734940765867,0.1340753,0.4381389,9.94312,6.1086525E-4,0.0012217305,6.1086525E-4,TONIC,6814425b5eb1
1777347892754,7734948758703,0.12210429,0.4357447,9.923966,0.0012217305,0.0,0.0012217305,TONIC,6814425b5eb1
1777347892762,7734956754384,0.12689269,0.4381389,9.938332,-0.0012217305,0.0,0.0012217305,TONIC,6814425b5eb1
1777347892770,7734964750374,0.1388637,0.44771573,9.923966,0.0,6.1086525E-4,6.1086525E-4,TONIC,6814425b5eb1
1777347892778,7734972776594,0.12449849,0.44532153,9.921572,0.0,0.0012217305,0.0012217305,TONIC,6814425b5eb1
1777347892786,7734980771660,0.12928689,0.4237737,9.94312,0.0,0.0012217305,0.0,TONIC,6814425b5eb1
1777347892794,7734988770342,0.12449849,0.4333505,9.938332,0.0012217305,-6.1086525E-4,6.1086525E-4,TONIC,6814425b5eb1
1777347892802,7734996764255,0.1364695,0.4309563,9.92636,6.1086525E-4,6.1086525E-4,0.0012217305,TONIC,6814425b5eb1
1777347892810,7735004760168,0.1364695,0.44771573,9.923966,6.1086525E-4,6.1086525E-4,0.0012217305,TONIC,6814425b5eb1
1777347892818,7735012755541,0.1340753,0.4333505,9.931149,-0.0018325958,0.0012217305,6.1086525E-4,TONIC,6814425b5eb1
1777347892826,7735020749684,0.14844051,0.45010993,9.947908,-6.1086525E-4,0.0012217305,0.0018325958,TONIC,6814425b5eb1
1777347892834,7735028746905,0.12928689,0.4381389,9.907207,0.0012217305,0.0012217305,0.0,TONIC,6814425b5eb1
1777347892842,7735036772202,0.1316811,0.4405331,9.921572,0.0,-6.1086525E-4,6.1086525E-4,TONIC,6814425b5eb1
1777347892850,7735044768115,0.11731588,0.4309563,9.928755,0.0012217305,-6.1086525E-4,0.0,TONIC,6814425b5eb1
1777347892858,7735052763488,0.11971009,0.4285621,9.940725,0.0,0.0012217305,-6.1086525E-4,TONIC,6814425b5eb1
1777347892866,7735060758631,0.12210429,0.4165911,9.935937,-0.0012217305,6.1086525E-4,0.0012217305,TONIC,6814425b5eb1
1777347892874,7735068754852,0.1364695,0.45250413,9.938332,0.0012217305,6.1086525E-4,0.0,TONIC,6814425b5eb1
1777347892882,7735076750303,0.1340753,0.4429273,9.94312,6.1086525E-4,6.1086525E-4,0.0012217305,TONIC,6814425b5eb1
1777347892890,7735084775446,0.1340753,0.4333505,9.928755,0.0,-6.1086525E-4,-6.1086525E-4,TONIC,6814425b5eb1
1777347892898,7735092772974,0.1412579,0.4333505,9.928755,0.0,6.1086525E-4,0.0,TONIC,6814425b5eb1
1777347892906,7735100766578,0.1388637,0.45010993,9.940725,0.0,-6.1086525E-4,6.1086525E-4,TONIC,6814425b5eb1
1777347892914,7735108763722,0.1316811,0.4333505,9.931149,-6.1086525E-4,0.0012217305,0.0,TONIC,6814425b5eb1
1777347892922,7735116759711,0.15083471,0.4381389,9.916783,-0.0012217305,-0.0012217305,0.0012217305,TONIC,6814425b5eb1
1777347892930,7735124756009,0.1340753,0.4381389,9.916783,0.0,0.0012217305,0.0,TONIC,6814425b5eb1
1777347892938,7735132750844,0.12689269,0.4357447,9.940725,0.0,0.0,0.0,TONIC,6814425b5eb1
1777347892946,7735140776679,0.1436521,0.4237737,9.928755,-6.1086525E-4,-6.1086525E-4,0.0012217305,TONIC,6814425b5eb1
1777347892954,7735148770439,0.1340753,0.4405331,9.91439,0.0,6.1086525E-4,0.0012217305,TONIC,6814425b5eb1
1777347892962,7735156766120,0.1412579,0.4285621,9.907207,0.0012217305,6.1086525E-4,0.0,TONIC,6814425b5eb1
1777347892970,7735164762802,0.1340753,0.4429273,9.928755,0.0012217305,-6.1086525E-4,0.0012217305,TONIC,6814425b5eb1
1777347892978,7735172759022,0.1364695,0.4333505,9.94312,0.0,0.0,-6.1086525E-4,TONIC,6814425b5eb1
1777347892986,7735180755088,0.15801731,0.4333505,9.923966,-0.0018325958,-6.1086525E-4,6.1086525E-4,TONIC,6814425b5eb1
1777347892994,7735188749463,0.1436521,0.4285621,9.931149,0.0,6.1086525E-4,0.0,TONIC,6814425b5eb1
1777347893002,7735196774452,0.09816227,0.4405331,9.92636,0.0,0.004276057,-6.1086525E-4,TONIC,6814425b5eb1
1777347893010,7735204771903,0.12449849,0.46447513,9.928755,6.1086525E-4,0.0018325958,0.0012217305,TONIC,6814425b5eb1
1777347893018,7735212768892,0.18914193,0.4237737,9.935937,-6.1086525E-4,-0.0012217305,-6.1086525E-4,TONIC,6814425b5eb1
1777347893026,7735220763035,0.045489833,0.40940848,9.909601,-0.0030543262,-0.004276057,-0.0012217305,TONIC,6814425b5eb1
1777347893034,7735228758717,0.23702596,0.49081135,9.97185,-0.002443461,0.007941248,0.0012217305,TONIC,6814425b5eb1
1777347893042,7735236752860,0.08140286,0.4261679,9.911995,0.0012217305,-0.007330383,0.0018325958,TONIC,6814425b5eb1
1777347893050,7735244751619,0.16759412,0.4165911,9.935937,0.002443461,0.005497787,-0.0018325958,TONIC,6814425b5eb1
1777347893058,7735252775839,0.15322891,0.4405331,9.92636,-0.0012217305,-0.0018325958,0.0036651916,TONIC,6814425b5eb1
1777347893066,7735260773367,0.12210429,0.4381389,9.94312,-0.0012217305,0.0012217305,-0.0012217305,TONIC,6814425b5eb1
1777347893074,7735268767511,0.1604115,0.4237737,9.938332,-0.002443461,6.1086525E-4,6.1086525E-4,TONIC,6814425b5eb1
1777347893082,7735276762884,0.11731588,0.45010993,9.923966,6.1086525E-4,0.0012217305,0.0,TONIC,6814425b5eb1
1777347893090,7735284757336,0.15083471,0.4309563,9.907207,0.0036651916,0.002443461,0.0018325958,TONIC,6814425b5eb1
1777347893098,7735292751863,0.11492168,0.4261679,9.92636,0.0,0.0030543262,-0.0018325958,TONIC,6814425b5eb1
1777347893106,7735300747775,0.1340753,0.4261679,9.947908,-0.0012217305,0.0,6.1086525E-4,TONIC,6814425b5eb1
1777347893114,7735308773919,0.1412579,0.44532153,9.964667,-0.002443461,-0.0018325958,-6.1086525E-4,TONIC,6814425b5eb1
1777347893122,7735316770601,0.14844051,0.4333505,9.92636,-0.0018325958,-0.0018325958,0.0012217305,TONIC,6814425b5eb1
1777347893130,7735324765360,0.074220255,0.39983168,9.94312,0.0018325958,0.004276057,-0.002443461,TONIC,6814425b5eb1
1777347893138,7735332762580,0.023942016,0.47644615,9.921572,0.0030543262,0.005497787,0.0030543262,TONIC,6814425b5eb1
1777347893146,7735340759492,0.272939,0.46447513,9.959879,0.0,0.004886922,0.0012217305,TONIC,6814425b5eb1
1777347893154,7735348753251,0.12689269,0.33758244,9.880871,-0.0036651916,-0.028099801,-0.0018325958,TONIC,6814425b5eb1
1777347893162,7735356747471,0.18195933,0.48602295,9.959879,-0.0030543262,0.015271631,0.002443461,TONIC,6814425b5eb1
1777347893170,7735364774768,0.18674773,0.45729253,9.967062,0.0018325958,0.028710667,0.0036651916,TONIC,6814425b5eb1
1777347893178,7735372772065,-0.050278235,0.37588966,9.935937,0.004886922,0.004276057,-0.004276057,TONIC,6814425b5eb1
1777347893186,7735380767054,0.19871874,0.46447513,9.947908,0.002443461,-0.009773844,0.0018325958,TONIC,6814425b5eb1
1777347893194,7735388760275,0.15801731,0.45489833,9.880871,-6.1086525E-4,-0.018936822,0.0018325958,TONIC,6814425b5eb1
1777347893202,7735396757187,0.1388637,0.39743748,9.921572,-0.004886922,0.010995574,0.0,TONIC,6814425b5eb1
1777347893210,7735404753177,0.1412579,0.4285621,9.983821,-0.0036651916,0.016493361,0.0018325958,TONIC,6814425b5eb1
1777347893218,7735412748320,0.107739076,0.4261679,9.945514,0.0030543262,-0.002443461,-6.1086525E-4,TONIC,6814425b5eb1
1777347893226,7735420775078,0.08619126,0.45010993,9.873688,0.004276057,-0.016493361,0.0012217305,TONIC,6814425b5eb1
1777347893234,7735428771068,0.14604631,0.50278234,9.919178,0.002443461,0.004276057,0.0012217305,TONIC,6814425b5eb1
1777347893242,7735436764519,0.1604115,0.4429273,9.962274,-0.0018325958,0.007941248,0.0018325958,TONIC,6814425b5eb1
1777347893250,7735444763586,0.09816227,0.3878607,9.957485,-0.004276057,-0.009773844,-0.0018325958,TONIC,6814425b5eb1
1777347893258,7735452757113,0.1340753,0.4357447,9.952697,-0.004886922,-0.0061086523,0.0018325958,TONIC,6814425b5eb1
1777347893266,7735460753487,0.1364695,0.48362875,9.938332,0.0036651916,0.01038471,0.0036651916,TONIC,6814425b5eb1
1777347893274,7735468747015,0.06703765,0.4333505,9.885659,0.0061086523,0.008552114,0.0,TONIC,6814425b5eb1
1777347893282,7735476774620,0.21068975,0.4237737,9.952697,-6.1086525E-4,-0.008552114,6.1086525E-4,TONIC,6814425b5eb1
1777347893290,7735484768533,0.05746084,0.4333505,9.89763,-0.0067195175,-0.02565634,-0.0036651916,TONIC,6814425b5eb1
1777347893298,7735492764830,0.22984336,0.45489833,9.991004,-0.0061086523,0.01038471,0.0036651916,TONIC,6814425b5eb1
1777347893306,7735500761126,0.016759412,0.4405331,9.962274,-0.0012217305,0.02565634,-0.0012217305,TONIC,6814425b5eb1
1777347893314,7735508755501,0.107739076,0.4213795,9.868899,0.007941248,-0.002443461,0.0018325958,TONIC,6814425b5eb1
1777347893322,7735516754567,0.16759412,0.44771573,9.859323,0.008552114,-0.015271631,0.0036651916,TONIC,6814425b5eb1
1777347893330,7735524750018,0.1388637,0.48362875,9.921572,-0.0036651916,-0.008552114,-0.0012217305,TONIC,6814425b5eb1
1777347893338,7735532772700,0.15083471,0.40222588,10.031705,-0.009773844,0.015271631,-0.0012217305,TONIC,6814425b5eb1
1777347893346,7735540769689,0.093373865,0.4213795,10.019734,-0.005497787,-0.0012217305,0.002443461,TONIC,6814425b5eb1
1777347893354,7735548765294,0.12449849,0.44532153,9.94312,0.007330383,-0.002443461,0.0012217305,TONIC,6814425b5eb1
1777347893362,7735556759514,0.15083471,0.45250413,9.842564,0.01160644,0.0018325958,-6.1086525E-4,TONIC,6814425b5eb1
1777347893370,7735564755119,0.15801731,0.44771573,9.854534,0.0036651916,-0.004276057,0.0018325958,TONIC,6814425b5eb1
1777347893378,7735572751801,0.1340753,0.47405192,9.964667,-0.0067195175,0.004276057,0.0,TONIC,6814425b5eb1
1777347893386,7735580776636,0.14844051,0.40940848,10.029311,-0.01038471,0.004276057,0.0012217305,TONIC,6814425b5eb1
1777347893394,7735588774549,0.08379706,0.4141969,9.998186,-0.0018325958,0.0018325958,0.0,TONIC,6814425b5eb1
1777347893402,7735596768923,0.1412579,0.4405331,9.91439,0.007330383,6.1086525E-4,0.002443461,TONIC,6814425b5eb1
1777347893410,7735604765220,0.1364695,0.44771573,9.880871,0.008552114,-0.002443461,0.002443461,TONIC,6814425b5eb1
1777347893418,7735612760671,0.16998832,0.45250413,9.880871,6.1086525E-4,-0.004886922,-6.1086525E-4,TONIC,6814425b5eb1
1777347893426,7735620755352,0.15562311,0.4261679,9.938332,-0.0067195175,0.0030543262,0.0018325958,TONIC,6814425b5eb1
1777347893434,7735628750419,0.090979666,0.4381389,10.007763,-0.005497787,0.008552114,0.0,TONIC,6814425b5eb1
1777347893442,7735636748331,0.1316811,0.4381389,9.991004,0.002443461,0.0,0.0012217305,TONIC,6814425b5eb1
1777347893450,7735644775937,0.12449849,0.45250413,9.935937,0.004886922,-0.0067195175,0.0012217305,TONIC,6814425b5eb1
1777347893458,7735652768003,0.17238252,0.44532153,9.876082,0.002443461,-0.0018325958,0.0018325958,TONIC,6814425b5eb1
1777347893466,7735660766376,0.1364695,0.45250413,9.907207,-0.004886922,0.004886922,-6.1086525E-4,TONIC,6814425b5eb1
1777347893474,7735668758982,0.11971009,0.4381389,9.97185,-0.004886922,0.007941248,6.1086525E-4,TONIC,6814425b5eb1
1777347893482,7735676754740,0.10534488,0.4261679,9.969456,-0.0012217305,-0.0012217305,0.002443461,TONIC,6814425b5eb1
1777347893490,7735684753114,0.1388637,0.4429273,9.931149,0.0036651916,-0.004886922,-6.1086525E-4,TONIC,6814425b5eb1
1777347893498,7735692747027,0.15562311,0.4429273,9.911995,0.004886922,6.1086525E-4,0.0,TONIC,6814425b5eb1
1777347893506,7735700772246,0.1388637,0.4429273,9.92636,-0.0018325958,0.0036651916,-0.0012217305,TONIC,6814425b5eb1
1777347893514,7735708767621,0.1364695,0.4333505,9.952697,-0.002443461,0.0012217305,6.1086525E-4,TONIC,6814425b5eb1
1777347893522,7735716763302,0.1412579,0.4261679,9.950302,-0.0012217305,-0.0018325958,0.0,TONIC,6814425b5eb1
1777347893530,7735724759600,0.14844051,0.4309563,9.928755,0.0030543262,0.0,-6.1086525E-4,TONIC,6814425b5eb1
1777347893538,7735732755512,0.1364695,0.4261679,9.928755,0.0030543262,0.002443461,0.0012217305,TONIC,6814425b5eb1
1777347893546,7735740749963,0.1316811,0.4285621,9.940725,6.1086525E-4,0.004276057,0.0,TONIC,6814425b5eb1
1777347893554,7735748746337,0.1412579,0.4285621,9.933543,-0.0030543262,0.0018325958,0.0012217305,TONIC,6814425b5eb1
1777347893562,7735756774634,0.12689269,0.4309563,9.969456,-0.0030543262,-0.004886922,0.0012217305,TONIC,6814425b5eb1
1777347893570,7735764768162,0.15562311,0.4309563,9.952697,6.1086525E-4,-0.0012217305,6.1086525E-4,TONIC,6814425b5eb1
1777347893578,7735772763844,0.12210429,0.4285621,9.940725,0.002443461,0.0030543262,0.0,TONIC,6814425b5eb1
1777347893586,7735780759756,0.1388637,0.4405331,9.907207,0.0030543262,6.1086525E-4,0.0012217305,TONIC,6814425b5eb1
1777347893594,7735788755823,0.12689269,0.46926352,9.923966,0.0012217305,0.002443461,0.002443461,TONIC,6814425b5eb1
1777347893602,7735796750889,0.12449849,0.4381389,9.928755,-6.1086525E-4,-0.0012217305,6.1086525E-4,TONIC,6814425b5eb1
1777347893610,7735804777263,0.1604115,0.45729253,9.952697,-0.0012217305,0.0,6.1086525E-4,TONIC,6814425b5eb1
1777347893618,7735812772714,0.1316811,0.45489833,9.947908,-0.002443461,-6.1086525E-4,6.1086525E-4,TONIC,6814425b5eb1
1777347893626,7735820769241,0.1436521,0.4165911,9.94312,0.0018325958,0.0012217305,0.0012217305,TONIC,6814425b5eb1
1777347893634,7735828764693,0.12449849,0.4333505,9.911995,0.0018325958,0.0012217305,0.002443461,TONIC,6814425b5eb1
1777347893642,7735836758836,0.11971009,0.44532153,9.923966,0.0012217305,0.002443461,6.1086525E-4,TONIC,6814425b5eb1
1777347893650,7735844755364,0.1316811,0.44771573,9.92636,-0.0018325958,0.0,6.1086525E-4,TONIC,6814425b5eb1
1777347893658,7735852749584,0.12210429,0.4213795,9.947908,-0.0012217305,0.0018325958,0.0,TONIC,6814425b5eb1
1777347893666,7735860776881,0.14604631,0.4285621,9.957485,-0.002443461,0.0030543262,0.002443461,TONIC,6814425b5eb1
1777347893674,7735868773486,0.1412579,0.4381389,9.931149,0.0,-0.0018325958,6.1086525E-4,TONIC,6814425b5eb1
1777347893682,7735876769552,0.11971009,0.4261679,9.94312,0.0,-6.1086525E-4,6.1086525E-4,TONIC,6814425b5eb1
1777347893690,7735884764004,0.1604115,0.4381389,9.921572,0.0012217305,0.0,0.0018325958,TONIC,6814425b5eb1
1777347893698,7735892758377,0.14844051,0.4285621,9.94312,-0.0012217305,0.0018325958,-6.1086525E-4,TONIC,6814425b5eb1
1777347893706,7735900754366,0.1364695,0.4333505,9.957485,-0.0012217305,0.002443461,-6.1086525E-4,TONIC,6814425b5eb1
1777347893714,7735908750126,0.12689269,0.44532153,9.959879,-0.0012217305,0.0,0.0018325958,TONIC,6814425b5eb1
1777347893722,7735916774961,0.12928689,0.4237737,9.945514,0.0018325958,0.0,0.0012217305,TONIC,6814425b5eb1
1777347893730,7735924772259,0.1364695,0.41180268,9.931149,0.0012217305,0.0,-0.0012217305,TONIC,6814425b5eb1
1777347893738,7735932767940,0.1412579,0.4381389,9.92636,-6.1086525E-4,6.1086525E-4,-6.1086525E-4,TONIC,6814425b5eb1
1777347893746,7735940763544,0.1388637,0.4357447,9.938332,-0.0012217305,0.0,6.1086525E-4,TONIC,6814425b5eb1
1777347893754,7735948757765,0.12689269,0.4285621,9.935937,-6.1086525E-4,0.0018325958,0.0012217305,TONIC,6814425b5eb1
1777347893762,7735956754908,0.14844051,0.4333505,9.947908,0.0012217305,6.1086525E-4,-6.1086525E-4,TONIC,6814425b5eb1
1777347893770,7735964751821,0.10295067,0.45010993,9.935937,0.0,-0.0018325958,0.0,TONIC,6814425b5eb1
1777347893778,7735972775887,0.1604115,0.4429273,9.940725,-6.1086525E-4,0.002443461,6.1086525E-4,TONIC,6814425b5eb1
1777347893786,7735980770645,0.10534488,0.4213795,9.940725,0.0,0.0,-6.1086525E-4,TONIC,6814425b5eb1
1777347893794,7735988767251,0.1412579,0.4237737,9.947908,6.1086525E-4,-0.002443461,6.1086525E-4,TONIC,6814425b5eb1
1777347893802,7735996761624,0.1412579,0.4333505,9.959879,6.1086525E-4,-0.0036651916,-6.1086525E-4,TONIC,6814425b5eb1
1777347893810,7736004757614,0.12928689,0.4165911,9.950302,-0.0030543262,0.0012217305,0.0012217305,TONIC,6814425b5eb1
1777347893818,7736012754911,0.12449849,0.4357447,9.931149,0.0,0.005497787,-6.1086525E-4,TONIC,6814425b5eb1
1777347893826,7736020748977,0.1340753,0.4357447,9.940725,0.002443461,-0.0012217305,6.1086525E-4,TONIC,6814425b5eb1
1777347893834,7736028777352,0.11971009,0.4405331,9.940725,0.0012217305,0.0012217305,6.1086525E-4,TONIC,6814425b5eb1
1777347893842,7736036771725,0.1388637,0.44532153,9.940725,0.0,-0.0030543262,0.0012217305,TONIC,6814425b5eb1
1777347893850,7736044768100,0.1316811,0.4213795,9.938332,-0.0012217305,0.0012217305,0.0012217305,TONIC,6814425b5eb1
1777347893858,7736052762781,0.11252748,0.4357447,9.94312,-0.0018325958,0.0030543262,-6.1086525E-4,TONIC,6814425b5eb1
1777347893866,7736060756616,0.14844051,0.4357447,9.935937,0.0,-0.002443461,0.0018325958,TONIC,6814425b5eb1
1777347893874,7736068755068,0.12449849,0.45729253,9.907207,0.002443461,0.0018325958,0.0,TONIC,6814425b5eb1
1777347893882,7736076748980,0.1412579,0.45010993,9.92636,0.0012217305,0.0030543262,0.0012217305,TONIC,6814425b5eb1
1777347893890,7736084776893,0.11252748,0.4213795,9.97185,-0.0012217305,-6.1086525E-4,0.0,TONIC,6814425b5eb1
1777347893898,7736092770497,0.16759412,0.4357447,9.986216,-0.0018325958,-0.0012217305,0.0012217305,TONIC,6814425b5eb1
1777347893906,7736100767640,0.11252748,0.40462008,9.945514,-0.0012217305,-0.0036651916,-6.1086525E-4,TONIC,6814425b5eb1
1777347893914,7736108760861,0.14844051,0.44532153,9.928755,0.0012217305,0.004886922,6.1086525E-4,TONIC,6814425b5eb1
1777347893922,7736116757850,0.11252748,0.4309563,9.928755,0.0036651916,0.007941248,0.0,TONIC,6814425b5eb1
1777347893930,7736124755071,0.110133275,0.4333505,9.923966,0.002443461,-0.0030543262,-0.002443461,TONIC,6814425b5eb1
1777347893938,7736132749137,0.17477672,0.45489833,9.94312,-0.0018325958,-6.1086525E-4,0.0018325958,TONIC,6814425b5eb1
1777347893946,7736140775280,0.107739076,0.45968673,9.969456,-0.004276057,0.0030543262,-0.0012217305,TONIC,6814425b5eb1
1777347893954,7736148771039,0.1316811,0.40940848,9.969456,-6.1086525E-4,0.0,0.0018325958,TONIC,6814425b5eb1
1777347893962,7736156764797,0.1364695,0.4429273,9.931149,0.002443461,0.0,0.0,TONIC,6814425b5eb1
1777347893970,7736164762633,0.16519992,0.4285621,9.890448,0.0018325958,-0.0036651916,6.1086525E-4,TONIC,6814425b5eb1
1777347893978,7736172757776,0.12689269,0.4381389,9.923966,-6.1086525E-4,6.1086525E-4,0.0012217305,TONIC,6814425b5eb1
1777347893986,7736180753996,0.12689269,0.45729253,9.97185,-0.0012217305,0.0061086523,0.0,TONIC,6814425b5eb1
1777347893994,7736188749755,0.1316811,0.4429273,9.97185,-0.0018325958,6.1086525E-4,0.0018325958,TONIC,6814425b5eb1
1777347894002,7736196773667,0.088585466,0.4213795,9.945514,0.0012217305,-0.0030543262,-0.0018325958,TONIC,6814425b5eb1
1777347894010,7736204768734,0.16280572,0.4405331,9.919178,0.002443461,-0.0018325958,0.0018325958,TONIC,6814425b5eb1
1777347894018,7736212766031,0.1316811,0.4405331,9.923966,0.0,0.0012217305,6.1086525E-4,TONIC,6814425b5eb1
1777347894026,7736220761328,0.14604631,0.44771573,9.92636,-0.0012217305,0.0012217305,0.0018325958,TONIC,6814425b5eb1
1777347894034,7736228757318,0.12449849,0.4333505,9.931149,-6.1086525E-4,6.1086525E-4,6.1086525E-4,TONIC,6814425b5eb1
1777347894042,7736236752076,0.1316811,0.4381389,9.940725,-6.1086525E-4,-0.0012217305,0.0012217305,TONIC,6814425b5eb1
1777347894050,7736244748143,0.1364695,0.4333505,9.957485,0.0012217305,6.1086525E-4,0.0,TONIC,6814425b5eb1
1777347894058,7736252773286,0.11492168,0.4357447,9.947908,6.1086525E-4,0.0,0.0012217305,TONIC,6814425b5eb1
1777347894066,7736260768736,0.14844051,0.44771573,9.923966,0.0,-6.1086525E-4,0.0012217305,TONIC,6814425b5eb1
1777347894074,7736268764726,0.12689269,0.4333505,9.940725,6.1086525E-4,0.0,0.0,TONIC,6814425b5eb1
1777347894082,7736276761639,0.1364695,0.4333505,9.957485,6.1086525E-4,6.1086525E-4,-6.1086525E-4,TONIC,6814425b5eb1
1777347894090,7736284756936,0.12689269,0.4237737,9.931149,0.0012217305,0.0018325958,6.1086525E-4,TONIC,6814425b5eb1
1777347894098,7736292751464,0.12689269,0.4261679,9.952697,6.1086525E-4,0.0018325958,0.0012217305,TONIC,6814425b5eb1
1777347894106,7736300748914,0.14604631,0.4357447,9.928755,-6.1086525E-4,0.0012217305,0.0012217305,TONIC,6814425b5eb1
1777347894114,7736308773827,0.107739076,0.4357447,9.935937,6.1086525E-4,0.0012217305,0.0,TONIC,6814425b5eb1
1777347894122,7736316769893,0.14604631,0.46686932,9.940725,-6.1086525E-4,-0.0012217305,6.1086525E-4,TONIC,6814425b5eb1
1777347894130,7736324764960,0.1340753,0.4333505,9.931149,-0.0012217305,0.0,6.1086525E-4,TONIC,6814425b5eb1
1777347894138,7736332761565,0.12928689,0.4381389,9.940725,0.0,0.0,0.0,TONIC,6814425b5eb1
1777347894146,7736340756861,0.12928689,0.4357447,9.933543,-6.1086525E-4,-6.1086525E-4,0.0,TONIC,6814425b5eb1
1777347894154,7736348752928,0.12449849,0.4381389,9.9550905,0.002443461,6.1086525E-4,0.0018325958,TONIC,6814425b5eb1
1777347894162,7736356747994,0.12928689,0.4429273,9.945514,0.0012217305,-6.1086525E-4,0.0012217305,TONIC,6814425b5eb1
1777347894170,7736364774368,0.14604631,0.4261679,9.935937,0.0,-0.0012217305,0.0,TONIC,6814425b5eb1
1777347894178,7736372768281,0.12449849,0.4261679,9.950302,0.0,0.0012217305,6.1086525E-4,TONIC,6814425b5eb1
1777347894186,7736380763347,0.12689269,0.4309563,9.928755,0.0,-0.0012217305,0.0018325958,TONIC,6814425b5eb1
1777347894194,7736388760799,0.1412579,0.4381389,9.928755,0.0,-0.0012217305,6.1086525E-4,TONIC,6814425b5eb1
1777347894202,7736396755326,0.1388637,0.44771573,9.923966,-6.1086525E-4,0.0,0.0018325958,TONIC,6814425b5eb1
1777347894210,7736404752162,0.107739076,0.4309563,9.940725,0.0,6.1086525E-4,0.0018325958,TONIC,6814425b5eb1
1777347894218,7736412749151,0.12449849,0.4381389,9.952697,0.0,0.002443461,0.0,TONIC,6814425b5eb1
1777347894226,7736420774679,0.1340753,0.45010993,9.959879,0.0,0.0018325958,0.0018325958,TONIC,6814425b5eb1
1777347894234,7736428769438,0.12449849,0.4261679,9.957485,0.0,6.1086525E-4,0.0,TONIC,6814425b5eb1
1777347894242,7736436765350,0.1388637,0.4141969,9.931149,6.1086525E-4,-6.1086525E-4,0.0012217305,TONIC,6814425b5eb1
1777347894250,7736444759878,0.12689269,0.4357447,9.950302,0.0,-0.0012217305,6.1086525E-4,TONIC,6814425b5eb1
1777347894258,7736452756714,0.1364695,0.4285621,9.933543,-6.1086525E-4,0.0018325958,6.1086525E-4,TONIC,6814425b5eb1
1777347894266,7736460751472,0.11971009,0.4357447,9.938332,-0.004276057,-0.002443461,0.0018325958,TONIC,6814425b5eb1
1777347894274,7736468746616,0.1436521,0.4405331,9.931149,0.0,0.002443461,0.0018325958,TONIC,6814425b5eb1
1777347894282,7736476772759,0.1340753,0.44532153,9.931149,0.0,0.0012217305,0.0,TONIC,6814425b5eb1
1777347894290,7736484770902,0.045489833,0.40462008,9.718064,0.0018325958,6.1086525E-4,0.0,TONIC,6814425b5eb1
1777347894298,7736492762584,0.31364042,0.51954174,9.600749,-0.0067195175,0.004886922,-0.0036651916,TONIC,6814425b5eb1
1777347894306,7736500760727,0.059855044,0.36870706,10.261548,-0.02076942,-0.002443461,-0.009773844,TONIC,6814425b5eb1
1777347894314,7736508756101,0.110133275,0.50038815,9.581595,0.027488936,0.0012217305,0.0018325958,TONIC,6814425b5eb1
1777347894322,7736516751475,0.1364695,0.45250413,9.775525,-0.01038471,0.010995574,0.0036651916,TONIC,6814425b5eb1
1777347894330,7736524746850,0.05746084,0.3878607,10.33098,-0.030543262,-0.0018325958,0.004276057,TONIC,6814425b5eb1
1777347894338,7736532775069,0.17238252,0.4165911,10.158598,0.01282817,0.002443461,0.002443461,TONIC,6814425b5eb1
1777347894346,7736540767751,0.19393034,0.45729253,9.76116,0.031154128,-0.009773844,0.0018325958,TONIC,6814425b5eb1
1777347894354,7736548764664,0.14604631,0.4333505,9.715671,0.007941248,-0.009773844,-0.002443461,TONIC,6814425b5eb1
1777347894362,7736556760268,0.21308395,0.44532153,9.847352,-0.010995574,0.008552114,0.002443461,TONIC,6814425b5eb1
1777347894370,7736564754797,0.031124622,0.45489833,9.991004,-0.010995574,0.016493361,-0.0018325958,TONIC,6814425b5eb1
1777347894378,7736572751324,0.14604631,0.4285621,10.117896,-0.007330383,-0.004276057,0.0036651916,TONIC,6814425b5eb1
1777347894386,7736580746467,0.11252748,0.4165911,10.055647,0.0036651916,-0.010995574,-0.0018325958,TONIC,6814425b5eb1
1777347894394,7736588770688,0.15083471,0.4333505,9.876082,0.014049901,-0.002443461,0.0,TONIC,6814425b5eb1
1777347894402,7736596767985,0.17477672,0.44771573,9.842564,0.002443461,0.005497787,0.0030543262,TONIC,6814425b5eb1
1777347894410,7736604764281,0.095768064,0.4261679,9.935937,-0.007941248,0.002443461,-6.1086525E-4,TONIC,6814425b5eb1
1777347894418,7736612758733,0.16998832,0.4261679,9.969456,-0.0036651916,-0.0012217305,0.0030543262,TONIC,6814425b5eb1
1777347894426,7736620755876,0.107739076,0.45010993,9.974244,0.0018325958,-0.0030543262,-0.002443461,TONIC,6814425b5eb1
1777347894434,7736628751250,0.15562311,0.4213795,9.945514,0.0018325958,-0.0018325958,0.0,TONIC,6814425b5eb1
1777347894442,7736636745470,0.110133275,0.4429273,9.938332,0.0018325958,0.0036651916,-0.0012217305,TONIC,6814425b5eb1
1777347894450,7736644772228,0.107739076,0.45489833,9.952697,-0.0036651916,0.002443461,6.1086525E-4,TONIC,6814425b5eb1
1777347894458,7736652768834,0.12928689,0.4357447,9.964667,-0.0030543262,0.0012217305,0.0030543262,TONIC,6814425b5eb1
1777347894466,7736660763823,0.11971009,0.41180268,9.947908,0.0,-0.0012217305,6.1086525E-4,TONIC,6814425b5eb1
1777347894474,7736668757428,0.1436521,0.44532153,9.935937,0.0030543262,-0.0012217305,0.0018325958,TONIC,6814425b5eb1
1777347894482,7736676753648,0.14604631,0.44532153,9.919178,0.0012217305,-6.1086525E-4,6.1086525E-4,TONIC,6814425b5eb1
1777347894490,7736684750946,0.15083471,0.44532153,9.940725,6.1086525E-4,0.0036651916,-0.0012217305,TONIC,6814425b5eb1
1777347894498,7736692746627,0.10534488,0.45250413,9.938332,-0.0030543262,6.1086525E-4,0.0018325958,TONIC,6814425b5eb1
1777347894506,7736700773616,0.12449849,0.46447513,9.950302,-0.0030543262,6.1086525E-4,6.1086525E-4,TONIC,6814425b5eb1
1777347894514,7736708766298,0.1340753,0.4141969,9.950302,-6.1086525E-4,-0.0018325958,0.0,TONIC,6814425b5eb1
1777347894522,7736716761980,0.12928689,0.4357447,9.935937,0.002443461,0.0,0.0,TONIC,6814425b5eb1
1777347894530,7736724759508,0.1412579,0.4381389,9.938332,-6.1086525E-4,6.1086525E-4,0.0018325958,TONIC,6814425b5eb1
1777347894538,7736732753266,0.14844051,0.4237737,9.938332,-0.0012217305,6.1086525E-4,6.1086525E-4,TONIC,6814425b5eb1
1777347894546,7736740749871,0.1340753,0.4309563,9.950302,-0.0018325958,0.0,0.002443461,TONIC,6814425b5eb1
1777347894554,7736748744322,0.1316811,0.45010993,9.931149,0.0,6.1086525E-4,0.0018325958,TONIC,6814425b5eb1
1777347894562,7736756770158,0.11252748,0.4429273,9.938332,0.0030543262,0.0018325958,0.0,TONIC,6814425b5eb1
1777347894570,7736764767993,0.12928689,0.4333505,9.935937,0.002443461,0.0018325958,0.0018325958,TONIC,6814425b5eb1
1777347894578,7736772762752,0.14844051,0.4381389,9.950302,-6.1086525E-4,-6.1086525E-4,6.1086525E-4,TONIC,6814425b5eb1
1777347894586,7736780756587,0.1436521,0.4261679,9.940725,-0.0030543262,0.0,-6.1086525E-4,TONIC,6814425b5eb1
1777347894594,7736788753808,0.1364695,0.4189853,9.964667,-0.0012217305,0.0030543262,0.0012217305,TONIC,6814425b5eb1
1777347894602,7736796750412,0.1412579,0.4405331,9.947908,-0.0012217305,6.1086525E-4,0.0012217305,TONIC,6814425b5eb1
1777347894610,7736804747402,0.1340753,0.4261679,9.909601,0.0018325958,6.1086525E-4,6.1086525E-4,TONIC,6814425b5eb1
1777347894618,7736812770699,0.1412579,0.45010993,9.921572,0.0012217305,0.0,0.0012217305,TONIC,6814425b5eb1
1777347894626,7736820767611,0.12689269,0.4405331,9.94312,-6.1086525E-4,0.0,0.0018325958,TONIC,6814425b5eb1
1777347894634,7736828761755,0.1436521,0.4405331,9.964667,-0.0018325958,6.1086525E-4,6.1086525E-4,TONIC,6814425b5eb1
1777347894642,7736836756590,0.1388637,0.4429273,9.962274,-6.1086525E-4,0.0,-6.1086525E-4,TONIC,6814425b5eb1
1777347894650,7736844752888,0.1340753,0.4405331,9.92636,6.1086525E-4,-6.1086525E-4,6.1086525E-4,TONIC,6814425b5eb1
1777347894658,7736852747569,0.16280572,0.4309563,9.928755,0.0018325958,-6.1086525E-4,6.1086525E-4,TONIC,6814425b5eb1
1777347894666,7736860744789,0.14604631,0.46686932,9.952697,-6.1086525E-4,0.0018325958,0.0012217305,TONIC,6814425b5eb1
1777347894674,7736868770317,0.12928689,0.4261679,9.923966,-6.1086525E-4,0.002443461,-6.1086525E-4,TONIC,6814425b5eb1
1777347894682,7736876765691,0.11252748,0.44771573,9.950302,-0.0030543262,6.1086525E-4,6.1086525E-4,TONIC,6814425b5eb1
1777347894690,7736884761449,0.12689269,0.4237737,9.959879,-0.0012217305,-6.1086525E-4,0.0,TONIC,6814425b5eb1
1777347894698,7736892756516,0.11971009,0.4309563,9.9550905,0.0018325958,-6.1086525E-4,-6.1086525E-4,TONIC,6814425b5eb1
1777347894706,7736900753736,0.15322891,0.4333505,9.94312,0.0,0.0,6.1086525E-4,TONIC,6814425b5eb1
1777347894714,7736908747803,0.1388637,0.41180268,9.916783,6.1086525E-4,-6.1086525E-4,6.1086525E-4,TONIC,6814425b5eb1
1777347894722,7736916775177,0.1436521,0.4405331,9.931149,-6.1086525E-4,0.0030543262,-6.1086525E-4,TONIC,6814425b5eb1
1777347894730,7736924770627,0.1436521,0.45250413,9.945514,-0.0018325958,0.0018325958,6.1086525E-4,TONIC,6814425b5eb1
1777347894738,7736932766540,0.110133275,0.4381389,9.957485,-0.0018325958,0.002443461,6.1086525E-4,TONIC,6814425b5eb1
1777347894746,7736940761068,0.1340753,0.4357447,9.9550905,0.0018325958,0.0,-6.1086525E-4,TONIC,6814425b5eb1
1777347894754,7736948757289,0.1388637,0.4381389,9.947908,0.0012217305,0.0,0.0,TONIC,6814425b5eb1
1777347894762,7736956752047,0.1436521,0.4381389,9.935937,0.0,0.0018325958,0.0012217305,TONIC,6814425b5eb1
1777347894770,7736964747498,0.1364695,0.4333505,9.931149,0.0012217305,6.1086525E-4,0.0018325958,TONIC,6814425b5eb1
1777347894778,7736972774795,0.1340753,0.45010993,9.92636,-6.1086525E-4,0.0012217305,0.0018325958,TONIC,6814425b5eb1
1777347894786,7736980769861,0.12210429,0.4213795,9.94312,6.1086525E-4,6.1086525E-4,-6.1086525E-4,TONIC,6814425b5eb1
1777347894794,7736988765851,0.1364695,0.4381389,9.9550905,0.0,0.002443461,-6.1086525E-4,TONIC,6814425b5eb1
1777347894802,7736996761225,0.1412579,0.45250413,9.962274,-0.0018325958,0.0,0.0,TONIC,6814425b5eb1
1777347894810,7737004755445,0.1388637,0.44532153,9.9550905,-0.0018325958,-0.0012217305,0.0,TONIC,6814425b5eb1
1777347894818,7737012751050,0.15083471,0.4333505,9.94312,0.0012217305,0.0,0.0012217305,TONIC,6814425b5eb1
1777347894826,7737020748577,0.1388637,0.4261679,9.931149,0.0,0.0012217305,0.0,TONIC,6814425b5eb1
1777347894834,7737028773260,0.12210429,0.45250413,9.931149,-0.0012217305,0.0030543262,0.0,TONIC,6814425b5eb1
1777347894842,7737036770172,0.1340753,0.4405331,9.94312,-0.0012217305,0.002443461,0.0,TONIC,6814425b5eb1
1777347894850,7737044765545,0.1340753,0.4333505,9.964667,-0.002443461,0.0012217305,6.1086525E-4,TONIC,6814425b5eb1
1777347894858,7737052759997,0.1316811,0.4381389,9.9550905,-6.1086525E-4,6.1086525E-4,6.1086525E-4,TONIC,6814425b5eb1
1777347894866,7737060756832,0.1316811,0.4237737,9.91439,0.0012217305,0.0012217305,0.0,TONIC,6814425b5eb1
1777347894874,7737068753130,0.12449849,0.4285621,9.911995,6.1086525E-4,0.0,0.0012217305,TONIC,6814425b5eb1
1777347894882,7737076746427,0.1340753,0.4381389,9.931149,-0.0012217305,0.0,6.1086525E-4,TONIC,6814425b5eb1
1777347894890,7737084744186,0.1340753,0.4333505,9.940725,-6.1086525E-4,6.1086525E-4,6.1086525E-4,TONIC,6814425b5eb1
1777347894898,7737092768483,0.12210429,0.4333505,9.945514,-6.1086525E-4,0.0,0.0,TONIC,6814425b5eb1
1777347894906,7737100766933,0.1412579,0.4357447,9.952697,-6.1086525E-4,-6.1086525E-4,0.0012217305,TONIC,6814425b5eb1
1777347894914,7737108761385,0.12689269,0.44532153,9.950302,0.0012217305,-6.1086525E-4,0.0012217305,TONIC,6814425b5eb1
1777347894922,7737116754604,0.1412579,0.4357447,9.940725,0.0,0.0,6.1086525E-4,TONIC,6814425b5eb1
1777347894930,7737124750978,0.12449849,0.4285621,9.919178,0.0,6.1086525E-4,6.1086525E-4,TONIC,6814425b5eb1
1777347894938,7737132747584,0.1388637,0.4333505,9.94312,-0.0018325958,6.1086525E-4,0.0012217305,TONIC,6814425b5eb1
1777347894946,7737140773957,0.12928689,0.4381389,9.950302,0.0,0.0,6.1086525E-4,TONIC,6814425b5eb1
1777347894954,7737148768486,0.12928689,0.4357447,9.945514,0.0012217305,0.0,6.1086525E-4,TONIC,6814425b5eb1
1777347894962,7737156764090,0.1316811,0.4189853,9.945514,-0.0018325958,6.1086525E-4,0.0018325958,TONIC,6814425b5eb1
1777347894970,7737164760771,0.1340753,0.4381389,9.957485,0.0012217305,0.0012217305,6.1086525E-4,TONIC,6814425b5eb1
1777347894978,7737172756992,0.1340753,0.4309563,9.935937,0.0,0.0012217305,0.0012217305,TONIC,6814425b5eb1
1777347894986,7737180751827,0.14604631,0.4429273,9.950302,-6.1086525E-4,0.0,6.1086525E-4,TONIC,6814425b5eb1
1777347894994,7737188747817,0.15562311,0.4429273,9.923966,0.0,6.1086525E-4,6.1086525E-4,TONIC,6814425b5eb1
1777347895002,7737196743499,0.12449849,0.45489833,9.94312,6.1086525E-4,0.0,-0.0012217305,TONIC,6814425b5eb1
1777347895010,7737204767180,0.1340753,0.4405331,9.945514,0.0,0.0,0.0,TONIC,6814425b5eb1
1777347895018,7737212763401,0.1364695,0.4333505,9.921572,6.1086525E-4,6.1086525E-4,0.0012217305,TONIC,6814425b5eb1
1777347895026,7737220759159,0.12689269,0.4381389,9.916783,0.0012217305,0.0,0.0,TONIC,6814425b5eb1
1777347895034,7737228756380,0.11492168,0.4405331,9.931149,-6.1086525E-4,0.002443461,6.1086525E-4,TONIC,6814425b5eb1
1777347895042,7737236750523,0.14604631,0.4357447,9.933543,6.1086525E-4,6.1086525E-4,-6.1086525E-4,TONIC,6814425b5eb1
1777347895050,7737244746204,0.1388637,0.4429273,9.935937,6.1086525E-4,6.1086525E-4,0.0,TONIC,6814425b5eb1
1777347895058,7737252740963,0.1388637,0.4285621,9.92636,0.0,0.0018325958,6.1086525E-4,TONIC,6814425b5eb1
1777347895066,7737260769568,0.12689269,0.44532153,9.931149,-6.1086525E-4,0.002443461,0.0012217305,TONIC,6814425b5eb1
1777347895074,7737268764942,0.1388637,0.4429273,9.935937,6.1086525E-4,0.0012217305,6.1086525E-4,TONIC,6814425b5eb1
1777347895082,7737276760931,0.11731588,0.45968673,9.923966,0.0,0.0018325958,-6.1086525E-4,TONIC,6814425b5eb1
1777347895090,7737284755997,0.1316811,0.44771573,9.933543,0.0,0.0012217305,6.1086525E-4,TONIC,6814425b5eb1
1777347895098,7737292751295,0.1388637,0.45250413,9.928755,-6.1086525E-4,6.1086525E-4,0.0012217305,TONIC,6814425b5eb1
1777347895106,7737300747361,0.12210429,0.45489833,9.931149,6.1086525E-4,0.0,0.0012217305,TONIC,6814425b5eb1
1777347895114,7737308773428,0.12210429,0.4213795,9.933543,-6.1086525E-4,6.1086525E-4,-6.1086525E-4,TONIC,6814425b5eb1
1777347895122,7737316767571,0.12449849,0.4237737,9.950302,0.0012217305,0.0012217305,0.0012217305,TONIC,6814425b5eb1
1777347895130,7737324764483,0.1436521,0.4285621,9.921572,-6.1086525E-4,0.0018325958,0.0,TONIC,6814425b5eb1
1777347895138,7737332758088,0.12928689,0.4381389,9.91439,0.0018325958,0.0012217305,0.0012217305,TONIC,6814425b5eb1
1777347895146,7737340755000,0.15562311,0.4381389,9.935937,6.1086525E-4,-6.1086525E-4,-0.0012217305,TONIC,6814425b5eb1
1777347895154,7737348750067,0.1388637,0.4357447,9.928755,0.0012217305,0.0018325958,0.0018325958,TONIC,6814425b5eb1
1777347895162,7737356745056,0.14604631,0.44532153,9.923966,-0.0018325958,-6.1086525E-4,6.1086525E-4,TONIC,6814425b5eb1
1777347895170,7737364773430,0.1364695,0.4261679,9.919178,0.0012217305,0.0018325958,0.0,TONIC,6814425b5eb1
1777347895178,7737372766651,0.1388637,0.4429273,9.923966,0.0,-0.0012217305,6.1086525E-4,TONIC,6814425b5eb1
1777347895186,7737380762947,0.1316811,0.4381389,9.92636,0.0,0.0018325958,0.0,TONIC,6814425b5eb1
1777347895194,7737388759168,0.1316811,0.44532153,9.938332,-6.1086525E-4,0.0012217305,-6.1086525E-4,TONIC,6814425b5eb1
1777347895202,7737396753311,0.1412579,0.4309563,9.940725,0.0,0.0,0.0,TONIC,6814425b5eb1
1777347895210,7737404750915,0.12689269,0.4309563,9.921572,-6.1086525E-4,6.1086525E-4,0.0012217305,TONIC,6814425b5eb1
1777347895218,7737412747829,0.14604631,0.4405331,9.921572,-6.1086525E-4,6.1086525E-4,6.1086525E-4,TONIC,6814425b5eb1
1777347895226,7737420770895,0.1340753,0.45250413,9.935937,0.0,6.1086525E-4,6.1086525E-4,TONIC,6814425b5eb1
1777347895234,7737428768346,0.1412579,0.4405331,9.92636,6.1086525E-4,0.0012217305,-6.1086525E-4,TONIC,6814425b5eb1
1777347895242,7737436762258,0.15322891,0.4357447,9.909601,6.1086525E-4,-6.1086525E-4,6.1086525E-4,TONIC,6814425b5eb1
1777347895250,7737444759786,0.1364695,0.4405331,9.92636,0.0012217305,0.0012217305,0.0,TONIC,6814425b5eb1
1777347895258,7737452755160,0.1364695,0.4309563,9.923966,6.1086525E-4,-6.1086525E-4,0.0012217305,TONIC,6814425b5eb1
1777347895266,7737460751072,0.1316811,0.4285621,9.94312,6.1086525E-4,6.1086525E-4,0.0,TONIC,6814425b5eb1
1777347895274,7737468744678,0.12449849,0.4381389,9.935937,0.0,6.1086525E-4,0.0012217305,TONIC,6814425b5eb1
1777347895282,7737476770821,0.1364695,0.45250413,9.928755,0.0,6.1086525E-4,-6.1086525E-4,TONIC,6814425b5eb1
1777347895290,7737484767656,0.12928689,0.4405331,9.919178,-0.0012217305,-6.1086525E-4,0.0,TONIC,6814425b5eb1
1777347895298,7737492763338,0.1388637,0.4429273,9.928755,-6.1086525E-4,-6.1086525E-4,0.0012217305,TONIC,6814425b5eb1
1777347895306,7737500758789,0.1340753,0.4261679,9.933543,6.1086525E-4,0.0018325958,0.0,TONIC,6814425b5eb1
1777347895314,7737508753471,0.1364695,0.4309563,9.923966,6.1086525E-4,6.1086525E-4,-6.1086525E-4,TONIC,6814425b5eb1
1777347895322,7737516748306,0.12928689,0.44532153,9.938332,0.0,6.1086525E-4,-6.1086525E-4,TONIC,6814425b5eb1
1777347895330,7737524746988,0.12928689,0.44771573,9.919178,-6.1086525E-4,6.1086525E-4,6.1086525E-4,TONIC,6814425b5eb1
1777347895338,7737532770362,0.14604631,0.4381389,9.909601,-6.1086525E-4,0.0012217305,6.1086525E-4,TONIC,6814425b5eb1
1777347895346,7737540766967,0.12928689,0.4429273,9.919178,6.1086525E-4,0.0,6.1086525E-4,TONIC,6814425b5eb1
1777347895354,7737548761187,0.11971009,0.4405331,9.945514,0.0012217305,0.0018325958,0.0018325958,TONIC,6814425b5eb1
1777347895362,7737556757407,0.12449849,0.4405331,9.933543,0.0,0.0012217305,-6.1086525E-4,TONIC,6814425b5eb1
1777347895370,7737564755550,0.12928689,0.4285621,9.931149,0.0012217305,0.0,0.0012217305,TONIC,6814425b5eb1
1777347895378,7737572749771,0.12210429,0.4285621,9.931149,0.0012217305,0.0018325958,0.0,TONIC,6814425b5eb1
1777347895386,7737580745683,0.12689269,0.4357447,9.928755,6.1086525E-4,0.0,0.0,TONIC,6814425b5eb1
1777347895394,7737588770365,0.12449849,0.4309563,9.923966,-0.0018325958,6.1086525E-4,0.0,TONIC,6814425b5eb1
1777347895402,7737596765123,0.12689269,0.4261679,9.940725,-6.1086525E-4,-6.1086525E-4,0.0,TONIC,6814425b5eb1
1777347895410,7737604762651,0.12210429,0.4333505,9.92636,0.0,6.1086525E-4,6.1086525E-4,TONIC,6814425b5eb1
1777347895418,7737612758256,0.12928689,0.4309563,9.945514,0.0012217305,0.0012217305,6.1086525E-4,TONIC,6814425b5eb1
1777347895426,7737620753707,0.12449849,0.4309563,9.931149,6.1086525E-4,0.0018325958,6.1086525E-4,TONIC,6814425b5eb1
1777347895434,7737628749928,0.1412579,0.45250413,9.933543,-6.1086525E-4,0.0012217305,6.1086525E-4,TONIC,6814425b5eb1
1777347895442,7737636774301,0.1340753,0.4237737,9.916783,6.1086525E-4,0.0018325958,0.0,TONIC,6814425b5eb1
1777347895450,7737644770906,0.1412579,0.4333505,9.92636,0.0012217305,0.0018325958,0.0,TONIC,6814425b5eb1
1777347895458,7737652766511,0.12689269,0.4381389,9.921572,0.0012217305,0.0,-6.1086525E-4,TONIC,6814425b5eb1
1777347895466,7737660760962,0.1364695,0.4213795,9.935937,0.0012217305,0.0012217305,0.0,TONIC,6814425b5eb1
1777347895474,7737668756336,0.12689269,0.4405331,9.938332,0.0018325958,0.002443461,-6.1086525E-4,TONIC,6814425b5eb1
1777347895482,7737676753018,0.12928689,0.4333505,9.940725,0.0,0.0,0.0,TONIC,6814425b5eb1
1777347895490,7737684750161,0.1316811,0.4285621,9.933543,0.0012217305,6.1086525E-4,0.0012217305,TONIC,6814425b5eb1
1777347895498,7737692743151,0.14604631,0.4309563,9.945514,0.0,-6.1086525E-4,-6.1086525E-4,TONIC,6814425b5eb1
1777347895506,7737700770832,0.1340753,0.4213795,9.94312,6.1086525E-4,0.0,6.1086525E-4,TONIC,6814425b5eb1
1777347895514,7737708764899,0.12449849,0.4333505,9.931149,6.1086525E-4,6.1086525E-4,0.0,TONIC,6814425b5eb1
1777347895522,7737716760272,0.11971009,0.4237737,9.938332,0.0,0.0012217305,0.0,TONIC,6814425b5eb1
1777347895530,7737724756646,0.12449849,0.45010993,9.931149,0.0,0.0,6.1086525E-4,TONIC,6814425b5eb1
1777347895538,7737732753482,0.12928689,0.44771573,9.940725,-6.1086525E-4,-6.1086525E-4,0.0012217305,TONIC,6814425b5eb1
1777347895546,7737740749241,0.12928689,0.4405331,9.931149,6.1086525E-4,0.0018325958,0.0018325958,TONIC,6814425b5eb1
1777347895554,7737748744000,0.1316811,0.4429273,9.933543,-6.1086525E-4,0.0030543262,-0.0012217305,TONIC,6814425b5eb1
1777347895562,7737756769450,0.12689269,0.4189853,9.923966,-0.002443461,0.0,0.0012217305,TONIC,6814425b5eb1
1777347895570,7737764764901,0.12928689,0.44771573,9.928755,0.0,0.0018325958,6.1086525E-4,TONIC,6814425b5eb1
1777347895578,7737772762429,0.1388637,0.4333505,9.940725,0.0,0.0030543262,0.0012217305,TONIC,6814425b5eb1
1777347895586,7737780757495,0.1340753,0.4333505,9.940725,0.0012217305,0.0012217305,0.002443461,TONIC,6814425b5eb1
1777347895594,7737788750947,0.1364695,0.4381389,9.92636,-6.1086525E-4,0.0012217305,0.0012217305,TONIC,6814425b5eb1
1777347895602,7737796747320,0.1364695,0.4285621,9.940725,0.0,6.1086525E-4,0.0018325958,TONIC,6814425b5eb1
1777347895610,7737804743925,0.1316811,0.44771573,9.938332,0.0012217305,0.0012217305,0.0,TONIC,6814425b5eb1
1777347895618,7737812770607,0.12449849,0.45489833,9.923966,0.0,0.0012217305,0.0,TONIC,6814425b5eb1
1777347895626,7737820765442,0.11492168,0.4237737,9.935937,0.0,0.0018325958,6.1086525E-4,TONIC,6814425b5eb1
1777347895634,7737828761355,0.12928689,0.4405331,9.945514,0.0,0.0012217305,6.1086525E-4,TONIC,6814425b5eb1
1777347895642,7737836757037,0.12449849,0.4261679,9.931149,-6.1086525E-4,0.002443461,0.002443461,TONIC,6814425b5eb1
1777347895650,7737844752410,0.1412579,0.4333505,9.921572,0.0,0.0012217305,6.1086525E-4,TONIC,6814425b5eb1
1777347895658,7737852748785,0.12210429,0.44771573,9.92636,0.0,6.1086525E-4,6.1086525E-4,TONIC,6814425b5eb1
1777347895666,7737860743236,0.1340753,0.4405331,9.938332,0.0,0.002443461,6.1086525E-4,TONIC,6814425b5eb1
1777347895674,7737868769918,0.15083471,0.45010993,9.919178,6.1086525E-4,0.0012217305,0.0018325958,TONIC,6814425b5eb1
1777347895682,7737876764369,0.1340753,0.4357447,9.921572,6.1086525E-4,0.0,-6.1086525E-4,TONIC,6814425b5eb1
1777347895690,7737884762281,0.12210429,0.4333505,9.938332,0.0,6.1086525E-4,-6.1086525E-4,TONIC,6814425b5eb1
1777347895698,7737892755424,0.1340753,0.4309563,9.935937,-0.0012217305,0.0,0.0012217305,TONIC,6814425b5eb1
1777347895706,7737900752644,0.12449849,0.4333505,9.928755,0.0,0.0,-6.1086525E-4,TONIC,6814425b5eb1
1777347895714,7737908746865,0.1388637,0.44771573,9.933543,0.0,0.0012217305,6.1086525E-4,TONIC,6814425b5eb1
1777347895722,7737916741623,0.1388637,0.4285621,9.935937,0.0,6.1086525E-4,0.0012217305,TONIC,6814425b5eb1
1777347895730,7737924771151,0.14604631,0.4261679,9.94312,0.0012217305,0.0012217305,0.0,TONIC,6814425b5eb1
1777347895738,7737932763448,0.1316811,0.45729253,9.945514,0.0012217305,6.1086525E-4,0.0018325958,TONIC,6814425b5eb1
1777347895746,7737940761284,0.1412579,0.4333505,9.935937,0.0012217305,6.1086525E-4,0.0,TONIC,6814425b5eb1
1777347895754,7737948757581,0.1340753,0.4381389,9.938332,-0.0012217305,0.0012217305,6.1086525E-4,TONIC,6814425b5eb1
1777347895762,7737956751417,0.1388637,0.44771573,9.950302,6.1086525E-4,-6.1086525E-4,0.0012217305,TONIC,6814425b5eb1
1777347895770,7737964747098,0.12689269,0.4213795,9.933543,0.0012217305,0.0012217305,0.0012217305,TONIC,6814425b5eb1
1777347895778,7737972772011,0.1412579,0.45968673,9.940725,6.1086525E-4,0.0012217305,6.1086525E-4,TONIC,6814425b5eb1
1777347895786,7737980769769,0.1364695,0.4309563,9.940725,6.1086525E-4,6.1086525E-4,6.1086525E-4,TONIC,6814425b5eb1
1777347895794,7737988763682,0.14604631,0.4333505,9.940725,6.1086525E-4,0.0,0.0012217305,TONIC,6814425b5eb1
1777347895802,7737996760287,0.1436521,0.4405331,9.950302,-6.1086525E-4,0.0012217305,0.0,TONIC,6814425b5eb1
1777347895810,7738004757814,0.1388637,0.4405331,9.935937,6.1086525E-4,0.0012217305,0.0,TONIC,6814425b5eb1
1777347895818,7738012750035,0.1364695,0.44771573,9.947908,0.0,0.0,-6.1086525E-4,TONIC,6814425b5eb1
1777347895826,7738020747562,0.11492168,0.4381389,9.947908,-0.0012217305,0.0,0.0012217305,TONIC,6814425b5eb1
1777347895834,7738028773476,0.11971009,0.44771573,9.933543,-6.1086525E-4,-0.0012217305,0.002443461,TONIC,6814425b5eb1
1777347895842,7738036767618,0.12928689,0.45489833,9.933543,6.1086525E-4,6.1086525E-4,6.1086525E-4,TONIC,6814425b5eb1
1777347895850,7738044765684,0.1388637,0.4213795,9.94312,-6.1086525E-4,0.0,-6.1086525E-4,TONIC,6814425b5eb1
1777347895858,7738052758597,0.12689269,0.4381389,9.94312,0.0,6.1086525E-4,6.1086525E-4,TONIC,6814425b5eb1
1777347895866,7738060753663,0.12689269,0.4285621,9.947908,0.0,0.002443461,6.1086525E-4,TONIC,6814425b5eb1
1777347895874,7738068751192,0.12210429,0.44771573,9.945514,-0.0012217305,0.0018325958,6.1086525E-4,TONIC,6814425b5eb1
1777347895882,7738076744412,0.1316811,0.44532153,9.945514,6.1086525E-4,0.0012217305,0.0018325958,TONIC,6814425b5eb1
1777347895890,7738084771862,0.1316811,0.45010993,9.933543,0.0012217305,0.0012217305,0.0012217305,TONIC,6814425b5eb1
1777347895898,7738092766852,0.1340753,0.4357447,9.957485,6.1086525E-4,-0.0012217305,0.0,TONIC,6814425b5eb1
1777347895906,7738100764380,0.1316811,0.4261679,9.935937,0.0,0.002443461,6.1086525E-4,TONIC,6814425b5eb1
1777347895914,7738108758216,0.1364695,0.44771573,9.938332,0.0,0.0012217305,0.0012217305,TONIC,6814425b5eb1
1777347895922,7738116754205,0.1364695,0.4405331,9.947908,0.0012217305,0.002443461,0.0,TONIC,6814425b5eb1
1777347895930,7738124749348,0.1340753,0.4333505,9.94312,0.0,0.0012217305,6.1086525E-4,TONIC,6814425b5eb1
1777347895938,7738132745030,0.12928689,0.45250413,9.938332,6.1086525E-4,0.0012217305,0.0012217305,TONIC,6814425b5eb1
1777347895946,7738140774481,0.12689269,0.4309563,9.92636,6.1086525E-4,0.002443461,0.0012217305,TONIC,6814425b5eb1
1777347895954,7738148769855,0.1316811,0.4405331,9.919178,0.0012217305,0.0030543262,0.0018325958,TONIC,6814425b5eb1
1777347895962,7738156765537,0.12689269,0.44532153,9.940725,0.0,0.0012217305,0.0012217305,TONIC,6814425b5eb1
1777347895970,7738164759680,0.1316811,0.4405331,9.933543,0.0,-6.1086525E-4,0.0012217305,TONIC,6814425b5eb1
1777347895978,7738172753823,0.12449849,0.4381389,9.94312,6.1086525E-4,0.0012217305,0.0018325958,TONIC,6814425b5eb1
1777347895986,7738180748889,0.12928689,0.4261679,9.940725,0.002443461,0.0018325958,0.0018325958,TONIC,6814425b5eb1
1777347895994,7738188746725,0.1316811,0.4333505,9.938332,6.1086525E-4,-0.0012217305,0.0018325958,TONIC,6814425b5eb1
1777347896002,7738196771099,0.12689269,0.4333505,9.935937,-0.0018325958,0.0018325958,-6.1086525E-4,TONIC,6814425b5eb1
1777347896010,7738204767704,0.1436521,0.4285621,9.94312,0.0,-0.0012217305,0.0012217305,TONIC,6814425b5eb1
1777347896018,7738212764847,0.1316811,0.4405331,9.9550905,0.0012217305,0.0018325958,-0.0012217305,TONIC,6814425b5eb1
1777347896026,7738220757221,0.12689269,0.4405331,9.94312,0.0012217305,0.0012217305,6.1086525E-4,TONIC,6814425b5eb1
1777347896034,7738228753134,0.1364695,0.4381389,9.94312,6.1086525E-4,6.1086525E-4,0.0,TONIC,6814425b5eb1
1777347896042,7738236751892,0.1436521,0.4405331,9.933543,6.1086525E-4,0.0012217305,6.1086525E-4,TONIC,6814425b5eb1
1777347896050,7738244745420,0.12689269,0.4429273,9.938332,-6.1086525E-4,-0.0012217305,6.1086525E-4,TONIC,6814425b5eb1
1777347896058,7738252772179,0.1412579,0.4333505,9.928755,0.0,0.0012217305,6.1086525E-4,TONIC,6814425b5eb1
1777347896066,7738260766091,0.12689269,0.4309563,9.952697,0.0,0.0018325958,0.0018325958,TONIC,6814425b5eb1
1777347896074,7738268761158,0.1364695,0.4381389,9.940725,6.1086525E-4,-6.1086525E-4,0.002443461,TONIC,6814425b5eb1
1777347896082,7738276757686,0.1388637,0.4261679,9.938332,0.0,-6.1086525E-4,6.1086525E-4,TONIC,6814425b5eb1
1777347896090,7738284755905,0.14604631,0.4405331,9.945514,0.0,0.0,0.002443461,TONIC,6814425b5eb1
1777347896098,7738292748819,0.1412579,0.4309563,9.933543,0.0012217305,0.0018325958,0.0,TONIC,6814425b5eb1
1777347896106,7738300745346,0.12928689,0.4381389,9.950302,-0.0018325958,0.0018325958,6.1086525E-4,TONIC,6814425b5eb1
1777347896114,7738308740798,0.1316811,0.44532153,9.947908,6.1086525E-4,0.0012217305,6.1086525E-4,TONIC,6814425b5eb1
1777347896122,7738316765940,0.1436521,0.4333505,9.933543,-6.1086525E-4,0.0018325958,6.1086525E-4,TONIC,6814425b5eb1
1777347896130,7738324762545,0.1388637,0.4285621,9.952697,6.1086525E-4,-6.1086525E-4,6.1086525E-4,TONIC,6814425b5eb1
1777347896138,7738332757689,0.110133275,0.4309563,9.950302,6.1086525E-4,0.002443461,0.0,TONIC,6814425b5eb1
1777347896146,7738340752985,0.1364695,0.4285621,9.94312,0.0012217305,0.0018325958,0.0012217305,TONIC,6814425b5eb1
1777347896154,7738348748360,0.1388637,0.4429273,9.938332,6.1086525E-4,0.0,0.0,TONIC,6814425b5eb1
1777347896162,7738356743811,0.1412579,0.4165911,9.935937,6.1086525E-4,-6.1086525E-4,6.1086525E-4,TONIC,6814425b5eb1
1777347896170,7738364772415,0.1340753,0.4333505,9.931149,-6.1086525E-4,6.1086525E-4,6.1086525E-4,TONIC,6814425b5eb1
1777347896178,7738372765943,0.12689269,0.4357447,9.950302,0.0012217305,-6.1086525E-4,0.0012217305,TONIC,6814425b5eb1
1777347896186,7738380764317,0.12928689,0.44771573,9.938332,-6.1086525E-4,0.0,0.0012217305,TONIC,6814425b5eb1
1777347896194,7738388756615,0.1340753,0.4405331,9.935937,0.0012217305,0.0,6.1086525E-4,TONIC,6814425b5eb1
1777347896202,7738396751373,0.14604631,0.4261679,9.952697,6.1086525E-4,0.0,-6.1086525E-4,TONIC,6814425b5eb1
1777347896210,7738404748977,0.12689269,0.4357447,9.940725,0.0,6.1086525E-4,0.0012217305,TONIC,6814425b5eb1
1777347896218,7738412743121,0.1316811,0.4261679,9.935937,0.0012217305,0.0,6.1086525E-4,TONIC,6814425b5eb1
1777347896226,7738420771033,0.1340753,0.45489833,9.950302,-6.1086525E-4,0.0012217305,0.0012217305,TONIC,6814425b5eb1
1777347896234,7738428764947,0.15562311,0.4381389,9.947908,-6.1086525E-4,0.0,0.0012217305,TONIC,6814425b5eb1
1777347896242,7738436760551,0.06464344,0.47405192,9.959879,-6.1086525E-4,-6.1086525E-4,-0.002443461,TONIC,6814425b5eb1
1777347896250,7738444757540,0.18435353,0.4357447,9.945514,0.0012217305,0.0030543262,0.0030543262,TONIC,6814425b5eb1
1777347896258,7738452751684,0.12449849,0.4213795,9.921572,6.1086525E-4,-6.1086525E-4,-6.1086525E-4,TONIC,6814425b5eb1
1777347896266,7738460750442,0.16519992,0.4357447,9.9550905,-0.0012217305,-6.1086525E-4,0.0012217305,TONIC,6814425b5eb1
1777347896274,7738468746124,0.110133275,0.4285621,9.9790325,0.0,0.0018325958,0.0012217305,TONIC,6814425b5eb1
1777347896282,7738476769113,0.15083471,0.4381389,9.947908,0.0012217305,0.0030543262,0.0012217305,TONIC,6814425b5eb1
1777347896290,7738484764564,0.1388637,0.4189853,9.935937,0.0018325958,-0.0030543262,-6.1086525E-4,TONIC,6814425b5eb1
1777347896298,7738492760477,0.107739076,0.4333505,9.921572,6.1086525E-4,-0.0030543262,6.1086525E-4,TONIC,6814425b5eb1
1777347896306,7738500758697,0.15801731,0.4285621,9.921572,0.0012217305,0.0018325958,0.0012217305,TONIC,6814425b5eb1
1777347896314,7738508753071,0.10295067,0.4309563,9.945514,-6.1086525E-4,0.004886922,0.0,TONIC,6814425b5eb1
1777347896322,7738516748830,0.11252748,0.4429273,9.986216,0.0,-0.0012217305,6.1086525E-4,TONIC,6814425b5eb1
1777347896330,7738524744511,0.1412579,0.4285621,9.9550905,0.002443461,-0.0012217305,0.0012217305,TONIC,6814425b5eb1
1777347896338,7738532771193,0.1388637,0.4429273,9.916783,0.0012217305,-0.0012217305,-6.1086525E-4,TONIC,6814425b5eb1
1777347896346,7738540765721,0.16280572,0.4333505,9.947908,-0.0018325958,0.002443461,0.002443461,TONIC,6814425b5eb1
1777347896354,7738548760711,0.090979666,0.4309563,9.938332,-0.0018325958,0.0012217305,-6.1086525E-4,TONIC,6814425b5eb1
1777347896362,7738556755161,0.15322891,0.4141969,9.957485,-0.0012217305,0.0018325958,0.0018325958,TONIC,6814425b5eb1
1777347896370,7738564751458,0.12689269,0.4381389,9.952697,0.004276057,0.0018325958,0.0,TONIC,6814425b5eb1
1777347896378,7738572749987,0.12449849,0.4357447,9.928755,-6.1086525E-4,-0.0018325958,0.002443461,TONIC,6814425b5eb1
1777347896386,7738580743822,0.1364695,0.4237737,9.933543,-6.1086525E-4,0.0012217305,0.0,TONIC,6814425b5eb1
1777347896394,7738588769273,0.11971009,0.44532153,9.959879,-0.0012217305,0.0012217305,0.0030543262,TONIC,6814425b5eb1
1777347896402,7738596767109,0.1316811,0.4405331,9.945514,6.1086525E-4,-6.1086525E-4,0.0012217305,TONIC,6814425b5eb1
1777347896410,7738604759405,0.12689269,0.45968673,9.945514,0.0018325958,-6.1086525E-4,-6.1086525E-4,TONIC,6814425b5eb1
1777347896418,7738612756011,0.1604115,0.4333505,9.947908,6.1086525E-4,-6.1086525E-4,0.0018325958,TONIC,6814425b5eb1
1777347896426,7738620752615,0.10055647,0.4405331,9.940725,0.0018325958,-6.1086525E-4,6.1086525E-4,TONIC,6814425b5eb1
1777347896434,7738628749528,0.16280572,0.44771573,9.957485,-0.0012217305,0.0,6.1086525E-4,TONIC,6814425b5eb1
1777347896442,7738636742748,0.11731588,0.4189853,9.957485,-6.1086525E-4,-6.1086525E-4,0.0018325958,TONIC,6814425b5eb1
1777347896450,7738644769275,0.11731588,0.4213795,9.950302,-0.0018325958,0.0018325958,0.0,TONIC,6814425b5eb1
1777347896458,7738652764265,0.14844051,0.4405331,9.94312,6.1086525E-4,0.0,0.0012217305,TONIC,6814425b5eb1
1777347896466,7738660759947,0.1340753,0.44771573,9.933543,0.002443461,-0.0018325958,0.0,TONIC,6814425b5eb1
1777347896474,7738668756629,0.15083471,0.4285621,9.928755,6.1086525E-4,-0.0012217305,6.1086525E-4,TONIC,6814425b5eb1
1777347896482,7738676752234,0.12449849,0.4381389,9.933543,-6.1086525E-4,0.0012217305,0.0012217305,TONIC,6814425b5eb1
1777347896490,7738684746761,0.1364695,0.4261679,9.959879,-0.0012217305,0.0036651916,6.1086525E-4,TONIC,6814425b5eb1
1777347896498,7738692741751,0.11971009,0.4261679,9.950302,6.1086525E-4,6.1086525E-4,-6.1086525E-4,TONIC,6814425b5eb1
1777347896506,7738700768278,0.1436521,0.45250413,9.940725,0.002443461,0.0,0.0,TONIC,6814425b5eb1
1777347896514,7738708765115,0.12210429,0.4333505,9.950302,0.0,-0.0012217305,0.0,TONIC,6814425b5eb1
1777347896522,7738716759950,0.1364695,0.4381389,9.92636,-0.0012217305,0.0,6.1086525E-4,TONIC,6814425b5eb1
1777347896530,7738724756247,0.14844051,0.4429273,9.950302,-0.0018325958,0.002443461,0.0018325958,TONIC,6814425b5eb1
1777347896538,7738732751852,0.14604631,0.4381389,9.947908,6.1086525E-4,6.1086525E-4,0.0018325958,TONIC,6814425b5eb1
1777347896546,7738740748149,0.1364695,0.4381389,9.938332,0.0018325958,-6.1086525E-4,0.0018325958,TONIC,6814425b5eb1
1777347896554,7738748742985,0.12449849,0.44532153,9.92636,-6.1086525E-4,6.1086525E-4,-0.0018325958,TONIC,6814425b5eb1
1777347896562,7738756768128,0.11971009,0.4357447,9.950302,6.1086525E-4,0.0012217305,0.0,TONIC,6814425b5eb1
1777347896570,7738764765963,0.12928689,0.4285621,9.957485,-6.1086525E-4,0.0030543262,0.0018325958,TONIC,6814425b5eb1
1777347896578,7738772758953,0.14844051,0.44771573,9.9550905,-0.0012217305,-6.1086525E-4,6.1086525E-4,TONIC,6814425b5eb1
1777347896586,7738780755557,0.1316811,0.4405331,9.938332,6.1086525E-4,0.0,0.0012217305,TONIC,6814425b5eb1
1777347896594,7738788751778,0.12449849,0.4381389,9.92636,-6.1086525E-4,-6.1086525E-4,0.0018325958,TONIC,6814425b5eb1
1777347896602,7738796745690,0.12449849,0.4429273,9.938332,0.0012217305,0.0,0.0,TONIC,6814425b5eb1
1777347896610,7738804774910,0.12689269,0.45010993,9.933543,-0.0018325958,0.002443461,0.0012217305,TONIC,6814425b5eb1
1777347896618,7738812767208,0.1316811,0.4429273,9.935937,-6.1086525E-4,0.0,6.1086525E-4,TONIC,6814425b5eb1
1777347896626,7738820764043,0.12449849,0.4285621,9.931149,0.0,6.1086525E-4,0.0,TONIC,6814425b5eb1
1777347896634,7738828758494,0.1316811,0.4357447,9.933543,6.1086525E-4,-0.0012217305,0.0012217305,TONIC,6814425b5eb1
1777347896642,7738836753637,0.1436521,0.4357447,9.94312,-6.1086525E-4,0.002443461,0.0012217305,TONIC,6814425b5eb1
1777347896650,7738844752088,0.12928689,0.4165911,9.945514,-6.1086525E-4,6.1086525E-4,0.0,TONIC,6814425b5eb1
1777347896658,7738852746847,0.11731588,0.4381389,9.947908,0.0012217305,0.0012217305,0.0018325958,TONIC,6814425b5eb1
1777347896666,7738860743759,0.1316811,0.44771573,9.931149,6.1086525E-4,0.0,0.0012217305,TONIC,6814425b5eb1
1777347896674,7738868768672,0.12210429,0.4237737,9.935937,6.1086525E-4,-6.1086525E-4,-6.1086525E-4,TONIC,6814425b5eb1
1777347896682,7738876763046,0.12210429,0.4261679,9.935937,-6.1086525E-4,0.0018325958,6.1086525E-4,TONIC,6814425b5eb1
1777347896690,7738884759958,0.14604631,0.4285621,9.950302,0.0,-6.1086525E-4,-6.1086525E-4,TONIC,6814425b5eb1
1777347896698,7738892753794,0.1364695,0.4405331,9.940725,0.0,0.0018325958,0.0012217305,TONIC,6814425b5eb1
1777347896706,7738900750475,0.1364695,0.4429273,9.938332,0.0012217305,6.1086525E-4,6.1086525E-4,TONIC,6814425b5eb1
1777347896714,7738908746466,0.12210429,0.4381389,9.928755,6.1086525E-4,0.0012217305,6.1086525E-4,TONIC,6814425b5eb1
1777347896722,7738916772839,0.1340753,0.45010993,9.938332,6.1086525E-4,0.0012217305,0.0030543262,TONIC,6814425b5eb1
1777347896730,7738924768290,0.12928689,0.4429273,9.938332,0.0,0.002443461,0.0,TONIC,6814425b5eb1
1777347896738,7738932763895,0.1316811,0.4285621,9.945514,-6.1086525E-4,6.1086525E-4,-6.1086525E-4,TONIC,6814425b5eb1
1777347896746,7738940757500,0.1340753,0.4429273,9.935937,-6.1086525E-4,-0.0012217305,0.0,TONIC,6814425b5eb1
1777347896754,7738948754105,0.12210429,0.4381389,9.938332,-6.1086525E-4,-6.1086525E-4,0.0,TONIC,6814425b5eb1
1777347896762,7738956749709,0.18435353,0.4357447,9.933543,0.0,0.002443461,0.002443461,TONIC,6814425b5eb1
1777347896770,7738964746314,0.08379706,0.4381389,9.919178,-6.1086525E-4,-0.0012217305,-6.1086525E-4,TONIC,6814425b5eb1
1777347896778,7738972742073,0.15322891,0.4261679,9.938332,0.0,0.0,0.0012217305,TONIC,6814425b5eb1
1777347896786,7738980767524,0.107739076,0.45250413,9.952697,-6.1086525E-4,0.0012217305,6.1086525E-4,TONIC,6814425b5eb1
1777347896794,7738988763590,0.1412579,0.4381389,9.947908,0.0,6.1086525E-4,0.002443461,TONIC,6814425b5eb1
1777347896802,7738996757964,0.1388637,0.4333505,9.950302,0.0,-6.1086525E-4,0.0,TONIC,6814425b5eb1
1777347896810,7739004756722,0.1340753,0.4261679,9.92636,0.0012217305,-0.0012217305,-0.0012217305,TONIC,6814425b5eb1
1777347896818,7739012748789,0.15322891,0.4285621,9.931149,-6.1086525E-4,6.1086525E-4,0.0012217305,TONIC,6814425b5eb1
1777347896826,7739020745009,0.1340753,0.4333505,9.952697,6.1086525E-4,0.0018325958,0.0,TONIC,6814425b5eb1
1777347896834,7739028771538,0.12689269,0.4429273,9.945514,0.002443461,-0.0012217305,6.1086525E-4,TONIC,6814425b5eb1
1777347896842,7739036767527,0.15801731,0.4333505,9.967062,-0.0018325958,6.1086525E-4,0.0,TONIC,6814425b5eb1
1777347896850,7739044763439,0.1388637,0.4333505,9.959879,6.1086525E-4,-0.0018325958,6.1086525E-4,TONIC,6814425b5eb1
1777347896858,7739052757275,0.12689269,0.4333505,9.935937,0.0012217305,6.1086525E-4,0.0012217305,TONIC,6814425b5eb1
1777347896866,7739060754495,0.10534488,0.44771573,9.945514,-0.0012217305,0.0018325958,6.1086525E-4,TONIC,6814425b5eb1
1777347896874,7739068750177,0.1364695,0.44771573,9.94312,6.1086525E-4,6.1086525E-4,6.1086525E-4,TONIC,6814425b5eb1
1777347896882,7739076744320,0.15801731,0.4429273,9.931149,0.0030543262,-6.1086525E-4,0.0,TONIC,6814425b5eb1
1777347896890,7739084770847,0.1340753,0.4405331,9.940725,0.0,0.0012217305,0.0012217305,TONIC,6814425b5eb1
1777347896898,7739092767760,0.1316811,0.4213795,9.952697,-6.1086525E-4,0.0018325958,0.002443461,TONIC,6814425b5eb1
1777347896906,7739100761519,0.12689269,0.45250413,9.959879,0.0,0.0018325958,0.0,TONIC,6814425b5eb1
1777347896914,7739108757816,0.14844051,0.4309563,9.940725,0.0030543262,-0.0012217305,0.0018325958,TONIC,6814425b5eb1
1777347896922,7739116752882,0.1436521,0.4309563,9.947908,6.1086525E-4,-6.1086525E-4,6.1086525E-4,TONIC,6814425b5eb1
1777347896930,7739124748871,0.11731588,0.4213795,9.933543,-6.1086525E-4,6.1086525E-4,6.1086525E-4,TONIC,6814425b5eb1
1777347896938,7739132744015,0.12210429,0.4405331,9.940725,0.0012217305,6.1086525E-4,6.1086525E-4,TONIC,6814425b5eb1
1777347896946,7739140773158,0.1316811,0.4285621,9.945514,0.0,-0.0012217305,0.0,TONIC,6814425b5eb1
1777347896954,7739148765533,0.1436521,0.4381389,9.950302,6.1086525E-4,-6.1086525E-4,0.0012217305,TONIC,6814425b5eb1
1777347896962,7739156762983,0.110133275,0.4381389,9.950302,6.1086525E-4,6.1086525E-4,0.0,TONIC,6814425b5eb1
1777347896970,7739164757126,0.1340753,0.4285621,9.940725,-6.1086525E-4,0.0,0.0012217305,TONIC,6814425b5eb1
1777347896978,7739172753424,0.1316811,0.45010993,9.94312,-6.1086525E-4,-0.0012217305,0.0,TONIC,6814425b5eb1
1777347896986,7739180748797,0.16280572,0.4285621,9.947908,-6.1086525E-4,6.1086525E-4,6.1086525E-4,TONIC,6814425b5eb1
1777347896994,7739188743326,0.1436521,0.4285621,9.947908,6.1086525E-4,0.0,6.1086525E-4,TONIC,6814425b5eb1
1777347897002,7739196770315,0.1316811,0.4309563,9.933543,-6.1086525E-4,0.0012217305,0.0012217305,TONIC,6814425b5eb1
1777347897010,7739204764842,0.1412579,0.44532153,9.947908,0.0,0.0012217305,0.0018325958,TONIC,6814425b5eb1
1777347897018,7739212762371,0.11971009,0.4309563,9.957485,6.1086525E-4,6.1086525E-4,6.1086525E-4,TONIC,6814425b5eb1
1777347897026,7739220757437,0.1340753,0.4333505,9.94312,-0.0012217305,-6.1086525E-4,0.0,TONIC,6814425b5eb1
1777347897034,7739228752196,0.1340753,0.4405331,9.92636,0.0,0.0018325958,6.1086525E-4,TONIC,6814425b5eb1
1777347897042,7739236748108,0.12928689,0.44532153,9.933543,-6.1086525E-4,0.0,0.0012217305,TONIC,6814425b5eb1
1777347897050,7739244744482,0.14604631,0.4333505,9.945514,0.0,6.1086525E-4,6.1086525E-4,TONIC,6814425b5eb1
1777347897058,7739252769087,0.11971009,0.4405331,9.947908,6.1086525E-4,0.0012217305,0.0018325958,TONIC,6814425b5eb1
1777347897066,7739260766307,0.1340753,0.4261679,9.94312,0.0012217305,-6.1086525E-4,0.002443461,TONIC,6814425b5eb1
1777347897074,7739268760451,0.12449849,0.4357447,9.947908,-0.0012217305,-0.0012217305,0.0012217305,TONIC,6814425b5eb1
1777347897082,7739276756978,0.1364695,0.45489833,9.9550905,0.0,-6.1086525E-4,0.0012217305,TONIC,6814425b5eb1
1777347897090,7739284753352,0.1412579,0.4333505,9.947908,0.0012217305,6.1086525E-4,0.0,TONIC,6814425b5eb1
1777347897098,7739292749034,0.1436521,0.4381389,9.935937,-0.0018325958,0.0,-0.0018325958,TONIC,6814425b5eb1
1777347897106,7739300744023,0.1340753,0.4261679,9.935937,0.0,-6.1086525E-4,0.0,TONIC,6814425b5eb1
1777347897114,7739308770244,0.11731588,0.4309563,9.94312,-6.1086525E-4,0.0012217305,0.0012217305,TONIC,6814425b5eb1
1777347897122,7739316766156,0.1364695,0.4309563,9.959879,-0.0012217305,0.0018325958,0.0018325958,TONIC,6814425b5eb1
1777347897130,7739324763068,0.12449849,0.4261679,9.945514,0.0,-0.0012217305,0.0,TONIC,6814425b5eb1
1777347897138,7739332757212,0.15083471,0.45489833,9.940725,-6.1086525E-4,6.1086525E-4,0.0,TONIC,6814425b5eb1
1777347897146,7739340752894,0.1388637,0.45010993,9.923966,6.1086525E-4,0.0018325958,0.0012217305,TONIC,6814425b5eb1
1777347897154,7739348747114,0.1412579,0.4309563,9.931149,6.1086525E-4,6.1086525E-4,6.1086525E-4,TONIC,6814425b5eb1
1777347897162,7739356743950,0.1412579,0.4429273,9.945514,-6.1086525E-4,0.0012217305,0.0,TONIC,6814425b5eb1
1777347897170,7739364770169,0.12689269,0.4333505,9.947908,-6.1086525E-4,-6.1086525E-4,0.0012217305,TONIC,6814425b5eb1
1777347897178,7739372764005,0.1412579,0.4261679,9.9550905,6.1086525E-4,0.0012217305,0.0,TONIC,6814425b5eb1
1777347897186,7739380759994,0.12928689,0.4309563,9.950302,-0.0012217305,-6.1086525E-4,0.002443461,TONIC,6814425b5eb1
1777347897194,7739388755369,0.1436521,0.4405331,9.94312,6.1086525E-4,0.0,6.1086525E-4,TONIC,6814425b5eb1
1777347897202,7739396751589,0.14604631,0.4429273,9.931149,0.0,-0.0012217305,6.1086525E-4,TONIC,6814425b5eb1
1777347897210,7739404750039,0.12689269,0.45010993,9.933543,0.0,0.0012217305,0.0012217305,TONIC,6814425b5eb1
1777347897218,7739412743568,0.14604631,0.4405331,9.945514,6.1086525E-4,0.002443461,6.1086525E-4,TONIC,6814425b5eb1
1777347897226,7739420770095,0.1388637,0.4405331,9.94312,0.0012217305,6.1086525E-4,0.0012217305,TONIC,6814425b5eb1
1777347897234,7739428764162,0.12449849,0.4381389,9.940725,0.0012217305,0.0012217305,6.1086525E-4,TONIC,6814425b5eb1
1777347897242,7739436761459,0.1364695,0.4381389,9.940725,0.0,6.1086525E-4,0.0,TONIC,6814425b5eb1
1777347897250,7739444755525,0.14604631,0.45250413,9.928755,0.0012217305,0.0018325958,0.0012217305,TONIC,6814425b5eb1
1777347897258,7739452750977,0.12689269,0.44532153,9.931149,-6.1086525E-4,6.1086525E-4,6.1086525E-4,TONIC,6814425b5eb1
1777347897266,7739460745966,0.1364695,0.4405331,9.928755,-0.0012217305,0.0,0.0012217305,TONIC,6814425b5eb1
1777347897274,7739468744109,0.1316811,0.4261679,9.931149,0.0,0.0018325958,0.0,TONIC,6814425b5eb1
1777347897282,7739476768098,0.12928689,0.44532153,9.933543,0.0012217305,0.0,6.1086525E-4,TONIC,6814425b5eb1
1777347897290,7739484766011,0.12449849,0.45489833,9.940725,0.0,0.0018325958,6.1086525E-4,TONIC,6814425b5eb1
1777347897298,7739492759154,0.1316811,0.45489833,9.923966,6.1086525E-4,-6.1086525E-4,0.0,TONIC,6814425b5eb1
1777347897306,7739500756451,0.1388637,0.4405331,9.928755,-6.1086525E-4,0.0,0.0012217305,TONIC,6814425b5eb1
1777347897314,7739508751826,0.1316811,0.4429273,9.935937,6.1086525E-4,0.0018325958,6.1086525E-4,TONIC,6814425b5eb1
1777347897322,7739516746507,0.12449849,0.4285621,9.957485,6.1086525E-4,6.1086525E-4,6.1086525E-4,TONIC,6814425b5eb1
1777347897330,7739524743112,0.12210429,0.4333505,9.928755,-6.1086525E-4,-6.1086525E-4,6.1086525E-4,TONIC,6814425b5eb1
1777347897338,7739532767717,0.1364695,0.4381389,9.923966,0.0012217305,-0.0018325958,0.0,TONIC,6814425b5eb1
1777347897346,7739540763398,0.1436521,0.45489833,9.933543,0.0,-6.1086525E-4,0.0,TONIC,6814425b5eb1
1777347897354,7739548760081,0.1340753,0.4309563,9.931149,-0.0018325958,0.0030543262,6.1086525E-4,TONIC,6814425b5eb1
1777347897362,7739556754531,0.1316811,0.4405331,9.938332,-0.0012217305,0.0018325958,-0.0018325958,TONIC,6814425b5eb1
1777347897370,7739564750136,0.12689269,0.4357447,9.916783,-0.002443461,-6.1086525E-4,0.0,TONIC,6814425b5eb1
1777347897378,7739572745279,0.1388637,0.4429273,9.931149,-6.1086525E-4,0.0,0.0,TONIC,6814425b5eb1
1777347897386,7739580743038,0.12689269,0.4357447,9.9550905,-0.0012217305,0.0,0.0018325958,TONIC,6814425b5eb1
1777347897394,7739588769566,0.12928689,0.4309563,9.938332,0.0,0.002443461,-0.0012217305,TONIC,6814425b5eb1
1777347897402,7739596763940,0.12689269,0.4357447,9.94312,-6.1086525E-4,6.1086525E-4,0.0,TONIC,6814425b5eb1
1777347897410,7739604760544,0.1316811,0.44771573,9.938332,-0.0018325958,-6.1086525E-4,-6.1086525E-4,TONIC,6814425b5eb1
1777347897418,7739612755380,0.1436521,0.4189853,9.92636,6.1086525E-4,0.0,0.0,TONIC,6814425b5eb1
1777347897426,7739620749523,0.14604631,0.4429273,9.921572,-6.1086525E-4,6.1086525E-4,-6.1086525E-4,TONIC,6814425b5eb1
1777347897434,7739628744898,0.14604631,0.45729253,9.928755,-6.1086525E-4,-6.1086525E-4,6.1086525E-4,TONIC,6814425b5eb1
1777347897442,7739636677929,0.1364695,0.4429273,9.928755,-0.0012217305,0.0012217305,6.1086525E-4,TONIC,6814425b5eb1
1777347897450,7739644703981,0.12689269,0.4285621,9.947908,-0.0012217305,6.1086525E-4,6.1086525E-4,TONIC,6814425b5eb1
1777347897458,7739652700341,0.1436521,0.4165911,9.935937,0.0,0.0,0.0,TONIC,6814425b5eb1
1777347897466,7739660695701,0.12689269,0.45010993,9.919178,0.0,0.0012217305,-0.0012217305,TONIC,6814425b5eb1
1777347897474,7739668690138,0.12928689,0.4381389,9.923966,0.0,0.0012217305,0.002443461,TONIC,6814425b5eb1
1777347897482,7739676686113,0.12449849,0.4381389,9.94312,-0.0012217305,0.0012217305,6.1086525E-4,TONIC,6814425b5eb1
1777347897490,7739684684782,0.12449849,0.4285621,9.92636,0.0,0.0012217305,6.1086525E-4,TONIC,6814425b5eb1
1777347897498,7739692677372,0.1388637,0.4309563,9.945514,0.0,0.0030543262,6.1086525E-4,TONIC,6814425b5eb1
1777347897506,7739700703271,0.1436521,0.44771573,9.94312,-0.0012217305,0.0,6.1086525E-4,TONIC,6814425b5eb1
1777347897514,7739708698015,0.14844051,0.44532153,9.945514,-0.002443461,-6.1086525E-4,0.0,TONIC,6814425b5eb1
1777347897522,7739716695530,0.12449849,0.4309563,9.923966,6.1086525E-4,0.0012217305,-6.1086525E-4,TONIC,6814425b5eb1
1777347897530,7739724691506,0.12928689,0.4213795,9.931149,-6.1086525E-4,-0.0018325958,-6.1086525E-4,TONIC,6814425b5eb1
1777347897538,7739732685635,0.12928689,0.44771573,9.916783,-0.0012217305,0.002443461,0.0,TONIC,6814425b5eb1
1777347897546,7739740684072,0.1316811,0.4429273,9.92636,-6.1086525E-4,6.1086525E-4,-6.1086525E-4,TONIC,6814425b5eb1
1777347897554,7739748679970,0.1388637,0.44771573,9.950302,0.0,6.1086525E-4,-6.1086525E-4,TONIC,6814425b5eb1
1777347897562,7739756703331,0.1388637,0.44771573,9.938332,-6.1086525E-4,-6.1086525E-4,0.0,TONIC,6814425b5eb1
1777347897570,7739764699691,0.1316811,0.4309563,9.947908,-6.1086525E-4,0.0018325958,-6.1086525E-4,TONIC,6814425b5eb1
1777347897578,7739772693821,0.12928689,0.4429273,9.921572,-6.1086525E-4,6.1086525E-4,6.1086525E-4,TONIC,6814425b5eb1
1777347897586,7739780689103,0.1316811,0.4405331,9.92636,0.0018325958,0.0030543262,-0.002443461,TONIC,6814425b5eb1
1777347897594,7739788687002,0.12210429,0.4357447,9.931149,-6.1086525E-4,-6.1086525E-4,-0.0012217305,TONIC,6814425b5eb1
1777347897602,7739796680439,0.1340753,0.4333505,9.92636,0.0,0.0,0.0,TONIC,6814425b5eb1
1777347897610,7739804708107,0.12449849,0.44771573,9.938332,6.1086525E-4,0.0030543262,6.1086525E-4,TONIC,6814425b5eb1
1777347897618,7739812702928,0.1364695,0.45010993,9.931149,-6.1086525E-4,-0.0030543262,6.1086525E-4,TONIC,6814425b5eb1
1777347897626,7739820697674,0.1340753,0.4357447,9.928755,-6.1086525E-4,0.002443461,0.0,TONIC,6814425b5eb1
1777347897634,7739828694496,0.1388637,0.4381389,9.92636,-0.0012217305,-0.0018325958,0.0012217305,TONIC,6814425b5eb1
1777347897642,7739836689855,0.1364695,0.44532153,9.923966,-6.1086525E-4,-6.1086525E-4,0.0,TONIC,6814425b5eb1
1777347897650,7739844685601,0.14604631,0.4333505,9.919178,0.0018325958,0.002443461,0.0012217305,TONIC,6814425b5eb1
1777347897658,7739852680960,0.1316811,0.45010993,9.928755,0.0,6.1086525E-4,0.0,TONIC,6814425b5eb1
1777347897666,7739860676936,0.1436521,0.4333505,9.940725,-0.002443461,6.1086525E-4,6.1086525E-4,TONIC,6814425b5eb1
1777347897674,7739868703604,0.12449849,0.4381389,9.92636,-6.1086525E-4,0.0012217305,0.0,TONIC,6814425b5eb1
1777347897682,7739876699349,0.14604631,0.4429273,9.940725,0.0,0.0012217305,-0.0012217305,TONIC,6814425b5eb1
1777347897690,7739884693170,0.1412579,0.4333505,9.938332,-6.1086525E-4,0.0,-6.1086525E-4,TONIC,6814425b5eb1
1777347897698,7739892688531,0.12449849,0.4381389,9.935937,-6.1086525E-4,0.0012217305,6.1086525E-4,TONIC,6814425b5eb1
1777347897706,7739900685737,0.12689269,0.4309563,9.940725,-0.0018325958,6.1086525E-4,-0.0012217305,TONIC,6814425b5eb1
1777347897714,7739908681405,0.1412579,0.4405331,9.935937,0.0,0.0030543262,6.1086525E-4,TONIC,6814425b5eb1
1777347897722,7739916707765,0.1388637,0.4405331,9.92636,-0.0012217305,-0.002443461,0.0,TONIC,6814425b5eb1
1777347897730,7739924702894,0.1412579,0.44532153,9.935937,-6.1086525E-4,0.0012217305,6.1086525E-4,TONIC,6814425b5eb1
1777347897738,7739932698255,0.1364695,0.4405331,9.938332,0.0,6.1086525E-4,-6.1086525E-4,TONIC,6814425b5eb1
1777347897746,7739940691999,0.12928689,0.4213795,9.940725,-0.0012217305,-6.1086525E-4,0.0012217305,TONIC,6814425b5eb1
1777347897754,7739948689821,0.1436521,0.44532153,9.916783,-0.0012217305,6.1086525E-4,-6.1086525E-4,TONIC,6814425b5eb1
1777347897762,7739956685181,0.12928689,0.44532153,9.947908,-0.004276057,-6.1086525E-4,0.0012217305,TONIC,6814425b5eb1
1777347897770,7739964680542,0.15083471,0.4141969,9.933543,0.0,6.1086525E-4,0.0,TONIC,6814425b5eb1
1777347897778,7739972706055,0.12689269,0.4405331,9.94312,-0.0012217305,-6.1086525E-4,0.0,TONIC,6814425b5eb1
1777347897786,7739980700800,0.12689269,0.4405331,9.945514,-6.1086525E-4,0.002443461,-6.1086525E-4,TONIC,6814425b5eb1
1777347897794,7739988697775,0.1388637,0.4405331,9.935937,-0.0018325958,0.0012217305,-0.0012217305,TONIC,6814425b5eb1
1777347897802,7739996692751,0.11971009,0.4309563,9.928755,-0.0012217305,0.0018325958,-6.1086525E-4,TONIC,6814425b5eb1
1777347897810,7740004689727,0.1316811,0.4261679,9.935937,0.0,6.1086525E-4,0.0,TONIC,6814425b5eb1
1777347897818,7740012684472,0.12689269,0.44532153,9.9550905,0.0,0.0018325958,0.0,TONIC,6814425b5eb1
1777347897826,7740020680371,0.1316811,0.4357447,9.947908,0.0,6.1086525E-4,0.0,TONIC,6814425b5eb1
1777347897834,7740028706269,0.12210429,0.4405331,9.921572,0.0,0.0,6.1086525E-4,TONIC,6814425b5eb1
1777347897842,7740036701553,0.1316811,0.4429273,9.928755,0.0,0.0,6.1086525E-4,TONIC,6814425b5eb1
1777347897850,7740044697912,0.12928689,0.44532153,9.940725,-0.0018325958,0.0,0.0012217305,TONIC,6814425b5eb1
1777347897858,7740052691965,0.1436521,0.4405331,9.935937,-6.1086525E-4,0.0012217305,-6.1086525E-4,TONIC,6814425b5eb1
1777347897866,7740060688556,0.1412579,0.45729253,9.952697,-6.1086525E-4,0.0012217305,6.1086525E-4,TONIC,6814425b5eb1
1777347897874,7740068683378,0.12449849,0.44532153,9.94312,-0.002443461,-6.1086525E-4,6.1086525E-4,TONIC,6814425b5eb1
1777347897882,7740076679584,0.1388637,0.44771573,9.938332,0.0,0.0012217305,0.0,TONIC,6814425b5eb1
1777347897890,7740084674637,0.1412579,0.4285621,9.931149,-6.1086525E-4,6.1086525E-4,6.1086525E-4,TONIC,6814425b5eb1
1777347897898,7740092701073,0.1436521,0.45489833,9.940725,-0.0012217305,0.0012217305,0.0,TONIC,6814425b5eb1
1777347897906,7740100697126,0.1340753,0.4261679,9.940725,-6.1086525E-4,0.0012217305,0.0,TONIC,6814425b5eb1
1777347897914,7740108692101,0.1316811,0.4333505,9.945514,0.0,0.0,0.0,TONIC,6814425b5eb1
1777347897922,7740116688154,0.1412579,0.4261679,9.938332,-6.1086525E-4,6.1086525E-4,0.0,TONIC,6814425b5eb1
1777347897930,7740124684129,0.11731588,0.4285621,9.940725,6.1086525E-4,0.0018325958,6.1086525E-4,TONIC,6814425b5eb1
1777347897938,7740132677644,0.11731588,0.44532153,9.940725,-6.1086525E-4,6.1086525E-4,6.1086525E-4,TONIC,6814425b5eb1
1777347897946,7740140704389,0.12449849,0.45010993,9.933543,6.1086525E-4,0.0,0.0,TONIC,6814425b5eb1
1777347897954,7740148703056,0.14844051,0.4429273,9.938332,-0.0018325958,-0.0012217305,-6.1086525E-4,TONIC,6814425b5eb1
1777347897962,7740156696878,0.12689269,0.4285621,9.94312,6.1086525E-4,0.0012217305,-6.1086525E-4,TONIC,6814425b5eb1
1777347897970,7740164693776,0.1364695,0.4357447,9.923966,-0.0012217305,0.0030543262,-6.1086525E-4,TONIC,6814425b5eb1
1777347897978,7740172690060,0.15083471,0.4357447,9.931149,-0.0012217305,6.1086525E-4,0.0012217305,TONIC,6814425b5eb1
1777347897986,7740180683650,0.12449849,0.44532153,9.933543,-0.0012217305,6.1086525E-4,-6.1086525E-4,TONIC,6814425b5eb1
1777347897994,7740188677780,0.12449849,0.4261679,9.921572,-6.1086525E-4,0.0012217305,0.0,TONIC,6814425b5eb1
1777347898002,7740196675217,0.12928689,0.4381389,9.94312,6.1086525E-4,0.0012217305,-6.1086525E-4,TONIC,6814425b5eb1
1777347898010,7740204701962,0.1340753,0.4429273,9.921572,6.1086525E-4,0.0012217305,-6.1086525E-4,TONIC,6814425b5eb1
1777347898018,7740212696168,0.1316811,0.4381389,9.947908,6.1086525E-4,0.0012217305,0.0,TONIC,6814425b5eb1
1777347898026,7740220692144,0.12689269,0.4261679,9.947908,-0.002443461,-0.0018325958,0.0,TONIC,6814425b5eb1
1777347898034,7740228687504,0.12689269,0.44532153,9.940725,-6.1086525E-4,0.0018325958,-0.0012217305,TONIC,6814425b5eb1
1777347898042,7740236683403,0.1340753,0.4405331,9.928755,-0.0018325958,0.0012217305,6.1086525E-4,TONIC,6814425b5eb1
1777347898050,7740244680994,0.1364695,0.44771573,9.931149,-6.1086525E-4,-0.0012217305,0.0,TONIC,6814425b5eb1
1777347898058,7740252705277,0.12210429,0.4357447,9.9550905,-0.0012217305,0.0012217305,0.0,TONIC,6814425b5eb1
1777347898066,7740260700637,0.12449849,0.4261679,9.933543,-0.0012217305,0.0,0.002443461,TONIC,6814425b5eb1
1777347898074,7740268694074,0.11971009,0.4429273,9.950302,-6.1086525E-4,-6.1086525E-4,0.0,TONIC,6814425b5eb1
1777347898082,7740276690358,0.1364695,0.4285621,9.933543,0.0,0.0018325958,-6.1086525E-4,TONIC,6814425b5eb1
1777347898090,7740284685794,0.1316811,0.4429273,9.933543,-0.0012217305,6.1086525E-4,-6.1086525E-4,TONIC,6814425b5eb1
1777347898098,7740292684232,0.12928689,0.45250413,9.94312,0.0,-0.002443461,0.0,TONIC,6814425b5eb1
1777347898106,7740300677053,0.1364695,0.4429273,9.9550905,-0.0012217305,0.0012217305,6.1086525E-4,TONIC,6814425b5eb1
1777347898114,7740308704183,0.1340753,0.4429273,9.933543,6.1086525E-4,0.0,-0.0012217305,TONIC,6814425b5eb1
1777347898122,7740316699542,0.1412579,0.44771573,9.933543,0.0,-0.0012217305,-0.0012217305,TONIC,6814425b5eb1
1777347898130,7740324697288,0.12689269,0.45489833,9.94312,0.0,6.1086525E-4,0.0,TONIC,6814425b5eb1
1777347898138,7740332689571,0.1412579,0.4333505,9.923966,-0.0012217305,6.1086525E-4,6.1086525E-4,TONIC,6814425b5eb1
1777347898146,7740340685546,0.12449849,0.4333505,9.94312,-0.0012217305,0.0012217305,0.0012217305,TONIC,6814425b5eb1
1777347898154,7740348680369,0.12210429,0.4309563,9.94312,-6.1086525E-4,6.1086525E-4,0.0,TONIC,6814425b5eb1
1777347898162,7740356676882,0.12689269,0.4261679,9.94312,0.0,0.0,0.0012217305,TONIC,6814425b5eb1
1777347898170,7740364705858,0.1316811,0.4381389,9.931149,-6.1086525E-4,-0.0012217305,-0.0012217305,TONIC,6814425b5eb1
1777347898178,7740372698987,0.1412579,0.4333505,9.938332,-6.1086525E-4,-0.0012217305,6.1086525E-4,TONIC,6814425b5eb1
1777347898186,7740380694425,0.1340753,0.4309563,9.931149,6.1086525E-4,-0.0012217305,0.0,TONIC,6814425b5eb1
1777347898194,7740388692169,0.15322891,0.4189853,9.935937,-6.1086525E-4,0.0012217305,-0.0018325958,TONIC,6814425b5eb1
1777347898202,7740396686299,0.12689269,0.4333505,9.945514,0.0012217305,0.002443461,6.1086525E-4,TONIC,6814425b5eb1
1777347898210,7740404681735,0.1340753,0.4333505,9.933543,-6.1086525E-4,0.0,0.0,TONIC,6814425b5eb1
1777347898218,7740412675557,0.1388637,0.4405331,9.957485,0.0012217305,0.0018325958,6.1086525E-4,TONIC,6814425b5eb1
1777347898226,7740420705379,0.1388637,0.4429273,9.928755,-0.0018325958,0.0012217305,-0.0012217305,TONIC,6814425b5eb1
1777347898234,7740428697662,0.12928689,0.44771573,9.940725,-6.1086525E-4,0.0,-0.0018325958,TONIC,6814425b5eb1
1777347898242,7740436694176,0.1388637,0.4357447,9.940725,0.0,0.0012217305,-6.1086525E-4,TONIC,6814425b5eb1
1777347898250,7740444690229,0.12689269,0.4309563,9.940725,6.1086525E-4,0.0018325958,0.0,TONIC,6814425b5eb1
1777347898258,7740452686820,0.1316811,0.4333505,9.9550905,-0.0012217305,0.0,-6.1086525E-4,TONIC,6814425b5eb1
1777347898266,7740460681795,0.1364695,0.4285621,9.94312,-0.0018325958,-0.0012217305,6.1086525E-4,TONIC,6814425b5eb1
1777347898274,7740468678694,0.1340753,0.45250413,9.94312,-0.0018325958,0.0012217305,-6.1086525E-4,TONIC,6814425b5eb1
1777347898282,7740476702054,0.12689269,0.4309563,9.928755,-0.0012217305,-6.1086525E-4,-6.1086525E-4,TONIC,6814425b5eb1
1777347898290,7740484698722,0.1316811,0.4429273,9.947908,-6.1086525E-4,-0.0018325958,0.0018325958,TONIC,6814425b5eb1
1777347898298,7740492694390,0.12928689,0.4333505,9.923966,0.0012217305,0.0018325958,-6.1086525E-4,TONIC,6814425b5eb1
1777347898306,7740500688750,0.14844051,0.4405331,9.945514,-0.0018325958,6.1086525E-4,0.0,TONIC,6814425b5eb1
1777347898314,7740508685956,0.1340753,0.4357447,9.950302,-6.1086525E-4,-6.1086525E-4,6.1086525E-4,TONIC,6814425b5eb1
1777347898322,7740516679778,0.11971009,0.4381389,9.933543,0.0,0.0012217305,0.0012217305,TONIC,6814425b5eb1
1777347898330,7740524677599,0.12449849,0.4141969,9.947908,0.0,0.0018325958,6.1086525E-4,TONIC,6814425b5eb1
1777347898338,7740532701960,0.12449849,0.44532153,9.94312,-0.0012217305,0.0012217305,-6.1086525E-4,TONIC,6814425b5eb1
1777347898346,7740540697243,0.11252748,0.44771573,9.94312,-0.0012217305,0.0,-0.0018325958,TONIC,6814425b5eb1
1777347898354,7740548693603,0.11252748,0.4357447,9.950302,-0.0018325958,0.0018325958,-6.1086525E-4,TONIC,6814425b5eb1
1777347898362,7740556688887,0.11971009,0.4405331,9.92636,-0.0012217305,0.0018325958,6.1086525E-4,TONIC,6814425b5eb1
1777347898370,7740564685554,0.12689269,0.4237737,9.947908,-6.1086525E-4,0.0012217305,0.0012217305,TONIC,6814425b5eb1
1777347898378,7740572679069,0.11492168,0.4429273,9.940725,0.0,-0.0012217305,-6.1086525E-4,TONIC,6814425b5eb1
1777347898386,7740580675352,0.1412579,0.44532153,9.947908,6.1086525E-4,0.0012217305,-6.1086525E-4,TONIC,6814425b5eb1
1777347898394,7740588701174,0.1340753,0.4309563,9.94312,0.0,0.0,6.1086525E-4,TONIC,6814425b5eb1
1777347898402,7740596698379,0.14844051,0.4405331,9.947908,6.1086525E-4,-6.1086525E-4,6.1086525E-4,TONIC,6814425b5eb1
1777347898410,7740604692740,0.14604631,0.4333505,9.933543,-6.1086525E-4,0.0018325958,6.1086525E-4,TONIC,6814425b5eb1
1777347898418,7740612688407,0.12689269,0.4333505,9.945514,-0.0012217305,6.1086525E-4,-6.1086525E-4,TONIC,6814425b5eb1
1777347898426,7740620684076,0.11971009,0.4429273,9.940725,-0.0012217305,-6.1086525E-4,6.1086525E-4,TONIC,6814425b5eb1
1777347898434,7740628681897,0.12928689,0.4237737,9.933543,-6.1086525E-4,-6.1086525E-4,-6.1086525E-4,TONIC,6814425b5eb1
1777347898442,7740636674873,0.1364695,0.44771573,9.947908,-0.0012217305,-0.0012217305,0.0012217305,TONIC,6814425b5eb1
1777347898450,7740644700925,0.1388637,0.4261679,9.945514,0.0,0.0012217305,-6.1086525E-4,TONIC,6814425b5eb1
1777347898458,7740652695978,0.1364695,0.4357447,9.952697,-6.1086525E-4,0.0018325958,-6.1086525E-4,TONIC,6814425b5eb1
1777347898466,7740660694108,0.12449849,0.4213795,9.921572,0.0,0.0018325958,0.0,TONIC,6814425b5eb1
1777347898474,7740668689544,0.11971009,0.4405331,9.94312,-0.0012217305,0.0,-0.0012217305,TONIC,6814425b5eb1
1777347898482,7740676684290,0.12928689,0.4333505,9.945514,-6.1086525E-4,6.1086525E-4,-6.1086525E-4,TONIC,6814425b5eb1
1777347898490,7740684679649,0.1364695,0.45729253,9.950302,-6.1086525E-4,0.002443461,-6.1086525E-4,TONIC,6814425b5eb1
1777347898498,7740692674933,0.1364695,0.4357447,9.940725,6.1086525E-4,0.0,-6.1086525E-4,TONIC,6814425b5eb1
1777347898506,7740700701139,0.1388637,0.4381389,9.938332,-6.1086525E-4,0.002443461,-6.1086525E-4,TONIC,6814425b5eb1
1777347898514,7740708698653,0.1436521,0.4357447,9.959879,0.0,0.0012217305,0.0,TONIC,6814425b5eb1
1777347898522,7740716691782,0.1316811,0.4381389,9.940725,-0.0012217305,0.002443461,0.0,TONIC,6814425b5eb1
1777347898530,7740724687450,0.12449849,0.44532153,9.945514,0.0,6.1086525E-4,0.0012217305,TONIC,6814425b5eb1
1777347898538,7740732683733,0.12928689,0.4381389,9.947908,-0.0018325958,-6.1086525E-4,-6.1086525E-4,TONIC,6814425b5eb1
1777347898546,7740740678786,0.14604631,0.4381389,9.945514,-6.1086525E-4,6.1086525E-4,6.1086525E-4,TONIC,6814425b5eb1
1777347898554,7740748703992,0.14844051,0.4429273,9.950302,0.0,0.0018325958,0.0,TONIC,6814425b5eb1
1777347898562,7740756699429,0.1316811,0.44771573,9.947908,-0.0012217305,-6.1086525E-4,-6.1086525E-4,TONIC,6814425b5eb1
1777347898570,7740764697175,0.1388637,0.44771573,9.952697,0.002443461,0.002443461,0.0,TONIC,6814425b5eb1
1777347898578,7740772692303,0.1316811,0.4333505,9.938332,0.0,0.0,0.0,TONIC,6814425b5eb1
1777347898586,7740780688818,0.1388637,0.4429273,9.935937,-6.1086525E-4,0.0012217305,-6.1086525E-4,TONIC,6814425b5eb1
1777347898594,7740788683331,0.12928689,0.44771573,9.938332,0.0012217305,0.002443461,0.0,TONIC,6814425b5eb1
1777347898602,7740796679000,0.12689269,0.4405331,9.947908,-0.0012217305,0.0012217305,0.0,TONIC,6814425b5eb1
1777347898610,7740804676821,0.1412579,0.4357447,9.938332,0.0,6.1086525E-4,-6.1086525E-4,TONIC,6814425b5eb1
1777347898618,7740812698643,0.12928689,0.4237737,9.935937,0.0,0.0012217305,0.0,TONIC,6814425b5eb1
1777347898626,7740820694849,0.1316811,0.4309563,9.935937,-0.0012217305,0.002443461,-6.1086525E-4,TONIC,6814425b5eb1
1777347898634,7740828690517,0.12689269,0.4261679,9.9550905,-6.1086525E-4,0.0,6.1086525E-4,TONIC,6814425b5eb1
1777347898642,7740836688415,0.1340753,0.44771573,9.933543,-0.0018325958,0.0012217305,0.0,TONIC,6814425b5eb1
1777347898650,7740844684391,0.1436521,0.4357447,9.952697,-6.1086525E-4,6.1086525E-4,-6.1086525E-4,TONIC,6814425b5eb1
1777347898658,7740852677829,0.1316811,0.44532153,9.945514,6.1086525E-4,0.0012217305,-6.1086525E-4,TONIC,6814425b5eb1
1777347898666,7740860672958,0.12210429,0.4405331,9.94312,-6.1086525E-4,0.0012217305,0.0,TONIC,6814425b5eb1
1777347898674,7740868700934,0.11731588,0.4357447,9.945514,-6.1086525E-4,0.0018325958,0.0,TONIC,6814425b5eb1
1777347898682,7740876694678,0.11971009,0.4381389,9.947908,0.0,0.0012217305,0.0,TONIC,6814425b5eb1
1777347898690,7740884693192,0.1412579,0.44532153,9.950302,-6.1086525E-4,0.0012217305,0.0,TONIC,6814425b5eb1
1777347898698,7740892687244,0.12210429,0.4357447,9.952697,-0.0018325958,-0.0012217305,0.0012217305,TONIC,6814425b5eb1
1777347898706,7740900682990,0.11971009,0.44532153,9.940725,-6.1086525E-4,0.002443461,0.0,TONIC,6814425b5eb1
1777347898714,7740908676811,0.11971009,0.4285621,9.933543,6.1086525E-4,0.0030543262,6.1086525E-4,TONIC,6814425b5eb1
1777347898722,7740916704479,0.1412579,0.4381389,9.967062,-6.1086525E-4,0.002443461,0.0012217305,TONIC,6814425b5eb1
1777347898730,7740924699146,0.11971009,0.4381389,9.94312,-0.0012217305,-6.1086525E-4,-6.1086525E-4,TONIC,6814425b5eb1
1777347898738,7740932694815,0.1364695,0.4333505,9.947908,0.0,-6.1086525E-4,0.0,TONIC,6814425b5eb1
1777347898746,7740940691713,0.1364695,0.4333505,9.950302,-0.0018325958,-6.1086525E-4,6.1086525E-4,TONIC,6814425b5eb1
1777347898754,7740948685920,0.14844051,0.4333505,9.940725,0.0,6.1086525E-4,6.1086525E-4,TONIC,6814425b5eb1
1777347898762,7740956683434,0.1340753,0.4165911,9.947908,0.0,0.0018325958,0.0,TONIC,6814425b5eb1
1777347898770,7740964679948,0.12210429,0.4333505,9.947908,-0.0012217305,6.1086525E-4,-0.0012217305,TONIC,6814425b5eb1
1777347898778,7740972702154,0.1388637,0.4381389,9.94312,0.0012217305,0.0,-6.1086525E-4,TONIC,6814425b5eb1
1777347898786,7740980697745,0.11971009,0.4333505,9.938332,-6.1086525E-4,-0.0012217305,0.0,TONIC,6814425b5eb1
1777347898794,7740988695336,0.1388637,0.44532153,9.94312,0.0,0.0012217305,-0.0012217305,TONIC,6814425b5eb1
1777347898802,7740996690388,0.1364695,0.44771573,9.959879,-0.0018325958,0.0012217305,6.1086525E-4,TONIC,6814425b5eb1
1777347898810,7741004685749,0.12689269,0.4309563,9.952697,0.0,6.1086525E-4,6.1086525E-4,TONIC,6814425b5eb1
1777347898818,7741012681724,0.12928689,0.4357447,9.935937,-6.1086525E-4,0.002443461,-6.1086525E-4,TONIC,6814425b5eb1
1777347898826,7741020676700,0.12449849,0.4381389,9.94312,-0.0012217305,6.1086525E-4,6.1086525E-4,TONIC,6814425b5eb1
1777347898834,7741028704983,0.1364695,0.44532153,9.952697,-0.0012217305,-0.0012217305,-6.1086525E-4,TONIC,6814425b5eb1
1777347898842,7741036698497,0.1412579,0.4405331,9.945514,-0.0018325958,0.0,0.0,TONIC,6814425b5eb1
1777347898850,7741044694472,0.1436521,0.45489833,9.947908,-6.1086525E-4,-0.0012217305,-6.1086525E-4,TONIC,6814425b5eb1
1777347898858,7741052688910,0.1340753,0.4405331,9.935937,6.1086525E-4,0.0012217305,6.1086525E-4,TONIC,6814425b5eb1
1777347898866,7741060684963,0.12928689,0.4405331,9.957485,-0.0012217305,0.0012217305,6.1086525E-4,TONIC,6814425b5eb1
1777347898874,7741068681476,0.1364695,0.4381389,9.94312,0.0,0.002443461,0.0,TONIC,6814425b5eb1
1777347898882,7741076677144,0.12689269,0.4333505,9.962274,0.0012217305,0.0012217305,0.0,TONIC,6814425b5eb1
1777347898890,7741084701812,0.1340753,0.4381389,9.945514,-0.0030543262,0.0,0.0,TONIC,6814425b5eb1
1777347898898,7741092697095,0.1412579,0.4357447,9.935937,-0.0018325958,0.0,-6.1086525E-4,TONIC,6814425b5eb1
1777347898906,7741100693455,0.1412579,0.4285621,9.947908,0.0,6.1086525E-4,0.0,TONIC,6814425b5eb1
1777347898914,7741108689970,0.12210429,0.4213795,9.940725,-6.1086525E-4,0.0,-6.1086525E-4,TONIC,6814425b5eb1
1777347898922,7741116684175,0.1364695,0.4333505,9.933543,-0.002443461,0.0,0.0,TONIC,6814425b5eb1
1777347898930,7741124679767,0.1388637,0.4309563,9.94312,-0.0018325958,-6.1086525E-4,0.0012217305,TONIC,6814425b5eb1
1777347898938,7741132676973,0.12928689,0.4357447,9.938332,0.0,-6.1086525E-4,-0.0012217305,TONIC,6814425b5eb1
1777347898946,7741140703487,0.1388637,0.4333505,9.947908,0.0,-0.0012217305,6.1086525E-4,TONIC,6814425b5eb1
1777347898954,7741148699385,0.12210429,0.4357447,9.947908,-6.1086525E-4,-6.1086525E-4,-6.1086525E-4,TONIC,6814425b5eb1
1777347898962,7741156694515,0.1340753,0.4309563,9.945514,-6.1086525E-4,0.0018325958,-6.1086525E-4,TONIC,6814425b5eb1
1777347898970,7741164690106,0.12928689,0.4405331,9.947908,-0.0018325958,-6.1086525E-4,-6.1086525E-4,TONIC,6814425b5eb1
1777347898978,7741172684928,0.14844051,0.4357447,9.938332,6.1086525E-4,6.1086525E-4,-6.1086525E-4,TONIC,6814425b5eb1
1777347898986,7741180680288,0.12210429,0.4333505,9.940725,0.0,-6.1086525E-4,6.1086525E-4,TONIC,6814425b5eb1
1777347898994,7741188676263,0.12689269,0.4309563,9.957485,-0.0018325958,0.0,0.0012217305,TONIC,6814425b5eb1
1777347899002,7741196700162,0.1412579,0.4381389,9.952697,6.1086525E-4,0.0018325958,0.0,TONIC,6814425b5eb1
1777347899010,7741204698368,0.12210429,0.44532153,9.940725,-0.0012217305,0.0,-6.1086525E-4,TONIC,6814425b5eb1
1777347899018,7741212691883,0.1388637,0.4429273,9.935937,6.1086525E-4,0.0012217305,-6.1086525E-4,TONIC,6814425b5eb1
1777347899026,7741220688088,0.1388637,0.4309563,9.947908,0.0,-6.1086525E-4,0.0018325958,TONIC,6814425b5eb1
1777347899034,7741228682603,0.1388637,0.4357447,9.940725,0.0,0.0018325958,0.0,TONIC,6814425b5eb1
1777347899042,7741236679424,0.1412579,0.4357447,9.950302,-6.1086525E-4,-0.0012217305,0.0012217305,TONIC,6814425b5eb1
1777347899050,7741244675785,0.12449849,0.4405331,9.952697,-0.0012217305,-0.0012217305,0.0012217305,TONIC,6814425b5eb1
1777347899058,7741252701837,0.10534488,0.4285621,9.938332,0.0,-6.1086525E-4,0.0018325958,TONIC,6814425b5eb1
1777347899066,7741260696582,0.12449849,0.4189853,9.94312,-0.0012217305,6.1086525E-4,-6.1086525E-4,TONIC,6814425b5eb1
1777347899074,7741268693173,0.12449849,0.45010993,9.950302,0.0,6.1086525E-4,0.0,TONIC,6814425b5eb1
1777347899082,7741276688225,0.14604631,0.4285621,9.935937,-0.0012217305,0.0,0.0,TONIC,6814425b5eb1
1777347899090,7741284683586,0.1340753,0.4333505,9.945514,-6.1086525E-4,0.0,6.1086525E-4,TONIC,6814425b5eb1
1777347899098,7741292679869,0.11252748,0.44532153,9.931149,-6.1086525E-4,0.0012217305,-6.1086525E-4,TONIC,6814425b5eb1
1777347899106,7741300674614,0.1340753,0.4405331,9.959879,-0.002443461,6.1086525E-4,-0.0012217305,TONIC,6814425b5eb1
1777347899114,7741308700127,0.12928689,0.4381389,9.921572,-0.0012217305,6.1086525E-4,0.0,TONIC,6814425b5eb1
1777347899122,7741316696103,0.12928689,0.44532153,9.933543,-6.1086525E-4,-6.1086525E-4,0.0,TONIC,6814425b5eb1
1777347899130,7741324692463,0.1388637,0.4381389,9.950302,0.0,0.0018325958,6.1086525E-4,TONIC,6814425b5eb1
1777347899138,7741332689285,0.1340753,0.4333505,9.947908,0.0,0.0012217305,6.1086525E-4,TONIC,6814425b5eb1
1777347899146,7741340682568,0.15562311,0.4333505,9.9550905,-6.1086525E-4,0.002443461,-0.0012217305,TONIC,6814425b5eb1
1777347899154,7741348679467,0.15322891,0.45010993,9.945514,-6.1086525E-4,-6.1086525E-4,0.0,TONIC,6814425b5eb1
1777347899162,7741356674828,0.12449849,0.4357447,9.940725,6.1086525E-4,6.1086525E-4,6.1086525E-4,TONIC,6814425b5eb1
1777347899170,7741364701187,0.12449849,0.44532153,9.957485,0.0,0.0012217305,-6.1086525E-4,TONIC,6814425b5eb1
1777347899178,7741372695009,0.12928689,0.4237737,9.923966,0.0,0.0018325958,-6.1086525E-4,TONIC,6814425b5eb1
1777347899186,7741380693138,0.14604631,0.4381389,9.947908,-6.1086525E-4,-0.0012217305,0.0,TONIC,6814425b5eb1
1777347899194,7741388686345,0.1436521,0.4309563,9.92636,0.0,-6.1086525E-4,0.0,TONIC,6814425b5eb1
1777347899202,7741396683012,0.1388637,0.44771573,9.950302,-0.0018325958,-6.1086525E-4,6.1086525E-4,TONIC,6814425b5eb1
1777347899210,7741404680527,0.14604631,0.4357447,9.952697,-0.0012217305,0.0,0.0012217305,TONIC,6814425b5eb1
1777347899218,7741412674271,0.12449849,0.44532153,9.935937,6.1086525E-4,0.0012217305,-6.1086525E-4,TONIC,6814425b5eb1
1777347899226,7741420700478,0.1436521,0.45010993,9.959879,-0.0012217305,6.1086525E-4,0.0,TONIC,6814425b5eb1
1777347899234,7741428695145,0.1364695,0.4261679,9.957485,-6.1086525E-4,6.1086525E-4,0.0,TONIC,6814425b5eb1
1777347899242,7741436689890,0.1436521,0.4405331,9.94312,-6.1086525E-4,0.0012217305,0.0012217305,TONIC,6814425b5eb1
1777347899250,7741444685635,0.11731588,0.4405331,9.952697,-0.002443461,0.0,0.0012217305,TONIC,6814425b5eb1
1777347899258,7741452684072,0.1388637,0.44532153,9.947908,-6.1086525E-4,6.1086525E-4,6.1086525E-4,TONIC,6814425b5eb1
1777347899266,7741460677279,0.1340753,0.45489833,9.957485,-0.0012217305,0.0018325958,6.1086525E-4,TONIC,6814425b5eb1
1777347899274,7741468673254,0.1412579,0.44532153,9.94312,-0.0012217305,0.0,0.0,TONIC,6814425b5eb1
1777347899282,7741476700538,0.12210429,0.44771573,9.952697,-0.0012217305,6.1086525E-4,-6.1086525E-4,TONIC,6814425b5eb1
1777347899290,7741484696513,0.12449849,0.4381389,9.945514,6.1086525E-4,-6.1086525E-4,0.0,TONIC,6814425b5eb1
1777347899298,7741492693104,0.1316811,0.4333505,9.945514,0.0012217305,6.1086525E-4,6.1086525E-4,TONIC,6814425b5eb1
1777347899306,7741500685771,0.14844051,0.4309563,9.94312,-0.0012217305,6.1086525E-4,0.0,TONIC,6814425b5eb1
1777347899314,7741508682363,0.1412579,0.4381389,9.959879,6.1086525E-4,6.1086525E-4,-0.0012217305,TONIC,6814425b5eb1
1777347899322,7741516676184,0.1340753,0.44771573,9.94312,0.0,0.0012217305,-6.1086525E-4,TONIC,6814425b5eb1
1777347899330,7741524675545,0.12689269,0.4285621,9.945514,0.0,0.0,0.0,TONIC,6814425b5eb1
1777347899338,7741532699520,0.11731588,0.4405331,9.940725,-0.0018325958,0.0,6.1086525E-4,TONIC,6814425b5eb1
1777347899346,7741540693650,0.15322891,0.44771573,9.952697,-0.0012217305,6.1086525E-4,0.0,TONIC,6814425b5eb1
1777347899354,7741548692932,0.12210429,0.4189853,9.935937,0.0,0.0018325958,0.0,TONIC,6814425b5eb1
1777347899362,7741556686831,0.1316811,0.4381389,9.950302,-0.0018325958,0.002443461,0.0,TONIC,6814425b5eb1
1777347899370,7741564682500,0.12210429,0.4405331,9.945514,-6.1086525E-4,-6.1086525E-4,6.1086525E-4,TONIC,6814425b5eb1
1777347899378,7741572676936,0.1316811,0.4429273,9.945514,-0.0012217305,0.0,6.1086525E-4,TONIC,6814425b5eb1
1777347899386,7741580673143,0.1388637,0.4261679,9.94312,-0.0012217305,6.1086525E-4,-0.0012217305,TONIC,6814425b5eb1
1777347899394,7741588701118,0.1340753,0.4405331,9.938332,6.1086525E-4,0.0018325958,-0.0018325958,TONIC,6814425b5eb1
1777347899402,7741596694094,0.1316811,0.4165911,9.950302,-6.1086525E-4,6.1086525E-4,6.1086525E-4,TONIC,6814425b5eb1
1777347899410,7741604690377,0.14844051,0.4333505,9.947908,-0.002443461,-6.1086525E-4,6.1086525E-4,TONIC,6814425b5eb1
1777347899418,7741612687507,0.12689269,0.4333505,9.952697,-6.1086525E-4,6.1086525E-4,-0.0012217305,TONIC,6814425b5eb1
1777347899426,7741620680482,0.15801731,0.45010993,9.94312,-0.0018325958,0.0012217305,0.0,TONIC,6814425b5eb1
1777347899434,7741628676073,0.12928689,0.4357447,9.938332,0.0,6.1086525E-4,-0.0018325958,TONIC,6814425b5eb1
1777347899442,7741636671125,0.1412579,0.45250413,9.9550905,0.0,-0.0012217305,-6.1086525E-4,TONIC,6814425b5eb1
1777347899450,7741644697640,0.14604631,0.4429273,9.928755,6.1086525E-4,6.1086525E-4,0.0,TONIC,6814425b5eb1
1777347899458,7741652694768,0.1316811,0.4309563,9.935937,0.0,0.0012217305,6.1086525E-4,TONIC,6814425b5eb1
1777347899466,7741660690129,0.1316811,0.4261679,9.931149,6.1086525E-4,0.0018325958,6.1086525E-4,TONIC,6814425b5eb1
1777347899474,7741668686490,0.12689269,0.4381389,9.923966,-0.002443461,0.0,6.1086525E-4,TONIC,6814425b5eb1
1777347899482,7741676681157,0.1388637,0.44532153,9.945514,6.1086525E-4,0.0012217305,6.1086525E-4,TONIC,6814425b5eb1
1777347899490,7741684676902,0.1340753,0.4141969,9.938332,-0.0018325958,0.0,-6.1086525E-4,TONIC,6814425b5eb1
1777347899498,7741692701108,0.15322891,0.4333505,9.947908,-0.0018325958,0.0012217305,0.0,TONIC,6814425b5eb1
1777347899506,7741700700776,0.12210429,0.4333505,9.940725,-0.0012217305,0.0,-0.0012217305,TONIC,6814425b5eb1
1777347899514,7741708694982,0.11971009,0.44532153,9.931149,-0.0012217305,-0.0018325958,-6.1086525E-4,TONIC,6814425b5eb1
1777347899522,7741716688497,0.12449849,0.44532153,9.940725,0.0,0.0,6.1086525E-4,TONIC,6814425b5eb1
1777347899530,7741724685010,0.12928689,0.4381389,9.931149,0.0,-0.0012217305,6.1086525E-4,TONIC,6814425b5eb1
1777347899538,7741732681678,0.1388637,0.4405331,9.931149,-6.1086525E-4,0.0012217305,0.0,TONIC,6814425b5eb1
1777347899546,7741740676115,0.1364695,0.4309563,9.92636,0.0,6.1086525E-4,6.1086525E-4,TONIC,6814425b5eb1
1777347899554,7741748672014,0.12210429,0.4429273,9.923966,0.0,-6.1086525E-4,-6.1086525E-4,TONIC,6814425b5eb1
1777347899562,7741756697835,0.1340753,0.4405331,9.923966,-6.1086525E-4,-6.1086525E-4,0.0,TONIC,6814425b5eb1
1777347899570,7741764692273,0.1364695,0.4429273,9.938332,0.0,0.0012217305,-0.0012217305,TONIC,6814425b5eb1
1777347899578,7741772688941,0.12689269,0.4285621,9.928755,-6.1086525E-4,0.0018325958,-6.1086525E-4,TONIC,6814425b5eb1
1777347899586,7741780685224,0.1316811,0.44771573,9.92636,-6.1086525E-4,-0.0012217305,6.1086525E-4,TONIC,6814425b5eb1
1777347899594,7741788680584,0.12689269,0.4357447,9.928755,0.0,-0.0012217305,6.1086525E-4,TONIC,6814425b5eb1
1777347899602,7741796675867,0.1316811,0.4357447,9.91439,-0.0018325958,-0.0012217305,6.1086525E-4,TONIC,6814425b5eb1
1777347899610,7741804673382,0.1412579,0.4285621,9.923966,-6.1086525E-4,-6.1086525E-4,6.1086525E-4,TONIC,6814425b5eb1
1777347899618,7741812696434,0.1340753,0.44532153,9.904813,0.0,6.1086525E-4,0.0012217305,TONIC,6814425b5eb1
1777347899626,7741820691871,0.1436521,0.4333505,9.933543,-6.1086525E-4,0.0,0.0,TONIC,6814425b5eb1
1777347899634,7741828688692,0.12689269,0.4381389,9.923966,-0.0012217305,-6.1086525E-4,0.0,TONIC,6814425b5eb1
1777347899642,7741836682899,0.1340753,0.4405331,9.947908,-6.1086525E-4,-6.1086525E-4,6.1086525E-4,TONIC,6814425b5eb1
1777347899650,7741844680105,0.14844051,0.4405331,9.933543,-6.1086525E-4,0.0,0.0,TONIC,6814425b5eb1
1777347899658,7741852674850,0.1436521,0.4381389,9.935937,0.0,0.0012217305,-6.1086525E-4,TONIC,6814425b5eb1
1777347899666,7741860699979,0.1316811,0.4429273,9.928755,-0.0018325958,0.0,-6.1086525E-4,TONIC,6814425b5eb1
1777347899674,7741868695417,0.12689269,0.4285621,9.921572,-0.0012217305,0.0018325958,-0.002443461,TONIC,6814425b5eb1
1777347899682,7741876693470,0.1364695,0.44532153,9.933543,0.0,6.1086525E-4,-0.0018325958,TONIC,6814425b5eb1
1777347899690,7741884688521,0.1436521,0.4357447,9.931149,-0.0018325958,-0.0018325958,0.0,TONIC,6814425b5eb1
1777347899698,7741892682036,0.1436521,0.4381389,9.931149,-0.0012217305,-0.0012217305,6.1086525E-4,TONIC,6814425b5eb1
1777347899706,7741900680242,0.12449849,0.4381389,9.92636,0.0,0.0012217305,0.0,TONIC,6814425b5eb1
1777347899714,7741908674372,0.12449849,0.4333505,9.92636,-6.1086525E-4,-0.0030543262,0.0,TONIC,6814425b5eb1
1777347899722,7741916700808,0.1340753,0.44532153,9.916783,-0.0012217305,-6.1086525E-4,-6.1086525E-4,TONIC,6814425b5eb1
1777347899730,7741924696092,0.14844051,0.4309563,9.935937,0.0,-0.0018325958,-6.1086525E-4,TONIC,6814425b5eb1
1777347899738,7741932690913,0.1436521,0.4405331,9.92636,-6.1086525E-4,-0.0018325958,-6.1086525E-4,TONIC,6814425b5eb1
1777347899746,7741940688351,0.1316811,0.4261679,9.919178,-0.0012217305,-6.1086525E-4,0.0012217305,TONIC,6814425b5eb1
1777347899754,7741948683172,0.16280572,0.4261679,9.933543,-6.1086525E-4,0.0,6.1086525E-4,TONIC,6814425b5eb1
1777347899762,7741956677609,0.1340753,0.4429273,9.931149,-0.0018325958,0.0012217305,6.1086525E-4,TONIC,6814425b5eb1
1777347899770,7741964672970,0.12210429,0.4309563,9.935937,6.1086525E-4,6.1086525E-4,0.0,TONIC,6814425b5eb1
1777347899778,7741972670407,0.12449849,0.4381389,9.91439,0.0,-0.0012217305,6.1086525E-4,TONIC,6814425b5eb1
1777347899786,7741980696844,0.1316811,0.45010993,9.923966,-6.1086525E-4,0.0,0.0,TONIC,6814425b5eb1
1777347899794,7741988690127,0.19632454,0.29448682,9.878476,0.0012217305,-6.1086525E-4,6.1086525E-4,TONIC,6814425b5eb1
1777347899802,7741996686641,0.61052144,0.20350714,8.671799,0.052534413,0.09285152,-6.1086525E-4,TONIC,6814425b5eb1
1777347899810,7742004682924,0.37828386,1.0175357,9.425972,0.34574974,0.5174029,-0.02321288,TONIC,6814425b5eb1
1777347899818,7742012677362,-0.49559975,0.24660277,9.962274,0.40500367,0.38912117,-0.0018325958,TONIC,6814425b5eb1
1777347899826,7742020673644,-0.37828386,0.49559975,10.436325,0.37384954,0.19730948,0.009773844,TONIC,6814425b5eb1
1777347899834,7742028699543,-0.21547815,0.8331822,10.350134,0.3182608,0.03481932,-0.0018325958,TONIC,6814425b5eb1
1777347899842,7742036696441,-0.2633622,0.8738836,10.041282,0.1881465,-0.13988814,-0.021380283,TONIC,6814425b5eb1
1777347899850,7742044689956,0.04070143,0.7733272,9.811439,0.06536258,-0.17654006,-0.021991149,TONIC,6814425b5eb1
1777347899858,7742052687162,0.36152446,0.50278234,9.830592,-0.0030543262,-0.13805555,-0.018936822,TONIC,6814425b5eb1
1777347899866,7742060684368,0.37828386,0.33279404,9.969456,-0.009162978,-0.08368854,-0.014049901,TONIC,6814425b5eb1
1777347899874,7742068676345,0.24181437,0.28491,10.240001,-0.002443461,-0.048258353,-0.007330383,TONIC,6814425b5eb1
1777347899882,7742076682396,0.14604631,0.40222588,10.524911,-0.005497787,-0.037873644,-0.004276057,TONIC,6814425b5eb1
1777347899890,7742084700603,0.095768064,0.5770026,10.6877165,-0.020158553,-0.0421497,0.0012217305,TONIC,6814425b5eb1
1777347899898,7742092693424,0.05267244,0.60812724,10.560823,-0.04337143,-0.04520403,0.004276057,TONIC,6814425b5eb1
1777347899906,7742100688477,0.059855044,0.557849,10.3453455,-0.06780604,-0.06169739,0.004886922,TONIC,6814425b5eb1
1777347899914,7742108685991,0.110133275,0.5746084,10.172963,-0.12889257,-0.115453534,0.007941248,TONIC,6814425b5eb1
1777347899922,7742116682582,0.17477672,0.5650316,9.859323,-0.18020524,-0.1563815,0.01282817,TONIC,6814425b5eb1
1777347899930,7742124678557,0.12928689,0.5770026,9.629479,-0.22540927,-0.17348573,0.014660766,TONIC,6814425b5eb1
1777347899938,7742132673918,0.12210429,0.59376204,9.43076,-0.2510656,-0.16126843,0.018936822,TONIC,6814425b5eb1
1777347899946,7742140699508,0.19153613,0.35434186,9.203311,-0.23335053,-0.0983493,0.016493361,TONIC,6814425b5eb1
1777347899954,7742148695715,0.19632454,0.4261679,9.270349,-0.15515977,-0.021991149,0.002443461,TONIC,6814425b5eb1
1777347899962,7742156690536,0.110133275,0.51475334,9.598354,-0.050701816,0.025045475,-0.004276057,TONIC,6814425b5eb1
1777347899970,7742164687666,0.1436521,0.4213795,9.876082,0.053145275,0.02565634,0.002443461,TONIC,6814425b5eb1
1777347899978,7742172681796,0.14844051,0.4213795,10.081984,0.10751228,0.0061086523,-0.0012217305,TONIC,6814425b5eb1
1777347899986,7742180678079,0.15562311,0.51475334,10.158598,0.08002335,-0.017715093,-0.0012217305,TONIC,6814425b5eb1
1777347899994,7742188672285,0.17717093,0.5626374,10.113108,0.014049901,-0.01282817,0.0,TONIC,6814425b5eb1
1777347900002,7742196698030,0.16280572,0.51954174,10.058042,-0.047036625,6.1086525E-4,-0.0018325958,TONIC,6814425b5eb1
1777347900010,7742204693467,0.15562311,0.50038815,9.9550905,-0.0580322,0.01160644,0.0,TONIC,6814425b5eb1
1777347900018,7742212689365,0.1436521,0.4405331,9.773131,-0.010995574,0.005497787,0.0012217305,TONIC,6814425b5eb1
1777347900026,7742220686264,0.1436521,0.4237737,9.706094,0.023823744,-0.004886922,-0.0018325958,TONIC,6814425b5eb1
1777347900034,7742228681932,0.16998832,0.47405192,9.7563715,0.03481932,-0.008552114,6.1086525E-4,TONIC,6814425b5eb1
1777347900042,7742236676677,0.16759412,0.51714754,9.950302,0.014660766,-0.002443461,-0.0012217305,TONIC,6814425b5eb1
1777347900050,7742244673037,0.14604631,0.49799395,10.127473,-0.014049901,0.004886922,6.1086525E-4,TONIC,6814425b5eb1
1777347900058,7742252698551,0.1388637,0.46686932,10.163386,-0.026267206,0.0061086523,0.0,TONIC,6814425b5eb1
1777347900066,7742260693911,0.12689269,0.44532153,10.041282,-0.0036651916,0.0030543262,0.0,TONIC,6814425b5eb1
1777347900074,7742268688964,0.15562311,0.48123455,9.7803135,0.018325957,-0.004886922,-6.1086525E-4,TONIC,6814425b5eb1
1777347900082,7742276685555,0.17717093,0.49799395,9.691729,0.022602014,-0.004276057,6.1086525E-4,TONIC,6814425b5eb1
1777347900090,7742284680915,0.18195933,0.50038815,9.787497,0.0067195175,-6.1086525E-4,-6.1086525E-4,TONIC,6814425b5eb1
1777347900098,7742292677122,0.14604631,0.49559975,10.0029745,-0.018325957,0.005497787,-0.0018325958,TONIC,6814425b5eb1
1777347900106,7742300670712,0.15083471,0.45729253,10.158598,-0.021991149,0.0012217305,-6.1086525E-4,TONIC,6814425b5eb1
1777347900114,7742308697150,0.12210429,0.45729253,10.072407,-0.005497787,-6.1086525E-4,0.0,TONIC,6814425b5eb1
1777347900122,7742316693740,0.1388637,0.46447513,9.895236,0.01282817,-0.0030543262,6.1086525E-4,TONIC,6814425b5eb1
1777347900130,7742324689716,0.1604115,0.47644615,9.768343,0.014049901,-0.0030543262,-6.1086525E-4,TONIC,6814425b5eb1
1777347900138,7742332684999,0.16998832,0.48602295,9.821015,-0.004276057,-0.0030543262,6.1086525E-4,TONIC,6814425b5eb1
1777347900146,7742340681052,0.16759412,0.46686932,9.967062,-0.014049901,6.1086525E-4,6.1086525E-4,TONIC,6814425b5eb1
1777347900154,7742348674565,0.1604115,0.46208093,10.058042,-0.01160644,0.0012217305,0.0,TONIC,6814425b5eb1
1777347900162,7742356673310,0.1604115,0.46208093,10.005369,-0.0012217305,0.002443461,0.0012217305,TONIC,6814425b5eb1
1777347900170,7742364699670,0.1436521,0.47884035,9.888053,0.007941248,0.0,0.0012217305,TONIC,6814425b5eb1
1777347900178,7742372692338,0.16519992,0.50757074,9.80665,0.0061086523,-0.0018325958,0.0,TONIC,6814425b5eb1
1777347900186,7742380687699,0.1604115,0.50038815,9.873688,-0.002443461,6.1086525E-4,6.1086525E-4,TONIC,6814425b5eb1
1777347900194,7742388684828,0.16280572,0.46447513,9.9790325,-0.010995574,-6.1086525E-4,0.0,TONIC,6814425b5eb1
1777347900202,7742396679958,0.1604115,0.4429273,10.005369,-0.004276057,0.0018325958,-6.1086525E-4,TONIC,6814425b5eb1
1777347900210,7742404675933,0.16519992,0.45968673,9.962274,0.002443461,-0.002443461,0.0,TONIC,6814425b5eb1
1777347900218,7742412700755,0.16280572,0.47405192,9.900024,0.0067195175,-0.0018325958,0.0018325958,TONIC,6814425b5eb1
1777347900226,7742420697345,0.16280572,0.49799395,9.861717,0.0018325958,6.1086525E-4,0.0,TONIC,6814425b5eb1
1777347900234,7742428693629,0.15562311,0.49320555,9.907207,-0.0018325958,0.0,6.1086525E-4,TONIC,6814425b5eb1
1777347900242,7742436688681,0.15562311,0.48362875,9.974244,-0.0061086523,-6.1086525E-4,-0.0012217305,TONIC,6814425b5eb1
1777347900250,7742444683118,0.1604115,0.48602295,9.9790325,-0.0018325958,-0.0036651916,6.1086525E-4,TONIC,6814425b5eb1
1777347900258,7742452680324,0.17238252,0.46686932,9.957485,0.002443461,-6.1086525E-4,0.0,TONIC,6814425b5eb1
1777347900266,7742460675993,0.15562311,0.47644615,9.911995,0.0018325958,6.1086525E-4,0.0,TONIC,6814425b5eb1
1777347900274,7742468672584,0.16519992,0.48362875,9.888053,-6.1086525E-4,0.002443461,6.1086525E-4,TONIC,6814425b5eb1
1777347900282,7742476695713,0.1412579,0.47644615,9.923966,-0.0030543262,0.0012217305,-6.1086525E-4,TONIC,6814425b5eb1
1777347900290,7742484694689,0.14604631,0.46686932,9.967062,-0.0030543262,-6.1086525E-4,6.1086525E-4,TONIC,6814425b5eb1
1777347900298,7742492686356,0.16280572,0.46686932,9.959879,-0.002443461,-6.1086525E-4,6.1086525E-4,TONIC,6814425b5eb1
1777347900306,7742500682640,0.17717093,0.49081135,9.940725,0.002443461,-0.0012217305,-6.1086525E-4,TONIC,6814425b5eb1
1777347900314,7742508679538,0.15322891,0.48362875,9.921572,-6.1086525E-4,0.0012217305,0.0,TONIC,6814425b5eb1
1777347900322,7742516675206,0.15083471,0.48123455,9.911995,-6.1086525E-4,0.0012217305,0.0,TONIC,6814425b5eb1
1777347900330,7742524670566,0.16759412,0.47165772,9.921572,-0.0012217305,0.0012217305,6.1086525E-4,TONIC,6814425b5eb1
1777347900338,7742532695234,0.1604115,0.48602295,9.952697,-6.1086525E-4,6.1086525E-4,0.0018325958,TONIC,6814425b5eb1
1777347900346,7742540692363,0.15562311,0.48123455,9.9550905,0.0012217305,0.0,-0.0012217305,TONIC,6814425b5eb1
1777347900354,7742548687185,0.17477672,0.45968673,9.952697,0.002443461,0.0012217305,-6.1086525E-4,TONIC,6814425b5eb1
1777347900362,7742556681622,0.15562311,0.48602295,9.92636,-0.002443461,-0.0018325958,0.0,TONIC,6814425b5eb1
1777347900370,7742564678829,0.15083471,0.47644615,9.928755,-6.1086525E-4,-0.0018325958,0.0,TONIC,6814425b5eb1
1777347900378,7742572674805,0.14604631,0.46447513,9.935937,-6.1086525E-4,6.1086525E-4,0.0,TONIC,6814425b5eb1
1777347900386,7742580700626,0.16998832,0.47644615,9.935937,0.0,6.1086525E-4,0.0,TONIC,6814425b5eb1
1777347900394,7742588695679,0.16998832,0.48841715,9.938332,0.0,6.1086525E-4,-0.0012217305,TONIC,6814425b5eb1
1777347900402,7742596690731,0.15322891,0.46208093,9.950302,-0.0030543262,-6.1086525E-4,6.1086525E-4,TONIC,6814425b5eb1
1777347900410,7742604686014,0.1388637,0.48602295,9.950302,-0.0018325958,-6.1086525E-4,0.0018325958,TONIC,6814425b5eb1
1777347900418,7742612683220,0.16280572,0.46447513,9.921572,-6.1086525E-4,-0.002443461,0.0,TONIC,6814425b5eb1
1777347900426,7742620677427,0.16519992,0.48362875,9.904813,-6.1086525E-4,0.0,-6.1086525E-4,TONIC,6814425b5eb1
1777347900434,7742628674325,0.16998832,0.48602295,9.916783,-0.0012217305,6.1086525E-4,6.1086525E-4,TONIC,6814425b5eb1
1777347900442,7742636698917,0.17238252,0.47405192,9.931149,-0.0012217305,-0.0012217305,-6.1086525E-4,TONIC,6814425b5eb1
1777347900450,7742644695507,0.1436521,0.48123455,9.957485,0.0,0.0012217305,-6.1086525E-4,TONIC,6814425b5eb1
1777347900458,7742652690560,0.16280572,0.48602295,9.935937,0.0012217305,6.1086525E-4,6.1086525E-4,TONIC,6814425b5eb1
1777347900466,7742660686766,0.1436521,0.47165772,9.928755,-6.1086525E-4,0.0,0.0,TONIC,6814425b5eb1
1777347900474,7742668683049,0.16280572,0.47644615,9.916783,-0.0012217305,-0.0012217305,0.0,TONIC,6814425b5eb1
1777347900482,7742676678179,0.1604115,0.49320555,9.928755,0.0,0.0,-0.0012217305,TONIC,6814425b5eb1
1777347900490,7742684672000,0.17477672,0.47165772,9.92636,0.0012217305,0.0030543262,-6.1086525E-4,TONIC,6814425b5eb1
1777347900498,7742692669207,0.15322891,0.47165772,9.94312,-6.1086525E-4,0.0018325958,-6.1086525E-4,TONIC,6814425b5eb1
1777347900506,7742700695875,0.15083471,0.46686932,9.950302,0.0,0.0012217305,0.0,TONIC,6814425b5eb1
1777347900514,7742708689466,0.16759412,0.47165772,9.94312,6.1086525E-4,-6.1086525E-4,-0.0012217305,TONIC,6814425b5eb1
1777347900522,7742716685441,0.18195933,0.49081135,9.938332,-6.1086525E-4,-0.0018325958,6.1086525E-4,TONIC,6814425b5eb1
1777347900530,7742724682955,0.15801731,0.47644615,9.933543,-6.1086525E-4,0.0,6.1086525E-4,TONIC,6814425b5eb1
1777347900538,7742732676161,0.15801731,0.48362875,9.945514,-0.0018325958,-0.0012217305,0.0,TONIC,6814425b5eb1
1777347900546,7742740671445,0.15562311,0.47884035,9.933543,-0.002443461,-0.0012217305,-6.1086525E-4,TONIC,6814425b5eb1
1777347900554,7742748669651,0.14604631,0.47884035,9.940725,-6.1086525E-4,6.1086525E-4,-0.0012217305,TONIC,6814425b5eb1
1777347900562,7742756696319,0.16759412,0.49320555,9.945514,-0.0018325958,0.0,0.002443461,TONIC,6814425b5eb1
1777347900570,7742764689602,0.1604115,0.46686932,9.935937,-6.1086525E-4,0.0018325958,-6.1086525E-4,TONIC,6814425b5eb1
1777347900578,7742772685193,0.17956513,0.48362875,9.933543,-0.0018325958,0.0,0.0,TONIC,6814425b5eb1
1777347900586,7742780680862,0.15322891,0.47884035,9.938332,0.0012217305,6.1086525E-4,6.1086525E-4,TONIC,6814425b5eb1
1777347900594,7742788677760,0.16759412,0.46208093,9.957485,-0.0012217305,0.0012217305,6.1086525E-4,TONIC,6814425b5eb1
1777347900602,7742796674043,0.14844051,0.46208093,9.945514,-0.0018325958,6.1086525E-4,0.0,TONIC,6814425b5eb1
1777347900610,7742804699018,0.15322891,0.47884035,9.9550905,0.0,6.1086525E-4,-6.1086525E-4,TONIC,6814425b5eb1
1777347900618,7742812695917,0.1604115,0.47644615,9.933543,-0.0012217305,0.0,6.1086525E-4,TONIC,6814425b5eb1
1777347900626,7742820690046,0.1412579,0.46686932,9.933543,0.0,6.1086525E-4,6.1086525E-4,TONIC,6814425b5eb1
1777347900634,7742828684407,0.15801731,0.48841715,9.931149,-0.0018325958,-0.0018325958,6.1086525E-4,TONIC,6814425b5eb1
1777347900642,7742836682536,0.1436521,0.49320555,9.935937,0.0,0.0,-6.1086525E-4,TONIC,6814425b5eb1
1777347900650,7742844676358,0.1604115,0.46926352,9.94312,-0.002443461,-6.1086525E-4,0.0,TONIC,6814425b5eb1
1777347900658,7742852671179,0.17238252,0.47405192,9.92636,-0.0012217305,-6.1086525E-4,6.1086525E-4,TONIC,6814425b5eb1
1777347900666,7742860669847,0.16280572,0.47884035,9.945514,-0.0018325958,0.0,0.0012217305,TONIC,6814425b5eb1
1777347900674,7742868694438,0.17238252,0.47644615,9.938332,-6.1086525E-4,-0.0018325958,0.0,TONIC,6814425b5eb1
1777347900682,7742876688568,0.18195933,0.49559975,9.94312,-0.0012217305,0.0,6.1086525E-4,TONIC,6814425b5eb1
1777347900690,7742884686390,0.15083471,0.47405192,9.94312,-6.1086525E-4,6.1086525E-4,6.1086525E-4,TONIC,6814425b5eb1
1777347900698,7742892681134,0.1604115,0.48123455,9.931149,-0.0018325958,-6.1086525E-4,0.0,TONIC,6814425b5eb1
1777347900706,7742900676802,0.15322891,0.48841715,9.931149,-6.1086525E-4,-6.1086525E-4,0.0,TONIC,6814425b5eb1
1777347900714,7742908673085,0.1604115,0.48362875,9.931149,-0.0018325958,6.1086525E-4,0.0012217305,TONIC,6814425b5eb1
1777347900722,7742916697754,0.16519992,0.47405192,9.940725,-0.002443461,0.0,0.0,TONIC,6814425b5eb1
1777347900730,7742924693652,0.14844051,0.47884035,9.945514,0.0,0.0012217305,0.0,TONIC,6814425b5eb1
1777347900738,7742932689320,0.1604115,0.49559975,9.940725,-0.0018325958,0.0,0.0,TONIC,6814425b5eb1
1777347900746,7742940685987,0.15562311,0.48841715,9.931149,-0.0012217305,0.0,-0.0012217305,TONIC,6814425b5eb1
1777347900754,7742948679809,0.16759412,0.49081135,9.935937,-6.1086525E-4,-0.0012217305,-6.1086525E-4,TONIC,6814425b5eb1
1777347900762,7742956676400,0.15083471,0.47165772,9.940725,0.0,0.0012217305,-6.1086525E-4,TONIC,6814425b5eb1
1777347900770,7742964671684,0.15562311,0.48841715,9.933543,-6.1086525E-4,0.0,0.0,TONIC,6814425b5eb1
1777347900778,7742972698197,0.15322891,0.47884035,9.940725,-0.0012217305,6.1086525E-4,-0.0012217305,TONIC,6814425b5eb1
1777347900786,7742980693788,0.16519992,0.46686932,9.919178,-6.1086525E-4,0.0012217305,0.0018325958,TONIC,6814425b5eb1
1777347900794,7742988688918,0.1412579,0.47644615,9.92636,0.0,6.1086525E-4,-6.1086525E-4,TONIC,6814425b5eb1
1777347900802,7742996683970,0.1436521,0.49081135,9.931149,0.0,0.0,6.1086525E-4,TONIC,6814425b5eb1
1777347900810,7743004680869,0.16759412,0.47165772,9.952697,0.0,0.0,0.0018325958,TONIC,6814425b5eb1
1777347900818,7743012675921,0.1604115,0.49081135,9.935937,-0.0018325958,0.0,-0.0012217305,TONIC,6814425b5eb1
1777347900826,7743020671820,0.14844051,0.46686932,9.947908,0.0,0.0012217305,-0.0018325958,TONIC,6814425b5eb1
1777347900834,7743028698642,0.15322891,0.47644615,9.94312,0.0012217305,-6.1086525E-4,0.0,TONIC,6814425b5eb1
1777347900842,7743036693618,0.1604115,0.46447513,9.94312,0.0,6.1086525E-4,0.0012217305,TONIC,6814425b5eb1
1777347900850,7743044688054,0.16998832,0.48123455,9.945514,0.0012217305,-0.0012217305,0.0012217305,TONIC,6814425b5eb1
1777347900858,7743052682184,0.1604115,0.48123455,9.950302,-0.002443461,0.0,-0.0012217305,TONIC,6814425b5eb1
1777347900866,7743060678159,0.16519992,0.47165772,9.928755,0.0,-0.0012217305,-6.1086525E-4,TONIC,6814425b5eb1
1777347900874,7743068674827,0.16280572,0.47644615,9.931149,-6.1086525E-4,0.0,6.1086525E-4,TONIC,6814425b5eb1
1777347900882,7743076670110,0.17477672,0.46447513,9.952697,0.0,6.1086525E-4,6.1086525E-4,TONIC,6814425b5eb1
1777347900890,7743084666394,0.14844051,0.47644615,9.947908,-0.0012217305,0.0,0.0,TONIC,6814425b5eb1
1777347900898,7743092692908,0.16998832,0.47644615,9.933543,-0.0012217305,6.1086525E-4,6.1086525E-4,TONIC,6814425b5eb1
1777347900906,7743100686960,0.17238252,0.46926352,9.933543,-6.1086525E-4,6.1086525E-4,0.0,TONIC,6814425b5eb1
1777347900914,7743108682321,0.15322891,0.47405192,9.950302,0.0,6.1086525E-4,0.0,TONIC,6814425b5eb1
1777347900922,7743116678604,0.16759412,0.47405192,9.938332,0.0,0.0,6.1086525E-4,TONIC,6814425b5eb1
1777347900930,7743124675195,0.15083471,0.47165772,9.952697,0.0,0.0012217305,-6.1086525E-4,TONIC,6814425b5eb1
1777347900938,7743132669093,0.15322891,0.47165772,9.947908,-0.002443461,0.0,0.0,TONIC,6814425b5eb1
1777347900946,7743140666223,0.15562311,0.46208093,9.952697,-6.1086525E-4,0.0012217305,6.1086525E-4,TONIC,6814425b5eb1
1777347900954,7743148692429,0.14844051,0.49320555,9.94312,-6.1086525E-4,0.0,0.0,TONIC,6814425b5eb1
1777347900962,7743156689559,0.16998832,0.46686932,9.952697,-0.002443461,-0.0012217305,-6.1086525E-4,TONIC,6814425b5eb1
1777347900970,7743164683687,0.16519992,0.47644615,9.950302,6.1086525E-4,0.0,0.0018325958,TONIC,6814425b5eb1
1777347900978,7743172680356,0.15801731,0.47644615,9.938332,-6.1086525E-4,6.1086525E-4,-0.0012217305,TONIC,6814425b5eb1
1777347900986,7743180672869,0.16519992,0.47165772,9.931149,-0.0012217305,6.1086525E-4,0.0,TONIC,6814425b5eb1
1777347900994,7743188671999,0.16280572,0.45968673,9.947908,0.0,-0.0018325958,0.0012217305,TONIC,6814425b5eb1
1777347901002,7743196696591,0.15322891,0.47644615,9.938332,0.0,-6.1086525E-4,-0.0018325958,TONIC,6814425b5eb1
1777347901010,7743204693181,0.1604115,0.48123455,9.938332,6.1086525E-4,0.0,-6.1086525E-4,TONIC,6814425b5eb1
1777347901018,7743212686080,0.16998832,0.47165772,9.938332,-0.0018325958,0.0,0.0,TONIC,6814425b5eb1
1777347901026,7743220681978,0.17477672,0.47884035,9.945514,-0.002443461,-6.1086525E-4,6.1086525E-4,TONIC,6814425b5eb1
1777347901034,7743228678646,0.1388637,0.47165772,9.921572,6.1086525E-4,0.0012217305,-0.0012217305,TONIC,6814425b5eb1
1777347901042,7743236673006,0.15562311,0.46447513,9.938332,6.1086525E-4,-6.1086525E-4,-6.1086525E-4,TONIC,6814425b5eb1
1777347901050,7743244669982,0.15083471,0.47165772,9.938332,-0.0012217305,0.0,0.0,TONIC,6814425b5eb1
1777347901058,7743252695419,0.1388637,0.47884035,9.921572,-0.0012217305,0.0012217305,-0.0012217305,TONIC,6814425b5eb1
1777347901066,7743260689625,0.15562311,0.46208093,9.928755,-0.0018325958,6.1086525E-4,0.0,TONIC,6814425b5eb1
1777347901074,7743268687062,0.1604115,0.49559975,9.938332,-0.0012217305,0.0,-0.0012217305,TONIC,6814425b5eb1
1777347901082,7743276681500,0.1604115,0.46447513,9.940725,0.0,0.0012217305,6.1086525E-4,TONIC,6814425b5eb1
1777347901090,7743284676859,0.1604115,0.46926352,9.940725,-6.1086525E-4,-6.1086525E-4,-6.1086525E-4,TONIC,6814425b5eb1
1777347901098,7743292672912,0.14844051,0.46447513,9.923966,-6.1086525E-4,6.1086525E-4,0.0012217305,TONIC,6814425b5eb1
1777347901106,7743300669734,0.15322891,0.48602295,9.931149,6.1086525E-4,6.1086525E-4,0.0,TONIC,6814425b5eb1
1777347901114,7743308693479,0.16280572,0.46686932,9.931149,0.0,0.0,6.1086525E-4,TONIC,6814425b5eb1
1777347901122,7743316691301,0.1604115,0.49320555,9.933543,0.0,-6.1086525E-4,0.0012217305,TONIC,6814425b5eb1
1777347901130,7743324686660,0.17238252,0.46926352,9.947908,-0.0012217305,0.0012217305,-6.1086525E-4,TONIC,6814425b5eb1
1777347901138,7743332684098,0.1604115,0.47405192,9.94312,-0.0012217305,0.0,-6.1086525E-4,TONIC,6814425b5eb1
1777347901146,7743340289074,0.1604115,0.46686932,9.945514,-0.0018325958,-6.1086525E-4,6.1086525E-4,TONIC,6814425b5eb1
1777347901154,7743348673280,0.15801731,0.47165772,9.933543,-0.0012217305,6.1086525E-4,6.1086525E-4,TONIC,6814425b5eb1
1777347901162,7743356667486,0.17238252,0.47644615,9.947908,0.0,-6.1086525E-4,0.0,TONIC,6814425b5eb1
1777347901170,7743364693923,0.16759412,0.48602295,9.933543,0.0,-6.1086525E-4,-6.1086525E-4,TONIC,6814425b5eb1
1777347901178,7743372690206,0.1604115,0.49081135,9.931149,-0.0012217305,0.0012217305,0.0012217305,TONIC,6814425b5eb1
1777347901186,7743380687028,0.14844051,0.47644615,9.935937,-0.0012217305,-0.0012217305,0.0012217305,TONIC,6814425b5eb1
1777347901194,7743388682157,0.18195933,0.47884035,9.952697,-6.1086525E-4,0.0,0.0,TONIC,6814425b5eb1
1777347901202,7743396677517,0.17717093,0.46686932,9.933543,-0.0018325958,-6.1086525E-4,0.0012217305,TONIC,6814425b5eb1
1777347901210,7743404672801,0.14604631,0.47405192,9.935937,-6.1086525E-4,-0.0018325958,0.0012217305,TONIC,6814425b5eb1
1777347901218,7743412667315,0.16519992,0.46447513,9.931149,-0.0018325958,-6.1086525E-4,-0.0012217305,TONIC,6814425b5eb1
1777347901226,7743420694598,0.15562311,0.48841715,9.945514,-0.0012217305,-6.1086525E-4,-6.1086525E-4,TONIC,6814425b5eb1
1777347901234,7743428690343,0.1436521,0.47165772,9.945514,0.0,0.0,6.1086525E-4,TONIC,6814425b5eb1
1777347901242,7743436684396,0.15562311,0.48362875,9.933543,0.0,0.0,-0.0012217305,TONIC,6814425b5eb1
1777347901250,7743444681371,0.15562311,0.47405192,9.952697,-6.1086525E-4,0.0018325958,-6.1086525E-4,TONIC,6814425b5eb1
1777347901258,7743452675116,0.15801731,0.46208093,9.933543,-6.1086525E-4,-6.1086525E-4,0.0012217305,TONIC,6814425b5eb1
1777347901266,7743460671168,0.15322891,0.47884035,9.94312,0.0012217305,0.0018325958,0.0012217305,TONIC,6814425b5eb1
1777347901274,7743468667067,0.15083471,0.47884035,9.928755,0.0,6.1086525E-4,0.0,TONIC,6814425b5eb1
1777347901282,7743476695734,0.15322891,0.46447513,9.92636,6.1086525E-4,0.0012217305,-0.0012217305,TONIC,6814425b5eb1
1777347901290,7743484689787,0.14844051,0.50038815,9.94312,0.0,6.1086525E-4,6.1086525E-4,TONIC,6814425b5eb1
1777347901298,7743492685839,0.16280572,0.47405192,9.945514,0.0,0.0018325958,6.1086525E-4,TONIC,6814425b5eb1
1777347901306,7743500682123,0.16759412,0.48362875,9.931149,0.0012217305,-6.1086525E-4,6.1086525E-4,TONIC,6814425b5eb1
1777347901314,7743508675253,0.15801731,0.47165772,9.938332,-0.0012217305,6.1086525E-4,-6.1086525E-4,TONIC,6814425b5eb1
1777347901322,7743516671612,0.15801731,0.47884035,9.938332,0.0018325958,0.0012217305,0.0,TONIC,6814425b5eb1
1777347901330,7743524699588,0.15562311,0.48123455,9.928755,6.1086525E-4,6.1086525E-4,0.0,TONIC,6814425b5eb1
1777347901338,7743532693640,0.16759412,0.47405192,9.92636,0.0018325958,0.0012217305,0.0018325958,TONIC,6814425b5eb1
1777347901346,7743540689385,0.16998832,0.46926352,9.94312,0.0,0.0012217305,-6.1086525E-4,TONIC,6814425b5eb1
1777347901354,7743548686514,0.17238252,0.47405192,9.952697,6.1086525E-4,-0.0012217305,-0.0012217305,TONIC,6814425b5eb1
1777347901362,7743556680413,0.15801731,0.47884035,9.94312,0.0,6.1086525E-4,0.0,TONIC,6814425b5eb1
1777347901370,7743564675158,0.15801731,0.47405192,9.933543,6.1086525E-4,0.0018325958,-6.1086525E-4,TONIC,6814425b5eb1
1777347901378,7743572672364,0.15322891,0.49559975,9.933543,0.0,0.0012217305,0.0018325958,TONIC,6814425b5eb1
1777347901386,7743580667340,0.15322891,0.47405192,9.933543,-0.0012217305,0.0012217305,-0.0012217305,TONIC,6814425b5eb1
1777347901394,7743588692546,0.16759412,0.47165772,9.935937,-0.0012217305,0.0,0.0,TONIC,6814425b5eb1
1777347901402,7743596688291,0.14604631,0.47884035,9.933543,-0.0012217305,0.0012217305,6.1086525E-4,TONIC,6814425b5eb1
1777347901410,7743604686036,0.1604115,0.49081135,9.935937,6.1086525E-4,-0.0012217305,-6.1086525E-4,TONIC,6814425b5eb1
1777347901418,7743612678627,0.15801731,0.46686932,9.947908,-6.1086525E-4,6.1086525E-4,0.0,TONIC,6814425b5eb1
1777347901426,7743620675910,0.1604115,0.47644615,9.945514,0.0,-6.1086525E-4,-6.1086525E-4,TONIC,6814425b5eb1
1777347901434,7743628669732,0.1412579,0.47405192,9.931149,-6.1086525E-4,0.0,0.0,TONIC,6814425b5eb1
1777347901442,7743636695861,0.15083471,0.47884035,9.938332,6.1086525E-4,6.1086525E-4,6.1086525E-4,TONIC,6814425b5eb1
1777347901450,7743644692452,0.1436521,0.47405192,9.938332,0.0012217305,0.0,-6.1086525E-4,TONIC,6814425b5eb1
1777347901458,7743652689043,0.1604115,0.48602295,9.935937,-6.1086525E-4,0.0,-6.1086525E-4,TONIC,6814425b5eb1
1777347901466,7743660682788,0.17238252,0.47405192,9.935937,0.0,0.002443461,0.0,TONIC,6814425b5eb1
1777347901474,7743668679455,0.14844051,0.48602295,9.945514,-6.1086525E-4,0.0,0.0,TONIC,6814425b5eb1
1777347901482,7743676675124,0.14844051,0.47884035,9.923966,6.1086525E-4,0.002443461,-6.1086525E-4,TONIC,6814425b5eb1
1777347901490,7743684672022,0.1436521,0.48602295,9.940725,-0.0012217305,0.0,6.1086525E-4,TONIC,6814425b5eb1
1777347901498,7743692665152,0.15562311,0.47884035,9.935937,-0.002443461,-6.1086525E-4,6.1086525E-4,TONIC,6814425b5eb1
1777347901506,7743700692280,0.15322891,0.47644615,9.950302,0.0,-6.1086525E-4,0.0,TONIC,6814425b5eb1
1777347901514,7743708688564,0.1436521,0.47405192,9.938332,-6.1086525E-4,0.0018325958,6.1086525E-4,TONIC,6814425b5eb1
1777347901522,7743716683617,0.16280572,0.47405192,9.947908,6.1086525E-4,6.1086525E-4,0.0,TONIC,6814425b5eb1
1777347901530,7743724681054,0.16280572,0.47165772,9.923966,0.0,6.1086525E-4,0.0,TONIC,6814425b5eb1
1777347901538,7743732673722,0.16759412,0.49081135,9.945514,0.0,0.0,0.0012217305,TONIC,6814425b5eb1
1777347901546,7743740670005,0.1436521,0.47644615,9.931149,0.0,0.002443461,0.0,TONIC,6814425b5eb1
1777347901554,7743748666596,0.15322891,0.47405192,9.935937,0.0012217305,0.0018325958,-6.1086525E-4,TONIC,6814425b5eb1
1777347901562,7743756691110,0.15562311,0.48602295,9.935937,0.0,0.0012217305,0.0012217305,TONIC,6814425b5eb1
1777347901570,7743764688624,0.14844051,0.47884035,9.94312,-0.0012217305,6.1086525E-4,-6.1086525E-4,TONIC,6814425b5eb1
1777347901578,7743772681830,0.15562311,0.49081135,9.935937,0.0,6.1086525E-4,0.0,TONIC,6814425b5eb1
1777347901586,7743780677806,0.1604115,0.49081135,9.938332,0.0,0.0,-6.1086525E-4,TONIC,6814425b5eb1
1777347901594,7743788673166,0.15562311,0.48841715,9.933543,0.0,0.0,0.0,TONIC,6814425b5eb1
1777347901602,7743796670065,0.14844051,0.48362875,9.94312,0.0,6.1086525E-4,0.0,TONIC,6814425b5eb1
1777347901610,7743804695040,0.16280572,0.47884035,9.938332,-6.1086525E-4,0.0,6.1086525E-4,TONIC,6814425b5eb1
1777347901618,7743812691016,0.16998832,0.47884035,9.940725,-6.1086525E-4,6.1086525E-4,0.0,TONIC,6814425b5eb1
1777347901626,7743820687299,0.15562311,0.49081135,9.938332,6.1086525E-4,6.1086525E-4,-6.1086525E-4,TONIC,6814425b5eb1
1777347901634,7743828682582,0.1604115,0.46447513,9.945514,6.1086525E-4,-0.0012217305,0.0012217305,TONIC,6814425b5eb1
1777347901642,7743836679173,0.15083471,0.47405192,9.940725,6.1086525E-4,0.0018325958,0.0,TONIC,6814425b5eb1
1777347901650,7743844673995,0.16280572,0.47884035,9.947908,0.0012217305,0.0,6.1086525E-4,TONIC,6814425b5eb1
1777347901658,7743852668663,0.14844051,0.48841715,9.947908,-6.1086525E-4,0.0,-6.1086525E-4,TONIC,6814425b5eb1
1777347901666,7743860696330,0.15322891,0.48123455,9.938332,0.0,0.0,0.0,TONIC,6814425b5eb1
1777347901674,7743868692076,0.17477672,0.48602295,9.919178,0.0,0.0012217305,0.0012217305,TONIC,6814425b5eb1
1777347901682,7743876686204,0.15083471,0.47884035,9.919178,0.0,6.1086525E-4,0.0,TONIC,6814425b5eb1
1777347901690,7743884682488,0.15083471,0.48123455,9.940725,-0.0012217305,-0.0012217305,-6.1086525E-4,TONIC,6814425b5eb1
1777347901698,7743892679309,0.16280572,0.47644615,9.931149,0.0,0.0012217305,0.0,TONIC,6814425b5eb1
1777347901706,7743900673439,0.16519992,0.49320555,9.92636,6.1086525E-4,6.1086525E-4,-6.1086525E-4,TONIC,6814425b5eb1
1777347901714,7743908667954,0.1604115,0.48123455,9.933543,-0.0012217305,6.1086525E-4,0.0,TONIC,6814425b5eb1
1777347901722,7743916695621,0.15801731,0.49081135,9.921572,0.0012217305,0.0012217305,-0.0012217305,TONIC,6814425b5eb1
1777347901730,7743924690982,0.15562311,0.48602295,9.945514,-6.1086525E-4,-6.1086525E-4,-0.0012217305,TONIC,6814425b5eb1
1777347901738,7743932684495,0.16280572,0.46926352,9.940725,0.0,0.0012217305,6.1086525E-4,TONIC,6814425b5eb1
1777347901746,7743940681010,0.15562311,0.46208093,9.921572,0.0,0.0,6.1086525E-4,TONIC,6814425b5eb1
1777347901754,7743948676369,0.17238252,0.47165772,9.933543,-6.1086525E-4,0.0,-6.1086525E-4,TONIC,6814425b5eb1
1777347901762,7743956673576,0.1604115,0.48123455,9.938332,0.0,0.0,6.1086525E-4,TONIC,6814425b5eb1
1777347901770,7743964670474,0.15322891,0.46447513,9.919178,0.0,6.1086525E-4,-6.1086525E-4,TONIC,6814425b5eb1
1777347901778,7743972693527,0.15562311,0.47644615,9.921572,-6.1086525E-4,0.0,6.1086525E-4,TONIC,6814425b5eb1
1777347901786,7743980689502,0.1604115,0.47405192,9.931149,0.0,0.0,0.0,TONIC,6814425b5eb1
1777347901794,7743988684940,0.17956513,0.48123455,9.928755,6.1086525E-4,6.1086525E-4,0.0018325958,TONIC,6814425b5eb1
1777347901802,7743996680607,0.14604631,0.46686932,9.909601,-0.0012217305,0.0012217305,0.0,TONIC,6814425b5eb1
1777347901810,7744004677506,0.16280572,0.46447513,9.92636,0.0,0.0012217305,-0.0018325958,TONIC,6814425b5eb1
1777347901818,7744012671636,0.16280572,0.47405192,9.921572,-6.1086525E-4,0.0012217305,0.0,TONIC,6814425b5eb1
1777347901826,7744020667226,0.16759412,0.47644615,9.921572,6.1086525E-4,0.0012217305,0.0012217305,TONIC,6814425b5eb1
1777347901834,7744028694048,0.15083471,0.46447513,9.931149,-6.1086525E-4,0.0012217305,0.0,TONIC,6814425b5eb1
1777347901842,7744036690562,0.17238252,0.48602295,9.92636,6.1086525E-4,6.1086525E-4,0.0012217305,TONIC,6814425b5eb1
1777347901850,7744044686307,0.18195933,0.48362875,9.916783,-0.0012217305,-6.1086525E-4,0.0012217305,TONIC,6814425b5eb1
1777347901858,7744052682590,0.1364695,0.48123455,9.921572,-6.1086525E-4,0.0,6.1086525E-4,TONIC,6814425b5eb1
1777347901866,7744060675720,0.1604115,0.47165772,9.907207,-0.0012217305,0.0012217305,0.0,TONIC,6814425b5eb1
1777347901874,7744068671387,0.15801731,0.46686932,9.91439,0.0,0.0,0.0,TONIC,6814425b5eb1
1777347901882,7744076667055,0.1604115,0.47165772,9.923966,6.1086525E-4,0.0012217305,0.0,TONIC,6814425b5eb1
1777347901890,7744084662415,0.15801731,0.46447513,9.91439,0.0,6.1086525E-4,0.0012217305,TONIC,6814425b5eb1
1777347901898,7744092690083,0.16519992,0.46686932,9.923966,0.0012217305,0.0012217305,0.0012217305,TONIC,6814425b5eb1
1777347901906,7744100686982,0.16519992,0.48123455,9.923966,-0.0012217305,0.0012217305,6.1086525E-4,TONIC,6814425b5eb1
1777347901914,7744108679342,0.16998832,0.47884035,9.923966,-6.1086525E-4,-0.0018325958,0.0012217305,TONIC,6814425b5eb1
1777347901922,7744116674395,0.16280572,0.47644615,9.916783,0.0,6.1086525E-4,-6.1086525E-4,TONIC,6814425b5eb1
1777347901930,7744124670370,0.1436521,0.49081135,9.933543,6.1086525E-4,0.0018325958,0.0,TONIC,6814425b5eb1
1777347901938,7744132667500,0.17717093,0.49081135,9.92636,-6.1086525E-4,0.0018325958,0.0,TONIC,6814425b5eb1
1777347901946,7744140693013,0.1412579,0.48841715,9.904813,-0.0012217305,-0.0012217305,6.1086525E-4,TONIC,6814425b5eb1
1777347901954,7744148687836,0.15322891,0.47405192,9.921572,0.0,-6.1086525E-4,0.0,TONIC,6814425b5eb1
1777347901962,7744156685041,0.1604115,0.48841715,9.928755,0.0012217305,-6.1086525E-4,6.1086525E-4,TONIC,6814425b5eb1
1777347901970,7744164680402,0.15562311,0.47644615,9.909601,-0.0012217305,-0.0012217305,0.0,TONIC,6814425b5eb1
1777347901978,7744172675377,0.15322891,0.47884035,9.923966,-0.0012217305,6.1086525E-4,-6.1086525E-4,TONIC,6814425b5eb1
1777347901986,7744180671045,0.16519992,0.47644615,9.921572,0.0,0.0012217305,-0.0030543262,TONIC,6814425b5eb1
1777347901994,7744188666174,0.16519992,0.50038815,9.91439,0.0,-6.1086525E-4,0.0,TONIC,6814425b5eb1
1777347902002,7744196691920,0.1604115,0.47884035,9.919178,6.1086525E-4,6.1086525E-4,-6.1086525E-4,TONIC,6814425b5eb1
1777347902010,7744204687587,0.17956513,0.47884035,9.921572,0.0,0.0,6.1086525E-4,TONIC,6814425b5eb1
1777347902018,7744212684255,0.1604115,0.47884035,9.907207,0.0,6.1086525E-4,0.0012217305,TONIC,6814425b5eb1
1777347902026,7744220681385,0.1436521,0.49081135,9.923966,0.0,6.1086525E-4,-6.1086525E-4,TONIC,6814425b5eb1
1777347902034,7744228675514,0.16998832,0.48362875,9.91439,6.1086525E-4,6.1086525E-4,0.0,TONIC,6814425b5eb1
1777347902042,7744236669644,0.1436521,0.48362875,9.916783,-0.0012217305,-6.1086525E-4,0.002443461,TONIC,6814425b5eb1
1777347902050,7744244666926,0.17956513,0.45489833,9.919178,0.0,0.002443461,6.1086525E-4,TONIC,6814425b5eb1
1777347902058,7744252692056,0.15562311,0.48841715,9.904813,-6.1086525E-4,6.1086525E-4,-6.1086525E-4,TONIC,6814425b5eb1
1777347902066,7744260689878,0.1604115,0.48602295,9.931149,6.1086525E-4,-6.1086525E-4,-6.1086525E-4,TONIC,6814425b5eb1
1777347902074,7744268681930,0.1604115,0.46686932,9.933543,-0.0018325958,6.1086525E-4,0.0,TONIC,6814425b5eb1
1777347902082,7744276678521,0.16280572,0.47884035,9.935937,-6.1086525E-4,0.0012217305,-6.1086525E-4,TONIC,6814425b5eb1
1777347902090,7744284675035,0.1388637,0.47884035,9.921572,-0.0012217305,6.1086525E-4,0.0,TONIC,6814425b5eb1
1777347902098,7744292670780,0.15322891,0.47884035,9.923966,6.1086525E-4,-6.1086525E-4,-6.1086525E-4,TONIC,6814425b5eb1
1777347902106,7744300666371,0.17717093,0.48841715,9.923966,0.0012217305,6.1086525E-4,0.0,TONIC,6814425b5eb1
1777347902114,7744308692577,0.15322891,0.46686932,9.921572,0.0,0.0,6.1086525E-4,TONIC,6814425b5eb1
1777347902122,7744316685784,0.15083471,0.47644615,9.933543,0.0,0.0,-6.1086525E-4,TONIC,6814425b5eb1
1777347902130,7744324683913,0.15322891,0.48123455,9.916783,-6.1086525E-4,-6.1086525E-4,6.1086525E-4,TONIC,6814425b5eb1
1777347902138,7744332679196,0.16998832,0.47884035,9.921572,-0.0018325958,-0.0012217305,0.0,TONIC,6814425b5eb1
1777347902146,7744340674634,0.15562311,0.47644615,9.921572,0.0012217305,-0.0018325958,-6.1086525E-4,TONIC,6814425b5eb1
1777347902154,7744348668763,0.16280572,0.47165772,9.933543,0.0012217305,0.002443461,0.0,TONIC,6814425b5eb1
1777347902162,7744356663431,0.15562311,0.49799395,9.923966,6.1086525E-4,-6.1086525E-4,0.0,TONIC,6814425b5eb1
1777347902170,7744364692637,0.15562311,0.49559975,9.91439,0.0,0.0,0.0,TONIC,6814425b5eb1
1777347902178,7744372689228,0.15083471,0.47644615,9.919178,0.0,0.0012217305,-6.1086525E-4,TONIC,6814425b5eb1
1777347902186,7744380683357,0.1604115,0.46686932,9.931149,-0.0012217305,6.1086525E-4,0.0,TONIC,6814425b5eb1
1777347902194,7744388677256,0.1604115,0.48841715,9.928755,-0.0012217305,-0.002443461,6.1086525E-4,TONIC,6814425b5eb1
1777347902202,7744396672539,0.15562311,0.48362875,9.92636,0.0,0.0012217305,6.1086525E-4,TONIC,6814425b5eb1
1777347902210,7744404671899,0.1604115,0.47644615,9.921572,0.0,6.1086525E-4,0.0,TONIC,6814425b5eb1
1777347902218,7744412664183,0.16519992,0.48602295,9.935937,-0.0012217305,-0.0012217305,-6.1086525E-4,TONIC,6814425b5eb1
1777347902226,7744420690004,0.15801731,0.47405192,9.931149,-0.0012217305,0.0,0.0,TONIC,6814425b5eb1
1777347902234,7744428685365,0.15322891,0.47405192,9.923966,0.0018325958,0.0018325958,-6.1086525E-4,TONIC,6814425b5eb1
1777347902242,7744436680109,0.15322891,0.47644615,9.919178,6.1086525E-4,0.002443461,0.0,TONIC,6814425b5eb1
1777347902250,7744444678547,0.15562311,0.46208093,9.904813,0.0,-6.1086525E-4,6.1086525E-4,TONIC,6814425b5eb1
1777347902258,7744452672368,0.15083471,0.47884035,9.92636,0.0,0.0012217305,-6.1086525E-4,TONIC,6814425b5eb1
1777347902266,7744460668959,0.16280572,0.48123455,9.909601,6.1086525E-4,-6.1086525E-4,-0.0012217305,TONIC,6814425b5eb1
1777347902274,7744468664704,0.14844051,0.47884035,9.931149,0.0,0.0012217305,0.0012217305,TONIC,6814425b5eb1
1777347902282,7744476690833,0.15322891,0.46447513,9.933543,-6.1086525E-4,-0.0012217305,-6.1086525E-4,TONIC,6814425b5eb1
1777347902290,7744484686193,0.1604115,0.46926352,9.916783,-0.0012217305,0.0012217305,-6.1086525E-4,TONIC,6814425b5eb1
1777347902298,7744492680554,0.14844051,0.48123455,9.904813,-6.1086525E-4,0.0018325958,0.0,TONIC,6814425b5eb1
1777347902306,7744500677759,0.16759412,0.48362875,9.92636,-0.0012217305,0.0,6.1086525E-4,TONIC,6814425b5eb1
1777347902314,7744508672582,0.15562311,0.46686932,9.919178,0.0,6.1086525E-4,-0.0012217305,TONIC,6814425b5eb1
1777347902322,7744516669404,0.15801731,0.46208093,9.919178,0.0,0.0012217305,-6.1086525E-4,TONIC,6814425b5eb1
1777347902330,7744524664456,0.15801731,0.47884035,9.931149,-0.0012217305,6.1086525E-4,0.0,TONIC,6814425b5eb1
1777347902338,7744532688816,0.15562311,0.45250413,9.919178,-0.0018325958,6.1086525E-4,0.0,TONIC,6814425b5eb1
1777347902346,7744540686253,0.15562311,0.48602295,9.935937,-6.1086525E-4,-6.1086525E-4,6.1086525E-4,TONIC,6814425b5eb1
1777347902354,7744548680152,0.16280572,0.47644615,9.91439,-6.1086525E-4,-0.0012217305,-6.1086525E-4,TONIC,6814425b5eb1
1777347902362,7744556675742,0.16280572,0.47884035,9.931149,-6.1086525E-4,0.0012217305,0.0,TONIC,6814425b5eb1
1777347902370,7744564673026,0.16280572,0.48362875,9.935937,-6.1086525E-4,0.0,6.1086525E-4,TONIC,6814425b5eb1
1777347902378,7744572667155,0.14604631,0.46926352,9.931149,0.0,6.1086525E-4,6.1086525E-4,TONIC,6814425b5eb1
1777347902386,7744580695131,0.16519992,0.48602295,9.921572,0.0012217305,0.0036651916,0.002443461,TONIC,6814425b5eb1
1777347902394,7744588688337,0.15801731,0.48123455,9.935937,6.1086525E-4,-0.0018325958,0.0012217305,TONIC,6814425b5eb1
1777347902402,7744596684005,0.16998832,0.48362875,9.928755,0.0,6.1086525E-4,-0.0012217305,TONIC,6814425b5eb1
1777347902410,7744604681211,0.15801731,0.47405192,9.938332,0.0012217305,0.0,0.0018325958,TONIC,6814425b5eb1
1777347902418,7744612676879,0.15562311,0.47644615,9.933543,-6.1086525E-4,0.0,-6.1086525E-4,TONIC,6814425b5eb1
1777347902426,7744620674009,0.15322891,0.47884035,9.938332,-6.1086525E-4,-0.0018325958,0.0,TONIC,6814425b5eb1
1777347902434,7744628668138,0.15083471,0.47884035,9.923966,0.0,6.1086525E-4,6.1086525E-4,TONIC,6814425b5eb1
1777347902442,7744636662960,0.16280572,0.47644615,9.92636,-0.0012217305,-6.1086525E-4,-6.1086525E-4,TONIC,6814425b5eb1
1777347902450,7744644690243,0.14604631,0.48123455,9.933543,6.1086525E-4,6.1086525E-4,-6.1086525E-4,TONIC,6814425b5eb1
1777347902458,7744652684757,0.15801731,0.48123455,9.928755,6.1086525E-4,-6.1086525E-4,0.0012217305,TONIC,6814425b5eb1
1777347902466,7744660679809,0.15562311,0.48123455,9.935937,0.0018325958,0.0,-6.1086525E-4,TONIC,6814425b5eb1
1777347902474,7744668677016,0.16280572,0.47884035,9.921572,0.0018325958,-0.0012217305,-6.1086525E-4,TONIC,6814425b5eb1
1777347902482,7744676672376,0.16519992,0.49559975,9.935937,-6.1086525E-4,-6.1086525E-4,6.1086525E-4,TONIC,6814425b5eb1
1777347902490,7744684665890,0.15322891,0.47165772,9.94312,-0.0012217305,-0.0012217305,0.0,TONIC,6814425b5eb1
1777347902498,7744692660634,0.15562311,0.46926352,9.916783,0.0,-6.1086525E-4,0.0,TONIC,6814425b5eb1
1777347902506,7744700689457,0.15322891,0.46686932,9.92636,-0.0018325958,-0.0012217305,0.0,TONIC,6814425b5eb1
1777347902514,7744708684816,0.16759412,0.46686932,9.945514,6.1086525E-4,0.0,-6.1086525E-4,TONIC,6814425b5eb1
1777347902522,7744716678946,0.17238252,0.46926352,9.940725,0.0012217305,0.0,0.0012217305,TONIC,6814425b5eb1
1777347902530,7744724674614,0.17477672,0.47644615,9.931149,6.1086525E-4,0.0018325958,-0.0018325958,TONIC,6814425b5eb1
1777347902538,7744732670666,0.15562311,0.48362875,9.938332,0.0,0.0012217305,0.0,TONIC,6814425b5eb1
1777347902546,7744740667181,0.15801731,0.48362875,9.935937,-6.1086525E-4,-6.1086525E-4,0.0,TONIC,6814425b5eb1
1777347902554,7744748663156,0.16519992,0.46926352,9.928755,0.0018325958,6.1086525E-4,0.0,TONIC,6814425b5eb1
1777347902562,7744756687824,0.16759412,0.48602295,9.933543,6.1086525E-4,0.0,-6.1086525E-4,TONIC,6814425b5eb1
1777347902570,7744764685030,0.17477672,0.47644615,9.92636,-6.1086525E-4,0.0,0.0,TONIC,6814425b5eb1
1777347902578,7744772680698,0.1604115,0.46686932,9.923966,0.0,0.0,6.1086525E-4,TONIC,6814425b5eb1
1777347902586,7744780674750,0.15322891,0.48841715,9.928755,-6.1086525E-4,6.1086525E-4,-6.1086525E-4,TONIC,6814425b5eb1
1777347902594,7744788670188,0.15083471,0.48602295,9.919178,0.0,-0.0012217305,6.1086525E-4,TONIC,6814425b5eb1
1777347902602,7744796664932,0.14844051,0.48362875,9.940725,-0.0018325958,-6.1086525E-4,0.0,TONIC,6814425b5eb1
1777347902610,7744804662370,0.15322891,0.46447513,9.909601,-6.1086525E-4,6.1086525E-4,-0.0012217305,TONIC,6814425b5eb1
1777347902618,7744812687652,0.16998832,0.47405192,9.919178,0.0,6.1086525E-4,0.0,TONIC,6814425b5eb1
1777347902626,7744820682398,0.1604115,0.49320555,9.938332,0.0,0.0,0.0,TONIC,6814425b5eb1
1777347902634,7744828679527,0.17238252,0.47884035,9.928755,0.0,-6.1086525E-4,6.1086525E-4,TONIC,6814425b5eb1
1777347902642,7744836673656,0.15322891,0.46926352,9.931149,-6.1086525E-4,6.1086525E-4,0.0,TONIC,6814425b5eb1
1777347902650,7744844670248,0.17238252,0.46447513,9.945514,-6.1086525E-4,0.0,6.1086525E-4,TONIC,6814425b5eb1
1777347902658,7744852665607,0.16280572,0.48602295,9.950302,0.0,0.0018325958,0.0,TONIC,6814425b5eb1
1777347902666,7744860661353,0.1436521,0.48123455,9.931149,6.1086525E-4,6.1086525E-4,0.0018325958,TONIC,6814425b5eb1
1777347902674,7744868687405,0.15562311,0.48123455,9.933543,0.0,0.0012217305,-6.1086525E-4,TONIC,6814425b5eb1
1777347902682,7744876684073,0.15801731,0.48602295,9.952697,0.0,0.0,6.1086525E-4,TONIC,6814425b5eb1
1777347902690,7744884679356,0.17717093,0.48602295,9.923966,6.1086525E-4,-6.1086525E-4,0.0,TONIC,6814425b5eb1
1777347902698,7744892673793,0.1412579,0.48362875,9.938332,-0.0018325958,-0.0012217305,0.0,TONIC,6814425b5eb1
1777347902706,7744900670768,0.17717093,0.46926352,9.938332,6.1086525E-4,0.0012217305,-0.0012217305,TONIC,6814425b5eb1
1777347902714,7744908666129,0.15562311,0.48362875,9.940725,-6.1086525E-4,-6.1086525E-4,-0.0012217305,TONIC,6814425b5eb1
1777347902722,7744916660797,0.17477672,0.47884035,9.940725,6.1086525E-4,-6.1086525E-4,-6.1086525E-4,TONIC,6814425b5eb1
1777347902730,7744924687541,0.17477672,0.48841715,9.928755,0.0012217305,6.1086525E-4,-0.0012217305,TONIC,6814425b5eb1
1777347902738,7744932682287,0.1604115,0.49320555,9.950302,0.0,-6.1086525E-4,0.0,TONIC,6814425b5eb1
1777347902746,7744940680416,0.1436521,0.48602295,9.945514,0.0,-6.1086525E-4,6.1086525E-4,TONIC,6814425b5eb1
1777347902754,7744948675161,0.17717093,0.47884035,9.947908,0.0,6.1086525E-4,-6.1086525E-4,TONIC,6814425b5eb1
1777347902762,7744956670520,0.15083471,0.46447513,9.928755,-6.1086525E-4,0.002443461,0.0,TONIC,6814425b5eb1
1777347902770,7744964665650,0.14604631,0.48123455,9.911995,0.0,0.0012217305,0.0012217305,TONIC,6814425b5eb1
1777347902778,7744972690548,0.16759412,0.45968673,9.921572,0.0012217305,-0.0012217305,-0.002443461,TONIC,6814425b5eb1
1777347902786,7744980686447,0.15562311,0.46926352,9.923966,0.0,6.1086525E-4,-6.1086525E-4,TONIC,6814425b5eb1
1777347902794,7744988681192,0.16759412,0.47405192,9.940725,-0.0018325958,-0.002443461,6.1086525E-4,TONIC,6814425b5eb1
1777347902802,7744996677168,0.16519992,0.47405192,9.933543,0.0018325958,0.0,0.0,TONIC,6814425b5eb1
1777347902810,7745004674450,0.15801731,0.47644615,9.938332,0.0,-6.1086525E-4,6.1086525E-4,TONIC,6814425b5eb1
1777347902818,7745012670042,0.15083471,0.48362875,9.935937,6.1086525E-4,0.0,6.1086525E-4,TONIC,6814425b5eb1
1777347902826,7745020665095,0.14604631,0.48123455,9.940725,0.0,0.0,-0.0018325958,TONIC,6814425b5eb1
1777347902834,7745028690685,0.15801731,0.47165772,9.928755,0.0,0.0,0.0,TONIC,6814425b5eb1
1777347902842,7745036685738,0.1604115,0.47405192,9.933543,6.1086525E-4,-6.1086525E-4,0.0,TONIC,6814425b5eb1
1777347902850,7745044684098,0.15562311,0.48602295,9.928755,-6.1086525E-4,-6.1086525E-4,0.0,TONIC,6814425b5eb1
1777347902858,7745052677612,0.1604115,0.49559975,9.94312,6.1086525E-4,-0.0012217305,0.0,TONIC,6814425b5eb1
1777347902866,7745060675433,0.16519992,0.47884035,9.933543,-0.0018325958,0.0012217305,6.1086525E-4,TONIC,6814425b5eb1
1777347902874,7745068667794,0.15322891,0.47644615,9.923966,0.0,6.1086525E-4,0.0018325958,TONIC,6814425b5eb1
1777347902882,7745076665538,0.1604115,0.46686932,9.945514,-0.0012217305,-0.0018325958,-6.1086525E-4,TONIC,6814425b5eb1
1777347902890,7745084691360,0.1604115,0.48123455,9.935937,0.0012217305,0.0018325958,-0.0018325958,TONIC,6814425b5eb1
1777347902898,7745092685489,0.16280572,0.46447513,9.92636,0.0018325958,0.002443461,6.1086525E-4,TONIC,6814425b5eb1
1777347902906,7745100681465,0.17238252,0.47644615,9.947908,-0.0012217305,0.0012217305,-6.1086525E-4,TONIC,6814425b5eb1
1777347902914,7745108676825,0.16519992,0.47884035,9.938332,6.1086525E-4,-0.002443461,0.0,TONIC,6814425b5eb1
1777347902922,7745116671878,0.17238252,0.46686932,9.952697,-6.1086525E-4,6.1086525E-4,6.1086525E-4,TONIC,6814425b5eb1
1777347902930,7745124670931,0.15562311,0.47644615,9.940725,-6.1086525E-4,-6.1086525E-4,0.0012217305,TONIC,6814425b5eb1
1777347902938,7745132665060,0.15801731,0.50038815,9.931149,-6.1086525E-4,0.0,0.0012217305,TONIC,6814425b5eb1
1777347902946,7745140660113,0.17238252,0.48123455,9.945514,-0.0012217305,0.002443461,-6.1086525E-4,TONIC,6814425b5eb1
1777347902954,7745148685626,0.1436521,0.46686932,9.923966,-6.1086525E-4,-6.1086525E-4,-0.0012217305,TONIC,6814425b5eb1
1777347902962,7745156681371,0.15322891,0.48123455,9.940725,0.0012217305,-6.1086525E-4,0.0,TONIC,6814425b5eb1
1777347902970,7745164677346,0.16280572,0.50278234,9.931149,6.1086525E-4,-6.1086525E-4,-6.1086525E-4,TONIC,6814425b5eb1
# SUMMARY,duration_ms=11012,accN=1372,gyroN=1373,accAvg=(0.1397065550167624,0.44973996925675486,9.937151712856904),gyroAvg=(1.9576164207184513E-4,2.59384181757796E-4,2.482613329965559E-4)
