# epoch_ms,event_ts_ns,AX,AY,AZ,GX,GY,GZ,label,sessionID
1777350116681,9958875614569,0.23942018,0.45489833,9.945514,NaN,NaN,NaN,TREMOR,49fd21027e7c
1777350116690,9958884343880,0.21068975,0.47644615,9.94312,0.0,-6.1086525E-4,0.0,TREMOR,49fd21027e7c
1777350116698,9958892341729,0.2633622,0.48602295,9.940725,0.0,-6.1086525E-4,0.0,TREMOR,49fd21027e7c
1777350116706,9958900336115,0.2633622,0.48602295,9.940725,0.0,-6.1086525E-4,0.0,TREMOR,49fd21027e7c
1777350116714,9958908329965,0.2801216,0.46686932,9.945514,0.0,-6.1086525E-4,0.0,TREMOR,49fd21027e7c
1777350116722,9958916325660,0.260968,0.46926352,9.91439,0.0,-6.1086525E-4,0.0,TREMOR,49fd21027e7c
1777350116730,9958924323585,0.2705448,0.48123455,9.888053,0.0,-6.1086525E-4,0.0,TREMOR,49fd21027e7c
1777350116738,9958932317742,0.2825158,0.47165772,9.890448,0.0,-6.1086525E-4,0.0,TREMOR,49fd21027e7c
1777350116746,9958940343514,0.260968,0.47644615,9.911995,0.0,-6.1086525E-4,0.0,TREMOR,49fd21027e7c
1777350116754,9958948340132,0.2681506,0.48841715,9.94312,0.0,-6.1086525E-4,0.0,TREMOR,49fd21027e7c
1777350116762,9958956335904,0.2873042,0.47165772,9.952697,0.0,-6.1086525E-4,0.0,TREMOR,49fd21027e7c
1777350116770,9958964329445,0.25378537,0.45968673,9.904813,0.0,-6.1086525E-4,0.0,TREMOR,49fd21027e7c
1777350116778,9958972326910,0.21547815,0.45729253,9.904813,0.0,-6.1086525E-4,0.0,TREMOR,49fd21027e7c
1777350116786,9958980322066,0.25378537,0.45729253,9.923966,0.0,-6.1086525E-4,0.0,TREMOR,49fd21027e7c
1777350116794,9958988318299,0.25139117,0.47884035,9.952697,-0.0030543262,-0.0036651916,6.1086525E-4,TREMOR,49fd21027e7c
1777350116802,9958996342379,0.25617957,0.47405192,9.974244,-0.0018325958,-0.0012217305,-6.1086525E-4,TREMOR,49fd21027e7c
1777350116810,9959004337689,0.22505496,0.44771573,9.92636,0.0012217305,0.0018325958,0.0,TREMOR,49fd21027e7c
1777350116818,9959012336846,0.22505496,0.45729253,9.907207,0.0012217305,0.0036651916,-0.002443461,TREMOR,49fd21027e7c
1777350116826,9959020330080,0.22266077,0.48362875,9.890448,0.0012217305,-0.0012217305,-0.002443461,TREMOR,49fd21027e7c
1777350116834,9959028326006,0.2633622,0.49799395,9.909601,0.0012217305,-0.002443461,6.1086525E-4,TREMOR,49fd21027e7c
1777350116842,9959036320239,0.272939,0.48362875,9.969456,-0.002443461,-6.1086525E-4,0.0,TREMOR,49fd21027e7c
1777350116850,9959044318011,0.2681506,0.48841715,9.969456,-0.002443461,0.0018325958,0.0012217305,TREMOR,49fd21027e7c
1777350116858,9959052344475,0.2873042,0.49559975,9.950302,0.0012217305,0.0030543262,-6.1086525E-4,TREMOR,49fd21027e7c
1777350116866,9959060338631,0.2633622,0.47884035,9.892841,0.002443461,-0.0012217305,0.0012217305,TREMOR,49fd21027e7c
1777350116874,9959068334711,0.25378537,0.50278234,9.895236,0.0012217305,-0.0018325958,6.1086525E-4,TREMOR,49fd21027e7c
1777350116882,9959076330637,0.2753332,0.48123455,9.928755,-0.0012217305,0.0012217305,0.0,TREMOR,49fd21027e7c
1777350116890,9959084326717,0.25857377,0.46208093,9.969456,-0.002443461,0.002443461,0.0012217305,TREMOR,49fd21027e7c
1777350116898,9959092321181,0.25378537,0.45489833,9.935937,6.1086525E-4,0.002443461,0.0,TREMOR,49fd21027e7c
1777350116906,9959100347568,0.23463176,0.46926352,9.856929,0.0036651916,0.0012217305,0.0,TREMOR,49fd21027e7c
1777350116914,9959108342725,0.260968,0.48841715,9.888053,0.0012217305,6.1086525E-4,0.0012217305,TREMOR,49fd21027e7c
1777350116922,9959116339343,0.260968,0.45250413,9.940725,-0.0018325958,6.1086525E-4,0.0,TREMOR,49fd21027e7c
1777350116930,9959124334653,0.2801216,0.4261679,9.976639,-0.0030543262,0.0018325958,6.1086525E-4,TREMOR,49fd21027e7c
1777350116938,9959132330656,0.24181437,0.46686932,9.964667,0.0012217305,0.002443461,0.0012217305,TREMOR,49fd21027e7c
1777350116946,9959140323967,0.22266077,0.48123455,9.91439,0.0030543262,0.0,-6.1086525E-4,TREMOR,49fd21027e7c
1777350116954,9959148321738,0.24420857,0.49320555,9.916783,6.1086525E-4,6.1086525E-4,-6.1086525E-4,TREMOR,49fd21027e7c
1777350116962,9959156316588,0.24181437,0.48841715,9.921572,-0.0012217305,-6.1086525E-4,-6.1086525E-4,TREMOR,49fd21027e7c
1777350116970,9959164343975,0.25857377,0.48841715,9.9790325,-0.0036651916,0.0,0.0,TREMOR,49fd21027e7c
1777350116978,9959172338439,0.2705448,0.49320555,9.945514,-0.0030543262,6.1086525E-4,0.0012217305,TREMOR,49fd21027e7c
1777350116986,9959180333134,0.2753332,0.47405192,9.911995,6.1086525E-4,-0.0018325958,6.1086525E-4,TREMOR,49fd21027e7c
1777350116994,9959188329445,0.2801216,0.48123455,9.890448,-6.1086525E-4,-0.0018325958,-6.1086525E-4,TREMOR,49fd21027e7c
1777350117002,9959196323908,0.260968,0.48123455,9.907207,-0.0018325958,6.1086525E-4,-6.1086525E-4,TREMOR,49fd21027e7c
1777350117010,9959204320219,0.2657564,0.46686932,9.959879,-0.0036651916,0.0018325958,0.0012217305,TREMOR,49fd21027e7c
1777350117018,9959212316530,0.2753332,0.45010993,9.967062,-0.002443461,6.1086525E-4,0.0012217305,TREMOR,49fd21027e7c
1777350117026,9959220344302,0.24420857,0.45729253,9.933543,-6.1086525E-4,0.0018325958,0.0,TREMOR,49fd21027e7c
1777350117034,9959228338766,0.260968,0.46447513,9.892841,6.1086525E-4,-0.0018325958,0.0012217305,TREMOR,49fd21027e7c
1777350117042,9959236333153,0.24660277,0.46686932,9.900024,-0.0012217305,0.0,-6.1086525E-4,TREMOR,49fd21027e7c
1777350117050,9959244328310,0.2657564,0.47165772,9.919178,-0.0018325958,0.002443461,-6.1086525E-4,TREMOR,49fd21027e7c
1777350117058,9959252325851,0.24420857,0.46686932,9.952697,-0.0012217305,0.0012217305,6.1086525E-4,TREMOR,49fd21027e7c
1777350117066,9959260322392,0.25857377,0.46208093,9.962274,-0.0012217305,0.002443461,-0.0012217305,TREMOR,49fd21027e7c
1777350117074,9959268316241,0.23463176,0.46926352,9.935937,6.1086525E-4,0.0,0.0012217305,TREMOR,49fd21027e7c
1777350117082,9959276343321,0.260968,0.45489833,9.892841,0.0018325958,-6.1086525E-4,-6.1086525E-4,TREMOR,49fd21027e7c
1777350117090,9959284339939,0.23942018,0.47644615,9.885659,6.1086525E-4,6.1086525E-4,0.0,TREMOR,49fd21027e7c
1777350117098,9959292336249,0.2633622,0.47165772,9.921572,6.1086525E-4,0.0012217305,0.0,TREMOR,49fd21027e7c
1777350117106,9959300328022,0.2657564,0.47884035,9.981427,-0.002443461,6.1086525E-4,0.0,TREMOR,49fd21027e7c
1777350117114,9959308325254,0.25139117,0.48602295,10.012551,-0.0036651916,6.1086525E-4,-6.1086525E-4,TREMOR,49fd21027e7c
1777350117122,9959316322796,0.2825158,0.45968673,9.967062,-0.0018325958,-0.0012217305,0.0012217305,TREMOR,49fd21027e7c
1777350117130,9959324345799,0.24899697,0.50996494,9.880871,0.0030543262,6.1086525E-4,6.1086525E-4,TREMOR,49fd21027e7c
1777350117138,9959332342186,0.260968,0.50517654,9.842564,0.0030543262,0.002443461,0.0012217305,TREMOR,49fd21027e7c
1777350117146,9959340337804,0.2705448,0.49081135,9.890448,-0.0012217305,0.002443461,0.0018325958,TREMOR,49fd21027e7c
1777350117154,9959348333192,0.25378537,0.45968673,9.976639,-0.005497787,0.0018325958,0.0,TREMOR,49fd21027e7c
1777350117162,9959356329271,0.2753332,0.4381389,10.000581,-0.002443461,0.0012217305,-6.1086525E-4,TREMOR,49fd21027e7c
1777350117170,9959364324581,0.25139117,0.4429273,9.938332,6.1086525E-4,-6.1086525E-4,0.0012217305,TREMOR,49fd21027e7c
1777350117178,9959372319046,0.24420857,0.44532153,9.885659,6.1086525E-4,0.0,0.0,TREMOR,49fd21027e7c
1777350117186,9959380345587,0.22266077,0.45250413,9.902418,-0.002443461,-6.1086525E-4,-6.1086525E-4,TREMOR,49fd21027e7c
1777350117194,9959388343666,0.260968,0.4357447,9.947908,-0.0030543262,-0.002443461,-6.1086525E-4,TREMOR,49fd21027e7c
1777350117202,9959396336900,0.260968,0.45729253,9.945514,-6.1086525E-4,-0.002443461,-6.1086525E-4,TREMOR,49fd21027e7c
1777350117210,9959404333826,0.260968,0.47644615,9.909601,0.0030543262,6.1086525E-4,-0.0012217305,TREMOR,49fd21027e7c
1777350117218,9959412329291,0.2633622,0.50757074,9.919178,6.1086525E-4,6.1086525E-4,0.0,TREMOR,49fd21027e7c
1777350117226,9959420323446,0.2753332,0.51954174,9.981427,-0.004886922,-6.1086525E-4,0.0,TREMOR,49fd21027e7c
1777350117234,9959428319680,0.2896984,0.48602295,9.988609,-0.005497787,-0.002443461,0.0018325958,TREMOR,49fd21027e7c
1777350117242,9959436347068,0.25617957,0.47165772,9.950302,-0.0012217305,0.0,-6.1086525E-4,TREMOR,49fd21027e7c
1777350117250,9959444340301,0.272939,0.48841715,9.880871,0.002443461,0.0,0.0012217305,TREMOR,49fd21027e7c
1777350117258,9959452335765,0.23942018,0.50038815,9.861717,6.1086525E-4,-6.1086525E-4,-6.1086525E-4,TREMOR,49fd21027e7c
1777350117266,9959460332922,0.25617957,0.48123455,9.938332,-0.0030543262,0.0018325958,-6.1086525E-4,TREMOR,49fd21027e7c
1777350117274,9959468328002,0.260968,0.45250413,9.998186,-0.005497787,0.0030543262,0.0018325958,TREMOR,49fd21027e7c
1777350117282,9959476324389,0.23942018,0.46447513,9.9790325,-0.0012217305,0.002443461,-6.1086525E-4,TREMOR,49fd21027e7c
1777350117290,9959484320622,0.25139117,0.45010993,9.907207,0.0,-6.1086525E-4,-0.0012217305,TREMOR,49fd21027e7c
1777350117298,9959492346164,0.25857377,0.47165772,9.907207,-0.0018325958,-0.002443461,6.1086525E-4,TREMOR,49fd21027e7c
1777350117306,9959500342166,0.28491,0.47165772,9.928755,-0.0036651916,-0.002443461,0.0,TREMOR,49fd21027e7c
1777350117314,9959508336938,0.28491,0.47405192,9.919178,0.0,6.1086525E-4,0.0012217305,TREMOR,49fd21027e7c
1777350117322,9959516331480,0.25139117,0.46447513,9.904813,0.0012217305,0.007941248,6.1086525E-4,TREMOR,49fd21027e7c
1777350117330,9959524329252,0.23223756,0.49320555,9.911995,-6.1086525E-4,0.004886922,0.0,TREMOR,49fd21027e7c
1777350117338,9959532323716,0.25378537,0.45968673,9.940725,-0.0036651916,6.1086525E-4,6.1086525E-4,TREMOR,49fd21027e7c
1777350117346,9959540319411,0.24181437,0.4237737,9.957485,-0.004276057,-0.0012217305,0.0,TREMOR,49fd21027e7c
1777350117354,9959548345260,0.2801216,0.45010993,9.962274,-0.0036651916,-0.0030543262,0.0,TREMOR,49fd21027e7c
1777350117362,9959556341877,0.2777274,0.46447513,9.921572,0.0,6.1086525E-4,0.0,TREMOR,49fd21027e7c
1777350117370,9959564336342,0.24181437,0.45729253,9.916783,0.0,0.0018325958,-0.0012217305,TREMOR,49fd21027e7c
1777350117378,9959572333037,0.23463176,0.47405192,9.931149,-0.0018325958,0.0012217305,-0.0018325958,TREMOR,49fd21027e7c
1777350117386,9959580328963,0.24899697,0.47884035,9.950302,-0.0030543262,-0.0036651916,0.0,TREMOR,49fd21027e7c
1777350117394,9959588324042,0.2681506,0.46686932,9.940725,-0.0018325958,-0.005497787,-6.1086525E-4,TREMOR,49fd21027e7c
1777350117402,9959596319815,0.2633622,0.45968673,9.933543,-0.002443461,0.0,-0.0012217305,TREMOR,49fd21027e7c
1777350117410,9959604588356,0.25857377,0.48362875,9.911995,-0.004276057,0.0018325958,0.0,TREMOR,49fd21027e7c
1777350117418,9959612340127,0.22984336,0.48362875,9.921572,-0.0030543262,0.0018325958,0.0,TREMOR,49fd21027e7c
1777350117426,9959620336669,0.22505496,0.48123455,9.933543,-0.002443461,-0.0012217305,0.0,TREMOR,49fd21027e7c
1777350117434,9959628333364,0.24420857,0.48841715,9.928755,-0.0012217305,-6.1086525E-4,0.0,TREMOR,49fd21027e7c
1777350117442,9959636326905,0.23942018,0.47165772,9.919178,-0.002443461,-0.0012217305,-0.0018325958,TREMOR,49fd21027e7c
1777350117450,9959644323215,0.21547815,0.48362875,9.9550905,-0.0036651916,0.0,-0.0018325958,TREMOR,49fd21027e7c
1777350117458,9959652319218,0.22505496,0.47644615,9.947908,-0.0036651916,-0.0030543262,-0.0018325958,TREMOR,49fd21027e7c
1777350117466,9959660344991,0.24181437,0.44532153,9.9550905,-0.0030543262,-0.0061086523,-0.0012217305,TREMOR,49fd21027e7c
1777350117474,9959668340762,0.23702596,0.45010993,9.97185,-0.004886922,-0.0036651916,-0.0030543262,TREMOR,49fd21027e7c
1777350117482,9959676337919,0.22984336,0.48362875,9.938332,-0.0018325958,-0.0036651916,-0.004886922,TREMOR,49fd21027e7c
1777350117490,9959684331537,0.2657564,0.47405192,9.902418,-0.0012217305,-0.005497787,-0.004276057,TREMOR,49fd21027e7c
1777350117498,9959692327847,0.2681506,0.48123455,9.923966,-0.0030543262,-0.007941248,-0.004886922,TREMOR,49fd21027e7c
1777350117506,9959700323465,0.2801216,0.48841715,9.923966,-0.004886922,-0.005497787,-0.0061086523,TREMOR,49fd21027e7c
1777350117514,9959708319237,0.29448682,0.47644615,9.933543,-0.004886922,-0.004886922,-0.005497787,TREMOR,49fd21027e7c
1777350117522,9959716344087,0.2801216,0.48841715,9.938332,-0.004886922,-0.005497787,-0.004886922,TREMOR,49fd21027e7c
1777350117530,9959724341089,0.2681506,0.49799395,9.921572,-0.002443461,-0.004276057,-0.007330383,TREMOR,49fd21027e7c
1777350117538,9959732335861,0.29209262,0.48841715,9.902418,-0.0018325958,-0.0061086523,-0.0061086523,TREMOR,49fd21027e7c
1777350117546,9959740330633,0.28491,0.5363012,9.916783,0.0,-0.0067195175,-0.004276057,TREMOR,49fd21027e7c
1777350117554,9959748327866,0.272939,0.51475334,9.94312,-6.1086525E-4,-0.0030543262,-0.004276057,TREMOR,49fd21027e7c
1777350117562,9959756325100,0.2753332,0.50517654,9.976639,-0.0018325958,0.0,-0.0030543262,TREMOR,49fd21027e7c
1777350117570,9959764318564,0.2801216,0.48841715,9.976639,-0.0030543262,0.0012217305,-0.002443461,TREMOR,49fd21027e7c
1777350117578,9959772345029,0.23223756,0.46208093,9.9550905,-0.0030543262,0.0,-0.0012217305,TREMOR,49fd21027e7c
1777350117586,9959780339800,0.2753332,0.46447513,9.952697,-0.0018325958,-0.0018325958,-6.1086525E-4,TREMOR,49fd21027e7c
1777350117594,9959788336111,0.25378537,0.46926352,9.947908,-0.002443461,-0.0036651916,-0.0018325958,TREMOR,49fd21027e7c
1777350117602,9959796330960,0.2633622,0.4357447,9.933543,-0.0018325958,-0.0018325958,-6.1086525E-4,TREMOR,49fd21027e7c
1777350117610,9959804326039,0.24660277,0.44771573,9.964667,-0.0030543262,-0.002443461,-0.0036651916,TREMOR,49fd21027e7c
1777350117618,9959812321734,0.25617957,0.45729253,9.938332,-0.0030543262,-0.0036651916,-0.002443461,TREMOR,49fd21027e7c
1777350117626,9959820318660,0.24899697,0.4405331,9.935937,-0.004886922,-0.0018325958,-0.002443461,TREMOR,49fd21027e7c
1777350117634,9959828343202,0.24420857,0.45489833,9.94312,-0.0036651916,-0.0018325958,-0.0030543262,TREMOR,49fd21027e7c
1777350117642,9959836339204,0.25139117,0.4405331,9.952697,-0.0030543262,-0.0012217305,-0.0030543262,TREMOR,49fd21027e7c
1777350117650,9959844334591,0.2657564,0.4405331,9.935937,-0.0030543262,-0.0030543262,-0.0012217305,TREMOR,49fd21027e7c
1777350117658,9959852331825,0.2801216,0.45489833,9.916783,-0.0036651916,-0.004886922,-0.0030543262,TREMOR,49fd21027e7c
1777350117666,9959860325981,0.2753332,0.45250413,9.890448,-0.0018325958,-0.004276057,-0.0030543262,TREMOR,49fd21027e7c
1777350117674,9959868322369,0.29448682,0.45010993,9.909601,-0.002443461,-0.0061086523,-0.0030543262,TREMOR,49fd21027e7c
1777350117682,9959876318910,0.30406362,0.47165772,9.919178,-0.0012217305,-6.1086525E-4,-0.0012217305,TREMOR,49fd21027e7c
1777350117690,9959884344220,0.25378537,0.45968673,9.928755,-6.1086525E-4,0.0,-0.0030543262,TREMOR,49fd21027e7c
1777350117698,9959892340454,0.24420857,0.49799395,9.935937,6.1086525E-4,0.0,-0.002443461,TREMOR,49fd21027e7c
1777350117706,9959900333995,0.23702596,0.49559975,9.928755,0.0,-6.1086525E-4,-0.0018325958,TREMOR,49fd21027e7c
1777350117714,9959908331229,0.22984336,0.49559975,9.945514,-6.1086525E-4,6.1086525E-4,-0.0036651916,TREMOR,49fd21027e7c
1777350117722,9959916327308,0.22266077,0.49799395,9.945514,-6.1086525E-4,-0.0012217305,-0.004886922,TREMOR,49fd21027e7c
1777350117730,9959924322926,0.24420857,0.47405192,9.933543,-6.1086525E-4,-0.002443461,-6.1086525E-4,TREMOR,49fd21027e7c
1777350117738,9959932318622,0.24660277,0.45489833,9.947908,-0.0012217305,-0.0036651916,0.0,TREMOR,49fd21027e7c
1777350117746,9959940343931,0.2681506,0.45010993,9.947908,-0.0012217305,-0.0036651916,-0.0018325958,TREMOR,49fd21027e7c
1777350117754,9959948338934,0.2705448,0.4429273,9.959879,-0.0012217305,-0.0018325958,-0.0012217305,TREMOR,49fd21027e7c
1777350117762,9959956335630,0.2681506,0.4381389,9.952697,-6.1086525E-4,-0.002443461,-0.0012217305,TREMOR,49fd21027e7c
1777350117770,9959964330402,0.2753332,0.44532153,9.92636,0.0,0.0,-0.0012217305,TREMOR,49fd21027e7c
1777350117778,9959972326404,0.25378537,0.4381389,9.895236,0.0,-0.0012217305,-0.0012217305,TREMOR,49fd21027e7c
1777350117786,9959980323869,0.2753332,0.4429273,9.91439,-6.1086525E-4,-0.0012217305,-0.0030543262,TREMOR,49fd21027e7c
1777350117794,9959988317410,0.260968,0.45010993,9.916783,-6.1086525E-4,-0.0012217305,-0.0018325958,TREMOR,49fd21027e7c
1777350117802,9959996345181,0.2633622,0.44771573,9.940725,0.0,-0.002443461,-0.0012217305,TREMOR,49fd21027e7c
1777350117810,9960004339338,0.2657564,0.48123455,9.940725,-6.1086525E-4,-6.1086525E-4,-0.0036651916,TREMOR,49fd21027e7c
1777350117818,9960012336187,0.24181437,0.49799395,9.940725,-0.0012217305,-0.0012217305,-0.0030543262,TREMOR,49fd21027e7c
1777350117826,9960020331344,0.2633622,0.48123455,9.94312,-6.1086525E-4,-0.0012217305,-0.0012217305,TREMOR,49fd21027e7c
1777350117834,9960028328577,0.2705448,0.48841715,9.947908,-0.0012217305,-0.0036651916,-0.0036651916,TREMOR,49fd21027e7c
1777350117842,9960036320503,0.29688102,0.48362875,9.928755,-0.0018325958,-0.0030543262,-0.0018325958,TREMOR,49fd21027e7c
1777350117850,9960044317429,0.30166942,0.45729253,9.921572,-0.0018325958,-0.0036651916,0.0012217305,TREMOR,49fd21027e7c
1777350117858,9960052344508,0.30885202,0.46447513,9.919178,-0.0018325958,0.0,-0.002443461,TREMOR,49fd21027e7c
1777350117866,9960060338127,0.3184288,0.44532153,9.911995,-0.0018325958,6.1086525E-4,-0.0012217305,TREMOR,49fd21027e7c
1777350117874,9960068334130,0.2753332,0.45489833,9.911995,-6.1086525E-4,0.002443461,-0.0012217305,TREMOR,49fd21027e7c
1777350117882,9960076329209,0.2681506,0.46208093,9.94312,0.0,0.0012217305,0.0,TREMOR,49fd21027e7c
1777350117890,9960084327058,0.24660277,0.4405331,9.9550905,-6.1086525E-4,0.0012217305,-0.0012217305,TREMOR,49fd21027e7c
1777350117898,9960092323676,0.24181437,0.45729253,9.947908,-0.0012217305,6.1086525E-4,-0.0012217305,TREMOR,49fd21027e7c
1777350117906,9960100346756,0.24420857,0.46447513,9.950302,-6.1086525E-4,-6.1086525E-4,-0.0018325958,TREMOR,49fd21027e7c
1777350117914,9960108343681,0.272939,0.46447513,9.923966,6.1086525E-4,-0.0018325958,-6.1086525E-4,TREMOR,49fd21027e7c
1777350117922,9960116341453,0.2825158,0.48123455,9.911995,0.0,-0.0012217305,-0.0012217305,TREMOR,49fd21027e7c
1777350117930,9960124336841,0.2753332,0.49320555,9.904813,0.0,-6.1086525E-4,-6.1086525E-4,TREMOR,49fd21027e7c
1777350117938,9960132329766,0.2681506,0.49559975,9.911995,-6.1086525E-4,6.1086525E-4,0.0,TREMOR,49fd21027e7c
1777350117946,9960140324615,0.29448682,0.49081135,9.933543,-6.1086525E-4,0.0,-6.1086525E-4,TREMOR,49fd21027e7c
1777350117954,9960148320311,0.30406362,0.47884035,9.933543,-6.1086525E-4,6.1086525E-4,-0.0012217305,TREMOR,49fd21027e7c
1777350117962,9960156348237,0.29688102,0.46926352,9.931149,0.0012217305,0.0018325958,0.0,TREMOR,49fd21027e7c
1777350117970,9960164345469,0.2896984,0.46208093,9.940725,-0.0018325958,0.0012217305,-6.1086525E-4,TREMOR,49fd21027e7c
1777350117978,9960172339011,0.2825158,0.45250413,9.947908,-0.0012217305,6.1086525E-4,6.1086525E-4,TREMOR,49fd21027e7c
1777350117986,9960180333168,0.25378537,0.4357447,9.952697,6.1086525E-4,0.0,0.0,TREMOR,49fd21027e7c
1777350117994,9960188330785,0.24899697,0.45250413,9.94312,0.0012217305,0.002443461,-0.0012217305,TREMOR,49fd21027e7c
1777350118002,9960196324250,0.24660277,0.45968673,9.938332,6.1086525E-4,0.0030543262,-0.0012217305,TREMOR,49fd21027e7c
1777350118010,9960204320022,0.22984336,0.47165772,9.957485,0.0012217305,6.1086525E-4,-6.1086525E-4,TREMOR,49fd21027e7c
1777350118018,9960212346794,0.25139117,0.47405192,9.938332,-0.0012217305,-6.1086525E-4,-0.0012217305,TREMOR,49fd21027e7c
1777350118026,9960220344335,0.24420857,0.49320555,9.911995,6.1086525E-4,-0.002443461,0.0,TREMOR,49fd21027e7c
1777350118034,9960228338722,0.2896984,0.50278234,9.902418,-6.1086525E-4,0.0,6.1086525E-4,TREMOR,49fd21027e7c
1777350118042,9960236336264,0.28491,0.48602295,9.909601,-0.0018325958,-6.1086525E-4,0.0012217305,TREMOR,49fd21027e7c
1777350118050,9960244328574,0.30166942,0.49320555,9.919178,0.0,0.002443461,-0.0012217305,TREMOR,49fd21027e7c
1777350118058,9960252326192,0.29448682,0.47165772,9.94312,-0.0012217305,0.0030543262,0.0,TREMOR,49fd21027e7c
1777350118066,9960260320349,0.30645782,0.45489833,9.947908,6.1086525E-4,0.002443461,0.0,TREMOR,49fd21027e7c
1777350118074,9960268348583,0.31603462,0.4429273,9.94312,-6.1086525E-4,0.0012217305,0.0018325958,TREMOR,49fd21027e7c
1777350118082,9960276345200,0.30166942,0.4405331,9.940725,6.1086525E-4,6.1086525E-4,6.1086525E-4,TREMOR,49fd21027e7c
1777350118090,9960284338818,0.2633622,0.4333505,9.94312,-6.1086525E-4,0.0036651916,6.1086525E-4,TREMOR,49fd21027e7c
1777350118098,9960292332898,0.21547815,0.4405331,9.957485,-0.0018325958,0.004886922,0.0012217305,TREMOR,49fd21027e7c
1777350118106,9960300331977,0.21068975,0.45250413,9.9550905,-0.0012217305,0.004276057,0.0012217305,TREMOR,49fd21027e7c
1777350118114,9960308324057,0.21787235,0.4429273,9.940725,-6.1086525E-4,-6.1086525E-4,6.1086525E-4,TREMOR,49fd21027e7c
1777350118122,9960316320906,0.24660277,0.45968673,9.945514,0.0,-0.0018325958,0.0,TREMOR,49fd21027e7c
1777350118130,9960324317293,0.25857377,0.48362875,9.92636,0.0,-6.1086525E-4,-6.1086525E-4,TREMOR,49fd21027e7c
1777350118138,9960332341296,0.2681506,0.47644615,9.928755,-0.0012217305,0.0012217305,0.0,TREMOR,49fd21027e7c
1777350118146,9960340338530,0.28491,0.45250413,9.928755,-6.1086525E-4,0.0018325958,6.1086525E-4,TREMOR,49fd21027e7c
1777350118154,9960348332610,0.29209262,0.4357447,9.919178,-0.0012217305,-0.0012217305,0.0,TREMOR,49fd21027e7c
1777350118162,9960356329304,0.3184288,0.4333505,9.92636,-0.0012217305,-0.0012217305,0.0012217305,TREMOR,49fd21027e7c
1777350118170,9960364323999,0.29927522,0.45250413,9.923966,6.1086525E-4,0.0,0.0,TREMOR,49fd21027e7c
1777350118178,9960372320079,0.272939,0.45489833,9.91439,6.1086525E-4,0.004276057,-0.0018325958,TREMOR,49fd21027e7c
1777350118186,9960380316081,0.2873042,0.46926352,9.933543,0.0,0.002443461,0.0,TREMOR,49fd21027e7c
1777350118194,9960388342546,0.2633622,0.49320555,9.933543,6.1086525E-4,-6.1086525E-4,-0.0012217305,TREMOR,49fd21027e7c
1777350118202,9960396336626,0.24660277,0.50278234,9.94312,0.0,-0.0012217305,6.1086525E-4,TREMOR,49fd21027e7c
1777350118210,9960404332629,0.260968,0.47165772,9.964667,-0.0012217305,-6.1086525E-4,-6.1086525E-4,TREMOR,49fd21027e7c
1777350118218,9960412329631,0.260968,0.46926352,9.957485,-6.1086525E-4,0.0012217305,-0.0012217305,TREMOR,49fd21027e7c
1777350118226,9960420324403,0.24181437,0.45489833,9.976639,-6.1086525E-4,0.002443461,6.1086525E-4,TREMOR,49fd21027e7c
1777350118234,9960428319483,0.23942018,0.4381389,9.940725,0.0,0.0018325958,6.1086525E-4,TREMOR,49fd21027e7c
1777350118242,9960436316331,0.24899697,0.44771573,9.909601,-0.0012217305,-0.002443461,0.0,TREMOR,49fd21027e7c
1777350118250,9960444341334,0.2633622,0.44771573,9.900024,-6.1086525E-4,-6.1086525E-4,6.1086525E-4,TREMOR,49fd21027e7c
1777350118258,9960452338260,0.28491,0.4381389,9.935937,0.0,-0.0012217305,0.0,TREMOR,49fd21027e7c
1777350118266,9960460333340,0.272939,0.4381389,9.935937,-0.0018325958,0.0012217305,6.1086525E-4,TREMOR,49fd21027e7c
1777350118274,9960468330189,0.2657564,0.46208093,9.964667,-0.0018325958,0.004276057,0.0,TREMOR,49fd21027e7c
1777350118282,9960476325038,0.272939,0.46926352,9.952697,-6.1086525E-4,-0.0012217305,6.1086525E-4,TREMOR,49fd21027e7c
1777350118290,9960484320656,0.2801216,0.48362875,9.945514,6.1086525E-4,-6.1086525E-4,0.0,TREMOR,49fd21027e7c
1777350118298,9960492346504,0.2896984,0.48841715,9.92636,-0.0012217305,-0.0036651916,0.0,TREMOR,49fd21027e7c
1777350118306,9960500341969,0.29209262,0.47644615,9.938332,0.0,-0.0012217305,-6.1086525E-4,TREMOR,49fd21027e7c
1777350118314,9960508337280,0.2896984,0.48602295,9.931149,-0.0012217305,0.0018325958,0.002443461,TREMOR,49fd21027e7c
1777350118322,9960516333898,0.2753332,0.48362875,9.931149,-0.0012217305,0.0018325958,6.1086525E-4,TREMOR,49fd21027e7c
1777350118330,9960524329285,0.2777274,0.47405192,9.92636,0.0,6.1086525E-4,0.0,TREMOR,49fd21027e7c
1777350118338,9960532325057,0.25139117,0.45489833,9.923966,-6.1086525E-4,0.0,0.0012217305,TREMOR,49fd21027e7c
1777350118346,9960540319521,0.24660277,0.45968673,9.92636,6.1086525E-4,6.1086525E-4,6.1086525E-4,TREMOR,49fd21027e7c
1777350118354,9960548346293,0.25617957,0.45010993,9.916783,0.0,0.0018325958,6.1086525E-4,TREMOR,49fd21027e7c
1777350118362,9960556342526,0.25378537,0.46686932,9.962274,-6.1086525E-4,0.002443461,6.1086525E-4,TREMOR,49fd21027e7c
1777350118370,9960564337376,0.24181437,0.47405192,9.947908,-0.0012217305,0.0012217305,0.0,TREMOR,49fd21027e7c
1777350118378,9960572333916,0.25378537,0.47165772,9.959879,-6.1086525E-4,-6.1086525E-4,0.0012217305,TREMOR,49fd21027e7c
1777350118386,9960580327842,0.2777274,0.46208093,9.950302,-0.0018325958,6.1086525E-4,-6.1086525E-4,TREMOR,49fd21027e7c
1777350118394,9960588323538,0.2753332,0.46926352,9.957485,-6.1086525E-4,-6.1086525E-4,-6.1086525E-4,TREMOR,49fd21027e7c
1777350118402,9960596320694,0.2801216,0.44532153,9.923966,-6.1086525E-4,0.0,6.1086525E-4,TREMOR,49fd21027e7c
1777350118410,9960604348081,0.25857377,0.45729253,9.895236,0.0,6.1086525E-4,6.1086525E-4,TREMOR,49fd21027e7c
1777350118418,9960612342623,0.25378537,0.4429273,9.904813,0.0,-0.0012217305,-6.1086525E-4,TREMOR,49fd21027e7c
1777350118426,9960620335856,0.2753332,0.45489833,9.921572,-0.0012217305,-6.1086525E-4,-0.0018325958,TREMOR,49fd21027e7c
1777350118434,9960628332397,0.272939,0.47405192,9.952697,-0.0012217305,0.0,-6.1086525E-4,TREMOR,49fd21027e7c
1777350118442,9960636329015,0.2825158,0.45489833,9.952697,-6.1086525E-4,-0.0030543262,6.1086525E-4,TREMOR,49fd21027e7c
1777350118450,9960644326018,0.29209262,0.47884035,9.950302,-6.1086525E-4,-6.1086525E-4,0.0,TREMOR,49fd21027e7c
1777350118458,9960652319790,0.260968,0.47405192,9.935937,0.0,0.0030543262,0.0012217305,TREMOR,49fd21027e7c
1777350118466,9960660345639,0.2633622,0.48362875,9.935937,-6.1086525E-4,0.0012217305,0.0,TREMOR,49fd21027e7c
1777350118474,9960668341719,0.25378537,0.50757074,9.94312,-0.0018325958,0.0018325958,0.0,TREMOR,49fd21027e7c
1777350118482,9960676337029,0.25378537,0.48602295,9.9550905,6.1086525E-4,-0.0018325958,-0.0018325958,TREMOR,49fd21027e7c
1777350118490,9960684331801,0.24660277,0.47165772,9.931149,0.0,-6.1086525E-4,6.1086525E-4,TREMOR,49fd21027e7c
1777350118498,9960692327804,0.2873042,0.46208093,9.931149,-0.0018325958,-6.1086525E-4,0.0,TREMOR,49fd21027e7c
1777350118506,9960700323499,0.2681506,0.44532153,9.94312,-0.002443461,-6.1086525E-4,-0.0012217305,TREMOR,49fd21027e7c
1777350118514,9960708319810,0.272939,0.4405331,9.947908,-0.0012217305,0.0,6.1086525E-4,TREMOR,49fd21027e7c
1777350118522,9960716344812,0.2753332,0.45250413,9.94312,-6.1086525E-4,0.0,0.0,TREMOR,49fd21027e7c
1777350118530,9960724339815,0.2705448,0.45489833,9.923966,-6.1086525E-4,0.0,0.0,TREMOR,49fd21027e7c
1777350118538,9960732337741,0.2801216,0.46686932,9.931149,0.0,-6.1086525E-4,-6.1086525E-4,TREMOR,49fd21027e7c
1777350118546,9960740330974,0.260968,0.46686932,9.91439,0.0,0.0012217305,-6.1086525E-4,TREMOR,49fd21027e7c
1777350118554,9960748328746,0.2753332,0.47165772,9.904813,-0.0012217305,6.1086525E-4,0.0,TREMOR,49fd21027e7c
1777350118562,9960756322672,0.2633622,0.44532153,9.923966,-0.0012217305,0.0012217305,6.1086525E-4,TREMOR,49fd21027e7c
1777350118570,9960764319597,0.2801216,0.47644615,9.947908,0.0,0.0012217305,-6.1086525E-4,TREMOR,49fd21027e7c
1777350118578,9960772347523,0.28491,0.48841715,9.945514,0.0,-0.0018325958,0.0012217305,TREMOR,49fd21027e7c
1777350118586,9960780340757,0.2801216,0.47405192,9.9550905,0.0,0.002443461,-6.1086525E-4,TREMOR,49fd21027e7c
1777350118594,9960788334991,0.28491,0.47884035,9.947908,0.0,0.0,-6.1086525E-4,TREMOR,49fd21027e7c
1777350118602,9960796331608,0.2777274,0.46686932,9.947908,-0.0012217305,0.0018325958,6.1086525E-4,TREMOR,49fd21027e7c
1777350118610,9960804327919,0.24899697,0.45489833,9.959879,-6.1086525E-4,0.0012217305,6.1086525E-4,TREMOR,49fd21027e7c
1777350118618,9960812323537,0.25139117,0.46447513,9.916783,0.0,0.0,0.0012217305,TREMOR,49fd21027e7c
1777350118626,9960820319616,0.2657564,0.45729253,9.931149,0.0,0.0,6.1086525E-4,TREMOR,49fd21027e7c
1777350118634,9960828345773,0.2801216,0.45489833,9.928755,0.0,-0.002443461,0.0012217305,TREMOR,49fd21027e7c
1777350118642,9960836341161,0.2753332,0.45250413,9.919178,-0.0018325958,6.1086525E-4,-6.1086525E-4,TREMOR,49fd21027e7c
1777350118650,9960844335241,0.2753332,0.45489833,9.919178,0.0,0.0,0.0,TREMOR,49fd21027e7c
1777350118658,9960852333781,0.25857377,0.4333505,9.94312,-6.1086525E-4,0.0018325958,6.1086525E-4,TREMOR,49fd21027e7c
1777350118666,9960860327323,0.25139117,0.44532153,9.947908,6.1086525E-4,6.1086525E-4,6.1086525E-4,TREMOR,49fd21027e7c
1777350118674,9960868323249,0.25857377,0.45489833,9.938332,0.0012217305,6.1086525E-4,-6.1086525E-4,TREMOR,49fd21027e7c
1777350118682,9960876317174,0.2705448,0.45250413,9.938332,6.1086525E-4,-6.1086525E-4,6.1086525E-4,TREMOR,49fd21027e7c
1777350118690,9960884345177,0.2753332,0.47644615,9.947908,-6.1086525E-4,-0.0012217305,0.0,TREMOR,49fd21027e7c
1777350118698,9960892340564,0.29209262,0.46926352,9.94312,-0.0012217305,6.1086525E-4,6.1086525E-4,TREMOR,49fd21027e7c
1777350118706,9960900336798,0.28491,0.47405192,9.923966,-6.1086525E-4,-6.1086525E-4,0.0018325958,TREMOR,49fd21027e7c
1777350118714,9960908331954,0.2801216,0.47644615,9.909601,0.0012217305,6.1086525E-4,0.0012217305,TREMOR,49fd21027e7c
1777350118722,9960916327034,0.28491,0.48841715,9.919178,0.0012217305,0.0012217305,0.0012217305,TREMOR,49fd21027e7c
1777350118730,9960924323575,0.2681506,0.48602295,9.931149,6.1086525E-4,-6.1086525E-4,0.002443461,TREMOR,49fd21027e7c
1777350118738,9960932319347,0.25857377,0.48123455,9.938332,0.0,6.1086525E-4,6.1086525E-4,TREMOR,49fd21027e7c
1777350118746,9960940343580,0.25378537,0.45010993,9.952697,0.0,0.0012217305,0.0012217305,TREMOR,49fd21027e7c
1777350118754,9960948341122,0.23942018,0.45010993,9.94312,-0.0012217305,0.0012217305,0.0,TREMOR,49fd21027e7c
1777350118762,9960956334663,0.25857377,0.45968673,9.9550905,-6.1086525E-4,0.0012217305,0.0,TREMOR,49fd21027e7c
1777350118770,9960964331358,0.23942018,0.46208093,9.94312,-0.0012217305,0.0012217305,0.0,TREMOR,49fd21027e7c
1777350118778,9960972327899,0.25617957,0.46686932,9.919178,-6.1086525E-4,0.0,0.0,TREMOR,49fd21027e7c
1777350118786,9960980322441,0.24899697,0.45729253,9.909601,-6.1086525E-4,-0.0018325958,-6.1086525E-4,TREMOR,49fd21027e7c
1777350118794,9960988348212,0.2657564,0.46926352,9.900024,6.1086525E-4,0.0,0.0018325958,TREMOR,49fd21027e7c
1777350118802,9960996343600,0.2681506,0.47644615,9.909601,-6.1086525E-4,0.0012217305,0.0,TREMOR,49fd21027e7c
1777350118810,9961004340603,0.2657564,0.47644615,9.91439,-6.1086525E-4,-6.1086525E-4,0.0,TREMOR,49fd21027e7c
1777350118818,9961012335912,0.2873042,0.48123455,9.923966,-0.0018325958,-0.0018325958,6.1086525E-4,TREMOR,49fd21027e7c
1777350118826,9961020331992,0.29209262,0.48841715,9.935937,-6.1086525E-4,0.0,-6.1086525E-4,TREMOR,49fd21027e7c
1777350118834,9961028326149,0.30166942,0.47884035,9.945514,0.0,-6.1086525E-4,0.0012217305,TREMOR,49fd21027e7c
1777350118842,9961036321844,0.29448682,0.47884035,9.92636,0.0,0.0012217305,6.1086525E-4,TREMOR,49fd21027e7c
1777350118850,9961044319000,0.2633622,0.47165772,9.935937,-0.0012217305,0.002443461,0.0,TREMOR,49fd21027e7c
1777350118858,9961052344311,0.2633622,0.47165772,9.91439,0.0012217305,0.002443461,6.1086525E-4,TREMOR,49fd21027e7c
1777350118866,9961060340006,0.2705448,0.45250413,9.919178,-0.0012217305,-0.0018325958,0.0012217305,TREMOR,49fd21027e7c
1777350118874,9961068334470,0.25617957,0.45010993,9.919178,0.0,0.0,0.0012217305,TREMOR,49fd21027e7c
1777350118882,9961076331088,0.24181437,0.46208093,9.911995,-0.0012217305,0.0018325958,-6.1086525E-4,TREMOR,49fd21027e7c
1777350118890,9961084326399,0.24181437,0.4429273,9.91439,-6.1086525E-4,6.1086525E-4,0.0012217305,TREMOR,49fd21027e7c
1777350118898,9961092323633,0.25139117,0.4405331,9.916783,-6.1086525E-4,0.002443461,0.0012217305,TREMOR,49fd21027e7c
1777350118906,9961100346404,0.24660277,0.45250413,9.947908,-6.1086525E-4,6.1086525E-4,0.0012217305,TREMOR,49fd21027e7c
1777350118914,9961108343946,0.272939,0.4405331,9.921572,-6.1086525E-4,0.0,-6.1086525E-4,TREMOR,49fd21027e7c
1777350118922,9961116340026,0.2777274,0.44532153,9.9550905,-0.0012217305,-0.0012217305,0.0,TREMOR,49fd21027e7c
1777350118930,9961124335720,0.2801216,0.45250413,9.902418,0.0018325958,6.1086525E-4,-6.1086525E-4,TREMOR,49fd21027e7c
1777350118938,9961132332954,0.2753332,0.45729253,9.902418,6.1086525E-4,0.0018325958,0.0018325958,TREMOR,49fd21027e7c
1777350118946,9961140324880,0.2825158,0.46208093,9.904813,0.0,-6.1086525E-4,6.1086525E-4,TREMOR,49fd21027e7c
1777350118954,9961148320960,0.2633622,0.47165772,9.92636,-6.1086525E-4,0.0,0.0,TREMOR,49fd21027e7c
1777350118962,9961156317500,0.2896984,0.46926352,9.928755,-6.1086525E-4,-6.1086525E-4,-6.1086525E-4,TREMOR,49fd21027e7c
1777350118970,9961164343349,0.272939,0.46926352,9.92636,6.1086525E-4,0.0,-6.1086525E-4,TREMOR,49fd21027e7c
1777350118978,9961172341275,0.272939,0.46208093,9.923966,-0.0012217305,-0.0012217305,0.0,TREMOR,49fd21027e7c
1777350118986,9961180333893,0.2705448,0.46208093,9.916783,-0.002443461,0.0,0.0012217305,TREMOR,49fd21027e7c
1777350118994,9961188330742,0.25617957,0.4405331,9.921572,-0.0012217305,0.0012217305,6.1086525E-4,TREMOR,49fd21027e7c
1777350119002,9961196326514,0.2681506,0.4429273,9.923966,-0.0012217305,6.1086525E-4,6.1086525E-4,TREMOR,49fd21027e7c
1777350119010,9961204321210,0.23463176,0.46447513,9.923966,-0.0012217305,-0.002443461,0.0,TREMOR,49fd21027e7c
1777350119018,9961212348904,0.25857377,0.47405192,9.923966,-6.1086525E-4,-6.1086525E-4,0.0,TREMOR,49fd21027e7c
1777350119026,9961220342753,0.260968,0.46926352,9.919178,-6.1086525E-4,0.0,0.0,TREMOR,49fd21027e7c
1777350119034,9961228341602,0.2753332,0.46926352,9.931149,-0.0018325958,-0.0012217305,0.0,TREMOR,49fd21027e7c
1777350119042,9961236335066,0.2777274,0.47884035,9.919178,-0.0012217305,0.0,0.0,TREMOR,49fd21027e7c
1777350119050,9961244330146,0.23702596,0.48841715,9.902418,0.0,0.002443461,-6.1086525E-4,TREMOR,49fd21027e7c
1777350119058,9961252324918,0.2801216,0.47165772,9.900024,-6.1086525E-4,-0.0018325958,-0.0012217305,TREMOR,49fd21027e7c
1777350119066,9961260321920,0.2633622,0.47165772,9.91439,-6.1086525E-4,-0.0018325958,0.0,TREMOR,49fd21027e7c
1777350119074,9961268347692,0.2681506,0.48602295,9.909601,6.1086525E-4,0.0018325958,0.0,TREMOR,49fd21027e7c
1777350119082,9961276343465,0.25139117,0.47884035,9.923966,-0.0012217305,6.1086525E-4,-6.1086525E-4,TREMOR,49fd21027e7c
1777350119090,9961284337852,0.2777274,0.46686932,9.947908,-0.0018325958,-6.1086525E-4,0.0,TREMOR,49fd21027e7c
1777350119098,9961292333008,0.2896984,0.45489833,9.931149,-0.0012217305,-0.0012217305,6.1086525E-4,TREMOR,49fd21027e7c
1777350119106,9961300329857,0.2801216,0.4333505,9.940725,-6.1086525E-4,-6.1086525E-4,-6.1086525E-4,TREMOR,49fd21027e7c
1777350119114,9961308325553,0.2896984,0.4429273,9.911995,6.1086525E-4,0.004276057,6.1086525E-4,TREMOR,49fd21027e7c
1777350119122,9961316323401,0.25617957,0.44532153,9.923966,-6.1086525E-4,0.0018325958,0.0,TREMOR,49fd21027e7c
1777350119130,9961324348019,0.2681506,0.46447513,9.911995,0.0012217305,6.1086525E-4,6.1086525E-4,TREMOR,49fd21027e7c
1777350119138,9961332342253,0.2777274,0.48123455,9.907207,6.1086525E-4,-0.0012217305,0.0,TREMOR,49fd21027e7c
1777350119146,9961340336948,0.25139117,0.46926352,9.928755,6.1086525E-4,-0.0012217305,0.0,TREMOR,49fd21027e7c
1777350119154,9961348333643,0.2633622,0.46208093,9.916783,-6.1086525E-4,0.0018325958,0.0,TREMOR,49fd21027e7c
1777350119162,9961356330492,0.23223756,0.47405192,9.945514,0.0,0.0,-6.1086525E-4,TREMOR,49fd21027e7c
1777350119170,9961364324725,0.25139117,0.45250413,9.938332,-0.0012217305,0.0018325958,0.0,TREMOR,49fd21027e7c
1777350119178,9961372320958,0.2657564,0.45250413,9.921572,-6.1086525E-4,-0.0012217305,0.0,TREMOR,49fd21027e7c
1777350119186,9961380346500,0.260968,0.46447513,9.935937,-0.0012217305,-0.0030543262,-6.1086525E-4,TREMOR,49fd21027e7c
1777350119194,9961388341657,0.28491,0.47165772,9.928755,6.1086525E-4,-6.1086525E-4,-0.0012217305,TREMOR,49fd21027e7c
1777350119202,9961396339429,0.2705448,0.47405192,9.900024,6.1086525E-4,-6.1086525E-4,0.0018325958,TREMOR,49fd21027e7c
1777350119210,9961404334892,0.30645782,0.45968673,9.904813,-0.0012217305,-6.1086525E-4,0.0,TREMOR,49fd21027e7c
1777350119218,9961412328742,0.30645782,0.47165772,9.890448,0.0,-6.1086525E-4,-6.1086525E-4,TREMOR,49fd21027e7c
1777350119226,9961420324360,0.28491,0.46686932,9.91439,0.0018325958,6.1086525E-4,0.0012217305,TREMOR,49fd21027e7c
1777350119234,9961428319439,0.2657564,0.47165772,9.92636,-6.1086525E-4,0.0018325958,0.0,TREMOR,49fd21027e7c
1777350119242,9961436345365,0.272939,0.46686932,9.928755,-0.0018325958,0.002443461,6.1086525E-4,TREMOR,49fd21027e7c
1777350119250,9961444342291,0.260968,0.46208093,9.928755,-6.1086525E-4,0.0018325958,6.1086525E-4,TREMOR,49fd21027e7c
1777350119258,9961452338833,0.25617957,0.46926352,9.92636,6.1086525E-4,-6.1086525E-4,0.0,TREMOR,49fd21027e7c
1777350119266,9961460332988,0.2681506,0.46686932,9.928755,0.0,-6.1086525E-4,-6.1086525E-4,TREMOR,49fd21027e7c
1777350119274,9961468329299,0.24420857,0.47405192,9.916783,-6.1086525E-4,0.0,0.0012217305,TREMOR,49fd21027e7c
1777350119282,9961476324148,0.23942018,0.48602295,9.950302,-0.0012217305,0.0030543262,6.1086525E-4,TREMOR,49fd21027e7c
1777350119290,9961484320766,0.22744916,0.45729253,9.940725,-0.0012217305,0.0030543262,0.0012217305,TREMOR,49fd21027e7c
1777350119298,9961492345923,0.23702596,0.45729253,9.938332,-0.0012217305,-0.0012217305,6.1086525E-4,TREMOR,49fd21027e7c
1777350119306,9961500342310,0.25139117,0.45968673,9.919178,-6.1086525E-4,-6.1086525E-4,0.0,TREMOR,49fd21027e7c
1777350119314,9961508337005,0.272939,0.45729253,9.900024,-0.0012217305,-0.002443461,-6.1086525E-4,TREMOR,49fd21027e7c
1777350119322,9961516332469,0.2801216,0.44771573,9.907207,0.0,0.002443461,-0.0012217305,TREMOR,49fd21027e7c
1777350119330,9961524329011,0.2705448,0.45250413,9.911995,-0.0018325958,0.0,6.1086525E-4,TREMOR,49fd21027e7c
1777350119338,9961532325014,0.2753332,0.45489833,9.892841,-0.0012217305,-0.0012217305,-6.1086525E-4,TREMOR,49fd21027e7c
1777350119346,9961540320400,0.272939,0.45489833,9.878476,6.1086525E-4,-0.0018325958,0.0,TREMOR,49fd21027e7c
1777350119354,9961548346019,0.2801216,0.46926352,9.935937,-0.0012217305,6.1086525E-4,6.1086525E-4,TREMOR,49fd21027e7c
1777350119362,9961556342637,0.25139117,0.47165772,9.952697,-0.002443461,0.0030543262,6.1086525E-4,TREMOR,49fd21027e7c
1777350119370,9961564337101,0.25139117,0.46926352,9.947908,-0.0012217305,0.002443461,0.0012217305,TREMOR,49fd21027e7c
1777350119378,9961572334258,0.25617957,0.46686932,9.909601,0.0,-6.1086525E-4,0.0,TREMOR,49fd21027e7c
1777350119386,9961580328722,0.260968,0.48362875,9.900024,0.0012217305,-0.0012217305,6.1086525E-4,TREMOR,49fd21027e7c
1777350119394,9961588323802,0.2825158,0.47165772,9.895236,0.0012217305,-6.1086525E-4,-6.1086525E-4,TREMOR,49fd21027e7c
1777350119402,9961596319804,0.260968,0.47644615,9.916783,-6.1086525E-4,0.002443461,6.1086525E-4,TREMOR,49fd21027e7c
1777350119410,9961604345653,0.25378537,0.45729253,9.94312,-0.0030543262,0.004886922,0.0,TREMOR,49fd21027e7c
1777350119418,9961612342349,0.260968,0.44771573,9.94312,-6.1086525E-4,6.1086525E-4,-6.1086525E-4,TREMOR,49fd21027e7c
1777350119426,9961620339197,0.25139117,0.45250413,9.935937,0.0,-0.0012217305,-0.0018325958,TREMOR,49fd21027e7c
1777350119434,9961628332431,0.24660277,0.4357447,9.921572,-6.1086525E-4,-0.004276057,-6.1086525E-4,TREMOR,49fd21027e7c
1777350119442,9961636328434,0.24420857,0.45250413,9.907207,6.1086525E-4,6.1086525E-4,-6.1086525E-4,TREMOR,49fd21027e7c
1777350119450,9961644322667,0.2633622,0.45250413,9.923966,0.0,0.0012217305,0.0,TREMOR,49fd21027e7c
1777350119458,9961652318977,0.272939,0.45729253,9.938332,-0.0018325958,6.1086525E-4,0.0,TREMOR,49fd21027e7c
1777350119466,9961660348442,0.2681506,0.46208093,9.935937,-6.1086525E-4,6.1086525E-4,0.0,TREMOR,49fd21027e7c
1777350119474,9961668340752,0.2896984,0.48123455,9.933543,-0.0012217305,6.1086525E-4,6.1086525E-4,TREMOR,49fd21027e7c
1777350119482,9961676337062,0.2896984,0.48841715,9.938332,0.0,0.0,-6.1086525E-4,TREMOR,49fd21027e7c
1777350119490,9961684334911,0.2873042,0.45729253,9.916783,0.0,0.0,6.1086525E-4,TREMOR,49fd21027e7c
1777350119498,9961692329068,0.2633622,0.47165772,9.919178,-0.0012217305,0.0,0.0,TREMOR,49fd21027e7c
1777350119506,9961700324762,0.2705448,0.46447513,9.916783,-6.1086525E-4,0.0012217305,0.0,TREMOR,49fd21027e7c
1777350119514,9961708318919,0.2801216,0.46208093,9.947908,0.0,6.1086525E-4,0.0012217305,TREMOR,49fd21027e7c
1777350119522,9961716347615,0.272939,0.47165772,9.945514,-6.1086525E-4,0.002443461,0.0012217305,TREMOR,49fd21027e7c
1777350119530,9961724340771,0.272939,0.46926352,9.92636,0.0,0.002443461,0.0,TREMOR,49fd21027e7c
1777350119538,9961732336235,0.2777274,0.48841715,9.940725,-0.0018325958,0.0,6.1086525E-4,TREMOR,49fd21027e7c
1777350119546,9961740331315,0.24420857,0.45729253,9.935937,-0.0012217305,0.0012217305,6.1086525E-4,TREMOR,49fd21027e7c
1777350119554,9961748328164,0.2657564,0.45968673,9.928755,-0.0012217305,0.0,6.1086525E-4,TREMOR,49fd21027e7c
1777350119562,9961756323858,0.25139117,0.44532153,9.923966,-6.1086525E-4,0.0,0.0,TREMOR,49fd21027e7c
1777350119570,9961764318400,0.2657564,0.45729253,9.923966,0.0,-0.0018325958,0.0,TREMOR,49fd21027e7c
1777350119578,9961772345172,0.2705448,0.46208093,9.928755,-6.1086525E-4,0.002443461,6.1086525E-4,TREMOR,49fd21027e7c
1777350119586,9961780339944,0.2633622,0.45968673,9.935937,0.0,6.1086525E-4,6.1086525E-4,TREMOR,49fd21027e7c
1777350119594,9961788338023,0.2753332,0.45010993,9.957485,-0.0012217305,0.0,6.1086525E-4,TREMOR,49fd21027e7c
1777350119602,9961796331334,0.29209262,0.47165772,9.938332,0.0,-0.002443461,0.0,TREMOR,49fd21027e7c
1777350119610,9961804327568,0.29688102,0.46447513,9.91439,6.1086525E-4,-6.1086525E-4,-6.1086525E-4,TREMOR,49fd21027e7c
1777350119618,9961812322647,0.30885202,0.47644615,9.916783,0.0,0.0,0.0012217305,TREMOR,49fd21027e7c
1777350119626,9961820320188,0.2896984,0.50038815,9.928755,6.1086525E-4,0.002443461,-6.1086525E-4,TREMOR,49fd21027e7c
1777350119634,9961828345807,0.2681506,0.47884035,9.923966,-0.0012217305,0.0012217305,0.002443461,TREMOR,49fd21027e7c
1777350119642,9961836342117,0.25378537,0.47884035,9.888053,-6.1086525E-4,0.0018325958,0.0,TREMOR,49fd21027e7c
1777350119650,9961844335581,0.2657564,0.45968673,9.923966,0.0,0.0,6.1086525E-4,TREMOR,49fd21027e7c
1777350119658,9961852332892,0.2777274,0.46686932,9.935937,-6.1086525E-4,6.1086525E-4,0.0,TREMOR,49fd21027e7c
1777350119666,9961860327049,0.24181437,0.4429273,9.938332,-6.1086525E-4,0.0018325958,-0.0012217305,TREMOR,49fd21027e7c
1777350119674,9961868324512,0.2657564,0.45968673,9.94312,-0.002443461,0.0,6.1086525E-4,TREMOR,49fd21027e7c
1777350119682,9961876319361,0.23942018,0.45489833,9.935937,-0.0012217305,-0.0012217305,0.0012217305,TREMOR,49fd21027e7c
1777350119690,9961884347364,0.2705448,0.47405192,9.923966,0.0,6.1086525E-4,-6.1086525E-4,TREMOR,49fd21027e7c
1777350119698,9961892341213,0.24899697,0.45729253,9.919178,-0.0012217305,-0.0018325958,-6.1086525E-4,TREMOR,49fd21027e7c
1777350119706,9961900335985,0.24420857,0.45968673,9.935937,-0.0012217305,0.0,-6.1086525E-4,TREMOR,49fd21027e7c
1777350119714,9961908332295,0.25139117,0.45729253,9.931149,-0.0012217305,0.002443461,0.0012217305,TREMOR,49fd21027e7c
1777350119722,9961916329452,0.25857377,0.45968673,9.945514,-0.0012217305,-6.1086525E-4,6.1086525E-4,TREMOR,49fd21027e7c
1777350119730,9961924323300,0.2633622,0.44532153,9.933543,-6.1086525E-4,6.1086525E-4,-6.1086525E-4,TREMOR,49fd21027e7c
1777350119738,9961932319380,0.2753332,0.45010993,9.909601,0.0,-0.0018325958,0.0,TREMOR,49fd21027e7c
1777350119746,9961940346383,0.2896984,0.46208093,9.895236,0.0,0.0,0.0012217305,TREMOR,49fd21027e7c
1777350119754,9961948339693,0.2657564,0.48602295,9.907207,0.0,-0.0012217305,0.0,TREMOR,49fd21027e7c
1777350119762,9961956334465,0.2633622,0.48602295,9.907207,0.0,6.1086525E-4,-6.1086525E-4,TREMOR,49fd21027e7c
1777350119770,9961964331007,0.2681506,0.48841715,9.92636,0.0,0.0012217305,0.0,TREMOR,49fd21027e7c
1777350119778,9961972328933,0.25857377,0.48123455,9.950302,-0.0012217305,0.0018325958,0.0012217305,TREMOR,49fd21027e7c
1777350119786,9961980322166,0.2657564,0.46926352,9.931149,-6.1086525E-4,6.1086525E-4,6.1086525E-4,TREMOR,49fd21027e7c
1777350119794,9961988318476,0.260968,0.46926352,9.931149,0.0,0.0,0.0012217305,TREMOR,49fd21027e7c
1777350119802,9961996345249,0.2681506,0.44771573,9.931149,0.0,6.1086525E-4,0.0012217305,TREMOR,49fd21027e7c
1777350119810,9962004340943,0.25139117,0.45010993,9.950302,-6.1086525E-4,-6.1086525E-4,0.0,TREMOR,49fd21027e7c
1777350119818,9962012334792,0.24420857,0.45250413,9.947908,-0.0018325958,0.0018325958,6.1086525E-4,TREMOR,49fd21027e7c
1777350119826,9962020330411,0.25857377,0.45250413,9.940725,-6.1086525E-4,6.1086525E-4,-0.0012217305,TREMOR,49fd21027e7c
1777350119834,9962028326798,0.25139117,0.47405192,9.933543,-0.0012217305,0.0,6.1086525E-4,TREMOR,49fd21027e7c
1777350119842,9962036322185,0.2633622,0.46926352,9.916783,-0.0012217305,6.1086525E-4,6.1086525E-4,TREMOR,49fd21027e7c
1777350119850,9962044348265,0.25617957,0.47405192,9.928755,-0.0018325958,0.0012217305,0.0012217305,TREMOR,49fd21027e7c
1777350119858,9962052346422,0.2657564,0.46447513,9.950302,-0.002443461,-0.0018325958,0.002443461,TREMOR,49fd21027e7c
1777350119866,9962060340347,0.260968,0.47165772,9.92636,0.0,-6.1086525E-4,6.1086525E-4,TREMOR,49fd21027e7c
1777350119874,9962068335119,0.2681506,0.48841715,9.919178,0.0,0.0,6.1086525E-4,TREMOR,49fd21027e7c
1777350119882,9962076331430,0.2657564,0.49081135,9.919178,0.0012217305,0.0012217305,-6.1086525E-4,TREMOR,49fd21027e7c
1777350119890,9962084327433,0.2777274,0.49081135,9.92636,0.0,0.0,-0.0018325958,TREMOR,49fd21027e7c
1777350119898,9962092323050,0.2825158,0.47644615,9.923966,0.0,-6.1086525E-4,6.1086525E-4,TREMOR,49fd21027e7c
1777350119906,9962100317284,0.2681506,0.48602295,9.933543,0.0,6.1086525E-4,-6.1086525E-4,TREMOR,49fd21027e7c
1777350119914,9962108343364,0.2896984,0.48362875,9.945514,-0.0012217305,0.0012217305,6.1086525E-4,TREMOR,49fd21027e7c
1777350119922,9962116339366,0.2633622,0.48362875,9.919178,-6.1086525E-4,6.1086525E-4,-6.1086525E-4,TREMOR,49fd21027e7c
1777350119930,9962124335754,0.2657564,0.48362875,9.92636,-6.1086525E-4,-0.0012217305,6.1086525E-4,TREMOR,49fd21027e7c
1777350119938,9962132330449,0.2681506,0.49081135,9.931149,-6.1086525E-4,6.1086525E-4,6.1086525E-4,TREMOR,49fd21027e7c
1777350119946,9962140328606,0.2657564,0.47644615,9.957485,-0.0018325958,0.0036651916,0.0,TREMOR,49fd21027e7c
1777350119954,9962148321300,0.2681506,0.45489833,9.9550905,-0.0018325958,0.0036651916,0.0,TREMOR,49fd21027e7c
1777350119962,9962156318149,0.25378537,0.4381389,9.94312,-0.002443461,0.0,0.0,TREMOR,49fd21027e7c
1777350119970,9962164343383,0.2705448,0.4309563,9.931149,-6.1086525E-4,-0.0018325958,0.0012217305,TREMOR,49fd21027e7c
1777350119978,9962172340077,0.2753332,0.4309563,9.91439,-6.1086525E-4,-0.0018325958,6.1086525E-4,TREMOR,49fd21027e7c
1777350119986,9962180333850,0.260968,0.4429273,9.916783,-6.1086525E-4,-0.0018325958,6.1086525E-4,TREMOR,49fd21027e7c
1777350119994,9962188330776,0.25378537,0.46447513,9.933543,6.1086525E-4,6.1086525E-4,6.1086525E-4,TREMOR,49fd21027e7c
1777350120002,9962196327085,0.23942018,0.46447513,9.945514,6.1086525E-4,0.0018325958,0.0,TREMOR,49fd21027e7c
1777350120010,9962204320935,0.2753332,0.45489833,9.916783,-6.1086525E-4,-0.0012217305,-6.1086525E-4,TREMOR,49fd21027e7c
1777350120018,9962212348938,0.2657564,0.46686932,9.931149,6.1086525E-4,-0.0018325958,-6.1086525E-4,TREMOR,49fd21027e7c
1777350120026,9962220344094,0.2873042,0.46926352,9.931149,-6.1086525E-4,6.1086525E-4,0.0,TREMOR,49fd21027e7c
1777350120034,9962228339173,0.29688102,0.45729253,9.947908,-6.1086525E-4,0.0018325958,6.1086525E-4,TREMOR,49fd21027e7c
1777350120042,9962236335484,0.2753332,0.46686932,9.967062,-6.1086525E-4,0.0018325958,0.0012217305,TREMOR,49fd21027e7c
1777350120050,9962244329026,0.28491,0.47884035,9.923966,6.1086525E-4,0.0,6.1086525E-4,TREMOR,49fd21027e7c
1777350120058,9962252326489,0.2777274,0.48123455,9.916783,0.0,-6.1086525E-4,6.1086525E-4,TREMOR,49fd21027e7c
1777350120066,9962260323108,0.30166942,0.48841715,9.923966,6.1086525E-4,-6.1086525E-4,6.1086525E-4,TREMOR,49fd21027e7c
1777350120074,9962268316111,0.260968,0.47884035,9.935937,-6.1086525E-4,0.002443461,0.0,TREMOR,49fd21027e7c
1777350120082,9962276342806,0.25378537,0.45250413,9.945514,-0.0012217305,0.0012217305,0.0012217305,TREMOR,49fd21027e7c
1777350120090,9962284339423,0.23223756,0.44771573,9.950302,-0.0018325958,0.0012217305,0.0012217305,TREMOR,49fd21027e7c
1777350120098,9962292333657,0.22984336,0.46208093,9.959879,-6.1086525E-4,0.0018325958,0.0012217305,TREMOR,49fd21027e7c
1777350120106,9962300332122,0.21787235,0.4429273,9.923966,-6.1086525E-4,0.0,0.0012217305,TREMOR,49fd21027e7c
1777350120114,9962308326278,0.22744916,0.46686932,9.928755,0.0,0.0,-6.1086525E-4,TREMOR,49fd21027e7c
1777350120122,9962316321973,0.24181437,0.48602295,9.928755,-0.0018325958,-6.1086525E-4,-6.1086525E-4,TREMOR,49fd21027e7c
1777350120130,9962324348437,0.2657564,0.47405192,9.933543,-0.0018325958,-6.1086525E-4,0.0,TREMOR,49fd21027e7c
1777350120138,9962332343517,0.2753332,0.45968673,9.940725,-6.1086525E-4,-0.0012217305,6.1086525E-4,TREMOR,49fd21027e7c
1777350120146,9962340339519,0.2896984,0.45489833,9.919178,0.0,-0.002443461,6.1086525E-4,TREMOR,49fd21027e7c
1777350120154,9962348334215,0.31124622,0.46686932,9.902418,0.0,-6.1086525E-4,-6.1086525E-4,TREMOR,49fd21027e7c
1777350120162,9962356329064,0.320823,0.47644615,9.909601,0.0,6.1086525E-4,0.0,TREMOR,49fd21027e7c
1777350120170,9962364327835,0.30166942,0.49320555,9.909601,0.0,0.002443461,0.0012217305,TREMOR,49fd21027e7c
1777350120178,9962372320992,0.2896984,0.48123455,9.928755,0.0,0.002443461,6.1086525E-4,TREMOR,49fd21027e7c
1777350120186,9962380347226,0.2825158,0.47644615,9.933543,-0.0012217305,0.0012217305,0.0,TREMOR,49fd21027e7c
1777350120194,9962388344767,0.29209262,0.46926352,9.923966,6.1086525E-4,-6.1086525E-4,0.002443461,TREMOR,49fd21027e7c
1777350120202,9962396338923,0.25857377,0.46447513,9.94312,6.1086525E-4,0.0018325958,0.0,TREMOR,49fd21027e7c
1777350120210,9962404334926,0.272939,0.46447513,9.962274,-0.0018325958,0.0036651916,0.0018325958,TREMOR,49fd21027e7c
1777350120218,9962412330852,0.23223756,0.4333505,9.9550905,0.0,0.002443461,0.0,TREMOR,49fd21027e7c
1777350120226,9962420325931,0.21547815,0.4381389,9.928755,0.0,0.0012217305,0.0,TREMOR,49fd21027e7c
1777350120234,9962428323473,0.21787235,0.45968673,9.923966,6.1086525E-4,-0.0012217305,-6.1086525E-4,TREMOR,49fd21027e7c
1777350120242,9962436316168,0.24181437,0.45968673,9.919178,-6.1086525E-4,-0.0012217305,-0.0012217305,TREMOR,49fd21027e7c
1777350120250,9962444342324,0.24660277,0.46208093,9.931149,-0.002443461,6.1086525E-4,6.1086525E-4,TREMOR,49fd21027e7c
1777350120258,9962452340481,0.29448682,0.44771573,9.931149,-0.0030543262,-0.0018325958,6.1086525E-4,TREMOR,49fd21027e7c
1777350120266,9962460333945,0.28491,0.45968673,9.945514,-6.1086525E-4,-6.1086525E-4,0.0,TREMOR,49fd21027e7c
1777350120274,9962468330564,0.2896984,0.46208093,9.928755,-0.0018325958,-0.0018325958,0.0018325958,TREMOR,49fd21027e7c
1777350120282,9962476324489,0.2753332,0.46926352,9.911995,0.0012217305,-6.1086525E-4,0.0,TREMOR,49fd21027e7c
1777350120290,9962484321953,0.28491,0.46686932,9.907207,6.1086525E-4,0.0,6.1086525E-4,TREMOR,49fd21027e7c
1777350120298,9962492347802,0.29688102,0.46447513,9.921572,-6.1086525E-4,0.0018325958,0.0,TREMOR,49fd21027e7c
1777350120306,9962500341651,0.30645782,0.48123455,9.933543,-6.1086525E-4,-0.0012217305,6.1086525E-4,TREMOR,49fd21027e7c
1777350120314,9962508337038,0.2873042,0.47165772,9.940725,6.1086525E-4,0.0,0.0018325958,TREMOR,49fd21027e7c
1777350120322,9962516335272,0.272939,0.46926352,9.938332,-6.1086525E-4,0.0018325958,6.1086525E-4,TREMOR,49fd21027e7c
1777350120330,9962524328429,0.25378537,0.45729253,9.940725,-6.1086525E-4,0.0012217305,0.0012217305,TREMOR,49fd21027e7c
1777350120338,9962532325354,0.2657564,0.47165772,9.940725,-6.1086525E-4,0.0018325958,0.0012217305,TREMOR,49fd21027e7c
1777350120346,9962540319280,0.24660277,0.46208093,9.945514,0.0,0.0018325958,-6.1086525E-4,TREMOR,49fd21027e7c
1777350120354,9962548345360,0.25857377,0.45968673,9.935937,-6.1086525E-4,0.0,0.0012217305,TREMOR,49fd21027e7c
1777350120362,9962556344747,0.22744916,0.45968673,9.945514,-0.0012217305,0.0018325958,6.1086525E-4,TREMOR,49fd21027e7c
1777350120370,9962564338596,0.24181437,0.46208093,9.931149,-0.0018325958,-0.0018325958,0.0,TREMOR,49fd21027e7c
1777350120378,9962572332522,0.260968,0.44771573,9.935937,-0.0012217305,-6.1086525E-4,-6.1086525E-4,TREMOR,49fd21027e7c
1777350120386,9962580329756,0.2705448,0.4429273,9.931149,-0.0018325958,-0.0018325958,-0.0012217305,TREMOR,49fd21027e7c
1777350120394,9962588323912,0.28491,0.44771573,9.928755,-6.1086525E-4,-0.0012217305,0.0012217305,TREMOR,49fd21027e7c
1777350120402,9962596322069,0.272939,0.45729253,9.921572,-0.0012217305,0.0012217305,6.1086525E-4,TREMOR,49fd21027e7c
1777350120410,9962604347302,0.2873042,0.46208093,9.892841,6.1086525E-4,-6.1086525E-4,-0.0012217305,TREMOR,49fd21027e7c
1777350120418,9962612341150,0.30166942,0.48841715,9.909601,0.0,0.0012217305,0.0,TREMOR,49fd21027e7c
1777350120426,9962620337077,0.2873042,0.47405192,9.91439,6.1086525E-4,6.1086525E-4,6.1086525E-4,TREMOR,49fd21027e7c
1777350120434,9962628332157,0.2777274,0.47644615,9.92636,-0.0012217305,0.0030543262,0.0012217305,TREMOR,49fd21027e7c
1777350120442,9962636329159,0.2825158,0.46447513,9.938332,0.0,6.1086525E-4,6.1086525E-4,TREMOR,49fd21027e7c
1777350120450,9962644325085,0.2657564,0.47165772,9.92636,6.1086525E-4,0.0,-6.1086525E-4,TREMOR,49fd21027e7c
1777350120458,9962652319549,0.272939,0.47405192,9.952697,-6.1086525E-4,0.0,-6.1086525E-4,TREMOR,49fd21027e7c
1777350120466,9962660345168,0.24660277,0.48602295,9.940725,0.0012217305,0.0012217305,0.0,TREMOR,49fd21027e7c
1777350120474,9962668341785,0.25139117,0.47644615,9.921572,-6.1086525E-4,0.0018325958,6.1086525E-4,TREMOR,49fd21027e7c
1777350120482,9962676336250,0.24181437,0.45729253,9.92636,-6.1086525E-4,6.1086525E-4,6.1086525E-4,TREMOR,49fd21027e7c
1777350120490,9962684334099,0.24660277,0.47644615,9.945514,-0.0018325958,0.0030543262,6.1086525E-4,TREMOR,49fd21027e7c
1777350120498,9962692329485,0.260968,0.45010993,9.9550905,-0.0018325958,0.0,-6.1086525E-4,TREMOR,49fd21027e7c
1777350120506,9962700324181,0.25139117,0.4333505,9.957485,-0.002443461,-0.0018325958,-6.1086525E-4,TREMOR,49fd21027e7c
1777350120514,9962708319338,0.2753332,0.44771573,9.938332,-0.0012217305,0.0,0.0,TREMOR,49fd21027e7c
1777350120522,9962716346417,0.2681506,0.4381389,9.923966,0.0,-0.002443461,0.0,TREMOR,49fd21027e7c
1777350120530,9962724342035,0.2753332,0.46447513,9.91439,-6.1086525E-4,0.002443461,-0.0012217305,TREMOR,49fd21027e7c
1777350120538,9962732336884,0.2705448,0.48841715,9.907207,-6.1086525E-4,-6.1086525E-4,-6.1086525E-4,TREMOR,49fd21027e7c
1777350120546,9962740333426,0.2753332,0.47884035,9.91439,0.0,0.0012217305,-6.1086525E-4,TREMOR,49fd21027e7c
1777350120554,9962748327966,0.2753332,0.45250413,9.909601,6.1086525E-4,0.0,-6.1086525E-4,TREMOR,49fd21027e7c
1777350120562,9962756326661,0.24660277,0.47405192,9.959879,-0.002443461,0.0018325958,6.1086525E-4,TREMOR,49fd21027e7c
1777350120570,9962764319587,0.2681506,0.46686932,9.962274,-6.1086525E-4,0.0,-0.0012217305,TREMOR,49fd21027e7c
1777350120578,9962772347975,0.25617957,0.47884035,9.9550905,-6.1086525E-4,0.002443461,-6.1086525E-4,TREMOR,49fd21027e7c
1777350120586,9962780340285,0.2825158,0.47644615,9.950302,6.1086525E-4,6.1086525E-4,0.0018325958,TREMOR,49fd21027e7c
1777350120594,9962788338134,0.29927522,0.47165772,9.92636,0.0,-0.0018325958,0.0012217305,TREMOR,49fd21027e7c
1777350120602,9962796334752,0.2705448,0.46447513,9.921572,6.1086525E-4,0.0018325958,-6.1086525E-4,TREMOR,49fd21027e7c
1777350120610,9962804328831,0.2633622,0.45010993,9.935937,-6.1086525E-4,0.0030543262,0.0012217305,TREMOR,49fd21027e7c
1777350120618,9962812323680,0.24899697,0.45250413,9.919178,-0.0018325958,0.0012217305,6.1086525E-4,TREMOR,49fd21027e7c
1777350120626,9962820319607,0.2657564,0.4357447,9.935937,-6.1086525E-4,-6.1086525E-4,0.0012217305,TREMOR,49fd21027e7c
1777350120634,9962828345456,0.23463176,0.44771573,9.945514,0.0,0.0012217305,0.0,TREMOR,49fd21027e7c
1777350120642,9962836341458,0.23942018,0.45489833,9.969456,-0.0012217305,0.0036651916,-6.1086525E-4,TREMOR,49fd21027e7c
1777350120650,9962844339307,0.22984336,0.45010993,9.94312,0.0,0.0,-6.1086525E-4,TREMOR,49fd21027e7c
1777350120658,9962852332925,0.2681506,0.47165772,9.909601,6.1086525E-4,-0.0018325958,0.0012217305,TREMOR,49fd21027e7c
1777350120666,9962860328620,0.2681506,0.44532153,9.909601,-6.1086525E-4,-0.0018325958,6.1086525E-4,TREMOR,49fd21027e7c
1777350120674,9962868324315,0.2896984,0.45729253,9.928755,-0.0018325958,6.1086525E-4,-6.1086525E-4,TREMOR,49fd21027e7c
1777350120682,9962876320010,0.2777274,0.45250413,9.940725,-0.002443461,-0.0018325958,0.0018325958,TREMOR,49fd21027e7c
1777350120690,9962884344012,0.2825158,0.48841715,9.933543,-6.1086525E-4,0.0012217305,0.0,TREMOR,49fd21027e7c
1777350120698,9962892340015,0.2825158,0.48602295,9.91439,6.1086525E-4,-6.1086525E-4,0.0,TREMOR,49fd21027e7c
1777350120706,9962900336018,0.2777274,0.48362875,9.907207,0.0,-6.1086525E-4,0.0,TREMOR,49fd21027e7c
1777350120714,9962908332944,0.2681506,0.46686932,9.940725,0.0012217305,0.0030543262,0.0012217305,TREMOR,49fd21027e7c
1777350120722,9962916326793,0.2777274,0.45489833,9.940725,-6.1086525E-4,6.1086525E-4,0.0018325958,TREMOR,49fd21027e7c
1777350120730,9962924324334,0.260968,0.47165772,9.957485,-0.0012217305,0.0012217305,0.0,TREMOR,49fd21027e7c
1777350120738,9962932317799,0.272939,0.45250413,9.931149,0.0,6.1086525E-4,0.0012217305,TREMOR,49fd21027e7c
1777350120746,9962940346416,0.25857377,0.46447513,9.950302,-0.0012217305,-0.0012217305,-6.1086525E-4,TREMOR,49fd21027e7c
1777350120754,9962948340573,0.25617957,0.46447513,9.952697,-6.1086525E-4,0.0012217305,-6.1086525E-4,TREMOR,49fd21027e7c
1777350120762,9962956337499,0.25378537,0.4429273,9.938332,-0.0018325958,-0.0012217305,-6.1086525E-4,TREMOR,49fd21027e7c
1777350120770,9962964331041,0.25617957,0.45250413,9.952697,-0.002443461,0.0012217305,6.1086525E-4,TREMOR,49fd21027e7c
1777350120778,9962972326504,0.2753332,0.45250413,9.928755,-0.0012217305,-6.1086525E-4,-6.1086525E-4,TREMOR,49fd21027e7c
1777350120786,9962980322199,0.2657564,0.45250413,9.91439,-6.1086525E-4,0.0012217305,-6.1086525E-4,TREMOR,49fd21027e7c
1777350120794,9962988318126,0.272939,0.4405331,9.928755,-0.0012217305,0.0,0.0012217305,TREMOR,49fd21027e7c
1777350120802,9962996345512,0.2657564,0.45250413,9.938332,-0.002443461,-0.0012217305,-6.1086525E-4,TREMOR,49fd21027e7c
1777350120810,9963004341284,0.2801216,0.44771573,9.931149,6.1086525E-4,-0.0012217305,-6.1086525E-4,TREMOR,49fd21027e7c
1777350120818,9963012336595,0.2681506,0.45010993,9.945514,-6.1086525E-4,0.0,6.1086525E-4,TREMOR,49fd21027e7c
1777350120826,9963020332598,0.2801216,0.45729253,9.919178,-0.0012217305,0.0012217305,6.1086525E-4,TREMOR,49fd21027e7c
1777350120834,9963028326523,0.29209262,0.47644615,9.935937,0.0012217305,0.0,6.1086525E-4,TREMOR,49fd21027e7c
1777350120842,9963036323372,0.28491,0.48123455,9.94312,6.1086525E-4,0.0012217305,-6.1086525E-4,TREMOR,49fd21027e7c
1777350120850,9963044320991,0.2801216,0.49320555,9.94312,-6.1086525E-4,0.0012217305,6.1086525E-4,TREMOR,49fd21027e7c
1777350120858,9963052346147,0.25857377,0.50038815,9.962274,-0.0018325958,0.0012217305,0.0,TREMOR,49fd21027e7c
1777350120866,9963060339688,0.2657564,0.46447513,9.933543,-6.1086525E-4,0.002443461,6.1086525E-4,TREMOR,49fd21027e7c
1777350120874,9963068335076,0.24420857,0.46686932,9.928755,-0.0018325958,6.1086525E-4,0.0012217305,TREMOR,49fd21027e7c
1777350120882,9963076331079,0.25378537,0.4333505,9.935937,-0.0012217305,-6.1086525E-4,0.0,TREMOR,49fd21027e7c
1777350120890,9963084327465,0.25378537,0.44532153,9.940725,-0.0012217305,-0.0018325958,0.0012217305,TREMOR,49fd21027e7c
1777350120898,9963092323392,0.25857377,0.46208093,9.933543,0.0,0.0018325958,-6.1086525E-4,TREMOR,49fd21027e7c
1777350120906,9963100320625,0.23942018,0.45729253,9.923966,-6.1086525E-4,0.0036651916,0.0,TREMOR,49fd21027e7c
1777350120914,9963108343704,0.23942018,0.46686932,9.947908,-0.0012217305,-0.0012217305,0.0,TREMOR,49fd21027e7c
1777350120922,9963116340015,0.25857377,0.45010993,9.933543,-6.1086525E-4,-6.1086525E-4,6.1086525E-4,TREMOR,49fd21027e7c
1777350120930,9963124336326,0.25378537,0.46208093,9.928755,-0.0018325958,0.0,-6.1086525E-4,TREMOR,49fd21027e7c
1777350120938,9963132333251,0.2681506,0.45729253,9.950302,-0.0012217305,0.0,0.0012217305,TREMOR,49fd21027e7c
1777350120946,9963140325331,0.28491,0.45250413,9.933543,-0.0012217305,6.1086525E-4,6.1086525E-4,TREMOR,49fd21027e7c
1777350120954,9963148323488,0.2657564,0.45010993,9.923966,0.0,-0.0012217305,6.1086525E-4,TREMOR,49fd21027e7c
1777350120962,9963156318260,0.2825158,0.46686932,9.911995,6.1086525E-4,-0.0018325958,0.0012217305,TREMOR,49fd21027e7c
1777350120970,9963164344108,0.2873042,0.47644615,9.916783,6.1086525E-4,6.1086525E-4,-6.1086525E-4,TREMOR,49fd21027e7c
1777350120978,9963172339419,0.30885202,0.48841715,9.92636,0.0,0.0018325958,0.0,TREMOR,49fd21027e7c
1777350120986,9963180335806,0.2657564,0.49081135,9.947908,-6.1086525E-4,0.0012217305,6.1086525E-4,TREMOR,49fd21027e7c
1777350120994,9963188333270,0.2681506,0.46926352,9.935937,-0.0012217305,-6.1086525E-4,0.002443461,TREMOR,49fd21027e7c
1777350121002,9963196326581,0.260968,0.44771573,9.938332,-6.1086525E-4,0.0012217305,-0.0018325958,TREMOR,49fd21027e7c
1777350121010,9963204321045,0.24420857,0.4429273,9.950302,-6.1086525E-4,0.0,0.0012217305,TREMOR,49fd21027e7c
1777350121018,9963212318279,0.25617957,0.45968673,9.94312,-6.1086525E-4,-0.002443461,0.0012217305,TREMOR,49fd21027e7c
1777350121026,9963220342896,0.25617957,0.45968673,9.94312,-0.0018325958,0.0,0.0012217305,TREMOR,49fd21027e7c
1777350121034,9963228338515,0.2681506,0.44532153,9.938332,-6.1086525E-4,0.0012217305,0.0,TREMOR,49fd21027e7c
1777350121042,9963236335518,0.2801216,0.45729253,9.91439,-0.0012217305,-0.0018325958,0.0,TREMOR,49fd21027e7c
1777350121050,9963244332135,0.2777274,0.46686932,9.904813,-0.0012217305,6.1086525E-4,0.0,TREMOR,49fd21027e7c
1777350121058,9963252328446,0.2801216,0.45729253,9.923966,-6.1086525E-4,6.1086525E-4,-6.1086525E-4,TREMOR,49fd21027e7c
1777350121066,9963260322603,0.24899697,0.45729253,9.923966,-0.0018325958,0.002443461,6.1086525E-4,TREMOR,49fd21027e7c
1777350121074,9963268347760,0.25617957,0.45010993,9.911995,0.0,0.0012217305,-6.1086525E-4,TREMOR,49fd21027e7c
1777350121082,9963276344454,0.25857377,0.47884035,9.928755,0.0,6.1086525E-4,0.0012217305,TREMOR,49fd21027e7c
1777350121090,9963284340072,0.2801216,0.47405192,9.909601,6.1086525E-4,0.0,6.1086525E-4,TREMOR,49fd21027e7c
1777350121098,9963292334922,0.272939,0.48123455,9.92636,0.0,-6.1086525E-4,6.1086525E-4,TREMOR,49fd21027e7c
1777350121106,9963300330231,0.272939,0.47405192,9.945514,-0.0012217305,0.0012217305,6.1086525E-4,TREMOR,49fd21027e7c
1777350121114,9963308325080,0.28491,0.45489833,9.931149,-0.0012217305,0.0012217305,0.0012217305,TREMOR,49fd21027e7c
1777350121122,9963316321314,0.2825158,0.45729253,9.933543,-0.0012217305,0.0018325958,-6.1086525E-4,TREMOR,49fd21027e7c
1777350121130,9963324350010,0.2753332,0.45729253,9.938332,6.1086525E-4,0.0012217305,0.0,TREMOR,49fd21027e7c
1777350121138,9963332342550,0.24899697,0.46447513,9.902418,6.1086525E-4,0.0,0.0,TREMOR,49fd21027e7c
1777350121146,9963340339784,0.272939,0.47405192,9.885659,0.0012217305,0.0012217305,0.0,TREMOR,49fd21027e7c
1777350121154,9963348334248,0.2633622,0.46686932,9.904813,0.0,6.1086525E-4,0.0,TREMOR,49fd21027e7c
1777350121162,9963356330250,0.2633622,0.46926352,9.911995,-6.1086525E-4,0.0,0.0,TREMOR,49fd21027e7c
1777350121170,9963364326869,0.25617957,0.47165772,9.92636,0.0,0.0,6.1086525E-4,TREMOR,49fd21027e7c
1777350121178,9963372321718,0.2801216,0.46926352,9.947908,-0.0018325958,-0.002443461,6.1086525E-4,TREMOR,49fd21027e7c
1777350121186,9963380317028,0.2705448,0.47644615,9.923966,0.0,0.0,-6.1086525E-4,TREMOR,49fd21027e7c
1777350121194,9963388343877,0.25378537,0.46208093,9.919178,6.1086525E-4,0.0,-6.1086525E-4,TREMOR,49fd21027e7c
1777350121202,9963396338649,0.24660277,0.47644615,9.919178,6.1086525E-4,0.0,0.0,TREMOR,49fd21027e7c
1777350121210,9963404337037,0.23942018,0.48123455,9.921572,-0.0012217305,-0.0030543262,0.0012217305,TREMOR,49fd21027e7c
1777350121218,9963412328808,0.272939,0.47884035,9.904813,-0.0012217305,-0.0012217305,0.0012217305,TREMOR,49fd21027e7c
1777350121226,9963420325349,0.2753332,0.46447513,9.911995,6.1086525E-4,-6.1086525E-4,-6.1086525E-4,TREMOR,49fd21027e7c
1777350121234,9963428320814,0.2873042,0.45729253,9.911995,6.1086525E-4,6.1086525E-4,0.0,TREMOR,49fd21027e7c
1777350121242,9963436317739,0.28491,0.46926352,9.909601,-6.1086525E-4,0.0030543262,0.0,TREMOR,49fd21027e7c
1777350121250,9963444342358,0.2753332,0.45729253,9.923966,-6.1086525E-4,0.0012217305,6.1086525E-4,TREMOR,49fd21027e7c
1777350121258,9963452337976,0.2633622,0.45968673,9.921572,6.1086525E-4,0.0012217305,0.0012217305,TREMOR,49fd21027e7c
1777350121266,9963460334671,0.24899697,0.46208093,9.933543,0.0012217305,0.0,-6.1086525E-4,TREMOR,49fd21027e7c
1777350121274,9963468330596,0.2633622,0.47165772,9.940725,-6.1086525E-4,6.1086525E-4,6.1086525E-4,TREMOR,49fd21027e7c
1777350121282,9963476327599,0.260968,0.47884035,9.904813,0.0012217305,0.0,0.0012217305,TREMOR,49fd21027e7c
1777350121290,9963484320218,0.2657564,0.48362875,9.916783,-6.1086525E-4,0.0018325958,6.1086525E-4,TREMOR,49fd21027e7c
1777350121298,9963492347835,0.25617957,0.46447513,9.935937,-0.0012217305,6.1086525E-4,0.0012217305,TREMOR,49fd21027e7c
1777350121306,9963500343838,0.2681506,0.46208093,9.935937,-0.002443461,0.0,6.1086525E-4,TREMOR,49fd21027e7c
1777350121314,9963508338995,0.25378537,0.45010993,9.921572,-0.002443461,0.0012217305,0.0,TREMOR,49fd21027e7c
1777350121322,9963516333998,0.25617957,0.44532153,9.916783,-0.0012217305,6.1086525E-4,-6.1086525E-4,TREMOR,49fd21027e7c
1777350121330,9963524329692,0.272939,0.47884035,9.911995,6.1086525E-4,0.0,-0.0012217305,TREMOR,49fd21027e7c
1777350121338,9963532326388,0.272939,0.48602295,9.890448,6.1086525E-4,-0.0018325958,0.0,TREMOR,49fd21027e7c
1777350121346,9963540320468,0.2753332,0.47884035,9.880871,0.0,0.0012217305,-6.1086525E-4,TREMOR,49fd21027e7c
1777350121354,9963548346008,0.2705448,0.47405192,9.909601,-0.0012217305,-6.1086525E-4,-6.1086525E-4,TREMOR,49fd21027e7c
1777350121362,9963556343242,0.2657564,0.45489833,9.940725,-0.0012217305,0.0018325958,0.0,TREMOR,49fd21027e7c
1777350121370,9963564338091,0.2801216,0.46926352,9.935937,-0.0018325958,6.1086525E-4,0.0,TREMOR,49fd21027e7c
1777350121378,9963572334093,0.2657564,0.46926352,9.91439,6.1086525E-4,-6.1086525E-4,6.1086525E-4,TREMOR,49fd21027e7c
1777350121386,9963580329096,0.28491,0.47405192,9.921572,0.0,0.002443461,6.1086525E-4,TREMOR,49fd21027e7c
1777350121394,9963588324176,0.2777274,0.48602295,9.909601,0.0012217305,0.0,0.0,TREMOR,49fd21027e7c
1777350121402,9963596322948,0.28491,0.46208093,9.902418,0.0,0.002443461,0.0,TREMOR,49fd21027e7c
1777350121410,9963604347873,0.2825158,0.46447513,9.921572,-0.0012217305,0.0018325958,0.0018325958,TREMOR,49fd21027e7c
1777350121418,9963612342646,0.272939,0.4405331,9.931149,-0.0012217305,0.0018325958,6.1086525E-4,TREMOR,49fd21027e7c
1777350121426,9963620336879,0.22266077,0.44771573,9.935937,-0.0012217305,0.0012217305,0.0,TREMOR,49fd21027e7c
1777350121434,9963628332497,0.24181437,0.46686932,9.935937,-0.0012217305,0.0012217305,6.1086525E-4,TREMOR,49fd21027e7c
1777350121442,9963636328269,0.24660277,0.45729253,9.931149,-0.0012217305,-0.0030543262,6.1086525E-4,TREMOR,49fd21027e7c
1777350121450,9963644325811,0.272939,0.46686932,9.921572,-0.0012217305,-0.0036651916,-6.1086525E-4,TREMOR,49fd21027e7c
1777350121458,9963652320506,0.2705448,0.46686932,9.909601,-6.1086525E-4,-6.1086525E-4,0.0,TREMOR,49fd21027e7c
1777350121466,9963660346354,0.260968,0.45729253,9.909601,-0.0018325958,0.0012217305,-6.1086525E-4,TREMOR,49fd21027e7c
1777350121474,9963668342126,0.260968,0.48362875,9.907207,-0.0012217305,6.1086525E-4,-0.0012217305,TREMOR,49fd21027e7c
1777350121482,9963676337437,0.2753332,0.49081135,9.933543,6.1086525E-4,0.0018325958,-6.1086525E-4,TREMOR,49fd21027e7c
1777350121490,9963684333516,0.2705448,0.46926352,9.91439,0.0,6.1086525E-4,-0.0018325958,TREMOR,49fd21027e7c
1777350121498,9963692329134,0.2825158,0.48362875,9.919178,-0.0012217305,0.0,-6.1086525E-4,TREMOR,49fd21027e7c
1777350121506,9963700324214,0.2873042,0.46208093,9.91439,0.0,0.0012217305,0.0,TREMOR,49fd21027e7c
1777350121514,9963708319910,0.260968,0.47165772,9.919178,-6.1086525E-4,6.1086525E-4,0.0,TREMOR,49fd21027e7c
1777350121522,9963716349142,0.2801216,0.47165772,9.895236,-6.1086525E-4,-6.1086525E-4,0.0012217305,TREMOR,49fd21027e7c
1777350121530,9963724340915,0.2801216,0.47644615,9.892841,-0.0018325958,0.0,0.002443461,TREMOR,49fd21027e7c
1777350121538,9963732336533,0.2681506,0.47405192,9.919178,6.1086525E-4,0.0,6.1086525E-4,TREMOR,49fd21027e7c
1777350121546,9963740333766,0.25617957,0.47405192,9.92636,0.0,0.002443461,0.0,TREMOR,49fd21027e7c
1777350121554,9963748328230,0.23942018,0.47165772,9.933543,0.0,0.0030543262,-6.1086525E-4,TREMOR,49fd21027e7c
1777350121562,9963756323618,0.25378537,0.45968673,9.919178,6.1086525E-4,6.1086525E-4,-0.0012217305,TREMOR,49fd21027e7c
1777350121570,9963764320313,0.24660277,0.4333505,9.933543,-6.1086525E-4,-0.0012217305,0.0012217305,TREMOR,49fd21027e7c
1777350121578,9963772345546,0.2825158,0.4357447,9.904813,0.0,-0.002443461,6.1086525E-4,TREMOR,49fd21027e7c
1777350121586,9963780342703,0.25857377,0.46447513,9.94312,-0.0012217305,6.1086525E-4,6.1086525E-4,TREMOR,49fd21027e7c
1777350121594,9963788336860,0.2753332,0.46447513,9.940725,-0.0030543262,0.0018325958,0.0012217305,TREMOR,49fd21027e7c
1777350121602,9963796333785,0.2801216,0.46208093,9.933543,-0.0012217305,0.0,6.1086525E-4,TREMOR,49fd21027e7c
1777350121610,9963804328019,0.2633622,0.45489833,9.921572,-0.002443461,0.0,0.0,TREMOR,49fd21027e7c
1777350121618,9963812324022,0.25139117,0.45250413,9.89763,-6.1086525E-4,-0.0012217305,-0.0012217305,TREMOR,49fd21027e7c
1777350121626,9963820319332,0.272939,0.47644615,9.900024,-6.1086525E-4,-6.1086525E-4,6.1086525E-4,TREMOR,49fd21027e7c
1777350121634,9963828344873,0.2681506,0.46686932,9.895236,-6.1086525E-4,6.1086525E-4,-6.1086525E-4,TREMOR,49fd21027e7c
1777350121642,9963836343107,0.2633622,0.46926352,9.938332,-6.1086525E-4,-6.1086525E-4,0.0,TREMOR,49fd21027e7c
1777350121650,9963844337571,0.2777274,0.45968673,9.9550905,-0.0012217305,-0.0012217305,0.0012217305,TREMOR,49fd21027e7c
1777350121658,9963852334497,0.29448682,0.47884035,9.928755,-6.1086525E-4,-0.0018325958,6.1086525E-4,TREMOR,49fd21027e7c
1777350121666,9963860327653,0.272939,0.46926352,9.933543,-0.0012217305,0.0012217305,6.1086525E-4,TREMOR,49fd21027e7c
1777350121674,9963868324887,0.2777274,0.46208093,9.935937,-6.1086525E-4,0.0,6.1086525E-4,TREMOR,49fd21027e7c
1777350121682,9963876320351,0.2825158,0.47405192,9.916783,-0.0012217305,6.1086525E-4,6.1086525E-4,TREMOR,49fd21027e7c
1777350121690,9963884347046,0.2825158,0.45010993,9.91439,6.1086525E-4,6.1086525E-4,6.1086525E-4,TREMOR,49fd21027e7c
1777350121698,9963892341203,0.2777274,0.47405192,9.904813,0.0012217305,-6.1086525E-4,6.1086525E-4,TREMOR,49fd21027e7c
1777350121706,9963900337514,0.2681506,0.47165772,9.911995,6.1086525E-4,-0.0012217305,0.0012217305,TREMOR,49fd21027e7c
1777350121714,9963908331131,0.272939,0.50996494,9.92636,6.1086525E-4,-6.1086525E-4,-6.1086525E-4,TREMOR,49fd21027e7c
1777350121722,9963916327365,0.2633622,0.50757074,9.940725,0.0,0.0018325958,-6.1086525E-4,TREMOR,49fd21027e7c
1777350121730,9963924323676,0.2633622,0.47405192,9.950302,-0.0018325958,-6.1086525E-4,0.0,TREMOR,49fd21027e7c
1777350121738,9963932318831,0.24181437,0.46926352,9.962274,-0.0030543262,-6.1086525E-4,0.0,TREMOR,49fd21027e7c
1777350121746,9963940345296,0.23702596,0.45010993,9.957485,-0.0018325958,-6.1086525E-4,0.0,TREMOR,49fd21027e7c
1777350121754,9963948340299,0.25617957,0.44771573,9.92636,-0.0012217305,-0.0018325958,0.0,TREMOR,49fd21027e7c
1777350121762,9963956335994,0.29209262,0.46447513,9.890448,-6.1086525E-4,-6.1086525E-4,-0.0012217305,TREMOR,49fd21027e7c
1777350121770,9963964332919,0.2633622,0.47644615,9.885659,0.0,-6.1086525E-4,-6.1086525E-4,TREMOR,49fd21027e7c
1777350121778,9963972328384,0.2801216,0.46686932,9.895236,-0.0012217305,0.0012217305,-6.1086525E-4,TREMOR,49fd21027e7c
1777350121786,9963980322772,0.2681506,0.45489833,9.904813,-0.0030543262,0.002443461,0.0,TREMOR,49fd21027e7c
1777350121794,9963988321235,0.2657564,0.44532153,9.938332,-0.0012217305,6.1086525E-4,0.0,TREMOR,49fd21027e7c
1777350121802,9963996344930,0.2777274,0.45489833,9.916783,0.0018325958,-0.0030543262,0.0012217305,TREMOR,49fd21027e7c
1777350121810,9964004341010,0.272939,0.48602295,9.933543,0.0018325958,-6.1086525E-4,-0.0012217305,TREMOR,49fd21027e7c
1777350121818,9964012337321,0.29927522,0.46208093,9.938332,6.1086525E-4,0.0,-0.0012217305,TREMOR,49fd21027e7c
1777350121826,9964020331708,0.2873042,0.47165772,9.945514,-6.1086525E-4,0.0012217305,0.0,TREMOR,49fd21027e7c
1777350121834,9964028328095,0.2681506,0.46926352,9.9550905,-0.0012217305,0.002443461,6.1086525E-4,TREMOR,49fd21027e7c
1777350121842,9964036322791,0.25857377,0.45968673,9.933543,-6.1086525E-4,6.1086525E-4,0.0012217305,TREMOR,49fd21027e7c
1777350121850,9964044319793,0.2705448,0.46686932,9.940725,-0.0018325958,0.0012217305,6.1086525E-4,TREMOR,49fd21027e7c
1777350121858,9964052347180,0.2681506,0.44532153,9.923966,-6.1086525E-4,0.0,6.1086525E-4,TREMOR,49fd21027e7c
1777350121866,9964060340953,0.24420857,0.44532153,9.933543,-0.0012217305,0.002443461,0.0012217305,TREMOR,49fd21027e7c
1777350121874,9964068335493,0.24899697,0.45010993,9.94312,-0.0018325958,0.0,0.0018325958,TREMOR,49fd21027e7c
1777350121882,9964076331188,0.2633622,0.47405192,9.92636,-6.1086525E-4,-0.0012217305,-0.0012217305,TREMOR,49fd21027e7c
1777350121890,9964084329884,0.260968,0.47165772,9.923966,0.0,-6.1086525E-4,0.0,TREMOR,49fd21027e7c
1777350121898,9964092322887,0.24420857,0.45729253,9.907207,-0.0012217305,-6.1086525E-4,-6.1086525E-4,TREMOR,49fd21027e7c
1777350121906,9964100317889,0.2777274,0.46926352,9.923966,-0.0012217305,-6.1086525E-4,0.0,TREMOR,49fd21027e7c
1777350121914,9964108344046,0.2777274,0.45010993,9.923966,-6.1086525E-4,-0.0018325958,-6.1086525E-4,TREMOR,49fd21027e7c
1777350121922,9964116340049,0.28491,0.44771573,9.938332,-0.0018325958,-0.0018325958,0.0,TREMOR,49fd21027e7c
1777350121930,9964124336743,0.25857377,0.45968673,9.923966,-0.0012217305,-0.0012217305,6.1086525E-4,TREMOR,49fd21027e7c
1777350121938,9964132331438,0.2825158,0.47405192,9.895236,0.0018325958,-6.1086525E-4,6.1086525E-4,TREMOR,49fd21027e7c
1777350121946,9964140327749,0.29209262,0.49559975,9.907207,0.0,0.002443461,6.1086525E-4,TREMOR,49fd21027e7c
1777350121954,9964148323521,0.2681506,0.47884035,9.919178,-6.1086525E-4,0.0,0.0012217305,TREMOR,49fd21027e7c
1777350121962,9964156318831,0.29448682,0.46447513,9.945514,-6.1086525E-4,0.002443461,0.0,TREMOR,49fd21027e7c
1777350121970,9964164343757,0.2657564,0.46447513,9.938332,-6.1086525E-4,0.0,0.0012217305,TREMOR,49fd21027e7c
1777350121978,9964172341991,0.2657564,0.4381389,9.952697,-0.0012217305,0.0012217305,6.1086525E-4,TREMOR,49fd21027e7c
1777350121986,9964180333993,0.24899697,0.45010993,9.94312,0.0018325958,0.0012217305,6.1086525E-4,TREMOR,49fd21027e7c
1777350121994,9964188332073,0.22266077,0.46447513,9.940725,6.1086525E-4,-6.1086525E-4,0.0012217305,TREMOR,49fd21027e7c
1777350122002,9964196326922,0.260968,0.48123455,9.91439,0.0,6.1086525E-4,6.1086525E-4,TREMOR,49fd21027e7c
1777350122010,9964204321617,0.25378537,0.49559975,9.916783,-0.0012217305,-6.1086525E-4,0.0,TREMOR,49fd21027e7c
1777350122018,9964212350927,0.25857377,0.47644615,9.911995,-0.0012217305,0.0012217305,-6.1086525E-4,TREMOR,49fd21027e7c
1777350122026,9964220344392,0.2681506,0.47405192,9.923966,-0.002443461,-6.1086525E-4,0.0,TREMOR,49fd21027e7c
1777350122034,9964228339241,0.2801216,0.45968673,9.931149,-0.0018325958,-6.1086525E-4,0.0,TREMOR,49fd21027e7c
1777350122042,9964236334627,0.2633622,0.45489833,9.919178,-0.0012217305,6.1086525E-4,6.1086525E-4,TREMOR,49fd21027e7c
1777350122050,9964244330861,0.25857377,0.45968673,9.938332,-0.0012217305,6.1086525E-4,0.0,TREMOR,49fd21027e7c
1777350122058,9964252327172,0.28491,0.47884035,9.931149,0.0,-0.0012217305,-6.1086525E-4,TREMOR,49fd21027e7c
1777350122066,9964260321405,0.3184288,0.47165772,9.890448,0.0,-0.0018325958,0.0,TREMOR,49fd21027e7c
1777350122074,9964268348100,0.29927522,0.46686932,9.888053,-6.1086525E-4,-6.1086525E-4,-6.1086525E-4,TREMOR,49fd21027e7c
1777350122082,9964276343180,0.29688102,0.46686932,9.89763,-6.1086525E-4,6.1086525E-4,6.1086525E-4,TREMOR,49fd21027e7c
1777350122090,9964284342260,0.260968,0.45489833,9.91439,0.0,0.0036651916,0.0,TREMOR,49fd21027e7c
1777350122098,9964292336108,0.23942018,0.45729253,9.938332,-0.0012217305,0.0018325958,6.1086525E-4,TREMOR,49fd21027e7c
1777350122106,9964300332803,0.23942018,0.48841715,9.935937,6.1086525E-4,0.0012217305,-6.1086525E-4,TREMOR,49fd21027e7c
1777350122114,9964308326037,0.23223756,0.45968673,9.950302,6.1086525E-4,-6.1086525E-4,0.0,TREMOR,49fd21027e7c
1777350122122,9964316321732,0.22505496,0.48123455,9.931149,6.1086525E-4,-0.0012217305,0.0,TREMOR,49fd21027e7c
1777350122130,9964324348427,0.2681506,0.46686932,9.94312,-6.1086525E-4,-6.1086525E-4,-6.1086525E-4,TREMOR,49fd21027e7c
1777350122138,9964332344430,0.260968,0.46926352,9.952697,-0.0012217305,-0.0012217305,6.1086525E-4,TREMOR,49fd21027e7c
1777350122146,9964340339587,0.25139117,0.47165772,9.964667,-0.0036651916,0.0,0.0,TREMOR,49fd21027e7c
1777350122154,9964348334358,0.25857377,0.4429273,9.94312,-0.0018325958,0.0,-6.1086525E-4,TREMOR,49fd21027e7c
1777350122162,9964356331515,0.24420857,0.45729253,9.931149,-6.1086525E-4,6.1086525E-4,6.1086525E-4,TREMOR,49fd21027e7c
1777350122170,9964364328518,0.25378537,0.45489833,9.909601,-6.1086525E-4,6.1086525E-4,0.0,TREMOR,49fd21027e7c
1777350122178,9964372321751,0.24660277,0.48362875,9.900024,6.1086525E-4,-0.0012217305,6.1086525E-4,TREMOR,49fd21027e7c
1777350122186,9964380316523,0.2777274,0.47405192,9.904813,-6.1086525E-4,6.1086525E-4,6.1086525E-4,TREMOR,49fd21027e7c
1777350122194,9964388343218,0.29448682,0.48123455,9.900024,-0.0018325958,-0.0012217305,6.1086525E-4,TREMOR,49fd21027e7c
1777350122202,9964396341990,0.28491,0.46686932,9.933543,-0.0018325958,0.0012217305,-0.0012217305,TREMOR,49fd21027e7c
1777350122210,9964404337069,0.29209262,0.46926352,9.909601,-6.1086525E-4,0.0,6.1086525E-4,TREMOR,49fd21027e7c
1777350122218,9964412329149,0.2801216,0.47165772,9.931149,0.0012217305,0.0012217305,6.1086525E-4,TREMOR,49fd21027e7c
1777350122226,9964420326075,0.272939,0.47405192,9.933543,0.0012217305,0.0012217305,0.0,TREMOR,49fd21027e7c
1777350122234,9964428322385,0.2777274,0.46926352,9.940725,0.0,6.1086525E-4,0.0012217305,TREMOR,49fd21027e7c
1777350122242,9964436349081,0.2777274,0.47644615,9.94312,-6.1086525E-4,6.1086525E-4,0.0012217305,TREMOR,49fd21027e7c
1777350122250,9964444343314,0.2705448,0.45489833,9.92636,-6.1086525E-4,0.0012217305,6.1086525E-4,TREMOR,49fd21027e7c
1777350122258,9964452338010,0.25857377,0.45250413,9.952697,-0.0012217305,0.0012217305,0.0012217305,TREMOR,49fd21027e7c
1777350122266,9964460334396,0.2705448,0.4357447,9.945514,-0.0018325958,0.0,-6.1086525E-4,TREMOR,49fd21027e7c
1777350122274,9964468329784,0.25378537,0.45729253,9.952697,-0.0018325958,0.0,-6.1086525E-4,TREMOR,49fd21027e7c
1777350122282,9964476324556,0.24420857,0.44771573,9.959879,-0.0018325958,6.1086525E-4,0.0,TREMOR,49fd21027e7c
1777350122290,9964484323943,0.23223756,0.44771573,9.94312,-0.0018325958,6.1086525E-4,-6.1086525E-4,TREMOR,49fd21027e7c
1777350122298,9964492348177,0.23223756,0.46926352,9.938332,0.0,-0.002443461,0.0,TREMOR,49fd21027e7c
1777350122306,9964500341795,0.22984336,0.46686932,9.89763,6.1086525E-4,-0.002443461,6.1086525E-4,TREMOR,49fd21027e7c
1777350122314,9964508339874,0.2753332,0.46926352,9.892841,-0.0018325958,-0.0012217305,-0.0012217305,TREMOR,49fd21027e7c
1777350122322,9964516335569,0.2825158,0.46686932,9.94312,-0.002443461,0.0,0.0,TREMOR,49fd21027e7c
1777350122330,9964524330341,0.2801216,0.45729253,9.94312,-0.0018325958,6.1086525E-4,-6.1086525E-4,TREMOR,49fd21027e7c
1777350122338,9964532326345,0.31364042,0.46208093,9.928755,-0.0018325958,6.1086525E-4,-0.0018325958,TREMOR,49fd21027e7c
1777350122346,9964540320885,0.28491,0.47405192,9.900024,0.0018325958,-6.1086525E-4,6.1086525E-4,TREMOR,49fd21027e7c
1777350122354,9964548316273,0.30406362,0.47405192,9.89763,0.0012217305,6.1086525E-4,-6.1086525E-4,TREMOR,49fd21027e7c
1777350122362,9964556342660,0.2705448,0.50278234,9.902418,0.0018325958,0.0030543262,0.002443461,TREMOR,49fd21027e7c
1777350122370,9964564339893,0.25378537,0.49081135,9.931149,-6.1086525E-4,0.004276057,-6.1086525E-4,TREMOR,49fd21027e7c
1777350122378,9964572335050,0.25139117,0.47644615,9.952697,0.0,6.1086525E-4,0.0018325958,TREMOR,49fd21027e7c
1777350122386,9964580330668,0.25857377,0.46926352,9.952697,6.1086525E-4,-6.1086525E-4,0.0012217305,TREMOR,49fd21027e7c
1777350122394,9964588326133,0.25617957,0.46686932,9.9550905,0.0,0.0012217305,6.1086525E-4,TREMOR,49fd21027e7c
1777350122402,9964596321520,0.22984336,0.46447513,9.950302,-6.1086525E-4,0.0012217305,-6.1086525E-4,TREMOR,49fd21027e7c
1777350122410,9964604347907,0.2657564,0.45010993,9.945514,-0.0018325958,0.0018325958,6.1086525E-4,TREMOR,49fd21027e7c
1777350122418,9964612342141,0.25617957,0.4405331,9.94312,-0.0012217305,-0.0018325958,0.0,TREMOR,49fd21027e7c
1777350122426,9964620338758,0.2777274,0.4405331,9.931149,-6.1086525E-4,-0.0012217305,6.1086525E-4,TREMOR,49fd21027e7c
1777350122434,9964628334684,0.29448682,0.45489833,9.91439,0.0,-6.1086525E-4,6.1086525E-4,TREMOR,49fd21027e7c
1777350122442,9964636330072,0.2896984,0.46926352,9.900024,-0.0018325958,-6.1086525E-4,-6.1086525E-4,TREMOR,49fd21027e7c
1777350122450,9964644323921,0.2873042,0.46208093,9.916783,0.0,0.0012217305,0.0,TREMOR,49fd21027e7c
1777350122458,9964652321539,0.2873042,0.47405192,9.931149,-0.0018325958,0.0,0.0,TREMOR,49fd21027e7c
1777350122466,9964660346388,0.2777274,0.47884035,9.962274,-0.0012217305,6.1086525E-4,0.0,TREMOR,49fd21027e7c
1777350122474,9964668341468,0.2896984,0.46208093,9.952697,0.0,6.1086525E-4,-6.1086525E-4,TREMOR,49fd21027e7c
1777350122482,9964676338701,0.29688102,0.45968673,9.957485,-6.1086525E-4,0.0,6.1086525E-4,TREMOR,49fd21027e7c
1777350122490,9964684334165,0.2777274,0.47405192,9.940725,0.0012217305,-0.0012217305,6.1086525E-4,TREMOR,49fd21027e7c
1777350122498,9964692330168,0.28491,0.48123455,9.911995,-6.1086525E-4,0.002443461,0.0012217305,TREMOR,49fd21027e7c
1777350122506,9964700325479,0.272939,0.46686932,9.907207,6.1086525E-4,0.0018325958,0.0,TREMOR,49fd21027e7c
1777350122514,9964708321173,0.24660277,0.45968673,9.940725,6.1086525E-4,0.0018325958,0.0012217305,TREMOR,49fd21027e7c
1777350122522,9964716348022,0.2753332,0.47405192,9.931149,-6.1086525E-4,6.1086525E-4,0.0012217305,TREMOR,49fd21027e7c
1777350122530,9964724341179,0.24660277,0.46208093,9.945514,0.0,0.0018325958,6.1086525E-4,TREMOR,49fd21027e7c
1777350122538,9964732337258,0.24660277,0.48123455,9.921572,6.1086525E-4,0.0012217305,-6.1086525E-4,TREMOR,49fd21027e7c
1777350122546,9964740332569,0.24420857,0.48362875,9.938332,6.1086525E-4,-0.0012217305,0.0,TREMOR,49fd21027e7c
1777350122554,9964748328880,0.25617957,0.48602295,9.950302,-6.1086525E-4,0.0,0.0,TREMOR,49fd21027e7c
1777350122562,9964756324343,0.2801216,0.47165772,9.938332,-6.1086525E-4,0.0,0.0018325958,TREMOR,49fd21027e7c
1777350122570,9964764319731,0.2777274,0.47644615,9.94312,-0.002443461,0.0012217305,-6.1086525E-4,TREMOR,49fd21027e7c
1777350122578,9964772347118,0.2825158,0.45968673,9.938332,-0.0036651916,0.0018325958,6.1086525E-4,TREMOR,49fd21027e7c
1777350122586,9964780341506,0.25617957,0.46686932,9.94312,-0.002443461,6.1086525E-4,0.0012217305,TREMOR,49fd21027e7c
1777350122594,9964788336970,0.25857377,0.45250413,9.928755,-0.0018325958,6.1086525E-4,-6.1086525E-4,TREMOR,49fd21027e7c
1777350122602,9964796332973,0.2633622,0.45489833,9.907207,-0.0018325958,0.0012217305,-6.1086525E-4,TREMOR,49fd21027e7c
1777350122610,9964804328668,0.25378537,0.47165772,9.911995,-0.0018325958,-6.1086525E-4,6.1086525E-4,TREMOR,49fd21027e7c
1777350122618,9964812324901,0.260968,0.47405192,9.907207,-6.1086525E-4,-0.0018325958,-0.0018325958,TREMOR,49fd21027e7c
1777350122626,9964820321596,0.2705448,0.47884035,9.907207,-0.0018325958,-6.1086525E-4,0.0,TREMOR,49fd21027e7c
1777350122634,9964828347061,0.2777274,0.47165772,9.950302,-6.1086525E-4,0.002443461,6.1086525E-4,TREMOR,49fd21027e7c
1777350122642,9964836340987,0.2681506,0.46208093,9.938332,-0.0018325958,0.0012217305,6.1086525E-4,TREMOR,49fd21027e7c
1777350122650,9964844338450,0.28491,0.46926352,9.931149,0.0,0.0012217305,0.0,TREMOR,49fd21027e7c
1777350122658,9964852332992,0.272939,0.46447513,9.902418,6.1086525E-4,-0.0018325958,0.0,TREMOR,49fd21027e7c
1777350122666,9964860328379,0.2681506,0.45489833,9.919178,0.0012217305,-6.1086525E-4,-6.1086525E-4,TREMOR,49fd21027e7c
1777350122674,9964868323381,0.272939,0.47165772,9.940725,0.0,-0.0012217305,6.1086525E-4,TREMOR,49fd21027e7c
1777350122682,9964876319769,0.2705448,0.46208093,9.945514,-0.0018325958,0.0012217305,-6.1086525E-4,TREMOR,49fd21027e7c
1777350122690,9964884345311,0.28491,0.46208093,9.959879,-0.0018325958,0.002443461,6.1086525E-4,TREMOR,49fd21027e7c
1777350122698,9964892342467,0.260968,0.45489833,9.94312,-6.1086525E-4,-6.1086525E-4,0.0,TREMOR,49fd21027e7c
1777350122706,9964900336316,0.260968,0.4381389,9.950302,0.0,-0.0012217305,-0.0012217305,TREMOR,49fd21027e7c
1777350122714,9964908334857,0.25378537,0.46208093,9.938332,0.0,-6.1086525E-4,0.0,TREMOR,49fd21027e7c
1777350122722,9964916329629,0.24899697,0.46208093,9.938332,-0.0012217305,6.1086525E-4,-0.0012217305,TREMOR,49fd21027e7c
1777350122730,9964924324324,0.25857377,0.46926352,9.92636,-0.0012217305,0.0018325958,6.1086525E-4,TREMOR,49fd21027e7c
1777350122738,9964932350865,0.24420857,0.45250413,9.92636,-0.0012217305,-0.002443461,-6.1086525E-4,TREMOR,49fd21027e7c
1777350122746,9964940346253,0.2705448,0.45250413,9.921572,-0.0012217305,0.0,6.1086525E-4,TREMOR,49fd21027e7c
1777350122754,9964948340948,0.25857377,0.47884035,9.902418,-6.1086525E-4,-0.0018325958,-0.0012217305,TREMOR,49fd21027e7c
1777350122762,9964956337258,0.272939,0.47405192,9.923966,-6.1086525E-4,6.1086525E-4,0.0018325958,TREMOR,49fd21027e7c
1777350122770,9964964333261,0.2801216,0.48362875,9.928755,-6.1086525E-4,0.0012217305,0.0,TREMOR,49fd21027e7c
1777350122778,9964972328725,0.2681506,0.47644615,9.938332,-0.0012217305,0.0012217305,-6.1086525E-4,TREMOR,49fd21027e7c
1777350122786,9964980322804,0.2896984,0.46926352,9.933543,-0.0012217305,-6.1086525E-4,-0.0018325958,TREMOR,49fd21027e7c
1777350122794,9964988319730,0.28491,0.46686932,9.909601,0.0,-0.0018325958,6.1086525E-4,TREMOR,49fd21027e7c
1777350122802,9964996345580,0.2753332,0.48123455,9.91439,6.1086525E-4,0.0018325958,0.0012217305,TREMOR,49fd21027e7c
1777350122810,9965004340735,0.25617957,0.47165772,9.907207,0.0,0.002443461,-6.1086525E-4,TREMOR,49fd21027e7c
1777350122818,9965012337046,0.260968,0.47405192,9.92636,0.0,6.1086525E-4,6.1086525E-4,TREMOR,49fd21027e7c
1777350122826,9965020332049,0.25857377,0.47884035,9.921572,-6.1086525E-4,0.0,0.0,TREMOR,49fd21027e7c
1777350122834,9965028327206,0.24899697,0.48602295,9.931149,0.0,0.0,0.0012217305,TREMOR,49fd21027e7c
1777350122842,9965036324054,0.25617957,0.47644615,9.94312,-6.1086525E-4,0.0030543262,-6.1086525E-4,TREMOR,49fd21027e7c
1777350122850,9965044320057,0.24420857,0.44771573,9.940725,-6.1086525E-4,0.002443461,0.0018325958,TREMOR,49fd21027e7c
1777350122858,9965052344676,0.25139117,0.46686932,9.94312,-6.1086525E-4,0.0,0.0,TREMOR,49fd21027e7c
1777350122866,9965060341908,0.25617957,0.45010993,9.938332,0.0,-0.0018325958,6.1086525E-4,TREMOR,49fd21027e7c
1777350122874,9965068337911,0.2657564,0.45489833,9.9550905,-0.0012217305,-6.1086525E-4,-0.0012217305,TREMOR,49fd21027e7c
1777350122882,9965076332684,0.2657564,0.45729253,9.92636,0.0,6.1086525E-4,0.0,TREMOR,49fd21027e7c
1777350122890,9965084326917,0.260968,0.49081135,9.895236,0.0012217305,-0.002443461,6.1086525E-4,TREMOR,49fd21027e7c
1777350122898,9965092321996,0.2753332,0.48362875,9.89763,-6.1086525E-4,-0.0012217305,6.1086525E-4,TREMOR,49fd21027e7c
1777350122906,9965100318230,0.2825158,0.47644615,9.900024,0.0,6.1086525E-4,0.0012217305,TREMOR,49fd21027e7c
1777350122914,9965108343849,0.2753332,0.47405192,9.94312,-6.1086525E-4,6.1086525E-4,0.0,TREMOR,49fd21027e7c
1777350122922,9965116341081,0.2705448,0.47165772,9.950302,-6.1086525E-4,0.0012217305,0.0,TREMOR,49fd21027e7c
1777350122930,9965124335854,0.25857377,0.47405192,9.940725,-0.0018325958,0.0018325958,0.0,TREMOR,49fd21027e7c
1777350122938,9965132334241,0.28491,0.45968673,9.933543,6.1086525E-4,-0.0012217305,0.0012217305,TREMOR,49fd21027e7c
1777350122946,9965140327167,0.2633622,0.44771573,9.923966,0.0012217305,6.1086525E-4,-6.1086525E-4,TREMOR,49fd21027e7c
1777350122954,9965148323246,0.2657564,0.45729253,9.935937,-0.0012217305,-6.1086525E-4,6.1086525E-4,TREMOR,49fd21027e7c
1777350122962,9965156319557,0.2777274,0.45010993,9.931149,-6.1086525E-4,0.0,6.1086525E-4,TREMOR,49fd21027e7c
1777350122970,9965164345329,0.2657564,0.45489833,9.935937,-6.1086525E-4,0.0018325958,6.1086525E-4,TREMOR,49fd21027e7c
1777350122978,9965172340177,0.25857377,0.45729253,9.938332,-6.1086525E-4,0.0012217305,-6.1086525E-4,TREMOR,49fd21027e7c
1777350122986,9965180335565,0.2657564,0.46208093,9.940725,-6.1086525E-4,6.1086525E-4,-0.0012217305,TREMOR,49fd21027e7c
1777350122994,9965188330645,0.260968,0.45489833,9.938332,6.1086525E-4,-6.1086525E-4,6.1086525E-4,TREMOR,49fd21027e7c
1777350123002,9965196328109,0.25139117,0.45968673,9.931149,-6.1086525E-4,0.0012217305,6.1086525E-4,TREMOR,49fd21027e7c
1777350123010,9965204322035,0.2681506,0.47884035,9.928755,-6.1086525E-4,0.0018325958,0.0012217305,TREMOR,49fd21027e7c
1777350123018,9965212319268,0.25857377,0.45968673,9.919178,-0.0012217305,-0.0012217305,0.0,TREMOR,49fd21027e7c
1777350123026,9965220345348,0.2753332,0.47644615,9.940725,-6.1086525E-4,0.0012217305,-6.1086525E-4,TREMOR,49fd21027e7c
1777350123034,9965228338966,0.2801216,0.46208093,9.935937,-0.0018325958,-6.1086525E-4,0.0012217305,TREMOR,49fd21027e7c
1777350123042,9965236334969,0.272939,0.47405192,9.928755,-6.1086525E-4,6.1086525E-4,0.0,TREMOR,49fd21027e7c
1777350123050,9965244331895,0.272939,0.46926352,9.92636,-0.0012217305,0.0012217305,0.0012217305,TREMOR,49fd21027e7c
1777350123058,9965252329435,0.2753332,0.46926352,9.928755,6.1086525E-4,0.0,-6.1086525E-4,TREMOR,49fd21027e7c
1777350123066,9965260323285,0.25857377,0.47884035,9.940725,-0.0012217305,-6.1086525E-4,-6.1086525E-4,TREMOR,49fd21027e7c
1777350123074,9965268347826,0.25378537,0.47884035,9.92636,0.0,0.0012217305,-0.0012217305,TREMOR,49fd21027e7c
1777350123082,9965276344829,0.272939,0.47405192,9.919178,-6.1086525E-4,0.0018325958,0.0012217305,TREMOR,49fd21027e7c
1777350123090,9965284339293,0.2801216,0.46926352,9.921572,-0.0012217305,6.1086525E-4,6.1086525E-4,TREMOR,49fd21027e7c
1777350123098,9965292336526,0.2825158,0.46447513,9.947908,-6.1086525E-4,0.0012217305,0.0,TREMOR,49fd21027e7c
1777350123106,9965300330068,0.25139117,0.4309563,9.940725,6.1086525E-4,0.0018325958,0.0,TREMOR,49fd21027e7c
1777350123114,9965308327608,0.25617957,0.4381389,9.950302,-6.1086525E-4,0.0018325958,0.0012217305,TREMOR,49fd21027e7c
1777350123122,9965316322611,0.25139117,0.45729253,9.940725,6.1086525E-4,0.0,0.0012217305,TREMOR,49fd21027e7c
1777350123130,9965324350307,0.2633622,0.46926352,9.911995,-0.0012217305,0.0,-0.0012217305,TREMOR,49fd21027e7c
1777350123138,9965332344540,0.25617957,0.46208093,9.923966,0.0018325958,0.0018325958,0.0012217305,TREMOR,49fd21027e7c
1777350123146,9965340340773,0.260968,0.46208093,9.931149,-0.0018325958,-0.0018325958,0.0012217305,TREMOR,49fd21027e7c
1777350123154,9965348336238,0.2753332,0.46686932,9.938332,-0.0012217305,-6.1086525E-4,6.1086525E-4,TREMOR,49fd21027e7c
1777350123162,9965356331318,0.2705448,0.47644615,9.945514,0.0,0.0012217305,0.0,TREMOR,49fd21027e7c
1777350123170,9965364327627,0.2825158,0.46208093,9.945514,0.0,0.0012217305,0.0,TREMOR,49fd21027e7c
1777350123178,9965372322938,0.2705448,0.46208093,9.928755,-0.0012217305,0.0012217305,6.1086525E-4,TREMOR,49fd21027e7c
1777350123186,9965380319249,0.25139117,0.45968673,9.92636,-6.1086525E-4,-6.1086525E-4,6.1086525E-4,TREMOR,49fd21027e7c
1777350123194,9965388345790,0.29209262,0.46686932,9.933543,6.1086525E-4,0.0018325958,0.0,TREMOR,49fd21027e7c
1777350123202,9965396339946,0.2801216,0.47644615,9.931149,-6.1086525E-4,0.0018325958,0.0,TREMOR,49fd21027e7c
1777350123210,9965404334949,0.28491,0.48123455,9.923966,0.0,-6.1086525E-4,6.1086525E-4,TREMOR,49fd21027e7c
1777350123218,9965412330414,0.2753332,0.49320555,9.938332,-6.1086525E-4,0.0,-0.0018325958,TREMOR,49fd21027e7c
1777350123226,9965420327262,0.272939,0.49320555,9.921572,-0.0012217305,0.0018325958,0.0018325958,TREMOR,49fd21027e7c
1777350123234,9965428320573,0.2681506,0.47884035,9.921572,-6.1086525E-4,0.0,6.1086525E-4,TREMOR,49fd21027e7c
1777350123242,9965436347960,0.24420857,0.46447513,9.928755,-0.0012217305,6.1086525E-4,0.0012217305,TREMOR,49fd21027e7c
1777350123250,9965444343039,0.23702596,0.46686932,9.928755,-0.0018325958,0.0018325958,6.1086525E-4,TREMOR,49fd21027e7c
1777350123258,9965452339888,0.23702596,0.45729253,9.945514,-0.0018325958,0.0018325958,0.0,TREMOR,49fd21027e7c
1777350123266,9965460333507,0.2633622,0.4333505,9.931149,-0.002443461,-6.1086525E-4,6.1086525E-4,TREMOR,49fd21027e7c
1777350123274,9965468330048,0.2801216,0.4261679,9.947908,-0.002443461,-6.1086525E-4,0.0012217305,TREMOR,49fd21027e7c
1777350123282,9965476326050,0.272939,0.44771573,9.945514,-6.1086525E-4,-0.0012217305,6.1086525E-4,TREMOR,49fd21027e7c
1777350123290,9965484322438,0.28491,0.44532153,9.900024,-6.1086525E-4,-6.1086525E-4,6.1086525E-4,TREMOR,49fd21027e7c
1777350123298,9965492350056,0.2681506,0.45729253,9.900024,0.0,6.1086525E-4,-6.1086525E-4,TREMOR,49fd21027e7c
1777350123306,9965500344597,0.2753332,0.47644615,9.895236,0.0,0.0036651916,0.0,TREMOR,49fd21027e7c
1777350123314,9965508338754,0.2633622,0.47644615,9.91439,0.0,0.0012217305,0.0012217305,TREMOR,49fd21027e7c
1777350123322,9965516334141,0.272939,0.49081135,9.940725,0.0012217305,0.0030543262,0.0,TREMOR,49fd21027e7c
1777350123330,9965524329529,0.260968,0.46686932,9.92636,0.0,-0.0012217305,0.0,TREMOR,49fd21027e7c
1777350123338,9965532326146,0.272939,0.48362875,9.94312,0.0,0.0,0.0,TREMOR,49fd21027e7c
1777350123346,9965540320303,0.2777274,0.46686932,9.921572,6.1086525E-4,0.002443461,6.1086525E-4,TREMOR,49fd21027e7c
1777350123354,9965548348229,0.25617957,0.49320555,9.931149,0.0,6.1086525E-4,0.0012217305,TREMOR,49fd21027e7c
1777350123362,9965556342462,0.2753332,0.46926352,9.923966,0.0,0.0012217305,6.1086525E-4,TREMOR,49fd21027e7c
1777350123370,9965564338388,0.2657564,0.47165772,9.91439,0.0,6.1086525E-4,-6.1086525E-4,TREMOR,49fd21027e7c
1777350123378,9965572333776,0.25378537,0.46686932,9.91439,6.1086525E-4,-0.0012217305,0.0012217305,TREMOR,49fd21027e7c
1777350123386,9965580330394,0.260968,0.45968673,9.911995,0.0,0.0,6.1086525E-4,TREMOR,49fd21027e7c
1777350123394,9965588325166,0.25617957,0.46926352,9.89763,-6.1086525E-4,-6.1086525E-4,0.0,TREMOR,49fd21027e7c
1777350123402,9965596320246,0.2801216,0.47405192,9.900024,-0.0018325958,6.1086525E-4,0.0,TREMOR,49fd21027e7c
1777350123410,9965604317172,0.2633622,0.47884035,9.919178,-0.002443461,-0.0018325958,0.0012217305,TREMOR,49fd21027e7c
1777350123418,9965612345481,0.25139117,0.46926352,9.928755,-6.1086525E-4,0.0,0.0012217305,TREMOR,49fd21027e7c
1777350123426,9965620337792,0.24181437,0.46447513,9.921572,-0.0018325958,6.1086525E-4,0.0,TREMOR,49fd21027e7c
1777350123434,9965628333257,0.25139117,0.44771573,9.921572,-0.0012217305,6.1086525E-4,-6.1086525E-4,TREMOR,49fd21027e7c
1777350123442,9965636329183,0.2657564,0.4429273,9.900024,0.0,-0.0036651916,6.1086525E-4,TREMOR,49fd21027e7c
1777350123450,9965644325569,0.2825158,0.45968673,9.888053,-6.1086525E-4,-0.002443461,0.0,TREMOR,49fd21027e7c
1777350123458,9965652321803,0.2777274,0.46926352,9.885659,0.0,0.0018325958,0.0012217305,TREMOR,49fd21027e7c
1777350123466,9965660345883,0.2705448,0.46208093,9.902418,-0.0018325958,0.0018325958,0.0,TREMOR,49fd21027e7c
1777350123474,9965668343962,0.28491,0.49320555,9.91439,-6.1086525E-4,0.0012217305,6.1086525E-4,TREMOR,49fd21027e7c
1777350123482,9965676339350,0.2801216,0.47165772,9.921572,6.1086525E-4,-6.1086525E-4,6.1086525E-4,TREMOR,49fd21027e7c
1777350123490,9965684334506,0.2705448,0.48841715,9.919178,6.1086525E-4,0.0018325958,-6.1086525E-4,TREMOR,49fd21027e7c
1777350123498,9965692328662,0.2633622,0.48602295,9.916783,-0.0012217305,0.0,-6.1086525E-4,TREMOR,49fd21027e7c
1777350123506,9965700324973,0.25617957,0.46926352,9.933543,-0.0018325958,0.002443461,0.0,TREMOR,49fd21027e7c
1777350123514,9965708320053,0.25617957,0.45729253,9.945514,-0.0030543262,6.1086525E-4,0.0,TREMOR,49fd21027e7c
1777350123522,9965716347671,0.23702596,0.45489833,9.94312,-0.0018325958,0.0012217305,6.1086525E-4,TREMOR,49fd21027e7c
1777350123530,9965724341827,0.24420857,0.45010993,9.907207,0.0,-6.1086525E-4,0.0,TREMOR,49fd21027e7c
1777350123538,9965732338523,0.2657564,0.45729253,9.902418,-6.1086525E-4,6.1086525E-4,-0.0018325958,TREMOR,49fd21027e7c
1777350123546,9965740335987,0.2681506,0.4429273,9.911995,-0.0012217305,0.0,-0.0012217305,TREMOR,49fd21027e7c
1777350123554,9965748328297,0.2681506,0.45968673,9.923966,-0.0018325958,-6.1086525E-4,-6.1086525E-4,TREMOR,49fd21027e7c
1777350123562,9965756325300,0.2657564,0.46447513,9.91439,-0.002443461,-0.0030543262,0.0018325958,TREMOR,49fd21027e7c
1777350123570,9965764321226,0.25617957,0.44532153,9.885659,-6.1086525E-4,-0.0012217305,6.1086525E-4,TREMOR,49fd21027e7c
1777350123578,9965772347460,0.24899697,0.4429273,9.900024,0.0,0.0012217305,-6.1086525E-4,TREMOR,49fd21027e7c
1777350123586,9965780343077,0.2681506,0.45010993,9.876082,-6.1086525E-4,6.1086525E-4,-6.1086525E-4,TREMOR,49fd21027e7c
1777350123594,9965788338542,0.2801216,0.47644615,9.888053,-0.0012217305,-6.1086525E-4,-6.1086525E-4,TREMOR,49fd21027e7c
1777350123602,9965796335776,0.2873042,0.48362875,9.902418,0.0012217305,-6.1086525E-4,-0.0012217305,TREMOR,49fd21027e7c
1777350123610,9965804328624,0.30645782,0.49081135,9.916783,6.1086525E-4,-6.1086525E-4,-0.0012217305,TREMOR,49fd21027e7c
1777350123618,9965812325627,0.29209262,0.48362875,9.940725,6.1086525E-4,6.1086525E-4,0.0018325958,TREMOR,49fd21027e7c
1777350123626,9965820319707,0.2753332,0.50038815,9.92636,0.0,0.0018325958,6.1086525E-4,TREMOR,49fd21027e7c
1777350123634,9965828345940,0.2753332,0.47405192,9.921572,6.1086525E-4,0.0012217305,0.0,TREMOR,49fd21027e7c
1777350123642,9965836343096,0.24660277,0.46686932,9.921572,0.0,0.002443461,0.0012217305,TREMOR,49fd21027e7c
1777350123650,9965844338253,0.25378537,0.46208093,9.931149,-0.002443461,0.0,0.0012217305,TREMOR,49fd21027e7c
1777350123658,9965852334256,0.23463176,0.45489833,9.964667,-0.0018325958,0.0,-6.1086525E-4,TREMOR,49fd21027e7c
1777350123666,9965860330258,0.24181437,0.44771573,9.950302,-0.002443461,0.0,0.0,TREMOR,49fd21027e7c
1777350123674,9965868323184,0.25857377,0.4429273,9.928755,-6.1086525E-4,6.1086525E-4,6.1086525E-4,TREMOR,49fd21027e7c
1777350123682,9965876321880,0.2657564,0.45729253,9.900024,-6.1086525E-4,-0.0018325958,0.0,TREMOR,49fd21027e7c
1777350123690,9965884344960,0.25139117,0.47405192,9.904813,-6.1086525E-4,0.0,-6.1086525E-4,TREMOR,49fd21027e7c
1777350123698,9965892342269,0.2681506,0.47405192,9.89763,-6.1086525E-4,6.1086525E-4,0.0,TREMOR,49fd21027e7c
1777350123706,9965900337965,0.2873042,0.48123455,9.904813,-0.0018325958,-0.0018325958,6.1086525E-4,TREMOR,49fd21027e7c
1777350123714,9965908333583,0.30406362,0.48602295,9.888053,0.0,-6.1086525E-4,0.0,TREMOR,49fd21027e7c
1777350123722,9965916329662,0.28491,0.47644615,9.880871,-6.1086525E-4,0.0012217305,0.0,TREMOR,49fd21027e7c
1777350123730,9965924324665,0.28491,0.46447513,9.91439,0.0,0.0,6.1086525E-4,TREMOR,49fd21027e7c
1777350123738,9965932320976,0.29448682,0.46208093,9.921572,6.1086525E-4,0.0018325958,0.0,TREMOR,49fd21027e7c
1777350123746,9965940347439,0.28491,0.47165772,9.928755,0.0,0.0018325958,0.0012217305,TREMOR,49fd21027e7c
1777350123754,9965948341365,0.2753332,0.47644615,9.928755,6.1086525E-4,0.0018325958,0.0018325958,TREMOR,49fd21027e7c
1777350123762,9965956336368,0.2657564,0.46447513,9.92636,-6.1086525E-4,0.0018325958,0.0012217305,TREMOR,49fd21027e7c
1777350123770,9965964332064,0.2681506,0.45250413,9.940725,-0.0012217305,0.0030543262,0.0012217305,TREMOR,49fd21027e7c
1777350123778,9965972328143,0.24899697,0.45729253,9.931149,-6.1086525E-4,6.1086525E-4,6.1086525E-4,TREMOR,49fd21027e7c
1777350123786,9965980323530,0.24181437,0.46926352,9.947908,-0.0012217305,0.0012217305,-6.1086525E-4,TREMOR,49fd21027e7c
1777350123794,9965988319226,0.23463176,0.47405192,9.933543,-6.1086525E-4,6.1086525E-4,-6.1086525E-4,TREMOR,49fd21027e7c
1777350123802,9965996345381,0.24660277,0.45968673,9.94312,-0.0012217305,-6.1086525E-4,0.0,TREMOR,49fd21027e7c
1777350123810,9966004341692,0.24899697,0.44532153,9.935937,-0.0012217305,0.0,0.0,TREMOR,49fd21027e7c
1777350123818,9966012337695,0.24899697,0.47405192,9.921572,-6.1086525E-4,6.1086525E-4,-6.1086525E-4,TREMOR,49fd21027e7c
1777350123826,9966020333391,0.25378537,0.46686932,9.919178,-0.0018325958,6.1086525E-4,-0.0012217305,TREMOR,49fd21027e7c
1777350123834,9966028330546,0.2705448,0.46447513,9.91439,-0.0018325958,-0.0012217305,6.1086525E-4,TREMOR,49fd21027e7c
1777350123842,9966036323165,0.29448682,0.45250413,9.911995,-0.0018325958,-0.0018325958,-0.0012217305,TREMOR,49fd21027e7c
1777350123850,9966044320091,0.29448682,0.4429273,9.904813,6.1086525E-4,-0.0030543262,0.0,TREMOR,49fd21027e7c
1777350123858,9966052346939,0.29448682,0.47165772,9.892841,0.0012217305,-6.1086525E-4,-6.1086525E-4,TREMOR,49fd21027e7c
1777350123866,9966060341711,0.31364042,0.47644615,9.890448,0.0012217305,0.0018325958,-6.1086525E-4,TREMOR,49fd21027e7c
1777350123874,9966068335560,0.29688102,0.48602295,9.900024,-6.1086525E-4,0.0012217305,0.0,TREMOR,49fd21027e7c
1777350123882,9966076333410,0.2705448,0.45250413,9.933543,-6.1086525E-4,6.1086525E-4,0.0012217305,TREMOR,49fd21027e7c
1777350123890,9966084327489,0.30166942,0.46208093,9.947908,0.0,0.0012217305,0.0018325958,TREMOR,49fd21027e7c
1777350123898,9966092325953,0.25617957,0.45010993,9.945514,6.1086525E-4,0.0030543262,0.0012217305,TREMOR,49fd21027e7c
1777350123906,9966100318572,0.24420857,0.45010993,9.904813,-6.1086525E-4,6.1086525E-4,6.1086525E-4,TREMOR,49fd21027e7c
1777350123914,9966108346574,0.24181437,0.45729253,9.938332,-6.1086525E-4,0.0,6.1086525E-4,TREMOR,49fd21027e7c
1777350123922,9966116342269,0.22744916,0.45489833,9.945514,-6.1086525E-4,6.1086525E-4,-6.1086525E-4,TREMOR,49fd21027e7c
1777350123930,9966124336195,0.20829555,0.46686932,9.935937,-6.1086525E-4,0.0,6.1086525E-4,TREMOR,49fd21027e7c
1777350123938,9966132332505,0.25139117,0.46208093,9.92636,0.0,0.0,0.0,TREMOR,49fd21027e7c
1777350123946,9966140327508,0.25617957,0.47405192,9.902418,-6.1086525E-4,-6.1086525E-4,0.0,TREMOR,49fd21027e7c
1777350123954,9966148324126,0.2633622,0.47405192,9.907207,-0.0012217305,-0.0012217305,-6.1086525E-4,TREMOR,49fd21027e7c
1777350123962,9966156351514,0.2633622,0.47165772,9.91439,-6.1086525E-4,0.0012217305,0.0,TREMOR,49fd21027e7c
1777350123970,9966164345362,0.29209262,0.46447513,9.909601,-0.0012217305,0.0012217305,-6.1086525E-4,TREMOR,49fd21027e7c
1777350123978,9966172339903,0.2873042,0.4381389,9.911995,-0.0012217305,-6.1086525E-4,6.1086525E-4,TREMOR,49fd21027e7c
1777350123986,9966180335291,0.29448682,0.44532153,9.888053,-0.0012217305,-0.0012217305,0.0012217305,TREMOR,49fd21027e7c
1777350123994,9966188331216,0.2896984,0.4429273,9.904813,0.0,0.002443461,6.1086525E-4,TREMOR,49fd21027e7c
1777350124002,9966196327296,0.2777274,0.45489833,9.895236,0.0012217305,0.002443461,-6.1086525E-4,TREMOR,49fd21027e7c
1777350124010,9966204322991,0.272939,0.46926352,9.916783,6.1086525E-4,0.0030543262,-0.0012217305,TREMOR,49fd21027e7c
1777350124018,9966212320764,0.29209262,0.46208093,9.940725,6.1086525E-4,-6.1086525E-4,0.0018325958,TREMOR,49fd21027e7c
1777350124026,9966220344766,0.2801216,0.47884035,9.945514,0.0,6.1086525E-4,0.0,TREMOR,49fd21027e7c
1777350124034,9966228340153,0.272939,0.47644615,9.935937,-6.1086525E-4,0.0018325958,6.1086525E-4,TREMOR,49fd21027e7c
1777350124042,9966236338310,0.25617957,0.45729253,9.919178,0.0,0.002443461,0.0012217305,TREMOR,49fd21027e7c
1777350124050,9966244331851,0.24660277,0.46926352,9.923966,-6.1086525E-4,0.0036651916,0.0018325958,TREMOR,49fd21027e7c
1777350124058,9966252327315,0.24420857,0.46208093,9.945514,-6.1086525E-4,-6.1086525E-4,0.0012217305,TREMOR,49fd21027e7c
1777350124066,9966260322087,0.25378537,0.45729253,9.940725,-6.1086525E-4,0.0012217305,6.1086525E-4,TREMOR,49fd21027e7c
1777350124074,9966268350321,0.23702596,0.47165772,9.94312,-6.1086525E-4,-0.002443461,0.0,TREMOR,49fd21027e7c
1777350124082,9966276343939,0.24420857,0.48602295,9.931149,-6.1086525E-4,-6.1086525E-4,-6.1086525E-4,TREMOR,49fd21027e7c
1777350124090,9966284341480,0.23942018,0.48123455,9.923966,-6.1086525E-4,0.0012217305,-6.1086525E-4,TREMOR,49fd21027e7c
1777350124098,9966292335868,0.2633622,0.47884035,9.895236,-6.1086525E-4,0.0,-6.1086525E-4,TREMOR,49fd21027e7c
1777350124106,9966300330331,0.2753332,0.48841715,9.907207,-0.002443461,-6.1086525E-4,6.1086525E-4,TREMOR,49fd21027e7c
1777350124114,9966308327257,0.2896984,0.48841715,9.904813,-0.0012217305,-0.0018325958,0.0,TREMOR,49fd21027e7c
1777350124122,9966316323645,0.29688102,0.46926352,9.935937,-0.0012217305,0.0012217305,0.0,TREMOR,49fd21027e7c
1777350124130,9966324349725,0.2777274,0.45729253,9.916783,-0.0012217305,0.0012217305,0.0012217305,TREMOR,49fd21027e7c
1777350124138,9966332343650,0.29209262,0.45250413,9.900024,0.0012217305,0.002443461,6.1086525E-4,TREMOR,49fd21027e7c
1777350124146,9966340339345,0.29688102,0.45968673,9.892841,0.0,0.0012217305,6.1086525E-4,TREMOR,49fd21027e7c
1777350124154,9966348335041,0.2896984,0.45489833,9.921572,0.0,-6.1086525E-4,0.0,TREMOR,49fd21027e7c
1777350124162,9966356331966,0.2753332,0.46208093,9.931149,-0.0012217305,0.0018325958,0.0012217305,TREMOR,49fd21027e7c
1777350124170,9966364326430,0.272939,0.45250413,9.935937,0.0012217305,0.0036651916,0.0012217305,TREMOR,49fd21027e7c
1777350124178,9966372323587,0.25617957,0.46208093,9.940725,6.1086525E-4,0.004276057,0.0,TREMOR,49fd21027e7c
1777350124186,9966380347897,0.260968,0.45729253,9.945514,0.0,0.0,6.1086525E-4,TREMOR,49fd21027e7c
1777350124194,9966388346131,0.24181437,0.44771573,9.938332,-6.1086525E-4,0.0,6.1086525E-4,TREMOR,49fd21027e7c
1777350124202,9966396340518,0.25857377,0.45250413,9.928755,-0.0018325958,0.0018325958,0.0,TREMOR,49fd21027e7c
1777350124210,9966404334983,0.260968,0.44771573,9.933543,0.0,-6.1086525E-4,-0.0012217305,TREMOR,49fd21027e7c
1777350124218,9966412331985,0.24899697,0.46926352,9.916783,0.0,-6.1086525E-4,-6.1086525E-4,TREMOR,49fd21027e7c
1777350124226,9966420327603,0.25857377,0.46208093,9.911995,-6.1086525E-4,0.0012217305,0.0,TREMOR,49fd21027e7c
1777350124234,9966428321760,0.2657564,0.47644615,9.940725,-6.1086525E-4,-6.1086525E-4,0.0018325958,TREMOR,49fd21027e7c
1777350124242,9966436348839,0.2657564,0.47644615,9.940725,-6.1086525E-4,0.0,-6.1086525E-4,TREMOR,49fd21027e7c
1777350124250,9966444343304,0.260968,0.48123455,9.935937,-0.0012217305,6.1086525E-4,6.1086525E-4,TREMOR,49fd21027e7c
1777350124258,9966452340538,0.2681506,0.47405192,9.916783,-6.1086525E-4,6.1086525E-4,6.1086525E-4,TREMOR,49fd21027e7c
1777350124266,9966460335925,0.2825158,0.47884035,9.895236,0.0,-6.1086525E-4,6.1086525E-4,TREMOR,49fd21027e7c
1777350124274,9966468330696,0.272939,0.48123455,9.902418,0.0,0.0,0.0,TREMOR,49fd21027e7c
1777350124282,9966476326469,0.2801216,0.47165772,9.921572,-6.1086525E-4,-6.1086525E-4,0.0,TREMOR,49fd21027e7c
1777350124290,9966484322087,0.2753332,0.47644615,9.923966,0.0,0.0012217305,0.0012217305,TREMOR,49fd21027e7c
1777350124298,9966492348858,0.2657564,0.45729253,9.919178,-0.0012217305,-6.1086525E-4,0.0,TREMOR,49fd21027e7c
1777350124306,9966500342708,0.272939,0.44532153,9.933543,-6.1086525E-4,0.0030543262,6.1086525E-4,TREMOR,49fd21027e7c
1777350124314,9966508339018,0.2633622,0.44771573,9.935937,0.0,0.0030543262,0.0018325958,TREMOR,49fd21027e7c
1777350124322,9966516334175,0.260968,0.45010993,9.938332,-0.0012217305,6.1086525E-4,0.0,TREMOR,49fd21027e7c
1777350124330,9966524331639,0.2657564,0.4405331,9.950302,-0.0012217305,0.0012217305,6.1086525E-4,TREMOR,49fd21027e7c
1777350124338,9966532328334,0.25378537,0.45968673,9.928755,6.1086525E-4,-0.002443461,6.1086525E-4,TREMOR,49fd21027e7c
1777350124346,9966540323337,0.2801216,0.47405192,9.919178,6.1086525E-4,0.0,-0.0012217305,TREMOR,49fd21027e7c
1777350124354,9966548347954,0.2777274,0.50996494,9.916783,0.0,-0.0012217305,6.1086525E-4,TREMOR,49fd21027e7c
1777350124362,9966556343957,0.2633622,0.49799395,9.923966,-0.0012217305,0.0018325958,-6.1086525E-4,TREMOR,49fd21027e7c
1777350124370,9966564338807,0.2633622,0.46926352,9.919178,-0.0030543262,0.0012217305,6.1086525E-4,TREMOR,49fd21027e7c
1777350124378,9966572333887,0.25139117,0.45250413,9.952697,-0.0030543262,6.1086525E-4,0.0,TREMOR,49fd21027e7c
1777350124386,9966580329504,0.24899697,0.45250413,9.957485,-0.0036651916,-0.0012217305,-0.0018325958,TREMOR,49fd21027e7c
1777350124394,9966588325584,0.2633622,0.4381389,9.933543,-6.1086525E-4,-6.1086525E-4,-6.1086525E-4,TREMOR,49fd21027e7c
1777350124402,9966596321279,0.2705448,0.45729253,9.921572,-0.0012217305,6.1086525E-4,-6.1086525E-4,TREMOR,49fd21027e7c
1777350124410,9966604349204,0.2753332,0.45729253,9.895236,-6.1086525E-4,-6.1086525E-4,6.1086525E-4,TREMOR,49fd21027e7c
1777350124418,9966612345592,0.2705448,0.45250413,9.911995,0.0,-6.1086525E-4,0.0,TREMOR,49fd21027e7c
1777350124426,9966620338210,0.2777274,0.4429273,9.909601,-6.1086525E-4,6.1086525E-4,0.0,TREMOR,49fd21027e7c
1777350124434,9966628333905,0.260968,0.44532153,9.911995,0.0012217305,-0.0012217305,0.0,TREMOR,49fd21027e7c
1777350124442,9966636329600,0.2705448,0.46686932,9.916783,0.0018325958,0.0012217305,0.0012217305,TREMOR,49fd21027e7c
1777350124450,9966644325911,0.2633622,0.49559975,9.933543,0.0018325958,0.002443461,0.0,TREMOR,49fd21027e7c
1777350124458,9966652320298,0.2681506,0.48841715,9.950302,6.1086525E-4,6.1086525E-4,0.0,TREMOR,49fd21027e7c
1777350124466,9966660348685,0.2633622,0.49320555,9.9550905,0.0,-0.0012217305,6.1086525E-4,TREMOR,49fd21027e7c
1777350124474,9966668342765,0.2633622,0.47165772,9.969456,0.0,0.0018325958,0.0018325958,TREMOR,49fd21027e7c
1777350124482,9966676339383,0.2705448,0.46686932,9.94312,0.0,-0.0012217305,-6.1086525E-4,TREMOR,49fd21027e7c
1777350124490,9966684333616,0.25617957,0.46208093,9.952697,0.0,0.0012217305,-6.1086525E-4,TREMOR,49fd21027e7c
1777350124498,9966692330235,0.25617957,0.46686932,9.931149,-0.0018325958,-0.0012217305,6.1086525E-4,TREMOR,49fd21027e7c
1777350124506,9966700326238,0.24899697,0.45968673,9.919178,-0.0018325958,0.0012217305,-0.0012217305,TREMOR,49fd21027e7c
1777350124514,9966708320317,0.23702596,0.45968673,9.931149,-0.0012217305,0.0018325958,-0.0012217305,TREMOR,49fd21027e7c
1777350124522,9966716348396,0.24420857,0.45250413,9.902418,-6.1086525E-4,-0.0012217305,0.0,TREMOR,49fd21027e7c
1777350124530,9966724344323,0.2633622,0.4429273,9.919178,-0.0012217305,-0.0018325958,-6.1086525E-4,TREMOR,49fd21027e7c
1777350124538,9966732339479,0.272939,0.44771573,9.919178,-6.1086525E-4,0.0,6.1086525E-4,TREMOR,49fd21027e7c
1777350124546,9966740333020,0.28491,0.45489833,9.940725,-6.1086525E-4,0.0,6.1086525E-4,TREMOR,49fd21027e7c
1777350124554,9966748331177,0.30406362,0.45010993,9.92636,-6.1086525E-4,6.1086525E-4,0.0018325958,TREMOR,49fd21027e7c
1777350124562,9966756327718,0.29209262,0.47644615,9.919178,0.0,-6.1086525E-4,0.0,TREMOR,49fd21027e7c
1777350124570,9966764321567,0.29209262,0.47644615,9.89763,-6.1086525E-4,0.0012217305,6.1086525E-4,TREMOR,49fd21027e7c
1777350124578,9966772346877,0.2657564,0.48123455,9.904813,0.0012217305,0.002443461,-0.0012217305,TREMOR,49fd21027e7c
1777350124586,9966780341880,0.25139117,0.47165772,9.919178,0.0012217305,0.0018325958,0.0012217305,TREMOR,49fd21027e7c
1777350124594,9966788337883,0.2705448,0.47884035,9.933543,6.1086525E-4,0.0012217305,-6.1086525E-4,TREMOR,49fd21027e7c
1777350124602,9966796333654,0.24899697,0.47884035,9.94312,0.0012217305,0.0030543262,0.0012217305,TREMOR,49fd21027e7c
1777350124610,9966804329042,0.25139117,0.44771573,9.9550905,0.0,0.0018325958,-6.1086525E-4,TREMOR,49fd21027e7c
1777350124618,9966812327199,0.2633622,0.47644615,9.964667,6.1086525E-4,-6.1086525E-4,6.1086525E-4,TREMOR,49fd21027e7c
1777350124626,9966820320739,0.25378537,0.44771573,9.950302,0.0,-6.1086525E-4,6.1086525E-4,TREMOR,49fd21027e7c
1777350124634,9966828345665,0.24420857,0.47644615,9.9550905,-6.1086525E-4,6.1086525E-4,6.1086525E-4,TREMOR,49fd21027e7c
1777350124642,9966836344976,0.24181437,0.47405192,9.928755,-0.0012217305,0.0018325958,-6.1086525E-4,TREMOR,49fd21027e7c
1777350124650,9966844338825,0.23942018,0.45489833,9.902418,-0.0018325958,-6.1086525E-4,0.0,TREMOR,49fd21027e7c
1777350124658,9966852333674,0.25139117,0.46208093,9.895236,-0.0018325958,6.1086525E-4,-0.0018325958,TREMOR,49fd21027e7c
1777350124666,9966860329984,0.2681506,0.44532153,9.911995,-6.1086525E-4,-0.0018325958,0.0018325958,TREMOR,49fd21027e7c
1777350124674,9966868324449,0.2873042,0.4429273,9.904813,-0.0018325958,0.0,-0.0012217305,TREMOR,49fd21027e7c
1777350124682,9966876320682,0.2896984,0.4405331,9.92636,0.0,-0.0012217305,-0.0012217305,TREMOR,49fd21027e7c
1777350124690,9966884347223,0.2873042,0.4309563,9.911995,-6.1086525E-4,-0.0012217305,6.1086525E-4,TREMOR,49fd21027e7c
1777350124698,9966892343841,0.2801216,0.46208093,9.907207,6.1086525E-4,0.0012217305,6.1086525E-4,TREMOR,49fd21027e7c
1777350124706,9966900336691,0.29209262,0.47405192,9.909601,6.1086525E-4,0.0018325958,0.0012217305,TREMOR,49fd21027e7c
1777350124714,9966908333077,0.2873042,0.48362875,9.923966,6.1086525E-4,0.0,-0.0012217305,TREMOR,49fd21027e7c
1777350124722,9966916330311,0.2657564,0.46447513,9.933543,6.1086525E-4,-6.1086525E-4,0.0,TREMOR,49fd21027e7c
1777350124730,9966924325083,0.25378537,0.45489833,9.935937,-6.1086525E-4,0.0012217305,0.0012217305,TREMOR,49fd21027e7c
1777350124738,9966932318931,0.260968,0.46447513,9.923966,0.0,0.002443461,-0.0012217305,TREMOR,49fd21027e7c
1777350124746,9966940347165,0.25857377,0.46447513,9.94312,-0.0012217305,0.0018325958,6.1086525E-4,TREMOR,49fd21027e7c
1777350124754,9966948342861,0.24181437,0.44532153,9.952697,-6.1086525E-4,6.1086525E-4,6.1086525E-4,TREMOR,49fd21027e7c
1777350124762,9966956337094,0.25378537,0.46208093,9.938332,0.0,-0.002443461,0.0012217305,TREMOR,49fd21027e7c
1777350124770,9966964335866,0.25378537,0.45968673,9.947908,-0.0012217305,-6.1086525E-4,0.0018325958,TREMOR,49fd21027e7c
1777350124778,9966972328715,0.2681506,0.45489833,9.94312,-0.0018325958,0.0,0.0012217305,TREMOR,49fd21027e7c
1777350124786,9966980325410,0.24420857,0.45729253,9.931149,-0.0018325958,0.0012217305,0.0,TREMOR,49fd21027e7c
1777350124794,9966988322335,0.2633622,0.47644615,9.916783,-0.0012217305,0.004276057,-0.0018325958,TREMOR,49fd21027e7c
1777350124802,9966996345415,0.25378537,0.47165772,9.900024,-6.1086525E-4,0.0012217305,-0.0018325958,TREMOR,49fd21027e7c
1777350124810,9967004341418,0.272939,0.46926352,9.928755,-6.1086525E-4,-0.0018325958,0.0,TREMOR,49fd21027e7c
1777350124818,9967012336806,0.30406362,0.47405192,9.92636,-6.1086525E-4,-0.0018325958,0.0012217305,TREMOR,49fd21027e7c
1777350124826,9967020334346,0.2681506,0.46926352,9.933543,0.0,0.0012217305,0.0,TREMOR,49fd21027e7c
1777350124834,9967028328195,0.29209262,0.45489833,9.919178,-6.1086525E-4,0.0012217305,0.0,TREMOR,49fd21027e7c
1777350124842,9967036326352,0.2777274,0.45489833,9.909601,6.1086525E-4,6.1086525E-4,0.0,TREMOR,49fd21027e7c
1777350124850,9967044320124,0.2825158,0.46447513,9.904813,0.0,-6.1086525E-4,0.0,TREMOR,49fd21027e7c
1777350124858,9967052346050,0.2753332,0.47165772,9.911995,0.0012217305,0.002443461,6.1086525E-4,TREMOR,49fd21027e7c
1777350124866,9967060342283,0.2633622,0.47644615,9.931149,6.1086525E-4,0.0012217305,-0.0012217305,TREMOR,49fd21027e7c
1777350124874,9967068336516,0.23942018,0.48362875,9.94312,0.0,0.0012217305,0.0012217305,TREMOR,49fd21027e7c
1777350124882,9967076332442,0.25378537,0.46686932,9.94312,0.0,0.0,6.1086525E-4,TREMOR,49fd21027e7c
1777350124890,9967084330368,0.25139117,0.45250413,9.9550905,-6.1086525E-4,-6.1086525E-4,0.0,TREMOR,49fd21027e7c
1777350124898,9967092325141,0.25378537,0.46447513,9.9550905,-0.0012217305,0.0018325958,0.0018325958,TREMOR,49fd21027e7c
1777350124906,9967100349758,0.24660277,0.45250413,9.964667,-0.0030543262,0.0018325958,-6.1086525E-4,TREMOR,49fd21027e7c
1777350124914,9967108345069,0.24660277,0.45729253,9.940725,-0.0012217305,-6.1086525E-4,6.1086525E-4,TREMOR,49fd21027e7c
1777350124922,9967116340841,0.25617957,0.47165772,9.928755,-6.1086525E-4,-0.002443461,0.0,TREMOR,49fd21027e7c
1777350124930,9967124336766,0.25378537,0.45968673,9.923966,-0.002443461,-0.0012217305,-0.0012217305,TREMOR,49fd21027e7c
1777350124938,9967132335000,0.25617957,0.45489833,9.892841,0.0,-0.002443461,6.1086525E-4,TREMOR,49fd21027e7c
1777350124946,9967140328772,0.2753332,0.46686932,9.907207,-0.0012217305,-0.0012217305,0.0012217305,TREMOR,49fd21027e7c
1777350124954,9967148324775,0.29927522,0.44771573,9.909601,0.0,0.0,-6.1086525E-4,TREMOR,49fd21027e7c
1777350124962,9967156318623,0.3184288,0.44771573,9.923966,-0.0018325958,0.0012217305,6.1086525E-4,TREMOR,49fd21027e7c
1777350124970,9967164345473,0.30166942,0.46926352,9.945514,0.0,-6.1086525E-4,-0.0012217305,TREMOR,49fd21027e7c
1777350124978,9967172341783,0.29688102,0.48362875,9.928755,0.0012217305,0.0030543262,0.0,TREMOR,49fd21027e7c
1777350124986,9967180339247,0.272939,0.49559975,9.91439,0.0012217305,0.002443461,0.0018325958,TREMOR,49fd21027e7c
1777350124994,9967188331250,0.2681506,0.48602295,9.911995,0.0018325958,-6.1086525E-4,0.0012217305,TREMOR,49fd21027e7c
1777350125002,9967196329099,0.2657564,0.47884035,9.923966,0.0018325958,0.0,0.0012217305,TREMOR,49fd21027e7c
1777350125010,9967204323640,0.2705448,0.46926352,9.931149,0.0,0.002443461,0.0012217305,TREMOR,49fd21027e7c
1777350125018,9967212321412,0.25857377,0.47644615,9.94312,0.0,0.0030543262,0.0012217305,TREMOR,49fd21027e7c
1777350125026,9967220344261,0.24899697,0.4285621,9.94312,-6.1086525E-4,0.002443461,6.1086525E-4,TREMOR,49fd21027e7c
1777350125034,9967228341418,0.25139117,0.4333505,9.935937,-0.0012217305,6.1086525E-4,0.0018325958,TREMOR,49fd21027e7c
1777350125042,9967236336881,0.24660277,0.4429273,9.962274,-0.0012217305,-6.1086525E-4,6.1086525E-4,TREMOR,49fd21027e7c
1777350125050,9967244331577,0.23942018,0.4309563,9.947908,-0.0018325958,-6.1086525E-4,-6.1086525E-4,TREMOR,49fd21027e7c
1777350125058,9967252327041,0.25857377,0.4381389,9.931149,-0.0012217305,-0.0012217305,-0.0012217305,TREMOR,49fd21027e7c
1777350125066,9967260323044,0.272939,0.4357447,9.935937,-0.002443461,-6.1086525E-4,0.0,TREMOR,49fd21027e7c
1777350125074,9967268318739,0.2681506,0.45968673,9.909601,-0.002443461,-6.1086525E-4,-6.1086525E-4,TREMOR,49fd21027e7c
1777350125082,9967276343665,0.260968,0.46686932,9.895236,-0.0018325958,6.1086525E-4,6.1086525E-4,TREMOR,49fd21027e7c
1777350125090,9967284341437,0.2753332,0.47165772,9.902418,-0.0018325958,-0.0012217305,0.0018325958,TREMOR,49fd21027e7c
1777350125098,9967292334977,0.2825158,0.46926352,9.91439,6.1086525E-4,-0.0018325958,0.0,TREMOR,49fd21027e7c
1777350125106,9967300331057,0.30166942,0.46926352,9.923966,-6.1086525E-4,-0.0018325958,0.0012217305,TREMOR,49fd21027e7c
1777350125114,9967308326983,0.2896984,0.46208093,9.919178,-6.1086525E-4,-0.0012217305,6.1086525E-4,TREMOR,49fd21027e7c
1777350125122,9967316325524,0.2825158,0.45729253,9.91439,-0.0012217305,0.0,-6.1086525E-4,TREMOR,49fd21027e7c
1777350125130,9967324348912,0.2873042,0.46208093,9.931149,0.0,0.002443461,0.0012217305,TREMOR,49fd21027e7c
1777350125138,9967332345530,0.2681506,0.46447513,9.911995,0.0012217305,0.0018325958,0.0012217305,TREMOR,49fd21027e7c
1777350125146,9967340339995,0.260968,0.46447513,9.921572,0.0012217305,6.1086525E-4,0.0018325958,TREMOR,49fd21027e7c
1777350125154,9967348334997,0.2753332,0.46926352,9.919178,0.0012217305,6.1086525E-4,6.1086525E-4,TREMOR,49fd21027e7c
1777350125162,9967356330769,0.24899697,0.47884035,9.933543,6.1086525E-4,-0.0018325958,0.0,TREMOR,49fd21027e7c
1777350125170,9967364328233,0.2705448,0.45968673,9.921572,0.0,0.0012217305,0.0012217305,TREMOR,49fd21027e7c
1777350125178,9967372322697,0.25857377,0.46208093,9.935937,0.0,-6.1086525E-4,6.1086525E-4,TREMOR,49fd21027e7c
1777350125186,9967380349469,0.23942018,0.47165772,9.938332,-6.1086525E-4,0.0018325958,-6.1086525E-4,TREMOR,49fd21027e7c
1777350125194,9967388345472,0.23223756,0.46926352,9.94312,-0.0012217305,0.0,6.1086525E-4,TREMOR,49fd21027e7c
1777350125202,9967396341167,0.25617957,0.47405192,9.950302,-0.0012217305,-6.1086525E-4,0.0,TREMOR,49fd21027e7c
1777350125210,9967404335939,0.25617957,0.46447513,9.921572,-6.1086525E-4,-0.002443461,6.1086525E-4,TREMOR,49fd21027e7c
1777350125218,9967412332019,0.2705448,0.46686932,9.916783,-0.0012217305,-0.0012217305,0.0,TREMOR,49fd21027e7c
1777350125226,9967420327945,0.272939,0.45250413,9.91439,-6.1086525E-4,6.1086525E-4,6.1086525E-4,TREMOR,49fd21027e7c
1777350125234,9967428322178,0.2705448,0.46447513,9.91439,-0.0012217305,0.0,0.0012217305,TREMOR,49fd21027e7c
1777350125242,9967436350719,0.2825158,0.44771573,9.923966,-6.1086525E-4,0.0,0.0,TREMOR,49fd21027e7c
1777350125250,9967444344337,0.2873042,0.46208093,9.921572,-6.1086525E-4,-0.0018325958,-0.0012217305,TREMOR,49fd21027e7c
1777350125258,9967452341879,0.28491,0.47165772,9.92636,6.1086525E-4,-0.0018325958,6.1086525E-4,TREMOR,49fd21027e7c
1777350125266,9967460336266,0.28491,0.44532153,9.950302,0.0,0.0012217305,0.0,TREMOR,49fd21027e7c
1777350125274,9967468331653,0.260968,0.46686932,9.9550905,0.0,0.0018325958,6.1086525E-4,TREMOR,49fd21027e7c
1777350125282,9967476326425,0.28491,0.46447513,9.952697,-0.0012217305,0.0018325958,0.0,TREMOR,49fd21027e7c
1777350125290,9967484321889,0.2801216,0.46447513,9.935937,-6.1086525E-4,6.1086525E-4,0.0012217305,TREMOR,49fd21027e7c
1777350125298,9967492349892,0.25617957,0.47405192,9.9550905,0.0,0.0018325958,0.0,TREMOR,49fd21027e7c
1777350125306,9967500344664,0.2657564,0.46447513,9.935937,0.0018325958,0.002443461,6.1086525E-4,TREMOR,49fd21027e7c
1777350125314,9967508339129,0.2681506,0.46926352,9.940725,-6.1086525E-4,-6.1086525E-4,6.1086525E-4,TREMOR,49fd21027e7c
1777350125322,9967516337823,0.2633622,0.44532153,9.92636,-0.0012217305,-6.1086525E-4,0.0,TREMOR,49fd21027e7c
1777350125330,9967524331442,0.24899697,0.4357447,9.921572,-0.0018325958,0.0018325958,6.1086525E-4,TREMOR,49fd21027e7c
1777350125338,9967532327445,0.24181437,0.4429273,9.935937,-0.0018325958,0.0012217305,0.0,TREMOR,49fd21027e7c
1777350125346,9967540321908,0.25378537,0.4405331,9.921572,-0.0012217305,0.0,-6.1086525E-4,TREMOR,49fd21027e7c
1777350125354,9967548347680,0.25139117,0.46926352,9.94312,-0.0012217305,0.0012217305,0.0018325958,TREMOR,49fd21027e7c
1777350125362,9967556344683,0.260968,0.48362875,9.919178,6.1086525E-4,-6.1086525E-4,6.1086525E-4,TREMOR,49fd21027e7c
1777350125370,9967564340070,0.2705448,0.47165772,9.935937,0.0,-0.0018325958,0.0,TREMOR,49fd21027e7c
1777350125378,9967572335765,0.2896984,0.47644615,9.916783,0.0,6.1086525E-4,0.0,TREMOR,49fd21027e7c
1777350125386,9967580330230,0.2705448,0.47165772,9.916783,-0.0012217305,0.0012217305,6.1086525E-4,TREMOR,49fd21027e7c
1777350125394,9967588325618,0.2825158,0.46686932,9.916783,6.1086525E-4,0.0036651916,0.0,TREMOR,49fd21027e7c
1777350125402,9967596321927,0.2825158,0.45729253,9.907207,6.1086525E-4,-0.0012217305,0.0,TREMOR,49fd21027e7c
1777350125410,9967604349853,0.2896984,0.47884035,9.921572,6.1086525E-4,-6.1086525E-4,-6.1086525E-4,TREMOR,49fd21027e7c
1777350125418,9967612345549,0.2801216,0.46208093,9.94312,0.0,0.0018325958,6.1086525E-4,TREMOR,49fd21027e7c
1777350125426,9967620340628,0.260968,0.47165772,9.976639,-6.1086525E-4,0.002443461,0.0,TREMOR,49fd21027e7c
1777350125434,9967628334477,0.25617957,0.4357447,9.964667,-6.1086525E-4,6.1086525E-4,0.0018325958,TREMOR,49fd21027e7c
1777350125442,9967636331172,0.25139117,0.45010993,9.940725,0.0,6.1086525E-4,6.1086525E-4,TREMOR,49fd21027e7c
1777350125450,9967644325560,0.2896984,0.45010993,9.92636,-6.1086525E-4,6.1086525E-4,6.1086525E-4,TREMOR,49fd21027e7c
1777350125458,9967652322485,0.24420857,0.46447513,9.916783,0.0,0.0012217305,6.1086525E-4,TREMOR,49fd21027e7c
1777350125466,9967660346488,0.24899697,0.48362875,9.92636,0.0,0.002443461,-6.1086525E-4,TREMOR,49fd21027e7c
1777350125474,9967668342876,0.25857377,0.48602295,9.919178,-0.0012217305,-6.1086525E-4,0.0012217305,TREMOR,49fd21027e7c
1777350125482,9967676341262,0.2681506,0.50278234,9.916783,-6.1086525E-4,0.0,-0.0012217305,TREMOR,49fd21027e7c
1777350125490,9967684335111,0.260968,0.49081135,9.916783,-0.0012217305,-0.0018325958,-0.0012217305,TREMOR,49fd21027e7c
1777350125498,9967692330884,0.24660277,0.47644615,9.94312,-0.0012217305,6.1086525E-4,0.0,TREMOR,49fd21027e7c
1777350125506,9967700326810,0.2753332,0.45968673,9.938332,-0.0012217305,0.0030543262,0.0,TREMOR,49fd21027e7c
1777350125514,9967708322273,0.260968,0.44532153,9.916783,0.0,6.1086525E-4,-6.1086525E-4,TREMOR,49fd21027e7c
1777350125522,9967716347738,0.2753332,0.46208093,9.94312,-0.0030543262,0.0,6.1086525E-4,TREMOR,49fd21027e7c
1777350125530,9967724345587,0.2777274,0.45250413,9.931149,-6.1086525E-4,-6.1086525E-4,0.0,TREMOR,49fd21027e7c
1777350125538,9967732341051,0.28491,0.46447513,9.91439,0.0,0.0012217305,0.0,TREMOR,49fd21027e7c
1777350125546,9967740333669,0.29927522,0.45489833,9.902418,-6.1086525E-4,0.0,6.1086525E-4,TREMOR,49fd21027e7c
1777350125554,9967748328980,0.2753332,0.46447513,9.900024,0.0,0.0018325958,6.1086525E-4,TREMOR,49fd21027e7c
1777350125562,9967756325674,0.25857377,0.45968673,9.907207,-0.002443461,0.0030543262,6.1086525E-4,TREMOR,49fd21027e7c
1777350125570,9967764322215,0.260968,0.45729253,9.935937,-6.1086525E-4,0.0012217305,6.1086525E-4,TREMOR,49fd21027e7c
1777350125578,9967772346603,0.25617957,0.46686932,9.952697,0.0,-6.1086525E-4,0.0,TREMOR,49fd21027e7c
1777350125586,9967780343529,0.25378537,0.45729253,9.919178,0.0012217305,-0.002443461,0.0012217305,TREMOR,49fd21027e7c
1777350125594,9967788340070,0.2753332,0.49081135,9.911995,0.0,0.0012217305,6.1086525E-4,TREMOR,49fd21027e7c
1777350125602,9967796334534,0.2705448,0.47644615,9.921572,0.0,6.1086525E-4,0.0012217305,TREMOR,49fd21027e7c
1777350125610,9967804332076,0.2681506,0.48123455,9.935937,-6.1086525E-4,6.1086525E-4,0.0018325958,TREMOR,49fd21027e7c
1777350125618,9967812326001,0.2753332,0.46926352,9.938332,-0.0012217305,-6.1086525E-4,0.0,TREMOR,49fd21027e7c
1777350125626,9967820320388,0.25378537,0.46208093,9.916783,-0.0018325958,-6.1086525E-4,0.0012217305,TREMOR,49fd21027e7c
1777350125634,9967828347161,0.260968,0.46447513,9.902418,-0.002443461,6.1086525E-4,0.0,TREMOR,49fd21027e7c
1777350125642,9967836342933,0.25617957,0.46208093,9.892841,-6.1086525E-4,0.0012217305,-6.1086525E-4,TREMOR,49fd21027e7c
1777350125650,9967844339243,0.25139117,0.4333505,9.919178,-0.0012217305,0.0018325958,-6.1086525E-4,TREMOR,49fd21027e7c
1777350125658,9967852334630,0.2657564,0.45010993,9.904813,-6.1086525E-4,-0.0012217305,0.0012217305,TREMOR,49fd21027e7c
1777350125666,9967860331864,0.2801216,0.45729253,9.909601,0.0,-0.0018325958,0.0012217305,TREMOR,49fd21027e7c
1777350125674,9967868326328,0.30166942,0.4429273,9.900024,0.0,6.1086525E-4,6.1086525E-4,TREMOR,49fd21027e7c
1777350125682,9967876321408,0.2681506,0.46208093,9.92636,0.0,0.002443461,0.0,TREMOR,49fd21027e7c
1777350125690,9967884347257,0.2705448,0.45250413,9.911995,0.0,0.0,0.0,TREMOR,49fd21027e7c
1777350125698,9967892343260,0.25378537,0.45729253,9.904813,6.1086525E-4,-0.0018325958,0.0,TREMOR,49fd21027e7c
1777350125706,9967900338339,0.2705448,0.46686932,9.904813,6.1086525E-4,6.1086525E-4,-6.1086525E-4,TREMOR,49fd21027e7c
1777350125714,9967908333419,0.2657564,0.46926352,9.883265,6.1086525E-4,6.1086525E-4,0.0012217305,TREMOR,49fd21027e7c
1777350125722,9967916329422,0.2633622,0.48123455,9.89763,6.1086525E-4,0.0012217305,0.002443461,TREMOR,49fd21027e7c
1777350125730,9967924324731,0.28491,0.48602295,9.933543,0.0,0.0,-6.1086525E-4,TREMOR,49fd21027e7c
1777350125738,9967932323273,0.2825158,0.47165772,9.933543,0.0,6.1086525E-4,0.0012217305,TREMOR,49fd21027e7c
1777350125746,9967940346276,0.2801216,0.47165772,9.931149,-6.1086525E-4,0.0012217305,0.0012217305,TREMOR,49fd21027e7c
1777350125754,9967948343510,0.260968,0.46926352,9.923966,-0.0012217305,0.0012217305,-6.1086525E-4,TREMOR,49fd21027e7c
1777350125762,9967956337666,0.24660277,0.46926352,9.935937,-6.1086525E-4,0.0012217305,-6.1086525E-4,TREMOR,49fd21027e7c
1777350125770,9967964332745,0.23223756,0.4309563,9.928755,-6.1086525E-4,6.1086525E-4,6.1086525E-4,TREMOR,49fd21027e7c
1777350125778,9967972329979,0.22984336,0.44532153,9.919178,-0.0012217305,-6.1086525E-4,-6.1086525E-4,TREMOR,49fd21027e7c
1777350125786,9967980324135,0.24660277,0.45729253,9.921572,-0.0012217305,-6.1086525E-4,0.0,TREMOR,49fd21027e7c
1777350125794,9967988321446,0.22266077,0.47884035,9.916783,-6.1086525E-4,0.0,-6.1086525E-4,TREMOR,49fd21027e7c
1777350125802,9967996347603,0.24181437,0.46686932,9.892841,-0.0018325958,0.0,-6.1086525E-4,TREMOR,49fd21027e7c
1777350125810,9968004342682,0.2825158,0.46926352,9.909601,-0.0012217305,-0.0018325958,-0.0012217305,TREMOR,49fd21027e7c
1777350125818,9968012337992,0.2873042,0.46686932,9.935937,-0.002443461,-0.002443461,-6.1086525E-4,TREMOR,49fd21027e7c
1777350125826,9968020334688,0.29209262,0.4429273,9.921572,-0.0012217305,-0.0012217305,0.0,TREMOR,49fd21027e7c
1777350125834,9968028329691,0.29927522,0.45250413,9.89763,0.0,6.1086525E-4,0.0018325958,TREMOR,49fd21027e7c
1777350125842,9968036326385,0.31603462,0.46447513,9.871294,0.0018325958,0.0,0.0012217305,TREMOR,49fd21027e7c
1777350125850,9968044351926,0.30166942,0.48123455,9.878476,0.0018325958,-0.0012217305,0.0,TREMOR,49fd21027e7c
1777350125858,9968052346083,0.28491,0.47165772,9.919178,6.1086525E-4,0.0018325958,0.0012217305,TREMOR,49fd21027e7c
1777350125866,9968060341778,0.2825158,0.48841715,9.940725,0.0012217305,0.002443461,0.0,TREMOR,49fd21027e7c
1777350125874,9968068337396,0.2705448,0.48362875,9.938332,-6.1086525E-4,0.0030543262,0.0,TREMOR,49fd21027e7c
1777350125882,9968076333784,0.24899697,0.47644615,9.940725,0.0012217305,0.0,0.0018325958,TREMOR,49fd21027e7c
1777350125890,9968084329094,0.23702596,0.45489833,9.952697,0.0,0.002443461,0.0,TREMOR,49fd21027e7c
1777350125898,9968092323558,0.24420857,0.44771573,9.921572,-6.1086525E-4,0.0012217305,0.0018325958,TREMOR,49fd21027e7c
1777350125906,9968100349715,0.24420857,0.45489833,9.928755,0.0,0.0,6.1086525E-4,TREMOR,49fd21027e7c
1777350125914,9968108348256,0.24420857,0.4429273,9.933543,-0.0018325958,0.0012217305,-6.1086525E-4,TREMOR,49fd21027e7c
1777350125922,9968116341105,0.23702596,0.4381389,9.935937,-0.0018325958,0.0,0.0,TREMOR,49fd21027e7c
1777350125930,9968124337108,0.25378537,0.4405331,9.916783,-6.1086525E-4,0.0012217305,0.0,TREMOR,49fd21027e7c
1777350125938,9968132332880,0.2801216,0.45489833,9.91439,-0.002443461,0.0,6.1086525E-4,TREMOR,49fd21027e7c
1777350125946,9968140327883,0.2825158,0.45010993,9.902418,-0.0030543262,-0.0012217305,6.1086525E-4,TREMOR,49fd21027e7c
1777350125954,9968148325116,0.2873042,0.45968673,9.904813,-0.0012217305,-0.0012217305,-6.1086525E-4,TREMOR,49fd21027e7c
1777350125962,9968156318734,0.29927522,0.45489833,9.895236,-0.0012217305,-6.1086525E-4,-6.1086525E-4,TREMOR,49fd21027e7c
1777350125970,9968164345814,0.29448682,0.47405192,9.904813,-0.0018325958,0.0036651916,-0.0012217305,TREMOR,49fd21027e7c
1777350125978,9968172342047,0.29448682,0.48123455,9.888053,0.0,0.0012217305,-0.0012217305,TREMOR,49fd21027e7c
1777350125986,9968180336281,0.2873042,0.47165772,9.931149,-0.0018325958,0.0018325958,0.0,TREMOR,49fd21027e7c
1777350125994,9968188332207,0.2801216,0.45489833,9.919178,-6.1086525E-4,6.1086525E-4,0.0,TREMOR,49fd21027e7c
1777350126002,9968196328825,0.260968,0.48123455,9.921572,0.0,0.002443461,6.1086525E-4,TREMOR,49fd21027e7c
1777350126010,9968204323596,0.2753332,0.47405192,9.916783,6.1086525E-4,0.0018325958,0.0018325958,TREMOR,49fd21027e7c
1777350126018,9968212318676,0.2705448,0.47405192,9.931149,0.0018325958,0.002443461,0.0012217305,TREMOR,49fd21027e7c
1777350126026,9968220346141,0.24899697,0.45010993,9.911995,6.1086525E-4,0.0018325958,0.0012217305,TREMOR,49fd21027e7c
1777350126034,9968228343066,0.24660277,0.44771573,9.923966,0.0,0.0012217305,-0.0012217305,TREMOR,49fd21027e7c
1777350126042,9968236335300,0.25139117,0.4357447,9.933543,0.0,0.0012217305,0.0012217305,TREMOR,49fd21027e7c
1777350126050,9968244331918,0.25857377,0.4429273,9.933543,-0.0012217305,0.0,6.1086525E-4,TREMOR,49fd21027e7c
1777350126058,9968252328843,0.2801216,0.45968673,9.931149,0.0,-0.0018325958,0.0012217305,TREMOR,49fd21027e7c
1777350126066,9968260324231,0.2753332,0.46926352,9.933543,-0.0018325958,-6.1086525E-4,-6.1086525E-4,TREMOR,49fd21027e7c
1777350126074,9968268320003,0.260968,0.48123455,9.916783,-0.0012217305,-6.1086525E-4,0.0012217305,TREMOR,49fd21027e7c
1777350126082,9968276348006,0.260968,0.45968673,9.902418,0.0,0.0012217305,0.0,TREMOR,49fd21027e7c
1777350126090,9968284340316,0.2681506,0.47884035,9.878476,-0.0018325958,-0.002443461,-0.0012217305,TREMOR,49fd21027e7c
1777350126098,9968292339011,0.2681506,0.47644615,9.89763,0.0,-6.1086525E-4,0.0,TREMOR,49fd21027e7c
1777350126106,9968300332014,0.2753332,0.46926352,9.902418,6.1086525E-4,6.1086525E-4,6.1086525E-4,TREMOR,49fd21027e7c
1777350126114,9968308329785,0.2777274,0.45729253,9.916783,-0.0018325958,0.0012217305,-0.0012217305,TREMOR,49fd21027e7c
1777350126122,9968316323019,0.2753332,0.47884035,9.933543,0.0,6.1086525E-4,-6.1086525E-4,TREMOR,49fd21027e7c
1777350126130,9968324350714,0.29448682,0.46926352,9.935937,0.0,-0.002443461,-6.1086525E-4,TREMOR,49fd21027e7c
1777350126138,9968332344641,0.2896984,0.45968673,9.907207,0.0,6.1086525E-4,-6.1086525E-4,TREMOR,49fd21027e7c
1777350126146,9968340341566,0.2801216,0.44771573,9.919178,-6.1086525E-4,6.1086525E-4,0.0012217305,TREMOR,49fd21027e7c
1777350126154,9968348336569,0.2825158,0.46686932,9.919178,6.1086525E-4,0.0018325958,0.0012217305,TREMOR,49fd21027e7c
1777350126162,9968356332879,0.260968,0.46926352,9.928755,0.0,0.0012217305,0.0012217305,TREMOR,49fd21027e7c
1777350126170,9968364327035,0.25857377,0.45968673,9.902418,0.0012217305,0.0,6.1086525E-4,TREMOR,49fd21027e7c
1777350126178,9968372325577,0.2657564,0.47644615,9.916783,6.1086525E-4,-0.0018325958,0.0012217305,TREMOR,49fd21027e7c
1777350126186,9968380319349,0.2657564,0.48123455,9.94312,0.0018325958,-0.0012217305,6.1086525E-4,TREMOR,49fd21027e7c
1777350126194,9968388344967,0.2657564,0.45968673,9.940725,-0.0018325958,0.0018325958,-0.0012217305,TREMOR,49fd21027e7c
1777350126202,9968396341508,0.24660277,0.45489833,9.9550905,-0.0018325958,0.0018325958,6.1086525E-4,TREMOR,49fd21027e7c
1777350126210,9968404336896,0.2705448,0.44532153,9.957485,-0.0018325958,0.0,0.0018325958,TREMOR,49fd21027e7c
1777350126218,9968412333591,0.272939,0.45489833,9.933543,-6.1086525E-4,-0.0018325958,0.0,TREMOR,49fd21027e7c
1777350126226,9968420326131,0.2633622,0.45968673,9.916783,0.0,6.1086525E-4,0.0,TREMOR,49fd21027e7c
1777350126234,9968428324596,0.2681506,0.47884035,9.904813,-6.1086525E-4,6.1086525E-4,0.0,TREMOR,49fd21027e7c
1777350126242,9968436348676,0.2657564,0.46447513,9.892841,-0.002443461,6.1086525E-4,6.1086525E-4,TREMOR,49fd21027e7c
1777350126250,9968444343986,0.2705448,0.46686932,9.902418,-6.1086525E-4,0.0,-6.1086525E-4,TREMOR,49fd21027e7c
1777350126258,9968452339373,0.260968,0.47644615,9.907207,-0.0012217305,6.1086525E-4,0.0,TREMOR,49fd21027e7c
1777350126266,9968460334838,0.2705448,0.47405192,9.928755,-6.1086525E-4,6.1086525E-4,0.0012217305,TREMOR,49fd21027e7c
1777350126274,9968468332379,0.2753332,0.47405192,9.923966,6.1086525E-4,6.1086525E-4,0.0018325958,TREMOR,49fd21027e7c
1777350126282,9968476327074,0.2753332,0.47165772,9.923966,0.0,0.0012217305,-6.1086525E-4,TREMOR,49fd21027e7c
1777350126290,9968484324615,0.2777274,0.45010993,9.916783,-0.0012217305,-0.0030543262,6.1086525E-4,TREMOR,49fd21027e7c
1777350126298,9968492349310,0.2633622,0.4429273,9.919178,0.0,0.0012217305,0.0,TREMOR,49fd21027e7c
1777350126306,9968500345312,0.25857377,0.45010993,9.92636,0.0012217305,0.0036651916,-0.0012217305,TREMOR,49fd21027e7c
1777350126314,9968508340392,0.25617957,0.48362875,9.931149,0.0,0.002443461,6.1086525E-4,TREMOR,49fd21027e7c
1777350126322,9968516334549,0.2753332,0.44771573,9.904813,-0.0012217305,0.0,0.0,TREMOR,49fd21027e7c
1777350126330,9968524331091,0.2753332,0.47405192,9.916783,-6.1086525E-4,0.0012217305,0.0,TREMOR,49fd21027e7c
1777350126338,9968532327477,0.272939,0.47884035,9.931149,-6.1086525E-4,0.002443461,0.0018325958,TREMOR,49fd21027e7c
1777350126346,9968540324096,0.25139117,0.46686932,9.921572,0.0,0.0018325958,0.0,TREMOR,49fd21027e7c
1777350126354,9968548349022,0.24899697,0.45729253,9.940725,0.0,0.0018325958,6.1086525E-4,TREMOR,49fd21027e7c
1777350126362,9968556346562,0.24660277,0.46686932,9.947908,0.0,0.0,0.0012217305,TREMOR,49fd21027e7c
1777350126370,9968564340411,0.260968,0.46447513,9.94312,-0.002443461,-0.0012217305,6.1086525E-4,TREMOR,49fd21027e7c
1777350126378,9968572335414,0.2753332,0.45729253,9.940725,-0.0012217305,-0.0018325958,6.1086525E-4,TREMOR,49fd21027e7c
1777350126386,9968580331110,0.25617957,0.45010993,9.928755,-0.0012217305,6.1086525E-4,0.0012217305,TREMOR,49fd21027e7c
1777350126394,9968588326496,0.2681506,0.45729253,9.923966,-6.1086525E-4,0.0,6.1086525E-4,TREMOR,49fd21027e7c
1777350126402,9968596321346,0.2681506,0.46208093,9.916783,-6.1086525E-4,0.0,0.0,TREMOR,49fd21027e7c
1777350126410,9968604348349,0.2705448,0.45250413,9.907207,0.0,-0.0012217305,6.1086525E-4,TREMOR,49fd21027e7c
1777350126418,9968612346889,0.2801216,0.46447513,9.900024,0.0,6.1086525E-4,0.0018325958,TREMOR,49fd21027e7c
1777350126426,9968620338584,0.2777274,0.4429273,9.935937,-6.1086525E-4,0.0012217305,-6.1086525E-4,TREMOR,49fd21027e7c
1777350126434,9968628336049,0.25617957,0.46208093,9.94312,0.0,6.1086525E-4,6.1086525E-4,TREMOR,49fd21027e7c
1777350126442,9968636332360,0.2753332,0.45968673,9.94312,0.0,0.0,0.0012217305,TREMOR,49fd21027e7c
1777350126450,9968644325900,0.2657564,0.45968673,9.935937,0.0,-6.1086525E-4,0.0,TREMOR,49fd21027e7c
1777350126458,9968652321980,0.25378537,0.47165772,9.923966,6.1086525E-4,-6.1086525E-4,0.0,TREMOR,49fd21027e7c
1777350126466,9968660347445,0.2753332,0.46686932,9.911995,0.0,0.0,0.0012217305,TREMOR,49fd21027e7c
1777350126474,9968668343216,0.272939,0.44771573,9.916783,-0.002443461,-6.1086525E-4,0.0,TREMOR,49fd21027e7c
1777350126482,9968676340142,0.2657564,0.45250413,9.933543,-0.0012217305,0.0,6.1086525E-4,TREMOR,49fd21027e7c
1777350126490,9968684335453,0.260968,0.45968673,9.935937,-0.0018325958,6.1086525E-4,0.0,TREMOR,49fd21027e7c
1777350126498,9968692332993,0.25378537,0.46447513,9.931149,-6.1086525E-4,0.0,0.0012217305,TREMOR,49fd21027e7c
1777350126506,9968700327842,0.25617957,0.49081135,9.91439,6.1086525E-4,-6.1086525E-4,0.0,TREMOR,49fd21027e7c
1777350126514,9968708321615,0.2633622,0.47405192,9.91439,0.0,6.1086525E-4,6.1086525E-4,TREMOR,49fd21027e7c
1777350126522,9968716319156,0.2633622,0.48123455,9.911995,-6.1086525E-4,0.0,-6.1086525E-4,TREMOR,49fd21027e7c
1777350126530,9968724344389,0.25378537,0.45729253,9.928755,-0.0018325958,6.1086525E-4,0.0012217305,TREMOR,49fd21027e7c
1777350126538,9968732341392,0.2633622,0.45729253,9.931149,-6.1086525E-4,0.0018325958,-6.1086525E-4,TREMOR,49fd21027e7c
1777350126546,9968740336164,0.25617957,0.46208093,9.938332,-6.1086525E-4,6.1086525E-4,6.1086525E-4,TREMOR,49fd21027e7c
1777350126554,9968748329397,0.2801216,0.4381389,9.916783,-0.0012217305,-0.002443461,6.1086525E-4,TREMOR,49fd21027e7c
1777350126562,9968756326631,0.2777274,0.4405331,9.91439,-6.1086525E-4,-0.0012217305,0.0012217305,TREMOR,49fd21027e7c
1777350126570,9968764320711,0.2705448,0.45729253,9.931149,0.0,0.002443461,0.0012217305,TREMOR,49fd21027e7c
1777350126578,9968772348175,0.272939,0.47644615,9.91439,0.0012217305,0.0018325958,-0.0012217305,TREMOR,49fd21027e7c
1777350126586,9968780344485,0.2753332,0.48362875,9.919178,6.1086525E-4,0.0,-0.0012217305,TREMOR,49fd21027e7c
1777350126594,9968788339873,0.2896984,0.49081135,9.928755,0.0,-6.1086525E-4,0.0012217305,TREMOR,49fd21027e7c
1777350126602,9968796334876,0.2801216,0.48123455,9.907207,-0.0012217305,0.0018325958,6.1086525E-4,TREMOR,49fd21027e7c
1777350126610,9968804330031,0.2777274,0.46926352,9.89763,-6.1086525E-4,0.002443461,0.0018325958,TREMOR,49fd21027e7c
1777350126618,9968812326650,0.25139117,0.47644615,9.928755,-6.1086525E-4,6.1086525E-4,-6.1086525E-4,TREMOR,49fd21027e7c
1777350126626,9968820322345,0.2633622,0.45729253,9.940725,6.1086525E-4,0.0,6.1086525E-4,TREMOR,49fd21027e7c
1777350126634,9968828347810,0.25378537,0.45250413,9.931149,-6.1086525E-4,-6.1086525E-4,0.0,TREMOR,49fd21027e7c
1777350126642,9968836342889,0.2753332,0.45968673,9.9550905,-6.1086525E-4,6.1086525E-4,0.0,TREMOR,49fd21027e7c
1777350126650,9968844338353,0.2681506,0.46447513,9.921572,-0.0012217305,-6.1086525E-4,0.0,TREMOR,49fd21027e7c
1777350126658,9968852333664,0.272939,0.46926352,9.921572,-0.0012217305,-6.1086525E-4,0.0,TREMOR,49fd21027e7c
1777350126666,9968860332128,0.25139117,0.47644615,9.916783,-6.1086525E-4,0.0012217305,-6.1086525E-4,TREMOR,49fd21027e7c
1777350126674,9968868324515,0.25139117,0.45250413,9.91439,-6.1086525E-4,0.0012217305,0.0,TREMOR,49fd21027e7c
1777350126682,9968876321672,0.23702596,0.44771573,9.94312,-0.0012217305,-0.0018325958,0.0012217305,TREMOR,49fd21027e7c
1777350126690,9968884346906,0.25617957,0.44532153,9.931149,-0.0012217305,-6.1086525E-4,-6.1086525E-4,TREMOR,49fd21027e7c
1777350126698,9968892344523,0.2705448,0.46208093,9.935937,-0.0012217305,6.1086525E-4,0.0012217305,TREMOR,49fd21027e7c
1777350126706,9968900338911,0.30166942,0.48602295,9.91439,-0.0012217305,-0.0018325958,0.0,TREMOR,49fd21027e7c
1777350126714,9968908334068,0.2896984,0.45729253,9.911995,0.0,6.1086525E-4,0.0,TREMOR,49fd21027e7c
1777350126722,9968916329685,0.31364042,0.47884035,9.909601,-6.1086525E-4,0.0,6.1086525E-4,TREMOR,49fd21027e7c
1777350126730,9968924324765,0.29448682,0.48123455,9.935937,0.0,0.0030543262,-0.0012217305,TREMOR,49fd21027e7c
1777350126738,9968932320153,0.2753332,0.46686932,9.921572,0.0018325958,0.0030543262,0.0,TREMOR,49fd21027e7c
1777350126746,9968940347232,0.260968,0.46208093,9.909601,0.0012217305,0.0012217305,0.0012217305,TREMOR,49fd21027e7c
1777350126754,9968948342696,0.2753332,0.46208093,9.895236,6.1086525E-4,-6.1086525E-4,0.0012217305,TREMOR,49fd21027e7c
1777350126762,9968956337699,0.25857377,0.44771573,9.933543,6.1086525E-4,-0.0012217305,6.1086525E-4,TREMOR,49fd21027e7c
1777350126770,9968964335241,0.24899697,0.46686932,9.938332,0.0,0.0018325958,6.1086525E-4,TREMOR,49fd21027e7c
1777350126778,9968972331550,0.24660277,0.47884035,9.940725,0.0012217305,0.002443461,0.0012217305,TREMOR,49fd21027e7c
1777350126786,9968980324476,0.25139117,0.46926352,9.97185,-0.0012217305,0.0036651916,0.0,TREMOR,49fd21027e7c
1777350126794,9968988320864,0.2681506,0.46447513,9.94312,-0.0012217305,0.002443461,-6.1086525E-4,TREMOR,49fd21027e7c
1777350126802,9968996347866,0.24899697,0.4405331,9.947908,-0.0018325958,-6.1086525E-4,6.1086525E-4,TREMOR,49fd21027e7c
1777350126810,9969004342023,0.25378537,0.4285621,9.933543,-0.0012217305,-0.0012217305,6.1086525E-4,TREMOR,49fd21027e7c
1777350126818,9969012339641,0.24899697,0.45010993,9.940725,-0.002443461,0.0,6.1086525E-4,TREMOR,49fd21027e7c
1777350126826,9969020333106,0.25617957,0.45250413,9.907207,-0.002443461,0.0,-6.1086525E-4,TREMOR,49fd21027e7c
1777350126834,9969028328877,0.2801216,0.46447513,9.907207,-0.0012217305,-0.002443461,6.1086525E-4,TREMOR,49fd21027e7c
1777350126842,9969036324803,0.2777274,0.46926352,9.904813,-0.0018325958,-0.0018325958,-6.1086525E-4,TREMOR,49fd21027e7c
1777350126850,9969044320576,0.29209262,0.44532153,9.916783,0.0,-0.0018325958,6.1086525E-4,TREMOR,49fd21027e7c
1777350126858,9969052345424,0.2681506,0.45250413,9.931149,-0.0018325958,0.0012217305,6.1086525E-4,TREMOR,49fd21027e7c
1777350126866,9969060341734,0.2896984,0.4429273,9.933543,-0.0012217305,0.0018325958,-6.1086525E-4,TREMOR,49fd21027e7c
1777350126874,9969068338045,0.2777274,0.45250413,9.931149,0.0012217305,-6.1086525E-4,6.1086525E-4,TREMOR,49fd21027e7c
1777350126882,9969076333433,0.2705448,0.46208093,9.931149,0.0012217305,0.0012217305,6.1086525E-4,TREMOR,49fd21027e7c
1777350126890,9969084327589,0.2801216,0.45729253,9.921572,6.1086525E-4,6.1086525E-4,0.0,TREMOR,49fd21027e7c
1777350126898,9969092324592,0.2681506,0.47165772,9.916783,0.0,6.1086525E-4,0.0012217305,TREMOR,49fd21027e7c
1777350126906,9969100319902,0.2681506,0.49081135,9.928755,6.1086525E-4,6.1086525E-4,0.0018325958,TREMOR,49fd21027e7c
1777350126914,9969108345135,0.24899697,0.49320555,9.923966,0.0,0.002443461,6.1086525E-4,TREMOR,49fd21027e7c
1777350126922,9969116341446,0.2681506,0.44532153,9.923966,-6.1086525E-4,0.0012217305,0.0,TREMOR,49fd21027e7c
1777350126930,9969124335987,0.2633622,0.46447513,9.938332,0.0018325958,6.1086525E-4,-6.1086525E-4,TREMOR,49fd21027e7c
1777350126938,9969132334144,0.25857377,0.45489833,9.952697,-0.0012217305,-0.0012217305,6.1086525E-4,TREMOR,49fd21027e7c
1777350126946,9969140328300,0.25139117,0.46686932,9.945514,0.0,-6.1086525E-4,0.0018325958,TREMOR,49fd21027e7c
1777350126954,9969148325149,0.25139117,0.45489833,9.931149,-0.0012217305,0.0018325958,6.1086525E-4,TREMOR,49fd21027e7c
1777350126962,9969156320306,0.260968,0.46447513,9.92636,-6.1086525E-4,0.0,-0.0018325958,TREMOR,49fd21027e7c
1777350126970,9969164346693,0.25617957,0.47644615,9.938332,-0.0018325958,-0.0018325958,0.0,TREMOR,49fd21027e7c
1777350126978,9969172342773,0.25857377,0.45729253,9.91439,0.0,-0.0012217305,0.0012217305,TREMOR,49fd21027e7c
1777350126986,9969180336007,0.2825158,0.46686932,9.900024,-6.1086525E-4,-0.0018325958,0.0012217305,TREMOR,49fd21027e7c
1777350126994,9969188334778,0.2896984,0.46447513,9.921572,-6.1086525E-4,0.0,0.0,TREMOR,49fd21027e7c
1777350127002,9969196327088,0.28491,0.4429273,9.909601,-0.0012217305,0.0,-0.0012217305,TREMOR,49fd21027e7c
1777350127010,9969204323938,0.29448682,0.44771573,9.91439,-0.0012217305,-0.0012217305,-6.1086525E-4,TREMOR,49fd21027e7c
1777350127018,9969212320864,0.272939,0.46208093,9.923966,6.1086525E-4,-6.1086525E-4,0.0,TREMOR,49fd21027e7c
1777350127026,9969220345481,0.2681506,0.47884035,9.935937,-6.1086525E-4,0.0030543262,6.1086525E-4,TREMOR,49fd21027e7c
1777350127034,9969228341253,0.2633622,0.48602295,9.94312,0.0,0.0012217305,0.0,TREMOR,49fd21027e7c
1777350127042,9969236336026,0.2873042,0.49320555,9.931149,-6.1086525E-4,-0.0012217305,0.0,TREMOR,49fd21027e7c
1777350127050,9969244333489,0.2873042,0.46208093,9.928755,6.1086525E-4,0.0,0.0012217305,TREMOR,49fd21027e7c
1777350127058,9969252328954,0.2633622,0.49320555,9.947908,-6.1086525E-4,-6.1086525E-4,-6.1086525E-4,TREMOR,49fd21027e7c
1777350127066,9969260323418,0.25617957,0.46447513,9.940725,-6.1086525E-4,0.0018325958,0.0,TREMOR,49fd21027e7c
1777350127074,9969268352037,0.25378537,0.45010993,9.933543,-6.1086525E-4,-0.0012217305,6.1086525E-4,TREMOR,49fd21027e7c
1777350127082,9969276344962,0.2705448,0.4405331,9.935937,-6.1086525E-4,0.0012217305,0.0012217305,TREMOR,49fd21027e7c
1777350127090,9969284341196,0.25857377,0.46208093,9.940725,-6.1086525E-4,0.0,0.0012217305,TREMOR,49fd21027e7c
1777350127098,9969292336276,0.2633622,0.45250413,9.945514,-6.1086525E-4,0.0,6.1086525E-4,TREMOR,49fd21027e7c
1777350127106,9969300331739,0.24899697,0.45250413,9.947908,-0.002443461,0.002443461,-0.0012217305,TREMOR,49fd21027e7c
1777350127114,9969308328973,0.23942018,0.45968673,9.92636,-6.1086525E-4,6.1086525E-4,-6.1086525E-4,TREMOR,49fd21027e7c
1777350127122,9969316325899,0.260968,0.46208093,9.933543,0.0,-0.0018325958,0.0,TREMOR,49fd21027e7c
1777350127130,9969324318210,0.2801216,0.45250413,9.935937,-0.0012217305,-6.1086525E-4,6.1086525E-4,TREMOR,49fd21027e7c
1777350127138,9969332346135,0.2777274,0.4429273,9.923966,-6.1086525E-4,-0.0012217305,6.1086525E-4,TREMOR,49fd21027e7c
1777350127146,9969340340907,0.2753332,0.44532153,9.921572,-0.0012217305,6.1086525E-4,0.0012217305,TREMOR,49fd21027e7c
1777350127154,9969348336372,0.29209262,0.46926352,9.895236,-0.0012217305,0.002443461,-0.0012217305,TREMOR,49fd21027e7c
1777350127162,9969356332681,0.29209262,0.45968673,9.909601,-6.1086525E-4,0.0,6.1086525E-4,TREMOR,49fd21027e7c
1777350127170,9969364327377,0.30645782,0.47884035,9.923966,6.1086525E-4,-6.1086525E-4,6.1086525E-4,TREMOR,49fd21027e7c
1777350127178,9969372323149,0.272939,0.47405192,9.919178,0.0012217305,0.002443461,-0.0012217305,TREMOR,49fd21027e7c
1777350127186,9969380351689,0.2777274,0.48602295,9.945514,0.0,0.002443461,0.0012217305,TREMOR,49fd21027e7c
1777350127194,9969388346539,0.25617957,0.47165772,9.947908,6.1086525E-4,0.0012217305,0.0012217305,TREMOR,49fd21027e7c
1777350127202,9969396343080,0.2681506,0.46208093,9.952697,0.0,0.0012217305,0.0012217305,TREMOR,49fd21027e7c
1777350127210,9969404336314,0.24660277,0.46447513,9.94312,0.0,6.1086525E-4,0.0,TREMOR,49fd21027e7c
1777350127218,9969412332085,0.2777274,0.45968673,9.94312,-6.1086525E-4,0.0,0.0012217305,TREMOR,49fd21027e7c
1777350127226,9969420328088,0.24660277,0.48123455,9.933543,-6.1086525E-4,6.1086525E-4,6.1086525E-4,TREMOR,49fd21027e7c
1777350127234,9969428323783,0.2657564,0.46686932,9.921572,-6.1086525E-4,0.0,0.0012217305,TREMOR,49fd21027e7c
1777350127242,9969436319401,0.2633622,0.45968673,9.938332,0.0,0.0,0.0012217305,TREMOR,49fd21027e7c
1777350127250,9969444347404,0.260968,0.46686932,9.931149,-6.1086525E-4,0.0012217305,0.0018325958,TREMOR,49fd21027e7c
1777350127258,9969452342176,0.25378537,0.44771573,9.933543,-0.0012217305,-0.0018325958,0.0012217305,TREMOR,49fd21027e7c
1777350127266,9969460336410,0.24899697,0.46447513,9.921572,-6.1086525E-4,6.1086525E-4,0.0012217305,TREMOR,49fd21027e7c
1777350127274,9969468331181,0.2633622,0.45968673,9.916783,0.0,-6.1086525E-4,0.0018325958,TREMOR,49fd21027e7c
1777350127282,9969476328107,0.25139117,0.47405192,9.909601,-0.0018325958,6.1086525E-4,6.1086525E-4,TREMOR,49fd21027e7c
1777350127290,9969484325341,0.2777274,0.46926352,9.950302,-0.0018325958,6.1086525E-4,0.0,TREMOR,49fd21027e7c
1777350127298,9969492319805,0.28491,0.49320555,9.935937,-6.1086525E-4,-0.002443461,6.1086525E-4,TREMOR,49fd21027e7c
1777350127306,9969500344961,0.29209262,0.45489833,9.952697,-6.1086525E-4,-6.1086525E-4,6.1086525E-4,TREMOR,49fd21027e7c
1777350127314,9969508341041,0.30406362,0.47165772,9.92636,-0.0018325958,0.0018325958,-6.1086525E-4,TREMOR,49fd21027e7c
1777350127322,9969516336429,0.2657564,0.47644615,9.921572,-6.1086525E-4,0.0012217305,6.1086525E-4,TREMOR,49fd21027e7c
1777350127330,9969524331200,0.2681506,0.46686932,9.904813,0.0,0.0018325958,0.0,TREMOR,49fd21027e7c
1777350127338,9969532327434,0.24420857,0.46447513,9.91439,6.1086525E-4,0.0018325958,6.1086525E-4,TREMOR,49fd21027e7c
1777350127346,9969540322206,0.24660277,0.46208093,9.92636,-6.1086525E-4,0.002443461,0.0,TREMOR,49fd21027e7c
1777350127354,9969548348131,0.24899697,0.45489833,9.935937,6.1086525E-4,0.0012217305,-0.0012217305,TREMOR,49fd21027e7c
1777350127362,9969556343750,0.2705448,0.46926352,9.967062,0.0,0.0012217305,0.0,TREMOR,49fd21027e7c
1777350127370,9969564339753,0.28491,0.44532153,9.950302,-6.1086525E-4,0.0,6.1086525E-4,TREMOR,49fd21027e7c
1777350127378,9969572336064,0.2753332,0.44532153,9.945514,0.0,-0.0012217305,6.1086525E-4,TREMOR,49fd21027e7c
1777350127386,9969580332066,0.29209262,0.4405331,9.923966,-6.1086525E-4,-6.1086525E-4,6.1086525E-4,TREMOR,49fd21027e7c
1777350127394,9969588326607,0.25857377,0.47165772,9.933543,6.1086525E-4,0.0018325958,6.1086525E-4,TREMOR,49fd21027e7c
1777350127402,9969596321918,0.24660277,0.48362875,9.928755,-6.1086525E-4,6.1086525E-4,6.1086525E-4,TREMOR,49fd21027e7c
1777350127410,9969604350304,0.25139117,0.48841715,9.902418,-6.1086525E-4,6.1086525E-4,6.1086525E-4,TREMOR,49fd21027e7c
1777350127418,9969612344384,0.260968,0.46686932,9.931149,-6.1086525E-4,0.0,6.1086525E-4,TREMOR,49fd21027e7c
1777350127426,9969620339849,0.2801216,0.44532153,9.928755,-0.0012217305,-0.0018325958,0.0,TREMOR,49fd21027e7c
1777350127434,9969628336082,0.2777274,0.46208093,9.92636,-0.0012217305,-6.1086525E-4,0.002443461,TREMOR,49fd21027e7c
1777350127442,9969636331546,0.29927522,0.46686932,9.94312,0.0,0.0018325958,-6.1086525E-4,TREMOR,49fd21027e7c
1777350127450,9969644327165,0.25857377,0.47405192,9.950302,0.0,0.002443461,-0.0012217305,TREMOR,49fd21027e7c
1777350127458,9969652321629,0.2825158,0.47165772,9.933543,0.0,6.1086525E-4,6.1086525E-4,TREMOR,49fd21027e7c
1777350127466,9969660348170,0.25378537,0.45489833,9.928755,-0.0018325958,-0.0012217305,0.0,TREMOR,49fd21027e7c
1777350127474,9969668344480,0.25139117,0.47644615,9.923966,-0.0012217305,-6.1086525E-4,0.0012217305,TREMOR,49fd21027e7c
1777350127482,9969676339253,0.24899697,0.47165772,9.911995,-0.0012217305,0.0012217305,0.0,TREMOR,49fd21027e7c
1777350127490,9969684334870,0.23223756,0.47165772,9.923966,-0.0012217305,0.0018325958,6.1086525E-4,TREMOR,49fd21027e7c
1777350127498,9969692332104,0.2657564,0.46447513,9.947908,-0.0030543262,6.1086525E-4,0.0030543262,TREMOR,49fd21027e7c
1777350127506,9969700329030,0.25378537,0.46686932,9.931149,-0.0018325958,-0.0012217305,-6.1086525E-4,TREMOR,49fd21027e7c
1777350127514,9969708322879,0.2777274,0.47405192,9.935937,6.1086525E-4,-0.0018325958,6.1086525E-4,TREMOR,49fd21027e7c
1777350127522,9969716350266,0.25857377,0.46686932,9.947908,0.0,6.1086525E-4,0.0,TREMOR,49fd21027e7c
1777350127530,9969724346038,0.272939,0.45250413,9.933543,-0.0018325958,0.0018325958,0.0,TREMOR,49fd21027e7c
1777350127538,9969732341426,0.2801216,0.45968673,9.928755,-6.1086525E-4,0.0018325958,6.1086525E-4,TREMOR,49fd21027e7c
1777350127546,9969740336120,0.2825158,0.45010993,9.919178,-6.1086525E-4,-0.0012217305,-6.1086525E-4,TREMOR,49fd21027e7c
1777350127554,9969748331892,0.28491,0.45250413,9.945514,-6.1086525E-4,-6.1086525E-4,0.0012217305,TREMOR,49fd21027e7c
1777350127562,9969756328434,0.29927522,0.4381389,9.902418,6.1086525E-4,0.002443461,-6.1086525E-4,TREMOR,49fd21027e7c
1777350127570,9969764320821,0.2777274,0.45968673,9.923966,0.0012217305,0.0012217305,6.1086525E-4,TREMOR,49fd21027e7c
1777350127578,9969772350285,0.2777274,0.44532153,9.945514,0.0012217305,0.0030543262,0.0,TREMOR,49fd21027e7c
1777350127586,9969780343211,0.24660277,0.47405192,9.933543,0.0,0.0,0.0012217305,TREMOR,49fd21027e7c
1777350127594,9969788338291,0.25617957,0.48362875,9.950302,-0.0012217305,-6.1086525E-4,0.0012217305,TREMOR,49fd21027e7c
1777350127602,9969796335216,0.25139117,0.46447513,9.940725,0.0,0.0012217305,0.0,TREMOR,49fd21027e7c
1777350127610,9969804329757,0.24899697,0.45010993,9.950302,6.1086525E-4,0.0,0.0,TREMOR,49fd21027e7c
1777350127618,9969812325376,0.24420857,0.45489833,9.931149,-6.1086525E-4,0.0,6.1086525E-4,TREMOR,49fd21027e7c
1777350127626,9969820322071,0.25857377,0.45729253,9.923966,6.1086525E-4,0.0,0.0012217305,TREMOR,49fd21027e7c
1777350127634,9969828346996,0.2896984,0.46926352,9.904813,0.0,-0.0018325958,6.1086525E-4,TREMOR,49fd21027e7c
1777350127642,9969836343922,0.29209262,0.49081135,9.928755,-6.1086525E-4,6.1086525E-4,6.1086525E-4,TREMOR,49fd21027e7c
1777350127650,9969844341387,0.2801216,0.50038815,9.919178,6.1086525E-4,0.0,6.1086525E-4,TREMOR,49fd21027e7c
1777350127658,9969852337081,0.2801216,0.48841715,9.91439,-0.0012217305,6.1086525E-4,0.0012217305,TREMOR,49fd21027e7c
1777350127666,9969860331623,0.2801216,0.48841715,9.940725,-0.0012217305,0.002443461,-6.1086525E-4,TREMOR,49fd21027e7c
1777350127674,9969868327241,0.2657564,0.47405192,9.935937,-0.0012217305,-0.0012217305,-6.1086525E-4,TREMOR,49fd21027e7c
1777350127682,9969876320859,0.2681506,0.46447513,9.921572,-6.1086525E-4,0.0,0.0,TREMOR,49fd21027e7c
1777350127690,9969884347015,0.2801216,0.46926352,9.938332,-0.0018325958,-6.1086525E-4,0.0,TREMOR,49fd21027e7c
1777350127698,9969892344788,0.28491,0.44532153,9.92636,-6.1086525E-4,-6.1086525E-4,0.0012217305,TREMOR,49fd21027e7c
1777350127706,9969900339868,0.2705448,0.47644615,9.909601,-6.1086525E-4,-0.0012217305,0.0012217305,TREMOR,49fd21027e7c
1777350127714,9969908334716,0.2681506,0.45968673,9.904813,-6.1086525E-4,6.1086525E-4,6.1086525E-4,TREMOR,49fd21027e7c
1777350127722,9969916329411,0.2681506,0.4405331,9.907207,-0.0012217305,6.1086525E-4,-6.1086525E-4,TREMOR,49fd21027e7c
1777350127730,9969924326414,0.2777274,0.4357447,9.895236,-6.1086525E-4,0.002443461,6.1086525E-4,TREMOR,49fd21027e7c
1777350127738,9969932320878,0.2705448,0.4405331,9.931149,0.0,0.0012217305,0.0012217305,TREMOR,49fd21027e7c
1777350127746,9969940348188,0.2681506,0.45968673,9.928755,0.0,0.0012217305,0.0018325958,TREMOR,49fd21027e7c
1777350127754,9969948341730,0.2657564,0.45729253,9.940725,0.0018325958,-0.0012217305,0.0012217305,TREMOR,49fd21027e7c
1777350127762,9969956339579,0.2657564,0.47165772,9.940725,0.0012217305,0.004276057,0.0012217305,TREMOR,49fd21027e7c
1777350127770,9969964334120,0.2705448,0.45968673,9.94312,0.0,6.1086525E-4,0.0012217305,TREMOR,49fd21027e7c
1777350127778,9969972330738,0.260968,0.46926352,9.935937,-0.0012217305,0.0,0.0012217305,TREMOR,49fd21027e7c
1777350127786,9969980325126,0.2633622,0.45489833,9.945514,-0.002443461,-6.1086525E-4,0.0,TREMOR,49fd21027e7c
1777350127794,9969988320205,0.23942018,0.46447513,9.923966,-0.0012217305,0.0012217305,6.1086525E-4,TREMOR,49fd21027e7c
1777350127802,9969996347977,0.24899697,0.46447513,9.919178,-0.0012217305,0.0012217305,0.0012217305,TREMOR,49fd21027e7c
1777350127810,9970004397587,0.23942018,0.48123455,9.909601,0.0,6.1086525E-4,0.0012217305,TREMOR,49fd21027e7c
1777350127818,9970012394520,0.25857377,0.45250413,9.902418,6.1086525E-4,-6.1086525E-4,0.0,TREMOR,49fd21027e7c
1777350127825,9970019815529,0.2633622,0.44532153,9.91439,-0.0012217305,-0.0012217305,0.0,TREMOR,49fd21027e7c
1777350127834,9970028383154,0.260968,0.48841715,9.935937,-6.1086525E-4,0.0,0.0,TREMOR,49fd21027e7c
1777350127842,9970036380703,0.2633622,0.46208093,9.931149,-6.1086525E-4,6.1086525E-4,-6.1086525E-4,TREMOR,49fd21027e7c
1777350127850,9970044377712,0.260968,0.47884035,9.931149,-6.1086525E-4,-6.1086525E-4,0.0,TREMOR,49fd21027e7c
1777350127858,9970052403260,0.2777274,0.45968673,9.916783,-6.1086525E-4,-0.0012217305,6.1086525E-4,TREMOR,49fd21027e7c
1777350127866,9970060399577,0.2896984,0.48123455,9.916783,-0.0012217305,-0.002443461,6.1086525E-4,TREMOR,49fd21027e7c
1777350127874,9970068392510,0.28491,0.49559975,9.91439,0.0,0.0,6.1086525E-4,TREMOR,49fd21027e7c
1777350127882,9970076390289,0.2777274,0.47405192,9.907207,6.1086525E-4,0.0,0.0018325958,TREMOR,49fd21027e7c
1777350127890,9970084385683,0.2633622,0.48123455,9.888053,0.0,0.0012217305,0.0,TREMOR,49fd21027e7c
1777350127898,9970092381385,0.2801216,0.45729253,9.904813,0.0,-0.0012217305,-6.1086525E-4,TREMOR,49fd21027e7c
1777350127906,9970100376163,0.2705448,0.45489833,9.902418,0.0,0.002443461,-6.1086525E-4,TREMOR,49fd21027e7c
1777350127914,9970108400866,0.25857377,0.46447513,9.928755,0.0,0.0012217305,-6.1086525E-4,TREMOR,49fd21027e7c
1777350127922,9970116398722,0.24660277,0.47644615,9.935937,-6.1086525E-4,0.0012217305,6.1086525E-4,TREMOR,49fd21027e7c
1777350127930,9970124395039,0.24181437,0.45250413,9.947908,0.0,6.1086525E-4,0.0,TREMOR,49fd21027e7c
1777350127938,9970132390741,0.24420857,0.46686932,9.945514,-0.0018325958,0.0,0.0,TREMOR,49fd21027e7c
1777350127946,9970140384904,0.2657564,0.46926352,9.92636,-0.0018325958,0.0012217305,0.0012217305,TREMOR,49fd21027e7c
1777350127954,9970148379683,0.25617957,0.47165772,9.919178,-0.0012217305,0.0,0.0,TREMOR,49fd21027e7c
1777350127962,9970156407385,0.24899697,0.46208093,9.902418,-6.1086525E-4,0.0,-6.1086525E-4,TREMOR,49fd21027e7c
1777350127970,9970164401779,0.24660277,0.47405192,9.907207,-0.0018325958,-0.0012217305,6.1086525E-4,TREMOR,49fd21027e7c
1777350127978,9970172398712,0.2825158,0.45250413,9.911995,-0.0012217305,-0.0036651916,-6.1086525E-4,TREMOR,49fd21027e7c
1777350127986,9970180393490,0.29448682,0.47644615,9.904813,-0.0018325958,6.1086525E-4,-6.1086525E-4,TREMOR,49fd21027e7c
1777350127994,9970188389577,0.2801216,0.48123455,9.89763,-6.1086525E-4,0.0012217305,6.1086525E-4,TREMOR,49fd21027e7c
1777350128002,9970196384971,0.2873042,0.47884035,9.904813,-0.0012217305,0.0018325958,6.1086525E-4,TREMOR,49fd21027e7c
1777350128010,9970204382750,0.2801216,0.46686932,9.911995,-6.1086525E-4,-6.1086525E-4,0.0,TREMOR,49fd21027e7c
1777350128018,9970212374760,0.2873042,0.45489833,9.911995,0.0,0.0,0.0012217305,TREMOR,49fd21027e7c
1777350128026,9970220401846,0.2873042,0.44771573,9.907207,0.0,6.1086525E-4,6.1086525E-4,TREMOR,49fd21027e7c
1777350128034,9970228396702,0.260968,0.45250413,9.923966,0.0,6.1086525E-4,0.0012217305,TREMOR,49fd21027e7c
1777350128042,9970236393250,0.28491,0.45489833,9.919178,0.0,0.0018325958,0.0012217305,TREMOR,49fd21027e7c
1777350128050,9970244387798,0.25617957,0.47405192,9.911995,0.0,0.0012217305,0.0012217305,TREMOR,49fd21027e7c
1777350128058,9970252384424,0.260968,0.46686932,9.91439,0.0,-6.1086525E-4,0.0012217305,TREMOR,49fd21027e7c
1777350128066,9970260378510,0.25617957,0.46208093,9.885659,6.1086525E-4,0.0,0.0012217305,TREMOR,49fd21027e7c
1777350128074,9970268374212,0.260968,0.46208093,9.91439,-6.1086525E-4,6.1086525E-4,-6.1086525E-4,TREMOR,49fd21027e7c
1777350128082,9970276401298,0.25857377,0.45489833,9.907207,-6.1086525E-4,-0.0012217305,0.0,TREMOR,49fd21027e7c
1777350128090,9970284398846,0.25617957,0.46447513,9.92636,-0.0012217305,0.0012217305,-6.1086525E-4,TREMOR,49fd21027e7c
1777350128098,9970292394856,0.25617957,0.45489833,9.923966,-0.0012217305,-6.1086525E-4,6.1086525E-4,TREMOR,49fd21027e7c
1777350128106,9970300388481,0.24181437,0.47884035,9.923966,-0.0018325958,-6.1086525E-4,-6.1086525E-4,TREMOR,49fd21027e7c
1777350128114,9970308382952,0.25857377,0.48362875,9.907207,-0.002443461,-6.1086525E-4,6.1086525E-4,TREMOR,49fd21027e7c
1777350128122,9970316380500,0.2633622,0.47165772,9.907207,-0.0018325958,-0.0018325958,0.0,TREMOR,49fd21027e7c
1777350128130,9970324375279,0.2753332,0.46208093,9.911995,-0.002443461,-6.1086525E-4,-0.0012217305,TREMOR,49fd21027e7c
1777350128138,9970332402981,0.30166942,0.46208093,9.89763,-0.0018325958,6.1086525E-4,0.0,TREMOR,49fd21027e7c
1777350128146,9970340396837,0.29927522,0.44532153,9.909601,0.0,0.0030543262,-0.0012217305,TREMOR,49fd21027e7c
1777350128154,9970348392231,0.2873042,0.45968673,9.892841,-0.0012217305,6.1086525E-4,-6.1086525E-4,TREMOR,49fd21027e7c
1777350128162,9970356387625,0.2896984,0.44532153,9.909601,6.1086525E-4,0.0,0.0,TREMOR,49fd21027e7c
1777350128170,9970364384558,0.29448682,0.45968673,9.895236,0.0,0.0012217305,0.0018325958,TREMOR,49fd21027e7c
1777350128178,9970372380491,0.29448682,0.45729253,9.909601,0.0018325958,0.0012217305,0.0,TREMOR,49fd21027e7c
1777350128186,9970380406039,0.2681506,0.47165772,9.902418,0.0,0.0018325958,0.002443461,TREMOR,49fd21027e7c
1777350128194,9970388403587,0.2657564,0.46686932,9.919178,0.0012217305,0.0030543262,0.0018325958,TREMOR,49fd21027e7c
1777350128202,9970396399596,0.2633622,0.49320555,9.923966,0.0012217305,6.1086525E-4,6.1086525E-4,TREMOR,49fd21027e7c
1777350128210,9970404392529,0.2657564,0.48123455,9.907207,-6.1086525E-4,0.0012217305,6.1086525E-4,TREMOR,49fd21027e7c
1777350128218,9970412389155,0.25378537,0.45729253,9.938332,-0.0012217305,-6.1086525E-4,0.002443461,TREMOR,49fd21027e7c
1777350128226,9970420384933,0.24420857,0.4429273,9.921572,-0.0018325958,0.0030543262,6.1086525E-4,TREMOR,49fd21027e7c
1777350128234,9970428379327,0.23463176,0.46208093,9.923966,-6.1086525E-4,0.0,6.1086525E-4,TREMOR,49fd21027e7c
1777350128242,9970436407106,0.24420857,0.45489833,9.907207,-6.1086525E-4,-0.0030543262,0.0018325958,TREMOR,49fd21027e7c
1777350128250,9970444401577,0.2633622,0.46208093,9.880871,-6.1086525E-4,-0.002443461,-6.1086525E-4,TREMOR,49fd21027e7c
1777350128258,9970452396049,0.272939,0.47405192,9.907207,-0.002443461,-6.1086525E-4,0.0,TREMOR,49fd21027e7c
1777350128266,9970460392366,0.2801216,0.46926352,9.91439,-0.002443461,-6.1086525E-4,6.1086525E-4,TREMOR,49fd21027e7c
1777350128274,9970468389222,0.25139117,0.46686932,9.923966,-0.0012217305,0.0012217305,-0.0012217305,TREMOR,49fd21027e7c
1777350128282,9970476382846,0.260968,0.45250413,9.907207,-6.1086525E-4,-6.1086525E-4,0.0012217305,TREMOR,49fd21027e7c
1777350128290,9970484378472,0.29448682,0.45968673,9.885659,-0.002443461,-0.002443461,0.0012217305,TREMOR,49fd21027e7c
1777350128298,9970492375482,0.28491,0.47165772,9.900024,-0.0012217305,-0.0012217305,-6.1086525E-4,TREMOR,49fd21027e7c
1777350128306,9970500401952,0.2873042,0.45729253,9.878476,-6.1086525E-4,0.0,0.0012217305,TREMOR,49fd21027e7c
1777350128314,9970508397039,0.28491,0.46447513,9.888053,-6.1086525E-4,0.0012217305,0.0012217305,TREMOR,49fd21027e7c
1777350128322,9970516393663,0.2705448,0.44771573,9.892841,0.0,0.0018325958,6.1086525E-4,TREMOR,49fd21027e7c
1777350128330,9970524388673,0.260968,0.45010993,9.916783,6.1086525E-4,6.1086525E-4,0.0,TREMOR,49fd21027e7c
1777350128338,9970532384684,0.2873042,0.45729253,9.909601,6.1086525E-4,0.0012217305,0.002443461,TREMOR,49fd21027e7c
1777350128346,9970540380077,0.25617957,0.45968673,9.923966,0.0,0.0018325958,-6.1086525E-4,TREMOR,49fd21027e7c
1777350128354,9970548406856,0.24899697,0.46208093,9.91439,-6.1086525E-4,0.0018325958,0.0012217305,TREMOR,49fd21027e7c
1777350128362,9970556401019,0.24181437,0.46208093,9.919178,-6.1086525E-4,0.0012217305,0.0,TREMOR,49fd21027e7c
1777350128370,9970564395875,0.2633622,0.45729253,9.900024,6.1086525E-4,-0.0012217305,6.1086525E-4,TREMOR,49fd21027e7c
1777350128378,9970572391270,0.2633622,0.47644615,9.902418,0.0012217305,0.0,0.0018325958,TREMOR,49fd21027e7c
1777350128386,9970580390048,0.25139117,0.45968673,9.91439,-6.1086525E-4,0.002443461,0.0018325958,TREMOR,49fd21027e7c
1777350128394,9970588340443,0.25139117,0.45489833,9.911995,0.0,6.1086525E-4,0.0012217305,TREMOR,49fd21027e7c
1777350128402,9970596380529,0.2633622,0.45729253,9.904813,-6.1086525E-4,0.0,0.002443461,TREMOR,49fd21027e7c
1777350128410,9970604406000,0.2657564,0.46926352,9.928755,-6.1086525E-4,-6.1086525E-4,0.0,TREMOR,49fd21027e7c
1777350128418,9970612401472,0.25617957,0.46926352,9.909601,-0.002443461,0.0,6.1086525E-4,TREMOR,49fd21027e7c
1777350128426,9970620395943,0.260968,0.47644615,9.892841,-0.0018325958,-6.1086525E-4,0.0,TREMOR,49fd21027e7c
1777350128434,9970628394414,0.2705448,0.47884035,9.866506,-0.0018325958,-0.0012217305,6.1086525E-4,TREMOR,49fd21027e7c
1777350128442,9970636386346,0.2825158,0.48123455,9.895236,-0.0012217305,6.1086525E-4,0.0,TREMOR,49fd21027e7c
1777350128450,9970644383587,0.31124622,0.45010993,9.885659,-0.002443461,0.0,0.0012217305,TREMOR,49fd21027e7c
1777350128458,9970652379366,0.28491,0.45968673,9.916783,-0.0012217305,0.0012217305,0.0018325958,TREMOR,49fd21027e7c
1777350128466,9970660405529,0.2657564,0.45968673,9.916783,0.0,6.1086525E-4,0.0018325958,TREMOR,49fd21027e7c
1777350128474,9970668400847,0.24899697,0.45968673,9.902418,0.0,0.0,0.0,TREMOR,49fd21027e7c
1777350128482,9970676394164,0.2633622,0.46208093,9.900024,-0.0012217305,0.0018325958,0.0012217305,TREMOR,49fd21027e7c
1777350128490,9970684392020,0.2633622,0.45968673,9.890448,-6.1086525E-4,-0.0012217305,-6.1086525E-4,TREMOR,49fd21027e7c
1777350128498,9970692389184,0.272939,0.46208093,9.921572,-0.0018325958,0.0018325958,6.1086525E-4,TREMOR,49fd21027e7c
1777350128506,9970700383731,0.2705448,0.46208093,9.911995,-0.0018325958,0.0012217305,0.002443461,TREMOR,49fd21027e7c
1777350128514,9970708379126,0.25857377,0.45489833,9.91439,-0.0012217305,-6.1086525E-4,6.1086525E-4,TREMOR,49fd21027e7c
1777350128522,9970716404981,0.2681506,0.46208093,9.902418,-6.1086525E-4,6.1086525E-4,6.1086525E-4,TREMOR,49fd21027e7c
1777350128530,9970724401529,0.2825158,0.46447513,9.890448,-6.1086525E-4,-0.0012217305,6.1086525E-4,TREMOR,49fd21027e7c
1777350128538,9970732397539,0.2777274,0.48602295,9.900024,0.0,0.0,0.0,TREMOR,49fd21027e7c
1777350128546,9970740393933,0.260968,0.49320555,9.888053,6.1086525E-4,0.0030543262,6.1086525E-4,TREMOR,49fd21027e7c
1777350128554,9970748387174,0.25378537,0.47405192,9.916783,-0.0012217305,0.0030543262,0.0,TREMOR,49fd21027e7c
1777350128562,9970756383491,0.260968,0.47405192,9.909601,-6.1086525E-4,0.0018325958,6.1086525E-4,TREMOR,49fd21027e7c
1777350128570,9970764378577,0.25139117,0.46926352,9.921572,-0.0012217305,-0.0012217305,6.1086525E-4,TREMOR,49fd21027e7c
1777350128578,9970772406818,0.2896984,0.45729253,9.92636,-0.0018325958,0.0,6.1086525E-4,TREMOR,49fd21027e7c
1777350128586,9970780399443,0.2657564,0.45010993,9.916783,-6.1086525E-4,6.1086525E-4,6.1086525E-4,TREMOR,49fd21027e7c
1777350128594,9970788394222,0.2753332,0.45250413,9.902418,-0.0012217305,0.0018325958,-6.1086525E-4,TREMOR,49fd21027e7c
1777350128602,9970796390923,0.2753332,0.45010993,9.859323,0.0,-0.002443461,0.0,TREMOR,49fd21027e7c
1777350128610,9970804387164,0.2777274,0.46447513,9.880871,0.0,6.1086525E-4,0.0018325958,TREMOR,49fd21027e7c
1777350128618,9970812385020,0.29448682,0.46686932,9.878476,0.0,-6.1086525E-4,0.0,TREMOR,49fd21027e7c
1777350128626,9970820379260,0.2777274,0.45250413,9.907207,-6.1086525E-4,6.1086525E-4,0.0012217305,TREMOR,49fd21027e7c
1777350128634,9970828405039,0.2633622,0.44532153,9.928755,-0.0012217305,0.0018325958,-6.1086525E-4,TREMOR,49fd21027e7c
1777350128642,9970836399279,0.272939,0.4405331,9.94312,-0.0012217305,-0.0012217305,6.1086525E-4,TREMOR,49fd21027e7c
1777350128650,9970844395289,0.260968,0.45489833,9.928755,0.0,6.1086525E-4,6.1086525E-4,TREMOR,49fd21027e7c
1777350128658,9970852391607,0.2657564,0.45489833,9.911995,0.0012217305,-6.1086525E-4,6.1086525E-4,TREMOR,49fd21027e7c
1777350128666,9970860386077,0.24899697,0.47644615,9.900024,0.0012217305,-0.0012217305,6.1086525E-4,TREMOR,49fd21027e7c
1777350128674,9970868381703,0.272939,0.47884035,9.878476,0.0,-6.1086525E-4,6.1086525E-4,TREMOR,49fd21027e7c
1777350128682,9970876377404,0.25617957,0.47644615,9.904813,6.1086525E-4,6.1086525E-4,-6.1086525E-4,TREMOR,49fd21027e7c
1777350128690,9970884404876,0.2777274,0.47884035,9.900024,-6.1086525E-4,0.0012217305,-0.0018325958,TREMOR,49fd21027e7c
1777350128698,9970892400578,0.2681506,0.47644615,9.91439,-6.1086525E-4,6.1086525E-4,-6.1086525E-4,TREMOR,49fd21027e7c
1777350128706,9970900394972,0.2681506,0.48123455,9.911995,-0.0012217305,6.1086525E-4,6.1086525E-4,TREMOR,49fd21027e7c
1777350128714,9970908390982,0.2633622,0.45489833,9.916783,-0.0012217305,0.0012217305,0.0,TREMOR,49fd21027e7c
1777350128722,9970916387067,0.25617957,0.46926352,9.902418,-0.0012217305,-0.0018325958,0.0,TREMOR,49fd21027e7c
1777350128730,9970924381539,0.29209262,0.47405192,9.904813,-6.1086525E-4,-0.0012217305,6.1086525E-4,TREMOR,49fd21027e7c
1777350128738,9970932378780,0.2705448,0.45010993,9.888053,6.1086525E-4,0.0018325958,6.1086525E-4,TREMOR,49fd21027e7c
1777350128746,9970940403020,0.29209262,0.46686932,9.900024,-6.1086525E-4,0.0012217305,0.0,TREMOR,49fd21027e7c
1777350128754,9970948400568,0.2681506,0.45729253,9.900024,-0.0018325958,0.0012217305,6.1086525E-4,TREMOR,49fd21027e7c
1777350128762,9970956394731,0.28491,0.46686932,9.911995,-6.1086525E-4,6.1086525E-4,6.1086525E-4,TREMOR,49fd21027e7c
1777350128770,9970964391664,0.2657564,0.46447513,9.928755,-0.0012217305,6.1086525E-4,0.0018325958,TREMOR,49fd21027e7c
1777350128778,9970972388597,0.25617957,0.44532153,9.909601,-6.1086525E-4,0.0,0.0012217305,TREMOR,49fd21027e7c
1777350128786,9970980383452,0.25617957,0.46926352,9.89763,0.0,0.0018325958,6.1086525E-4,TREMOR,49fd21027e7c
1777350128794,9970988376616,0.2753332,0.4405331,9.923966,-0.0018325958,0.0012217305,0.0012217305,TREMOR,49fd21027e7c
1777350128802,9970996404625,0.2896984,0.45489833,9.92636,-6.1086525E-4,0.0,6.1086525E-4,TREMOR,49fd21027e7c
1777350128810,9971004401251,0.2705448,0.45729253,9.89763,0.0,-6.1086525E-4,0.0,TREMOR,49fd21027e7c
1777350128818,9971012396030,0.2705448,0.46686932,9.902418,0.0,6.1086525E-4,0.0,TREMOR,49fd21027e7c
1777350128826,9971020391424,0.2657564,0.47644615,9.902418,-6.1086525E-4,6.1086525E-4,0.002443461,TREMOR,49fd21027e7c
1777350128834,9971028385357,0.24899697,0.46208093,9.907207,-0.0012217305,-0.0012217305,6.1086525E-4,TREMOR,49fd21027e7c
1777350128842,9971036381366,0.2633622,0.46926352,9.919178,-6.1086525E-4,0.0,0.0,TREMOR,49fd21027e7c
1777350128850,9971044407453,0.25378537,0.48123455,9.919178,-0.0012217305,0.0,0.0,TREMOR,49fd21027e7c
1777350128858,9971052406540,0.2825158,0.46686932,9.92636,6.1086525E-4,0.0,-6.1086525E-4,TREMOR,49fd21027e7c
1777350128866,9971060400087,0.2801216,0.46208093,9.916783,-0.0012217305,0.0,0.0018325958,TREMOR,49fd21027e7c
1777350128874,9971068394943,0.29448682,0.4405331,9.909601,-0.0018325958,6.1086525E-4,0.0012217305,TREMOR,49fd21027e7c
1777350128882,9971076389414,0.272939,0.4309563,9.909601,-0.0018325958,6.1086525E-4,0.0,TREMOR,49fd21027e7c
1777350128890,9971084385116,0.25857377,0.44532153,9.907207,6.1086525E-4,0.0012217305,0.0018325958,TREMOR,49fd21027e7c
1777350128898,9971092383894,0.2657564,0.47165772,9.892841,6.1086525E-4,0.0012217305,0.0,TREMOR,49fd21027e7c
1777350128906,9971100407520,0.24420857,0.48123455,9.907207,6.1086525E-4,0.0,0.0012217305,TREMOR,49fd21027e7c
1777350128914,9971108405991,0.25378537,0.46686932,9.909601,0.0,0.0012217305,6.1086525E-4,TREMOR,49fd21027e7c
1777350128922,9971116398385,0.272939,0.46686932,9.916783,-6.1086525E-4,-0.0012217305,0.0012217305,TREMOR,49fd21027e7c
1777350128930,9971124393780,0.2681506,0.47405192,9.909601,-6.1086525E-4,6.1086525E-4,0.0,TREMOR,49fd21027e7c
1777350128938,9971132391558,0.2705448,0.45489833,9.904813,-0.0012217305,-0.0012217305,0.002443461,TREMOR,49fd21027e7c
1777350128946,9971140385799,0.2705448,0.46686932,9.907207,0.0,0.0030543262,0.0012217305,TREMOR,49fd21027e7c
1777350128954,9971148382039,0.272939,0.45489833,9.91439,0.0,0.002443461,0.0,TREMOR,49fd21027e7c
1777350128962,9971156376587,0.25857377,0.45250413,9.91439,0.0,0.0018325958,6.1086525E-4,TREMOR,49fd21027e7c
1777350128970,9971164404212,0.272939,0.44771573,9.895236,0.0,-6.1086525E-4,6.1086525E-4,TREMOR,49fd21027e7c
1777350128978,9971172399606,0.24660277,0.46208093,9.880871,-0.0012217305,-6.1086525E-4,0.0012217305,TREMOR,49fd21027e7c
1777350128986,9971180396924,0.2657564,0.47165772,9.895236,-0.0012217305,0.0030543262,-6.1086525E-4,TREMOR,49fd21027e7c
1777350128994,9971188390472,0.25139117,0.47644615,9.911995,0.0,6.1086525E-4,0.0012217305,TREMOR,49fd21027e7c
1777350129002,9971196384943,0.24181437,0.46686932,9.923966,-6.1086525E-4,-0.0012217305,6.1086525E-4,TREMOR,49fd21027e7c
1777350129010,9971204382106,0.2657564,0.48602295,9.911995,-0.0012217305,-0.0018325958,0.0012217305,TREMOR,49fd21027e7c
1777350129018,9971212410116,0.2825158,0.47405192,9.923966,-0.0012217305,6.1086525E-4,6.1086525E-4,TREMOR,49fd21027e7c
1777350129026,9971220404279,0.2633622,0.46926352,9.91439,0.0,6.1086525E-4,0.0,TREMOR,49fd21027e7c
1777350129034,9971228399674,0.2777274,0.46208093,9.900024,-6.1086525E-4,0.0,0.0,TREMOR,49fd21027e7c
1777350129042,9971236395452,0.2681506,0.48123455,9.885659,6.1086525E-4,0.0,0.0,TREMOR,49fd21027e7c
1777350129050,9971244390539,0.2657564,0.46926352,9.895236,0.0,6.1086525E-4,0.0,TREMOR,49fd21027e7c
1777350129058,9971252386241,0.2705448,0.47644615,9.890448,6.1086525E-4,6.1086525E-4,0.0,TREMOR,49fd21027e7c
1777350129066,9971260382481,0.2753332,0.44771573,9.89763,0.0012217305,-0.0012217305,0.0012217305,TREMOR,49fd21027e7c
1777350129074,9971268407491,0.2753332,0.47644615,9.900024,0.0,0.0012217305,6.1086525E-4,TREMOR,49fd21027e7c
1777350129082,9971276403500,0.2681506,0.45489833,9.911995,0.0,0.002443461,6.1086525E-4,TREMOR,49fd21027e7c
1777350129090,9971284397587,0.24899697,0.45968673,9.923966,0.0,0.0,0.0,TREMOR,49fd21027e7c
1777350129098,9971292396366,0.25857377,0.45489833,9.921572,-6.1086525E-4,-6.1086525E-4,0.0,TREMOR,49fd21027e7c
1777350129106,9971300389376,0.260968,0.45968673,9.909601,6.1086525E-4,-6.1086525E-4,0.0,TREMOR,49fd21027e7c
1777350129114,9971308386847,0.25617957,0.45968673,9.92636,6.1086525E-4,-6.1086525E-4,0.0,TREMOR,49fd21027e7c
1777350129122,9971316380779,0.2801216,0.4333505,9.919178,-6.1086525E-4,0.0018325958,0.0,TREMOR,49fd21027e7c
1777350129130,9971324377405,0.2633622,0.4405331,9.923966,-0.0012217305,6.1086525E-4,-6.1086525E-4,TREMOR,49fd21027e7c
1777350129138,9971332405337,0.2633622,0.45250413,9.91439,-6.1086525E-4,-6.1086525E-4,-6.1086525E-4,TREMOR,49fd21027e7c
1777350129146,9971340399270,0.2705448,0.44532153,9.921572,-0.0018325958,-0.0012217305,6.1086525E-4,TREMOR,49fd21027e7c
1777350129154,9971348394895,0.28491,0.47405192,9.919178,6.1086525E-4,-6.1086525E-4,0.0,TREMOR,49fd21027e7c
1777350129162,9971356390673,0.2896984,0.49081135,9.909601,0.0,-0.0018325958,6.1086525E-4,TREMOR,49fd21027e7c
1777350129170,9971364385683,0.2873042,0.49799395,9.89763,0.0012217305,0.0012217305,-6.1086525E-4,TREMOR,49fd21027e7c
1777350129178,9971372381077,0.272939,0.49081135,9.904813,0.002443461,0.002443461,0.0,TREMOR,49fd21027e7c
1777350129186,9971380406395,0.2705448,0.47884035,9.89763,0.0018325958,6.1086525E-4,6.1086525E-4,TREMOR,49fd21027e7c
1777350129194,9971388402328,0.2705448,0.47644615,9.904813,6.1086525E-4,-6.1086525E-4,0.0012217305,TREMOR,49fd21027e7c
1777350129202,9971396399260,0.29448682,0.46686932,9.92636,0.0,0.0,0.0,TREMOR,49fd21027e7c
1777350129210,9971404393193,0.2825158,0.44771573,9.952697,0.0,0.0012217305,0.0018325958,TREMOR,49fd21027e7c
1777350129218,9971412388818,0.29209262,0.45489833,9.935937,6.1086525E-4,0.0018325958,6.1086525E-4,TREMOR,49fd21027e7c
1777350129226,9971420384289,0.25857377,0.45489833,9.933543,6.1086525E-4,0.002443461,0.0012217305,TREMOR,49fd21027e7c
1777350129234,9971428382761,0.25617957,0.45968673,9.92636,-6.1086525E-4,0.0018325958,6.1086525E-4,TREMOR,49fd21027e7c
1777350129242,9971436407693,0.24899697,0.4429273,9.919178,6.1086525E-4,0.0,0.0,TREMOR,49fd21027e7c
1777350129250,9971444401857,0.25857377,0.45010993,9.885659,0.0,-0.0012217305,6.1086525E-4,TREMOR,49fd21027e7c
1777350129258,9971452399019,0.25857377,0.45010993,9.885659,0.0012217305,-0.0018325958,0.0,TREMOR,49fd21027e7c
1777350129266,9971460394722,0.25857377,0.46208093,9.904813,-6.1086525E-4,0.0018325958,0.0012217305,TREMOR,49fd21027e7c
1777350129274,9971468388655,0.24420857,0.46447513,9.904813,-6.1086525E-4,0.0018325958,0.0012217305,TREMOR,49fd21027e7c
1777350129282,9971476386433,0.2633622,0.47165772,9.928755,-0.0018325958,0.0012217305,0.0012217305,TREMOR,49fd21027e7c
1777350129290,9971484382443,0.2777274,0.48841715,9.933543,0.0,0.0012217305,0.0012217305,TREMOR,49fd21027e7c
1777350129298,9971492408298,0.25378537,0.47405192,9.92636,0.0,-0.0012217305,0.0012217305,TREMOR,49fd21027e7c
1777350129306,9971500402462,0.29448682,0.44771573,9.909601,-0.0018325958,6.1086525E-4,6.1086525E-4,TREMOR,49fd21027e7c
1777350129314,9971508399165,0.2896984,0.4333505,9.89763,-6.1086525E-4,-0.0018325958,0.0018325958,TREMOR,49fd21027e7c
1777350129322,9971516392712,0.2873042,0.4189853,9.907207,-6.1086525E-4,0.0,-6.1086525E-4,TREMOR,49fd21027e7c
1777350129330,9971524390260,0.2657564,0.4261679,9.909601,0.0,0.0,6.1086525E-4,TREMOR,49fd21027e7c
1777350129338,9971532385270,0.2633622,0.4381389,9.907207,0.0012217305,0.0,6.1086525E-4,TREMOR,49fd21027e7c
1777350129346,9971540382818,0.25378537,0.46447513,9.883265,0.0012217305,0.0012217305,6.1086525E-4,TREMOR,49fd21027e7c
1777350129354,9971548406828,0.23942018,0.50757074,9.888053,0.0012217305,6.1086525E-4,0.0,TREMOR,49fd21027e7c
1777350129362,9971556404145,0.2657564,0.51235914,9.902418,0.0018325958,0.0012217305,6.1086525E-4,TREMOR,49fd21027e7c
1777350129370,9971564396386,0.2657564,0.50517654,9.916783,-6.1086525E-4,-6.1086525E-4,0.0,TREMOR,49fd21027e7c
1777350129378,9971572395241,0.2681506,0.49320555,9.94312,0.0,-6.1086525E-4,0.0012217305,TREMOR,49fd21027e7c
1777350129386,9971580388097,0.23463176,0.47884035,9.945514,-0.0012217305,0.0012217305,-0.0012217305,TREMOR,49fd21027e7c
1777350129394,9971588385645,0.25378537,0.48123455,9.938332,-6.1086525E-4,0.0018325958,0.0012217305,TREMOR,49fd21027e7c
1777350129402,9971596379501,0.24660277,0.47405192,9.921572,-0.0012217305,-0.002443461,0.0012217305,TREMOR,49fd21027e7c
1777350129410,9971604375203,0.25378537,0.50038815,9.909601,0.0012217305,-0.0012217305,0.0,TREMOR,49fd21027e7c
1777350129418,9971612401673,0.2633622,0.48602295,9.892841,0.0,6.1086525E-4,6.1086525E-4,TREMOR,49fd21027e7c
1777350129426,9971620398683,0.25378537,0.45489833,9.888053,-0.0012217305,0.0018325958,0.0018325958,TREMOR,49fd21027e7c
1777350129434,9971628393770,0.2753332,0.45968673,9.890448,-0.0012217305,0.0,0.0,TREMOR,49fd21027e7c
1777350129442,9971636387626,0.29209262,0.4261679,9.902418,-0.0012217305,0.0,0.0012217305,TREMOR,49fd21027e7c
1777350129450,9971644386097,0.31364042,0.4189853,9.907207,-6.1086525E-4,6.1086525E-4,-0.0012217305,TREMOR,49fd21027e7c
1777350129458,9971652380491,0.31364042,0.4333505,9.911995,0.0,0.0,6.1086525E-4,TREMOR,49fd21027e7c
1777350129466,9971660405116,0.29688102,0.45010993,9.909601,0.0012217305,-6.1086525E-4,0.0,TREMOR,49fd21027e7c
1777350129474,9971668402742,0.29209262,0.48602295,9.904813,0.0012217305,0.0,0.0012217305,TREMOR,49fd21027e7c
1777350129482,9971676396827,0.25857377,0.45968673,9.909601,0.002443461,0.002443461,-6.1086525E-4,TREMOR,49fd21027e7c
1777350129490,9971684392914,0.2705448,0.47644615,9.92636,6.1086525E-4,0.002443461,0.0012217305,TREMOR,49fd21027e7c
1777350129498,9971692389539,0.24899697,0.4405331,9.940725,0.0,-0.0012217305,0.002443461,TREMOR,49fd21027e7c
1777350129506,9971700384626,0.2681506,0.45250413,9.94312,0.0,6.1086525E-4,0.0012217305,TREMOR,49fd21027e7c
1777350129514,9971708381251,0.2657564,0.4381389,9.935937,6.1086525E-4,0.0012217305,6.1086525E-4,TREMOR,49fd21027e7c
1777350129522,9971716407414,0.260968,0.45489833,9.907207,0.0,0.002443461,0.0012217305,TREMOR,49fd21027e7c
1777350129530,9971724400655,0.24420857,0.45968673,9.911995,0.002443461,0.0030543262,0.0012217305,TREMOR,49fd21027e7c
1777350129538,9971732398510,0.22984336,0.48602295,9.919178,0.0,-6.1086525E-4,6.1086525E-4,TREMOR,49fd21027e7c
1777350129546,9971740392597,0.272939,0.46926352,9.92636,-6.1086525E-4,0.0,0.002443461,TREMOR,49fd21027e7c
1777350129554,9971748390761,0.2681506,0.47644615,9.931149,-0.0012217305,-0.0012217305,0.0012217305,TREMOR,49fd21027e7c
1777350129562,9971756384693,0.2801216,0.48602295,9.947908,-0.0012217305,0.0018325958,0.0,TREMOR,49fd21027e7c
1777350129570,9971764378549,0.272939,0.47644615,9.895236,0.0,6.1086525E-4,0.0012217305,TREMOR,49fd21027e7c
1777350129578,9971772407481,0.260968,0.47644615,9.892841,6.1086525E-4,0.004276057,0.0,TREMOR,49fd21027e7c
1777350129586,9971780403107,0.25139117,0.48362875,9.885659,-6.1086525E-4,0.0030543262,0.0018325958,TREMOR,49fd21027e7c
1777350129594,9971788398886,0.2633622,0.50038815,9.890448,0.0,6.1086525E-4,0.0018325958,TREMOR,49fd21027e7c
1777350129602,9971796393279,0.2657564,0.48123455,9.91439,-6.1086525E-4,0.0018325958,6.1086525E-4,TREMOR,49fd21027e7c
1777350129610,9971804388059,0.29927522,0.4309563,9.907207,6.1086525E-4,0.0030543262,0.0030543262,TREMOR,49fd21027e7c
1777350129618,9971812385683,0.28491,0.4213795,9.931149,0.0,0.0030543262,0.0018325958,TREMOR,49fd21027e7c
1777350129626,9971820380770,0.2657564,0.4165911,9.940725,-0.0012217305,0.0030543262,0.0,TREMOR,49fd21027e7c
1777350129634,9971828405319,0.2873042,0.4285621,9.947908,0.0012217305,0.0030543262,0.002443461,TREMOR,49fd21027e7c
1777350129642,9971836401328,0.2657564,0.46208093,9.92636,0.0030543262,0.004276057,0.0018325958,TREMOR,49fd21027e7c
1777350129650,9971844397414,0.22266077,0.48841715,9.921572,0.0012217305,0.0067195175,0.0030543262,TREMOR,49fd21027e7c
1777350129658,9971852393424,0.23223756,0.48841715,9.931149,0.0018325958,0.0061086523,0.0018325958,TREMOR,49fd21027e7c
1777350129666,9971860388510,0.22266077,0.521936,9.89763,6.1086525E-4,0.002443461,0.002443461,TREMOR,49fd21027e7c
1777350129674,9971868382289,0.24420857,0.47644615,9.895236,0.0018325958,-0.0030543262,0.002443461,TREMOR,49fd21027e7c
1777350129682,9971876379914,0.2801216,0.48602295,9.871294,0.0018325958,-0.002443461,0.0030543262,TREMOR,49fd21027e7c
1777350129690,9971884404847,0.30166942,0.45968673,9.909601,0.0012217305,-6.1086525E-4,0.0030543262,TREMOR,49fd21027e7c
1777350129698,9971892402010,0.30885202,0.44771573,9.945514,-0.0018325958,0.0036651916,6.1086525E-4,TREMOR,49fd21027e7c
1777350129706,9971900397174,0.25857377,0.47165772,9.983821,-0.0018325958,0.004276057,0.0036651916,TREMOR,49fd21027e7c
1777350129714,9971908391260,0.25378537,0.48841715,9.940725,0.0012217305,6.1086525E-4,6.1086525E-4,TREMOR,49fd21027e7c
1777350129722,9971916388578,0.25857377,0.48841715,9.904813,6.1086525E-4,-6.1086525E-4,0.0012217305,TREMOR,49fd21027e7c
1777350129730,9971924383280,0.2777274,0.47165772,9.883265,0.0012217305,0.0012217305,0.0036651916,TREMOR,49fd21027e7c
1777350129738,9971932380289,0.2657564,0.46926352,9.902418,-0.0012217305,6.1086525E-4,0.0030543262,TREMOR,49fd21027e7c
1777350129746,9971940404607,0.24660277,0.46208093,9.904813,0.0,0.0061086523,0.0030543262,TREMOR,49fd21027e7c
1777350129754,9971948400539,0.2825158,0.4237737,9.900024,6.1086525E-4,0.005497787,0.004276057,TREMOR,49fd21027e7c
1777350129762,9971956397241,0.22505496,0.45968673,9.940725,6.1086525E-4,0.007330383,0.0012217305,TREMOR,49fd21027e7c
1777350129770,9971964392636,0.24899697,0.48123455,9.909601,0.002443461,0.0036651916,0.0012217305,TREMOR,49fd21027e7c
1777350129778,9971972388029,0.28491,0.45250413,9.900024,0.0030543262,0.0,0.0036651916,TREMOR,49fd21027e7c
1777350129786,9971980384347,0.2753332,0.4405331,9.909601,0.0,-6.1086525E-4,6.1086525E-4,TREMOR,49fd21027e7c
1777350129794,9971988379971,0.2705448,0.44532153,9.919178,0.0,0.0030543262,0.002443461,TREMOR,49fd21027e7c
1777350129802,9971996406135,0.2705448,0.44532153,9.919178,0.0,0.0061086523,0.002443461,TREMOR,49fd21027e7c
1777350129810,9972004402145,0.2681506,0.4429273,9.89763,0.0018325958,0.004276057,0.0018325958,TREMOR,49fd21027e7c
1777350129818,9972012397308,0.2801216,0.4405331,9.928755,6.1086525E-4,0.0,0.0030543262,TREMOR,49fd21027e7c
1777350129826,9972020393011,0.2777274,0.45729253,9.950302,0.0,6.1086525E-4,0.002443461,TREMOR,49fd21027e7c
1777350129834,9972028386250,0.2657564,0.46926352,9.940725,0.0012217305,0.0036651916,0.0018325958,TREMOR,49fd21027e7c
1777350129842,9972036382568,0.260968,0.47405192,9.92636,6.1086525E-4,0.0018325958,0.0018325958,TREMOR,49fd21027e7c
1777350129850,9972044378501,0.25139117,0.45010993,9.89763,0.0,0.0012217305,0.0018325958,TREMOR,49fd21027e7c
1777350129858,9972052406895,0.2896984,0.45729253,9.921572,0.0,-6.1086525E-4,0.0012217305,TREMOR,49fd21027e7c
1777350129866,9972060400136,0.29209262,0.46447513,9.921572,0.0,-0.0012217305,0.002443461,TREMOR,49fd21027e7c
1777350129874,9972068394837,0.25857377,0.47165772,9.931149,-6.1086525E-4,0.002443461,0.0,TREMOR,49fd21027e7c
1777350129881,9972075818538,0.24420857,0.49081135,9.938332,6.1086525E-4,0.0036651916,0.0012217305,TREMOR,49fd21027e7c
1777350129890,9972084386242,0.2825158,0.50038815,9.921572,6.1086525E-4,0.0018325958,0.0018325958,TREMOR,49fd21027e7c
1777350129898,9972092383558,0.23463176,0.49320555,9.904813,0.0,0.0012217305,0.002443461,TREMOR,49fd21027e7c
1777350129906,9972100378953,0.25857377,0.49081135,9.91439,0.0,0.0012217305,0.002443461,TREMOR,49fd21027e7c
1777350129914,9972108405654,0.2681506,0.47165772,9.902418,6.1086525E-4,6.1086525E-4,0.0030543262,TREMOR,49fd21027e7c
1777350129922,9972116399203,0.260968,0.46208093,9.900024,6.1086525E-4,0.0,0.0012217305,TREMOR,49fd21027e7c
1777350129930,9972124396751,0.2681506,0.44771573,9.900024,0.0,-6.1086525E-4,0.0012217305,TREMOR,49fd21027e7c
1777350129938,9972132391606,0.24420857,0.47644615,9.921572,0.0012217305,0.0030543262,0.0012217305,TREMOR,49fd21027e7c
1777350129946,9972140387924,0.25617957,0.48602295,9.904813,0.002443461,6.1086525E-4,0.0012217305,TREMOR,49fd21027e7c
1777350129954,9972148382087,0.272939,0.46686932,9.928755,0.002443461,0.0012217305,0.0036651916,TREMOR,49fd21027e7c
1777350129962,9972156378943,0.24899697,0.46208093,9.933543,0.0,0.004886922,6.1086525E-4,TREMOR,49fd21027e7c
1777350129970,9972164402645,0.25139117,0.45729253,9.919178,-0.0018325958,0.0018325958,0.002443461,TREMOR,49fd21027e7c
1777350129978,9972172402424,0.2681506,0.45250413,9.921572,0.0012217305,6.1086525E-4,6.1086525E-4,TREMOR,49fd21027e7c
1777350129986,9972180396818,0.272939,0.4357447,9.923966,6.1086525E-4,0.0012217305,0.0018325958,TREMOR,49fd21027e7c
1777350129994,9972188390750,0.28491,0.40701428,9.919178,6.1086525E-4,0.002443461,0.0030543262,TREMOR,49fd21027e7c
1777350130002,9972196388914,0.2896984,0.40701428,9.919178,0.0,-0.0012217305,0.002443461,TREMOR,49fd21027e7c
1777350130010,9972204382386,0.2873042,0.4237737,9.907207,6.1086525E-4,0.0012217305,0.0012217305,TREMOR,49fd21027e7c
1777350130018,9972212380549,0.2801216,0.46447513,9.907207,6.1086525E-4,0.0012217305,0.002443461,TREMOR,49fd21027e7c
1777350130026,9972220404251,0.22505496,0.47165772,9.916783,0.002443461,0.002443461,0.0012217305,TREMOR,49fd21027e7c
1777350130034,9972228400029,0.23702596,0.51475334,9.916783,0.0018325958,0.0030543262,0.0018325958,TREMOR,49fd21027e7c
1777350130042,9972236396962,0.22266077,0.48841715,9.916783,0.0036651916,0.0018325958,0.0012217305,TREMOR,49fd21027e7c
1777350130050,9972244391742,0.25139117,0.46686932,9.900024,0.0012217305,-6.1086525E-4,0.0012217305,TREMOR,49fd21027e7c
1777350130058,9972252388597,0.25139117,0.4405331,9.928755,0.0,0.0,0.0,TREMOR,49fd21027e7c
1777350130066,9972260383145,0.25139117,0.4213795,9.9550905,0.0,-6.1086525E-4,0.0012217305,TREMOR,49fd21027e7c
1777350130074,9972268408077,0.24660277,0.4357447,9.957485,0.0018325958,0.0018325958,0.0012217305,TREMOR,49fd21027e7c
1777350130082,9972276404703,0.2633622,0.46447513,9.933543,0.0030543262,0.002443461,0.0012217305,TREMOR,49fd21027e7c
1777350130090,9972284401020,0.22744916,0.48602295,9.928755,0.0030543262,0.002443461,0.0,TREMOR,49fd21027e7c
1777350130098,9972292394799,0.23463176,0.49559975,9.907207,0.002443461,0.0012217305,6.1086525E-4,TREMOR,49fd21027e7c
1777350130106,9972300391809,0.23702596,0.46686932,9.904813,0.0018325958,-0.002443461,0.0018325958,TREMOR,49fd21027e7c
1777350130114,9972308387741,0.29448682,0.44771573,9.89763,6.1086525E-4,-0.0030543262,6.1086525E-4,TREMOR,49fd21027e7c
1777350130122,9972316384751,0.30406362,0.4237737,9.91439,0.0,0.0,0.0012217305,TREMOR,49fd21027e7c
1777350130130,9972324407145,0.29927522,0.46208093,9.928755,0.0,0.0012217305,0.0012217305,TREMOR,49fd21027e7c
1777350130138,9972332406231,0.2681506,0.50278234,9.94312,0.0,0.002443461,6.1086525E-4,TREMOR,49fd21027e7c
1777350130146,9972340400703,0.23463176,0.49559975,9.923966,0.0018325958,0.004886922,0.0012217305,TREMOR,49fd21027e7c
1777350130154,9972348396174,0.20829555,0.47644615,9.911995,6.1086525E-4,0.0018325958,6.1086525E-4,TREMOR,49fd21027e7c
1777350130162,9972356392799,0.21308395,0.46208093,9.900024,0.0,-0.002443461,0.0,TREMOR,49fd21027e7c
1777350130170,9972364385655,0.24660277,0.4261679,9.888053,0.0,-0.004276057,0.0012217305,TREMOR,49fd21027e7c
1777350130178,9972372382587,0.30645782,0.39025488,9.902418,-0.0012217305,-0.005497787,0.0,TREMOR,49fd21027e7c
1777350130186,9972380409059,0.29927522,0.4165911,9.947908,-0.002443461,-0.0018325958,0.0,TREMOR,49fd21027e7c
1777350130194,9972388404452,0.272939,0.50278234,9.969456,0.0,0.004886922,-6.1086525E-4,TREMOR,49fd21027e7c
1777350130202,9972396400232,0.18914193,0.59615624,9.931149,0.0036651916,0.0036651916,0.0,TREMOR,49fd21027e7c
1777350130210,9972404395242,0.15562311,0.61530983,9.876082,0.007330383,0.007330383,-0.0012217305,TREMOR,49fd21027e7c
1777350130218,9972412393174,0.15562311,0.56982,9.854534,0.0012217305,0.002443461,-6.1086525E-4,TREMOR,49fd21027e7c
1777350130226,9972420385799,0.20350714,0.47405192,9.900024,-0.0036651916,-0.008552114,-0.0012217305,TREMOR,49fd21027e7c
1777350130234,9972428381500,0.30406362,0.41180268,9.933543,-0.005497787,-0.007941248,-0.0030543262,TREMOR,49fd21027e7c
1777350130242,9972436379357,0.32561144,0.40701428,9.967062,-0.0030543262,-0.0067195175,-0.002443461,TREMOR,49fd21027e7c
1777350131010,9973204382741,0.22984336,0.47165772,9.947908,0.0,0.0036651916,6.1086525E-4,TREMOR,49fd21027e7c
1777350131018,9973212410982,0.25857377,0.4237737,9.938332,0.0,0.0036651916,6.1086525E-4,TREMOR,49fd21027e7c
1777350131026,9973220404530,0.2753332,0.4405331,9.938332,0.0,0.0036651916,6.1086525E-4,TREMOR,49fd21027e7c
1777350131034,9973228402385,0.25857377,0.4429273,9.921572,0.0,0.0036651916,6.1086525E-4,TREMOR,49fd21027e7c
1777350131042,9973236396857,0.22026655,0.4333505,9.919178,0.0,0.0036651916,6.1086525E-4,TREMOR,49fd21027e7c
1777350131050,9973244393789,0.22505496,0.40222588,9.895236,6.1086525E-4,0.0061086523,6.1086525E-4,TREMOR,49fd21027e7c
1777350131058,9973252398491,0.25139117,0.45010993,9.888053,6.1086525E-4,0.0061086523,6.1086525E-4,TREMOR,49fd21027e7c
1777350131066,9973260382732,0.31364042,0.4285621,9.885659,6.1086525E-4,0.0061086523,6.1086525E-4,TREMOR,49fd21027e7c
1777350131074,9973268409510,0.3184288,0.41180268,9.890448,6.1086525E-4,0.0061086523,6.1086525E-4,TREMOR,49fd21027e7c
1777350131082,9973276407136,0.29688102,0.49081135,9.931149,6.1086525E-4,0.0061086523,6.1086525E-4,TREMOR,49fd21027e7c
1777350131090,9973284402145,0.260968,0.50757074,9.967062,6.1086525E-4,0.0061086523,6.1086525E-4,TREMOR,49fd21027e7c
1777350131098,9973292397232,0.21068975,0.51475334,9.947908,0.0030543262,0.0036651916,0.002443461,TREMOR,49fd21027e7c
1777350131106,9973300391396,0.21308395,0.50278234,9.933543,0.002443461,0.0,0.002443461,TREMOR,49fd21027e7c
1777350131114,9973308387405,0.24660277,0.50517654,9.916783,0.002443461,-0.0018325958,0.0018325958,TREMOR,49fd21027e7c
1777350131122,9973316382876,0.24660277,0.49081135,9.909601,0.0018325958,0.0012217305,0.0012217305,TREMOR,49fd21027e7c
# SUMMARY,duration_ms=14494,accN=1711,gyroN=1712,accAvg=(0.26625873762428376,0.46509082114605926,9.925036639933138),gyroAvg=(-5.166664031493613E-4,3.1792110846857715E-4,2.5226736662797324E-4)
