epoch_ms,event_ts_ns,AX,AY,AZ,GX,GY,GZ,label,sessionID
1777350249785,10046418589635,-1.9800048,3.58412,8.6095495,0.13439035,-0.2003638,-0.37507126,TREMOR,0f970075d4d1
1777350249806,10046438670202,-1.946486,1.3311762,9.155427,-1.2852604,-0.21135938,0.089186326,TREMOR,0f970075d4d1
1777350249841,10046458720251,-1.340753,-3.3997664,10.125079,-2.4507914,-0.38240165,0.028099801,TREMOR,0f970075d4d1
1777350249846,10046478770299,-0.5602432,-3.5314474,11.010934,-0.97127575,-0.61941737,-0.0842994,TREMOR,0f970075d4d1
1777350249878,10046498820348,-0.009576807,0.1412579,10.840945,0.72692966,-0.5290093,0.22113322,TREMOR,0f970075d4d1
1777350249887,10046518839879,-0.050278235,1.127669,10.232818,1.0580186,-0.26145032,0.5534439,TREMOR,0f970075d4d1
1777350249933,10046538889928,-0.51714754,1.7405846,9.433155,0.5729916,0.05131268,0.24190263,TREMOR,0f970075d4d1
1777350249935,10046559001012,-0.6655881,2.018312,7.8625584,0.014660766,0.09773844,-0.15393804,TREMOR,0f970075d4d1
1777350249949,10046579051061,-0.91697925,0.0023942017,7.237672,-0.47403142,0.06719518,-0.2919936,TREMOR,0f970075d4d1
1777350249994,10046599131627,-1.484405,-2.7365725,7.800309,-0.007330383,0.014660766,-0.2602286,TREMOR,0f970075d4d1
1777350249996,10046619212194,-1.5275006,-0.60094464,11.087548,1.2302825,-0.27855456,0.12583824,TREMOR,0f970075d4d1
1777350250044,10046639323278,0.5746084,0.04309563,13.15135,2.0512855,-0.7733554,0.625526,TREMOR,0f970075d4d1
1777350250046,10046659373327,0.8451532,2.7485435,10.386047,2.6988027,-0.6389651,0.956615,TREMOR,0f970075d4d1
1777350250053,10046679484411,-0.60094464,9.854534,8.597578,2.5692992,-0.12095132,0.8026769,TREMOR,0f970075d4d1
1777350250084,10046699534460,-0.46208093,6.7109475,7.8386164,0.47769663,-0.013439035,0.31398472,TREMOR,0f970075d4d1
1777350250111,10046719615026,0.6368576,0.17238252,7.955932,-1.5027285,-0.28588495,-0.6585127,TREMOR,0f970075d4d1
1777350250112,10046739695592,0.4405331,-1.520318,9.021352,-1.7434094,-0.029321533,-1.1093313,TREMOR,0f970075d4d1
1777350250158,10046759806676,0.29927522,-3.6224272,10.94629,-1.4844025,0.09040806,-1.1899655,TREMOR,0f970075d4d1
1777350250160,10046779917760,0.62967503,2.1404164,10.029311,-0.6047566,-0.039095376,-0.85154617,TREMOR,0f970075d4d1
1777350250168,10046799998327,0.4357447,2.1045034,8.762778,0.1685988,-0.34574974,0.25778514,TREMOR,0f970075d4d1
1777350250212,10046820078893,0.033518825,-3.4979286,8.714894,0.27977628,-0.19914207,1.6933185,TREMOR,0f970075d4d1
1777350250215,10046840128942,-1.6519991,3.821146,8.106767,0.9443977,0.029321533,1.5247196,TREMOR,0f970075d4d1
1777350250246,10046860240026,-0.9600749,6.835446,8.987833,0.79901177,0.09896017,0.74036866,TREMOR,0f970075d4d1
1777350250252,10046880290075,-0.17477672,5.5760956,9.040505,-0.18448131,-0.057421334,0.18081611,TREMOR,0f970075d4d1
1777350250276,10046900340124,-0.2633622,2.992752,8.956709,-1.3671165,0.13927728,-0.8356637,TREMOR,0f970075d4d1
1777350250316,10046920390172,-0.6344634,-2.6048915,9.069236,-0.5375614,0.28099802,-1.0665708,TREMOR,0f970075d4d1
1777350250317,10046940440221,-0.5243302,-0.47405192,9.485827,0.09285152,0.20769419,-0.893085,TREMOR,0f970075d4d1
1777350250343,10046960459752,0.51475334,0.05267244,9.574412,0.906524,-0.37384954,0.22113322,TREMOR,0f970075d4d1
1777350250350,10046980479284,0.6560113,-1.6687586,8.343793,0.37507126,-0.45570546,1.4501941,TREMOR,0f970075d4d1
1777350250384,10047000529333,-2.2840683,4.867412,8.14268,0.88208944,0.16249016,1.3988814,TREMOR,0f970075d4d1
1777350250411,10047020579381,-3.2034419,9.272743,9.76116,1.3219124,0.22235495,0.8038987,TREMOR,0f970075d4d1
1777350250413,10047040598913,0.06464344,6.0525417,9.837775,-0.79901177,-0.56199604,-0.8051204,TREMOR,0f970075d4d1
1777350250442,10047060648961,1.0869676,-2.3918076,9.354146,-1.7446312,-0.31520647,-1.5222762,TREMOR,0f970075d4d1
1777350250482,10047080699010,0.9983821,-3.8714242,10.048465,-0.8454375,0.064751714,-1.3927728,TREMOR,0f970075d4d1
1777350250486,10047100649059,1.4915876,-1.0342951,11.312603,-0.118507855,-0.02443461,-0.47403142,TREMOR,0f970075d4d1
1777350250488,10047120668590,1.2138603,-2.5929205,8.781932,-0.13805555,-0.10262536,1.0543534,TREMOR,0f970075d4d1
1777350250513,10047140749157,-1.6639702,1.6903064,7.85777,0.18081611,0.41050145,1.5906931,TREMOR,0f970075d4d1
1777350250540,10047160799206,-3.0214825,6.277597,10.891224,1.001819,0.27488935,1.351234,TREMOR,0f970075d4d1
1777350250547,10047180849254,0.19632454,7.8170686,10.362105,-0.036651913,-0.5839872,0.013439035,TREMOR,0f970075d4d1
1777350250582,10047200868786,1.3910311,3.4739866,9.179369,-1.7482964,-0.38973203,-0.98837996,TREMOR,0f970075d4d1
1777350250590,10047220918835,0.90261406,-4.211401,8.317456,-2.3603833,0.1001819,-0.71959925,TREMOR,0f970075d4d1
1777350250624,10047240968883,0.35673606,-3.2034419,8.971074,-0.8417723,0.36774087,-0.30909783,TREMOR,0f970075d4d1
1777350250631,10047261018932,0.15322891,-0.37828386,7.8266454,0.31520647,0.019547688,0.5900958,TREMOR,0f970075d4d1
1777350250652,10047281038463,-1.6160861,4.175488,8.47308,0.25167647,0.14172074,0.75747293,TREMOR,0f970075d4d1
1777350250693,10047301057995,-2.2361844,3.9264908,11.245565,0.18448131,0.09896017,0.17959438,TREMOR,0f970075d4d1
1777350250696,10047321108043,0.25139117,0.61530983,11.484985,-0.6792821,-0.5180137,-0.7855727,TREMOR,0f970075d4d1
1777350250720,10047341127575,2.2768857,-4.7788267,10.230424,-1.0616838,-0.46303585,-0.84788096,TREMOR,0f970075d4d1
1777350250729,10047361177624,3.193865,-5.9519854,8.851364,-0.38362336,-0.040317107,0.021991149,TREMOR,0f970075d4d1
1777350250764,10047381227672,0.7015011,1.7238252,5.604826,0.4361578,0.5216789,1.001819,TREMOR,0f970075d4d1
1777350250769,10047401247204,-5.841852,8.240842,9.059659,1.5467108,1.2815952,1.1264355,TREMOR,0f970075d4d1
1777350250793,10047421266735,-5.1140146,7.2304893,12.430696,0.9285152,0.04520403,0.2919936,TREMOR,0f970075d4d1
1777350250833,10047441316784,1.7525556,3.6463692,11.398794,-0.5510005,-1.5308284,-1.2070698,TREMOR,0f970075d4d1
1777350250835,10047461336315,3.691859,-4.546589,12.157756,-1.6872098,-0.8063421,-1.2363913,TREMOR,0f970075d4d1
1777350250860,10047481386364,3.9791632,-9.710882,8.599973,-1.4489723,-0.16371189,-0.5510005,TREMOR,0f970075d4d1
1777350250868,10047501436413,2.2457612,-4.0198646,6.8545995,-0.1282817,0.5888741,0.23701571,TREMOR,0f970075d4d1
1777350250903,10047521455944,-1.3263878,2.753332,7.800309,1.3658947,0.8857546,0.93462384,TREMOR,0f970075d4d1
1777350250943,10047541505993,-4.5082817,6.2967505,9.696517,1.3658947,0.7635816,0.8210029,TREMOR,0f970075d4d1
1777350250945,10047561525524,-2.1164744,5.793968,10.189722,0.5155703,-0.30787608,0.17715092,TREMOR,0f970075d4d1
1777350250948,10047581575573,1.3120226,3.5793316,10.441113,-0.42638394,-0.6267477,-0.61819565,TREMOR,0f970075d4d1
1777350250975,10047601625622,2.2337902,-1.1204864,9.0476885,-1.423316,-0.2968805,-0.49968776,TREMOR,0f970075d4d1
1777350251016,10047621675670,1.7477672,-3.9671922,7.9032598,-1.0042624,0.14049901,0.07696902,TREMOR,0f970075d4d1
1777350251018,10047641695202,-0.45968673,-0.45729253,9.050082,0.33353242,0.48502702,0.37140608,TREMOR,0f970075d4d1
1777350251044,10047661714733,-2.7820623,3.58412,10.94629,1.4501941,0.37018433,0.2687807,TREMOR,0f970075d4d1
1777350251083,10047681734264,-1.9249382,3.2225955,11.705252,1.0861185,-0.16493362,-0.29810223,TREMOR,0f970075d4d1
1777350251085,10047701784313,0.6368576,1.532289,10.565612,0.3359759,-0.4092797,-0.83077675,TREMOR,0f970075d4d1
1777350251093,10047721803844,1.091756,-1.9895816,8.039729,0.08307768,0.05131268,-0.63529986,TREMOR,0f970075d4d1
1777350251113,10047741823376,-0.5410896,-3.1890767,7.855376,0.535118,0.61819565,-0.042760566,TREMOR,0f970075d4d1
1777350251144,10047761842907,-1.5610195,-2.6312277,9.667787,1.1704178,0.30298916,0.5204572,TREMOR,0f970075d4d1
1777350251168,10047781862438,-0.20350714,1.5921441,9.677363,1.6151277,-0.35185838,0.8136725,TREMOR,0f970075d4d1
1777350251171,10047801912487,-0.93613285,10.431537,6.289568,1.46852,-0.31031954,0.6585127,TREMOR,0f970075d4d1
1777350251197,10047821932018,-2.6072857,10.55843,9.488221,0.37507126,0.24801129,0.056199603,TREMOR,0f970075d4d1
1777350251220,10047841951549,0.58418524,2.7509377,10.692505,-2.2137756,-0.35796702,-1.1911873,TREMOR,0f970075d4d1
1777350251249,10047862001598,3.145981,-4.939238,10.1226845,-2.3787093,-0.40439278,-1.3707817,TREMOR,0f970075d4d1
1777350251251,10047882021129,3.3518825,-7.9008656,10.043676,-1.1313224,0.21502456,-1.0690142,TREMOR,0f970075d4d1
1777350251290,10047902040661,1.9847932,-5.422867,8.221688,-0.27488935,0.50579643,0.02687807,TREMOR,0f970075d4d1
1777350251292,10047922090710,-0.48362875,-2.1667526,9.533711,0.6133087,0.39461896,1.1374311,TREMOR,0f970075d4d1
1777350251318,10047942140758,-3.1124623,5.959168,8.082825,1.047023,0.38728857,1.5259414,TREMOR,0f970075d4d1
1777350251359,10047962160290,-4.642357,8.149862,9.591172,1.3133603,0.118507855,1.3475688,TREMOR,0f970075d4d1
1777350251361,10047982179821,-1.340753,6.373365,10.01734,0.31764993,-0.5155703,0.19303341,TREMOR,0f970075d4d1
1777350251385,10048002260387,0.9672575,5.3438582,10.3692875,-0.59498274,-0.453262,-1.110553,TREMOR,0f970075d4d1
1777350251415,10048022279918,1.6759412,-0.5650316,9.3661175,-1.8765781,-0.10995574,-1.073901,TREMOR,0f970075d4d1
1777350251417,10048042329967,2.0949266,-4.146757,8.408437,-1.7715092,0.05131268,-0.5900958,TREMOR,0f970075d4d1
1777350251455,10048062349499,0.9600749,-3.277662,9.088389,-0.7476991,0.3213151,-0.013439035,TREMOR,0f970075d4d1
1777350251457,10048082430065,-1.1324574,-0.60812724,9.758766,-0.057421334,0.32620203,0.39828414,TREMOR,0f970075d4d1
1777350251483,10048102480114,-2.0757728,2.4372973,10.414778,0.43127087,0.0036651916,0.52656585,TREMOR,0f970075d4d1
1777350251491,10048122560680,-0.878672,2.2002714,9.624691,0.16982053,-0.312763,0.22357668,TREMOR,0f970075d4d1
1777350251529,10048142610729,0.5554548,1.4556746,9.528923,-0.29565877,-0.27122417,-0.25778514,TREMOR,0f970075d4d1
1777350251535,10048162721813,0.60812724,0.41180268,9.131485,-0.45937067,0.112399206,-0.37018433,TREMOR,0f970075d4d1
1777350251559,10048182771862,0.2657564,-1.1923125,10.390836,-0.5375614,0.26389378,0.17348573,TREMOR,0f970075d4d1
1777350251599,10048202821911,-0.39504328,0.18435353,10.338163,-0.22357668,0.1441642,0.6621779,TREMOR,0f970075d4d1
1777350251602,10048222902477,-1.9919758,2.7748797,10.390836,0.55955255,0.11484267,0.53878313,TREMOR,0f970075d4d1
1777350251641,10048243013561,-1.5897499,2.1308396,10.014946,0.5742133,-0.14172074,0.07941248,TREMOR,0f970075d4d1
1777350251643,10048263094127,0.25857377,0.8882488,9.440337,-0.036651913,-0.344528,-0.5717699,TREMOR,0f970075d4d1
1777350251651,10048283144176,0.78050977,-0.36870706,8.6095495,-0.70005155,-0.073303826,-0.7648033,TREMOR,0f970075d4d1
1777350251676,10048303255260,0.15083471,-2.5450363,8.671799,-0.79412484,0.23457226,-0.25778514,TREMOR,0f970075d4d1
1777350251716,10048323335827,-0.6631939,-4.0462008,9.114726,-0.36651915,0.15393804,0.3811799,TREMOR,0f970075d4d1
1777350251718,10048343416393,-0.8690952,-1.9560628,9.662998,0.408058,-0.16737708,0.51068336,TREMOR,0f970075d4d1
1777350251744,10048363466442,-1.271321,4.55856,8.688558,1.0922271,-0.31764993,0.5143485,TREMOR,0f970075d4d1
1777350251751,10048383577526,-1.9632454,5.3103395,9.974244,0.91629785,-0.017104227,0.18448131,TREMOR,0f970075d4d1
1777350251786,10048403627575,0.14844051,2.1164744,11.252748,-0.47769663,-0.24190263,-0.625526,TREMOR,0f970075d4d1
1777350251793,10048423738659,2.5689783,-3.9217024,11.001357,-1.2644911,-0.34208453,-0.9407325,TREMOR,0f970075d4d1
1777350251814,10048443819225,3.5769374,-6.1890116,8.817844,-0.75625116,-0.05131268,-0.23823744,TREMOR,0f970075d4d1
1777350251854,10048463899792,1.1492168,-0.7757214,5.827487,-0.14905111,0.6084218,0.73914695,TREMOR,0f970075d4d1
1777350251856,10048483949840,-5.279215,7.465121,7.1083846,0.8051204,1.1362094,1.033584,TREMOR,0f970075d4d1
1777350251882,10048503999889,-8.073248,6.64391,13.543999,1.0177015,0.48380527,0.6963864,TREMOR,0f970075d4d1
1777350251921,10048524049938,2.348712,-2.267309,14.7315235,-0.16249016,-1.6542231,-0.6976081,TREMOR,0f970075d4d1
1777350251923,10048544069469,6.117185,-5.604826,10.129868,-1.0433578,-1.6285667,-1.1410962,TREMOR,0f970075d4d1
1777350251948,10048564150036,5.185841,-3.9480386,5.779603,-0.6658431,0.008552114,0.008552114,TREMOR,0f970075d4d1
1777350251956,10048584200085,-0.9816227,3.739743,5.0302176,0.27000242,1.6114625,0.87598073,TREMOR,0f970075d4d1
1777350251990,10048604219616,-9.935937,7.015011,9.483433,1.0079277,1.9889772,0.9126327,TREMOR,0f970075d4d1
1777350251992,10048624239147,-3.7110126,0.80205756,12.284649,-0.1600467,-0.5681047,0.019547688,TREMOR,0f970075d4d1
1777350252030,10048644289196,3.107674,-1.6017209,10.761936,-0.4801401,-1.7898352,-1.1191051,TREMOR,0f970075d4d1
1777350252068,10048664308727,4.345476,-3.502717,9.931149,-0.10995574,-0.83077675,-0.93462384,TREMOR,0f970075d4d1
1777350252070,10048684328258,3.8977604,-2.4636335,7.4483614,-0.6719518,0.02565634,0.014660766,TREMOR,0f970075d4d1
1777350252080,10048704378307,0.21068975,0.4429273,7.07726,-0.6585127,0.9737192,0.7623598,TREMOR,0f970075d4d1
1777350252105,10048724397838,-5.7005944,3.2345665,9.368511,-0.40439278,1.4379768,0.8356637,TREMOR,0f970075d4d1
1777350252123,10048744447887,-4.7620673,1.4221559,10.891224,-0.47036624,0.09162979,0.52534413,TREMOR,0f970075d4d1
1777350252134,10048764528454,0.32800564,0.34237084,11.295844,-0.6939429,-1.0775663,-0.55955255,TREMOR,0f970075d4d1
1777350252182,10048784547985,1.6567876,1.496376,10.055647,-1.0604621,-0.72204274,-0.89919364,TREMOR,0f970075d4d1
1777350252185,10048804598034,1.3503298,-0.4213795,9.718064,-2.39337,-0.012217305,-0.7110472,TREMOR,0f970075d4d1
1777350252195,10048824648083,0.59136784,-3.3614593,9.452309,-3.6664133,0.2846632,-0.2883284,TREMOR,0f970075d4d1
1777350252228,10048844667614,-0.641646,-8.157045,9.931149,-2.3701572,0.33964106,-0.15882497,TREMOR,0f970075d4d1
1777350252237,10048864687145,-1.0749966,-7.7069354,6.9383965,2.003638,0.37751472,-0.12461651,TREMOR,0f970075d4d1
1777350252258,10048884706676,-0.45729253,-1.9416976,7.8793178,5.4819045,-0.13805555,0.17348573,TREMOR,0f970075d4d1
1777350252298,10048904726208,0.521936,1.8555063,7.21373,6.56558,-0.3811799,0.49846604,TREMOR,0f970075d4d1
1777350252301,10048924776256,-0.093373865,7.117962,7.374141,6.238156,0.10629055,0.28955013,TREMOR,0f970075d4d1
1777350252326,10048944795788,-0.2801216,7.6853876,10.4171715,3.1887167,0.5338962,0.44959682,TREMOR,0f970075d4d1
1777350252355,10048964845836,0.11252748,2.528277,11.779472,-2.339614,0.2125811,-0.018325957,TREMOR,0f970075d4d1
1777350252358,10048984895885,0.059855044,-2.5713725,9.378088,-4.2223005,0.010995574,-0.453262,TREMOR,0f970075d4d1
1777350252381,10049004915417,-1.1994951,0.78529817,11.166556,-3.050661,0.36774087,-0.6792821,TREMOR,0f970075d4d1
1777350252419,10049024934948,-1.4939818,1.8531121,11.334151,-2.9883528,0.017104227,-0.5558874,TREMOR,0f970075d4d1
1777350252422,10049044984997,-0.18435353,-3.8115692,8.406042,-2.3420575,-0.344528,-0.18692477,TREMOR,0f970075d4d1
1777350252447,10049065004528,0.50996494,-4.879383,6.2967505,1.5344934,-0.0720821,0.3494149,TREMOR,0f970075d4d1
1777350252453,10049085024059,-0.78529817,2.0278888,7.800309,4.447099,0.3408628,0.5510005,TREMOR,0f970075d4d1
1777350252477,10049105074108,-2.360683,6.3470287,9.864111,4.4617596,0.43127087,0.65118235,TREMOR,0f970075d4d1
1777350252517,10049125124157,-1.0223241,6.3589997,11.597513,0.9272934,0.12583824,0.689056,TREMOR,0f970075d4d1
1777350252519,10049145143688,1.4556746,-1.6352397,10.386047,-4.2174134,-0.39461896,0.4972443,TREMOR,0f970075d4d1
1777350252544,10049165163219,0.62967503,-2.2625206,8.774749,-5.744577,-0.20769419,-0.089186326,TREMOR,0f970075d4d1
1777350252583,10049185213268,-1.7501614,2.1763294,11.312603,-5.5063396,0.52290064,-0.66828656,TREMOR,0f970075d4d1
1777350252584,10049205263317,-2.1643584,0.46686932,10.292673,-6.3175683,0.42271876,-0.6267477,TREMOR,0f970075d4d1
1777350252609,10049225313366,-0.62009823,-6.9958572,8.872911,-5.1202726,-0.2761111,-0.18203785,TREMOR,0f970075d4d1
1777350252616,10049245393932,0.48123455,-11.69807,6.4427967,-0.81122905,-0.16126843,0.015882496,TREMOR,0f970075d4d1
1777350252636,10049265413463,0.2633622,-5.4444146,5.544971,3.1850514,-0.037873644,0.34574974,TREMOR,0f970075d4d1
1777350252664,10049285463512,-0.1340753,-0.8690952,7.3789296,5.0384164,-0.08674286,0.43860126,TREMOR,0f970075d4d1
1777350252702,10049305513561,-0.31603462,0.8643068,7.4028716,5.5014524,-0.25411993,0.5119051,TREMOR,0f970075d4d1
1777350252705,10049325563610,-1.0845734,3.7062242,7.8410106,5.574756,-0.056199603,0.37384954,TREMOR,0f970075d4d1
1777350252729,10049345644176,-1.1947067,4.4699745,9.083601,3.9535198,0.03176499,0.12095132,TREMOR,0f970075d4d1
1777350252735,10049365694225,0.4261679,1.8914193,10.589554,-0.8038987,-0.33964106,-0.1881465,TREMOR,0f970075d4d1
1777350252758,10049385713756,0.4237737,0.06943185,11.384429,-4.537507,-0.18203785,-0.8918633,TREMOR,0f970075d4d1
1777350252796,10049405794323,-0.31124622,-0.0047884034,11.506534,-5.1117206,0.16371189,-1.2082914,TREMOR,0f970075d4d1
1777350252799,10049425844372,-0.46926352,-2.1667526,8.595184,-4.1587706,0.12583824,-0.8588765,TREMOR,0f970075d4d1
1777350252824,10049445863903,0.033518825,-8.111555,9.380483,-0.83199847,-0.04520403,0.058643065,TREMOR,0f970075d4d1
1777350252848,10049465913952,0.095768064,-5.2983685,9.655815,2.194228,0.002443461,0.6291912,TREMOR,0f970075d4d1
1777350252870,10049485933483,-0.6775591,-0.7661445,10.228029,3.3658676,0.040317107,0.5729916,TREMOR,0f970075d4d1
1777350252874,10049505983532,-0.63206923,-0.8714894,9.346964,3.532023,0.07086037,0.66828656,TREMOR,0f970075d4d1
1777350252911,10049526064098,-0.15083471,-0.46208093,8.475474,3.4306192,-0.12583824,0.5204572,TREMOR,0f970075d4d1
1777350252936,10049546114147,-0.25139117,1.4173675,9.545682,1.7006488,-0.13683382,0.05497787,TREMOR,0f970075d4d1
1777350252938,10049566164196,-0.9911995,2.7126305,10.089166,-1.4037683,0.02443461,-0.49846604,TREMOR,0f970075d4d1
1777350252967,10049586183727,-1.1707647,2.3080103,9.19134,-3.4281757,-0.02687807,-0.88697636,TREMOR,0f970075d4d1
1777350253007,10049606203258,-0.6895301,0.11252748,7.81228,-3.2290337,-0.02321288,-0.47158796,TREMOR,0f970075d4d1
1777350253009,10049626253307,0.01436521,-6.7492547,9.105149,0.2125811,-0.007330383,0.3359759,TREMOR,0f970075d4d1
1777350253033,10049646272838,-0.045489833,-4.8506527,8.623915,4.442212,0.28221974,0.4886922,TREMOR,0f970075d4d1
1777350253035,10049666292370,-1.553837,2.791639,8.817844,6.378655,0.26633725,0.5815437,TREMOR,0f970075d4d1
1777350253082,10049686342418,-0.9696517,5.8801594,9.746795,5.706703,0.017104227,0.6560693,TREMOR,0f970075d4d1
1777350253084,10049706422985,0.44771573,4.6902413,9.813833,3.2058208,-0.24678956,0.49235737,TREMOR,0f970075d4d1
1777350253120,10049726473034,0.91219085,3.0669725,11.417948,-0.14294247,-0.20280726,0.15760323,TREMOR,0f970075d4d1
1777350253123,10049746523083,0.110133275,0.5626374,10.929531,-3.0787609,-0.13194689,-0.7538077,TREMOR,0f970075d4d1
1777350253149,10049766542614,-1.1540052,3.502717,10.6877165,-2.9907963,0.27977628,-0.93218035,TREMOR,0f970075d4d1
1777350253164,10049786653698,-1.6831238,5.851429,8.020576,-2.801428,0.05497787,-0.72204274,TREMOR,0f970075d4d1
1777350253185,10049806734264,-0.51475334,-0.093373865,7.201759,-1.7568485,-0.22724187,0.04886922,TREMOR,0f970075d4d1
1777350253236,10049826784313,0.44532153,-1.532289,9.588778,0.43127087,-0.17837265,0.6951646,TREMOR,0f970075d4d1
1777350253239,10049846864879,-0.320823,-0.5291186,9.849746,1.8497,0.07574729,0.79168135,TREMOR,0f970075d4d1
1777350253241,10049866945446,-1.2545617,1.3311762,9.799467,2.8722885,0.2846632,0.8454375,TREMOR,0f970075d4d1
1777350253264,10049887026012,-0.1364695,2.372654,9.239224,2.098933,-0.17715092,0.42149702,TREMOR,0f970075d4d1
1777350253305,10049907137096,0.2777274,2.336741,9.5385,-0.10140363,-0.48991394,-0.6072,TREMOR,0f970075d4d1
1777350253307,10049927217663,-0.8762778,0.19153613,10.979809,-1.1032226,0.062308256,-1.2046263,TREMOR,0f970075d4d1
1777350253316,10049947298229,-0.61291564,2.9640217,8.669404,-0.86742866,-0.064751714,-0.95294976,TREMOR,0f970075d4d1
1777350253357,10049967378795,0.7469909,4.3358994,7.57286,-0.30787608,-0.312763,-0.1441642,TREMOR,0f970075d4d1
1777350253361,10049987428844,0.7757214,0.33758244,9.406818,0.15393804,0.014660766,1.0140363,TREMOR,0f970075d4d1
1777350253407,10050007539928,-1.9249382,1.1947067,9.842564,0.49113566,0.46303585,1.210735,TREMOR,0f970075d4d1
1777350253409,10050027620495,-1.7070658,0.62488663,11.073183,0.6414085,0.3481932,1.3182472,TREMOR,0f970075d4d1
1777350253420,10050047701061,1.1444284,1.1085154,9.320627,0.3921755,-0.36896262,0.28588495,TREMOR,0f970075d4d1
1777350253442,10050067812145,-0.48841715,2.753332,9.739613,0.02076942,-0.052534413,-0.8894198,TREMOR,0f970075d4d1
1777350253469,10050087892711,-2.633622,2.0973208,10.175357,-0.23457226,0.25411993,-1.3793337,TREMOR,0f970075d4d1
1777350253507,10050108003795,-1.472434,3.9360676,6.7851677,-0.16493362,-0.12461651,-1.2767084,TREMOR,0f970075d4d1
1777350253535,10050128114879,1.1899183,4.560954,8.075643,0.5864306,-0.54733527,-0.29565877,TREMOR,0f970075d4d1
1777350253558,10050148164928,2.123657,2.906561,9.126697,0.5717699,-0.548557,0.36163223,TREMOR,0f970075d4d1
1777350253564,10050168184460,1.3742718,1.4197617,9.651027,0.4801401,0.08307768,0.9101892,TREMOR,0f970075d4d1
1777350253566,10050188265026,-1.9536686,1.8842367,9.92636,0.30909783,0.73792523,1.3426818,TREMOR,0f970075d4d1
1777350253589,10050208315075,-0.8379706,-1.1348516,10.611102,-0.22235495,0.27122417,1.2803736,TREMOR,0f970075d4d1
1777350253627,10050228365124,0.36391866,1.0127473,10.0341,-0.61575216,-0.49235737,-0.40194935,TREMOR,0f970075d4d1
1777350253632,10050248415172,-1.6519991,3.5458126,11.128249,-0.20769419,0.04642576,-1.2596041,TREMOR,0f970075d4d1
1777350253634,10050268465221,-1.532289,2.6048915,9.916783,-0.63407815,-0.081855945,-1.2205088,TREMOR,0f970075d4d1
1777350253662,10050288484752,-0.25617957,5.7867856,6.0836663,-0.548557,-0.27000242,-0.8686504,TREMOR,0f970075d4d1
1777350253702,10050308565319,1.3623008,1.7621324,7.8649526,-0.44715336,-0.22235495,0.3005457,TREMOR,0f970075d4d1
1777350253705,10050328615368,0.866701,-0.24660277,9.471462,-0.31398472,0.25289822,0.7171558,TREMOR,0f970075d4d1
1777350253731,10050348634899,-1.4413095,0.5722142,11.48738,0.23945917,0.7367035,1.0372492,TREMOR,0f970075d4d1
1777350253770,10050368684948,-0.93613285,-0.34715924,11.451467,0.118507855,0.17470746,1.0751228,TREMOR,0f970075d4d1
1777350253774,10050388734997,-0.59615624,1.0941502,9.65821,-0.25900686,-0.45937067,-0.2003638,TREMOR,0f970075d4d1
1777350253776,10050408785045,-2.0566192,2.7341783,9.904813,-0.17837265,-0.1685988,-1.1899655,TREMOR,0f970075d4d1
1777350253804,10050428835094,-1.3958195,4.158728,5.9304376,-0.37995818,-0.25167647,-1.2119566,TREMOR,0f970075d4d1
1777350253844,10050448854626,0.9552865,4.0916905,8.238448,0.15149458,-0.36774087,-0.18692477,TREMOR,0f970075d4d1
1777350253847,10050468874157,1.958457,1.0342951,9.519346,0.05497787,-0.15271631,0.57543504,TREMOR,0f970075d4d1
1777350253872,10050488924206,0.34476504,-0.8738836,11.003751,-0.06719518,0.5119051,0.70005155,TREMOR,0f970075d4d1
1777350253880,10050508943737,-1.055843,0.4237737,10.572795,-0.30543262,0.34208453,0.81000733,TREMOR,0f970075d4d1
1777350253913,10050528993786,-0.37588966,-0.033518825,9.205706,-0.13072516,-0.18203785,0.035430185,TREMOR,0f970075d4d1
1777350253919,10050549043835,-1.4987702,0.9983821,9.727641,0.18081611,-0.06841691,-0.73914695,TREMOR,0f970075d4d1
1777350253942,10050569093883,-1.5873557,4.4436383,7.656657,0.5338962,-0.05009095,-0.784351,TREMOR,0f970075d4d1
1777350253981,10050589113415,1.1779473,4.9224787,8.89446,0.4447099,-0.35185838,0.009773844,TREMOR,0f970075d4d1
1777350253983,10050609163463,1.1707647,3.1268275,8.063671,-0.37873647,-0.05009095,0.84665924,TREMOR,0f970075d4d1
1777350254008,10050629213512,-1.7980455,-0.02633622,10.778696,-0.5742133,0.7892379,1.0836749,TREMOR,0f970075d4d1
1777350254033,10050649233043,-1.340753,0.82121116,11.147403,-0.2919936,0.119729586,0.52412236,TREMOR,0f970075d4d1
1777350254043,10050669283092,0.22744916,0.89782566,10.010158,-0.09407325,-0.6291912,-0.5656612,TREMOR,0f970075d4d1
1777350254075,10050689302624,-0.24899697,-0.50038815,10.299856,0.18570304,-0.3494149,-1.0348058,TREMOR,0f970075d4d1
1777350254077,10050709352672,-0.61530983,2.336741,6.7612257,0.41538838,-0.13316862,-0.84421575,TREMOR,0f970075d4d1
1777350254116,10050729372204,1.0749966,2.6623523,9.26556,0.47891834,-0.12461651,-0.019547688,TREMOR,0f970075d4d1
1777350254118,10050749452770,1.2018893,1.9177556,9.876082,-0.1685988,0.10262536,0.5656612,TREMOR,0f970075d4d1
1777350254144,10050769502819,-1.0534488,0.08379706,9.710882,-0.42271876,0.6560693,0.86132,TREMOR,0f970075d4d1
1777350254184,10050789522350,-1.6376339,1.4413095,10.146626,0.04153884,0.37018433,0.6377433,TREMOR,0f970075d4d1
1777350254187,10050809572399,-0.90261406,1.9033904,9.813833,0.2773328,-0.24556783,-0.13316862,TREMOR,0f970075d4d1
1777350254211,10050829622448,-1.163582,0.9744401,10.230424,0.16737708,-0.30176744,-0.7965683,TREMOR,0f970075d4d1
1777350254249,10050849672497,-1.0055647,3.70383,7.314286,0.4166101,-0.25045475,-0.8894198,TREMOR,0f970075d4d1
1777350254251,10050869722545,1.4748282,2.9951463,9.157822,0.41783184,-0.35308012,-0.3005457,TREMOR,0f970075d4d1
1777350254276,10050889803112,2.1428106,0.09816227,9.627085,-0.22113322,-0.040317107,0.37140608,TREMOR,0f970075d4d1
1777350254278,10050909853161,-1.0103531,2.3223755,8.841787,-0.4642576,0.61086524,0.4605924,TREMOR,0f970075d4d1
1777350254303,10050929903210,-2.9879637,2.1380222,10.613496,-0.90041536,0.3494149,0.19547687,TREMOR,0f970075d4d1
1777350254341,10050949953258,-1.7549498,1.0510546,10.87207,-0.9651671,-0.34574974,-0.7464773,TREMOR,0f970075d4d1
1777350254343,10050969972790,-0.51714754,2.3918076,9.500193,-0.25534168,-0.55833083,-1.0629056,TREMOR,0f970075d4d1
1777350254366,10050990022838,1.2689269,1.7142484,8.8777,-0.56321776,-0.52412236,-0.66950834,TREMOR,0f970075d4d1
1777350254405,10051010072887,2.633622,-0.92655605,9.085996,-0.97005403,-0.22724187,0.0720821,TREMOR,0f970075d4d1
1777350254409,10051030092418,1.8291701,-1.0103531,9.138668,-0.5705481,0.3200934,0.45448375,TREMOR,0f970075d4d1
1777350254433,10051050142467,-0.51235914,0.7685388,8.949526,-0.12339478,0.70371675,0.816116,TREMOR,0f970075d4d1
1777350254474,10051070192516,-2.5617957,3.9480386,8.743625,0.014660766,0.5900958,1.110553,TREMOR,0f970075d4d1
1777350254477,10051090212047,-2.432509,2.1452048,11.073183,-0.21868975,0.22602014,0.8881981,TREMOR,0f970075d4d1
1777350254478,10051110231579,-0.14604631,0.9935937,10.192117,-0.56077427,-0.6291912,-0.14294247,TREMOR,0f970075d4d1
1777350254502,10051130281627,-0.14844051,0.45489833,9.916783,-0.39706242,-0.4288274,-1.097114,TREMOR,0f970075d4d1
1777350254541,10051150331676,0.031124622,-1.0941502,9.835381,-0.15149458,-0.10995574,-1.3231341,TREMOR,0f970075d4d1
1777350254544,10051170381725,1.3383588,-0.49320555,8.801085,0.017104227,-0.19792034,-0.73914695,TREMOR,0f970075d4d1
1777350254568,10051190401256,1.7980455,0.5530606,9.294291,0.3286455,0.04886922,0.12217305,TREMOR,0f970075d4d1
1777350254577,10051210481823,-0.05267244,-0.9840169,9.648633,0.3005457,0.3933972,0.6927212,TREMOR,0f970075d4d1
1777350254599,10051230531872,-1.9895816,0.78290397,10.172963,0.37751472,0.34208453,0.8552113,TREMOR,0f970075d4d1
1777350254634,10051250551403,-1.3670892,1.3192052,9.600749,0.61208695,-0.08674286,0.5876524,TREMOR,0f970075d4d1
1777350254659,10051270570934,-0.8714894,2.006341,8.664616,0.344528,-0.30543262,-0.33841935,TREMOR,0f970075d4d1
1777350254661,10051290620983,-0.7613561,2.2936451,10.213664,0.24556783,-0.013439035,-1.1129965,TREMOR,0f970075d4d1
1777350254687,10051310671032,1.5275006,0.81163436,10.357317,-0.3213151,-0.22235495,-0.75991637,TREMOR,0f970075d4d1
1777350254724,10051330721081,2.2936451,-0.110133275,8.834604,-0.55833083,-0.062308256,0.042760566,TREMOR,0f970075d4d1
1777350254727,10051350740612,-0.31364042,0.10534488,7.884106,-0.35918877,0.54000485,0.59620446,TREMOR,0f970075d4d1
1777350254750,10051370790661,-3.1890767,0.6799533,9.988609,0.3005457,0.53878313,0.92485,TREMOR,0f970075d4d1
1777350254788,10051390810192,-2.0685902,2.0494366,10.888829,0.8344419,-0.15760323,0.83199847,TREMOR,0f970075d4d1
1777350254790,10051410860241,0.40701428,3.632004,9.272743,0.8393288,-0.68539083,0.23823744,TREMOR,0f970075d4d1
1777350254819,10051430940807,0.37110126,2.705448,9.528923,-0.17348573,-0.2846632,-0.50335294,TREMOR,0f970075d4d1
1777350254821,10051450990856,-0.581791,0.7589619,10.85531,-0.71837753,0.23090707,-1.0323622,TREMOR,0f970075d4d1
1777350254850,10051471040905,0.9624691,-3.1914709,9.94312,-0.86376345,-0.06963864,-0.7684685,TREMOR,0f970075d4d1
1777350254889,10051491090954,1.8435353,-1.9871874,8.556877,-0.23579398,-0.10140363,-0.26145032,TREMOR,0f970075d4d1
1777350254891,10051511141002,0.50757074,0.4429273,8.061277,0.5497787,0.21013765,0.43371433,TREMOR,0f970075d4d1
1777350254915,10051531221569,-1.7884687,2.2984335,8.896853,0.8698721,0.33475417,0.8368854,TREMOR,0f970075d4d1
1777350254953,10051551302135,-2.15957,4.1946416,8.7125,0.8698721,0.039095376,0.9419542,TREMOR,0f970075d4d1
1777350254955,10051571352184,-1.0989386,4.661511,9.526528,0.90041536,-0.09285152,0.689056,TREMOR,0f970075d4d1
1777350254961,10051591432751,0.11731588,2.2936451,10.043676,0.25167647,-0.12461651,0.08674286,TREMOR,0f970075d4d1
1777350254980,10051611513317,0.20590134,-0.5722142,10.520123,-0.19425514,-0.035430185,-0.75747293,TREMOR,0f970075d4d1
1777350255009,10051631563366,0.22266077,-2.3223755,11.427525,0.07574729,0.012217305,-1.0177015,TREMOR,0f970075d4d1
1777350255050,10051651643932,1.1109096,-2.44448,10.012551,0.3885103,-0.18448131,-0.63163465,TREMOR,0f970075d4d1
1777350255054,10051671755016,1.055843,1.9967642,7.9032598,0.70738196,-0.1001819,0.20158553,TREMOR,0f970075d4d1
1777350255061,10051691835583,-1.0702082,5.0900726,8.731653,1.2217305,0.2846632,0.97249746,TREMOR,0f970075d4d1
1777350255126,10051711916149,-3.3087866,5.4539914,9.174581,0.6035349,0.33475417,1.1239921,TREMOR,0f970075d4d1
1777350255128,10051731996715,-1.4915876,2.5809495,10.55843,0.0012217305,-0.06352998,0.89919364,TREMOR,0f970075d4d1
1777350255144,10051752077282,1.6903064,3.8738184,9.153033,-0.16371189,-0.6768387,-0.2932153,TREMOR,0f970075d4d1
1777350255146,10051772157848,0.79248077,3.4691982,9.270349,-0.54244834,0.002443461,-0.9859365,TREMOR,0f970075d4d1
1777350255160,10051792177379,0.08140286,-2.6072857,8.805874,-1.105666,0.15515977,-0.6988298,TREMOR,0f970075d4d1
1777350255181,10051812257946,0.557849,-1.3192052,8.250419,-0.21013765,-0.052534413,-0.3567453,TREMOR,0f970075d4d1
1777350255204,10051832307995,0.63206923,0.8331822,9.607931,0.7501425,-0.15271631,0.29443705,TREMOR,0f970075d4d1
1777350255227,10051852327526,-0.1316811,3.1723173,9.938332,0.8857546,-0.13805555,0.7464773,TREMOR,0f970075d4d1
1777350255264,10051872377575,-1.1085154,5.118803,9.176975,0.7318166,0.02687807,0.874759,TREMOR,0f970075d4d1
1777350255266,10051892427624,-0.9600749,6.203377,9.531317,0.27366763,0.07941248,0.3567453,TREMOR,0f970075d4d1
1777350255290,10051912447155,-0.19393034,5.74369,8.822633,-0.54000485,-0.009773844,-0.45204028,TREMOR,0f970075d4d1
1777350255317,10051932466686,-0.2896984,2.3080103,8.590396,-1.0775663,0.009773844,-0.6169739,TREMOR,0f970075d4d1
1777350255354,10051952516735,-0.581791,-1.2761095,8.511387,-0.6389651,-0.064751714,-0.4361578,TREMOR,0f970075d4d1
1777350255356,10051972536266,-0.31124622,-2.396596,9.11712,0.43004912,-0.20769419,-0.33108896,TREMOR,0f970075d4d1
1777350255362,10051992586315,0.9768343,-1.99437,11.312603,1.0079277,-0.50701815,-0.19792034,TREMOR,0f970075d4d1
1777350255382,10052012636364,2.042254,1.4341269,12.193669,1.0079277,-0.535118,0.08552113,TREMOR,0f970075d4d1
1777350255424,10052032686413,1.42455,3.0789435,9.6845455,0.45937067,-0.009773844,0.48747048,TREMOR,0f970075d4d1
1777350255427,10052052736461,0.32800564,2.791639,7.5848308,-0.22357668,0.51923543,0.7012733,TREMOR,0f970075d4d1
1777350255458,10052072786510,0.019153614,0.6392518,8.556877,-1.1508701,0.59620446,0.20891592,TREMOR,0f970075d4d1
1777350255460,10052092836559,-0.29688102,0.48602295,9.323022,-1.3561208,0.44959682,-0.54244834,TREMOR,0f970075d4d1
1777350255503,10052112886608,-1.316811,1.6807296,9.380483,-0.99204516,0.4092797,-0.8051204,TREMOR,0f970075d4d1
1777350255506,10052132906139,-1.5514427,2.8682537,10.390836,-1.0958922,0.16249016,-0.8344419,TREMOR,0f970075d4d1
1777350255518,10052152956188,-0.055066638,1.2162545,9.631873,-1.2205088,-0.25411993,-0.5534439,TREMOR,0f970075d4d1
1777350255543,10052173036754,0.81402856,2.030283,8.264784,-0.36163223,-0.32375857,0.02076942,TREMOR,0f970075d4d1
1777350255574,10052193056286,0.12689269,3.0813377,7.1107793,0.5864306,-0.039095376,0.6084218,TREMOR,0f970075d4d1
1777350255579,10052213106335,-1.3192052,3.0430303,8.963891,1.0115929,0.2406809,0.8576548,TREMOR,0f970075d4d1
1777350255619,10052233156383,-1.8938135,2.3918076,10.747571,0.9944886,0.3481932,1.1068878,TREMOR,0f970075d4d1
1777350255624,10052253175915,0.076614454,1.0726024,11.257536,0.89919364,0.0720821,0.8723156,TREMOR,0f970075d4d1
1777350255658,10052273195446,0.5506664,2.717419,10.584765,0.7086037,-0.18692477,-0.035430185,TREMOR,0f970075d4d1
1777350255660,10052293276012,0.12210429,1.4652514,10.33098,-0.29932398,-0.28221974,-0.49357912,TREMOR,0f970075d4d1
1777350255702,10052313356579,-0.31124622,-0.89782566,10.718841,-1.3267993,-0.22113322,-1.128879,TREMOR,0f970075d4d1
1777350255706,10052333437145,-0.5291186,0.09816227,9.993398,-1.2412782,-0.042760566,-1.1117748,TREMOR,0f970075d4d1
1777350255719,10052353456676,-0.33997664,3.6703112,7.156269,-1.2815952,-0.172264,-0.7086037,TREMOR,0f970075d4d1
1777350255744,10052373506725,0.9504981,1.8698715,7.884106,-1.1227703,-0.15149458,0.1881465,TREMOR,0f970075d4d1
1777350255762,10052393556774,0.92416185,-0.80924016,9.464279,0.28588495,0.14538592,0.84421575,TREMOR,0f970075d4d1
1777350255785,10052413576305,-1.2186487,-0.5746084,9.770737,1.7996091,0.54733527,1.1960741,TREMOR,0f970075d4d1
1777350255821,10052433656872,-1.079785,0.4213795,10.316615,2.3017402,0.4092797,1.5137241,TREMOR,0f970075d4d1
1777350255823,10052453676403,0.24420857,2.717419,8.944737,2.117259,-0.036651913,0.84788096,TREMOR,0f970075d4d1
1777350255847,10052473756969,-0.7278373,5.74369,9.378088,1.428203,-0.09896017,0.31031954,TREMOR,0f970075d4d1
1777350255874,10052493807018,-0.47405192,4.3502645,9.710882,0.21746802,-0.27977628,-0.21380283,TREMOR,0f970075d4d1
1777350255896,10052513826549,0.6560113,-0.19153613,9.720459,-0.48380527,-0.28344148,-0.6035349,TREMOR,0f970075d4d1
1777350255933,10052533876598,0.39264908,-2.1164744,10.821792,-0.7257079,-0.103847094,-1.0592403,TREMOR,0f970075d4d1
1777350255935,10052553987682,-0.7134721,-0.4429273,9.19134,-0.39584067,0.13927728,-1.2950343,TREMOR,0f970075d4d1
1777350255958,10052574007213,-1.5897499,7.2687964,5.363012,-0.036651913,0.08674286,-1.1044444,TREMOR,0f970075d4d1
1777350255964,10052594057262,0.35194764,5.7269306,7.81228,0.32375857,-0.2687807,0.30909783,TREMOR,0f970075d4d1
1777350255988,10052614107311,1.496376,0.63206923,11.312603,-0.7012733,-0.030543262,1.1215485,TREMOR,0f970075d4d1
1777350256027,10052634157360,-0.22026655,-0.81881696,11.145009,-0.74281216,0.6377433,1.4770721,TREMOR,0f970075d4d1
1777350256032,10052654176891,-1.1133038,0.21787235,10.45069,0.11484267,0.6658431,0.9737192,TREMOR,0f970075d4d1
1777350256069,10052674196422,-0.90500826,3.9240966,9.844957,0.88086766,-0.034208454,-0.0036651916,TREMOR,0f970075d4d1
1777350256073,10052694246471,-0.89064306,2.8395233,10.060435,0.7012733,-0.39095375,-0.4642576,TREMOR,0f970075d4d1
1777350256111,10052714296520,-0.51235914,0.9672575,9.885659,-0.12583824,-0.56321776,-0.96883225,TREMOR,0f970075d4d1
1777350256116,10052734346569,-0.37349546,3.2441432,5.5282116,-0.49235737,-0.3726278,-1.0800097,TREMOR,0f970075d4d1
1777350256122,10052754396618,-0.12210429,3.4644098,6.265626,-0.18081611,-0.20158553,-0.8185594,TREMOR,0f970075d4d1
1777350256155,10052774477184,1.4197617,3.0071173,10.0269165,0.27000242,-0.13439035,0.18081611,TREMOR,0f970075d4d1
1777350256161,10052794496715,0.5770026,2.4612393,9.751583,-0.5180137,0.30298916,0.6133087,TREMOR,0f970075d4d1
1777350256182,10052814516247,-0.5410896,-1.1324574,10.261548,-0.9615019,0.6731735,0.98349303,TREMOR,0f970075d4d1
1777350256222,10052834596813,-0.93852705,0.5602432,10.699687,0.064751714,0.03176499,-0.057421334,TREMOR,0f970075d4d1
1777350256224,10052854616344,-0.91458505,2.2337902,10.67814,0.1881465,-0.25900686,-0.41783184,TREMOR,0f970075d4d1
1777350256248,10052874635876,-1.2880806,1.9057846,10.699687,-0.089186326,-0.41905355,-0.89675015,TREMOR,0f970075d4d1
1777350256286,10052894716442,-1.4556746,3.5913026,6.5122285,-0.2919936,-0.39950588,-0.9786061,TREMOR,0f970075d4d1
1777350256290,10052914735973,0.33518824,4.7524905,6.1890116,-0.16371189,-0.29077184,-0.50579643,TREMOR,0f970075d4d1
1777350256302,10052934786022,1.9369092,1.4796166,8.8777,-0.2883284,-0.19181168,0.3811799,TREMOR,0f970075d4d1
1777350256324,10052954836071,0.90740246,0.2633622,9.495404,-0.8002335,0.47403142,0.5155703,TREMOR,0f970075d4d1
1777350256347,10052974855602,0.16280572,-2.4301147,12.29662,-0.8723156,0.95172805,0.829555,TREMOR,0f970075d4d1
1777350256383,10052994905651,-0.37110126,-0.50517654,11.896789,-0.79779,0.3371976,0.2761111,TREMOR,0f970075d4d1
1777350256386,10053014925182,-1.2473791,-0.33279404,10.635044,-0.29443705,-0.029321533,-0.37995818,TREMOR,0f970075d4d1
1777350256408,10053034944713,-2.743755,2.5139117,9.40203,0.24923302,-0.065973446,-0.77946407,TREMOR,0f970075d4d1
1777350256446,10053054994762,-2.753332,6.6893997,5.094861,0.38973203,-0.36285394,-0.77946407,TREMOR,0f970075d4d1
1777350256449,10053075105846,0.6823475,3.8714242,7.055712,0.61453044,-0.7012733,0.018325957,TREMOR,0f970075d4d1
1777350256472,10053095125377,2.9113493,0.8595184,10.864887,-0.267559,-0.5534439,0.4092797,TREMOR,0f970075d4d1
1777350256509,10053115205944,1.9321208,-2.7126305,12.758701,-0.68661255,0.5717699,0.376293,TREMOR,0f970075d4d1
1777350256512,10053135255993,-0.25617957,-0.37828386,11.796232,-0.4129449,0.7452556,0.4886922,TREMOR,0f970075d4d1
1777350256548,10053155336559,-1.9680338,0.18435353,9.911995,-0.3200934,0.36896262,-0.14905111,TREMOR,0f970075d4d1
1777350256550,10053175386608,-2.719813,1.1707647,9.610326,-0.25289822,0.012217305,-0.6743952,TREMOR,0f970075d4d1
1777350256587,10053195467174,-2.6551697,5.2385135,4.9536033,0.16615535,-0.32986724,-0.71837753,TREMOR,0f970075d4d1
1777350256588,10053215578258,0.39025488,1.3599066,7.565677,0.6267477,-0.7086037,0.17592919,TREMOR,0f970075d4d1
1777350256627,10053235628307,3.0693667,1.8794483,11.432313,-0.118507855,-0.08674286,0.40683624,TREMOR,0f970075d4d1
1777350256629,10053255678356,0.51954174,-2.2888567,11.99495,-0.21380283,0.7696902,0.9773844,TREMOR,0f970075d4d1
1777350256667,10053275758922,-2.0015526,0.58897364,10.510546,-0.09040806,0.6377433,0.8356637,TREMOR,0f970075d4d1
1777350256669,10053295839489,-1.30484,0.12689269,8.868123,0.0036651916,-0.04153884,0.23335053,TREMOR,0f970075d4d1
1777350256693,10053315950573,-1.1683705,0.58657944,6.600814,0.02076942,-0.23701571,-0.48747048,TREMOR,0f970075d4d1
1777350256717,10053336031139,-1.6232687,1.8171991,7.1059904,0.61208695,-0.073303826,-0.73914695,TREMOR,0f970075d4d1
1777350256753,10053356081188,-0.22984336,3.775656,11.314998,0.86132,-0.19792034,-0.7855727,TREMOR,0f970075d4d1
1777350256755,10053376192272,2.2266076,3.86903,12.01171,0.06963864,-0.29565877,-0.44715336,TREMOR,0f970075d4d1
1777350256778,10053396272838,1.2282255,0.61530983,10.692505,-1.0323622,0.057421334,0.2565634,TREMOR,0f970075d4d1
1777350256785,10053416353405,-1.7621324,-1.6903064,9.289502,-0.8417723,0.39095375,0.79168135,TREMOR,0f970075d4d1
1777350256807,10053436464489,-2.8993783,0.088585466,7.359776,0.28099802,0.09040806,0.73792523,TREMOR,0f970075d4d1
1777350256844,10053456514538,-1.5658079,0.6344634,7.2568254,0.7855727,-0.27366763,0.6096435,TREMOR,0f970075d4d1
1777350256846,10053476564586,1.5705963,-0.49559975,8.50181,0.62796944,-0.6646214,-0.04153884,TREMOR,0f970075d4d1
1777350256873,10053496645153,0.7733272,1.7717092,11.532869,0.41172317,0.18325958,-0.6084218,TREMOR,0f970075d4d1
1777350256911,10053516695202,-0.5434838,4.5633483,10.85531,-0.10629055,0.39950588,-0.7305948,TREMOR,0f970075d4d1
1777350256913,10053536745251,-0.7326257,4.050989,9.744401,-0.9272934,0.21502456,-0.4447099,TREMOR,0f970075d4d1
1777350256949,10053556795299,-0.6847417,0.050278235,9.153033,-1.3267993,-0.040317107,-0.04520403,TREMOR,0f970075d4d1
1777350256952,10053576845348,-1.2114661,-0.4309563,7.73806,-0.50946164,-0.15515977,0.13439035,TREMOR,0f970075d4d1
1777350256990,10053596895397,-0.22744916,0.7469909,8.7532015,0.5693264,-0.35430184,0.49602258,TREMOR,0f970075d4d1
1777350256992,10053616945446,1.4915876,-1.1420342,9.516952,0.7110472,-0.26389378,0.80756384,TREMOR,0f970075d4d1
1777350257016,10053636995495,0.80445176,-1.0845734,11.245565,0.54244834,0.3555236,0.5155703,TREMOR,0f970075d4d1
1777350257056,10053657045543,-0.90979666,2.2409728,10.754754,0.45937067,0.50823987,0.09896017,TREMOR,0f970075d4d1
1777350257058,10053677126110,-1.9416976,3.016694,8.765172,-0.4007276,0.13805555,-0.50701815,TREMOR,0f970075d4d1
1777350257064,10053697176159,-1.7501614,1.4915876,10.577583,-0.9932669,-0.057421334,-0.7489208,TREMOR,0f970075d4d1
1777350257106,10053717226208,-0.5386954,0.9504981,8.702923,-0.40439278,-0.37751472,-0.68783426,TREMOR,0f970075d4d1
1777350257108,10053737245739,0.6823475,2.0398598,7.3190746,0.39706242,-0.5448918,-0.52412236,TREMOR,0f970075d4d1
1777350257141,10053757326305,1.5394717,0.50996494,9.097966,0.4813618,-0.3005457,0.19425514,TREMOR,0f970075d4d1
1777350257145,10053777376354,1.103727,0.37349546,10.292673,0.3213151,0.16371189,0.4251622,TREMOR,0f970075d4d1
1777350257184,10053797395885,-0.7374141,1.6831238,10.268731,0.25289822,0.5326745,0.77091193,TREMOR,0f970075d4d1
1777350257187,10053817415417,-0.9720459,-0.770933,11.003751,-0.119729586,0.42760566,0.75747293,TREMOR,0f970075d4d1
1777350257204,10053837465465,-0.4333505,-2.0925324,10.271125,-0.42394048,-0.15027285,-0.0012217305,TREMOR,0f970075d4d1
1777350257228,10053857546032,-2.2697031,2.7940333,10.30225,0.204029,-0.0036651916,-0.8564331,TREMOR,0f970075d4d1
1777350257264,10053877596081,-2.0685902,4.620809,8.576031,0.30298916,-0.23945917,-1.1410962,TREMOR,0f970075d4d1
1777350257266,10053897615612,0.019153614,4.223372,6.811504,-0.27000242,-0.46914452,-0.9773844,TREMOR,0f970075d4d1
1777350257289,10053917696178,2.5378537,-0.2681506,8.870518,-0.816116,-0.45814893,0.0061086523,TREMOR,0f970075d4d1
1777350257312,10053937746227,2.5498247,-2.2457612,9.911995,-0.40683624,0.14172074,0.32742378,TREMOR,0f970075d4d1
1777350257334,10053957796276,-0.19393034,-0.090979666,10.824186,0.4728097,0.77824235,0.77213365,TREMOR,0f970075d4d1
1777350257372,10053977815807,-2.2720973,0.92416185,10.668563,0.72082096,0.63285637,1.0861185,TREMOR,0f970075d4d1
1777350257374,10053997896374,-1.0941502,-0.107739076,9.598354,0.26633725,-0.14172074,0.7147123,TREMOR,0f970075d4d1
1777350257401,10054017946422,-0.320823,0.4165911,9.466674,0.19792034,-0.43982297,-0.0061086523,TREMOR,0f970075d4d1
1777350257407,10054037996471,-1.3263878,4.390966,7.335834,0.4288274,-0.13927728,-0.61575216,TREMOR,0f970075d4d1
1777350257432,10054058046520,-0.8714894,4.6399627,8.504205,-0.008552114,-0.059864793,-0.7855727,TREMOR,0f970075d4d1
1777350257469,10054078096569,1.7310078,1.0414777,10.998962,-0.70616025,-0.204029,-0.21380283,TREMOR,0f970075d4d1
1777350257472,10054098177135,1.6184803,-0.40701428,10.785878,-1.0311406,0.19914207,0.07819075,TREMOR,0f970075d4d1
1777350257497,10054118227184,-1.1061212,-0.21787235,9.28232,-0.59131753,0.6230826,0.43004912,TREMOR,0f970075d4d1
1777350257505,10054138246715,-2.791639,0.6799533,8.815451,-0.13805555,0.33353242,0.47036624,TREMOR,0f970075d4d1
1777350257539,10054158266247,-2.1428106,-0.4141969,8.544906,0.11484267,-0.26145032,0.02443461,TREMOR,0f970075d4d1
1777350257561,10054178316295,0.22266077,-0.7637503,10.259154,0.11728613,-0.6731735,-0.41416663,TREMOR,0f970075d4d1
1777350257567,10054198366344,2.1523874,1.1492168,10.378864,0.0720821,-0.45081854,-0.8344419,TREMOR,0f970075d4d1
1777350257586,10054218416393,2.2050598,1.2497733,10.474632,-0.70249504,0.19425514,-0.56199604,TREMOR,0f970075d4d1
1777350257623,10054238435924,0.7086837,1.151611,9.945514,-1.5723672,0.6243043,0.09040806,TREMOR,0f970075d4d1
1777350257626,10054258485973,-2.1452048,0.30645782,9.361329,-0.79290307,0.64996064,0.6988298,TREMOR,0f970075d4d1
1777350257649,10054278505504,-3.7852328,1.4628572,9.603143,0.31031954,0.18692477,0.8197812,TREMOR,0f970075d4d1
1777350257689,10054298525036,-2.56419,2.1045034,9.76116,0.9578367,-0.5656612,0.46303585,TREMOR,0f970075d4d1
1777350257692,10054318575085,0.35673606,-0.5482722,7.5848308,0.23701571,-1.0714576,0.16126843,TREMOR,0f970075d4d1
1777350257726,10054338625133,1.6424223,0.33279404,8.889671,-0.004886922,-0.54000485,-0.44226643,TREMOR,0f970075d4d1
1777350257729,10054358644665,0.61770403,1.934515,10.105926,0.030543262,0.4361578,-0.77579886,TREMOR,0f970075d4d1
1777350257758,10054378694713,-0.48841715,0.7661445,10.290278,-0.6585127,0.63529986,-0.6914995,TREMOR,0f970075d4d1
1777350257767,10054398744762,0.009576807,0.30406362,11.801021,-0.73426,0.3115413,-0.4166101,TREMOR,0f970075d4d1
1777350257803,10054418764293,-0.0023942017,-0.39025488,10.299856,-0.2883284,-0.0720821,0.17592919,TREMOR,0f970075d4d1
1777350257808,10054438783825,-1.1180922,-1.3958195,8.815451,0.32253686,-0.33475417,0.83199847,TREMOR,0f970075d4d1
1777350257851,10054458803356,-1.7238252,0.7757214,7.536947,1.0128145,-0.5412266,0.8772025,TREMOR,0f970075d4d1
1777350257853,10054478822887,0.40701428,-0.8834604,7.7691846,0.79168135,-0.63163465,0.6805039,TREMOR,0f970075d4d1
1777350257865,10054498903454,1.460463,1.8124107,9.52174,0.07574729,-0.27366763,-0.20280726,TREMOR,0f970075d4d1
1777350257903,10054518953502,-0.17717093,3.9456444,9.414001,0.14905111,0.7538077,-0.8772025,TREMOR,0f970075d4d1
1777350257909,10054539003551,-1.2569559,1.6089035,11.805809,-0.9615019,0.7476991,-0.77091193,TREMOR,0f970075d4d1
1777350257964,10054559053600,-0.23942018,-1.8100165,10.244789,-1.3414601,0.12461651,-0.5021312,TREMOR,0f970075d4d1
1777350257968,10054579073131,-0.50757074,-1.8602947,9.299079,-0.13316862,-0.14049901,0.03176499,TREMOR,0f970075d4d1
1777350257973,10054599123180,-0.6631939,-0.9648633,10.251971,0.8393288,-0.39095375,0.3555236,TREMOR,0f970075d4d1
1777350257985,10054619173229,0.20590134,0.1388637,9.593566,1.0824533,-0.7464773,0.5314528,TREMOR,0f970075d4d1
1777350258017,10054639192760,1.3934253,0.6703765,7.9846625,0.8344419,-0.5131268,0.6206391,TREMOR,0f970075d4d1
1777350258041,10054659273327,0.7302315,1.436521,8.688558,0.26511553,0.28588495,0.15882497,TREMOR,0f970075d4d1
1777350258063,10054679323376,-1.055843,2.2601264,8.532935,0.13683382,0.78801614,-0.45448375,TREMOR,0f970075d4d1
1777350258088,10054699373424,-1.3790601,2.4037786,9.165004,-0.49846604,0.5510005,-0.73548174,TREMOR,0f970075d4d1
1777350258090,10054719423473,-0.46686932,1.8650831,10.769119,-0.5693264,0.3115413,-0.97249746,TREMOR,0f970075d4d1
1777350258116,10054739473522,0.36870706,-0.045489833,11.159374,-0.5644395,-0.02687807,-0.5852089,TREMOR,0f970075d4d1
1777350258152,10054759554088,-0.02633622,-0.9864111,9.77792,-0.010995574,-0.062308256,0.030543262,TREMOR,0f970075d4d1
1777350258154,10054779573620,-0.08140286,-0.18914193,10.266336,0.5717699,-0.2406809,0.5742133,TREMOR,0f970075d4d1
1777350258177,10054799593151,0.5674258,-1.0726024,9.85214,0.65118235,-0.4166101,1.0555751,TREMOR,0f970075d4d1
1777350258213,10054819643200,0.19393034,-0.521936,8.554482,0.59742624,-0.23701571,1.3414601,TREMOR,0f970075d4d1
1777350258220,10054839693249,-0.23463176,1.42455,9.136273,0.57910025,0.24190263,1.0690142,TREMOR,0f970075d4d1
1777350258229,10054859743297,-0.9935937,3.845088,9.718064,0.10873401,0.25167647,-0.10751228,TREMOR,0f970075d4d1
1777350258257,10054879823864,-1.6280571,3.8594532,9.543288,-0.35430184,0.23945917,-1.0225884,TREMOR,0f970075d4d1
1777350258267,10054899873913,-1.1444284,1.3383588,10.505757,-1.2009611,0.07696902,-1.3891076,TREMOR,0f970075d4d1
1777350258301,10054919954479,0.30885202,-0.8738836,11.056423,-1.1325442,-0.103847094,-1.4697418,TREMOR,0f970075d4d1
1777350258315,10054940035045,1.2856863,-1.6112977,9.574412,-0.43982297,-0.12461651,-0.9981538,TREMOR,0f970075d4d1
1777350258341,10054960085094,1.0055647,-1.6112977,9.26556,0.02565634,-0.05375614,-0.06963864,TREMOR,0f970075d4d1
1777350258349,10054980226696,0.6536171,-1.3910311,9.277532,0.6646214,-0.062308256,0.79045963,TREMOR,0f970075d4d1
1777350258384,10055000276745,-0.11492168,-0.15322891,9.651027,1.2009611,-0.030543262,1.1863003,TREMOR,0f970075d4d1
1777350258391,10055020357311,-0.89543146,2.360683,8.889671,1.2119566,0.09285152,1.5992452,TREMOR,0f970075d4d1
1777350258426,10055040468395,-2.1140802,3.2800562,8.896853,0.6914995,0.28955013,1.5662584,TREMOR,0f970075d4d1
1777350258430,10055060548961,-0.7302315,3.0071173,9.655815,0.0061086523,-0.018325957,0.657291,TREMOR,0f970075d4d1
1777350258458,10055080599010,-0.23463176,2.554613,9.603143,-0.42760566,-0.19914207,-0.59864795,TREMOR,0f970075d4d1
1777350258471,10055100710094,-1.0726024,0.6871359,9.730036,-0.7672467,0.004886922,-1.269378,TREMOR,0f970075d4d1
1777350258510,10055120760143,-1.1971009,-0.90979666,9.782708,-0.5155703,-0.042760566,-1.4844025,TREMOR,0f970075d4d1
1777350258512,10055140810192,0.1436521,-0.095768064,8.944737,0.19914207,-0.25167647,-1.3402383,TREMOR,0f970075d4d1
1777350258539,10055160860241,2.2768857,-0.04070143,10.079589,0.16737708,-0.5204572,-0.32620203,TREMOR,0f970075d4d1
1777350258551,10055180879772,2.6671407,-1.9632454,9.947908,0.04886922,-0.19547687,0.7110472,TREMOR,0f970075d4d1
1777350258571,10055200929821,0.3878607,-1.0749966,9.351752,0.46792278,0.35308012,1.1948525,TREMOR,0f970075d4d1
1777350258606,10055220979870,-2.4229321,1.757344,7.848193,0.8576548,0.5510005,1.5430456,TREMOR,0f970075d4d1
1777350258608,10055240999401,-2.801216,5.1690817,7.381324,1.2547172,0.36163223,1.3060299,TREMOR,0f970075d4d1
1777350258635,10055261049450,-1.0414777,5.602432,9.143456,0.19425514,-0.29077184,0.029321533,TREMOR,0f970075d4d1
1777350258659,10055281099499,-0.5267244,3.8522706,10.582372,-1.0445796,-0.35796702,-1.4514158,TREMOR,0f970075d4d1
1777350258685,10055301149547,-0.63206923,0.61530983,10.594342,-1.6542231,-0.2932153,-1.7983873,TREMOR,0f970075d4d1
1777350258721,10055321230114,0.9840169,-2.7700913,8.700529,-0.96761054,-0.48747048,-1.6297885,TREMOR,0f970075d4d1
1777350258723,10055341280163,3.2585084,-1.4532804,9.706094,-0.105068825,-0.52412236,-0.6389651,TREMOR,0f970075d4d1
1777350258747,10055361360729,3.1028855,-1.8219875,9.991004,0.35796702,-0.014660766,0.6560693,TREMOR,0f970075d4d1
1777350258754,10055381410778,-0.37588966,1.4580688,9.454702,1.1960741,0.8136725,1.1972959,TREMOR,0f970075d4d1
1777350258786,10055401460827,-3.3638535,2.6288335,9.811439,1.1960741,0.8332202,1.7800614,TREMOR,0f970075d4d1
1777350258789,10055421480358,-2.408567,3.9312792,9.902418,0.64996064,0.12950343,1.2095132,TREMOR,0f970075d4d1
1777350258815,10055441530407,0.46686932,5.1786585,9.246407,-0.06719518,-0.43860126,0.13194689,TREMOR,0f970075d4d1
1777350258838,10055461549938,0.11252748,3.2465374,9.323022,-1.0641272,-0.16371189,-0.9798279,TREMOR,0f970075d4d1
1777350258875,10055481630504,-0.39983168,-1.3575124,9.593566,-1.8032742,-0.06963864,-1.0067059,TREMOR,0f970075d4d1
1777350258878,10055501650036,0.4261679,-4.402937,9.483433,-1.0201449,-0.21013765,-1.0641272,TREMOR,0f970075d4d1
1777350258901,10055521730602,1.5298948,-2.2625206,8.858546,-0.030543262,-0.3567453,-0.45448375,TREMOR,0f970075d4d1
1777350258924,10055541750133,1.6448165,-0.78769237,8.896853,0.65240407,-0.08674286,0.27977628,TREMOR,0f970075d4d1
1777350258931,10055561769665,0.272939,-0.63206923,9.739613,0.87964594,0.35308012,0.79901177,TREMOR,0f970075d4d1
1777350258949,10055581789196,-0.7565677,0.6679823,9.871294,0.9077458,0.31887165,1.0201449,TREMOR,0f970075d4d1
1777350258986,10055601839245,-1.0702082,5.9280434,8.7292595,1.2363913,0.20525073,0.7648033,TREMOR,0f970075d4d1
1777350259008,10055621858776,-1.7669208,8.341399,9.184157,0.56199604,0.25778514,-0.10751228,TREMOR,0f970075d4d1
1777350259010,10055641878307,-1.4389153,2.801216,10.15381,-1.2070698,-0.04886922,-0.7171558,TREMOR,0f970075d4d1
1777350259032,10055661897838,0.023942016,-1.0869676,10.077195,-1.8044959,-0.344528,-0.9932669,TREMOR,0f970075d4d1
1777350259068,10055681917370,0.9576807,-3.3423057,10.199299,-1.17897,-0.32620203,-1.0531317,TREMOR,0f970075d4d1
1777350259070,10055701997936,1.6280571,-4.5441947,10.146626,-0.2565634,-0.19303341,-0.5363397,TREMOR,0f970075d4d1
1777350259093,10055722047985,1.5825673,-1.7118542,9.337387,0.6169739,-0.004886922,0.30665436,TREMOR,0f970075d4d1
1777350259115,10055742098034,0.15562311,1.0175357,9.849746,1.314582,0.33841935,0.97005403,TREMOR,0f970075d4d1
1777350259150,10055762117565,-1.7142484,4.522647,8.485051,1.2620476,0.4202753,1.2657127,TREMOR,0f970075d4d1
1777350259153,10055782137096,-2.9017725,8.791509,8.6334915,0.829555,0.33108896,1.0128145,TREMOR,0f970075d4d1
1777350259179,10055802156627,-2.2050598,8.451532,9.55047,0.25534168,0.13805555,0.63407815,TREMOR,0f970075d4d1
1777350259202,10055822237194,0.6584055,2.4851813,9.765948,-1.382999,-0.48624873,-0.5314528,TREMOR,0f970075d4d1
1777350259228,10055842287243,1.1971009,0.6655881,9.246407,-1.6505579,-0.014660766,-1.1349876,TREMOR,0f970075d4d1
1777350259231,10055862306774,0.36152446,-2.432509,10.3692875,-1.4465289,0.11484267,-1.047023,TREMOR,0f970075d4d1
1777350259265,10055882356823,0.7445967,-4.781221,10.149021,-0.6927212,0.03176499,-0.75625116,TREMOR,0f970075d4d1
1777350259273,10055902376354,1.5658079,-5.9902925,9.11712,0.008552114,-0.09896017,-0.16982053,TREMOR,0f970075d4d1
1777350259293,10055922426403,1.1348516,-1.6328455,8.908825,0.7696902,-0.13805555,0.5143485,TREMOR,0f970075d4d1
1777350259316,10055942476452,-0.04070143,1.0989386,9.287108,1.3072516,0.12950343,1.0213667,TREMOR,0f970075d4d1
1777350259351,10055962526501,-1.9847932,7.7189064,7.029376,1.3768903,0.34208453,1.0323622,TREMOR,0f970075d4d1
1777350259353,10055982576549,-3.5242648,7.929596,9.765948,0.5021312,0.50946164,0.5326745,TREMOR,0f970075d4d1
1777350259380,10056002626598,-0.7206547,2.7940333,10.0987425,-1.4648548,-0.32742378,-0.47891834,TREMOR,0f970075d4d1
1777350259403,10056022646129,0.7350199,-1.9009962,10.084377,-1.8191566,-0.43249258,-1.0323622,TREMOR,0f970075d4d1
1777350259438,10056042665661,1.115698,-6.3470287,10.2735195,-1.0091494,-0.15271631,-0.9761627,TREMOR,0f970075d4d1
1777350259442,10056062715710,1.2282255,-3.9911342,9.485827,0.036651913,0.002443461,-0.54244834,TREMOR,0f970075d4d1
1777350259449,10056082765758,0.91697925,-2.2984335,8.791509,0.8014552,0.07086037,0.48747048,TREMOR,0f970075d4d1
1777350259473,10056102785290,-0.60573304,1.8531121,8.24563,0.9089675,0.2846632,0.95905846,TREMOR,0f970075d4d1
1777350259505,10056122835338,-3.6822822,7.5321584,8.099585,1.3341297,0.63407815,0.89919364,TREMOR,0f970075d4d1
1777350259511,10056142854870,-4.0342298,6.6654577,11.68131,0.54367006,0.12583824,0.4361578,TREMOR,0f970075d4d1
1777350259530,10056162935436,0.7445967,2.7269957,10.43872,-1.3927728,-1.1166617,-0.7635816,TREMOR,0f970075d4d1
1777350259554,10056182985485,2.1978772,-0.8355764,10.46745,-1.8435913,-0.70249504,-1.3377949,TREMOR,0f970075d4d1
1777350259590,10056203005016,2.4588451,-7.577648,10.986992,-1.6493362,-0.18081611,-1.0213667,TREMOR,0f970075d4d1
1777350259592,10056223055065,3.4811692,-6.945579,8.343793,-0.37751472,-0.09040806,-0.4092797,TREMOR,0f970075d4d1
1777350259616,10056243105114,2.2266076,-1.5131354,7.5465236,0.91874135,0.27000242,0.6206391,TREMOR,0f970075d4d1
1777350259655,10056263155163,-0.7469909,2.585738,7.4387846,1.568702,0.7293731,1.1826351,TREMOR,0f970075d4d1
1777350259656,10056283205211,-4.4580035,7.1969705,8.793902,1.5430456,0.81122905,1.1349876,TREMOR,0f970075d4d1
1777350259669,10056303255260,-3.1483753,6.5481415,11.712435,0.63529986,-0.039095376,0.44715336,TREMOR,0f970075d4d1
1777350259693,10056323274792,0.8882488,3.9193082,10.9822035,-0.9786061,-0.9969321,-0.88697636,TREMOR,0f970075d4d1
1777350259715,10056343294323,1.6328455,-0.8355764,10.223241,-1.704314,-0.51068336,-1.205848,TREMOR,0f970075d4d1
1777350259748,10056363405407,1.5275006,-5.9663506,9.524135,-1.1239921,0.017104227,-0.82833326,TREMOR,0f970075d4d1
1777350259773,10056383455456,1.9608512,-4.7405195,8.78672,0.05497787,0.16249016,-0.34697145,TREMOR,0f970075d4d1
1777350259775,10056403505504,1.4987702,-2.3894134,7.7931266,0.61819565,0.14905111,0.55955255,TREMOR,0f970075d4d1
1777350259798,10056423525036,-0.4189853,-0.6871359,8.576031,0.9456194,0.2932153,1.1227703,TREMOR,0f970075d4d1
1777350259834,10056443544567,-1.9847932,4.8626237,7.524976,1.0140363,0.28221974,1.1838568,TREMOR,0f970075d4d1
1777350259838,10056463625133,-3.5745432,8.408437,9.811439,1.0396926,0.376293,0.63285637,TREMOR,0f970075d4d1
1777350259861,10056483736217,-1.4580688,5.2959743,12.059594,-0.6951646,-0.312763,-0.50335294,TREMOR,0f970075d4d1
1777350259885,10056503816784,0.92416185,0.16998832,10.402806,-2.0830505,-0.6951646,-1.2156218,TREMOR,0f970075d4d1
1777350259920,10056523866833,1.6160861,-5.5401826,9.56723,-1.6481144,-0.22968534,-1.1508701,TREMOR,0f970075d4d1
1777350259922,10056543916881,1.6711528,-5.671864,10.101137,-0.31887165,0.25167647,-0.8222246,TREMOR,0f970075d4d1
1777350259946,10056563997448,1.8291701,-3.9743748,8.590396,0.36041048,0.08674286,-0.057421334,TREMOR,0f970075d4d1
1777350259954,10056584078014,1.1180922,-1.5658079,8.204929,0.9297369,0.2565634,0.7257079,TREMOR,0f970075d4d1
1777350259972,10056604158581,-0.36870706,-0.34237084,10.922348,1.4062119,0.44226643,1.0519099,TREMOR,0f970075d4d1
1777350260008,10056624239147,-0.24181437,4.307169,7.8505874,1.0824533,0.13561209,1.1569787,TREMOR,0f970075d4d1
1777350260030,10056644319713,-2.3750482,10.833763,7.4268136,1.001819,0.54611355,0.6817256,TREMOR,0f970075d4d1
1777350260055,10056664369762,-3.8426938,7.1395097,11.008539,-0.7305948,0.45448375,-0.008552114,TREMOR,0f970075d4d1
1777350260057,10056684450329,-0.5243302,0.22266077,11.066,-2.5375342,-0.7635816,-0.72204274,TREMOR,0f970075d4d1
1777350260100,10056704561413,1.5705963,-1.5634137,9.509769,-2.2149973,-0.7440339,-1.1765264,TREMOR,0f970075d4d1
1777350260102,10056724641979,1.0151415,-2.5330653,9.859323,-1.6187929,-0.0720821,-1.0580186,TREMOR,0f970075d4d1
1777350260114,10056744722545,0.81402856,-4.1491513,9.241618,-1.287704,0.14049901,-0.6719518,TREMOR,0f970075d4d1
1777350260140,10056764864147,1.2689269,-5.3247046,9.385271,-0.66706485,0.112399206,-0.29932398,TREMOR,0f970075d4d1
1777350260150,10056784944713,1.3215994,-4.6950297,8.523358,-0.096516706,0.1563815,0.20891592,TREMOR,0f970075d4d1
1777350260185,10056804994762,0.31124622,-0.80445176,8.252813,0.7012733,0.4129449,0.38728857,TREMOR,0f970075d4d1
1777350260194,10056825044811,-0.1340753,1.0103531,9.198523,1.0421361,0.3200934,0.43249258,TREMOR,0f970075d4d1
1777350260225,10056845064342,-0.20350714,0.16759412,9.785102,0.52412236,0.02565634,0.35063666,TREMOR,0f970075d4d1
1777350260232,10056865114391,-0.1436521,0.076614454,9.92636,0.31887165,0.018325957,0.3042109,TREMOR,0f970075d4d1
1777350260256,10056885164440,-0.4381389,1.3383588,9.595961,0.32742378,0.14172074,0.2761111,TREMOR,0f970075d4d1
1777350260278,10056905214489,-1.0342951,1.1755531,10.177752,-0.057421334,0.23335053,0.22357668,TREMOR,0f970075d4d1
1777350260299,10056925264538,-1.3072342,-1.1109096,10.620679,-0.47647488,0.11728613,-0.012217305,TREMOR,0f970075d4d1
1777350260325,10056945314586,-1.4820108,-1.42455,10.139444,-0.10629055,0.02321288,-0.39706242,TREMOR,0f970075d4d1
1777350260331,10056965395153,-1.5586253,-0.94331545,9.294291,0.24801129,-0.05131268,-0.5644395,TREMOR,0f970075d4d1
1777350260362,10056985445202,-0.7733272,-2.9831753,9.648633,0.2125811,-0.17959438,-0.4288274,TREMOR,0f970075d4d1
1777350260385,10057005464733,0.93134445,-5.717354,9.497798,0.4801401,-0.38240165,-0.039095376,TREMOR,0f970075d4d1
1777350260407,10057025545299,1.9752164,-2.2290018,9.938332,1.1606439,-0.2761111,0.6096435,TREMOR,0f970075d4d1
1777350260428,10057045595348,0.93134445,0.8571242,8.109161,1.0067059,0.02321288,1.0958922,TREMOR,0f970075d4d1
1777350260461,10057065645397,-2.327164,4.2185836,7.680599,0.80756384,0.4813618,1.1765264,TREMOR,0f970075d4d1
1777350260463,10057085695446,-4.3167458,6.991069,9.414001,0.7623598,0.33964106,0.56321776,TREMOR,0f970075d4d1
1777350260491,10057105745495,-1.6160861,4.8099513,10.419566,-0.3286455,-0.5705481,-0.45937067,TREMOR,0f970075d4d1
1777350260495,10057125795543,0.46686932,1.5227122,10.773908,-1.1203269,-0.6988298,-1.3451253,TREMOR,0f970075d4d1
1777350260519,10057145815075,1.5562311,-4.0533834,10.33098,-1.2449434,-0.44226643,-1.3377949,TREMOR,0f970075d4d1
1777350260556,10057165895641,3.1387985,-5.8945246,9.991004,-0.56199604,-0.20647246,-0.9798279,TREMOR,0f970075d4d1
1777350260559,10057185915172,3.4237084,-6.5457473,8.930372,0.056199603,0.013439035,0.21868975,TREMOR,0f970075d4d1
1777350260581,10057205965221,1.3383588,-3.311181,8.4108305,1.001819,0.50579643,1.174083,TREMOR,0f970075d4d1
1777350260617,10057226015270,-1.7525556,1.5753847,7.177817,1.0067059,0.5290093,1.5076154,TREMOR,0f970075d4d1
1777350260621,10057246065319,-4.570531,10.8385515,6.155493,1.3292428,0.49357912,1.3096951,TREMOR,0f970075d4d1
1777350260644,10057266084850,-3.2225955,10.199299,10.898406,0.43982297,-0.1563815,0.408058,TREMOR,0f970075d4d1
1777350260667,10057286165417,1.0462662,1.5658079,11.513716,-2.122146,-1.1435398,-1.0128145,TREMOR,0f970075d4d1
1777350260693,10057306184948,2.6168625,-7.4483614,10.208876,-2.3506095,-0.689056,-1.6615535,TREMOR,0f970075d4d1
1777350260695,10057326265514,3.107674,-10.105926,7.896077,-1.0714576,-0.08674286,-1.047023,TREMOR,0f970075d4d1
1777350260730,10057346315563,2.4061728,-6.8809357,8.597578,0.94806284,0.4361578,0.27977628,TREMOR,0f970075d4d1
1777350260754,10057366396129,0.02633622,0.33039984,7.615956,1.8594738,0.71837753,0.9944886,TREMOR,0f970075d4d1
1777350260756,10057386446178,-3.8498764,5.142745,9.3733,2.0916026,0.8491027,1.3817772,TREMOR,0f970075d4d1
1777350260791,10057406496227,-3.6415808,10.038888,10.807426,1.6982054,0.017104227,0.86132,TREMOR,0f970075d4d1
1777350260815,10057426546276,0.62488663,9.995792,10.556035,-0.61208695,-1.0458013,-0.52412236,TREMOR,0f970075d4d1
1777350260817,10057446596325,1.3000516,0.92176765,10.465055,-2.6780334,-0.52778757,-1.2449434,TREMOR,0f970075d4d1
1777350260856,10057466646374,1.6663644,-9.809045,9.770737,-2.6841419,-0.112399206,-1.1777482,TREMOR,0f970075d4d1
1777350260858,10057486696422,2.3175871,-10.084377,8.192958,-0.68294734,0.07086037,-0.8906415,TREMOR,0f970075d4d1
1777350260881,10057506746471,2.4349031,-5.363012,7.66384,1.314582,0.1441642,0.22968534,TREMOR,0f970075d4d1
1777350260905,10057526827038,0.521936,-0.23463176,7.824251,2.1087067,0.41783184,0.9468411,TREMOR,0f970075d4d1
1777350260940,10057546877086,-1.1707647,1.9608512,8.257602,2.157576,0.57910025,1.328021,TREMOR,0f970075d4d1
1777350260943,10057566896618,-2.066196,13.429077,7.2831616,2.1844542,0.39828414,0.90285885,TREMOR,0f970075d4d1
1777350260966,10057586916149,-0.4165911,8.65025,9.469068,-0.3652974,0.10262536,-0.24678956,TREMOR,0f970075d4d1
1777350260990,10057606966198,0.045489833,-0.5243302,10.876859,-2.2369885,0.02565634,-1.0629056,TREMOR,0f970075d4d1
1777350261025,10057626985729,0.9600749,-10.850522,10.42196,-1.4062119,-0.021991149,-0.88453287,TREMOR,0f970075d4d1
1777350261027,10057647035778,1.0654198,-6.88333,10.5680065,0.26389378,0.15515977,-0.47769663,TREMOR,0f970075d4d1
1777350261048,10057667085827,-0.19632454,0.055066638,10.903194,1.7482964,0.7098254,0.32375857,TREMOR,0f970075d4d1
1777350261085,10057687135876,-2.3989902,4.24492,10.108319,2.189341,0.6096435,0.86620694,TREMOR,0f970075d4d1
1777350261087,10057707185924,-2.6862943,7.762002,9.277532,1.5234979,0.17470746,0.9615019,TREMOR,0f970075d4d1
1777350261093,10057727235973,-1.4700398,7.369353,8.322245,-0.10629055,-0.08552113,0.18325958,TREMOR,0f970075d4d1
1777350261116,10057747316540,-0.7015011,4.711789,8.37013,-1.8203784,-0.3200934,-0.6084218,TREMOR,0f970075d4d1
1777350261154,10057767366588,-0.1412579,-2.7389667,9.449914,-2.4275784,-0.33353242,-0.90408057,TREMOR,0f970075d4d1
1777350261156,10057787416637,0.45250413,-8.731653,8.863335,-1.1068878,-0.312763,-0.7648033,TREMOR,0f970075d4d1
1777350261180,10057807497204,0.81642276,-5.896919,10.04607,0.44959682,-0.14538592,-0.14538592,TREMOR,0f970075d4d1
1777350261203,10057827577770,0.6871359,-1.8339585,10.15381,1.8484782,0.12095132,0.49113566,TREMOR,0f970075d4d1
1777350261225,10057847627819,-0.8499416,4.5872903,9.739613,2.4996605,0.4642576,0.80756384,TREMOR,0f970075d4d1
1777350261260,10057867708385,-3.4117374,11.717223,9.332599,1.6737708,0.5717699,0.6817256,TREMOR,0f970075d4d1
1777350261263,10057887788952,-2.27928,5.0158525,9.186552,-0.6365216,-0.21624629,0.012217305,TREMOR,0f970075d4d1
1777350261283,10057907839001,0.35913026,0.20829555,9.320627,-1.645671,-0.88208944,-0.5644395,TREMOR,0f970075d4d1
1777350261306,10057927858532,2.2098482,-7.7691846,10.594342,-0.89919364,-0.6805039,-0.66828656,TREMOR,0f970075d4d1
1777350261315,10057947939098,3.311181,-6.4882865,7.3885064,0.8258898,-0.20280726,-0.27977628,TREMOR,0f970075d4d1
1777350261348,10057967989147,1.6400281,1.5729905,7.7452426,1.9804251,0.86376345,0.19181168,TREMOR,0f970075d4d1
1777350261361,10057988008678,-3.052607,6.8043213,10.187328,1.8863518,1.6517797,0.43249258,TREMOR,0f970075d4d1
1777350261402,10058008058727,-4.048595,7.800309,10.790668,0.7464773,0.8906415,0.32742378,TREMOR,0f970075d4d1
1777350261404,10058028139293,-0.62009823,6.5840545,8.803479,-0.5338962,-0.31398472,-0.2003638,TREMOR,0f970075d4d1
1777350261416,10058048189342,-0.07182605,4.43885,8.240842,-1.6041322,-0.23945917,-0.6389651,TREMOR,0f970075d4d1
1777350261434,10058068208874,-1.4437037,-0.15322891,9.119514,-2.0891593,0.15882497,-0.77091193,TREMOR,0f970075d4d1
1777350261466,10058088228405,-1.2641385,-5.3342814,10.726024,-1.5870279,-0.0842994,-0.72082096,TREMOR,0f970075d4d1
1777350261490,10058108278454,0.21308395,-4.5274353,9.0716305,-0.24801129,-0.3848451,-0.39828414,TREMOR,0f970075d4d1
1777350261512,10058128359020,0.45968673,-1.8243817,8.566454,0.75747293,-0.27488935,0.33353242,TREMOR,0f970075d4d1
1777350261534,10058148409069,-0.3878607,0.8714894,9.045294,1.0629056,0.1563815,0.74036866,TREMOR,0f970075d4d1
1777350261540,10058168489635,-2.4995465,4.5896845,9.624691,1.2571607,0.46914452,0.8197812,TREMOR,0f970075d4d1
1777350261571,10058188570202,-2.7940333,8.343793,10.362105,0.7415904,0.16615535,0.33108896,TREMOR,0f970075d4d1
1777350261598,10058208589733,-0.29448682,4.867412,9.301474,-0.8698721,-0.6133087,-0.30176744,TREMOR,0f970075d4d1
1777350261600,10058228670299,0.29448682,1.1133038,8.853758,-1.8069394,-0.3811799,-0.7049385,TREMOR,0f970075d4d1
1777350261622,10058248720348,0.05267244,-3.1771057,9.085996,-1.6371188,-0.05009095,-0.77091193,TREMOR,0f970075d4d1
1777350261658,10058268831432,0.5530606,-4.5513773,9.454702,-0.5045747,-0.059864793,-0.45448375,TREMOR,0f970075d4d1
1777350261663,10058288911999,1.3072342,-4.405331,10.21127,0.47769663,-0.14782938,0.21624629,TREMOR,0f970075d4d1
1777350261685,10058308992565,0.24420857,-0.5506664,10.311827,1.351234,0.19914207,0.77213365,TREMOR,0f970075d4d1
1777350261722,10058329103649,-3.6942532,7.041347,8.956709,1.894904,0.70738196,1.0372492,TREMOR,0f970075d4d1
1777350261725,10058349184215,-5.3582234,10.230424,11.896789,1.128879,0.3652974,0.79901177,TREMOR,0f970075d4d1
1777350261751,10058369234264,-0.06703765,4.292804,10.041282,-0.82833326,-1.1313224,-0.16982053,TREMOR,0f970075d4d1
1777350261773,10058389345348,1.9177556,-0.1340753,8.602366,-1.491733,-0.7098254,-0.8772025,TREMOR,0f970075d4d1
1777350261807,10058409425915,0.79966336,-4.3861775,7.6231384,-1.1374311,-0.0012217305,-0.72326446,TREMOR,0f970075d4d1
1777350261810,10058429506481,-0.15083471,-4.3047748,8.171411,-0.19058995,0.21624629,-0.40683624,TREMOR,0f970075d4d1
1777350261831,10058449587047,0.06943185,-2.8275523,8.839393,0.40561453,-0.22479841,0.18081611,TREMOR,0f970075d4d1
1777350261839,10058469667614,0.37110126,-0.8858546,9.560047,0.91629785,-0.3323107,0.6976081,TREMOR,0f970075d4d1
1777350261889,10058489748180,-0.7134721,4.213795,8.956709,1.2473868,-0.08674286,0.83199847,TREMOR,0f970075d4d1
1777350261891,10058509828747,-2.0853498,7.819463,10.685322,1.065349,0.2846632,0.37384954,TREMOR,0f970075d4d1
1777350261903,10058529939831,-0.009576807,6.9024835,9.440337,-0.38240165,-0.19792034,-0.41538838,TREMOR,0f970075d4d1
1777350261925,10058550050915,1.5658079,2.0207062,8.341399,-1.8594738,-0.29077184,-0.6988298,TREMOR,0f970075d4d1
1777350261959,10058570131481,1.7381904,-3.0023289,8.259995,-1.7800614,-0.004886922,-0.52778757,TREMOR,0f970075d4d1
1777350261961,10058590212047,0.80445176,-4.072537,9.655815,-0.72204274,0.2968805,-0.17715092,TREMOR,0f970075d4d1
1777350261984,10058610262096,-0.29448682,-3.6511576,10.412383,-0.18570304,0.30176744,0.39828414,TREMOR,0f970075d4d1
1777350262006,10058630312145,-1.2234371,-1.2306197,10.120291,0.22235495,0.037873644,0.81122905,TREMOR,0f970075d4d1
1777350262042,10058650362194,-1.9321208,1.6065093,11.018116,0.7305948,0.105068825,0.79290307,TREMOR,0f970075d4d1
1777350262044,10058670381725,-1.532289,4.9919105,9.830592,0.625526,-0.007330383,0.41050145,TREMOR,0f970075d4d1
1777350262070,10058690431774,-1.3311762,5.116409,9.26556,-0.25167647,0.056199603,-0.15271631,TREMOR,0f970075d4d1
1777350262077,10058710481823,-1.1731589,1.6376339,9.119514,-1.3414601,-0.047647487,-0.5045747,TREMOR,0f970075d4d1
1777350262099,10058730531872,-0.5267244,-0.6488287,8.599973,-1.4465289,-0.09040806,-0.79779,TREMOR,0f970075d4d1
1777350262136,10058750581920,0.090979666,-1.5490485,8.700529,-0.64873886,-0.11484267,-0.93828905,TREMOR,0f970075d4d1
1777350262142,10058770631969,0.59136784,-2.801216,9.157822,-0.06841691,-0.17959438,-0.6084218,TREMOR,0f970075d4d1
1777350262161,10058790712536,0.9528923,-3.5242648,9.945514,0.095294975,-0.14049901,0.02443461,TREMOR,0f970075d4d1
1777350262184,10058810762585,1.0175357,-2.9855695,10.30225,0.39095375,-0.05497787,0.6792821,TREMOR,0f970075d4d1
1777350262219,10058830782116,-0.0023942017,-0.7062895,10.912771,0.7892379,0.18692477,1.0250319,TREMOR,0f970075d4d1
1777350262221,10058850862682,-1.6160861,3.3686419,9.959879,0.9309586,0.4373795,1.0604621,TREMOR,0f970075d4d1
1777350262245,10058870882213,-2.5785553,8.1642275,8.746018,0.8026769,0.41050145,0.6462954,TREMOR,0f970075d4d1
1777350262270,10058890901745,-1.2138603,5.583278,9.334992,-0.26389378,-0.08674286,-0.02565634,TREMOR,0f970075d4d1
1777350262291,10058910951793,0.4141969,2.0374656,9.248801,-1.0482447,-0.46914452,-0.6010914,TREMOR,0f970075d4d1
1777350262297,10058931001842,0.51235914,-0.17477672,8.932767,-0.6768387,-0.21013765,-0.9492846,TREMOR,0f970075d4d1
1777350262328,10058951082409,0.19153613,-2.4420857,8.892065,-0.376293,-0.06352998,-0.9492846,TREMOR,0f970075d4d1
1777350262352,10058971132458,0.7398083,-3.3854012,8.700529,-0.24190263,-0.096516706,-0.80878556,TREMOR,0f970075d4d1
1777350262375,10058991182506,1.2737153,-4.3766007,9.502586,-0.2443461,-0.06841691,-0.08552113,TREMOR,0f970075d4d1
1777350262397,10059011232555,0.18914193,-4.5920787,10.081984,-0.02076942,0.22235495,0.6927212,TREMOR,0f970075d4d1
1777350262399,10059031282604,-2.0326772,-2.0709844,11.154586,0.68661255,0.46792278,1.1972959,TREMOR,0f970075d4d1
1777350262421,10059051332653,-2.3822308,1.6879122,9.387665,0.99204516,0.22479841,1.2852604,TREMOR,0f970075d4d1
1777350262456,10059071352184,-2.2529438,7.627927,9.0476885,1.3341297,-0.019547688,0.73792523,TREMOR,0f970075d4d1
1777350262478,10059091371715,-1.7836803,9.083601,10.0029745,0.5119051,-0.16371189,-0.16737708,TREMOR,0f970075d4d1
1777350262480,10059111452282,-0.107739076,6.303933,10.0508585,-0.38606682,-0.42638394,-0.4288274,TREMOR,0f970075d4d1
1777350262519,10059131502331,1.8100165,0.38307226,9.962274,-1.59558,-0.548557,-0.73548174,TREMOR,0f970075d4d1
1777350262521,10059151552379,2.789245,-4.1419687,9.801862,-0.8063421,-0.13072516,-0.80878556,TREMOR,0f970075d4d1
1777350262555,10059171632946,2.6024973,-4.501099,9.078813,-0.36041048,0.057421334,-0.70249504,TREMOR,0f970075d4d1
1777350262558,10059191682995,0.61052144,-1.6160861,8.255207,0.17959438,0.39584067,-0.103847094,TREMOR,0f970075d4d1
1777350262598,10059211702526,-1.6807296,-2.0901382,11.257536,0.46181414,0.59620446,0.71837753,TREMOR,0f970075d4d1
1777350262600,10059231752575,-2.5929205,-2.5785553,10.230424,0.09040806,0.43982297,1.0800097,TREMOR,0f970075d4d1
1777350262618,10059251802624,-3.6176388,2.3008277,8.365341,0.42760566,0.2565634,1.128879,TREMOR,0f970075d4d1
1777350262639,10059271822155,-4.608838,7.132327,8.090008,0.98715824,0.2406809,0.58032197,TREMOR,0f970075d4d1
1777350262661,10059291841686,-3.040636,7.038953,8.978256,0.16982053,-0.22602014,-0.31764993,TREMOR,0f970075d4d1
1777350262699,10059311891735,0.22744916,2.5833437,9.67018,-0.71837753,-0.7098254,-0.9627236,TREMOR,0f970075d4d1
1777350262703,10059331941784,2.0925324,0.28491,9.41879,-0.7171558,-0.72692966,-1.237613,TREMOR,0f970075d4d1
1777350262718,10059351961315,3.2968156,-2.9376855,10.453085,-0.39828414,-0.49602258,-1.2449434,TREMOR,0f970075d4d1
1777350262757,10059371980846,4.6591167,-5.2768207,9.548077,-0.41050145,-0.49480084,-0.7012733,TREMOR,0f970075d4d1
1777350262759,10059392061413,3.916914,-5.058948,8.231265,-0.40561453,-0.0036651916,0.16737708,TREMOR,0f970075d4d1
1777350262786,10059412111461,0.7134721,-3.514688,10.086772,-0.096516706,0.8698721,1.110553,TREMOR,0f970075d4d1
1777350262798,10059432192028,-2.837129,-2.56419,9.986216,0.15393804,1.0690142,1.5564847,TREMOR,0f970075d4d1
1777350262832,10059452242077,-4.8219223,3.8857894,7.589619,0.33841935,0.4728097,1.7324139,TREMOR,0f970075d4d1
1777350262839,10059472292126,-5.865794,9.457097,9.476251,1.1117748,0.16615535,0.9224065,TREMOR,0f970075d4d1
1777350262869,10059492342174,-2.834735,7.0365586,11.432313,0.07941248,-0.45814893,-0.3286455,TREMOR,0f970075d4d1
1777350262879,10059512422741,0.62488663,0.3854665,11.331757,-1.2351695,-0.8002335,-1.1557571,TREMOR,0f970075d4d1
1777350262916,10059532472790,2.5617957,-5.8921304,10.845734,-1.4013249,-0.5742133,-1.2473868,TREMOR,0f970075d4d1
1777350262923,10059552522838,3.5338416,-5.374983,8.248025,-0.42760566,-0.22724187,-1.2767084,TREMOR,0f970075d4d1
1777350262955,10059572603405,3.3901896,-1.151611,6.6079965,0.042760566,0.15760323,-0.65240407,TREMOR,0f970075d4d1
1777350262960,10059592653454,1.2186487,-1.541866,9.272743,0.31764993,0.5729916,0.66950834,TREMOR,0f970075d4d1
1777350262998,10059612734020,-1.520318,-1.4987702,9.768343,-0.02076942,0.7892379,1.2938126,TREMOR,0f970075d4d1
1777350263000,10059632753551,-4.3047748,1.9967642,8.202535,0.18203785,0.5314528,1.5125023,TREMOR,0f970075d4d1
1777350263019,10059652834118,-6.1123967,4.462792,9.011775,0.8539896,0.27855456,1.028697,TREMOR,0f970075d4d1
1777350263057,10059672884167,-3.4739866,3.157952,10.5440645,0.35796702,-0.41416663,-0.02321288,TREMOR,0f970075d4d1
1777350263063,10059692964733,-0.770933,3.2321723,10.3214035,0.010995574,-0.6462954,-1.3500122,TREMOR,0f970075d4d1
1777350263097,10059713014782,0.48362875,-0.89303726,10.551247,-0.49480084,-0.3115413,-1.4013249,TREMOR,0f970075d4d1
1777350263105,10059733064831,1.9967642,-3.0334535,9.631873,-0.28955013,-0.19058995,-1.2534955,TREMOR,0f970075d4d1
1777350263120,10059753084362,3.7924154,-2.468422,9.296685,0.09896017,-0.29565877,-0.61086524,TREMOR,0f970075d4d1
1777350263157,10059773134411,3.4213142,-2.9041667,9.030929,0.36651915,0.058643065,0.41783184,TREMOR,0f970075d4d1
1777350263162,10059793184460,0.45010993,-1.0606314,10.055647,0.6462954,0.58032197,1.1618657,TREMOR,0f970075d4d1
1777350263198,10059813234508,-2.695871,3.1148565,7.261614,0.8332202,0.50579643,1.4404203,TREMOR,0f970075d4d1
1777350263201,10059833284557,-5.317522,7.9272017,7.3549876,1.0360274,0.32375857,1.0445796,TREMOR,0f970075d4d1
1777350263236,10059853304088,-3.3399115,3.3423057,10.7116585,0.10995574,-0.24801129,0.32986724,TREMOR,0f970075d4d1
1777350263241,10059873415172,1.0055647,0.48123455,10.793061,-0.9969321,-1.1154399,-1.0189233,TREMOR,0f970075d4d1
1777350263282,10059893495739,1.4772224,-0.8403648,10.383653,-1.0396926,-0.43982297,-1.3573426,TREMOR,0f970075d4d1
1777350263284,10059913545788,0.4429273,-1.5993267,10.45069,-0.47647488,0.2406809,-1.3927728,TREMOR,0f970075d4d1
1777350263300,10059933656872,0.93373865,-1.8722657,8.882488,-0.18448131,0.07696902,-1.0164797,TREMOR,0f970075d4d1
1777350263341,10059953737438,1.9440918,-1.8363527,8.935161,-0.14049901,-0.15027285,-0.09896017,TREMOR,0f970075d4d1
1777350263342,10059973818004,1.70946,-3.679888,10.041282,0.15515977,0.087964594,0.874759,TREMOR,0f970075d4d1
1777350263381,10059993898571,-0.17477672,-1.541866,9.854534,0.7476991,0.34697145,1.3060299,TREMOR,0f970075d4d1
1777350263383,10060013979137,-2.3463178,3.3303347,7.7452426,1.0042624,0.38973203,1.4844025,TREMOR,0f970075d4d1
1777350263401,10060034029186,-3.6176388,4.546589,9.507375,0.75625116,0.33108896,1.1691961,TREMOR,0f970075d4d1
1777350263423,10060054109752,-1.4796166,2.1404164,11.5951185,-0.034208454,-0.3494149,0.095294975,TREMOR,0f970075d4d1
1777350263442,10060074190319,0.2825158,1.1947067,11.463438,-0.6035349,-0.6731735,-1.0274754,TREMOR,0f970075d4d1
1777350263473,10060094301403,-0.08619126,-0.7015011,11.171345,-0.97494096,-0.19181168,-1.3096951,TREMOR,0f970075d4d1
1777350263486,10060114381969,-0.1604115,-2.44448,10.357317,-0.98349303,0.032986723,-1.3548992,TREMOR,0f970075d4d1
1777350263526,10060134493053,0.48123455,-1.9488802,8.480263,-0.28344148,0.008552114,-1.097114,TREMOR,0f970075d4d1
1777350263528,10060154573620,1.1803415,-1.7549498,8.293514,-0.07819075,-0.11362094,-0.41905355,TREMOR,0f970075d4d1
1777350263552,10060174684704,1.8866309,-4.6351743,9.136273,0.014660766,-0.042760566,0.58032197,TREMOR,0f970075d4d1
1777350263575,10060194765270,0.770933,-1.9919758,9.315839,0.75136423,0.2932153,0.9089675,TREMOR,0f970075d4d1
1777350263582,10060214845836,-1.0989386,3.3901896,9.279925,1.4807373,0.42638394,0.93584555,TREMOR,0f970075d4d1
1777350263620,10060234926403,-2.255338,5.8203044,8.916007,1.459968,0.33841935,1.0323622,TREMOR,0f970075d4d1
1777350263626,10060255006969,-2.777274,4.7620673,9.382876,0.28710666,0.1441642,0.93584555,TREMOR,0f970075d4d1
1777350263653,10060275087536,-1.508347,1.661576,9.481039,-0.5558874,-0.20158553,0.28344148,TREMOR,0f970075d4d1
1777350263663,10060295198620,-0.31124622,0.7637503,10.333375,-0.54611355,-0.31520647,-0.6450737,TREMOR,0f970075d4d1
1777350263699,10060315279186,-0.110133275,-0.93134445,10.833763,-0.4092797,-0.15882497,-0.93584555,TREMOR,0f970075d4d1
1777350263706,10060335359752,0.59615624,-2.7246015,9.255983,-0.17837265,-0.18325958,-0.84421575,TREMOR,0f970075d4d1
1777350263729,10060355409801,1.4437037,-0.38307226,7.7428484,-0.058643065,-0.26145032,-0.5290093,TREMOR,0f970075d4d1
1777350263760,10060375429333,1.8531121,0.36631286,8.374918,0.065973446,-0.13561209,0.4092797,TREMOR,0f970075d4d1
1777350263780,10060395479381,0.20590134,-0.19632454,9.129091,0.07452556,0.25778514,1.0299188,TREMOR,0f970075d4d1
1777350263816,10060415529430,-2.657564,3.6870706,8.145074,0.33964106,0.5815437,1.0873401,TREMOR,0f970075d4d1
1777350263819,10060435579479,-4.6255975,4.3502645,10.340557,0.7635816,0.51068336,0.7305948,TREMOR,0f970075d4d1
1777350263824,10060455629528,-1.1779473,1.6663644,10.900801,-0.17470746,-0.5900958,-0.26511553,TREMOR,0f970075d4d1
1777350263867,10060475710094,1.0414777,0.59136784,10.802638,-0.64873886,-0.84788096,-1.1606439,TREMOR,0f970075d4d1
1777350263869,10060495760143,1.5346833,-2.4756045,11.097125,-0.5558874,-0.29443705,-1.2144,TREMOR,0f970075d4d1
1777350263881,10060515810192,1.8842367,-3.0885203,8.243237,-0.72204274,-0.10751228,-0.91629785,TREMOR,0f970075d4d1
1777350263904,10060535829723,2.2697031,-2.885013,7.807492,-0.6389651,0.10873401,-0.23335053,TREMOR,0f970075d4d1
1777350263936,10060555879772,1.4987702,-2.8634653,7.3406224,-0.22602014,0.37873647,0.5009095,TREMOR,0f970075d4d1
1777350263943,10060575899303,-0.48841715,-0.61052144,7.043741,0.29077184,0.7831292,0.59498274,TREMOR,0f970075d4d1
1777350263983,10060595918835,-2.9496565,2.8921957,9.797073,1.0238101,1.0665708,0.31031954,TREMOR,0f970075d4d1
1777350263985,10060615938366,-3.7205894,7.0940194,10.199299,0.8943067,0.54611355,-0.34574974,TREMOR,0f970075d4d1
1777350264002,10060635988415,-2.0135236,5.4204726,9.904813,-0.7770206,-0.10873401,-0.7648033,TREMOR,0f970075d4d1
1777350264025,10060656007946,-0.2681506,-0.7230489,9.67018,-1.8093829,-0.4092797,-0.73792523,TREMOR,0f970075d4d1
1777350264059,10060676057995,0.79487497,-3.0789435,10.481815,-1.0396926,-0.21135938,-0.35185838,TREMOR,0f970075d4d1
1777350264081,10060696108043,0.56982,-1.3790601,11.664551,-0.052534413,0.2284636,-0.010995574,TREMOR,0f970075d4d1
1777350264105,10060716127575,-0.80205756,0.4405331,11.741165,0.35185838,0.5363397,0.4813618,TREMOR,0f970075d4d1
1777350264107,10060736147106,-1.7166426,1.1420342,9.959879,0.47891834,0.44715336,0.6743952,TREMOR,0f970075d4d1
1777350264148,10060756166637,-1.99437,-0.15801731,8.671799,0.4447099,0.19181168,0.9016371,TREMOR,0f970075d4d1
1777350264150,10060776216686,-1.0486604,-3.0334535,8.678981,0.034208454,-0.010995574,0.5119051,TREMOR,0f970075d4d1
1777350264163,10060796266735,-0.51714754,-3.2225955,9.52174,-0.3115413,-0.103847094,-0.25289822,TREMOR,0f970075d4d1
1777350264199,10060816347301,-1.4772224,-0.04070143,10.682928,-0.13683382,0.058643065,-0.8686504,TREMOR,0f970075d4d1
1777350264207,10060836397350,-1.9129672,-1.1923125,10.584765,0.28099802,-0.012217305,-1.1044444,TREMOR,0f970075d4d1
1777350264238,10060856416881,-0.89303726,-0.9840169,8.334216,1.4709635,-0.21746802,-0.66828656,TREMOR,0f970075d4d1
1777350264244,10060876497448,-0.17477672,3.1483753,7.8984714,1.4453071,-0.344528,-0.20769419,TREMOR,0f970075d4d1
1777350264269,10060896547497,1.0007763,3.3518825,10.584765,0.6389651,-0.17715092,0.6414085,TREMOR,0f970075d4d1
1777350264282,10060916597545,0.019153614,1.0366893,9.631873,0.33964106,0.31887165,0.8735373,TREMOR,0f970075d4d1
1777350264316,10060936617077,-2.8993783,1.910573,7.9822683,0.13805555,0.81000733,1.2131784,TREMOR,0f970075d4d1
1777350264323,10060956697643,-3.6391866,-0.2753332,10.905589,-0.28588495,0.42149702,0.7965683,TREMOR,0f970075d4d1
1777350264357,10060976717174,-0.51475334,-1.2090719,10.785878,-0.7696902,-0.8588765,-0.3494149,TREMOR,0f970075d4d1
1777350264363,10060996767223,0.260968,1.7381904,10.740389,-0.41538838,-0.8588765,-1.0873401,TREMOR,0f970075d4d1
1777350264403,10061016847790,0.05267244,-0.61530983,9.7803135,-0.38240165,-0.3213151,-1.3377949,TREMOR,0f970075d4d1
1777350264411,10061036897838,0.4429273,1.3814543,7.2352777,0.13194689,-0.18570304,-0.9761627,TREMOR,0f970075d4d1
1777350264439,10061056947887,1.1827357,2.1140802,9.0476885,0.10140363,-0.061086524,0.112399206,TREMOR,0f970075d4d1
1777350264444,10061076967418,0.60812724,-1.3335704,10.350134,0.017104227,0.48258355,0.57787853,TREMOR,0f970075d4d1
1777350264482,10061097017467,-1.4676456,-0.6560113,9.097966,0.49846604,0.8979719,0.97127575,TREMOR,0f970075d4d1
1777350264492,10061117067516,-3.8738184,2.4827871,9.260772,0.67073005,0.8222246,1.0763446,TREMOR,0f970075d4d1
1777350264505,10061137117565,-3.1483753,-1.0223241,11.252748,-0.04520403,0.007330383,0.40683624,TREMOR,0f970075d4d1
1777350264524,10061157167614,-0.8714894,1.2066777,9.751583,-0.15882497,-0.8014552,-0.48502702,TREMOR,0f970075d4d1
1777350264549,10061177187145,-0.49559975,2.3175871,9.349358,0.03176499,-0.69027776,-0.9334021,TREMOR,0f970075d4d1
1777350264583,10061197206676,-0.16280572,0.48602295,8.295909,-0.15393804,-0.5021312,-0.8906415,TREMOR,0f970075d4d1
1777350264585,10061217287243,1.3311762,1.1947067,8.0684595,-0.007330383,-0.40439278,-0.42760566,TREMOR,0f970075d4d1
1777350264607,10061237337292,1.8818425,0.2657564,9.715671,-0.16249016,0.13561209,0.3359759,TREMOR,0f970075d4d1
1777350264630,10061257387340,0.09816227,0.24660277,10.601525,0.204029,0.9285152,0.45570546,TREMOR,0f970075d4d1
1777350264664,10061277437389,-2.8179753,1.5370775,9.763555,0.35063666,1.1582005,0.8014552,TREMOR,0f970075d4d1
1777350264666,10061297487438,-3.6056678,1.0055647,10.9343195,0.12583824,0.5534439,0.77579886,TREMOR,0f970075d4d1
1777350264691,10061317506969,-1.412579,-0.011971008,10.000581,-0.19914207,-0.46181414,0.34330627,TREMOR,0f970075d4d1
1777350264714,10061337557018,-0.41180268,0.007182605,9.354146,-0.22479841,-0.65240407,-0.4373795,TREMOR,0f970075d4d1
1777350264748,10061357607067,-0.770933,1.1827357,6.579266,0.09162979,-0.3567453,-0.70249504,TREMOR,0f970075d4d1
1777350264752,10061377626598,-0.2681506,2.542642,7.2352777,0.095294975,-0.12217305,-0.4605924,TREMOR,0f970075d4d1
1777350264776,10061397646129,1.2473791,-0.15322891,11.049241,-0.24312437,0.15760323,-0.047647487,TREMOR,0f970075d4d1
1777350264783,10061417665661,0.6560113,0.09816227,11.063606,-0.10873401,0.70249504,0.24190263,TREMOR,0f970075d4d1
1777350264804,10061437746227,-2.9831753,0.46208093,11.085154,0.11362094,1.1863003,0.47403142,TREMOR,0f970075d4d1
1777350264837,10061457765758,-4.453215,1.6184803,10.627861,0.013439035,0.43004912,0.52412236,TREMOR,0f970075d4d1
1777350264862,10061477785290,-2.2337902,1.0965444,9.375694,-0.14049901,-0.73426,0.1441642,TREMOR,0f970075d4d1
1777350264867,10061497835338,-0.2777274,-1.0845734,7.575254,-0.087964594,-1.0751228,-0.28099802,TREMOR,0f970075d4d1
1777350264887,10061517885387,0.7350199,1.508347,7.038953,-0.096516706,-0.7086037,-0.38362336,TREMOR,0f970075d4d1
1777350264922,10061537904918,2.3175871,-0.033518825,11.822568,-0.21135938,-0.095294975,0.02321288,TREMOR,0f970075d4d1
1777350264928,10061557985485,0.91937345,0.11252748,10.108319,-0.040317107,0.7476991,0.33964106,TREMOR,0f970075d4d1
1777350264947,10061578035534,-3.7804444,3.478775,10.402806,0.12339478,1.3048081,0.54733527,TREMOR,0f970075d4d1
1777350264985,10061598085583,-6.315904,5.2289367,10.488997,-0.23823744,0.267559,0.8772025,TREMOR,0f970075d4d1
1777350264995,10061618166149,-2.7030537,1.3239936,9.56723,-0.23579398,-1.0958922,0.32375857,TREMOR,0f970075d4d1
1777350265033,10061638246715,0.8762778,0.08379706,9.313444,-0.2003638,-1.2791518,-0.70005155,TREMOR,0f970075d4d1
1777350265036,10061658327282,2.0685902,0.1604115,8.094796,-0.86132,-0.6560693,-0.816116,TREMOR,0f970075d4d1
1777350265047,10061678346813,0.6727707,-0.36152446,8.185776,-1.5283848,0.31031954,-0.58276546,TREMOR,0f970075d4d1
1777350265071,10061698396862,-1.0869676,-0.61291564,9.11712,-1.8460348,0.675617,-0.24556783,TREMOR,0f970075d4d1
1777350265086,10061718507946,-1.6280571,-4.429273,11.312603,-2.0451767,0.408058,-0.22113322,TREMOR,0f970075d4d1
1777350265123,10061738557995,-0.58418524,-7.204153,12.119449,-0.22479841,0.05009095,-0.39095375,TREMOR,0f970075d4d1
1777350265130,10061758669079,0.3854665,-3.9911342,7.920019,1.9620992,-0.3213151,0.2443461,TREMOR,0f970075d4d1
1777350265164,10061778719127,-0.4381389,1.8243817,6.6989765,3.0628784,-0.29810223,1.0201449,TREMOR,0f970075d4d1
1777350265171,10061798830211,-1.4556746,3.1483753,6.801927,2.125811,-0.13316862,1.6224581,TREMOR,0f970075d4d1
1777350265187,10061818910778,-1.2378023,5.1523223,10.196905,0.33841935,0.07696902,0.7684685,TREMOR,0f970075d4d1
1777350265228,10061838991344,0.8403648,1.5777789,9.739613,-0.47036624,-0.02321288,-0.47036624,TREMOR,0f970075d4d1
1777350265230,10061859041393,-0.6464345,-0.30885202,9.488221,-0.8906415,0.29810223,-1.0494665,TREMOR,0f970075d4d1
1777350265247,10061879152477,-0.90740246,-3.8379054,10.462662,-0.6389651,0.3726278,-1.287704,TREMOR,0f970075d4d1
1777350265281,10061899233043,-0.6727707,-2.5833437,10.036493,0.7244862,0.30909783,-1.1239921,TREMOR,0f970075d4d1
1777350265288,10061919283092,-0.5602432,5.2768207,10.500969,1.3524556,0.009773844,-0.52412236,TREMOR,0f970075d4d1
1777350265333,10061939394176,0.23223756,2.5617957,9.473856,0.39461896,-0.16371189,0.47158796,TREMOR,0f970075d4d1
1777350265336,10061959444225,-0.5291186,-1.3790601,7.821857,-0.7733554,0.2443461,1.2180653,TREMOR,0f970075d4d1
1777350265348,10061979585827,-3.86903,0.93134445,7.3525934,-0.34574974,0.6291912,1.4978416,TREMOR,0f970075d4d1
1777350265371,10061999696911,-2.5091233,0.08619126,10.805033,-0.24556783,0.14660765,0.4801401,TREMOR,0f970075d4d1
1777350265402,10062019777477,-0.7134721,1.8459295,10.783484,-0.03176499,-0.2932153,-0.8417723,TREMOR,0f970075d4d1
1777350265407,10062039797008,-0.5363012,0.91697925,10.290278,-0.4288274,-0.13194689,-1.1985176,TREMOR,0f970075d4d1
1777350265449,10062059847057,-0.21787235,0.90021986,9.67018,-1.0115929,-0.014660766,-1.0616838,TREMOR,0f970075d4d1
1777350265451,10062079866588,-0.36152446,4.0797195,8.820239,-1.1972959,0.16126843,-0.87964594,TREMOR,0f970075d4d1
1777350265466,10062099947155,0.62728083,-0.05267244,9.981427,-1.5894713,0.12583824,-0.06963864,TREMOR,0f970075d4d1
1777350265490,10062119997204,0.19632454,-4.3502645,10.759542,-2.411696,0.42394048,0.26389378,TREMOR,0f970075d4d1
1777350265508,10062140016735,-1.6567876,-6.4044895,11.434708,-1.1777482,0.8026769,0.14782938,TREMOR,0f970075d4d1
1777350265542,10062160066784,-2.882619,-1.697489,10.613496,0.93462384,0.5900958,0.080634214,TREMOR,0f970075d4d1
1777350265564,10062180086315,-2.5953147,2.2505496,7.4124484,2.3958135,-0.018325957,0.32620203,TREMOR,0f970075d4d1
1777350265572,10062200105846,-2.707842,2.5091233,4.608838,2.2333233,-0.3494149,0.9114109,TREMOR,0f970075d4d1
1777350265591,10062220125377,-2.7748797,1.8387469,7.7452426,0.8246681,-0.31031954,0.98471475,TREMOR,0f970075d4d1
1777350265613,10062240144909,0.7302315,-4.6471453,9.536105,-1.3646729,-0.5314528,0.4166101,TREMOR,0f970075d4d1
1777350265650,10062260194958,0.51475334,-2.956839,11.0061455,-0.8002335,0.0720821,-0.5363397,TREMOR,0f970075d4d1
1777350265652,10062280245006,-2.5115175,3.1411927,11.013328,0.81000733,0.7086037,-1.2009611,TREMOR,0f970075d4d1
1777350265666,10062300295055,-2.4636335,4.6830587,10.773908,1.0054842,0.3726278,-0.88331115,TREMOR,0f970075d4d1
1777350265698,10062320345104,-0.9864111,3.1603463,7.740454,-0.41050145,-0.2968805,0.07086037,TREMOR,0f970075d4d1
1777350265720,10062340395153,-0.37349546,-3.2513258,7.7787614,-2.9345965,-0.2565634,0.6450737,TREMOR,0f970075d4d1
1777350265753,10062360445202,0.33758244,-6.0860605,8.09719,-3.6505308,0.089186326,0.63529986,TREMOR,0f970075d4d1
1777350265755,10062380525768,-0.6464345,-5.0493712,10.314221,-3.1520646,0.33964106,0.40439278,TREMOR,0f970075d4d1
1777350265779,10062400545299,-2.6048915,-1.3503298,10.323798,-1.9706513,0.51068336,-0.10140363,TREMOR,0f970075d4d1
1777350265815,10062420595348,-2.504335,-2.0638018,9.188946,-2.067168,0.25900686,-0.3005457,TREMOR,0f970075d4d1
1777350265817,10062440675915,-2.123657,-2.8299465,8.882488,-1.7348573,0.32742378,-0.44959682,TREMOR,0f970075d4d1
1777350265851,10062460725963,-2.327164,1.0127473,10.041282,-0.63529986,0.4886922,-0.61453044,TREMOR,0f970075d4d1
1777350265853,10062480776012,-1.6448165,1.1252748,9.325416,-1.001819,0.3408628,-0.35918877,TREMOR,0f970075d4d1
1777350265878,10062500826061,-0.58418524,-4.2425256,8.149862,-3.0079005,-0.04886922,0.39950588,TREMOR,0f970075d4d1
1777350265904,10062520876110,-0.095768064,-11.915942,8.590396,-2.3200662,0.05009095,0.32620203,TREMOR,0f970075d4d1
1777350265908,10062540956676,-1.6160861,-10.201694,7.03177,2.4178047,0.63407815,0.22113322,TREMOR,0f970075d4d1
1777350265948,10062561006725,-3.0214825,-1.079785,7.9224133,5.4611354,0.18570304,-0.081855945,TREMOR,0f970075d4d1
1777350265950,10062581087292,-2.1619642,2.6503813,7.28795,4.62425,-0.112399206,-0.2968805,TREMOR,0f970075d4d1
1777350265968,10062601106823,-1.9656396,6.4858923,9.536105,0.45814893,0.065973446,-0.172264,TREMOR,0f970075d4d1
1777350266000,10062621126354,-0.9528923,0.6631939,9.919178,-4.8356094,-0.002443461,0.02076942,TREMOR,0f970075d4d1
1777350266034,10062641206920,-1.3742718,-6.6247563,10.852917,-7.574729,0.31642818,0.06352998,TREMOR,0f970075d4d1
1777350266036,10062661226452,-2.0614076,-14.267048,8.425196,-3.5027013,0.69027776,-0.06841691,TREMOR,0f970075d4d1
1777350266069,10062681276501,-4.1802764,-7.551312,6.8067155,2.6743681,0.6939429,-0.33108896,TREMOR,0f970075d4d1
1777350266072,10062701296032,-2.8299465,1.043872,6.8569937,5.3426275,-0.10995574,-0.10873401,TREMOR,0f970075d4d1
1777350266095,10062721315563,-1.9512744,5.463568,9.059659,4.546059,-0.34208453,0.058643065,TREMOR,0f970075d4d1
1777350266133,10062741396129,-1.1803415,2.980781,10.15381,0.54000485,-0.24678956,0.46670106,TREMOR,0f970075d4d1
1777350266137,10062761415661,-0.2705448,-5.4779334,7.920019,-3.9144244,-0.4642576,0.35063666,TREMOR,0f970075d4d1
1777350266149,10062781435192,-0.6703765,-10.651803,5.959168,-4.106236,0.07941248,0.27855456,TREMOR,0f970075d4d1
1777350266172,10062801454723,-2.7222073,-9.651027,7.038953,0.037873644,0.7147123,-0.15515977,TREMOR,0f970075d4d1
1777350266201,10062821504772,-3.490746,-1.1683705,9.998186,3.9559634,0.3323107,-0.3286455,TREMOR,0f970075d4d1
1777350266208,10062841524303,-2.1428106,2.6503813,9.526528,4.732984,-0.21013765,0.19792034,TREMOR,0f970075d4d1
1777350266238,10062861574352,-1.934515,2.7485435,9.038112,3.0457742,-0.28221974,0.47525316,TREMOR,0f970075d4d1
1777350266247,10062881624401,-1.8076223,1.1468226,9.433155,-0.31031954,-0.21868975,0.593761,TREMOR,0f970075d4d1
1777350266283,10062901674450,-1.0893618,-4.5178585,8.137892,-3.530801,-0.35796702,0.30298916,TREMOR,0f970075d4d1
1777350266291,10062921693981,-1.7118542,-5.2744265,8.99741,-3.8276815,0.13316862,-0.021991149,TREMOR,0f970075d4d1
1777350266319,10062941713512,-2.4612393,-6.265626,7.726089,-0.55955255,0.40194935,-0.5131268,TREMOR,0f970075d4d1
1777350266329,10062961733043,-2.1739352,-3.3686419,8.564059,2.475226,0.2321288,-0.30176744,TREMOR,0f970075d4d1
1777350266363,10062981783092,-0.7517793,-0.19393034,9.536105,3.6187658,-0.25167647,0.089186326,TREMOR,0f970075d4d1
1777350266373,10063001802624,-0.107739076,-0.11492168,9.959879,3.0909781,-0.21502456,0.41172317,TREMOR,0f970075d4d1
1777350266402,10063021822155,-0.50278234,-1.2306197,10.149021,1.5528195,0.10262536,0.5131268,TREMOR,0f970075d4d1
1777350266409,10063041902721,-1.508347,-2.9161377,9.900024,0.59742624,0.40317106,0.4202753,TREMOR,0f970075d4d1
1777350266438,10063061952770,-2.7509377,-2.834735,9.8042555,1.3952162,0.643852,0.22357668,TREMOR,0f970075d4d1
1777350266449,10063082002819,-4.3382936,-2.6144683,9.892841,3.3072245,0.6768387,0.15882497,TREMOR,0f970075d4d1
1777350266472,10063102052868,-4.295198,2.2697031,8.99741,4.5851545,0.6133087,-0.33353242,TREMOR,0f970075d4d1
1777350266505,10063122102917,-2.944868,4.8937483,8.152257,4.5399504,0.35185838,-0.4605924,TREMOR,0f970075d4d1
1777350266511,10063142152965,-1.8890251,5.2887917,8.511387,2.8221974,0.18081611,-0.33475417,TREMOR,0f970075d4d1
1777350266537,10063162203014,-1.910573,4.0533834,8.916007,0.9468411,0.21991149,0.1966986,TREMOR,0f970075d4d1
1777350266548,10063182222545,-2.7509377,1.9632454,8.219295,0.34574974,0.33475417,0.47769663,TREMOR,0f970075d4d1
1777350266572,10063202242077,-3.5697548,2.2385786,7.369353,0.6743952,0.27366763,0.2565634,TREMOR,0f970075d4d1
1777350266602,10063222292126,-3.2561142,3.0909145,7.0700774,0.9810496,0.058643065,-0.07696902,TREMOR,0f970075d4d1
1777350266610,10063242372692,-3.1148565,4.307169,8.190564,0.7281514,-0.06719518,-0.17715092,TREMOR,0f970075d4d1
1777350266647,10063262392223,-2.4277205,2.6144683,8.848969,0.4447099,-0.10262536,-0.18081611,TREMOR,0f970075d4d1
1777350266652,10063282442272,-2.2840683,3.1052797,8.7771435,0.6743952,-0.09040806,0.009773844,TREMOR,0f970075d4d1
1777350266696,10063302492321,-2.825158,4.1252093,8.774749,0.6951646,-0.02321288,0.056199603,TREMOR,0f970075d4d1
1777350266698,10063322572887,-3.2848446,3.2944214,7.9750857,0.408058,-0.009773844,-0.05131268,TREMOR,0f970075d4d1
1777350266712,10063342622936,-3.572149,4.4364557,9.054871,0.40317106,-0.3115413,-0.06841691,TREMOR,0f970075d4d1
1777350266758,10063362703502,-1.0606314,4.369418,9.19134,-0.12583824,-0.70738196,0.14782938,TREMOR,0f970075d4d1
1777350266761,10063382784069,-0.7565677,3.1531637,8.525752,-0.3885103,0.49602258,0.37751472,TREMOR,0f970075d4d1
1777350266787,10063402834118,-5.746084,2.7461493,9.380483,-0.44837508,1.1203269,-0.064751714,TREMOR,0f970075d4d1
1777350266795,10063422914684,-3.217807,3.4739866,8.678981,-0.14782938,0.10873401,0.103847094,TREMOR,0f970075d4d1
1777350266826,10063442995251,-1.5873557,3.6176388,8.1402855,-0.16249016,-0.1441642,0.10262536,TREMOR,0f970075d4d1
1777350266833,10063463045299,-2.731784,2.870648,8.169016,-0.12217305,0.23701571,0.02687807,TREMOR,0f970075d4d1
1777350266852,10063483125866,-3.3782187,2.9640217,8.018182,0.25534168,0.24923302,-0.16982053,TREMOR,0f970075d4d1
1777350266875,10063503236950,-2.5713725,4.027047,8.147469,0.4361578,-0.0012217305,-0.1001819,TREMOR,0f970075d4d1
1777350266896,10063523317516,-2.5953147,3.7852328,7.97748,0.14905111,-0.0012217305,-0.029321533,TREMOR,0f970075d4d1
1777350266932,10063543398083,-2.9640217,3.775656,8.145074,0.021991149,0.03176499,0.012217305,TREMOR,0f970075d4d1
1777350266934,10063563478649,-2.7868507,3.655946,8.3868885,-0.009773844,-0.010995574,0.029321533,TREMOR,0f970075d4d1
1777350266952,10063583589733,-2.861071,3.6487634,8.781932,-0.10629055,-0.035430185,0.043982297,TREMOR,0f970075d4d1
1777350266973,10063603700817,-2.80361,3.3279405,8.461109,-0.17592919,-0.061086524,-0.04520403,TREMOR,0f970075d4d1
1777350266993,10063623750866,-2.707842,3.5410242,8.525752,-0.12461651,-0.05375614,-0.040317107,TREMOR,0f970075d4d1
1777350267015,10063643831432,-2.825158,3.277662,8.26239,-0.032986723,-0.004886922,-0.06841691,TREMOR,0f970075d4d1
1777350267039,10063663911999,-2.9592333,3.7852328,8.693346,0.03176499,0.043982297,-0.096516706,TREMOR,0f970075d4d1
1777350267079,10063683992565,-2.7269957,3.572149,8.750807,-0.087964594,-0.004886922,-0.07819075,TREMOR,0f970075d4d1
1777350267081,10063704073131,-2.908955,3.2824504,8.693346,-0.14538592,0.009773844,-0.02321288,TREMOR,0f970075d4d1
1777350267093,10063724123180,-2.980781,3.3446999,8.350976,-0.15271631,0.0,-0.010995574,TREMOR,0f970075d4d1
1777350267132,10063744173229,-2.741361,3.4476504,8.511387,-0.18448131,-0.028099801,-0.018325957,TREMOR,0f970075d4d1
1777350267134,10063764223278,-2.5929205,3.1794999,8.257602,-0.19547687,-0.034208454,0.0,TREMOR,0f970075d4d1
1777350267150,10063784273327,-2.60968,3.2202013,8.327033,-0.15027285,0.008552114,0.057421334,TREMOR,0f970075d4d1
1777350267172,10063804323376,-2.7868507,3.0119057,8.300697,-0.08307768,0.043982297,0.09040806,TREMOR,0f970075d4d1
1777350267204,10063824373424,-3.064578,3.0382419,8.623915,-0.004886922,0.028099801,0.065973446,TREMOR,0f970075d4d1
1777350267227,10063844423473,-2.717419,3.3854012,8.611943,-0.010995574,-0.04153884,-0.02565634,TREMOR,0f970075d4d1
1777350267234,10063864473522,-2.5474305,3.5865142,8.695741,-0.081855945,-0.06719518,0.028099801,TREMOR,0f970075d4d1
1777350267264,10063884523571,-2.707842,3.6152446,8.880095,-0.16126843,-0.02321288,-0.0012217305,TREMOR,0f970075d4d1
1777350267285,10063904604137,-2.566584,3.0789435,8.497022,-0.15149458,-0.028099801,-0.062308256,TREMOR,0f970075d4d1
1777350267293,10063924623668,-2.7868507,3.4093432,8.396465,-0.030543262,0.032986723,-0.10873401,TREMOR,0f970075d4d1
1777350267312,10063944643200,-2.9855695,3.7708676,8.647857,-0.04520403,0.04886922,-0.14660765,TREMOR,0f970075d4d1
1777350267335,10063964662731,-2.6839,3.667917,8.640674,-0.17104226,-0.029321533,-0.064751714,TREMOR,0f970075d4d1
1777350267356,10063984743297,-2.6479871,3.5745432,8.616732,-0.2761111,-0.029321533,-0.029321533,TREMOR,0f970075d4d1
1777350267377,10064004823864,-2.6767175,3.2632968,8.695741,-0.32986724,-0.035430185,-0.02321288,TREMOR,0f970075d4d1
1777350267398,10064024873913,-2.5881321,3.6008794,8.264784,-0.35308012,-0.096516706,-0.042760566,TREMOR,0f970075d4d1
1777350267421,10064044923961,-2.2242134,4.2161894,7.776367,-0.68294734,-0.22235495,0.12339478,TREMOR,0f970075d4d1
1777350267441,10064064974010,-1.9440918,2.954445,7.6614456,-1.0958922,-0.28710666,0.47891834,TREMOR,0f970075d4d1
1777350267463,10064085024059,-2.753332,1.5466543,8.99741,-1.0519099,-0.065973446,0.37018433,TREMOR,0f970075d4d1
1777350267471,10064105074108,-2.3678656,1.5442601,10.129868,-0.7305948,-0.07452556,-0.10140363,TREMOR,0f970075d4d1
1777350267509,10064125124157,-1.685518,1.7405846,9.55047,-0.29932398,-0.2003638,-0.043982297,TREMOR,0f970075d4d1
1777350267513,10064145143688,-2.4732103,2.0111294,9.241618,-0.040317107,0.040317107,-0.030543262,TREMOR,0f970075d4d1
1777350267537,10064165193737,-2.980781,2.0709844,9.49301,-0.07574729,0.096516706,0.081855945,TREMOR,0f970075d4d1
1777350267551,10064185243786,-2.3558946,1.9967642,9.425972,-0.18081611,-0.064751714,0.105068825,TREMOR,0f970075d4d1
1777350267581,10064205293835,-1.9416976,2.5881321,8.937555,-0.28955013,-0.10751228,0.15882497,TREMOR,0f970075d4d1
1777350267615,10064225343883,-1.7022774,1.7166426,8.746018,-0.5852089,-0.034208454,0.30176744,TREMOR,0f970075d4d1
1777350267618,10064245363415,-1.6831238,0.40701428,9.595961,-0.69027776,0.081855945,0.44226643,TREMOR,0f970075d4d1
1777350267640,10064265443981,-1.7118542,0.46208093,10.177752,-0.2321288,0.13194689,0.5119051,TREMOR,0f970075d4d1
1777350267675,10064285463512,-1.5562311,1.2785037,9.691729,0.19425514,0.061086524,0.5766568,TREMOR,0f970075d4d1
1777350267678,10064305483043,-1.7980455,1.8148049,9.057265,0.13316862,0.09285152,0.70616025,TREMOR,0f970075d4d1
1777350267699,10064325563610,-2.3582888,2.1308396,8.451532,-0.15760323,0.12705997,0.8173377,TREMOR,0f970075d4d1
1777350267724,10064345583141,-2.6719291,1.6472107,7.7332716,-0.5045747,0.05497787,0.91996306,TREMOR,0f970075d4d1
1777350267747,10064365633190,-2.585738,1.1204864,7.9391727,-0.79779,-0.056199603,0.9859365,TREMOR,0f970075d4d1
1777350267753,10064385713756,-2.4181437,0.82599956,8.59279,-0.91874135,-0.058643065,1.0079277,TREMOR,0f970075d4d1
1777350267804,10064405763805,-2.2290018,1.0007763,9.157822,-0.9101892,-0.07941248,1.0201449,TREMOR,0f970075d4d1
1777350267806,10064425813854,-2.0135236,0.9935937,9.172187,-1.1630874,-0.2125811,1.065349,TREMOR,0f970075d4d1
1777350267817,10064445863903,-1.7070658,0.6919243,8.683769,-1.5137241,-0.2883284,1.0567969,TREMOR,0f970075d4d1
1777350267835,10064465913952,-1.8602947,0.79966336,8.7053175,-1.4856243,-0.21013765,0.9798279,TREMOR,0f970075d4d1
1777350267858,10064485933483,-2.1547816,1.0295067,9.445126,-1.0641272,-0.02076942,0.9431759,TREMOR,0f970075d4d1
1777350267879,10064505953014,-2.0518308,1.4796166,9.25359,-0.73548174,-0.1600467,0.91751957,TREMOR,0f970075d4d1
1777350267902,10064526003063,-1.9273324,1.1611878,9.105149,-0.47525316,-0.08552113,0.8405506,TREMOR,0f970075d4d1
1777350267924,10064546083629,-2.0901382,1.3838485,9.16261,-0.376293,-0.25167647,0.73426,TREMOR,0f970075d4d1
1777350267946,10064566103161,-2.492364,1.3335704,9.433155,0.19425514,0.032986723,0.61575216,TREMOR,0f970075d4d1
1777350267953,10064586122692,-2.8778305,2.2864625,9.045294,0.9627236,0.0842994,0.6010914,TREMOR,0f970075d4d1
1777350267984,10064606172741,-3.5482068,2.4013844,8.295909,1.391551,0.13561209,0.6047566,TREMOR,0f970075d4d1
1777350268005,10064626192272,-3.572149,1.8363527,8.348581,1.4648548,0.039095376,0.57910025,TREMOR,0f970075d4d1
1777350268027,10064646242321,-3.4404678,2.0518308,9.25359,1.4318681,-0.009773844,0.4166101,TREMOR,0f970075d4d1
1777350268048,10064666261852,-3.1555579,3.3423057,10.30225,1.4062119,-0.010995574,0.40194935,TREMOR,0f970075d4d1
1777350268073,10064686281383,-3.0142999,3.787627,10.3932295,1.1814134,-0.04642576,0.46303585,TREMOR,0f970075d4d1
1777350268076,10064706300915,-2.4612393,4.1515455,9.694122,0.83199847,-0.1282817,0.54000485,TREMOR,0f970075d4d1
1777350268097,10064726320446,-1.4867992,2.6767175,9.13388,0.54733527,-0.26145032,0.548557,TREMOR,0f970075d4d1
1777350268121,10064746339977,-1.1731589,2.3678656,9.102755,0.47036624,-0.12583824,0.5693264,TREMOR,0f970075d4d1
1777350268132,10064766390026,-1.2880806,3.7445314,9.090784,0.453262,0.09162979,0.47769663,TREMOR,0f970075d4d1
1777350268173,10064786440075,-1.2569559,3.572149,9.006987,0.33108896,0.04642576,0.33841935,TREMOR,0f970075d4d1
1777350268175,10064806459606,-1.2641385,3.0382419,8.817844,0.2321288,-0.034208454,0.2284636,TREMOR,0f970075d4d1
1777350268205,10064826479137,-1.4987702,3.0119057,8.506598,0.19058995,-0.095294975,0.13072516,TREMOR,0f970075d4d1
1777350268214,10064846498668,-1.7070658,3.4213142,8.738836,0.1001819,-0.119729586,0.081855945,TREMOR,0f970075d4d1
1777350268238,10064866548717,-1.4149733,3.6870706,9.033323,0.004886922,-0.18081611,0.062308256,TREMOR,0f970075d4d1
1777350268268,10064886568249,-1.3455414,3.41892,9.227253,-0.042760566,-0.20525073,0.030543262,TREMOR,0f970075d4d1
1777350268272,10064906587780,-1.2282255,3.0142999,9.14585,-0.040317107,-0.19547687,-0.008552114,TREMOR,0f970075d4d1
1777350268313,10064926607311,-1.3479356,2.813187,9.129091,-0.02321288,-0.10262536,0.0,TREMOR,0f970075d4d1
1777350268314,10064946626842,-1.520318,2.743755,9.052477,0.035430185,-0.047647487,0.018325957,TREMOR,0f970075d4d1
1777350268334,10064966676891,-1.5921441,3.1435869,8.779537,0.09285152,-0.06352998,0.040317107,TREMOR,0f970075d4d1
1777350268365,10064986787975,-1.484405,3.3638535,8.6813755,0.087964594,-0.10140363,0.05375614,TREMOR,0f970075d4d1
1777350268388,10065006868542,-1.2641385,3.5098996,8.860941,0.030543262,-0.13316862,0.061086524,TREMOR,0f970075d4d1
1777350268408,10065026949108,-1.0893618,3.4117374,8.995016,-0.019547688,-0.12583824,0.043982297,TREMOR,0f970075d4d1
1777350268428,10065047029674,-1.127669,3.2824504,9.038112,-0.062308256,-0.07941248,0.029321533,TREMOR,0f970075d4d1
1777350268465,10065067079723,-1.1899183,3.289633,8.841787,-0.087964594,-0.042760566,0.009773844,TREMOR,0f970075d4d1
1777350268469,10065087129772,-1.2617443,3.430891,8.834604,-0.14049901,-0.012217305,-0.004886922,TREMOR,0f970075d4d1
1777350268475,10065107179821,-1.1827357,3.0550013,9.004593,-0.15149458,-0.0061086523,-0.029321533,TREMOR,0f970075d4d1
1777350268506,10065127260387,-1.2641385,2.9783869,9.196129,-0.14905111,0.028099801,-0.02687807,TREMOR,0f970075d4d1
1777350268515,10065147340954,-1.4652514,2.8898015,9.090784,-0.11484267,0.05375614,-0.014660766,TREMOR,0f970075d4d1
1777350268537,10065167452038,-1.3479356,2.9759927,8.882488,-0.10140363,0.037873644,-0.009773844,TREMOR,0f970075d4d1
1777350268555,10065187532604,-1.3503298,3.6176388,8.683769,-0.17959438,0.04642576,-0.008552114,TREMOR,0f970075d4d1
1777350268584,10065207613170,-1.2737153,4.074931,8.805874,-0.41416663,0.08674286,-0.010995574,TREMOR,0f970075d4d1
1777350268595,10065227663219,-1.0821792,4.735731,9.519346,-0.7855727,0.10140363,-0.04520403,TREMOR,0f970075d4d1
1777350268617,10065247774303,-1.2641385,4.608838,9.617508,-1.2473868,0.17959438,-0.112399206,TREMOR,0f970075d4d1
1777350268657,10065267824352,-1.4987702,4.1276035,9.543288,-1.813048,0.23090707,-0.23090707,TREMOR,0f970075d4d1
1777350268661,10065287904918,-1.1683705,4.8937483,9.672575,-2.3371704,0.17104226,-0.5204572,TREMOR,0f970075d4d1
1777350268687,10065307954967,-1.043872,4.297592,9.502586,-2.8808405,0.15027285,-0.8857546,TREMOR,0f970075d4d1
1777350268696,10065328035534,-1.5035586,2.3199813,9.344569,-2.833193,0.28588495,-0.9944886,TREMOR,0f970075d4d1
1777350268722,10065348085583,-1.3814543,0.81402856,9.332599,-2.4251351,0.08552113,-0.7819075,TREMOR,0f970075d4d1
1777350268735,10065368135631,-0.85473,-1.376666,8.312668,-1.3622295,-0.17348573,-0.71959925,TREMOR,0f970075d4d1
1777350268756,10065388155163,-0.91697925,-2.2529438,7.73806,0.29810223,-0.19425514,-0.43004912,TREMOR,0f970075d4d1
1777350268778,10065408205211,-1.2330139,-3.4955344,6.9982514,0.89919364,-0.20158553,-0.3555236,TREMOR,0f970075d4d1
1777350268800,10065428224743,-1.685518,-2.9161377,7.587225,1.0934488,-0.09407325,-0.2968805,TREMOR,0f970075d4d1
1777350268821,10065448244274,-2.0973208,-3.4500446,8.456321,0.43860126,-0.08674286,-0.23701571,TREMOR,0f970075d4d1
1777350268841,10065468294323,-2.5306711,-2.9759927,9.428367,-0.4251622,-0.12339478,-0.10140363,TREMOR,0f970075d4d1
1777350268862,10065488313854,-2.6431987,-4.0078936,9.91439,-0.40194935,-0.15027285,0.15149458,TREMOR,0f970075d4d1
1777350268886,10065508333385,-2.4492683,-2.8874073,10.189722,0.7855727,-0.22602014,0.23457226,TREMOR,0f970075d4d1
1777350268894,10065528352917,-1.685518,-0.37588966,10.175357,1.6395624,-0.35918877,0.31764993,TREMOR,0f970075d4d1
1777350268929,10065548372448,-0.9552865,1.9177556,9.43076,1.8570304,-0.49968776,0.35063666,TREMOR,0f970075d4d1
1777350268939,10065568391979,-0.47884035,3.5577838,9.23683,1.459968,-0.39950588,0.34574974,TREMOR,0f970075d4d1
1777350268967,10065588411510,-0.46926352,3.3303347,9.504981,0.8979719,-0.21868975,0.2602286,TREMOR,0f970075d4d1
1777350268977,10065608461559,-0.59376204,3.4644098,9.648633,0.4166101,-0.06352998,0.064751714,TREMOR,0f970075d4d1
1777350268999,10065628511608,-1.0630256,2.8323407,9.478644,-0.12461651,0.061086524,-0.004886922,TREMOR,0f970075d4d1
1777350269015,10065648561657,-1.4053963,1.42455,9.114726,-0.47891834,0.04886922,-0.042760566,TREMOR,0f970075d4d1
1777350269048,10065668581188,-1.2737153,0.5746084,9.545682,-0.52534413,-0.0012217305,-0.030543262,TREMOR,0f970075d4d1
1777350269056,10065688600719,-0.9959879,0.5770026,9.706094,-0.3933972,-0.02076942,0.047647487,TREMOR,0f970075d4d1
1777350269085,10065708620251,-1.0175357,-0.033518825,9.952697,-0.17837265,0.019547688,0.087964594,TREMOR,0f970075d4d1
1777350269094,10065728670299,-1.1779473,0.5315128,9.746795,0.061086524,0.036651913,0.11362094,TREMOR,0f970075d4d1
1777350269129,10065748689831,-1.2306197,1.3958195,9.294291,0.18203785,0.02565634,0.111177474,TREMOR,0f970075d4d1
1777350269140,10065768709362,-1.091756,2.1068976,9.11712,0.10262536,-0.002443461,0.105068825,TREMOR,0f970075d4d1
1777350269170,10065788759411,-0.9792285,1.5658079,9.548077,-0.04153884,0.009773844,0.080634214,TREMOR,0f970075d4d1
1777350269180,10065808778942,-1.1252748,0.62249243,9.627085,-0.111177474,0.061086524,0.052534413,TREMOR,0f970075d4d1
1777350269203,10065828798473,-1.376666,0.94092125,9.531317,-0.040317107,0.09162979,0.017104227,TREMOR,0f970075d4d1
1777350269214,10065848848522,-1.2952632,1.043872,9.232041,0.02076942,0.039095376,-0.02076942,TREMOR,0f970075d4d1
1777350269236,10065868868053,-1.2354081,1.3192052,9.399636,0.040317107,0.0,-0.032986723,TREMOR,0f970075d4d1
1777350269265,10065888918102,-1.1420342,1.316811,9.449914,0.02321288,0.002443461,-0.012217305,TREMOR,0f970075d4d1
1777350269281,10065908968151,-1.13964,0.89543146,9.698911,0.021991149,0.021991149,0.018325957,TREMOR,0f970075d4d1
1777350269300,10065928987682,-1.0151415,0.7469909,9.720459,0.09896017,0.021991149,0.030543262,TREMOR,0f970075d4d1
1777350269328,10065949007213,-1.0271125,0.92416185,9.536105,0.21135938,0.014660766,0.015882496,TREMOR,0f970075d4d1
1777350269345,10065969026745,-1.1731589,1.3479356,9.43076,0.27000242,0.014660766,0.004886922,TREMOR,0f970075d4d1
1777350269364,10065989076793,-1.2354081,1.3790601,9.572019,0.29810223,0.008552114,-0.013439035,TREMOR,0f970075d4d1
1777350269384,10066009126842,-1.1180922,0.90500826,9.560047,0.3933972,-0.03176499,-0.029321533,TREMOR,0f970075d4d1
1777350269410,10066029176891,-1.0462662,0.51714754,9.526528,0.5534439,-0.0061086523,-0.004886922,TREMOR,0f970075d4d1
1777350269443,10066049196422,-1.2234371,1.30484,9.44752,0.7122689,0.0036651916,0.015882496,TREMOR,0f970075d4d1
1777350269445,10066069215954,-1.3623008,2.303222,9.129091,0.72204274,0.012217305,0.034208454,TREMOR,0f970075d4d1
1777350269467,10066089266002,-1.2761095,2.5258827,9.19134,0.6218608,-0.002443461,0.0720821,TREMOR,0f970075d4d1
1777350269500,10066109316051,-1.1947067,2.5905263,9.090784,0.4728097,-0.014660766,0.062308256,TREMOR,0f970075d4d1
1777350269502,10066129366100,-1.1348516,2.801216,9.090784,0.24923302,0.0036651916,0.065973446,TREMOR,0f970075d4d1
1777350269528,10066149416149,-1.1923125,2.657564,9.25359,0.040317107,0.0,0.02687807,TREMOR,0f970075d4d1
1777350269553,10066169466198,-1.2258313,2.27928,9.248801,-0.08307768,-0.014660766,-0.008552114,TREMOR,0f970075d4d1
1777350269574,10066189485729,-1.1971009,1.5370775,9.428367,-0.111177474,-0.0061086523,-0.015882496,TREMOR,0f970075d4d1
1777350269580,10066209505260,-1.0295067,1.5298948,9.409213,-0.028099801,-0.02076942,-0.0036651916,TREMOR,0f970075d4d1
1777350269609,10066229555309,-1.0103531,1.7836803,9.421184,0.06841691,0.012217305,0.008552114,TREMOR,0f970075d4d1
1777350269631,10066249605358,-1.2042835,2.1404164,9.258378,0.119729586,0.035430185,0.015882496,TREMOR,0f970075d4d1
1777350269664,10066269624889,-1.3072342,2.243367,9.291897,0.1282817,0.010995574,0.013439035,TREMOR,0f970075d4d1
1777350269666,10066289674938,-1.3431472,1.8052281,9.437943,0.16737708,-0.042760566,-0.007330383,TREMOR,0f970075d4d1
1777350269688,10066309694469,-1.0295067,1.4580688,9.502586,0.29565877,-0.043982297,-0.0012217305,TREMOR,0f970075d4d1
1777350269723,10066329744518,-1.1851299,2.0829554,9.222465,0.408058,0.032986723,0.04642576,TREMOR,0f970075d4d1
1777350269725,10066349764049,-1.2497733,2.0805612,9.227253,0.48380527,0.05009095,0.0720821,TREMOR,0f970075d4d1
1777350269747,10066369844616,-1.1851299,2.5474305,9.263166,0.5534439,0.0,0.062308256,TREMOR,0f970075d4d1
1777350269780,10066389925182,-1.0965444,2.420538,9.220071,0.6609562,0.004886922,0.037873644,TREMOR,0f970075d4d1
1777350269783,10066409944713,-1.1707647,2.621651,9.121908,0.6743952,0.05131268,0.06841691,TREMOR,0f970075d4d1
1777350269804,10066429994762,-1.1659763,2.9161377,8.954314,0.65118235,0.032986723,0.09162979,TREMOR,0f970075d4d1
1777350269827,10066450044811,-1.2138603,2.966416,8.959103,0.6462954,0.04642576,0.08552113,TREMOR,0f970075d4d1
1777350269848,10066470064342,-1.2042835,3.1986535,9.093178,0.63163465,0.065973446,0.089186326,TREMOR,0f970075d4d1
1777350269857,10066490114391,-1.2880806,3.3207579,8.839393,0.59620446,0.073303826,0.089186326,TREMOR,0f970075d4d1
1777350269883,10066510133922,-1.151611,3.5122938,8.662222,0.50335294,0.042760566,0.09040806,TREMOR,0f970075d4d1
1777350269896,10066530183971,-1.1779473,3.8187518,8.734048,0.38728857,0.029321533,0.08307768,TREMOR,0f970075d4d1
1777350269917,10066550264538,-1.2042835,3.4117374,8.755595,0.29565877,0.036651913,0.07086037,TREMOR,0f970075d4d1
1777350269954,10066570284069,-1.151611,3.5242648,8.865729,0.23090707,0.03176499,0.062308256,TREMOR,0f970075d4d1
1777350269957,10066590334118,-1.1899183,3.6487634,8.825027,0.19425514,0.02076942,0.03176499,TREMOR,0f970075d4d1
1777350269983,10066610384167,-1.2306197,3.5769374,8.678981,0.15882497,0.02076942,0.010995574,TREMOR,0f970075d4d1
1777350270000,10066630495251,-1.2641385,3.6343982,8.722076,0.10751228,0.017104227,0.0061086523,TREMOR,0f970075d4d1
1777350270020,10066650545299,-1.2354081,3.526659,8.841787,0.09162979,0.004886922,0.010995574,TREMOR,0f970075d4d1
1777350270041,10066670625866,-1.2234371,3.5482068,8.789114,0.07819075,0.018325957,0.019547688,TREMOR,0f970075d4d1
1777350270061,10066690675915,-1.2569559,3.7134068,8.693346,0.047647487,0.004886922,0.017104227,TREMOR,0f970075d4d1
1777350270085,10066710725963,-1.1659763,3.6655228,8.798691,0.021991149,-0.008552114,0.0061086523,TREMOR,0f970075d4d1
1777350270098,10066730806530,-1.2880806,3.4979286,8.825027,0.008552114,0.0061086523,0.0036651916,TREMOR,0f970075d4d1
1777350270119,10066750887096,-1.1540052,3.335123,8.908825,0.047647487,-0.0012217305,0.0,TREMOR,0f970075d4d1
1777350270143,10066770906627,-1.2665327,3.5434184,8.762778,0.06841691,0.02443461,0.02321288,TREMOR,0f970075d4d1
1777350270167,10066790956676,-1.3263878,3.8881836,8.698134,0.05009095,0.02321288,0.02076942,TREMOR,0f970075d4d1
1777350270191,10066811037243,-1.2449849,3.7421372,8.707711,-0.0061086523,0.008552114,0.019547688,TREMOR,0f970075d4d1
1777350270212,10066831117809,-1.2210429,3.632004,8.78672,-0.04642576,-0.012217305,-0.0061086523,TREMOR,0f970075d4d1
1777350270237,10066851198376,-1.2449849,3.4452562,8.992621,-0.02443461,-0.007330383,-0.02321288,TREMOR,0f970075d4d1
1777350270270,10066871309460,-1.2880806,3.3183637,8.892065,0.04886922,0.008552114,-0.010995574,TREMOR,0f970075d4d1
1777350270272,10066891390026,-1.283292,3.560178,8.698134,0.1001819,0.0061086523,0.012217305,TREMOR,0f970075d4d1
1777350270293,10066911501110,-1.2401965,3.9671922,8.516175,0.07819075,-0.0036651916,0.019547688,TREMOR,0f970075d4d1
1777350270300,10066931581676,-1.2497733,4.0174704,8.59279,-0.02321288,-0.010995574,0.010995574,TREMOR,0f970075d4d1
1777350270328,10066951631725,-1.1851299,3.8738184,8.7532015,-0.12217305,-0.021991149,-0.013439035,TREMOR,0f970075d4d1
1777350270362,10066971681774,-1.2090719,3.4811692,8.899248,-0.15882497,-0.0036651916,-0.02076942,TREMOR,0f970075d4d1
1777350270367,10066991701305,-1.2808979,3.301604,8.78672,-0.1441642,0.013439035,-0.004886922,TREMOR,0f970075d4d1
1777350270389,10067011720836,-1.2258313,3.4715924,8.7292595,-0.1160644,0.018325957,0.009773844,TREMOR,0f970075d4d1
1777350270411,10067031770885,-1.1587936,3.7948096,8.695741,-0.12339478,0.034208454,0.0036651916,TREMOR,0f970075d4d1
1777350270421,10067051820934,-1.271321,3.8833952,8.815451,-0.18936823,0.02565634,-0.008552114,TREMOR,0f970075d4d1
1777350270450,10067071840465,-1.2545617,3.6032736,8.6574335,-0.2602286,0.0036651916,-0.019547688,TREMOR,0f970075d4d1
1777350270484,10067091890514,-1.1827357,3.5434184,8.619126,-0.36163223,0.008552114,-0.015882496,TREMOR,0f970075d4d1
1777350270485,10067111910045,-1.1492168,3.608062,8.968679,-0.46914452,0.035430185,-0.02321288,TREMOR,0f970075d4d1
1777350270508,10067131929577,-1.1971009,3.1866825,9.232041,-0.4642576,0.05497787,-0.064751714,TREMOR,0f970075d4d1
1777350270529,10067151949108,-1.412579,2.7102363,9.078813,-0.4092797,0.07086037,-0.064751714,TREMOR,0f970075d4d1
1777350270550,10067171999157,-1.484405,2.8299465,8.966286,-0.36163223,0.030543262,-0.021991149,TREMOR,0f970075d4d1
1777350270570,10067192049206,-1.4030021,3.0382419,8.652645,-0.3848451,-0.008552114,0.02076942,TREMOR,0f970075d4d1
1777350270590,10067212099254,-1.151611,3.6367924,8.607155,-0.53878313,-0.010995574,0.02443461,TREMOR,0f970075d4d1
1777350270611,10067232149303,-1.1540052,4.146757,8.791509,-0.8539896,0.032986723,-0.010995574,TREMOR,0f970075d4d1
1777350270632,10067252168835,-1.127669,3.5170822,9.222465,-1.1496484,0.02565634,-0.10140363,TREMOR,0f970075d4d1
1777350270654,10067272218883,-1.2785037,2.5139117,9.255983,-1.3206906,0.02076942,-0.18448131,TREMOR,0f970075d4d1
1777350270661,10067292238415,-1.5442601,1.3958195,9.234436,-1.319469,-0.013439035,-0.18936823,TREMOR,0f970075d4d1
1777350270678,10067312257946,-1.4580688,0.46447513,9.457097,-1.1435398,-0.0720821,-0.16249016,TREMOR,0f970075d4d1
1777350270700,10067332277477,-1.3575124,0.31603462,9.746795,-0.8405506,-0.07941248,-0.09407325,TREMOR,0f970075d4d1
1777350270721,10067352327526,-1.2521675,0.5291186,9.7563715,-0.48991394,-0.07696902,-0.05375614,TREMOR,0f970075d4d1
1777350270742,10067372377575,-1.3096284,0.94331545,9.461885,-0.22357668,-0.08552113,-0.035430185,TREMOR,0f970075d4d1
1777350270763,10067392397106,-1.316811,2.0566192,8.980651,-0.118507855,-0.095294975,-0.02687807,TREMOR,0f970075d4d1
1777350270785,10067412447155,-1.0989386,1.9680338,9.483433,-0.23701571,-0.08674286,-0.013439035,TREMOR,0f970075d4d1
1777350270798,10067432466686,-1.127669,0.90021986,9.694122,-0.29565877,-0.042760566,-0.008552114,TREMOR,0f970075d4d1
1777350270819,10067452516735,-1.1468226,1.1563994,9.56723,-0.22602014,-0.0061086523,-0.007330383,TREMOR,0f970075d4d1
1777350270856,10067472566784,-1.151611,1.1324574,9.323022,-0.14782938,-0.0012217305,-0.0061086523,TREMOR,0f970075d4d1
1777350270862,10067492616833,-1.2306197,0.7206547,9.428367,-0.096516706,0.004886922,0.002443461,TREMOR,0f970075d4d1
1777350270895,10067512666881,-1.2138603,1.3311762,9.442732,-0.034208454,0.008552114,0.014660766,TREMOR,0f970075d4d1
1777350270908,10067532716930,-1.2114661,1.3623008,9.454702,-0.030543262,-0.004886922,0.015882496,TREMOR,0f970075d4d1
1777350270945,10067552766979,-1.2186487,1.0247183,9.380483,-0.040317107,-0.0012217305,0.007330383,TREMOR,0f970075d4d1
1777350270947,10067572786510,-1.1372458,1.340753,9.500193,-0.007330383,-0.0036651916,-0.002443461,TREMOR,0f970075d4d1
1777350270958,10067592836559,-1.1779473,1.340753,9.358934,-0.021991149,0.0061086523,0.0012217305,TREMOR,0f970075d4d1
1777350270994,10067612886608,-1.2904748,0.78769237,9.421184,-0.02443461,0.014660766,0.0061086523,TREMOR,0f970075d4d1
1777350271004,10067632906139,-1.1492168,1.1755531,9.416395,0.015882496,0.0,0.007330383,TREMOR,0f970075d4d1
1777350271036,10067652956188,-1.1947067,1.4437037,9.445126,0.012217305,0.008552114,0.0061086523,TREMOR,0f970075d4d1
1777350271041,10067673006237,-1.1731589,0.94092125,9.43076,0.007330383,0.018325957,-0.0012217305,TREMOR,0f970075d4d1
1777350271070,10067693056286,-1.2186487,1.2066777,9.485827,0.034208454,0.008552114,-0.0012217305,TREMOR,0f970075d4d1
1777350271080,10067713136852,-1.2904748,1.3551182,9.390059,0.019547688,0.0061086523,0.004886922,TREMOR,0f970075d4d1
1777350271104,10067733156383,-1.2186487,1.1324574,9.411607,-0.002443461,-0.007330383,0.007330383,TREMOR,0f970075d4d1
1777350271145,10067753175915,-1.1899183,1.2401965,9.435549,-0.0061086523,-0.007330383,0.007330383,TREMOR,0f970075d4d1
1777350271147,10067773195446,-1.1851299,1.1300632,9.49301,0.0012217305,0.004886922,0.002443461,TREMOR,0f970075d4d1
1777350271159,10067793245495,-1.1707647,1.2258313,9.433155,0.012217305,0.010995574,0.0,TREMOR,0f970075d4d1
1777350271193,10067813265026,-1.1803415,1.2593501,9.351752,0.0061086523,0.008552114,-0.0012217305,TREMOR,0f970075d4d1
1777350271200,10067833284557,-1.2785037,1.2258313,9.437943,-0.002443461,0.0036651916,0.0,TREMOR,0f970075d4d1
1777350271236,10067853334606,-1.1659763,1.043872,9.488221,0.019547688,-0.015882496,-0.0012217305,TREMOR,0f970075d4d1
1777350271241,10067873415172,-1.1731589,1.2306197,9.461885,0.058643065,-0.029321533,-0.009773844,TREMOR,0f970075d4d1
1777350271279,10067893434704,-1.2569559,1.3599066,9.507375,0.06719518,-0.02443461,-0.014660766,TREMOR,0f970075d4d1
1777350271281,10067913454235,-1.328782,1.1228806,9.421184,0.12339478,-0.06841691,-0.018325957,TREMOR,0f970075d4d1
1777350271300,10067933504284,-1.2234371,1.0582372,9.454702,0.13927728,-0.08307768,-0.013439035,TREMOR,0f970075d4d1
1777350271320,10067953554333,-1.1324574,1.1755531,9.651027,0.15882497,-0.047647487,-0.0012217305,TREMOR,0f970075d4d1
1777350271340,10067973604381,-1.0534488,1.7812861,9.28232,0.15027285,-0.02076942,-0.007330383,TREMOR,0f970075d4d1
1777350271361,10067993654430,-1.0534488,1.5298948,9.291897,0.06352998,0.02443461,-0.002443461,TREMOR,0f970075d4d1
1777350271395,10068013704479,-1.3072342,1.3144168,9.275137,0.007330383,0.05375614,-0.008552114,TREMOR,0f970075d4d1
1777350271402,10068033724010,-1.2234371,1.4820108,9.5385,-0.018325957,0.02565634,-0.010995574,TREMOR,0f970075d4d1
1777350271446,10068053774059,-1.1971009,1.2186487,9.646238,-0.004886922,0.018325957,-0.010995574,TREMOR,0f970075d4d1
1777350271450,10068073824108,-1.103727,0.89782566,9.653421,0.080634214,0.059864793,-0.013439035,TREMOR,0f970075d4d1
1777350271461,10068093904674,-1.2090719,1.3814543,9.646238,0.11484267,0.07574729,-0.012217305,TREMOR,0f970075d4d1
1777350271495,10068113954723,-1.340753,1.1444284,9.41879,0.14660765,0.06963864,-0.008552114,TREMOR,0f970075d4d1
1777350271504,10068133974254,-1.3958195,1.5634137,9.344569,0.15760323,0.04886922,-0.0012217305,TREMOR,0f970075d4d1
1777350271535,10068154085338,-1.3575124,1.7645266,9.433155,0.13683382,0.008552114,0.0012217305,TREMOR,0f970075d4d1
1777350271542,10068174135387,-1.1492168,1.6089035,9.224859,0.08307768,-0.0061086523,-0.0012217305,TREMOR,0f970075d4d1
1777350271577,10068194215954,-1.0199299,1.4820108,9.55047,0.05009095,0.028099801,-0.009773844,TREMOR,0f970075d4d1
1777350271584,10068214327038,-1.2689269,1.1994951,9.481039,0.081855945,0.09407325,-0.017104227,TREMOR,0f970075d4d1
1777350271627,10068234407604,-1.5729905,1.4772224,9.315839,0.13072516,0.105068825,-0.0061086523,TREMOR,0f970075d4d1
1777350271629,10068254488170,-1.400608,1.7238252,9.090784,0.13072516,0.040317107,0.007330383,TREMOR,0f970075d4d1
1777350271642,10068274568737,-1.2521675,1.946486,9.107543,0.0720821,0.002443461,0.009773844,TREMOR,0f970075d4d1
1777350271669,10068294649303,-1.292869,1.8411411,9.416395,-0.009773844,-0.002443461,0.004886922,TREMOR,0f970075d4d1
1777350271682,10068314729870,-1.2689269,1.3910311,9.536105,-0.043982297,0.004886922,-0.0061086523,TREMOR,0f970075d4d1
1777350271712,10068334810436,-1.2042835,1.553837,9.437943,-0.013439035,0.013439035,-0.010995574,TREMOR,0f970075d4d1
1777350271734,10068354891002,-1.3694834,1.5275006,9.303867,0.007330383,0.028099801,-0.008552114,TREMOR,0f970075d4d1
1777350271754,10068374971569,-1.3742718,1.6591818,9.370906,0.009773844,0.010995574,-0.0012217305,TREMOR,0f970075d4d1
1777350271785,10068395052135,-1.2976574,1.6879122,9.330204,0.009773844,0.002443461,0.002443461,TREMOR,0f970075d4d1
1777350271787,10068415102184,-1.271321,1.388637,9.404425,0.008552114,0.008552114,0.0012217305,TREMOR,0f970075d4d1
1777350271809,10068435213268,-1.3000516,1.5514427,9.392453,0.02687807,-0.004886922,0.004886922,TREMOR,0f970075d4d1
1777350271833,10068455263317,-1.340753,1.5801731,9.40203,0.035430185,-0.010995574,0.0012217305,TREMOR,0f970075d4d1
1777350271843,10068475374401,-1.3383588,1.6352397,9.483433,0.03176499,-0.0061086523,-0.0036651916,TREMOR,0f970075d4d1
1777350271877,10068495454967,-1.2785037,1.7860745,9.41879,0.014660766,0.008552114,-0.004886922,TREMOR,0f970075d4d1
1777350271888,10068515535534,-1.3192052,1.5466543,9.41879,-0.009773844,0.04642576,-0.0036651916,TREMOR,0f970075d4d1
1777350271916,10068535585583,-1.2808979,1.4149733,9.555259,0.0012217305,0.043982297,0.0012217305,TREMOR,0f970075d4d1
1777350271923,10068555666149,-1.376666,1.5897499,9.528923,0.030543262,0.036651913,-0.0036651916,TREMOR,0f970075d4d1
1777350271960,10068575777233,-1.388637,1.5442601,9.509769,0.040317107,0.056199603,-0.012217305,TREMOR,0f970075d4d1
1777350271966,10068595827282,-1.4915876,1.6927006,9.469068,0.04642576,0.096516706,-0.010995574,TREMOR,0f970075d4d1
1777350272001,10068615907848,-1.4508862,1.733402,9.409213,0.040317107,0.09773844,0.0061086523,TREMOR,0f970075d4d1
1777350272003,10068636018932,-1.3479356,1.6903064,9.406818,0.030543262,0.09162979,0.017104227,TREMOR,0f970075d4d1
1777350272039,10068656068981,-1.4389153,1.5155296,9.598354,0.0036651916,0.112399206,0.017104227,TREMOR,0f970075d4d1
1777350272046,10068676088512,-1.7022774,1.6065093,9.560047,-0.034208454,0.14049901,0.0,TREMOR,0f970075d4d1
1777350272062,10068696138561,-1.7884687,1.9416976,9.691729,-0.15027285,0.17104226,-0.0012217305,TREMOR,0f970075d4d1
1777350272095,10068716158092,-1.8267759,1.6543933,9.85214,-0.38240165,0.18570304,0.028099801,TREMOR,0f970075d4d1
1777350272103,10068736238659,-1.9153614,1.4508862,9.998186,-0.6059783,0.2406809,-0.040317107,TREMOR,0f970075d4d1
1777350272133,10068756258190,-2.3080103,1.3024458,9.880871,-0.6951646,0.23823744,-0.11484267,TREMOR,0f970075d4d1
1777350272142,10068776338756,-2.2146366,1.0654198,10.139444,-0.65484756,0.27000242,0.02443461,TREMOR,0f970075d4d1
1777350272176,10068796388805,-2.1523874,1.0606314,9.701305,-0.7318166,0.28344148,-0.06841691,TREMOR,0f970075d4d1
1777350272185,10068816469372,-2.813187,0.7326257,9.701305,-1.0323622,0.71593404,-0.25289822,TREMOR,0f970075d4d1
1777350272227,10068836488903,-3.3087866,0.50517654,9.883265,-0.9944886,0.8979719,-0.19058995,TREMOR,0f970075d4d1
1777350272229,10068856538952,-3.4644098,0.50278234,9.176975,-0.83077675,0.4202753,-0.09040806,TREMOR,0f970075d4d1
1777350272243,10068876589001,-2.9640217,0.5482722,8.937555,-0.7892379,0.3359759,-0.080634214,TREMOR,0f970075d4d1
1777350272265,10068896608532,-2.6527755,0.20111294,9.095572,-0.7635816,0.3115413,-0.05009095,TREMOR,0f970075d4d1
1777350272283,10068916658581,-2.6503813,0.80445176,8.781932,-0.5864306,0.22235495,0.030543262,TREMOR,0f970075d4d1
1777350272304,10068936708629,-3.1794999,1.0510546,8.202535,-0.5839872,0.15027285,0.11484267,TREMOR,0f970075d4d1
1777350272332,10068956758678,-3.5170822,0.36631286,7.8649526,-0.7086037,-0.0012217305,0.12461651,TREMOR,0f970075d4d1
1777350272352,10068976808727,-2.942474,0.30645782,7.228095,-0.56688297,-0.2724459,0.0061086523,TREMOR,0f970075d4d1
1777350272383,10068996919811,-2.2050598,0.30645782,7.350199,-0.34574974,-0.40683624,0.018325957,TREMOR,0f970075d4d1
1777350272386,10069017000377,-1.6879122,-0.2801216,8.604761,-0.30298916,-0.37751472,0.034208454,TREMOR,0f970075d4d1
1777350272408,10069037050426,-1.0486604,-0.770933,9.363723,-0.3115413,-0.39584067,-0.037873644,TREMOR,0f970075d4d1
1777350272429,10069057130993,-0.6488287,-1.115698,9.593566,-0.39950588,-0.35796702,-0.04886922,TREMOR,0f970075d4d1
1777350272450,10069077181042,-0.7445967,-1.2306197,9.610326,-0.40561453,-0.21991149,-0.08307768,TREMOR,0f970075d4d1
1777350272471,10069097261608,-0.8762778,-1.2114661,9.555259,-0.46914452,-0.21502456,-0.062308256,TREMOR,0f970075d4d1
1777350272491,10069117311657,-0.8331822,-1.3694834,9.423578,-0.5021312,-0.26633725,-0.029321533,TREMOR,0f970075d4d1
1777350272511,10069137331188,-0.8475474,-1.5370775,9.313444,-0.36163223,-0.28588495,0.032986723,TREMOR,0f970075d4d1
1777350272532,10069157381237,-1.0749966,-1.2186487,9.3733,-0.04642576,-0.25778514,0.103847094,TREMOR,0f970075d4d1
1777350272553,10069177461803,-1.1851299,-1.328782,9.344569,-0.0061086523,-0.27122417,0.14660765,TREMOR,0f970075d4d1
1777350272572,10069197481335,-1.2114661,-1.8148049,9.354146,-0.07574729,-0.28221974,0.12950343,TREMOR,0f970075d4d1
1777350272593,10069217561901,-1.0534488,-1.8674773,9.148245,0.14905111,-0.30787608,0.04642576,TREMOR,0f970075d4d1
1777350272615,10069237611950,-0.7445967,-0.89303726,9.239224,0.58276546,-0.31764993,-0.065973446,TREMOR,0f970075d4d1
1777350272646,10069257661999,-0.5482722,0.25617957,9.540894,0.70738196,-0.29810223,-0.10262536,TREMOR,0f970075d4d1
1777350272648,10069277712047,-0.5602432,0.110133275,9.583989,0.44226643,-0.24678956,-0.032986723,TREMOR,0f970075d4d1
1777350272680,10069297792614,-0.81881696,-0.6607997,9.883265,0.0842994,-0.16982053,0.004886922,TREMOR,0f970075d4d1
1777350272684,10069317842663,-0.93852705,-0.5746084,10.093954,0.015882496,-0.10140363,-0.040317107,TREMOR,0f970075d4d1
1777350272706,10069337892711,-1.0366893,-0.1604115,10.204087,0.059864793,-0.05131268,-0.09162979,TREMOR,0f970075d4d1
1777350272727,10069357973278,-0.94331545,0.0047884034,9.861717,-0.036651913,-0.002443461,-0.087964594,TREMOR,0f970075d4d1
1777350272750,10069377992809,-1.2042835,-0.61052144,9.720459,-0.24678956,0.064751714,-0.036651913,TREMOR,0f970075d4d1
1777350272764,10069398042858,-1.4197617,-1.0199299,9.461885,-0.24923302,0.089186326,-0.012217305,TREMOR,0f970075d4d1
1777350272799,10069418123424,-1.5298948,-1.1133038,9.497798,-0.10995574,0.04520403,-0.015882496,TREMOR,0f970075d4d1
1777350272805,10069438203991,-1.5993267,-0.8643068,9.454702,0.0061086523,0.007330383,-0.02076942,TREMOR,0f970075d4d1
1777350272843,10069458254040,-1.5993267,-0.7685388,9.275137,0.056199603,-0.064751714,-0.0036651916,TREMOR,0f970075d4d1
1777350272850,10069478304088,-1.3551182,-0.8762778,9.425972,0.10751228,-0.10751228,0.017104227,TREMOR,0f970075d4d1
1777350272865,10069498323620,-1.2473791,-0.7134721,9.543288,0.17837265,-0.10873401,0.02321288,TREMOR,0f970075d4d1
1777350272885,10069518373668,-1.1971009,-0.47405192,9.495404,0.1881465,-0.10140363,0.02321288,TREMOR,0f970075d4d1
1777350272920,10069538393200,-1.1683705,-0.60812724,9.629479,0.15027285,-0.06719518,0.02687807,TREMOR,0f970075d4d1
1777350272925,10069558443249,-1.1947067,-0.38067806,9.502586,0.13805555,-0.04153884,0.012217305,TREMOR,0f970075d4d1
1777350272948,10069578462780,-1.13964,-0.2657564,9.500193,0.15515977,-0.032986723,0.0012217305,TREMOR,0f970075d4d1
1777350272964,10069598543346,-1.163582,-0.40940848,9.588778,0.09896017,-0.02076942,0.013439035,TREMOR,0f970075d4d1
1777350273003,10069618593395,-1.2138603,-0.4333505,9.583989,0.05131268,-0.013439035,0.012217305,TREMOR,0f970075d4d1
1777350273007,10069638643444,-1.1851299,-0.5602432,9.552865,0.02076942,-0.02321288,0.013439035,TREMOR,0f970075d4d1
1777350273031,10069658724010,-1.2210429,-0.7278373,9.49301,0.0720821,-0.02443461,0.008552114,TREMOR,0f970075d4d1
1777350273045,10069678774059,-1.2904748,-0.56982,9.445126,0.18203785,-0.02321288,0.010995574,TREMOR,0f970075d4d1
1777350273065,10069698793590,-1.2785037,-0.51954174,9.502586,0.25411993,-0.02076942,0.015882496,TREMOR,0f970075d4d1
1777350273102,10069718813122,-1.2210429,-0.19153613,9.67018,0.2284636,-0.021991149,0.02076942,TREMOR,0f970075d4d1
1777350273105,10069738832653,-1.1707647,-0.007182605,9.662998,0.15760323,-0.018325957,0.0061086523,TREMOR,0f970075d4d1
1777350273131,10069758913219,-1.2880806,-0.031124622,9.473856,0.07574729,0.0012217305,0.002443461,TREMOR,0f970075d4d1
1777350273145,10069778963268,-1.103727,-0.08619126,9.504981,0.02687807,-0.007330383,-0.013439035,TREMOR,0f970075d4d1
1777350273179,10069799013317,-1.0773908,-0.2801216,9.646238,-0.02443461,0.0036651916,-0.014660766,TREMOR,0f970075d4d1
1777350273191,10069819093883,-1.1779473,-0.40701428,9.519346,-0.02076942,0.02076942,-0.010995574,TREMOR,0f970075d4d1
1777350273218,10069839143932,-1.2521675,-0.4381389,9.41879,0.02321288,0.010995574,-0.014660766,TREMOR,0f970075d4d1
1777350273225,10069859193981,-1.0510546,-0.5386954,9.591172,0.080634214,0.014660766,-0.0012217305,TREMOR,0f970075d4d1
1777350273260,10069879213512,-1.2162545,0.22266077,9.660604,0.13683382,0.06352998,-0.014660766,TREMOR,0f970075d4d1
1777350273268,10069899233043,-1.2761095,-0.24660277,9.555259,0.035430185,0.0720821,0.004886922,TREMOR,0f970075d4d1
1777350273301,10069919252575,-1.0821792,-0.2753332,9.485827,0.02443461,0.04886922,-0.012217305,TREMOR,0f970075d4d1
1777350273308,10069939302624,-1.1755531,-0.34955344,9.483433,0.064751714,0.047647487,-0.029321533,TREMOR,0f970075d4d1
1777350273335,10069959352672,-1.3239936,-0.30406362,9.497798,0.09285152,0.087964594,-0.021991149,TREMOR,0f970075d4d1
1777350273346,10069979433239,-1.1923125,-0.7733272,9.8042555,0.13927728,0.09162979,-0.034208454,TREMOR,0f970075d4d1
1777350273368,10069999483288,-1.0319009,-0.7086837,9.9550905,0.34574974,0.089186326,-0.059864793,TREMOR,0f970075d4d1
1777350273398,10070019563854,-0.8643068,-0.7086837,9.809045,0.56688297,0.14049901,-0.06352998,TREMOR,0f970075d4d1
1777350273406,10070039613903,-0.9911995,-0.4333505,9.7563715,0.7110472,0.21013765,-0.035430185,TREMOR,0f970075d4d1
1777350273433,10070059724987,-1.3862427,0.007182605,9.507375,0.8185594,0.29565877,-0.009773844,TREMOR,0f970075d4d1
1777350273447,10070079775036,-1.3910311,0.5315128,9.172187,0.8417723,0.27977628,-0.018325957,TREMOR,0f970075d4d1
1777350273468,10070099794567,-1.2330139,0.4165911,9.186552,0.8368854,0.22968534,-0.08552113,TREMOR,0f970075d4d1
1777350273493,10070119844616,-1.4556746,0.50038815,9.619903,1.0690142,0.28221974,-0.1685988,TREMOR,0f970075d4d1
1777350273514,10070139955700,-1.9009962,0.9768343,9.627085,1.3536774,0.35430184,-0.31031954,TREMOR,0f970075d4d1
1777350273534,10070159975231,-2.5929205,2.8778305,8.99741,1.4245378,0.40561453,-0.31520647,TREMOR,0f970075d4d1
1777350273572,10070180086315,-2.695871,2.908955,8.858546,0.6560693,0.30787608,-0.33353242,TREMOR,0f970075d4d1
1777350273574,10070200166881,-2.0805612,1.3934253,9.157822,-0.10873401,0.16126843,-0.35308012,TREMOR,0f970075d4d1
1777350273599,10070220216930,-1.733402,1.508347,9.591172,-0.059864793,0.087964594,-0.3652974,TREMOR,0f970075d4d1
1777350273632,10070240297497,-1.292869,0.47884035,9.878476,0.111177474,0.06841691,-0.4373795,TREMOR,0f970075d4d1
1777350273634,10070260378063,-1.0749966,-0.34237084,8.549694,0.8881981,0.16737708,-0.5522222,TREMOR,0f970075d4d1
1777350273656,10070280458629,-1.8602947,2.7365725,8.652645,1.6187929,0.312763,-0.52412236,TREMOR,0f970075d4d1
1777350273689,10070300539196,-2.4133554,2.3056161,9.002198,1.1887437,0.31764993,-0.48258355,TREMOR,0f970075d4d1
1777350273690,10070320680797,-2.3008277,-0.4357447,9.531317,0.31764993,0.20525073,-0.54000485,TREMOR,0f970075d4d1
1777350273711,10070340791881,-2.3989902,1.1971009,9.742006,0.17837265,0.09773844,-0.6658431,TREMOR,0f970075d4d1
1777350273732,10070360872448,-2.3415294,4.51307,9.473856,0.40561453,0.18936823,-0.8454375,TREMOR,0f970075d4d1
1777350273756,10070380922497,-2.1978772,5.3342814,8.765172,0.79412484,0.24556783,-0.65484756,TREMOR,0f970075d4d1
1777350273773,10070401064098,-3.3375173,-0.7015011,7.6734166,1.1765264,0.35918877,-0.41783184,TREMOR,0f970075d4d1
1777350273794,10070421175182,-3.0909145,3.833117,7.630321,1.8167132,0.18081611,-0.2687807,TREMOR,0f970075d4d1
1777350273817,10070441255749,-2.5354595,3.7588966,8.889671,0.79901177,0.007330383,-0.018325957,TREMOR,0f970075d4d1
1777350273827,10070461275280,-2.7389667,1.4700398,9.392453,-0.26145032,0.1160644,0.10629055,TREMOR,0f970075d4d1
1777350273848,10070481325329,-2.9640217,2.4229321,9.334992,-0.20769419,0.16249016,0.15149458,TREMOR,0f970075d4d1
1777350273881,10070501344860,-3.0358477,2.7269957,8.870518,-0.029321533,0.12095132,0.1685988,TREMOR,0f970075d4d1
1777350273888,10070521425426,-2.9783869,2.5953147,8.535329,0.06352998,0.07941248,0.1441642,TREMOR,0f970075d4d1
1777350273922,10070541444958,-2.6982653,2.906561,8.825027,0.1685988,0.047647487,0.12217305,TREMOR,0f970075d4d1
1777350273927,10070561464489,-2.4995465,3.1387985,8.9519205,0.2406809,0.02321288,0.13805555,TREMOR,0f970075d4d1
1777350273952,10070581484020,-2.2649148,3.3686419,8.765172,0.25167647,0.009773844,0.0842994,TREMOR,0f970075d4d1
1777350273981,10070601503551,-2.0470424,2.954445,8.506598,0.18936823,-0.007330383,0.09896017,TREMOR,0f970075d4d1
1777350273988,10070621523083,-0.8523358,4.5082817,7.0006456,0.26389378,0.02687807,0.08552113,TREMOR,0f970075d4d1
1777350274029,10070641542614,-3.3734303,3.608062,8.4587145,0.10629055,0.26633725,-0.03176499,TREMOR,0f970075d4d1
1777350274033,10070661623180,-2.7389667,2.9759927,8.588001,-0.15271631,-0.08552113,-0.13683382,TREMOR,0f970075d4d1
1777350274049,10070681673229,-2.4037786,2.6886885,8.935161,-0.0720821,-0.2846632,-0.10873401,TREMOR,0f970075d4d1
1777350274080,10070701723278,-2.6503813,2.8299465,9.26556,-0.057421334,-0.3115413,-0.11484267,TREMOR,0f970075d4d1
1777350274103,10070721803844,0.10534488,2.528277,8.343793,-0.08552113,-0.15149458,-0.042760566,TREMOR,0f970075d4d1
1777350274134,10070741853893,-4.673482,3.1507695,9.0716305,-0.073303826,0.5009095,-0.12095132,TREMOR,0f970075d4d1
1777350274241,10070761903942,-3.0669725,2.7485435,8.74123,-0.118507855,0.0,0.080634214,TREMOR,0f970075d4d1
1777350274243,10070781953991,-2.27928,2.693477,8.736442,0.0012217305,-0.09040806,0.06352998,TREMOR,0f970075d4d1
1777350274245,10070801973522,-2.9592333,2.7389667,8.714894,0.111177474,0.081855945,0.105068825,TREMOR,0f970075d4d1
1777350274248,10070821993053,-2.789245,3.086126,8.544906,0.172264,0.036651913,0.03176499,TREMOR,0f970075d4d1
1777350274250,10070842043102,-2.492364,3.086126,8.429984,0.11728613,-0.05375614,0.05375614,TREMOR,0f970075d4d1
1777350274252,10070862093151,-2.4468741,3.2513258,8.360553,0.008552114,-0.04886922,0.052534413,TREMOR,0f970075d4d1
1777350274255,10070882143200,-2.3391352,3.3614593,8.647857,-0.043982297,-0.06352998,0.04153884,TREMOR,0f970075d4d1
