# epoch_ms,event_ts_ns,AX,AY,AZ,GX,GY,GZ,label,sessionID
1777351049319,10891514025419,0.8571242,1.400608,9.792285,-0.010995574,0.008552114,-6.1086525E-4,TREMOR,f50d836cae05
1777351049327,10891522114418,0.91697925,1.3144168,9.662998,-0.010995574,0.008552114,-6.1086525E-4,TREMOR,f50d836cae05
1777351049335,10891530108801,0.81402856,1.30484,9.667787,-0.010995574,0.008552114,-6.1086525E-4,TREMOR,f50d836cae05
1777351049343,10891538105724,0.7565677,1.1899183,9.763555,-0.010995574,0.008552114,-6.1086525E-4,TREMOR,f50d836cae05
1777351049351,10891546101492,0.7350199,1.0702082,9.868899,-0.010995574,0.008552114,-6.1086525E-4,TREMOR,f50d836cae05
1777351049359,10891554095568,0.6799533,1.0319009,10.043676,-0.010995574,0.008552114,-6.1086525E-4,TREMOR,f50d836cae05
1777351049367,10891562092874,0.6344634,1.127669,10.172963,-0.010995574,0.008552114,-6.1086525E-4,TREMOR,f50d836cae05
1777351049375,10891570119567,0.6679823,1.3383588,10.314221,-0.010995574,0.008552114,-6.1086525E-4,TREMOR,f50d836cae05
1777351049383,10891578114412,0.6679823,1.3694834,10.242394,-0.010995574,0.008552114,-6.1086525E-4,TREMOR,f50d836cae05
1777351049391,10891586109488,0.62728083,1.271321,9.854534,-0.010995574,0.008552114,-6.1086525E-4,TREMOR,f50d836cae05
1777351049399,10891594105410,0.6847417,1.3263878,9.370906,-0.010995574,0.008552114,-6.1086525E-4,TREMOR,f50d836cae05
1777351049407,10891602100794,0.878672,1.4628572,9.205706,-0.010995574,0.008552114,-6.1086525E-4,TREMOR,f50d836cae05
1777351049415,10891610095639,0.94810385,1.5107412,9.409213,-0.010995574,0.008552114,-6.1086525E-4,TREMOR,f50d836cae05
1777351049423,10891618090715,0.8379706,1.4628572,9.799467,-0.018325957,0.014660766,-0.0018325958,TREMOR,f50d836cae05
1777351049431,10891626118715,0.80205756,1.2785037,10.081984,-0.015882496,0.0,0.0018325958,TREMOR,f50d836cae05
1777351049439,10891634113791,0.842759,1.2186487,9.981427,0.0067195175,-0.009162978,0.004886922,TREMOR,f50d836cae05
1777351049447,10891642109713,0.8499416,1.3120226,9.7803135,0.02687807,0.002443461,0.0018325958,TREMOR,f50d836cae05
1777351049455,10891650103558,0.80684596,1.2976574,9.7324295,0.028099801,0.017104227,0.0018325958,TREMOR,f50d836cae05
1777351049463,10891658101403,0.7469909,1.1851299,9.82341,0.01160644,0.013439035,0.0,TREMOR,f50d836cae05
1777351049471,10891666096171,0.6488287,1.127669,10.000581,-0.0030543262,0.0067195175,-6.1086525E-4,TREMOR,f50d836cae05
1777351049479,10891674091018,0.6607997,1.1611878,10.096349,-0.0061086523,0.004886922,-6.1086525E-4,TREMOR,f50d836cae05
1777351049487,10891682116786,0.6967127,1.2425907,10.012551,-0.0036651916,0.008552114,0.0012217305,TREMOR,f50d836cae05
1777351049495,10891690113708,0.6943185,1.2210429,9.952697,-0.01038471,0.0036651916,0.0012217305,TREMOR,f50d836cae05
1777351049503,10891698111245,0.6560113,1.2425907,9.883265,-0.018325957,-0.012217305,6.1086525E-4,TREMOR,f50d836cae05
1777351049511,10891706103937,0.6584055,1.2761095,9.691729,-0.010995574,-0.019547688,-0.0012217305,TREMOR,f50d836cae05
1777351049519,10891714101090,0.7158663,1.3718776,9.507375,0.004886922,-0.009773844,-6.1086525E-4,TREMOR,f50d836cae05
1777351049527,10891722094627,0.8762778,1.4556746,9.56723,0.002443461,0.0036651916,0.002443461,TREMOR,f50d836cae05
1777351049535,10891730092242,0.89064306,1.5035586,9.758766,-0.005497787,-0.0012217305,0.0012217305,TREMOR,f50d836cae05
1777351049543,10891738117780,0.8451532,1.4149733,9.91439,-0.008552114,-0.0061086523,0.0018325958,TREMOR,f50d836cae05
1777351049551,10891746114317,0.80684596,1.3192052,9.861717,0.004276057,-0.0018325958,0.0018325958,TREMOR,f50d836cae05
1777351049559,10891754109086,0.78769237,1.2808979,9.734824,0.017715093,0.0067195175,6.1086525E-4,TREMOR,f50d836cae05
1777351049567,10891762103008,0.7733272,1.283292,9.696517,0.021380283,0.010995574,0.0012217305,TREMOR,f50d836cae05
1777351049575,10891770099314,0.7398083,1.2593501,9.832987,0.009162978,0.005497787,-6.1086525E-4,TREMOR,f50d836cae05
1777351049583,10891778096161,0.7254431,1.2449849,10.048465,-0.005497787,0.0018325958,-6.1086525E-4,TREMOR,f50d836cae05
1777351049591,10891786091621,0.7206547,1.2473791,10.187328,-0.01282817,0.0036651916,0.0,TREMOR,f50d836cae05
1777351049599,10891794117774,0.7254431,1.2593501,10.058042,-6.1086525E-4,0.0036651916,6.1086525E-4,TREMOR,f50d836cae05
1777351049607,10891802113773,0.7302315,1.30484,9.844957,0.004886922,-0.002443461,0.0012217305,TREMOR,f50d836cae05
1777351049615,10891810107541,0.7493851,1.3335704,9.593566,0.008552114,-0.009162978,0.0018325958,TREMOR,f50d836cae05
1777351049623,10891818105463,0.7350199,1.3383588,9.540894,0.005497787,-0.013439035,-0.0018325958,TREMOR,f50d836cae05
1777351049631,10891826099539,0.7469909,1.3024458,9.648633,-6.1086525E-4,-0.009162978,0.0,TREMOR,f50d836cae05
1777351049639,10891834095924,0.7733272,1.2354081,9.818622,-0.0030543262,0.004886922,-6.1086525E-4,TREMOR,f50d836cae05
1777351049647,10891842121154,0.7517793,1.1875241,10.007763,-0.0036651916,0.0067195175,0.0,TREMOR,f50d836cae05
1777351049655,10891850116153,0.7062895,1.1420342,10.081984,-0.0012217305,0.0030543262,-0.0012217305,TREMOR,f50d836cae05
1777351049663,10891858113460,0.641646,0.93373865,9.964667,-0.0036651916,0.004886922,-0.004276057,TREMOR,f50d836cae05
1777351049671,10891866110074,0.48362875,1.0486604,10.012551,-0.021991149,0.02321288,-0.007941248,TREMOR,f50d836cae05
1777351049679,10891874103534,0.5530606,1.2473791,10.084377,-0.02565634,0.019547688,-0.0036651916,TREMOR,f50d836cae05
1777351049687,10891882098304,0.78290397,1.2234371,9.818622,-0.007330383,-0.017715093,0.002443461,TREMOR,f50d836cae05
1777351049695,10891890095303,0.93134445,1.283292,9.651027,0.0,-0.047036625,0.0,TREMOR,f50d836cae05
1777351049703,10891898089148,0.9792285,1.4269443,9.593566,-0.004276057,-0.037873644,-0.0030543262,TREMOR,f50d836cae05
1777351049711,10891906116839,0.93134445,1.4413095,9.536105,-0.0018325958,0.004886922,-0.0030543262,TREMOR,f50d836cae05
1777351049719,10891914114300,0.8379706,1.3623008,9.622296,-0.004886922,0.02687807,-0.002443461,TREMOR,f50d836cae05
1777351049727,10891922108453,0.6775591,1.3311762,9.892841,-0.01160644,0.028099801,-0.004886922,TREMOR,f50d836cae05
1777351049735,10891930102682,0.6727707,1.4413095,9.986216,-0.0067195175,0.01038471,-0.0012217305,TREMOR,f50d836cae05
1777351049743,10891938099836,0.8643068,1.7238252,9.933543,0.0036651916,-0.005497787,0.004886922,TREMOR,f50d836cae05
1777351049751,10891946094066,1.055843,1.6472107,9.672575,0.022602014,-0.023823744,0.01282817,TREMOR,f50d836cae05
1777351049759,10891954120450,0.9816227,1.4269443,9.52174,0.018936822,-0.02687807,0.008552114,TREMOR,f50d836cae05
1777351049767,10891962115295,0.82360536,1.3742718,9.636662,0.0067195175,-0.0018325958,0.0012217305,TREMOR,f50d836cae05
1777351049775,10891970111832,0.7661445,1.2210429,9.742006,0.008552114,0.029932396,0.0061086523,TREMOR,f50d836cae05
1777351049783,10891978107216,0.6967127,0.9888053,9.866506,0.01160644,0.036651913,0.004886922,TREMOR,f50d836cae05
1777351049791,10891986102678,0.6631939,0.93134445,10.101137,0.0036651916,0.01282817,0.0030543262,TREMOR,f50d836cae05
1777351049799,10891994099292,0.5650316,0.91937345,10.247183,-0.0030543262,-0.0012217305,-0.002443461,TREMOR,f50d836cae05
1777351049807,10892002095214,0.49081135,1.0606314,10.177752,-0.007330383,0.012217305,-0.0036651916,TREMOR,f50d836cae05
1777351049815,10892010090905,0.38067806,1.2689269,10.175357,-0.021991149,0.0421497,-0.0067195175,TREMOR,f50d836cae05
1777351049823,10892018116828,0.5722142,1.1755531,9.9790325,-0.021380283,-0.005497787,0.005497787,TREMOR,f50d836cae05
1777351049831,10892026113980,0.7302315,1.2066777,9.619903,-0.0067195175,-0.06536258,0.0018325958,TREMOR,f50d836cae05
1777351049839,10892034108133,0.90261406,1.4532804,9.339781,0.004276057,-0.065973446,-0.004886922,TREMOR,f50d836cae05
1777351049847,10892042103595,1.091756,1.5514427,9.299079,0.008552114,-0.017715093,-0.0018325958,TREMOR,f50d836cae05
1777351049855,10892050098671,0.9720459,1.4149733,9.56723,-0.007330383,0.029321533,-0.004276057,TREMOR,f50d836cae05
1777351049863,10892058094670,0.7302315,1.2880806,9.938332,-0.021380283,0.036651913,-0.0061086523,TREMOR,f50d836cae05
1777351049871,10892066120207,0.7110779,1.2330139,10.180145,-0.017104227,0.020158553,-0.0030543262,TREMOR,f50d836cae05
1777351049879,10892074118283,0.78769237,1.2761095,10.067618,0.0018325958,-0.0061086523,0.0018325958,TREMOR,f50d836cae05
1777351049887,10892082112436,0.79966336,1.3623008,9.832987,0.015882496,-0.021380283,0.002443461,TREMOR,f50d836cae05
1777351049895,10892090107898,0.92176765,1.532289,9.775525,0.007941248,-0.0067195175,0.005497787,TREMOR,f50d836cae05
1777351049903,10892098103589,1.0630256,1.5873557,9.768343,6.1086525E-4,-6.1086525E-4,0.010995574,TREMOR,f50d836cae05
1777351049911,10892106099588,0.91697925,1.4700398,9.727641,-0.0012217305,-0.002443461,0.0067195175,TREMOR,f50d836cae05
1777351049919,10892114093433,0.7469909,1.3814543,9.672575,0.0036651916,0.004276057,0.0018325958,TREMOR,f50d836cae05
1777351049927,10892122089971,0.6751649,1.1994951,9.619903,0.009162978,0.020158553,0.004276057,TREMOR,f50d836cae05
1777351049935,10892130114354,0.6655881,1.1587936,9.713276,0.004886922,0.020158553,0.0036651916,TREMOR,f50d836cae05
1777351049943,10892138110276,0.5243302,1.1348516,9.895236,-0.0012217305,0.007941248,-0.002443461,TREMOR,f50d836cae05
1777351049951,10892146105738,0.5267244,1.1563994,10.048465,-0.007941248,0.01160644,-0.004276057,TREMOR,f50d836cae05
1777351049959,10892154103506,0.61530983,1.1683705,10.058042,-0.007941248,0.014049901,0.0030543262,TREMOR,f50d836cae05
1777351049967,10892162099197,0.7374141,1.1827357,9.986216,-0.002443461,0.0036651916,0.004886922,TREMOR,f50d836cae05
1777351049975,10892170095889,0.79487497,1.2330139,9.847352,0.0036651916,-0.020158553,6.1086525E-4,TREMOR,f50d836cae05
1777351049983,10892178089734,0.78769237,1.3072342,9.660604,0.0036651916,-0.02443461,-0.002443461,TREMOR,f50d836cae05
1777351049991,10892186115271,0.82121116,1.127669,9.600749,0.0030543262,-0.0012217305,-0.004276057,TREMOR,f50d836cae05
1777351049999,10892194110964,0.6991069,1.1540052,9.864111,-0.015882496,0.022602014,-0.0067195175,TREMOR,f50d836cae05
1777351050007,10892202105963,0.5770026,1.2354081,9.933543,-0.013439035,0.0061086523,-0.01038471,TREMOR,f50d836cae05
1777351050015,10892210102654,0.6775591,1.2785037,9.809045,0.007330383,0.002443461,-0.005497787,TREMOR,f50d836cae05
1777351050023,10892218097345,0.81642276,1.364695,9.758766,0.013439035,-0.010995574,-0.0018325958,TREMOR,f50d836cae05
1777351050031,10892226094037,0.8834604,1.4077905,9.773131,0.004886922,-0.02687807,-6.1086525E-4,TREMOR,f50d836cae05
1777351050039,10892234118343,0.8571242,1.3623008,9.821015,-0.01038471,-0.01038471,-0.0036651916,TREMOR,f50d836cae05
1777351050047,10892242115496,0.79487497,1.2880806,9.911995,-0.01160644,0.004276057,-0.0030543262,TREMOR,f50d836cae05
1777351050055,10892250110650,0.7350199,1.2521675,9.935937,-0.0067195175,0.007941248,-6.1086525E-4,TREMOR,f50d836cae05
1777351050063,10892258106880,0.78769237,1.2976574,9.890448,-0.0018325958,0.0012217305,-0.0036651916,TREMOR,f50d836cae05
1777351050071,10892266100802,0.79008657,1.352724,9.813833,-6.1086525E-4,-0.01282817,-0.002443461,TREMOR,f50d836cae05
1777351050079,10892274096801,0.7517793,1.4101849,9.718064,-0.0012217305,-0.017104227,-6.1086525E-4,TREMOR,f50d836cae05
1777351050087,10892282094339,0.81881696,1.5370775,9.720459,-0.002443461,-0.004886922,0.004886922,TREMOR,f50d836cae05
1777351050095,10892290120107,1.0031705,1.6160861,9.730036,6.1086525E-4,0.0018325958,0.012217305,TREMOR,f50d836cae05
1777351050103,10892298117030,1.055843,1.4676456,9.598354,0.01038471,-0.005497787,0.01282817,TREMOR,f50d836cae05
1777351050111,10892306111260,0.78769237,1.340753,9.560047,0.013439035,0.0030543262,0.002443461,TREMOR,f50d836cae05
1777351050119,10892314108182,0.6607997,1.2378023,9.639056,0.009162978,0.023823744,0.004276057,TREMOR,f50d836cae05
1777351050127,10892322100796,0.7062895,1.1324574,9.842564,0.012217305,0.03481932,0.007941248,TREMOR,f50d836cae05
1777351050135,10892330097641,0.7254431,1.0486604,9.988609,0.014049901,0.012217305,0.01038471,TREMOR,f50d836cae05
1777351050143,10892338092102,0.6560113,0.92895025,10.105926,0.009773844,-0.008552114,0.005497787,TREMOR,f50d836cae05
1777351050151,10892346118332,0.58897364,1.1803415,10.204087,-0.010995574,0.01160644,-0.0036651916,TREMOR,f50d836cae05
1777351050159,10892354115178,0.47884035,1.3144168,10.2495775,-0.017104227,0.04153884,6.1086525E-4,TREMOR,f50d836cae05
1777351050167,10892362109023,0.5793968,1.2282255,9.844957,-6.1086525E-4,0.0421497,0.007330383,TREMOR,f50d836cae05
1777351050175,10892370106022,0.49559975,0.9911995,9.459491,0.01160644,-0.013439035,0.0,TREMOR,f50d836cae05
1777351050183,10892378100790,0.62967503,1.043872,9.648633,-0.007941248,-0.048258353,-0.0030543262,TREMOR,f50d836cae05
1777351050191,10892386096405,0.7445967,1.3934253,9.962274,-0.03726278,-0.028710667,-0.009162978,TREMOR,f50d836cae05
1777351050199,10892394092481,0.9624691,1.3694834,9.89763,-0.014049901,0.015271631,0.0012217305,TREMOR,f50d836cae05
1777351050207,10892402119480,0.85473,1.271321,9.794679,0.0067195175,0.044593163,-0.0018325958,TREMOR,f50d836cae05
1777351050215,10892410115172,0.6943185,1.3215994,9.742006,0.007330383,0.017104227,-0.007941248,TREMOR,f50d836cae05
1777351050223,10892418111863,0.7757214,1.4437037,9.694122,-6.1086525E-4,-0.045814894,-0.008552114,TREMOR,f50d836cae05
1777351050231,10892426107247,0.90740246,1.460463,9.672575,-6.1086525E-4,-0.05497787,-0.004886922,TREMOR,f50d836cae05
1777351050239,10892434103477,1.0486604,1.2880806,9.715671,-0.0018325958,-0.021380283,0.0018325958,TREMOR,f50d836cae05
1777351050247,10892442097322,0.9888053,1.292869,9.847352,-0.0036651916,0.013439035,0.0030543262,TREMOR,f50d836cae05
1777351050255,10892450094629,0.81881696,1.6807296,10.127473,-0.008552114,0.028710667,-0.0018325958,TREMOR,f50d836cae05
1777351050263,10892458118552,0.8451532,1.6663644,9.672575,0.032986723,-0.0061086523,0.0067195175,TREMOR,f50d836cae05
1777351050271,10892466112166,1.0007763,1.4437037,9.466674,0.030543262,-0.002443461,0.013439035,TREMOR,f50d836cae05
1777351050279,10892474111550,0.81402856,1.3551182,9.701305,-0.004276057,0.0012217305,0.0036651916,TREMOR,f50d836cae05
1777351050287,10892482104780,0.61291564,1.091756,9.775525,-0.018325957,-6.1086525E-4,0.0030543262,TREMOR,f50d836cae05
1777351050295,10892490099856,0.557849,0.8762778,9.933543,-0.0061086523,0.045814894,0.0030543262,TREMOR,f50d836cae05
1777351050303,10892498097085,0.60094464,1.079785,10.108319,0.012217305,0.04520403,0.002443461,TREMOR,f50d836cae05
1777351050311,10892506092084,0.58657944,1.2449849,9.991004,0.02565634,0.008552114,0.0012217305,TREMOR,f50d836cae05
1777351050319,10892514118623,0.5410896,1.1204864,9.91439,0.007330383,-0.013439035,-0.005497787,TREMOR,f50d836cae05
1777351050327,10892522113622,0.48362875,1.2330139,10.218452,-0.039095376,-0.0067195175,-0.008552114,TREMOR,f50d836cae05
1777351050335,10892530108467,0.7158663,1.1755531,10.065224,-0.032375857,-0.004886922,0.0061086523,TREMOR,f50d836cae05
1777351050343,10892538103774,0.78529817,1.091756,9.646238,0.0061086523,-0.02565634,-0.0012217305,TREMOR,f50d836cae05
1777351050351,10892546099157,0.7661445,1.3144168,9.406818,0.015882496,-0.040317107,-0.01038471,TREMOR,f50d836cae05
1777351050359,10892554098310,0.842759,1.508347,9.409213,0.010995574,-0.02443461,-0.0061086523,TREMOR,f50d836cae05
1777351050367,10892562093003,0.94331545,1.4508862,9.595961,0.0012217305,0.005497787,-6.1086525E-4,TREMOR,f50d836cae05
1777351050375,10892570087771,0.92416185,1.4580688,9.931149,-0.01160644,0.014049901,0.0,TREMOR,f50d836cae05
1777351050383,10892578113616,0.9888053,1.6232687,10.101137,-0.002443461,0.002443461,0.0036651916,TREMOR,f50d836cae05
1777351050391,10892586109077,1.1013328,1.5682021,9.82341,0.02443461,-0.01038471,0.01160644,TREMOR,f50d836cae05
1777351050399,10892594103768,0.8810662,1.5442601,9.56723,0.03176499,-0.007330383,0.0,TREMOR,f50d836cae05
1777351050407,10892602100075,0.7206547,1.3383588,9.536105,0.013439035,0.018936822,0.004276057,TREMOR,f50d836cae05
1777351050415,10892610094920,0.7350199,1.1324574,9.734824,0.0,0.036651913,0.0067195175,TREMOR,f50d836cae05
1777351050423,10892618092381,0.6631939,1.0989386,9.993398,-0.002443461,0.02321288,0.0030543262,TREMOR,f50d836cae05
1777351050431,10892626117611,0.61052144,1.0869676,10.079589,0.0018325958,0.0061086523,0.0012217305,TREMOR,f50d836cae05
1777351050439,10892634114302,0.58897364,0.94570965,10.115502,-0.005497787,0.002443461,0.0,TREMOR,f50d836cae05
1777351050447,10892642108455,0.30406362,0.8379706,10.213664,-0.028710667,0.010995574,-0.012217305,TREMOR,f50d836cae05
1777351050455,10892650103762,0.2896984,1.0845734,10.307038,-0.03970624,0.028099801,-0.009773844,TREMOR,f50d836cae05
1777351050463,10892658100992,0.641646,1.1994951,9.986216,-0.017104227,0.01160644,0.008552114,TREMOR,f50d836cae05
1777351050471,10892666094915,0.79726917,1.2378023,9.536105,0.008552114,-0.043982297,0.002443461,TREMOR,f50d836cae05
1777351050479,10892674092145,0.9648633,1.3694834,9.3182335,0.008552114,-0.06963864,-0.0036651916,TREMOR,f50d836cae05
1777351050487,10892682119144,1.0271125,1.5227122,9.387665,-0.005497787,-0.03176499,-0.0018325958,TREMOR,f50d836cae05
1777351050495,10892690112989,0.93134445,1.484405,9.564836,-0.01038471,0.01282817,-0.0061086523,TREMOR,f50d836cae05
1777351050503,10892698109603,0.8355764,1.4197617,9.825804,-0.008552114,0.032986723,-0.004276057,TREMOR,f50d836cae05
1777351050511,10892706103756,0.94092125,1.7238252,10.101137,-0.0012217305,0.032375857,0.0030543262,TREMOR,f50d836cae05
1777351050519,10892714100140,1.1755531,1.6519991,9.844957,0.03359759,-0.020158553,0.014660766,TREMOR,f50d836cae05
1777351050527,10892722095447,1.0103531,1.5011644,9.507375,0.037873644,-0.039095376,0.002443461,TREMOR,f50d836cae05
1777351050535,10892730090831,0.82121116,1.3814543,9.516952,0.014049901,-0.0061086523,6.1086525E-4,TREMOR,f50d836cae05
1777351050543,10892738117907,0.78290397,1.0941502,9.718064,-6.1086525E-4,0.039095376,0.009162978,TREMOR,f50d836cae05
1777351050551,10892746111521,0.6560113,0.9816227,10.077195,-0.0012217305,0.050701816,0.0012217305,TREMOR,f50d836cae05
1777351050559,10892754109674,0.5363012,0.9648633,10.266336,0.002443461,0.026267206,-6.1086525E-4,TREMOR,f50d836cae05
1777351050567,10892762104366,0.4333505,0.92655605,10.31901,-0.009162978,0.01282817,-0.0018325958,TREMOR,f50d836cae05
1777351050575,10892770101366,0.22744916,1.1109096,10.395624,-0.037873644,0.012217305,-0.01282817,TREMOR,f50d836cae05
1777351050583,10892778094519,0.37828386,1.1899183,10.058042,-0.03726278,-0.0018325958,-6.1086525E-4,TREMOR,f50d836cae05
1777351050591,10892786091825,0.6703765,1.0702082,9.56723,0.0018325958,-0.037873644,0.0061086523,TREMOR,f50d836cae05
1777351050599,10892794117363,0.878672,1.2378023,9.246407,0.013439035,-0.062308256,-0.0012217305,TREMOR,f50d836cae05
1777351050607,10892802112362,0.9648633,1.496376,9.248801,0.0067195175,-0.05009095,-0.0067195175,TREMOR,f50d836cae05
1777351050615,10892810108361,1.0007763,1.5107412,9.449914,-0.0018325958,-0.007941248,-0.004886922,TREMOR,f50d836cae05
1777351050623,10892818103206,0.9624691,1.4030021,9.91439,-0.01282817,0.030543262,-0.0018325958,TREMOR,f50d836cae05
1777351050631,10892826100052,0.878672,1.4628572,10.247183,-0.01282817,0.03176499,0.0012217305,TREMOR,f50d836cae05
1777351050639,10892834095743,1.0199299,1.7645266,10.139444,0.01160644,-0.0018325958,0.0067195175,TREMOR,f50d836cae05
1777351050647,10892842089358,1.1468226,1.5993267,9.55047,0.043982297,-0.03481932,0.012217305,TREMOR,f50d836cae05
1777351050655,10892850117049,0.94092125,1.4556746,9.315839,0.03604105,-0.021991149,0.0030543262,TREMOR,f50d836cae05
1777351050663,10892858112433,0.78290397,1.2641385,9.545682,-0.0012217305,0.028099801,0.0061086523,TREMOR,f50d836cae05
1777351050671,10892866108663,0.7254431,1.0199299,9.856929,-0.007941248,0.047647487,0.007330383,TREMOR,f50d836cae05
1777351050679,10892874105663,0.60333884,0.9935937,10.184934,-0.002443461,0.037873644,6.1086525E-4,TREMOR,f50d836cae05
1777351050687,10892882099431,0.5530606,1.0989386,10.254366,0.0030543262,0.01038471,-6.1086525E-4,TREMOR,f50d836cae05
1777351050695,10892890094507,0.51235914,1.0893618,10.230424,-0.005497787,0.005497787,6.1086525E-4,TREMOR,f50d836cae05
1777351050703,10892898091429,0.36391866,1.1851299,10.232818,-0.034208454,0.012217305,-0.005497787,TREMOR,f50d836cae05
1777351050711,10892906117351,0.39264908,1.1061212,9.868899,-0.02321288,-0.008552114,-0.0018325958,TREMOR,f50d836cae05
1777351050719,10892914113042,0.59615624,1.0869676,9.473856,0.0030543262,-0.034208454,0.0018325958,TREMOR,f50d836cae05
1777351050727,10892922107811,0.80924016,1.3144168,9.313444,0.013439035,-0.047647487,-0.0036651916,TREMOR,f50d836cae05
1777351050735,10892930103426,0.91937345,1.5059528,9.394848,0.007941248,-0.02565634,-0.005497787,TREMOR,f50d836cae05
1777351050743,10892938098194,1.0055647,1.4820108,9.631873,-0.004276057,0.008552114,-0.0012217305,TREMOR,f50d836cae05
1777351050751,10892946093578,0.94092125,1.5394717,10.110714,-0.01282817,0.02687807,-0.0012217305,TREMOR,f50d836cae05
1777351050759,10892954091192,1.0127473,1.6017209,10.16578,0.0012217305,0.009773844,0.0036651916,TREMOR,f50d836cae05
1777351050767,10892962115730,1.0223241,1.5275006,9.706094,0.030543262,-0.015271631,0.008552114,TREMOR,f50d836cae05
1777351050775,10892970113575,0.90021986,1.484405,9.485827,0.031154128,-0.005497787,6.1086525E-4,TREMOR,f50d836cae05
1777351050783,10892978107498,0.81402856,1.2976574,9.572019,0.007330383,0.02321288,0.0030543262,TREMOR,f50d836cae05
1777351050791,10892986101882,0.6895301,1.0486604,9.91439,-0.010995574,0.03359759,0.0012217305,TREMOR,f50d836cae05
1777351050799,10892994099111,0.5793968,1.0726024,10.180145,-0.014049901,0.02076942,-0.004276057,TREMOR,f50d836cae05
1777351050807,10893002094803,0.62967503,1.0702082,10.251971,-0.007941248,0.007330383,-0.0012217305,TREMOR,f50d836cae05
1777351050815,10893010089879,0.60812724,1.0510546,10.146626,-0.013439035,0.0,0.0,TREMOR,f50d836cae05
1777351050823,10893018115724,0.4429273,1.1180922,10.000581,-0.02443461,-0.005497787,-0.005497787,TREMOR,f50d836cae05
1777351050831,10893026113338,0.533907,1.0821792,9.742006,-0.015271631,-0.015271631,-0.002443461,TREMOR,f50d836cae05
1777351050839,10893034107492,0.7158663,1.1420342,9.464279,0.0030543262,-0.026267206,0.0012217305,TREMOR,f50d836cae05
1777351050847,10893042104030,0.79966336,1.352724,9.440337,0.007941248,-0.018325957,-0.0030543262,TREMOR,f50d836cae05
1777351050855,10893050099182,0.8475474,1.4269443,9.586384,0.002443461,-0.004276057,-0.0030543262,TREMOR,f50d836cae05
1777351050863,10893058092412,0.89064306,1.4413095,9.861717,-0.005497787,0.010995574,-0.0012217305,TREMOR,f50d836cae05
1777351050871,10893066090181,0.91219085,1.5394717,10.077195,-0.0036651916,0.009162978,6.1086525E-4,TREMOR,f50d836cae05
1777351050879,10893074116410,1.055843,1.5945383,9.892841,0.014660766,-0.0061086523,0.0061086523,TREMOR,f50d836cae05
1777351050887,10893082111718,1.0366893,1.5346833,9.603143,0.036651913,-0.01038471,0.005497787,TREMOR,f50d836cae05
1777351050895,10893090107486,0.8379706,1.412579,9.52174,0.02565634,0.009162978,-0.0012217305,TREMOR,f50d836cae05
1777351050903,10893098101870,0.7062895,1.271321,9.737218,0.004886922,0.02443461,6.1086525E-4,TREMOR,f50d836cae05
1777351050911,10893106096715,0.6344634,1.2018893,10.005369,-0.008552114,0.029321533,-0.0018325958,TREMOR,f50d836cae05
1777351050919,10893114093945,0.6607997,1.1803415,10.275913,-0.013439035,0.010995574,0.002443461,TREMOR,f50d836cae05
1777351050927,10893122090175,0.7038953,1.1659763,10.242394,-0.01160644,-0.008552114,0.0036651916,TREMOR,f50d836cae05
1777351050935,10893130114174,0.6584055,1.1013328,9.974244,-0.008552114,-0.016493361,6.1086525E-4,TREMOR,f50d836cae05
1777351050943,10893138111481,0.521936,1.0295067,9.718064,-0.0061086523,-0.0030543262,-0.0036651916,TREMOR,f50d836cae05
1777351050951,10893146105942,0.47165772,1.0773908,9.624691,-0.008552114,0.004276057,-0.0067195175,TREMOR,f50d836cae05
1777351050959,10893154101941,0.58657944,1.1468226,9.706094,-0.01038471,0.0012217305,-0.0030543262,TREMOR,f50d836cae05
1777351050967,10893162098478,0.7565677,1.2569559,9.8042555,-0.007941248,-0.014049901,6.1086525E-4,TREMOR,f50d836cae05
1777351050975,10893170093862,0.85473,1.3503298,9.859323,-0.0067195175,-0.019547688,-0.0012217305,TREMOR,f50d836cae05
1777351050983,10893178089861,0.8690952,1.3503298,9.835381,-0.0030543262,-0.008552114,-0.0012217305,TREMOR,f50d836cae05
1777351050991,10893186115168,0.8571242,1.340753,9.8042555,-6.1086525E-4,0.012217305,-6.1086525E-4,TREMOR,f50d836cae05
1777351050999,10893194112091,0.80445176,1.3670892,9.782708,0.0018325958,0.008552114,-6.1086525E-4,TREMOR,f50d836cae05
1777351051007,10893202107090,0.8403648,1.5251064,9.797073,0.004886922,0.0,0.0,TREMOR,f50d836cae05
1777351051015,10893210102474,1.0079589,1.5945383,9.744401,0.01038471,-0.009773844,0.0067195175,TREMOR,f50d836cae05
1777351051023,10893218096703,1.0414777,1.5059528,9.703699,0.009773844,-0.010995574,0.008552114,TREMOR,f50d836cae05
1777351051031,10893226092395,0.8690952,1.4508862,9.722853,0.002443461,0.002443461,0.0012217305,TREMOR,f50d836cae05
1777351051039,10893234121548,0.7781156,1.3455414,9.749189,0.0018325958,0.021380283,0.0036651916,TREMOR,f50d836cae05
1777351051047,10893242114778,0.7134721,1.1300632,9.813833,0.002443461,0.021991149,0.004886922,TREMOR,f50d836cae05
1777351051055,10893250110777,0.62488663,1.0606314,9.907207,-0.0030543262,0.008552114,0.0018325958,TREMOR,f50d836cae05
1777351051063,10893258108084,0.60094464,1.1683705,10.0029745,-0.0067195175,6.1086525E-4,0.0,TREMOR,f50d836cae05
1777351051071,10893266101237,0.6919243,1.1923125,10.005369,-6.1086525E-4,0.0012217305,0.0067195175,TREMOR,f50d836cae05
1777351051079,10893274097236,0.6560113,1.1875241,9.91439,6.1086525E-4,0.002443461,0.0036651916,TREMOR,f50d836cae05
1777351051087,10893282093850,0.581791,1.2138603,9.866506,-6.1086525E-4,0.0012217305,-0.002443461,TREMOR,f50d836cae05
1777351051095,10893290119696,0.61052144,1.2761095,9.794679,-0.0018325958,0.0,-6.1086525E-4,TREMOR,f50d836cae05
1777351051103,10893298115388,0.6512229,1.2737153,9.749189,-0.0036651916,-0.002443461,0.0,TREMOR,f50d836cae05
1777351051111,10893306110848,0.7062895,1.2354081,9.751583,-0.0061086523,-0.004276057,0.0018325958,TREMOR,f50d836cae05
1777351051119,10893314106540,0.80924016,1.2880806,9.876082,-0.010995574,-0.0018325958,0.0018325958,TREMOR,f50d836cae05
1777351051127,10893322101000,0.8690952,1.3239936,9.861717,-0.0067195175,-0.007941248,0.0018325958,TREMOR,f50d836cae05
1777351051135,10893330096999,0.8834604,1.3479356,9.775525,0.002443461,-0.010995574,0.0,TREMOR,f50d836cae05
1777351051143,10893338093844,0.866701,1.3311762,9.715671,0.005497787,6.1086525E-4,0.0012217305,TREMOR,f50d836cae05
1777351051151,10893346119691,0.8523358,1.3263878,9.770737,-6.1086525E-4,0.007330383,0.0,TREMOR,f50d836cae05
1777351051159,10893354114844,0.79008657,1.2665327,9.835381,-0.004276057,0.008552114,6.1086525E-4,TREMOR,f50d836cae05
1777351051167,10893362110766,0.7422025,1.2234371,9.888053,-0.007330383,0.005497787,0.0,TREMOR,f50d836cae05
1777351051175,10893370105611,0.6823475,1.1899183,9.967062,-0.008552114,0.0036651916,-6.1086525E-4,TREMOR,f50d836cae05
1777351051183,10893378100610,0.6440403,1.2090719,9.928755,-0.0061086523,0.0012217305,-0.0012217305,TREMOR,f50d836cae05
1777351051191,10893386098224,0.6368576,1.2018893,9.794679,0.0,6.1086525E-4,-0.002443461,TREMOR,f50d836cae05
1777351051199,10893394094146,0.6727707,1.2521675,9.744401,0.0018325958,-0.0036651916,-0.002443461,TREMOR,f50d836cae05
1777351051207,10893402118454,0.7469909,1.3503298,9.77792,-6.1086525E-4,-0.002443461,-6.1086525E-4,TREMOR,f50d836cae05
1777351051215,10893410115145,0.770933,1.3335704,9.7803135,-6.1086525E-4,-0.0030543262,-0.0012217305,TREMOR,f50d836cae05
1777351051223,10893418111067,0.79248077,1.3335704,9.842564,-0.002443461,0.0012217305,-6.1086525E-4,TREMOR,f50d836cae05
1777351051231,10893426106528,0.80684596,1.3239936,9.878476,-0.002443461,0.007330383,-0.0018325958,TREMOR,f50d836cae05
1777351051239,10893434100296,0.81163436,1.3551182,9.873688,6.1086525E-4,0.002443461,0.0,TREMOR,f50d836cae05
1777351051247,10893442098834,0.8403648,1.4820108,9.8042555,0.007330383,-0.004886922,6.1086525E-4,TREMOR,f50d836cae05
1777351051255,10893450090526,0.9576807,1.5610195,9.725247,0.008552114,-0.005497787,0.007941248,TREMOR,f50d836cae05
1777351051263,10893458119064,0.9720459,1.496376,9.7324295,0.004886922,-6.1086525E-4,0.007941248,TREMOR,f50d836cae05
1777351051271,10893466112678,0.8523358,1.4173675,9.746795,0.0036651916,0.0036651916,0.002443461,TREMOR,f50d836cae05
1777351051279,10893474108985,0.7038953,1.2593501,9.703699,0.009162978,0.0067195175,0.0036651916,TREMOR,f50d836cae05
1777351051287,10893482104676,0.6536171,1.115698,9.739613,0.007330383,0.012217305,6.1086525E-4,TREMOR,f50d836cae05
1777351051295,10893490100367,0.58657944,1.067814,9.907207,-0.0030543262,0.01038471,-0.0012217305,TREMOR,f50d836cae05
1777351051303,10893498096366,0.6344634,1.151611,10.084377,-0.007941248,0.005497787,0.0012217305,TREMOR,f50d836cae05
1777351051311,10893506092674,0.6560113,1.1444284,10.13705,-0.009773844,-6.1086525E-4,0.0030543262,TREMOR,f50d836cae05
1777351051319,10893514086827,0.6895301,1.2114661,10.060435,-0.007941248,-0.005497787,6.1086525E-4,TREMOR,f50d836cae05
1777351051327,10893522114441,0.6751649,1.0869676,9.797073,-0.0018325958,-0.01038471,0.0,TREMOR,f50d836cae05
1777351051335,10893530109825,0.5746084,1.0582372,9.6845455,-0.010995574,-6.1086525E-4,-0.007330383,TREMOR,f50d836cae05
1777351051343,10893538104362,0.641646,1.1707647,9.770737,-0.019547688,0.007330383,-0.0061086523,TREMOR,f50d836cae05
1777351051351,10893546099438,0.78290397,1.1923125,9.799467,-0.010995574,0.0036651916,0.0018325958,TREMOR,f50d836cae05
1777351051359,10893554096592,0.8571242,1.2545617,9.797073,-6.1086525E-4,-0.010995574,-0.0012217305,TREMOR,f50d836cae05
1777351051367,10893562092284,0.85473,1.3670892,9.792285,0.0012217305,-0.01282817,-0.0018325958,TREMOR,f50d836cae05
1777351051375,10893570118129,0.8882488,1.3910311,9.749189,0.004886922,0.0,-0.0018325958,TREMOR,f50d836cae05
1777351051383,10893578113205,0.8499416,1.376666,9.746795,0.0061086523,0.01160644,-0.0018325958,TREMOR,f50d836cae05
1777351051391,10893586108973,0.7637503,1.328782,9.813833,0.004886922,0.01160644,-6.1086525E-4,TREMOR,f50d836cae05
1777351051399,10893594106741,0.78529817,1.3862427,9.900024,-0.0012217305,0.008552114,0.0012217305,TREMOR,f50d836cae05
1777351051407,10893602100971,0.842759,1.4820108,9.959879,0.0,-0.0061086523,0.005497787,TREMOR,f50d836cae05
1777351051415,10893610094740,0.9768343,1.5921441,9.844957,0.0067195175,-0.013439035,0.009773844,TREMOR,f50d836cae05
1777351051423,10893618092047,1.0869676,1.496376,9.703699,0.012217305,-0.01282817,0.017104227,TREMOR,f50d836cae05
1777351051431,10893626117584,0.90261406,1.3958195,9.6845455,0.0036651916,0.009162978,0.009162978,TREMOR,f50d836cae05
1777351051439,10893634113583,0.6751649,1.3599066,9.710882,0.005497787,0.019547688,0.002443461,TREMOR,f50d836cae05
1777351051447,10893642109582,0.5722142,1.3000516,9.672575,0.01282817,0.02321288,0.0036651916,TREMOR,f50d836cae05
1777351051455,10893650103735,0.545878,1.2042835,9.706094,0.017104227,0.01282817,0.005497787,TREMOR,f50d836cae05
1777351051463,10893658100889,0.62249243,1.2330139,9.902418,0.008552114,-0.0061086523,0.004276057,TREMOR,f50d836cae05
1777351051471,10893666096350,0.6727707,1.2401965,10.060435,-0.0036651916,-0.009773844,0.0036651916,TREMOR,f50d836cae05
1777351051479,10893674092272,0.7134721,1.2401965,10.110714,-0.007330383,0.002443461,0.0036651916,TREMOR,f50d836cae05
1777351051487,10893682116963,0.6991069,1.0366893,9.981427,-0.004276057,0.007941248,-0.002443461,TREMOR,f50d836cae05
1777351051495,10893690112578,0.5554548,0.93852705,9.911995,-0.009773844,0.005497787,-0.007330383,TREMOR,f50d836cae05
1777351051503,10893698108038,0.581791,1.0726024,9.907207,-0.015271631,-0.0030543262,-0.008552114,TREMOR,f50d836cae05
1777351051511,10893706103345,0.7422025,1.103727,9.847352,-0.009162978,-0.0067195175,-0.0018325958,TREMOR,f50d836cae05
1777351051519,10893714099037,0.830788,1.1420342,9.801862,-0.005497787,-0.014660766,-0.0030543262,TREMOR,f50d836cae05
1777351051527,10893722096036,0.842759,1.2306197,9.770737,-0.0061086523,-0.017715093,-0.0030543262,TREMOR,f50d836cae05
1777351051535,10893730090112,0.8619126,1.3431472,9.739613,-0.0036651916,-0.0030543262,-6.1086525E-4,TREMOR,f50d836cae05
1777351051543,10893738119419,0.82121116,1.3623008,9.720459,0.0036651916,0.008552114,-6.1086525E-4,TREMOR,f50d836cae05
1777351051551,10893746113572,0.770933,1.4341269,9.7803135,0.004276057,0.01282817,6.1086525E-4,TREMOR,f50d836cae05
1777351051559,10893754109186,0.7062895,1.4820108,9.880871,0.0036651916,0.01160644,-6.1086525E-4,TREMOR,f50d836cae05
1777351051567,10893762104955,0.6536171,1.3862427,9.828198,0.002443461,0.005497787,0.002443461,TREMOR,f50d836cae05
1777351051575,10893770100262,0.6631939,1.352724,9.878476,-0.005497787,-0.0030543262,0.002443461,TREMOR,f50d836cae05
1777351051583,10893778095107,0.7493851,1.4652514,9.962274,-0.01160644,-0.007941248,0.005497787,TREMOR,f50d836cae05
1777351051591,10893786090722,1.0127473,1.6831238,9.837775,0.0018325958,-0.017715093,0.013439035,TREMOR,f50d836cae05
1777351051599,10893794118105,1.2306197,1.6472107,9.615114,0.017104227,-0.023823744,0.017715093,TREMOR,f50d836cae05
1777351051607,10893802113181,1.0534488,1.5251064,9.593566,0.012217305,-0.007330383,0.009773844,TREMOR,f50d836cae05
1777351051615,10893810107642,0.7206547,1.42455,9.607931,0.004276057,0.021380283,0.0012217305,TREMOR,f50d836cae05
1777351051623,10893818104949,0.60094464,1.3359646,9.622296,0.014049901,0.028710667,0.005497787,TREMOR,f50d836cae05
1777351051631,10893826098718,0.6991069,1.2761095,9.569624,0.030543262,0.009162978,0.008552114,TREMOR,f50d836cae05
1777351051639,10893834097486,0.7350199,1.0582372,9.598354,0.03481932,-0.020158553,0.01038471,TREMOR,f50d836cae05
1777351051647,10893842090485,0.7110779,0.90261406,10.019734,0.010995574,-0.014660766,0.0030543262,TREMOR,f50d836cae05
1777351051655,10893850118715,0.7469909,0.9792285,10.407595,-0.026267206,0.012217305,0.004276057,TREMOR,f50d836cae05
1777351051663,10893858112945,0.7278373,0.93852705,10.608707,-0.037873644,0.03481932,0.0030543262,TREMOR,f50d836cae05
1777351051671,10893866107637,0.32800564,0.7158663,10.529699,-0.03726278,0.047647487,-0.012217305,TREMOR,f50d836cae05
1777351051679,10893874105482,-0.23223756,0.7469909,10.290278,-0.032986723,0.026267206,-0.031154128,TREMOR,f50d836cae05
1777351051687,10893882099712,0.33039984,1.2737153,10.0029745,-0.030543262,6.1086525E-4,0.002443461,TREMOR,f50d836cae05
1777351051695,10893890095634,1.0390835,1.4987702,9.64145,-0.01038471,-0.036651913,0.016493361,TREMOR,f50d836cae05
1777351051703,10893898089864,1.2138603,1.541866,9.176975,-0.0012217305,-0.07086037,0.0018325958,TREMOR,f50d836cae05
1777351051711,10893906115632,0.94810385,1.4867992,9.062054,-0.007941248,-0.06963864,-0.014660766,TREMOR,f50d836cae05
1777351051719,10893914113862,0.94331545,1.5155296,9.217676,-0.012217305,-0.02321288,-0.007941248,TREMOR,f50d836cae05
1777351051727,10893922108246,1.055843,1.6136919,9.55047,-0.0061086523,0.04153884,-0.0012217305,TREMOR,f50d836cae05
1777351051735,10893930104015,0.9600749,1.5705963,9.82341,0.0,0.032375857,-0.009773844,TREMOR,f50d836cae05
1777351051743,10893938099398,0.80445176,1.661576,10.146626,0.002443461,0.010995574,-0.009162978,TREMOR,f50d836cae05
1777351051751,10893946095397,0.9935937,2.0805612,10.177752,0.014049901,0.0012217305,0.004276057,TREMOR,f50d836cae05
1777351051759,10893954089243,1.3623008,1.6400281,9.504981,0.048258353,-0.021991149,0.02565634,TREMOR,f50d836cae05
1777351051767,10893962117472,1.055843,1.3072342,9.454702,0.01282817,-0.014660766,0.004886922,TREMOR,f50d836cae05
1777351051775,10893970111702,0.62967503,1.0726024,9.828198,-0.026267206,0.009162978,-0.0012217305,TREMOR,f50d836cae05
1777351051783,10893978106779,0.5793968,0.9672575,9.983821,-0.02321288,0.03359759,0.008552114,TREMOR,f50d836cae05
1777351051791,10893986102470,0.6679823,0.90979666,10.014946,0.002443461,0.04520403,0.01282817,TREMOR,f50d836cae05
1777351051799,10893994100008,0.60812724,0.8451532,9.974244,0.028099801,0.013439035,0.004276057,TREMOR,f50d836cae05
1777351051807,10894002093468,0.50278234,0.85473,9.967062,0.014660766,-0.0012217305,-0.0012217305,TREMOR,f50d836cae05
1777351051815,10894010090390,0.4165911,0.9600749,10.149021,-0.02076942,0.009162978,-0.0012217305,TREMOR,f50d836cae05
1777351051823,10894018116005,0.14604631,0.89782566,10.175357,-0.040927973,0.03359759,-0.009162978,TREMOR,f50d836cae05
1777351051831,10894026110697,0.29688102,0.94810385,9.964667,-0.027488936,0.039095376,-0.004276057,TREMOR,f50d836cae05
1777351051839,10894034108542,0.7278373,1.103727,9.701305,0.018936822,-0.016493361,0.008552114,TREMOR,f50d836cae05
1777351051847,10894042102157,1.0079589,1.3192052,9.351752,0.04337143,-0.061086524,-6.1086525E-4,TREMOR,f50d836cae05
1777351051855,10894050099617,0.9696517,1.5011644,9.255983,0.037873644,-0.056199603,-0.01160644,TREMOR,f50d836cae05
1777351051863,10894058093232,0.8643068,1.553837,9.512163,0.017104227,-0.0018325958,-0.008552114,TREMOR,f50d836cae05
1777351051871,10894066120615,0.89064306,1.5011644,9.933543,0.008552114,0.054367006,-0.0012217305,TREMOR,f50d836cae05
1777351051879,10894074116537,0.8834604,1.5346833,10.189722,0.014660766,0.035430185,-6.1086525E-4,TREMOR,f50d836cae05
1777351051887,10894082110076,0.9768343,1.7717092,10.254366,0.021991149,0.0018325958,0.004276057,TREMOR,f50d836cae05
1777351051895,10894090106460,1.2186487,1.7932571,10.022128,0.029321533,-0.023823744,0.019547688,TREMOR,f50d836cae05
1777351051903,10894098103074,1.0534488,1.5658079,9.713276,0.023823744,-0.021991149,0.017104227,TREMOR,f50d836cae05
1777351051911,10894106098381,0.7445967,1.3814543,9.548077,0.0036651916,0.01038471,0.002443461,TREMOR,f50d836cae05
1777351051919,10894114095610,0.5410896,1.1563994,9.524135,0.002443461,0.027488936,0.009162978,TREMOR,f50d836cae05
1777351051927,10894122118379,0.6607997,1.0342951,9.629479,0.010995574,0.03604105,0.015882496,TREMOR,f50d836cae05
1777351051935,10894130115917,0.6464345,1.0007763,9.837775,0.017715093,0.0061086523,0.004276057,TREMOR,f50d836cae05
1777351051943,10894138110378,0.5554548,1.0630256,10.120291,0.0018325958,-0.014660766,-0.0061086523,TREMOR,f50d836cae05
1777351051951,10894146107069,0.47165772,0.9816227,10.213664,-0.018936822,0.002443461,-0.002443461,TREMOR,f50d836cae05
1777351051959,10894154102684,0.39743748,0.90021986,10.33098,-0.03604105,0.040317107,-0.002443461,TREMOR,f50d836cae05
1777351051967,10894162097836,0.36870706,0.93373865,10.201694,-0.02565634,0.02076942,-0.007330383,TREMOR,f50d836cae05
1777351051975,10894170093220,0.49559975,1.1204864,9.861717,0.0067195175,-0.031154128,-0.0061086523,TREMOR,f50d836cae05
1777351051983,10894178087911,0.80924016,1.4077905,9.32781,0.04153884,-0.06536258,-0.0036651916,TREMOR,f50d836cae05
1777351051991,10894186115373,0.8738836,1.5442601,9.229648,0.029932396,-0.032375857,-0.009773844,TREMOR,f50d836cae05
1777351051999,10894194112603,0.8355764,1.5514427,9.61272,0.004276057,0.0012217305,-0.007330383,TREMOR,f50d836cae05
1777351052007,10894202106140,0.7613561,1.4700398,10.041282,-0.0061086523,0.004886922,-0.0036651916,TREMOR,f50d836cae05
1777351052015,10894210101216,0.62488663,1.3910311,10.340557,0.0012217305,-0.016493361,-0.004886922,TREMOR,f50d836cae05
1777351052023,10894218098138,0.6871359,1.4341269,10.335769,0.02321288,-0.077579886,0.005497787,TREMOR,f50d836cae05
1777351052031,10894226093753,0.7134721,1.5921441,9.969456,0.044593163,-0.12461651,0.012217305,TREMOR,f50d836cae05
1777351052039,10894234121522,0.8571242,1.6256629,9.543288,0.05497787,-0.15515977,0.02321288,TREMOR,f50d836cae05
1777351052047,10894242113136,1.2210429,1.5275006,9.3661175,0.04520403,-0.16126843,0.040927973,TREMOR,f50d836cae05
1777351052055,10894250110751,1.3910311,1.4317327,9.435549,0.02321288,-0.14049901,0.035430185,TREMOR,f50d836cae05
1777351052063,10894258107365,1.2449849,1.4030021,9.502586,0.020158553,-0.09285152,0.016493361,TREMOR,f50d836cae05
1777351052071,10894266101133,0.9816227,1.3503298,9.595961,0.023823744,-0.025045475,0.0061086523,TREMOR,f50d836cae05
1777351052079,10894274097132,0.78290397,1.2976574,9.753978,0.02565634,0.015882496,0.0012217305,TREMOR,f50d836cae05
1777351052087,10894282091670,0.7206547,1.2090719,9.938332,0.021380283,0.032375857,0.0,TREMOR,f50d836cae05
1777351052095,10894290118054,0.6799533,1.0414777,10.041282,0.008552114,0.02321288,6.1086525E-4,TREMOR,f50d836cae05
1777351052103,10894298115361,0.5291186,0.80445176,10.18254,-0.014660766,0.007941248,-0.009773844,TREMOR,f50d836cae05
1777351052111,10894306109745,0.1388637,0.7158663,10.390836,-0.032986723,-0.007941248,-0.021380283,TREMOR,f50d836cae05
1777351052119,10894314106436,0.04070143,0.8475474,10.498574,-0.04153884,-0.027488936,-0.018936822,TREMOR,f50d836cae05
1777351052127,10894322102435,0.5482722,1.043872,10.311827,-0.02076942,-0.07452556,0.01160644,TREMOR,f50d836cae05
1777351052135,10894330098050,0.81881696,1.2090719,9.825804,0.009773844,-0.11484267,0.007941248,TREMOR,f50d836cae05
1777351052143,10894338091973,0.90021986,1.4508862,9.31105,0.032986723,-0.12522738,-0.0012217305,TREMOR,f50d836cae05
1777351052151,10894346119664,0.9720459,1.6256629,9.090784,0.03970624,-0.10567969,-0.0030543262,TREMOR,f50d836cae05
1777351052159,10894354115278,1.1587936,1.7118542,9.105149,0.034208454,-0.07086037,0.0,TREMOR,f50d836cae05
1777351052167,10894362108893,1.2210429,1.7166426,9.385271,0.0067195175,-0.040317107,-0.004276057,TREMOR,f50d836cae05
1777351052175,10894370106123,1.1420342,1.6783354,9.773131,-0.01282817,-0.045814894,-0.01160644,TREMOR,f50d836cae05
1777351052183,10894378102122,1.0175357,1.6256629,10.0269165,-0.013439035,-0.057421334,-0.0061086523,TREMOR,f50d836cae05
1777351052191,10894386097736,0.9696517,1.7980455,10.103531,0.0036651916,-0.061086524,0.002443461,TREMOR,f50d836cae05
1777351052199,10894394093121,1.2497733,1.6783354,9.696517,0.048258353,-0.05009095,0.03481932,TREMOR,f50d836cae05
1777351052207,10894402119889,1.2880806,1.4580688,9.440337,0.05681047,-0.034208454,0.02687807,TREMOR,f50d836cae05
1777351052215,10894410115042,0.9600749,1.2617443,9.476251,0.039095376,-0.021991149,0.0012217305,TREMOR,f50d836cae05
1777351052223,10894418108887,0.6871359,1.0893618,9.65821,0.020158553,-0.021380283,-0.008552114,TREMOR,f50d836cae05
1777351052231,10894426106040,0.6464345,0.9959879,9.938332,0.009162978,-0.029321533,0.0,TREMOR,f50d836cae05
1777351052239,10894434100500,0.7422025,0.9983821,10.184934,0.017104227,-0.05009095,0.01160644,TREMOR,f50d836cae05
1777351052247,10894442097500,0.79008657,1.0534488,10.175357,0.029321533,-0.06658431,0.007330383,TREMOR,f50d836cae05
1777351052255,10894450091038,0.63206923,0.92895025,10.036493,0.029321533,-0.07391469,-0.005497787,TREMOR,f50d836cae05
1777351052263,10894458118729,0.29688102,0.9600749,10.019734,0.010995574,-0.06841691,-0.021380283,TREMOR,f50d836cae05
1777351052271,10894466114036,0.39025488,1.0941502,10.101137,-0.0067195175,-0.059864793,-0.010995574,TREMOR,f50d836cae05
1777351052279,10894474110650,0.79248077,1.2066777,10.014946,0.0061086523,-0.07086037,0.014049901,TREMOR,f50d836cae05
1777351052287,10894482105803,1.0223241,1.30484,9.694122,0.032375857,-0.116675265,0.009162978,TREMOR,f50d836cae05
1777351052295,10894490100187,1.0151415,1.4580688,9.375694,0.053145275,-0.14660765,0.0030543262,TREMOR,f50d836cae05
1777351052303,10894498095956,1.1061212,1.5801731,9.294291,0.04886922,-0.12156218,0.0061086523,TREMOR,f50d836cae05
1777351052311,10894506090955,1.3335704,1.6591818,9.485827,0.029321533,-0.055588737,0.017104227,TREMOR,f50d836cae05
1777351052319,10894514118723,1.4341269,1.6496049,9.742006,0.01160644,-0.029321533,0.017104227,TREMOR,f50d836cae05
1777351052327,10894522112799,1.3215994,1.6663644,10.0029745,6.1086525E-4,-0.032986723,0.013439035,TREMOR,f50d836cae05
1777351052335,10894530110721,1.2042835,1.6472107,9.969456,0.0036651916,-0.03848451,0.014049901,TREMOR,f50d836cae05
1777351052343,10894538105182,1.1133038,1.5610195,9.832987,0.009162978,-0.012217305,0.014660766,TREMOR,f50d836cae05
1777351052351,10894546101413,1.0390835,1.4556746,9.67018,0.01282817,0.032375857,0.009162978,TREMOR,f50d836cae05
1777351052359,10894554096489,0.8882488,1.328782,9.61272,0.009162978,0.040317107,0.004276057,TREMOR,f50d836cae05
1777351052367,10894562091565,0.78769237,1.2425907,9.706094,6.1086525E-4,0.021991149,0.0012217305,TREMOR,f50d836cae05
1777351052375,10894570116871,0.7374141,1.2569559,9.8042555,-0.0036651916,0.002443461,0.0018325958,TREMOR,f50d836cae05
1777351052383,10894578112486,0.80684596,1.1803415,9.856929,-0.0036651916,0.0036651916,0.0030543262,TREMOR,f50d836cae05
1777351052391,10894586079254,0.82121116,1.1492168,9.904813,-0.002443461,0.0061086523,0.0030543262,TREMOR,f50d836cae05
1777351052399,10894594105791,0.7469909,1.2449849,9.993398,-0.0067195175,6.1086525E-4,-0.002443461,TREMOR,f50d836cae05
1777351052407,10894602099253,0.7254431,1.328782,10.0269165,-0.009162978,-0.002443461,-0.0036651916,TREMOR,f50d836cae05
1777351052415,10894610094406,0.78290397,1.3742718,9.959879,-0.0030543262,-0.004886922,-0.0018325958,TREMOR,f50d836cae05
1777351052423,10894618090636,0.8882488,1.4077905,9.7563715,0.004886922,-0.01160644,0.0018325958,TREMOR,f50d836cae05
1777351052431,10894626117788,0.9816227,1.4772224,9.586384,0.007330383,-0.009162978,0.0036651916,TREMOR,f50d836cae05
1777351052439,10894634113788,1.0582372,1.4437037,9.5385,0.002443461,-0.0030543262,0.0036651916,TREMOR,f50d836cae05
1777351052447,10894642108171,1.0462662,1.3551182,9.581595,0.0,-0.0012217305,0.0018325958,TREMOR,f50d836cae05
1777351052455,10894650103633,1.0893618,1.3383588,9.703699,-0.002443461,-0.0018325958,0.0,TREMOR,f50d836cae05
1777351052463,10894658100786,1.0702082,1.3742718,9.847352,-0.0018325958,0.0036651916,-6.1086525E-4,TREMOR,f50d836cae05
1777351052471,10894666094400,1.0702082,1.448492,9.962274,-6.1086525E-4,0.01038471,0.002443461,TREMOR,f50d836cae05
1777351052479,10894674091630,1.0127473,1.4915876,9.9550905,0.002443461,0.0061086523,6.1086525E-4,TREMOR,f50d836cae05
1777351052487,10894682116552,0.9624691,1.472434,9.871294,0.0061086523,0.004886922,-6.1086525E-4,TREMOR,f50d836cae05
1777351052495,10894690114705,0.9648633,1.4269443,9.710882,0.0067195175,0.007330383,0.0018325958,TREMOR,f50d836cae05
1777351052503,10894698109704,0.9504981,1.3623008,9.689334,0.005497787,0.007330383,0.0018325958,TREMOR,f50d836cae05
1777351052511,10894706104550,0.92655605,1.2952632,9.662998,0.0012217305,0.007330383,0.002443461,TREMOR,f50d836cae05
1777351052519,10894714100549,0.93613285,1.2354081,9.737218,-0.002443461,0.010995574,0.002443461,TREMOR,f50d836cae05
1777351052527,10894722094625,0.91697925,1.1803415,9.878476,-0.004276057,0.0061086523,6.1086525E-4,TREMOR,f50d836cae05
1777351052535,10894730090009,0.842759,1.1683705,9.935937,-0.0061086523,-0.0012217305,-0.002443461,TREMOR,f50d836cae05
1777351052543,10894738115931,0.80205756,1.1851299,10.04607,-0.005497787,6.1086525E-4,-0.0036651916,TREMOR,f50d836cae05
1777351052551,10894746111853,0.6655881,1.091756,10.611102,0.018325957,-0.04337143,-0.0061086523,TREMOR,f50d836cae05
1777351052559,10894754108545,0.545878,0.9959879,9.574412,0.17287487,-0.31581733,-0.014660766,TREMOR,f50d836cae05
1777351052567,10894762104775,0.7733272,1.376666,9.112331,0.20525073,-0.30848694,-0.009773844,TREMOR,f50d836cae05
1777351052575,10894770099543,1.2785037,1.7118542,9.3661175,0.13927728,-0.15393804,0.004276057,TREMOR,f50d836cae05
1777351052583,10894778096157,1.661576,1.6759412,9.516952,0.081855945,-0.06291912,0.020158553,TREMOR,f50d836cae05
1777351052591,10894786091618,1.3694834,1.5897499,9.722853,0.017715093,0.01160644,0.0036651916,TREMOR,f50d836cae05
1777351052599,10894794119232,1.0749966,1.5969325,10.149021,-0.040317107,0.09162979,-0.002443461,TREMOR,f50d836cae05
1777351052607,10894802112539,0.9840169,1.5035586,10.117896,-0.049480084,0.084910266,0.0036651916,TREMOR,f50d836cae05
1777351052615,10894810107308,0.85473,1.448492,9.811439,-0.03970624,0.05681047,0.0,TREMOR,f50d836cae05
1777351052623,10894818104538,1.0175357,1.4867992,9.581595,-0.047647487,0.053145275,0.009162978,TREMOR,f50d836cae05
1777351052631,10894826100537,1.115698,1.4939818,9.49301,-0.06719518,0.08368854,0.014660766,TREMOR,f50d836cae05
1777351052639,10894834093152,1.1085154,1.5011644,9.696517,-0.093462385,0.12889257,0.014660766,TREMOR,f50d836cae05
1777351052647,10894842089458,1.2665327,1.5945383,10.007763,-0.1020145,0.16554448,0.018325957,TREMOR,f50d836cae05
1777351052655,10894850117150,0.44771573,1.2401965,9.880871,-0.05681047,0.09101892,-0.031154128,TREMOR,f50d836cae05
1777351052663,10894858111226,0.62967503,1.1372458,9.476251,-0.008552114,-0.021991149,-0.009773844,TREMOR,f50d836cae05
1777351052671,10894866107303,1.1994951,1.376666,9.514558,-0.007330383,-0.004886922,0.030543262,TREMOR,f50d836cae05
1777351052679,10894874103840,1.1444284,1.4867992,9.744401,-0.021380283,0.10140363,-6.1086525E-4,TREMOR,f50d836cae05
1777351052687,10894882098916,0.9840169,1.3790601,9.794679,-0.03359759,0.13927728,-0.0018325958,TREMOR,f50d836cae05
1777351052695,10894890094300,0.89303726,1.3383588,9.94312,-0.053145275,0.17348573,0.002443461,TREMOR,f50d836cae05
1777351052703,10894898122068,0.91219085,1.3239936,10.077195,-0.069027774,0.19547687,0.0036651916,TREMOR,f50d836cae05
1777351052711,10894906115221,0.94810385,1.1707647,10.065224,-0.06841691,0.19120082,0.0018325958,TREMOR,f50d836cae05
1777351052719,10894914112144,0.81163436,1.1061212,10.005369,-0.065973446,0.16920967,-0.02076942,TREMOR,f50d836cae05
1777351052727,10894922107912,0.557849,1.1755531,9.957485,-0.06658431,0.16554448,-0.037873644,TREMOR,f50d836cae05
1777351052735,10894930102603,0.51475334,1.1324574,9.895236,-0.069027774,0.15699236,-0.030543262,TREMOR,f50d836cae05
1777351052743,10894938098064,0.7541735,1.1923125,9.871294,-0.07696902,0.13805555,-0.013439035,TREMOR,f50d836cae05
1777351052751,10894946093678,1.091756,1.436521,9.725247,-0.077579886,0.1020145,-0.0030543262,TREMOR,f50d836cae05
1777351052759,10894954089370,1.1109096,1.5298948,9.536105,-0.062308256,0.09162979,-0.015271631,TREMOR,f50d836cae05
1777351052767,10894962116523,0.9911995,1.5155296,9.457097,-0.047036625,0.10323623,-0.02443461,TREMOR,f50d836cae05
1777351052775,10894970114061,1.0199299,1.460463,9.576807,-0.03848451,0.09285152,-0.010995574,TREMOR,f50d836cae05
1777351052783,10894978107291,0.8523358,1.3982137,9.837775,-0.027488936,0.077579886,-0.007941248,TREMOR,f50d836cae05
1777351052791,10894986102367,0.8355764,1.5155296,10.055647,-0.018325957,0.051923547,0.005497787,TREMOR,f50d836cae05
1777351052799,10894994098597,0.93613285,1.496376,9.952697,-0.0012217305,0.01282817,0.02076942,TREMOR,f50d836cae05
1777351052807,10895002094903,0.82360536,1.2737153,9.674969,0.010995574,-0.009773844,0.012217305,TREMOR,f50d836cae05
1777351052815,10895010119210,0.7158663,1.2066777,9.61272,0.004276057,0.007330383,0.002443461,TREMOR,f50d836cae05
1777351052823,10895018116518,0.7062895,1.2234371,9.773131,-0.002443461,0.04520403,0.007941248,TREMOR,f50d836cae05
1777351052831,10895026111824,0.6607997,1.2449849,9.847352,0.002443461,0.042760566,0.009162978,TREMOR,f50d836cae05
1777351052839,10895034106593,0.6943185,1.292869,9.85214,0.008552114,0.026267206,0.009162978,TREMOR,f50d836cae05
1777351052847,10895042102053,0.7493851,1.292869,9.825804,0.007330383,0.007941248,0.008552114,TREMOR,f50d836cae05
1777351052855,10895050097975,0.81881696,1.30484,9.866506,6.1086525E-4,-0.0036651916,0.009773844,TREMOR,f50d836cae05
1777351052863,10895058092820,0.8643068,1.2473791,9.89763,-0.004886922,0.0067195175,0.007330383,TREMOR,f50d836cae05
1777351052871,10895066088435,0.7685388,1.0821792,9.895236,-0.0061086523,0.015882496,0.0,TREMOR,f50d836cae05
1777351052879,10895074114589,0.48362875,0.9744401,9.952697,-0.015271631,0.02321288,-0.01038471,TREMOR,f50d836cae05
1777351052887,10895082111588,0.2873042,1.1180922,9.981427,-0.020158553,0.029321533,-0.017104227,TREMOR,f50d836cae05
1777351052895,10895090108818,0.51475334,1.1899183,9.904813,-0.01160644,0.021991149,-0.007330383,TREMOR,f50d836cae05
1777351052903,10895098102586,0.79248077,1.2401965,9.878476,-0.0061086523,-0.019547688,6.1086525E-4,TREMOR,f50d836cae05
1777351052911,10895106098662,0.91219085,1.3575124,9.7803135,-0.009773844,-0.050701816,-0.005497787,TREMOR,f50d836cae05
1777351052919,10895114093661,0.92655605,1.3599066,9.68694,-0.012217305,-0.04153884,-0.0067195175,TREMOR,f50d836cae05
1777351052927,10895122119892,0.9696517,1.376666,9.7324295,-0.017715093,-0.005497787,-0.0061086523,TREMOR,f50d836cae05
1777351052935,10895130117660,0.9600749,1.4556746,9.866506,-0.018325957,0.017104227,-0.0067195175,TREMOR,f50d836cae05
1777351052943,10895138110274,0.9600749,1.4580688,9.916783,-0.01160644,0.01160644,-0.002443461,TREMOR,f50d836cae05
1777351052951,10895146108119,0.89543146,1.448492,9.864111,-0.007330383,-0.0012217305,-0.0036651916,TREMOR,f50d836cae05
1777351052959,10895154101657,0.8619126,1.412579,9.727641,-0.005497787,-0.008552114,-0.0036651916,TREMOR,f50d836cae05
1777351052967,10895162099271,0.8571242,1.3215994,9.655815,-0.009162978,-0.0036651916,6.1086525E-4,TREMOR,f50d836cae05
1777351052975,10895170092424,0.8619126,1.2976574,9.715671,-0.015271631,0.008552114,0.0030543262,TREMOR,f50d836cae05
1777351052983,10895178089655,0.8762778,1.271321,9.801862,-0.013439035,0.007941248,0.004886922,TREMOR,f50d836cae05
1777351052991,10895186116500,0.842759,1.3239936,9.878476,-0.007941248,0.0030543262,0.0030543262,TREMOR,f50d836cae05
1777351052999,10895194111499,0.8810662,1.3838485,9.904813,-0.004276057,0.0018325958,0.005497787,TREMOR,f50d836cae05
1777351053007,10895202104806,0.8499416,1.4460979,9.864111,-0.0036651916,0.004886922,0.005497787,TREMOR,f50d836cae05
1777351053015,10895210102343,0.89782566,1.4460979,9.7563715,-6.1086525E-4,0.008552114,0.009162978,TREMOR,f50d836cae05
1777351053023,10895218098035,0.82599956,1.3120226,9.67018,-0.002443461,0.01160644,0.008552114,TREMOR,f50d836cae05
1777351053031,10895226094035,0.6895301,1.2186487,9.655815,-0.0036651916,0.014660766,0.004886922,TREMOR,f50d836cae05
1777351053039,10895234118264,0.6344634,1.1133038,9.682152,0.0012217305,0.015882496,0.004886922,TREMOR,f50d836cae05
1777351053047,10895242113956,0.6775591,1.163582,9.7803135,0.009162978,0.02321288,0.0067195175,TREMOR,f50d836cae05
1777351053055,10895250109724,0.7158663,1.2186487,9.868899,0.01282817,0.013439035,0.009162978,TREMOR,f50d836cae05
1777351053063,10895258108415,0.7374141,1.2665327,9.97185,0.009773844,0.007941248,0.0067195175,TREMOR,f50d836cae05
1777351053071,10895266100722,0.7589619,1.2880806,10.007763,0.008552114,0.004886922,0.0061086523,TREMOR,f50d836cae05
1777351053079,10895274095875,0.830788,1.2761095,9.935937,0.008552114,6.1086525E-4,0.007941248,TREMOR,f50d836cae05
1777351053087,10895282090875,0.8331822,1.2210429,9.828198,0.004886922,0.0,0.0067195175,TREMOR,f50d836cae05
1777351053095,10895290090874,0.8523358,1.0941502,9.885659,-0.01038471,-6.1086525E-4,0.004276057,TREMOR,f50d836cae05
1777351053103,10895298113719,0.6488287,0.9648633,10.019734,-0.025045475,-0.0012217305,-6.1086525E-4,TREMOR,f50d836cae05
1777351053111,10895306110641,0.30166942,0.8595184,9.97185,-0.02565634,0.018936822,-0.009773844,TREMOR,f50d836cae05
1777351053119,10895314107179,0.4309563,0.6703765,9.866506,-0.012217305,0.04642576,0.009162978,TREMOR,f50d836cae05
1777351053127,10895322102255,0.7086837,0.6631939,9.82341,-0.007941248,0.0018325958,0.018936822,TREMOR,f50d836cae05
1777351053135,10895330098024,0.92176765,0.9792285,9.665392,0.002443461,-0.058643065,0.015271631,TREMOR,f50d836cae05
1777351053143,10895338091484,1.0630256,1.3934253,9.52174,0.021991149,-0.064751714,0.0067195175,TREMOR,f50d836cae05
1777351053151,10895346088791,1.0079589,1.8555063,9.5385,0.040927973,-0.015882496,-0.005497787,TREMOR,f50d836cae05
1777351053159,10895354115790,0.6943185,2.1523874,9.80665,0.03481932,0.073303826,-0.03970624,TREMOR,f50d836cae05
1777351053167,10895362108789,0.30645782,2.4947581,10.115502,0.015882496,0.08246681,-0.049480084,TREMOR,f50d836cae05
1777351053175,10895370107173,0.20350714,2.6431987,10.103531,0.008552114,0.053145275,-0.040927973,TREMOR,f50d836cae05
1777351053183,10895378101403,0.39025488,2.384625,9.816227,0.0067195175,0.017104227,-0.021991149,TREMOR,f50d836cae05
1777351053191,10895386095556,0.91697925,1.6184803,9.454702,-0.027488936,-0.055588737,0.0061086523,TREMOR,f50d836cae05
1777351053199,10895394091248,1.2904748,0.9696517,9.428367,-0.06780604,-0.10751228,0.014660766,TREMOR,f50d836cae05
1777351053207,10895402121016,1.5298948,0.47884035,9.682152,-0.08552113,-0.1020145,0.015271631,TREMOR,f50d836cae05
1777351053215,10895410115246,1.7238252,0.34955344,10.041282,-0.0720821,-0.043982297,0.017104227,TREMOR,f50d836cae05
1777351053223,10895418110937,1.7046716,0.37349546,10.280702,-0.028710667,0.025045475,0.015882496,TREMOR,f50d836cae05
1777351053231,10895426106013,1.2090719,0.7493851,10.261548,0.026267206,0.06414085,-0.01038471,TREMOR,f50d836cae05
1777351053239,10895434101628,0.6512229,1.2354081,9.840169,0.06169739,0.051923547,-0.021380283,TREMOR,f50d836cae05
1777351053247,10895442097397,0.28491,1.6543933,9.296685,0.07513642,0.04886922,-0.017104227,TREMOR,f50d836cae05
1777351053255,10895450092088,0.20829555,1.8626889,9.275137,0.058643065,0.051923547,-0.0061086523,TREMOR,f50d836cae05
1777351053263,10895458117933,0.12449849,1.8794483,9.631873,0.017715093,0.03481932,0.0018325958,TREMOR,f50d836cae05
1777351053271,10895466113009,0.15083471,1.8100165,10.036493,-0.0067195175,0.021380283,0.0061086523,TREMOR,f50d836cae05
1777351053279,10895474109931,0.31124622,1.4820108,10.199299,-0.015882496,0.007941248,0.009162978,TREMOR,f50d836cae05
1777351053287,10895482104469,0.62009823,1.2378023,10.172963,-0.017104227,-0.01282817,0.018325957,TREMOR,f50d836cae05
1777351053295,10895490099853,0.94810385,1.0151415,9.964667,-0.017104227,-0.03970624,0.016493361,TREMOR,f50d836cae05
1777351053303,10895498095160,1.151611,0.81642276,9.792285,-0.014660766,-0.058643065,0.0061086523,TREMOR,f50d836cae05
1777351053311,10895506090851,1.2904748,0.7230489,9.775525,-0.025045475,-0.042760566,0.0012217305,TREMOR,f50d836cae05
1777351053319,10895514118312,1.1324574,0.6631939,9.945514,-0.032986723,-0.0061086523,-0.0067195175,TREMOR,f50d836cae05
1777351053327,10895522115157,0.48841715,0.8379706,10.101137,-0.029321533,0.03726278,-0.02565634,TREMOR,f50d836cae05
1777351053335,10895530109925,0.29927522,1.3431472,10.04607,-0.01038471,0.07941248,-0.029321533,TREMOR,f50d836cae05
1777351053343,10895538105079,0.7134721,1.4987702,9.782708,0.016493361,0.03848451,0.005497787,TREMOR,f50d836cae05
1777351053351,10895546099540,0.9504981,1.6089035,9.548077,0.01038471,-0.048258353,0.004276057,TREMOR,f50d836cae05
1777351053359,10895554095231,0.8834604,1.532289,9.41879,-0.004276057,-0.08307768,-0.010995574,TREMOR,f50d836cae05
1777351053367,10895562090922,1.0223241,1.5011644,9.555259,-0.02321288,-0.043982297,-0.007941248,TREMOR,f50d836cae05
1777351053375,10895570118537,1.0654198,1.3192052,9.682152,-0.026267206,6.1086525E-4,-0.004276057,TREMOR,f50d836cae05
1777351053383,10895578113997,0.8810662,1.0414777,9.883265,-0.021991149,0.02321288,-0.013439035,TREMOR,f50d836cae05
1777351053391,10895586108689,0.7134721,1.1492168,10.160992,-0.017715093,0.026267206,-0.014660766,TREMOR,f50d836cae05
1777351053399,10895594103227,0.62967503,1.4652514,10.053253,0.005497787,0.018325957,-0.012217305,TREMOR,f50d836cae05
1777351053407,10895602099457,0.82599956,1.5275006,9.6845455,0.028710667,0.014660766,-0.0012217305,TREMOR,f50d836cae05
1777351053415,10895610094610,1.0295067,1.5634137,9.744401,-0.0012217305,0.0030543262,0.012217305,TREMOR,f50d836cae05
1777351053423,10895618090840,0.9600749,1.6759412,9.967062,-0.029932396,-0.03359759,0.01038471,TREMOR,f50d836cae05
1777351053431,10895626118223,0.91219085,1.3838485,9.718064,-0.020158553,-0.0421497,0.013439035,TREMOR,f50d836cae05
1777351053439,10895634113684,0.81642276,1.1563994,9.564836,-0.0030543262,0.010995574,0.012217305,TREMOR,f50d836cae05
1777351053447,10895642107760,0.58657944,1.0989386,9.562442,0.015271631,0.0421497,0.005497787,TREMOR,f50d836cae05
1777351053455,10895650104760,0.5602432,1.0869676,9.576807,0.020158553,0.023823744,0.005497787,TREMOR,f50d836cae05
1777351053463,10895658098605,0.7685388,1.2042835,9.85214,0.009773844,0.008552114,0.009773844,TREMOR,f50d836cae05
1777351053471,10895666096143,0.830788,1.2593501,10.005369,0.009773844,-0.010995574,0.01038471,TREMOR,f50d836cae05
1777351053479,10895674092757,0.8475474,1.2689269,10.0029745,0.017104227,-0.009162978,0.0061086523,TREMOR,f50d836cae05
1777351053487,10895682116371,0.9768343,1.2617443,9.97185,0.02076942,0.015882496,0.012217305,TREMOR,f50d836cae05
1777351053495,10895690115140,1.0151415,1.2042835,9.895236,0.021380283,0.010995574,0.01038471,TREMOR,f50d836cae05
1777351053503,10895698108370,0.7565677,1.1228806,9.816227,0.014660766,0.0030543262,6.1086525E-4,TREMOR,f50d836cae05
1777351053511,10895706102600,0.59376204,0.9648633,9.679757,0.007330383,0.0036651916,-0.004276057,TREMOR,f50d836cae05
1777351053519,10895714098599,0.2825158,0.80205756,9.92636,-0.021380283,0.03176499,-0.009773844,TREMOR,f50d836cae05
1777351053527,10895722095521,0.06703765,1.271321,10.30225,-0.03970624,0.045814894,-0.018325957,TREMOR,f50d836cae05
1777351053535,10895730093366,0.6584055,1.3982137,10.21127,-0.015882496,0.029932396,0.008552114,TREMOR,f50d836cae05
1777351053543,10895738117981,1.0319009,1.3862427,9.895236,0.004886922,-0.028710667,0.017104227,TREMOR,f50d836cae05
1777351053551,10895746112672,0.9768343,1.532289,9.591172,0.007941248,-0.076358154,-0.0030543262,TREMOR,f50d836cae05
1777351053559,10895754108364,0.91219085,1.541866,9.270349,0.002443461,-0.05375614,-0.009162978,TREMOR,f50d836cae05
1777351053567,10895762105364,1.0845734,1.4772224,9.40203,-0.014049901,0.0012217305,6.1086525E-4,TREMOR,f50d836cae05
1777351053575,10895770100055,1.0390835,1.2354081,9.727641,-0.02321288,0.027488936,-0.0036651916,TREMOR,f50d836cae05
1777351053583,10895778095746,0.6488287,1.1133038,9.974244,-0.015882496,0.02565634,-0.018325957,TREMOR,f50d836cae05
1777351053591,10895786091437,0.61291564,1.4101849,10.144233,-0.0036651916,0.027488936,-0.009162978,TREMOR,f50d836cae05
1777351053599,10895794117898,0.7685388,1.5682021,9.935937,0.028099801,0.017104227,6.1086525E-4,TREMOR,f50d836cae05
1777351053607,10895802111129,0.93373865,1.70946,9.7324295,0.022602014,-0.0018325958,0.005497787,TREMOR,f50d836cae05
1777351053615,10895810107820,1.1540052,1.8004397,9.737218,-0.002443461,-0.032986723,0.018936822,TREMOR,f50d836cae05
1777351053623,10895818103127,1.1683705,1.5562311,9.713276,-0.018325957,-0.045814894,0.015882496,TREMOR,f50d836cae05
1777351053631,10895826100049,0.7733272,1.2018893,9.727641,-0.014660766,0.013439035,0.0,TREMOR,f50d836cae05
1777351053639,10895834093894,0.5482722,1.055843,9.698911,0.004886922,0.048258353,0.0030543262,TREMOR,f50d836cae05
1777351053647,10895842090893,0.49559975,1.0510546,9.694122,0.018325957,0.052534413,0.0036651916,TREMOR,f50d836cae05
1777351053655,10895850115815,0.59376204,1.127669,9.849746,0.014049901,0.025045475,0.004276057,TREMOR,f50d836cae05
1777351053663,10895858112123,0.6943185,1.2952632,9.97185,0.007941248,-0.01282817,0.007330383,TREMOR,f50d836cae05
1777351053671,10895866106891,0.7757214,1.3239936,9.9550905,0.014660766,-0.021380283,0.004276057,TREMOR,f50d836cae05
1777351053679,10895874104352,0.878672,1.3144168,9.900024,0.014660766,-0.005497787,0.005497787,TREMOR,f50d836cae05
1777351053687,10895882098274,0.90740246,1.1947067,9.854534,0.012217305,0.008552114,0.005497787,TREMOR,f50d836cae05
1777351053695,10895890094273,0.81402856,1.1300632,9.873688,0.005497787,0.0018325958,6.1086525E-4,TREMOR,f50d836cae05
1777351053703,10895898092118,0.50757074,0.9624691,9.770737,-6.1086525E-4,0.004276057,-0.013439035,TREMOR,f50d836cae05
1777351053711,10895906115733,0.20829555,0.8595184,9.840169,-0.01282817,0.03481932,-0.021380283,TREMOR,f50d836cae05
1777351053719,10895914112348,0.35913026,1.2449849,10.223241,-0.036651913,0.04642576,-0.012217305,TREMOR,f50d836cae05
1777351053727,10895922108347,0.90740246,1.2761095,10.261548,-0.031154128,0.005497787,0.009773844,TREMOR,f50d836cae05
1777351053735,10895930102807,1.1085154,1.3000516,10.007763,-0.014660766,-0.05375614,0.005497787,TREMOR,f50d836cae05
1777351053743,10895938098883,0.91937345,1.4197617,9.548077,0.01160644,-0.069027774,-0.014660766,TREMOR,f50d836cae05
1777351053751,10895946093575,0.8810662,1.5298948,9.246407,0.012217305,-0.01282817,-0.008552114,TREMOR,f50d836cae05
1777351053759,10895954089266,1.0534488,1.5131354,9.49301,-0.01038471,0.021991149,6.1086525E-4,TREMOR,f50d836cae05
1777351053767,10895962115728,0.81881696,1.3742718,9.691729,-0.017104227,0.012217305,-0.009162978,TREMOR,f50d836cae05
1777351053775,10895970111111,0.59855044,1.3192052,9.911995,-0.01038471,0.015271631,-0.01282817,TREMOR,f50d836cae05
1777351053783,10895978106572,0.7134721,1.5705963,10.029311,6.1086525E-4,0.029321533,0.0030543262,TREMOR,f50d836cae05
1777351053791,10895986103417,1.079785,1.7836803,9.983821,0.013439035,0.015271631,0.012217305,TREMOR,f50d836cae05
1777351053799,10895994100416,1.2689269,1.5490485,9.7324295,0.014660766,-0.03726278,0.016493361,TREMOR,f50d836cae05
1777351053807,10896002093338,1.0103531,1.2856863,9.629479,-6.1086525E-4,-0.059253927,0.005497787,TREMOR,f50d836cae05
1777351053815,10896010088953,0.59376204,1.043872,9.636662,-0.009773844,0.012217305,-0.004886922,TREMOR,f50d836cae05
1777351053823,10896018116106,0.48362875,0.92416185,9.718064,0.0018325958,0.06291912,0.004886922,TREMOR,f50d836cae05
1777351053831,10896026110490,0.6464345,1.2378023,9.97185,0.01282817,0.064751714,0.009773844,TREMOR,f50d836cae05
1777351053839,10896034107181,0.6560113,1.472434,9.935937,0.032986723,0.007330383,0.0012217305,TREMOR,f50d836cae05
1777351053847,10896042101873,0.7374141,1.3335704,9.624691,0.045814894,-0.040927973,6.1086525E-4,TREMOR,f50d836cae05
1777351053855,10896050097949,0.9911995,1.151611,9.753978,0.009162978,-0.012217305,0.009773844,TREMOR,f50d836cae05
1777351053863,10896058093255,0.8475474,0.94331545,10.012551,-0.023823744,0.002443461,6.1086525E-4,TREMOR,f50d836cae05
1777351053871,10896066089871,0.39743748,0.7206547,10.055647,-0.03176499,0.015271631,-0.013439035,TREMOR,f50d836cae05
1777351053879,10896074114254,0.107739076,1.0127473,10.316615,-0.03604105,0.059864793,-0.023823744,TREMOR,f50d836cae05
1777351053887,10896082110253,0.62249243,1.2521675,10.366894,-0.018936822,0.034208454,0.007330383,TREMOR,f50d836cae05
1777351053895,10896090105868,1.0342951,1.3000516,10.012551,0.0018325958,-0.04337143,0.01038471,TREMOR,f50d836cae05
1777351053903,10896098102482,0.91219085,1.4772224,9.524135,0.008552114,-0.08735373,-0.010995574,TREMOR,f50d836cae05
1777351053911,10896106096404,0.8403648,1.5107412,9.090784,0.014660766,-0.06780604,-0.010995574,TREMOR,f50d836cae05
1777351053919,10896114092712,1.1133038,1.3958195,9.25359,-0.0061086523,-0.0018325958,0.004276057,TREMOR,f50d836cae05
1777351053927,10896122089634,1.0247183,1.2234371,9.720459,-0.031154128,0.023823744,-0.002443461,TREMOR,f50d836cae05
1777351053935,10896130114864,0.7015011,1.1204864,10.007763,-0.021380283,0.020158553,-0.012217305,TREMOR,f50d836cae05
1777351053943,10896138109247,0.79487497,1.4413095,10.247183,-0.005497787,0.02443461,0.002443461,TREMOR,f50d836cae05
1777351053951,10896146105554,1.0702082,1.7477672,10.172963,0.018325957,0.013439035,0.01038471,TREMOR,f50d836cae05
1777351053959,10896154102246,1.2186487,1.6328455,9.7563715,0.03176499,-0.040927973,0.01160644,TREMOR,f50d836cae05
1777351053967,10896162097860,0.9576807,1.4891934,9.490616,0.010995574,-0.049480084,0.0030543262,TREMOR,f50d836cae05
1777351053975,10896170092321,0.51954174,1.3192052,9.557653,-0.008552114,0.014049901,-0.0018325958,TREMOR,f50d836cae05
1777351053983,10896178120013,0.47884035,1.1683705,9.667787,-0.004276057,0.070249505,0.008552114,TREMOR,f50d836cae05
1777351053991,10896186114473,0.50278234,1.1731589,9.835381,0.007330383,0.062308256,0.0067195175,TREMOR,f50d836cae05
1777351053999,10896194111165,0.6512229,1.3575124,9.950302,0.017715093,-0.0061086523,0.002443461,TREMOR,f50d836cae05
1777351054007,10896202107471,0.80924016,1.4053963,9.940725,0.020158553,-0.042760566,0.004886922,TREMOR,f50d836cae05
1777351054015,10896210102470,0.8283938,1.1875241,9.78989,0.010995574,-0.029932396,0.002443461,TREMOR,f50d836cae05
1777351054023,10896218097009,0.81402856,0.92416185,9.840169,-0.012217305,0.008552114,6.1086525E-4,TREMOR,f50d836cae05
1777351054031,10896226092085,0.5434838,0.90261406,10.201694,-0.03481932,0.029321533,-0.005497787,TREMOR,f50d836cae05
1777351054039,10896234121315,0.39983168,1.1683705,10.25676,-0.02565634,0.021380283,-0.014049901,TREMOR,f50d836cae05
1777351054047,10896242116929,0.7206547,1.2665327,9.9790325,0.0036651916,0.009773844,0.0018325958,TREMOR,f50d836cae05
1777351054055,10896250109620,0.8858546,1.4077905,9.706094,0.015271631,-0.023823744,-0.0012217305,TREMOR,f50d836cae05
1777351054063,10896258105004,0.8619126,1.5586253,9.440337,0.007330383,-0.057421334,-0.01038471,TREMOR,f50d836cae05
1777351054071,10896266100695,0.93373865,1.484405,9.287108,-0.004886922,-0.030543262,0.0,TREMOR,f50d836cae05
1777351054079,10896274097311,1.0342951,1.340753,9.516952,-0.015882496,0.02076942,0.004276057,TREMOR,f50d836cae05
1777351054087,10896282092387,0.91697925,1.30484,9.998186,-0.017104227,0.035430185,-0.002443461,TREMOR,f50d836cae05
1777351054095,10896290121232,0.7685388,1.5059528,10.237606,-0.004886922,0.016493361,-0.004886922,TREMOR,f50d836cae05
1777351054103,10896298115077,0.91937345,1.5658079,10.014946,0.015882496,0.0,0.0018325958,TREMOR,f50d836cae05
1777351054111,10896306110768,0.92655605,1.4030021,9.674969,0.02321288,-0.018936822,0.0067195175,TREMOR,f50d836cae05
1777351054119,10896314106767,0.79966336,1.2186487,9.536105,0.0067195175,-0.015271631,0.0030543262,TREMOR,f50d836cae05
1777351054127,10896322101306,0.7254431,1.043872,9.655815,-0.009162978,0.012217305,0.004276057,TREMOR,f50d836cae05
1777351054135,10896330096305,0.7326257,0.94810385,9.883265,-0.009773844,0.035430185,0.005497787,TREMOR,f50d836cae05
1777351054143,10896338092304,0.78290397,1.0366893,10.005369,0.0067195175,0.007941248,0.0012217305,TREMOR,f50d836cae05
1777351054151,10896346117918,0.7374141,1.151611,9.950302,0.018325957,-0.014049901,-0.004886922,TREMOR,f50d836cae05
1777351054159,10896354113917,0.6584055,1.2401965,9.859323,0.017715093,-0.005497787,-0.008552114,TREMOR,f50d836cae05
1777351054167,10896362112070,0.5674258,1.2497733,9.873688,0.007941248,0.019547688,-0.007330383,TREMOR,f50d836cae05
1777351054175,10896370105300,0.4357447,1.3072342,9.868899,-6.1086525E-4,0.02443461,-0.009162978,TREMOR,f50d836cae05
1777351054183,10896378102146,0.56982,1.3790601,9.885659,-0.005497787,-0.0067195175,-0.0036651916,TREMOR,f50d836cae05
1777351054191,10896386097299,0.7757214,1.4676456,9.938332,-0.012217305,-0.028710667,-0.002443461,TREMOR,f50d836cae05
1777351054199,10896394092375,0.78290397,1.4413095,9.837775,-0.013439035,-0.030543262,-0.007330383,TREMOR,f50d836cae05
1777351054207,10896402117912,0.78529817,1.3551182,9.696517,-0.007330383,-0.01038471,-0.009162978,TREMOR,f50d836cae05
1777351054215,10896410113911,0.878672,1.2976574,9.636662,-0.004886922,0.009162978,-0.005497787,TREMOR,f50d836cae05
1777351054223,10896418108910,0.93852705,1.328782,9.6845455,-0.005497787,0.0018325958,-0.004886922,TREMOR,f50d836cae05
1777351054231,10896426105909,0.9816227,1.4101849,9.830592,-0.0067195175,-0.012217305,-0.004276057,TREMOR,f50d836cae05
1777351054239,10896434100986,1.0079589,1.5490485,9.947908,-0.005497787,-0.01038471,-0.0018325958,TREMOR,f50d836cae05
1777351054247,10896442095139,1.0295067,1.5993267,9.900024,0.004276057,6.1086525E-4,0.0030543262,TREMOR,f50d836cae05
1777351054255,10896450092600,1.0295067,1.364695,9.617508,0.014660766,0.0018325958,0.010995574,TREMOR,f50d836cae05
1777351054263,10896458118137,0.90740246,1.1899183,9.615114,6.1086525E-4,0.0067195175,0.008552114,TREMOR,f50d836cae05
1777351054271,10896466114213,0.6751649,1.1013328,9.8042555,-0.010995574,0.020158553,0.004886922,TREMOR,f50d836cae05
1777351054279,10896474111058,0.5554548,1.0941502,9.895236,-6.1086525E-4,0.031154128,0.0018325958,TREMOR,f50d836cae05
1777351054287,10896482104366,0.5530606,1.2401965,9.890448,0.017715093,0.02076942,0.0018325958,TREMOR,f50d836cae05
1777351054295,10896490100981,0.62009823,1.3455414,9.816227,0.028710667,-0.004276057,0.0030543262,TREMOR,f50d836cae05
1777351054303,10896498096903,0.6991069,1.3431472,9.76116,0.019547688,-0.010995574,0.0067195175,TREMOR,f50d836cae05
1777351054311,10896506091440,0.80445176,1.2856863,9.794679,0.004886922,-0.004886922,0.007941248,TREMOR,f50d836cae05
1777351054319,10896514118131,0.8619126,1.2138603,9.873688,-0.005497787,-0.0036651916,0.010995574,TREMOR,f50d836cae05
1777351054327,10896522113284,0.82599956,1.0845734,9.916783,-0.007330383,-0.002443461,0.0067195175,TREMOR,f50d836cae05
1777351054335,10896530110206,0.7613561,0.92176765,9.935937,-0.0061086523,0.0061086523,0.0012217305,TREMOR,f50d836cae05
1777351054343,10896538103130,0.5722142,0.7278373,9.952697,-0.009162978,0.008552114,-0.004886922,TREMOR,f50d836cae05
1777351054351,10896546099744,0.32321724,1.0271125,10.070012,-0.017104227,0.02443461,-0.014660766,TREMOR,f50d836cae05
1777351054359,10896554096358,0.5722142,1.2856863,10.000581,-0.007941248,0.026267206,-0.004276057,TREMOR,f50d836cae05
1777351054367,10896562090511,0.8810662,1.364695,9.832987,0.0030543262,-0.02076942,0.007941248,TREMOR,f50d836cae05
1777351054375,10896570118433,0.93373865,1.4221559,9.689334,-0.005497787,-0.044593163,0.0018325958,TREMOR,f50d836cae05
1777351054383,10896578113817,0.89782566,1.4915876,9.583989,-0.01160644,-0.028710667,-0.002443461,TREMOR,f50d836cae05
1777351054391,10896586107432,0.8283938,1.4413095,9.562442,-0.008552114,0.004886922,-0.004886922,TREMOR,f50d836cae05
1777351054399,10896594103662,0.6727707,1.352724,9.607931,-0.0036651916,0.019547688,-0.008552114,TREMOR,f50d836cae05
1777351054407,10896602101507,0.7254431,1.5298948,9.92636,-0.012217305,0.02321288,-0.0036651916,TREMOR,f50d836cae05
1777351054415,10896610095660,0.93852705,1.7788919,10.070012,-0.0061086523,0.0061086523,0.005497787,TREMOR,f50d836cae05
1777351054423,10896618091736,1.1707647,1.7884687,9.878476,0.0067195175,-0.02321288,0.014660766,TREMOR,f50d836cae05
1777351054431,10896626116274,1.2904748,1.5682021,9.696517,0.004886922,-0.03359759,0.021991149,TREMOR,f50d836cae05
1777351054439,10896634115042,0.9864111,1.4676456,9.689334,-0.01038471,0.0,0.002443461,TREMOR,f50d836cae05
1777351054447,10896642110811,0.51954174,1.2521675,9.516952,0.0067195175,0.027488936,-0.007941248,TREMOR,f50d836cae05
1777351054455,10896650104579,0.37349546,1.0007763,9.411607,0.02443461,0.055588737,6.1086525E-4,TREMOR,f50d836cae05
1777351054463,10896658099348,0.5722142,1.0414777,9.68694,0.018325957,0.042760566,0.010995574,TREMOR,f50d836cae05
1777351054471,10896666096577,0.8283938,1.163582,10.0341,0.009162978,-0.007330383,0.013439035,TREMOR,f50d836cae05
1777351054479,10896674089884,0.89303726,1.2378023,10.117896,0.009773844,-0.042760566,0.002443461,TREMOR,f50d836cae05
1777351054487,10896682117883,0.80445176,1.2856863,10.084377,0.005497787,-0.01160644,-0.002443461,TREMOR,f50d836cae05
1777351054495,10896690113806,0.6751649,1.1252748,10.04607,-0.0030543262,0.028099801,-0.0018325958,TREMOR,f50d836cae05
1777351054503,10896698108882,0.35673606,0.9624691,10.043676,-0.017104227,0.03481932,-0.009162978,TREMOR,f50d836cae05
1777351054511,10896706103112,0.22505496,1.1109096,10.053253,-0.028710667,0.014660766,-0.010995574,TREMOR,f50d836cae05
1777351054519,10896714101265,0.62249243,1.13964,9.868899,-0.018936822,-0.017104227,0.002443461,TREMOR,f50d836cae05
1777351054527,10896722094418,0.93373865,1.1803415,9.509769,-0.0036651916,-0.05497787,0.0012217305,TREMOR,f50d836cae05
1777351054535,10896730090801,0.9768343,1.3072342,9.40203,-0.002443461,-0.059864793,-0.005497787,TREMOR,f50d836cae05
1777351054543,10896738116570,1.0390835,1.3862427,9.449914,-0.0036651916,-0.02321288,-0.005497787,TREMOR,f50d836cae05
1777351054551,10896746111646,1.0175357,1.3958195,9.598354,0.0,0.02443461,-0.0036651916,TREMOR,f50d836cae05
1777351054559,10896754107030,0.9528923,1.4413095,9.911995,-0.002443461,0.032375857,-0.002443461,TREMOR,f50d836cae05
1777351054567,10896762103952,0.9624691,1.6927006,10.129868,0.0036651916,0.013439035,0.0018325958,TREMOR,f50d836cae05
1777351054575,10896770100259,1.1492168,1.7310078,10.010158,0.015882496,-0.01282817,0.014049901,TREMOR,f50d836cae05
1777351054583,10896778095643,0.9983821,1.5849615,9.734824,0.018325957,-0.015882496,0.0067195175,TREMOR,f50d836cae05
1777351054591,10896786089488,0.6536171,1.4053963,9.595961,0.0067195175,0.01160644,6.1086525E-4,TREMOR,f50d836cae05
1777351054599,10896794115334,0.48123455,1.1923125,9.560047,0.0061086523,0.04520403,0.005497787,TREMOR,f50d836cae05
1777351054607,10896802111641,0.60094464,1.1180922,9.710882,0.0067195175,0.03970624,0.012217305,TREMOR,f50d836cae05
1777351054615,10896810107024,0.6703765,1.1204864,9.82341,0.015271631,-0.0036651916,0.0067195175,TREMOR,f50d836cae05
1777351054623,10896818102792,0.7254431,1.1563994,9.916783,0.008552114,-0.023823744,0.002443461,TREMOR,f50d836cae05
1777351054631,10896826098176,0.7469909,1.1540052,10.113108,-0.01282817,0.0,6.1086525E-4,TREMOR,f50d836cae05
1777351054639,10896834093483,0.5315128,1.0319009,10.25676,-0.031154128,0.023823744,-0.0061086523,TREMOR,f50d836cae05
1777351054647,10896842089251,0.35673606,1.0223241,10.235212,-0.03359759,0.03176499,-0.009773844,TREMOR,f50d836cae05
1777351054655,10896850086790,0.5674258,1.1827357,9.974244,-0.014049901,0.01038471,-0.0012217305,TREMOR,f50d836cae05
1777351054663,10896858112558,0.79726917,1.3239936,9.555259,0.007330383,-0.047647487,-0.0018325958,TREMOR,f50d836cae05
1777351054671,10896866107095,0.92416185,1.4748282,9.23683,0.013439035,-0.054367006,-0.007941248,TREMOR,f50d836cae05
1777351054679,10896874104864,1.0247183,1.5346833,9.246407,0.004276057,-0.022602014,-0.0036651916,TREMOR,f50d836cae05
1777351054687,10896882100324,1.043872,1.5682021,9.526528,-0.005497787,0.014660766,-0.002443461,TREMOR,f50d836cae05
1777351054695,10896890096246,0.90500826,1.6112977,9.876082,0.002443461,0.027488936,-0.005497787,TREMOR,f50d836cae05
1777351054703,10896898089554,1.0295067,1.5658079,9.890448,0.023823744,0.009162978,0.004886922,TREMOR,f50d836cae05
1777351054711,10896906114784,1.0749966,1.4197617,9.837775,0.030543262,-0.009773844,0.007330383,TREMOR,f50d836cae05
1777351054719,10896914112629,0.8834604,1.2665327,9.787497,0.021991149,-0.009773844,-0.0018325958,TREMOR,f50d836cae05
1777351054727,10896922107012,0.7062895,1.0749966,9.91439,0.004276057,0.01160644,-0.0018325958,TREMOR,f50d836cae05
1777351054735,10896930105781,0.62249243,1.067814,10.120291,-0.01160644,0.03848451,0.0036651916,TREMOR,f50d836cae05
1777351054743,10896938099087,0.62249243,1.0869676,10.240001,-0.010995574,0.021991149,0.005497787,TREMOR,f50d836cae05
1777351054751,10896946095317,0.59855044,1.1420342,10.081984,-0.0012217305,-0.0018325958,0.005497787,TREMOR,f50d836cae05
1777351054759,10896954091702,0.6344634,1.2138603,9.82341,0.002443461,-0.015882496,0.0036651916,TREMOR,f50d836cae05
1777351054767,10896962116624,0.7086837,1.2186487,9.603143,-0.004276057,-0.021380283,0.005497787,TREMOR,f50d836cae05
1777351054775,10896970112546,0.78290397,1.2090719,9.536105,-0.012217305,-0.015882496,0.004886922,TREMOR,f50d836cae05
1777351054783,10896978106391,0.80205756,1.115698,9.605537,-0.015882496,-0.0012217305,0.0036651916,TREMOR,f50d836cae05
1777351054791,10896986101544,0.6512229,1.0199299,9.794679,-0.017104227,0.014049901,-0.0030543262,TREMOR,f50d836cae05
1777351054799,10896994100005,0.581791,1.1348516,9.991004,-0.017715093,0.02076942,-0.007941248,TREMOR,f50d836cae05
1777351054807,10897002095312,0.7302315,1.2497733,9.9550905,-0.0012217305,0.0,6.1086525E-4,TREMOR,f50d836cae05
1777351054815,10897010088850,0.8283938,1.3503298,9.830592,0.007330383,-0.01282817,-0.0012217305,TREMOR,f50d836cae05
1777351054823,10897018117464,0.8810662,1.4676456,9.720459,0.0061086523,-0.012217305,-0.0018325958,TREMOR,f50d836cae05
1777351054831,10897026110694,0.8762778,1.4820108,9.696517,0.0012217305,-0.002443461,-6.1086525E-4,TREMOR,f50d836cae05
1777351054839,10897034107308,0.8355764,1.3742718,9.727641,-0.0067195175,0.015271631,-0.0018325958,TREMOR,f50d836cae05
1777351054847,10897042101846,0.7589619,1.3024458,9.830592,-0.01160644,0.01160644,-0.002443461,TREMOR,f50d836cae05
1777351054855,10897050098768,0.7350199,1.3359646,9.931149,-0.01038471,0.004886922,-0.0018325958,TREMOR,f50d836cae05
1777351054863,10897058094383,0.7613561,1.4437037,9.935937,-0.0036651916,-0.0012217305,-6.1086525E-4,TREMOR,f50d836cae05
1777351054871,10897066087921,0.81642276,1.5131354,9.844957,0.002443461,-0.0036651916,0.0,TREMOR,f50d836cae05
1777351054879,10897074115920,0.93852705,1.6831238,9.749189,0.004886922,-0.0018325958,0.009162978,TREMOR,f50d836cae05
1777351054887,10897082110150,1.0486604,1.6304513,9.605537,0.009773844,-0.01160644,0.014660766,TREMOR,f50d836cae05
1777351054895,10897090107303,0.9504981,1.4460979,9.531317,0.0067195175,-0.007330383,0.007941248,TREMOR,f50d836cae05
1777351054903,10897098104609,0.6536171,1.3096284,9.593566,0.004276057,0.01038471,-6.1086525E-4,TREMOR,f50d836cae05
1777351054911,10897106097148,0.51954174,1.1851299,9.677363,0.009162978,0.02687807,-0.0012217305,TREMOR,f50d836cae05
1777351054919,10897114094070,0.6655881,1.1109096,9.82341,0.015882496,0.016493361,0.007941248,TREMOR,f50d836cae05
1777351054927,10897122088300,0.79008657,1.1492168,10.022128,0.014049901,-0.013439035,0.008552114,TREMOR,f50d836cae05
1777351054935,10897130114145,0.78769237,1.151611,10.084377,0.010995574,-0.021991149,0.0036651916,TREMOR,f50d836cae05
1777351054943,10897138111913,0.7422025,1.1540052,10.16578,-0.002443461,0.0,0.0012217305,TREMOR,f50d836cae05
1777351054951,10897146105451,0.6488287,1.1348516,10.247183,-0.021380283,0.02443461,-0.002443461,TREMOR,f50d836cae05
1777351054959,10897154102065,0.58657944,1.0486604,10.01734,-0.014049901,0.007941248,-6.1086525E-4,TREMOR,f50d836cae05
1777351054967,10897162098142,0.49320555,0.9935937,9.665392,-0.01038471,-0.005497787,-0.0061086523,TREMOR,f50d836cae05
1777351054975,10897170093526,0.641646,1.2306197,9.672575,-0.020158553,-0.007330383,-0.01038471,TREMOR,f50d836cae05
1777351054983,10897178119986,0.9648633,1.2378023,9.56723,-0.021991149,-0.030543262,0.0036651916,TREMOR,f50d836cae05
1777351054991,10897186113447,0.91219085,1.2401965,9.497798,-0.009773844,-0.02687807,-0.0067195175,TREMOR,f50d836cae05
1777351054999,10897194111676,0.8379706,1.3215994,9.579201,-0.0012217305,0.01282817,-0.008552114,TREMOR,f50d836cae05
1777351055007,10897202105445,0.91697925,1.3551182,9.689334,0.0067195175,0.03481932,6.1086525E-4,TREMOR,f50d836cae05
1777351055015,10897210102444,0.842759,1.2785037,9.797073,0.007941248,0.021380283,-0.002443461,TREMOR,f50d836cae05
1777351055023,10897218097136,0.6703765,1.2497733,9.900024,0.0067195175,-0.005497787,-0.009162978,TREMOR,f50d836cae05
1777351055031,10897226095366,0.7493851,1.3479356,9.998186,0.008552114,-0.007330383,-0.0018325958,TREMOR,f50d836cae05
1777351055039,10897234088903,0.91458505,1.6352397,10.077195,0.014049901,-0.005497787,0.0018325958,TREMOR,f50d836cae05
1777351055047,10897242114364,1.055843,1.8052281,9.97185,0.017715093,-0.0067195175,0.007941248,TREMOR,f50d836cae05
1777351055055,10897250110055,1.2378023,1.6903064,9.923966,0.005497787,-6.1086525E-4,0.019547688,TREMOR,f50d836cae05
1777351055063,10897258104900,0.94092125,1.472434,9.988609,-0.028710667,0.010995574,0.009773844,TREMOR,f50d836cae05
1777351055071,10897266102131,0.47405192,1.2186487,9.7563715,-0.02565634,0.01160644,-6.1086525E-4,TREMOR,f50d836cae05
1777351055079,10897274097515,0.2896984,1.0582372,9.392453,0.002443461,0.02565634,0.0012217305,TREMOR,f50d836cae05
1777351055087,10897282092591,0.45968673,1.1252748,9.270349,0.02443461,0.020158553,0.007330383,TREMOR,f50d836cae05
1777351055095,10897290118359,0.82360536,1.2880806,9.461885,0.02687807,-0.013439035,0.013439035,TREMOR,f50d836cae05
1777351055103,10897298114743,0.9864111,1.3120226,9.844957,0.0,-0.034208454,0.007941248,TREMOR,f50d836cae05
1777351055111,10897306109203,0.9672575,1.2066777,10.208876,-0.014660766,-0.01282817,0.004886922,TREMOR,f50d836cae05
1777351055119,10897314104587,0.81163436,1.1204864,10.3214035,-0.017104227,0.02443461,0.0012217305,TREMOR,f50d836cae05
1777351055127,10897322100510,0.61530983,1.0606314,10.184934,-0.004886922,0.0421497,-0.004886922,TREMOR,f50d836cae05
1777351055135,10897330097740,0.34715924,1.0247183,9.811439,0.0067195175,0.018325957,-0.01282817,TREMOR,f50d836cae05
1777351055143,10897338091969,0.45729253,1.1875241,9.825804,-0.01282817,0.0012217305,-0.010995574,TREMOR,f50d836cae05
1777351055151,10897346117199,0.7757214,1.3024458,9.799467,-0.021380283,-0.036651913,-6.1086525E-4,TREMOR,f50d836cae05
1777351055159,10897354114352,0.9504981,1.2689269,9.622296,-0.01160644,-0.049480084,0.0018325958,TREMOR,f50d836cae05
1777351055167,10897362108813,0.91697925,1.30484,9.504981,-6.1086525E-4,-0.02076942,-0.0061086523,TREMOR,f50d836cae05
1777351055175,10897370106659,0.89543146,1.340753,9.507375,0.004886922,0.019547688,-0.0036651916,TREMOR,f50d836cae05
1777351055183,10897378101119,0.82360536,1.3431472,9.672575,0.0067195175,0.023823744,-0.005497787,TREMOR,f50d836cae05
1777351055191,10897386098349,0.7230489,1.4197617,9.883265,0.009162978,0.007330383,-0.0067195175,TREMOR,f50d836cae05
1777351055199,10897394091041,0.8714894,1.6184803,10.060435,0.01038471,-6.1086525E-4,0.0018325958,TREMOR,f50d836cae05
1777351055207,10897402090040,1.2330139,1.7501614,10.220847,0.0018325958,-0.005497787,0.014049901,TREMOR,f50d836cae05
1777351055215,10897410113423,1.1420342,1.6136919,10.199299,-0.008552114,-0.01282817,0.012217305,TREMOR,f50d836cae05
1777351055223,10897418109730,0.62728083,1.3742718,9.818622,-0.009162978,-6.1086525E-4,0.0,TREMOR,f50d836cae05
1777351055231,10897426107268,0.41180268,1.091756,9.394848,0.0061086523,0.022602014,0.0018325958,TREMOR,f50d836cae05
1777351055239,10897434101114,0.61291564,1.067814,9.358934,0.01160644,0.02076942,0.014049901,TREMOR,f50d836cae05
1777351055247,10897442095959,0.7110779,1.2138603,9.574412,0.004276057,-0.012217305,0.005497787,TREMOR,f50d836cae05
1777351055255,10897450092573,0.6512229,1.2258313,9.773131,0.0012217305,-0.014660766,-0.004276057,TREMOR,f50d836cae05
1777351055263,10897458118418,0.7158663,1.2545617,10.031705,-0.01160644,0.01038471,0.002443461,TREMOR,f50d836cae05
1777351055271,10897466114033,0.82599956,1.1875241,10.177752,-0.021991149,0.03481932,0.009773844,TREMOR,f50d836cae05
1777351055279,10897474109494,0.78050977,1.1444284,10.058042,-0.0061086523,0.0,0.0036651916,TREMOR,f50d836cae05
1777351055287,10897482103570,0.7302315,1.3239936,9.811439,0.01282817,-0.010995574,-0.0067195175,TREMOR,f50d836cae05
1777351055295,10897490102338,0.7134721,1.0606314,9.600749,0.014049901,-0.005497787,-0.009162978,TREMOR,f50d836cae05
1777351055303,10897498095030,0.5267244,1.0079589,9.864111,-0.018325957,0.01282817,-0.015271631,TREMOR,f50d836cae05
1777351055311,10897506090413,0.58657944,1.1061212,9.9550905,-0.035430185,0.0,-0.012217305,TREMOR,f50d836cae05
1777351055319,10897514118336,0.8355764,1.115698,9.892841,-0.010995574,-0.01282817,6.1086525E-4,TREMOR,f50d836cae05
1777351055327,10897522112796,1.0007763,1.271321,9.900024,0.0018325958,-0.016493361,-0.0018325958,TREMOR,f50d836cae05
1777351055335,10897530110335,0.92655605,1.4173675,9.689334,0.013439035,-0.028710667,-0.008552114,TREMOR,f50d836cae05
1777351055343,10897538103949,0.7134721,1.4149733,9.435549,0.02076942,-0.015882496,-0.014660766,TREMOR,f50d836cae05
1777351055351,10897546099563,0.7589619,1.3144168,9.61272,0.0061086523,0.017715093,-0.0061086523,TREMOR,f50d836cae05
1777351055359,10897554096870,0.81881696,1.3982137,9.844957,-0.005497787,-0.002443461,-0.0018325958,TREMOR,f50d836cae05
1777351055367,10897562092177,0.80205756,1.5251064,10.0341,0.004886922,-0.016493361,0.0,TREMOR,f50d836cae05
1777351055375,10897570116868,1.1731589,1.8435353,10.213664,0.007941248,0.0018325958,0.015882496,TREMOR,f50d836cae05
1777351055383,10897578114637,1.400608,1.8315643,10.172963,0.007330383,0.015271631,0.025045475,TREMOR,f50d836cae05
1777351055391,10897586108790,0.82599956,1.3623008,9.734824,0.0036651916,0.0012217305,0.0036651916,TREMOR,f50d836cae05
1777351055399,10897594104251,0.36631286,1.0702082,9.536105,-0.01038471,0.021991149,-0.0018325958,TREMOR,f50d836cae05
1777351055407,10897602100558,0.24899697,1.0271125,9.442732,-0.0061086523,0.04153884,0.0030543262,TREMOR,f50d836cae05
1777351055415,10897610094633,0.49320555,1.1013328,9.449914,0.009773844,0.02443461,0.01160644,TREMOR,f50d836cae05
1777351055423,10897618092171,0.92176765,1.2258313,9.744401,0.009773844,-0.017715093,0.015271631,TREMOR,f50d836cae05
1777351055431,10897626118016,0.9935937,1.2234371,10.058042,-0.0061086523,-0.04337143,0.004276057,TREMOR,f50d836cae05
1777351055439,10897634111862,0.8738836,1.1994951,10.168175,-0.012217305,-0.015882496,0.0018325958,TREMOR,f50d836cae05
1777351055447,10897642109400,0.7422025,1.13964,10.16578,-0.014660766,0.049480084,-6.1086525E-4,TREMOR,f50d836cae05
1777351055455,10897650106322,0.2753332,1.0366893,10.010158,-0.01160644,0.05497787,-0.018936822,TREMOR,f50d836cae05
1777351055463,10897658098398,0.39025488,1.1061212,9.933543,-0.015882496,-6.1086525E-4,-0.0067195175,TREMOR,f50d836cae05
1777351055471,10897666096858,0.7422025,1.2210429,9.7563715,-0.007330383,-0.045814894,6.1086525E-4,TREMOR,f50d836cae05
1777351055479,10897674090319,0.9744401,1.3623008,9.672575,-0.0018325958,-0.06047566,-0.0061086523,TREMOR,f50d836cae05
1777351055487,10897682088780,0.90021986,1.2641385,9.459491,0.0067195175,-0.04520403,-0.01160644,TREMOR,f50d836cae05
1777351055495,10897690111626,0.89543146,1.2042835,9.485827,0.0018325958,-6.1086525E-4,-0.0061086523,TREMOR,f50d836cae05
1777351055503,10897698108855,0.85473,1.2162545,9.7563715,-0.01038471,0.039095376,-0.0067195175,TREMOR,f50d836cae05
1777351055511,10897706103316,0.59136784,1.3383588,9.854534,0.005497787,0.007941248,-0.018325957,TREMOR,f50d836cae05
1777351055519,10897714100853,0.7062895,1.5275006,9.967062,0.02076942,-0.007941248,-0.008552114,TREMOR,f50d836cae05
1777351055527,10897722094083,1.0821792,1.8100165,10.163386,0.02321288,-0.0061086523,0.0061086523,TREMOR,f50d836cae05
1777351055535,10897730091313,1.4341269,2.042254,10.115502,0.021380283,-0.019547688,0.014660766,TREMOR,f50d836cae05
1777351055543,10897738116544,1.3862427,1.7238252,9.801862,0.009162978,-0.02321288,0.015271631,TREMOR,f50d836cae05
1777351055551,10897746112851,0.80205756,1.1779473,9.85214,-0.029321533,0.028099801,0.005497787,TREMOR,f50d836cae05
1777351055559,10897754108850,0.33997664,0.8595184,9.868899,-0.048258353,0.0580322,0.0030543262,TREMOR,f50d836cae05
1777351055567,10897762103618,0.16998832,0.7541735,9.67018,-0.019547688,0.051923547,6.1086525E-4,TREMOR,f50d836cae05
1777351055575,10897770100463,0.38067806,1.0582372,9.466674,0.027488936,0.01038471,0.0,TREMOR,f50d836cae05
1777351055583,10897778095539,0.6823475,1.4820108,9.502586,0.03359759,-0.03359759,0.004276057,TREMOR,f50d836cae05
1777351055591,10897786092231,0.91697925,1.5634137,9.643845,0.014049901,-0.044593163,0.0030543262,TREMOR,f50d836cae05
1777351055599,10897794116846,0.9528923,1.3623008,9.880871,-0.013439035,-0.017715093,0.0030543262,TREMOR,f50d836cae05
1777351055607,10897802112845,0.81881696,1.0319009,10.129868,-0.028710667,0.017715093,0.0,TREMOR,f50d836cae05
1777351055615,10897810107844,0.49799395,0.93373865,10.172963,-0.014660766,0.029321533,-0.015882496,TREMOR,f50d836cae05
1777351055623,10897818105381,0.38067806,0.9696517,9.967062,0.0036651916,0.010995574,-0.017715093,TREMOR,f50d836cae05
1777351055631,10897826100226,0.6488287,1.0534488,9.811439,0.009162978,-0.015271631,-0.0061086523,TREMOR,f50d836cae05
1777351055639,10897834096764,0.8379706,1.1468226,9.811439,-0.0012217305,-0.037873644,-0.002443461,TREMOR,f50d836cae05
1777351055647,10897842091225,0.92655605,1.2665327,9.758766,-0.007941248,-0.047647487,-0.007330383,TREMOR,f50d836cae05
1777351055655,10897850116763,0.9528923,1.3335704,9.701305,-0.005497787,-0.017104227,-0.0061086523,TREMOR,f50d836cae05
1777351055663,10897858110993,1.0151415,1.484405,9.770737,-0.0030543262,0.008552114,-0.0030543262,TREMOR,f50d836cae05
1777351055671,10897866106992,0.9648633,1.5825673,9.840169,0.002443461,0.01038471,-0.0030543262,TREMOR,f50d836cae05
1777351055679,10897874103529,0.94570965,1.6903064,9.847352,0.010995574,0.0012217305,-6.1086525E-4,TREMOR,f50d836cae05
1777351055687,10897882097759,1.2090719,1.8531121,9.85214,0.008552114,-0.0012217305,0.018936822,TREMOR,f50d836cae05
1777351055695,10897890093067,1.1947067,1.6352397,9.785102,0.0030543262,0.0061086523,0.014660766,TREMOR,f50d836cae05
1777351055703,10897898090373,0.7589619,1.2234371,9.768343,-0.005497787,0.018325957,0.008552114,TREMOR,f50d836cae05
1777351055711,10897906116526,0.41180268,1.0342951,9.763555,-0.01038471,0.040317107,0.004886922,TREMOR,f50d836cae05
1777351055719,10897914110602,0.33039984,0.9983821,9.7324295,0.01038471,0.05375614,0.0067195175,TREMOR,f50d836cae05
1777351055727,10897922106601,0.50517654,1.1587936,9.718064,0.021380283,0.015271631,0.007941248,TREMOR,f50d836cae05
1777351055735,10897930102600,0.7230489,1.376666,9.751583,0.021380283,-0.030543262,0.004886922,TREMOR,f50d836cae05
1777351055743,10897938097676,0.8523358,1.400608,9.82341,0.009773844,-0.0421497,0.004276057,TREMOR,f50d836cae05
1777351055751,10897946094907,0.9504981,1.2545617,9.959879,-0.009162978,-0.014660766,0.01160644,TREMOR,f50d836cae05
1777351055759,10897954088752,0.90740246,1.1827357,10.101137,-0.017715093,0.02443461,0.008552114,TREMOR,f50d836cae05
1777351055767,10897962114982,0.6775591,1.0845734,9.998186,-0.0036651916,0.016493361,-0.0012217305,TREMOR,f50d836cae05
1777351055775,10897970110366,0.521936,0.89782566,9.753978,0.0067195175,0.01038471,-0.005497787,TREMOR,f50d836cae05
1777351055783,10897978109441,0.3184288,0.91937345,9.849746,-0.008552114,0.031154128,-0.014049901,TREMOR,f50d836cae05
1777351055791,10897986103902,0.3878607,1.1779473,9.957485,-0.02076942,0.02321288,-0.014660766,TREMOR,f50d836cae05
1777351055799,10897994098978,0.79487497,1.2234371,9.864111,-0.007941248,-0.03848451,0.002443461,TREMOR,f50d836cae05
1777351055807,10898002092516,1.0845734,1.3718776,9.876082,-0.005497787,-0.056199603,-6.1086525E-4,TREMOR,f50d836cae05
1777351055815,10898010090592,1.055843,1.3479356,9.677363,-6.1086525E-4,-0.043982297,-0.0018325958,TREMOR,f50d836cae05
1777351055823,10898018116130,1.0606314,1.3551182,9.677363,-0.0036651916,-0.0067195175,-6.1086525E-4,TREMOR,f50d836cae05
1777351055831,10898026112206,0.81163436,1.4580688,9.763555,0.0012217305,0.01038471,-0.016493361,TREMOR,f50d836cae05
1777351055839,10898034107589,0.5770026,1.3790601,9.504981,0.02687807,0.0030543262,-0.015271631,TREMOR,f50d836cae05
1777351055847,10898042101665,0.81642276,1.3910311,9.856929,0.012217305,0.054367006,0.002443461,TREMOR,f50d836cae05
1777351055855,10898050099819,0.90261406,1.6376339,10.156203,-0.004276057,0.030543262,0.008552114,TREMOR,f50d836cae05
1777351055863,10898058095588,0.7733272,1.769315,9.919178,0.004276057,-0.022602014,6.1086525E-4,TREMOR,f50d836cae05
1777351055871,10898066120433,0.9816227,1.8148049,9.64145,0.007941248,-0.012217305,0.014660766,TREMOR,f50d836cae05
1777351055879,10898074117047,1.2042835,1.448492,9.674969,-0.01038471,-0.0012217305,0.028099801,TREMOR,f50d836cae05
1777351055887,10898082109969,0.80205756,1.1492168,9.765948,-0.02443461,-0.0018325958,0.007941248,TREMOR,f50d836cae05
1777351055895,10898090106891,0.48123455,1.0199299,9.706094,-0.014660766,-0.002443461,-0.005497787,TREMOR,f50d836cae05
1777351055903,10898098102583,0.47644615,1.0223241,9.646238,0.01038471,0.028710667,0.004886922,TREMOR,f50d836cae05
1777351055911,10898106098583,0.59136784,1.1875241,9.763555,0.023823744,0.03481932,0.007330383,TREMOR,f50d836cae05
1777351055919,10898114095274,0.7398083,1.3000516,9.849746,0.026267206,0.002443461,0.0061086523,TREMOR,f50d836cae05
1777351055927,10898122089427,0.80445176,1.2473791,9.97185,0.015271631,-0.015882496,0.0030543262,TREMOR,f50d836cae05
1777351055935,10898130114349,0.89303726,1.1731589,10.113108,-0.0012217305,-0.01038471,0.004886922,TREMOR,f50d836cae05
1777351055943,10898138112194,0.78529817,1.0342951,10.105926,-0.014049901,0.010995574,-6.1086525E-4,TREMOR,f50d836cae05
1777351055951,10898146105655,0.40940848,0.8283938,9.931149,-0.017104227,0.032986723,-0.01160644,TREMOR,f50d836cae05
1777351055959,10898154102578,0.35434186,1.0941502,10.230424,-0.03604105,0.051923547,-0.013439035,TREMOR,f50d836cae05
1777351055967,10898162096115,0.60333884,1.2449849,10.070012,-0.02687807,-0.017104227,0.0,TREMOR,f50d836cae05
1777351055975,10898170093422,0.92176765,1.2641385,9.528923,0.015271631,-0.07452556,0.0,TREMOR,f50d836cae05
1777351055983,10898178119882,1.0342951,1.3503298,9.188946,0.02321288,-0.05131268,-0.005497787,TREMOR,f50d836cae05
1777351055991,10898186114266,1.0965444,1.508347,9.378088,0.0,-0.007941248,-0.004276057,TREMOR,f50d836cae05
1777351055999,10898194110881,0.78290397,1.3192052,9.646238,-0.014049901,0.020158553,-0.012217305,TREMOR,f50d836cae05
1777351056007,10898202104495,0.59855044,1.1779473,9.900024,-0.01160644,0.028099801,-0.01160644,TREMOR,f50d836cae05
1777351056015,10898210101418,0.78769237,1.376666,10.06283,0.01038471,0.03359759,0.0030543262,TREMOR,f50d836cae05
1777351056023,10898218096494,0.91458505,1.6184803,10.115502,0.023823744,0.009162978,0.0030543262,TREMOR,f50d836cae05
1777351056031,10898226093339,1.1228806,1.8794483,10.019734,0.02076942,-0.035430185,0.009162978,TREMOR,f50d836cae05
1777351056039,10898234120415,1.2569559,1.685518,9.840169,0.0,-0.05497787,0.019547688,TREMOR,f50d836cae05
1777351056047,10898242113722,0.91697925,1.2665327,9.770737,-0.021380283,-0.01038471,0.007941248,TREMOR,f50d836cae05
1777351056055,10898250110644,0.50996494,1.0199299,9.715671,-0.021991149,0.048258353,0.0036651916,TREMOR,f50d836cae05
1777351056063,10898258105029,0.32321724,0.93134445,9.619903,-0.002443461,0.059864793,0.004276057,TREMOR,f50d836cae05
1777351056071,10898266100412,0.4189853,1.0462662,9.646238,0.012217305,0.03604105,0.005497787,TREMOR,f50d836cae05
1777351056079,10898274097027,0.6631939,1.2593501,9.763555,0.017104227,-0.015271631,0.007330383,TREMOR,f50d836cae05
1777351056087,10898282093026,0.93852705,1.3670892,9.892841,0.005497787,-0.034208454,0.007330383,TREMOR,f50d836cae05
1777351056095,10898290089102,0.9768343,1.1971009,9.9790325,-0.004886922,-0.01038471,0.005497787,TREMOR,f50d836cae05
1777351056103,10898298114947,0.7493851,1.0630256,10.093954,-0.017104227,0.02321288,-0.0018325958,TREMOR,f50d836cae05
1777351056111,10898306112100,0.4405331,1.1971009,10.105926,-0.018325957,0.032986723,-0.012217305,TREMOR,f50d836cae05
1777351056119,10898314107561,0.46447513,1.2569559,9.902418,-0.0061086523,0.023823744,-0.009773844,TREMOR,f50d836cae05
1777351056127,10898322099560,0.6871359,1.1803415,9.646238,0.009162978,-0.031154128,0.0012217305,TREMOR,f50d836cae05
1777351056135,10898330098021,0.91458505,1.2449849,9.667787,-0.0012217305,-0.031154128,-0.002443461,TREMOR,f50d836cae05
1777351056143,10898338092712,0.91458505,1.4053963,9.713276,-0.004276057,-0.03359759,-0.007330383,TREMOR,f50d836cae05
1777351056151,10898346117019,0.878672,1.4580688,9.615114,0.0,-0.018325957,-0.005497787,TREMOR,f50d836cae05
1777351056159,10898354113325,0.770933,1.3479356,9.579201,0.007941248,0.021380283,-0.004886922,TREMOR,f50d836cae05
1777351056167,10898362110633,0.842759,1.3383588,9.842564,-0.0030543262,0.03176499,0.0012217305,TREMOR,f50d836cae05
1777351056175,10898370104401,0.8571242,1.6304513,10.146626,-0.009162978,0.0067195175,0.0030543262,TREMOR,f50d836cae05
1777351056183,10898378100708,0.92655605,1.6998832,9.904813,0.010995574,-0.03726278,0.005497787,TREMOR,f50d836cae05
1777351056191,10898386098630,1.0654198,1.364695,9.624691,0.018936822,-0.026267206,0.010995574,TREMOR,f50d836cae05
1777351056199,10898394091168,0.92655605,1.2737153,9.931149,-0.020158553,0.026267206,0.007330383,TREMOR,f50d836cae05
1777351056207,10898402117397,0.6512229,1.2018893,9.995792,-0.021380283,0.014660766,0.004276057,TREMOR,f50d836cae05
1777351056215,10898410113704,0.4405331,1.0510546,9.744401,6.1086525E-4,0.017715093,-6.1086525E-4,TREMOR,f50d836cae05
1777351056223,10898418111550,0.51954174,1.0941502,9.7084875,0.01282817,0.02687807,0.0036651916,TREMOR,f50d836cae05
1777351056231,10898426105396,0.8499416,1.3096284,9.763555,0.015271631,-0.0036651916,0.01038471,TREMOR,f50d836cae05
1777351056239,10898434101087,0.8882488,1.3838485,9.866506,0.008552114,-0.02321288,-0.002443461,TREMOR,f50d836cae05
1777351056247,10898442098009,0.770933,1.2545617,9.844957,-0.0018325958,-0.017715093,-0.004276057,TREMOR,f50d836cae05
1777351056255,10898450091777,0.7493851,1.0606314,9.888053,-0.01160644,0.02076942,0.004886922,TREMOR,f50d836cae05
1777351056263,10898458086622,0.5793968,1.079785,9.983821,-0.017104227,0.039095376,-0.004886922,TREMOR,f50d836cae05
1777351056271,10898466114315,0.5626374,1.1851299,10.086772,-0.018325957,6.1086525E-4,-0.007941248,TREMOR,f50d836cae05
1777351056279,10898474109621,0.6488287,1.1611878,9.873688,-0.004276057,-0.03970624,-0.004886922,TREMOR,f50d836cae05
1777351056287,10898482105928,0.89543146,1.2282255,9.653421,0.007941248,-0.028710667,-0.0012217305,TREMOR,f50d836cae05
1777351056295,10898490102543,1.0223241,1.3215994,9.5385,0.013439035,-0.014660766,6.1086525E-4,TREMOR,f50d836cae05
1777351056303,10898498095234,0.8499416,1.3239936,9.555259,0.005497787,-0.014049901,-0.007330383,TREMOR,f50d836cae05
1777351056311,10898506093002,0.61291564,1.3335704,9.744401,-0.009773844,0.01160644,-0.012217305,TREMOR,f50d836cae05
1777351056319,10898514119770,0.6607997,1.4341269,9.921572,-0.0012217305,0.022602014,-0.0030543262,TREMOR,f50d836cae05
1777351056327,10898522113001,0.8738836,1.5682021,9.9550905,0.015882496,0.01038471,0.0036651916,TREMOR,f50d836cae05
1777351056335,10898530109077,1.0989386,1.6376339,9.837775,0.030543262,-0.028710667,0.007330383,TREMOR,f50d836cae05
1777351056343,10898538106230,1.2354081,1.553837,9.844957,0.008552114,-0.032986723,0.013439035,TREMOR,f50d836cae05
1777351056351,10898546100998,1.0055647,1.3694834,9.94312,-0.015882496,0.01160644,0.0061086523,TREMOR,f50d836cae05
1777351056359,10898554095766,0.58418524,1.1013328,9.986216,-0.021991149,0.05375614,0.002443461,TREMOR,f50d836cae05
1777351056367,10898562090612,0.37110126,1.0390835,9.923966,-0.009162978,0.06352998,0.002443461,TREMOR,f50d836cae05
1777351056375,10898570116150,0.4357447,1.2401965,9.830592,0.009162978,0.03481932,0.004276057,TREMOR,f50d836cae05
1777351056383,10898578112457,0.6703765,1.4149733,9.648633,0.023823744,-0.036651913,0.004276057,TREMOR,f50d836cae05
1777351056391,10898586108379,0.90500826,1.376666,9.540894,0.008552114,-0.04886922,0.0067195175,TREMOR,f50d836cae05
1777351056399,10898594103763,1.0007763,1.13964,9.706094,-0.019547688,-0.018936822,0.005497787,TREMOR,f50d836cae05
1777351056407,10898602099223,0.79487497,0.92895025,9.969456,-0.03726278,0.017715093,6.1086525E-4,TREMOR,f50d836cae05
1777351056415,10898610096145,0.4405331,1.0055647,10.189722,-0.02687807,0.040317107,-0.012217305,TREMOR,f50d836cae05
1777351056423,10898618091760,0.51954174,1.1420342,10.096349,6.1086525E-4,0.015271631,-0.005497787,TREMOR,f50d836cae05
1777351056431,10898626116375,0.7230489,1.2473791,9.765948,0.022602014,-0.026267206,-0.002443461,TREMOR,f50d836cae05
1777351056439,10898634113297,0.8738836,1.3551182,9.519346,0.025045475,-0.047036625,-0.0061086523,TREMOR,f50d836cae05
1777351056447,10898642108758,0.90500826,1.3982137,9.56723,0.0067195175,-0.03604105,-0.0061086523,TREMOR,f50d836cae05
1777351056455,10898650104372,0.80205756,1.3814543,9.76116,-0.019547688,0.0036651916,-0.004276057,TREMOR,f50d836cae05
1777351056463,10898658100140,0.6847417,1.3718776,9.900024,-0.015882496,0.025045475,-0.005497787,TREMOR,f50d836cae05
1777351056471,10898666094601,0.7781156,1.3862427,9.921572,0.0012217305,0.02321288,-0.004276057,TREMOR,f50d836cae05
1777351056479,10898674091755,0.90500826,1.5658079,9.983821,0.009162978,-0.0067195175,6.1086525E-4,TREMOR,f50d836cae05
1777351056487,10898682118523,1.0342951,1.7645266,9.837775,0.009773844,-0.04520403,-6.1086525E-4,TREMOR,f50d836cae05
1777351056495,10898690113907,1.2354081,1.5442601,9.569624,0.008552114,-0.030543262,0.014049901,TREMOR,f50d836cae05
1777351056503,10898698108060,1.0366893,1.2114661,9.615114,-0.007941248,0.019547688,0.010995574,TREMOR,f50d836cae05
1777351056511,10898706104135,0.6679823,1.127669,9.91439,-0.020158553,0.049480084,0.002443461,TREMOR,f50d836cae05
1777351056519,10898714100442,0.4213795,1.0869676,9.9790325,-0.01160644,0.05497787,-6.1086525E-4,TREMOR,f50d836cae05
1777351056527,10898722095210,0.40462008,1.0821792,9.950302,0.01160644,0.028099801,0.0018325958,TREMOR,f50d836cae05
1777351056535,10898730089980,0.6488287,1.2401965,9.856929,0.017104227,-0.014049901,0.007330383,TREMOR,f50d836cae05
1777351056543,10898738117979,0.8283938,1.3910311,9.742006,0.010995574,-0.040927973,0.004276057,TREMOR,f50d836cae05
1777351056551,10898746113055,0.8762778,1.2904748,9.667787,0.0012217305,-0.03359759,0.0030543262,TREMOR,f50d836cae05
1777351056559,10898754109284,0.89782566,1.079785,9.828198,-0.01160644,0.008552114,0.0067195175,TREMOR,f50d836cae05
1777351056567,10898762103745,0.7398083,1.0390835,10.010158,-0.014660766,0.032986723,-0.002443461,TREMOR,f50d836cae05
1777351056575,10898770100129,0.39264908,1.091756,10.022128,-0.0036651916,0.022602014,-0.015882496,TREMOR,f50d836cae05
1777351056583,10898778093897,0.47884035,1.2689269,9.919178,0.0018325958,0.013439035,-0.009773844,TREMOR,f50d836cae05
1777351056591,10898786089589,0.7541735,1.2641385,9.737218,0.004886922,-0.019547688,0.0018325958,TREMOR,f50d836cae05
1777351056599,10898794117281,0.8619126,1.2856863,9.660604,-0.0012217305,-0.051923547,-0.004276057,TREMOR,f50d836cae05
1777351056607,10898802113049,0.93373865,1.3670892,9.67018,-0.004276057,-0.029932396,-0.0018325958,TREMOR,f50d836cae05
1777351056615,10898810107817,0.94092125,1.4269443,9.744401,-0.002443461,0.01038471,0.0,TREMOR,f50d836cae05
1777351056623,10898818102816,0.8331822,1.4317327,9.844957,0.0012217305,0.031154128,-0.0036651916,TREMOR,f50d836cae05
1777351056631,10898826097969,0.7015011,1.4652514,9.931149,6.1086525E-4,0.016493361,-0.0061086523,TREMOR,f50d836cae05
1777351056639,10898834094892,0.81642276,1.5514427,9.9790325,-0.0067195175,-0.017715093,0.004886922,TREMOR,f50d836cae05
1777351056647,10898842090506,1.0223241,1.6065093,9.830592,-6.1086525E-4,-0.039095376,0.01038471,TREMOR,f50d836cae05
1777351056655,10898850115505,1.0893618,1.3311762,9.516952,0.0067195175,-0.02321288,0.012217305,TREMOR,f50d836cae05
1777351056663,10898858112428,0.90021986,1.1755531,9.569624,0.0018325958,0.021380283,0.007330383,TREMOR,f50d836cae05
1777351056671,10898866108965,0.60333884,1.1372458,9.825804,-0.004276057,0.048258353,0.0018325958,TREMOR,f50d836cae05
1777351056679,10898874104041,0.47644615,1.1420342,9.890448,0.004886922,0.039095376,0.002443461,TREMOR,f50d836cae05
1777351056687,10898882099732,0.60812724,1.2258313,9.89763,0.013439035,0.01282817,0.005497787,TREMOR,f50d836cae05
1777351056695,10898890093886,0.78290397,1.3838485,9.856929,0.019547688,-0.018325957,0.0067195175,TREMOR,f50d836cae05
1777351056703,10898898090577,0.8571242,1.3982137,9.770737,0.017715093,-0.028710667,0.004886922,TREMOR,f50d836cae05
1777351056711,10898906115500,0.8858546,1.316811,9.825804,-0.0012217305,0.007330383,0.004886922,TREMOR,f50d836cae05
1777351056719,10898914113652,0.7350199,1.2066777,9.931149,-0.009162978,0.02565634,0.0018325958,TREMOR,f50d836cae05
1777351056727,10898922109344,0.60573304,1.0941502,9.919178,-0.01038471,0.019547688,0.0018325958,TREMOR,f50d836cae05
1777351056735,10898930103497,0.5602432,0.9935937,9.849746,-0.0061086523,0.007330383,-0.002443461,TREMOR,f50d836cae05
1777351056743,10898938097650,0.4189853,1.0366893,9.91439,-0.010995574,0.0061086523,-0.010995574,TREMOR,f50d836cae05
1777351056751,10898946093265,0.58657944,1.3024458,10.010158,-0.018325957,-0.0012217305,-0.005497787,TREMOR,f50d836cae05
1777351056759,10898954091495,0.91697925,1.3239936,9.785102,-0.0018325958,-0.030543262,0.004276057,TREMOR,f50d836cae05
1777351056767,10898962115109,1.0199299,1.3838485,9.648633,0.004886922,-0.042760566,-0.0030543262,TREMOR,f50d836cae05
1777351056775,10898970112416,0.9864111,1.4389153,9.548077,0.0067195175,-0.035430185,-0.0067195175,TREMOR,f50d836cae05
1777351056783,10898978106184,0.9600749,1.3192052,9.598354,-0.004886922,0.009162978,-0.0030543262,TREMOR,f50d836cae05
1777351056791,10898986101260,0.80684596,1.2330139,9.770737,-0.012217305,0.029321533,-0.009773844,TREMOR,f50d836cae05
1777351056799,10898994098798,0.5315128,1.2234371,9.938332,-0.009162978,0.023823744,-0.013439035,TREMOR,f50d836cae05
1777351056807,10899002093259,0.59855044,1.4173675,9.940725,0.004276057,0.013439035,-0.0067195175,TREMOR,f50d836cae05
1777351056815,10899010089643,0.8475474,1.7190368,9.92636,0.01282817,-0.004276057,0.004276057,TREMOR,f50d836cae05
1777351056823,10899018116411,1.1372458,1.8315643,9.8042555,0.009162978,-0.042760566,0.015271631,TREMOR,f50d836cae05
1777351056831,10899026110487,1.3335704,1.5298948,9.634268,-0.0061086523,-0.044593163,0.020158553,TREMOR,f50d836cae05
1777351056839,10899034108717,0.92895025,1.1109096,9.677363,-0.021991149,0.0018325958,0.004886922,TREMOR,f50d836cae05
1777351056847,10899042100947,0.5674258,0.9816227,9.753978,-0.015882496,0.04642576,0.0018325958,TREMOR,f50d836cae05
1777351056855,10899050098254,0.39264908,1.0414777,9.782708,0.014049901,0.062308256,0.0018325958,TREMOR,f50d836cae05
1777351056863,10899058095407,0.50038815,1.2210429,9.80665,0.027488936,0.018325957,0.004276057,TREMOR,f50d836cae05
1777351056871,10899066088098,0.7685388,1.3814543,9.80665,0.02565634,-0.028099801,0.007941248,TREMOR,f50d836cae05
1777351056879,10899074116328,0.9792285,1.3742718,9.878476,0.010995574,-0.034208454,0.009162978,TREMOR,f50d836cae05
1777351056887,10899082109942,0.91697925,1.2210429,9.981427,-0.008552114,-0.005497787,0.004886922,TREMOR,f50d836cae05
1777351056895,10899090108634,0.6368576,0.9744401,9.940725,-0.013439035,0.022602014,-0.004886922,TREMOR,f50d836cae05
1777351056903,10899098102480,0.35913026,0.9624691,9.919178,-0.014660766,0.03604105,-0.010995574,TREMOR,f50d836cae05
1777351056911,10899106096941,0.35434186,1.3192052,10.160992,-0.017715093,0.03848451,-0.015882496,TREMOR,f50d836cae05
1777351056919,10899114093324,0.6895301,1.3335704,9.883265,-0.004886922,-0.028710667,0.0018325958,TREMOR,f50d836cae05
1777351056927,10899122089016,0.91219085,1.2665327,9.56723,0.007330383,-0.062308256,0.0,TREMOR,f50d836cae05
1777351056935,10899130114553,1.0055647,1.3575124,9.461885,0.0036651916,-0.043982297,-0.004276057,TREMOR,f50d836cae05
1777351056943,10899138111090,1.0462662,1.3479356,9.519346,-0.0061086523,-0.013439035,0.0012217305,TREMOR,f50d836cae05
1777351056951,10899146105244,0.80445176,1.2354081,9.667787,-0.012217305,0.02076942,-0.009162978,TREMOR,f50d836cae05
1777351056959,10899154104013,0.6512229,1.271321,9.938332,-0.010995574,0.04642576,-0.009773844,TREMOR,f50d836cae05
1777351056967,10899162096704,0.7182605,1.6112977,10.055647,0.015271631,0.020158553,-0.002443461,TREMOR,f50d836cae05
1777351056975,10899170092318,0.9552865,1.8914193,9.883265,0.030543262,-0.022602014,0.004276057,TREMOR,f50d836cae05
1777351056983,10899178089317,1.3623008,1.6304513,9.689334,0.018325957,-0.05009095,0.019547688,TREMOR,f50d836cae05
1777351056991,10899186115163,1.1540052,1.3120226,9.694122,-0.015271631,-0.0421497,0.01282817,TREMOR,f50d836cae05
1777351056999,10899194110777,0.6560113,0.9792285,9.785102,-0.032375857,0.017104227,0.0018325958,TREMOR,f50d836cae05
1777351057007,10899202106777,0.4141969,0.90979666,9.832987,-0.004886922,0.080634214,0.0061086523,TREMOR,f50d836cae05
1777351057015,10899210101237,0.40701428,1.1204864,9.844957,0.02565634,0.0580322,0.004886922,TREMOR,f50d836cae05
1777351057023,10899218096621,0.62009823,1.352724,9.713276,0.04337143,-0.009162978,0.0030543262,TREMOR,f50d836cae05
1777351057031,10899226092005,0.93134445,1.4101849,9.737218,0.029321533,-0.04520403,0.009773844,TREMOR,f50d836cae05
1777351057039,10899234089004,0.8858546,1.2354081,9.945514,-0.016493361,-0.019547688,0.0018325958,TREMOR,f50d836cae05
1777351057047,10899242113926,0.6536171,1.0127473,10.041282,-0.03359759,0.015882496,-6.1086525E-4,TREMOR,f50d836cae05
1777351057055,10899250110464,0.38307226,0.89782566,10.120291,-0.032986723,0.053145275,-0.0061086523,TREMOR,f50d836cae05
1777351057063,10899258104310,0.25378537,1.151611,10.25676,-0.02687807,0.044593163,-0.015271631,TREMOR,f50d836cae05
1777351057071,10899266101539,0.6512229,1.3096284,9.856929,-0.0061086523,-0.021991149,-0.0012217305,TREMOR,f50d836cae05
1777351057079,10899274097231,0.93134445,1.3335704,9.423578,0.023823744,-0.06841691,-0.0018325958,TREMOR,f50d836cae05
1777351057087,10899282093845,1.043872,1.4341269,9.248801,0.014049901,-0.053145275,-0.0067195175,TREMOR,f50d836cae05
1777351057095,10899290117306,1.0654198,1.4030021,9.433155,-0.009773844,-0.015271631,6.1086525E-4,TREMOR,f50d836cae05
1777351057103,10899298112997,0.8690952,1.2042835,9.758766,-0.028099801,0.02076942,-0.005497787,TREMOR,f50d836cae05
1777351057111,10899306109305,0.6512229,1.1348516,10.072407,-0.015271631,0.0421497,-0.010995574,TREMOR,f50d836cae05
1777351057119,10899314107688,0.6991069,1.4628572,10.067618,0.018325957,0.022602014,-0.0036651916,TREMOR,f50d836cae05
1777351057127,10899322103149,0.9528923,1.9177556,9.809045,0.04642576,-0.008552114,6.1086525E-4,TREMOR,f50d836cae05
1777351057135,10899330097609,1.3694834,1.7669208,9.607931,0.042760566,-0.0421497,0.018936822,TREMOR,f50d836cae05
1777351057143,10899338091455,1.2234371,1.4389153,9.737218,-0.0067195175,-0.044593163,0.017104227,TREMOR,f50d836cae05
1777351057151,10899346117915,0.7230489,1.1061212,10.01734,-0.050701816,0.018936822,0.0018325958,TREMOR,f50d836cae05
1777351057159,10899354115069,0.39264908,0.878672,9.959879,-0.021991149,0.07513642,0.008552114,TREMOR,f50d836cae05
1777351057167,10899362108914,0.35673606,0.9648633,9.80665,0.017104227,0.07880162,0.005497787,TREMOR,f50d836cae05
1777351057175,10899370104990,0.48362875,1.2449849,9.653421,0.04337143,0.01160644,0.0012217305,TREMOR,f50d836cae05
1777351057183,10899378101835,0.92895025,1.4413095,9.624691,0.032375857,-0.050701816,0.0061086523,TREMOR,f50d836cae05
1777351057191,10899386097219,0.9648633,1.3120226,9.811439,-0.0018325958,-0.04337143,0.0061086523,TREMOR,f50d836cae05
1777351057199,10899394091449,0.61530983,1.0965444,10.06283,-0.040927973,0.01160644,-0.004886922,TREMOR,f50d836cae05
1777351057207,10899402117832,0.4189853,0.9864111,10.127473,-0.03604105,0.044593163,-0.0036651916,TREMOR,f50d836cae05
1777351057215,10899410113525,0.39743748,1.1563994,10.163386,-0.017715093,0.040317107,-0.010995574,TREMOR,f50d836cae05
1777351057223,10899418109293,0.7278373,1.3455414,9.809045,0.018325957,-0.035430185,-6.1086525E-4,TREMOR,f50d836cae05
1777351057231,10899426104292,0.91937345,1.436521,9.478644,0.025045475,-0.062308256,-0.004276057,TREMOR,f50d836cae05
1777351057239,10899434100368,0.9935937,1.4437037,9.421184,0.0036651916,-0.047647487,-0.005497787,TREMOR,f50d836cae05
1777351057247,10899442095059,0.9911995,1.316811,9.655815,-0.021991149,-0.0036651916,0.0,TREMOR,f50d836cae05
1777351057255,10899450091366,0.7493851,1.091756,9.902418,-0.030543262,0.02687807,-0.004276057,TREMOR,f50d836cae05
1777351057263,10899458087751,0.6607997,1.2186487,9.97185,-0.0012217305,0.028099801,-0.004886922,TREMOR,f50d836cae05
1777351057271,10899466112596,0.8499416,1.5682021,9.840169,0.034208454,0.010995574,0.004276057,TREMOR,f50d836cae05
1777351057279,10899474108902,1.1707647,1.7381904,9.679757,0.040317107,-0.009162978,0.010995574,TREMOR,f50d836cae05
1777351057287,10899482104363,1.1994951,1.520318,9.794679,0.005497787,-0.034208454,0.012217305,TREMOR,f50d836cae05
1777351057295,10899490099439,0.81881696,1.2018893,10.072407,-0.044593163,-0.007941248,0.002443461,TREMOR,f50d836cae05
1777351057303,10899498097207,0.48362875,0.9983821,10.007763,-0.02687807,0.04520403,0.0012217305,TREMOR,f50d836cae05
1777351057311,10899506090514,0.41180268,1.0151415,9.7563715,0.013439035,0.06291912,0.007941248,TREMOR,f50d836cae05
1777351057319,10899514118437,0.5243302,1.2665327,9.617508,0.036651913,0.027488936,0.0036651916,TREMOR,f50d836cae05
1777351057327,10899522112667,0.770933,1.4173675,9.540894,0.034208454,-0.03176499,0.002443461,TREMOR,f50d836cae05
1777351057335,10899530109281,0.90979666,1.328782,9.701305,0.0,-0.029932396,0.002443461,TREMOR,f50d836cae05
1777351057343,10899538103357,0.8331822,1.2066777,9.9790325,-0.025045475,0.010995574,-6.1086525E-4,TREMOR,f50d836cae05
1777351057351,10899546100664,0.51714754,1.1133038,10.175357,-0.02687807,0.028710667,-0.005497787,TREMOR,f50d836cae05
1777351057359,10899554095047,0.45010993,1.2186487,10.141838,-0.016493361,0.028099801,-0.009162978,TREMOR,f50d836cae05
1777351057367,10899562090431,0.7015011,1.316811,9.928755,0.0018325958,0.0012217305,-0.0018325958,TREMOR,f50d836cae05
1777351057375,10899570119739,0.8643068,1.3982137,9.643845,0.019547688,-0.042760566,-0.004886922,TREMOR,f50d836cae05
1777351057383,10899578113276,0.878672,1.4101849,9.466674,0.008552114,-0.044593163,-0.007941248,TREMOR,f50d836cae05
1777351057391,10899586107968,0.92176765,1.2473791,9.528923,-0.01282817,-0.015271631,-6.1086525E-4,TREMOR,f50d836cae05
1777351057399,10899594102736,0.94570965,1.0295067,9.751583,-0.02687807,0.015271631,0.004276057,TREMOR,f50d836cae05
1777351057407,10899602100350,0.7326257,1.091756,9.969456,-0.012217305,0.015882496,-0.0067195175,TREMOR,f50d836cae05
1777351057415,10899610095734,0.7230489,1.4413095,9.97185,0.019547688,0.009162978,-0.004276057,TREMOR,f50d836cae05
1777351057423,10899618091965,1.0127473,1.7477672,9.68694,0.048258353,0.004886922,0.007330383,TREMOR,f50d836cae05
1777351057431,10899626116656,1.1779473,1.6519991,9.607931,0.036651913,-0.014049901,0.012217305,TREMOR,f50d836cae05
1777351057439,10899634112963,0.9840169,1.3958195,9.854534,-0.007941248,-0.02321288,0.008552114,TREMOR,f50d836cae05
1777351057447,10899642107731,0.7015011,1.1252748,10.060435,-0.037873644,0.019547688,0.0030543262,TREMOR,f50d836cae05
1777351057455,10899650104961,0.49081135,0.9696517,10.024523,-0.014660766,0.050701816,0.005497787,TREMOR,f50d836cae05
1777351057463,10899658099652,0.46926352,1.0821792,9.885659,0.015882496,0.04153884,0.004276057,TREMOR,f50d836cae05
1777351057471,10899666095959,0.5674258,1.3215994,9.725247,0.032986723,-0.004276057,6.1086525E-4,TREMOR,f50d836cae05
1777351057479,10899674092651,0.7015011,1.496376,9.583989,0.018325957,-0.028099801,-0.0012217305,TREMOR,f50d836cae05
1777351057487,10899682117881,0.7278373,1.4030021,9.6845455,-0.015271631,-0.0061086523,-0.0018325958,TREMOR,f50d836cae05
1777351057495,10899690113265,0.6967127,1.1061212,10.012551,-0.04337143,0.005497787,0.0012217305,TREMOR,f50d836cae05
1777351057503,10899698107648,0.6727707,1.0079589,10.132261,-0.039095376,-6.1086525E-4,-0.0030543262,TREMOR,f50d836cae05
1777351057511,10899706104647,0.7613561,1.1923125,9.952697,-0.005497787,-0.0067195175,-0.0061086523,TREMOR,f50d836cae05
1777351057519,10899714099108,0.90021986,1.3623008,9.655815,0.027488936,-0.015882496,-0.0030543262,TREMOR,f50d836cae05
1777351057527,10899722094492,0.8738836,1.3623008,9.579201,0.012217305,-0.014049901,-0.0061086523,TREMOR,f50d836cae05
1777351057535,10899730090491,0.78529817,1.2473791,9.794679,-0.015882496,0.0036651916,-0.0036651916,TREMOR,f50d836cae05
1777351057543,10899738115721,0.7350199,1.2401965,9.974244,-0.02687807,0.01160644,-0.0030543262,TREMOR,f50d836cae05
1777351057551,10899746111105,0.7110779,1.3455414,9.854534,0.004276057,-0.0018325958,-0.0018325958,TREMOR,f50d836cae05
1777351057559,10899754109488,0.878672,1.4676456,9.674969,0.021991149,-0.0012217305,0.0036651916,TREMOR,f50d836cae05
1777351057567,10899762102411,0.9983821,1.685518,9.737218,0.01038471,-0.0036651916,0.0036651916,TREMOR,f50d836cae05
1777351057575,10899770099102,1.067814,1.5634137,9.701305,-0.002443461,-0.022602014,0.01282817,TREMOR,f50d836cae05
1777351057583,10899778095333,0.8403648,1.271321,9.742006,-0.018936822,-0.0030543262,0.0067195175,TREMOR,f50d836cae05
1777351057591,10899786090716,0.641646,1.0845734,9.947908,-0.021380283,0.023823744,0.004886922,TREMOR,f50d836cae05
1777351057599,10899794118715,0.58657944,1.0630256,9.883265,0.004276057,0.016493361,0.0061086523,TREMOR,f50d836cae05
1777351057607,10899802111022,0.58897364,1.2162545,9.739613,0.02321288,0.009773844,0.0018325958,TREMOR,f50d836cae05
1777351057615,10899810108944,0.7398083,1.316811,9.617508,0.029321533,-0.007941248,0.007941248,TREMOR,f50d836cae05
1777351057623,10899818105482,0.92176765,1.3144168,9.682152,0.02321288,-0.008552114,0.009162978,TREMOR,f50d836cae05
1777351057631,10899826099636,0.8834604,1.2617443,9.885659,0.005497787,0.0067195175,0.0012217305,TREMOR,f50d836cae05
1777351057639,10899834093250,0.7469909,1.1300632,10.024523,0.002443461,0.02076942,-0.0018325958,TREMOR,f50d836cae05
1777351057647,10899842091018,0.46208093,1.1683705,10.09156,-0.0036651916,0.03848451,-0.010995574,TREMOR,f50d836cae05
1777351057655,10899850118171,0.29448682,1.2880806,10.244789,-0.015271631,0.04520403,-0.013439035,TREMOR,f50d836cae05
1777351057663,10899858113785,0.5482722,1.2785037,10.170568,-0.028099801,-0.030543262,0.0,TREMOR,f50d836cae05
1777351057671,10899866107092,0.7469909,1.2497733,9.797073,-0.0067195175,-0.065973446,-0.0012217305,TREMOR,f50d836cae05
1777351057679,10899874103707,1.0127473,1.3814543,9.368511,0.015271631,-0.055588737,0.0,TREMOR,f50d836cae05
1777351057687,10899882098783,1.0821792,1.472434,9.229648,0.015271631,-0.02565634,0.0,TREMOR,f50d836cae05
1777351057695,10899890094706,0.94570965,1.3000516,9.543288,-0.0067195175,0.017104227,-0.0036651916,TREMOR,f50d836cae05
1777351057703,10899898089551,0.7445967,1.0702082,9.9550905,-0.029932396,0.03481932,-0.005497787,TREMOR,f50d836cae05
1777351057711,10899906115396,0.6991069,1.1683705,10.287885,-0.022602014,0.025045475,-0.005497787,TREMOR,f50d836cae05
1777351057719,10899914110472,0.6919243,1.4460979,10.065224,0.013439035,-0.0030543262,-0.005497787,TREMOR,f50d836cae05
1777351057727,10899922106163,0.8834604,1.685518,9.674969,0.037873644,-0.017104227,0.0,TREMOR,f50d836cae05
1777351057735,10899930102086,1.2449849,1.6136919,9.512163,0.014660766,-0.02076942,0.02076942,TREMOR,f50d836cae05
1777351057743,10899938098778,1.0749966,1.3335704,9.698911,-0.02565634,-0.022602014,0.009773844,TREMOR,f50d836cae05
1777351057751,10899946094469,0.6607997,1.0773908,10.007763,-0.040317107,0.008552114,0.0,TREMOR,f50d836cae05
1777351057759,10899954089545,0.50038815,1.0319009,9.983821,-0.01160644,0.04642576,0.0036651916,TREMOR,f50d836cae05
1777351057767,10899962114775,0.48362875,1.1755531,9.730036,0.025045475,0.05131268,0.0036651916,TREMOR,f50d836cae05
1777351057775,10899970110774,0.60573304,1.3814543,9.545682,0.04337143,-0.009162978,0.0012217305,TREMOR,f50d836cae05
1777351057783,10899978107619,0.8595184,1.3790601,9.528923,0.021380283,-0.032986723,0.007330383,TREMOR,f50d836cae05
1777351057791,10899986101773,0.9648633,1.2162545,9.921572,-0.013439035,-0.014049901,0.005497787,TREMOR,f50d836cae05
1777351057799,10899994100233,0.6799533,1.1324574,10.237606,-0.029321533,0.014660766,-0.004276057,TREMOR,f50d836cae05
1777351057807,10900002093155,0.36391866,1.1923125,10.218452,-0.015882496,0.039095376,-0.012217305,TREMOR,f50d836cae05
1777351057815,10900010118693,0.44532153,1.2689269,10.036493,0.0036651916,0.028710667,-0.0036651916,TREMOR,f50d836cae05
1777351057823,10900018114461,0.7254431,1.3120226,9.844957,-0.002443461,-0.02687807,0.0,TREMOR,f50d836cae05
1777351057831,10900026109229,0.8403648,1.3455414,9.65821,-0.005497787,-0.06841691,-0.0036651916,TREMOR,f50d836cae05
1777351057839,10900034106768,0.9792285,1.3455414,9.471462,-0.0018325958,-0.05681047,-0.0012217305,TREMOR,f50d836cae05
1777351057847,10900042101536,1.079785,1.292869,9.516952,-0.005497787,0.010995574,0.0018325958,TREMOR,f50d836cae05
1777351057855,10900050098689,0.90740246,1.163582,9.763555,-0.015271631,0.035430185,-0.005497787,TREMOR,f50d836cae05
1777351057863,10900058092534,0.6344634,1.1755531,10.031705,-0.014049901,0.02687807,-0.01038471,TREMOR,f50d836cae05
1777351057871,10900066118456,0.6536171,1.3982137,10.070012,6.1086525E-4,0.015271631,-0.0067195175,TREMOR,f50d836cae05
1777351057879,10900074115917,0.7685388,1.5490485,9.734824,0.023823744,-0.0030543262,0.0,TREMOR,f50d836cae05
1777351057887,10900082112608,1.0007763,1.6208745,9.6845455,0.01038471,-0.018325957,0.007941248,TREMOR,f50d836cae05
1777351057895,10900090106762,1.1755531,1.4460979,9.775525,-0.017715093,-0.034208454,0.015271631,TREMOR,f50d836cae05
1777351057903,10900098102453,0.94570965,1.1683705,9.830592,-0.031154128,-0.018936822,0.008552114,TREMOR,f50d836cae05
1777351057911,10900106096914,0.6823475,1.0151415,9.878476,-0.018325957,0.028710667,0.0030543262,TREMOR,f50d836cae05
1777351057919,10900114093528,0.557849,1.0869676,9.816227,0.013439035,0.045814894,0.0030543262,TREMOR,f50d836cae05
1777351057927,10900122118989,0.51714754,1.2521675,9.751583,0.02687807,0.018325957,-6.1086525E-4,TREMOR,f50d836cae05
1777351057935,10900130116296,0.6440403,1.42455,9.674969,0.02443461,-0.017715093,6.1086525E-4,TREMOR,f50d836cae05
1777351057943,10900138112219,0.85473,1.4508862,9.713276,0.010995574,-0.020158553,0.007330383,TREMOR,f50d836cae05
1777351057951,10900146104295,0.92176765,1.2808979,9.895236,-0.0018325958,-0.0030543262,0.008552114,TREMOR,f50d836cae05
1777351057959,10900154102063,0.82121116,1.0869676,10.041282,-0.01160644,0.015271631,0.0012217305,TREMOR,f50d836cae05
1777351057967,10900162098062,0.6823475,1.0630256,10.089166,-0.01160644,0.016493361,-0.0018325958,TREMOR,f50d836cae05
1777351057975,10900170093753,0.45729253,1.1180922,10.000581,-0.0036651916,0.01038471,-0.007330383,TREMOR,f50d836cae05
1777351057983,10900178090675,0.36631286,1.2593501,9.85214,0.004276057,0.007330383,-0.015271631,TREMOR,f50d836cae05
1777351057991,10900186113444,0.7206547,1.4197617,9.737218,0.0061086523,-0.004276057,0.0030543262,TREMOR,f50d836cae05
1777351057999,10900194110674,0.91697925,1.4389153,9.629479,0.007941248,-0.03848451,-6.1086525E-4,TREMOR,f50d836cae05
1777351058007,10900202106443,0.9768343,1.3694834,9.61272,-0.005497787,-0.04520403,-0.002443461,TREMOR,f50d836cae05
1777351058015,10900210102442,0.9864111,1.2976574,9.8042555,-0.021991149,-0.012217305,6.1086525E-4,TREMOR,f50d836cae05
1777351058023,10900218097825,0.89543146,1.1683705,9.928755,-0.018936822,0.010995574,-0.0012217305,TREMOR,f50d836cae05
1777351058031,10900226091901,0.7206547,1.2138603,9.981427,6.1086525E-4,0.027488936,-0.01038471,TREMOR,f50d836cae05
1777351058039,10900234089208,0.5506664,1.4389153,9.871294,0.018936822,0.022602014,-0.012217305,TREMOR,f50d836cae05
1777351058047,10900242115054,0.7015011,1.6041151,9.64145,0.026267206,0.004886922,-0.0012217305,TREMOR,f50d836cae05
1777351058055,10900250110361,0.9696517,1.7118542,9.703699,0.0067195175,-0.015271631,0.008552114,TREMOR,f50d836cae05
1777351058063,10900258104591,1.2162545,1.4460979,9.7324295,-0.015271631,-0.049480084,0.016493361,TREMOR,f50d836cae05
1777351058071,10900266101436,1.1180922,1.1228806,9.835381,-0.032375857,-0.018936822,0.01160644,TREMOR,f50d836cae05
1777351058079,10900274098742,0.6967127,0.94570965,9.988609,-0.02076942,0.03970624,0.0,TREMOR,f50d836cae05
1777351058087,10900282091895,0.45489833,0.9696517,9.904813,0.009773844,0.057421334,-0.0012217305,TREMOR,f50d836cae05
1777351058095,10900290086971,0.3878607,1.163582,9.739613,0.030543262,0.03970624,-0.0030543262,TREMOR,f50d836cae05
1777351058103,10900298115279,0.58897364,1.4317327,9.646238,0.029321533,-0.019547688,0.0036651916,TREMOR,f50d836cae05
1777351058111,10900306109509,0.8762778,1.4987702,9.701305,0.014660766,-0.030543262,0.009162978,TREMOR,f50d836cae05
1777351058119,10900314107277,0.93134445,1.3694834,9.892841,-0.0036651916,-0.01160644,0.004276057,TREMOR,f50d836cae05
1777351058127,10900322102045,0.79726917,1.2018893,10.041282,-0.012217305,0.017104227,0.0030543262,TREMOR,f50d836cae05
1777351058135,10900330096198,0.6440403,1.0654198,9.991004,-0.01038471,0.026267206,-0.0012217305,TREMOR,f50d836cae05
1777351058143,10900338093197,0.50517654,1.0151415,9.916783,-0.004276057,0.0061086523,-0.008552114,TREMOR,f50d836cae05
1777351058151,10900346120888,0.45729253,1.2186487,9.890448,-0.004886922,-0.0030543262,-0.015271631,TREMOR,f50d836cae05
1777351058159,10900354115888,0.7517793,1.3359646,9.794679,0.0030543262,-0.008552114,0.0012217305,TREMOR,f50d836cae05
1777351058167,10900362110426,0.9672575,1.3551182,9.742006,0.007330383,-0.020158553,0.0018325958,TREMOR,f50d836cae05
1777351058175,10900370106040,0.89782566,1.3742718,9.694122,-0.0061086523,-0.03726278,-0.005497787,TREMOR,f50d836cae05
1777351058183,10900378102347,0.8858546,1.328782,9.691729,-0.013439035,-0.012217305,0.0,TREMOR,f50d836cae05
1777351058191,10900386095269,0.94810385,1.2114661,9.813833,-0.013439035,0.017104227,0.0030543262,TREMOR,f50d836cae05
1777351058199,10900394092884,0.78050977,1.2880806,9.935937,-0.005497787,0.02076942,-0.007330383,TREMOR,f50d836cae05
1777351058207,10900402118345,0.6703765,1.4939818,9.916783,0.0061086523,0.01038471,-0.009773844,TREMOR,f50d836cae05
1777351058215,10900410115267,0.80924016,1.6759412,9.801862,0.014660766,0.0061086523,0.0036651916,TREMOR,f50d836cae05
1777351058223,10900418110035,1.0055647,1.6328455,9.739613,0.002443461,-0.01160644,0.012217305,TREMOR,f50d836cae05
1777351058231,10900426105419,1.0055647,1.2880806,9.710882,-0.017715093,-0.03481932,0.013439035,TREMOR,f50d836cae05
1777351058239,10900434102341,0.7589619,1.0390835,9.794679,-0.028710667,-0.01160644,0.004886922,TREMOR,f50d836cae05
1777351058247,10900442098340,0.61770403,0.9504981,9.821015,-0.013439035,0.034208454,0.0036651916,TREMOR,f50d836cae05
1777351058255,10900450090339,0.60333884,1.0821792,9.787497,0.019547688,0.04337143,0.002443461,TREMOR,f50d836cae05
1777351058263,10900458087262,0.6536171,1.3479356,9.794679,0.02687807,0.0012217305,-0.002443461,TREMOR,f50d836cae05
1777351058271,10900466112184,0.7637503,1.42455,9.801862,0.015882496,-0.025045475,6.1086525E-4,TREMOR,f50d836cae05
1777351058279,10900474108568,0.8643068,1.3479356,9.888053,-0.0012217305,-0.009162978,0.0067195175,TREMOR,f50d836cae05
1777351058287,10900482104182,0.7493851,1.1994951,9.952697,-0.01282817,0.012217305,0.0012217305,TREMOR,f50d836cae05
1777351058295,10900490100874,0.6392518,1.1563994,9.991004,-0.01160644,0.007941248,6.1086525E-4,TREMOR,f50d836cae05
1777351058303,10900498098411,0.50038815,1.1372458,9.935937,-0.0061086523,0.004886922,-0.008552114,TREMOR,f50d836cae05
1777351058311,10900506090950,0.5482722,1.2569559,9.832987,0.0067195175,0.01160644,-0.007941248,TREMOR,f50d836cae05
1777351058319,10900514117795,0.80445176,1.3742718,9.794679,0.004886922,0.0030543262,0.0,TREMOR,f50d836cae05
1777351058327,10900522111948,0.8451532,1.4221559,9.727641,-0.004276057,-0.04337143,-0.004886922,TREMOR,f50d836cae05
1777351058335,10900530107562,0.94331545,1.3120226,9.6845455,-0.009773844,-0.035430185,0.002443461,TREMOR,f50d836cae05
1777351058343,10900538106407,1.043872,1.2234371,9.746795,-0.01282817,0.0036651916,0.004276057,TREMOR,f50d836cae05
1777351058351,10900546101791,0.92176765,1.1851299,9.847352,-0.007330383,0.015271631,-0.002443461,TREMOR,f50d836cae05
1777351058359,10900554094636,0.62249243,1.2090719,9.868899,0.005497787,0.012217305,-0.012217305,TREMOR,f50d836cae05
1777351058367,10900562089790,0.61291564,1.4460979,9.895236,0.012217305,0.02321288,-0.005497787,TREMOR,f50d836cae05
1777351058375,10900570118712,0.7565677,1.6304513,9.773131,0.017104227,0.0067195175,0.0018325958,TREMOR,f50d836cae05
1777351058383,10900578112173,0.9768343,1.6400281,9.7324295,0.007941248,-0.022602014,0.007941248,TREMOR,f50d836cae05
1777351058391,10900586107633,1.0989386,1.4341269,9.787497,-0.012217305,-0.039095376,0.013439035,TREMOR,f50d836cae05
1777351058399,10900594104478,0.91937345,1.163582,9.876082,-0.02321288,0.0018325958,0.004276057,TREMOR,f50d836cae05
1777351058407,10900602100477,0.6679823,1.0079589,9.854534,-0.0061086523,0.03726278,0.002443461,TREMOR,f50d836cae05
1777351058415,10900610097093,0.5243302,1.0510546,9.792285,0.01282817,0.045814894,0.0018325958,TREMOR,f50d836cae05
1777351058423,10900618090092,0.59615624,1.2330139,9.78989,0.018936822,0.02076942,0.0018325958,TREMOR,f50d836cae05
1777351058431,10900626118629,0.7422025,1.4221559,9.8042555,0.015882496,-0.02321288,0.0018325958,TREMOR,f50d836cae05
1777351058439,10900634114398,0.866701,1.4460979,9.797073,0.007330383,-0.017715093,0.004276057,TREMOR,f50d836cae05
1777351058447,10900642109089,0.8690952,1.3623008,9.909601,-0.0067195175,0.0067195175,0.004886922,TREMOR,f50d836cae05
1777351058455,10900650104780,0.7302315,1.2162545,9.938332,-0.014660766,0.009773844,0.002443461,TREMOR,f50d836cae05
1777351058463,10900658099856,0.6679823,1.1013328,9.883265,-0.014049901,-0.0012217305,0.0018325958,TREMOR,f50d836cae05
1777351058471,10900666095318,0.6991069,0.9816227,9.787497,0.0012217305,6.1086525E-4,-6.1086525E-4,TREMOR,f50d836cae05
1777351058479,10900674091009,0.62967503,1.0486604,9.8042555,0.005497787,0.013439035,-0.009162978,TREMOR,f50d836cae05
1777351058487,10900682115854,0.63206923,1.3311762,9.861717,0.005497787,0.005497787,-0.007941248,TREMOR,f50d836cae05
1777351058495,10900690111930,0.7781156,1.3718776,9.801862,0.0067195175,-0.01282817,-0.0030543262,TREMOR,f50d836cae05
1777351058503,10900698108237,0.93373865,1.3575124,9.871294,0.0,-0.018936822,0.0,TREMOR,f50d836cae05
1777351058511,10900706105159,0.89543146,1.3575124,9.907207,-0.01160644,-0.017104227,-0.004886922,TREMOR,f50d836cae05
1777351058519,10900714099851,0.79966336,1.352724,9.763555,-0.0018325958,-0.007330383,-0.0030543262,TREMOR,f50d836cae05
1777351058527,10900722093389,0.80205756,1.2473791,9.67018,0.008552114,0.0067195175,-0.0030543262,TREMOR,f50d836cae05
1777351058535,10900730089080,0.7469909,1.3120226,9.900024,-0.002443461,0.021380283,-0.0018325958,TREMOR,f50d836cae05
1777351058543,10900738117695,0.6847417,1.5275006,10.067618,-0.0061086523,-0.0012217305,-0.004276057,TREMOR,f50d836cae05
1777351058551,10900746111232,0.7637503,1.6184803,9.900024,0.004276057,-0.01038471,0.002443461,TREMOR,f50d836cae05
1777351058559,10900754107923,1.0319009,1.5658079,9.672575,0.0061086523,0.002443461,0.010995574,TREMOR,f50d836cae05
1777351058567,10900762103538,1.0127473,1.3718776,9.739613,-0.013439035,-0.0030543262,0.01282817,TREMOR,f50d836cae05
1777351058575,10900770101384,0.6967127,1.0821792,9.758766,-0.029321533,-0.018325957,0.004276057,TREMOR,f50d836cae05
1777351058583,10900778094306,0.5793968,0.91937345,9.68694,-0.012217305,0.014660766,0.002443461,TREMOR,f50d836cae05
1777351058591,10900786090920,0.6560113,1.0199299,9.765948,0.008552114,0.03970624,0.0061086523,TREMOR,f50d836cae05
1777351058599,10900794117073,0.7254431,1.2785037,9.799467,0.021991149,0.013439035,0.004886922,TREMOR,f50d836cae05
1777351058607,10900802112457,0.7733272,1.400608,9.768343,0.02321288,-0.017104227,6.1086525E-4,TREMOR,f50d836cae05
1777351058615,10900810108841,0.89064306,1.3623008,9.880871,0.004886922,0.004886922,0.004886922,TREMOR,f50d836cae05
1777351058623,10900818102379,0.7613561,1.2354081,9.883265,-0.002443461,0.007330383,0.0012217305,TREMOR,f50d836cae05
1777351058631,10900826097686,0.6584055,1.0606314,9.933543,-0.007941248,6.1086525E-4,-6.1086525E-4,TREMOR,f50d836cae05
1777351058639,10900834094377,0.47165772,1.0127473,10.0269165,-0.01160644,0.009773844,-0.008552114,TREMOR,f50d836cae05
1777351058647,10900842091530,0.49081135,1.3120226,10.024523,-0.002443461,0.019547688,-0.012217305,TREMOR,f50d836cae05
1777351058655,10900850116452,0.7661445,1.472434,9.907207,0.01282817,-6.1086525E-4,-0.0018325958,TREMOR,f50d836cae05
1777351058663,10900858112528,0.8619126,1.5155296,9.809045,0.005497787,-0.03848451,-0.005497787,TREMOR,f50d836cae05
1777351058671,10900866108142,0.89303726,1.484405,9.730036,-0.01038471,-0.04642576,-0.002443461,TREMOR,f50d836cae05
1777351058679,10900874102373,0.9720459,1.2689269,9.595961,-0.014049901,-0.02076942,0.0018325958,TREMOR,f50d836cae05
1777351058687,10900882097757,0.9600749,1.0654198,9.713276,-0.019547688,0.018325957,0.004276057,TREMOR,f50d836cae05
1777351058695,10900890094063,0.7254431,1.1540052,9.974244,-0.017104227,0.021380283,-0.014049901,TREMOR,f50d836cae05
1777351058703,10900898089063,0.48841715,1.3718776,9.727641,0.016493361,0.0012217305,-0.014660766,TREMOR,f50d836cae05
1777351058711,10900906116215,0.78769237,1.6160861,9.758766,0.030543262,0.031154128,0.0018325958,TREMOR,f50d836cae05
1777351058719,10900914111522,1.0941502,1.8387469,9.840169,0.014660766,0.016493361,0.010995574,TREMOR,f50d836cae05
1777351058727,10900922107522,1.0845734,1.4676456,9.797073,-0.018936822,-0.061086524,0.01160644,TREMOR,f50d836cae05
1777351058735,10900930102598,0.8738836,1.0869676,9.902418,-0.045814894,-0.02076942,0.005497787,TREMOR,f50d836cae05
1777351058743,10900938098674,0.7038953,0.8810662,9.94312,-0.032375857,0.028710667,0.008552114,TREMOR,f50d836cae05
1777351058751,10900946094365,0.5410896,0.8643068,9.763555,0.0067195175,0.040927973,0.0036651916,TREMOR,f50d836cae05
1777351058759,10900954121980,0.5722142,1.2617443,9.677363,0.031154128,0.020158553,-0.0036651916,TREMOR,f50d836cae05
1777351058767,10900962116748,0.7565677,1.5011644,9.600749,0.034208454,-0.022602014,0.004886922,TREMOR,f50d836cae05
1777351058775,10900970111209,1.0223241,1.3431472,9.619903,0.02076942,-0.009162978,0.008552114,TREMOR,f50d836cae05
1777351058783,10900978107285,0.93134445,1.1420342,9.844957,0.0,0.01038471,0.004886922,TREMOR,f50d836cae05
1777351058791,10900986102900,0.6560113,1.1061212,10.113108,-0.014049901,0.014660766,-0.0036651916,TREMOR,f50d836cae05
1777351058799,10900994100130,0.23702596,1.2401965,10.259154,-0.01038471,0.042760566,-0.017104227,TREMOR,f50d836cae05
1777351058807,10901002093052,0.4405331,1.388637,10.311827,-0.01038471,0.022602014,-0.0018325958,TREMOR,f50d836cae05
1777351058815,10901010088820,0.7637503,1.4101849,9.921572,0.004276057,-0.034208454,0.005497787,TREMOR,f50d836cae05
1777351058823,10901018117742,1.0390835,1.4389153,9.622296,0.0061086523,-0.061086524,0.0030543262,TREMOR,f50d836cae05
1777351058831,10901026111511,1.0223241,1.4053963,9.469068,-0.004276057,-0.04520403,-0.0018325958,TREMOR,f50d836cae05
1777351058839,10901034106972,0.7685388,1.1755531,9.414001,-0.015271631,-0.007330383,-0.004886922,TREMOR,f50d836cae05
1777351058847,10901042102894,0.7038953,1.0654198,9.672575,-0.021991149,0.040317107,-0.0036651916,TREMOR,f50d836cae05
1777351058855,10901050098585,0.6655881,1.2737153,9.935937,-0.01038471,0.0421497,-0.0067195175,TREMOR,f50d836cae05
1777351058863,10901058093431,0.79966336,1.5658079,9.80665,0.019547688,0.007330383,-6.1086525E-4,TREMOR,f50d836cae05
1777351058871,10901066119199,1.091756,1.7310078,9.648633,0.034208454,-0.01038471,0.01038471,TREMOR,f50d836cae05
1777351058879,10901074116121,1.2138603,1.6065093,9.900024,-0.005497787,-0.02321288,0.01160644,TREMOR,f50d836cae05
1777351058887,10901082111582,0.9552865,1.091756,10.029311,-0.043982297,-0.036651913,0.01038471,TREMOR,f50d836cae05
1777351058895,10901090107274,0.5386954,0.7374141,9.967062,-0.040317107,0.0061086523,0.002443461,TREMOR,f50d836cae05
1777351058903,10901098101350,0.47165772,0.866701,9.909601,-0.007941248,0.057421334,0.0018325958,TREMOR,f50d836cae05
1777351058911,10901106098272,0.545878,1.2521675,9.698911,0.03848451,0.02565634,0.0018325958,TREMOR,f50d836cae05
1777351058919,10901114093655,0.60094464,1.508347,9.476251,0.047647487,-0.025045475,-0.007330383,TREMOR,f50d836cae05
1777351058927,10901122119885,0.8762778,1.42455,9.533711,0.02321288,-0.022602014,0.0012217305,TREMOR,f50d836cae05
1777351058935,10901130114346,0.93373865,1.1803415,9.797073,-0.007941248,0.0036651916,0.004276057,TREMOR,f50d836cae05
1777351058943,10901138112423,0.5243302,1.1851299,10.134656,-0.027488936,0.02321288,-0.0067195175,TREMOR,f50d836cae05
1777351058951,10901146105729,0.5770026,1.3670892,10.383653,-0.022602014,0.022602014,-0.002443461,TREMOR,f50d836cae05
1777351058959,10901154101113,0.7398083,1.2545617,9.947908,0.007330383,-0.019547688,-6.1086525E-4,TREMOR,f50d836cae05
1777351058967,10901162097651,0.92416185,1.2904748,9.80665,0.01282817,-0.022602014,-0.0018325958,TREMOR,f50d836cae05
1777351058975,10901170093726,0.8595184,1.352724,9.782708,-0.0018325958,-0.02687807,-0.007941248,TREMOR,f50d836cae05
1777351058983,10901178118956,0.6895301,1.3144168,9.519346,-0.0018325958,-0.032375857,-0.0067195175,TREMOR,f50d836cae05
1777351058991,10901186113649,0.7086837,1.2545617,9.459491,-0.0018325958,0.023823744,-0.0018325958,TREMOR,f50d836cae05
1777351058999,10901194109725,0.8619126,1.4030021,9.622296,0.0,0.040927973,0.0030543262,TREMOR,f50d836cae05
1777351059007,10901202105416,0.9792285,1.6256629,9.895236,0.0012217305,0.013439035,0.0061086523,TREMOR,f50d836cae05
1777351059015,10901210100723,0.9911995,1.6927006,9.933543,6.1086525E-4,-0.023823744,0.0018325958,TREMOR,f50d836cae05
1777351059023,10901218097029,1.1180922,1.3431472,9.849746,-0.008552114,-0.031154128,0.013439035,TREMOR,f50d836cae05
1777351059031,10901226091490,0.94092125,1.0749966,9.91439,-0.02443461,0.009773844,0.010995574,TREMOR,f50d836cae05
1777351059039,10901234120104,0.581791,0.9504981,9.900024,-0.017104227,0.022602014,6.1086525E-4,TREMOR,f50d836cae05
1777351059047,10901242112797,0.4189853,0.93134445,9.763555,0.0061086523,0.030543262,-0.0018325958,TREMOR,f50d836cae05
1777351059055,10901250109334,0.49320555,1.2258313,9.7803135,0.021991149,0.023823744,6.1086525E-4,TREMOR,f50d836cae05
1777351059063,10901258105333,0.6727707,1.4293385,9.746795,0.022602014,-0.014049901,0.002443461,TREMOR,f50d836cae05
1777351059071,10901266101640,0.8499416,1.3239936,9.653421,0.017715093,-0.02565634,0.0,TREMOR,f50d836cae05
1777351059079,10901274098870,0.91697925,1.0486604,9.758766,-0.0018325958,-0.0018325958,0.0036651916,TREMOR,f50d836cae05
1777351059087,10901282091176,0.60812724,1.091756,10.093954,-0.018325957,0.02565634,-0.005497787,TREMOR,f50d836cae05
1777351059095,10901290116792,0.49320555,1.400608,10.199299,-0.01038471,0.02565634,-0.008552114,TREMOR,f50d836cae05
1777351059103,10901298113098,0.7254431,1.3479356,9.873688,0.015271631,-0.01160644,0.0018325958,TREMOR,f50d836cae05
1777351059111,10901306108482,0.82121116,1.3192052,9.746795,0.007941248,-0.030543262,-0.0061086523,TREMOR,f50d836cae05
1777351059119,10901314106250,0.85473,1.3263878,9.847352,-0.01160644,-0.031154128,-0.0061086523,TREMOR,f50d836cae05
1777351059127,10901322101326,0.79008657,1.3072342,9.617508,-0.0036651916,-0.02321288,-0.004886922,TREMOR,f50d836cae05
1777351059135,10901330098325,0.7278373,1.4293385,9.52174,0.0061086523,0.018325957,-0.004886922,TREMOR,f50d836cae05
1777351059143,10901338092478,0.8810662,1.5586253,9.564836,0.014049901,0.030543262,0.0036651916,TREMOR,f50d836cae05
1777351059151,10901346118017,1.115698,1.7405846,9.904813,0.002443461,0.012217305,0.012217305,TREMOR,f50d836cae05
1777351059159,10901354112708,1.1540052,1.6639702,9.962274,-0.010995574,-0.035430185,0.007941248,TREMOR,f50d836cae05
1777351059167,10901362109015,1.055843,1.1947067,9.85214,-0.026267206,-0.036651913,0.01038471,TREMOR,f50d836cae05
1777351059175,10901370103860,0.78050977,0.91937345,9.902418,-0.028099801,0.02565634,0.0061086523,TREMOR,f50d836cae05
1777351059183,10901378100705,0.47884035,0.8858546,9.825804,-0.0036651916,0.05009095,0.0030543262,TREMOR,f50d836cae05
1777351059191,10901386097012,0.36391866,0.9888053,9.662998,0.02443461,0.04337143,-6.1086525E-4,TREMOR,f50d836cae05
1777351059199,10901394092704,0.48123455,1.30484,9.710882,0.02687807,0.015271631,-0.0018325958,TREMOR,f50d836cae05
1777351059207,10901402119857,0.7254431,1.4293385,9.787497,0.013439035,-0.025045475,0.005497787,TREMOR,f50d836cae05
1777351059215,10901410113010,0.92655605,1.328782,9.85214,0.004276057,-0.018325957,0.0061086523,TREMOR,f50d836cae05
1777351059223,10901418109701,0.866701,1.1061212,9.92636,-6.1086525E-4,0.008552114,0.0012217305,TREMOR,f50d836cae05
1777351059231,10901426105085,0.5746084,1.0390835,10.0341,-0.005497787,0.028710667,-0.007330383,TREMOR,f50d836cae05
1777351059239,10901434100776,0.35673606,1.4149733,10.216059,-0.015271631,0.032375857,-0.012217305,TREMOR,f50d836cae05
1777351059247,10901442095544,0.5746084,1.4317327,10.0029745,-0.0036651916,-0.015271631,-0.0018325958,TREMOR,f50d836cae05
1777351059255,10901450090621,0.82599956,1.3359646,9.682152,0.0030543262,-0.04520403,0.0,TREMOR,f50d836cae05
1777351059263,10901458117005,1.0127473,1.3263878,9.636662,-0.0036651916,-0.03726278,-0.002443461,TREMOR,f50d836cae05
1777351059271,10901466112465,1.0247183,1.2378023,9.519346,-0.004886922,-0.032986723,-0.002443461,TREMOR,f50d836cae05
1777351059279,10901474109311,0.81881696,1.2210429,9.540894,-0.010995574,0.0,-0.008552114,TREMOR,f50d836cae05
1777351059287,10901482105079,0.7302315,1.3790601,9.763555,-0.008552114,0.034208454,-0.004886922,TREMOR,f50d836cae05
1777351059295,10901490100078,0.92176765,1.5993267,9.787497,0.017104227,0.03176499,0.0067195175,TREMOR,f50d836cae05
1777351059303,10901498096155,1.163582,1.7142484,9.787497,0.027488936,0.010995574,0.009162978,TREMOR,f50d836cae05
1777351059311,10901506089692,1.0749966,1.5035586,9.861717,-0.01160644,-0.043982297,0.007330383,TREMOR,f50d836cae05
1777351059319,10901514116384,0.91937345,1.1372458,10.01734,-0.04337143,-0.03481932,0.01038471,TREMOR,f50d836cae05
1777351059327,10901522113613,0.63206923,0.8643068,10.022128,-0.03359759,0.021991149,0.005497787,TREMOR,f50d836cae05
1777351059335,10901530108074,0.4429273,0.90261406,9.758766,0.009773844,0.05497787,0.004276057,TREMOR,f50d836cae05
1777351059343,10901538104381,0.4285621,1.292869,9.631873,0.03970624,0.043982297,6.1086525E-4,TREMOR,f50d836cae05
1777351059351,10901546100687,0.61052144,1.508347,9.595961,0.035430185,-0.01038471,0.0030543262,TREMOR,f50d836cae05
1777351059359,10901554097610,0.89303726,1.4317327,9.677363,0.012217305,-0.03176499,0.009162978,TREMOR,f50d836cae05
1777351059367,10901562090533,0.93373865,1.1348516,9.916783,-0.01160644,-0.010995574,0.004886922,TREMOR,f50d836cae05
1777351059375,10901570118609,0.7134721,0.94570965,10.048465,-0.019547688,0.014049901,-0.0036651916,TREMOR,f50d836cae05
1777351059383,10901578113608,0.24420857,1.0630256,10.125079,-0.008552114,0.048258353,-0.019547688,TREMOR,f50d836cae05
1777351059391,10901586107453,0.2657564,1.3718776,10.216059,-0.0036651916,0.029932396,-0.013439035,TREMOR,f50d836cae05
1777351059399,10901594104375,0.6751649,1.3838485,9.85214,0.0067195175,-0.03359759,0.0,TREMOR,f50d836cae05
1777351059407,10901602098836,1.0127473,1.3239936,9.689334,0.0036651916,-0.0580322,0.0018325958,TREMOR,f50d836cae05
1777351059415,10901610094605,1.1300632,1.4269443,9.662998,-0.01282817,-0.052534413,-0.0018325958,TREMOR,f50d836cae05
1777351059423,10901618093065,0.9624691,1.3551182,9.502586,-0.010995574,-0.029321533,-0.0061086523,TREMOR,f50d836cae05
1777351059431,10901626116987,0.8595184,1.2138603,9.452309,-0.0012217305,0.016493361,-0.0018325958,TREMOR,f50d836cae05
1777351059439,10901634114602,0.92655605,1.4221559,9.832987,-0.0012217305,0.050701816,-0.0012217305,TREMOR,f50d836cae05
1777351059447,10901642108985,0.91458505,1.6424223,9.983821,0.012217305,0.023823744,-0.0036651916,TREMOR,f50d836cae05
1777351059455,10901650105677,1.1180922,1.7166426,9.871294,0.018936822,-0.009773844,0.0036651916,TREMOR,f50d836cae05
1777351059463,10901658099138,1.1444284,1.4556746,9.842564,-0.004276057,-0.028099801,0.012217305,TREMOR,f50d836cae05
1777351059471,10901666095214,0.79008657,1.1994951,9.935937,-0.031154128,-0.013439035,0.0067195175,TREMOR,f50d836cae05
1777351059479,10901674090521,0.46447513,0.93134445,9.80665,-0.019547688,0.02443461,0.0030543262,TREMOR,f50d836cae05
1777351059487,10901682115212,0.39743748,0.9720459,9.701305,0.009162978,0.058643065,0.004276057,TREMOR,f50d836cae05
1777351059495,10901690112980,0.47405192,1.2976574,9.734824,0.031154128,0.035430185,0.0030543262,TREMOR,f50d836cae05
1777351059503,10901698108979,0.6799533,1.448492,9.7563715,0.026267206,-0.018936822,0.004886922,TREMOR,f50d836cae05
1777351059511,10901706103441,0.89064306,1.4173675,9.85214,0.004276057,-0.039095376,0.004276057,TREMOR,f50d836cae05
1777351059519,10901714097902,0.8714894,1.30484,9.892841,-0.015271631,-0.021380283,0.005497787,TREMOR,f50d836cae05
1777351059527,10901722095516,0.81881696,1.1947067,9.92636,-0.019547688,0.01282817,0.005497787,TREMOR,f50d836cae05
1777351059535,10901730089669,0.6536171,1.1468226,9.878476,-0.004276057,0.018936822,-0.002443461,TREMOR,f50d836cae05
1777351059543,10901738116129,0.58657944,1.2114661,9.818622,0.01038471,0.01282817,-0.0067195175,TREMOR,f50d836cae05
1777351059551,10901746113051,0.6344634,1.2138603,9.7084875,0.017715093,0.010995574,-0.0061086523,TREMOR,f50d836cae05
1777351059559,10901754109281,0.6368576,1.2186487,9.80665,0.0030543262,-6.1086525E-4,-0.009773844,TREMOR,f50d836cae05
1777351059567,10901762102820,0.6919243,1.2856863,9.916783,-0.016493361,-0.025045475,-0.004886922,TREMOR,f50d836cae05
1777351059575,10901770098203,0.89782566,1.2785037,9.91439,-0.01038471,-0.02565634,0.002443461,TREMOR,f50d836cae05
1777351059583,10901778093664,1.0103531,1.3024458,9.880871,-0.002443461,-0.014660766,-0.0012217305,TREMOR,f50d836cae05
1777351059591,10901786092124,0.90740246,1.328782,9.876082,-0.0012217305,-0.0061086523,-0.0061086523,TREMOR,f50d836cae05
1777351059599,10901794116354,0.78769237,1.2330139,9.816227,-0.002443461,0.004276057,-0.0036651916,TREMOR,f50d836cae05
1777351059607,10901802111430,0.7158663,1.2473791,9.856929,-0.014660766,0.014660766,-0.004886922,TREMOR,f50d836cae05
1777351059615,10901810106815,0.61291564,1.2617443,9.82341,-0.007941248,6.1086525E-4,-0.007941248,TREMOR,f50d836cae05
1777351059623,10901818103814,0.7110779,1.3192052,9.696517,0.0018325958,-0.008552114,-0.0030543262,TREMOR,f50d836cae05
1777351059631,10901826099505,0.8403648,1.4197617,9.651027,0.007330383,-0.007330383,0.0018325958,TREMOR,f50d836cae05
1777351059639,10901834093581,0.92176765,1.532289,9.775525,0.002443461,-0.005497787,0.002443461,TREMOR,f50d836cae05
1777351059647,10901842091503,1.0271125,1.541866,9.811439,6.1086525E-4,-0.0061086523,0.008552114,TREMOR,f50d836cae05
1777351059655,10901850115195,1.115698,1.352724,9.787497,-6.1086525E-4,-0.007941248,0.01160644,TREMOR,f50d836cae05
1777351059663,10901858111809,0.94570965,1.2042835,9.880871,-0.007330383,0.0030543262,0.008552114,TREMOR,f50d836cae05
1777351059671,10901866107194,0.6799533,1.0821792,9.856929,-0.004276057,0.013439035,0.004276057,TREMOR,f50d836cae05
1777351059679,10901874104654,0.51714754,1.0462662,9.753978,0.015882496,0.03726278,0.004276057,TREMOR,f50d836cae05
1777351059687,10901882099422,0.50996494,1.1659763,9.82341,0.015882496,0.037873644,0.004886922,TREMOR,f50d836cae05
1777351059695,10901890092960,0.6775591,1.3359646,9.933543,0.010995574,0.004886922,0.01038471,TREMOR,f50d836cae05
1777351059703,10901898090190,0.78529817,1.4413095,9.947908,0.0036651916,-0.026267206,0.0067195175,TREMOR,f50d836cae05
1777351059711,10901906114881,0.81642276,1.3599066,9.785102,-6.1086525E-4,-0.034208454,0.0067195175,TREMOR,f50d836cae05
1777351059719,10901914113572,0.8810662,1.3599066,9.866506,-0.008552114,0.022602014,0.008552114,TREMOR,f50d836cae05
1777351059727,10901922105957,0.5650316,1.2904748,9.849746,-0.0067195175,0.028099801,-0.004276057,TREMOR,f50d836cae05
1777351059735,10901930101648,0.50038815,1.1947067,9.751583,6.1086525E-4,0.002443461,-0.0036651916,TREMOR,f50d836cae05
1777351059743,10901938097647,0.7398083,1.127669,9.751583,0.0,-0.009162978,0.0061086523,TREMOR,f50d836cae05
1777351059751,10901946094492,0.7445967,1.0223241,9.82341,-0.01038471,-0.016493361,-0.005497787,TREMOR,f50d836cae05
1777351059759,10901954091491,0.49799395,1.2090719,10.055647,-0.018936822,0.0012217305,-0.019547688,TREMOR,f50d836cae05
1777351059767,10901962117337,0.6607997,1.3503298,9.911995,-0.0036651916,0.004886922,-0.0061086523,TREMOR,f50d836cae05
1777351059775,10901970113337,0.94810385,1.3000516,9.763555,0.01160644,-0.0012217305,0.0030543262,TREMOR,f50d836cae05
1777351059783,10901978107105,1.0223241,1.3479356,9.80665,-0.002443461,-0.02321288,-0.0012217305,TREMOR,f50d836cae05
1777351059791,10901986102181,0.9935937,1.3359646,9.883265,-0.012217305,-0.029932396,-0.007941248,TREMOR,f50d836cae05
1777351059799,10901994097334,0.79248077,1.3192052,9.770737,-0.004886922,-0.014049901,-0.009773844,TREMOR,f50d836cae05
1777351059807,10902002092640,0.7134721,1.2856863,9.679757,0.004276057,0.02565634,-0.007330383,TREMOR,f50d836cae05
1777351059815,10902010120639,0.7685388,1.2473791,9.725247,0.004276057,0.043982297,-0.0012217305,TREMOR,f50d836cae05
1777351059823,10902018115408,0.6751649,1.3096284,9.904813,-0.0061086523,0.0030543262,-0.0067195175,TREMOR,f50d836cae05
1777351059831,10902026110485,0.80684596,1.553837,10.084377,-0.007330383,-0.017104227,0.0012217305,TREMOR,f50d836cae05
1777351059839,10902034105022,0.8834604,1.4796166,9.591172,0.018936822,-0.02565634,0.007330383,TREMOR,f50d836cae05
1777351059847,10902042102790,1.0247183,1.4676456,9.598354,0.009773844,0.016493361,0.009162978,TREMOR,f50d836cae05
1777351059855,10902050099405,0.9935937,1.4532804,9.864111,-0.018936822,0.014660766,0.013439035,TREMOR,f50d836cae05
1777351059863,10902058095096,0.7134721,1.1947067,9.940725,-0.03176499,-0.012217305,0.0030543262,TREMOR,f50d836cae05
1777351059871,10902066118557,0.545878,1.0390835,9.902418,-0.015271631,0.005497787,0.0018325958,TREMOR,f50d836cae05
1777351059879,10902074114864,0.62728083,1.1013328,9.727641,0.012217305,0.015882496,0.007330383,TREMOR,f50d836cae05
1777351059887,10902082111402,0.6943185,1.30484,9.646238,0.028099801,0.018936822,0.004886922,TREMOR,f50d836cae05
1777351059895,10902090107709,0.7206547,1.4460979,9.6845455,0.02076942,-0.004276057,-6.1086525E-4,TREMOR,f50d836cae05
1777351059903,10902098101015,0.79487497,1.4221559,9.80665,-0.0030543262,-0.009162978,0.0036651916,TREMOR,f50d836cae05
1777351059911,10902106097860,0.91219085,1.3215994,9.983821,-0.01038471,0.0067195175,0.007330383,TREMOR,f50d836cae05
1777351059919,10902114092936,0.89064306,1.2330139,10.012551,-0.0018325958,0.0061086523,0.0036651916,TREMOR,f50d836cae05
1777351059927,10902122089320,0.7757214,1.2018893,9.880871,0.007941248,0.0012217305,0.0,TREMOR,f50d836cae05
1777351059935,10902130113935,0.7469909,1.2306197,9.794679,0.0012217305,0.007330383,0.0036651916,TREMOR,f50d836cae05
1777351059943,10902138110781,0.7661445,1.0821792,9.749189,-0.0067195175,-0.0067195175,0.004276057,TREMOR,f50d836cae05
1777351059951,10902146104395,0.7062895,0.8475474,9.706094,-0.007941248,-0.015271631,6.1086525E-4,TREMOR,f50d836cae05
1777351059959,10902154101933,0.58418524,1.0223241,9.921572,-0.008552114,0.009773844,-0.007941248,TREMOR,f50d836cae05
1777351059967,10902162097855,0.521936,1.4197617,9.907207,0.008552114,0.021380283,-0.014049901,TREMOR,f50d836cae05
1777351059975,10902170092623,0.7230489,1.4700398,9.801862,0.023823744,0.009162978,0.0012217305,TREMOR,f50d836cae05
1777351059983,10902178118238,0.89303726,1.5059528,9.916783,0.0,-0.013439035,0.0030543262,TREMOR,f50d836cae05
1777351059991,10902186114776,0.830788,1.3383588,9.844957,-0.013439035,-0.03970624,-0.0030543262,TREMOR,f50d836cae05
1777351059999,10902194109236,0.8595184,1.2018893,9.854534,-0.020158553,-0.019547688,6.1086525E-4,TREMOR,f50d836cae05
1777351060007,10902202105235,0.7134721,1.0845734,9.744401,-6.1086525E-4,0.007941248,-0.01038471,TREMOR,f50d836cae05
1777351060015,10902210102157,0.45729253,1.0965444,9.634268,0.013439035,0.008552114,-0.015882496,TREMOR,f50d836cae05
1777351060023,10902218097618,0.6751649,1.5251064,9.902418,0.0067195175,0.031154128,-0.0030543262,TREMOR,f50d836cae05
1777351060031,10902226092694,0.8571242,1.8076223,9.864111,0.018936822,0.005497787,0.0036651916,TREMOR,f50d836cae05
1777351060039,10902234120079,1.1899183,1.8938135,9.672575,0.02321288,-0.025045475,0.012217305,TREMOR,f50d836cae05
1777351060047,10902242113308,1.436521,1.5753847,9.8042555,-0.017715093,-0.029932396,0.023823744,TREMOR,f50d836cae05
1777351060055,10902250109923,1.1803415,1.2473791,10.024523,-0.05131268,-0.021380283,0.009162978,TREMOR,f50d836cae05
1777351060063,10902258103999,0.56982,0.93134445,9.916783,-0.035430185,0.0067195175,-0.0018325958,TREMOR,f50d836cae05
1777351060071,10902266100075,0.29209262,0.8643068,9.636662,0.0067195175,0.054367006,-0.002443461,TREMOR,f50d836cae05
1777351060079,10902274096304,0.39983168,1.1779473,9.631873,0.03176499,0.06780604,0.0012217305,TREMOR,f50d836cae05
1777351060087,10902282092381,0.5770026,1.4867992,9.727641,0.02687807,-0.009773844,0.0030543262,TREMOR,f50d836cae05
1777351060095,10902290118457,0.81642276,1.508347,9.799467,0.009162978,-0.04337143,0.0061086523,TREMOR,f50d836cae05
1777351060103,10902298116072,1.0606314,1.3359646,9.911995,-0.009773844,-0.025045475,0.012217305,TREMOR,f50d836cae05
1777351060111,10902306108917,0.9720459,1.1324574,10.007763,-0.015271631,0.005497787,0.0067195175,TREMOR,f50d836cae05
1777351060119,10902314104070,0.6631939,1.0726024,9.962274,-0.0067195175,0.017715093,-0.0030543262,TREMOR,f50d836cae05
1777351060127,10902322099761,0.60094464,0.92895025,9.878476,-0.004276057,0.012217305,-0.002443461,TREMOR,f50d836cae05
1777351060135,10902330095683,0.45250413,0.82599956,9.911995,-0.009162978,-6.1086525E-4,-0.010995574,TREMOR,f50d836cae05
1777351060143,10902338091375,0.272939,1.271321,10.01734,-0.01160644,0.014049901,-0.023823744,TREMOR,f50d836cae05
1777351060151,10902346118144,0.7637503,1.4173675,9.706094,0.018325957,0.0,-0.002443461,TREMOR,f50d836cae05
1777351060159,10902354115681,1.0247183,1.5131354,9.588778,0.02076942,-0.027488936,0.0,TREMOR,f50d836cae05
1777351060167,10902362110526,1.0055647,1.5705963,9.710882,-0.0067195175,-0.043982297,-0.004276057,TREMOR,f50d836cae05
1777351060175,10902370103756,1.0031705,1.3838485,9.861717,-0.029321533,-0.029321533,-0.0018325958,TREMOR,f50d836cae05
1777351060183,10902378101524,0.91937345,1.1563994,9.890448,-0.02076942,0.0,-0.005497787,TREMOR,f50d836cae05
1777351060191,10902386094524,0.6703765,1.1779473,9.792285,0.0067195175,0.019547688,-0.015271631,TREMOR,f50d836cae05
1777351060199,10902394092600,0.58657944,1.448492,9.840169,0.015882496,0.02321288,-0.010995574,TREMOR,f50d836cae05
1777351060207,10902402117292,0.79248077,1.7741034,9.878476,0.020158553,0.016493361,0.0,TREMOR,f50d836cae05
1777351060215,10902410112675,1.0726024,1.8243817,9.758766,0.018936822,-0.012217305,0.01038471,TREMOR,f50d836cae05
1777351060223,10902418111367,1.2449849,1.472434,9.78989,-0.005497787,-0.030543262,0.018936822,TREMOR,f50d836cae05
1777351060231,10902426105289,1.0007763,1.055843,9.921572,-0.05131268,-0.022602014,0.01038471,TREMOR,f50d836cae05
1777351060239,10902434100365,0.59615624,0.78529817,9.866506,-0.032375857,0.014660766,0.0012217305,TREMOR,f50d836cae05
1777351060247,10902442096903,0.4357447,0.82121116,9.651027,0.01038471,0.05497787,0.0030543262,TREMOR,f50d836cae05
1777351060255,10902450093902,0.5363012,1.151611,9.646238,0.037873644,0.053145275,0.004276057,TREMOR,f50d836cae05
1777351060263,10902458117824,0.6655881,1.5370775,9.744401,0.03481932,-0.015271631,6.1086525E-4,TREMOR,f50d836cae05
1777351060271,10902466113823,0.90500826,1.5682021,9.828198,0.014660766,-0.029321533,0.009773844,TREMOR,f50d836cae05
1777351060279,10902474110745,1.0271125,1.3503298,9.900024,-0.004276057,-0.007941248,0.010995574,TREMOR,f50d836cae05
1777351060287,10902482103129,0.8690952,1.2114661,10.000581,-0.015882496,0.010995574,0.007330383,TREMOR,f50d836cae05
1777351060295,10902490099975,0.6440403,1.1611878,9.981427,-0.01160644,0.007941248,0.002443461,TREMOR,f50d836cae05
1777351060303,10902498095743,0.5746084,1.0390835,9.907207,-0.0036651916,0.0067195175,-0.005497787,TREMOR,f50d836cae05
1777351060311,10902506090819,0.36391866,1.0007763,9.854534,0.002443461,0.02076942,-0.012217305,TREMOR,f50d836cae05
1777351060319,10902514117511,0.39264908,1.3120226,9.916783,0.0018325958,0.029932396,-0.012217305,TREMOR,f50d836cae05
1777351060327,10902522112664,0.7517793,1.376666,9.892841,0.0018325958,-0.010995574,0.0018325958,TREMOR,f50d836cae05
1777351060335,10902530110816,0.9935937,1.388637,9.78989,-0.0030543262,-0.061086524,0.0,TREMOR,f50d836cae05
1777351060343,10902538103431,1.0869676,1.3790601,9.725247,-0.01282817,-0.051923547,-6.1086525E-4,TREMOR,f50d836cae05
1777351060351,10902546100662,1.0486604,1.283292,9.634268,-0.007941248,-0.004886922,-0.0012217305,TREMOR,f50d836cae05
1777351060359,10902554096584,0.8858546,1.2330139,9.610326,0.004276057,0.026267206,-0.005497787,TREMOR,f50d836cae05
1777351060367,10902562090121,0.6440403,1.2521675,9.7803135,0.0018325958,0.034208454,-0.009773844,TREMOR,f50d836cae05
1777351060375,10902570116890,0.63206923,1.400608,10.029311,0.0018325958,0.019547688,0.0012217305,TREMOR,f50d836cae05
1777351060383,10902578112042,0.8643068,1.5753847,10.0029745,0.01160644,-0.007330383,0.01038471,TREMOR,f50d836cae05
1777351060391,10902586107426,1.1324574,1.496376,9.792285,0.01282817,-0.032986723,0.017104227,TREMOR,f50d836cae05
1777351060399,10902594104349,0.9959879,1.3623008,9.797073,-0.004276057,-0.015271631,0.010995574,TREMOR,f50d836cae05
1777351060407,10902602100040,0.6823475,1.2210429,9.706094,-0.009162978,0.015271631,0.0036651916,TREMOR,f50d836cae05
1777351060415,10902610096270,0.5770026,1.0773908,9.624691,0.004886922,0.043982297,0.009773844,TREMOR,f50d836cae05
1777351060423,10902618091115,0.62009823,1.1228806,9.763555,0.005497787,0.02565634,0.007941248,TREMOR,f50d836cae05
1777351060431,10902626116268,0.6727707,1.3024458,9.909601,0.004886922,-0.01282817,0.004276057,TREMOR,f50d836cae05
1777351060439,10902634112652,0.7110779,1.364695,9.94312,0.0036651916,-0.018325957,0.002443461,TREMOR,f50d836cae05
1777351060447,10902642107651,0.78050977,1.3359646,9.986216,-0.007330383,0.018936822,0.0061086523,TREMOR,f50d836cae05
1777351060455,10902650102420,0.60573304,1.1803415,9.921572,-0.009162978,0.014049901,-6.1086525E-4,TREMOR,f50d836cae05
1777351060463,10902658100881,0.5722142,1.0103531,9.892841,-0.01160644,-0.002443461,-0.0036651916,TREMOR,f50d836cae05
1777351060471,10902666094187,0.46208093,1.1563994,9.976639,-0.01160644,-0.0030543262,-0.015271631,TREMOR,f50d836cae05
1777351060479,10902674092263,0.81881696,1.2856863,9.821015,-0.0036651916,-0.018325957,-0.0030543262,TREMOR,f50d836cae05
1777351060487,10902682117185,0.9504981,1.2904748,9.603143,0.007941248,-0.02443461,-0.0036651916,TREMOR,f50d836cae05
1777351060495,10902690111415,0.89782566,1.3359646,9.662998,-0.0030543262,-0.007330383,-0.012217305,TREMOR,f50d836cae05
1777351060503,10902698108569,0.8834604,1.3072342,9.785102,-0.008552114,-0.002443461,-0.004276057,TREMOR,f50d836cae05
1777351060511,10902706102491,0.78050977,1.2018893,9.703699,-0.0036651916,-6.1086525E-4,-0.0061086523,TREMOR,f50d836cae05
1777351060519,10902714099644,0.7158663,1.2641385,9.746795,0.004276057,0.0030543262,-0.008552114,TREMOR,f50d836cae05
1777351060527,10902722094489,0.7254431,1.3503298,9.811439,0.012217305,0.004276057,-0.0067195175,TREMOR,f50d836cae05
1777351060535,10902730091411,0.79966336,1.5370775,9.938332,0.015882496,0.004276057,-0.002443461,TREMOR,f50d836cae05
1777351060543,10902738115333,0.8810662,1.757344,10.0341,0.010995574,6.1086525E-4,0.002443461,TREMOR,f50d836cae05
1777351060551,10902746111025,1.151611,1.745373,9.957485,0.004886922,-0.0067195175,0.014049901,TREMOR,f50d836cae05
1777351060559,10902754107948,1.1252748,1.3455414,9.880871,-0.015882496,-0.014049901,0.012217305,TREMOR,f50d836cae05
1777351060567,10902762102716,0.7038953,1.1372458,9.885659,-0.02565634,0.005497787,0.0012217305,TREMOR,f50d836cae05
1777351060575,10902770098715,0.44532153,0.9840169,9.624691,-0.009162978,0.027488936,0.002443461,TREMOR,f50d836cae05
1777351060583,10902778093560,0.4405331,1.0127473,9.440337,0.015271631,0.04153884,0.004276057,TREMOR,f50d836cae05
1777351060591,10902786088867,0.6823475,1.2114661,9.579201,0.021991149,0.018325957,0.007941248,TREMOR,f50d836cae05
1777351060599,10902794117789,0.8810662,1.3359646,9.837775,0.010995574,-0.029932396,0.0067195175,TREMOR,f50d836cae05
1777351060607,10902802110404,0.9624691,1.3144168,10.038888,-0.0012217305,-0.02443461,0.004886922,TREMOR,f50d836cae05
1777351060615,10902810110096,0.79008657,1.2401965,10.189722,-0.014049901,0.01160644,-0.0030543262,TREMOR,f50d836cae05
1777351060623,10902818102095,0.37110126,1.1803415,10.149021,-0.013439035,0.03848451,-0.015271631,TREMOR,f50d836cae05
1777351060631,10902826097248,0.39504328,1.1659763,9.962274,-0.0030543262,0.025045475,-0.005497787,TREMOR,f50d836cae05
1777351060639,10902834094708,0.6919243,1.2186487,9.878476,-0.0036651916,-0.021991149,-0.0018325958,TREMOR,f50d836cae05
1777351060647,10902842090707,0.81402856,1.2952632,9.742006,-0.004886922,-0.06414085,-0.0067195175,TREMOR,f50d836cae05
1777351060655,10902850117168,0.92895025,1.2808979,9.622296,-0.0061086523,-0.048258353,-0.0036651916,TREMOR,f50d836cae05
1777351060663,10902858111014,0.92416185,1.2210429,9.519346,-0.002443461,-0.005497787,-0.0036651916,TREMOR,f50d836cae05
1777351060671,10902866105859,0.82599956,1.1755531,9.569624,-0.0036651916,0.036651913,-0.004886922,TREMOR,f50d836cae05
1777351060679,10902874103089,0.7015011,1.1827357,9.730036,-0.0018325958,0.020158553,-0.007330383,TREMOR,f50d836cae05
1777351060687,10902882097550,0.7733272,1.4556746,10.010158,0.004886922,0.0,-0.004276057,TREMOR,f50d836cae05
1777351060695,10902890093549,0.91458505,1.7429788,10.070012,0.015271631,-0.01038471,-0.0012217305,TREMOR,f50d836cae05
1777351060703,10902898089548,1.1779473,1.8579005,9.907207,0.020158553,-0.014049901,0.010995574,TREMOR,f50d836cae05
1777351060711,10902906115085,1.2042835,1.5490485,9.753978,0.0036651916,-0.009162978,0.015882496,TREMOR,f50d836cae05
1777351060719,10902914111700,0.7254431,1.2354081,9.888053,-0.02687807,0.016493361,0.004886922,TREMOR,f50d836cae05
1777351060727,10902922107930,0.39264908,0.9888053,9.840169,-0.029932396,0.027488936,0.0012217305,TREMOR,f50d836cae05
1777351060735,10902930103083,0.34715924,0.89782566,9.65821,-0.0067195175,0.029321533,0.005497787,TREMOR,f50d836cae05
1777351060743,10902938097467,0.58897364,1.1563994,9.603143,0.025045475,6.1086525E-4,0.007330383,TREMOR,f50d836cae05
1777351060751,10902946094081,0.8834604,1.3263878,9.605537,0.031154128,-0.02687807,0.009162978,TREMOR,f50d836cae05
1777351060759,10902954120003,0.9911995,1.4030021,9.77792,0.014660766,-0.025045475,0.0036651916,TREMOR,f50d836cae05
1777351060767,10902962116234,0.92895025,1.2425907,10.038888,-0.014049901,0.0018325958,6.1086525E-4,TREMOR,f50d836cae05
1777351060775,10902970109541,0.5410896,1.0654198,10.275913,-0.031154128,0.03481932,-0.0061086523,TREMOR,f50d836cae05
1777351060783,10902978105771,0.23942018,1.067814,10.177752,-0.01282817,0.034208454,-0.015271631,TREMOR,f50d836cae05
1777351060791,10902986100923,0.59615624,1.2018893,9.916783,0.0067195175,0.0030543262,-0.002443461,TREMOR,f50d836cae05
1777351060799,10902994098384,0.7541735,1.30484,9.682152,0.009162978,-0.04520403,-0.0061086523,TREMOR,f50d836cae05
1777351060807,10903002092229,0.90979666,1.352724,9.572019,-0.0012217305,-0.059864793,-0.004886922,TREMOR,f50d836cae05
1777351060815,10903010088305,0.9840169,1.2521675,9.504981,-0.007330383,-0.017104227,0.0,TREMOR,f50d836cae05
1777351060823,10903018116844,0.9648633,1.2018893,9.639056,-0.008552114,0.021380283,-0.0018325958,TREMOR,f50d836cae05
1777351060831,10903026109843,0.80924016,1.2952632,9.868899,-0.0067195175,0.026267206,-0.0061086523,TREMOR,f50d836cae05
1777351060839,10903034108611,0.7445967,1.5298948,9.986216,0.007330383,0.010995574,-0.008552114,TREMOR,f50d836cae05
1777351060847,10903042100302,0.89064306,1.8435353,9.97185,0.021991149,0.012217305,-6.1086525E-4,TREMOR,f50d836cae05
1777351060855,10903050097840,1.1659763,1.8626889,9.854534,0.017104227,-0.004276057,0.014660766,TREMOR,f50d836cae05
1777351060863,10903058093839,1.1779473,1.5179238,9.785102,-0.01038471,-0.02565634,0.016493361,TREMOR,f50d836cae05
1777351060871,10903066087377,0.6871359,1.1300632,9.909601,-0.039095376,0.0,0.004276057,TREMOR,f50d836cae05
1777351060879,10903074117145,0.39264908,0.89303726,9.797073,-0.028099801,0.028099801,0.0030543262,TREMOR,f50d836cae05
1777351060887,10903082110760,0.4213795,0.90261406,9.646238,0.012217305,0.040927973,0.005497787,TREMOR,f50d836cae05
1777351060895,10903090106990,0.6464345,1.2258313,9.648633,0.030543262,0.002443461,0.0030543262,TREMOR,f50d836cae05
1777351060903,10903098102450,0.8643068,1.4197617,9.643845,0.03359759,-0.032986723,0.0036651916,TREMOR,f50d836cae05
1777351060911,10903106098065,0.9840169,1.3790601,9.811439,0.01160644,-0.020158553,0.0036651916,TREMOR,f50d836cae05
1777351060919,10903114093140,0.866701,1.1540052,10.120291,-0.018325957,0.014660766,0.004276057,TREMOR,f50d836cae05
1777351060927,10903122089217,0.40462008,0.9792285,10.263943,-0.034208454,0.021380283,-0.015271631,TREMOR,f50d836cae05
1777351060935,10903130115678,0.22744916,1.0414777,10.0987425,-0.0067195175,0.027488936,-0.014660766,TREMOR,f50d836cae05
1777351060943,10903138109523,0.6512229,1.2186487,9.856929,0.014660766,0.014660766,-6.1086525E-4,TREMOR,f50d836cae05
1777351060951,10903146107907,0.80924016,1.3718776,9.674969,0.018325957,-0.040927973,-0.0036651916,TREMOR,f50d836cae05
1777351060959,10903154100214,0.89303726,1.400608,9.615114,-0.007330383,-0.06169739,-0.0061086523,TREMOR,f50d836cae05
1777351060967,10903162097520,0.93852705,1.3239936,9.569624,-0.010995574,-0.019547688,0.0,TREMOR,f50d836cae05
1777351060975,10903170094982,1.0319009,1.2282255,9.65821,-0.0061086523,0.022602014,0.0030543262,TREMOR,f50d836cae05
1777351060983,10903178088519,0.8690952,1.352724,9.828198,-0.0018325958,0.02321288,-0.0036651916,TREMOR,f50d836cae05
1777351060991,10903186113518,0.7469909,1.6352397,9.986216,0.008552114,0.01038471,-0.008552114,TREMOR,f50d836cae05
1777351060999,10903194110671,0.9816227,1.8148049,9.974244,0.017104227,0.01282817,0.007330383,TREMOR,f50d836cae05
1777351061007,10903202105132,1.1611878,1.6472107,9.947908,0.0,-0.007330383,0.017104227,TREMOR,f50d836cae05
1777351061015,10903210101131,0.8595184,1.2761095,9.909601,-0.02443461,-0.023823744,0.007941248,TREMOR,f50d836cae05
1777351061023,10903218098745,0.5243302,1.0271125,9.720459,-0.02687807,0.002443461,0.002443461,TREMOR,f50d836cae05
1777351061031,10903226093130,0.4333505,0.89064306,9.536105,-0.0036651916,0.039095376,0.0067195175,TREMOR,f50d836cae05
1777351061039,10903234088206,0.61770403,1.0965444,9.557653,0.023823744,0.027488936,0.007330383,TREMOR,f50d836cae05
1777351061047,10903242113820,0.7637503,1.3551182,9.696517,0.028710667,-0.016493361,0.0012217305,TREMOR,f50d836cae05
1777351061055,10903250108281,0.90261406,1.4101849,9.861717,0.016493361,-0.02687807,0.0030543262,TREMOR,f50d836cae05
1777351061063,10903258104280,0.9528923,1.2785037,10.053253,-0.005497787,6.1086525E-4,0.007330383,TREMOR,f50d836cae05
1777351061071,10903266101740,0.6847417,1.0127473,10.160992,-0.023823744,0.02443461,-0.0036651916,TREMOR,f50d836cae05
1777351061079,10903274098125,0.31603462,0.93373865,10.019734,-0.01038471,0.021991149,-0.015882496,TREMOR,f50d836cae05
1777351061087,10903282093201,0.39743748,1.2521675,9.950302,0.008552114,0.029932396,-0.009773844,TREMOR,f50d836cae05
1777351061095,10903290120508,0.7110779,1.376666,9.835381,0.015271631,-0.004276057,-0.0036651916,TREMOR,f50d836cae05
1777351061103,10903298114353,0.91219085,1.3790601,9.713276,0.0036651916,-0.057421334,-0.0018325958,TREMOR,f50d836cae05
1777351061111,10903306108275,0.9864111,1.3479356,9.665392,-0.015882496,-0.047036625,-0.0018325958,TREMOR,f50d836cae05
1777351061119,10903314105735,1.043872,1.3144168,9.579201,-0.007330383,-0.0036651916,0.0012217305,TREMOR,f50d836cae05
1777351061127,10903322102042,0.9552865,1.2761095,9.545682,0.0061086523,0.025045475,6.1086525E-4,TREMOR,f50d836cae05
1777351061135,10903330095888,0.81642276,1.4269443,9.797073,0.007330383,0.026267206,-0.0061086523,TREMOR,f50d836cae05
1777351061143,10903338093810,0.7062895,1.7429788,10.060435,0.0067195175,0.010995574,-0.004276057,TREMOR,f50d836cae05
1777351061151,10903346118732,0.9552865,1.7717092,10.038888,0.008552114,0.0030543262,0.01038471,TREMOR,f50d836cae05
1777351061159,10903354115962,0.9935937,1.541866,9.92636,-0.0030543262,-0.01160644,0.012217305,TREMOR,f50d836cae05
1777351061167,10903362108500,0.7158663,1.2952632,9.753978,-0.012217305,-0.015271631,0.005497787,TREMOR,f50d836cae05
1777351061175,10903370106960,0.5554548,1.1133038,9.52174,-0.0067195175,0.009162978,0.004276057,TREMOR,f50d836cae05
1777351061183,10903378099653,0.59136784,1.0414777,9.452309,0.014049901,0.028099801,0.0067195175,TREMOR,f50d836cae05
1777351061191,10903386094729,0.7469909,1.1133038,9.588778,0.020158553,0.005497787,0.0067195175,TREMOR,f50d836cae05
1777351061199,10903394091343,0.8283938,1.2090719,9.842564,0.013439035,-0.014660766,0.0012217305,TREMOR,f50d836cae05
1777351061207,10903402117111,0.8451532,1.2785037,10.043676,0.002443461,-0.005497787,0.0012217305,TREMOR,f50d836cae05
1777351061215,10903410112572,0.81881696,1.1875241,10.184934,-0.01160644,0.02321288,0.004276057,TREMOR,f50d836cae05
1777351061223,10903418109109,0.56982,1.0582372,10.163386,-0.015882496,0.018936822,-0.005497787,TREMOR,f50d836cae05
1777351061231,10903426105724,0.35673606,0.79726917,10.0269165,-0.015882496,0.008552114,-0.010995574,TREMOR,f50d836cae05
1777351061239,10903434099647,0.29448682,0.9816227,10.024523,-0.017715093,0.01038471,-0.016493361,TREMOR,f50d836cae05
1777351061247,10903442094953,0.6440403,1.271321,9.950302,-0.014049901,-0.009773844,-0.0036651916,TREMOR,f50d836cae05
1777351061255,10903450091568,0.9888053,1.2976574,9.55047,0.008552114,-0.06658431,-6.1086525E-4,TREMOR,f50d836cae05
1777351061263,10903458117490,1.0821792,1.3599066,9.399636,0.002443461,-0.055588737,-0.004276057,TREMOR,f50d836cae05
1777351061271,10903466112489,1.0534488,1.4389153,9.469068,-0.004276057,-0.01038471,-0.0030543262,TREMOR,f50d836cae05
1777351061279,10903474109411,0.91697925,1.3455414,9.490616,6.1086525E-4,0.02565634,-0.005497787,TREMOR,f50d836cae05
1777351061287,10903482102950,0.7661445,1.2258313,9.734824,0.0036651916,0.045814894,-0.0067195175,TREMOR,f50d836cae05
1777351061295,10903490099256,0.6679823,1.3072342,10.084377,-0.0030543262,0.018325957,-0.007330383,TREMOR,f50d836cae05
1777351061303,10903498094948,0.7134721,1.484405,10.189722,0.0036651916,-0.007330383,-6.1086525E-4,TREMOR,f50d836cae05
1777351061311,10903506090100,0.93373865,1.6472107,10.216059,0.0030543262,-0.0030543262,0.0061086523,TREMOR,f50d836cae05
1777351061319,10903514117792,0.92655605,1.6783354,10.067618,-0.0018325958,-0.005497787,0.007330383,TREMOR,f50d836cae05
1777351061327,10903522112868,0.8762778,1.5298948,9.742006,-0.009773844,-0.014049901,0.009773844,TREMOR,f50d836cae05
1777351061335,10903530107867,0.85473,1.388637,9.595961,-0.018936822,6.1086525E-4,0.008552114,TREMOR,f50d836cae05
1777351061343,10903538104174,0.7398083,1.2641385,9.49301,-0.018936822,0.0,0.0067195175,TREMOR,f50d836cae05
1777351061351,10903546100173,0.62967503,1.091756,9.339781,-0.004886922,0.0,0.004276057,TREMOR,f50d836cae05
1777351061359,10903554095249,0.59615624,1.0630256,9.416395,0.010995574,0.01038471,0.002443461,TREMOR,f50d836cae05
1777351061367,10903562093095,0.7541735,1.1994951,9.6845455,0.015271631,0.025045475,0.0067195175,TREMOR,f50d836cae05
1777351061375,10903570117401,0.8475474,1.3335704,9.986216,0.014049901,0.014660766,0.0061086523,TREMOR,f50d836cae05
1777351061383,10903578112554,0.7733272,1.3263878,10.232818,0.01160644,0.0061086523,0.002443461,TREMOR,f50d836cae05
1777351061391,10903586108861,0.7637503,1.364695,10.261548,0.009162978,0.01038471,0.0036651916,TREMOR,f50d836cae05
1777351061399,10903594103861,0.81402856,1.3359646,10.019734,0.01038471,0.0012217305,0.007941248,TREMOR,f50d836cae05
1777351061407,10903602098706,0.7278373,1.2617443,9.813833,0.0018325958,-0.0067195175,0.002443461,TREMOR,f50d836cae05
1777351061415,10903610095320,0.6607997,1.1348516,9.742006,-0.014049901,-0.005497787,-6.1086525E-4,TREMOR,f50d836cae05
1777351061423,10903618091012,0.58657944,0.9552865,9.7563715,-0.020158553,-6.1086525E-4,-0.002443461,TREMOR,f50d836cae05
1777351061431,10903626115934,0.47405192,0.9648633,9.794679,-0.019547688,0.008552114,-0.009773844,TREMOR,f50d836cae05
1777351061439,10903634111548,0.6440403,1.2401965,9.768343,-0.0030543262,0.0067195175,-0.005497787,TREMOR,f50d836cae05
1777351061447,10903642107010,0.8451532,1.3192052,9.744401,0.004276057,-0.018936822,-0.0018325958,TREMOR,f50d836cae05
1777351061455,10903650103009,0.93852705,1.352724,9.749189,-0.0012217305,-0.040317107,-0.004276057,TREMOR,f50d836cae05
1777351061463,10903658098623,0.93613285,1.352724,9.751583,-0.005497787,-0.023823744,-0.004886922,TREMOR,f50d836cae05
1777351061471,10903666093776,0.8523358,1.2473791,9.689334,6.1086525E-4,0.0067195175,-0.004276057,TREMOR,f50d836cae05
1777351061479,10903674091006,0.7661445,1.1468226,9.775525,-6.1086525E-4,0.026267206,-0.005497787,TREMOR,f50d836cae05
1777351061487,10903682116159,0.60573304,1.283292,10.0987425,-0.01282817,0.008552114,-0.010995574,TREMOR,f50d836cae05
1777351061495,10903690112235,0.62009823,1.5466543,10.096349,-0.002443461,-0.01038471,-0.007941248,TREMOR,f50d836cae05
1777351061503,10903698107850,0.89782566,1.7429788,9.933543,0.014049901,-0.0067195175,0.005497787,TREMOR,f50d836cae05
1777351061511,10903706102003,1.0989386,1.8555063,9.701305,0.010995574,-0.0061086523,0.012217305,TREMOR,f50d836cae05
1777351061519,10903714100540,1.1779473,1.6998832,9.629479,-0.010995574,-0.02076942,0.017715093,TREMOR,f50d836cae05
1777351061527,10903722093386,0.8834604,1.271321,9.540894,-0.025045475,-0.013439035,0.007330383,TREMOR,f50d836cae05
1777351061535,10903730090000,0.5386954,1.0103531,9.531317,-0.019547688,0.017715093,-6.1086525E-4,TREMOR,f50d836cae05
1777351061543,10903738118076,0.47165772,0.9672575,9.490616,0.004886922,0.029321533,0.004276057,TREMOR,f50d836cae05
1777351061551,10903746112461,0.6727707,1.0941502,9.639056,0.03176499,0.018325957,0.007330383,TREMOR,f50d836cae05
1777351061559,10903754106690,0.89543146,1.2090719,9.825804,0.035430185,-0.009162978,0.009162978,TREMOR,f50d836cae05
1777351061567,10903762103536,1.0007763,1.2665327,10.060435,0.02565634,-0.014049901,0.007330383,TREMOR,f50d836cae05
1777351061575,10903770097458,0.8714894,1.2090719,10.247183,0.0061086523,0.016493361,6.1086525E-4,TREMOR,f50d836cae05
1777351061583,10903778094072,0.5626374,1.1348516,10.362105,-0.021380283,0.05497787,-0.005497787,TREMOR,f50d836cae05
1777351061591,10903786091225,0.24660277,1.0486604,10.314221,-0.028099801,0.035430185,-0.010995574,TREMOR,f50d836cae05
1777351061599,10903794118070,0.1340753,1.0486604,10.093954,-0.028099801,-0.009162978,-0.012217305,TREMOR,f50d836cae05
1777351061607,10903802110609,0.6727707,1.2066777,9.861717,-0.025045475,-0.036651913,0.002443461,TREMOR,f50d836cae05
1777351061615,10903810107838,1.0247183,1.3072342,9.3421755,-0.005497787,-0.073303826,0.0067195175,TREMOR,f50d836cae05
1777351061623,10903818102991,1.0247183,1.3670892,9.054871,0.01038471,-0.069027774,-0.009162978,TREMOR,f50d836cae05
1777351061631,10903826099529,0.9816227,1.3838485,9.081207,0.0067195175,-0.0061086523,-0.0067195175,TREMOR,f50d836cae05
1777351061639,10903834093989,1.0127473,1.2449849,9.569624,-0.0061086523,0.056199603,6.1086525E-4,TREMOR,f50d836cae05
1777351061647,10903842088142,0.8331822,1.1468226,10.0987425,-0.019547688,0.055588737,-0.004886922,TREMOR,f50d836cae05
1777351061655,10903850114604,0.5243302,1.2737153,10.359711,-0.01160644,0.012217305,-0.015882496,TREMOR,f50d836cae05
1777351061663,10903858112141,0.6967127,1.5682021,10.283096,0.018325957,-0.005497787,-0.0012217305,TREMOR,f50d836cae05
1777351061671,10903866106371,0.9959879,1.8100165,9.902418,0.036651913,-0.0067195175,0.0061086523,TREMOR,f50d836cae05
1777351061679,10903874104216,1.2114661,1.8243817,9.751583,0.018325957,-0.020158553,0.014049901,TREMOR,f50d836cae05
1777351061687,10903882098677,1.1971009,1.5825673,9.722853,-0.020158553,-0.029932396,0.018936822,TREMOR,f50d836cae05
1777351061695,10903890094060,0.6871359,1.1540052,9.718064,-0.037873644,0.007330383,6.1086525E-4,TREMOR,f50d836cae05
1777351061703,10903898089367,0.4213795,0.9600749,9.579201,-0.01282817,0.042760566,0.002443461,TREMOR,f50d836cae05
1777351061711,10903906116752,0.40462008,1.0390835,9.466674,0.017715093,0.04520403,0.004886922,TREMOR,f50d836cae05
1777351061719,10903914111520,0.60094464,1.2378023,9.533711,0.03176499,0.010995574,0.004276057,TREMOR,f50d836cae05
1777351061727,10903922106980,0.8523358,1.3431472,9.7803135,0.021991149,-0.021991149,0.008552114,TREMOR,f50d836cae05
1777351061735,10903930101441,0.9648633,1.3503298,10.024523,0.004276057,-0.01282817,0.008552114,TREMOR,f50d836cae05
1777351061743,10903938098671,0.93373865,1.3072342,10.158598,6.1086525E-4,0.015882496,0.0061086523,TREMOR,f50d836cae05
1777351061751,10903946093131,0.7757214,1.1755531,10.108319,-6.1086525E-4,0.03176499,0.002443461,TREMOR,f50d836cae05
1777351061759,10903954088131,0.59615624,1.0654198,10.103531,-0.007941248,0.021380283,-0.004886922,TREMOR,f50d836cae05
1777351061767,10903962117438,0.22744916,1.0965444,9.976639,-0.013439035,0.007330383,-0.018936822,TREMOR,f50d836cae05
1777351061775,10903970111591,0.40701428,1.2162545,9.840169,-0.0061086523,0.01038471,-0.0061086523,TREMOR,f50d836cae05
1777351061783,10903978108513,0.8643068,1.3096284,9.7084875,-0.0030543262,-0.022602014,0.005497787,TREMOR,f50d836cae05
1777351061791,10903986102666,0.9552865,1.3359646,9.576807,-0.004886922,-0.06414085,-0.0030543262,TREMOR,f50d836cae05
1777351061799,10903994098280,0.9768343,1.3383588,9.500193,-0.0067195175,-0.053145275,-0.0036651916,TREMOR,f50d836cae05
1777351061807,10904002092741,1.0127473,1.2473791,9.548077,-0.0036651916,0.017715093,6.1086525E-4,TREMOR,f50d836cae05
1777351061815,10904010088202,0.8858546,1.1875241,9.710882,-0.002443461,0.040927973,-0.0061086523,TREMOR,f50d836cae05
1777351061823,10904018115586,0.59615624,1.2401965,10.0341,-0.0061086523,0.026267206,-0.014049901,TREMOR,f50d836cae05
1777351061831,10904026109662,0.5386954,1.4628572,10.13705,0.0018325958,0.005497787,-0.012217305,TREMOR,f50d836cae05
1777351061839,10904034106046,0.80924016,1.7166426,9.991004,0.021991149,-0.0061086523,0.0030543262,TREMOR,f50d836cae05
1777351061847,10904042100737,1.0582372,1.8124107,9.7563715,0.019547688,-0.018936822,0.01282817,TREMOR,f50d836cae05
1777351061855,10904050096505,1.2401965,1.5275006,9.713276,-0.009773844,-0.029321533,0.020158553,TREMOR,f50d836cae05
1777351061863,10904058093351,0.8810662,1.2138603,9.792285,-0.03604105,-0.012217305,0.0067195175,TREMOR,f50d836cae05
1777351061871,10904066089427,0.5434838,0.9720459,9.751583,-0.02443461,0.021380283,0.0,TREMOR,f50d836cae05
1777351061879,10904074114888,0.48362875,0.9935937,9.579201,0.017715093,0.04337143,0.004886922,TREMOR,f50d836cae05
1777351061887,10904082109733,0.62728083,1.2449849,9.610326,0.032375857,0.019547688,0.005497787,TREMOR,f50d836cae05
1777351061895,10904090106655,0.8643068,1.3120226,9.610326,0.03604105,-0.025045475,0.009162978,TREMOR,f50d836cae05
1777351061903,10904098100500,1.0151415,1.1851299,9.7563715,0.019547688,-0.029321533,0.008552114,TREMOR,f50d836cae05
1777351061911,10904106096422,0.92416185,1.0606314,10.168175,-0.009162978,0.008552114,0.0030543262,TREMOR,f50d836cae05
1777351061919,10904114095499,0.51475334,1.1252748,10.503363,-0.03481932,0.059253927,-0.016493361,TREMOR,f50d836cae05
1777351061927,10904122090345,0.04070143,1.1444284,10.362105,-0.019547688,0.044593163,-0.02443461,TREMOR,f50d836cae05
1777351061935,10904130113728,0.46447513,1.1468226,10.038888,-0.0012217305,0.0036651916,0.0018325958,TREMOR,f50d836cae05
1777351061943,10904138110650,0.842759,1.3096284,9.727641,6.1086525E-4,-0.04520403,0.004276057,TREMOR,f50d836cae05
1777351061951,10904146105034,0.9648633,1.2665327,9.25359,0.007330383,-0.09590584,-0.0061086523,TREMOR,f50d836cae05
1777351061959,10904154101648,0.9696517,1.1468226,9.131485,-0.007941248,-0.043982297,-0.0036651916,TREMOR,f50d836cae05
1777351061967,10904162096110,0.8595184,1.2785037,9.698911,-0.029932396,0.03726278,-0.008552114,TREMOR,f50d836cae05
1777351061975,10904170093032,0.6751649,1.3431472,9.919178,-0.016493361,0.04642576,-0.01282817,TREMOR,f50d836cae05
1777351061983,10904178090262,0.7182605,1.3934253,9.825804,0.021991149,0.020158553,-0.008552114,TREMOR,f50d836cae05
1777351061991,10904186113415,0.82599956,1.9416976,10.101137,0.027488936,0.012217305,-0.0036651916,TREMOR,f50d836cae05
1777351061999,10904194109644,1.1085154,2.3343468,10.0508585,0.028710667,-0.022602014,0.009773844,TREMOR,f50d836cae05
1777351062007,10904202106336,1.5107412,1.745373,9.504981,0.022602014,-0.04886922,0.029321533,TREMOR,f50d836cae05
1777351062015,10904210099566,1.2018893,1.2258313,9.68694,-0.028099801,-0.015882496,0.015271631,TREMOR,f50d836cae05
1777351062023,10904218095489,0.5722142,0.93613285,10.108319,-0.064751714,0.035430185,0.0030543262,TREMOR,f50d836cae05
1777351062031,10904226091565,0.28491,0.7206547,9.935937,-0.016493361,0.0421497,0.0018325958,TREMOR,f50d836cae05
1777351062039,10904234086948,0.30406362,0.78529817,9.516952,0.03604105,0.032375857,0.002443461,TREMOR,f50d836cae05
1777351062047,10904242112793,0.63206923,1.2521675,9.433155,0.056199603,-0.004886922,0.007941248,TREMOR,f50d836cae05
1777351062055,10904250111792,0.93134445,1.5634137,9.562442,0.053145275,-0.035430185,0.008552114,TREMOR,f50d836cae05
1777351062063,10904258107484,1.043872,1.4580688,9.797073,0.02076942,-0.009162978,0.009162978,TREMOR,f50d836cae05
1777351062071,10904266101638,0.9816227,1.1827357,10.220847,-0.013439035,0.048258353,0.008552114,TREMOR,f50d836cae05
1777351062079,10904274095483,0.58418524,0.94331545,10.433931,-0.032375857,0.07086037,0.0,TREMOR,f50d836cae05
1777351062087,10904282091251,0.31603462,0.8379706,10.455479,-0.03726278,0.045814894,-0.0067195175,TREMOR,f50d836cae05
1777351062095,10904290117096,0.02873042,0.8834604,10.338163,-0.035430185,-0.005497787,-0.017104227,TREMOR,f50d836cae05
1777351062103,10904298113634,0.29688102,1.2330139,9.928755,-0.0061086523,-0.037873644,-0.009773844,TREMOR,f50d836cae05
1777351062111,10904306110248,1.0534488,1.4389153,9.354146,0.017104227,-0.053145275,0.009773844,TREMOR,f50d836cae05
1777351062119,10904314106863,1.1540052,1.5011644,9.01417,0.021991149,-0.07269296,-0.002443461,TREMOR,f50d836cae05
1777351062127,10904322099786,1.0654198,1.4987702,9.095572,-0.002443461,-0.05009095,-0.01038471,TREMOR,f50d836cae05
1777351062135,10904330095246,1.0151415,1.3359646,9.574412,-0.02443461,0.027488936,-0.0012217305,TREMOR,f50d836cae05
1777351062143,10904338093014,1.0271125,1.1779473,9.964667,-0.02076942,0.045814894,-6.1086525E-4,TREMOR,f50d836cae05
1777351062151,10904346118552,0.7661445,1.1731589,10.187328,-0.004886922,0.02687807,-0.014049901,TREMOR,f50d836cae05
1777351062159,10904354112166,0.6368576,1.496376,10.275913,0.013439035,0.007941248,-0.014660766,TREMOR,f50d836cae05
1777351062167,10904362108165,0.6919243,1.9273324,10.093954,0.028099801,0.01038471,-0.0061086523,TREMOR,f50d836cae05
1777351062175,10904370104087,1.0031705,2.0231004,9.787497,0.029321533,0.002443461,0.014660766,TREMOR,f50d836cae05
1777351062183,10904378101087,1.2330139,1.6927006,9.586384,-0.0061086523,-0.021991149,0.02565634,TREMOR,f50d836cae05
1777351062191,10904386094317,0.91697925,1.2042835,9.710882,-0.051923547,-0.029932396,0.01282817,TREMOR,f50d836cae05
1777351062199,10904394091778,0.5530606,0.91458505,9.765948,-0.05497787,-0.0018325958,0.002443461,TREMOR,f50d836cae05
1777351062207,10904402116469,0.40222588,0.7398083,9.55047,0.0030543262,0.029321533,0.004886922,TREMOR,f50d836cae05
1777351062215,10904410112160,0.5386954,0.94810385,9.40203,0.04153884,0.029932396,0.007330383,TREMOR,f50d836cae05
1777351062223,10904418110621,0.830788,1.3431472,9.603143,0.049480084,0.0012217305,0.007941248,TREMOR,f50d836cae05
1777351062231,10904426103852,0.9576807,1.4532804,9.837775,0.03726278,-0.019547688,0.007330383,TREMOR,f50d836cae05
1777351062239,10904434100774,0.9504981,1.3239936,10.1226845,0.018325957,-0.0036651916,0.0067195175,TREMOR,f50d836cae05
1777351062247,10904442094004,0.7733272,1.1875241,10.33098,-0.0061086523,0.053145275,0.0018325958,TREMOR,f50d836cae05
1777351062255,10904450090541,0.51235914,1.1875241,10.441113,-0.020158553,0.058643065,-0.005497787,TREMOR,f50d836cae05
1777351062263,10904458116694,0.2825158,0.94331545,10.232818,-0.025045475,0.017104227,-0.007941248,TREMOR,f50d836cae05
1777351062271,10904466115155,0.17238252,0.9911995,10.110714,-0.031154128,-0.023823744,-0.015271631,TREMOR,f50d836cae05
1777351062279,10904474109384,0.6991069,1.3814543,9.868899,-0.016493361,-0.042760566,6.1086525E-4,TREMOR,f50d836cae05
1777351062287,10904482106307,1.0654198,1.3910311,9.299079,0.017715093,-0.073303826,0.0036651916,TREMOR,f50d836cae05
1777351062295,10904490100153,1.1228806,1.3335704,8.930372,0.017104227,-0.06169739,-0.004276057,TREMOR,f50d836cae05
1777351062303,10904498095152,1.0630256,1.2545617,9.263166,-0.015882496,-6.1086525E-4,-0.0061086523,TREMOR,f50d836cae05
1777351062311,10904506089612,0.8355764,1.1947067,9.792285,-0.03359759,0.03176499,-0.009162978,TREMOR,f50d836cae05
1777351062319,10904514118842,0.6967127,1.2665327,10.149021,-0.0030543262,0.029932396,-0.013439035,TREMOR,f50d836cae05
1777351062327,10904522113379,0.59376204,1.4700398,10.04607,0.036651913,0.016493361,-0.015271631,TREMOR,f50d836cae05
1777351062335,10904530107533,0.8738836,1.7741034,10.058042,0.042760566,0.020158553,0.0,TREMOR,f50d836cae05
1777351062343,10904538104455,1.1252748,2.0159178,10.09156,0.017104227,-0.0036651916,0.014049901,TREMOR,f50d836cae05
1777351062351,10904546098608,1.1731589,1.70946,9.907207,-0.010995574,-0.045814894,0.017104227,TREMOR,f50d836cae05
1777351062359,10904554096761,0.9696517,1.1899183,9.813833,-0.05131268,-0.018325957,0.01282817,TREMOR,f50d836cae05
1777351062367,10904562089914,0.58418524,0.866701,9.837775,-0.047036625,0.029932396,0.009162978,TREMOR,f50d836cae05
1777351062375,10904570116144,0.33758244,0.82599956,9.548077,-0.004886922,0.032986723,0.004886922,TREMOR,f50d836cae05
1777351062383,10904578111835,0.39025488,1.0486604,9.251195,0.03726278,0.023823744,-6.1086525E-4,TREMOR,f50d836cae05
1777351062391,10904586108989,0.7254431,1.3455414,9.330204,0.043982297,-0.01038471,0.0067195175,TREMOR,f50d836cae05
1777351062399,10904594102603,0.9504981,1.4197617,9.706094,0.019547688,-0.019547688,0.012217305,TREMOR,f50d836cae05
1777351062407,10904602097987,1.043872,1.3120226,10.175357,-6.1086525E-4,0.0030543262,0.008552114,TREMOR,f50d836cae05
1777351062415,10904610094601,0.89064306,1.1707647,10.366894,-0.004886922,0.027488936,0.004276057,TREMOR,f50d836cae05
1777351062423,10904618091447,0.557849,1.1348516,10.299856,-6.1086525E-4,0.0421497,-0.002443461,TREMOR,f50d836cae05
1777351062431,10904626116138,0.33758244,0.9864111,10.115502,6.1086525E-4,0.028710667,-0.009162978,TREMOR,f50d836cae05
1777351062439,10904634112446,0.19632454,1.0151415,10.048465,-0.014660766,0.0,-0.014660766,TREMOR,f50d836cae05
1777351062447,10904642108368,0.5602432,1.2737153,9.962274,-0.02076942,-0.02565634,-0.0067195175,TREMOR,f50d836cae05
1777351062455,10904650102905,0.9816227,1.3359646,9.722853,-0.009162978,-0.050701816,0.004276057,TREMOR,f50d836cae05
1777351062463,10904658099827,1.0941502,1.376666,9.433155,6.1086525E-4,-0.061086524,-0.0012217305,TREMOR,f50d836cae05
1777351062471,10904666095749,1.0271125,1.3263878,9.301474,-0.004886922,-0.028710667,-0.004276057,TREMOR,f50d836cae05
1777351062479,10904674090518,0.93373865,1.2545617,9.509769,-0.014049901,0.018936822,-0.004276057,TREMOR,f50d836cae05
1777351062487,10904682116978,0.8403648,1.2401965,9.840169,-0.01282817,0.040927973,-0.007941248,TREMOR,f50d836cae05
1777351062495,10904690114209,0.62728083,1.4030021,10.04607,0.005497787,0.019547688,-0.015271631,TREMOR,f50d836cae05
1777351062503,10904698109593,0.6847417,1.6567876,10.096349,0.02321288,0.014049901,-0.0036651916,TREMOR,f50d836cae05
1777351062511,10904706104438,0.91697925,1.8698715,10.06283,0.018936822,0.0036651916,0.009773844,TREMOR,f50d836cae05
1777351062519,10904714098591,1.2138603,1.7405846,9.902418,-0.0012217305,-0.023823744,0.019547688,TREMOR,f50d836cae05
1777351062527,10904722095436,1.0486604,1.3383588,9.792285,-0.030543262,-0.03604105,0.014049901,TREMOR,f50d836cae05
1777351062535,10904730091127,0.61770403,0.9816227,9.782708,-0.043982297,-0.007941248,0.004886922,TREMOR,f50d836cae05
1777351062543,10904738115743,0.41180268,0.8810662,9.586384,-0.004276057,0.032375857,0.0030543262,TREMOR,f50d836cae05
1777351062551,10904746112972,0.5267244,1.0726024,9.409213,0.03176499,0.040927973,0.0061086523,TREMOR,f50d836cae05
1777351062559,10904754107510,0.7565677,1.3096284,9.502586,0.040927973,0.0067195175,0.007941248,TREMOR,f50d836cae05
1777351062567,10904762104124,0.90979666,1.3742718,9.706094,0.028710667,-0.027488936,0.009162978,TREMOR,f50d836cae05
1777351062575,10904770099123,1.0103531,1.2785037,10.081984,-0.004886922,0.0,0.009162978,TREMOR,f50d836cae05
1777351062583,10904778095815,0.8690952,1.13964,10.34774,-0.02076942,0.034208454,0.0012217305,TREMOR,f50d836cae05
1777351062591,10904786088967,0.4213795,1.1013328,10.30225,-0.014660766,0.0421497,-0.01160644,TREMOR,f50d836cae05
1777351062599,10904794118275,0.21308395,1.151611,10.110714,-0.0030543262,0.030543262,-0.010995574,TREMOR,f50d836cae05
1777351062607,10904802113890,0.33758244,1.2378023,9.883265,0.0018325958,0.0012217305,-0.01160644,TREMOR,f50d836cae05
1777351062615,10904810106273,0.82121116,1.364695,9.816227,-0.015271631,-0.044593163,0.0036651916,TREMOR,f50d836cae05
1777351062623,10904818103503,1.0199299,1.3670892,9.524135,-0.0067195175,-0.07452556,-0.0012217305,TREMOR,f50d836cae05
1777351062631,10904826097271,0.9792285,1.3024458,9.332599,-0.0012217305,-0.051923547,-0.0067195175,TREMOR,f50d836cae05
1777351062639,10904834095809,0.9935937,1.2976574,9.471462,-0.007330383,0.005497787,-6.1086525E-4,TREMOR,f50d836cae05
1777351062647,10904842089578,0.8643068,1.1899183,9.744401,-0.01038471,0.03176499,-0.0036651916,TREMOR,f50d836cae05
1777351062655,10904850117962,0.6536171,1.292869,9.928755,0.004886922,0.015882496,-0.012217305,TREMOR,f50d836cae05
1777351062663,10904858112961,0.7182605,1.6352397,9.964667,0.027488936,0.015271631,-0.0036651916,TREMOR,f50d836cae05
1777351062671,10904866106883,1.0989386,1.8698715,10.01734,0.03176499,0.017715093,0.010995574,TREMOR,f50d836cae05
1777351062679,10904874103420,1.1899183,1.5298948,10.029311,0.010995574,-0.015882496,0.017715093,TREMOR,f50d836cae05
1777351062687,10904882097035,0.79008657,1.2306197,10.024523,-0.03481932,-0.026267206,0.0030543262,TREMOR,f50d836cae05
1777351062695,10904890093034,0.5243302,0.9792285,9.847352,-0.031154128,0.017104227,0.0030543262,TREMOR,f50d836cae05
1777351062703,10904898088034,0.5386954,0.90021986,9.615114,0.0,0.045814894,0.01160644,TREMOR,f50d836cae05
1777351062711,10904906114802,0.62728083,1.0534488,9.552865,0.022602014,0.025045475,0.004886922,TREMOR,f50d836cae05
1777351062719,10904914111109,0.7374141,1.2617443,9.605537,0.020158553,-0.01282817,-0.004886922,TREMOR,f50d836cae05
1777351062727,10904922105646,0.7374141,1.4341269,9.911995,-0.010995574,0.004886922,-0.0061086523,TREMOR,f50d836cae05
1777351062735,10904930103107,0.5434838,1.3359646,10.115502,-0.03176499,0.012217305,-0.004276057,TREMOR,f50d836cae05
1777351062743,10904938096721,0.6512229,1.0726024,10.077195,-0.02687807,-0.0012217305,6.1086525E-4,TREMOR,f50d836cae05
1777351062751,10904946091721,0.80205756,1.1444284,10.007763,-0.014049901,-0.007941248,-6.1086525E-4,TREMOR,f50d836cae05
1777351062759,10904954088028,0.8283938,1.2856863,9.639056,0.021991149,-0.040317107,-0.004886922,TREMOR,f50d836cae05
1777351062767,10904962116027,0.8331822,1.2545617,9.428367,0.018325957,-0.015271631,-0.004886922,TREMOR,f50d836cae05
1777351062775,10904970111718,0.8283938,1.1994951,9.775525,-0.014660766,0.019547688,-0.004886922,TREMOR,f50d836cae05
1777351062783,10904978106563,0.6584055,1.2066777,9.974244,-0.025045475,0.007330383,-0.0067195175,TREMOR,f50d836cae05
1777351062791,10904986103716,0.60094464,1.412579,9.813833,0.004886922,-0.014660766,-0.009773844,TREMOR,f50d836cae05
1777351062799,10904994099408,0.90021986,1.7764976,9.627085,0.04520403,0.004886922,0.004276057,TREMOR,f50d836cae05
1777351062807,10905002092331,1.4676456,1.8411411,9.672575,0.036651913,-0.002443461,0.020158553,TREMOR,f50d836cae05
1777351062815,10905010087791,1.3838485,1.5131354,9.892841,-0.002443461,-0.03604105,0.016493361,TREMOR,f50d836cae05
1777351062823,10905018115406,0.8475474,1.2018893,10.160992,-0.044593163,-0.015882496,-0.0030543262,TREMOR,f50d836cae05
1777351062831,10905026109635,0.37588966,0.94331545,10.144233,-0.02687807,0.07147124,-6.1086525E-4,TREMOR,f50d836cae05
1777351062839,10905034106481,0.2825158,0.9552865,9.828198,0.015882496,0.073303826,0.0067195175,TREMOR,f50d836cae05
1777351062847,10905042101018,0.4189853,1.2210429,9.531317,0.037873644,0.022602014,0.0012217305,TREMOR,f50d836cae05
1777351062855,10905050097556,0.6607997,1.3742718,9.44752,0.025045475,-0.045814894,0.0,TREMOR,f50d836cae05
1777351062863,10905058093248,0.9528923,1.316811,9.698911,-0.01160644,-0.056199603,0.0061086523,TREMOR,f50d836cae05
1777351062871,10905066120708,0.85473,1.1372458,10.115502,-0.051923547,0.004886922,0.0,TREMOR,f50d836cae05
1777351062879,10905074113861,0.6703765,1.0342951,10.240001,-0.03176499,0.021991149,-0.004886922,TREMOR,f50d836cae05
1777351062887,10905082108937,0.6967127,1.0893618,9.866506,0.015882496,0.015271631,-0.004276057,TREMOR,f50d836cae05
1777351062895,10905090105013,0.6967127,1.2785037,9.586384,0.037873644,0.0,-0.009162978,TREMOR,f50d836cae05
1777351062903,10905098100012,0.7757214,1.3215994,9.595961,0.0067195175,-0.02687807,-0.0036651916,TREMOR,f50d836cae05
1777351062911,10905106097858,0.81402856,1.2401965,9.835381,-0.020158553,-0.017104227,-0.0036651916,TREMOR,f50d836cae05
1777351062919,10905114092934,0.6560113,1.2904748,9.976639,-0.017104227,-0.002443461,-0.008552114,TREMOR,f50d836cae05
1777351062927,10905122087164,0.7278373,1.3934253,9.8042555,0.013439035,0.007330383,-0.0036651916,TREMOR,f50d836cae05
1777351062935,10905130113548,0.9935937,1.6160861,9.713276,0.032375857,0.008552114,0.004276057,TREMOR,f50d836cae05
1777351062943,10905138110777,1.1468226,1.8100165,9.849746,0.012217305,-0.02565634,0.004886922,TREMOR,f50d836cae05
1777351062951,10905146106546,1.1947067,1.6376339,9.840169,-0.007941248,-0.032375857,0.007941248,TREMOR,f50d836cae05
1777351062959,10905154101852,0.9840169,1.2497733,9.962274,-0.02321288,0.015882496,0.007330383,TREMOR,f50d836cae05
1777351062967,10905162096314,0.62488663,1.1061212,10.168175,-0.029932396,0.06047566,0.0030543262,TREMOR,f50d836cae05
1777351062975,10905170092082,0.31124622,1.0845734,9.9550905,-0.010995574,0.049480084,0.0012217305,TREMOR,f50d836cae05
1777351062983,10905178086543,0.34715924,1.0821792,9.533711,0.019547688,-0.0036651916,0.0036651916,TREMOR,f50d836cae05
1777351062991,10905186113234,0.7086837,1.2641385,9.358934,0.019547688,-0.029321533,0.007941248,TREMOR,f50d836cae05
1777351062999,10905194108925,0.9600749,1.3503298,9.536105,0.002443461,-0.03848451,0.009162978,TREMOR,f50d836cae05
1777351063007,10905202106848,0.93613285,1.2904748,9.828198,-0.012217305,-0.014049901,0.0036651916,TREMOR,f50d836cae05
1777351063015,10905210101924,0.8523358,1.1420342,10.0341,-0.008552114,0.027488936,0.004276057,TREMOR,f50d836cae05
1777351063023,10905218097231,0.7661445,1.0223241,10.09156,0.0,0.039095376,0.0012217305,TREMOR,f50d836cae05
1777351063031,10905226090846,0.49320555,1.13964,10.0748005,0.004276057,0.020158553,-0.009162978,TREMOR,f50d836cae05
1777351063039,10905234119075,0.3184288,1.2306197,9.837775,0.01282817,-0.007330383,-0.015882496,TREMOR,f50d836cae05
1777351063047,10905242112613,0.6368576,1.328782,9.818622,0.009162978,0.002443461,-0.004276057,TREMOR,f50d836cae05
1777351063055,10905250108612,0.78050977,1.4030021,9.837775,-0.0036651916,-0.02321288,-0.002443461,TREMOR,f50d836cae05
1777351063063,10905258104303,0.9552865,1.2665327,9.840169,-0.016493361,-0.04642576,0.0,TREMOR,f50d836cae05
1777351063071,10905266100303,0.9504981,1.2569559,9.888053,-0.02687807,-0.03359759,-0.0018325958,TREMOR,f50d836cae05
1777351063079,10905274097533,0.842759,1.3742718,9.866506,-0.015882496,-0.010995574,-0.007330383,TREMOR,f50d836cae05
1777351063087,10905282092994,0.78529817,1.460463,9.624691,0.018936822,0.015271631,-0.01038471,TREMOR,f50d836cae05
1777351063095,10905290118146,0.82360536,1.508347,9.615114,0.020158553,0.025045475,-0.005497787,TREMOR,f50d836cae05
1777351063103,10905298113838,0.8475474,1.6591818,9.847352,-0.0030543262,0.004886922,0.0,TREMOR,f50d836cae05
1777351063111,10905306109606,0.93134445,1.6807296,9.940725,-0.02076942,-0.021380283,0.005497787,TREMOR,f50d836cae05
1777351063119,10905314104914,1.1755531,1.3311762,9.785102,-0.016493361,-0.021991149,0.018936822,TREMOR,f50d836cae05
1777351063127,10905322099067,1.0103531,1.0055647,9.696517,-0.004276057,-0.0018325958,0.009162978,TREMOR,f50d836cae05
1777351063135,10905330095450,0.641646,0.94810385,9.682152,0.004886922,0.017715093,-0.0012217305,TREMOR,f50d836cae05
1777351063143,10905338092988,0.521936,1.0103531,9.672575,0.016493361,0.04153884,-6.1086525E-4,TREMOR,f50d836cae05
1777351063151,10905346119679,0.60333884,1.1228806,9.813833,0.020158553,0.043982297,0.004886922,TREMOR,f50d836cae05
1777351063159,10905354114217,0.7278373,1.2976574,10.014946,0.015882496,-0.0030543262,0.004276057,TREMOR,f50d836cae05
1777351063167,10905362108292,0.79966336,1.3718776,10.06283,0.01160644,-0.019547688,0.004276057,TREMOR,f50d836cae05
1777351063175,10905370103446,0.7589619,1.3670892,9.9790325,0.008552114,-0.004886922,0.002443461,TREMOR,f50d836cae05
1777351063183,10905378099061,0.6512229,1.30484,9.856929,0.0030543262,0.021380283,0.0018325958,TREMOR,f50d836cae05
1777351063191,10905386097906,0.581791,1.079785,9.868899,-0.009162978,0.019547688,0.0018325958,TREMOR,f50d836cae05
1777351063199,10905394091982,0.40222588,1.0654198,10.007763,-0.022602014,0.0018325958,-0.01038471,TREMOR,f50d836cae05
1777351063207,10905402116904,0.5315128,1.2617443,10.000581,-0.012217305,-0.0036651916,-0.0067195175,TREMOR,f50d836cae05
1777351063215,10905410115134,0.8283938,1.3431472,9.746795,0.0061086523,-0.02443461,6.1086525E-4,TREMOR,f50d836cae05
1777351063223,10905418109288,0.92176765,1.3623008,9.61272,0.002443461,-0.040317107,-0.0030543262,TREMOR,f50d836cae05
1777351063231,10905426106133,0.9600749,1.2976574,9.605537,-0.009162978,-0.029932396,-0.004886922,TREMOR,f50d836cae05
1777351063239,10905434099132,1.0031705,1.2545617,9.753978,-0.017104227,0.007330383,-0.0012217305,TREMOR,f50d836cae05
1777351063247,10905442094746,0.842759,1.3215994,9.900024,-0.009162978,0.016493361,-0.008552114,TREMOR,f50d836cae05
1777351063255,10905450091438,0.6967127,1.4077905,9.878476,0.0030543262,0.01282817,-0.01160644,TREMOR,f50d836cae05
1777351063263,10905458087667,0.80684596,1.4580688,9.864111,0.012217305,0.008552114,-0.0018325958,TREMOR,f50d836cae05
1777351063271,10905466112051,0.91219085,1.6352397,9.876082,6.1086525E-4,-0.012217305,0.0036651916,TREMOR,f50d836cae05
1777351063279,10905474109513,1.0103531,1.553837,9.737218,-0.004276057,-0.035430185,0.009773844,TREMOR,f50d836cae05
1777351063287,10905482104588,0.9840169,1.2210429,9.607931,0.0,-0.012217305,0.009773844,TREMOR,f50d836cae05
1777351063295,10905490100587,0.78050977,1.1540052,9.701305,0.0012217305,0.02565634,0.005497787,TREMOR,f50d836cae05
1777351063303,10905498095740,0.6344634,1.163582,9.816227,0.0061086523,0.04520403,0.0030543262,TREMOR,f50d836cae05
1777351063311,10905506091739,0.5554548,1.1755531,9.876082,0.010995574,0.02687807,0.0030543262,TREMOR,f50d836cae05
1777351063319,10905514117277,0.62488663,1.1875241,9.938332,0.008552114,6.1086525E-4,0.005497787,TREMOR,f50d836cae05
1777351063327,10905522111738,0.7589619,1.2593501,9.967062,0.0061086523,-0.017104227,0.008552114,TREMOR,f50d836cae05
1777351063335,10905530109276,0.82360536,1.30484,9.911995,0.005497787,-0.015271631,0.005497787,TREMOR,f50d836cae05
1777351063343,10905538103121,0.770933,1.340753,9.813833,0.0061086523,0.007330383,6.1086525E-4,TREMOR,f50d836cae05
1777351063351,10905546100043,0.6775591,1.3000516,9.811439,0.0018325958,0.018936822,0.0018325958,TREMOR,f50d836cae05
1777351063359,10905554094504,0.62488663,1.2138603,9.835381,-0.007941248,0.015271631,0.002443461,TREMOR,f50d836cae05
1777351063367,10905562091657,0.6703765,1.1683705,9.866506,-0.01160644,-6.1086525E-4,0.0012217305,TREMOR,f50d836cae05
1777351063375,10905570085579,0.641646,1.127669,9.832987,-0.009162978,-0.010995574,-0.004886922,TREMOR,f50d836cae05
1777351063383,10905578111425,0.6607997,1.2761095,9.878476,-0.01160644,0.0036651916,-0.007330383,TREMOR,f50d836cae05
1777351063391,10905586107655,0.7733272,1.2856863,9.818622,-0.0061086523,-0.005497787,0.0,TREMOR,f50d836cae05
1777351063399,10905594105500,0.90979666,1.271321,9.679757,0.0012217305,-0.02321288,-0.0012217305,TREMOR,f50d836cae05
1777351063407,10905602100268,0.92176765,1.3096284,9.6845455,0.0,-0.02443461,-0.0030543262,TREMOR,f50d836cae05
1777351063415,10905610095729,0.91937345,1.2904748,9.706094,-0.0012217305,-0.013439035,-0.004276057,TREMOR,f50d836cae05
1777351063423,10905618089497,0.8451532,1.1875241,9.80665,-0.007941248,0.016493361,-0.004276057,TREMOR,f50d836cae05
1777351063431,10905626115651,0.60573304,1.2904748,10.048465,-0.012217305,0.021380283,-0.009162978,TREMOR,f50d836cae05
1777351063439,10905634113881,0.58418524,1.4700398,9.993398,0.0,0.009773844,-0.007941248,TREMOR,f50d836cae05
1777351063447,10905642107341,0.82599956,1.5634137,9.7803135,0.016493361,0.0012217305,0.0018325958,TREMOR,f50d836cae05
1777351063455,10905650103725,0.9552865,1.6591818,9.7563715,-0.0018325958,-0.019547688,0.007330383,TREMOR,f50d836cae05
1777351063463,10905658099339,1.0534488,1.5610195,9.751583,-0.019547688,-0.03481932,0.01160644,TREMOR,f50d836cae05
1777351063471,10905666093569,0.9576807,1.2090719,9.655815,-0.018936822,-0.010995574,0.009162978,TREMOR,f50d836cae05
1777351063479,10905674090799,0.7254431,1.0726024,9.64145,-0.004276057,0.022602014,0.002443461,TREMOR,f50d836cae05
1777351063487,10905682115414,0.59855044,1.1085154,9.586384,0.014660766,0.035430185,0.0012217305,TREMOR,f50d836cae05
1777351063495,10905690113490,0.6536171,1.2090719,9.725247,0.018936822,0.019547688,0.0012217305,TREMOR,f50d836cae05
1777351063503,10905698106489,0.7230489,1.2641385,9.895236,0.010995574,-0.007941248,0.004886922,TREMOR,f50d836cae05
1777351063511,10905706103334,0.79248077,1.2665327,10.036493,0.004276057,-0.010995574,0.004886922,TREMOR,f50d836cae05
1777351063519,10905714099718,0.8379706,1.2785037,10.036493,0.004276057,-0.002443461,0.005497787,TREMOR,f50d836cae05
1777351063527,10905722093794,0.7613561,1.3335704,9.940725,0.007330383,0.014660766,0.0012217305,TREMOR,f50d836cae05
1777351063535,10905730088640,0.6392518,1.3455414,9.904813,0.0018325958,0.016493361,0.0,TREMOR,f50d836cae05
1777351063543,10905738118101,0.581791,1.2593501,9.866506,-0.008552114,0.008552114,6.1086525E-4,TREMOR,f50d836cae05
1777351063551,10905746111023,0.641646,1.2210429,9.818622,-0.012217305,-0.0030543262,0.0018325958,TREMOR,f50d836cae05
1777351063559,10905754108637,0.7613561,1.2234371,9.703699,-0.01038471,-0.01160644,0.0030543262,TREMOR,f50d836cae05
1777351063567,10905762103098,0.8283938,1.1779473,9.617508,-0.0018325958,-0.014049901,0.0018325958,TREMOR,f50d836cae05
1777351063575,10905770097789,0.8379706,1.0845734,9.617508,-0.0067195175,-6.1086525E-4,-6.1086525E-4,TREMOR,f50d836cae05
1777351063583,10905778093173,0.7733272,1.1085154,9.80665,-0.012217305,0.009773844,-0.004276057,TREMOR,f50d836cae05
1777351063591,10905786090403,0.770933,1.2258313,9.895236,0.0,0.0061086523,-0.004886922,TREMOR,f50d836cae05
1777351063599,10905794116248,0.79008657,1.3479356,9.892841,0.012217305,-0.0061086523,-0.0067195175,TREMOR,f50d836cae05
1777351063607,10905802113478,0.80924016,1.4508862,9.895236,0.007330383,-0.0067195175,-0.0061086523,TREMOR,f50d836cae05
1777351063615,10905810106708,0.7757214,1.4532804,9.878476,-6.1086525E-4,-0.007330383,-0.002443461,TREMOR,f50d836cae05
1777351063623,10905818102399,0.7517793,1.376666,9.816227,-0.004276057,-0.005497787,-0.0018325958,TREMOR,f50d836cae05
1777351063631,10905826097783,0.7661445,1.3551182,9.782708,-0.004276057,-0.0012217305,-0.0012217305,TREMOR,f50d836cae05
1777351063639,10905834093245,0.7517793,1.4030021,9.76116,-6.1086525E-4,0.0018325958,6.1086525E-4,TREMOR,f50d836cae05
1777351063647,10905842088321,0.80684596,1.541866,9.8042555,-0.0012217305,0.002443461,0.0018325958,TREMOR,f50d836cae05
1777351063655,10905850115396,0.92176765,1.5298948,9.698911,0.0018325958,-0.005497787,0.005497787,TREMOR,f50d836cae05
1777351063663,10905858111703,0.92416185,1.400608,9.696517,-0.0036651916,-0.010995574,0.007330383,TREMOR,f50d836cae05
1777351063671,10905866106395,0.79966336,1.2425907,9.67018,-0.0067195175,-0.009773844,0.004276057,TREMOR,f50d836cae05
1777351063679,10905874100547,0.7733272,1.1061212,9.615114,0.007330383,0.014049901,0.0061086523,TREMOR,f50d836cae05
1777351063687,10905882097162,0.79008657,1.0965444,9.742006,0.01282817,0.030543262,0.007330383,TREMOR,f50d836cae05
1777351063695,10905890094162,0.79008657,1.115698,9.940725,0.010995574,0.016493361,0.0067195175,TREMOR,f50d836cae05
1777351063703,10905898089545,0.7733272,1.163582,10.081984,0.008552114,-6.1086525E-4,0.0012217305,TREMOR,f50d836cae05
1777351063711,10905906116006,0.6775591,1.2952632,10.132261,0.0030543262,0.009162978,-0.002443461,TREMOR,f50d836cae05
1777351063719,10905914109774,0.59615624,1.30484,9.998186,0.0030543262,0.016493361,0.0,TREMOR,f50d836cae05
1777351063727,10905922105850,0.59855044,1.1611878,9.885659,-0.007330383,0.009773844,0.002443461,TREMOR,f50d836cae05
1777351063735,10905930101772,0.581791,1.1180922,9.82341,-0.017715093,-0.015271631,0.0,TREMOR,f50d836cae05
1777351063743,10905938099617,0.6344634,1.2521675,9.797073,-0.02076942,-0.019547688,-0.004886922,TREMOR,f50d836cae05
1777351063751,10905946093771,0.79008657,1.3503298,9.679757,-0.0030543262,-0.015271631,0.0,TREMOR,f50d836cae05
1777351063759,10905954089540,0.8858546,1.3311762,9.526528,0.0061086523,-0.019547688,-0.002443461,TREMOR,f50d836cae05
1777351063767,10905962114385,0.8762778,1.3551182,9.631873,0.0,-0.007330383,-0.0036651916,TREMOR,f50d836cae05
1777351063775,10905970109461,0.8810662,1.2761095,9.768343,-0.009773844,0.0030543262,-6.1086525E-4,TREMOR,f50d836cae05
1777351063783,10905978106690,0.81642276,1.1971009,9.892841,-0.01038471,0.004886922,-0.0018325958,TREMOR,f50d836cae05
1777351063791,10905986103689,0.6847417,1.1731589,9.923966,-6.1086525E-4,0.0,-0.007941248,TREMOR,f50d836cae05
1777351063799,10905994098766,0.7517793,1.3000516,9.983821,0.0061086523,6.1086525E-4,-0.002443461,TREMOR,f50d836cae05
1777351063807,10906002093535,0.79966336,1.4748282,9.907207,0.012217305,0.0,-0.0012217305,TREMOR,f50d836cae05
1777351063815,10906010119688,0.8379706,1.6017209,9.801862,0.01160644,-0.01038471,-6.1086525E-4,TREMOR,f50d836cae05
1777351063823,10906018115302,1.0271125,1.6208745,9.773131,-0.004276057,-0.009773844,0.012217305,TREMOR,f50d836cae05
1777351063831,10906026110993,1.0582372,1.4221559,9.775525,-0.014049901,-0.01038471,0.010995574,TREMOR,f50d836cae05
1777351063839,10906034107992,0.7445967,1.2138603,9.739613,-0.009773844,0.004276057,0.0012217305,TREMOR,f50d836cae05
1777351063847,10906042100914,0.5793968,1.1611878,9.696517,-6.1086525E-4,0.02687807,0.0018325958,TREMOR,f50d836cae05
1777351063855,10906050095991,0.5267244,1.1827357,9.667787,0.012217305,0.036651913,0.0061086523,TREMOR,f50d836cae05
1777351063863,10906058091606,0.6488287,1.2330139,9.787497,0.010995574,0.0012217305,0.005497787,TREMOR,f50d836cae05
1777351063871,10906066117836,0.8403648,1.3239936,9.902418,0.005497787,-0.023823744,0.0067195175,TREMOR,f50d836cae05
1777351063879,10906074115065,0.9528923,1.3335704,9.921572,0.0036651916,-0.02076942,0.0061086523,TREMOR,f50d836cae05
1777351063887,10906082112218,0.82360536,1.2545617,9.89763,0.0018325958,0.0067195175,6.1086525E-4,TREMOR,f50d836cae05
1777351063895,10906090106448,0.6775591,1.1779473,9.933543,-0.008552114,0.03176499,-0.002443461,TREMOR,f50d836cae05
1777351063903,10906098100294,0.47644615,1.055843,9.940725,-0.009773844,0.013439035,-0.007941248,TREMOR,f50d836cae05
1777351063911,10906106099370,0.4285621,1.0989386,9.861717,-0.0061086523,0.002443461,-0.008552114,TREMOR,f50d836cae05
1777351063919,10906114093754,0.6967127,1.2641385,9.878476,-0.004276057,-0.004276057,-0.0012217305,TREMOR,f50d836cae05
1777351063927,10906122087599,0.89782566,1.3862427,9.751583,-6.1086525E-4,-0.036651913,0.0,TREMOR,f50d836cae05
1777351063935,10906130114983,0.93134445,1.3335704,9.653421,-0.0012217305,-0.034208454,-0.0030543262,TREMOR,f50d836cae05
1777351063943,10906138109828,0.89782566,1.2401965,9.65821,-0.007330383,-6.1086525E-4,-0.0018325958,TREMOR,f50d836cae05
1777351063951,10906146103981,0.866701,1.2808979,9.835381,-0.013439035,0.025045475,-0.0018325958,TREMOR,f50d836cae05
1777351063959,10906154100211,0.6560113,1.3072342,9.876082,-0.0061086523,0.015882496,-0.012217305,TREMOR,f50d836cae05
1777351063967,10906162095672,0.59136784,1.4197617,9.801862,0.014049901,0.0018325958,-0.008552114,TREMOR,f50d836cae05
1777351063975,10906170094440,0.842759,1.6448165,9.837775,0.014049901,0.004886922,0.004886922,TREMOR,f50d836cae05
1777351063983,10906178117439,1.103727,1.685518,9.801862,0.0030543262,-0.02565634,0.009773844,TREMOR,f50d836cae05
1777351063991,10906186114977,1.1994951,1.3862427,9.7324295,-0.010995574,-0.04337143,0.014049901,TREMOR,f50d836cae05
1777351063999,10906194110976,0.866701,1.0869676,9.85214,-0.02321288,-0.002443461,0.007330383,TREMOR,f50d836cae05
1777351064007,10906202104283,0.5722142,1.0103531,9.885659,-0.0061086523,0.047647487,0.0,TREMOR,f50d836cae05
1777351064015,10906210100513,0.46208093,1.0414777,9.782708,0.014660766,0.04153884,6.1086525E-4,TREMOR,f50d836cae05
1777351064023,10906218095666,0.5626374,1.2401965,9.758766,0.019547688,0.009773844,0.0012217305,TREMOR,f50d836cae05
1777351064031,10906226090973,0.82121116,1.388637,9.77792,0.017104227,-0.023823744,0.004886922,TREMOR,f50d836cae05
1777351064039,10906234119587,0.91458505,1.340753,9.782708,0.007330383,-0.02076942,0.004276057,TREMOR,f50d836cae05
1777351064047,10906242112586,0.90021986,1.2761095,9.890448,-0.010995574,0.014660766,0.0036651916,TREMOR,f50d836cae05
1777351064055,10906250109739,0.6775591,1.1971009,10.096349,-0.02321288,0.032986723,-0.0018325958,TREMOR,f50d836cae05
1777351064063,10906258104201,0.46926352,1.0726024,10.024523,-0.02321288,0.002443461,-0.004886922,TREMOR,f50d836cae05
1777351064071,10906266099969,0.5554548,1.1659763,9.880871,-0.0067195175,-0.0012217305,-0.0067195175,TREMOR,f50d836cae05
1777351064079,10906274096891,0.79008657,1.376666,9.694122,0.014049901,-0.009162978,0.0012217305,TREMOR,f50d836cae05
1777351064087,10906282092505,0.8379706,1.3814543,9.454702,0.017715093,-0.03481932,-0.0018325958,TREMOR,f50d836cae05
1777351064095,10906290117427,0.81402856,1.2761095,9.598354,-0.004886922,-0.015271631,-0.004886922,TREMOR,f50d836cae05
1777351064103,10906298112580,0.8690952,1.1731589,9.900024,-0.026267206,0.01038471,0.002443461,TREMOR,f50d836cae05
1777351064111,10906306108196,0.78050977,1.13964,10.0269165,-0.02076942,0.01038471,0.0012217305,TREMOR,f50d836cae05
1777351064119,10906314105118,0.62009823,1.2234371,9.888053,0.013439035,-0.007330383,-0.014660766,TREMOR,f50d836cae05
1777351064127,10906322099655,0.7613561,1.553837,9.746795,0.032986723,6.1086525E-4,-0.005497787,TREMOR,f50d836cae05
1777351064135,10906330096577,0.9576807,1.7262194,9.65821,0.03176499,-6.1086525E-4,0.0012217305,TREMOR,f50d836cae05
1777351064143,10906338090653,1.1228806,1.5777789,9.667787,0.010995574,-0.021991149,0.009773844,TREMOR,f50d836cae05
1777351064151,10906346117729,1.0845734,1.3144168,9.868899,-0.022602014,-0.015271631,0.009773844,TREMOR,f50d836cae05
1777351064159,10906354114344,0.8523358,1.1731589,10.031705,-0.021380283,0.02565634,0.004276057,TREMOR,f50d836cae05
1777351064167,10906362109728,0.5410896,1.1085154,10.031705,-0.0018325958,0.052534413,6.1086525E-4,TREMOR,f50d836cae05
1777351064175,10906370106420,0.37828386,1.1540052,9.892841,0.01282817,0.04520403,-0.004276057,TREMOR,f50d836cae05
1777351064183,10906378101496,0.5291186,1.2952632,9.696517,0.015882496,0.0030543262,0.0,TREMOR,f50d836cae05
1777351064191,10906386096802,0.7541735,1.3862427,9.629479,0.0012217305,-0.036651913,0.005497787,TREMOR,f50d836cae05
1777351064199,10906394091647,0.91697925,1.3599066,9.715671,-0.014660766,-0.031154128,0.007330383,TREMOR,f50d836cae05
1777351064207,10906402085723,0.90979666,1.1827357,9.859323,-0.020158553,-0.005497787,0.007330383,TREMOR,f50d836cae05
1777351064215,10906410111954,0.8331822,1.0821792,9.945514,-0.013439035,0.02321288,6.1086525E-4,TREMOR,f50d836cae05
1777351064223,10906418110338,0.59615624,1.103727,9.94312,0.004886922,0.025045475,-0.007330383,TREMOR,f50d836cae05
1777351064231,10906426103337,0.50038815,1.2258313,9.792285,0.015271631,0.0018325958,-0.009773844,TREMOR,f50d836cae05
1777351064239,10906434098720,0.6703765,1.271321,9.655815,0.013439035,-0.016493361,-0.0030543262,TREMOR,f50d836cae05
1777351064247,10906442094643,0.8738836,1.2234371,9.710882,0.0036651916,-0.019547688,6.1086525E-4,TREMOR,f50d836cae05
1777351064255,10906450091026,0.90979666,1.2330139,9.892841,-0.009773844,-0.015882496,0.0,TREMOR,f50d836cae05
1777351064263,10906458117487,0.81881696,1.2593501,9.933543,-0.0030543262,-0.0012217305,-0.004886922,TREMOR,f50d836cae05
1777351064271,10906466113410,0.7445967,1.352724,9.935937,0.007941248,0.017715093,-0.007941248,TREMOR,f50d836cae05
1777351064279,10906474107024,0.7398083,1.5107412,9.825804,0.016493361,0.010995574,-0.0067195175,TREMOR,f50d836cae05
1777351064287,10906482104562,0.78529817,1.6184803,9.751583,0.018936822,-0.004276057,-0.0036651916,TREMOR,f50d836cae05
1777351064295,10906490100484,0.9672575,1.6807296,9.76116,-6.1086525E-4,-0.009773844,0.0061086523,TREMOR,f50d836cae05
1777351064303,10906498094637,1.0606314,1.5610195,9.842564,-0.016493361,-0.01160644,0.01038471,TREMOR,f50d836cae05
1777351064311,10906506089482,0.8475474,1.2425907,9.880871,-0.021991149,6.1086525E-4,0.0061086523,TREMOR,f50d836cae05
1777351064319,10906514117482,0.59855044,1.0941502,9.892841,-0.015271631,0.023823744,-6.1086525E-4,TREMOR,f50d836cae05
1777351064327,10906522111327,0.51954174,1.0175357,9.8042555,-0.0012217305,0.03359759,0.0,TREMOR,f50d836cae05
1777351064335,10906530107326,0.5650316,1.0726024,9.696517,0.01038471,6.1086525E-4,0.002443461,TREMOR,f50d836cae05
1777351064343,10906538103556,0.6991069,1.2042835,9.67018,0.0067195175,-0.026267206,0.0036651916,TREMOR,f50d836cae05
1777351064351,10906546099324,0.92176765,1.30484,9.734824,0.0036651916,-0.025045475,0.0067195175,TREMOR,f50d836cae05
1777351064359,10906554095246,0.9840169,1.2976574,9.844957,0.0,-6.1086525E-4,0.004276057,TREMOR,f50d836cae05
1777351064367,10906562091630,0.80924016,1.2952632,9.931149,0.0012217305,0.017715093,0.0012217305,TREMOR,f50d836cae05
1777351064375,10906570116784,0.6823475,1.364695,9.921572,0.009162978,0.02565634,-6.1086525E-4,TREMOR,f50d836cae05
1777351064383,10906578112244,0.6631939,1.3599066,9.799467,0.015271631,0.013439035,0.0030543262,TREMOR,f50d836cae05
1777351064391,10906586108859,0.7445967,1.292869,9.722853,0.01038471,-0.0030543262,0.004886922,TREMOR,f50d836cae05
1777351064399,10906594105473,0.7541735,1.1611878,9.775525,-0.004886922,-0.013439035,0.004886922,TREMOR,f50d836cae05
1777351064407,10906602099549,0.7230489,1.0175357,9.938332,-0.018936822,-0.004886922,-6.1086525E-4,TREMOR,f50d836cae05
1777351064415,10906610095856,0.5434838,1.1348516,10.019734,-0.009773844,0.014049901,-0.01038471,TREMOR,f50d836cae05
1777351064423,10906618089471,0.581791,1.2952632,9.892841,0.007330383,0.027488936,-0.0061086523,TREMOR,f50d836cae05
1777351064431,10906626117393,0.81881696,1.3479356,9.911995,0.005497787,0.0030543262,-6.1086525E-4,TREMOR,f50d836cae05
1777351064439,10906634111854,0.82360536,1.3623008,9.878476,-0.01160644,-0.042760566,-0.0061086523,TREMOR,f50d836cae05
1777351064447,10906642108468,0.81642276,1.2210429,9.696517,-0.014049901,-0.03848451,-0.004276057,TREMOR,f50d836cae05
1777351064455,10906650102083,0.91458505,1.0319009,9.564836,-0.009162978,-0.0018325958,0.002443461,TREMOR,f50d836cae05
1777351064463,10906658099312,0.80445176,1.103727,9.883265,-0.015882496,0.021380283,-0.004886922,TREMOR,f50d836cae05
1777351064471,10906666095235,0.5746084,1.4628572,10.117896,-0.008552114,0.009773844,-0.018936822,TREMOR,f50d836cae05
1777351064479,10906674088850,0.6464345,1.6184803,9.6845455,0.036651913,0.0067195175,-0.004276057,TREMOR,f50d836cae05
1777351064487,10906682115234,0.9935937,1.6017209,9.662998,0.023823744,0.02565634,0.007330383,TREMOR,f50d836cae05
1777351064495,10906690110694,1.0055647,1.6184803,9.902418,-0.015882496,-0.02321288,0.0030543262,TREMOR,f50d836cae05
1777351064503,10906698107847,0.8858546,1.4987702,9.816227,-0.030543262,-0.053145275,0.0061086523,TREMOR,f50d836cae05
1777351064511,10906706102384,0.8619126,1.3934253,9.677363,-0.018325957,0.005497787,0.0061086523,TREMOR,f50d836cae05
1777351064519,10906714098999,0.94092125,1.3263878,9.598354,0.0036651916,0.03481932,0.015882496,TREMOR,f50d836cae05
1777351064527,10906722093459,0.79726917,1.2449849,9.720459,-0.0036651916,0.0012217305,0.005497787,TREMOR,f50d836cae05
1777351064535,10906730090998,0.61770403,1.0989386,9.787497,-0.008552114,-0.030543262,-6.1086525E-4,TREMOR,f50d836cae05
1777351064543,10906738116843,0.6655881,0.9840169,9.78989,-0.004276057,-0.007941248,0.005497787,TREMOR,f50d836cae05
1777351064551,10906746112150,0.7469909,1.0654198,9.871294,0.014660766,0.028710667,0.01038471,TREMOR,f50d836cae05
1777351064559,10906754107303,0.7517793,1.2282255,9.864111,0.030543262,0.018325957,0.004276057,TREMOR,f50d836cae05
1777351064567,10906762102071,0.770933,1.3551182,9.880871,0.03176499,0.008552114,0.0,TREMOR,f50d836cae05
1777351064575,10906770097685,0.7733272,1.3814543,9.962274,0.017715093,0.01160644,0.0,TREMOR,f50d836cae05
1777351064583,10906778094301,0.7134721,1.1923125,10.0269165,0.0,0.015882496,6.1086525E-4,TREMOR,f50d836cae05
1777351064591,10906786090607,0.5267244,1.0247183,10.09156,-0.013439035,0.018325957,-0.008552114,TREMOR,f50d836cae05
1777351064599,10906794117453,0.2657564,1.1755531,10.005369,-0.017104227,0.021991149,-0.01160644,TREMOR,f50d836cae05
1777351064607,10906802109990,0.5674258,1.3718776,10.058042,-0.02565634,0.0061086523,6.1086525E-4,TREMOR,f50d836cae05
1777351064615,10906810106912,0.7398083,1.3335704,9.725247,-0.017104227,-0.05497787,6.1086525E-4,TREMOR,f50d836cae05
1777351064623,10906818104450,1.0151415,1.2330139,9.406818,0.0030543262,-0.06536258,-0.0012217305,TREMOR,f50d836cae05
1777351064631,10906826098602,1.1707647,1.3718776,9.397242,0.007941248,-0.01282817,0.0,TREMOR,f50d836cae05
1777351064639,10906834094910,0.9600749,1.4197617,9.65821,-0.0067195175,0.012217305,-0.008552114,TREMOR,f50d836cae05
1777351064647,10906842089755,0.62967503,1.1300632,9.809045,-0.01160644,0.020158553,-0.012217305,TREMOR,f50d836cae05
1777351064655,10906850114985,0.6392518,1.1204864,10.096349,-0.014660766,0.034208454,-0.004276057,TREMOR,f50d836cae05
1777351064663,10906858110984,0.7062895,1.472434,10.070012,0.014049901,0.005497787,-0.004886922,TREMOR,f50d836cae05
1777351064671,10906866105752,0.8523358,1.6304513,9.751583,0.031154128,-0.025045475,0.0030543262,TREMOR,f50d836cae05
1777351064679,10906874102598,1.1204864,1.7717092,9.787497,0.010995574,-0.018936822,0.010995574,TREMOR,f50d836cae05
1777351064687,10906882098598,1.2449849,1.541866,9.835381,-0.018936822,-0.028099801,0.018325957,TREMOR,f50d836cae05
1777351064695,10906890093366,0.842759,1.1013328,9.842564,-0.034208454,-0.017715093,0.008552114,TREMOR,f50d836cae05
1777351064703,10906898089750,0.47165772,0.94570965,9.737218,-0.008552114,0.035430185,-0.0012217305,TREMOR,f50d836cae05
1777351064711,10906906115210,0.45489833,0.9576807,9.581595,0.021380283,0.05681047,0.004886922,TREMOR,f50d836cae05
1777351064719,10906914111517,0.62249243,1.2378023,9.665392,0.028099801,0.028710667,0.0036651916,TREMOR,f50d836cae05
1777351064727,10906922105747,0.7637503,1.4772224,9.768343,0.02443461,-0.027488936,0.0030543262,TREMOR,f50d836cae05
1777351064735,10906930102284,0.9935937,1.448492,9.859323,0.012217305,-0.02565634,0.009162978,TREMOR,f50d836cae05
1777351064743,10906938097976,0.9744401,1.3000516,10.0029745,0.0,0.016493361,0.01038471,TREMOR,f50d836cae05
1777351064751,10906946092437,0.7062895,1.1899183,10.108319,-0.005497787,0.037873644,-6.1086525E-4,TREMOR,f50d836cae05
1777351064759,10906954089359,0.47165772,1.1803415,10.053253,-0.004886922,0.028099801,-0.0036651916,TREMOR,f50d836cae05
1777351064767,10906962114281,0.557849,1.1348516,9.885659,-0.0012217305,0.01038471,-6.1086525E-4,TREMOR,f50d836cae05
1777351064775,10906970110357,0.62009823,1.0103531,9.859323,-0.016493361,-0.012217305,-6.1086525E-4,TREMOR,f50d836cae05
1777351064783,10906978107510,0.51714754,1.1659763,9.986216,-0.025045475,-0.014660766,-0.013439035,TREMOR,f50d836cae05
1777351064791,10906986102279,0.82599956,1.3575124,9.861717,-0.009773844,-0.012217305,-0.0012217305,TREMOR,f50d836cae05
1777351064799,10906994098047,0.89064306,1.3479356,9.519346,0.01160644,-0.022602014,-0.002443461,TREMOR,f50d836cae05
1777351064807,10907002093662,0.90261406,1.3551182,9.471462,0.0067195175,-0.02565634,-0.007330383,TREMOR,f50d836cae05
1777351064815,10907010087584,1.0055647,1.3072342,9.622296,-0.009773844,-0.01038471,6.1086525E-4,TREMOR,f50d836cae05
1777351064823,10907018115583,0.92895025,1.2306197,9.861717,-0.01282817,0.009773844,-0.0036651916,TREMOR,f50d836cae05
1777351064831,10907026109736,0.7062895,1.2378023,9.991004,-0.0036651916,0.018936822,-0.009162978,TREMOR,f50d836cae05
1777351064839,10907034106966,0.61291564,1.2880806,10.01734,0.009162978,0.019547688,-0.0067195175,TREMOR,f50d836cae05
1777351064847,10907042100504,0.7278373,1.5610195,10.0341,0.013439035,0.01038471,0.0012217305,TREMOR,f50d836cae05
1777351064855,10907050096426,0.9504981,1.7166426,9.902418,0.009773844,-0.013439035,0.010995574,TREMOR,f50d836cae05
1777351064863,10907058093118,1.1324574,1.5035586,9.720459,-0.004276057,-0.026267206,0.018325957,TREMOR,f50d836cae05
1777351064871,10907066087270,0.92176765,1.2904748,9.825804,-0.029932396,-0.004276057,0.007330383,TREMOR,f50d836cae05
1777351064879,10907074115192,0.5602432,1.0390835,9.742006,-0.030543262,0.009162978,0.0030543262,TREMOR,f50d836cae05
1777351064887,10907082109345,0.45968673,1.0390835,9.56723,0.004886922,0.02321288,0.002443461,TREMOR,f50d836cae05
1777351064895,10907090104730,0.6895301,1.2234371,9.557653,0.02321288,0.025045475,0.007941248,TREMOR,f50d836cae05
1777351064903,10907098102883,0.878672,1.3599066,9.689334,0.021991149,-0.007941248,0.009773844,TREMOR,f50d836cae05
1777351064911,10907106095497,0.90740246,1.2904748,9.907207,0.007330383,-0.020158553,0.005497787,TREMOR,f50d836cae05
1777351064919,10907114092189,0.7685388,1.2569559,10.125079,-0.014049901,0.008552114,0.0012217305,TREMOR,f50d836cae05
1777351064927,10907122088418,0.6751649,1.1755531,10.127473,-0.013439035,0.022602014,0.0018325958,TREMOR,f50d836cae05
1777351064935,10907130114879,0.5386954,1.0702082,10.014946,-0.005497787,0.014660766,-0.0030543262,TREMOR,f50d836cae05
1777351064943,10907138108493,0.44771573,1.1420342,9.85214,0.004276057,-6.1086525E-4,-0.007941248,TREMOR,f50d836cae05
1777351064951,10907146105109,0.7517793,1.364695,9.854534,0.0012217305,0.004276057,-0.004886922,TREMOR,f50d836cae05
1777351064959,10907154100492,0.8355764,1.3335704,9.744401,-0.0012217305,-0.027488936,-0.002443461,TREMOR,f50d836cae05
1777351064967,10907162096491,0.80205756,1.2880806,9.648633,-0.005497787,-0.03604105,-0.004886922,TREMOR,f50d836cae05
1777351064975,10907170091183,0.89543146,1.292869,9.68694,-0.008552114,-0.005497787,0.0012217305,TREMOR,f50d836cae05
1777351064983,10907178087797,0.93613285,1.3120226,9.662998,-6.1086525E-4,0.0061086523,0.0030543262,TREMOR,f50d836cae05
1777351064991,10907186112719,0.79966336,1.2449849,9.660604,0.005497787,0.015882496,-0.0067195175,TREMOR,f50d836cae05
1777351064999,10907194108796,0.62249243,1.2138603,9.888053,-0.0012217305,0.014660766,-0.012217305,TREMOR,f50d836cae05
1777351065007,10907202105718,0.62488663,1.3982137,10.113108,-0.002443461,0.005497787,-0.007330383,TREMOR,f50d836cae05
1777351065015,10907210099486,0.7062895,1.541866,9.962274,0.01282817,-0.008552114,-0.0018325958,TREMOR,f50d836cae05
1777351065023,10907218096793,0.9552865,1.6232687,9.76116,0.018936822,-0.01282817,0.005497787,TREMOR,f50d836cae05
1777351065031,10907226091254,1.2378023,1.496376,9.830592,-0.009162978,-0.007941248,0.018325957,TREMOR,f50d836cae05
1777351065039,10907234118253,1.0414777,1.283292,9.933543,-0.028710667,-0.018325957,0.009162978,TREMOR,f50d836cae05
1777351065047,10907242112790,0.62249243,1.0366893,9.82341,-0.021991149,-0.0012217305,-0.002443461,TREMOR,f50d836cae05
1777351065055,10907250109636,0.51714754,1.055843,9.643845,0.004276057,0.040927973,0.002443461,TREMOR,f50d836cae05
1777351065063,10907258105328,0.62009823,1.271321,9.552865,0.029321533,0.037873644,0.007941248,TREMOR,f50d836cae05
1777351065071,10907266101634,0.7733272,1.376666,9.574412,0.028099801,-0.010995574,0.008552114,TREMOR,f50d836cae05
1777351065079,10907274094941,0.90740246,1.4077905,9.792285,0.007330383,-0.03359759,0.004886922,TREMOR,f50d836cae05
1777351065087,10907282090633,0.842759,1.3383588,10.058042,-0.017104227,-0.01038471,0.004276057,TREMOR,f50d836cae05
1777351065095,10907290117093,0.7254431,1.1971009,10.216059,-0.02443461,0.018325957,0.0030543262,TREMOR,f50d836cae05
1777351065103,10907298113093,0.59136784,1.0319009,10.0508585,-0.0030543262,0.022602014,-6.1086525E-4,TREMOR,f50d836cae05
1777351065111,10907306108784,0.63206923,1.0271125,9.909601,0.0061086523,0.008552114,-0.0012217305,TREMOR,f50d836cae05
1777351065119,10907314104707,0.47884035,1.2665327,9.928755,-0.0018325958,-0.002443461,-0.014049901,TREMOR,f50d836cae05
1777351065127,10907322100782,0.61052144,1.3790601,9.866506,-0.01038471,-0.013439035,-0.0067195175,TREMOR,f50d836cae05
1777351065135,10907330096705,0.866701,1.271321,9.61272,6.1086525E-4,-0.027488936,0.0036651916,TREMOR,f50d836cae05
1777351065143,10907338091165,0.9600749,1.2952632,9.593566,-0.0012217305,-0.019547688,-0.0012217305,TREMOR,f50d836cae05
1777351065151,10907346118241,0.9624691,1.3479356,9.651027,-0.004276057,-0.013439035,-6.1086525E-4,TREMOR,f50d836cae05
1777351065159,10907354113933,0.8331822,1.283292,9.591172,0.002443461,0.002443461,-0.004886922,TREMOR,f50d836cae05
1777351065167,10907362109009,0.6943185,1.2497733,9.751583,0.0018325958,0.027488936,-0.007330383,TREMOR,f50d836cae05
1777351065175,10907370105008,0.6775591,1.376666,9.993398,0.0067195175,0.015271631,-0.0018325958,TREMOR,f50d836cae05
1777351065183,10907378100700,0.7350199,1.6065093,9.998186,0.021991149,-0.004276057,0.0,TREMOR,f50d836cae05
1777351065191,10907386094929,1.0486604,1.6639702,9.770737,0.028099801,-0.008552114,0.012217305,TREMOR,f50d836cae05
1777351065199,10907394090005,1.1061212,1.472434,9.91439,-0.0012217305,-0.007941248,0.015271631,TREMOR,f50d836cae05
1777351065207,10907402117621,0.79726917,1.1947067,10.019734,-0.029932396,-0.009773844,0.007330383,TREMOR,f50d836cae05
1777351065215,10907410111851,0.5434838,1.0342951,9.849746,-0.015271631,0.017715093,0.002443461,TREMOR,f50d836cae05
1777351065223,10907418108465,0.5506664,1.0726024,9.65821,0.009773844,0.032986723,0.0067195175,TREMOR,f50d836cae05
1777351065231,10907426102310,0.6775591,1.2354081,9.615114,0.020158553,0.018325957,0.004276057,TREMOR,f50d836cae05
1777351065239,10907434099848,0.6344634,1.3742718,9.753978,0.008552114,-0.004276057,-0.0018325958,TREMOR,f50d836cae05
1777351065247,10907442096077,0.7326257,1.3479356,9.991004,-0.01160644,-0.013439035,0.0018325958,TREMOR,f50d836cae05
1777351065255,10907450091461,0.6943185,1.1923125,10.067618,-0.027488936,6.1086525E-4,-6.1086525E-4,TREMOR,f50d836cae05
1777351065263,10907458116153,0.5410896,1.0007763,10.031705,-0.021380283,0.002443461,-0.01038471,TREMOR,f50d836cae05
1777351065271,10907466111768,0.6679823,1.1563994,9.976639,-0.007330383,6.1086525E-4,-0.009162978,TREMOR,f50d836cae05
1777351065279,10907474108690,0.8571242,1.2593501,9.689334,0.009162978,-0.025045475,-6.1086525E-4,TREMOR,f50d836cae05
1777351065287,10907482102843,0.92895025,1.2856863,9.540894,0.008552114,-0.02687807,-0.0061086523,TREMOR,f50d836cae05
1777351065295,10907490098842,0.93852705,1.2785037,9.67018,-0.004886922,-0.0012217305,-0.004886922,TREMOR,f50d836cae05
1777351065303,10907498096072,0.89543146,1.2545617,9.797073,-0.01038471,0.01282817,6.1086525E-4,TREMOR,f50d836cae05
1777351065311,10907506089686,0.6823475,1.1755531,9.746795,0.0,0.019547688,-0.0067195175,TREMOR,f50d836cae05
1777351065319,10907514115224,0.56982,1.2641385,9.739613,0.010995574,0.015271631,-0.008552114,TREMOR,f50d836cae05
1777351065327,10907522111223,0.7661445,1.4700398,9.85214,0.021380283,-0.0018325958,0.0018325958,TREMOR,f50d836cae05
1777351065335,10907530108684,0.91219085,1.7477672,9.813833,0.029321533,-0.020158553,0.0030543262,TREMOR,f50d836cae05
1777351065343,10907538104068,1.2066777,1.745373,9.861717,0.018325957,-0.017104227,0.014049901,TREMOR,f50d836cae05
1777351065351,10907546098297,1.2090719,1.4939818,10.115502,-0.014049901,-0.0012217305,0.014660766,TREMOR,f50d836cae05
1777351065359,10907554095220,0.6536171,1.2138603,10.144233,-0.032375857,0.015271631,-6.1086525E-4,TREMOR,f50d836cae05
1777351065367,10907562089989,0.3184288,0.9959879,9.835381,-0.014660766,0.036651913,-6.1086525E-4,TREMOR,f50d836cae05
1777351065375,10907570116065,0.4309563,0.9816227,9.543288,0.009773844,0.034208454,0.007941248,TREMOR,f50d836cae05
1777351065383,10907578112448,0.7110779,1.127669,9.490616,0.017104227,-0.004276057,0.009162978,TREMOR,f50d836cae05
1777351065391,10907586106294,0.81642276,1.2689269,9.701305,0.004886922,-0.034208454,0.0,TREMOR,f50d836cae05
1777351065399,10907594103523,0.90740246,1.2378023,9.9790325,-0.02321288,-0.015882496,0.0030543262,TREMOR,f50d836cae05
1777351065407,10907602097676,0.7326257,1.1587936,10.132261,-0.028099801,0.013439035,-0.004886922,TREMOR,f50d836cae05
1777351065415,10907610095521,0.5626374,1.1420342,10.04607,-0.01038471,0.02687807,-0.010995574,TREMOR,f50d836cae05
1777351065423,10907618088675,0.79008657,1.2545617,9.902418,0.008552114,0.015882496,6.1086525E-4,TREMOR,f50d836cae05
1777351065431,10907626115136,0.78529817,1.3718776,9.627085,0.020158553,-0.036651913,-0.007330383,TREMOR,f50d836cae05
1777351065439,10907634112058,0.8331822,1.4030021,9.619903,0.004886922,-0.023823744,-0.0061086523,TREMOR,f50d836cae05
1777351065447,10907642108057,0.8643068,1.2545617,9.7324295,-0.012217305,0.0030543262,0.0,TREMOR,f50d836cae05
1777351065455,10907650102210,0.78290397,1.1420342,9.85214,-0.020158553,0.016493361,0.0,TREMOR,f50d836cae05
1777351065463,10907658098901,0.60333884,1.1324574,9.837775,-0.007330383,0.016493361,-0.007330383,TREMOR,f50d836cae05
1777351065471,10907666094286,0.60573304,1.340753,9.809045,0.02076942,-0.0018325958,-0.0061086523,TREMOR,f50d836cae05
1777351065479,10907674090516,0.7685388,1.6711528,9.739613,0.032986723,-0.017104227,-0.0012217305,TREMOR,f50d836cae05
1777351065487,10907682117284,1.1013328,1.9369092,9.710882,0.02687807,-0.01160644,0.007330383,TREMOR,f50d836cae05
1777351065495,10907690111744,1.3790601,1.6783354,9.844957,0.0036651916,-0.0061086523,0.021380283,TREMOR,f50d836cae05
1777351065503,10907698106282,1.0223241,1.2641385,10.170568,-0.03726278,-0.008552114,0.015271631,TREMOR,f50d836cae05
1777351065511,10907706104050,0.50757074,0.9983821,10.228029,-0.049480084,0.015882496,-0.0036651916,TREMOR,f50d836cae05
1777351065519,10907714098588,0.29209262,0.878672,9.876082,-0.012217305,0.040317107,0.0012217305,TREMOR,f50d836cae05
1777351065527,10907722094895,0.39743748,1.0989386,9.502586,0.028099801,0.035430185,0.0036651916,TREMOR,f50d836cae05
1777351065535,10907730089048,0.6488287,1.3215994,9.229648,0.043982297,-0.015882496,0.0036651916,TREMOR,f50d836cae05
1777351065543,10907738116047,1.0295067,1.340753,9.442732,0.007330383,-0.040317107,0.007941248,TREMOR,f50d836cae05
1777351065551,10907746110508,1.0869676,1.2234371,9.919178,-0.02565634,-0.017104227,0.002443461,TREMOR,f50d836cae05
1777351065559,10907754107199,0.7637503,1.1109096,10.242394,-0.029932396,0.01282817,-0.0036651916,TREMOR,f50d836cae05
1777351065567,10907762104660,0.40222588,1.0821792,10.251971,-0.008552114,0.04642576,-0.014660766,TREMOR,f50d836cae05
1777351065575,10907770097275,0.49081135,1.3359646,10.117896,0.01038471,0.03970624,-0.010995574,TREMOR,f50d836cae05
1777351065583,10907778093966,0.7422025,1.400608,9.832987,0.021380283,-0.017104227,0.0,TREMOR,f50d836cae05
1777351065591,10907786088119,0.79726917,1.3431472,9.519346,0.01282817,-0.061086524,-0.005497787,TREMOR,f50d836cae05
1777351065599,10907794116657,0.90740246,1.2689269,9.591172,-0.014049901,-0.037873644,0.0,TREMOR,f50d836cae05
1777351065607,10907802112040,0.93852705,1.1971009,9.7563715,-0.026267206,-6.1086525E-4,0.004276057,TREMOR,f50d836cae05
1777351065615,10907810107193,0.7302315,1.0726024,9.844957,-0.014049901,0.02687807,-0.007941248,TREMOR,f50d836cae05
1777351065623,10907818103115,0.56982,1.3000516,9.945514,0.004276057,0.025045475,-0.017104227,TREMOR,f50d836cae05
1777351065631,10907826098500,0.545878,1.6783354,9.560047,0.043982297,-0.010995574,-0.01282817,TREMOR,f50d836cae05
1777351065639,10907834092345,1.0175357,1.9512744,9.516952,0.05009095,0.0018325958,0.009773844,TREMOR,f50d836cae05
1777351065647,10907842089575,1.4389153,1.8267759,9.892841,0.008552114,-0.0012217305,0.015882496,TREMOR,f50d836cae05
1777351065655,10907850116651,1.2976574,1.364695,10.13705,-0.05131268,-0.054367006,0.018325957,TREMOR,f50d836cae05
1777351065663,10907858109650,0.78529817,0.94331545,10.287885,-0.06536258,-0.0030543262,0.0012217305,TREMOR,f50d836cae05
1777351065671,10907866104957,0.37588966,0.6655881,10.031705,-0.028710667,0.057421334,-6.1086525E-4,TREMOR,f50d836cae05
1777351065679,10907874104341,0.3184288,0.80684596,9.660604,0.020158553,0.069027774,0.0030543262,TREMOR,f50d836cae05
1777351065687,10907882098263,0.4165911,1.3192052,9.390059,0.043982297,0.015271631,-0.004886922,TREMOR,f50d836cae05
1777351065695,10907890093647,0.7062895,1.5897499,9.323022,0.03481932,-0.054367006,0.0030543262,TREMOR,f50d836cae05
1777351065703,10907898089569,1.1444284,1.4197617,9.490616,0.0061086523,-0.032986723,0.012217305,TREMOR,f50d836cae05
1777351065711,10907906114491,1.1348516,1.2258313,9.935937,-0.018325957,0.01038471,0.007941248,TREMOR,f50d836cae05
1777351065719,10907914110798,0.7661445,1.067814,10.225636,-0.02321288,0.032986723,-0.004276057,TREMOR,f50d836cae05
1777351065727,10907922107181,0.2825158,1.0223241,10.287885,-0.007330383,0.04153884,-0.015271631,TREMOR,f50d836cae05
1777351065735,10907930101874,0.320823,1.2689269,10.218452,-0.0036651916,0.017715093,-0.012217305,TREMOR,f50d836cae05
1777351065743,10907938097642,0.6967127,1.3335704,9.794679,0.018325957,-0.020158553,0.0,TREMOR,f50d836cae05
1777351065751,10907946094179,0.9864111,1.376666,9.540894,0.021991149,-0.047036625,0.002443461,TREMOR,f50d836cae05
1777351065759,10907954087794,0.9911995,1.4341269,9.540894,0.0012217305,-0.049480084,-0.0030543262,TREMOR,f50d836cae05
1777351065767,10907962114254,0.90021986,1.2904748,9.629479,-0.023823744,-0.009162978,-0.0012217305,TREMOR,f50d836cae05
1777351065775,10907970109869,0.79248077,1.1444284,9.792285,-0.018325957,0.021991149,-0.002443461,TREMOR,f50d836cae05
1777351065783,10907978106869,0.7062895,1.3718776,9.928755,-0.002443461,0.032986723,-0.007330383,TREMOR,f50d836cae05
1777351065791,10907986103483,0.7254431,1.6783354,9.842564,0.02687807,0.009773844,-0.008552114,TREMOR,f50d836cae05
1777351065799,10907994097636,1.0271125,1.8124107,9.706094,0.029321533,0.0036651916,0.008552114,TREMOR,f50d836cae05
1777351065807,10908002092020,1.2090719,1.6448165,9.907207,-0.013439035,-0.013439035,0.015882496,TREMOR,f50d836cae05
1777351065815,10908010088096,0.94092125,1.1971009,10.093954,-0.051923547,-0.036651913,0.009773844,TREMOR,f50d836cae05
1777351065823,10908018113556,0.5506664,0.8355764,9.91439,-0.04153884,-0.010995574,0.004276057,TREMOR,f50d836cae05
1777351065831,10908026110555,0.40940848,0.7757214,9.576807,-0.0012217305,0.0421497,0.0018325958,TREMOR,f50d836cae05
1777351065839,10908034108094,0.5410896,1.0845734,9.540894,0.032375857,0.045814894,0.004886922,TREMOR,f50d836cae05
1777351065847,10908042103170,0.6991069,1.4317327,9.586384,0.03176499,-0.013439035,-0.0012217305,TREMOR,f50d836cae05
1777351065855,10908050096092,0.91219085,1.4772224,9.698911,0.017715093,-0.040317107,0.002443461,TREMOR,f50d836cae05
1777351065863,10908058092706,0.9983821,1.3910311,9.895236,0.0,-0.01038471,0.007330383,TREMOR,f50d836cae05
1777351065871,10908066117859,0.82599956,1.2976574,10.0987425,-0.015882496,0.031154128,0.004276057,TREMOR,f50d836cae05
1777351065879,10908074116627,0.5602432,1.1492168,10.060435,-0.013439035,0.019547688,-0.002443461,TREMOR,f50d836cae05
1777351065887,10908082111166,0.50278234,0.9744401,9.919178,-0.007941248,0.004276057,-0.004276057,TREMOR,f50d836cae05
1777351065895,10908090106780,0.48841715,1.1324574,9.916783,-0.0018325958,0.010995574,-0.0067195175,TREMOR,f50d836cae05
1777351065903,10908098102241,0.6512229,1.3982137,9.7324295,0.015271631,-0.008552114,-0.01038471,TREMOR,f50d836cae05
1777351065911,10908106097932,0.8523358,1.4460979,9.574412,0.014660766,-0.03481932,-0.002443461,TREMOR,f50d836cae05
1777351065919,10908114091777,1.0055647,1.4293385,9.672575,-0.014049901,-0.02565634,0.0012217305,TREMOR,f50d836cae05
1777351065927,10908122087469,0.89543146,1.2401965,9.830592,-0.031154128,-0.016493361,-0.0012217305,TREMOR,f50d836cae05
1777351065935,10908130113852,0.78050977,1.163582,9.835381,-0.02076942,-0.0036651916,-0.004886922,TREMOR,f50d836cae05
1777351065943,10908138109621,0.80684596,1.3215994,9.809045,0.005497787,0.015271631,-0.0018325958,TREMOR,f50d836cae05
1777351065951,10908146104082,0.7733272,1.5442601,9.737218,0.029932396,0.009162978,-0.0067195175,TREMOR,f50d836cae05
1777351065959,10908154100004,1.0007763,1.6184803,9.799467,0.018325957,-0.0036651916,0.0036651916,TREMOR,f50d836cae05
1777351065967,10908162094772,1.1851299,1.4820108,9.933543,-0.007941248,-0.019547688,0.016493361,TREMOR,f50d836cae05
1777351065975,10908170092925,0.91219085,1.2785037,9.947908,-0.02321288,-0.019547688,0.007330383,TREMOR,f50d836cae05
1777351065983,10908178087078,0.5650316,1.0223241,9.742006,-0.0067195175,0.03176499,0.0,TREMOR,f50d836cae05
1777351065991,10908186114463,0.49320555,0.9648633,9.67018,0.008552114,0.057421334,0.0036651916,TREMOR,f50d836cae05
1777351065999,10908194111154,0.5770026,1.2497733,9.809045,0.015882496,0.035430185,0.0018325958,TREMOR,f50d836cae05
1777351066007,10908202107384,0.6679823,1.4293385,9.821015,0.013439035,-0.014660766,0.0018325958,TREMOR,f50d836cae05
1777351066015,10908210100998,0.842759,1.4460979,9.837775,6.1086525E-4,-0.032986723,0.007330383,TREMOR,f50d836cae05
1777351066023,10908218095997,0.92895025,1.340753,9.847352,-0.014049901,-0.015271631,0.01282817,TREMOR,f50d836cae05
1777351066031,10908226090842,0.8451532,1.2186487,9.825804,-0.01160644,0.009162978,0.008552114,TREMOR,f50d836cae05
1777351066039,10908234086841,0.6655881,1.2306197,9.849746,-0.007330383,0.025045475,-6.1086525E-4,TREMOR,f50d836cae05
1777351066047,10908242113226,0.5626374,1.271321,9.816227,-0.0012217305,0.015882496,-0.004886922,TREMOR,f50d836cae05
1777351066055,10908250108687,0.6584055,1.271321,9.742006,0.0036651916,-0.005497787,0.0036651916,TREMOR,f50d836cae05
1777351066063,10908258103763,0.842759,1.2354081,9.785102,-0.0061086523,-0.021380283,0.0067195175,TREMOR,f50d836cae05
1777351066071,10908266099454,0.9552865,1.1228806,9.821015,-0.01038471,-0.021991149,0.004886922,TREMOR,f50d836cae05
1777351066079,10908274096684,0.79248077,0.9720459,9.818622,-0.009162978,-0.007941248,-0.0018325958,TREMOR,f50d836cae05
1777351066087,10908282091990,0.45968673,1.1492168,9.847352,-6.1086525E-4,0.022602014,-0.014049901,TREMOR,f50d836cae05
1777351066095,10908290119989,0.61052144,1.2785037,9.710882,0.028710667,0.030543262,-0.004276057,TREMOR,f50d836cae05
1777351066103,10908298114220,0.8331822,1.3958195,9.849746,0.021991149,0.0067195175,-0.004276057,TREMOR,f50d836cae05
1777351066111,10908306109604,0.8499416,1.4867992,10.0987425,-0.0061086523,-0.032986723,-0.0067195175,TREMOR,f50d836cae05
1777351066119,10908314105526,0.79008657,1.3718776,10.067618,-0.023823744,-0.0421497,-0.0036651916,TREMOR,f50d836cae05
1777351066127,10908322099679,0.81402856,1.2689269,9.811439,-0.017104227,-0.015271631,-0.0018325958,TREMOR,f50d836cae05
1777351066135,10908330096909,0.6775591,1.2090719,9.533711,0.009773844,0.01282817,-0.007330383,TREMOR,f50d836cae05
1777351066143,10908338093215,0.60573304,1.2545617,9.579201,0.007941248,0.021991149,-0.007941248,TREMOR,f50d836cae05
1777351066151,10908346119446,0.7374141,1.4077905,9.880871,-0.004886922,0.015271631,-0.004886922,TREMOR,f50d836cae05
1777351066159,10908354115061,0.7685388,1.4891934,9.797073,0.002443461,-0.02565634,-0.004886922,TREMOR,f50d836cae05
1777351066167,10908362108367,1.0366893,1.5035586,9.923966,-0.0061086523,-0.007941248,0.0067195175,TREMOR,f50d836cae05
1777351066175,10908370103366,1.2593501,1.5490485,10.010158,-0.01160644,-0.0036651916,0.015882496,TREMOR,f50d836cae05
1777351066183,10908378099135,1.0151415,1.4077905,9.665392,6.1086525E-4,-0.019547688,0.007941248,TREMOR,f50d836cae05
1777351066191,10908386096595,0.7637503,1.1492168,9.619903,-0.004886922,0.020158553,0.0018325958,TREMOR,f50d836cae05
1777351066199,10908394088979,0.521936,1.0630256,9.770737,-0.013439035,0.03970624,0.002443461,TREMOR,f50d836cae05
1777351066207,10908402087056,0.50757074,1.1109096,9.744401,0.007330383,0.009773844,0.0030543262,TREMOR,f50d836cae05
1777351066215,10908410111670,0.6703765,1.3215994,9.775525,0.018936822,-0.0018325958,0.005497787,TREMOR,f50d836cae05
1777351066223,10908418108977,0.8523358,1.3742718,9.792285,0.016493361,-0.007330383,0.01038471,TREMOR,f50d836cae05
1777351066231,10908426104360,0.8810662,1.3790601,9.878476,0.0067195175,0.0,0.0061086523,TREMOR,f50d836cae05
1777351066239,10908434100282,0.8499416,1.2952632,9.97185,-0.0061086523,0.004276057,0.0012217305,TREMOR,f50d836cae05
1777351066247,10908442096358,0.7015011,1.1779473,9.890448,-0.0036651916,-0.002443461,-6.1086525E-4,TREMOR,f50d836cae05
1777351066255,10908450090435,0.6607997,1.0342951,9.856929,-0.005497787,0.008552114,-0.0030543262,TREMOR,f50d836cae05
1777351066263,10908458116973,0.44771573,0.9983821,9.950302,-0.015882496,0.009162978,-0.010995574,TREMOR,f50d836cae05
1777351066271,10908466112049,0.48841715,1.2114661,9.923966,-0.010995574,0.004276057,-0.009773844,TREMOR,f50d836cae05
1777351066279,10908474110125,0.8738836,1.3239936,9.902418,0.0067195175,-0.0012217305,0.004276057,TREMOR,f50d836cae05
1777351066287,10908482102816,0.91937345,1.3862427,9.682152,0.018325957,-0.04153884,-0.0036651916,TREMOR,f50d836cae05
1777351066295,10908490099738,0.9600749,1.3694834,9.61272,0.005497787,-0.03848451,-0.002443461,TREMOR,f50d836cae05
1777351066303,10908498094814,0.9959879,1.3096284,9.785102,-0.016493361,6.1086525E-4,6.1086525E-4,TREMOR,f50d836cae05
1777351066311,10908506091122,0.7254431,1.0941502,9.799467,-0.013439035,0.018325957,-0.0067195175,TREMOR,f50d836cae05
1777351066319,10908514088044,0.62249243,1.1755531,9.962274,-0.005497787,0.032986723,-0.01038471,TREMOR,f50d836cae05
1777351066327,10908522112889,0.38307226,1.4508862,9.799467,0.021991149,0.0036651916,-0.017715093,TREMOR,f50d836cae05
1777351066335,10908530109811,0.7278373,1.7645266,9.753978,0.032986723,-0.004886922,-0.0012217305,TREMOR,f50d836cae05
1777351066343,10908538104579,1.2066777,1.9009962,9.773131,0.021380283,-0.007330383,0.014049901,TREMOR,f50d836cae05
1777351066351,10908546100348,1.4030021,1.5011644,9.818622,-0.018325957,-0.05009095,0.021991149,TREMOR,f50d836cae05
1777351066359,10908554094194,1.13964,1.1109096,10.000581,-0.048258353,-0.02321288,0.010995574,TREMOR,f50d836cae05
1777351066367,10908562092577,0.5482722,0.8858546,10.014946,-0.03604105,0.036651913,-0.0012217305,TREMOR,f50d836cae05
1777351066375,10908570116961,0.320823,0.866701,9.753978,0.007330383,0.070249505,-6.1086525E-4,TREMOR,f50d836cae05
1777351066383,10908578111114,0.36391866,1.2258313,9.552865,0.036651913,0.05375614,0.0012217305,TREMOR,f50d836cae05
1777351066391,10908586107959,0.62728083,1.5993267,9.557653,0.034208454,-0.02565634,0.004276057,TREMOR,f50d836cae05
1777351066399,10908594103420,1.0199299,1.5610195,9.619903,0.014660766,-0.047647487,0.01160644,TREMOR,f50d836cae05
1777351066407,10908602098111,1.1252748,1.352724,9.847352,-0.014660766,-0.02443461,0.01282817,TREMOR,f50d836cae05
1777351066415,10908610093496,0.90740246,1.1947067,10.139444,-0.03604105,0.012217305,0.005497787,TREMOR,f50d836cae05
1777351066423,10908618091033,0.62249243,0.9720459,10.151415,-0.026267206,0.021380283,-0.0030543262,TREMOR,f50d836cae05
1777351066431,10908626115417,0.4141969,0.91697925,10.058042,-0.0061086523,0.012217305,-0.010995574,TREMOR,f50d836cae05
1777351066439,10908634113877,0.24899697,1.2090719,9.730036,0.015271631,0.017104227,-0.017715093,TREMOR,f50d836cae05
1777351066447,10908642108030,0.7661445,1.3670892,9.722853,0.017104227,0.01160644,-6.1086525E-4,TREMOR,f50d836cae05
1777351066455,10908650103414,0.92895025,1.352724,9.655815,0.007941248,-0.040317107,0.0012217305,TREMOR,f50d836cae05
1777351066463,10908658097875,0.92655605,1.3311762,9.672575,-0.012217305,-0.05009095,-0.0061086523,TREMOR,f50d836cae05
1777351066471,10908666094797,0.9648633,1.2545617,9.785102,-0.017104227,-0.004276057,6.1086525E-4,TREMOR,f50d836cae05
1777351066479,10908674091720,0.91219085,1.1348516,9.710882,-0.005497787,0.020158553,-6.1086525E-4,TREMOR,f50d836cae05
1777351066487,10908682116642,0.6823475,1.0223241,9.801862,0.002443461,0.027488936,-0.012217305,TREMOR,f50d836cae05
1777351066495,10908690111025,0.45729253,1.352724,10.120291,0.002443461,0.01282817,-0.018325957,TREMOR,f50d836cae05
1777351066503,10908698108255,0.4357447,1.7597382,9.832987,0.03726278,-0.02321288,-0.01160644,TREMOR,f50d836cae05
1777351066511,10908706101254,1.0414777,2.0207062,9.610326,0.045814894,-0.0061086523,0.01038471,TREMOR,f50d836cae05
1777351066519,10908714097562,1.5729905,1.9009962,9.904813,0.0012217305,0.0012217305,0.027488936,TREMOR,f50d836cae05
1777351066527,10908722095407,1.3383588,1.3096284,10.06283,-0.047036625,-0.047647487,0.02443461,TREMOR,f50d836cae05
1777351066535,10908730089175,0.6871359,0.842759,9.983821,-0.061086524,-0.010995574,-0.0036651916,TREMOR,f50d836cae05
1777351066543,10908738116944,0.2825158,0.6440403,9.706094,-0.016493361,0.06047566,-0.0030543262,TREMOR,f50d836cae05
1777351066551,10908746110173,0.29448682,0.89064306,9.483433,0.031154128,0.08002335,0.004276057,TREMOR,f50d836cae05
1777351066559,10908754107095,0.51954174,1.3718776,9.490616,0.05009095,0.028710667,0.0018325958,TREMOR,f50d836cae05
1777351066567,10908762101865,0.82599956,1.6089035,9.629479,0.029321533,-0.05131268,0.005497787,TREMOR,f50d836cae05
1777351066575,10908770097787,1.1109096,1.484405,9.854534,-0.0030543262,-0.02687807,0.01160644,TREMOR,f50d836cae05
1777351066583,10908778094170,1.0079589,1.2306197,10.13705,-0.02321288,0.01038471,0.007941248,TREMOR,f50d836cae05
1777351066591,10908786090400,0.6679823,1.1061212,10.232818,-0.02443461,0.028710667,-0.002443461,TREMOR,f50d836cae05
1777351066599,10908794116015,0.36870706,0.8858546,10.079589,-0.01282817,0.015882496,-0.007941248,TREMOR,f50d836cae05
1777351066607,10908802110706,0.19393034,1.043872,9.89763,0.0030543262,0.01282817,-0.017715093,TREMOR,f50d836cae05
1777351066615,10908810108243,0.6751649,1.316811,9.80665,0.010995574,0.014049901,0.0030543262,TREMOR,f50d836cae05
1777351066623,10908818100936,0.9504981,1.4077905,9.672575,0.012217305,-0.036651913,0.002443461,TREMOR,f50d836cae05
1777351066631,10908826096319,0.90740246,1.4101849,9.615114,-6.1086525E-4,-0.06658431,-0.007330383,TREMOR,f50d836cae05
1777351066639,10908834095318,0.9672575,1.3479356,9.64145,-0.01282817,-0.025045475,-0.002443461,TREMOR,f50d836cae05
1777351066647,10908842088548,0.9792285,1.2090719,9.725247,-0.01160644,0.021380283,0.0036651916,TREMOR,f50d836cae05
1777351066655,10908850116316,0.7206547,1.1683705,9.809045,6.1086525E-4,0.023823744,-0.01282817,TREMOR,f50d836cae05
1777351066663,10908858111085,0.58418524,1.4149733,9.969456,0.008552114,0.016493361,-0.014049901,TREMOR,f50d836cae05
1777351066671,10908866108931,0.6727707,1.769315,9.988609,0.021380283,0.005497787,-0.0036651916,TREMOR,f50d836cae05
1777351066679,10908874101468,1.1492168,1.8698715,9.832987,0.02443461,-0.007330383,0.017715093,TREMOR,f50d836cae05
1777351066687,10908882097160,1.292869,1.508347,9.832987,-0.007941248,-0.032375857,0.022602014,TREMOR,f50d836cae05
1777351066695,10908890093236,0.8475474,1.1109096,9.91439,-0.042760566,-0.026267206,0.004886922,TREMOR,f50d836cae05
1777351066703,10908898088542,0.47165772,0.8451532,9.794679,-0.03481932,0.017715093,0.0,TREMOR,f50d836cae05
1777351066711,10908906114157,0.37110126,0.8331822,9.667787,-0.0030543262,0.061086524,0.002443461,TREMOR,f50d836cae05
1777351066719,10908914111002,0.56982,1.2282255,9.706094,0.034208454,0.032986723,0.004276057,TREMOR,f50d836cae05
1777351066727,10908922105463,0.7733272,1.4891934,9.6845455,0.03970624,-0.031154128,6.1086525E-4,TREMOR,f50d836cae05
1777351066735,10908930100539,1.0127473,1.472434,9.718064,0.017104227,-0.037873644,0.007330383,TREMOR,f50d836cae05
1777351066743,10908938096615,0.9624691,1.3311762,9.952697,-0.021380283,0.0018325958,0.004886922,TREMOR,f50d836cae05
1777351066751,10908946093768,0.6607997,1.0199299,10.201694,-0.042760566,0.014049901,0.0,TREMOR,f50d836cae05
1777351066759,10908954089459,0.33518824,0.8379706,10.077195,-0.018936822,0.012217305,-0.012217305,TREMOR,f50d836cae05
1777351066767,10908962113535,0.4309563,1.1683705,9.993398,0.0061086523,0.036651913,-0.013439035,TREMOR,f50d836cae05
1777351066775,10908970108920,0.78769237,1.4197617,9.768343,0.022602014,0.0036651916,0.0018325958,TREMOR,f50d836cae05
1777351066783,10908978106381,0.82599956,1.4437037,9.500193,0.020158553,-0.06169739,-0.0061086523,TREMOR,f50d836cae05
1777351066791,10908986101841,0.89303726,1.3910311,9.557653,-0.004886922,-0.055588737,-0.007941248,TREMOR,f50d836cae05
1777351066799,10908994096302,1.0821792,1.283292,9.7803135,-0.027488936,0.0067195175,0.008552114,TREMOR,f50d836cae05
1777351066807,10909002091301,0.842759,1.0366893,9.811439,-0.018325957,0.013439035,-0.0036651916,TREMOR,f50d836cae05
1777351066815,10909010087684,0.50038815,1.0893618,9.921572,-0.0067195175,0.017104227,-0.02076942,TREMOR,f50d836cae05
1777351066823,10909018113760,0.5554548,1.4867992,9.91439,0.014660766,0.015882496,-0.014660766,TREMOR,f50d836cae05
1777351066831,10909026108914,0.770933,1.8028339,9.7803135,0.03848451,0.0018325958,-0.0036651916,TREMOR,f50d836cae05
1777351066839,10909034104913,1.1468226,1.8962077,9.768343,0.023823744,-0.015882496,0.008552114,TREMOR,f50d836cae05
1777351066847,10909042101451,1.4532804,1.6663644,9.945514,-0.02076942,-0.040927973,0.02687807,TREMOR,f50d836cae05
1777351066855,10909050095988,1.1755531,1.1851299,9.9550905,-0.048258353,-0.04337143,0.015271631,TREMOR,f50d836cae05
1777351066863,10909058092833,0.58418524,0.80205756,9.864111,-0.028099801,0.03726278,0.0,TREMOR,f50d836cae05
1777351066871,10909066118063,0.32800564,0.7733272,9.746795,0.005497787,0.08552113,0.0018325958,TREMOR,f50d836cae05
1777351066879,10909074116601,0.33518824,1.0486604,9.603143,0.03176499,0.06047566,6.1086525E-4,TREMOR,f50d836cae05
1777351066887,10909082108908,0.51475334,1.3263878,9.540894,0.03726278,-0.01160644,6.1086525E-4,TREMOR,f50d836cae05
1777351066895,10909090104215,0.93852705,1.5634137,9.739613,0.018936822,-0.05009095,0.008552114,TREMOR,f50d836cae05
1777351066903,10909098102060,1.0247183,1.5729905,9.931149,-0.007330383,-0.023823744,0.008552114,TREMOR,f50d836cae05
1777351066911,10909106095982,0.8858546,1.4341269,10.012551,-0.013439035,0.015882496,0.0067195175,TREMOR,f50d836cae05
1777351066919,10909114092904,0.7302315,1.2066777,10.055647,-0.01282817,0.04337143,0.005497787,TREMOR,f50d836cae05
1777351066927,10909122089827,0.5530606,1.1707647,10.0269165,-0.009773844,0.02321288,-0.002443461,TREMOR,f50d836cae05
1777351066935,10909130114057,0.5291186,1.0606314,9.770737,0.002443461,-0.025045475,-0.0018325958,TREMOR,f50d836cae05
1777351066943,10909138110056,0.59615624,0.90740246,9.581595,0.004276057,-0.014660766,-0.0061086523,TREMOR,f50d836cae05
1777351066951,10909146104517,0.58897364,1.1827357,9.785102,-0.0036651916,0.01282817,-0.010995574,TREMOR,f50d836cae05
1777351066959,10909154102670,0.7661445,1.3024458,9.801862,0.004886922,0.005497787,-0.0012217305,TREMOR,f50d836cae05
1777351066967,10909162095592,1.0007763,1.3335704,9.868899,0.007330383,-0.013439035,-6.1086525E-4,TREMOR,f50d836cae05
1777351066975,10909170094129,0.9959879,1.3862427,9.986216,-0.005497787,-0.028710667,-0.005497787,TREMOR,f50d836cae05
1777351066983,10909178089513,0.92655605,1.3623008,9.916783,-0.002443461,-0.01282817,-0.007330383,TREMOR,f50d836cae05
1777351066991,10909186112898,0.8379706,1.3072342,9.696517,0.0067195175,0.009162978,-0.004886922,TREMOR,f50d836cae05
1777351066999,10909194111666,0.6679823,1.2880806,9.694122,0.007941248,0.018325957,-0.01038471,TREMOR,f50d836cae05
1777351067007,10909202105434,0.5793968,1.3694834,9.849746,-6.1086525E-4,0.01282817,-0.0061086523,TREMOR,f50d836cae05
1777351067015,10909210099587,0.7158663,1.5682021,10.022128,-0.0061086523,-0.004886922,0.002443461,TREMOR,f50d836cae05
1777351067023,10909218098355,1.0055647,1.6472107,9.92636,-0.0012217305,-0.021991149,0.008552114,TREMOR,f50d836cae05
1777351067031,10909226091047,1.2258313,1.4796166,9.775525,-6.1086525E-4,-0.022602014,0.015882496,TREMOR,f50d836cae05
1777351067039,10909234116585,0.9864111,1.2473791,9.785102,-0.018325957,-0.007941248,0.01160644,TREMOR,f50d836cae05
1777351067047,10909242114353,0.59376204,0.9840169,9.64145,-0.014049901,0.014049901,0.0,TREMOR,f50d836cae05
1777351067055,10909250109506,0.4309563,0.91937345,9.536105,0.0067195175,0.0421497,0.0012217305,TREMOR,f50d836cae05
1777351067063,10909258106967,0.61291564,1.2401965,9.737218,0.018325957,0.044593163,0.008552114,TREMOR,f50d836cae05
1777351067071,10909266102658,0.7637503,1.4891934,9.876082,0.023823744,0.004276057,0.009773844,TREMOR,f50d836cae05
1777351067079,10909274095042,0.94331545,1.4413095,9.902418,0.018936822,-0.027488936,0.008552114,TREMOR,f50d836cae05
1777351067087,10909282092271,0.9528923,1.3239936,9.923966,-0.007330383,-0.019547688,0.01160644,TREMOR,f50d836cae05
1777351067095,10909290118733,0.7374141,1.2521675,10.036493,-0.02687807,0.016493361,0.0036651916,TREMOR,f50d836cae05
1777351067103,10909298113809,0.50278234,1.0893618,9.950302,-0.018936822,0.018325957,-0.002443461,TREMOR,f50d836cae05
1777351067111,10909306108269,0.5434838,1.0199299,9.768343,0.0,0.007330383,0.0,TREMOR,f50d836cae05
1777351067119,10909314105115,0.6512229,1.1468226,9.811439,0.002443461,0.005497787,-0.004276057,TREMOR,f50d836cae05
1777351067127,10909322101114,0.545878,1.3120226,9.880871,-0.002443461,-0.0018325958,-0.014049901,TREMOR,f50d836cae05
1777351067135,10909330095036,0.8475474,1.3335704,9.911995,-0.004276057,-0.010995574,-0.0012217305,TREMOR,f50d836cae05
1777351067143,10909338091959,0.92416185,1.271321,9.751583,6.1086525E-4,-0.02687807,-6.1086525E-4,TREMOR,f50d836cae05
1777351067151,10909346119881,0.9720459,1.3072342,9.763555,-0.004276057,-0.02321288,-0.0030543262,TREMOR,f50d836cae05
1777351067159,10909354112188,0.92895025,1.2521675,9.689334,-0.0012217305,-0.0030543262,-0.0018325958,TREMOR,f50d836cae05
1777351067167,10909362109802,0.82121116,1.271321,9.7324295,0.0012217305,0.007941248,-0.0036651916,TREMOR,f50d836cae05
1777351067175,10909370104878,0.5650316,1.1659763,9.636662,0.01160644,0.01160644,-0.01282817,TREMOR,f50d836cae05
1777351067183,10909378098723,0.60094464,1.1492168,9.883265,0.005497787,0.02687807,-0.0061086523,TREMOR,f50d836cae05
1777351067191,10909386094645,0.6679823,1.4460979,10.266336,-0.004276057,0.009162978,-0.0036651916,TREMOR,f50d836cae05
1777351067199,10909394090722,0.61770403,1.7310078,9.868899,0.02565634,-0.043982297,-0.0036651916,TREMOR,f50d836cae05
1777351067207,10909402117721,1.2593501,1.8531121,9.691729,0.02321288,-0.0061086523,0.019547688,TREMOR,f50d836cae05
1777351067215,10909410115028,1.4772224,1.5873557,9.811439,-0.0061086523,0.009773844,0.026267206,TREMOR,f50d836cae05
1777351067223,10909418107873,0.81642276,1.1899183,9.933543,-0.037873644,-0.019547688,0.007941248,TREMOR,f50d836cae05
1777351067231,10909426103257,0.2896984,0.866701,9.77792,-0.03176499,0.010995574,-0.009162978,TREMOR,f50d836cae05
1777351067239,10909434100179,0.2705448,0.8834604,9.629479,0.0018325958,0.06047566,0.0061086523,TREMOR,f50d836cae05
1777351067247,10909442094333,0.545878,1.2521675,9.610326,0.03176499,0.04520403,0.01160644,TREMOR,f50d836cae05
1777351067255,10909450089716,0.79248077,1.4317327,9.581595,0.03726278,-0.025045475,0.004886922,TREMOR,f50d836cae05
1777351067263,10909458087946,1.0965444,1.3575124,9.849746,0.0012217305,-0.042760566,0.0061086523,TREMOR,f50d836cae05
1777351067271,10909466113407,0.9983821,1.3311762,10.216059,-0.029321533,0.0018325958,0.0018325958,TREMOR,f50d836cae05
1777351067279,10909474109713,0.60573304,1.127669,10.263943,-0.031154128,0.025045475,-0.007941248,TREMOR,f50d836cae05
1777351067287,10909482102405,0.2753332,1.0462662,10.0341,-0.015271631,0.019547688,-0.013439035,TREMOR,f50d836cae05
1777351067295,10909490098942,0.48602295,1.1851299,9.82341,0.0036651916,0.017715093,-0.0067195175,TREMOR,f50d836cae05
1777351067303,10909498095250,0.89543146,1.2785037,9.648633,0.010995574,-0.025045475,0.0036651916,TREMOR,f50d836cae05
1777351067311,10909506089095,0.8595184,1.316811,9.560047,0.004886922,-0.056199603,-0.007330383,TREMOR,f50d836cae05
1777351067319,10909514115863,0.91219085,1.2497733,9.588778,-0.01038471,-0.032986723,-0.0018325958,TREMOR,f50d836cae05
1777351067327,10909522111555,0.9816227,1.1109096,9.749189,-0.018325957,0.01038471,0.004886922,TREMOR,f50d836cae05
1777351067335,10909530108784,0.7134721,0.9911995,9.82341,-0.013439035,0.026267206,-0.005497787,TREMOR,f50d836cae05
1777351067343,10909538102707,0.5434838,1.3096284,10.000581,0.004886922,0.02076942,-0.014660766,TREMOR,f50d836cae05
1777351067351,10909546097476,0.48123455,1.6256629,9.694122,0.04520403,-0.005497787,-0.015882496,TREMOR,f50d836cae05
1777351067359,10909554095244,0.89303726,1.9608512,9.627085,0.055588737,0.002443461,0.002443461,TREMOR,f50d836cae05
1777351067367,10909562089782,1.4197617,1.910573,9.9790325,0.014049901,-0.0067195175,0.020158553,TREMOR,f50d836cae05
1777351067375,10909570116165,1.376666,1.400608,10.218452,-0.05009095,-0.06658431,0.018936822,TREMOR,f50d836cae05
1777351067383,10909578113395,0.79008657,1.0319009,10.254366,-0.06047566,-0.0067195175,0.0,TREMOR,f50d836cae05
1777351067391,10909586106702,0.3184288,0.79008657,9.885659,-0.021991149,0.07880162,-0.002443461,TREMOR,f50d836cae05
1777351067399,10909594103239,0.24420857,0.90740246,9.495404,0.025045475,0.08552113,0.004276057,TREMOR,f50d836cae05
1777351067407,10909602098085,0.35673606,1.3024458,9.272743,0.04337143,0.025045475,-0.004886922,TREMOR,f50d836cae05
1777351067415,10909610094315,0.79487497,1.5442601,9.392453,0.021991149,-0.0580322,0.005497787,TREMOR,f50d836cae05
1777351067423,10909618090006,1.1707647,1.5035586,9.68694,-0.009162978,-0.05009095,0.014049901,TREMOR,f50d836cae05
1777351067431,10909626118390,1.1755531,1.1994951,10.0508585,-0.030543262,-0.009773844,0.010995574,TREMOR,f50d836cae05
1777351067439,10909634112466,0.91697925,0.9768343,10.366894,-0.039095376,0.027488936,0.002443461,TREMOR,f50d836cae05
1777351067447,10909642107927,0.36631286,0.9528923,10.2974615,-0.01038471,0.025045475,-0.018325957,TREMOR,f50d836cae05
1777351067455,10909650102388,0.25617957,1.2401965,9.995792,0.02076942,0.032986723,-0.017715093,TREMOR,f50d836cae05
1777351067463,10909658099849,0.61530983,1.3934253,9.504981,0.03970624,0.008552114,-0.0012217305,TREMOR,f50d836cae05
1777351067471,10909666092848,0.8475474,1.3359646,9.421184,0.019547688,-0.04153884,0.002443461,TREMOR,f50d836cae05
1777351067479,10909674090616,1.0247183,1.2617443,9.694122,-0.02321288,-0.059864793,0.0018325958,TREMOR,f50d836cae05
1777351067487,10909682115615,0.93134445,1.0606314,9.964667,-0.04886922,-0.019547688,-0.0018325958,TREMOR,f50d836cae05
1777351067495,10909690113768,0.7541735,1.2425907,10.065224,-0.021380283,0.018936822,-0.009773844,TREMOR,f50d836cae05
1777351067503,10909698109075,0.46686932,1.4317327,9.528923,0.03848451,0.016493361,-0.018936822,TREMOR,f50d836cae05
1777351067511,10909706103536,0.7469909,1.6400281,9.461885,0.058643065,0.03726278,-0.005497787,TREMOR,f50d836cae05
1777351067519,10909714097997,1.0821792,2.087744,10.007763,0.022602014,0.021991149,0.004276057,TREMOR,f50d836cae05
1777351067527,10909722093150,1.2306197,1.8818425,10.024523,-0.015271631,-0.077579886,0.016493361,TREMOR,f50d836cae05
1777351067535,10909730090687,1.1803415,1.1947067,9.919178,-0.035430185,-0.05131268,0.017104227,TREMOR,f50d836cae05
1777351067543,10909738115917,0.8355764,0.8738836,10.048465,-0.043982297,0.030543262,0.007941248,TREMOR,f50d836cae05
1777351067551,10909746112147,0.44532153,0.78769237,9.888053,-0.015271631,0.06719518,6.1086525E-4,TREMOR,f50d836cae05
1777351067559,10909754105454,0.24181437,0.90261406,9.572019,0.030543262,0.044593163,-0.007330383,TREMOR,f50d836cae05
1777351067567,10909762101684,0.45010993,1.2138603,9.512163,0.035430185,0.0018325958,0.0018325958,TREMOR,f50d836cae05
1777351067575,10909770098914,0.91937345,1.4772224,9.648633,0.021380283,-0.03481932,0.01038471,TREMOR,f50d836cae05
1777351067583,10909778094682,1.1468226,1.4508862,9.82341,0.004276057,-0.034208454,0.009773844,TREMOR,f50d836cae05
1777351067591,10909786088758,0.90740246,1.2449849,9.967062,-0.0067195175,-0.007330383,0.0012217305,TREMOR,f50d836cae05
1777351067599,10909794115603,0.7038953,1.0869676,10.06283,-0.014049901,0.043982297,6.1086525E-4,TREMOR,f50d836cae05
1777351067607,10909802110295,0.35673606,0.93373865,10.141838,-0.01282817,0.034208454,-0.008552114,TREMOR,f50d836cae05
1777351067615,10909810105987,0.33279404,1.1013328,10.031705,-0.005497787,6.1086525E-4,-0.015882496,TREMOR,f50d836cae05
1777351067623,10909818102986,0.6655881,1.2449849,9.787497,0.014660766,-0.016493361,-0.0012217305,TREMOR,f50d836cae05
1777351067631,10909826099216,0.90979666,1.3455414,9.643845,0.018325957,-0.036651913,-0.0018325958,TREMOR,f50d836cae05
1777351067639,10909834093446,0.90740246,1.3000516,9.607931,-0.0067195175,-0.03970624,-0.0036651916,TREMOR,f50d836cae05
1777351067647,10909842089983,0.90740246,1.3263878,9.976639,-0.035430185,-0.008552114,-0.0030543262,TREMOR,f50d836cae05
1777351067655,10909850115905,0.6895301,1.472434,9.861717,-0.014049901,-0.008552114,-0.009773844,TREMOR,f50d836cae05
1777351067663,10909858111213,0.878672,1.6136919,9.586384,0.02687807,0.015271631,-0.0030543262,TREMOR,f50d836cae05
1777351067671,10909866105443,1.0702082,1.8004397,9.698911,0.026267206,0.042760566,0.0036651916,TREMOR,f50d836cae05
1777351067679,10909874102288,1.1492168,1.9201498,10.043676,-0.01160644,-0.01282817,0.014049901,TREMOR,f50d836cae05
1777351067687,10909882098902,1.0199299,1.4700398,9.888053,-0.030543262,-0.055588737,0.015271631,TREMOR,f50d836cae05
1777351067695,10909890095209,0.7158663,0.9792285,9.78989,-0.03726278,0.0,0.0067195175,TREMOR,f50d836cae05
1777351067703,10909898087900,0.46926352,0.7589619,9.682152,-0.017715093,0.044593163,0.009773844,TREMOR,f50d836cae05
1777351067711,10909906113976,0.37588966,0.90740246,9.600749,0.02443461,0.036651913,0.002443461,TREMOR,f50d836cae05
1777351067719,10909914111592,0.58897364,1.2808979,9.598354,0.040927973,6.1086525E-4,0.0,TREMOR,f50d836cae05
1777351067727,10909922105744,0.94810385,1.4149733,9.64145,0.03970624,-0.032375857,0.01160644,TREMOR,f50d836cae05
1777351067735,10909930101128,1.1013328,1.3263878,9.818622,0.020158553,-0.020158553,0.01038471,TREMOR,f50d836cae05
1777351067743,10909938097742,1.0773908,1.1085154,10.201694,-0.013439035,0.021991149,0.0067195175,TREMOR,f50d836cae05
1777351067751,10909946094049,0.6847417,0.93373865,10.381259,-0.02443461,0.03604105,-0.009162978,TREMOR,f50d836cae05
1777351067759,10909954088510,-0.095768064,1.0749966,10.316615,-0.023823744,0.056199603,-0.029932396,TREMOR,f50d836cae05
1777351067767,10909962113355,0.050278235,1.2425907,10.208876,-0.015271631,0.04886922,-0.014660766,TREMOR,f50d836cae05
1777351067775,10909970109970,0.7422025,1.3000516,9.825804,-0.0061086523,-0.02687807,0.010995574,TREMOR,f50d836cae05
1777351067783,10909978107585,1.0079589,1.3000516,9.346964,0.01160644,-0.11301007,-0.0030543262,TREMOR,f50d836cae05
1777351067791,10909986100507,1.1803415,1.30484,9.11712,0.0030543262,-0.077579886,-0.002443461,TREMOR,f50d836cae05
1777351067799,10909994098967,1.1803415,1.2042835,9.526528,-0.028710667,-0.0030543262,6.1086525E-4,TREMOR,f50d836cae05
1777351067807,10910002092428,0.81642276,1.3742718,10.048465,-0.03848451,0.029932396,-0.015882496,TREMOR,f50d836cae05
1777351067815,10910010087888,0.4309563,1.3838485,9.603143,0.03848451,0.019547688,-0.017715093,TREMOR,f50d836cae05
1777351067823,10910018113119,0.81881696,1.70946,9.701305,0.044593163,0.07574729,0.005497787,TREMOR,f50d836cae05
1777351067831,10910026109349,1.2234371,2.183512,10.134656,0.020158553,0.043982297,0.017715093,TREMOR,f50d836cae05
1777351067839,10910034107579,1.2761095,1.7621324,9.919178,0.004886922,-0.06841691,0.026267206,TREMOR,f50d836cae05
1777351067847,10910042100424,0.90979666,1.1109096,9.828198,-0.029932396,-0.07452556,0.008552114,TREMOR,f50d836cae05
1777351067855,10910050096731,0.7254431,0.89303726,9.974244,-0.054367006,0.023823744,0.01038471,TREMOR,f50d836cae05
1777351067863,10910058091807,0.5602432,0.7254431,9.782708,-0.01038471,0.040927973,0.01160644,TREMOR,f50d836cae05
1777351067871,10910066086883,0.45010993,0.80924016,9.464279,0.037873644,0.03176499,0.0018325958,TREMOR,f50d836cae05
1777351067879,10910074114344,0.6344634,1.1252748,9.555259,0.048258353,0.007330383,0.0036651916,TREMOR,f50d836cae05
1777351067887,10910082111574,0.7565677,1.4939818,10.072407,0.017104227,-0.007330383,-6.1086525E-4,TREMOR,f50d836cae05
1777351067895,10910090106342,0.79487497,1.2904748,10.163386,-0.002443461,-0.0012217305,-0.005497787,TREMOR,f50d836cae05
1777351067903,10910098101418,0.33279404,0.9983821,10.13705,-0.015882496,0.04153884,-0.02321288,TREMOR,f50d836cae05
1777351067911,10910106097340,0.320823,1.3599066,10.223241,-0.029321533,0.080634214,-0.01038471,TREMOR,f50d836cae05
1777351067919,10910114094032,0.78050977,1.3814543,9.900024,-0.018936822,0.022602014,0.014049901,TREMOR,f50d836cae05
1777351067927,10910122119262,0.81163436,1.0606314,9.481039,-0.002443461,-0.12034045,-0.0067195175,TREMOR,f50d836cae05
1777351067935,10910130114569,1.0893618,1.1324574,9.672575,-0.026267206,-0.09773844,-0.0067195175,TREMOR,f50d836cae05
1777351067943,10910138108799,1.0055647,1.3192052,9.744401,-0.018325957,-0.028710667,-0.012217305,TREMOR,f50d836cae05
1777351067951,10910146105106,0.7661445,1.4149733,9.471462,0.015882496,0.021380283,-0.014049901,TREMOR,f50d836cae05
1777351067959,10910154102335,0.533907,1.7717092,9.263166,0.04337143,0.061086524,-0.0067195175,TREMOR,f50d836cae05
1777351067967,10910162094642,0.6967127,2.0446482,9.44752,0.034208454,0.06352998,0.007330383,TREMOR,f50d836cae05
1777351067975,10910170093718,1.3862427,1.7381904,9.909601,0.002443461,-0.009162978,0.029932396,TREMOR,f50d836cae05
1777351067983,10910178086949,1.3335704,1.3024458,10.09156,-0.030543262,-0.09162979,0.021380283,TREMOR,f50d836cae05
1777351067991,10910186112794,1.0989386,0.9720459,10.261548,-0.052534413,-0.07941248,0.0018325958,TREMOR,f50d836cae05
1777351067999,10910194108408,0.7661445,0.6847417,10.151415,-0.015882496,0.039095376,0.0067195175,TREMOR,f50d836cae05
1777351068007,10910202103254,0.48841715,0.7613561,9.957485,0.028099801,0.089186326,0.004276057,TREMOR,f50d836cae05
1777351068015,10910210099483,0.22984336,1.2449849,9.782708,0.05375614,0.070249505,-0.009162978,TREMOR,f50d836cae05
1777351068023,10910218094944,0.17238252,1.5586253,9.7084875,0.045814894,0.016493361,-0.017715093,TREMOR,f50d836cae05
1777351068031,10910226092482,0.49320555,1.3670892,9.583989,0.007330383,-0.021991149,-0.004886922,TREMOR,f50d836cae05
1777351068039,10910234087789,0.6943185,1.2162545,9.832987,-0.047036625,-0.0018325958,0.0036651916,TREMOR,f50d836cae05
1777351068047,10910242112096,1.0031705,1.1923125,10.0029745,-0.050701816,0.0,0.012217305,TREMOR,f50d836cae05
1777351068055,10910250108479,0.9504981,1.079785,9.840169,-0.015271631,-0.02076942,0.0018325958,TREMOR,f50d836cae05
1777351068063,10910258103863,0.89782566,1.1659763,9.921572,-6.1086525E-4,-0.03604105,-0.009162978,TREMOR,f50d836cae05
1777351068071,10910266099247,0.866701,1.2976574,9.888053,-0.0036651916,-0.02687807,-0.013439035,TREMOR,f50d836cae05
1777351068079,10910274096400,0.7015011,1.3359646,9.722853,0.005497787,0.007941248,-0.012217305,TREMOR,f50d836cae05
1777351068087,10910282092092,0.61291564,1.5179238,9.392453,0.021991149,0.03604105,-0.0012217305,TREMOR,f50d836cae05
1777351068095,10910290086552,0.7589619,1.6519991,9.222465,0.036651913,0.025045475,0.0067195175,TREMOR,f50d836cae05
1777351068103,10910298112475,1.1563994,1.5993267,9.603143,0.015271631,-0.02321288,0.017715093,TREMOR,f50d836cae05
1777351068111,10910306107243,1.3215994,1.3670892,9.959879,-0.02076942,-0.069027774,0.016493361,TREMOR,f50d836cae05
1777351068119,10910314105011,1.2401965,1.0845734,10.18254,-0.02321288,-0.026267206,0.005497787,TREMOR,f50d836cae05
1777351068127,10910322100472,0.82121116,0.93852705,10.208876,0.0,0.050701816,-6.1086525E-4,TREMOR,f50d836cae05
1777351068135,10910330094625,0.4213795,1.0726024,10.108319,0.02687807,0.08674286,-0.004276057,TREMOR,f50d836cae05
1777351068143,10910338090548,0.17717093,1.3718776,10.007763,0.029932396,0.065973446,-0.009773844,TREMOR,f50d836cae05
1777351068151,10910346117700,0.18914193,1.5251064,9.890448,0.0061086523,0.02076942,-0.008552114,TREMOR,f50d836cae05
1777351068159,10910354113392,0.48362875,1.3455414,9.605537,-0.020158553,-0.032986723,0.004276057,TREMOR,f50d836cae05
1777351068167,10910362108083,0.7661445,1.1827357,9.598354,-0.036651913,-0.040927973,0.009162978,TREMOR,f50d836cae05
1777351068175,10910370104467,1.0031705,1.1180922,9.639056,-0.031154128,-0.040317107,0.004276057,TREMOR,f50d836cae05
1777351068183,10910378100697,1.1444284,1.1300632,9.775525,-0.012217305,-0.039095376,6.1086525E-4,TREMOR,f50d836cae05
1777351068191,10910386094850,1.067814,1.151611,9.825804,-0.005497787,-0.010995574,-0.007941248,TREMOR,f50d836cae05
1777351068199,10910394090003,0.7254431,1.2808979,9.895236,-0.0018325958,0.035430185,-0.01160644,TREMOR,f50d836cae05
1777351068207,10910402116387,0.5554548,1.4269443,9.765948,0.014049901,0.05009095,-0.004276057,TREMOR,f50d836cae05
1777351068215,10910410112155,0.6584055,1.5897499,9.607931,0.023823744,0.018936822,6.1086525E-4,TREMOR,f50d836cae05
1777351068223,10910418109077,0.8834604,1.496376,9.524135,0.021380283,-0.05681047,0.014049901,TREMOR,f50d836cae05
1777351068231,10910426105692,1.2401965,1.3575124,9.660604,0.0061086523,-0.06658431,0.017715093,TREMOR,f50d836cae05
1777351068239,10910434099845,1.2425907,1.2593501,9.785102,0.004276057,-0.031154128,0.01038471,TREMOR,f50d836cae05
1777351068247,10910442095460,0.9792285,1.1827357,9.900024,0.014049901,0.029932396,0.005497787,TREMOR,f50d836cae05
1777351068255,10910450090536,0.5793968,1.2042835,10.151415,0.020158553,0.09101892,-6.1086525E-4,TREMOR,f50d836cae05
1777351068263,10910458086843,0.3184288,1.3263878,10.479421,0.0012217305,0.096516706,-0.0067195175,TREMOR,f50d836cae05
1777351068271,10910466111534,0.19393034,1.4389153,10.500969,-0.020158553,0.048258353,-0.009773844,TREMOR,f50d836cae05
1777351068279,10910474108994,0.2753332,1.2282255,9.931149,-0.02076942,-0.028099801,-6.1086525E-4,TREMOR,f50d836cae05
1777351068287,10910482104147,0.4429273,1.163582,9.248801,-0.014660766,-0.059864793,0.004276057,TREMOR,f50d836cae05
1777351068295,10910490099532,1.0510546,1.1611878,9.222465,-0.02321288,-0.05131268,0.015882496,TREMOR,f50d836cae05
1777351068303,10910498094300,1.3144168,1.1420342,9.425972,-0.031154128,-0.064751714,0.007330383,TREMOR,f50d836cae05
1777351068311,10910506090299,1.0749966,1.1372458,9.811439,-0.02565634,-0.015882496,-0.009162978,TREMOR,f50d836cae05
1777351068319,10910514118914,0.80924016,1.1420342,9.9790325,-0.005497787,0.05681047,-0.01038471,TREMOR,f50d836cae05
1777351068327,10910522111836,0.56982,1.2018893,9.835381,0.02443461,0.055588737,-0.01160644,TREMOR,f50d836cae05
1777351068335,10910530108989,0.38307226,1.2258313,9.816227,0.014660766,0.008552114,-0.014049901,TREMOR,f50d836cae05
1777351068343,10910538102219,0.581791,1.1947067,9.809045,0.0067195175,-0.03970624,-0.0030543262,TREMOR,f50d836cae05
1777351068351,10910546098295,0.91697925,1.412579,9.85214,0.004886922,-0.050701816,0.007941248,TREMOR,f50d836cae05
1777351068359,10910554094525,0.9792285,1.8100165,9.828198,0.017104227,-0.03359759,6.1086525E-4,TREMOR,f50d836cae05
1777351068367,10910562090832,1.1444284,1.8770541,9.7324295,0.03726278,0.0061086523,0.0067195175,TREMOR,f50d836cae05
1777351068375,10910570086831,1.3431472,1.7429788,9.895236,0.01038471,0.026267206,0.017715093,TREMOR,f50d836cae05
1777351068383,10910578113676,0.94810385,1.4987702,10.105926,-0.029932396,0.0067195175,0.005497787,TREMOR,f50d836cae05
1777351068391,10910586109290,0.51714754,1.1085154,9.91439,-0.037873644,0.004276057,-0.0012217305,TREMOR,f50d836cae05
1777351068399,10910594102290,0.34237084,0.878672,9.624691,-0.015882496,0.037873644,0.0036651916,TREMOR,f50d836cae05
1777351068407,10910602099520,0.36631286,0.9959879,9.495404,0.018936822,0.032986723,0.004886922,TREMOR,f50d836cae05
1777351068415,10910610095135,0.7110779,1.2258313,9.531317,0.022602014,-0.01038471,0.007330383,TREMOR,f50d836cae05
1777351068423,10910618089057,0.90500826,1.3239936,9.809045,0.002443461,-0.02687807,0.004886922,TREMOR,f50d836cae05
1777351068431,10910626116133,0.91219085,1.2521675,10.007763,-0.017104227,-0.021991149,0.0036651916,TREMOR,f50d836cae05
1777351068439,10910634111439,0.9624691,1.0510546,10.101137,-0.018325957,0.008552114,0.012217305,TREMOR,f50d836cae05
1777351068447,10910642107209,0.82121116,0.9959879,10.117896,-0.012217305,0.014660766,-0.0018325958,TREMOR,f50d836cae05
1777351068455,10910650103208,0.50757074,1.0103531,9.9790325,-0.004276057,-0.002443461,-0.014049901,TREMOR,f50d836cae05
1777351068463,10910658098822,0.30406362,1.30484,9.983821,-0.004886922,0.018936822,-0.018936822,TREMOR,f50d836cae05
1777351068471,10910666093590,0.48841715,1.4532804,9.689334,0.005497787,0.021380283,-0.010995574,TREMOR,f50d836cae05
1777351068479,10910674090820,0.7445967,1.400608,9.445126,0.023823744,-0.025045475,-0.0012217305,TREMOR,f50d836cae05
1777351068487,10910682114896,1.0342951,1.4413095,9.576807,0.0018325958,-0.03481932,0.0012217305,TREMOR,f50d836cae05
1777351068495,10910690112357,1.1444284,1.400608,9.856929,-0.027488936,-0.039095376,0.004276057,TREMOR,f50d836cae05
1777351068503,10910698106818,0.92416185,1.2856863,9.890448,-0.02687807,-0.029321533,-0.007941248,TREMOR,f50d836cae05
1777351068511,10910706101971,0.7326257,1.2449849,9.785102,0.01038471,0.008552114,-0.01038471,TREMOR,f50d836cae05
1777351068519,10910714098508,0.7278373,1.2234371,9.536105,0.036651913,0.032986723,-0.005497787,TREMOR,f50d836cae05
1777351068527,10910722094277,0.9888053,1.6160861,10.218452,6.1086525E-4,0.059253927,0.0030543262,TREMOR,f50d836cae05
1777351068535,10910730091430,1.0247183,1.8531121,10.228029,-0.013439035,-0.021380283,0.009773844,TREMOR,f50d836cae05
1777351068543,10910738117275,1.0079589,1.4891934,9.636662,0.01282817,-0.06719518,0.009773844,TREMOR,f50d836cae05
1777351068551,10910746110581,1.043872,1.3215994,9.727641,-0.018936822,0.032375857,0.014660766,TREMOR,f50d836cae05
1777351068559,10910754106274,0.6823475,1.1372458,9.718064,-0.018936822,0.028099801,0.009773844,TREMOR,f50d836cae05
1777351068567,10910762102273,0.15083471,0.9552865,9.416395,0.0067195175,0.020158553,-0.005497787,TREMOR,f50d836cae05
1777351068575,10910770100349,0.37588966,1.1372458,9.497798,0.019547688,0.040317107,0.005497787,TREMOR,f50d836cae05
1777351068583,10910778092732,0.9816227,1.2497733,9.787497,0.017715093,-0.0030543262,0.025045475,TREMOR,f50d836cae05
1777351068591,10910786089654,1.1372458,1.0773908,9.935937,0.004276057,-0.036651913,0.012217305,TREMOR,f50d836cae05
1777351068599,10910794117269,0.79487497,1.091756,10.283096,-0.02321288,-0.02565634,-0.007941248,TREMOR,f50d836cae05
1777351068607,10910802110269,0.5434838,1.0893618,10.340557,-0.028099801,0.013439035,-0.01038471,TREMOR,f50d836cae05
1777351068615,10910810107422,0.1340753,1.0414777,10.096349,-0.004276057,0.058643065,-0.015271631,TREMOR,f50d836cae05
1777351068623,10910818101267,0.2801216,1.2617443,10.0029745,0.010995574,0.04337143,-0.01038471,TREMOR,f50d836cae05
1777351068631,10910826098497,0.81402856,1.3575124,9.737218,0.010995574,-0.047647487,0.0061086523,TREMOR,f50d836cae05
1777351068639,10910834092419,1.0390835,1.4053963,9.49301,-0.0018325958,-0.089186326,-0.004886922,TREMOR,f50d836cae05
1777351068647,10910842089879,1.079785,1.3838485,9.473856,-0.018936822,-0.0720821,-0.005497787,TREMOR,f50d836cae05
1777351068655,10910850114571,1.0654198,1.2234371,9.598354,-0.025045475,-0.016493361,6.1086525E-4,TREMOR,f50d836cae05
1777351068663,10910858109878,0.81402856,0.93613285,9.674969,-0.010995574,0.03970624,-0.007941248,TREMOR,f50d836cae05
1777351068671,10910866104724,0.7254431,1.2354081,10.101137,-0.01282817,0.0421497,-0.009773844,TREMOR,f50d836cae05
1777351068679,10910874102184,0.47405192,1.5394717,9.909601,0.022602014,0.0012217305,-0.017715093,TREMOR,f50d836cae05
1777351068687,10910882099722,0.6679823,2.0087352,9.775525,0.04886922,-0.01282817,-0.005497787,TREMOR,f50d836cae05
1777351068695,10910890092413,1.400608,2.0829554,9.718064,0.02687807,0.012217305,0.032986723,TREMOR,f50d836cae05
1777351068703,10910898087797,1.3838485,1.5729905,9.734824,-0.014049901,-0.017104227,0.02321288,TREMOR,f50d836cae05
1777351068711,10910906113950,0.6895301,1.0366893,9.832987,-0.05375614,-0.027488936,-0.002443461,TREMOR,f50d836cae05
1777351068719,10910914111411,0.39983168,0.89543146,10.0029745,-0.058643065,0.008552114,-0.0012217305,TREMOR,f50d836cae05
1777351068727,10910922104948,0.5243302,1.0007763,9.847352,-0.013439035,0.03970624,0.01038471,TREMOR,f50d836cae05
1777351068735,10910930102255,0.7733272,1.115698,9.414001,0.061086524,0.0030543262,0.018325957,TREMOR,f50d836cae05
1777351068743,10910938097023,1.0366893,1.103727,9.193734,0.06169739,-0.043982297,0.02076942,TREMOR,f50d836cae05
1777351068751,10910946092330,1.067814,1.0175357,9.598354,0.018936822,-0.034208454,0.012217305,TREMOR,f50d836cae05
1777351068759,10910954089329,0.7350199,0.89543146,10.251971,-0.027488936,0.010995574,-0.01038471,TREMOR,f50d836cae05
1777351068767,10910962113637,-0.021547815,0.9624691,10.833763,-0.055588737,0.10445796,-0.039095376,TREMOR,f50d836cae05
1777351068775,10910970110559,-0.10055647,1.3431472,11.051635,-0.031154128,0.14721853,-0.022602014,TREMOR,f50d836cae05
1777351068783,10910978104943,0.5267244,1.4413095,10.170568,0.028710667,0.017104227,0.014660766,TREMOR,f50d836cae05
1777351068791,10910986100403,0.7230489,1.5394717,9.13388,0.054367006,-0.14294247,6.1086525E-4,TREMOR,f50d836cae05
1777351068799,10910994096325,1.13964,1.5586253,8.841787,0.015271631,-0.15271631,-0.0018325958,TREMOR,f50d836cae05
1777351068807,10911002093324,1.3958195,1.3024458,9.148245,-0.049480084,-0.04153884,0.008552114,TREMOR,f50d836cae05
1777351068815,10911010088094,1.3096284,1.0869676,9.782708,-0.07086037,0.02687807,-0.0012217305,TREMOR,f50d836cae05
1777351068823,10911018116093,0.41180268,1.163582,10.125079,-0.03176499,0.03481932,-0.03176499,TREMOR,f50d836cae05
1777351068831,10911026108707,0.0047884034,1.7142484,9.782708,0.050701816,0.034208454,-0.03359759,TREMOR,f50d836cae05
1777351068839,10911034105860,1.1085154,2.3822308,9.461885,0.09773844,0.07147124,0.032375857,TREMOR,f50d836cae05
1777351068847,10911042100320,1.7262194,1.8028339,9.380483,0.0580322,0.007941248,0.037873644,TREMOR,f50d836cae05
1777351068855,10911050095473,1.42455,1.1085154,10.014946,-0.040927973,-0.06414085,0.017104227,TREMOR,f50d836cae05
1777351068863,10911058091165,0.89064306,0.7781156,10.433931,-0.099571034,-0.08002335,0.004276057,TREMOR,f50d836cae05
1777351068871,10911066090242,0.6775591,0.545878,10.33098,-0.06169739,-0.0067195175,0.010995574,TREMOR,f50d836cae05
1777351068879,10911074115702,0.59615624,0.7134721,9.976639,0.034208454,0.073303826,0.012217305,TREMOR,f50d836cae05
1777351068887,10911082109009,0.32561144,1.1013328,9.799467,0.06841691,0.06536258,-0.007330383,TREMOR,f50d836cae05
1777351068895,10911090104008,0.15322891,1.5346833,9.928755,0.040927973,0.047036625,-0.02565634,TREMOR,f50d836cae05
1777351068903,10911098101545,-0.24899697,1.5155296,10.038888,-0.008552114,0.034208454,-0.04153884,TREMOR,f50d836cae05
1777351068911,10911106097314,0.1316811,1.4460979,9.583989,-0.02565634,0.0012217305,-0.010995574,TREMOR,f50d836cae05
1777351068919,10911114094544,1.2186487,1.3359646,9.500193,-0.026267206,-0.036651913,0.0421497,TREMOR,f50d836cae05
1777351068927,10911122117928,1.4221559,1.1994951,9.545682,-0.022602014,-0.10934488,0.007330383,TREMOR,f50d836cae05
1777351068935,10911130112927,1.3239936,1.0103531,9.859323,-0.03176499,-0.09773844,-0.007330383,TREMOR,f50d836cae05
1777351068943,10911138109311,1.271321,0.8738836,10.225636,-0.037873644,0.014660766,-0.002443461,TREMOR,f50d836cae05
1777351068951,10911146105848,0.7374141,1.1061212,10.156203,-0.002443461,0.07452556,-0.025045475,TREMOR,f50d836cae05
1777351068959,10911154102463,0.033518825,1.5729905,9.619903,0.055588737,0.023823744,-0.03604105,TREMOR,f50d836cae05
1777351068967,10911162095769,0.48362875,2.1212628,8.985439,0.09773844,0.0,0.002443461,TREMOR,f50d836cae05
1777351068975,10911170092308,1.388637,2.030283,8.911219,0.08735373,-0.007330383,0.032986723,TREMOR,f50d836cae05
1777351068983,10911178087076,1.6711528,1.5059528,9.821015,0.004886922,-0.016493361,0.03176499,TREMOR,f50d836cae05
1777351068991,10911186112921,1.3455414,1.0606314,10.510546,-0.093462385,-0.053145275,0.01160644,TREMOR,f50d836cae05
1777351068999,10911194111382,0.6560113,0.7110779,10.860099,-0.08674286,-6.1086525E-4,-0.0061086523,TREMOR,f50d836cae05
1777351069007,10911202103996,0.22266077,0.7302315,10.632649,-0.017104227,0.07513642,-0.0030543262,TREMOR,f50d836cae05
1777351069015,10911210100918,0.2657564,1.043872,10.058042,0.048258353,0.09773844,6.1086525E-4,TREMOR,f50d836cae05
1777351069023,10911218095149,0.10055647,1.3958195,9.421184,0.057421334,0.028710667,-0.025045475,TREMOR,f50d836cae05
1777351069031,10911226092379,-0.0023942017,1.6065093,9.105149,0.013439035,-0.028710667,-0.02076942,TREMOR,f50d836cae05
1777351069039,10911234119685,0.82360536,1.3934253,9.169792,-0.029932396,-0.047036625,0.017104227,TREMOR,f50d836cae05
1777351069047,10911242113531,1.292869,1.0462662,9.619903,-0.061086524,-0.06169739,0.021380283,TREMOR,f50d836cae05
1777351069055,10911250111145,1.2665327,0.9648633,10.184934,-0.056199603,-0.07880162,0.0012217305,TREMOR,f50d836cae05
1777351069063,10911258103375,1.2665327,1.067814,10.457873,-0.018936822,0.018325957,-6.1086525E-4,TREMOR,f50d836cae05
1777351069071,10911266099374,0.8690952,1.2234371,10.172963,0.023823744,0.053145275,-0.018325957,TREMOR,f50d836cae05
1777351069079,10911274096297,0.32561144,1.5251064,9.6845455,0.04520403,0.03726278,-0.021380283,TREMOR,f50d836cae05
1777351069087,10911282092681,0.33758244,1.7190368,9.284714,0.053145275,0.01282817,-0.008552114,TREMOR,f50d836cae05
1777351069095,10911290119372,1.0223241,1.5873557,9.057265,0.059253927,-0.017104227,0.015271631,TREMOR,f50d836cae05
1777351069103,10911298113217,1.448492,1.4293385,9.49301,0.0018325958,-0.058643065,0.02443461,TREMOR,f50d836cae05
1777351069111,10911306109293,1.271321,1.2401965,10.187328,-0.04337143,-0.0580322,0.008552114,TREMOR,f50d836cae05
1777351069119,10911314106215,0.9696517,1.0247183,10.589554,-0.048258353,0.01038471,0.004886922,TREMOR,f50d836cae05
1777351069127,10911322099138,0.5722142,1.0079589,10.69011,-0.016493361,0.09101892,-6.1086525E-4,TREMOR,f50d836cae05
1777351069135,10911330094137,0.18674773,1.3239936,10.338163,0.034208454,0.11484267,-0.010995574,TREMOR,f50d836cae05
1777351069143,10911338090136,0.11252748,1.5275006,9.67018,0.043982297,0.03604105,-0.009773844,TREMOR,f50d836cae05
1777351069151,10911346117520,0.30885202,1.6112977,9.002198,0.017715093,-0.042760566,0.0036651916,TREMOR,f50d836cae05
1777351069159,10911354114442,0.8403648,1.2976574,9.109938,-0.03359759,-0.076358154,0.018325957,TREMOR,f50d836cae05
1777351069167,10911362108056,1.1372458,0.94331545,9.68694,-0.069027774,-0.081855945,0.014049901,TREMOR,f50d836cae05
1777351069175,10911370104902,1.1731589,0.94810385,10.218452,-0.045814894,-0.0067195175,6.1086525E-4,TREMOR,f50d836cae05
1777351069183,10911378101286,0.8834604,1.0941502,10.280702,0.0061086523,0.04337143,-0.010995574,TREMOR,f50d836cae05
1777351069191,10911386094439,0.5746084,1.2306197,9.80665,0.04337143,0.049480084,-0.015271631,TREMOR,f50d836cae05
1777351069199,10911394089900,0.50996494,1.2210429,9.672575,0.032375857,0.028099801,-0.009162978,TREMOR,f50d836cae05
1777351069207,10911402115976,0.6967127,1.1923125,9.701305,0.0012217305,-0.036651913,-6.1086525E-4,TREMOR,f50d836cae05
1777351069215,10911410112282,0.81163436,1.3000516,9.722853,6.1086525E-4,-0.059864793,-0.0061086523,TREMOR,f50d836cae05
1777351069223,10911418108974,0.89064306,1.5298948,9.837775,0.004886922,-0.03176499,-0.0061086523,TREMOR,f50d836cae05
1777351069231,10911426103974,1.0271125,1.7190368,10.010158,0.012217305,0.013439035,6.1086525E-4,TREMOR,f50d836cae05
1777351069239,10911434098126,1.1611878,1.7238252,10.055647,0.01160644,0.031154128,0.009162978,TREMOR,f50d836cae05
1777351069247,10911442093818,1.0390835,1.5346833,10.04607,-0.01160644,0.0036651916,0.007941248,TREMOR,f50d836cae05
1777351069255,10911450091432,0.6871359,1.3383588,9.873688,-0.022602014,-0.005497787,0.0012217305,TREMOR,f50d836cae05
1777351069263,10911458116893,0.40222588,1.1468226,9.588778,-0.009773844,0.01160644,0.002443461,TREMOR,f50d836cae05
1777351069271,10911466112353,0.40701428,1.1300632,9.404425,0.015271631,0.032986723,0.0061086523,TREMOR,f50d836cae05
1777351069279,10911474108275,0.6607997,1.2689269,9.425972,0.028099801,0.012217305,0.009773844,TREMOR,f50d836cae05
1777351069287,10911482102199,0.91697925,1.3503298,9.758766,0.010995574,-0.018936822,0.009162978,TREMOR,f50d836cae05
1777351069295,10911490098428,1.0319009,1.316811,10.110714,-0.013439035,-0.027488936,0.012217305,TREMOR,f50d836cae05
1777351069303,10911498095350,0.9816227,1.1252748,10.208876,-0.028099801,-0.010995574,0.01038471,TREMOR,f50d836cae05
1777351069311,10911506089503,0.8523358,0.9888053,10.254366,-0.032375857,0.016493361,0.007330383,TREMOR,f50d836cae05
1777351069319,10911514116656,0.6751649,0.9864111,10.038888,-0.0067195175,0.007330383,-6.1086525E-4,TREMOR,f50d836cae05
1777351069327,10911522111117,0.47644615,1.0199299,9.679757,0.015882496,-6.1086525E-4,-0.009773844,TREMOR,f50d836cae05
1777351069335,10911530109577,0.35673606,1.1228806,9.595961,0.014660766,0.023823744,-0.014660766,TREMOR,f50d836cae05
1777351069343,10911538102193,0.6368576,1.2569559,9.768343,6.1086525E-4,0.02076942,-0.0018325958,TREMOR,f50d836cae05
1777351069351,10911546100961,0.79726917,1.2856863,9.725247,0.0012217305,-0.023823744,6.1086525E-4,TREMOR,f50d836cae05
1777351069359,10911554095421,0.8451532,1.3096284,9.818622,-0.007330383,-0.031154128,-0.0061086523,TREMOR,f50d836cae05
1777351069367,10911562089497,0.89782566,1.3239936,9.883265,-0.009773844,-0.0061086523,-0.002443461,TREMOR,f50d836cae05
1777351069375,10911570116958,0.7781156,1.2545617,9.775525,0.0012217305,-6.1086525E-4,-0.0061086523,TREMOR,f50d836cae05
1777351069383,10911578111957,0.6584055,1.2210429,9.718064,0.0067195175,0.0067195175,-0.009773844,TREMOR,f50d836cae05
1777351069391,10911586106419,0.7110779,1.3551182,10.0029745,-0.0061086523,0.01160644,-0.007330383,TREMOR,f50d836cae05
1777351069399,10911594103956,0.6607997,1.4867992,10.041282,0.004276057,-0.008552114,-0.01038471,TREMOR,f50d836cae05
1777351069407,10911602098186,0.7589619,1.5897499,9.911995,0.009773844,-0.01038471,-0.005497787,TREMOR,f50d836cae05
1777351069415,10911610093800,0.93134445,1.7812861,9.907207,-0.0012217305,-0.0036651916,0.0036651916,TREMOR,f50d836cae05
1777351069423,10911618090415,1.1587936,1.8507179,9.792285,-0.01282817,-0.01282817,0.013439035,TREMOR,f50d836cae05
1777351069431,10911626115721,1.2066777,1.541866,9.531317,-0.009162978,-0.020158553,0.018936822,TREMOR,f50d836cae05
1777351069439,10911634111951,0.9672575,1.1683705,9.43076,-0.015271631,-0.0061086523,0.009162978,TREMOR,f50d836cae05
1777351069447,10911642106105,0.5363012,0.8403648,9.476251,-0.01160644,0.01038471,0.002443461,TREMOR,f50d836cae05
1777351069455,10911650103412,0.40701428,0.80445176,9.674969,-6.1086525E-4,0.032986723,0.0036651916,TREMOR,f50d836cae05
1777351069463,10911658098103,0.641646,1.1994951,10.072407,0.020158553,0.04886922,0.013439035,TREMOR,f50d836cae05
1777351069471,10911666094717,0.7565677,1.30484,9.969456,0.04642576,0.004886922,0.012217305,TREMOR,f50d836cae05
1777351069479,10911674089793,1.0630256,1.3072342,9.825804,0.043982297,-0.02565634,0.02443461,TREMOR,f50d836cae05
1777351069487,10911682115639,1.127669,1.2282255,9.92636,0.015882496,-0.022602014,0.021380283,TREMOR,f50d836cae05
1777351069495,10911690111023,0.79248077,1.0702082,10.108319,-0.018325957,-0.014049901,0.0067195175,TREMOR,f50d836cae05
1777351069503,10911698108561,0.5530606,1.0366893,10.170568,-0.0421497,0.03359759,-0.0030543262,TREMOR,f50d836cae05
1777351069511,10911706102790,0.22266077,0.92416185,10.175357,-0.03176499,0.06169739,-0.01282817,TREMOR,f50d836cae05
1777351069519,10911714097866,-0.12449849,1.0031705,10.0029745,-0.009162978,0.03359759,-0.020158553,TREMOR,f50d836cae05
1777351069527,10911722092942,0.30645782,1.292869,9.787497,0.007330383,-0.0061086523,-0.0061086523,TREMOR,f50d836cae05
1777351069535,10911730088249,0.89303726,1.5729905,9.624691,0.0061086523,-0.03848451,0.002443461,TREMOR,f50d836cae05
1777351069543,10911738115017,1.0414777,1.5945383,9.313444,0.009162978,-0.08246681,-0.007330383,TREMOR,f50d836cae05
1777351069551,10911746111633,1.1468226,1.436521,9.452309,-0.015882496,-0.03481932,-0.0030543262,TREMOR,f50d836cae05
1777351069559,10911754106401,1.1013328,1.2210429,9.785102,-0.036651913,0.012217305,-0.0036651916,TREMOR,f50d836cae05
1777351069567,10911762101785,0.89064306,1.0295067,9.947908,-0.030543262,0.020158553,-0.01038471,TREMOR,f50d836cae05
1777351069575,10911770097476,0.6823475,0.9959879,10.0341,-0.009773844,0.007330383,-0.014660766,TREMOR,f50d836cae05
1777351069583,10911778092013,0.59615624,1.2689269,10.04607,0.012217305,0.0,-0.017715093,TREMOR,f50d836cae05
1777351069591,10911786087935,0.6392518,2.0518308,10.0341,0.035430185,-0.0030543262,-0.018936822,TREMOR,f50d836cae05
1777351069599,10911794115397,1.0989386,2.6312277,9.598354,0.06352998,-0.0067195175,0.004886922,TREMOR,f50d836cae05
1777351069607,10911802111704,1.9488802,2.0446482,9.404425,0.04153884,-0.009773844,0.049480084,TREMOR,f50d836cae05
1777351069615,10911810107087,1.5753847,1.30484,9.67018,-0.05131268,-0.026267206,0.02321288,TREMOR,f50d836cae05
1777351069623,10911818100933,0.60094464,0.90500826,9.923966,-0.081855945,-0.02443461,-0.0067195175,TREMOR,f50d836cae05
1777351069631,10911826096547,0.2705448,0.6440403,9.880871,-0.049480084,0.028710667,-0.004276057,TREMOR,f50d836cae05
1777351069639,10911834094777,0.21308395,0.7254431,9.722853,0.013439035,0.086132,0.005497787,TREMOR,f50d836cae05
1777351069647,10911842087314,0.50996494,1.0055647,9.56723,0.06352998,0.0580322,0.020158553,TREMOR,f50d836cae05
1777351069655,10911850115699,0.80445176,1.1085154,9.67018,0.04642576,-0.015882496,0.02076942,TREMOR,f50d836cae05
1777351069663,10911858111006,0.90740246,1.1420342,10.079589,0.004276057,-0.043982297,0.007330383,TREMOR,f50d836cae05
1777351069671,10911866105543,0.6560113,1.2306197,10.30225,-0.028710667,-0.025045475,-0.01038471,TREMOR,f50d836cae05
1777351069679,10911874103004,0.47165772,1.3120226,10.266336,-0.031154128,0.021991149,-0.01038471,TREMOR,f50d836cae05
1777351069687,10911882097849,0.37828386,1.2258313,10.113108,-0.0012217305,0.06841691,-0.007330383,TREMOR,f50d836cae05
1777351069695,10911890092309,0.36152446,1.2808979,9.799467,0.009162978,-0.002443461,-0.01038471,TREMOR,f50d836cae05
1777351069703,10911898088309,0.7038953,1.3120226,9.631873,0.0012217305,-0.04337143,-0.0018325958,TREMOR,f50d836cae05
1777351069711,10911906113155,0.770933,1.2976574,9.464279,-0.0018325958,-0.048258353,-0.008552114,TREMOR,f50d836cae05
1777351069719,10911914109846,0.8810662,1.2545617,9.507375,-0.009162978,-0.018936822,-0.004886922,TREMOR,f50d836cae05
1777351069727,10911922106691,0.8595184,1.1468226,9.646238,-0.012217305,0.004886922,-0.007941248,TREMOR,f50d836cae05
1777351069735,10911930103921,0.7015011,0.9504981,9.742006,-0.007941248,0.002443461,-0.014660766,TREMOR,f50d836cae05
1777351069743,10911938096228,0.7541735,1.0606314,9.974244,-6.1086525E-4,-0.0030543262,-0.010995574,TREMOR,f50d836cae05
1777351069751,10911946093842,0.81881696,1.5227122,10.101137,0.021991149,-0.01160644,-0.01038471,TREMOR,f50d836cae05
1777351069759,10911954088919,0.9959879,2.2050598,9.923966,0.06780604,0.004276057,0.0012217305,TREMOR,f50d836cae05
1777351069767,10911962113456,1.4437037,2.0326772,9.7084875,0.058643065,0.036651913,0.025045475,TREMOR,f50d836cae05
1777351069775,10911970109148,1.3024458,1.553837,10.09156,-0.01282817,0.029321533,0.02321288,TREMOR,f50d836cae05
1777351069783,10911978105762,0.60573304,1.2641385,10.259154,-0.07086037,-0.01282817,0.0018325958,TREMOR,f50d836cae05
1777351069791,10911986099992,0.22266077,0.9888053,9.710882,-0.04520403,-0.026267206,0.0018325958,TREMOR,f50d836cae05
1777351069799,10911994097452,0.49799395,0.8595184,9.220071,0.026267206,0.029932396,0.026267206,TREMOR,f50d836cae05
1777351069807,10912002091683,0.878672,0.80205756,9.196129,0.03970624,0.03176499,0.02687807,TREMOR,f50d836cae05
1777351069815,10912010090067,0.79966336,0.830788,9.701305,0.009773844,-0.014660766,0.009162978,TREMOR,f50d836cae05
1777351069823,10912018114143,0.6560113,1.055843,10.309433,-0.032375857,-0.03359759,-0.005497787,TREMOR,f50d836cae05
1777351069831,10912026111680,0.5554548,1.115698,10.508151,-0.03848451,0.029932396,-0.014049901,TREMOR,f50d836cae05
1777351069839,10912034104910,0.28491,1.1420342,10.340557,0.007941248,0.073303826,-0.019547688,TREMOR,f50d836cae05
1777351069847,10912042100524,0.58418524,1.4293385,9.799467,0.043982297,0.027488936,-0.0036651916,TREMOR,f50d836cae05
1777351069855,10912050098447,0.830788,1.6807296,9.706094,0.028099801,-0.017104227,-0.01160644,TREMOR,f50d836cae05
1777351069863,10912058092293,0.7757214,1.4460979,9.653421,-0.002443461,-0.052534413,-0.017715093,TREMOR,f50d836cae05
1777351069871,10912066117830,0.91458505,1.2952632,9.742006,-0.040927973,-0.039095376,0.0012217305,TREMOR,f50d836cae05
1777351069879,10912074112829,0.90740246,1.1252748,9.813833,-0.042760566,-0.01038471,0.004276057,TREMOR,f50d836cae05
1777351069887,10912082108521,0.7565677,1.115698,9.667787,-0.014660766,0.0018325958,-0.005497787,TREMOR,f50d836cae05
1777351069895,10912090105443,0.7062895,1.3000516,9.64145,0.015271631,0.0067195175,-0.0061086523,TREMOR,f50d836cae05
1777351069903,10912098101519,0.93613285,1.8004397,9.442732,0.06780604,-0.013439035,0.002443461,TREMOR,f50d836cae05
1777351069911,10912106095903,1.4652514,2.054225,9.32781,0.081855945,-0.018325957,0.02076942,TREMOR,f50d836cae05
1777351069919,10912114092595,1.6448165,1.6256629,9.816227,0.034208454,0.017104227,0.023823744,TREMOR,f50d836cae05
1777351069927,10912122088209,1.2856863,1.0845734,10.577583,-0.059864793,0.044593163,0.018325957,TREMOR,f50d836cae05
1777351069935,10912130114054,0.44771573,0.6943185,10.876859,-0.11301007,0.028710667,0.004276057,TREMOR,f50d836cae05
1777351069943,10912138109822,0.035913024,0.51475334,10.21127,-0.040317107,-6.1086525E-4,-0.0061086523,TREMOR,f50d836cae05
1777351069951,10912146103975,0.19632454,0.8283938,9.437943,0.04153884,0.002443461,0.0036651916,TREMOR,f50d836cae05
1777351069959,10912154101128,0.18195933,1.745373,9.059659,0.080634214,0.037873644,-0.014049901,TREMOR,f50d836cae05
1777351069967,10912162095359,0.37349546,1.8794483,8.935161,0.07086037,0.055588737,-0.01160644,TREMOR,f50d836cae05
1777351069975,10912170091358,0.89303726,1.5873557,9.753978,-0.009162978,0.021991149,0.015271631,TREMOR,f50d836cae05
1777351069983,10912178118049,0.7757214,1.3359646,10.448297,-0.08979719,-0.069027774,0.0036651916,TREMOR,f50d836cae05
1777351069991,10912186112587,0.9576807,1.0079589,10.443508,-0.056199603,-0.07941248,0.010995574,TREMOR,f50d836cae05
1777351069999,10912194109817,1.3024458,0.9600749,10.048465,0.004886922,-0.026267206,0.014660766,TREMOR,f50d836cae05
1777351070007,10912202103969,1.1109096,1.0582372,9.576807,0.04337143,0.0030543262,-0.004276057,TREMOR,f50d836cae05
1777351070015,10912210100892,0.51954174,1.0199299,9.435549,0.034208454,0.027488936,-0.018936822,TREMOR,f50d836cae05
1777351070023,10912218096199,0.29688102,1.0749966,9.41879,0.032375857,0.031154128,-0.01282817,TREMOR,f50d836cae05
1777351070031,10912226093429,0.6368576,1.484405,9.67018,0.03726278,0.028710667,-0.0030543262,TREMOR,f50d836cae05
1777351070039,10912234086120,0.9744401,1.733402,10.070012,0.020158553,0.004886922,0.0067195175,TREMOR,f50d836cae05
1777351070047,10912242113735,1.103727,1.7477672,10.553641,-0.023823744,-0.018325957,0.0061086523,TREMOR,f50d836cae05
1777351070055,10912250108811,0.9648633,1.5634137,10.5704,-0.05681047,-0.02076942,0.008552114,TREMOR,f50d836cae05
1777351070063,10912258103348,0.61530983,1.4221559,9.775525,-0.020158553,0.0067195175,0.0,TREMOR,f50d836cae05
1777351070071,10912266098733,0.47405192,1.4077905,9.129091,0.023823744,0.027488936,-0.0061086523,TREMOR,f50d836cae05
1777351070079,10912274096270,0.63206923,1.4460979,8.966286,0.03176499,0.018325957,6.1086525E-4,TREMOR,f50d836cae05
1777351070087,10912282090731,0.7757214,1.3215994,9.43076,-0.015271631,-0.016493361,0.002443461,TREMOR,f50d836cae05
1777351070095,10912290087345,0.7685388,1.1061212,10.0029745,-0.045814894,-0.01282817,0.0018325958,TREMOR,f50d836cae05
1777351070103,10912298114652,0.7326257,0.78769237,10.295067,-0.037873644,0.0012217305,0.0018325958,TREMOR,f50d836cae05
1777351070111,10912306109728,0.7781156,0.6919243,10.070012,0.002443461,0.0030543262,0.0,TREMOR,f50d836cae05
1777351070119,10912314105419,0.81881696,0.91937345,9.691729,0.03970624,-0.007330383,-0.004276057,TREMOR,f50d836cae05
1777351070127,10912322099342,0.7517793,1.2856863,9.607931,0.047647487,-0.0012217305,-0.013439035,TREMOR,f50d836cae05
1777351070135,10912330094034,0.6967127,1.5394717,9.809045,0.02321288,0.015882496,-0.015882496,TREMOR,f50d836cae05
1777351070143,10912338092494,0.7254431,1.6400281,10.223241,-0.013439035,0.017715093,-0.007330383,TREMOR,f50d836cae05
1777351070151,10912346117724,0.7110779,1.5610195,10.402806,-0.037873644,0.002443461,-6.1086525E-4,TREMOR,f50d836cae05
1777351070159,10912354113185,0.7158663,1.4341269,9.983821,-0.014660766,-0.026267206,0.0012217305,TREMOR,f50d836cae05
1777351070167,10912362107876,0.8283938,1.3694834,9.449914,0.010995574,-0.029932396,0.005497787,TREMOR,f50d836cae05
1777351070175,10912370104184,0.94570965,1.3311762,9.165004,0.01282817,-0.017715093,0.0036651916,TREMOR,f50d836cae05
1777351070183,10912378098952,0.90500826,1.2593501,9.356541,-0.005497787,-0.007941248,-0.0018325958,TREMOR,f50d836cae05
1777351070191,10912386093720,0.79008657,1.1851299,9.742006,-0.018325957,0.009162978,-0.002443461,TREMOR,f50d836cae05
1777351070199,10912394089796,0.81642276,1.1348516,10.0508585,-0.0061086523,0.02443461,-6.1086525E-4,TREMOR,f50d836cae05
1777351070207,10912402086410,0.8451532,1.13964,10.084377,0.0067195175,0.007330383,0.002443461,TREMOR,f50d836cae05
1777351070215,10912410113102,0.80924016,1.2425907,9.935937,0.014049901,-0.009773844,6.1086525E-4,TREMOR,f50d836cae05
1777351070223,10912418107947,0.7445967,1.2689269,9.770737,0.015271631,-0.0067195175,0.0,TREMOR,f50d836cae05
1777351070231,10912426102408,0.7086837,1.2856863,9.775525,0.007330383,0.004886922,-0.0018325958,TREMOR,f50d836cae05
1777351070239,10912434101177,0.6488287,1.3215994,9.89763,-0.004886922,0.01160644,-0.0012217305,TREMOR,f50d836cae05
1777351070247,10912442094407,0.63206923,1.3072342,9.983821,-0.007941248,0.004276057,6.1086525E-4,TREMOR,f50d836cae05
1777351070255,10912450090636,0.6943185,1.2952632,9.94312,-0.0061086523,-0.0036651916,0.005497787,TREMOR,f50d836cae05
1777351070263,10912458116481,0.770933,1.2856863,9.787497,-0.0012217305,-0.009162978,0.0030543262,TREMOR,f50d836cae05
1777351070271,10912466110942,0.79487497,1.30484,9.660604,0.0030543262,-0.0061086523,0.002443461,TREMOR,f50d836cae05
1777351070279,10912474110096,0.81402856,1.3024458,9.627085,0.0030543262,0.0030543262,0.0018325958,TREMOR,f50d836cae05
1777351070287,10912482102633,0.830788,1.3311762,9.7084875,6.1086525E-4,0.008552114,0.0018325958,TREMOR,f50d836cae05
1777351070295,10912490099017,0.830788,1.3335704,9.809045,-0.0018325958,0.002443461,0.0018325958,TREMOR,f50d836cae05
1777351070303,10912498093785,0.8331822,1.3215994,9.864111,-6.1086525E-4,0.0,0.0030543262,TREMOR,f50d836cae05
1777351070311,10912506090707,0.81642276,1.2952632,9.892841,0.0018325958,0.0018325958,6.1086525E-4,TREMOR,f50d836cae05
1777351070319,10912514117091,0.7422025,1.3024458,9.876082,0.0036651916,0.004276057,0.0,TREMOR,f50d836cae05
1777351070327,10912522114090,0.6847417,1.2785037,9.825804,0.0036651916,0.0061086523,6.1086525E-4,TREMOR,f50d836cae05
1777351070335,10912530107013,0.6727707,1.292869,9.818622,0.0018325958,0.0018325958,0.0,TREMOR,f50d836cae05
1777351070343,10912538104551,0.7230489,1.3000516,9.811439,-6.1086525E-4,-0.0018325958,0.0030543262,TREMOR,f50d836cae05
1777351070351,10912546098703,0.7541735,1.2880806,9.832987,-0.0012217305,-0.004276057,0.002443461,TREMOR,f50d836cae05
1777351070359,10912554095241,0.78769237,1.3000516,9.840169,-0.002443461,-0.0012217305,6.1086525E-4,TREMOR,f50d836cae05
1777351070367,10912562091855,0.7637503,1.2904748,9.828198,-0.0012217305,0.0018325958,-6.1086525E-4,TREMOR,f50d836cae05
1777351070375,10912570118085,0.770933,1.3000516,9.816227,0.0018325958,0.0036651916,0.0018325958,TREMOR,f50d836cae05
1777351070383,10912578110931,0.770933,1.2785037,9.787497,6.1086525E-4,6.1086525E-4,6.1086525E-4,TREMOR,f50d836cae05
1777351070391,10912586108161,0.7469909,1.2952632,9.785102,6.1086525E-4,-0.0012217305,0.0,TREMOR,f50d836cae05
1777351070399,10912594103006,0.7517793,1.3120226,9.792285,0.0018325958,-6.1086525E-4,-6.1086525E-4,TREMOR,f50d836cae05
1777351070407,10912602097698,0.78050977,1.30484,9.785102,0.0,-6.1086525E-4,0.0,TREMOR,f50d836cae05
1777351070415,10912610094620,0.7661445,1.3000516,9.842564,-0.0030543262,0.0012217305,0.0012217305,TREMOR,f50d836cae05
1777351070423,10912618090311,0.79008657,1.2952632,9.847352,-0.0030543262,-0.0012217305,6.1086525E-4,TREMOR,f50d836cae05
1777351070431,10912626114925,0.80205756,1.2976574,9.82341,0.002443461,0.0012217305,0.0018325958,TREMOR,f50d836cae05
1777351070439,10912634110618,0.78529817,1.3192052,9.80665,0.002443461,0.002443461,-6.1086525E-4,TREMOR,f50d836cae05
1777351070447,10912642107617,0.7661445,1.2904748,9.80665,6.1086525E-4,0.0030543262,0.0012217305,TREMOR,f50d836cae05
1777351070455,10912650102000,0.7637503,1.2904748,9.811439,-0.002443461,6.1086525E-4,0.0012217305,TREMOR,f50d836cae05
1777351070463,10912658098692,0.7589619,1.283292,9.80665,-0.0012217305,-0.0012217305,0.002443461,TREMOR,f50d836cae05
1777351070471,10912666093075,0.770933,1.3000516,9.809045,0.0,0.0012217305,0.0018325958,TREMOR,f50d836cae05
1777351070479,10912674089074,0.7374141,1.316811,9.797073,0.002443461,6.1086525E-4,0.0012217305,TREMOR,f50d836cae05
1777351070487,10912682116459,0.7182605,1.2689269,9.811439,0.0018325958,0.0061086523,0.0,TREMOR,f50d836cae05
1777351070495,10912690111920,0.6943185,1.2737153,9.832987,-0.0012217305,0.0036651916,-6.1086525E-4,TREMOR,f50d836cae05
1777351070503,10912698105765,0.6823475,1.283292,9.864111,-0.0018325958,0.0012217305,6.1086525E-4,TREMOR,f50d836cae05
1777351070511,10912706103225,0.7038953,1.2904748,9.854534,-0.0018325958,-0.0018325958,0.0012217305,TREMOR,f50d836cae05
1777351070519,10912714098378,0.7278373,1.2785037,9.85214,0.0,-0.0036651916,-6.1086525E-4,TREMOR,f50d836cae05
1777351070527,10912722094300,0.7541735,1.2689269,9.825804,-0.004276057,-0.0018325958,0.0012217305,TREMOR,f50d836cae05
1777351070535,10912730091222,0.79966336,1.2689269,9.813833,-0.004276057,-0.002443461,6.1086525E-4,TREMOR,f50d836cae05
1777351070543,10912738115222,0.830788,1.2689269,9.787497,-0.0012217305,-0.0012217305,0.0012217305,TREMOR,f50d836cae05
1777351070551,10912746110068,0.8331822,1.2808979,9.7803135,6.1086525E-4,6.1086525E-4,0.0012217305,TREMOR,f50d836cae05
1777351070559,10912754105990,0.79487497,1.3263878,9.782708,0.0018325958,0.0036651916,-6.1086525E-4,TREMOR,f50d836cae05
1777351070567,10912762103219,0.7565677,1.3215994,9.809045,0.0,0.004886922,0.0,TREMOR,f50d836cae05
1777351070575,10912770098988,0.7230489,1.3239936,9.811439,-6.1086525E-4,0.0036651916,-0.0012217305,TREMOR,f50d836cae05
1777351070583,10912778094064,0.7493851,1.3215994,9.801862,-0.0012217305,0.0012217305,0.0,TREMOR,f50d836cae05
1777351070591,10912786088217,0.7589619,1.3215994,9.8042555,-0.0012217305,-0.0036651916,6.1086525E-4,TREMOR,f50d836cae05
1777351070599,10912794114370,0.7781156,1.316811,9.8042555,0.0,-0.0018325958,0.0012217305,TREMOR,f50d836cae05
1777351070607,10912802110292,0.7757214,1.2856863,9.80665,-6.1086525E-4,6.1086525E-4,6.1086525E-4,TREMOR,f50d836cae05
1777351070615,10912810105984,0.7278373,1.2808979,9.837775,-0.0012217305,0.004276057,-0.0012217305,TREMOR,f50d836cae05
1777351070623,10912818102906,0.7182605,1.2593501,9.85214,-0.0030543262,0.0067195175,-0.0012217305,TREMOR,f50d836cae05
1777351070631,10912826097751,0.7422025,1.2354081,9.830592,-6.1086525E-4,0.0012217305,0.0,TREMOR,f50d836cae05
1777351070639,10912834093750,0.7350199,1.2521675,9.828198,-0.0018325958,-0.002443461,0.0,TREMOR,f50d836cae05
1777351070647,10912842087827,0.7781156,1.2521675,9.811439,-6.1086525E-4,-0.002443461,6.1086525E-4,TREMOR,f50d836cae05
1777351070655,10912850114057,0.80205756,1.283292,9.770737,6.1086525E-4,6.1086525E-4,0.0012217305,TREMOR,f50d836cae05
1777351070663,10912858109363,0.78529817,1.292869,9.7803135,0.0012217305,0.0018325958,0.0012217305,TREMOR,f50d836cae05
1777351070671,10912866105132,0.7661445,1.3311762,9.813833,0.0018325958,0.0030543262,0.0,TREMOR,f50d836cae05
1777351070679,10912874101669,0.79008657,1.3239936,9.825804,6.1086525E-4,0.0,0.0012217305,TREMOR,f50d836cae05
1777351070687,10912882098053,0.7685388,1.3120226,9.797073,0.0012217305,0.0,6.1086525E-4,TREMOR,f50d836cae05
1777351070695,10912890091899,0.7589619,1.3311762,9.818622,0.0,0.0030543262,-6.1086525E-4,TREMOR,f50d836cae05
1777351070703,10912898117437,0.7565677,1.30484,9.847352,-0.0018325958,0.0030543262,0.0,TREMOR,f50d836cae05
1777351070711,10912906113974,0.7445967,1.3096284,9.847352,-0.002443461,0.0,6.1086525E-4,TREMOR,f50d836cae05
1777351070719,10912914108742,0.7469909,1.2904748,9.847352,-0.0018325958,-6.1086525E-4,0.0012217305,TREMOR,f50d836cae05
1777351070727,10912922105357,0.7589619,1.2976574,9.8042555,-6.1086525E-4,0.0,0.0,TREMOR,f50d836cae05
1777351070735,10912930100817,0.7350199,1.3096284,9.787497,0.0,0.0,6.1086525E-4,TREMOR,f50d836cae05
1777351070743,10912938379336,0.7493851,1.2976574,9.785102,-0.0018325958,-6.1086525E-4,-0.0012217305,TREMOR,f50d836cae05
1777351070751,10912946374126,0.7350199,1.2880806,9.813833,-0.0030543262,0.0018325958,0.0012217305,TREMOR,f50d836cae05
1777351070759,10912954399991,0.7278373,1.2737153,9.828198,-6.1086525E-4,6.1086525E-4,6.1086525E-4,TREMOR,f50d836cae05
1777351070767,10912962395626,0.7517793,1.2808979,9.835381,0.0,-6.1086525E-4,-6.1086525E-4,TREMOR,f50d836cae05
1777351070775,10912970390184,0.7445967,1.2689269,9.844957,0.0,0.0012217305,6.1086525E-4,TREMOR,f50d836cae05
1777351070783,10912978385588,0.7565677,1.30484,9.818622,-6.1086525E-4,0.0012217305,-0.0018325958,TREMOR,f50d836cae05
1777351070791,10912986381608,0.7661445,1.3192052,9.835381,-6.1086525E-4,-6.1086525E-4,6.1086525E-4,TREMOR,f50d836cae05
1777351070799,10912994378474,0.79726917,1.2856863,9.818622,-6.1086525E-4,-0.0030543262,6.1086525E-4,TREMOR,f50d836cae05
1777351070807,10913002371494,0.78529817,1.2904748,9.811439,-0.0012217305,0.0,6.1086525E-4,TREMOR,f50d836cae05
1777351070815,10913010369589,0.7637503,1.2856863,9.813833,-0.0030543262,0.0012217305,0.0012217305,TREMOR,f50d836cae05
1777351070823,10913018395533,0.7541735,1.2665327,9.821015,-0.0018325958,0.0036651916,0.0,TREMOR,f50d836cae05
1777351070831,10913026391167,0.7422025,1.2689269,9.799467,-6.1086525E-4,0.0012217305,6.1086525E-4,TREMOR,f50d836cae05
1777351070839,10913034385649,0.7589619,1.3072342,9.799467,0.0,-0.0012217305,0.0012217305,TREMOR,f50d836cae05
1777351070847,10913042381744,0.7685388,1.2904748,9.809045,-6.1086525E-4,-0.0012217305,6.1086525E-4,TREMOR,f50d836cae05
1777351070855,10913050377149,0.7613561,1.2689269,9.82341,-6.1086525E-4,0.0,6.1086525E-4,TREMOR,f50d836cae05
1777351070863,10913058372553,0.7469909,1.30484,9.830592,0.0012217305,0.0012217305,6.1086525E-4,TREMOR,f50d836cae05
1777351070871,10913066401111,0.7254431,1.2952632,9.828198,-6.1086525E-4,0.0036651916,0.0,TREMOR,f50d836cae05
1777351070879,10913074397208,0.7302315,1.2976574,9.830592,-6.1086525E-4,0.0018325958,6.1086525E-4,TREMOR,f50d836cae05
1777351070887,10913082391612,0.7613561,1.2856863,9.842564,-0.0018325958,0.0,0.0,TREMOR,f50d836cae05
1777351070895,10913090384863,0.7661445,1.283292,9.830592,0.0,-6.1086525E-4,6.1086525E-4,TREMOR,f50d836cae05
1777351070903,10913098382112,0.7613561,1.2785037,9.811439,6.1086525E-4,-6.1086525E-4,-6.1086525E-4,TREMOR,f50d836cae05
1777351070911,10913106376594,0.7757214,1.2880806,9.825804,6.1086525E-4,6.1086525E-4,0.0,TREMOR,f50d836cae05
1777351070919,10913114373228,0.7685388,1.292869,9.811439,-0.0012217305,0.0,0.0,TREMOR,f50d836cae05
1777351070927,10913122399787,0.78769237,1.2689269,9.821015,-0.002443461,0.0,0.0,TREMOR,f50d836cae05
1777351070935,10913130394575,0.78529817,1.271321,9.816227,-0.002443461,0.0,0.0012217305,TREMOR,f50d836cae05
1777351070943,10913138389595,0.7733272,1.2569559,9.830592,-6.1086525E-4,-0.0012217305,6.1086525E-4,TREMOR,f50d836cae05
1777351070951,10913146385615,0.7781156,1.2641385,9.832987,-0.0012217305,0.0018325958,0.0012217305,TREMOR,f50d836cae05
1777351070959,10913154381711,0.78050977,1.2617443,9.821015,0.0,0.0012217305,0.0018325958,TREMOR,f50d836cae05
1777351070967,10913162378654,0.7422025,1.3000516,9.809045,-6.1086525E-4,0.002443461,0.0,TREMOR,f50d836cae05
1777351070975,10913170373135,0.7182605,1.2856863,9.811439,-6.1086525E-4,0.0012217305,6.1086525E-4,TREMOR,f50d836cae05
1777351070983,10913178399001,0.7158663,1.2808979,9.82341,-0.0012217305,0.0012217305,0.0018325958,TREMOR,f50d836cae05
1777351070991,10913186393789,0.7230489,1.3096284,9.825804,0.0,-0.0012217305,6.1086525E-4,TREMOR,f50d836cae05
1777351070999,10913194390963,0.7565677,1.3072342,9.828198,0.0,0.0012217305,0.002443461,TREMOR,f50d836cae05
1777351071007,10913202383982,0.7589619,1.2952632,9.842564,-0.004276057,0.0,0.0018325958,TREMOR,f50d836cae05
1777351071015,10913210382694,0.7493851,1.2808979,9.873688,-0.005497787,-0.0018325958,6.1086525E-4,TREMOR,f50d836cae05
1777351071023,10913218377560,0.7398083,1.2641385,9.859323,-0.004886922,-0.0012217305,0.0018325958,TREMOR,f50d836cae05
1777351071031,10913226373810,0.7422025,1.2737153,9.840169,-0.0036651916,0.0030543262,6.1086525E-4,TREMOR,f50d836cae05
1777351071039,10913234367446,0.7445967,1.2880806,9.821015,-0.004886922,6.1086525E-4,6.1086525E-4,TREMOR,f50d836cae05
1777351071047,10913242394772,0.7206547,1.2904748,9.813833,-0.004886922,-0.0018325958,-6.1086525E-4,TREMOR,f50d836cae05
1777351071055,10913250389869,0.7422025,1.292869,9.816227,-0.004886922,-0.0018325958,0.0,TREMOR,f50d836cae05
1777351071063,10913258384735,0.7781156,1.316811,9.801862,-0.0036651916,-6.1086525E-4,0.0012217305,TREMOR,f50d836cae05
1777351071071,10913266380678,0.80445176,1.3120226,9.792285,-0.0018325958,-0.0018325958,0.0018325958,TREMOR,f50d836cae05
1777351071079,10913274375543,0.8403648,1.3311762,9.832987,-0.004886922,-0.0018325958,0.0018325958,TREMOR,f50d836cae05
1777351071087,10913282371871,0.82360536,1.2904748,9.816227,-0.004276057,0.004886922,0.002443461,TREMOR,f50d836cae05
1777351071095,10913290398043,0.8331822,1.2785037,9.856929,-0.007330383,0.009162978,0.004276057,TREMOR,f50d836cae05
1777351071103,10913298394910,0.7637503,1.283292,9.85214,-0.005497787,0.005497787,0.0030543262,TREMOR,f50d836cae05
1777351071111,10913306389699,0.7374141,1.2904748,9.753978,-0.0012217305,0.004276057,6.1086525E-4,TREMOR,f50d836cae05
1777351071119,10913314387641,0.7613561,1.2545617,9.751583,-0.0018325958,0.010995574,0.002443461,TREMOR,f50d836cae05
1777351071127,10913322382353,0.7110779,1.292869,9.830592,-0.008552114,0.004276057,0.002443461,TREMOR,f50d836cae05
1777351071135,10913330376218,0.6895301,1.2785037,9.811439,-0.0061086523,6.1086525E-4,6.1086525E-4,TREMOR,f50d836cae05
1777351071143,10913338374392,0.7589619,1.2569559,9.8042555,0.0012217305,0.0036651916,0.002443461,TREMOR,f50d836cae05
1777351071151,10913346398104,0.80684596,1.3335704,9.849746,0.0,-0.0018325958,0.002443461,TREMOR,f50d836cae05
1777351071159,10913354394431,0.7541735,1.3790601,9.842564,-0.0012217305,-0.0061086523,-6.1086525E-4,TREMOR,f50d836cae05
1777351071167,10913362389220,0.7589619,1.3024458,9.828198,-0.0012217305,0.0012217305,0.002443461,TREMOR,f50d836cae05
1777351071175,10913370386240,0.78529817,1.2234371,9.861717,-0.0030543262,0.0036651916,0.0030543262,TREMOR,f50d836cae05
1777351071183,10913378381951,0.770933,1.2521675,9.880871,-0.0061086523,-0.0012217305,0.0018325958,TREMOR,f50d836cae05
1777351071191,10913386376740,0.78769237,1.2689269,9.8042555,-6.1086525E-4,-0.005497787,0.002443461,TREMOR,f50d836cae05
1777351071199,10913394370914,0.81642276,1.2234371,9.758766,0.0018325958,0.0018325958,0.0012217305,TREMOR,f50d836cae05
1777351071207,10913402398933,0.7613561,1.30484,9.825804,-0.0018325958,0.004276057,6.1086525E-4,TREMOR,f50d836cae05
1777351071215,10913410392799,0.7230489,1.3215994,9.861717,-0.0036651916,0.0036651916,-6.1086525E-4,TREMOR,f50d836cae05
1777351071223,10913418388511,0.7230489,1.2952632,9.801862,0.0061086523,0.0036651916,0.0018325958,TREMOR,f50d836cae05
1777351071231,10913426385377,0.6871359,1.3790601,9.751583,0.01160644,0.0012217305,0.0,TREMOR,f50d836cae05
1777351071239,10913434383242,0.82121116,1.340753,9.737218,0.009162978,0.0030543262,0.004276057,TREMOR,f50d836cae05
1777351071247,10913442375954,0.8619126,1.2018893,9.797073,0.0012217305,0.0036651916,0.005497787,TREMOR,f50d836cae05
1777351071255,10913450374435,0.81163436,1.1540052,9.983821,-0.010995574,0.007330383,0.0018325958,TREMOR,f50d836cae05
1777351071263,10913458398147,0.7374141,1.2330139,10.125079,-0.017104227,0.0036651916,0.0012217305,TREMOR,f50d836cae05
1777351071271,10913466393782,0.7110779,1.3215994,9.9790325,6.1086525E-4,-0.007941248,-0.0012217305,TREMOR,f50d836cae05
1777351071279,10913474389571,0.7493851,1.3335704,9.701305,0.013439035,-0.012217305,0.0018325958,TREMOR,f50d836cae05
1777351071287,10913482385822,0.7685388,1.3670892,9.533711,0.012217305,-0.002443461,0.002443461,TREMOR,f50d836cae05
1777351071295,10913490380379,0.7661445,1.3838485,9.593566,-0.0018325958,0.015882496,0.0036651916,TREMOR,f50d836cae05
1777351071303,10913498376630,0.6703765,1.2952632,9.763555,-0.009162978,0.009162978,6.1086525E-4,TREMOR,f50d836cae05
1777351071311,10913506371495,0.80445176,1.2473791,9.935937,-0.009162978,0.0030543262,0.0067195175,TREMOR,f50d836cae05
1777351071319,10913514396746,0.866701,1.2569559,10.014946,-0.004276057,-6.1086525E-4,0.0061086523,TREMOR,f50d836cae05
1777351071327,10913522395534,0.7781156,1.271321,9.94312,0.005497787,-0.004886922,-0.0012217305,TREMOR,f50d836cae05
1777351071335,10913530391554,0.7182605,1.283292,9.821015,0.0067195175,0.004276057,0.0018325958,TREMOR,f50d836cae05
1777351071343,10913538384420,0.7134721,1.30484,9.82341,-6.1086525E-4,0.007941248,0.0018325958,TREMOR,f50d836cae05
1777351071351,10913546379901,0.770933,1.2808979,9.80665,-0.0012217305,-0.0018325958,0.004886922,TREMOR,f50d836cae05
1777351071359,10913554375844,0.79008657,1.2785037,9.749189,0.0,-0.0061086523,0.004886922,TREMOR,f50d836cae05
1777351071367,10913562371940,0.8331822,1.3335704,9.7803135,-0.0012217305,0.0012217305,0.002443461,TREMOR,f50d836cae05
1777351071375,10913570398421,0.82599956,1.3431472,9.801862,6.1086525E-4,0.007941248,0.002443461,TREMOR,f50d836cae05
1777351071383,10913578392517,0.7517793,1.30484,9.835381,-6.1086525E-4,0.0,0.0012217305,TREMOR,f50d836cae05
1777351071391,10913586388537,0.79726917,1.3239936,9.840169,-0.0012217305,-0.002443461,0.002443461,TREMOR,f50d836cae05
1777351071399,10913594385556,0.830788,1.3120226,9.775525,0.0018325958,0.0,0.004886922,TREMOR,f50d836cae05
1777351071407,10913602381192,0.7445967,1.3000516,9.76116,0.0036651916,0.002443461,6.1086525E-4,TREMOR,f50d836cae05
1777351071415,10913610375442,0.6799533,1.2306197,9.828198,0.0,0.014049901,6.1086525E-4,TREMOR,f50d836cae05
1777351071423,10913618372077,0.62249243,1.1755531,9.959879,-0.004276057,0.016493361,0.002443461,TREMOR,f50d836cae05
1777351071431,10913626398174,0.62009823,1.1683705,9.988609,-0.0036651916,0.004886922,0.002443461,TREMOR,f50d836cae05
1777351071439,10913634393347,0.6919243,1.2569559,9.904813,0.002443461,-0.004276057,0.004886922,TREMOR,f50d836cae05
1777351071447,10913642390213,0.770933,1.316811,9.7803135,0.01038471,-0.007941248,0.0036651916,TREMOR,f50d836cae05
# SUMMARY,duration_ms=22170,accN=2767,gyroN=2767,accAvg=(0.7727751062096126,1.2923999413562501,9.820957399250412),gyroAvg=(-5.082081089787156E-4,5.940868832730699E-4,6.210205762934533E-4)
