# epoch_ms,event_ts_ns,AX,AY,AZ,GX,GY,GZ,label,sessionID
1777347571301,7413495349881,0.89064306,0.2873042,9.904813,NaN,NaN,NaN,TONIC,3471c5a72fcd
1777347571310,7413504079494,0.90979666,0.2657564,9.900024,6.1086525E-4,6.1086525E-4,0.0,TONIC,3471c5a72fcd
1777347571318,7413512075184,0.90500826,0.2825158,9.904813,6.1086525E-4,6.1086525E-4,0.0,TONIC,3471c5a72fcd
1777347571326,7413520072644,0.89782566,0.2705448,9.895236,6.1086525E-4,6.1086525E-4,0.0,TONIC,3471c5a72fcd
1777347571334,7413528066565,0.89303726,0.2801216,9.900024,6.1086525E-4,6.1086525E-4,0.0,TONIC,3471c5a72fcd
1777347571342,7413536061332,0.89782566,0.272939,9.907207,6.1086525E-4,6.1086525E-4,0.0,TONIC,3471c5a72fcd
1777347571350,7413544057253,0.90500826,0.28491,9.904813,6.1086525E-4,6.1086525E-4,0.0,TONIC,3471c5a72fcd
1777347571358,7413552052328,0.89303726,0.272939,9.89763,6.1086525E-4,6.1086525E-4,0.0,TONIC,3471c5a72fcd
1777347571366,7413560079788,0.89303726,0.2801216,9.904813,6.1086525E-4,6.1086525E-4,0.0,TONIC,3471c5a72fcd
1777347571374,7413568073632,0.89064306,0.29209262,9.907207,6.1086525E-4,6.1086525E-4,0.0,TONIC,3471c5a72fcd
1777347571382,7413576070784,0.90021986,0.2705448,9.907207,6.1086525E-4,6.1086525E-4,0.0,TONIC,3471c5a72fcd
1777347571390,7413584064937,0.89064306,0.2657564,9.91439,6.1086525E-4,6.1086525E-4,0.0,TONIC,3471c5a72fcd
1777347571398,7413592061935,0.89303726,0.2777274,9.919178,6.1086525E-4,6.1086525E-4,0.0,TONIC,3471c5a72fcd
1777347571406,7413600056317,0.89064306,0.2777274,9.91439,6.1086525E-4,6.1086525E-4,0.0,TONIC,3471c5a72fcd
1777347571414,7413608081854,0.89782566,0.2753332,9.883265,-6.1086525E-4,0.0,0.0,TONIC,3471c5a72fcd
1777347571422,7413616077852,0.90740246,0.2801216,9.895236,-0.0012217305,-0.0012217305,0.0012217305,TONIC,3471c5a72fcd
1777347571430,7413624075158,0.8858546,0.28491,9.89763,-6.1086525E-4,6.1086525E-4,0.0,TONIC,3471c5a72fcd
1777347571438,7413632071694,0.89064306,0.2753332,9.892841,0.0,0.0,0.0,TONIC,3471c5a72fcd
1777347571446,7413640065923,0.8858546,0.272939,9.888053,-6.1086525E-4,0.0018325958,0.0018325958,TONIC,3471c5a72fcd
1777347571454,7413648060075,0.89064306,0.272939,9.91439,0.0,-6.1086525E-4,6.1086525E-4,TONIC,3471c5a72fcd
1777347571462,7413656057227,0.90261406,0.2681506,9.904813,6.1086525E-4,0.0,6.1086525E-4,TONIC,3471c5a72fcd
1777347571470,7413664052303,0.89782566,0.272939,9.89763,-0.0012217305,6.1086525E-4,0.0012217305,TONIC,3471c5a72fcd
1777347571478,7413672078224,0.89782566,0.2633622,9.89763,6.1086525E-4,6.1086525E-4,6.1086525E-4,TONIC,3471c5a72fcd
1777347571486,7413680074760,0.89303726,0.2825158,9.89763,6.1086525E-4,-6.1086525E-4,0.0,TONIC,3471c5a72fcd
1777347571494,7413688069912,0.878672,0.2873042,9.91439,-6.1086525E-4,0.0012217305,6.1086525E-4,TONIC,3471c5a72fcd
1777347571502,7413696066218,0.8810662,0.28491,9.890448,0.0012217305,0.0012217305,0.0,TONIC,3471c5a72fcd
1777347571510,7413704060677,0.89303726,0.272939,9.885659,6.1086525E-4,0.0,0.0,TONIC,3471c5a72fcd
1777347571518,7413712055752,0.89064306,0.2705448,9.895236,6.1086525E-4,-6.1086525E-4,6.1086525E-4,TONIC,3471c5a72fcd
1777347571526,7413720051058,0.89782566,0.2825158,9.895236,-0.002443461,-6.1086525E-4,0.0012217305,TONIC,3471c5a72fcd
1777347571534,7413728076902,0.89543146,0.2801216,9.900024,0.0,6.1086525E-4,0.0012217305,TONIC,3471c5a72fcd
1777347571542,7413736074208,0.89064306,0.2777274,9.892841,6.1086525E-4,0.0012217305,6.1086525E-4,TONIC,3471c5a72fcd
1777347571550,7413744068360,0.8834604,0.2705448,9.895236,0.0,0.0012217305,0.0012217305,TONIC,3471c5a72fcd
1777347571558,7413752064051,0.90500826,0.2825158,9.89763,6.1086525E-4,0.0018325958,0.0,TONIC,3471c5a72fcd
1777347571566,7413760059741,0.8858546,0.28491,9.895236,-0.0012217305,-0.0018325958,0.0018325958,TONIC,3471c5a72fcd
1777347571574,7413768058201,0.90261406,0.28491,9.907207,6.1086525E-4,0.0012217305,6.1086525E-4,TONIC,3471c5a72fcd
1777347571582,7413776084045,0.89303726,0.2801216,9.904813,0.0,0.0,0.002443461,TONIC,3471c5a72fcd
1777347571590,7413784077812,0.89303726,0.2753332,9.902418,0.0,6.1086525E-4,0.0,TONIC,3471c5a72fcd
1777347571598,7413792072656,0.8762778,0.272939,9.904813,0.0012217305,0.002443461,0.0012217305,TONIC,3471c5a72fcd
1777347571606,7413800071039,0.91458505,0.2753332,9.909601,6.1086525E-4,0.0,0.0012217305,TONIC,3471c5a72fcd
1777347571614,7413808063652,0.90500826,0.2753332,9.900024,-6.1086525E-4,-0.0012217305,0.0012217305,TONIC,3471c5a72fcd
1777347571622,7413816060958,0.89064306,0.28491,9.89763,0.0012217305,0.0018325958,0.0,TONIC,3471c5a72fcd
1777347571630,7413824054802,0.8834604,0.2825158,9.89763,0.0018325958,0.0,6.1086525E-4,TONIC,3471c5a72fcd
1777347571638,7413832080339,0.89064306,0.2801216,9.892841,-0.0012217305,-0.0012217305,0.0012217305,TONIC,3471c5a72fcd
1777347571646,7413840078107,0.8810662,0.2873042,9.89763,0.0012217305,0.0012217305,6.1086525E-4,TONIC,3471c5a72fcd
1777347571654,7413848073490,0.90021986,0.2753332,9.909601,0.0,0.0012217305,0.0018325958,TONIC,3471c5a72fcd
1777347571662,7413856068872,0.8810662,0.272939,9.89763,0.005497787,0.004886922,-0.0012217305,TONIC,3471c5a72fcd
1777347571670,7413864063717,0.90261406,0.2681506,9.904813,-6.1086525E-4,-0.0012217305,6.1086525E-4,TONIC,3471c5a72fcd
1777347571678,7413872060561,0.89782566,0.2777274,9.890448,0.0,-6.1086525E-4,6.1086525E-4,TONIC,3471c5a72fcd
1777347571686,7413880054482,0.90021986,0.2777274,9.900024,0.0012217305,6.1086525E-4,0.0012217305,TONIC,3471c5a72fcd
1777347571694,7413888079941,0.89782566,0.2777274,9.904813,0.0,6.1086525E-4,6.1086525E-4,TONIC,3471c5a72fcd
1777347571702,7413896077862,0.89064306,0.2633622,9.904813,-6.1086525E-4,0.0012217305,0.002443461,TONIC,3471c5a72fcd
1777347571710,7413904073476,0.89064306,0.2777274,9.892841,6.1086525E-4,0.0,0.0,TONIC,3471c5a72fcd
1777347571718,7413912067935,0.90740246,0.2801216,9.902418,0.0,6.1086525E-4,0.0012217305,TONIC,3471c5a72fcd
1777347571726,7413920064626,0.8858546,0.2873042,9.909601,0.0,0.0,0.0030543262,TONIC,3471c5a72fcd
1777347571734,7413928059932,0.89782566,0.2825158,9.919178,0.0,6.1086525E-4,0.0012217305,TONIC,3471c5a72fcd
1777347571742,7413936055007,0.90261406,0.272939,9.911995,-0.0012217305,0.0012217305,6.1086525E-4,TONIC,3471c5a72fcd
1777347571750,7413944080544,0.89303726,0.2633622,9.900024,-0.0012217305,0.0012217305,0.0012217305,TONIC,3471c5a72fcd
1777347571758,7413952076927,0.90021986,0.272939,9.904813,-6.1086525E-4,0.0,0.0012217305,TONIC,3471c5a72fcd
1777347571766,7413960071694,0.8762778,0.29209262,9.916783,-6.1086525E-4,0.0,0.0,TONIC,3471c5a72fcd
1777347571774,7413968067615,0.8762778,0.2681506,9.873688,0.0012217305,0.0,0.0012217305,TONIC,3471c5a72fcd
1777347571782,7413976064613,0.90500826,0.2801216,9.89763,0.0,6.1086525E-4,6.1086525E-4,TONIC,3471c5a72fcd
1777347571790,7413984059996,0.90500826,0.2657564,9.909601,-6.1086525E-4,6.1086525E-4,6.1086525E-4,TONIC,3471c5a72fcd
1777347571798,7413992055917,0.8714894,0.2801216,9.888053,6.1086525E-4,6.1086525E-4,0.0,TONIC,3471c5a72fcd
1777347571806,7414000050453,0.8882488,0.2705448,9.911995,0.0,-6.1086525E-4,-6.1086525E-4,TONIC,3471c5a72fcd
1777347571814,7414008078760,0.8762778,0.2753332,9.911995,0.0,6.1086525E-4,0.0,TONIC,3471c5a72fcd
1777347571822,7414016071373,0.89782566,0.2705448,9.902418,6.1086525E-4,6.1086525E-4,6.1086525E-4,TONIC,3471c5a72fcd
1777347571830,7414024070140,0.878672,0.2896984,9.883265,-0.0012217305,0.0018325958,0.0,TONIC,3471c5a72fcd
1777347571838,7414032065215,0.8810662,0.2657564,9.91439,0.0012217305,-6.1086525E-4,0.0,TONIC,3471c5a72fcd
1777347571846,7414040059906,0.8834604,0.2681506,9.892841,-6.1086525E-4,6.1086525E-4,0.0,TONIC,3471c5a72fcd
1777347571854,7414048054442,0.89303726,0.2777274,9.900024,6.1086525E-4,0.0012217305,0.0,TONIC,3471c5a72fcd
1777347571862,7414056082979,0.90500826,0.28491,9.900024,-0.0012217305,0.0,0.0,TONIC,3471c5a72fcd
1777347571870,7414064077823,0.8810662,0.2681506,9.89763,-0.0012217305,6.1086525E-4,6.1086525E-4,TONIC,3471c5a72fcd
1777347571878,7414072072898,0.8858546,0.2681506,9.900024,0.0012217305,0.0012217305,0.0012217305,TONIC,3471c5a72fcd
1777347571886,7414080068280,0.90021986,0.28491,9.909601,6.1086525E-4,0.0012217305,0.0012217305,TONIC,3471c5a72fcd
1777347571894,7414088063586,0.89782566,0.2825158,9.890448,-6.1086525E-4,6.1086525E-4,-6.1086525E-4,TONIC,3471c5a72fcd
1777347571902,7414096059277,0.8810662,0.2657564,9.895236,0.0,-6.1086525E-4,0.0018325958,TONIC,3471c5a72fcd
1777347571910,7414104053737,0.89782566,0.2777274,9.89763,6.1086525E-4,0.0018325958,0.0,TONIC,3471c5a72fcd
1777347571918,7414112081427,0.91458505,0.29448682,9.902418,0.0,6.1086525E-4,6.1086525E-4,TONIC,3471c5a72fcd
1777347571926,7414120077118,0.8882488,0.2777274,9.89763,-0.0012217305,0.0012217305,0.0018325958,TONIC,3471c5a72fcd
1777347571934,7414128072808,0.91697925,0.2705448,9.890448,-6.1086525E-4,6.1086525E-4,-0.0012217305,TONIC,3471c5a72fcd
1777347571942,7414136067037,0.90021986,0.2801216,9.907207,0.0,0.0012217305,-0.0012217305,TONIC,3471c5a72fcd
1777347571950,7414144064881,0.89543146,0.2705448,9.900024,6.1086525E-4,6.1086525E-4,-6.1086525E-4,TONIC,3471c5a72fcd
1777347571958,7414152058110,0.89064306,0.2705448,9.907207,0.0,6.1086525E-4,0.0012217305,TONIC,3471c5a72fcd
1777347571966,7414160054339,0.89543146,0.2801216,9.902418,0.0,0.0,0.0012217305,TONIC,3471c5a72fcd
1777347571974,7414168082644,0.90261406,0.2753332,9.904813,0.0,6.1086525E-4,0.0,TONIC,3471c5a72fcd
1777347571982,7414176076565,0.89303726,0.2777274,9.909601,-6.1086525E-4,0.0012217305,0.0012217305,TONIC,3471c5a72fcd
1777347571990,7414184071949,0.8858546,0.2825158,9.902418,6.1086525E-4,0.0,6.1086525E-4,TONIC,3471c5a72fcd
1777347571998,7414192067870,0.90261406,0.2681506,9.911995,0.0,0.0012217305,0.0,TONIC,3471c5a72fcd
1777347572006,7414200063560,0.89543146,0.2801216,9.907207,6.1086525E-4,6.1086525E-4,-6.1086525E-4,TONIC,3471c5a72fcd
1777347572014,7414208060482,0.91219085,0.2896984,9.902418,0.0,0.0012217305,6.1086525E-4,TONIC,3471c5a72fcd
1777347572022,7414216054941,0.89303726,0.2753332,9.907207,-6.1086525E-4,0.0012217305,0.0018325958,TONIC,3471c5a72fcd
1777347572030,7414224079939,0.8834604,0.2705448,9.91439,-6.1086525E-4,0.0012217305,0.0012217305,TONIC,3471c5a72fcd
1777347572038,7414232076476,0.89064306,0.2633622,9.904813,0.0,6.1086525E-4,0.0012217305,TONIC,3471c5a72fcd
1777347572046,7414240070704,0.8858546,0.2873042,9.904813,-0.0030543262,0.0012217305,0.0012217305,TONIC,3471c5a72fcd
1777347572054,7414248067010,0.90500826,0.2825158,9.916783,-6.1086525E-4,-6.1086525E-4,0.0,TONIC,3471c5a72fcd
1777347572062,7414256061162,0.89303726,0.28491,9.89763,0.0,0.0012217305,-6.1086525E-4,TONIC,3471c5a72fcd
1777347572070,7414264060545,0.8882488,0.2753332,9.909601,-6.1086525E-4,0.0012217305,0.0012217305,TONIC,3471c5a72fcd
1777347572078,7414272052851,0.90500826,0.2753332,9.89763,6.1086525E-4,6.1086525E-4,0.0012217305,TONIC,3471c5a72fcd
1777347572086,7414280049772,0.878672,0.2705448,9.916783,0.0,0.0018325958,6.1086525E-4,TONIC,3471c5a72fcd
1777347572094,7414288075540,0.89303726,0.2896984,9.91439,6.1086525E-4,0.0012217305,6.1086525E-4,TONIC,3471c5a72fcd
1777347572102,7414296072845,0.8858546,0.2753332,9.907207,0.0,-6.1086525E-4,6.1086525E-4,TONIC,3471c5a72fcd
1777347572110,7414304065382,0.89064306,0.2681506,9.911995,-0.0012217305,0.0,0.0012217305,TONIC,3471c5a72fcd
1777347572118,7414312062995,0.90021986,0.2753332,9.900024,-0.0012217305,6.1086525E-4,0.0,TONIC,3471c5a72fcd
1777347572126,7414320057455,0.90261406,0.272939,9.923966,6.1086525E-4,-6.1086525E-4,6.1086525E-4,TONIC,3471c5a72fcd
1777347572134,7414328054376,0.8762778,0.29927522,9.900024,-0.0012217305,0.0012217305,0.0,TONIC,3471c5a72fcd
1777347572142,7414336079835,0.8690952,0.29688102,9.900024,-6.1086525E-4,0.0,6.1086525E-4,TONIC,3471c5a72fcd
1777347572150,7414344074987,0.89782566,0.2801216,9.909601,-0.0012217305,0.0,6.1086525E-4,TONIC,3471c5a72fcd
1777347572158,7414352070602,0.89543146,0.2896984,9.916783,-0.0012217305,0.0018325958,6.1086525E-4,TONIC,3471c5a72fcd
1777347572166,7414360066907,0.89064306,0.2801216,9.911995,-0.0012217305,6.1086525E-4,6.1086525E-4,TONIC,3471c5a72fcd
1777347572174,7414368061444,0.89303726,0.29448682,9.907207,0.0,0.0,6.1086525E-4,TONIC,3471c5a72fcd
1777347572182,7414376056750,0.90021986,0.2705448,9.900024,0.0,6.1086525E-4,0.0018325958,TONIC,3471c5a72fcd
1777347572190,7414384053748,0.89303726,0.2681506,9.911995,0.0,0.0018325958,6.1086525E-4,TONIC,3471c5a72fcd
1777347572198,7414392078592,0.8882488,0.28491,9.902418,-0.0012217305,-0.0012217305,0.0012217305,TONIC,3471c5a72fcd
1777347572206,7414400075282,0.91219085,0.2657564,9.89763,-0.0018325958,0.0012217305,-6.1086525E-4,TONIC,3471c5a72fcd
1777347572214,7414408070588,0.8858546,0.2801216,9.890448,-6.1086525E-4,0.0018325958,6.1086525E-4,TONIC,3471c5a72fcd
1777347572222,7414416066047,0.89782566,0.2825158,9.900024,-0.0012217305,0.0,6.1086525E-4,TONIC,3471c5a72fcd
1777347572230,7414424061430,0.89782566,0.2681506,9.91439,-0.0012217305,0.0,6.1086525E-4,TONIC,3471c5a72fcd
1777347572238,7414432056813,0.8762778,0.2873042,9.900024,0.0,-6.1086525E-4,0.0012217305,TONIC,3471c5a72fcd
1777347572246,7414440052427,0.90500826,0.2705448,9.911995,0.0,0.0018325958,0.0018325958,TONIC,3471c5a72fcd
1777347572254,7414448081040,0.89303726,0.2753332,9.904813,0.0,-0.0012217305,6.1086525E-4,TONIC,3471c5a72fcd
1777347572262,7414456074885,0.89064306,0.28491,9.895236,-6.1086525E-4,0.0012217305,0.0012217305,TONIC,3471c5a72fcd
1777347572270,7414464070037,0.89303726,0.2825158,9.91439,6.1086525E-4,0.0018325958,6.1086525E-4,TONIC,3471c5a72fcd
1777347572278,7414472066958,0.90021986,0.2753332,9.89763,-0.0030543262,-6.1086525E-4,6.1086525E-4,TONIC,3471c5a72fcd
1777347572286,7414480062033,0.90021986,0.2777274,9.895236,6.1086525E-4,6.1086525E-4,0.0012217305,TONIC,3471c5a72fcd
1777347572294,7414488057954,0.89543146,0.2705448,9.919178,-6.1086525E-4,6.1086525E-4,0.0,TONIC,3471c5a72fcd
1777347572302,7414496052413,0.8882488,0.2633622,9.89763,-0.0012217305,0.0018325958,6.1086525E-4,TONIC,3471c5a72fcd
1777347572310,7414504078950,0.8858546,0.272939,9.919178,-0.002443461,-6.1086525E-4,6.1086525E-4,TONIC,3471c5a72fcd
1777347572318,7414512073640,0.90979666,0.28491,9.91439,-6.1086525E-4,0.0,0.0,TONIC,3471c5a72fcd
1777347572326,7414520070946,0.89543146,0.2825158,9.911995,0.0,0.0,0.0012217305,TONIC,3471c5a72fcd
1777347572334,7414528065406,0.90500826,0.2801216,9.907207,-0.0012217305,-0.0012217305,0.0,TONIC,3471c5a72fcd
1777347572342,7414536061635,0.89543146,0.2825158,9.911995,0.0,0.0012217305,6.1086525E-4,TONIC,3471c5a72fcd
1777347572350,7414544057325,0.89782566,0.2777274,9.909601,0.0,0.0018325958,0.0018325958,TONIC,3471c5a72fcd
1777347572358,7414552053016,0.8834604,0.2777274,9.921572,0.0,0.0,-6.1086525E-4,TONIC,3471c5a72fcd
1777347572366,7414560079552,0.8882488,0.28491,9.923966,0.0,0.0,0.0018325958,TONIC,3471c5a72fcd
1777347572374,7414568073935,0.89782566,0.2753332,9.909601,-6.1086525E-4,0.0012217305,-6.1086525E-4,TONIC,3471c5a72fcd
1777347572382,7414576070241,0.90261406,0.2777274,9.904813,-0.0018325958,0.0018325958,0.0012217305,TONIC,3471c5a72fcd
1777347572390,7414584064700,0.8858546,0.2753332,9.900024,-6.1086525E-4,0.0012217305,0.0012217305,TONIC,3471c5a72fcd
1777347572398,7414592061621,0.90740246,0.28491,9.916783,0.0,-0.0012217305,-6.1086525E-4,TONIC,3471c5a72fcd
1777347572406,7414600057388,0.90021986,0.2753332,9.92636,-0.002443461,6.1086525E-4,6.1086525E-4,TONIC,3471c5a72fcd
1777347572414,7414608051849,0.90021986,0.2801216,9.923966,-0.0012217305,0.0,0.0012217305,TONIC,3471c5a72fcd
1777347572422,7414616077385,0.90021986,0.2801216,9.921572,-6.1086525E-4,6.1086525E-4,-6.1086525E-4,TONIC,3471c5a72fcd
1777347572430,7414624073999,0.8882488,0.2873042,9.933543,-0.0012217305,-6.1086525E-4,6.1086525E-4,TONIC,3471c5a72fcd
1777347572438,7414632071843,0.89782566,0.29209262,9.904813,-0.002443461,0.0,6.1086525E-4,TONIC,3471c5a72fcd
1777347572446,7414640065072,0.8690952,0.2777274,9.919178,0.0,-6.1086525E-4,0.0018325958,TONIC,3471c5a72fcd
1777347572454,7414648062608,0.90021986,0.2825158,9.91439,-6.1086525E-4,0.0,0.0012217305,TONIC,3471c5a72fcd
1777347572462,7414656056068,0.90740246,0.2705448,9.89763,-6.1086525E-4,0.0018325958,6.1086525E-4,TONIC,3471c5a72fcd
1777347572470,7414664083220,0.8858546,0.2705448,9.91439,0.0,6.1086525E-4,0.0,TONIC,3471c5a72fcd
1777347572478,7414672079218,0.90740246,0.29209262,9.919178,-0.0012217305,-0.002443461,6.1086525E-4,TONIC,3471c5a72fcd
1777347572486,7414680074216,0.8834604,0.28491,9.91439,6.1086525E-4,0.0012217305,6.1086525E-4,TONIC,3471c5a72fcd
1777347572494,7414688070214,0.8858546,0.29448682,9.904813,-6.1086525E-4,0.0018325958,0.0012217305,TONIC,3471c5a72fcd
1777347572502,7414696064444,0.90500826,0.2825158,9.91439,-0.0018325958,0.0012217305,0.0,TONIC,3471c5a72fcd
1777347572510,7414704060980,0.91458505,0.2801216,9.902418,-6.1086525E-4,0.0,6.1086525E-4,TONIC,3471c5a72fcd
1777347572518,7414712057286,0.92176765,0.2777274,9.900024,0.0,6.1086525E-4,0.0,TONIC,3471c5a72fcd
1777347572526,7414720052130,0.89543146,0.2705448,9.909601,0.0,6.1086525E-4,0.0018325958,TONIC,3471c5a72fcd
1777347572534,7414728080051,0.90261406,0.2825158,9.907207,-6.1086525E-4,0.0,6.1086525E-4,TONIC,3471c5a72fcd
1777347572542,7414736073357,0.90021986,0.28491,9.909601,-0.002443461,-0.0012217305,6.1086525E-4,TONIC,3471c5a72fcd
1777347572550,7414744070816,0.8882488,0.2896984,9.909601,-6.1086525E-4,0.0,6.1086525E-4,TONIC,3471c5a72fcd
1777347572558,7414752064661,0.89064306,0.2801216,9.904813,-0.0030543262,0.0,0.0012217305,TONIC,3471c5a72fcd
1777347572566,7414760061274,0.89782566,0.2633622,9.902418,0.0,0.0,0.0018325958,TONIC,3471c5a72fcd
1777347572574,7414768055503,0.89064306,0.2681506,9.902418,-0.0012217305,0.0,0.0018325958,TONIC,3471c5a72fcd
1777347572582,7414776052347,0.90021986,0.29927522,9.895236,-0.0012217305,6.1086525E-4,6.1086525E-4,TONIC,3471c5a72fcd
1777347572590,7414784076346,0.89303726,0.28491,9.900024,0.0,0.0012217305,0.0,TONIC,3471c5a72fcd
1777347572598,7414792072036,0.90500826,0.2753332,9.902418,0.0012217305,0.0018325958,0.0012217305,TONIC,3471c5a72fcd
1777347572606,7414800068342,0.89303726,0.2705448,9.919178,-6.1086525E-4,6.1086525E-4,6.1086525E-4,TONIC,3471c5a72fcd
1777347572614,7414808064725,0.89782566,0.272939,9.921572,0.0,6.1086525E-4,0.0012217305,TONIC,3471c5a72fcd
1777347572622,7414816059184,0.89064306,0.2873042,9.91439,0.0,0.0,6.1086525E-4,TONIC,3471c5a72fcd
1777347572630,7414824054490,0.89782566,0.2777274,9.902418,0.0,6.1086525E-4,0.0018325958,TONIC,3471c5a72fcd
1777347572638,7414832084026,0.89064306,0.29448682,9.911995,-0.0012217305,6.1086525E-4,6.1086525E-4,TONIC,3471c5a72fcd
1777347572646,7414840077947,0.90500826,0.272939,9.904813,-6.1086525E-4,-6.1086525E-4,-6.1086525E-4,TONIC,3471c5a72fcd
1777347572654,7414848072330,0.8834604,0.2777274,9.895236,-0.0012217305,6.1086525E-4,-6.1086525E-4,TONIC,3471c5a72fcd
1777347572662,7414856067405,0.8858546,0.2633622,9.91439,0.0,-6.1086525E-4,0.0,TONIC,3471c5a72fcd
1777347572670,7414864064634,0.89543146,0.2705448,9.907207,-6.1086525E-4,0.0,0.0,TONIC,3471c5a72fcd
1777347572678,7414872060017,0.90740246,0.2801216,9.895236,0.0,0.0,6.1086525E-4,TONIC,3471c5a72fcd
1777347572686,7414880055400,0.90261406,0.29209262,9.91439,0.0,0.0018325958,0.0012217305,TONIC,3471c5a72fcd
1777347572694,7414888080321,0.89543146,0.2681506,9.91439,-0.0012217305,6.1086525E-4,0.0,TONIC,3471c5a72fcd
1777347572702,7414896076396,0.8858546,0.2825158,9.91439,-0.0012217305,6.1086525E-4,0.0018325958,TONIC,3471c5a72fcd
1777347572710,7414904072933,0.89064306,0.2753332,9.907207,-0.002443461,-6.1086525E-4,0.0,TONIC,3471c5a72fcd
1777347572718,7414912067084,0.90021986,0.2681506,9.91439,0.0,-0.002443461,-6.1086525E-4,TONIC,3471c5a72fcd
1777347572726,7414920063390,0.91458505,0.272939,9.916783,-6.1086525E-4,-6.1086525E-4,0.0012217305,TONIC,3471c5a72fcd
1777347572734,7414928059465,0.90021986,0.2801216,9.904813,-0.002443461,0.0018325958,6.1086525E-4,TONIC,3471c5a72fcd
1777347572742,7414936054771,0.89543146,0.2657564,9.89763,-6.1086525E-4,-6.1086525E-4,0.0018325958,TONIC,3471c5a72fcd
1777347572750,7414944082461,0.90261406,0.28491,9.907207,-6.1086525E-4,0.0,0.0012217305,TONIC,3471c5a72fcd
1777347572758,7414952077922,0.89064306,0.2801216,9.909601,0.0,0.0012217305,6.1086525E-4,TONIC,3471c5a72fcd
1777347572766,7414960071766,0.8858546,0.2777274,9.928755,-0.0012217305,0.0,0.0018325958,TONIC,3471c5a72fcd
1777347572774,7414968067995,0.8882488,0.2657564,9.921572,0.0,-6.1086525E-4,0.0018325958,TONIC,3471c5a72fcd
1777347572782,7414976064608,0.89064306,0.2896984,9.91439,-0.0012217305,0.0,6.1086525E-4,TONIC,3471c5a72fcd
1777347572790,7414984059068,0.89782566,0.2657564,9.902418,-0.0018325958,0.0,0.0012217305,TONIC,3471c5a72fcd
1777347572798,7414992054219,0.8738836,0.2681506,9.904813,-0.0012217305,0.0,0.0018325958,TONIC,3471c5a72fcd
1777347572806,7415000081910,0.89782566,0.25857377,9.89763,-0.002443461,-0.0012217305,6.1086525E-4,TONIC,3471c5a72fcd
1777347572814,7415008075985,0.89543146,0.2705448,9.904813,0.0,0.0,0.0,TONIC,3471c5a72fcd
1777347572822,7415016071444,0.90021986,0.28491,9.91439,-6.1086525E-4,0.0,6.1086525E-4,TONIC,3471c5a72fcd
1777347572830,7415024068288,0.90500826,0.2633622,9.904813,-6.1086525E-4,0.002443461,-6.1086525E-4,TONIC,3471c5a72fcd
1777347572838,7415032064056,0.89543146,0.2777274,9.909601,-0.0012217305,6.1086525E-4,6.1086525E-4,TONIC,3471c5a72fcd
1777347572846,7415040058439,0.90740246,0.2801216,9.931149,-6.1086525E-4,-6.1086525E-4,-6.1086525E-4,TONIC,3471c5a72fcd
1777347572854,7415048055130,0.91219085,0.2777274,9.902418,0.0,0.0,0.0,TONIC,3471c5a72fcd
1777347572862,7415056050512,0.89303726,0.2801216,9.921572,-6.1086525E-4,6.1086525E-4,0.0018325958,TONIC,3471c5a72fcd
1777347572870,7415064075741,0.90021986,0.28491,9.890448,0.0,0.0,0.0012217305,TONIC,3471c5a72fcd
1777347572878,7415072071355,0.90500826,0.2777274,9.902418,-6.1086525E-4,-6.1086525E-4,0.0,TONIC,3471c5a72fcd
1777347572886,7415080067045,0.90500826,0.2873042,9.907207,-0.0012217305,6.1086525E-4,0.0012217305,TONIC,3471c5a72fcd
1777347572894,7415088062504,0.90500826,0.272939,9.900024,0.0,6.1086525E-4,0.0012217305,TONIC,3471c5a72fcd
1777347572902,7415096057887,0.878672,0.272939,9.923966,0.0,0.0012217305,0.0012217305,TONIC,3471c5a72fcd
1777347572910,7415104053885,0.90021986,0.2753332,9.91439,0.0,0.0,0.002443461,TONIC,3471c5a72fcd
1777347572918,7415112080345,0.89064306,0.2705448,9.911995,6.1086525E-4,0.0012217305,0.0,TONIC,3471c5a72fcd
1777347572926,7415120074804,0.90261406,0.2825158,9.91439,0.0,0.0012217305,0.0012217305,TONIC,3471c5a72fcd
1777347572934,7415128072572,0.89303726,0.2777274,9.904813,0.0,0.0,0.0018325958,TONIC,3471c5a72fcd
1777347572942,7415136067340,0.90021986,0.2681506,9.919178,-0.0012217305,0.0,-6.1086525E-4,TONIC,3471c5a72fcd
1777347572950,7415144063107,0.90740246,0.2873042,9.902418,0.0,6.1086525E-4,6.1086525E-4,TONIC,3471c5a72fcd
1777347572958,7415152057797,0.8834604,0.260968,9.931149,0.0,0.0018325958,-6.1086525E-4,TONIC,3471c5a72fcd
1777347572966,7415160054795,0.89064306,0.2896984,9.921572,-0.0012217305,0.0018325958,6.1086525E-4,TONIC,3471c5a72fcd
1777347572974,7415168081178,0.89543146,0.272939,9.902418,-0.002443461,-0.0018325958,6.1086525E-4,TONIC,3471c5a72fcd
1777347572982,7415176075714,0.89303726,0.2801216,9.89763,0.0,6.1086525E-4,6.1086525E-4,TONIC,3471c5a72fcd
1777347572990,7415184070712,0.89543146,0.2873042,9.907207,-0.0012217305,0.0,6.1086525E-4,TONIC,3471c5a72fcd
1777347572998,7415192068018,0.89303726,0.2753332,9.904813,-0.0012217305,-0.0012217305,6.1086525E-4,TONIC,3471c5a72fcd
1777347573006,7415200061555,0.8882488,0.2657564,9.91439,-6.1086525E-4,0.0012217305,0.0012217305,TONIC,3471c5a72fcd
1777347573014,7415208059323,0.8882488,0.260968,9.921572,0.0,0.0,6.1086525E-4,TONIC,3471c5a72fcd
1777347573022,7415216055936,0.878672,0.2825158,9.916783,0.0,6.1086525E-4,-0.0012217305,TONIC,3471c5a72fcd
1777347573030,7415224078703,0.8858546,0.2681506,9.89763,0.0,0.0,6.1086525E-4,TONIC,3471c5a72fcd
1777347573038,7415232076009,0.90021986,0.2633622,9.900024,6.1086525E-4,-6.1086525E-4,0.002443461,TONIC,3471c5a72fcd
1777347573046,7415240071315,0.89064306,0.2801216,9.909601,-6.1086525E-4,6.1086525E-4,0.0012217305,TONIC,3471c5a72fcd
1777347573054,7415248068851,0.89782566,0.272939,9.907207,-6.1086525E-4,-0.0012217305,0.0,TONIC,3471c5a72fcd
1777347573062,7415256063311,0.89782566,0.2801216,9.916783,-0.0012217305,0.002443461,0.0012217305,TONIC,3471c5a72fcd
1777347573070,7415264059694,0.90021986,0.2825158,9.91439,-0.0012217305,6.1086525E-4,-6.1086525E-4,TONIC,3471c5a72fcd
1777347573078,7415272053538,0.89064306,0.2633622,9.902418,-6.1086525E-4,6.1086525E-4,6.1086525E-4,TONIC,3471c5a72fcd
1777347573086,7415280078997,0.90261406,0.2825158,9.91439,-0.0012217305,6.1086525E-4,6.1086525E-4,TONIC,3471c5a72fcd
1777347573094,7415288075303,0.89543146,0.2873042,9.921572,0.0,0.0,0.0018325958,TONIC,3471c5a72fcd
1777347573102,7415296071071,0.90979666,0.2705448,9.902418,-6.1086525E-4,-0.0018325958,6.1086525E-4,TONIC,3471c5a72fcd
1777347573110,7415304066992,0.878672,0.2705448,9.904813,-6.1086525E-4,-6.1086525E-4,-6.1086525E-4,TONIC,3471c5a72fcd
1777347573118,7415312062990,0.90021986,0.2753332,9.904813,0.0,0.0030543262,-6.1086525E-4,TONIC,3471c5a72fcd
1777347573126,7415320058758,0.89064306,0.2705448,9.909601,-0.0012217305,0.0,0.0,TONIC,3471c5a72fcd
1777347573134,7415328052910,0.90261406,0.2873042,9.91439,-0.0018325958,0.0,0.0,TONIC,3471c5a72fcd
1777347573142,7415336081523,0.89543146,0.2753332,9.904813,0.0012217305,-0.0012217305,-6.1086525E-4,TONIC,3471c5a72fcd
1777347573150,7415344075598,0.90500826,0.2777274,9.895236,6.1086525E-4,0.0,-6.1086525E-4,TONIC,3471c5a72fcd
1777347573158,7415352071365,0.90261406,0.2753332,9.921572,6.1086525E-4,6.1086525E-4,0.0,TONIC,3471c5a72fcd
1777347573166,7415360065825,0.89064306,0.2753332,9.911995,6.1086525E-4,0.0,6.1086525E-4,TONIC,3471c5a72fcd
1777347573174,7415368062977,0.89064306,0.28491,9.907207,-6.1086525E-4,0.0012217305,0.0012217305,TONIC,3471c5a72fcd
1777347573182,7415376056898,0.8882488,0.2681506,9.902418,0.0,-6.1086525E-4,-6.1086525E-4,TONIC,3471c5a72fcd
1777347573190,7415384053204,0.89543146,0.2777274,9.91439,0.0,6.1086525E-4,0.0,TONIC,3471c5a72fcd
1777347573198,7415392078125,0.90740246,0.2801216,9.907207,0.0012217305,-6.1086525E-4,6.1086525E-4,TONIC,3471c5a72fcd
1777347573206,7415400075662,0.89303726,0.260968,9.904813,-6.1086525E-4,6.1086525E-4,6.1086525E-4,TONIC,3471c5a72fcd
1777347573214,7415408069506,0.89782566,0.2801216,9.904813,0.0,0.0,-6.1086525E-4,TONIC,3471c5a72fcd
1777347573222,7415416064273,0.89064306,0.2825158,9.909601,0.0012217305,0.0018325958,6.1086525E-4,TONIC,3471c5a72fcd
1777347573230,7415424061502,0.91219085,0.2801216,9.904813,-6.1086525E-4,-6.1086525E-4,6.1086525E-4,TONIC,3471c5a72fcd
1777347573238,7415432055962,0.90021986,0.2801216,9.92636,0.0012217305,-6.1086525E-4,0.0,TONIC,3471c5a72fcd
1777347573246,7415440051960,0.89782566,0.2657564,9.919178,6.1086525E-4,6.1086525E-4,0.0,TONIC,3471c5a72fcd
1777347573254,7415448079650,0.90261406,0.28491,9.907207,6.1086525E-4,6.1086525E-4,6.1086525E-4,TONIC,3471c5a72fcd
1777347573262,7415456074110,0.89543146,0.2896984,9.909601,6.1086525E-4,6.1086525E-4,-0.0018325958,TONIC,3471c5a72fcd
1777347573270,7415464069800,0.8834604,0.28491,9.921572,-6.1086525E-4,0.0012217305,-0.0012217305,TONIC,3471c5a72fcd
1777347573278,7415472064876,0.89543146,0.2801216,9.907207,-6.1086525E-4,6.1086525E-4,6.1086525E-4,TONIC,3471c5a72fcd
1777347573286,7415480061797,0.89064306,0.2753332,9.907207,6.1086525E-4,0.0,-0.0012217305,TONIC,3471c5a72fcd
1777347573294,7415488056564,0.89543146,0.2657564,9.919178,6.1086525E-4,0.0,0.0,TONIC,3471c5a72fcd
1777347573302,7415496052793,0.90021986,0.2705448,9.91439,6.1086525E-4,6.1086525E-4,6.1086525E-4,TONIC,3471c5a72fcd
1777347573310,7415504079868,0.90740246,0.28491,9.911995,-6.1086525E-4,-6.1086525E-4,-0.0018325958,TONIC,3471c5a72fcd
1777347573318,7415512074404,0.8882488,0.272939,9.904813,0.0,6.1086525E-4,-6.1086525E-4,TONIC,3471c5a72fcd
1777347573326,7415520067941,0.90500826,0.28491,9.892841,0.0,0.0012217305,0.0012217305,TONIC,3471c5a72fcd
1777347573334,7415528064785,0.89782566,0.28491,9.904813,0.0,0.0018325958,0.0,TONIC,3471c5a72fcd
1777347573342,7415536059937,0.8858546,0.29209262,9.909601,-0.0012217305,0.0,0.0012217305,TONIC,3471c5a72fcd
1777347573350,7415544056781,0.89782566,0.2705448,9.892841,6.1086525E-4,6.1086525E-4,-0.0018325958,TONIC,3471c5a72fcd
1777347573358,7415552051626,0.90740246,0.28491,9.907207,6.1086525E-4,-6.1086525E-4,0.0018325958,TONIC,3471c5a72fcd
1777347573366,7415560078701,0.89543146,0.2896984,9.911995,-6.1086525E-4,0.0012217305,-6.1086525E-4,TONIC,3471c5a72fcd
1777347573374,7415568075622,0.89303726,0.28491,9.904813,-6.1086525E-4,0.0012217305,-6.1086525E-4,TONIC,3471c5a72fcd
1777347573382,7415576070697,0.89064306,0.2681506,9.892841,-6.1086525E-4,0.0,0.0,TONIC,3471c5a72fcd
1777347573390,7415584065464,0.89543146,0.2657564,9.902418,0.0,0.0,0.0,TONIC,3471c5a72fcd
1777347573398,7415592061693,0.90021986,0.2753332,9.909601,6.1086525E-4,0.0,6.1086525E-4,TONIC,3471c5a72fcd
1777347573406,7415600056768,0.90740246,0.2681506,9.907207,0.0,0.0018325958,6.1086525E-4,TONIC,3471c5a72fcd
1777347573414,7415608052459,0.89064306,0.272939,9.89763,0.002443461,0.0036651916,0.0,TONIC,3471c5a72fcd
1777347573422,7415616077764,0.8858546,0.28491,9.904813,-6.1086525E-4,6.1086525E-4,0.0,TONIC,3471c5a72fcd
1777347573430,7415624074378,0.89782566,0.2801216,9.900024,6.1086525E-4,0.0012217305,0.0,TONIC,3471c5a72fcd
1777347573438,7415632068760,0.90021986,0.2633622,9.909601,0.0012217305,0.0012217305,6.1086525E-4,TONIC,3471c5a72fcd
1777347573446,7415640065452,0.90261406,0.2705448,9.916783,6.1086525E-4,0.0012217305,0.0,TONIC,3471c5a72fcd
1777347573454,7415648061450,0.8882488,0.2777274,9.900024,-6.1086525E-4,0.0012217305,-6.1086525E-4,TONIC,3471c5a72fcd
1777347573462,7415656056448,0.89064306,0.260968,9.904813,0.0012217305,6.1086525E-4,-0.0018325958,TONIC,3471c5a72fcd
1777347573470,7415664082907,0.8858546,0.2801216,9.900024,0.0,0.002443461,0.002443461,TONIC,3471c5a72fcd
1777347573478,7415672079828,0.90740246,0.260968,9.919178,-0.0012217305,-6.1086525E-4,-6.1086525E-4,TONIC,3471c5a72fcd
1777347573486,7415680073672,0.89543146,0.28491,9.916783,-0.002443461,0.0,0.0,TONIC,3471c5a72fcd
1777347573494,7415688068824,0.90261406,0.2753332,9.902418,-6.1086525E-4,0.0,6.1086525E-4,TONIC,3471c5a72fcd
1777347573502,7415696064515,0.89064306,0.272939,9.89763,-6.1086525E-4,0.0,0.0,TONIC,3471c5a72fcd
1777347573510,7415704060128,0.89064306,0.2657564,9.89763,6.1086525E-4,0.0012217305,6.1086525E-4,TONIC,3471c5a72fcd
1777347573518,7415712054972,0.89543146,0.272939,9.902418,0.0,0.0012217305,6.1086525E-4,TONIC,3471c5a72fcd
1777347573526,7415720081124,0.89782566,0.2825158,9.89763,-6.1086525E-4,-6.1086525E-4,-6.1086525E-4,TONIC,3471c5a72fcd
1777347573534,7415728077046,0.89543146,0.29209262,9.91439,-0.0012217305,0.0012217305,-6.1086525E-4,TONIC,3471c5a72fcd
1777347573542,7415736073737,0.90021986,0.2825158,9.911995,6.1086525E-4,6.1086525E-4,-0.0018325958,TONIC,3471c5a72fcd
1777347573550,7415744069119,0.89782566,0.2777274,9.907207,0.0012217305,0.0,-6.1086525E-4,TONIC,3471c5a72fcd
1777347573558,7415752063194,0.90500826,0.2801216,9.900024,-6.1086525E-4,6.1086525E-4,0.0,TONIC,3471c5a72fcd
1777347573566,7415760060808,0.89064306,0.29927522,9.911995,-6.1086525E-4,-6.1086525E-4,0.0012217305,TONIC,3471c5a72fcd
1777347573574,7415768054959,0.90021986,0.2753332,9.89763,0.0,-6.1086525E-4,0.0018325958,TONIC,3471c5a72fcd
1777347573582,7415776051573,0.91458505,0.2777274,9.900024,0.0012217305,6.1086525E-4,0.0,TONIC,3471c5a72fcd
1777347573590,7415784077109,0.90021986,0.28491,9.890448,0.0,0.0012217305,0.0,TONIC,3471c5a72fcd
1777347573598,7415792072184,0.89303726,0.28491,9.888053,6.1086525E-4,-6.1086525E-4,0.0012217305,TONIC,3471c5a72fcd
1777347573606,7415800067875,0.90740246,0.2873042,9.904813,-0.0018325958,-0.0012217305,0.0018325958,TONIC,3471c5a72fcd
1777347573614,7415808062566,0.90740246,0.29688102,9.895236,-6.1086525E-4,6.1086525E-4,0.0,TONIC,3471c5a72fcd
1777347573622,7415816058949,0.89303726,0.2873042,9.919178,6.1086525E-4,0.0018325958,-6.1086525E-4,TONIC,3471c5a72fcd
1777347573630,7415824057716,0.89064306,0.2825158,9.892841,0.0,0.002443461,-6.1086525E-4,TONIC,3471c5a72fcd
1777347573638,7415832081406,0.90500826,0.2753332,9.89763,6.1086525E-4,6.1086525E-4,-6.1086525E-4,TONIC,3471c5a72fcd
1777347573646,7415840076173,0.8882488,0.2705448,9.885659,0.0,-6.1086525E-4,6.1086525E-4,TONIC,3471c5a72fcd
1777347573654,7415848074941,0.89782566,0.2753332,9.900024,0.0,6.1086525E-4,6.1086525E-4,TONIC,3471c5a72fcd
1777347573662,7415856069092,0.8834604,0.2777274,9.873688,-0.0012217305,0.0,0.0,TONIC,3471c5a72fcd
1777347573670,7415864064475,0.89303726,0.2777274,9.890448,0.0012217305,-0.0018325958,0.0012217305,TONIC,3471c5a72fcd
1777347573678,7415872058627,0.91697925,0.2801216,9.885659,-6.1086525E-4,6.1086525E-4,0.0,TONIC,3471c5a72fcd
1777347573686,7415880057087,0.89782566,0.2705448,9.883265,0.0,0.0,6.1086525E-4,TONIC,3471c5a72fcd
1777347573694,7415888081008,0.89782566,0.2705448,9.892841,6.1086525E-4,6.1086525E-4,6.1086525E-4,TONIC,3471c5a72fcd
1777347573702,7415896077699,0.90740246,0.2896984,9.89763,-6.1086525E-4,0.0,6.1086525E-4,TONIC,3471c5a72fcd
1777347573710,7415904072466,0.90261406,0.2633622,9.909601,0.0,0.0,-0.0012217305,TONIC,3471c5a72fcd
1777347573718,7415912068772,0.8834604,0.2873042,9.904813,-6.1086525E-4,6.1086525E-4,6.1086525E-4,TONIC,3471c5a72fcd
1777347573726,7415920063847,0.89064306,0.2753332,9.907207,-6.1086525E-4,0.0012217305,0.0012217305,TONIC,3471c5a72fcd
1777347573734,7415928060076,0.8858546,0.2777274,9.902418,6.1086525E-4,0.0012217305,0.0,TONIC,3471c5a72fcd
1777347573742,7415936056766,0.90500826,0.29209262,9.91439,-6.1086525E-4,0.0,-6.1086525E-4,TONIC,3471c5a72fcd
1777347573750,7415944081072,0.90500826,0.2825158,9.883265,6.1086525E-4,0.0,-6.1086525E-4,TONIC,3471c5a72fcd
1777347573758,7415952076454,0.8882488,0.2657564,9.892841,-6.1086525E-4,6.1086525E-4,-6.1086525E-4,TONIC,3471c5a72fcd
1777347573766,7415960072991,0.90500826,0.28491,9.895236,0.0018325958,0.002443461,0.0012217305,TONIC,3471c5a72fcd
1777347573774,7415968067143,0.8810662,0.28491,9.895236,-6.1086525E-4,0.0012217305,0.0,TONIC,3471c5a72fcd
1777347573782,7415976063756,0.8810662,0.2873042,9.909601,0.0,6.1086525E-4,0.0,TONIC,3471c5a72fcd
1777347573790,7415984059140,0.89782566,0.2801216,9.89763,-0.0012217305,0.0018325958,-6.1086525E-4,TONIC,3471c5a72fcd
1777347573798,7415992055138,0.90979666,0.2801216,9.904813,0.0,0.0,-0.0012217305,TONIC,3471c5a72fcd
1777347573806,7416000081290,0.8882488,0.272939,9.885659,-6.1086525E-4,6.1086525E-4,0.0,TONIC,3471c5a72fcd
1777347573814,7416008078211,0.90500826,0.2777274,9.902418,-0.0018325958,-0.0012217305,0.0,TONIC,3471c5a72fcd
1777347573822,7416016070901,0.878672,0.2705448,9.888053,6.1086525E-4,0.0,6.1086525E-4,TONIC,3471c5a72fcd
1777347573830,7416024066822,0.90740246,0.2801216,9.900024,6.1086525E-4,-0.0012217305,-0.0012217305,TONIC,3471c5a72fcd
1777347573838,7416032063820,0.89543146,0.2825158,9.907207,-6.1086525E-4,6.1086525E-4,0.0,TONIC,3471c5a72fcd
1777347573846,7416040059203,0.89543146,0.29448682,9.904813,0.0,0.0,0.0,TONIC,3471c5a72fcd
1777347573854,7416048055432,0.8834604,0.272939,9.895236,0.0,0.0,0.0012217305,TONIC,3471c5a72fcd
1777347573862,7416056079506,0.8858546,0.2753332,9.888053,6.1086525E-4,6.1086525E-4,6.1086525E-4,TONIC,3471c5a72fcd
1777347573870,7416064077966,0.89782566,0.2633622,9.895236,-0.0012217305,0.0,0.0,TONIC,3471c5a72fcd
1777347573878,7416072071734,0.89064306,0.272939,9.909601,0.0,0.0012217305,0.0,TONIC,3471c5a72fcd
1777347573886,7416080066886,0.89782566,0.272939,9.904813,-6.1086525E-4,0.0012217305,0.0,TONIC,3471c5a72fcd
1777347573894,7416088063423,0.90740246,0.2705448,9.900024,6.1086525E-4,6.1086525E-4,0.0,TONIC,3471c5a72fcd
1777347573902,7416096059190,0.90021986,0.2657564,9.888053,-6.1086525E-4,-6.1086525E-4,0.0,TONIC,3471c5a72fcd
1777347573910,7416104054880,0.90500826,0.2753332,9.892841,0.0018325958,0.0,0.0,TONIC,3471c5a72fcd
1777347573918,7416112080724,0.89064306,0.29448682,9.909601,-6.1086525E-4,-0.0012217305,6.1086525E-4,TONIC,3471c5a72fcd
1777347573926,7416120076030,0.89782566,0.2777274,9.89763,-0.0012217305,0.0,0.0,TONIC,3471c5a72fcd
1777347573934,7416128071182,0.90979666,0.2777274,9.880871,6.1086525E-4,0.0018325958,0.0,TONIC,3471c5a72fcd
1777347573942,7416136067488,0.878672,0.2681506,9.883265,-6.1086525E-4,-6.1086525E-4,-6.1086525E-4,TONIC,3471c5a72fcd
1777347573950,7416144063409,0.8858546,0.272939,9.907207,0.0,0.0,0.0,TONIC,3471c5a72fcd
1777347573958,7416152058485,0.89303726,0.28491,9.873688,0.0,-0.0012217305,-6.1086525E-4,TONIC,3471c5a72fcd
1777347573966,7416160052637,0.90021986,0.272939,9.900024,0.0,6.1086525E-4,6.1086525E-4,TONIC,3471c5a72fcd
1777347573974,7416168049942,0.8834604,0.2801216,9.907207,6.1086525E-4,6.1086525E-4,0.0,TONIC,3471c5a72fcd
1777347573982,7416176075171,0.89064306,0.2681506,9.890448,-6.1086525E-4,-0.0012217305,0.0,TONIC,3471c5a72fcd
1777347573990,7416184072092,0.90021986,0.2825158,9.911995,6.1086525E-4,0.0,0.0,TONIC,3471c5a72fcd
1777347573998,7416192067475,0.90021986,0.29209262,9.900024,0.0,-6.1086525E-4,-6.1086525E-4,TONIC,3471c5a72fcd
1777347574006,7416200062242,0.89543146,0.2873042,9.91439,-0.0012217305,0.0012217305,0.0,TONIC,3471c5a72fcd
1777347574014,7416208057009,0.89782566,0.2633622,9.89763,-6.1086525E-4,0.0,-0.0012217305,TONIC,3471c5a72fcd
1777347574022,7416216054161,0.8882488,0.2633622,9.890448,0.0,-0.0012217305,0.0018325958,TONIC,3471c5a72fcd
1777347574030,7416224079467,0.90021986,0.2801216,9.89763,6.1086525E-4,0.0012217305,-6.1086525E-4,TONIC,3471c5a72fcd
1777347574038,7416232074157,0.89064306,0.2896984,9.900024,-6.1086525E-4,0.0018325958,-6.1086525E-4,TONIC,3471c5a72fcd
1777347574046,7416240069925,0.89543146,0.29209262,9.890448,-6.1086525E-4,-6.1086525E-4,0.0,TONIC,3471c5a72fcd
1777347574054,7416248067154,0.90500826,0.2801216,9.907207,0.0012217305,-6.1086525E-4,6.1086525E-4,TONIC,3471c5a72fcd
1777347574062,7416256063998,0.90021986,0.2825158,9.900024,0.0,6.1086525E-4,0.0,TONIC,3471c5a72fcd
1777347574070,7416264057227,0.89303726,0.2801216,9.89763,-0.0018325958,-6.1086525E-4,-6.1086525E-4,TONIC,3471c5a72fcd
1777347574078,7416272053841,0.90979666,0.25617957,9.902418,-6.1086525E-4,0.0,0.0,TONIC,3471c5a72fcd
1777347574086,7416280079454,0.89303726,0.2777274,9.900024,0.0,0.0012217305,0.0,TONIC,3471c5a72fcd
1777347574094,7416288074529,0.89543146,0.2801216,9.91439,-0.0012217305,0.0012217305,-6.1086525E-4,TONIC,3471c5a72fcd
1777347574102,7416296069912,0.89782566,0.28491,9.904813,-6.1086525E-4,6.1086525E-4,6.1086525E-4,TONIC,3471c5a72fcd
1777347574110,7416304066525,0.8882488,0.2825158,9.902418,0.0012217305,0.0018325958,0.0012217305,TONIC,3471c5a72fcd
1777347574118,7416312063985,0.90021986,0.2825158,9.911995,-6.1086525E-4,0.0,6.1086525E-4,TONIC,3471c5a72fcd
1777347574126,7416320057906,0.89303726,0.2873042,9.902418,-6.1086525E-4,0.0012217305,0.0,TONIC,3471c5a72fcd
1777347574134,7416328053905,0.90261406,0.2801216,9.89763,-6.1086525E-4,-6.1086525E-4,-6.1086525E-4,TONIC,3471c5a72fcd
1777347574142,7416336078210,0.8882488,0.2873042,9.885659,-6.1086525E-4,0.0,0.0,TONIC,3471c5a72fcd
1777347574150,7416344074824,0.89064306,0.2801216,9.91439,0.0,0.0018325958,0.0,TONIC,3471c5a72fcd
1777347574158,7416352072591,0.8834604,0.28491,9.909601,-0.0012217305,0.0,0.002443461,TONIC,3471c5a72fcd
1777347574166,7416360065204,0.8810662,0.2777274,9.909601,0.0,0.0012217305,0.0,TONIC,3471c5a72fcd
1777347574174,7416368062433,0.90261406,0.25617957,9.888053,0.0,0.0,6.1086525E-4,TONIC,3471c5a72fcd
1777347574182,7416376057893,0.8882488,0.2753332,9.895236,6.1086525E-4,6.1086525E-4,-6.1086525E-4,TONIC,3471c5a72fcd
1777347574190,7416384053198,0.8762778,0.2825158,9.909601,0.0,0.0,6.1086525E-4,TONIC,3471c5a72fcd
1777347574198,7416392078812,0.878672,0.2705448,9.900024,6.1086525E-4,-6.1086525E-4,0.0012217305,TONIC,3471c5a72fcd
1777347574206,7416400075733,0.89543146,0.28491,9.916783,-6.1086525E-4,6.1086525E-4,0.0,TONIC,3471c5a72fcd
1777347574214,7416408070501,0.90261406,0.272939,9.885659,0.0,0.0,6.1086525E-4,TONIC,3471c5a72fcd
1777347574222,7416416067653,0.8834604,0.2705448,9.916783,-6.1086525E-4,0.0,-6.1086525E-4,TONIC,3471c5a72fcd
1777347574230,7416424063036,0.8834604,0.2777274,9.902418,6.1086525E-4,-6.1086525E-4,0.0,TONIC,3471c5a72fcd
1777347574238,7416432056341,0.8834604,0.2801216,9.907207,-6.1086525E-4,-6.1086525E-4,0.0,TONIC,3471c5a72fcd
1777347574246,7416440052032,0.89782566,0.2873042,9.904813,6.1086525E-4,6.1086525E-4,0.0018325958,TONIC,3471c5a72fcd
1777347574254,7416448079337,0.8882488,0.2896984,9.890448,6.1086525E-4,6.1086525E-4,6.1086525E-4,TONIC,3471c5a72fcd
1777347574262,7416456074489,0.90979666,0.2825158,9.909601,0.0,0.0,-0.0012217305,TONIC,3471c5a72fcd
1777347574270,7416464068257,0.8834604,0.2753332,9.89763,0.0,0.0,0.0,TONIC,3471c5a72fcd
1777347574278,7416472066485,0.90261406,0.2801216,9.91439,-6.1086525E-4,-0.0012217305,0.0018325958,TONIC,3471c5a72fcd
1777347574286,7416480061868,0.8882488,0.2657564,9.904813,-6.1086525E-4,6.1086525E-4,0.0,TONIC,3471c5a72fcd
1777347574294,7416488056020,0.91219085,0.2657564,9.909601,0.0018325958,0.0,0.0,TONIC,3471c5a72fcd
1777347574302,7416496052634,0.8834604,0.2705448,9.909601,6.1086525E-4,0.0,0.0018325958,TONIC,3471c5a72fcd
1777347574310,7416504080940,0.89782566,0.2681506,9.900024,6.1086525E-4,0.0012217305,0.0,TONIC,3471c5a72fcd
1777347574318,7416512073476,0.90021986,0.2825158,9.907207,-0.0018325958,-6.1086525E-4,0.0,TONIC,3471c5a72fcd
1777347574326,7416520068936,0.8834604,0.2705448,9.89763,-0.0012217305,0.0,0.0018325958,TONIC,3471c5a72fcd
1777347574334,7416528063396,0.90021986,0.2825158,9.921572,-0.0018325958,-6.1086525E-4,-6.1086525E-4,TONIC,3471c5a72fcd
1777347574342,7416536060855,0.89543146,0.2753332,9.895236,-0.0012217305,6.1086525E-4,-0.0012217305,TONIC,3471c5a72fcd
1777347574350,7416544058161,0.90261406,0.2777274,9.904813,-6.1086525E-4,0.0018325958,-6.1086525E-4,TONIC,3471c5a72fcd
1777347574358,7416552054159,0.8834604,0.2896984,9.916783,-6.1086525E-4,-6.1086525E-4,-6.1086525E-4,TONIC,3471c5a72fcd
1777347574366,7416560078772,0.90261406,0.2633622,9.900024,-0.0012217305,0.0,0.0,TONIC,3471c5a72fcd
1777347574374,7416568075924,0.90021986,0.2705448,9.907207,-0.0012217305,-6.1086525E-4,-0.0012217305,TONIC,3471c5a72fcd
1777347574382,7416576068614,0.89543146,0.2681506,9.89763,-6.1086525E-4,-6.1086525E-4,-0.0012217305,TONIC,3471c5a72fcd
1777347574390,7416584067613,0.8882488,0.2777274,9.904813,-6.1086525E-4,6.1086525E-4,6.1086525E-4,TONIC,3471c5a72fcd
1777347574398,7416592060227,0.8858546,0.2873042,9.91439,0.0,6.1086525E-4,6.1086525E-4,TONIC,3471c5a72fcd
1777347574406,7416600055302,0.89064306,0.2753332,9.904813,0.0012217305,6.1086525E-4,-6.1086525E-4,TONIC,3471c5a72fcd
1777347574414,7416608050992,0.8882488,0.2825158,9.907207,-6.1086525E-4,-6.1086525E-4,0.0012217305,TONIC,3471c5a72fcd
1777347574422,7416616076529,0.89064306,0.2705448,9.892841,0.0012217305,0.0,-0.0012217305,TONIC,3471c5a72fcd
1777347574430,7416624073527,0.89303726,0.2801216,9.911995,6.1086525E-4,0.0012217305,0.0,TONIC,3471c5a72fcd
1777347574438,7416632069832,0.89303726,0.2777274,9.888053,0.0,0.0,6.1086525E-4,TONIC,3471c5a72fcd
1777347574446,7416640065446,0.89782566,0.2633622,9.907207,0.0,0.0012217305,-0.0012217305,TONIC,3471c5a72fcd
1777347574454,7416648059982,0.89543146,0.2873042,9.909601,-6.1086525E-4,6.1086525E-4,0.0018325958,TONIC,3471c5a72fcd
1777347574462,7416656058134,0.90261406,0.28491,9.91439,6.1086525E-4,6.1086525E-4,0.0012217305,TONIC,3471c5a72fcd
1777347574470,7416664081748,0.8858546,0.2705448,9.907207,-6.1086525E-4,0.0,0.0,TONIC,3471c5a72fcd
1777347574478,7416672078131,0.90261406,0.2801216,9.900024,-6.1086525E-4,-0.0018325958,0.0,TONIC,3471c5a72fcd
1777347574486,7416680072591,0.89782566,0.2801216,9.892841,6.1086525E-4,-6.1086525E-4,-6.1086525E-4,TONIC,3471c5a72fcd
1777347574494,7416688069512,0.8834604,0.272939,9.907207,-6.1086525E-4,-0.0012217305,0.0,TONIC,3471c5a72fcd
1777347574502,7416696065125,0.90261406,0.2753332,9.909601,-6.1086525E-4,6.1086525E-4,0.0,TONIC,3471c5a72fcd
1777347574510,7416704062046,0.8690952,0.2705448,9.911995,-6.1086525E-4,6.1086525E-4,0.0012217305,TONIC,3471c5a72fcd
1777347574518,7416712055583,0.89064306,0.2657564,9.916783,6.1086525E-4,6.1086525E-4,-6.1086525E-4,TONIC,3471c5a72fcd
1777347574526,7416720050350,0.89543146,0.2681506,9.892841,-6.1086525E-4,-6.1086525E-4,0.0012217305,TONIC,3471c5a72fcd
1777347574534,7416728078040,0.8810662,0.2801216,9.890448,0.0,0.0012217305,6.1086525E-4,TONIC,3471c5a72fcd
1777347574542,7416736073192,0.91219085,0.2657564,9.91439,0.0,-0.0012217305,-0.0012217305,TONIC,3471c5a72fcd
1777347574550,7416744068883,0.8882488,0.29448682,9.892841,6.1086525E-4,0.0012217305,-0.0012217305,TONIC,3471c5a72fcd
1777347574558,7416752066343,0.8882488,0.2825158,9.900024,-0.0012217305,-0.0012217305,-0.0012217305,TONIC,3471c5a72fcd
1777347574566,7416760059957,0.89064306,0.260968,9.900024,6.1086525E-4,0.0,0.0,TONIC,3471c5a72fcd
1777347574574,7416768054724,0.89543146,0.2681506,9.923966,0.0,6.1086525E-4,0.0,TONIC,3471c5a72fcd
1777347574582,7416776080876,0.90261406,0.28491,9.916783,6.1086525E-4,-6.1086525E-4,0.0,TONIC,3471c5a72fcd
1777347574590,7416784077489,0.8714894,0.2801216,9.904813,-6.1086525E-4,-0.0030543262,0.0,TONIC,3471c5a72fcd
1777347574598,7416792073179,0.8882488,0.2777274,9.904813,0.0012217305,6.1086525E-4,0.0018325958,TONIC,3471c5a72fcd
1777347574606,7416800066639,0.8882488,0.272939,9.91439,0.0,0.0018325958,0.0,TONIC,3471c5a72fcd
1777347574614,7416808062406,0.89303726,0.25857377,9.909601,0.0,0.0,0.0,TONIC,3471c5a72fcd
1777347574622,7416816058712,0.8882488,0.2681506,9.892841,-0.0012217305,-6.1086525E-4,0.0,TONIC,3471c5a72fcd
1777347574630,7416824055325,0.8858546,0.272939,9.888053,6.1086525E-4,6.1086525E-4,6.1086525E-4,TONIC,3471c5a72fcd
1777347574638,7416832051246,0.8882488,0.28491,9.895236,0.0012217305,6.1086525E-4,-6.1086525E-4,TONIC,3471c5a72fcd
1777347574646,7416840078938,0.89782566,0.2753332,9.916783,0.0,0.0,0.0,TONIC,3471c5a72fcd
1777347574654,7416848071859,0.89782566,0.28491,9.892841,0.0,6.1086525E-4,-6.1086525E-4,TONIC,3471c5a72fcd
1777347574662,7416856069088,0.89543146,0.2657564,9.904813,6.1086525E-4,0.0018325958,-0.0012217305,TONIC,3471c5a72fcd
1777347574670,7416864063855,0.90979666,0.29927522,9.907207,6.1086525E-4,6.1086525E-4,-6.1086525E-4,TONIC,3471c5a72fcd
1777347574678,7416872058314,0.8810662,0.2753332,9.911995,-6.1086525E-4,0.0,0.0,TONIC,3471c5a72fcd
1777347574686,7416880054312,0.90021986,0.2801216,9.907207,6.1086525E-4,0.0018325958,6.1086525E-4,TONIC,3471c5a72fcd
1777347574694,7416888081772,0.90261406,0.2777274,9.907207,0.0,0.0,-6.1086525E-4,TONIC,3471c5a72fcd
1777347574702,7416896076232,0.8810662,0.2753332,9.91439,-0.0012217305,0.0012217305,0.0012217305,TONIC,3471c5a72fcd
1777347574710,7416904071845,0.89064306,0.2753332,9.909601,6.1086525E-4,6.1086525E-4,-6.1086525E-4,TONIC,3471c5a72fcd
1777347574718,7416912067305,0.8858546,0.260968,9.909601,-0.0012217305,0.0,0.0,TONIC,3471c5a72fcd
1777347574726,7416920062918,0.8858546,0.2753332,9.909601,6.1086525E-4,0.0018325958,0.0,TONIC,3471c5a72fcd
1777347574734,7416928058302,0.90979666,0.2753332,9.900024,0.0012217305,0.0,0.0,TONIC,3471c5a72fcd
1777347574742,7416936056530,0.90740246,0.272939,9.909601,6.1086525E-4,6.1086525E-4,0.0,TONIC,3471c5a72fcd
1777347574750,7416944081067,0.8858546,0.2873042,9.902418,-6.1086525E-4,0.0012217305,0.0012217305,TONIC,3471c5a72fcd
1777347574758,7416952077373,0.89303726,0.2801216,9.928755,0.0,0.0,0.0,TONIC,3471c5a72fcd
1777347574766,7416960072524,0.89303726,0.2633622,9.902418,6.1086525E-4,6.1086525E-4,-6.1086525E-4,TONIC,3471c5a72fcd
1777347574774,7416968069445,0.866701,0.2753332,9.916783,0.0,0.0012217305,-6.1086525E-4,TONIC,3471c5a72fcd
1777347574782,7416976062290,0.89303726,0.260968,9.919178,-0.0012217305,6.1086525E-4,-6.1086525E-4,TONIC,3471c5a72fcd
1777347574790,7416984057442,0.89303726,0.2777274,9.911995,-6.1086525E-4,-6.1086525E-4,-6.1086525E-4,TONIC,3471c5a72fcd
1777347574798,7416992055593,0.89064306,0.2873042,9.911995,-0.0012217305,-6.1086525E-4,-6.1086525E-4,TONIC,3471c5a72fcd
1777347574806,7417000080438,0.89543146,0.260968,9.911995,-0.0012217305,6.1086525E-4,-6.1086525E-4,TONIC,3471c5a72fcd
1777347574814,7417008075590,0.89543146,0.2873042,9.921572,0.0,0.0,0.0012217305,TONIC,3471c5a72fcd
1777347574822,7417016070358,0.90021986,0.2801216,9.919178,0.0018325958,6.1086525E-4,0.0,TONIC,3471c5a72fcd
1777347574830,7417024067586,0.89303726,0.2681506,9.902418,-0.0012217305,-0.0012217305,6.1086525E-4,TONIC,3471c5a72fcd
1777347574838,7417032062046,0.90500826,0.2657564,9.916783,6.1086525E-4,0.0,-6.1086525E-4,TONIC,3471c5a72fcd
1777347574846,7417040058659,0.8882488,0.2753332,9.923966,-6.1086525E-4,0.0,0.0,TONIC,3471c5a72fcd
1777347574854,7417048056196,0.89543146,0.272939,9.91439,0.0,0.0,0.0,TONIC,3471c5a72fcd
1777347574862,7417056080809,0.90500826,0.2777274,9.909601,6.1086525E-4,0.0018325958,-6.1086525E-4,TONIC,3471c5a72fcd
1777347574870,7417064076807,0.8858546,0.2681506,9.907207,6.1086525E-4,0.0012217305,6.1086525E-4,TONIC,3471c5a72fcd
1777347574878,7417072072498,0.90979666,0.2825158,9.89763,6.1086525E-4,0.0018325958,-6.1086525E-4,TONIC,3471c5a72fcd
1777347574886,7417080067803,0.89543146,0.28491,9.911995,0.0,6.1086525E-4,-6.1086525E-4,TONIC,3471c5a72fcd
1777347574894,7417088062032,0.89782566,0.2825158,9.909601,0.0,0.0012217305,-6.1086525E-4,TONIC,3471c5a72fcd
1777347574902,7417096059800,0.89064306,0.272939,9.911995,6.1086525E-4,6.1086525E-4,6.1086525E-4,TONIC,3471c5a72fcd
1777347574910,7417104054875,0.8810662,0.25857377,9.916783,0.0012217305,6.1086525E-4,-6.1086525E-4,TONIC,3471c5a72fcd
1777347574918,7417112080489,0.89064306,0.2801216,9.911995,6.1086525E-4,6.1086525E-4,6.1086525E-4,TONIC,3471c5a72fcd
1777347574926,7417120074564,0.8858546,0.2657564,9.907207,6.1086525E-4,6.1086525E-4,6.1086525E-4,TONIC,3471c5a72fcd
1777347574934,7417128072100,0.89543146,0.2801216,9.911995,-6.1086525E-4,0.0012217305,-6.1086525E-4,TONIC,3471c5a72fcd
1777347574942,7417136066944,0.89543146,0.272939,9.904813,6.1086525E-4,6.1086525E-4,-6.1086525E-4,TONIC,3471c5a72fcd
1777347574950,7417144061942,0.90021986,0.2753332,9.91439,0.0,0.0,-6.1086525E-4,TONIC,3471c5a72fcd
1777347574958,7417152056094,0.90021986,0.2801216,9.907207,-6.1086525E-4,-6.1086525E-4,0.0,TONIC,3471c5a72fcd
1777347574966,7417160054554,0.89303726,0.2753332,9.895236,0.0,-0.0012217305,0.0,TONIC,3471c5a72fcd
1777347574974,7417168080167,0.8810662,0.2777274,9.916783,0.0,0.0012217305,-0.0012217305,TONIC,3471c5a72fcd
1777347574982,7417176074934,0.89543146,0.2777274,9.902418,6.1086525E-4,0.0,6.1086525E-4,TONIC,3471c5a72fcd
1777347574990,7417184069703,0.8834604,0.2801216,9.890448,-0.0012217305,0.0018325958,0.0,TONIC,3471c5a72fcd
1777347574998,7417192067470,0.90500826,0.2705448,9.909601,-6.1086525E-4,0.0018325958,0.0012217305,TONIC,3471c5a72fcd
1777347575006,7417200062930,0.8882488,0.2753332,9.921572,-6.1086525E-4,6.1086525E-4,6.1086525E-4,TONIC,3471c5a72fcd
1777347575014,7417208058543,0.8882488,0.272939,9.902418,6.1086525E-4,0.0012217305,0.002443461,TONIC,3471c5a72fcd
1777347575022,7417216053002,0.90021986,0.2705448,9.916783,-0.0012217305,0.0012217305,0.0,TONIC,3471c5a72fcd
1777347575030,7417224080077,0.89303726,0.28491,9.902418,6.1086525E-4,6.1086525E-4,6.1086525E-4,TONIC,3471c5a72fcd
1777347575038,7417232074922,0.8834604,0.2801216,9.902418,-6.1086525E-4,0.0018325958,6.1086525E-4,TONIC,3471c5a72fcd
1777347575046,7417240070535,0.90021986,0.29927522,9.890448,-6.1086525E-4,0.0018325958,-0.0012217305,TONIC,3471c5a72fcd
1777347575054,7417248064379,0.89064306,0.2801216,9.904813,0.0012217305,0.0,0.0,TONIC,3471c5a72fcd
1777347575062,7417256060762,0.90979666,0.2681506,9.911995,-0.0012217305,0.0012217305,0.0,TONIC,3471c5a72fcd
1777347575070,7417264057683,0.89064306,0.2873042,9.904813,6.1086525E-4,6.1086525E-4,0.0012217305,TONIC,3471c5a72fcd
1777347575078,7417272052067,0.89543146,0.2777274,9.911995,-6.1086525E-4,0.0012217305,0.0,TONIC,3471c5a72fcd
1777347575086,7417280049065,0.89782566,0.2896984,9.909601,0.0,-6.1086525E-4,6.1086525E-4,TONIC,3471c5a72fcd
1777347575094,7417288075524,0.878672,0.2777274,9.89763,-0.0018325958,-0.0018325958,-6.1086525E-4,TONIC,3471c5a72fcd
1777347575102,7417296071214,0.8858546,0.2681506,9.919178,-0.0012217305,-0.002443461,-6.1086525E-4,TONIC,3471c5a72fcd
1777347575110,7417304068366,0.90261406,0.28491,9.921572,-0.0012217305,-6.1086525E-4,-6.1086525E-4,TONIC,3471c5a72fcd
1777347575118,7417312063441,0.89064306,0.2753332,9.928755,-6.1086525E-4,0.0,0.0012217305,TONIC,3471c5a72fcd
1777347575126,7417320059439,0.89303726,0.2657564,9.919178,-0.0012217305,0.002443461,0.0,TONIC,3471c5a72fcd
1777347575134,7417328053591,0.8714894,0.29927522,9.907207,0.0,0.0012217305,-6.1086525E-4,TONIC,3471c5a72fcd
1777347575142,7417336077897,0.90021986,0.29448682,9.909601,0.0,0.0,0.0,TONIC,3471c5a72fcd
1777347575150,7417344075126,0.89064306,0.2657564,9.911995,0.0,0.0,0.0012217305,TONIC,3471c5a72fcd
1777347575158,7417352069278,0.89782566,0.2753332,9.911995,6.1086525E-4,6.1086525E-4,-0.0012217305,TONIC,3471c5a72fcd
1777347575166,7417360065892,0.8810662,0.2801216,9.900024,0.0012217305,0.0,6.1086525E-4,TONIC,3471c5a72fcd
1777347575174,7417368061351,0.89064306,0.28491,9.909601,0.0,0.0,0.0012217305,TONIC,3471c5a72fcd
1777347575182,7417376057273,0.89064306,0.2657564,9.916783,-6.1086525E-4,6.1086525E-4,6.1086525E-4,TONIC,3471c5a72fcd
1777347575190,7417384052117,0.8810662,0.2801216,9.904813,6.1086525E-4,0.0012217305,6.1086525E-4,TONIC,3471c5a72fcd
1777347575198,7417392078576,0.89064306,0.2681506,9.904813,6.1086525E-4,0.0018325958,-0.0012217305,TONIC,3471c5a72fcd
1777347575206,7417400074805,0.8858546,0.2633622,9.907207,0.0,6.1086525E-4,0.0,TONIC,3471c5a72fcd
1777347575214,7417408069265,0.89543146,0.2896984,9.902418,-6.1086525E-4,0.0,0.0,TONIC,3471c5a72fcd
1777347575222,7417416064647,0.90261406,0.2777274,9.911995,0.0,0.0012217305,6.1086525E-4,TONIC,3471c5a72fcd
1777347575230,7417424060722,0.90979666,0.2705448,9.91439,-0.0012217305,6.1086525E-4,0.0,TONIC,3471c5a72fcd
1777347575238,7417432056951,0.89064306,0.2873042,9.904813,-6.1086525E-4,0.0,6.1086525E-4,TONIC,3471c5a72fcd
1777347575246,7417440083412,0.89543146,0.28491,9.923966,-6.1086525E-4,0.0012217305,0.0,TONIC,3471c5a72fcd
1777347575254,7417448077871,0.90021986,0.2896984,9.904813,-6.1086525E-4,0.0018325958,6.1086525E-4,TONIC,3471c5a72fcd
1777347575262,7417456074561,0.8882488,0.2633622,9.895236,-6.1086525E-4,0.0,6.1086525E-4,TONIC,3471c5a72fcd
1777347575270,7417464069252,0.8834604,0.2825158,9.916783,0.0,0.0012217305,6.1086525E-4,TONIC,3471c5a72fcd
1777347575278,7417472065557,0.90261406,0.2633622,9.916783,6.1086525E-4,-6.1086525E-4,6.1086525E-4,TONIC,3471c5a72fcd
1777347575286,7417480061325,0.91219085,0.2801216,9.916783,-0.0012217305,0.0012217305,0.0,TONIC,3471c5a72fcd
1777347575294,7417488055707,0.90500826,0.2896984,9.92636,0.0,6.1086525E-4,0.0,TONIC,3471c5a72fcd
1777347575302,7417496082167,0.8810662,0.2896984,9.904813,-0.0012217305,0.0,-6.1086525E-4,TONIC,3471c5a72fcd
1777347575310,7417504079703,0.91458505,0.2777274,9.916783,0.0012217305,6.1086525E-4,-0.0018325958,TONIC,3471c5a72fcd
1777347575318,7417512074855,0.89543146,0.2777274,9.900024,-0.0012217305,0.0,6.1086525E-4,TONIC,3471c5a72fcd
1777347575326,7417520070161,0.89064306,0.2777274,9.902418,6.1086525E-4,0.0012217305,0.0,TONIC,3471c5a72fcd
1777347575334,7417528065852,0.8810662,0.2777274,9.916783,0.0,-0.0012217305,0.0,TONIC,3471c5a72fcd
1777347575342,7417536061312,0.90021986,0.28491,9.921572,0.0,0.0012217305,0.0012217305,TONIC,3471c5a72fcd
1777347575350,7417544055464,0.8882488,0.2825158,9.928755,6.1086525E-4,6.1086525E-4,-6.1086525E-4,TONIC,3471c5a72fcd
1777347575358,7417552052385,0.90021986,0.2777274,9.916783,-6.1086525E-4,-6.1086525E-4,-0.0012217305,TONIC,3471c5a72fcd
1777347575366,7417560077537,0.90261406,0.2896984,9.911995,-0.0012217305,0.0012217305,0.0,TONIC,3471c5a72fcd
1777347575374,7417568072689,0.90261406,0.2801216,9.916783,0.0,0.0,-0.0012217305,TONIC,3471c5a72fcd
1777347575382,7417576069917,0.89303726,0.2705448,9.909601,0.0,0.0018325958,0.0018325958,TONIC,3471c5a72fcd
1777347575390,7417584065223,0.89782566,0.2753332,9.907207,0.002443461,0.0012217305,-6.1086525E-4,TONIC,3471c5a72fcd
1777347575398,7417592059452,0.90979666,0.25857377,9.919178,0.0,6.1086525E-4,0.0,TONIC,3471c5a72fcd
1777347575406,7417600057911,0.89303726,0.2657564,9.892841,6.1086525E-4,0.0,-6.1086525E-4,TONIC,3471c5a72fcd
1777347575414,7417608050449,0.90740246,0.2705448,9.911995,-6.1086525E-4,-0.0012217305,0.0,TONIC,3471c5a72fcd
1777347575422,7417616078447,0.89064306,0.2777274,9.895236,0.0,0.0,0.0,TONIC,3471c5a72fcd
1777347575430,7417624073599,0.90021986,0.25857377,9.911995,0.0012217305,0.0,-6.1086525E-4,TONIC,3471c5a72fcd
1777347575438,7417632069289,0.92176765,0.29209262,9.928755,6.1086525E-4,0.0012217305,0.0,TONIC,3471c5a72fcd
1777347575446,7417640063749,0.89782566,0.25857377,9.911995,-0.0012217305,0.0012217305,6.1086525E-4,TONIC,3471c5a72fcd
1777347575454,7417648060977,0.90021986,0.2801216,9.91439,0.0,6.1086525E-4,6.1086525E-4,TONIC,3471c5a72fcd
1777347575462,7417656056668,0.90740246,0.2681506,9.902418,0.0012217305,0.0,-0.0012217305,TONIC,3471c5a72fcd
1777347575470,7417664051358,0.8882488,0.2873042,9.935937,-0.0018325958,-6.1086525E-4,0.0,TONIC,3471c5a72fcd
1777347575478,7417672077818,0.8882488,0.2705448,9.907207,-6.1086525E-4,0.0,-6.1086525E-4,TONIC,3471c5a72fcd
1777347575486,7417680072662,0.89064306,0.272939,9.900024,6.1086525E-4,-6.1086525E-4,-6.1086525E-4,TONIC,3471c5a72fcd
1777347575494,7417688068968,0.89064306,0.2657564,9.921572,-0.0012217305,0.0012217305,-6.1086525E-4,TONIC,3471c5a72fcd
1777347575502,7417696065505,0.89064306,0.2657564,9.904813,0.0,-6.1086525E-4,-6.1086525E-4,TONIC,3471c5a72fcd
1777347575510,7417704059349,0.90021986,0.2753332,9.904813,6.1086525E-4,0.0,6.1086525E-4,TONIC,3471c5a72fcd
1777347575518,7417712055424,0.8810662,0.28491,9.904813,0.0012217305,0.0018325958,6.1086525E-4,TONIC,3471c5a72fcd
1777347575526,7417720052576,0.90021986,0.2777274,9.916783,0.0012217305,-6.1086525E-4,0.0,TONIC,3471c5a72fcd
1777347575534,7417728077266,0.91219085,0.2801216,9.892841,-6.1086525E-4,6.1086525E-4,6.1086525E-4,TONIC,3471c5a72fcd
1777347575542,7417736073187,0.89303726,0.2753332,9.91439,6.1086525E-4,0.0018325958,-0.0018325958,TONIC,3471c5a72fcd
1777347575550,7417744068955,0.8858546,0.2873042,9.909601,0.0012217305,0.0,-0.0018325958,TONIC,3471c5a72fcd
1777347575558,7417752063107,0.89303726,0.2801216,9.911995,6.1086525E-4,0.0012217305,-6.1086525E-4,TONIC,3471c5a72fcd
1777347575566,7417760059028,0.90261406,0.2777274,9.928755,-0.0012217305,-0.002443461,-6.1086525E-4,TONIC,3471c5a72fcd
1777347575574,7417768056949,0.90021986,0.2873042,9.91439,0.0030543262,0.0018325958,0.0,TONIC,3471c5a72fcd
1777347575582,7417776081485,0.8882488,0.2825158,9.921572,-0.0012217305,-6.1086525E-4,6.1086525E-4,TONIC,3471c5a72fcd
1777347575590,7417784078407,0.8810662,0.2753332,9.911995,-0.002443461,-0.0012217305,-0.0012217305,TONIC,3471c5a72fcd
1777347575598,7417792072328,0.91937345,0.2801216,9.916783,6.1086525E-4,0.0012217305,6.1086525E-4,TONIC,3471c5a72fcd
1777347575606,7417800067711,0.878672,0.2705448,9.907207,6.1086525E-4,0.0018325958,-0.002443461,TONIC,3471c5a72fcd
1777347575614,7417808064247,0.8858546,0.2777274,9.89763,0.0,0.0018325958,-6.1086525E-4,TONIC,3471c5a72fcd
1777347575622,7417816059630,0.89543146,0.2801216,9.911995,0.0,0.0,0.0,TONIC,3471c5a72fcd
1777347575630,7417824055397,0.8882488,0.28491,9.916783,-0.0012217305,6.1086525E-4,0.0,TONIC,3471c5a72fcd
1777347575638,7417832051011,0.90021986,0.25139117,9.91439,0.0,0.0,-6.1086525E-4,TONIC,3471c5a72fcd
1777347575646,7417840076855,0.90021986,0.2825158,9.89763,6.1086525E-4,-6.1086525E-4,6.1086525E-4,TONIC,3471c5a72fcd
1777347575654,7417848073776,0.89064306,0.2801216,9.909601,6.1086525E-4,-0.0012217305,0.0,TONIC,3471c5a72fcd
1777347575662,7417856067697,0.89303726,0.2753332,9.909601,-0.0012217305,0.0,-0.0018325958,TONIC,3471c5a72fcd
1777347575670,7417864063311,0.89303726,0.2705448,9.900024,-6.1086525E-4,6.1086525E-4,6.1086525E-4,TONIC,3471c5a72fcd
1777347575678,7417872060540,0.89064306,0.2873042,9.904813,-0.0018325958,0.0012217305,0.0,TONIC,3471c5a72fcd
1777347575686,7417880055385,0.89303726,0.2705448,9.902418,6.1086525E-4,-0.0012217305,-6.1086525E-4,TONIC,3471c5a72fcd
1777347575694,7417888050767,0.90500826,0.29209262,9.919178,0.0,-6.1086525E-4,-6.1086525E-4,TONIC,3471c5a72fcd
1777347575702,7417896074688,0.878672,0.2681506,9.919178,0.0,6.1086525E-4,-6.1086525E-4,TONIC,3471c5a72fcd
1777347575710,7417904072532,0.8882488,0.2705448,9.923966,0.0,-6.1086525E-4,0.0,TONIC,3471c5a72fcd
1777347575718,7417912067377,0.8834604,0.29448682,9.916783,0.0,-6.1086525E-4,-6.1086525E-4,TONIC,3471c5a72fcd
1777347575726,7417920063375,0.8882488,0.2801216,9.911995,-0.0012217305,-0.0012217305,-6.1086525E-4,TONIC,3471c5a72fcd
1777347575734,7417928057219,0.89303726,0.2753332,9.909601,-0.0012217305,6.1086525E-4,6.1086525E-4,TONIC,3471c5a72fcd
1777347575742,7417936054678,0.89303726,0.2873042,9.909601,-0.0012217305,6.1086525E-4,6.1086525E-4,TONIC,3471c5a72fcd
1777347575750,7417944080215,0.8858546,0.2705448,9.919178,0.0,6.1086525E-4,-6.1086525E-4,TONIC,3471c5a72fcd
1777347575758,7417952076214,0.8714894,0.2873042,9.900024,6.1086525E-4,6.1086525E-4,-6.1086525E-4,TONIC,3471c5a72fcd
1777347575766,7417960073750,0.89064306,0.2825158,9.902418,6.1086525E-4,6.1086525E-4,0.0,TONIC,3471c5a72fcd
1777347575774,7417968066748,0.89543146,0.272939,9.904813,-6.1086525E-4,0.0012217305,-0.0012217305,TONIC,3471c5a72fcd
1777347575782,7417976062669,0.8810662,0.272939,9.902418,0.0,0.0,6.1086525E-4,TONIC,3471c5a72fcd
1777347575790,7417984058667,0.89782566,0.2753332,9.91439,0.0,6.1086525E-4,0.0,TONIC,3471c5a72fcd
1777347575798,7417992052589,0.90500826,0.28491,9.895236,0.0012217305,0.0030543262,-6.1086525E-4,TONIC,3471c5a72fcd
1777347575806,7418000079971,0.8858546,0.2777274,9.909601,-6.1086525E-4,-0.0012217305,0.0012217305,TONIC,3471c5a72fcd
1777347575814,7418008076585,0.8834604,0.2753332,9.895236,-6.1086525E-4,0.0012217305,6.1086525E-4,TONIC,3471c5a72fcd
1777347575822,7418016071583,0.8858546,0.2753332,9.89763,-6.1086525E-4,0.0012217305,-0.0018325958,TONIC,3471c5a72fcd
1777347575830,7418024067658,0.90021986,0.272939,9.907207,6.1086525E-4,6.1086525E-4,6.1086525E-4,TONIC,3471c5a72fcd
1777347575838,7418032062348,0.89064306,0.2873042,9.888053,6.1086525E-4,0.0012217305,6.1086525E-4,TONIC,3471c5a72fcd
1777347575846,7418040058655,0.90261406,0.2753332,9.878476,-6.1086525E-4,-6.1086525E-4,-6.1086525E-4,TONIC,3471c5a72fcd
1777347575854,7418048053499,0.90021986,0.272939,9.895236,-0.0012217305,6.1086525E-4,0.0,TONIC,3471c5a72fcd
1777347575862,7418056079958,0.91697925,0.29927522,9.888053,0.0,-6.1086525E-4,0.0,TONIC,3471c5a72fcd
1777347575870,7418064075033,0.8834604,0.2753332,9.923966,0.0,-6.1086525E-4,6.1086525E-4,TONIC,3471c5a72fcd
1777347575878,7418072072185,0.89303726,0.29448682,9.895236,-6.1086525E-4,6.1086525E-4,6.1086525E-4,TONIC,3471c5a72fcd
1777347575886,7418080066106,0.90500826,0.2896984,9.900024,6.1086525E-4,0.0018325958,-6.1086525E-4,TONIC,3471c5a72fcd
1777347575894,7418088062412,0.8858546,0.29448682,9.907207,-0.0012217305,6.1086525E-4,0.0,TONIC,3471c5a72fcd
1777347575902,7418096057795,0.89303726,0.2777274,9.909601,0.0012217305,-6.1086525E-4,0.0,TONIC,3471c5a72fcd
1777347575910,7418104054408,0.90500826,0.2825158,9.885659,0.0,0.0,6.1086525E-4,TONIC,3471c5a72fcd
1777347575918,7418112079944,0.91219085,0.2896984,9.885659,0.0,0.002443461,6.1086525E-4,TONIC,3471c5a72fcd
1777347575926,7418120075942,0.89543146,0.2873042,9.895236,0.0018325958,0.0018325958,0.0,TONIC,3471c5a72fcd
1777347575934,7418128070941,0.8834604,0.28491,9.892841,6.1086525E-4,6.1086525E-4,-0.0012217305,TONIC,3471c5a72fcd
1777347575942,7418136067247,0.89064306,0.272939,9.892841,-0.0012217305,0.0018325958,0.0,TONIC,3471c5a72fcd
1777347575950,7418144062399,0.8714894,0.2873042,9.883265,0.0,0.0018325958,0.0012217305,TONIC,3471c5a72fcd
1777347575958,7418152058628,0.8882488,0.28491,9.888053,6.1086525E-4,6.1086525E-4,0.0,TONIC,3471c5a72fcd
1777347575966,7418160053780,0.8834604,0.2657564,9.916783,6.1086525E-4,-6.1086525E-4,0.0012217305,TONIC,3471c5a72fcd
1777347575974,7418168079855,0.90261406,0.2801216,9.885659,-0.002443461,0.0,0.0,TONIC,3471c5a72fcd
1777347575982,7418176075007,0.89303726,0.2801216,9.895236,0.0,0.0030543262,0.0,TONIC,3471c5a72fcd
1777347575990,7418184072851,0.89543146,0.2873042,9.902418,-6.1086525E-4,6.1086525E-4,6.1086525E-4,TONIC,3471c5a72fcd
1777347575998,7418192066310,0.8858546,0.2705448,9.880871,-0.0012217305,6.1086525E-4,6.1086525E-4,TONIC,3471c5a72fcd
1777347576006,7418200061154,0.8810662,0.2801216,9.902418,0.0012217305,0.0012217305,-6.1086525E-4,TONIC,3471c5a72fcd
1777347576014,7418208057769,0.8810662,0.2777274,9.892841,0.0,-6.1086525E-4,6.1086525E-4,TONIC,3471c5a72fcd
1777347576022,7418216052459,0.8762778,0.260968,9.900024,-0.0012217305,6.1086525E-4,-6.1086525E-4,TONIC,3471c5a72fcd
1777347576030,7418224048765,0.8834604,0.2705448,9.895236,0.0,0.0,0.0018325958,TONIC,3471c5a72fcd
1777347576038,7418232074301,0.89064306,0.2801216,9.880871,0.0,0.0012217305,6.1086525E-4,TONIC,3471c5a72fcd
1777347576046,7418240070299,0.8834604,0.2633622,9.895236,6.1086525E-4,0.0012217305,-6.1086525E-4,TONIC,3471c5a72fcd
1777347576054,7418248066067,0.89303726,0.2705448,9.902418,0.0,-0.0012217305,0.0012217305,TONIC,3471c5a72fcd
1777347576062,7418256062603,0.89782566,0.2873042,9.902418,-6.1086525E-4,6.1086525E-4,0.0,TONIC,3471c5a72fcd
1777347576070,7418264057755,0.89303726,0.272939,9.890448,6.1086525E-4,0.0012217305,-6.1086525E-4,TONIC,3471c5a72fcd
1777347576078,7418272052753,0.89064306,0.2777274,9.900024,0.0,0.0,-6.1086525E-4,TONIC,3471c5a72fcd
1777347576086,7418280078905,0.89782566,0.272939,9.916783,0.0,0.0,-6.1086525E-4,TONIC,3471c5a72fcd
1777347576094,7418288074364,0.89543146,0.2657564,9.883265,-6.1086525E-4,-6.1086525E-4,-0.0018325958,TONIC,3471c5a72fcd
1777347576102,7418296070671,0.90021986,0.29209262,9.895236,-6.1086525E-4,-6.1086525E-4,6.1086525E-4,TONIC,3471c5a72fcd
1777347576110,7418304066285,0.8858546,0.2657564,9.888053,0.0,0.0012217305,0.0,TONIC,3471c5a72fcd
1777347576118,7418312060821,0.878672,0.2777274,9.916783,0.0,-6.1086525E-4,6.1086525E-4,TONIC,3471c5a72fcd
1777347576126,7418320057357,0.8882488,0.272939,9.904813,0.0,6.1086525E-4,-6.1086525E-4,TONIC,3471c5a72fcd
1777347576134,7418328051894,0.878672,0.272939,9.885659,-0.0018325958,-6.1086525E-4,-0.0012217305,TONIC,3471c5a72fcd
1777347576142,7418336079200,0.89782566,0.2873042,9.892841,6.1086525E-4,0.0012217305,6.1086525E-4,TONIC,3471c5a72fcd
1777347576150,7418344075198,0.89064306,0.2705448,9.878476,-6.1086525E-4,-0.0012217305,0.0,TONIC,3471c5a72fcd
1777347576158,7418352071196,0.878672,0.2753332,9.900024,6.1086525E-4,0.0,0.0012217305,TONIC,3471c5a72fcd
1777347576166,7418360065425,0.89543146,0.2825158,9.878476,0.0,0.0018325958,6.1086525E-4,TONIC,3471c5a72fcd
1777347576174,7418368061346,0.8858546,0.29448682,9.885659,0.0,6.1086525E-4,0.0,TONIC,3471c5a72fcd
1777347576182,7418376057113,0.8858546,0.2801216,9.89763,6.1086525E-4,6.1086525E-4,-6.1086525E-4,TONIC,3471c5a72fcd
1777347576190,7418384052189,0.89543146,0.2825158,9.904813,0.0,6.1086525E-4,6.1086525E-4,TONIC,3471c5a72fcd
1777347576198,7418392080418,0.89064306,0.2801216,9.895236,0.0,0.0012217305,-6.1086525E-4,TONIC,3471c5a72fcd
1777347576206,7418400074339,0.89303726,0.28491,9.89763,6.1086525E-4,6.1086525E-4,-6.1086525E-4,TONIC,3471c5a72fcd
1777347576214,7418408068798,0.89303726,0.2825158,9.892841,0.0,-6.1086525E-4,0.0012217305,TONIC,3471c5a72fcd
1777347576222,7418416065719,0.89064306,0.2873042,9.907207,6.1086525E-4,-0.0012217305,-6.1086525E-4,TONIC,3471c5a72fcd
1777347576230,7418424059871,0.89064306,0.2801216,9.885659,6.1086525E-4,0.0,-6.1086525E-4,TONIC,3471c5a72fcd
1777347576238,7418432057023,0.878672,0.2825158,9.892841,0.0,0.0012217305,0.0,TONIC,3471c5a72fcd
1777347576246,7418440051867,0.8810662,0.2896984,9.900024,0.0,0.0,6.1086525E-4,TONIC,3471c5a72fcd
1777347576254,7418448076711,0.89543146,0.25617957,9.888053,-6.1086525E-4,6.1086525E-4,0.0012217305,TONIC,3471c5a72fcd
1777347576262,7418456074248,0.878672,0.28491,9.890448,6.1086525E-4,0.0,-0.0018325958,TONIC,3471c5a72fcd
1777347576270,7418464067861,0.89303726,0.2753332,9.895236,0.0,6.1086525E-4,6.1086525E-4,TONIC,3471c5a72fcd
1777347576278,7418472063783,0.90261406,0.272939,9.907207,6.1086525E-4,0.0,6.1086525E-4,TONIC,3471c5a72fcd
1777347576286,7418480059858,0.8834604,0.272939,9.904813,6.1086525E-4,6.1086525E-4,0.0,TONIC,3471c5a72fcd
1777347576294,7418488054626,0.89543146,0.2753332,9.883265,6.1086525E-4,6.1086525E-4,6.1086525E-4,TONIC,3471c5a72fcd
1777347576302,7418496050547,0.8882488,0.2873042,9.902418,0.0012217305,0.0,0.0,TONIC,3471c5a72fcd
1777347576310,7418504077391,0.89303726,0.2825158,9.909601,0.0012217305,0.0012217305,-6.1086525E-4,TONIC,3471c5a72fcd
1777347576318,7418512073620,0.90021986,0.2777274,9.888053,0.0,0.0,-6.1086525E-4,TONIC,3471c5a72fcd
1777347576326,7418520069925,0.89543146,0.2657564,9.909601,-6.1086525E-4,-6.1086525E-4,-6.1086525E-4,TONIC,3471c5a72fcd
1777347576334,7418528065308,0.8834604,0.2681506,9.904813,-6.1086525E-4,0.0,0.0,TONIC,3471c5a72fcd
1777347576342,7418536060691,0.89782566,0.2777274,9.909601,-0.0012217305,6.1086525E-4,6.1086525E-4,TONIC,3471c5a72fcd
1777347576350,7418544057381,0.91219085,0.29688102,9.878476,-6.1086525E-4,-6.1086525E-4,0.0,TONIC,3471c5a72fcd
1777347576358,7418552082841,0.8834604,0.2777274,9.900024,-0.0012217305,0.0,0.0018325958,TONIC,3471c5a72fcd
1777347576366,7418560077609,0.89064306,0.2825158,9.89763,-6.1086525E-4,6.1086525E-4,0.0,TONIC,3471c5a72fcd
1777347576374,7418568073299,0.90021986,0.29927522,9.904813,-0.0018325958,-0.0012217305,6.1086525E-4,TONIC,3471c5a72fcd
1777347576382,7418576068682,0.90500826,0.2801216,9.916783,-0.0012217305,0.0012217305,6.1086525E-4,TONIC,3471c5a72fcd
1777347576390,7418584065295,0.8714894,0.2705448,9.888053,0.0,0.0018325958,6.1086525E-4,TONIC,3471c5a72fcd
1777347576398,7418592060447,0.90740246,0.28491,9.900024,-6.1086525E-4,0.0012217305,6.1086525E-4,TONIC,3471c5a72fcd
1777347576406,7418600053907,0.89303726,0.2801216,9.907207,-6.1086525E-4,0.0,0.0018325958,TONIC,3471c5a72fcd
1777347576414,7418608052058,0.90261406,0.29209262,9.907207,-6.1086525E-4,0.0,6.1086525E-4,TONIC,3471c5a72fcd
1777347576422,7418616076672,0.90021986,0.2753332,9.902418,-6.1086525E-4,0.0,0.0018325958,TONIC,3471c5a72fcd
1777347576430,7418624073054,0.90261406,0.2801216,9.91439,6.1086525E-4,-0.002443461,6.1086525E-4,TONIC,3471c5a72fcd
1777347576438,7418632191745,0.89782566,0.2753332,9.909601,-0.0012217305,6.1086525E-4,6.1086525E-4,TONIC,3471c5a72fcd
1777347576446,7418640065051,0.8882488,0.272939,9.900024,-6.1086525E-4,-6.1086525E-4,0.0,TONIC,3471c5a72fcd
1777347576454,7418648059742,0.89064306,0.272939,9.916783,0.0,0.0,6.1086525E-4,TONIC,3471c5a72fcd
1777347576462,7418656055817,0.89064306,0.29209262,9.89763,-6.1086525E-4,6.1086525E-4,0.002443461,TONIC,3471c5a72fcd
1777347576470,7418664052046,0.89543146,0.260968,9.895236,-6.1086525E-4,0.0012217305,0.0,TONIC,3471c5a72fcd
1777347576478,7418672077044,0.90021986,0.2896984,9.900024,0.0,-0.0012217305,6.1086525E-4,TONIC,3471c5a72fcd
1777347576486,7418680073272,0.89782566,0.272939,9.907207,0.0,6.1086525E-4,0.0012217305,TONIC,3471c5a72fcd
1777347576494,7418688069347,0.8858546,0.2753332,9.904813,-0.0018325958,0.0018325958,0.0012217305,TONIC,3471c5a72fcd
1777347576502,7418696062499,0.89543146,0.2681506,9.91439,-0.0012217305,0.0018325958,6.1086525E-4,TONIC,3471c5a72fcd
1777347576510,7418704059420,0.8882488,0.2825158,9.89763,-0.0012217305,6.1086525E-4,6.1086525E-4,TONIC,3471c5a72fcd
1777347576518,7418712053649,0.89782566,0.2825158,9.919178,-6.1086525E-4,0.0012217305,6.1086525E-4,TONIC,3471c5a72fcd
1777347576526,7418720051186,0.90500826,0.272939,9.911995,0.0012217305,0.0018325958,6.1086525E-4,TONIC,3471c5a72fcd
1777347576534,7418728079108,0.89782566,0.2801216,9.904813,-6.1086525E-4,6.1086525E-4,0.0012217305,TONIC,3471c5a72fcd
1777347576542,7418736072336,0.8762778,0.29209262,9.900024,-0.0018325958,0.0,6.1086525E-4,TONIC,3471c5a72fcd
1777347576550,7418744069642,0.89543146,0.2753332,9.902418,-0.002443461,0.0012217305,6.1086525E-4,TONIC,3471c5a72fcd
1777347576558,7418752063409,0.8858546,0.2753332,9.895236,-0.0018325958,0.0,0.0,TONIC,3471c5a72fcd
1777347576566,7418760059792,0.8858546,0.2657564,9.907207,-6.1086525E-4,6.1086525E-4,0.0018325958,TONIC,3471c5a72fcd
1777347576574,7418768055405,0.89782566,0.29209262,9.907207,-0.0018325958,6.1086525E-4,-6.1086525E-4,TONIC,3471c5a72fcd
1777347576582,7418776048942,0.89064306,0.2801216,9.900024,0.0,0.0012217305,0.0012217305,TONIC,3471c5a72fcd
1777347576590,7418784076940,0.90021986,0.272939,9.880871,-6.1086525E-4,0.0018325958,6.1086525E-4,TONIC,3471c5a72fcd
1777347576598,7418792072938,0.89064306,0.2633622,9.904813,-0.0012217305,0.0012217305,0.0012217305,TONIC,3471c5a72fcd
1777347576606,7418800068321,0.91697925,0.272939,9.895236,-0.0018325958,6.1086525E-4,0.002443461,TONIC,3471c5a72fcd
1777347576614,7418808064320,0.89303726,0.2777274,9.890448,-6.1086525E-4,0.0018325958,0.0012217305,TONIC,3471c5a72fcd
1777347576622,7418816059395,0.89782566,0.2801216,9.909601,-0.0012217305,6.1086525E-4,6.1086525E-4,TONIC,3471c5a72fcd
1777347576630,7418824054469,0.89064306,0.2657564,9.900024,-6.1086525E-4,0.0030543262,0.0,TONIC,3471c5a72fcd
1777347576638,7418832050852,0.89303726,0.2753332,9.900024,-0.0012217305,-6.1086525E-4,0.0018325958,TONIC,3471c5a72fcd
1777347576646,7418840076619,0.89064306,0.272939,9.900024,6.1086525E-4,6.1086525E-4,0.0018325958,TONIC,3471c5a72fcd
1777347576654,7418848072310,0.8882488,0.2825158,9.892841,-6.1086525E-4,0.0,6.1086525E-4,TONIC,3471c5a72fcd
1777347576662,7418856068923,0.8810662,0.2681506,9.907207,-6.1086525E-4,0.0,6.1086525E-4,TONIC,3471c5a72fcd
1777347576670,7418864064075,0.90740246,0.29448682,9.89763,-6.1086525E-4,0.0012217305,6.1086525E-4,TONIC,3471c5a72fcd
1777347576678,7418872059381,0.90021986,0.28491,9.904813,-0.0012217305,0.0012217305,6.1086525E-4,TONIC,3471c5a72fcd
1777347576686,7418880054533,0.90500826,0.2825158,9.916783,-0.0012217305,0.0,6.1086525E-4,TONIC,3471c5a72fcd
1777347576694,7418888079069,0.90261406,0.2825158,9.888053,-0.0012217305,6.1086525E-4,6.1086525E-4,TONIC,3471c5a72fcd
1777347576702,7418896076683,0.89303726,0.2777274,9.892841,0.0,0.0018325958,0.0,TONIC,3471c5a72fcd
1777347576710,7418904071066,0.8810662,0.28491,9.890448,-0.0012217305,0.0012217305,-6.1086525E-4,TONIC,3471c5a72fcd
1777347576718,7418912066526,0.89303726,0.272939,9.904813,-0.0012217305,0.0,6.1086525E-4,TONIC,3471c5a72fcd
1777347576726,7418920063062,0.89782566,0.28491,9.91439,-6.1086525E-4,-0.0012217305,0.0012217305,TONIC,3471c5a72fcd
1777347576734,7418928058829,0.89303726,0.272939,9.900024,-6.1086525E-4,6.1086525E-4,-0.0012217305,TONIC,3471c5a72fcd
1777347576742,7418936054212,0.89543146,0.272939,9.909601,6.1086525E-4,-6.1086525E-4,6.1086525E-4,TONIC,3471c5a72fcd
1777347576750,7418944080672,0.8762778,0.272939,9.895236,0.0,0.0018325958,0.0012217305,TONIC,3471c5a72fcd
1777347576758,7418952075439,0.91458505,0.2777274,9.902418,-6.1086525E-4,0.0012217305,0.0012217305,TONIC,3471c5a72fcd
1777347576766,7418960072898,0.8834604,0.2873042,9.902418,-6.1086525E-4,0.0012217305,0.0,TONIC,3471c5a72fcd
1777347576774,7418968067358,0.8882488,0.2705448,9.902418,-6.1086525E-4,-6.1086525E-4,6.1086525E-4,TONIC,3471c5a72fcd
1777347576782,7418976063048,0.89064306,0.29448682,9.895236,0.0,0.0,0.0018325958,TONIC,3471c5a72fcd
1777347576790,7418984059740,0.8834604,0.2801216,9.890448,-0.0012217305,6.1086525E-4,0.0012217305,TONIC,3471c5a72fcd
1777347576798,7418992054430,0.89782566,0.28491,9.888053,-6.1086525E-4,0.0012217305,0.0012217305,TONIC,3471c5a72fcd
1777347576806,7419000079351,0.89303726,0.2777274,9.900024,-0.0012217305,-6.1086525E-4,6.1086525E-4,TONIC,3471c5a72fcd
1777347576814,7419008075041,0.89782566,0.2801216,9.909601,6.1086525E-4,6.1086525E-4,0.0,TONIC,3471c5a72fcd
1777347576822,7419016072270,0.8882488,0.272939,9.923966,0.0,0.0012217305,0.0018325958,TONIC,3471c5a72fcd
1777347576830,7419024067345,0.90261406,0.2681506,9.91439,-0.0012217305,0.0,0.0018325958,TONIC,3471c5a72fcd
1777347576838,7419032062805,0.89782566,0.29209262,9.888053,-6.1086525E-4,0.0012217305,6.1086525E-4,TONIC,3471c5a72fcd
1777347576846,7419040057803,0.91219085,0.2825158,9.904813,-6.1086525E-4,-0.002443461,0.0012217305,TONIC,3471c5a72fcd
1777347576854,7419048053493,0.90261406,0.28491,9.911995,-0.0018325958,-6.1086525E-4,0.0,TONIC,3471c5a72fcd
1777347576862,7419056049568,0.8834604,0.272939,9.892841,-0.0012217305,0.0,-6.1086525E-4,TONIC,3471c5a72fcd
1777347576870,7419064075643,0.90021986,0.272939,9.916783,-6.1086525E-4,0.0,6.1086525E-4,TONIC,3471c5a72fcd
1777347576878,7419072071411,0.8810662,0.25617957,9.895236,-0.002443461,0.0,0.0012217305,TONIC,3471c5a72fcd
1777347576886,7419080065871,0.89782566,0.2801216,9.892841,-0.0012217305,0.0018325958,6.1086525E-4,TONIC,3471c5a72fcd
1777347576894,7419088062792,0.90500826,0.2896984,9.890448,-0.0018325958,0.0,0.002443461,TONIC,3471c5a72fcd
1777347576902,7419096058174,0.90261406,0.272939,9.909601,-6.1086525E-4,-0.0012217305,0.0012217305,TONIC,3471c5a72fcd
1777347576910,7419104052865,0.89303726,0.2777274,9.907207,0.0,6.1086525E-4,0.0012217305,TONIC,3471c5a72fcd
1777347576918,7419112081478,0.8882488,0.25617957,9.909601,0.0,-6.1086525E-4,0.0018325958,TONIC,3471c5a72fcd
1777347576926,7419120076630,0.89064306,0.29209262,9.902418,-6.1086525E-4,6.1086525E-4,0.0,TONIC,3471c5a72fcd
1777347576934,7419128071320,0.8858546,0.2777274,9.895236,0.0,0.0018325958,-6.1086525E-4,TONIC,3471c5a72fcd
1777347576942,7419136065472,0.89543146,0.272939,9.89763,-6.1086525E-4,0.0,6.1086525E-4,TONIC,3471c5a72fcd
1777347576950,7419144062393,0.89064306,0.2825158,9.911995,-6.1086525E-4,6.1086525E-4,6.1086525E-4,TONIC,3471c5a72fcd
1777347576958,7419152058161,0.90021986,0.28491,9.902418,-6.1086525E-4,-0.0018325958,0.0,TONIC,3471c5a72fcd
1777347576966,7419160053852,0.89543146,0.2896984,9.904813,-6.1086525E-4,0.0012217305,0.0,TONIC,3471c5a72fcd
1777347576974,7419168081158,0.8834604,0.25857377,9.900024,0.0012217305,0.0012217305,0.0018325958,TONIC,3471c5a72fcd
1777347576982,7419176075617,0.89303726,0.2801216,9.907207,-6.1086525E-4,0.0,0.0012217305,TONIC,3471c5a72fcd
1777347576990,7419184070769,0.91219085,0.2657564,9.911995,0.0,6.1086525E-4,0.002443461,TONIC,3471c5a72fcd
1777347576998,7419192065844,0.8882488,0.28491,9.91439,-0.0018325958,0.0,-6.1086525E-4,TONIC,3471c5a72fcd
1777347577006,7419200062457,0.8882488,0.2681506,9.904813,0.0,0.0,0.0,TONIC,3471c5a72fcd
1777347577014,7419208056301,0.8858546,0.2633622,9.902418,-6.1086525E-4,0.0,0.0018325958,TONIC,3471c5a72fcd
1777347577022,7419216053223,0.90261406,0.28491,9.900024,6.1086525E-4,6.1086525E-4,0.0018325958,TONIC,3471c5a72fcd
1777347577030,7419224079605,0.89303726,0.2705448,9.888053,0.0,6.1086525E-4,0.0,TONIC,3471c5a72fcd
1777347577038,7419232074449,0.8858546,0.2896984,9.890448,-6.1086525E-4,0.0012217305,6.1086525E-4,TONIC,3471c5a72fcd
1777347577046,7419240069833,0.89064306,0.2801216,9.89763,-6.1086525E-4,0.0012217305,0.0012217305,TONIC,3471c5a72fcd
1777347577054,7419248066369,0.90261406,0.260968,9.902418,-0.0012217305,6.1086525E-4,0.0018325958,TONIC,3471c5a72fcd
1777347577062,7419256061752,0.8762778,0.2873042,9.909601,-0.0012217305,6.1086525E-4,0.0018325958,TONIC,3471c5a72fcd
1777347577070,7419264056596,0.8882488,0.2825158,9.902418,-6.1086525E-4,-0.0012217305,6.1086525E-4,TONIC,3471c5a72fcd
1777347577078,7419272053748,0.90021986,0.2705448,9.900024,-0.0030543262,-6.1086525E-4,0.0018325958,TONIC,3471c5a72fcd
1777347577086,7419280078977,0.89064306,0.2705448,9.890448,-0.0018325958,0.0,6.1086525E-4,TONIC,3471c5a72fcd
1777347577094,7419288073513,0.90979666,0.2681506,9.909601,-0.0018325958,0.0012217305,0.0018325958,TONIC,3471c5a72fcd
1777347577102,7419296070435,0.8858546,0.2825158,9.907207,-0.0012217305,0.0,0.002443461,TONIC,3471c5a72fcd
1777347577110,7419304065509,0.89782566,0.28491,9.916783,-0.0018325958,0.0,-6.1086525E-4,TONIC,3471c5a72fcd
1777347577118,7419312062661,0.8858546,0.2633622,9.916783,-6.1086525E-4,0.0,6.1086525E-4,TONIC,3471c5a72fcd
1777347577126,7419320057736,0.8882488,0.2681506,9.904813,-0.0012217305,0.0,0.0012217305,TONIC,3471c5a72fcd
1777347577134,7419328052197,0.8882488,0.2825158,9.89763,-6.1086525E-4,-0.0012217305,6.1086525E-4,TONIC,3471c5a72fcd
1777347577142,7419336079272,0.8858546,0.29209262,9.902418,0.0,-6.1086525E-4,6.1086525E-4,TONIC,3471c5a72fcd
1777347577150,7419344074731,0.89303726,0.2657564,9.89763,-0.0012217305,0.0012217305,0.0,TONIC,3471c5a72fcd
1777347577158,7419352068191,0.90261406,0.2753332,9.895236,-6.1086525E-4,0.0,0.0,TONIC,3471c5a72fcd
1777347577166,7419360063650,0.89543146,0.2705448,9.895236,0.0012217305,0.0012217305,0.0018325958,TONIC,3471c5a72fcd
1777347577174,7419368061725,0.8858546,0.2825158,9.904813,0.0,0.0012217305,6.1086525E-4,TONIC,3471c5a72fcd
1777347577182,7419376056493,0.90500826,0.28491,9.907207,-6.1086525E-4,6.1086525E-4,-6.1086525E-4,TONIC,3471c5a72fcd
1777347577190,7419384053106,0.90979666,0.28491,9.921572,0.0,0.0,0.0,TONIC,3471c5a72fcd
1777347577198,7419392078104,0.89064306,0.2777274,9.89763,-0.0012217305,0.0,0.002443461,TONIC,3471c5a72fcd
1777347577206,7419400075948,0.878672,0.2801216,9.895236,-0.0012217305,-6.1086525E-4,0.0,TONIC,3471c5a72fcd
1777347577214,7419408070716,0.89782566,0.2777274,9.900024,0.0,0.0012217305,0.0,TONIC,3471c5a72fcd
1777347577222,7419416064791,0.90021986,0.272939,9.888053,-0.0012217305,6.1086525E-4,0.0,TONIC,3471c5a72fcd
1777347577230,7419424061097,0.90500826,0.28491,9.909601,-0.0012217305,0.0,6.1086525E-4,TONIC,3471c5a72fcd
1777347577238,7419432056787,0.8882488,0.2681506,9.911995,0.0,0.0012217305,0.0,TONIC,3471c5a72fcd
1777347577246,7419440051632,0.8810662,0.2825158,9.911995,-0.0012217305,0.0,0.0012217305,TONIC,3471c5a72fcd
1777347577254,7419448077707,0.8810662,0.2681506,9.904813,-0.0012217305,6.1086525E-4,6.1086525E-4,TONIC,3471c5a72fcd
1777347577262,7419456073705,0.8858546,0.28491,9.907207,-0.0012217305,0.0,0.002443461,TONIC,3471c5a72fcd
1777347577270,7419464069472,0.8834604,0.272939,9.904813,0.0,0.0,6.1086525E-4,TONIC,3471c5a72fcd
1777347577278,7419472065162,0.8738836,0.2705448,9.916783,-0.0012217305,0.0012217305,0.0018325958,TONIC,3471c5a72fcd
1777347577286,7419480061083,0.8882488,0.2681506,9.89763,6.1086525E-4,0.0,0.0,TONIC,3471c5a72fcd
1777347577294,7419488055235,0.90979666,0.2681506,9.89763,-6.1086525E-4,0.0018325958,6.1086525E-4,TONIC,3471c5a72fcd
1777347577302,7419496051850,0.90500826,0.2753332,9.89763,-0.0012217305,0.0,6.1086525E-4,TONIC,3471c5a72fcd
1777347577310,7419504078386,0.8810662,0.2681506,9.907207,0.0,6.1086525E-4,6.1086525E-4,TONIC,3471c5a72fcd
1777347577318,7419512074076,0.8810662,0.272939,9.89763,-0.0012217305,6.1086525E-4,0.0,TONIC,3471c5a72fcd
1777347577326,7419520069382,0.89064306,0.2801216,9.916783,0.0,0.0012217305,6.1086525E-4,TONIC,3471c5a72fcd
1777347577334,7419528064534,0.90261406,0.2801216,9.902418,-0.0018325958,0.0012217305,6.1086525E-4,TONIC,3471c5a72fcd
1777347577342,7419536059609,0.8810662,0.2657564,9.902418,-0.0012217305,0.0018325958,0.0,TONIC,3471c5a72fcd
1777347577350,7419544055222,0.89303726,0.2873042,9.89763,-0.0012217305,-0.0012217305,0.0012217305,TONIC,3471c5a72fcd
1777347577358,7419552051836,0.89303726,0.2873042,9.89763,-6.1086525E-4,0.0030543262,-6.1086525E-4,TONIC,3471c5a72fcd
1777347577366,7419560077449,0.8858546,0.2681506,9.911995,0.0,0.0012217305,-6.1086525E-4,TONIC,3471c5a72fcd
1777347577374,7419568073139,0.89064306,0.2657564,9.904813,0.0,6.1086525E-4,6.1086525E-4,TONIC,3471c5a72fcd
1777347577382,7419576069137,0.8882488,0.2801216,9.911995,-6.1086525E-4,0.0012217305,6.1086525E-4,TONIC,3471c5a72fcd
1777347577390,7419584062983,0.8834604,0.2753332,9.909601,-0.002443461,-0.0012217305,0.0,TONIC,3471c5a72fcd
1777347577398,7419592061981,0.89543146,0.2873042,9.911995,6.1086525E-4,0.0012217305,6.1086525E-4,TONIC,3471c5a72fcd
1777347577406,7419600054979,0.89303726,0.2777274,9.902418,-6.1086525E-4,0.0018325958,0.0,TONIC,3471c5a72fcd
1777347577414,7419608050669,0.89064306,0.2825158,9.916783,0.0,0.0,0.0,TONIC,3471c5a72fcd
1777347577422,7419616077744,0.90500826,0.2777274,9.895236,0.0,0.0012217305,-6.1086525E-4,TONIC,3471c5a72fcd
1777347577430,7419624074588,0.90021986,0.2681506,9.89763,0.0,0.0,-0.002443461,TONIC,3471c5a72fcd
1777347577438,7419632068432,0.90021986,0.272939,9.909601,6.1086525E-4,6.1086525E-4,6.1086525E-4,TONIC,3471c5a72fcd
1777347577446,7419640062584,0.90261406,0.2873042,9.904813,0.0,-6.1086525E-4,-0.0012217305,TONIC,3471c5a72fcd
1777347577454,7419648058967,0.90500826,0.2825158,9.89763,0.0,-6.1086525E-4,0.0012217305,TONIC,3471c5a72fcd
1777347577462,7419656054888,0.89303726,0.28491,9.907207,0.0,0.0018325958,6.1086525E-4,TONIC,3471c5a72fcd
1777347577470,7419664083501,0.8882488,0.272939,9.909601,6.1086525E-4,-6.1086525E-4,-6.1086525E-4,TONIC,3471c5a72fcd
1777347577478,7419672077423,0.8858546,0.28491,9.916783,-0.002443461,6.1086525E-4,-6.1086525E-4,TONIC,3471c5a72fcd
1777347577486,7419680072806,0.89064306,0.2705448,9.909601,0.0,6.1086525E-4,-6.1086525E-4,TONIC,3471c5a72fcd
1777347577494,7419688068496,0.90979666,0.28491,9.902418,-6.1086525E-4,-0.0018325958,0.0,TONIC,3471c5a72fcd
1777347577502,7419696064110,0.89782566,0.2777274,9.895236,0.0012217305,0.002443461,6.1086525E-4,TONIC,3471c5a72fcd
1777347577510,7419704060108,0.8882488,0.2801216,9.911995,0.0,-6.1086525E-4,-0.0012217305,TONIC,3471c5a72fcd
1777347577518,7419712054952,0.90740246,0.2801216,9.89763,0.0,0.0,-0.0012217305,TONIC,3471c5a72fcd
1777347577526,7419720050950,0.90021986,0.2753332,9.911995,-0.0012217305,0.0012217305,6.1086525E-4,TONIC,3471c5a72fcd
1777347577534,7419728077333,0.90979666,0.2873042,9.907207,6.1086525E-4,0.0012217305,-6.1086525E-4,TONIC,3471c5a72fcd
1777347577542,7419736072792,0.8882488,0.2777274,9.916783,0.0,-0.002443461,-0.0012217305,TONIC,3471c5a72fcd
1777347577550,7419744066944,0.89303726,0.2777274,9.904813,0.0012217305,6.1086525E-4,-0.0018325958,TONIC,3471c5a72fcd
1777347577558,7419752063866,0.8834604,0.2825158,9.902418,6.1086525E-4,0.0012217305,0.0,TONIC,3471c5a72fcd
1777347577566,7419760059479,0.8858546,0.25857377,9.92636,0.0,0.0,6.1086525E-4,TONIC,3471c5a72fcd
1777347577574,7419768056093,0.8858546,0.2801216,9.904813,-0.0018325958,0.002443461,0.0,TONIC,3471c5a72fcd
1777347577582,7419776050629,0.90500826,0.28491,9.907207,6.1086525E-4,0.0,6.1086525E-4,TONIC,3471c5a72fcd
1777347577590,7419784075858,0.89064306,0.272939,9.892841,-6.1086525E-4,0.0,6.1086525E-4,TONIC,3471c5a72fcd
1777347577598,7419792072087,0.89782566,0.2681506,9.91439,6.1086525E-4,0.0018325958,6.1086525E-4,TONIC,3471c5a72fcd
1777347577606,7419800067546,0.8858546,0.2657564,9.909601,-6.1086525E-4,0.0,-6.1086525E-4,TONIC,3471c5a72fcd
1777347577614,7419808063775,0.91458505,0.2657564,9.902418,-6.1086525E-4,-6.1086525E-4,0.0,TONIC,3471c5a72fcd
1777347577622,7419816058927,0.8834604,0.2753332,9.916783,-6.1086525E-4,0.0012217305,0.0012217305,TONIC,3471c5a72fcd
1777347577630,7419824054233,0.90500826,0.2777274,9.89763,-6.1086525E-4,-0.0018325958,0.0,TONIC,3471c5a72fcd
1777347577638,7419832049000,0.89543146,0.272939,9.907207,0.0012217305,0.0012217305,-6.1086525E-4,TONIC,3471c5a72fcd
1777347577646,7419840076691,0.8882488,0.2825158,9.900024,-0.0018325958,-0.0018325958,0.0,TONIC,3471c5a72fcd
1777347577654,7419848072074,0.89303726,0.2801216,9.907207,0.0018325958,0.0,6.1086525E-4,TONIC,3471c5a72fcd
1777347577662,7419856066611,0.89064306,0.2777274,9.91439,-0.0012217305,0.0,-6.1086525E-4,TONIC,3471c5a72fcd
1777347577670,7419864063224,0.8882488,0.2825158,9.91439,6.1086525E-4,6.1086525E-4,0.0012217305,TONIC,3471c5a72fcd
1777347577678,7419872058607,0.8738836,0.2873042,9.916783,-6.1086525E-4,-6.1086525E-4,0.0018325958,TONIC,3471c5a72fcd
1777347577686,7419880055220,0.90261406,0.2681506,9.904813,-6.1086525E-4,0.0012217305,0.0,TONIC,3471c5a72fcd
1777347577694,7419888081372,0.90021986,0.2705448,9.911995,6.1086525E-4,0.0018325958,0.0012217305,TONIC,3471c5a72fcd
1777347577702,7419896075754,0.8858546,0.2896984,9.91439,0.0,0.0,0.0012217305,TONIC,3471c5a72fcd
1777347577710,7419904072368,0.8882488,0.2801216,9.907207,0.0018325958,6.1086525E-4,-6.1086525E-4,TONIC,3471c5a72fcd
1777347577718,7419912067212,0.89064306,0.2777274,9.911995,-0.0012217305,-0.0012217305,0.0,TONIC,3471c5a72fcd
1777347577726,7419920062595,0.89064306,0.2896984,9.895236,0.0012217305,-0.0012217305,6.1086525E-4,TONIC,3471c5a72fcd
1777347577734,7419928060671,0.89064306,0.29688102,9.890448,-0.0012217305,0.0012217305,6.1086525E-4,TONIC,3471c5a72fcd
1777347577742,7419936055207,0.89303726,0.28491,9.892841,-0.0012217305,0.0,6.1086525E-4,TONIC,3471c5a72fcd
1777347577750,7419944080128,0.89064306,0.2825158,9.909601,0.0012217305,0.0018325958,6.1086525E-4,TONIC,3471c5a72fcd
1777347577758,7419952074819,0.8858546,0.2825158,9.91439,-6.1086525E-4,6.1086525E-4,6.1086525E-4,TONIC,3471c5a72fcd
1777347577766,7419960071201,0.8834604,0.2873042,9.91439,0.0,0.0,6.1086525E-4,TONIC,3471c5a72fcd
1777347577774,7419968066891,0.89303726,0.2657564,9.89763,-6.1086525E-4,-6.1086525E-4,6.1086525E-4,TONIC,3471c5a72fcd
1777347577782,7419976061351,0.89064306,0.2705448,9.900024,6.1086525E-4,0.0012217305,0.0018325958,TONIC,3471c5a72fcd
1777347577790,7419984058888,0.89064306,0.2753332,9.888053,-6.1086525E-4,6.1086525E-4,-6.1086525E-4,TONIC,3471c5a72fcd
1777347577798,7419992053270,0.90021986,0.2705448,9.91439,0.0,0.0012217305,-6.1086525E-4,TONIC,3471c5a72fcd
1777347577806,7420000079730,0.8738836,0.2705448,9.921572,-6.1086525E-4,0.0,-6.1086525E-4,TONIC,3471c5a72fcd
1777347577814,7420008076343,0.89303726,0.2777274,9.883265,-6.1086525E-4,0.0,0.0,TONIC,3471c5a72fcd
1777347577822,7420016070881,0.8882488,0.272939,9.921572,-6.1086525E-4,6.1086525E-4,0.0,TONIC,3471c5a72fcd
1777347577830,7420024066879,0.8714894,0.28491,9.900024,-6.1086525E-4,0.0,0.0,TONIC,3471c5a72fcd
1777347577838,7420032062261,0.89782566,0.2825158,9.91439,-6.1086525E-4,0.0,6.1086525E-4,TONIC,3471c5a72fcd
1777347577846,7420040057875,0.8810662,0.2753332,9.902418,-6.1086525E-4,6.1086525E-4,-0.0012217305,TONIC,3471c5a72fcd
1777347577854,7420048053642,0.89782566,0.29448682,9.909601,0.0012217305,0.0,6.1086525E-4,TONIC,3471c5a72fcd
1777347577862,7420056048948,0.89543146,0.2896984,9.91439,0.0,6.1086525E-4,-6.1086525E-4,TONIC,3471c5a72fcd
1777347577870,7420064075407,0.878672,0.2801216,9.89763,6.1086525E-4,-6.1086525E-4,6.1086525E-4,TONIC,3471c5a72fcd
1777347577878,7420072071405,0.8858546,0.2777274,9.89763,-0.0012217305,-6.1086525E-4,0.0,TONIC,3471c5a72fcd
1777347577886,7420080065865,0.89543146,0.2753332,9.911995,0.0,6.1086525E-4,0.0,TONIC,3471c5a72fcd
1777347577894,7420088060324,0.8882488,0.2873042,9.909601,6.1086525E-4,0.002443461,-6.1086525E-4,TONIC,3471c5a72fcd
1777347577902,7420096057246,0.8858546,0.2681506,9.909601,0.0012217305,6.1086525E-4,0.0,TONIC,3471c5a72fcd
1777347577910,7420104054244,0.89782566,0.272939,9.907207,0.0,0.0,0.0,TONIC,3471c5a72fcd
1777347577918,7420112079166,0.8810662,0.2753332,9.919178,-6.1086525E-4,0.0012217305,-0.0018325958,TONIC,3471c5a72fcd
1777347577926,7420120074471,0.89303726,0.2705448,9.911995,6.1086525E-4,6.1086525E-4,6.1086525E-4,TONIC,3471c5a72fcd
1777347577934,7420128072315,0.90021986,0.2753332,9.888053,0.0,-6.1086525E-4,0.0,TONIC,3471c5a72fcd
1777347577942,7420136066544,0.89782566,0.260968,9.892841,-6.1086525E-4,-0.0018325958,-6.1086525E-4,TONIC,3471c5a72fcd
1777347577950,7420144061004,0.8810662,0.272939,9.911995,0.0,0.002443461,0.0,TONIC,3471c5a72fcd
1777347577958,7420152057002,0.8882488,0.260968,9.909601,0.0,0.0018325958,-6.1086525E-4,TONIC,3471c5a72fcd
1777347577966,7420160053307,0.8834604,0.2705448,9.902418,-6.1086525E-4,0.0030543262,-6.1086525E-4,TONIC,3471c5a72fcd
1777347577974,7420168081229,0.90021986,0.2705448,9.900024,-6.1086525E-4,0.002443461,0.0,TONIC,3471c5a72fcd
1777347577982,7420176074842,0.8834604,0.272939,9.916783,0.0012217305,-0.0012217305,0.0018325958,TONIC,3471c5a72fcd
1777347577990,7420184069918,0.90021986,0.2873042,9.919178,-6.1086525E-4,0.0012217305,0.0,TONIC,3471c5a72fcd
1777347577998,7420192066224,0.8882488,0.2873042,9.907207,-6.1086525E-4,-6.1086525E-4,-6.1086525E-4,TONIC,3471c5a72fcd
1777347578006,7420200061606,0.8834604,0.2753332,9.909601,-0.0018325958,0.0,-6.1086525E-4,TONIC,3471c5a72fcd
1777347578014,7420208057527,0.8834604,0.2777274,9.895236,-0.0012217305,6.1086525E-4,0.0012217305,TONIC,3471c5a72fcd
1777347578022,7420216052679,0.90021986,0.272939,9.892841,6.1086525E-4,-0.0012217305,-6.1086525E-4,TONIC,3471c5a72fcd
1777347578030,7420224077831,0.89064306,0.2801216,9.902418,0.0,0.0012217305,-0.0012217305,TONIC,3471c5a72fcd
1777347578038,7420232074521,0.89782566,0.2705448,9.902418,6.1086525E-4,6.1086525E-4,0.0012217305,TONIC,3471c5a72fcd
1777347578046,7420240068366,0.89303726,0.272939,9.895236,0.0012217305,0.0012217305,6.1086525E-4,TONIC,3471c5a72fcd
1777347578054,7420248065210,0.8858546,0.2777274,9.895236,0.0018325958,6.1086525E-4,6.1086525E-4,TONIC,3471c5a72fcd
1777347578062,7420256060362,0.89064306,0.2825158,9.895236,0.0,0.0,0.0012217305,TONIC,3471c5a72fcd
1777347578070,7420264056052,0.89782566,0.272939,9.902418,6.1086525E-4,0.002443461,-6.1086525E-4,TONIC,3471c5a72fcd
1777347578078,7420272053897,0.8858546,0.272939,9.909601,6.1086525E-4,0.0018325958,0.0,TONIC,3471c5a72fcd
1777347578086,7420280079357,0.90021986,0.2705448,9.89763,6.1086525E-4,0.0,-6.1086525E-4,TONIC,3471c5a72fcd
1777347578094,7420288072278,0.91219085,0.2633622,9.892841,0.0,0.0012217305,-6.1086525E-4,TONIC,3471c5a72fcd
1777347578102,7420296069584,0.8738836,0.2705448,9.919178,0.0,0.0,0.0012217305,TONIC,3471c5a72fcd
1777347578110,7420304064889,0.8595184,0.2801216,9.904813,0.0,0.0018325958,0.0,TONIC,3471c5a72fcd
1777347578118,7420312059118,0.90500826,0.29209262,9.888053,-6.1086525E-4,0.0012217305,0.0,TONIC,3471c5a72fcd
1777347578126,7420320057885,0.878672,0.2753332,9.89763,0.0,-6.1086525E-4,0.0012217305,TONIC,3471c5a72fcd
1777347578134,7420328052576,0.89303726,0.2681506,9.900024,0.0,0.0012217305,6.1086525E-4,TONIC,3471c5a72fcd
1777347578142,7420336077881,0.8762778,0.2681506,9.89763,-6.1086525E-4,6.1086525E-4,6.1086525E-4,TONIC,3471c5a72fcd
1777347578150,7420344073572,0.89064306,0.2753332,9.900024,-6.1086525E-4,6.1086525E-4,-0.0012217305,TONIC,3471c5a72fcd
1777347578158,7420352069494,0.90500826,0.2753332,9.902418,-6.1086525E-4,-6.1086525E-4,-0.0012217305,TONIC,3471c5a72fcd
1777347578166,7420360067338,0.89064306,0.2825158,9.890448,-6.1086525E-4,6.1086525E-4,0.0,TONIC,3471c5a72fcd
1777347578174,7420368061182,0.89064306,0.272939,9.89763,0.0,0.0,0.0,TONIC,3471c5a72fcd
1777347578182,7420376056872,0.8882488,0.2657564,9.892841,0.0,-6.1086525E-4,0.0,TONIC,3471c5a72fcd
1777347578190,7420384052024,0.89303726,0.2705448,9.900024,6.1086525E-4,0.0,0.0012217305,TONIC,3471c5a72fcd
1777347578198,7420392078484,0.90740246,0.2633622,9.873688,-6.1086525E-4,0.0012217305,6.1086525E-4,TONIC,3471c5a72fcd
1777347578206,7420400073482,0.90740246,0.2777274,9.895236,6.1086525E-4,6.1086525E-4,0.0,TONIC,3471c5a72fcd
1777347578214,7420408068326,0.8810662,0.272939,9.89763,6.1086525E-4,0.0,6.1086525E-4,TONIC,3471c5a72fcd
1777347578222,7420416065786,0.90021986,0.2753332,9.888053,6.1086525E-4,-6.1086525E-4,0.0,TONIC,3471c5a72fcd
1777347578230,7420424060937,0.89303726,0.28491,9.878476,-6.1086525E-4,0.0,6.1086525E-4,TONIC,3471c5a72fcd
1777347578238,7420432056012,0.8858546,0.2777274,9.900024,0.0018325958,6.1086525E-4,6.1086525E-4,TONIC,3471c5a72fcd
1777347578246,7420440051319,0.8858546,0.272939,9.909601,6.1086525E-4,0.0012217305,6.1086525E-4,TONIC,3471c5a72fcd
1777347578254,7420448078702,0.89064306,0.2801216,9.892841,-6.1086525E-4,6.1086525E-4,-6.1086525E-4,TONIC,3471c5a72fcd
1777347578262,7420456073546,0.90021986,0.2777274,9.885659,0.0,-6.1086525E-4,0.0,TONIC,3471c5a72fcd
1777347578270,7420464070082,0.8882488,0.2681506,9.876082,6.1086525E-4,0.0012217305,-6.1086525E-4,TONIC,3471c5a72fcd
1777347578278,7420472064927,0.8882488,0.2705448,9.89763,0.0,0.0,6.1086525E-4,TONIC,3471c5a72fcd
1777347578286,7420480060232,0.8762778,0.2896984,9.888053,-6.1086525E-4,0.0,6.1086525E-4,TONIC,3471c5a72fcd
1777347578294,7420488055384,0.89782566,0.272939,9.878476,0.0,-0.0012217305,-6.1086525E-4,TONIC,3471c5a72fcd
1777347578302,7420496051613,0.90021986,0.2873042,9.888053,-6.1086525E-4,6.1086525E-4,-6.1086525E-4,TONIC,3471c5a72fcd
1777347578310,7420504078149,0.8810662,0.272939,9.900024,6.1086525E-4,-6.1086525E-4,0.0,TONIC,3471c5a72fcd
1777347578318,7420512073147,0.90021986,0.2873042,9.895236,6.1086525E-4,0.0,0.0,TONIC,3471c5a72fcd
1777347578326,7420520067684,0.89064306,0.2825158,9.890448,0.0,0.0012217305,0.0,TONIC,3471c5a72fcd
1777347578334,7420528064221,0.89303726,0.272939,9.892841,-6.1086525E-4,0.0012217305,0.0,TONIC,3471c5a72fcd
1777347578342,7420536058450,0.89543146,0.28491,9.900024,0.0,0.0012217305,-6.1086525E-4,TONIC,3471c5a72fcd
1777347578350,7420544056217,0.89543146,0.2657564,9.89763,-6.1086525E-4,6.1086525E-4,0.0012217305,TONIC,3471c5a72fcd
1777347578358,7420552081831,0.8858546,0.260968,9.892841,0.0,-0.0012217305,-6.1086525E-4,TONIC,3471c5a72fcd
1777347578366,7420560077752,0.89543146,0.2777274,9.890448,0.0,0.0018325958,0.0,TONIC,3471c5a72fcd
1777347578374,7420568073442,0.8858546,0.2873042,9.890448,6.1086525E-4,-6.1086525E-4,6.1086525E-4,TONIC,3471c5a72fcd
1777347578382,7420576067979,0.8810662,0.2801216,9.888053,0.0012217305,0.0,0.0,TONIC,3471c5a72fcd
1777347578390,7420584063977,0.90500826,0.2801216,9.89763,0.0,-6.1086525E-4,0.0018325958,TONIC,3471c5a72fcd
1777347578398,7420592060282,0.89782566,0.2825158,9.888053,6.1086525E-4,0.0012217305,-6.1086525E-4,TONIC,3471c5a72fcd
1777347578406,7420600053511,0.89303726,0.2896984,9.892841,6.1086525E-4,0.0,0.0012217305,TONIC,3471c5a72fcd
1777347578414,7420608051279,0.8858546,0.29209262,9.888053,0.0,-6.1086525E-4,0.0,TONIC,3471c5a72fcd
1777347578422,7420616075585,0.89303726,0.28491,9.890448,6.1086525E-4,0.0,0.0,TONIC,3471c5a72fcd
1777347578430,7420624072506,0.8834604,0.29688102,9.895236,0.0,6.1086525E-4,-6.1086525E-4,TONIC,3471c5a72fcd
1777347578438,7420632067966,0.8810662,0.2753332,9.902418,-0.0018325958,0.0,0.0012217305,TONIC,3471c5a72fcd
1777347578446,7420640064272,0.89543146,0.272939,9.888053,-0.0012217305,0.0012217305,6.1086525E-4,TONIC,3471c5a72fcd
1777347578454,7420648059962,0.8810662,0.2801216,9.888053,0.0012217305,-6.1086525E-4,0.0,TONIC,3471c5a72fcd
1777347578462,7420656055960,0.8738836,0.2825158,9.878476,0.0,6.1086525E-4,6.1086525E-4,TONIC,3471c5a72fcd
1777347578470,7420664051573,0.90500826,0.272939,9.883265,-6.1086525E-4,-6.1086525E-4,0.0,TONIC,3471c5a72fcd
1777347578478,7420672077494,0.90500826,0.2873042,9.904813,0.0,0.0012217305,0.0,TONIC,3471c5a72fcd
1777347578486,7420680072800,0.8762778,0.2705448,9.895236,0.0,-6.1086525E-4,0.0018325958,TONIC,3471c5a72fcd
1777347578494,7420688067644,0.89782566,0.28491,9.895236,0.0012217305,-6.1086525E-4,0.0012217305,TONIC,3471c5a72fcd
1777347578502,7420696064259,0.8810662,0.2705448,9.904813,6.1086525E-4,6.1086525E-4,0.0,TONIC,3471c5a72fcd
1777347578510,7420704059026,0.90021986,0.28491,9.904813,6.1086525E-4,-0.0012217305,-6.1086525E-4,TONIC,3471c5a72fcd
1777347578518,7420712054332,0.89782566,0.2873042,9.883265,-6.1086525E-4,-6.1086525E-4,-6.1086525E-4,TONIC,3471c5a72fcd
1777347578526,7420720050637,0.89303726,0.2896984,9.890448,0.0012217305,0.0018325958,0.0012217305,TONIC,3471c5a72fcd
1777347578534,7420728077405,0.89303726,0.29209262,9.89763,0.0012217305,0.0,-6.1086525E-4,TONIC,3471c5a72fcd
1777347578542,7420736071864,0.90261406,0.2801216,9.909601,6.1086525E-4,6.1086525E-4,0.0,TONIC,3471c5a72fcd
1777347578550,7420744069401,0.90021986,0.2753332,9.892841,6.1086525E-4,0.0012217305,6.1086525E-4,TONIC,3471c5a72fcd
1777347578558,7420752062937,0.89303726,0.272939,9.885659,-6.1086525E-4,0.0,-0.0018325958,TONIC,3471c5a72fcd
1777347578566,7420760059627,0.89543146,0.28491,9.888053,6.1086525E-4,0.0,6.1086525E-4,TONIC,3471c5a72fcd
1777347578574,7420768055010,0.8882488,0.2801216,9.888053,0.0,-0.0012217305,0.0012217305,TONIC,3471c5a72fcd
1777347578582,7420776049700,0.89303726,0.2705448,9.91439,6.1086525E-4,0.0,-6.1086525E-4,TONIC,3471c5a72fcd
1777347578590,7420784075546,0.89064306,0.2825158,9.890448,-0.0012217305,-6.1086525E-4,6.1086525E-4,TONIC,3471c5a72fcd
1777347578598,7420792071005,0.90021986,0.2825158,9.883265,0.0,0.0,0.0,TONIC,3471c5a72fcd
1777347578606,7420800068157,0.8834604,0.2705448,9.888053,0.0,0.0018325958,6.1086525E-4,TONIC,3471c5a72fcd
1777347578614,7420808063001,0.8834604,0.28491,9.89763,0.0012217305,6.1086525E-4,-6.1086525E-4,TONIC,3471c5a72fcd
1777347578622,7420816059230,0.8858546,0.2777274,9.900024,-6.1086525E-4,0.0012217305,-0.0012217305,TONIC,3471c5a72fcd
1777347578630,7420824053766,0.89543146,0.272939,9.902418,-6.1086525E-4,0.0,6.1086525E-4,TONIC,3471c5a72fcd
1777347578638,7420832049995,0.89782566,0.2705448,9.89763,-6.1086525E-4,-6.1086525E-4,0.0012217305,TONIC,3471c5a72fcd
1777347578646,7420840076455,0.878672,0.2633622,9.89763,6.1086525E-4,6.1086525E-4,0.0,TONIC,3471c5a72fcd
1777347578654,7420848073068,0.878672,0.2896984,9.895236,0.0,0.0,0.0,TONIC,3471c5a72fcd
1777347578662,7420856067297,0.8882488,0.2801216,9.904813,0.0012217305,6.1086525E-4,0.0,TONIC,3471c5a72fcd
1777347578670,7420864062910,0.90261406,0.2825158,9.904813,-0.002443461,-6.1086525E-4,-6.1086525E-4,TONIC,3471c5a72fcd
1777347578678,7420872058679,0.8738836,0.2777274,9.892841,6.1086525E-4,-6.1086525E-4,6.1086525E-4,TONIC,3471c5a72fcd
1777347578686,7420880054677,0.89303726,0.272939,9.91439,0.0,0.0,0.0012217305,TONIC,3471c5a72fcd
1777347578694,7420888051290,0.8834604,0.29209262,9.907207,0.0,0.0012217305,-0.0012217305,TONIC,3471c5a72fcd
1777347578702,7420896077057,0.89303726,0.272939,9.909601,0.0,0.0,-6.1086525E-4,TONIC,3471c5a72fcd
1777347578710,7420904071901,0.89543146,0.2873042,9.888053,6.1086525E-4,-6.1086525E-4,6.1086525E-4,TONIC,3471c5a72fcd
1777347578718,7420912067515,0.8858546,0.28491,9.895236,-6.1086525E-4,0.0,0.0012217305,TONIC,3471c5a72fcd
1777347578726,7420920061051,0.89782566,0.2705448,9.89763,-6.1086525E-4,6.1086525E-4,0.0,TONIC,3471c5a72fcd
1777347578734,7420928058588,0.89543146,0.2801216,9.911995,0.0,0.0018325958,0.0012217305,TONIC,3471c5a72fcd
1777347578742,7420936054355,0.89303726,0.2801216,9.902418,0.0,-0.0012217305,6.1086525E-4,TONIC,3471c5a72fcd
1777347578750,7420944081969,0.89543146,0.2825158,9.900024,6.1086525E-4,0.0018325958,-6.1086525E-4,TONIC,3471c5a72fcd
1777347578758,7420952075814,0.89543146,0.2801216,9.89763,0.0,0.0,-6.1086525E-4,TONIC,3471c5a72fcd
1777347578766,7420960071196,0.90261406,0.2825158,9.89763,-6.1086525E-4,0.0018325958,0.0012217305,TONIC,3471c5a72fcd
1777347578774,7420968066040,0.90261406,0.2873042,9.911995,6.1086525E-4,0.0,-0.0012217305,TONIC,3471c5a72fcd
1777347578782,7420976061423,0.89064306,0.2753332,9.895236,-6.1086525E-4,-6.1086525E-4,-0.0012217305,TONIC,3471c5a72fcd
1777347578790,7420984056498,0.89064306,0.2705448,9.880871,-6.1086525E-4,0.0,0.0018325958,TONIC,3471c5a72fcd
1777347578798,7420992053650,0.90021986,0.2801216,9.890448,-0.0012217305,-0.0012217305,-6.1086525E-4,TONIC,3471c5a72fcd
1777347578806,7421000078879,0.90261406,0.272939,9.892841,6.1086525E-4,6.1086525E-4,6.1086525E-4,TONIC,3471c5a72fcd
1777347578814,7421008075492,0.89543146,0.2753332,9.892841,0.0,0.0,0.0012217305,TONIC,3471c5a72fcd
1777347578822,7421016071182,0.89543146,0.2705448,9.89763,0.0,-6.1086525E-4,0.0012217305,TONIC,3471c5a72fcd
1777347578830,7421024066950,0.8882488,0.2705448,9.907207,0.0,0.0012217305,-6.1086525E-4,TONIC,3471c5a72fcd
1777347578838,7421032061332,0.90261406,0.25139117,9.900024,6.1086525E-4,6.1086525E-4,0.0,TONIC,3471c5a72fcd
1777347578846,7421040058024,0.89303726,0.2777274,9.89763,0.0,6.1086525E-4,0.0,TONIC,3471c5a72fcd
1777347578854,7421048053945,0.89782566,0.2681506,9.902418,0.0,6.1086525E-4,0.0012217305,TONIC,3471c5a72fcd
1777347578862,7421056079250,0.89303726,0.2705448,9.91439,0.0012217305,6.1086525E-4,0.0012217305,TONIC,3471c5a72fcd
1777347578870,7421064075556,0.89303726,0.2777274,9.916783,-0.0018325958,6.1086525E-4,0.0,TONIC,3471c5a72fcd
1777347578878,7421072070939,0.90021986,0.2753332,9.907207,-0.0012217305,0.0,0.0,TONIC,3471c5a72fcd
1777347578886,7421080064706,0.8882488,0.2801216,9.900024,-6.1086525E-4,0.0012217305,-6.1086525E-4,TONIC,3471c5a72fcd
1777347578894,7421088062627,0.90500826,0.2633622,9.890448,0.0,-6.1086525E-4,0.0,TONIC,3471c5a72fcd
1777347578902,7421096057702,0.90500826,0.272939,9.904813,0.0,6.1086525E-4,-0.002443461,TONIC,3471c5a72fcd
1777347578910,7421104052777,0.8762778,0.2705448,9.909601,-6.1086525E-4,-6.1086525E-4,-0.0012217305,TONIC,3471c5a72fcd
1777347578918,7421112078621,0.8882488,0.2777274,9.89763,0.0,-6.1086525E-4,6.1086525E-4,TONIC,3471c5a72fcd
1777347578926,7421120074312,0.90261406,0.2801216,9.89763,0.0,0.0012217305,-6.1086525E-4,TONIC,3471c5a72fcd
1777347578934,7421128070926,0.89543146,0.2825158,9.900024,-0.0018325958,-6.1086525E-4,6.1086525E-4,TONIC,3471c5a72fcd
1777347578942,7421136067232,0.90021986,0.2705448,9.902418,-6.1086525E-4,-0.002443461,0.0012217305,TONIC,3471c5a72fcd
1777347578950,7421144061384,0.89782566,0.272939,9.909601,0.0012217305,-0.0012217305,0.0,TONIC,3471c5a72fcd
1777347578958,7421152056689,0.90021986,0.2777274,9.902418,0.0,-6.1086525E-4,0.0,TONIC,3471c5a72fcd
1777347578966,7421160053072,0.90021986,0.2873042,9.888053,-6.1086525E-4,6.1086525E-4,0.0,TONIC,3471c5a72fcd
1777347578974,7421168078224,0.878672,0.2801216,9.904813,0.0,0.0012217305,-6.1086525E-4,TONIC,3471c5a72fcd
1777347578982,7421176073914,0.8810662,0.2801216,9.909601,-6.1086525E-4,6.1086525E-4,-6.1086525E-4,TONIC,3471c5a72fcd
1777347578990,7421184069681,0.89543146,0.272939,9.916783,-6.1086525E-4,0.0012217305,0.0012217305,TONIC,3471c5a72fcd
1777347578998,7421192065295,0.90021986,0.272939,9.885659,0.0,-0.0012217305,-0.0012217305,TONIC,3471c5a72fcd
1777347579006,7421200061293,0.89303726,0.2753332,9.902418,-0.002443461,-6.1086525E-4,-6.1086525E-4,TONIC,3471c5a72fcd
1777347579014,7421208056753,0.89543146,0.272939,9.916783,0.0,6.1086525E-4,0.0,TONIC,3471c5a72fcd
1777347579022,7421216052444,0.89782566,0.29448682,9.900024,0.0018325958,-6.1086525E-4,6.1086525E-4,TONIC,3471c5a72fcd
1777347579030,7421224080672,0.89782566,0.2753332,9.89763,-0.0012217305,-6.1086525E-4,6.1086525E-4,TONIC,3471c5a72fcd
1777347579038,7421232074517,0.89543146,0.2681506,9.900024,0.0,-0.0012217305,-6.1086525E-4,TONIC,3471c5a72fcd
1777347579046,7421240069592,0.8834604,0.29209262,9.890448,-6.1086525E-4,0.0012217305,6.1086525E-4,TONIC,3471c5a72fcd
1777347579054,7421248065974,0.89543146,0.2705448,9.907207,6.1086525E-4,-0.002443461,0.0012217305,TONIC,3471c5a72fcd
1777347579062,7421256060664,0.90021986,0.2681506,9.892841,-6.1086525E-4,-6.1086525E-4,0.0,TONIC,3471c5a72fcd
1777347579070,7421264058278,0.89064306,0.2777274,9.900024,0.0,0.0,6.1086525E-4,TONIC,3471c5a72fcd
1777347579078,7421272053661,0.89303726,0.2633622,9.907207,0.0,6.1086525E-4,6.1086525E-4,TONIC,3471c5a72fcd
1777347579086,7421280079120,0.90500826,0.2705448,9.89763,0.0,-6.1086525E-4,-0.0012217305,TONIC,3471c5a72fcd
1777347579094,7421288074503,0.89303726,0.2753332,9.907207,0.0018325958,6.1086525E-4,0.0,TONIC,3471c5a72fcd
1777347579102,7421296069963,0.90740246,0.272939,9.900024,-0.0018325958,-6.1086525E-4,0.0,TONIC,3471c5a72fcd
1777347579110,7421304065654,0.8882488,0.2681506,9.892841,6.1086525E-4,6.1086525E-4,-0.0012217305,TONIC,3471c5a72fcd
1777347579118,7421312061267,0.8858546,0.2705448,9.892841,6.1086525E-4,6.1086525E-4,-6.1086525E-4,TONIC,3471c5a72fcd
1777347579126,7421320056342,0.89303726,0.2801216,9.890448,0.0,0.0012217305,-6.1086525E-4,TONIC,3471c5a72fcd
1777347579134,7421328053340,0.8643068,0.272939,9.895236,-0.0012217305,0.0012217305,6.1086525E-4,TONIC,3471c5a72fcd
1777347579142,7421336078800,0.89543146,0.2777274,9.900024,-6.1086525E-4,0.0,0.0,TONIC,3471c5a72fcd
1777347579150,7421344073951,0.8882488,0.2681506,9.923966,0.0,0.0012217305,6.1086525E-4,TONIC,3471c5a72fcd
1777347579158,7421352069642,0.90261406,0.2873042,9.89763,6.1086525E-4,0.0030543262,-6.1086525E-4,TONIC,3471c5a72fcd
1777347579166,7421360063486,0.8834604,0.2681506,9.904813,6.1086525E-4,0.0,0.0,TONIC,3471c5a72fcd
1777347579174,7421368061638,0.89303726,0.2801216,9.900024,-6.1086525E-4,0.0012217305,0.0,TONIC,3471c5a72fcd
1777347579182,7421376057867,0.8882488,0.28491,9.885659,0.0012217305,-6.1086525E-4,-6.1086525E-4,TONIC,3471c5a72fcd
1777347579190,7421384052019,0.878672,0.2801216,9.921572,-6.1086525E-4,-6.1086525E-4,6.1086525E-4,TONIC,3471c5a72fcd
1777347579198,7421392079171,0.8690952,0.28491,9.902418,-6.1086525E-4,6.1086525E-4,0.0,TONIC,3471c5a72fcd
1777347579206,7421400073246,0.8762778,0.2825158,9.907207,-6.1086525E-4,0.0,0.0,TONIC,3471c5a72fcd
1777347579214,7421408069552,0.90261406,0.2705448,9.91439,-0.0012217305,-6.1086525E-4,-0.0012217305,TONIC,3471c5a72fcd
1777347579222,7421416063473,0.8882488,0.2825158,9.895236,0.0,0.0018325958,0.0,TONIC,3471c5a72fcd
1777347579230,7421424061009,0.89303726,0.2801216,9.892841,-6.1086525E-4,0.0,-6.1086525E-4,TONIC,3471c5a72fcd
1777347579238,7421432055392,0.90500826,0.272939,9.907207,6.1086525E-4,6.1086525E-4,-6.1086525E-4,TONIC,3471c5a72fcd
1777347579246,7421440052082,0.8882488,0.2753332,9.895236,6.1086525E-4,-6.1086525E-4,0.0018325958,TONIC,3471c5a72fcd
1777347579254,7421448076696,0.8882488,0.272939,9.904813,6.1086525E-4,0.0012217305,-6.1086525E-4,TONIC,3471c5a72fcd
1777347579262,7421456073848,0.8834604,0.2777274,9.907207,-6.1086525E-4,-0.0030543262,0.0,TONIC,3471c5a72fcd
1777347579270,7421464069230,0.90261406,0.28491,9.923966,0.0012217305,0.0,0.0012217305,TONIC,3471c5a72fcd
1777347579278,7421472064383,0.90500826,0.2681506,9.907207,0.0,-6.1086525E-4,0.0,TONIC,3471c5a72fcd
1777347579286,7421480060074,0.8714894,0.2777274,9.907207,0.0,0.0,0.0,TONIC,3471c5a72fcd
1777347579294,7421488055687,0.90021986,0.2705448,9.902418,0.0,6.1086525E-4,6.1086525E-4,TONIC,3471c5a72fcd
1777347579302,7421496051070,0.89064306,0.272939,9.907207,0.0,-6.1086525E-4,-6.1086525E-4,TONIC,3471c5a72fcd
1777347579310,7421504077837,0.90261406,0.29209262,9.91439,0.0012217305,6.1086525E-4,0.0,TONIC,3471c5a72fcd
1777347579318,7421512073604,0.8882488,0.2825158,9.902418,0.0,0.0,-6.1086525E-4,TONIC,3471c5a72fcd
1777347579326,7421520068602,0.90021986,0.260968,9.895236,0.0,0.0,0.0,TONIC,3471c5a72fcd
1777347579334,7421528064677,0.89303726,0.272939,9.902418,-0.0012217305,0.0012217305,-6.1086525E-4,TONIC,3471c5a72fcd
1777347579342,7421536060290,0.90261406,0.2753332,9.902418,6.1086525E-4,0.0,0.0,TONIC,3471c5a72fcd
1777347579350,7421544055058,0.8882488,0.2753332,9.911995,-0.0012217305,-6.1086525E-4,0.0018325958,TONIC,3471c5a72fcd
1777347579358,7421552051364,0.91458505,0.2825158,9.900024,0.0,0.0,6.1086525E-4,TONIC,3471c5a72fcd
1777347579366,7421560076286,0.90500826,0.29209262,9.895236,0.0,0.0,-0.0012217305,TONIC,3471c5a72fcd
1777347579374,7421568074207,0.8858546,0.2801216,9.900024,0.0,0.0,0.0,TONIC,3471c5a72fcd
1777347579382,7421576067974,0.8738836,0.2801216,9.911995,0.0,0.0,6.1086525E-4,TONIC,3471c5a72fcd
1777347579390,7421584065203,0.90021986,0.28491,9.92636,6.1086525E-4,-6.1086525E-4,0.0,TONIC,3471c5a72fcd
1777347579398,7421592058508,0.8858546,0.2753332,9.907207,0.0,6.1086525E-4,6.1086525E-4,TONIC,3471c5a72fcd
1777347579406,7421600054737,0.89782566,0.2705448,9.904813,-0.0012217305,0.0,6.1086525E-4,TONIC,3471c5a72fcd
1777347579414,7421608051351,0.8858546,0.2896984,9.902418,0.0,-0.002443461,-6.1086525E-4,TONIC,3471c5a72fcd
1777347579422,7421616078733,0.90500826,0.2705448,9.916783,-6.1086525E-4,-6.1086525E-4,0.0,TONIC,3471c5a72fcd
1777347579430,7421624074116,0.89303726,0.2633622,9.91439,6.1086525E-4,-6.1086525E-4,6.1086525E-4,TONIC,3471c5a72fcd
1777347579438,7421632068037,0.8858546,0.30645782,9.902418,0.0,-0.0012217305,-6.1086525E-4,TONIC,3471c5a72fcd
1777347579446,7421640064344,0.89782566,0.2681506,9.911995,-6.1086525E-4,6.1086525E-4,6.1086525E-4,TONIC,3471c5a72fcd
1777347579454,7421648059034,0.89543146,0.2801216,9.911995,6.1086525E-4,-6.1086525E-4,6.1086525E-4,TONIC,3471c5a72fcd
1777347579462,7421656056878,0.8882488,0.2681506,9.890448,0.0,6.1086525E-4,-6.1086525E-4,TONIC,3471c5a72fcd
1777347579470,7421664050799,0.8858546,0.28491,9.909601,-0.0012217305,6.1086525E-4,-0.0018325958,TONIC,3471c5a72fcd
1777347579478,7421672076951,0.8858546,0.2825158,9.91439,-0.0018325958,0.0012217305,0.0012217305,TONIC,3471c5a72fcd
1777347579486,7421680072257,0.89303726,0.2753332,9.900024,0.0,6.1086525E-4,0.0,TONIC,3471c5a72fcd
1777347579494,7421688069870,0.8858546,0.2705448,9.904813,-0.0012217305,6.1086525E-4,-6.1086525E-4,TONIC,3471c5a72fcd
1777347579502,7421696063099,0.8882488,0.2633622,9.885659,-0.0012217305,0.0,0.0,TONIC,3471c5a72fcd
1777347579510,7421704059328,0.89543146,0.2633622,9.933543,-0.0012217305,0.0,-6.1086525E-4,TONIC,3471c5a72fcd
1777347579518,7421712055710,0.89303726,0.2705448,9.89763,-6.1086525E-4,-6.1086525E-4,0.0012217305,TONIC,3471c5a72fcd
1777347579526,7421720081247,0.8882488,0.272939,9.909601,0.0,-6.1086525E-4,0.0018325958,TONIC,3471c5a72fcd
1777347579534,7421728076861,0.89064306,0.28491,9.892841,0.0,6.1086525E-4,6.1086525E-4,TONIC,3471c5a72fcd
1777347579542,7421736071090,0.90261406,0.29209262,9.904813,0.0,0.0,-0.0012217305,TONIC,3471c5a72fcd
1777347579550,7421744067396,0.89303726,0.2753332,9.911995,6.1086525E-4,-0.0012217305,-6.1086525E-4,TONIC,3471c5a72fcd
1777347579558,7421752063702,0.90021986,0.2801216,9.907207,6.1086525E-4,0.0,0.0012217305,TONIC,3471c5a72fcd
1777347579566,7421760060007,0.91937345,0.2825158,9.921572,6.1086525E-4,-0.0012217305,6.1086525E-4,TONIC,3471c5a72fcd
1777347579574,7421768054698,0.89543146,0.2753332,9.883265,-0.0012217305,-6.1086525E-4,-6.1086525E-4,TONIC,3471c5a72fcd
1777347579582,7421776050157,0.90261406,0.2753332,9.900024,-6.1086525E-4,-6.1086525E-4,-0.0012217305,TONIC,3471c5a72fcd
1777347579590,7421784076847,0.89782566,0.2825158,9.921572,-6.1086525E-4,6.1086525E-4,6.1086525E-4,TONIC,3471c5a72fcd
1777347579598,7421792071999,0.8810662,0.2801216,9.895236,0.0,0.0012217305,-6.1086525E-4,TONIC,3471c5a72fcd
1777347579606,7421800067920,0.8834604,0.28491,9.921572,-6.1086525E-4,0.0012217305,0.0012217305,TONIC,3471c5a72fcd
1777347579614,7421808063303,0.8858546,0.2825158,9.902418,-6.1086525E-4,0.0,-6.1086525E-4,TONIC,3471c5a72fcd
1777347579622,7421816058764,0.89064306,0.2873042,9.907207,6.1086525E-4,0.0,0.0012217305,TONIC,3471c5a72fcd
1777347579630,7421824054685,0.90021986,0.2753332,9.89763,-0.0018325958,0.0,-6.1086525E-4,TONIC,3471c5a72fcd
1777347579638,7421832050375,0.8858546,0.2705448,9.909601,0.0,0.0012217305,6.1086525E-4,TONIC,3471c5a72fcd
1777347579646,7421840075604,0.90740246,0.29209262,9.935937,6.1086525E-4,6.1086525E-4,6.1086525E-4,TONIC,3471c5a72fcd
1777347579654,7421848072910,0.89064306,0.2873042,9.902418,0.0,6.1086525E-4,0.0,TONIC,3471c5a72fcd
1777347579662,7421856066369,0.90740246,0.2777274,9.91439,-0.0012217305,-0.0018325958,0.0012217305,TONIC,3471c5a72fcd
1777347579670,7421864062675,0.8762778,0.2825158,9.89763,-0.002443461,0.0,-0.0012217305,TONIC,3471c5a72fcd
1777347579678,7421872056596,0.90261406,0.28491,9.89763,6.1086525E-4,-6.1086525E-4,0.0,TONIC,3471c5a72fcd
1777347579686,7421880054748,0.8858546,0.2801216,9.916783,0.0,6.1086525E-4,-6.1086525E-4,TONIC,3471c5a72fcd
1777347579694,7421888081130,0.89303726,0.2896984,9.91439,-6.1086525E-4,0.0018325958,6.1086525E-4,TONIC,3471c5a72fcd
1777347579702,7421896077206,0.89782566,0.2681506,9.909601,0.0,0.002443461,0.0012217305,TONIC,3471c5a72fcd
1777347579710,7421904071358,0.89064306,0.2705448,9.909601,0.0,0.0,-0.0012217305,TONIC,3471c5a72fcd
1777347579718,7421912065818,0.8810662,0.2777274,9.921572,-6.1086525E-4,6.1086525E-4,-6.1086525E-4,TONIC,3471c5a72fcd
1777347579726,7421920062739,0.8762778,0.2801216,9.911995,-0.0012217305,6.1086525E-4,6.1086525E-4,TONIC,3471c5a72fcd
1777347579734,7421928059275,0.90500826,0.2801216,9.911995,-0.0012217305,-0.0018325958,0.0,TONIC,3471c5a72fcd
1777347579742,7421936054658,0.90261406,0.2873042,9.89763,0.0,-6.1086525E-4,-0.0018325958,TONIC,3471c5a72fcd
1777347579750,7421944080502,0.89543146,0.2825158,9.907207,0.0,-0.0012217305,-6.1086525E-4,TONIC,3471c5a72fcd
1777347579758,7421952075577,0.8810662,0.28491,9.909601,0.0,-6.1086525E-4,0.0,TONIC,3471c5a72fcd
1777347579766,7421960070114,0.8810662,0.2873042,9.919178,0.0,6.1086525E-4,-6.1086525E-4,TONIC,3471c5a72fcd
1777347579774,7421968066650,0.8858546,0.2753332,9.909601,0.0,6.1086525E-4,0.0012217305,TONIC,3471c5a72fcd
1777347579782,7421976062956,0.89064306,0.272939,9.892841,-0.0012217305,-6.1086525E-4,0.0,TONIC,3471c5a72fcd
1777347579790,7421984056801,0.89303726,0.2777274,9.919178,-0.0012217305,0.0,6.1086525E-4,TONIC,3471c5a72fcd
1777347579798,7421992054030,0.89064306,0.272939,9.909601,6.1086525E-4,6.1086525E-4,-6.1086525E-4,TONIC,3471c5a72fcd
1777347579805,7421999690412,0.8834604,0.2753332,9.916783,0.002443461,0.0012217305,0.0,TONIC,3471c5a72fcd
1777347579814,7422008049522,0.8834604,0.2633622,9.916783,-0.0012217305,0.0018325958,6.1086525E-4,TONIC,3471c5a72fcd
1777347579822,7422016013515,0.89303726,0.2753332,9.909601,-0.0012217305,-0.002443461,-6.1086525E-4,TONIC,3471c5a72fcd
1777347579830,7422024036893,0.91219085,0.2825158,9.907207,6.1086525E-4,-6.1086525E-4,-6.1086525E-4,TONIC,3471c5a72fcd
1777347579838,7422032034962,0.8834604,0.2633622,9.911995,-6.1086525E-4,0.0012217305,6.1086525E-4,TONIC,3471c5a72fcd
1777347579846,7422040029186,0.8738836,0.25378537,9.923966,0.0,6.1086525E-4,0.0,TONIC,3471c5a72fcd
1777347579854,7422048024256,0.8714894,0.2801216,9.909601,0.0,0.0018325958,-6.1086525E-4,TONIC,3471c5a72fcd
1777347579862,7422056052172,0.90500826,0.2777274,9.921572,-6.1086525E-4,-6.1086525E-4,0.0,TONIC,3471c5a72fcd
1777347579870,7422064049704,0.8834604,0.2825158,9.91439,-6.1086525E-4,-0.0018325958,6.1086525E-4,TONIC,3471c5a72fcd
1777347579878,7422072042389,0.89543146,0.2825158,9.902418,0.0,6.1086525E-4,6.1086525E-4,TONIC,3471c5a72fcd
1777347579886,7422080038383,0.8738836,0.28491,9.928755,6.1086525E-4,0.0,-6.1086525E-4,TONIC,3471c5a72fcd
1777347579894,7422088033992,0.8882488,0.2681506,9.904813,0.0012217305,0.0018325958,0.0,TONIC,3471c5a72fcd
1777347579902,7422096030369,0.89782566,0.2705448,9.91439,-6.1086525E-4,-0.0012217305,0.0,TONIC,3471c5a72fcd
1777347579910,7422104025670,0.91697925,0.2777274,9.909601,-6.1086525E-4,0.0,0.0,TONIC,3471c5a72fcd
1777347579918,7422112060817,0.89064306,0.2705448,9.909601,-6.1086525E-4,0.0,0.0,TONIC,3471c5a72fcd
1777347579926,7422120049117,0.89303726,0.2753332,9.919178,-0.0012217305,6.1086525E-4,0.0018325958,TONIC,3471c5a72fcd
1777347579934,7422128041957,0.89303726,0.28491,9.91439,0.0012217305,6.1086525E-4,6.1086525E-4,TONIC,3471c5a72fcd
1777347579942,7422136038642,0.90261406,0.2825158,9.928755,-0.0012217305,6.1086525E-4,-0.0012217305,TONIC,3471c5a72fcd
1777347579950,7422144032789,0.89782566,0.2657564,9.888053,-6.1086525E-4,-0.0012217305,6.1086525E-4,TONIC,3471c5a72fcd
1777347579958,7422152028705,0.8882488,0.272939,9.890448,-0.0012217305,-6.1086525E-4,0.0,TONIC,3471c5a72fcd
1777347579966,7422160025390,0.8858546,0.2705448,9.904813,-0.0012217305,6.1086525E-4,0.0,TONIC,3471c5a72fcd
1777347579974,7422168049306,0.89543146,0.2681506,9.921572,6.1086525E-4,-6.1086525E-4,0.0012217305,TONIC,3471c5a72fcd
1777347579982,7422176045992,0.91458505,0.25857377,9.92636,-6.1086525E-4,0.0,0.0,TONIC,3471c5a72fcd
1777347579990,7422184044369,0.89543146,0.2777274,9.892841,-6.1086525E-4,-0.0012217305,6.1086525E-4,TONIC,3471c5a72fcd
1777347579998,7422192039747,0.90021986,0.272939,9.921572,-6.1086525E-4,0.0,0.0,TONIC,3471c5a72fcd
1777347580006,7422200034509,0.89064306,0.272939,9.919178,-0.0018325958,0.0012217305,-6.1086525E-4,TONIC,3471c5a72fcd
1777347580014,7422208028733,0.89064306,0.2705448,9.907207,-6.1086525E-4,6.1086525E-4,0.0,TONIC,3471c5a72fcd
1777347580022,7422216024341,0.89543146,0.2896984,9.902418,-0.0018325958,-6.1086525E-4,6.1086525E-4,TONIC,3471c5a72fcd
1777347580030,7422224052642,0.89303726,0.29209262,9.892841,-6.1086525E-4,0.0012217305,-6.1086525E-4,TONIC,3471c5a72fcd
1777347580038,7422232045866,0.91219085,0.2825158,9.911995,0.0012217305,6.1086525E-4,6.1086525E-4,TONIC,3471c5a72fcd
1777347580046,7422240041628,0.89782566,0.2705448,9.911995,0.0012217305,0.0012217305,0.0,TONIC,3471c5a72fcd
1777347580054,7422248036621,0.89064306,0.2801216,9.890448,6.1086525E-4,0.0018325958,-6.1086525E-4,TONIC,3471c5a72fcd
1777347580062,7422256035383,0.8858546,0.2753332,9.900024,0.0012217305,0.0012217305,0.0,TONIC,3471c5a72fcd
1777347580070,7422264028300,0.8882488,0.29688102,9.902418,0.0012217305,0.0018325958,6.1086525E-4,TONIC,3471c5a72fcd
1777347580078,7422272025293,0.89064306,0.29688102,9.907207,0.0,0.0018325958,-6.1086525E-4,TONIC,3471c5a72fcd
1777347580086,7422280052670,0.91458505,0.2681506,9.916783,0.0,0.0012217305,0.0012217305,TONIC,3471c5a72fcd
1777347580094,7422288047740,0.89303726,0.28491,9.919178,-6.1086525E-4,-0.0018325958,0.0,TONIC,3471c5a72fcd
1777347580102,7422296042810,0.8834604,0.2705448,9.923966,-0.0012217305,0.0012217305,0.0,TONIC,3471c5a72fcd
1777347580110,7422304039342,0.90021986,0.272939,9.921572,0.0,0.0,6.1086525E-4,TONIC,3471c5a72fcd
1777347580118,7422312032258,0.8882488,0.2753332,9.885659,6.1086525E-4,0.002443461,-6.1086525E-4,TONIC,3471c5a72fcd
1777347580126,7422320029866,0.90979666,0.2825158,9.921572,-6.1086525E-4,6.1086525E-4,6.1086525E-4,TONIC,3471c5a72fcd
1777347580134,7422328023628,0.878672,0.2753332,9.900024,-0.0018325958,-0.0018325958,0.0,TONIC,3471c5a72fcd
1777347580142,7422336050775,0.8858546,0.272939,9.921572,-6.1086525E-4,6.1086525E-4,6.1086525E-4,TONIC,3471c5a72fcd
1777347580150,7422344044923,0.89543146,0.29688102,9.911995,-6.1086525E-4,0.0012217305,-0.0012217305,TONIC,3471c5a72fcd
1777347580158,7422352041839,0.8834604,0.2705448,9.907207,6.1086525E-4,0.0,0.0,TONIC,3471c5a72fcd
1777347580166,7422360037524,0.8858546,0.28491,9.902418,6.1086525E-4,6.1086525E-4,-6.1086525E-4,TONIC,3471c5a72fcd
1777347580174,7422368033517,0.89782566,0.2705448,9.907207,0.0,6.1086525E-4,6.1086525E-4,TONIC,3471c5a72fcd
1777347580182,7422376028587,0.8810662,0.2681506,9.909601,0.0,0.0018325958,6.1086525E-4,TONIC,3471c5a72fcd
1777347580190,7422384024580,0.8858546,0.2801216,9.91439,6.1086525E-4,0.0018325958,6.1086525E-4,TONIC,3471c5a72fcd
1777347580198,7422392048804,0.89064306,0.2825158,9.907207,-0.0012217305,0.0,-6.1086525E-4,TONIC,3471c5a72fcd
1777347580206,7422400044797,0.89303726,0.2753332,9.919178,-6.1086525E-4,0.0,-6.1086525E-4,TONIC,3471c5a72fcd
1777347580214,7422408039944,0.90740246,0.2801216,9.900024,-0.004276057,-0.002443461,6.1086525E-4,TONIC,3471c5a72fcd
1777347580222,7422416037399,0.90500826,0.2657564,9.902418,0.0,-0.0012217305,0.0,TONIC,3471c5a72fcd
1777347580230,7422424032469,0.8762778,0.2705448,9.904813,0.0,0.0012217305,0.0,TONIC,3471c5a72fcd
1777347580238,7422432027846,0.89064306,0.2753332,9.904813,0.0012217305,0.002443461,6.1086525E-4,TONIC,3471c5a72fcd
1777347580246,7422440023301,0.90021986,0.2777274,9.911995,-6.1086525E-4,0.0,-6.1086525E-4,TONIC,3471c5a72fcd
1777347580254,7422448049140,0.89543146,0.272939,9.902418,0.0,0.0,0.0,TONIC,3471c5a72fcd
1777347580262,7422456045056,0.8834604,0.2657564,9.902418,0.0,-6.1086525E-4,0.0012217305,TONIC,3471c5a72fcd
1777347580270,7422464042280,0.8882488,0.2825158,9.902418,-6.1086525E-4,-0.0018325958,0.0,TONIC,3471c5a72fcd
1777347580278,7422472036119,0.89543146,0.28491,9.895236,-6.1086525E-4,0.0,0.0,TONIC,3471c5a72fcd
1777347580286,7422480031804,0.89303726,0.272939,9.895236,0.0,0.0018325958,-6.1086525E-4,TONIC,3471c5a72fcd
1777347580294,7422488028490,0.89782566,0.2777274,9.909601,0.0012217305,-6.1086525E-4,0.0,TONIC,3471c5a72fcd
1777347580302,7422496023483,0.8834604,0.2825158,9.888053,-6.1086525E-4,0.0,-0.0012217305,TONIC,3471c5a72fcd
1777347580310,7422504048476,0.8858546,0.2777274,9.909601,-0.0018325958,-6.1086525E-4,6.1086525E-4,TONIC,3471c5a72fcd
1777347580318,7422512043853,0.8858546,0.2777274,9.902418,6.1086525E-4,0.0,0.0,TONIC,3471c5a72fcd
1777347580326,7422520041616,0.89543146,0.2681506,9.900024,-6.1086525E-4,6.1086525E-4,-6.1086525E-4,TONIC,3471c5a72fcd
1777347580334,7422528035532,0.90500826,0.272939,9.895236,-6.1086525E-4,6.1086525E-4,0.0012217305,TONIC,3471c5a72fcd
1777347580342,7422536030909,0.8858546,0.2753332,9.895236,0.0,-0.0018325958,0.0,TONIC,3471c5a72fcd
1777347580350,7422544027748,0.89303726,0.28491,9.902418,6.1086525E-4,0.0018325958,-6.1086525E-4,TONIC,3471c5a72fcd
1777347580358,7422552054511,0.89303726,0.2825158,9.91439,0.0012217305,0.0012217305,-0.0012217305,TONIC,3471c5a72fcd
1777347580366,7422560049888,0.8858546,0.2753332,9.892841,6.1086525E-4,0.0012217305,0.0012217305,TONIC,3471c5a72fcd
1777347580374,7422568045651,0.90261406,0.2825158,9.885659,-0.0012217305,-0.0018325958,0.0,TONIC,3471c5a72fcd
1777347580382,7422576040721,0.90021986,0.2801216,9.89763,0.0,0.0,6.1086525E-4,TONIC,3471c5a72fcd
1777347580390,7422584036098,0.8882488,0.2657564,9.91439,0.0,0.0,6.1086525E-4,TONIC,3471c5a72fcd
1777347580398,7422592031784,0.8834604,0.2681506,9.890448,6.1086525E-4,-6.1086525E-4,0.0012217305,TONIC,3471c5a72fcd
1777347580406,7422600027393,0.89064306,0.2873042,9.904813,-6.1086525E-4,0.0,-6.1086525E-4,TONIC,3471c5a72fcd
1777347580414,7422608024617,0.8882488,0.272939,9.892841,-0.0012217305,-0.0012217305,-0.0012217305,TONIC,3471c5a72fcd
1777347580422,7422616049225,0.89064306,0.2657564,9.892841,0.0012217305,6.1086525E-4,0.0,TONIC,3471c5a72fcd
1777347580430,7422624044910,0.8882488,0.2825158,9.890448,0.0012217305,0.0,0.0,TONIC,3471c5a72fcd
1777347580438,7422632039750,0.90021986,0.2705448,9.890448,0.0,-0.0012217305,0.0018325958,TONIC,3471c5a72fcd
1777347580446,7422640035050,0.89064306,0.2753332,9.902418,6.1086525E-4,6.1086525E-4,6.1086525E-4,TONIC,3471c5a72fcd
1777347580454,7422648030736,0.8858546,0.2657564,9.89763,0.0,0.0,6.1086525E-4,TONIC,3471c5a72fcd
1777347580462,7422656027421,0.878672,0.2801216,9.885659,0.0012217305,0.0018325958,0.0,TONIC,3471c5a72fcd
1777347580470,7422664022414,0.90740246,0.2801216,9.89763,-0.0012217305,0.0,-6.1086525E-4,TONIC,3471c5a72fcd
1777347580478,7422672047945,0.90740246,0.30406362,9.890448,-6.1086525E-4,0.0012217305,0.0,TONIC,3471c5a72fcd
1777347580486,7422680043323,0.89303726,0.272939,9.888053,6.1086525E-4,-6.1086525E-4,0.0,TONIC,3471c5a72fcd
1777347580494,7422688040316,0.89303726,0.29688102,9.900024,0.0,0.0012217305,6.1086525E-4,TONIC,3471c5a72fcd
1777347580502,7422696034155,0.89782566,0.2801216,9.892841,-0.0012217305,0.0,0.0,TONIC,3471c5a72fcd
1777347580510,7422704031071,0.90021986,0.2753332,9.895236,6.1086525E-4,0.0,6.1086525E-4,TONIC,3471c5a72fcd
1777347580518,7422712026757,0.89064306,0.2705448,9.900024,-0.0018325958,-0.0012217305,0.0,TONIC,3471c5a72fcd
1777347580526,7422720051981,0.89782566,0.2657564,9.895236,-6.1086525E-4,0.0,0.0,TONIC,3471c5a72fcd
1777347580534,7422728047897,0.89303726,0.2753332,9.880871,6.1086525E-4,0.0,6.1086525E-4,TONIC,3471c5a72fcd
1777347580542,7422736043274,0.89543146,0.2825158,9.89763,0.0,0.0012217305,0.0,TONIC,3471c5a72fcd
1777347580550,7422744039652,0.878672,0.2705448,9.892841,0.0,6.1086525E-4,-6.1086525E-4,TONIC,3471c5a72fcd
1777347580558,7422752035337,0.89543146,0.28491,9.907207,0.0,6.1086525E-4,0.0012217305,TONIC,3471c5a72fcd
1777347580566,7422760029715,0.89303726,0.2705448,9.890448,0.0,0.0012217305,-6.1086525E-4,TONIC,3471c5a72fcd
1777347580574,7422768025400,0.8882488,0.2681506,9.907207,-6.1086525E-4,0.0012217305,0.0,TONIC,3471c5a72fcd
1777347580582,7422776051316,0.89782566,0.2873042,9.89763,-0.0012217305,0.0,6.1086525E-4,TONIC,3471c5a72fcd
1777347580590,7422784046694,0.8858546,0.272939,9.89763,6.1086525E-4,0.0012217305,6.1086525E-4,TONIC,3471c5a72fcd
1777347580598,7422792042302,0.89543146,0.2825158,9.892841,-6.1086525E-4,0.0012217305,0.0012217305,TONIC,3471c5a72fcd
1777347580606,7422800041141,0.8810662,0.2777274,9.904813,0.0,0.0,6.1086525E-4,TONIC,3471c5a72fcd
1777347580614,7422808034904,0.8858546,0.272939,9.888053,0.0012217305,0.0,6.1086525E-4,TONIC,3471c5a72fcd
1777347580622,7422816030281,0.8834604,0.2753332,9.892841,-0.0012217305,-0.0012217305,-6.1086525E-4,TONIC,3471c5a72fcd
1777347580630,7422824026659,0.89782566,0.2705448,9.904813,0.0,0.0012217305,0.0012217305,TONIC,3471c5a72fcd
1777347580638,7422832052806,0.878672,0.29448682,9.904813,6.1086525E-4,-0.002443461,0.0012217305,TONIC,3471c5a72fcd
1777347580646,7422840046645,0.89303726,0.2777274,9.883265,-0.0012217305,-0.0012217305,-6.1086525E-4,TONIC,3471c5a72fcd
1777347580654,7422848044100,0.8834604,0.2825158,9.883265,0.0,0.0018325958,0.0012217305,TONIC,3471c5a72fcd
1777347580662,7422856038246,0.89782566,0.2681506,9.900024,0.0,6.1086525E-4,6.1086525E-4,TONIC,3471c5a72fcd
1777347580670,7422864033933,0.8834604,0.2801216,9.89763,-6.1086525E-4,-0.0012217305,0.0018325958,TONIC,3471c5a72fcd
1777347580678,7422872030310,0.89543146,0.28491,9.888053,0.0,-6.1086525E-4,0.0012217305,TONIC,3471c5a72fcd
1777347580686,7422880027765,0.878672,0.29448682,9.904813,0.0,6.1086525E-4,-0.0012217305,TONIC,3471c5a72fcd
1777347580694,7422888052450,0.8858546,0.2873042,9.904813,6.1086525E-4,0.0012217305,0.0,TONIC,3471c5a72fcd
1777347580702,7422896047443,0.89543146,0.2825158,9.904813,-6.1086525E-4,0.0,0.0012217305,TONIC,3471c5a72fcd
1777347580710,7422904043206,0.90021986,0.2633622,9.892841,-0.0012217305,6.1086525E-4,6.1086525E-4,TONIC,3471c5a72fcd
1777347580718,7422912038506,0.89543146,0.28491,9.888053,-6.1086525E-4,-6.1086525E-4,0.0,TONIC,3471c5a72fcd
1777347580726,7422920033269,0.89543146,0.29448682,9.878476,0.0012217305,0.0012217305,6.1086525E-4,TONIC,3471c5a72fcd
1777347580734,7422928028723,0.90740246,0.2681506,9.902418,0.0,0.002443461,0.0,TONIC,3471c5a72fcd
1777347580742,7422936024408,0.91219085,0.2825158,9.888053,6.1086525E-4,6.1086525E-4,6.1086525E-4,TONIC,3471c5a72fcd
1777347580750,7422944051171,0.89303726,0.2896984,9.900024,-6.1086525E-4,0.0012217305,0.0012217305,TONIC,3471c5a72fcd
1777347580758,7422952046471,0.90021986,0.29209262,9.895236,-6.1086525E-4,0.0,6.1086525E-4,TONIC,3471c5a72fcd
1777347580766,7422960042772,0.89064306,0.2753332,9.890448,-6.1086525E-4,-0.0012217305,0.0,TONIC,3471c5a72fcd
1777347580774,7422968037227,0.90500826,0.2825158,9.904813,-0.0012217305,-6.1086525E-4,0.002443461,TONIC,3471c5a72fcd
1777347580782,7422976034527,0.8714894,0.272939,9.888053,-0.0018325958,0.0,0.0018325958,TONIC,3471c5a72fcd
1777347580790,7422984028905,0.89064306,0.29448682,9.900024,0.0012217305,6.1086525E-4,0.0,TONIC,3471c5a72fcd
1777347580798,7422992025283,0.89543146,0.272939,9.902418,6.1086525E-4,0.0,0.0012217305,TONIC,3471c5a72fcd
1777347580806,7423000051353,0.89303726,0.2825158,9.902418,-6.1086525E-4,0.0,0.0,TONIC,3471c5a72fcd
1777347580814,7423008046730,0.90500826,0.2681506,9.923966,0.0,0.0,6.1086525E-4,TONIC,3471c5a72fcd
1777347580822,7423016041877,0.8858546,0.2705448,9.888053,0.0,0.0018325958,0.0012217305,TONIC,3471c5a72fcd
1777347580830,7423024039947,0.89303726,0.2873042,9.890448,-0.0012217305,-6.1086525E-4,6.1086525E-4,TONIC,3471c5a72fcd
1777347580838,7423032031632,0.89543146,0.28491,9.892841,-6.1086525E-4,6.1086525E-4,0.002443461,TONIC,3471c5a72fcd
1777347580846,7423040028625,0.89064306,0.2825158,9.904813,0.0,6.1086525E-4,0.0,TONIC,3471c5a72fcd
1777347580854,7423048024003,0.8738836,0.29209262,9.888053,-6.1086525E-4,-6.1086525E-4,-0.0012217305,TONIC,3471c5a72fcd
1777347580862,7423056051688,0.8834604,0.2777274,9.892841,-6.1086525E-4,-0.0012217305,0.0,TONIC,3471c5a72fcd
1777347580870,7423064049143,0.8858546,0.2657564,9.907207,-6.1086525E-4,0.0018325958,0.0012217305,TONIC,3471c5a72fcd
1777347580878,7423072042136,0.90261406,0.2825158,9.892841,-6.1086525E-4,0.0,6.1086525E-4,TONIC,3471c5a72fcd
1777347580886,7423080036283,0.91219085,0.2873042,9.885659,6.1086525E-4,0.0,0.0,TONIC,3471c5a72fcd
1777347580894,7423088033199,0.878672,0.2681506,9.904813,6.1086525E-4,0.0,0.0018325958,TONIC,3471c5a72fcd
1777347580902,7423096029115,0.89543146,0.29448682,9.892841,-6.1086525E-4,-6.1086525E-4,6.1086525E-4,TONIC,3471c5a72fcd
1777347580910,7423104023646,0.89543146,0.2777274,9.89763,0.0,0.0012217305,6.1086525E-4,TONIC,3471c5a72fcd
1777347580918,7423112051563,0.89782566,0.2777274,9.904813,0.0012217305,6.1086525E-4,0.0030543262,TONIC,3471c5a72fcd
1777347580926,7423120047632,0.91219085,0.2873042,9.888053,-0.0012217305,0.0,6.1086525E-4,TONIC,3471c5a72fcd
1777347580934,7423128042319,0.89064306,0.2801216,9.900024,6.1086525E-4,0.0,0.0012217305,TONIC,3471c5a72fcd
1777347580942,7423136038081,0.89303726,0.2873042,9.900024,-6.1086525E-4,-0.0012217305,6.1086525E-4,TONIC,3471c5a72fcd
1777347580950,7423144032843,0.89303726,0.2633622,9.900024,6.1086525E-4,0.0018325958,6.1086525E-4,TONIC,3471c5a72fcd
1777347580958,7423152027913,0.8882488,0.2873042,9.885659,0.0012217305,0.0,0.002443461,TONIC,3471c5a72fcd
1777347580966,7423160023522,0.89303726,0.2825158,9.909601,-6.1086525E-4,0.0012217305,6.1086525E-4,TONIC,3471c5a72fcd
1777347580974,7423168049669,0.89782566,0.28491,9.89763,0.0,6.1086525E-4,0.0012217305,TONIC,3471c5a72fcd
1777347580982,7423176048123,0.89064306,0.2801216,9.892841,-6.1086525E-4,-0.0012217305,0.0012217305,TONIC,3471c5a72fcd
1777347580990,7423184041655,0.89303726,0.2777274,9.892841,6.1086525E-4,6.1086525E-4,6.1086525E-4,TONIC,3471c5a72fcd
1777347580998,7423192035494,0.8882488,0.2657564,9.904813,6.1086525E-4,-6.1086525E-4,6.1086525E-4,TONIC,3471c5a72fcd
1777347581006,7423200032718,0.89543146,0.2657564,9.89763,6.1086525E-4,0.0012217305,0.0,TONIC,3471c5a72fcd
1777347581014,7423208028095,0.90261406,0.2681506,9.895236,0.0012217305,-6.1086525E-4,6.1086525E-4,TONIC,3471c5a72fcd
1777347581022,7423216023242,0.90261406,0.2681506,9.89763,-6.1086525E-4,0.0018325958,0.0,TONIC,3471c5a72fcd
1777347581030,7423224050543,0.89782566,0.2801216,9.911995,0.0,-0.0012217305,0.0,TONIC,3471c5a72fcd
1777347581038,7423232046228,0.89782566,0.2777274,9.907207,-6.1086525E-4,6.1086525E-4,0.0,TONIC,3471c5a72fcd
1777347581046,7423240040144,0.90500826,0.2801216,9.911995,0.0,0.0,0.0,TONIC,3471c5a72fcd
1777347581054,7423248036060,0.89064306,0.2753332,9.890448,0.0012217305,0.0,0.0012217305,TONIC,3471c5a72fcd
1777347581062,7423256031515,0.8858546,0.25857377,9.895236,-0.0012217305,-0.0018325958,0.0012217305,TONIC,3471c5a72fcd
1777347581070,7423264029662,0.89782566,0.2825158,9.909601,-6.1086525E-4,6.1086525E-4,-0.0012217305,TONIC,3471c5a72fcd
1777347581078,7423272024424,0.89303726,0.29927522,9.91439,0.0012217305,0.0012217305,0.0018325958,TONIC,3471c5a72fcd
1777347581086,7423280049032,0.90021986,0.2801216,9.888053,0.0,0.0,6.1086525E-4,TONIC,3471c5a72fcd
1777347581094,7423288046256,0.89782566,0.2825158,9.895236,6.1086525E-4,-6.1086525E-4,0.0,TONIC,3471c5a72fcd
1777347581102,7423296040634,0.90261406,0.2801216,9.89763,-6.1086525E-4,-6.1086525E-4,0.0018325958,TONIC,3471c5a72fcd
1777347581110,7423304036704,0.89303726,0.2633622,9.895236,0.0,0.0012217305,-6.1086525E-4,TONIC,3471c5a72fcd
1777347581118,7423312032927,0.8858546,0.2896984,9.911995,-0.0012217305,-6.1086525E-4,6.1086525E-4,TONIC,3471c5a72fcd
1777347581126,7423320025613,0.90261406,0.2801216,9.904813,6.1086525E-4,0.0,6.1086525E-4,TONIC,3471c5a72fcd
1777347581134,7423328022760,0.89543146,0.2705448,9.904813,6.1086525E-4,0.0,0.0018325958,TONIC,3471c5a72fcd
1777347581142,7423336049214,0.8834604,0.2825158,9.909601,-0.0012217305,-0.0012217305,0.0,TONIC,3471c5a72fcd
1777347581150,7423344043746,0.91937345,0.272939,9.890448,-6.1086525E-4,0.0018325958,0.0018325958,TONIC,3471c5a72fcd
1777347581158,7423352040354,0.8834604,0.2777274,9.909601,0.0,-0.0018325958,6.1086525E-4,TONIC,3471c5a72fcd
1777347581166,7423360035424,0.8882488,0.2825158,9.911995,-6.1086525E-4,-6.1086525E-4,0.0,TONIC,3471c5a72fcd
1777347581174,7423368032340,0.89543146,0.28491,9.902418,0.0012217305,-6.1086525E-4,0.0,TONIC,3471c5a72fcd
1777347581182,7423376027641,0.89543146,0.2681506,9.902418,-6.1086525E-4,-0.0012217305,0.0012217305,TONIC,3471c5a72fcd
1777347581190,7423384022481,0.878672,0.2753332,9.902418,-6.1086525E-4,-0.0012217305,0.0018325958,TONIC,3471c5a72fcd
1777347581198,7423392049243,0.89543146,0.28491,9.907207,-0.0012217305,0.0,6.1086525E-4,TONIC,3471c5a72fcd
1777347581206,7423400043698,0.8834604,0.2825158,9.888053,-6.1086525E-4,0.0,0.0012217305,TONIC,3471c5a72fcd
1777347581214,7423408040922,0.89782566,0.2753332,9.895236,-6.1086525E-4,0.0,0.0012217305,TONIC,3471c5a72fcd
1777347581222,7423416035068,0.8882488,0.2633622,9.900024,-6.1086525E-4,-6.1086525E-4,0.0,TONIC,3471c5a72fcd
1777347581230,7423424034369,0.8882488,0.2801216,9.895236,-6.1086525E-4,6.1086525E-4,0.0012217305,TONIC,3471c5a72fcd
1777347581238,7423432026747,0.90740246,0.2705448,9.900024,0.0,0.0018325958,6.1086525E-4,TONIC,3471c5a72fcd
1777347581246,7423440022048,0.89543146,0.2633622,9.900024,6.1086525E-4,6.1086525E-4,0.0018325958,TONIC,3471c5a72fcd
1777347581254,7423448050656,0.8834604,0.272939,9.892841,0.0,6.1086525E-4,-6.1086525E-4,TONIC,3471c5a72fcd
1777347581262,7423456044880,0.8858546,0.2753332,9.923966,-6.1086525E-4,0.0012217305,0.0012217305,TONIC,3471c5a72fcd
1777347581270,7423464040180,0.8762778,0.2681506,9.900024,-0.0018325958,0.0,6.1086525E-4,TONIC,3471c5a72fcd
1777347581278,7423472037481,0.89543146,0.28491,9.907207,0.0,0.0018325958,0.0012217305,TONIC,3471c5a72fcd
1777347581286,7423480031936,0.89782566,0.2777274,9.900024,-6.1086525E-4,0.0012217305,6.1086525E-4,TONIC,3471c5a72fcd
1777347581294,7423488027236,0.89782566,0.2705448,9.904813,0.0,6.1086525E-4,0.0018325958,TONIC,3471c5a72fcd
1777347581302,7423496024229,0.878672,0.2801216,9.907207,-6.1086525E-4,6.1086525E-4,0.0012217305,TONIC,3471c5a72fcd
1777347581310,7423504046992,0.89064306,0.2753332,9.904813,0.0012217305,-6.1086525E-4,0.0018325958,TONIC,3471c5a72fcd
1777347581318,7423512043908,0.89303726,0.2801216,9.92636,0.0,6.1086525E-4,6.1086525E-4,TONIC,3471c5a72fcd
1777347581326,7423520038670,0.89543146,0.2753332,9.902418,-6.1086525E-4,6.1086525E-4,-0.0012217305,TONIC,3471c5a72fcd
1777347581334,7423528035202,0.89303726,0.2825158,9.911995,0.0,0.0,6.1086525E-4,TONIC,3471c5a72fcd
1777347581342,7423536028810,0.89543146,0.2801216,9.900024,-6.1086525E-4,-0.0012217305,6.1086525E-4,TONIC,3471c5a72fcd
1777347581350,7423544025957,0.90500826,0.272939,9.916783,0.0,-0.0018325958,6.1086525E-4,TONIC,3471c5a72fcd
1777347581358,7423552021411,0.91219085,0.2801216,9.895236,-6.1086525E-4,0.0012217305,6.1086525E-4,TONIC,3471c5a72fcd
1777347581366,7423560048174,0.90021986,0.2777274,9.904813,-0.0012217305,-0.0012217305,6.1086525E-4,TONIC,3471c5a72fcd
1777347581374,7423568044705,0.89782566,0.2753332,9.900024,0.0,0.0012217305,6.1086525E-4,TONIC,3471c5a72fcd
1777347581382,7423576038313,0.8882488,0.2753332,9.907207,0.0,0.0018325958,0.0012217305,TONIC,3471c5a72fcd
1777347581390,7423584035460,0.8882488,0.2825158,9.904813,0.0012217305,0.0012217305,0.002443461,TONIC,3471c5a72fcd
1777347581398,7423592029992,0.90261406,0.2753332,9.904813,0.0,6.1086525E-4,6.1086525E-4,TONIC,3471c5a72fcd
1777347581406,7423600025600,0.90261406,0.2801216,9.909601,0.0,-6.1086525E-4,0.0012217305,TONIC,3471c5a72fcd
1777347581414,7423608050286,0.90021986,0.2705448,9.900024,0.0012217305,-0.0012217305,0.0012217305,TONIC,3471c5a72fcd
1777347581422,7423616047817,0.90500826,0.28491,9.911995,6.1086525E-4,6.1086525E-4,0.0012217305,TONIC,3471c5a72fcd
1777347581430,7423624044118,0.8882488,0.2801216,9.907207,6.1086525E-4,0.0,6.1086525E-4,TONIC,3471c5a72fcd
1777347581438,7423632040726,0.90021986,0.2873042,9.902418,0.0,6.1086525E-4,0.0018325958,TONIC,3471c5a72fcd
1777347581446,7423640035182,0.8882488,0.2777274,9.91439,-6.1086525E-4,6.1086525E-4,0.0,TONIC,3471c5a72fcd
1777347581454,7423648029944,0.8858546,0.2753332,9.900024,0.0,0.0018325958,0.0,TONIC,3471c5a72fcd
1777347581462,7423656026168,0.8882488,0.2705448,9.91439,0.0,-0.0012217305,0.0012217305,TONIC,3471c5a72fcd
1777347581470,7423664021930,0.89543146,0.2633622,9.888053,-0.0012217305,6.1086525E-4,0.0012217305,TONIC,3471c5a72fcd
1777347581478,7423672046846,0.8882488,0.2873042,9.900024,6.1086525E-4,-6.1086525E-4,0.0,TONIC,3471c5a72fcd
1777347581486,7423680043378,0.89303726,0.2825158,9.92636,6.1086525E-4,0.0012217305,0.0,TONIC,3471c5a72fcd
1777347581494,7423688038448,0.89303726,0.2753332,9.885659,-0.002443461,-0.0036651916,0.0018325958,TONIC,3471c5a72fcd
1777347581502,7423696033825,0.878672,0.2896984,9.916783,6.1086525E-4,0.0,0.0,TONIC,3471c5a72fcd
1777347581510,7423704030203,0.8834604,0.2753332,9.900024,6.1086525E-4,0.0012217305,6.1086525E-4,TONIC,3471c5a72fcd
1777347581518,7423712025273,0.8882488,0.2681506,9.89763,-0.0012217305,0.0,0.0,TONIC,3471c5a72fcd
1777347581526,7423720023343,0.8810662,0.2777274,9.902418,-0.0012217305,0.0,6.1086525E-4,TONIC,3471c5a72fcd
1777347581534,7423728047105,0.90500826,0.2825158,9.902418,-0.0012217305,-6.1086525E-4,0.0012217305,TONIC,3471c5a72fcd
1777347581542,7423736044867,0.90500826,0.272939,9.907207,6.1086525E-4,0.0,0.0,TONIC,3471c5a72fcd
1777347581550,7423744040322,0.89303726,0.25378537,9.89763,-6.1086525E-4,0.0018325958,0.0,TONIC,3471c5a72fcd
1777347581558,7423752034699,0.89543146,0.2753332,9.902418,0.0,0.0012217305,6.1086525E-4,TONIC,3471c5a72fcd
1777347581566,7423760029846,0.8858546,0.2801216,9.89763,6.1086525E-4,0.0,0.0,TONIC,3471c5a72fcd
1777347581574,7423768025147,0.89782566,0.2705448,9.904813,6.1086525E-4,6.1086525E-4,0.0012217305,TONIC,3471c5a72fcd
1777347581582,7423776050986,0.89064306,0.2777274,9.911995,6.1086525E-4,6.1086525E-4,6.1086525E-4,TONIC,3471c5a72fcd
1777347581590,7423784046364,0.8714894,0.272939,9.91439,6.1086525E-4,0.0,0.0012217305,TONIC,3471c5a72fcd
1777347581598,7423792042126,0.89782566,0.28491,9.923966,6.1086525E-4,6.1086525E-4,0.0,TONIC,3471c5a72fcd
1777347581606,7423800037504,0.8882488,0.272939,9.921572,-0.0012217305,6.1086525E-4,6.1086525E-4,TONIC,3471c5a72fcd
1777347581614,7423808033189,0.8858546,0.2777274,9.911995,0.0,0.0012217305,6.1086525E-4,TONIC,3471c5a72fcd
1777347581622,7423816028567,0.89782566,0.2681506,9.89763,-0.0012217305,0.0018325958,0.0,TONIC,3471c5a72fcd
1777347581630,7423824025483,0.89064306,0.2873042,9.904813,0.0,0.0,0.0012217305,TONIC,3471c5a72fcd
1777347581638,7423832052245,0.89543146,0.29448682,9.89763,0.0,0.0012217305,6.1086525E-4,TONIC,3471c5a72fcd
1777347581646,7423840046392,0.91219085,0.2705448,9.902418,0.0,0.0,-0.0012217305,TONIC,3471c5a72fcd
1777347581654,7423848041693,0.89064306,0.2753332,9.902418,-0.002443461,0.0,0.0012217305,TONIC,3471c5a72fcd
1777347581662,7423856038301,0.8858546,0.2777274,9.900024,0.0018325958,0.0018325958,6.1086525E-4,TONIC,3471c5a72fcd
1777347581670,7423864033448,0.89303726,0.28491,9.89763,0.0,-0.0012217305,0.0012217305,TONIC,3471c5a72fcd
1777347581678,7423872029441,0.8714894,0.272939,9.892841,-6.1086525E-4,-0.0018325958,0.0012217305,TONIC,3471c5a72fcd
1777347581686,7423880023818,0.89064306,0.2657564,9.911995,-6.1086525E-4,-6.1086525E-4,6.1086525E-4,TONIC,3471c5a72fcd
1777347581694,7423888050658,0.89303726,0.28491,9.907207,0.0018325958,-0.0012217305,0.0012217305,TONIC,3471c5a72fcd
1777347581702,7423896045958,0.90021986,0.2705448,9.895236,0.0,0.0012217305,6.1086525E-4,TONIC,3471c5a72fcd
1777347581710,7423904044722,0.8858546,0.2705448,9.911995,0.0012217305,6.1086525E-4,0.002443461,TONIC,3471c5a72fcd
1777347581718,7423912037099,0.8858546,0.2705448,9.900024,-6.1086525E-4,-0.0012217305,6.1086525E-4,TONIC,3471c5a72fcd
1777347581726,7423920032785,0.8858546,0.28491,9.907207,-6.1086525E-4,-6.1086525E-4,0.0012217305,TONIC,3471c5a72fcd
1777347581734,7423928030931,0.89303726,0.272939,9.919178,-6.1086525E-4,6.1086525E-4,0.0012217305,TONIC,3471c5a72fcd
1777347581742,7423936023463,0.8643068,0.2681506,9.907207,0.0,-6.1086525E-4,0.0012217305,TONIC,3471c5a72fcd
1777347581750,7423944050610,0.90740246,0.2657564,9.902418,-0.0012217305,0.0012217305,6.1086525E-4,TONIC,3471c5a72fcd
1777347581758,7423952048372,0.89782566,0.2705448,9.904813,6.1086525E-4,-6.1086525E-4,-6.1086525E-4,TONIC,3471c5a72fcd
1777347581766,7423960043827,0.89543146,0.2777274,9.921572,6.1086525E-4,-6.1086525E-4,-0.0018325958,TONIC,3471c5a72fcd
1777347581774,7423968037973,0.90261406,0.2681506,9.900024,-6.1086525E-4,0.0,-0.0012217305,TONIC,3471c5a72fcd
1777347581782,7423976032120,0.90021986,0.29209262,9.916783,-0.0012217305,-6.1086525E-4,-0.0012217305,TONIC,3471c5a72fcd
1777347581790,7423984029344,0.8834604,0.2801216,9.91439,0.0,0.0012217305,6.1086525E-4,TONIC,3471c5a72fcd
1777347581798,7423992024952,0.90261406,0.2777274,9.909601,-0.0012217305,6.1086525E-4,0.0,TONIC,3471c5a72fcd
1777347581806,7424000049869,0.8882488,0.2777274,9.904813,0.0018325958,-6.1086525E-4,-0.0012217305,TONIC,3471c5a72fcd
1777347581814,7424008046477,0.8762778,0.2825158,9.89763,6.1086525E-4,0.0012217305,0.0,TONIC,3471c5a72fcd
1777347581822,7424016041932,0.878672,0.272939,9.895236,0.0,-0.0012217305,-6.1086525E-4,TONIC,3471c5a72fcd
1777347581830,7424024037540,0.89303726,0.2825158,9.904813,0.0,6.1086525E-4,6.1086525E-4,TONIC,3471c5a72fcd
1777347581838,7424032032379,0.8858546,0.2705448,9.91439,0.0,-6.1086525E-4,6.1086525E-4,TONIC,3471c5a72fcd
1777347581846,7424040027141,0.89064306,0.2633622,9.902418,6.1086525E-4,0.0012217305,0.0012217305,TONIC,3471c5a72fcd
1777347581854,7424048023057,0.89303726,0.28491,9.921572,0.0,0.002443461,-6.1086525E-4,TONIC,3471c5a72fcd
1777347581862,7424056050512,0.89303726,0.2753332,9.900024,0.0018325958,-0.0012217305,0.0012217305,TONIC,3471c5a72fcd
1777347581870,7424064045890,0.89064306,0.2777274,9.89763,0.0,0.0,0.0,TONIC,3471c5a72fcd
1777347581878,7424072040267,0.8882488,0.2825158,9.911995,0.0,-6.1086525E-4,0.0012217305,TONIC,3471c5a72fcd
1777347581886,7424080036645,0.89064306,0.2633622,9.921572,0.0012217305,6.1086525E-4,-0.0012217305,TONIC,3471c5a72fcd
1777347581894,7424088031715,0.91219085,0.2801216,9.89763,6.1086525E-4,0.0,-6.1086525E-4,TONIC,3471c5a72fcd
1777347581902,7424096028862,0.89064306,0.2681506,9.895236,-6.1086525E-4,6.1086525E-4,6.1086525E-4,TONIC,3471c5a72fcd
1777347581910,7424104025778,0.89543146,0.2825158,9.921572,0.0012217305,0.002443461,-6.1086525E-4,TONIC,3471c5a72fcd
1777347581918,7424112050386,0.8882488,0.2705448,9.904813,-0.0012217305,-6.1086525E-4,-0.0012217305,TONIC,3471c5a72fcd
1777347581926,7424120043995,0.8882488,0.2753332,9.916783,0.0,0.0,6.1086525E-4,TONIC,3471c5a72fcd
1777347581934,7424128039988,0.89064306,0.2681506,9.904813,0.0018325958,0.0036651916,0.0,TONIC,3471c5a72fcd
1777347581942,7424136037135,0.89543146,0.2896984,9.900024,0.002443461,6.1086525E-4,0.0,TONIC,3471c5a72fcd
1777347581950,7424144033512,0.91937345,0.2801216,9.91439,6.1086525E-4,0.0018325958,-6.1086525E-4,TONIC,3471c5a72fcd
1777347581958,7424152030044,0.89782566,0.2753332,9.911995,-6.1086525E-4,0.0012217305,-6.1086525E-4,TONIC,3471c5a72fcd
1777347581966,7424160023038,0.90500826,0.2681506,9.907207,0.0,0.0,6.1086525E-4,TONIC,3471c5a72fcd
1777347581974,7424168051338,0.8810662,0.28491,9.907207,0.0012217305,6.1086525E-4,0.0,TONIC,3471c5a72fcd
1777347581982,7424176044254,0.89782566,0.272939,9.902418,6.1086525E-4,0.0,6.1086525E-4,TONIC,3471c5a72fcd
1777347581990,7424184040171,0.8858546,0.28491,9.89763,-0.0012217305,6.1086525E-4,-6.1086525E-4,TONIC,3471c5a72fcd
1777347581998,7424192036548,0.89303726,0.2777274,9.92636,0.0012217305,0.0012217305,0.0,TONIC,3471c5a72fcd
1777347582006,7424200030926,0.8858546,0.2753332,9.907207,0.0012217305,-6.1086525E-4,6.1086525E-4,TONIC,3471c5a72fcd
1777347582014,7424208026688,0.89064306,0.260968,9.900024,0.0,0.0012217305,0.0,TONIC,3471c5a72fcd
1777347582022,7424216022604,0.89782566,0.2896984,9.904813,6.1086525E-4,6.1086525E-4,0.0012217305,TONIC,3471c5a72fcd
1777347582030,7424224050905,0.90500826,0.25857377,9.907207,6.1086525E-4,0.0018325958,-0.0012217305,TONIC,3471c5a72fcd
1777347582038,7424232044206,0.8810662,0.2777274,9.91439,6.1086525E-4,-0.0012217305,-6.1086525E-4,TONIC,3471c5a72fcd
1777347582046,7424240040737,0.8762778,0.2681506,9.909601,-0.0018325958,-6.1086525E-4,0.0018325958,TONIC,3471c5a72fcd
1777347582054,7424248038038,0.878672,0.2753332,9.907207,6.1086525E-4,0.0018325958,0.0,TONIC,3471c5a72fcd
1777347582062,7424256031569,0.90500826,0.2753332,9.902418,6.1086525E-4,0.0012217305,0.0012217305,TONIC,3471c5a72fcd
1777347582070,7424264027485,0.89303726,0.2777274,9.909601,-0.0012217305,-0.0012217305,-0.0012217305,TONIC,3471c5a72fcd
1777347582078,7424272023863,0.90500826,0.2777274,9.92636,-0.0012217305,0.0,6.1086525E-4,TONIC,3471c5a72fcd
1777347582086,7424280049625,0.89303726,0.29209262,9.909601,-0.0012217305,6.1086525E-4,0.0,TONIC,3471c5a72fcd
1777347582094,7424288044080,0.89064306,0.2777274,9.907207,0.0,0.0,-6.1086525E-4,TONIC,3471c5a72fcd
1777347582102,7424296039457,0.89303726,0.2825158,9.919178,0.0,0.0,0.0,TONIC,3471c5a72fcd
1777347582110,7424304034912,0.90021986,0.29448682,9.909601,0.0,6.1086525E-4,6.1086525E-4,TONIC,3471c5a72fcd
1777347582118,7424312030290,0.90021986,0.2705448,9.89763,0.0,0.0018325958,-6.1086525E-4,TONIC,3471c5a72fcd
1777347582126,7424320027206,0.89543146,0.2705448,9.907207,-0.0018325958,0.0012217305,-6.1086525E-4,TONIC,3471c5a72fcd
1777347582134,7424328021660,0.90740246,0.2681506,9.89763,6.1086525E-4,0.0,-6.1086525E-4,TONIC,3471c5a72fcd
1777347582142,7424336047807,0.90500826,0.272939,9.904813,-6.1086525E-4,0.0,-6.1086525E-4,TONIC,3471c5a72fcd
1777347582150,7424344044108,0.8834604,0.25857377,9.91439,6.1086525E-4,0.0,-6.1086525E-4,TONIC,3471c5a72fcd
1777347582158,7424352040332,0.90261406,0.2777274,9.909601,0.0012217305,0.0,0.0,TONIC,3471c5a72fcd
1777347582166,7424360034786,0.89782566,0.2873042,9.928755,-6.1086525E-4,6.1086525E-4,0.0012217305,TONIC,3471c5a72fcd
1777347582174,7424368030856,0.89782566,0.28491,9.909601,0.0,-6.1086525E-4,0.0,TONIC,3471c5a72fcd
1777347582182,7424376025849,0.89543146,0.2777274,9.895236,0.0018325958,0.0012217305,-6.1086525E-4,TONIC,3471c5a72fcd
1777347582190,7424384022534,0.89064306,0.29448682,9.907207,0.0,0.0,6.1086525E-4,TONIC,3471c5a72fcd
1777347582198,7424392048989,0.89782566,0.2801216,9.909601,6.1086525E-4,0.0,6.1086525E-4,TONIC,3471c5a72fcd
1777347582206,7424400045213,0.89303726,0.2681506,9.902418,0.0,6.1086525E-4,6.1086525E-4,TONIC,3471c5a72fcd
1777347582214,7424408039667,0.89303726,0.2825158,9.904813,-6.1086525E-4,0.0018325958,0.0,TONIC,3471c5a72fcd
1777347582222,7424416037276,0.89782566,0.2681506,9.902418,6.1086525E-4,0.0012217305,0.0012217305,TONIC,3471c5a72fcd
1777347582230,7424424030116,0.8810662,0.2633622,9.900024,-6.1086525E-4,-6.1086525E-4,6.1086525E-4,TONIC,3471c5a72fcd
1777347582238,7424432028263,0.89543146,0.2801216,9.902418,0.0012217305,0.002443461,0.0,TONIC,3471c5a72fcd
1777347582246,7424440022410,0.8858546,0.2753332,9.900024,6.1086525E-4,0.0,0.0,TONIC,3471c5a72fcd
1777347582254,7424448049787,0.89303726,0.2681506,9.900024,-6.1086525E-4,0.0,-6.1086525E-4,TONIC,3471c5a72fcd
1777347582262,7424456044011,0.90021986,0.29688102,9.907207,0.0,0.0,-0.0012217305,TONIC,3471c5a72fcd
1777347582270,7424464039389,0.89543146,0.2705448,9.904813,-6.1086525E-4,6.1086525E-4,-6.1086525E-4,TONIC,3471c5a72fcd
1777347582278,7424472034689,0.878672,0.2777274,9.921572,0.0,-0.0012217305,0.0,TONIC,3471c5a72fcd
1777347582286,7424480029759,0.90740246,0.2705448,9.916783,-6.1086525E-4,6.1086525E-4,0.0,TONIC,3471c5a72fcd
1777347582294,7424488025829,0.89543146,0.2801216,9.916783,0.0,6.1086525E-4,0.0,TONIC,3471c5a72fcd
1777347582302,7424496022361,0.90021986,0.28491,9.907207,-6.1086525E-4,0.0,-6.1086525E-4,TONIC,3471c5a72fcd
1777347582310,7424504046662,0.89543146,0.2705448,9.895236,-6.1086525E-4,6.1086525E-4,0.0,TONIC,3471c5a72fcd
1777347582318,7424512043347,0.89543146,0.2825158,9.900024,6.1086525E-4,-6.1086525E-4,-6.1086525E-4,TONIC,3471c5a72fcd
1777347582326,7424520039032,0.89303726,0.272939,9.909601,-6.1086525E-4,6.1086525E-4,0.0,TONIC,3471c5a72fcd
1777347582334,7424528035564,0.89543146,0.2657564,9.900024,-6.1086525E-4,6.1086525E-4,-6.1086525E-4,TONIC,3471c5a72fcd
1777347582342,7424536029480,0.89543146,0.2825158,9.923966,-6.1086525E-4,0.0012217305,-0.0012217305,TONIC,3471c5a72fcd
1777347582350,7424544024473,0.8858546,0.2777274,9.892841,0.0,-6.1086525E-4,0.0,TONIC,3471c5a72fcd
1777347582358,7424552021466,0.8882488,0.272939,9.916783,-0.0012217305,6.1086525E-4,0.0,TONIC,3471c5a72fcd
1777347582366,7424560047305,0.89782566,0.2657564,9.900024,-0.0018325958,-0.0012217305,0.0,TONIC,3471c5a72fcd
1777347582374,7424568042606,0.8858546,0.2777274,9.904813,-0.0012217305,0.0,6.1086525E-4,TONIC,3471c5a72fcd
1777347582382,7424576037983,0.90500826,0.25617957,9.919178,-0.0012217305,-0.0012217305,0.0,TONIC,3471c5a72fcd
1777347582390,7424584033669,0.90261406,0.272939,9.919178,-6.1086525E-4,6.1086525E-4,-6.1086525E-4,TONIC,3471c5a72fcd
1777347582398,7424592030969,0.8834604,0.2777274,9.916783,-6.1086525E-4,-6.1086525E-4,6.1086525E-4,TONIC,3471c5a72fcd
1777347582406,7424600024424,0.8834604,0.2705448,9.904813,-6.1086525E-4,-0.0012217305,-6.1086525E-4,TONIC,3471c5a72fcd
1777347582414,7424608050648,0.89064306,0.2777274,9.911995,6.1086525E-4,0.0012217305,0.0012217305,TONIC,3471c5a72fcd
1777347582422,7424616045948,0.90500826,0.2753332,9.921572,0.0,-0.0012217305,6.1086525E-4,TONIC,3471c5a72fcd
1777347582430,7424624043172,0.90261406,0.2896984,9.902418,-0.0012217305,6.1086525E-4,0.0,TONIC,3471c5a72fcd
1777347582438,7424632038858,0.89782566,0.29209262,9.916783,-0.0012217305,0.0,0.0018325958,TONIC,3471c5a72fcd
1777347582446,7424640034312,0.89543146,0.2825158,9.935937,0.0,0.0,-6.1086525E-4,TONIC,3471c5a72fcd
1777347582454,7424648029920,0.90500826,0.2681506,9.907207,0.0,0.0012217305,0.0,TONIC,3471c5a72fcd
1777347582462,7424656026837,0.89543146,0.25617957,9.907207,0.0,0.0012217305,0.0,TONIC,3471c5a72fcd
1777347582470,7424664020368,0.878672,0.2753332,9.909601,6.1086525E-4,0.0,6.1086525E-4,TONIC,3471c5a72fcd
1777347582478,7424672047823,0.8810662,0.260968,9.91439,0.0012217305,0.0012217305,-6.1086525E-4,TONIC,3471c5a72fcd
1777347582486,7424680043123,0.8858546,0.28491,9.91439,0.0,-0.0012217305,0.0,TONIC,3471c5a72fcd
1777347582494,7424688038887,0.89782566,0.2801216,9.895236,0.0,-0.0012217305,0.0018325958,TONIC,3471c5a72fcd
1777347582502,7424696034264,0.89543146,0.2777274,9.900024,6.1086525E-4,-6.1086525E-4,0.0,TONIC,3471c5a72fcd
1777347582510,7424704029642,0.8858546,0.272939,9.916783,0.0,6.1086525E-4,-6.1086525E-4,TONIC,3471c5a72fcd
1777347582518,7424712026481,0.89543146,0.2896984,9.909601,0.0,0.002443461,6.1086525E-4,TONIC,3471c5a72fcd
1777347582526,7424720019474,0.90500826,0.2681506,9.907207,0.0,0.0,0.0,TONIC,3471c5a72fcd
1777347582534,7424728046775,0.90261406,0.2801216,9.900024,0.0012217305,0.002443461,-6.1086525E-4,TONIC,3471c5a72fcd
1777347582542,7424736041922,0.8882488,0.2705448,9.895236,6.1086525E-4,0.0012217305,0.0012217305,TONIC,3471c5a72fcd
1777347582550,7424744037222,0.8738836,0.2753332,9.907207,0.0,0.002443461,6.1086525E-4,TONIC,3471c5a72fcd
1777347582558,7424752034138,0.8882488,0.2801216,9.900024,0.0,0.0012217305,0.0,TONIC,3471c5a72fcd
1777347582566,7424760027978,0.89064306,0.2801216,9.890448,-0.0012217305,-6.1086525E-4,0.0,TONIC,3471c5a72fcd
1777347582574,7424768023740,0.8834604,0.2753332,9.900024,-0.0012217305,6.1086525E-4,0.0,TONIC,3471c5a72fcd
1777347582582,7424776019041,0.90261406,0.29209262,9.900024,-0.0012217305,0.0,0.0,TONIC,3471c5a72fcd
1777347582590,7424784044880,0.8858546,0.28491,9.900024,0.0018325958,0.0,6.1086525E-4,TONIC,3471c5a72fcd
1777347582598,7424792040873,0.8858546,0.2753332,9.916783,0.0018325958,0.0012217305,6.1086525E-4,TONIC,3471c5a72fcd
1777347582606,7424800037173,0.90500826,0.2753332,9.902418,-0.0012217305,-6.1086525E-4,6.1086525E-4,TONIC,3471c5a72fcd
1777347582614,7424808032859,0.89303726,0.28491,9.900024,6.1086525E-4,6.1086525E-4,6.1086525E-4,TONIC,3471c5a72fcd
1777347582622,7424816028852,0.878672,0.2801216,9.902418,0.0,0.0030543262,6.1086525E-4,TONIC,3471c5a72fcd
1777347582630,7424824024537,0.89064306,0.2801216,9.907207,0.0,0.0012217305,6.1086525E-4,TONIC,3471c5a72fcd
1777347582638,7424832050761,0.90500826,0.2825158,9.904813,-6.1086525E-4,-6.1086525E-4,-6.1086525E-4,TONIC,3471c5a72fcd
1777347582646,7424840045446,0.8810662,0.2705448,9.89763,0.0,6.1086525E-4,0.0,TONIC,3471c5a72fcd
1777347582654,7424848040901,0.89782566,0.2825158,9.878476,0.0,0.0,6.1086525E-4,TONIC,3471c5a72fcd
1777347582662,7424856037432,0.89303726,0.2777274,9.895236,0.0,-6.1086525E-4,-6.1086525E-4,TONIC,3471c5a72fcd
1777347582670,7424864033425,0.89543146,0.2753332,9.885659,0.0,6.1086525E-4,-6.1086525E-4,TONIC,3471c5a72fcd
1777347582678,7424872027264,0.89782566,0.2801216,9.885659,0.0012217305,-0.0012217305,0.0,TONIC,3471c5a72fcd
1777347582686,7424880024258,0.89303726,0.2825158,9.895236,6.1086525E-4,0.0,0.0,TONIC,3471c5a72fcd
1777347582694,7424888018943,0.8834604,0.2777274,9.885659,0.0,6.1086525E-4,0.0012217305,TONIC,3471c5a72fcd
1777347582702,7424896044782,0.90500826,0.2681506,9.892841,6.1086525E-4,0.0012217305,0.0012217305,TONIC,3471c5a72fcd
1777347582710,7424904039929,0.8882488,0.2657564,9.890448,-6.1086525E-4,0.0012217305,6.1086525E-4,TONIC,3471c5a72fcd
1777347582718,7424912035614,0.8882488,0.2801216,9.89763,6.1086525E-4,0.0,0.0,TONIC,3471c5a72fcd
1777347582726,7424920033453,0.89303726,0.2681506,9.892841,-6.1086525E-4,-0.0012217305,0.0,TONIC,3471c5a72fcd
1777347582734,7424928026908,0.90021986,0.28491,9.895236,0.0,-6.1086525E-4,-6.1086525E-4,TONIC,3471c5a72fcd
1777347582742,7424936022901,0.8834604,0.2777274,9.89763,-6.1086525E-4,0.0,-0.0012217305,TONIC,3471c5a72fcd
1777347582750,7424944049971,0.90500826,0.2777274,9.91439,-6.1086525E-4,-6.1086525E-4,0.0012217305,TONIC,3471c5a72fcd
1777347582758,7424952045965,0.8882488,0.2801216,9.895236,0.0012217305,0.0012217305,6.1086525E-4,TONIC,3471c5a72fcd
1777347582766,7424960040496,0.89303726,0.2777274,9.883265,0.0,6.1086525E-4,-0.0018325958,TONIC,3471c5a72fcd
1777347582774,7424968035797,0.89543146,0.2753332,9.89763,0.004276057,0.002443461,6.1086525E-4,TONIC,3471c5a72fcd
1777347582782,7424976032790,0.8810662,0.2681506,9.907207,0.0012217305,0.0012217305,6.1086525E-4,TONIC,3471c5a72fcd
1777347582790,7424984030245,0.90979666,0.2801216,9.890448,-0.0012217305,0.0,0.0,TONIC,3471c5a72fcd
1777347582798,7424992025084,0.89543146,0.2705448,9.902418,-0.0012217305,-6.1086525E-4,6.1086525E-4,TONIC,3471c5a72fcd
1777347582806,7425000051231,0.89303726,0.2681506,9.890448,-6.1086525E-4,0.0,0.0012217305,TONIC,3471c5a72fcd
1777347582814,7425008045685,0.90261406,0.2777274,9.902418,-0.0012217305,6.1086525E-4,6.1086525E-4,TONIC,3471c5a72fcd
1777347582822,7425016040678,0.90261406,0.2705448,9.904813,0.0012217305,-6.1086525E-4,-6.1086525E-4,TONIC,3471c5a72fcd
1777347582830,7425024036441,0.89782566,0.2633622,9.89763,0.0012217305,-6.1086525E-4,6.1086525E-4,TONIC,3471c5a72fcd
1777347582838,7425032032357,0.89543146,0.28491,9.895236,0.0,0.0,-6.1086525E-4,TONIC,3471c5a72fcd
1777347582846,7425040028042,0.90021986,0.29209262,9.888053,0.0,6.1086525E-4,6.1086525E-4,TONIC,3471c5a72fcd
1777347582854,7425048022497,0.89064306,0.2681506,9.900024,0.0,0.0,0.0,TONIC,3471c5a72fcd
1777347582862,7425056049566,0.8882488,0.28491,9.904813,-0.0012217305,-6.1086525E-4,0.0,TONIC,3471c5a72fcd
1777347582870,7425064044713,0.8882488,0.28491,9.880871,6.1086525E-4,6.1086525E-4,0.0,TONIC,3471c5a72fcd
1777347582878,7425072038476,0.89064306,0.29209262,9.89763,0.0012217305,-0.0030543262,6.1086525E-4,TONIC,3471c5a72fcd
1777347582886,7425080037007,0.90500826,0.2825158,9.890448,-6.1086525E-4,6.1086525E-4,-6.1086525E-4,TONIC,3471c5a72fcd
1777347582894,7425088031154,0.89303726,0.2801216,9.907207,6.1086525E-4,-6.1086525E-4,6.1086525E-4,TONIC,3471c5a72fcd
1777347582902,7425096027070,0.8834604,0.2825158,9.890448,0.0,6.1086525E-4,-0.0012217305,TONIC,3471c5a72fcd
1777347582910,7425104023140,0.89303726,0.2777274,9.895236,-6.1086525E-4,-0.0012217305,6.1086525E-4,TONIC,3471c5a72fcd
1777347582918,7425112048287,0.8858546,0.2896984,9.907207,0.0012217305,0.0,6.1086525E-4,TONIC,3471c5a72fcd
1777347582926,7425120044588,0.8882488,0.29688102,9.885659,0.0,0.0018325958,6.1086525E-4,TONIC,3471c5a72fcd
1777347582934,7425128039734,0.8738836,0.29448682,9.907207,-0.0012217305,6.1086525E-4,-0.0012217305,TONIC,3471c5a72fcd
1777347582942,7425136035420,0.89064306,0.2896984,9.892841,6.1086525E-4,6.1086525E-4,0.0,TONIC,3471c5a72fcd
1777347582950,7425144033259,0.8882488,0.2801216,9.880871,-6.1086525E-4,-6.1086525E-4,0.0,TONIC,3471c5a72fcd
1777347582958,7425152027637,0.90500826,0.2753332,9.890448,-0.0018325958,-6.1086525E-4,-6.1086525E-4,TONIC,3471c5a72fcd
1777347582966,7425160021783,0.89064306,0.28491,9.895236,0.0018325958,0.0,-0.0012217305,TONIC,3471c5a72fcd
1777347582974,7425168017546,0.89303726,0.2753332,9.919178,-6.1086525E-4,-6.1086525E-4,6.1086525E-4,TONIC,3471c5a72fcd
1777347582982,7425176044616,0.89303726,0.28491,9.890448,-6.1086525E-4,-6.1086525E-4,-6.1086525E-4,TONIC,3471c5a72fcd
1777347582990,7425184041762,0.90261406,0.2825158,9.89763,0.0012217305,0.0012217305,0.0,TONIC,3471c5a72fcd
1777347582998,7425192035909,0.8834604,0.25857377,9.878476,0.0018325958,0.0018325958,-0.0012217305,TONIC,3471c5a72fcd
1777347583006,7425200030056,0.89064306,0.2801216,9.91439,6.1086525E-4,6.1086525E-4,0.0012217305,TONIC,3471c5a72fcd
1777347583014,7425208026435,0.89543146,0.2705448,9.907207,6.1086525E-4,0.0012217305,-0.0012217305,TONIC,3471c5a72fcd
1777347583022,7425216022043,0.89303726,0.2753332,9.895236,0.0012217305,-6.1086525E-4,0.0012217305,TONIC,3471c5a72fcd
1777347583030,7425224048190,0.89303726,0.2753332,9.900024,-6.1086525E-4,0.0,0.0012217305,TONIC,3471c5a72fcd
1777347583038,7425232044798,0.89782566,0.2753332,9.921572,6.1086525E-4,6.1086525E-4,-0.0012217305,TONIC,3471c5a72fcd
1777347583046,7425240038638,0.8858546,0.24899697,9.900024,6.1086525E-4,6.1086525E-4,0.0,TONIC,3471c5a72fcd
1777347583054,7425248033400,0.90500826,0.2873042,9.904813,-6.1086525E-4,0.0012217305,6.1086525E-4,TONIC,3471c5a72fcd
1777347583062,7425256031547,0.8882488,0.2777274,9.900024,6.1086525E-4,0.0,0.0,TONIC,3471c5a72fcd
1777347583070,7425264025386,0.89303726,0.2896984,9.895236,0.0012217305,0.0012217305,6.1086525E-4,TONIC,3471c5a72fcd
1777347583078,7425272021456,0.89782566,0.2801216,9.888053,6.1086525E-4,-6.1086525E-4,-6.1086525E-4,TONIC,3471c5a72fcd
1777347583086,7425280046910,0.89064306,0.2801216,9.900024,6.1086525E-4,6.1086525E-4,6.1086525E-4,TONIC,3471c5a72fcd
1777347583094,7425288044442,0.89303726,0.2801216,9.892841,6.1086525E-4,0.0012217305,-6.1086525E-4,TONIC,3471c5a72fcd
1777347583102,7425296040820,0.89782566,0.2777274,9.900024,0.0,0.0,0.0,TONIC,3471c5a72fcd
1777347583110,7425304036736,0.8810662,0.2801216,9.907207,-6.1086525E-4,-6.1086525E-4,6.1086525E-4,TONIC,3471c5a72fcd
1777347583118,7425312032113,0.878672,0.272939,9.89763,-0.0012217305,-6.1086525E-4,6.1086525E-4,TONIC,3471c5a72fcd
1777347583126,7425320025952,0.90021986,0.29448682,9.904813,-6.1086525E-4,-6.1086525E-4,0.0,TONIC,3471c5a72fcd
1777347583134,7425328021407,0.8810662,0.2896984,9.892841,-6.1086525E-4,6.1086525E-4,-0.0012217305,TONIC,3471c5a72fcd
1777347583142,7425336047169,0.90021986,0.2777274,9.892841,6.1086525E-4,0.0,-0.0012217305,TONIC,3471c5a72fcd
1777347583150,7425344045085,0.89064306,0.2753332,9.892841,0.0,0.0,6.1086525E-4,TONIC,3471c5a72fcd
1777347583158,7425352041078,0.89543146,0.2681506,9.916783,0.0,0.0,6.1086525E-4,TONIC,3471c5a72fcd
1777347583166,7425360035148,0.89064306,0.29448682,9.900024,6.1086525E-4,0.0018325958,0.0,TONIC,3471c5a72fcd
1777347583174,7425368028757,0.89543146,0.2801216,9.89763,6.1086525E-4,6.1086525E-4,6.1086525E-4,TONIC,3471c5a72fcd
1777347583182,7425376025673,0.8834604,0.2801216,9.89763,-6.1086525E-4,0.0018325958,0.0,TONIC,3471c5a72fcd
1777347583190,7425384021358,0.89782566,0.260968,9.907207,0.0,6.1086525E-4,6.1086525E-4,TONIC,3471c5a72fcd
1777347583198,7425392046505,0.8810662,0.2825158,9.888053,0.0,0.0,0.0012217305,TONIC,3471c5a72fcd
1777347583206,7425400041883,0.90500826,0.2777274,9.900024,-6.1086525E-4,6.1086525E-4,6.1086525E-4,TONIC,3471c5a72fcd
1777347583214,7425408037876,0.8882488,0.2873042,9.91439,6.1086525E-4,-6.1086525E-4,0.0,TONIC,3471c5a72fcd
1777347583222,7425416033253,0.89064306,0.2681506,9.895236,6.1086525E-4,-6.1086525E-4,0.0,TONIC,3471c5a72fcd
1777347583230,7425424030169,0.8834604,0.29688102,9.892841,-6.1086525E-4,0.0,6.1086525E-4,TONIC,3471c5a72fcd
1777347583238,7425432024624,0.89543146,0.2681506,9.909601,-0.0012217305,6.1086525E-4,6.1086525E-4,TONIC,3471c5a72fcd
1777347583246,7425440021617,0.89064306,0.25857377,9.921572,-6.1086525E-4,-0.0012217305,6.1086525E-4,TONIC,3471c5a72fcd
1777347583254,7425448046148,0.89064306,0.2825158,9.895236,0.0,-6.1086525E-4,0.0,TONIC,3471c5a72fcd
1777347583262,7425456042526,0.89064306,0.272939,9.890448,-6.1086525E-4,6.1086525E-4,0.0012217305,TONIC,3471c5a72fcd
1777347583270,7425464038751,0.89782566,0.2753332,9.89763,-6.1086525E-4,0.0018325958,0.0012217305,TONIC,3471c5a72fcd
1777347583278,7425472032975,0.90021986,0.2657564,9.880871,-6.1086525E-4,0.0012217305,-0.0012217305,TONIC,3471c5a72fcd
1777347583286,7425480029891,0.8882488,0.2753332,9.892841,0.0,0.0,0.0,TONIC,3471c5a72fcd
1777347583294,7425488026115,0.89303726,0.2753332,9.895236,6.1086525E-4,0.0,0.0,TONIC,3471c5a72fcd
1777347583302,7425496021569,0.8762778,0.272939,9.911995,-6.1086525E-4,0.0018325958,-6.1086525E-4,TONIC,3471c5a72fcd
1777347583310,7425504048254,0.89064306,0.2753332,9.921572,-6.1086525E-4,-6.1086525E-4,0.0012217305,TONIC,3471c5a72fcd
1777347583318,7425512043017,0.89782566,0.2705448,9.900024,-6.1086525E-4,0.0012217305,0.0,TONIC,3471c5a72fcd
1777347583326,7425520038702,0.89303726,0.29209262,9.919178,0.0,-0.0012217305,6.1086525E-4,TONIC,3471c5a72fcd
1777347583334,7425528034464,0.89303726,0.2753332,9.900024,6.1086525E-4,0.0,-0.0018325958,TONIC,3471c5a72fcd
1777347583342,7425536029150,0.89303726,0.2825158,9.902418,6.1086525E-4,0.0,-0.0012217305,TONIC,3471c5a72fcd
1777347583350,7425544024912,0.89782566,0.29688102,9.904813,0.0,6.1086525E-4,6.1086525E-4,TONIC,3471c5a72fcd
1777347583358,7425552019366,0.89782566,0.2801216,9.916783,0.0,-0.0012217305,-0.0012217305,TONIC,3471c5a72fcd
1777347583366,7425560046052,0.90979666,0.2705448,9.902418,0.0,-6.1086525E-4,6.1086525E-4,TONIC,3471c5a72fcd
1777347583374,7425568041122,0.90740246,0.2657564,9.902418,6.1086525E-4,-0.0012217305,-6.1086525E-4,TONIC,3471c5a72fcd
1777347583382,7425576036807,0.90979666,0.2705448,9.907207,0.0,6.1086525E-4,-0.0018325958,TONIC,3471c5a72fcd
1777347583390,7425584035877,0.90021986,0.2825158,9.885659,-6.1086525E-4,0.0,6.1086525E-4,TONIC,3471c5a72fcd
1777347583398,7425592029716,0.8882488,0.29209262,9.919178,0.0,-0.0012217305,6.1086525E-4,TONIC,3471c5a72fcd
1777347583406,7425600024863,0.8858546,0.2896984,9.900024,0.0,0.0,0.0,TONIC,3471c5a72fcd
1777347583414,7425608020856,0.90021986,0.29209262,9.909601,6.1086525E-4,0.0,-0.0012217305,TONIC,3471c5a72fcd
1777347583422,7425616047926,0.90261406,0.29209262,9.890448,6.1086525E-4,0.0,0.0,TONIC,3471c5a72fcd
1777347583430,7425624042304,0.89064306,0.2633622,9.902418,0.0,0.0012217305,-6.1086525E-4,TONIC,3471c5a72fcd
1777347583438,7425632037374,0.8834604,0.2681506,9.907207,0.0012217305,6.1086525E-4,6.1086525E-4,TONIC,3471c5a72fcd
1777347583446,7425640033751,0.8858546,0.29209262,9.907207,6.1086525E-4,6.1086525E-4,0.0,TONIC,3471c5a72fcd
1777347583454,7425648027590,0.8810662,0.272939,9.89763,-6.1086525E-4,0.0,0.0,TONIC,3471c5a72fcd
1777347583462,7425656022968,0.8882488,0.2801216,9.919178,0.0012217305,0.0018325958,-6.1086525E-4,TONIC,3471c5a72fcd
1777347583470,7425664049961,0.89543146,0.2777274,9.91439,0.0,-6.1086525E-4,0.0,TONIC,3471c5a72fcd
1777347583478,7425672048108,0.89064306,0.2777274,9.91439,-0.0018325958,-6.1086525E-4,6.1086525E-4,TONIC,3471c5a72fcd
1777347583486,7425680040485,0.878672,0.2705448,9.907207,-6.1086525E-4,6.1086525E-4,-6.1086525E-4,TONIC,3471c5a72fcd
1777347583494,7425688037325,0.90740246,0.2777274,9.89763,-6.1086525E-4,-0.0012217305,0.0012217305,TONIC,3471c5a72fcd
1777347583502,7425696033933,0.8810662,0.2753332,9.904813,6.1086525E-4,0.0,-6.1086525E-4,TONIC,3471c5a72fcd
1777347583510,7425704028695,0.90021986,0.2705448,9.907207,6.1086525E-4,6.1086525E-4,0.0,TONIC,3471c5a72fcd
1777347583518,7425712024765,0.89064306,0.2657564,9.907207,0.0,0.0,-0.0012217305,TONIC,3471c5a72fcd
1777347583526,7425720018913,0.8810662,0.2777274,9.902418,6.1086525E-4,0.002443461,-0.0012217305,TONIC,3471c5a72fcd
1777347583534,7425728043522,0.90021986,0.272939,9.89763,-0.0012217305,6.1086525E-4,0.0012217305,TONIC,3471c5a72fcd
1777347583542,7425736039822,0.89303726,0.2777274,9.907207,0.0018325958,0.0018325958,6.1086525E-4,TONIC,3471c5a72fcd
1777347583550,7425744036431,0.8834604,0.2825158,9.902418,-0.0012217305,-6.1086525E-4,-6.1086525E-4,TONIC,3471c5a72fcd
1777347583558,7425752033270,0.89543146,0.2825158,9.91439,6.1086525E-4,-0.0012217305,-6.1086525E-4,TONIC,3471c5a72fcd
1777347583566,7425760027109,0.8882488,0.2681506,9.907207,6.1086525E-4,6.1086525E-4,-6.1086525E-4,TONIC,3471c5a72fcd
1777347583574,7425768022794,0.8810662,0.28491,9.907207,0.002443461,0.0012217305,-0.0012217305,TONIC,3471c5a72fcd
1777347583582,7425776050787,0.90261406,0.2777274,9.895236,0.0,0.0,6.1086525E-4,TONIC,3471c5a72fcd
1777347583590,7425784045242,0.8882488,0.2753332,9.911995,-6.1086525E-4,0.0012217305,0.0012217305,TONIC,3471c5a72fcd
1777347583598,7425792041312,0.8882488,0.2777274,9.904813,-6.1086525E-4,-6.1086525E-4,6.1086525E-4,TONIC,3471c5a72fcd
1777347583606,7425800035689,0.89064306,0.272939,9.909601,-6.1086525E-4,-6.1086525E-4,-6.1086525E-4,TONIC,3471c5a72fcd
1777347583614,7425808031759,0.89064306,0.2873042,9.902418,-0.0012217305,0.0012217305,0.0,TONIC,3471c5a72fcd
1777347583622,7425816027060,0.90261406,0.2753332,9.916783,6.1086525E-4,0.0012217305,-0.0018325958,TONIC,3471c5a72fcd
1777347583630,7425824024053,0.90261406,0.2825158,9.902418,-6.1086525E-4,-6.1086525E-4,-6.1086525E-4,TONIC,3471c5a72fcd
1777347583638,7425832048662,0.89064306,0.2801216,9.921572,-0.0012217305,0.0012217305,0.0,TONIC,3471c5a72fcd
1777347583646,7425840047116,0.8810662,0.29209262,9.921572,-6.1086525E-4,0.0012217305,-6.1086525E-4,TONIC,3471c5a72fcd
1777347583654,7425848039725,0.90500826,0.28491,9.921572,0.0012217305,6.1086525E-4,-6.1086525E-4,TONIC,3471c5a72fcd
1777347583662,7425856035333,0.90261406,0.2777274,9.919178,0.0,-0.0012217305,-0.0012217305,TONIC,3471c5a72fcd
1777347583670,7425864032634,0.89543146,0.2753332,9.91439,-6.1086525E-4,0.0018325958,0.0,TONIC,3471c5a72fcd
1777347583678,7425872026704,0.89064306,0.2657564,9.904813,-6.1086525E-4,-6.1086525E-4,0.0,TONIC,3471c5a72fcd
1777347583686,7425880023312,0.8882488,0.2705448,9.916783,-6.1086525E-4,6.1086525E-4,-6.1086525E-4,TONIC,3471c5a72fcd
1777347583694,7425888047997,0.89782566,0.272939,9.911995,0.0,0.0018325958,-0.0018325958,TONIC,3471c5a72fcd
1777347583702,7425896045144,0.8810662,0.2896984,9.911995,0.0,0.0012217305,0.0,TONIC,3471c5a72fcd
1777347583710,7425904040829,0.89782566,0.2825158,9.911995,0.0,0.0012217305,0.0,TONIC,3471c5a72fcd
1777347583718,7425912036515,0.89543146,0.28491,9.911995,6.1086525E-4,6.1086525E-4,0.0,TONIC,3471c5a72fcd
1777347583726,7425920031585,0.89543146,0.2825158,9.916783,0.0,6.1086525E-4,0.0,TONIC,3471c5a72fcd
1777347583734,7425928027347,0.89782566,0.272939,9.911995,0.0012217305,0.0,-6.1086525E-4,TONIC,3471c5a72fcd
1777347583742,7425936022340,0.8762778,0.28491,9.900024,-0.0012217305,0.0,-6.1086525E-4,TONIC,3471c5a72fcd
1777347583750,7425944049179,0.90021986,0.28491,9.900024,-0.0012217305,6.1086525E-4,-6.1086525E-4,TONIC,3471c5a72fcd
1777347583758,7425952046326,0.8834604,0.28491,9.91439,-6.1086525E-4,0.0,6.1086525E-4,TONIC,3471c5a72fcd
1777347583766,7425960039627,0.89303726,0.2777274,9.907207,6.1086525E-4,0.0,6.1086525E-4,TONIC,3471c5a72fcd
1777347583774,7425968036543,0.8810662,0.2681506,9.92636,-0.0012217305,0.0,0.0012217305,TONIC,3471c5a72fcd
1777347583782,7425976030305,0.91697925,0.2681506,9.91439,6.1086525E-4,-0.0012217305,0.0,TONIC,3471c5a72fcd
1777347583790,7425984025761,0.89543146,0.272939,9.916783,0.0,0.0018325958,0.0,TONIC,3471c5a72fcd
1777347583798,7425992021677,0.90261406,0.260968,9.909601,0.0012217305,6.1086525E-4,-6.1086525E-4,TONIC,3471c5a72fcd
1777347583806,7426000018054,0.89782566,0.29448682,9.916783,-0.0012217305,-0.0018325958,6.1086525E-4,TONIC,3471c5a72fcd
1777347583814,7426008043278,0.90021986,0.2801216,9.911995,-6.1086525E-4,0.0012217305,6.1086525E-4,TONIC,3471c5a72fcd
1777347583822,7426016039579,0.8882488,0.29209262,9.921572,-0.0012217305,0.0,-6.1086525E-4,TONIC,3471c5a72fcd
1777347583830,7426024037341,0.89543146,0.272939,9.907207,0.0,6.1086525E-4,-6.1086525E-4,TONIC,3471c5a72fcd
1777347583838,7426032030334,0.90500826,0.2777274,9.892841,0.0,-6.1086525E-4,6.1086525E-4,TONIC,3471c5a72fcd
1777347583846,7426040025635,0.90261406,0.2801216,9.911995,6.1086525E-4,-0.0012217305,0.0012217305,TONIC,3471c5a72fcd
1777347583854,7426048022859,0.90261406,0.2705448,9.916783,-6.1086525E-4,-0.0012217305,0.0012217305,TONIC,3471c5a72fcd
1777347583862,7426056048082,0.90500826,0.28491,9.902418,-6.1086525E-4,6.1086525E-4,6.1086525E-4,TONIC,3471c5a72fcd
1777347583870,7426064043845,0.8834604,0.272939,9.923966,6.1086525E-4,0.0018325958,0.0012217305,TONIC,3471c5a72fcd
1777347583878,7426072039145,0.89064306,0.2753332,9.919178,-0.0012217305,-0.0012217305,-6.1086525E-4,TONIC,3471c5a72fcd
1777347583886,7426080034831,0.89543146,0.2705448,9.909601,-0.0018325958,-6.1086525E-4,-6.1086525E-4,TONIC,3471c5a72fcd
1777347583894,7426088029670,0.90261406,0.2896984,9.892841,0.0018325958,0.0,0.0,TONIC,3471c5a72fcd
1777347583902,7426096025355,0.8882488,0.2801216,9.923966,0.0,0.0018325958,-6.1086525E-4,TONIC,3471c5a72fcd
1777347583910,7426104021041,0.89303726,0.2801216,9.909601,6.1086525E-4,0.0,0.0,TONIC,3471c5a72fcd
1777347583918,7426112049264,0.8834604,0.28491,9.900024,0.0012217305,6.1086525E-4,-0.0012217305,TONIC,3471c5a72fcd
1777347583926,7426120042796,0.8858546,0.272939,9.909601,6.1086525E-4,0.0012217305,-6.1086525E-4,TONIC,3471c5a72fcd
1777347583934,7426128039097,0.8882488,0.272939,9.916783,-0.0012217305,0.0,6.1086525E-4,TONIC,3471c5a72fcd
1777347583942,7426136033936,0.90021986,0.2801216,9.892841,-6.1086525E-4,0.0,6.1086525E-4,TONIC,3471c5a72fcd
1777347583950,7426144030236,0.8738836,0.2681506,9.907207,-0.0018325958,0.0,0.0,TONIC,3471c5a72fcd
1777347583958,7426152028076,0.90261406,0.2801216,9.916783,-0.0018325958,0.0012217305,0.0012217305,TONIC,3471c5a72fcd
1777347583966,7426160021607,0.89303726,0.2801216,9.904813,6.1086525E-4,-6.1086525E-4,-0.0012217305,TONIC,3471c5a72fcd
1777347583974,7426168047062,0.90021986,0.2753332,9.907207,-0.0012217305,0.0,-6.1086525E-4,TONIC,3471c5a72fcd
1777347583982,7426176043132,0.89543146,0.2825158,9.907207,-6.1086525E-4,6.1086525E-4,-0.0012217305,TONIC,3471c5a72fcd
1777347583990,7426184039355,0.89303726,0.2633622,9.907207,0.0,-0.0012217305,0.0,TONIC,3471c5a72fcd
1777347583998,7426192035348,0.89303726,0.2896984,9.890448,0.0012217305,0.0,0.0,TONIC,3471c5a72fcd
1777347584006,7426200029188,0.89543146,0.2777274,9.91439,0.0,-6.1086525E-4,0.0,TONIC,3471c5a72fcd
1777347584014,7426208026411,0.878672,0.2873042,9.900024,-6.1086525E-4,0.0012217305,0.0,TONIC,3471c5a72fcd
1777347584022,7426216019943,0.89064306,0.2896984,9.91439,6.1086525E-4,6.1086525E-4,-6.1086525E-4,TONIC,3471c5a72fcd
1777347584030,7426224047628,0.89303726,0.2896984,9.904813,6.1086525E-4,6.1086525E-4,-6.1086525E-4,TONIC,3471c5a72fcd
1777347584038,7426232041852,0.90261406,0.30166942,9.900024,6.1086525E-4,0.0,-0.0012217305,TONIC,3471c5a72fcd
1777347584046,7426240040307,0.8738836,0.260968,9.916783,-6.1086525E-4,0.0,6.1086525E-4,TONIC,3471c5a72fcd
1777347584054,7426248034993,0.89303726,0.2777274,9.911995,-0.0036651916,-0.002443461,6.1086525E-4,TONIC,3471c5a72fcd
1777347584062,7426256031678,0.89303726,0.2633622,9.921572,0.0,0.0,6.1086525E-4,TONIC,3471c5a72fcd
1777347584070,7426264024825,0.8834604,0.2873042,9.902418,-0.0018325958,-0.0012217305,6.1086525E-4,TONIC,3471c5a72fcd
1777347584078,7426272020587,0.89064306,0.2825158,9.91439,6.1086525E-4,0.0012217305,0.0012217305,TONIC,3471c5a72fcd
1777347584086,7426280046426,0.89303726,0.2801216,9.921572,6.1086525E-4,6.1086525E-4,0.0,TONIC,3471c5a72fcd
1777347584094,7426288042035,0.89543146,0.2825158,9.91439,-6.1086525E-4,0.0,-6.1086525E-4,TONIC,3471c5a72fcd
1777347584102,7426296039259,0.89543146,0.2777274,9.916783,-6.1086525E-4,0.0,6.1086525E-4,TONIC,3471c5a72fcd
1777347584110,7426304035867,0.8882488,0.2681506,9.904813,6.1086525E-4,0.0,0.0012217305,TONIC,3471c5a72fcd
1777347584118,7426312029706,0.89064306,0.2777274,9.911995,-6.1086525E-4,-0.0012217305,0.0,TONIC,3471c5a72fcd
1777347584126,7426320026007,0.8882488,0.2777274,9.911995,6.1086525E-4,6.1086525E-4,0.0,TONIC,3471c5a72fcd
1777347584134,7426328020846,0.8882488,0.25617957,9.900024,-0.0012217305,6.1086525E-4,-6.1086525E-4,TONIC,3471c5a72fcd
1777347584142,7426336047224,0.89782566,0.2801216,9.916783,0.0,6.1086525E-4,0.0,TONIC,3471c5a72fcd
1777347584150,7426344042371,0.90500826,0.2801216,9.904813,6.1086525E-4,0.0,0.0,TONIC,3471c5a72fcd
1777347584158,7426352038594,0.90261406,0.25857377,9.931149,-6.1086525E-4,0.0,6.1086525E-4,TONIC,3471c5a72fcd
1777347584166,7426360034049,0.91697925,0.2801216,9.916783,-6.1086525E-4,-0.0012217305,6.1086525E-4,TONIC,3471c5a72fcd
1777347584174,7426368030273,0.89782566,0.2753332,9.902418,-6.1086525E-4,0.0012217305,-6.1086525E-4,TONIC,3471c5a72fcd
1777347584182,7426376025343,0.89543146,0.28491,9.911995,6.1086525E-4,6.1086525E-4,0.0,TONIC,3471c5a72fcd
1777347584190,7426384020720,0.89064306,0.28491,9.907207,0.0,-0.0012217305,-6.1086525E-4,TONIC,3471c5a72fcd
1777347584198,7426392047559,0.8762778,0.2657564,9.902418,-0.0018325958,0.0012217305,0.0012217305,TONIC,3471c5a72fcd
1777347584206,7426400041399,0.91458505,0.2801216,9.909601,6.1086525E-4,6.1086525E-4,0.0,TONIC,3471c5a72fcd
1777347584214,7426408037699,0.89782566,0.2705448,9.902418,-0.0012217305,0.0,0.0,TONIC,3471c5a72fcd
1777347584222,7426416033385,0.90021986,0.260968,9.909601,-6.1086525E-4,6.1086525E-4,-6.1086525E-4,TONIC,3471c5a72fcd
1777347584230,7426424029301,0.90500826,0.2657564,9.919178,0.0,0.0012217305,6.1086525E-4,TONIC,3471c5a72fcd
1777347584238,7426432025602,0.8834604,0.25857377,9.919178,6.1086525E-4,0.0,-0.0012217305,TONIC,3471c5a72fcd
1777347584246,7426440020748,0.8810662,0.2801216,9.909601,6.1086525E-4,6.1086525E-4,6.1086525E-4,TONIC,3471c5a72fcd
1777347584254,7426448046588,0.89782566,0.2896984,9.895236,0.0012217305,6.1086525E-4,6.1086525E-4,TONIC,3471c5a72fcd
1777347584262,7426456042581,0.90021986,0.2801216,9.902418,-0.0012217305,0.0,0.0,TONIC,3471c5a72fcd
1777347584270,7426464036112,0.89543146,0.2825158,9.911995,0.0012217305,6.1086525E-4,0.0,TONIC,3471c5a72fcd
1777347584278,7426472031490,0.90979666,0.272939,9.907207,6.1086525E-4,0.0012217305,0.0012217305,TONIC,3471c5a72fcd
1777347584286,7426480028713,0.8858546,0.2753332,9.902418,-6.1086525E-4,-0.0018325958,0.0,TONIC,3471c5a72fcd
1777347584294,7426488025553,0.8762778,0.29209262,9.916783,0.0,0.0018325958,0.0018325958,TONIC,3471c5a72fcd
1777347584302,7426496020392,0.8810662,0.2705448,9.911995,0.0,0.0012217305,0.0018325958,TONIC,3471c5a72fcd
1777347584310,7426504046769,0.90500826,0.2633622,9.911995,0.0012217305,0.0018325958,-0.0012217305,TONIC,3471c5a72fcd
1777347584318,7426512041533,0.89782566,0.25378537,9.902418,0.0,0.0012217305,6.1086525E-4,TONIC,3471c5a72fcd
1777347584326,7426520037910,0.89303726,0.2753332,9.902418,0.0,6.1086525E-4,0.0012217305,TONIC,3471c5a72fcd
1777347584334,7426528032673,0.89782566,0.28491,9.911995,0.0,6.1086525E-4,6.1086525E-4,TONIC,3471c5a72fcd
1777347584342,7426536028666,0.8834604,0.2873042,9.900024,6.1086525E-4,-6.1086525E-4,0.0,TONIC,3471c5a72fcd
1777347584350,7426544023428,0.89303726,0.2657564,9.902418,0.0,-0.0012217305,0.002443461,TONIC,3471c5a72fcd
1777347584358,7426552048575,0.8858546,0.2801216,9.890448,0.0,0.0018325958,-0.0012217305,TONIC,3471c5a72fcd
1777347584366,7426560045491,0.89782566,0.2753332,9.904813,6.1086525E-4,6.1086525E-4,-6.1086525E-4,TONIC,3471c5a72fcd
1777347584374,7426568042099,0.89543146,0.28491,9.91439,0.0012217305,0.0012217305,6.1086525E-4,TONIC,3471c5a72fcd
1777347584382,7426576037785,0.89543146,0.2705448,9.911995,6.1086525E-4,6.1086525E-4,0.0,TONIC,3471c5a72fcd
1777347584390,7426584033854,0.8882488,0.272939,9.904813,0.0,-6.1086525E-4,6.1086525E-4,TONIC,3471c5a72fcd
1777347584398,7426592027386,0.89064306,0.2801216,9.921572,0.0018325958,6.1086525E-4,-0.0012217305,TONIC,3471c5a72fcd
1777347584406,7426600024533,0.89303726,0.2753332,9.909601,6.1086525E-4,6.1086525E-4,0.0,TONIC,3471c5a72fcd
1777347584414,7426608050141,0.8882488,0.2705448,9.916783,0.0012217305,0.0,0.0,TONIC,3471c5a72fcd
1777347584422,7426616046057,0.8882488,0.2777274,9.911995,0.0,6.1086525E-4,0.0,TONIC,3471c5a72fcd
1777347584430,7426624041512,0.90261406,0.2705448,9.919178,0.0,6.1086525E-4,6.1086525E-4,TONIC,3471c5a72fcd
1777347584438,7426632037505,0.90261406,0.28491,9.909601,0.0,0.0,6.1086525E-4,TONIC,3471c5a72fcd
1777347584446,7426640031959,0.89303726,0.2801216,9.919178,0.0012217305,-6.1086525E-4,6.1086525E-4,TONIC,3471c5a72fcd
1777347584454,7426648029414,0.89782566,0.29209262,9.895236,0.0,0.0018325958,6.1086525E-4,TONIC,3471c5a72fcd
1777347584462,7426656023638,0.90500826,0.2705448,9.921572,6.1086525E-4,-6.1086525E-4,-0.0012217305,TONIC,3471c5a72fcd
1777347584470,7426664018323,0.89543146,0.272939,9.900024,-6.1086525E-4,0.0,0.0,TONIC,3471c5a72fcd
1777347584478,7426672045085,0.89064306,0.2825158,9.911995,0.0,-0.0012217305,-6.1086525E-4,TONIC,3471c5a72fcd
1777347584486,7426680040155,0.90021986,0.2681506,9.907207,-6.1086525E-4,0.0,-6.1086525E-4,TONIC,3471c5a72fcd
1777347584494,7426688036456,0.8834604,0.2753332,9.909601,6.1086525E-4,0.0,0.0,TONIC,3471c5a72fcd
1777347584502,7426696029680,0.8834604,0.29209262,9.909601,0.0,6.1086525E-4,6.1086525E-4,TONIC,3471c5a72fcd
1777347584510,7426704027288,0.89543146,0.2777274,9.911995,-6.1086525E-4,0.0,0.0,TONIC,3471c5a72fcd
1777347584518,7426712023897,0.89782566,0.28491,9.909601,0.0018325958,6.1086525E-4,6.1086525E-4,TONIC,3471c5a72fcd
1777347584526,7426720019274,0.89303726,0.272939,9.91439,0.0012217305,0.002443461,-0.0012217305,TONIC,3471c5a72fcd
1777347584534,7426728045729,0.8834604,0.2753332,9.907207,-0.0012217305,-6.1086525E-4,-6.1086525E-4,TONIC,3471c5a72fcd
1777347584542,7426736039799,0.8882488,0.2633622,9.919178,-6.1086525E-4,6.1086525E-4,0.0,TONIC,3471c5a72fcd
1777347584550,7426744035792,0.878672,0.2753332,9.91439,-0.0012217305,0.0012217305,-0.0012217305,TONIC,3471c5a72fcd
1777347584558,7426752031169,0.90261406,0.28491,9.895236,-0.0012217305,0.0012217305,0.0018325958,TONIC,3471c5a72fcd
1777347584566,7426760025701,0.8882488,0.2777274,9.92636,0.0018325958,0.0012217305,6.1086525E-4,TONIC,3471c5a72fcd
1777347584574,7426768022233,0.90021986,0.2681506,9.907207,0.0,0.0,-0.0012217305,TONIC,3471c5a72fcd
1777347584582,7426776048996,0.89303726,0.2753332,9.902418,-6.1086525E-4,0.0,-0.002443461,TONIC,3471c5a72fcd
1777347584590,7426784042604,0.878672,0.2681506,9.900024,0.0,0.0,-6.1086525E-4,TONIC,3471c5a72fcd
1777347584598,7426792039520,0.89543146,0.2705448,9.916783,0.0012217305,6.1086525E-4,0.0012217305,TONIC,3471c5a72fcd
1777347584606,7426800037282,0.89064306,0.25378537,9.91439,0.0,6.1086525E-4,0.0,TONIC,3471c5a72fcd
1777347584614,7426808031429,0.89782566,0.2705448,9.900024,6.1086525E-4,-6.1086525E-4,0.0,TONIC,3471c5a72fcd
1777347584622,7426816027730,0.8858546,0.2705448,9.907207,6.1086525E-4,0.0,-6.1086525E-4,TONIC,3471c5a72fcd
1777347584630,7426824021877,0.89543146,0.260968,9.909601,-0.0012217305,-6.1086525E-4,-0.0012217305,TONIC,3471c5a72fcd
1777347584638,7426832018793,0.8882488,0.2777274,9.900024,-6.1086525E-4,0.0018325958,-6.1086525E-4,TONIC,3471c5a72fcd
1777347584646,7426840045017,0.878672,0.2777274,9.904813,0.0012217305,0.0012217305,6.1086525E-4,TONIC,3471c5a72fcd
1777347584654,7426848040087,0.8762778,0.2801216,9.902418,-0.0012217305,0.002443461,-6.1086525E-4,TONIC,3471c5a72fcd
1777347584662,7426856033849,0.90021986,0.2801216,9.892841,0.0,-6.1086525E-4,6.1086525E-4,TONIC,3471c5a72fcd
1777347584670,7426864029919,0.90021986,0.2825158,9.904813,-0.0018325958,6.1086525E-4,-0.0012217305,TONIC,3471c5a72fcd
1777347584678,7426872027450,0.89303726,0.29209262,9.91439,-6.1086525E-4,-0.0012217305,6.1086525E-4,TONIC,3471c5a72fcd
1777347584686,7426880023366,0.8882488,0.2801216,9.911995,0.0012217305,0.0012217305,6.1086525E-4,TONIC,3471c5a72fcd
1777347584694,7426888048898,0.8882488,0.272939,9.909601,6.1086525E-4,-6.1086525E-4,0.0,TONIC,3471c5a72fcd
1777347584702,7426896043968,0.90500826,0.2705448,9.921572,6.1086525E-4,6.1086525E-4,0.0012217305,TONIC,3471c5a72fcd
1777347584710,7426904040576,0.90979666,0.2753332,9.902418,-0.0012217305,0.0,6.1086525E-4,TONIC,3471c5a72fcd
1777347584718,7426912036262,0.8810662,0.2753332,9.916783,6.1086525E-4,0.0,6.1086525E-4,TONIC,3471c5a72fcd
1777347584726,7426920031024,0.89782566,0.2825158,9.92636,6.1086525E-4,6.1086525E-4,6.1086525E-4,TONIC,3471c5a72fcd
1777347584734,7426928027017,0.90021986,0.2825158,9.911995,-6.1086525E-4,0.0012217305,6.1086525E-4,TONIC,3471c5a72fcd
1777347584742,7426936021241,0.89303726,0.2753332,9.919178,-0.0018325958,-6.1086525E-4,-0.0012217305,TONIC,3471c5a72fcd
1777347584750,7426944049772,0.89782566,0.272939,9.907207,6.1086525E-4,0.0,0.0,TONIC,3471c5a72fcd
1777347584758,7426952044611,0.90021986,0.2753332,9.921572,0.0,-6.1086525E-4,0.0,TONIC,3471c5a72fcd
1777347584766,7426960039374,0.8834604,0.2801216,9.900024,-0.0012217305,0.0,6.1086525E-4,TONIC,3471c5a72fcd
1777347584774,7426968034982,0.89543146,0.28491,9.900024,-6.1086525E-4,0.0012217305,0.0012217305,TONIC,3471c5a72fcd
1777347584782,7426976030744,0.89543146,0.2777274,9.911995,0.0,-0.0012217305,0.0012217305,TONIC,3471c5a72fcd
1777347584790,7426984026660,0.8834604,0.2705448,9.89763,6.1086525E-4,0.0,0.0012217305,TONIC,3471c5a72fcd
1777347584798,7426992021499,0.90500826,0.2825158,9.904813,6.1086525E-4,0.0012217305,0.0,TONIC,3471c5a72fcd
1777347584806,7427000048492,0.90021986,0.2753332,9.883265,-0.0018325958,-0.0018325958,0.0018325958,TONIC,3471c5a72fcd
1777347584814,7427008043639,0.8858546,0.2681506,9.907207,0.0,6.1086525E-4,-6.1086525E-4,TONIC,3471c5a72fcd
1777347584822,7427016039632,0.89303726,0.2753332,9.892841,0.0012217305,0.0012217305,6.1086525E-4,TONIC,3471c5a72fcd
1777347584830,7427024035856,0.90979666,0.272939,9.902418,-6.1086525E-4,6.1086525E-4,6.1086525E-4,TONIC,3471c5a72fcd
1777347584838,7427032030004,0.8834604,0.2681506,9.904813,0.0012217305,6.1086525E-4,0.0,TONIC,3471c5a72fcd
1777347584846,7427040024536,0.8882488,0.2657564,9.911995,0.0,-0.0012217305,0.0,TONIC,3471c5a72fcd
1777347584854,7427048021452,0.8858546,0.2825158,9.892841,0.0018325958,0.0030543262,-0.0012217305,TONIC,3471c5a72fcd
1777347584862,7427056015522,0.89064306,0.2657564,9.907207,0.0,-0.0012217305,6.1086525E-4,TONIC,3471c5a72fcd
1777347584870,7427064044207,0.89782566,0.2873042,9.892841,0.0,0.0,-0.0012217305,TONIC,3471c5a72fcd
1777347584878,7427072039200,0.89064306,0.2801216,9.89763,0.0,-6.1086525E-4,-0.0012217305,TONIC,3471c5a72fcd
1777347584886,7427080034885,0.89064306,0.2681506,9.907207,0.0012217305,0.0012217305,0.0,TONIC,3471c5a72fcd
1777347584894,7427088029724,0.90500826,0.2753332,9.89763,6.1086525E-4,6.1086525E-4,-0.0012217305,TONIC,3471c5a72fcd
1777347584902,7427096025102,0.90740246,0.2825158,9.892841,-0.0012217305,6.1086525E-4,0.0018325958,TONIC,3471c5a72fcd
1777347584910,7427104022326,0.90021986,0.2873042,9.890448,-0.0030543262,0.0,0.0,TONIC,3471c5a72fcd
1777347584918,7427112047550,0.89543146,0.28491,9.890448,6.1086525E-4,0.0,-6.1086525E-4,TONIC,3471c5a72fcd
1777347584926,7427120043466,0.878672,0.2753332,9.888053,6.1086525E-4,0.0012217305,-0.0012217305,TONIC,3471c5a72fcd
1777347584934,7427128036997,0.8762778,0.2777274,9.900024,6.1086525E-4,0.0,0.0,TONIC,3471c5a72fcd
1777347584942,7427136034298,0.89543146,0.2753332,9.900024,6.1086525E-4,0.0012217305,0.0012217305,TONIC,3471c5a72fcd
1777347584950,7427144029906,0.89064306,0.2825158,9.89763,0.0,6.1086525E-4,0.0,TONIC,3471c5a72fcd
1777347584958,7427152025053,0.8738836,0.2825158,9.904813,0.0012217305,-6.1086525E-4,-0.0012217305,TONIC,3471c5a72fcd
1777347584966,7427160020738,0.89782566,0.28491,9.892841,-6.1086525E-4,0.0012217305,6.1086525E-4,TONIC,3471c5a72fcd
1777347584974,7427168046885,0.8834604,0.29688102,9.890448,-0.0012217305,0.0,-0.0012217305,TONIC,3471c5a72fcd
1777347584982,7427176040417,0.8882488,0.2705448,9.895236,-6.1086525E-4,0.0,-6.1086525E-4,TONIC,3471c5a72fcd
1777347584990,7427184038487,0.8834604,0.2777274,9.888053,-0.0012217305,-0.0012217305,0.0,TONIC,3471c5a72fcd
1777347584998,7427192035787,0.89543146,0.272939,9.895236,6.1086525E-4,-0.0018325958,0.0,TONIC,3471c5a72fcd
1777347585006,7427200029627,0.90021986,0.2801216,9.890448,-0.0012217305,6.1086525E-4,-0.0012217305,TONIC,3471c5a72fcd
1777347585014,7427208025312,0.878672,0.28491,9.895236,6.1086525E-4,-0.0018325958,6.1086525E-4,TONIC,3471c5a72fcd
1777347585022,7427216020305,0.878672,0.2801216,9.890448,0.0018325958,0.0030543262,0.0,TONIC,3471c5a72fcd
1777347585030,7427224017913,0.89303726,0.2825158,9.902418,0.0,-6.1086525E-4,6.1086525E-4,TONIC,3471c5a72fcd
1777347585038,7427232043445,0.89303726,0.2896984,9.890448,-6.1086525E-4,0.0012217305,6.1086525E-4,TONIC,3471c5a72fcd
1777347585046,7427240038207,0.878672,0.2753332,9.911995,-6.1086525E-4,-6.1086525E-4,-6.1086525E-4,TONIC,3471c5a72fcd
1777347585054,7427248033200,0.89303726,0.2753332,9.890448,6.1086525E-4,6.1086525E-4,0.0,TONIC,3471c5a72fcd
1777347585062,7427256029270,0.91697925,0.2681506,9.878476,-0.0018325958,0.0012217305,6.1086525E-4,TONIC,3471c5a72fcd
1777347585070,7427264026417,0.8858546,0.29209262,9.892841,6.1086525E-4,6.1086525E-4,-6.1086525E-4,TONIC,3471c5a72fcd
1777347585078,7427272019025,0.89782566,0.29448682,9.909601,6.1086525E-4,0.0,6.1086525E-4,TONIC,3471c5a72fcd
1777347585086,7427280047634,0.89064306,0.2705448,9.885659,-6.1086525E-4,0.0012217305,0.0012217305,TONIC,3471c5a72fcd
1777347585094,7427288042397,0.8762778,0.28491,9.871294,-0.0018325958,6.1086525E-4,-6.1086525E-4,TONIC,3471c5a72fcd
1777347585102,7427296035928,0.89064306,0.2777274,9.900024,6.1086525E-4,-0.0018325958,0.0,TONIC,3471c5a72fcd
1777347585110,7427304032845,0.90979666,0.2896984,9.902418,0.0,-6.1086525E-4,0.0,TONIC,3471c5a72fcd
1777347585118,7427312028915,0.8714894,0.2657564,9.892841,0.0,6.1086525E-4,6.1086525E-4,TONIC,3471c5a72fcd
1777347585126,7427320022754,0.8858546,0.2825158,9.895236,-6.1086525E-4,-0.0012217305,-6.1086525E-4,TONIC,3471c5a72fcd
1777347585134,7427328020285,0.89543146,0.2873042,9.89763,-6.1086525E-4,-0.0018325958,-6.1086525E-4,TONIC,3471c5a72fcd
1777347585142,7427336046355,0.8882488,0.2825158,9.89763,-6.1086525E-4,0.0,-6.1086525E-4,TONIC,3471c5a72fcd
1777347585150,7427344041425,0.8882488,0.2777274,9.888053,6.1086525E-4,0.0,-6.1086525E-4,TONIC,3471c5a72fcd
1777347585158,7427352038649,0.878672,0.2657564,9.895236,-6.1086525E-4,6.1086525E-4,0.0,TONIC,3471c5a72fcd
1777347585166,7427360032488,0.89543146,0.272939,9.885659,6.1086525E-4,-6.1086525E-4,0.0,TONIC,3471c5a72fcd
1777347585174,7427368029404,0.8810662,0.2705448,9.890448,0.0,-6.1086525E-4,0.0,TONIC,3471c5a72fcd
1777347585182,7427376022628,0.8858546,0.2753332,9.907207,-0.0012217305,0.0,6.1086525E-4,TONIC,3471c5a72fcd
1777347585190,7427384020775,0.90021986,0.29688102,9.902418,0.0,0.0018325958,0.0,TONIC,3471c5a72fcd
1777347585198,7427392046306,0.878672,0.2705448,9.892841,0.0,6.1086525E-4,6.1086525E-4,TONIC,3471c5a72fcd
1777347585206,7427400039838,0.8858546,0.2705448,9.89763,0.0,6.1086525E-4,0.0,TONIC,3471c5a72fcd
1777347585214,7427408037677,0.8834604,0.272939,9.907207,6.1086525E-4,0.0,6.1086525E-4,TONIC,3471c5a72fcd
1777347585222,7427416032747,0.89782566,0.2753332,9.902418,-0.0018325958,-0.0012217305,-6.1086525E-4,TONIC,3471c5a72fcd
1777347585230,7427424029971,0.89064306,0.272939,9.902418,-0.0012217305,0.0,-6.1086525E-4,TONIC,3471c5a72fcd
# SUMMARY,duration_ms=13972,accN=1742,gyroN=1742,accAvg=(0.893279133892771,0.27746076358377453,9.904063521515488),gyroAvg=(-1.5674900473656837E-4,3.145500174461598E-4,2.2688278825215815E-4)
