epoch_ms,event_ts_ns,AX,AY,AZ,GX,GY,GZ,label,sessionID
1775841391943,94403104134008,1.376666,1.1683705,9.507375,-0.008552114,-0.018325957,0.02687807,JERKING,f77aab4d35fa
1775841391964,94403124153539,1.3910311,1.1923125,9.519346,0.41416663,0.08552113,0.013439035,JERKING,f77aab4d35fa
1775841391989,94403144173071,1.5131354,1.0893618,9.560047,-0.5644395,-0.030543262,-0.012217305,JERKING,f77aab4d35fa
1775841392018,94403164223119,1.496376,1.1827357,9.509769,-0.007330383,-0.013439035,-0.0012217305,JERKING,f77aab4d35fa
1775841392023,94403184242651,1.5825673,1.2593501,9.512163,0.02687807,-0.0061086523,-0.0036651916,JERKING,f77aab4d35fa
1775841392047,94403204262182,1.5442601,1.1420342,9.526528,0.009773844,0.009773844,-0.004886922,JERKING,f77aab4d35fa
1775841392063,94403224281713,1.448492,1.0845734,9.533711,0.013439035,0.010995574,-0.004886922,JERKING,f77aab4d35fa
1775841392083,94403244301244,1.460463,1.2042835,9.507375,0.037873644,0.004886922,-0.0036651916,JERKING,f77aab4d35fa
1775841392107,94403264351293,1.4149733,1.3096284,9.524135,0.047647487,0.002443461,-0.0061086523,JERKING,f77aab4d35fa
1775841392123,94403284370824,1.460463,1.2545617,9.533711,0.029321533,0.004886922,-0.007330383,JERKING,f77aab4d35fa
1775841392143,94403304390356,1.3910311,1.2210429,9.488221,0.017104227,-0.0012217305,-0.009773844,JERKING,f77aab4d35fa
1775841392167,94403324409887,1.4293385,1.2354081,9.509769,0.02565634,-0.009773844,-0.009773844,JERKING,f77aab4d35fa
1775841392190,94403344459936,1.4700398,1.2449849,9.514558,0.02687807,-0.009773844,-0.013439035,JERKING,f77aab4d35fa
1775841392202,94403364379467,1.4508862,1.2258313,9.483433,0.019547688,-0.004886922,-0.019547688,JERKING,f77aab4d35fa
1775841392223,94403384368481,1.5035586,1.1372458,9.497798,0.02443461,-0.0012217305,-0.021991149,JERKING,f77aab4d35fa
1775841392244,94403404388012,1.4748282,1.2521675,9.509769,0.04886922,0.002443461,-0.019547688,JERKING,f77aab4d35fa
1775841392290,94403424407543,1.4508862,1.2952632,9.555259,0.05009095,0.0012217305,-0.019547688,JERKING,f77aab4d35fa
1775841392293,94403444427074,1.5131354,1.3072342,9.514558,0.03176499,0.0012217305,-0.018325957,JERKING,f77aab4d35fa
1775841392308,94403464446606,1.3934253,1.352724,9.5385,0.018325957,0.0061086523,-0.019547688,JERKING,f77aab4d35fa
1775841392325,94403484496654,1.4820108,1.2665327,9.478644,0.013439035,0.009773844,-0.02565634,JERKING,f77aab4d35fa
1775841392347,94403504516186,1.4197617,1.3000516,9.481039,0.009773844,0.013439035,-0.035430185,JERKING,f77aab4d35fa
1775841392367,94403524505199,1.4987702,1.3670892,9.524135,0.0,0.010995574,-0.039095376,JERKING,f77aab4d35fa
1775841392388,94403544524731,1.5466543,1.3024458,9.5385,-0.021991149,0.013439035,-0.04153884,JERKING,f77aab4d35fa
1775841392405,94403564544262,1.661576,1.3838485,9.813833,-0.028099801,0.029321533,-0.04886922,JERKING,f77aab4d35fa
1775841392429,94403584563793,1.9871874,1.9177556,9.696517,-0.06841691,0.062308256,-0.08552113,JERKING,f77aab4d35fa
1775841392444,94403604552807,2.006341,3.4524388,9.667787,-0.28221974,0.14172074,-0.1600467,JERKING,f77aab4d35fa
1775841392464,94403624602856,2.6743233,3.1842883,10.029311,-0.9505063,0.23090707,-0.18570304,JERKING,f77aab4d35fa
1775841392494,94403644622387,3.074155,3.5170822,9.878476,-1.7470746,0.44348818,-0.25778514,JERKING,f77aab4d35fa
1775841392503,94403664641918,3.4524388,2.5617957,9.725247,-2.8906143,0.6780604,-0.22479841,JERKING,f77aab4d35fa
1775841392528,94403684661449,4.2185836,2.0374656,9.155427,-3.7189476,0.82344633,-0.43982297,JERKING,f77aab4d35fa
1775841392544,94403704711498,5.0781016,-0.02633622,9.967062,-3.9999456,0.6585127,-0.75869465,JERKING,f77aab4d35fa
1775841392576,94403724731029,3.5793316,-1.3814543,10.168175,-2.6621506,1.3158038,-1.2412782,JERKING,f77aab4d35fa
1775841392583,94403744750561,0.6991069,-0.4429273,9.974244,-0.16371189,1.8472565,-1.6530013,JERKING,f77aab4d35fa
1775841392610,94403764770092,-0.44771573,1.6591818,8.825027,0.87598073,1.5577064,-2.0561724,JERKING,f77aab4d35fa
1775841392623,94403784789623,-0.6440403,1.982399,7.359776,0.41538838,1.2095132,-2.452013,JERKING,f77aab4d35fa
1775841392658,94403804839672,-1.2593501,0.33518824,6.691794,-0.9101892,0.97249746,-2.4813347,JERKING,f77aab4d35fa
1775841392671,94403824889721,-1.5586253,-1.0007763,6.5361705,-1.7666223,0.68661255,-2.6816983,JERKING,f77aab4d35fa
1775841392704,94403844909252,-1.9081788,0.16280572,5.1547165,-1.2522738,0.41538838,-3.1703906,JERKING,f77aab4d35fa
1775841392710,94403864959301,-2.9831753,4.31914,0.81881696,0.45570546,0.0036651916,-3.9535198,JERKING,f77aab4d35fa
1775841392724,94403884978832,-5.571307,9.713276,-7.699753,1.2461652,-0.79045963,-4.465425,JERKING,f77aab4d35fa
1775841392746,94403904998363,-11.6190605,17.776947,-12.10269,1.237613,-2.371379,-6.1269784,JERKING,f77aab4d35fa
1775841392765,94403925017895,5.149928,11.164163,4.8267107,0.26633725,-8.068308,-7.0774846,JERKING,f77aab4d35fa
1775841392802,94403945006908,16.359581,5.741296,-4.0462008,-0.32742378,-11.988841,-8.842885,JERKING,f77aab4d35fa
1775841392807,94403965026440,51.43224,7.7907324,2.8921957,1.5564847,-12.813509,-11.052996,JERKING,f77aab4d35fa
1775841392830,94403985015453,58.576538,-20.33156,26.053703,7.475769,-8.725599,-9.544159,JERKING,f77aab4d35fa
1775841392844,94404005004467,7.4148426,-9.0237465,3.466804,-4.318817,2.1526892,-1.9547688,JERKING,f77aab4d35fa
1775841392865,94404024993481,-5.257667,-14.7794075,22.440853,-14.157413,4.221079,3.0616567,JERKING,f77aab4d35fa
1775841392900,94404045043529,10.584765,-25.426422,8.176199,-3.4489453,0.36651915,2.8722885,JERKING,f77aab4d35fa
1775841392905,94404065063061,13.467384,0.21068975,3.6176388,9.50262,-2.5375342,2.5411994,JERKING,f77aab4d35fa
1775841392937,94404085082592,22.692244,10.651803,3.3925838,7.3511524,-1.4343116,2.149024,JERKING,f77aab4d35fa
1775841392945,94404105102123,9.040505,6.6750345,7.3789296,1.0836749,2.7537806,1.1252137,JERKING,f77aab4d35fa
1775841392965,94404125121654,1.1348516,1.0510546,7.347805,-2.605951,3.4917057,1.6029104,JERKING,f77aab4d35fa
1775841392985,94404145110668,1.3575124,-1.079785,7.4244194,-3.522249,1.9107865,1.4501941,JERKING,f77aab4d35fa
1775841393007,94404165160717,5.777209,-1.3718776,6.0836663,-3.209486,0.39095375,1.3793337,JERKING,f77aab4d35fa
1775841393026,94404185149731,7.711724,-1.9369092,6.0836663,-2.6401596,0.55833083,1.3243558,JERKING,f77aab4d35fa
1775841393054,94404205138744,7.144298,-2.813187,6.979098,-1.9657644,1.1264355,1.2547172,JERKING,f77aab4d35fa
1775841393067,94404225188793,6.1890116,-3.0693667,6.95755,-1.328021,1.2119566,1.2681563,JERKING,f77aab4d35fa
1775841393090,94404245208324,5.6982,-2.705448,7.4028716,-1.2669345,1.1704178,1.3158038,JERKING,f77aab4d35fa
1775841393108,94404265227856,5.827487,-2.087744,7.5225816,-1.6603317,1.142318,1.4025466,JERKING,f77aab4d35fa
1775841393123,94404285247387,6.4404025,-2.5091233,7.4028716,-1.9596558,0.9859365,1.5552629,JERKING,f77aab4d35fa
1775841393148,94404305236401,6.6726403,-3.7972038,7.503428,-1.8912388,0.96761054,1.6749926,JERKING,f77aab4d35fa
1775841393167,94404325286449,6.4164605,-4.2185836,7.6135616,-1.645671,1.0115929,1.7067575,JERKING,f77aab4d35fa
1775841393192,94404345275463,4.9799395,-3.8426938,7.6973586,-0.84299403,1.047023,1.6749926,JERKING,f77aab4d35fa
1775841393205,94404365294994,3.6391866,-3.0334535,7.675811,-0.18936823,0.9627236,1.5650368,JERKING,f77aab4d35fa
1775841393235,94404385284008,2.89459,-2.765303,7.422025,-0.07941248,0.84788096,1.4025466,JERKING,f77aab4d35fa
1775841393244,94404405303539,2.4756045,-3.323152,7.469909,-0.31764993,0.70005155,1.1960741,JERKING,f77aab4d35fa
1775841393263,94404425323071,2.8538885,-4.10845,8.0924015,-0.52534413,0.5119051,1.047023,JERKING,f77aab4d35fa
1775841393291,94404445342602,3.2992098,-3.8307228,8.197746,-0.3115413,0.31887165,0.9492846,JERKING,f77aab4d35fa
1775841393309,94404465392651,3.0142999,-3.1483753,7.869741,0.013439035,0.25289822,0.84421575,JERKING,f77aab4d35fa
1775841393326,94404485412182,2.2960393,-3.2273839,7.750031,-0.02443461,0.17837265,0.72692966,JERKING,f77aab4d35fa
1775841393344,94404505401196,1.8243817,-3.4572272,7.967903,0.05131268,0.10751228,0.4972443,JERKING,f77aab4d35fa
1775841393371,94404525420727,1.2330139,-2.8323407,8.209718,0.55955255,0.02687807,0.15760323,JERKING,f77aab4d35fa
1775841393392,94404545440258,0.5650316,-1.721431,7.9702973,0.9602802,-0.052534413,-0.17104226,JERKING,f77aab4d35fa
1775841393403,94404565429272,-0.038307227,-1.3192052,7.6111674,0.78801614,-0.15515977,-0.5216789,JERKING,f77aab4d35fa
1775841393432,94404585448803,0.1340753,-0.33758244,8.255207,0.013439035,-0.40194935,-1.0690142,JERKING,f77aab4d35fa
1775841393444,94404605468334,0.81163436,1.4173675,7.477092,-0.4813618,-0.72204274,-1.7238617,JERKING,f77aab4d35fa
1775841393464,94404625457348,0.35194764,2.7246015,4.7285485,-0.45570546,-0.8368854,-2.3432791,JERKING,f77aab4d35fa
1775841393494,94404645507397,-1.8315643,6.3446345,0.7038953,0.1563815,-0.87109387,-3.435506,JERKING,f77aab4d35fa
1775841393510,94404665526928,-4.5298295,8.307879,2.9592333,1.4269812,-1.2986995,-5.220454,JERKING,f77aab4d35fa
1775841393524,94404685546459,2.3774424,5.451597,12.842498,1.9547688,-3.9315288,-7.316944,JERKING,f77aab4d35fa
1775841393545,94404705565990,28.273129,3.0813377,6.7253127,1.8362609,-8.277225,-8.607091,JERKING,f77aab4d35fa
1775841393565,94404725555004,71.01681,-3.3854012,3.2202013,-0.74281216,-8.487362,-8.23202,JERKING,f77aab4d35fa
1775841393593,94404745574535,13.395558,-36.760574,-13.742718,-12.818397,5.281541,0.766025,JERKING,f77aab4d35fa
1775841393610,94404765594067,-21.179108,-20.037073,23.963564,-10.506883,6.9382076,2.1465805,JERKING,f77aab4d35fa
1775841393626,94404785613598,6.2105594,-13.972561,5.9807158,4.9345694,-1.7886134,5.071403,JERKING,f77aab4d35fa
1775841393652,94404805602612,18.665197,-5.3821654,-3.5242648,11.198381,-3.385415,2.864958,JERKING,f77aab4d35fa
1775841393664,94404825591625,20.582952,6.0980315,2.0805612,8.279668,0.43004912,2.7855456,JERKING,f77aab4d35fa
1775841393691,94404845641674,8.90643,6.2392898,6.2368956,1.4013249,3.57234,2.6108382,JERKING,f77aab4d35fa
1775841393716,94404865661205,3.6104562,0.45489833,6.0525417,-3.8154643,3.3658676,2.6841419,JERKING,f77aab4d35fa
1775841393729,94404885650219,4.292804,-3.2728736,6.679823,-5.856976,1.9730947,2.7635543,JERKING,f77aab4d35fa
1775841393749,94404905730785,5.8322754,-4.3766007,6.0262055,-4.9883256,1.0958922,2.9529226,JERKING,f77aab4d35fa
1775841393764,94404925750317,5.7149596,-3.6583402,6.1626754,-2.7073548,0.956615,2.8576276,JERKING,f77aab4d35fa
1775841393793,94404945769848,5.269638,-3.9097314,6.5122285,-0.8038987,0.97494096,2.724459,JERKING,f77aab4d35fa
1775841393805,94404965789379,4.8506527,-3.4859576,6.8186865,0.5180137,0.9224065,2.485,JERKING,f77aab4d35fa
1775841393836,94404985808910,4.1180267,-2.0015526,7.091625,1.0421361,0.9651671,2.1746802,JERKING,f77aab4d35fa
1775841393896,94405005797924,3.5577838,-0.878672,6.967127,0.49968776,1.0128145,1.8423696,JERKING,f77aab4d35fa
1775841393901,94405025847973,3.4284968,-0.39743748,6.8043213,-0.5888741,0.86620694,1.4746287,JERKING,f77aab4d35fa
1775841393914,94405045867504,3.3375173,-0.842759,6.7971387,-1.359786,0.6536258,1.0946705,JERKING,f77aab4d35fa
1775841393924,94405065887035,2.954445,-2.078167,6.88333,-1.4367551,0.50335294,0.8210029,JERKING,f77aab4d35fa
1775841393927,94405085906567,2.1452048,-2.6982653,6.6630635,-0.893085,0.40439278,0.4813618,JERKING,f77aab4d35fa
1775841393968,94405105926098,1.079785,-2.0446482,6.4380083,-0.10873401,0.2883284,0.057421334,JERKING,f77aab4d35fa
1775841393971,94405125915112,-0.15322891,0.22505496,5.317522,0.6414085,0.22235495,-0.5119051,JERKING,f77aab4d35fa
1775841393996,94405145934643,-2.9831753,5.995081,0.30645782,2.125811,0.3371976,-1.6688838,JERKING,f77aab4d35fa
1775841394008,94405165954174,-9.399636,9.617508,-2.6192567,3.9584067,0.29565877,-3.4807103,JERKING,f77aab4d35fa
1775841394025,94405185973705,-5.695806,7.7572136,9.325416,3.1606169,-2.607173,-5.335297,JERKING,f77aab4d35fa
1775841394044,94405206023754,12.440272,10.84334,14.956578,2.5485299,-7.628485,-8.33831,JERKING,f77aab4d35fa
1775841394064,94405226043285,32.436646,17.985243,-14.765042,0.10995574,-9.064018,-8.96628,JERKING,f77aab4d35fa
1775841394086,94405246032299,54.45851,16.4338,-6.9527617,-2.9859092,-8.481253,-9.202074,JERKING,f77aab4d35fa
1775841394108,94405266082348,43.093235,-75.900986,-25.79513,-14.665653,-0.9663888,-2.3872614,JERKING,f77aab4d35fa
1775841394129,94405286101879,-26.139894,-21.581335,29.625853,-6.251595,10.323623,0.77824235,JERKING,f77aab4d35fa
1775841394150,94405306121410,-0.61291564,-14.255077,1.7405846,4.2491784,-1.7201965,3.9718459,JERKING,f77aab4d35fa
1775841394171,94405326110424,17.597382,-10.488997,-0.009576807,7.5417423,-3.9107592,3.34632,JERKING,f77aab4d35fa
1775841394193,94405346129955,20.717028,3.6990416,3.5194764,5.4269266,-1.1533136,3.1520646,JERKING,f77aab4d35fa
1775841394211,94405366149487,10.429143,2.6839,3.655946,1.6982054,2.058616,2.4459045,JERKING,f77aab4d35fa
1775841394232,94405386169018,1.6089035,-1.5873557,5.2744265,-2.021964,2.928488,2.008525,JERKING,f77aab4d35fa
1775841394254,94405406188549,-1.721431,-4.2999864,5.662287,-3.0897565,1.971873,1.3866642,JERKING,f77aab4d35fa
1775841394274,94405426208080,0.46926352,-4.88896,4.9895163,-1.9596558,0.18203785,1.3219124,JERKING,f77aab4d35fa
1775841394296,94405446227612,3.7948096,-3.8402996,4.307169,-0.2846632,-0.66706485,1.1178834,JERKING,f77aab4d35fa
1775841394314,94405466247143,5.130774,-3.4811692,5.068525,0.5510005,-0.6426302,0.64996064,JERKING,f77aab4d35fa
1775841394335,94405486266674,5.1786585,-3.7062242,5.5737014,0.59864795,-0.44715336,0.19425514,JERKING,f77aab4d35fa
1775841394358,94405506286205,5.1235914,-4.4580035,5.899313,0.25534168,-0.36896262,-0.111177474,JERKING,f77aab4d35fa
1775841394375,94405526336254,5.45878,-4.498705,5.872977,-0.31031954,-0.34574974,-0.24556783,JERKING,f77aab4d35fa
1775841394419,94405546355785,6.0980315,-3.9145198,5.533,-0.7611381,-0.41416663,-0.3481932,JERKING,f77aab4d35fa
1775841394422,94405566375317,7.026982,-3.8474822,5.628768,-1.2168436,-0.41538838,-0.37140608,JERKING,f77aab4d35fa
1775841394442,94405586455883,7.429208,-4.4484267,5.674258,-1.5283848,-0.36285394,-0.22357668,JERKING,f77aab4d35fa
1775841394452,94405606505932,7.311892,-5.1786585,5.9759274,-1.491733,-0.204029,-0.06352998,JERKING,f77aab4d35fa
1775841394678,94405626555981,6.7731967,-5.485116,6.05733,-0.98837996,-0.105068825,0.05009095,JERKING,f77aab4d35fa
1775841394680,94405646606029,6.2105594,-4.795586,5.6527104,-0.40439278,-0.15393804,0.119729586,JERKING,f77aab4d35fa
1775841394682,94405666625561,6.220136,-4.72376,5.674258,-0.16126843,-0.2565634,0.0842994,JERKING,f77aab4d35fa
1775841394684,94405686675610,7.0461354,-6.1076083,6.3182983,-0.04520403,-0.33964106,0.1001819,JERKING,f77aab4d35fa
1775841394686,94405706725658,8.305486,-7.9032598,7.2185183,0.21135938,-0.3408628,0.31887165,JERKING,f77aab4d35fa
1775841394688,94405726775707,8.470686,-7.7428484,7.086837,0.6230826,-0.22357668,0.71593404,JERKING,f77aab4d35fa
1775841394689,94331678453536,3.9671922,-1.1180922,8.916007,0.17592919,0.18448131,0.453262,JERKING,f77aab4d35fa
1775841394691,94405776824535,8.805874,-8.14268,7.7308774,0.17837265,0.23579398,1.8753563,JERKING,f77aab4d35fa
1775841394694,94405796844067,6.775591,-7.086837,7.9391727,0.35918877,0.548557,2.0891593,JERKING,f77aab4d35fa
1775841394696,94405816863598,4.8003745,-6.2512608,7.965509,0.27122417,0.7305948,2.162463,JERKING,f77aab4d35fa
1775841394697,94405836913647,3.0933087,-5.741296,7.668628,0.28710666,0.74281216,2.0024164,JERKING,f77aab4d35fa
1775841394699,94405856933178,1.6112977,-5.207389,7.920019,0.66706485,0.6059783,1.7776178,JERKING,f77aab4d35fa
1775841394715,94405876922192,0.9672575,-4.1802764,7.9272017,1.2767084,0.34574974,1.5039502,JERKING,f77aab4d35fa
1775841394736,94405896972240,1.1611878,-3.25372,7.9152308,1.7751744,0.062308256,1.17897,JERKING,f77aab4d35fa
1775841394758,94405916991772,1.5394717,-2.5881321,7.7213006,1.9193386,-0.105068825,0.7623598,JERKING,f77aab4d35fa
1775841394781,94405936980785,1.5825673,-2.018312,7.228095,1.9046779,-0.15393804,0.28099802,JERKING,f77aab4d35fa
1775841394984,94405957000317,0.9840169,-0.90021986,6.4882865,1.9779817,-0.19425514,-0.2761111,JERKING,f77aab4d35fa
1775841394989,94405977019848,-0.3184288,3.727772,2.8395233,2.3860397,-0.22724187,-1.0897835,JERKING,f77aab4d35fa
1775841394991,94405997039379,-4.560954,13.342886,-7.091625,3.8692205,-0.057421334,-2.7623327,JERKING,f77aab4d35fa
1775841394993,94406017058910,-13.247118,13.208811,8.305486,4.8392744,-0.784351,-5.7348027,JERKING,f77aab4d35fa
1775841394995,94406037078442,6.7612257,8.793902,19.582176,1.4453071,-6.229604,-7.4818773,JERKING,f77aab4d35fa
1775841394997,94406057097973,37.952885,12.777855,-11.9614315,0.79290307,-9.731083,-9.733527,JERKING,f77aab4d35fa
1775841394999,94334028414132,2.705448,0.033518825,9.31105,-0.030543262,-0.0012217305,0.0036651916,JERKING,f77aab4d35fa
1775841395000,94406107116283,-22.215797,-13.184869,23.951593,-6.032905,6.857573,1.7470746,JERKING,f77aab4d35fa
1775841395002,94406127166332,-1.0223241,-4.8817773,3.347094,4.7268753,0.2321288,3.6089919,JERKING,f77aab4d35fa
1775841395004,94406147185863,14.31972,4.1491513,2.6743233,8.757364,-2.5216517,1.4941764,JERKING,f77aab4d35fa
1775841395006,94406167235912,22.263681,10.824186,2.2218192,4.2736135,-1.0238101,1.5613716,JERKING,f77aab4d35fa
1775841395026,94406187255444,10.0748005,0.6823475,4.8099513,-2.5998425,2.271197,1.5515977,JERKING,f77aab4d35fa
1775841395051,94406207274975,5.8705826,-3.217807,5.3366756,-5.341406,2.6951375,1.6249015,JERKING,f77aab4d35fa
1775841395070,94406227294506,2.0757728,-6.030994,7.3310456,-5.189911,2.3310618,1.4465289,JERKING,f77aab4d35fa
1775841395089,94406247314037,3.1603463,-6.907272,7.299921,-2.6303856,0.9957104,1.8753563,JERKING,f77aab4d35fa
1775841395922,94406267333569,6.481104,-4.450821,6.291962,-0.02321288,0.2003638,2.0512855,JERKING,f77aab4d35fa
1775841395984,94406287353100,7.8386164,-2.5617957,5.7245364,0.874759,0.23579398,1.9633209,JERKING,f77aab4d35fa
1775841395987,94406307372631,7.8146744,-1.8818425,6.1746464,0.7318166,0.5656612,1.890017,JERKING,f77aab4d35fa
1775841395989,94406327392162,7.03177,-1.7764976,6.3949127,0.17959438,0.81245077,1.8044959,JERKING,f77aab4d35fa
1775841395993,94406347411694,5.729325,-1.8890251,6.4643445,-0.38362336,0.9663888,1.6603317,JERKING,f77aab4d35fa
1775841395996,94334629061104,2.717419,0.11731588,9.392453,0.052534413,-0.004886922,-0.017104227,JERKING,f77aab4d35fa
1775841396000,94407031493725,3.86903,-5.659893,7.4507556,-3.626096,2.453235,3.1068606,JERKING,f77aab4d35fa
1775841396003,94407050974291,4.3885717,-3.6296098,7.501034,-0.625526,1.6884315,2.8026497,JERKING,f77aab4d35fa
1775841396006,94407071024340,5.9902925,-1.4652514,6.3182983,1.4990633,1.0690142,2.733011,JERKING,f77aab4d35fa
1775841396008,94407091043871,6.4667387,0.49799395,6.172252,1.8826867,1.0800097,2.4459045,JERKING,f77aab4d35fa
1775841396011,94407111063403,5.6120086,2.8179753,6.191406,1.6029104,1.3805555,2.0463986,JERKING,f77aab4d35fa
1775841396015,94407131082934,4.711789,3.4811692,5.8322754,0.816116,1.5674802,1.7421877,JERKING,f77aab4d35fa
1775841396019,94407151132983,4.331111,2.8538885,5.4659624,-0.50823987,1.459968,1.4110987,JERKING,f77aab4d35fa
1775841396023,94407171183031,3.7110126,1.9416976,5.8226986,-1.4660766,1.2486086,1.0580186,JERKING,f77aab4d35fa
1775841396042,94407191202563,2.7988217,0.81881696,6.126762,-1.5968018,0.97005403,0.8344419,JERKING,f77aab4d35fa
1775841396065,94407211222094,1.8124107,0.46447513,5.8203044,-1.0299188,0.6230826,0.657291,JERKING,f77aab4d35fa
1775841396083,94407231241625,0.8858546,1.3120226,5.9639564,-0.12705997,0.2773328,0.32620203,JERKING,f77aab4d35fa
1775841396105,94407251261156,0.2777274,2.171541,6.591237,0.4642576,0.028099801,-0.09285152,JERKING,f77aab4d35fa
1775841396120,94407271311205,-0.6488287,4.1132383,5.391742,0.7049385,-0.25289822,-0.77091193,JERKING,f77aab4d35fa
1775841396141,94407291361254,-2.7724855,9.126697,-1.7286136,1.2449434,-0.52778757,-1.91323,JERKING,f77aab4d35fa
1775841396161,94407311411303,-7.881712,11.085154,-6.3829417,1.4172074,-1.2730432,-3.6248744,JERKING,f77aab4d35fa
1775841396180,94407331430834,1.4652514,7.469909,9.962274,-0.1966986,-5.022534,-5.472131,JERKING,f77aab4d35fa
1775841396200,94407351450365,22.242134,9.993398,16.847998,-0.95905846,-9.497733,-8.053647,JERKING,f77aab4d35fa
1775841396223,94407371500414,32.67367,14.322115,-10.266336,-2.0952678,-8.212472,-9.612576,JERKING,f77aab4d35fa
1775841396245,94407391550463,64.94033,-54.63329,5.1810527,-2.2699752,-6.9968505,-7.2497487,JERKING,f77aab4d35fa
1775841396265,94407411631029,-3.7708676,-22.610842,12.107478,-4.0060544,8.453154,-0.4569272,JERKING,f77aab4d35fa
1775841396286,94407431681078,-10.43872,-11.204864,19.464859,-1.8790215,2.7733283,3.6822958,JERKING,f77aab4d35fa
1775841396306,94407451700610,11.030087,-1.9847932,3.9695864,0.9077458,-2.8686233,2.356718,JERKING,f77aab4d35fa
1775841396327,94407471750658,20.05144,0.19153613,3.8833952,1.6798794,-1.536937,1.205848,JERKING,f77aab4d35fa
1775841396350,94407491800707,12.191275,-0.82599956,3.1771057,0.57543504,1.2547172,1.7886134,JERKING,f77aab4d35fa
1775841396372,94407511820238,3.5649664,-0.9696517,4.7860093,-0.6291912,2.6169467,0.9260717,JERKING,f77aab4d35fa
1775841396390,94407531870287,2.1188686,-1.0271125,4.699818,-1.8228219,1.4049901,0.6976081,JERKING,f77aab4d35fa
1775841396408,94407551950854,4.927267,-2.2098482,4.000711,-2.71102,-0.018325957,0.95172805,JERKING,f77aab4d35fa
1775841396432,94407572000903,6.0716953,-3.052607,3.8977604,-2.8307495,-0.27488935,0.8894198,JERKING,f77aab4d35fa
1775841396448,94407592020434,6.397307,-3.5003228,4.8003745,-2.0928242,-0.2003638,0.63407815,JERKING,f77aab4d35fa
1775841396472,94407612039965,5.2409077,-2.8443117,5.1642933,-0.44104472,-0.09040806,0.4202753,JERKING,f77aab4d35fa
1775841396514,94407632090014,5.825093,-1.7405846,3.775656,0.35308012,-0.47036624,0.39828414,JERKING,f77aab4d35fa
1775841396537,94407652109545,7.0844426,-1.4053963,2.7581203,-0.09285152,-0.766025,0.33108896,JERKING,f77aab4d35fa
1775841396547,94407672159594,7.565677,-1.5298948,2.9903579,-1.0250319,-0.70005155,0.11728613,JERKING,f77aab4d35fa
1775841396554,94407692209643,7.699753,-2.4229321,6.3326635,-1.5833627,-0.6536258,-0.10995574,JERKING,f77aab4d35fa
1775841396569,94407712259692,8.010999,-4.8602295,8.051701,-0.40439278,-0.6096435,-0.16126843,JERKING,f77aab4d35fa
1775841396587,94407732279223,9.593566,-6.555324,9.361329,2.276084,-0.6133087,-0.013439035,JERKING,f77aab4d35fa
1775841396622,94407752298754,9.485827,-5.109226,11.087548,5.2913146,0.13683382,0.015882496,JERKING,f77aab4d35fa
1775841396628,94407772348803,5.494693,0.5386954,13.414712,5.1752505,1.1863003,0.45448375,JERKING,f77aab4d35fa
1775841396645,94407792368334,3.3494883,2.3008277,10.96305,3.1813862,0.86742866,0.48380527,JERKING,f77aab4d35fa
1775841396673,94407812387865,4.984728,3.5362358,7.374141,0.9639453,-0.2406809,0.5644395,JERKING,f77aab4d35fa
1775841396686,94407832407397,6.64391,2.315193,6.155493,-1.6493362,-0.6731735,0.54367006,JERKING,f77aab4d35fa
1775841396707,94407852426928,7.261614,-0.20590134,5.717354,-3.4037411,-0.5571091,0.52412236,JERKING,f77aab4d35fa
1775841396728,94407872476977,7.9583263,-2.813187,5.183447,-3.8582249,-0.30665436,0.267559,JERKING,f77aab4d35fa
1775841396750,94407892496508,8.3629465,-4.1491513,4.685453,-2.9981265,-0.043982297,0.1966986,JERKING,f77aab4d35fa
1775841396783,94407912516039,7.8793178,-4.2999864,5.4420204,-1.319469,0.3005457,0.05131268,JERKING,f77aab4d35fa
1775841396789,94407932566088,7.019799,-3.4261026,6.3925185,-0.46914452,0.5693264,0.08307768,JERKING,f77aab4d35fa
1775841396811,94407952616137,7.2831616,-4.733337,7.1730285,-0.7281514,0.48502702,0.16982053,JERKING,f77aab4d35fa
1775841396834,94407972666186,8.264784,-5.657499,7.1634517,-1.1704178,0.3371976,0.39461896,JERKING,f77aab4d35fa
1775841396848,94407992716235,9.425972,-5.554548,6.4404025,-1.7055358,0.40561453,0.6230826,JERKING,f77aab4d35fa
1775841396868,94408012766283,9.856929,-7.0341644,7.2592196,-1.844813,1.1166617,0.9957104,JERKING,f77aab4d35fa
1775841396887,94408032846850,8.607155,-7.979874,7.347805,-1.3573426,1.7458528,1.5809193,JERKING,f77aab4d35fa
1775841396908,94408052896899,5.7029886,-6.361394,6.64391,-0.12095132,1.78617,1.8521434,JERKING,f77aab4d35fa
1775841396937,94408072946947,5.1379566,-6.9503675,8.295909,0.5204572,1.7055358,2.1380284,JERKING,f77aab4d35fa
1775841396960,94408092996996,4.855441,-6.143522,9.208099,0.548557,1.8106046,2.3787093,JERKING,f77aab4d35fa
1775841396968,94408113077563,4.1036615,-4.5034933,8.520964,0.70371675,1.7873917,2.324953,JERKING,f77aab4d35fa
1775841396990,94408133066576,2.542642,-3.1603463,7.5321584,0.6963864,1.78617,2.0451767,JERKING,f77aab4d35fa
1775841397018,94408153147143,0.44532153,-0.35673606,5.0397944,0.84665924,1.6432275,1.613906,JERKING,f77aab4d35fa
1775841397027,94408173166674,-5.0493712,9.220071,-10.398018,2.4654522,1.8277088,0.25411993,JERKING,f77aab4d35fa
1775841397049,94408193247240,-32.960976,23.791182,-0.20350714,5.252219,2.5583036,-2.5583036,JERKING,f77aab4d35fa
1775841397069,94408213297289,4.534618,11.164163,8.954314,2.5118778,-7.093367,-3.9950588,JERKING,f77aab4d35fa
1775841397107,94408233347338,17.125725,7.4603324,7.979874,-0.7806858,-9.674884,-7.2961745,JERKING,f77aab4d35fa
1775841397114,94408253397387,25.380932,15.260642,-18.674774,-4.2711697,-7.7372193,-8.453154,JERKING,f77aab4d35fa
1775841397127,94408273477953,77.23455,-77.76607,-25.148695,-9.397551,-7.9070396,-6.60101,JERKING,f77aab4d35fa
1775841397152,94408293558520,-12.11466,-29.063215,21.387403,-7.467217,11.481823,1.9523253,JERKING,f77aab4d35fa
1775841397168,94408313608569,-11.142614,-11.439496,9.753978,-1.0800097,1.9168952,3.31822,JERKING,f77aab4d35fa
1775841397188,94408333658617,11.877635,-7.165846,-2.8060043,5.712812,-2.7721064,3.4257324,JERKING,f77aab4d35fa
1775841397209,94408353708666,18.425776,-1.1659763,-2.9496565,7.3108354,-1.7800614,2.180789,JERKING,f77aab4d35fa
1775841397231,94408373758715,13.297397,4.2281604,1.6711528,4.5533895,0.6609562,2.008525,JERKING,f77aab4d35fa
1775841397251,94408393808764,4.6806645,1.4173675,3.0933087,0.9578367,2.3066273,1.3988814,JERKING,f77aab4d35fa
1775841397281,94408413889330,1.5634137,-1.8052281,4.4005427,-1.4135422,1.5552629,1.2534955,JERKING,f77aab4d35fa
1775841397288,94408433939379,3.241749,-3.2848446,4.663905,-1.5845845,0.118507855,1.2449434,JERKING,f77aab4d35fa
1775841397309,94408454019946,5.631162,-2.1739352,4.4963107,-0.84665924,-0.50579643,0.9761627,JERKING,f77aab4d35fa
1775841397336,94408474069994,6.4547677,-1.6424223,3.9073372,-0.6169739,-0.3811799,0.8026769,JERKING,f77aab4d35fa
1775841397348,94408494181078,6.655881,-2.3535004,4.4340615,-0.95417154,-0.19303341,0.6414085,JERKING,f77aab4d35fa
1775841397370,94408514200610,6.909666,-2.8514943,4.5777135,-1.1569787,-0.2846632,0.49235737,JERKING,f77aab4d35fa
1775841397391,94408534281176,6.895301,-2.861071,4.3742065,-1.1520919,-0.40317106,0.32375857,JERKING,f77aab4d35fa
1775841397432,94408554300707,6.799533,-2.801216,5.056554,-1.2779301,-0.49968776,0.17470746,JERKING,f77aab4d35fa
1775841397441,94408574350756,7.0126166,-1.9321208,7.323863,-1.2889256,-0.70616025,0.19425514,JERKING,f77aab4d35fa
1775841397451,94408594400805,7.723695,-1.8986019,8.379706,-0.74036866,-1.1606439,0.3042109,JERKING,f77aab4d35fa
1775841397481,94408614450854,7.675811,-1.6017209,8.559271,-0.31398472,-1.1129965,0.13683382,JERKING,f77aab4d35fa
1775841397489,94408634500903,6.6079965,-2.2936451,7.5441294,-0.2919936,-0.8552113,-0.15271631,JERKING,f77aab4d35fa
1775841397511,94408654581469,6.10282,-4.0773253,6.078878,-0.47403142,-0.7831292,-0.39461896,JERKING,f77aab4d35fa
1775841397531,94408674631518,6.033388,-3.9336734,5.1355624,-0.35308012,-0.9370673,-0.67073005,JERKING,f77aab4d35fa
1775841397551,94408694712084,7.0341644,-4.4843397,5.5617304,0.40439278,-0.9053023,-1.1362094,JERKING,f77aab4d35fa
1775841397593,94408714762133,8.346188,-5.686229,6.373365,1.2217305,-0.5766568,-1.2913691,JERKING,f77aab4d35fa
1775841397601,94408734842699,8.669404,-5.9783216,6.481104,1.2351695,-0.43860126,-1.1508701,JERKING,f77aab4d35fa
1775841397615,94408754862231,8.724471,-7.8745294,7.0844426,-0.061086524,-0.06352998,-0.68783426,JERKING,f77aab4d35fa
1775841397633,94408774973315,7.2304893,-10.177752,7.8745294,-1.72264,0.5216789,-0.13805555,JERKING,f77aab4d35fa
1775841397660,94408795023363,6.703765,-9.437943,6.7085533,-1.4318681,0.5143485,0.2443461,JERKING,f77aab4d35fa
1775841397673,94408815073412,8.449138,-8.664616,5.9998693,-0.53023106,0.2919936,0.73548174,JERKING,f77aab4d35fa
1775841397693,94408835123461,8.820239,-8.62152,6.1746464,0.018325957,0.6291912,1.1618657,JERKING,f77aab4d35fa
1775841397714,94408855204028,7.941567,-6.897695,5.9878983,0.70005155,0.70371675,1.4367551,JERKING,f77aab4d35fa
1775841397759,94408875254076,8.054094,-6.0645127,5.887342,0.5314528,0.90041536,1.7739527,JERKING,f77aab4d35fa
1775841397769,94408895273608,8.805874,-7.0940194,5.872977,-0.3371976,1.1826351,2.1502457,JERKING,f77aab4d35fa
1775841397777,94408915323656,8.173804,-7.7691846,5.825093,-0.8222246,1.486846,2.515543,JERKING,f77aab4d35fa
1775841397795,94408935373705,6.3182983,-6.873753,5.849035,-0.58276546,1.5613716,2.5680776,JERKING,f77aab4d35fa
1775841397812,94408955454272,4.630386,-5.851429,5.0374002,-0.23823744,1.4648548,2.4911084,JERKING,f77aab4d35fa
1775841397840,94408975565356,2.2290018,-5.7724204,5.6527104,0.22968534,1.4563028,2.3530529,JERKING,f77aab4d35fa
1775841397850,94408995645922,1.1971009,-5.0996494,6.6175733,1.7128662,1.2522738,2.1820107,JERKING,f77aab4d35fa
1775841397872,94409015695971,-0.05267244,5.961562,-4.3287168,4.1722097,0.9773844,1.3060299,JERKING,f77aab4d35fa
1775841397892,94409035746020,-23.137566,21.200657,3.1387985,6.7463956,2.2479842,-2.6865854,JERKING,f77aab4d35fa
1775841397915,94409055796069,-2.870648,11.305421,12.504915,2.637716,-4.388456,-3.7189476,JERKING,f77aab4d35fa
1775841397935,94409075846117,11.915942,5.626374,1.0989386,-1.028697,-7.8215184,-6.713409,JERKING,f77aab4d35fa
1775841397953,94409095896166,25.275587,20.669144,-19.649214,-5.1935763,-7.0432763,-9.132436,JERKING,f77aab4d35fa
1775841397967,94409115946215,65.821396,-55.990803,-6.679823,-13.073738,-3.9694023,-2.4141395,JERKING,f77aab4d35fa
1775841397986,94409135996264,-0.770933,-23.072922,21.432894,-3.8838813,8.911303,2.0366247,JERKING,f77aab4d35fa
1775841398006,94409156015795,-10.730812,-13.982138,-1.4101849,5.5674257,-0.204029,2.3408356,JERKING,f77aab4d35fa
1775841398030,94409176096362,5.758055,-3.9552212,4.8099513,7.5698423,-1.0054842,3.821573,JERKING,f77aab4d35fa
1775841398049,94409196146410,17.223886,1.1971009,2.767697,4.2821655,-2.0280726,3.0201178,JERKING,f77aab4d35fa
1775841398069,94409216226977,15.71554,0.18674773,4.63278,-0.35430184,0.8564331,2.8686233,JERKING,f77aab4d35fa
1775841398102,94409236307543,6.9288197,-3.8881836,6.8569937,-3.015231,2.6010642,2.52043,JERKING,f77aab4d35fa
1775841398107,94409256327074,2.5570073,-6.143522,8.307879,-2.9761355,2.2284365,2.1025982,JERKING,f77aab4d35fa
1775841398126,94409276377123,3.6990416,-5.8634,7.8769236,-1.237613,0.9798279,2.1685717,JERKING,f77aab4d35fa
1775841398151,94409296427172,6.1866174,-4.0677485,6.26802,0.3359759,0.3885103,2.13925,JERKING,f77aab4d35fa
1775841398172,94409316477221,6.8426285,-3.5434184,5.995081,0.53023106,0.6792821,2.0390682,JERKING,f77aab4d35fa
1775841398192,94409336527270,6.0262055,-3.9743748,6.2847795,0.06719518,1.1142182,1.9462167,JERKING,f77aab4d35fa
1775841398231,94409356577319,5.379771,-3.9983168,6.289568,-0.02565634,1.1801916,1.7776178,JERKING,f77aab4d35fa
1775841398236,94409376627367,4.6950297,-3.4763808,6.0621185,-0.15760323,1.1985176,1.5173893,JERKING,f77aab4d35fa
1775841398252,94409396646899,3.8666358,-3.3542767,5.839458,-0.5839872,1.2168436,1.2608259,JERKING,f77aab4d35fa
1775841398277,94409416727465,2.9017725,-3.277662,5.315128,-1.1887437,1.0054842,1.0067059,JERKING,f77aab4d35fa
1775841398291,94409436777514,1.7477672,-3.5003228,5.21936,-1.6261233,0.7012733,0.80756384,JERKING,f77aab4d35fa
1775841398314,94409456797045,0.14844051,-4.4460325,5.161899,-1.4184291,0.54244834,0.58276546,JERKING,f77aab4d35fa
1775841398332,94409476877612,-1.6639702,-3.8833952,4.4699745,-0.24556783,0.6047566,0.118507855,JERKING,f77aab4d35fa
1775841398354,94409496897143,-3.9432502,2.207454,-1.7238252,1.8924606,0.5155703,-0.70005155,JERKING,f77aab4d35fa
1775841398388,94409517008227,-13.189657,8.042124,-6.172252,5.1239376,0.7476991,-2.769663,JERKING,f77aab4d35fa
1775841398394,94409537088793,-11.999739,6.895301,11.971008,4.691445,-2.2479842,-4.5069637,JERKING,f77aab4d35fa
1775841398412,94409557138842,7.050924,5.9041014,13.826515,2.1771238,-8.310211,-7.176445,JERKING,f77aab4d35fa
1775841398438,94409577219408,22.876596,12.401965,-11.880029,-0.68661255,-9.435425,-9.227731,JERKING,f77aab4d35fa
1775841398453,94409597269457,78.14674,-27.870901,2.3080103,-3.1838295,-9.59425,-9.204517,JERKING,f77aab4d35fa
1775841398476,94409617319506,10.251971,-29.223625,-4.084508,-6.7573915,8.040209,0.015882496,JERKING,f77aab4d35fa
1775841398495,94409637400072,-22.512678,-4.829105,25.158272,-3.6151006,5.4880133,2.941927,JERKING,f77aab4d35fa
1775841398514,94409657450121,-0.5554548,-5.554548,-0.60812724,0.5326745,-1.536937,3.1325169,JERKING,f77aab4d35fa
1775841398553,94409677469653,12.229582,-2.2481554,-0.2777274,2.2272146,-3.626096,0.86009824,JERKING,f77aab4d35fa
1775841398564,94409697519701,19.452888,-2.3511062,2.707842,2.8588493,-1.7311921,1.4343116,JERKING,f77aab4d35fa
1775841398576,94409717600268,10.479421,-0.33758244,3.0813377,2.4593434,0.79412484,0.3555236,JERKING,f77aab4d35fa
1775841398594,94409737619799,3.181894,-1.1611878,6.579266,0.6035349,1.8264871,-0.16737708,JERKING,f77aab4d35fa
1775841398623,94409757669848,1.7286136,-3.1531637,6.919243,-0.7501425,0.593761,0.1001819,JERKING,f77aab4d35fa
1775841398633,94409777750414,5.4683566,-3.9959226,5.6646814,-0.6817256,-0.6291912,0.48380527,JERKING,f77aab4d35fa
1775841398654,94409797769946,8.916007,-3.7469256,4.2425256,0.04886922,-0.8979719,0.43249258,JERKING,f77aab4d35fa
1775841398675,94409817850512,9.78989,-2.861071,4.4077253,0.29810223,-0.43249258,0.25900686,JERKING,f77aab4d35fa
1775841398713,94409837900561,8.896853,-3.2561142,4.27365,-0.037873644,-0.042760566,0.12583824,JERKING,f77aab4d35fa
1775841398719,94409857950610,8.236053,-4.010288,4.1419687,-0.7318166,0.12950343,0.11362094,JERKING,f77aab4d35fa
1775841398735,94409878000658,7.443573,-3.775656,4.0892963,-0.8222246,0.096516706,0.036651913,JERKING,f77aab4d35fa
1775841398755,94409898050707,7.7667904,-3.7852328,4.987122,-0.4288274,-0.0842994,0.06719518,JERKING,f77aab4d35fa
1775841398777,94409918131274,8.358158,-4.2904096,5.9400144,-0.013439035,-0.042760566,0.34208453,JERKING,f77aab4d35fa
1775841398795,94409938211840,8.09719,-3.940856,6.4308257,0.4972443,0.04642576,0.52656585,JERKING,f77aab4d35fa
1775841398815,94409958292406,7.848193,-3.3518825,5.98311,0.893085,0.03176499,0.58032197,JERKING,f77aab4d35fa
1775841398838,94409978311938,7.955932,-3.0023289,5.374983,0.61208695,0.019547688,0.49357912,JERKING,f77aab4d35fa
1775841398888,94409998423022,8.465898,-3.8379054,5.801151,0.039095376,0.08307768,0.37018433,JERKING,f77aab4d35fa
1775841398893,94410018473071,8.750807,-4.7070007,5.887342,-0.20280726,0.18570304,0.36163223,JERKING,f77aab4d35fa
1775841398898,94410038523119,8.781932,-4.6662993,5.45878,-0.057421334,0.23823744,0.42394048,JERKING,f77aab4d35fa
1775841398944,94410058573168,8.971074,-4.72376,5.0517654,-0.10629055,0.32253686,0.6585127,JERKING,f77aab4d35fa
1775841398953,94410078623217,8.815451,-4.644751,4.6136265,-0.3115413,0.44715336,0.9101892,JERKING,f77aab4d35fa
1775841398960,94410098673266,8.327033,-4.642357,4.5394063,-0.35308012,0.43127087,1.102001,JERKING,f77aab4d35fa
1775841398976,94410118692797,7.666234,-4.525041,5.106832,-0.21135938,0.4447099,1.1203269,JERKING,f77aab4d35fa
1775841398990,94410138773363,6.6103907,-4.6662993,5.171476,0.08674286,0.47525316,1.0458013,JERKING,f77aab4d35fa
1775841399014,94410158823412,6.325481,-5.1882353,4.8482585,0.1881465,0.408058,1.0519099,JERKING,f77aab4d35fa
1775841399032,94410178903979,6.9862804,-6.0262055,4.8362875,0.014660766,0.2773328,1.1032226,JERKING,f77aab4d35fa
1775841399050,94410198984545,7.1730285,-5.896919,5.3606176,-0.18448131,0.28221974,1.1863003,JERKING,f77aab4d35fa
1775841399070,94410219034594,6.555324,-6.232107,6.26802,-0.36774087,0.4886922,1.2425,JERKING,f77aab4d35fa
1775841399093,94410239084643,5.911284,-7.1514807,6.3949127,-0.4886922,0.625526,1.2999213,JERKING,f77aab4d35fa
1775841399115,94410259165209,5.41329,-7.2185183,5.8203044,-0.21135938,0.5693264,1.3805555,JERKING,f77aab4d35fa
1775841399135,94410279245776,4.630386,-6.5361705,5.604826,0.10751228,0.5705481,1.3939945,JERKING,f77aab4d35fa
1775841399156,94410299295824,3.5577838,-6.157887,5.571307,-0.042760566,0.7134906,1.2840388,JERKING,f77aab4d35fa
1775841399195,94410319315356,2.6001031,-6.0022635,5.5737014,-0.45448375,0.8185594,1.0433578,JERKING,f77aab4d35fa
1775841399200,94410339426440,2.2385786,-5.8442464,5.4803276,-0.816116,0.8491027,0.6817256,JERKING,f77aab4d35fa
1775841399214,94410359507006,1.9057846,-5.695806,5.2959743,-1.3048081,0.87109387,0.34208453,JERKING,f77aab4d35fa
1775841399240,94410379557055,1.0127473,-5.130774,5.5737014,-1.8484782,1.0067059,0.009773844,JERKING,f77aab4d35fa
1775841399256,94410399637621,-1.7070658,1.8842367,3.2992098,-1.142318,1.2962561,-0.70738196,JERKING,f77aab4d35fa
1775841399275,94410419718188,-9.847352,8.461109,-0.11731588,2.4666739,2.1135938,-2.6597073,JERKING,f77aab4d35fa
1775841399296,94410439798754,-15.756242,3.25372,9.607931,4.5582767,2.1820107,-6.0365705,JERKING,f77aab4d35fa
1775841399317,94410459879321,4.3837833,6.265626,14.4609785,3.500258,-3.4953709,-8.111069,JERKING,f77aab4d35fa
1775841399359,94410479929369,36.90662,12.538434,-6.411672,3.5613444,-7.7909756,-10.076833,JERKING,f77aab4d35fa
1775841399365,94410499979418,56.484005,-55.88785,-15.957355,-8.141612,-5.0652947,-3.6322048,JERKING,f77aab4d35fa
1775841399378,94410520059985,-14.544775,-39.868248,27.087997,-13.678494,11.858116,2.6450465,JERKING,f77aab4d35fa
1775841399395,94410540140551,-12.8832,-6.042965,5.889736,5.272989,0.6035349,2.5680776,JERKING,f77aab4d35fa
1775841399416,94410560221117,6.8761473,-0.34955344,-0.91697925,10.191676,-3.3939674,2.2736404,JERKING,f77aab4d35fa
1775841399435,94410580271166,20.580557,5.023035,1.3575124,7.4830995,-3.0286698,0.8979719,JERKING,f77aab4d35fa
1775841399455,94410600321215,16.82645,2.9951463,2.528277,3.010344,0.46914452,1.0958922,JERKING,f77aab4d35fa
1775841399477,94410620371264,6.861782,-0.12928689,5.8466406,-0.8002335,2.3542747,0.69027776,JERKING,f77aab4d35fa
1775841399517,94410640451830,1.496376,-2.6743233,6.1770406,-2.3200662,2.379931,0.45081854,JERKING,f77aab4d35fa
1775841399525,94410660501879,1.1587936,-3.0262709,7.1849995,-2.2540927,1.0946705,0.40561453,JERKING,f77aab4d35fa
1775841399536,94410680612963,5.4659624,-2.5306711,6.6079965,-1.4220943,-0.21868975,0.5693264,JERKING,f77aab4d35fa
1775841399556,94410700632494,8.305486,-2.4540567,5.705383,-0.6035349,-0.27366763,0.7049385,JERKING,f77aab4d35fa
1775841399579,94410720713061,8.331821,-2.6001031,6.1770406,-0.034208454,0.4166101,0.6291912,JERKING,f77aab4d35fa
1775841399596,94410740793627,6.0716953,-2.1763294,7.0700774,0.38728857,0.79045963,0.6988298,JERKING,f77aab4d35fa
1775841399618,94410760874194,5.2600613,-2.7269957,7.680599,0.96761054,1.2412782,0.7770206,JERKING,f77aab4d35fa
1775841399637,94410780893725,5.5856724,-2.4492683,7.716512,1.0067059,0.8539896,0.89919364,JERKING,f77aab4d35fa
1775841399681,94410800974291,6.361394,-2.1164744,8.128315,0.7501425,0.7855727,1.033584,JERKING,f77aab4d35fa
1775841399692,94410821054858,6.4499793,-2.2744915,7.5584946,0.11728613,0.79168135,1.3365731,JERKING,f77aab4d35fa
1775841399700,94410841104906,4.685453,-3.751714,5.1355624,-0.7696902,1.0384709,1.5173893,JERKING,f77aab4d35fa
1775841399717,94410861124438,4.9081135,-1.1540052,8.652645,-1.2082914,1.3487904,1.6811012,JERKING,f77aab4d35fa
1775841399748,94410881205004,5.403713,-3.5889084,6.4499793,-2.1160371,0.59864795,1.7458528,JERKING,f77aab4d35fa
1775841399756,94410901285571,5.461174,-5.00867,6.2608376,-3.12763,0.5375614,1.8704693,JERKING,f77aab4d35fa
1775841399778,94410921366137,5.1786585,-7.4962454,5.9041014,-2.9223793,0.8539896,1.9181169,JERKING,f77aab4d35fa
1775841399798,94410941385668,4.1156325,-7.7548194,5.971139,-1.6249015,0.7684685,1.8203784,JERKING,f77aab4d35fa
1775841399819,94410961405199,3.0478187,-7.103596,6.0980315,0.062308256,0.6401868,1.8081611,JERKING,f77aab4d35fa
1775841399843,94410981455248,2.4971523,-5.8322754,5.9687448,1.1154399,0.54611355,1.7287487,JERKING,f77aab4d35fa
1775841399867,94411001535815,2.183512,-4.4723687,5.841852,1.3133603,0.50701815,1.5589281,JERKING,f77aab4d35fa
1775841399875,94411021585863,2.0231004,-3.7588966,6.007052,0.68416905,0.59498274,1.3267993,JERKING,f77aab4d35fa
1775841399899,94411041605395,1.1707647,-3.3087866,5.841852,0.13072516,0.657291,1.2131784,JERKING,f77aab4d35fa
1775841399917,94411061655444,-0.17717093,-3.7086184,5.8442464,-1.0861185,0.6719518,0.95417154,JERKING,f77aab4d35fa
1775841399937,94411081736010,-1.271321,-4.596867,6.184223,-1.8484782,0.516792,0.6401868,JERKING,f77aab4d35fa
1775841399958,94411101755541,-1.541866,-5.590461,6.7851677,-1.8191566,0.23335053,0.3371976,JERKING,f77aab4d35fa
1775841400002,94411121836108,-1.697489,-4.5872903,6.813898,-1.0690142,0.13316862,0.04642576,JERKING,f77aab4d35fa
1775841400007,94411141916674,-4.4125137,3.6942532,3.289633,0.98715824,0.54000485,-0.73426,JERKING,f77aab4d35fa
1775841400018,94411161936205,-13.397953,6.4284315,4.3981485,4.1954226,1.3414601,-2.7293458,JERKING,f77aab4d35fa
1775841400038,94411181986254,-13.634978,8.631097,13.6014595,3.63587,-0.07086037,-5.604078,JERKING,f77aab4d35fa
1775841400059,94411202036303,4.510676,7.422025,8.367735,4.1013494,-4.289496,-8.983384,JERKING,f77aab4d35fa
1775841400083,94411222147387,28.725632,10.778696,-3.0238767,4.08791,-8.194146,-10.703581,JERKING,f77aab4d35fa
1775841400092,94411242227953,73.55706,-31.093498,-2.0446482,-2.3970351,-7.5820594,-6.92599,JERKING,f77aab4d35fa
1775841400113,94411262308520,-0.16280572,-23.882162,15.002068,-2.2479842,9.406103,1.1643091,JERKING,f77aab4d35fa
1775841400136,94411282389086,-22.936453,-13.192051,8.734048,1.1801916,2.0744984,1.2180653,JERKING,f77aab4d35fa
1775841400157,94411302439135,1.7142484,-0.22266077,5.499481,7.59672,-1.3817772,2.4153612,JERKING,f77aab4d35fa
1775841400178,94411322550219,17.355568,6.0166287,3.560178,5.780007,-3.1117475,1.8985692,JERKING,f77aab4d35fa
1775841400198,94411342630785,19.740192,1.5849615,4.757279,0.33841935,-0.7452556,2.3445008,JERKING,f77aab4d35fa
1775841400218,94411362711352,8.6574335,-3.1603463,8.300697,-2.107485,1.9364429,2.0366247,JERKING,f77aab4d35fa
1775841400238,94411382761401,1.13964,-3.9719806,9.136273,-2.0977113,2.157576,1.6420058,JERKING,f77aab4d35fa
1775841400260,94411402811449,0.35673606,-4.405331,9.653421,-1.2730432,1.0555751,1.8264871,JERKING,f77aab4d35fa
1775841400281,94411422830981,4.1036615,-3.5553896,8.973468,-0.2919936,0.118507855,1.8729129,JERKING,f77aab4d35fa
1775841400300,94411442942065,6.291962,-3.1268275,8.137892,0.029321533,0.13072516,1.8020525,JERKING,f77aab4d35fa
1775841400321,94411463022631,5.884948,-3.064578,7.7213006,-0.312763,0.6133087,1.6517797,JERKING,f77aab4d35fa
1775841400339,94411483103197,4.711789,-3.5865142,7.1155677,-0.8552113,0.8197812,1.5039502,JERKING,f77aab4d35fa
1775841400369,94411503153246,3.5745432,-4.0294414,7.1754227,-1.2864822,0.8405506,1.3439035,JERKING,f77aab4d35fa
1775841400379,94411523203295,2.80361,-3.9719806,7.4268136,-1.2522738,0.75991637,1.1166617,JERKING,f77aab4d35fa
1775841400399,94411543222826,2.3894134,-3.095703,7.8984714,-0.4605924,0.56077427,0.7965683,JERKING,f77aab4d35fa
1775841400420,94411563333910,2.6192567,-1.910573,8.056489,0.54611355,0.36285394,0.49846604,JERKING,f77aab4d35fa
1775841400440,94411583383959,2.858677,-1.3359646,8.171411,0.9016371,0.25045475,0.28221974,JERKING,f77aab4d35fa
1775841400478,94411603434008,2.779668,-1.7381904,8.099585,0.59620446,0.22602014,0.087964594,JERKING,f77aab4d35fa
1775841400486,94411623514574,2.3319526,-1.9321208,7.7691846,0.18081611,0.19547687,-0.21991149,JERKING,f77aab4d35fa
1775841400502,94411643534106,1.7142484,-1.7741034,7.249643,0.1160644,0.16737708,-0.6377433,JERKING,f77aab4d35fa
1775841400520,94411663645190,0.33997664,3.0023289,3.0358477,0.7501425,0.17348573,-1.3744467,JERKING,f77aab4d35fa
1775841400549,94411683695238,-5.3223104,12.63899,-2.111686,3.3744197,0.43493605,-3.3573153,JERKING,f77aab4d35fa
1775841400559,94411703775805,-6.351817,8.662222,20.472818,4.541172,-1.4526376,-5.9596014,JERKING,f77aab4d35fa
1775841400582,94411723825854,15.59583,8.003817,3.3854012,1.5564847,-8.096408,-7.5148644,JERKING,f77aab4d35fa
1775841400600,94411743936938,51.506462,7.654263,4.417302,-2.01219,-9.126327,-8.206364,JERKING,f77aab4d35fa
1775841400643,94411763956469,24.56451,-41.304768,-19.416975,-13.439035,1.9303342,1.4318681,JERKING,f77aab4d35fa
1775841400650,94411784006518,-22.390574,-14.523228,27.404032,-7.184997,7.46233,1.9853121,JERKING,f77aab4d35fa
1775841400662,94411804056567,-3.2992098,-4.331111,2.4971523,6.998072,-0.037873644,2.7036896,JERKING,f77aab4d35fa
1775841400682,94411824137133,10.254366,4.074931,3.6152446,10.466565,-3.164282,1.0543534,JERKING,f77aab4d35fa
1775841400707,94411844187182,18.181568,10.177752,4.1156325,6.1550784,-1.5125023,0.79412484,JERKING,f77aab4d35fa
1775841400722,94411864298266,9.85214,4.6160207,6.3925185,-0.516792,1.1068878,0.29932398,JERKING,f77aab4d35fa
1775841400740,94411884348315,2.7724855,-2.3582888,8.336611,-3.9779544,1.9474384,0.37384954,JERKING,f77aab4d35fa
1775841400762,94411904398363,0.5243302,-5.2768207,9.409213,-3.9779544,1.3903292,-0.17104226,JERKING,f77aab4d35fa
1775841400805,94411924448412,3.3207579,-4.177882,8.626308,-1.7629571,-0.081855945,0.13439035,JERKING,f77aab4d35fa
1775841400812,94411944528979,6.363788,-1.5251064,6.8067155,0.12339478,-0.65484756,0.42394048,JERKING,f77aab4d35fa
1775841400825,94411964579028,7.501034,-0.7398083,6.799533,0.3640757,-0.19914207,0.33475417,JERKING,f77aab4d35fa
1775841400842,94411984659594,6.969521,-2.183512,7.153875,-0.22479841,0.38240165,0.40194935,JERKING,f77aab4d35fa
1775841400865,94412004709643,5.8203044,-2.743755,7.431602,-0.50946164,0.51923543,0.5326745,JERKING,f77aab4d35fa
1775841400880,94412024820727,5.279215,-2.4971523,7.773973,-0.4605924,0.3933972,0.6218608,JERKING,f77aab4d35fa
1775841400901,94412044901293,5.7149596,-2.4660277,8.128315,-0.56199604,0.21746802,0.7257079,JERKING,f77aab4d35fa
1775841400923,94412064951342,6.10282,-2.837129,8.145074,-0.46670106,0.20769419,0.8222246,JERKING,f77aab4d35fa
1775841400966,94412085031908,5.9304376,-2.9879637,8.133103,-0.018325957,0.30909783,0.9615019,JERKING,f77aab4d35fa
1775841400975,94412105112475,5.4539914,-2.60968,8.12592,0.42394048,0.43249258,1.0262536,JERKING,f77aab4d35fa
1775841400981,94412125193041,4.987122,-2.303222,7.953538,0.5045747,0.49480084,1.0580186,JERKING,f77aab4d35fa
1775841401002,94412145212572,4.924873,-2.5067291,7.9990277,0.22724187,0.4605924,1.0677924,JERKING,f77aab4d35fa
1775841401036,94412165293139,5.1930237,-2.6408045,7.884106,-0.11728613,0.3652974,1.033584,JERKING,f77aab4d35fa
1775841401041,94412185312670,5.461174,-3.0095115,7.553706,-0.33964106,0.32375857,1.028697,JERKING,f77aab4d35fa
1775841401060,94412205362719,5.4683566,-3.2034419,7.6111674,-0.3933972,0.3371976,1.0311406,JERKING,f77aab4d35fa
1775841401082,94412225473803,5.3821654,-3.7253778,7.836222,-0.38728857,0.3933972,1.070236,JERKING,f77aab4d35fa
1775841401121,94412245523852,5.1882353,-3.8953662,8.111555,-0.2724459,0.43004912,1.1582005,JERKING,f77aab4d35fa
1775841401127,94412265573901,4.6375685,-3.7062242,8.061277,-0.05009095,0.44959682,1.2046263,JERKING,f77aab4d35fa
1775841401141,94412285654467,3.9935284,-3.157952,8.061277,0.081855945,0.46670106,1.1960741,JERKING,f77aab4d35fa
1775841401172,94412305735033,3.1387985,-2.4372973,8.051701,0.1001819,0.49357912,1.073901,JERKING,f77aab4d35fa
1775841401180,94412325846117,2.0087352,-2.3535004,8.238448,0.16371189,0.5900958,0.8698721,JERKING,f77aab4d35fa
1775841401201,94412345957201,1.0821792,-2.6647465,8.724471,0.4569272,0.66828656,0.65118235,JERKING,f77aab4d35fa
1775841401223,94412366007250,0.63206923,-2.1308396,8.963891,1.0164797,0.50701815,0.41172317,JERKING,f77aab4d35fa
1775841401244,94412386087817,-0.5674258,2.645593,3.4596214,2.0158553,0.3652974,-0.08307768,JERKING,f77aab4d35fa
1775841401263,94412406168383,-6.9000893,9.555259,-4.8027687,4.3053784,0.6805039,-1.690875,JERKING,f77aab4d35fa
1775841401285,94412426218432,-15.871163,13.639767,9.878476,5.2424455,-0.2565634,-4.147775,JERKING,f77aab4d35fa
1775841401303,94412446268481,10.771513,8.4826565,15.942989,3.8008037,-7.6052723,-6.4715066,JERKING,f77aab4d35fa
1775841401324,94412466318529,35.8005,7.1490865,-5.020641,-0.2724459,-10.235658,-7.071376,JERKING,f77aab4d35fa
1775841401341,94412486399096,37.555447,-22.261288,-7.565677,-6.173404,-4.147775,-3.998724,JERKING,f77aab4d35fa
1775841401363,94412506449145,-7.9607205,-26.489449,24.183832,-5.5881953,8.522792,1.6420058,JERKING,f77aab4d35fa
1775841401383,94412526468676,-8.128315,-3.3734303,12.6222315,6.422637,1.6701056,2.4715607,JERKING,f77aab4d35fa
1775841401404,94412546518725,10.477027,7.345411,0.78769237,9.6480055,-2.8930578,1.5259414,JERKING,f77aab4d35fa
1775841401426,94412566568774,17.295713,15.078682,3.5793316,3.9046507,-0.9737192,0.18325958,JERKING,f77aab4d35fa
1775841401452,94412586649340,9.279925,4.175488,5.291186,-2.9028316,1.5015068,1.5906931,JERKING,f77aab4d35fa
1775841401462,94412606699389,2.4827871,-2.4971523,8.911219,-5.5881953,2.6597073,1.1398746,JERKING,f77aab4d35fa
1775841401483,94412626749438,1.4508862,-5.0781016,10.673351,-3.5613444,1.4074335,1.2644911,JERKING,f77aab4d35fa
1775841401502,94412646799487,5.710171,-2.1859062,9.715671,-0.25045475,0.22235495,1.5833627,JERKING,f77aab4d35fa
1775841401523,94412666880053,7.350199,0.20350714,8.4826565,1.2742649,0.21380283,1.4172074,JERKING,f77aab4d35fa
1775841401543,94412686960619,6.6726403,1.1563994,6.7851677,1.0922271,0.7134906,1.3133603,JERKING,f77aab4d35fa
1775841401563,94412707010668,6.0357823,1.0295067,6.727707,0.20525073,0.8906415,1.2852604,JERKING,f77aab4d35fa
1775841401603,94412727091235,5.9041014,-0.062249243,7.81228,-0.72692966,0.8503244,1.2864822,JERKING,f77aab4d35fa
1775841401611,94412747171801,5.130774,-1.0199299,8.111555,-1.2852604,0.89919364,1.2241739,JERKING,f77aab4d35fa
1775841401623,94412767282885,4.1180267,-1.7118542,8.238448,-1.2046263,0.8344419,1.0714576,JERKING,f77aab4d35fa
1775841401646,94412787332934,4.1635165,-1.7788919,8.367735,-0.69027776,0.59498274,0.9993755,JERKING,f77aab4d35fa
1775841401671,94412807352465,4.757279,-1.4293385,8.573636,0.12217305,0.39828414,1.0103711,JERKING,f77aab4d35fa
1775841401684,94412827402514,4.7070007,-1.1540052,8.7053175,0.5900958,0.42271876,1.0629056,JERKING,f77aab4d35fa
1775841401704,94412847483080,4.0438066,-0.6488287,8.810662,0.4605924,0.54244834,1.0360274,JERKING,f77aab4d35fa
1775841401726,94412867533129,3.3686419,-0.545878,8.860941,0.14660765,0.5876524,0.89552844,JERKING,f77aab4d35fa
1775841401770,94412887583178,3.4739866,-1.4413095,8.983045,-0.3494149,0.48624873,0.8405506,JERKING,f77aab4d35fa
1775841401779,94412907633227,4.474763,-2.2768857,9.109938,-0.6377433,0.38973203,0.8246681,JERKING,f77aab4d35fa
1775841401786,94412927652758,5.020641,-2.44448,8.743625,-0.44837508,0.39095375,0.88208944,JERKING,f77aab4d35fa
1775841401805,94412947733324,4.7381253,-2.4349031,8.655039,-0.080634214,0.50579643,0.9639453,JERKING,f77aab4d35fa
1775841401834,94412967783373,3.8833952,-2.135628,8.485051,0.16371189,0.61941737,0.98715824,JERKING,f77aab4d35fa
1775841401843,94412987863940,2.980781,-1.5586253,8.307879,0.33475417,0.6792821,0.88697636,JERKING,f77aab4d35fa
1775841401865,94413007944506,2.0278888,-1.1109096,8.441956,0.43249258,0.68416905,0.7293731,JERKING,f77aab4d35fa
1775841401886,94413027994555,1.352724,-0.6488287,8.588001,0.5009095,0.6291912,0.5155703,JERKING,f77aab4d35fa
1775841401922,94413048044604,0.8762778,0.12689269,7.989451,0.5314528,0.5131268,0.26511553,JERKING,f77aab4d35fa
1775841401928,94413068125170,-0.06703765,1.7405846,5.770026,0.6365216,0.4373795,-0.15760323,JERKING,f77aab4d35fa
1775841401945,94413088175219,-2.360683,7.216124,-3.1244333,1.0409144,0.3921755,-0.97249746,JERKING,f77aab4d35fa
1775841401978,94413108194750,-13.22557,17.025167,-9.49301,2.5143213,0.15882497,-3.0616567,JERKING,f77aab4d35fa
1775841401984,94413128244799,-6.540959,14.525621,12.5504055,2.067168,-3.6224308,-4.802623,JERKING,f77aab4d35fa
1775841402007,94413148325365,30.099903,4.173094,11.829751,0.12217305,-10.969918,-6.8429127,JERKING,f77aab4d35fa
1775841402024,94413168436449,35.596992,-2.3199813,-3.3901896,-4.025602,-8.436049,-6.1819563,JERKING,f77aab4d35fa
1775841402046,94413188486498,25.158272,-20.345926,-3.1866825,-6.4495153,-0.93584555,-3.3756413,JERKING,f77aab4d35fa
1775841402090,94413208597582,-16.07467,-19.950882,27.688942,-5.269324,5.788559,0.9101892,JERKING,f77aab4d35fa
1775841402098,94413228678149,0.7422025,-7.5944076,12.672509,6.604675,0.9456194,3.082426,JERKING,f77aab4d35fa
1775841402105,94413248697680,15.526398,2.2409728,1.7812861,8.1330595,-2.6829202,2.4459045,JERKING,f77aab4d35fa
1775841402119,94413268778246,16.575058,12.890382,4.405331,3.3915238,0.43493605,0.89919364,JERKING,f77aab4d35fa
1775841402138,94413288797778,7.371747,5.5401826,7.079654,-2.3286183,2.0818288,1.7055358,JERKING,f77aab4d35fa
1775841402163,94413308908862,2.0111294,-2.15957,9.433155,-5.2302284,2.453235,1.2669345,JERKING,f77aab4d35fa
1775841402186,94413328989428,2.1212628,-5.889736,11.075577,-3.6346483,1.2278391,1.1863003,JERKING,f77aab4d35fa
1775841402205,94413349039477,4.173094,-5.149928,10.879252,-1.858252,0.57787853,1.3988814,JERKING,f77aab4d35fa
1775841402226,94413369059008,6.6965823,-1.2186487,8.947132,0.57910025,0.28099802,1.4001031,JERKING,f77aab4d35fa
1775841402250,94413389139574,6.3350577,0.80205756,8.111555,0.7611381,0.766025,1.2119566,JERKING,f77aab4d35fa
1775841402264,94413409189623,5.4563856,-0.50278234,8.676587,-0.4251622,1.2156218,1.2608259,JERKING,f77aab4d35fa
1775841402291,94413429270190,5.497087,-2.9903579,8.700529,-1.5625933,1.1948525,1.4611896,JERKING,f77aab4d35fa
1775841402304,94413449320238,5.0637364,-3.5817258,8.358158,-1.5589281,1.142318,1.4831808,JERKING,f77aab4d35fa
1775841402325,94413469400805,4.0653543,-2.918532,7.893683,-0.91507614,1.0567969,1.4245378,JERKING,f77aab4d35fa
1775841402347,94413489481371,3.787627,-2.6408045,8.152257,-0.4251622,0.9114109,1.3952162,JERKING,f77aab4d35fa
1775841402366,94413509500903,3.9097314,-2.3463178,8.319851,-0.08552113,0.79901177,1.4110987,JERKING,f77aab4d35fa
1775841402387,94413529520434,3.2704794,-1.5275006,8.420407,0.29077184,0.8185594,1.3377949,JERKING,f77aab4d35fa
1775841402413,94413549631518,2.0159178,-0.260968,7.872135,0.54000485,0.88453287,1.0848967,JERKING,f77aab4d35fa
1775841402427,94413569681567,-0.07182605,2.7700913,3.6774938,0.6988298,0.91996306,0.61819565,JERKING,f77aab4d35fa
1775841402461,94413589701098,-6.9360023,11.877635,-7.36217,2.043955,1.219287,-0.84788096,JERKING,f77aab4d35fa
1775841402466,94413609781664,-21.811178,19.55584,5.650316,3.3744197,0.4972443,-3.2876768,JERKING,f77aab4d35fa
1775841402486,94413629862231,7.3885064,9.109938,9.787497,1.749518,-6.9614205,-5.5356607,JERKING,f77aab4d35fa
1775841402507,94413649912279,25.692179,6.775591,1.8171991,-2.1905627,-9.79217,-7.161784,JERKING,f77aab4d35fa
1775841402528,94413669931811,40.58172,5.011064,-3.655946,-9.3413515,-7.1727796,-6.3810983,JERKING,f77aab4d35fa
1775841402566,94413689981860,25.036167,-35.951332,-15.722723,-17.79939,0.88697636,-0.25778514,JERKING,f77aab4d35fa
1775841402573,94413710062426,-26.082434,-30.566772,28.385654,-10.119594,7.7677627,0.77824235,JERKING,f77aab4d35fa
1775841402589,94413730173510,-0.39025488,-13.201628,7.3789296,9.489181,-0.33353242,3.3964107,JERKING,f77aab4d35fa
1775841402605,94413750254076,14.123396,-3.205836,-0.6991069,11.908207,-3.8362339,2.0867157,JERKING,f77aab4d35fa
1775841402623,94413770304125,18.157625,8.6813755,1.8842367,7.4806557,-0.59742624,1.2425,JERKING,f77aab4d35fa
1775841402646,94413790323656,7.4244194,6.5457473,7.228095,0.57787853,1.9462167,1.0873401,JERKING,f77aab4d35fa
1775841402666,94413810404223,0.6560113,-1.3862427,8.406042,-5.0029864,2.3554964,0.5338962,JERKING,f77aab4d35fa
1775841402687,94413830454272,-0.076614454,-7.477092,9.574412,-5.315749,0.9932669,0.058643065,JERKING,f77aab4d35fa
1775841402727,94413850565356,4.489128,-7.117962,9.23683,-1.7385225,-0.5045747,0.23090707,JERKING,f77aab4d35fa
1775841402733,94413870615404,6.909666,-3.691859,7.086837,1.5515977,-0.6927212,0.38240165,JERKING,f77aab4d35fa
1775841402745,94413890726488,6.835446,-2.3319526,6.825869,2.0525072,-0.064751714,0.1966986,JERKING,f77aab4d35fa
1775841402772,94413910746020,5.81791,-1.946486,7.0700774,1.0140363,0.30665436,0.12217305,JERKING,f77aab4d35fa
1775841402787,94413930796069,5.5042696,-2.6647465,6.88333,-0.20280726,0.22968534,0.26511553,JERKING,f77aab4d35fa
1775841402807,94413950846117,5.6886234,-3.5673606,7.053318,-0.8735373,0.11728613,0.31520647,JERKING,f77aab4d35fa
1775841402828,94413970957201,5.7365074,-3.4380736,7.4986396,-0.6621779,0.052534413,0.33108896,JERKING,f77aab4d35fa
1775841402850,94413991007250,5.8346696,-3.4476504,7.216124,-0.021991149,0.021991149,0.52412236,JERKING,f77aab4d35fa
1775841402895,94414011026781,5.777209,-3.2944214,7.6231384,0.48502702,0.1881465,0.73914695,JERKING,f77aab4d35fa
1775841402906,94414031107348,5.085284,-2.8275523,7.7452426,0.8185594,0.3567453,0.86498517,JERKING,f77aab4d35fa
1775841402917,94414051157397,4.4675803,-2.27928,7.656657,0.7538077,0.41050145,0.8881981,JERKING,f77aab4d35fa
1775841402931,94414071207446,4.4460325,-2.2864625,7.6470804,0.34330627,0.3213151,0.8014552,JERKING,f77aab4d35fa
1775841402949,94414091288012,4.96318,-3.1364043,7.8865004,0.008552114,0.20525073,0.70371675,JERKING,f77aab4d35fa
1775841402975,94414111399096,5.509058,-3.976769,7.991845,0.028099801,0.14660765,0.6731735,JERKING,f77aab4d35fa
1775841402988,94414131449145,5.499481,-3.8067808,8.365341,0.30787608,0.19792034,0.7098254,JERKING,f77aab4d35fa
1775841403008,94414151468676,5.046977,-3.4931402,8.195353,0.4007276,0.27488935,0.81489426,JERKING,f77aab4d35fa
1775841403024,94414171518725,4.9296613,-3.5649664,8.204929,0.2883284,0.3359759,0.89675015,JERKING,f77aab4d35fa
1775841403049,94414191599291,4.759673,-3.6750996,8.200141,0.16493362,0.37140608,0.9211848,JERKING,f77aab4d35fa
1775841403074,94414211710375,4.747702,-3.6990416,8.0445175,0.019547688,0.36651915,0.9468411,JERKING,f77aab4d35fa
1775841403084,94414231760424,4.426879,-3.7301662,8.018182,-0.16371189,0.3885103,0.9602802,JERKING,f77aab4d35fa
1775841403108,94414251871508,4.0773253,-3.9456444,8.283937,-0.2883284,0.42149702,0.96761054,JERKING,f77aab4d35fa
1775841403129,94414271921557,4.086902,-4.1611223,8.12592,-0.30543262,0.38362336,1.0348058,JERKING,f77aab4d35fa
1775841403149,94414291971606,4.084508,-4.307169,8.195353,-0.23701571,0.376293,1.0812315,JERKING,f77aab4d35fa
1775841403172,94414312052172,3.892972,-4.24492,8.497022,-0.28955013,0.408058,1.1349876,JERKING,f77aab4d35fa
1775841403205,94414332132738,3.3303347,-3.9360676,8.798691,-0.40561453,0.4642576,1.1520919,JERKING,f77aab4d35fa
1775841403212,94414352182787,2.5737667,-3.7612908,9.090784,-0.4886922,0.5412266,1.1093313,JERKING,f77aab4d35fa
1775841403229,94414372202319,1.9536686,-3.7708676,9.449914,-0.59131753,0.6096435,1.0177015,JERKING,f77aab4d35fa
1775841403259,94414392252367,0.82599956,-0.19153613,7.513005,-0.54733527,0.66828656,0.79045963,JERKING,f77aab4d35fa
1775841403267,94414412332934,-4.5058875,9.6845455,-5.2002063,1.2217305,0.9957104,-0.47036624,JERKING,f77aab4d35fa
1775841403290,94414432413500,-16.50802,10.053253,2.3511062,2.2736404,1.4721853,-3.0714304,JERKING,f77aab4d35fa
1775841403308,94414452494067,3.0071173,4.0414124,13.156138,-0.2773328,-4.276057,-6.2772512,JERKING,f77aab4d35fa
1775841403330,94414472574633,21.68189,3.5218706,4.426879,-2.9700267,-7.3988,-7.753102,JERKING,f77aab4d35fa
1775841403350,94414492685717,41.76924,-1.1755531,-2.5881321,-6.7549477,-6.4299674,-6.802595,JERKING,f77aab4d35fa
1775841403375,94414512735766,39.085342,-31.074345,-10.556035,-8.261342,-3.6334264,-4.2675047,JERKING,f77aab4d35fa
1775841403390,94414532785815,1.5011644,-27.643454,15.502456,-5.9803705,8.272337,2.025629,JERKING,f77aab4d35fa
1775841403417,94414552835863,-16.033968,-12.272678,11.496957,4.2992697,1.0836749,1.953547,JERKING,f77aab4d35fa
1775841403430,94414572885912,4.3287168,-3.7493198,1.2258313,8.739038,-2.1380284,2.9798007,JERKING,f77aab4d35fa
1775841403447,94414592935961,15.255854,7.8266454,3.3255463,6.073222,-2.824641,0.72082096,JERKING,f77aab4d35fa
1775841403468,94414613047045,14.283808,4.9440265,4.9464207,0.81122905,0.22479841,1.7470746,JERKING,f77aab4d35fa
1775841403488,94414633127612,5.035006,-1.5059528,7.7189064,-4.012163,1.9743165,0.9053023,JERKING,f77aab4d35fa
1775841403525,94414653177660,-0.6703765,-6.1866174,9.854534,-4.7891836,2.0305161,-0.12339478,JERKING,f77aab4d35fa
1775841403530,94414673258227,1.0175357,-7.728483,9.921572,-2.8930578,0.2761111,-0.12095132,JERKING,f77aab4d35fa
1775841403549,94414693338793,6.066907,-5.5976434,7.553706,-0.65118235,-0.86009824,0.26267207,JERKING,f77aab4d35fa
1775841403569,94414713388842,8.051701,-4.697424,6.631939,0.7086037,-0.3481932,0.44837508,JERKING,f77aab4d35fa
1775841403589,94414733438891,7.311892,-4.948815,6.9168487,0.5534439,0.43249258,0.8527679,JERKING,f77aab4d35fa
1775841403608,94414753549975,6.0405707,-5.2121773,6.847417,-0.036651913,0.6951646,1.1472049,JERKING,f77aab4d35fa
1775841403631,94414773600024,5.662287,-5.554548,6.88333,-0.4166101,0.593761,1.2547172,JERKING,f77aab4d35fa
1775841403653,94414793650072,6.1387334,-5.5880666,7.395689,-0.48380527,0.47403142,1.3084733,JERKING,f77aab4d35fa
1775841403688,94414813730639,6.033388,-5.746084,7.290344,-0.13316862,0.5119051,1.4208726,JERKING,f77aab4d35fa
1775841403700,94414833780688,5.1930237,-5.6120086,7.1826053,0.42271876,0.5693264,1.6016886,JERKING,f77aab4d35fa
1775841403710,94414853861254,4.3622355,-5.2648497,7.489063,0.82833326,0.6230826,1.6762142,JERKING,f77aab4d35fa
1775841403730,94414873911303,3.8833952,-5.0158525,7.0940194,0.9272934,0.63163465,1.609019,JERKING,f77aab4d35fa
1775841403759,94414893961352,3.6128504,-4.7141833,7.005434,0.59498274,0.6218608,1.5125023,JERKING,f77aab4d35fa
1775841403771,94414914011401,3.6248214,-4.618415,6.967127,0.019547688,0.6010914,1.396438,JERKING,f77aab4d35fa
1775841403792,94414934091967,3.514688,-5.2768207,7.0341644,-0.42760566,0.5839872,1.3610078,JERKING,f77aab4d35fa
1775841403813,94414954142016,2.885013,-5.825093,7.1826053,-0.4813618,0.61453044,1.3365731,JERKING,f77aab4d35fa
1775841403851,94414974192065,2.0254946,-6.2225304,7.359776,-0.20280726,0.5815437,1.3414601,JERKING,f77aab4d35fa
1775841403856,94414994242113,1.3670892,-5.853823,7.3310456,0.21013765,0.46303585,1.3206906,JERKING,f77aab4d35fa
1775841403871,94415014322680,0.90500826,-5.2049947,7.3286514,0.5839872,0.3200934,1.2363913,JERKING,f77aab4d35fa
1775841403895,94415034372729,0.44771573,-4.3239284,7.4866686,0.7012733,0.23945917,1.0873401,JERKING,f77aab4d35fa
1775841403917,94415054422778,-0.12449849,-3.7708676,7.7308774,0.61453044,0.20891592,0.86742866,JERKING,f77aab4d35fa
1775841403930,94415074442309,-0.4189853,-3.8618474,7.7691846,0.40439278,0.13927728,0.63041294,JERKING,f77aab4d35fa
1775841403952,94415094553393,-0.38307226,-4.050989,7.5824366,0.24923302,-0.010995574,0.3921755,JERKING,f77aab4d35fa
1775841403972,94415114603442,-0.2681506,-3.3854012,7.4363904,0.3933972,-0.15393804,0.112399206,JERKING,f77aab4d35fa
1775841404011,94415134653490,-1.0510546,0.62967503,5.1116204,0.829555,-0.19058995,-0.2883284,JERKING,f77aab4d35fa
1775841404019,94415154673022,-6.6295447,12.921507,-7.855376,2.8356364,0.17959438,-1.577254,JERKING,f77aab4d35fa
1775841404030,94415174753588,-20.83195,14.221559,8.762778,4.7439795,0.4202753,-4.1587706,JERKING,f77aab4d35fa
1775841404051,94415194773119,6.375759,10.500969,16.745047,1.8191566,-6.9711943,-8.288219,JERKING,f77aab4d35fa
1775841404076,94415214853686,24.569298,15.696386,-20.903774,0.6609562,-9.660223,-9.999864,JERKING,f77aab4d35fa
1775841404085,94415234903735,76.82275,-12.933477,7.240066,-4.92113,-8.905193,-8.196589,JERKING,f77aab4d35fa
1775841404107,94415254984301,10.594342,-49.895164,3.4644098,-11.882551,7.0151763,0.54611355,JERKING,f77aab4d35fa
1775841404130,94415275034350,-25.670631,-8.477868,16.129736,-2.284636,3.6505308,1.4159856,JERKING,f77aab4d35fa
1775841404151,94415295084399,-1.0989386,-3.727772,0.59855044,10.100046,-1.4807373,3.186273,JERKING,f77aab4d35fa
1775841404169,94415315134447,13.575124,6.203377,3.9743748,8.673065,-3.662748,0.956615,JERKING,f77aab4d35fa
1775841404191,94415335215014,21.16953,5.544971,4.2784386,2.4776695,-1.5088371,1.7690657,JERKING,f77aab4d35fa
1775841404210,94415355234545,12.684481,-2.896984,6.895301,-3.323107,1.5063937,2.0476203,JERKING,f77aab4d35fa
1775841404228,94415375315112,4.173094,-7.201759,9.876082,-4.4947467,3.2656856,1.6077974,JERKING,f77aab4d35fa
1775841404251,94415395365160,-1.1468226,-8.367735,10.96305,-2.7000244,2.438574,1.5344934,JERKING,f77aab4d35fa
1775841404272,94415415445727,2.5594015,-6.2105594,10.096349,0.23457226,0.5693264,2.2369885,JERKING,f77aab4d35fa
1775841404292,94415435526293,7.371747,-3.9217024,7.85777,1.4819591,-0.14660765,2.334727,JERKING,f77aab4d35fa
1775841404314,94415455576342,8.406042,-3.0023289,7.8386164,1.1337659,0.4801401,2.1746802,JERKING,f77aab4d35fa
1775841404336,94415475626391,6.505046,-3.0190883,8.008605,0.12217305,1.1203269,2.0549507,JERKING,f77aab4d35fa
1775841404354,94415495706957,4.1132383,-3.4476504,8.202535,-0.68539083,1.3548992,1.8057177,JERKING,f77aab4d35fa
1775841404372,94415515695971,2.6408045,-3.8666358,8.185776,-1.1239921,1.2351695,1.5564847,JERKING,f77aab4d35fa
1775841404396,94415535776537,1.8674773,-4.084508,8.487445,-1.0690142,0.93584555,1.4013249,JERKING,f77aab4d35fa
1775841404412,94415555857104,1.1109096,-4.0294414,8.6574335,-0.38362336,0.79534656,1.2583824,JERKING,f77aab4d35fa
1775841404432,94415575907153,-0.82599956,1.0127473,4.709395,0.99204516,0.8197812,0.91751957,JERKING,f77aab4d35fa
1775841404452,94415595957201,-8.238448,11.733982,-5.6239796,4.3237042,1.5112807,-0.5534439,JERKING,f77aab4d35fa
1775841404489,94415616007250,-25.649082,17.21431,12.562376,5.8862977,1.2266175,-2.9553661,JERKING,f77aab4d35fa
1775841404497,94415636057299,-11.307815,11.712435,15.500062,2.4190264,-6.4629545,-6.0952134,JERKING,f77aab4d35fa
1775841404512,94415656137865,7.2185183,12.308591,-2.0326772,1.0421361,-7.8361793,-7.597942,JERKING,f77aab4d35fa
1775841404542,94415676248949,23.137566,15.298949,-5.329493,-2.021964,-8.674287,-8.578992,JERKING,f77aab4d35fa
1775841404547,94415696298998,76.28884,-40.232166,3.8857894,-9.254608,-7.6052723,-4.49719,JERKING,f77aab4d35fa
1775841404569,94415716349047,7.788338,-25.194185,8.913613,-6.871012,8.570439,1.3390167,JERKING,f77aab4d35fa
1775841404591,94415736429613,-21.277271,-7.381324,12.121843,-1.8716911,3.6505308,1.2864822,JERKING,f77aab4d35fa
1775841404611,94415756510180,-3.25372,-4.84347,4.879383,5.6309557,0.030543262,3.6053267,JERKING,f77aab4d35fa
1775841404631,94415776529711,12.136209,-0.5722142,5.4420204,6.0048056,-3.2192597,2.430022,JERKING,f77aab4d35fa
1775841404651,94415796579760,19.685127,1.8291701,5.2959743,2.5778513,-1.2583824,2.6462681,JERKING,f77aab4d35fa
1775841404681,94415816660326,12.100295,-0.9576807,7.201759,-0.6169739,1.6554449,2.3102922,JERKING,f77aab4d35fa
1775841404692,94415836740893,3.6942532,-2.456451,8.832211,-1.717753,2.7220156,1.890017,JERKING,f77aab4d35fa
1775841404710,94415856790942,-0.4381389,-3.095703,9.275137,-1.5247196,2.149024,1.7385225,JERKING,f77aab4d35fa
1775841404732,94415876902026,1.13964,-2.7868507,8.487445,-0.5375614,0.7611381,1.9339994,JERKING,f77aab4d35fa
1775841404753,94415896952074,4.8626237,-2.0278888,7.4986396,0.25778514,-0.08674286,1.813048,JERKING,f77aab4d35fa
1775841404775,94415917002123,5.913678,-1.5059528,6.6989765,0.39950588,0.10873401,1.4404203,JERKING,f77aab4d35fa
1775841404815,94415937052172,4.1156325,-0.93134445,6.7324953,0.10262536,0.52656585,0.9957104,JERKING,f77aab4d35fa
1775841404822,94415957071703,2.468422,-1.340753,6.5361705,-0.32742378,0.5363397,0.6072,JERKING,f77aab4d35fa
1775841404832,94415977091235,2.5139117,-1.9656396,6.897695,-0.63163465,0.18081611,0.23090707,JERKING,f77aab4d35fa
1775841404862,94415997141283,3.6655228,-2.5450363,7.2304893,-0.6560693,-0.14660765,-0.028099801,JERKING,f77aab4d35fa
1775841404871,94416017252367,4.441244,-3.1052797,7.4268136,-0.41905355,-0.23090707,-0.12583824,JERKING,f77aab4d35fa
1775841404895,94416037332934,4.4196963,-3.3542767,7.893683,-0.05009095,-0.18692477,-0.095294975,JERKING,f77aab4d35fa
1775841404918,94416057382983,3.8666358,-3.3087866,8.075643,0.30787608,-0.14660765,-0.087964594,JERKING,f77aab4d35fa
1775841404935,94416077463549,3.6272156,-3.2752678,7.833828,0.5131268,-0.16615535,-0.12461651,JERKING,f77aab4d35fa
1775841404970,94416097544115,4.0557775,-3.2824504,7.467515,0.3371976,-0.25411993,-0.17104226,JERKING,f77aab4d35fa
1775841404975,94416117655199,4.855441,-3.70383,7.615956,-0.16493362,-0.3323107,-0.17348573,JERKING,f77aab4d35fa
1775841404992,94416137705248,5.427655,-4.3382936,7.8625584,-0.593761,-0.25167647,-0.13927728,JERKING,f77aab4d35fa
1775841405018,94416157755297,5.45878,-4.7740383,7.7548194,-0.6169739,-0.11728613,-0.015882496,JERKING,f77aab4d35fa
1775841405033,94416177805346,5.2265425,-5.0421886,7.8266454,-0.3640757,-0.009773844,0.1600467,JERKING,f77aab4d35fa
1775841405052,94416197885912,5.0996494,-5.1666875,8.147469,-0.22113322,0.056199603,0.31764993,JERKING,f77aab4d35fa
1775841405075,94416217966479,5.0254292,-4.9440265,8.422802,-0.22113322,0.13683382,0.4288274,JERKING,f77aab4d35fa
1775841405095,94416237986010,4.9105077,-5.2265425,8.834604,-0.39950588,0.24312437,0.5534439,JERKING,f77aab4d35fa
1775841405136,94416258066576,4.960786,-5.839458,8.640674,-0.68661255,0.35430184,0.74036866,JERKING,f77aab4d35fa
1775841405141,94416278147143,4.9464207,-6.6056023,8.995016,-0.61208695,0.41783184,0.9761627,JERKING,f77aab4d35fa
1775841405156,94416298227709,5.21936,-7.086837,9.3421755,-0.15027285,0.50701815,1.287704,JERKING,f77aab4d35fa
1775841405174,94416318247240,4.759673,-6.397307,9.109938,0.7281514,0.5497787,1.536937,JERKING,f77aab4d35fa
1775841405198,94416338297289,3.9217024,-5.0038815,8.722076,1.3231341,0.5571091,1.6859881,JERKING,f77aab4d35fa
1775841405215,94416358377856,3.0310593,-3.6822822,8.743625,1.2388347,0.593761,1.6517797,JERKING,f77aab4d35fa
1775841405235,94416378427904,2.1667526,-2.8203697,8.604761,0.8038987,0.63285637,1.4660766,JERKING,f77aab4d35fa
1775841405257,94416398477953,1.4030021,-2.7246015,8.267179,0.33353242,0.6206391,1.2327261,JERKING,f77aab4d35fa
1775841405293,94416418528002,1.0151415,-2.8682537,8.00621,0.02687807,0.59620446,0.98837996,JERKING,f77aab4d35fa
1775841405299,94416438578051,0.7158663,-2.9352913,7.8793178,-0.062308256,0.5363397,0.7367035,JERKING,f77aab4d35fa
1775841405314,94416458628100,0.18674773,-1.4556746,6.9144545,0.07086037,0.47525316,0.44837508,JERKING,f77aab4d35fa
1775841405344,94416478708666,-2.4732103,7.735666,-3.7541082,1.1496484,0.63285637,-0.31764993,JERKING,f77aab4d35fa
1775841405354,94416498789233,-20.38184,18.646044,-5.145139,4.6230283,1.6261233,-2.9639182,JERKING,f77aab4d35fa
1775841405375,94416518839281,-9.186552,8.173804,16.498444,3.1923819,-2.6316075,-5.191133,JERKING,f77aab4d35fa
1775841405397,94416538889330,16.579847,8.683769,11.585542,1.4905112,-9.358456,-8.261342,JERKING,f77aab4d35fa
1775841405415,94416558939379,36.41581,10.18254,-11.161768,-0.57787853,-8.533788,-8.263785,JERKING,f77aab4d35fa
1775841405436,94416578989428,44.723686,-43.691788,-7.726089,-5.117829,-3.659083,-4.1465535,JERKING,f77aab4d35fa
1775841405454,94416599039477,-1.721431,-18.459295,16.12016,-6.730513,8.888089,1.219287,JERKING,f77aab4d35fa
1775841405475,94416619120043,-15.895105,-11.365275,13.417107,0.16249016,2.1135938,1.8558086,JERKING,f77aab4d35fa
1775841405494,94416639139574,3.095703,-4.9823337,5.1355624,4.7268753,-1.9034561,2.6511552,JERKING,f77aab4d35fa
1775841405514,94416659250658,13.417107,0.8834604,3.442862,5.2656584,-2.687807,1.0409144,JERKING,f77aab4d35fa
1775841405536,94416679331225,15.26543,3.5218706,4.8578353,3.580892,-0.59864795,1.7898352,JERKING,f77aab4d35fa
1775841405557,94416699381274,6.7708025,2.6024973,7.78355,-0.013439035,1.7079792,1.1533136,JERKING,f77aab4d35fa
1775841405579,94416719461840,0.93613285,-0.31124622,9.41879,-2.701246,2.3628268,0.7122689,JERKING,f77aab4d35fa
1775841405596,94416739542406,0.47165772,-2.801216,9.030929,-3.395189,1.1814134,0.91629785,JERKING,f77aab4d35fa
1775841405616,94416759622973,3.8379054,-3.0454245,8.094796,-2.8295279,0.0842994,1.1386528,JERKING,f77aab4d35fa
1775841405635,94416779642504,5.7389016,-3.347094,7.5225816,-1.8606955,0.02321288,1.1154399,JERKING,f77aab4d35fa
1775841405658,94416799723071,5.681441,-3.5984852,7.551312,-1.0238101,0.42271876,0.9615019,JERKING,f77aab4d35fa
1775841405676,94416819773119,4.6950297,-4.072537,7.639898,-0.6365216,0.48258355,0.86498517,JERKING,f77aab4d35fa
1775841405696,94416839823168,4.307169,-3.6511576,7.541735,0.087964594,0.28221974,0.77213365,JERKING,f77aab4d35fa
1775841405717,94416859873217,5.0134583,-3.2010477,7.8745294,0.36651915,0.07696902,0.752586,JERKING,f77aab4d35fa
1775841405741,94416879923266,5.6120086,-3.5673606,8.578424,0.06719518,0.12950343,0.7806858,JERKING,f77aab4d35fa
1775841405777,94416899973315,5.518635,-4.096479,8.844181,-0.1441642,0.30176744,0.9334021,JERKING,f77aab4d35fa
1775841405783,94416919992846,5.0397944,-4.2185836,8.755595,-0.056199603,0.38973203,1.1679744,JERKING,f77aab4d35fa
1775841405798,94416940073412,4.292804,-4.027047,8.535329,0.1441642,0.44348818,1.3170254,JERKING,f77aab4d35fa
1775841405815,94416960092944,3.442862,-3.5290532,8.461109,0.29443705,0.47036624,1.3096951,JERKING,f77aab4d35fa
1775841405841,94416980112475,3.25372,-3.751714,8.415619,0.15271631,0.41538838,1.2583824,JERKING,f77aab4d35fa
1775841405858,94417000162524,3.8235402,-3.9600096,8.573636,-0.20891592,0.31887165,1.1911873,JERKING,f77aab4d35fa
1775841405877,94417020273608,4.1371803,-4.201824,8.63828,-0.40194935,0.3371976,1.1239921,JERKING,f77aab4d35fa
1775841405898,94417040323656,3.9384618,-4.510676,8.7125,-0.49357912,0.43860126,1.1325442,JERKING,f77aab4d35fa
1775841405933,94417060434740,3.3255463,-4.477157,8.822633,-0.49846604,0.5412266,1.1728612,JERKING,f77aab4d35fa
1775841405939,94417080484789,2.6288335,-4.31914,8.62152,-0.39095375,0.61819565,1.1777482,JERKING,f77aab4d35fa
1775841405956,94417100534838,1.9177556,-3.7804444,8.413225,-0.3115413,0.68783426,1.0629056,JERKING,f77aab4d35fa
1775841405982,94417120584887,1.2952632,-3.3518825,8.240842,-0.29077184,0.7452556,0.9101892,JERKING,f77aab4d35fa
1775841405997,94417140634936,0.6655881,-3.0597897,7.69257,-0.3323107,0.7244862,0.7318166,JERKING,f77aab4d35fa
1775841406016,94417160684985,0.48602295,-3.4811692,8.1642275,-0.1966986,0.70005155,0.52412236,JERKING,f77aab4d35fa
1775841406037,94417180735033,0.51235914,-3.3901896,8.599973,0.2284636,0.6414085,0.3200934,JERKING,f77aab4d35fa
1775841406057,94417200876635,0.63206923,-2.6120741,8.513782,0.79534656,0.5375614,0.14172074,JERKING,f77aab4d35fa
1775841406080,94417220926684,0.2753332,-1.1540052,7.627927,1.1044444,0.45204028,-0.10629055,JERKING,f77aab4d35fa
1775841406092,94417240976733,-1.1707647,2.4660277,4.0414124,1.5161675,0.46670106,-0.6609562,JERKING,f77aab4d35fa
1775841406119,94417261026781,-6.8186865,7.8386164,-1.6160861,2.9907963,0.65240407,-2.0329595,JERKING,f77aab4d35fa
1775841406133,94417281107348,-12.885593,8.415619,0.8451532,3.167947,-0.2846632,-3.2607987,JERKING,f77aab4d35fa
1775841406156,94417301187914,3.9624038,4.831499,11.824963,1.568702,-5.4696875,-5.553987,JERKING,f77aab4d35fa
1775841406177,94417321237963,18.53112,5.2265425,11.010934,0.172264,-7.965683,-7.093367,JERKING,f77aab4d35fa
1775841406199,94417341288012,32.4558,3.9719806,-2.0614076,-0.036651913,-6.966307,-8.056091,JERKING,f77aab4d35fa
1775841406214,94417361368578,36.9976,-42.14992,5.923255,1.7079792,-2.533869,-4.609589,JERKING,f77aab4d35fa
1775841406236,94417381418627,-10.833763,-7.773973,19.409794,-0.57787853,6.166074,0.07941248,JERKING,f77aab4d35fa
1775841406256,94417401499194,-4.1371803,-7.398083,14.71237,3.2314773,2.2247713,3.8716638,JERKING,f77aab4d35fa
1775841406282,94417421549242,12.864046,-0.7517793,6.0836663,3.554014,-1.5699236,2.1355848,JERKING,f77aab4d35fa
1775841406297,94417441568774,13.532028,0.1340753,6.1100025,2.411696,0.83199847,2.1868975,JERKING,f77aab4d35fa
1775841406318,94417461649340,7.845799,1.2665327,8.3150625,0.5448918,2.0916026,2.316401,JERKING,f77aab4d35fa
1775841406338,94417481729906,4.7907977,-0.12928689,9.64145,-0.96883225,2.2797492,2.2736404,JERKING,f77aab4d35fa
1775841406357,94417501779955,4.522647,0.06464344,9.988609,-1.0311406,1.9498819,2.2052236,JERKING,f77aab4d35fa
1775841406380,94417521830004,4.5753193,0.14844051,9.445126,-0.8246681,1.7690657,2.1160371,JERKING,f77aab4d35fa
1775841406401,94417541910571,3.7900212,-0.14604631,8.671799,-0.83077675,1.7690657,1.9938642,JERKING,f77aab4d35fa
1775841406419,94417561991137,3.0669725,-0.5626374,8.1163435,-0.7684685,1.6468927,1.8961257,JERKING,f77aab4d35fa
1775841406437,94417582071703,2.3175871,-0.62249243,8.224083,-0.65240407,1.4404203,1.736079,JERKING,f77aab4d35fa
1775841406465,94417602152270,1.5610195,-0.6584055,8.224083,-0.46181414,1.1948525,1.5247196,JERKING,f77aab4d35fa
1775841406477,94417622232836,1.1971009,-0.8714894,8.506598,-0.36896262,0.97249746,1.2461652,JERKING,f77aab4d35fa
1775841406499,94417642282885,1.4437037,-0.80445176,8.568848,-0.3726278,0.71593404,0.9969321,JERKING,f77aab4d35fa
1775841406519,94417662393969,2.0733786,-0.7110779,8.760384,-0.37751472,0.5338962,0.84665924,JERKING,f77aab4d35fa
1775841406542,94417682474535,2.1811178,-0.6967127,9.038112,-0.35308012,0.46303585,0.7733554,JERKING,f77aab4d35fa
1775841406577,94417702585619,1.4413095,-0.38307226,9.277532,-0.19914207,0.44959682,0.6817256,JERKING,f77aab4d35fa
1775841406584,94417722635668,0.11492168,1.0247183,7.4004774,0.118507855,0.45570546,0.45570546,JERKING,f77aab4d35fa
1775841406600,94417742716235,-3.4811692,6.232107,-1.3215994,0.9114109,0.68294734,-0.3371976,JERKING,f77aab4d35fa
1775841406618,94417762766283,-13.984532,13.012486,-1.1133038,1.6041322,0.66339964,-1.9352211,JERKING,f77aab4d35fa
1775841406645,94417782846850,-3.9695864,8.736442,8.92319,-0.13561209,-3.1337388,-3.5735617,JERKING,f77aab4d35fa
1775841406660,94417802866381,9.3182335,2.9137435,9.636662,-2.4581218,-6.2760296,-5.7946677,JERKING,f77aab4d35fa
1775841406680,94417822946947,15.907076,-0.20111294,-2.6791117,-5.199685,-5.602856,-6.289469,JERKING,f77aab4d35fa
1775841406702,94417843027514,32.328907,-0.6823475,2.4372973,-4.9284606,-5.312084,-7.6077156,JERKING,f77aab4d35fa
1775841406738,94417863077563,28.395231,-40.232166,-1.2401965,-6.4629545,-0.6792821,-2.6426032,JERKING,f77aab4d35fa
1775841406744,94417883158129,-4.9296613,-14.887146,20.779276,-8.924741,5.396384,0.21624629,JERKING,f77aab4d35fa
1775841406761,94417903208178,-8.760384,-16.072275,11.250354,0.36163223,0.4202753,1.6969837,JERKING,f77aab4d35fa
1775841406780,94417923319262,8.525752,-9.742006,3.3327289,5.5491,-2.3151793,3.7348301,JERKING,f77aab4d35fa
1775841406798,94417943369311,12.713211,-1.970428,4.2880154,6.673092,-1.4489723,2.2162192,JERKING,f77aab4d35fa
1775841406819,94417963419360,9.962274,3.7229836,9.260772,4.048815,0.73914695,2.0317378,JERKING,f77aab4d35fa
1775841406841,94417983469408,7.043741,4.3718123,10.271125,1.8264871,1.2925909,1.9401081,JERKING,f77aab4d35fa
1775841406861,94418003549975,3.086126,0.6464345,10.500969,-1.8924606,1.5613716,1.9144517,JERKING,f77aab4d35fa
1775841406895,94418023600024,3.0023289,-2.743755,10.038888,-2.9223793,1.0299188,1.5454891,JERKING,f77aab4d35fa
1775841406900,94418043650072,4.6351743,-3.667917,8.76996,-1.5015068,0.48502702,1.4770721,JERKING,f77aab4d35fa
1775841406918,94418063669604,4.900931,-2.705448,7.5225816,0.24801129,0.4728097,1.3658947,JERKING,f77aab4d35fa
1775841406939,94418083719653,3.6990416,-2.2242134,7.5225816,0.46792278,0.70005155,1.0580186,JERKING,f77aab4d35fa
1775841406959,94418103830737,3.1316159,-2.954445,7.6255326,-0.29443705,0.5546656,0.816116,JERKING,f77aab4d35fa
1775841406979,94418123880785,3.7325604,-4.3766007,6.9886746,-0.87598073,0.2565634,0.6939429,JERKING,f77aab4d35fa
1775841407001,94418143930834,4.185065,-4.9799395,7.4387846,-0.8576548,0.13439035,0.5656612,JERKING,f77aab4d35fa
1775841407021,94418163950365,4.2185836,-5.149928,7.2687964,-0.44715336,0.17470746,0.5729916,JERKING,f77aab4d35fa
1775841407042,94418184000414,4.0557775,-5.056554,7.2185183,-0.105068825,0.17592919,0.7611381,JERKING,f77aab4d35fa
1775841407066,94418204080981,3.6415808,-5.3582234,8.025364,0.3408628,0.27000242,0.8222246,JERKING,f77aab4d35fa
1775841407087,94418224100512,2.80361,-5.0038815,8.159439,0.68294734,0.4007276,0.8527679,JERKING,f77aab4d35fa
1775841407101,94418244150561,2.0973208,-4.644751,7.33344,0.69027776,0.43127087,0.77091193,JERKING,f77aab4d35fa
1775841407127,94418264200610,2.195483,-4.9081135,7.3669586,0.13072516,0.36896262,0.68294734,JERKING,f77aab4d35fa
1775841407141,94418284220141,3.1435869,-6.169858,8.015787,-0.47525316,0.2565634,0.7098254,JERKING,f77aab4d35fa
1775841407162,94418304300707,4.3837833,-7.785944,8.525752,-0.81000733,0.22479841,1.0079277,JERKING,f77aab4d35fa
1775841407183,94418324350756,4.6495395,-8.662222,8.564059,-0.71593404,0.40317106,1.382999,JERKING,f77aab4d35fa
1775841407202,94418344370287,4.0318356,-8.59279,8.372523,-0.30909783,0.6365216,1.7079792,JERKING,f77aab4d35fa
1775841407226,94418364389819,3.0119057,-7.654263,8.451532,-0.013439035,0.829555,1.9633209,JERKING,f77aab4d35fa
1775841407240,94418384409350,2.291251,-6.2704144,8.200141,-0.056199603,1.0103711,2.0769417,JERKING,f77aab4d35fa
1775841407263,94418404459399,1.1061212,-5.020641,7.599196,-0.4361578,1.1985176,2.0451767,JERKING,f77aab4d35fa
1775841407280,94418424509447,-0.5363012,-4.1611223,7.4483614,-0.79779,1.3585643,1.8362609,JERKING,f77aab4d35fa
1775841407301,94418444590014,-1.7190368,-3.7445314,7.4483614,-0.8381071,1.2718215,1.5894713,JERKING,f77aab4d35fa
1775841407322,94418464670580,-2.1021092,-3.2992098,7.2424603,-0.5326745,1.001819,1.3377949,JERKING,f77aab4d35fa
1775841407342,94418484720629,-2.0566192,-2.645593,6.9527617,-0.10140363,0.72692966,1.0580186,JERKING,f77aab4d35fa
1775841407390,94418504770678,-2.3439236,-1.9129672,6.777985,0.26633725,0.5448918,0.6585127,JERKING,f77aab4d35fa
1775841407398,94418524820727,-2.767697,-1.0055647,6.8522053,0.56321776,0.36651915,0.16737708,JERKING,f77aab4d35fa
1775841407404,94418544901293,-2.9257145,0.21787235,6.531382,0.82833326,0.103847094,-0.37507126,JERKING,f77aab4d35fa
1775841407421,94418564951342,-3.4356794,3.8786068,1.8579005,1.2925909,-0.13194689,-1.1239921,JERKING,f77aab4d35fa
1775841407442,94418584970873,-8.264784,8.607155,-3.2010477,2.7134633,-0.14782938,-2.6731462,JERKING,f77aab4d35fa
1775841407466,94418605081957,-11.269507,7.8912888,8.121132,3.5234706,-1.6187929,-4.754975,JERKING,f77aab4d35fa
1775841407482,94418625162524,3.3135753,4.999093,13.223176,1.9938642,-6.06467,-6.2906904,JERKING,f77aab4d35fa
1775841407502,94418645243090,16.543934,6.4044895,-2.2026656,-0.37018433,-7.9351397,-7.330383,JERKING,f77aab4d35fa
1775841407520,94418665262621,37.56263,9.138668,-5.0757074,-1.9840903,-8.291884,-8.627861,JERKING,f77aab4d35fa
1775841407543,94418685282153,45.315056,-52.772995,-5.566519,-5.5271087,-3.5075881,-4.4128904,JERKING,f77aab4d35fa
1775841407560,94418705332201,-0.79487497,-16.060305,14.358027,-7.0054026,7.924144,-0.29932398,JERKING,f77aab4d35fa
1775841407582,94418725382250,-19.405005,-16.599,14.511256,-1.6077974,1.8558086,0.9297369,JERKING,f77aab4d35fa
1775841407600,94418745432299,2.3774424,-9.074024,4.9655743,3.630983,-1.6945401,2.6719246,JERKING,f77aab4d35fa
1775841407623,94418765482348,11.956643,-5.121197,3.4452562,5.6553903,-2.71102,0.97127575,JERKING,f77aab4d35fa
1775841407642,94418785532397,13.515268,0.059855044,6.849811,4.4128904,-0.81489426,1.3048081,JERKING,f77aab4d35fa
1775841407664,94418805612963,7.3190746,0.9648633,9.643845,1.2437216,0.84299403,0.8857546,JERKING,f77aab4d35fa
1775841407707,94418825663012,2.2984335,-2.8754363,10.228029,-1.4294246,1.7482964,0.54733527,JERKING,f77aab4d35fa
1775841407714,94418845743578,2.4349031,-6.2249246,9.445126,-1.7922786,0.93828905,0.88331115,JERKING,f77aab4d35fa
1775841407725,94418865763110,6.007052,-6.054936,8.200141,-0.41783184,0.096516706,1.3854424,JERKING,f77aab4d35fa
1775841407742,94418885874194,6.8282633,-3.8259344,7.0724716,0.7538077,0.15393804,1.3158038,JERKING,f77aab4d35fa
1775841407770,94418905924242,5.1786585,-2.5450363,6.3422403,0.5546656,0.5497787,1.073901,JERKING,f77aab4d35fa
1775841407781,94418925943774,3.5194764,-3.3303347,6.7253127,-0.42394048,0.6927212,0.93828905,JERKING,f77aab4d35fa
1775841407803,94418945993822,3.7229836,-4.8458643,6.7444663,-1.0396926,0.42638394,0.89552844,JERKING,f77aab4d35fa
1775841407821,94418966074389,5.195418,-6.3781533,6.981492,-0.657291,0.18936823,1.0152581,JERKING,f77aab4d35fa
1775841407842,94418986154955,5.619191,-6.021417,8.015787,0.19914207,0.25900686,1.2327261,JERKING,f77aab4d35fa
1775841407863,94419006205004,4.853047,-4.4484267,8.686164,0.65484756,0.41538838,1.4624114,JERKING,f77aab4d35fa
1775841407882,94419026255053,4.2401314,-3.9073372,8.935161,0.50823987,0.516792,1.6236799,JERKING,f77aab4d35fa
1775841407903,94419046335619,3.1387985,-4.027047,8.738836,0.18936823,0.6414085,1.6065756,JERKING,f77aab4d35fa
1775841407922,94419066416186,1.8579005,-4.256891,8.298303,-0.07452556,0.7892379,1.4294246,JERKING,f77aab4d35fa
1775841407943,94419086466235,1.1492168,-4.8817773,8.360553,-0.3115413,0.8197812,1.2461652,JERKING,f77aab4d35fa
1775841407962,94419106546801,1.1683705,-5.8226986,8.540117,-0.5900958,0.70005155,1.1911873,JERKING,f77aab4d35fa
1775841407990,94419126627367,1.7788919,-6.215348,8.62152,-0.63041294,0.60231316,1.1936307,JERKING,f77aab4d35fa
1775841408017,94419146677416,2.4660277,-6.6271505,8.655039,-0.45204028,0.51923543,1.2388347,JERKING,f77aab4d35fa
1775841408025,94419166788500,2.3750482,-6.4044895,8.317456,-0.1282817,0.5326745,1.3292428,JERKING,f77aab4d35fa
1775841408043,94419186869067,1.6017209,-5.2744265,8.025364,0.18325958,0.5900958,1.3329079,JERKING,f77aab4d35fa
1775841408082,94419206919115,1.1755531,-4.771644,7.941567,0.23579398,0.6450737,1.3365731,JERKING,f77aab4d35fa
1775841408087,94419227030199,0.5650316,-4.000711,8.056489,0.034208454,0.6768387,1.2730432,JERKING,f77aab4d35fa
1775841408098,94419247110766,-0.19153613,-3.277662,7.9224133,-0.0842994,0.73426,1.102001,JERKING,f77aab4d35fa
1775841408117,94419267160815,-0.91458505,-2.9041667,7.747637,-0.16737708,0.7171558,0.9285152,JERKING,f77aab4d35fa
1775841408140,94419287271899,-1.328782,-1.6328455,7.091625,-0.034208454,0.6133087,0.66828656,JERKING,f77aab4d35fa
1775841408162,94419307291430,-2.7940333,3.4213142,1.30484,0.91874135,0.70738196,0.062308256,JERKING,f77aab4d35fa
1775841408180,94419327341479,-12.1840925,16.486473,-11.073183,3.5027013,1.2168436,-1.582141,JERKING,f77aab4d35fa
1775841408199,94419347391528,-29.439104,18.705898,8.121132,4.874705,0.9138544,-3.8606684,JERKING,f77aab4d35fa
1775841408221,94419367502612,8.561666,8.590396,13.860034,2.3054054,-8.1012945,-6.8294735,JERKING,f77aab4d35fa
1775841408243,94419387583178,26.197355,3.3758245,4.4963107,0.35185838,-9.440311,-7.6077156,JERKING,f77aab4d35fa
1775841408264,94419407663744,39.279274,6.9120603,-9.595961,-3.716504,-7.5808377,-7.756767,JERKING,f77aab4d35fa
1775841408283,94419427713793,36.6265,-62.57725,-7.855376,-5.883854,-2.1245892,-3.6639698,JERKING,f77aab4d35fa
1775841408304,94419447824877,-10.99178,-18.243816,26.79351,-6.4934974,8.449488,0.78801614,JERKING,f77aab4d35fa
1775841408342,94419467874926,-6.4284315,-14.094666,10.905589,1.5674802,0.5009095,3.5051448,JERKING,f77aab4d35fa
1775841408348,94419487894457,10.335769,-7.5680714,4.924873,3.2803464,-2.4251351,4.2589526,JERKING,f77aab4d35fa
1775841408364,94419508005541,16.49126,-5.3558292,3.3135753,3.314555,-1.0629056,3.9461894,JERKING,f77aab4d35fa
1775841408384,94419528055590,13.6493435,-1.8650831,5.4324436,2.5546384,0.8246681,4.2088614,JERKING,f77aab4d35fa
1775841408403,94419548105639,7.6973586,-0.29688102,9.390059,0.8002335,2.2492058,3.6932912,JERKING,f77aab4d35fa
1775841408425,94419568186205,3.8043866,-0.9935937,10.630256,-0.59131753,2.35794,3.3011158,JERKING,f77aab4d35fa
1775841408444,94419588297289,3.4117374,-3.4763808,10.477027,-1.5406022,1.7116444,3.3829718,JERKING,f77aab4d35fa
1775841408464,94419608347338,3.5793316,-4.0821137,9.105149,-1.613906,1.4159856,3.1227431,JERKING,f77aab4d35fa
1775841408485,94419628366869,2.291251,-3.9959226,8.564059,-0.79901177,1.4697418,2.896723,JERKING,f77aab4d35fa
1775841408504,94419648386401,0.36870706,-4.426879,9.165004,-0.2968805,1.5467108,2.6535985,JERKING,f77aab4d35fa
1775841408522,94419668497485,-0.8355764,-4.7860093,9.414001,-0.48624873,1.4672983,2.3945918,JERKING,f77aab4d35fa
1775841408542,94419688578051,-1.0893618,-4.465186,8.456321,-0.7965683,1.287704,2.1502457,JERKING,f77aab4d35fa
1775841408562,94419708628100,-1.2162545,-4.2185836,7.620744,-1.0848967,1.2315043,1.8558086,JERKING,f77aab4d35fa
1775841408584,94419728708666,-1.4053963,-3.8498764,7.1227503,-1.2070698,1.1276573,1.6236799,JERKING,f77aab4d35fa
1775841408608,94419748789233,-1.460463,-3.2345665,6.9144545,-0.8417723,0.93584555,1.3768903,JERKING,f77aab4d35fa
1775841408629,94419768808764,-1.9201498,-2.3750482,6.7348895,-0.25411993,0.8038987,1.1398746,JERKING,f77aab4d35fa
1775841408667,94419788919848,-2.9376855,-0.8451532,5.389348,0.344528,0.7635816,0.7867944,JERKING,f77aab4d35fa
1775841408673,94419808939379,-5.281609,6.054936,-1.3503298,1.3561208,0.8222246,0.05131268,JERKING,f77aab4d35fa
1775841408686,94419829019946,-15.519216,13.800179,-7.48188,3.40985,1.2339478,-1.6530013,JERKING,f77aab4d35fa
1775841408707,94419849039477,-16.038757,7.9631147,3.7421372,1.2913691,-1.1472049,-2.406809,JERKING,f77aab4d35fa
1775841408726,94419869120043,0.91937345,8.212111,11.001357,-0.78801614,-5.93761,-5.7409115,JERKING,f77aab4d35fa
1775841408745,94419889200610,5.66947,4.900931,5.8083334,-0.74036866,-6.0768876,-7.0457196,JERKING,f77aab4d35fa
1775841408768,94419909250658,10.359711,2.966416,-6.8809357,-2.910162,-5.2705455,-8.045095,JERKING,f77aab4d35fa
1775841408790,94419929300707,58.16713,-13.036428,18.454506,-4.4177775,-9.619905,-8.927185,JERKING,f77aab4d35fa
1775841408828,94419949381274,38.695087,-34.21793,1.910573,0.41905355,-2.4019222,-3.9364157,JERKING,f77aab4d35fa
1775841408836,94419969461840,4.8602295,-17.638084,13.946225,-0.80756384,7.6016073,0.89919364,JERKING,f77aab4d35fa
1775841408849,94419989542406,-6.2392898,-11.3964,9.306262,-3.2669072,2.669481,1.5406022,JERKING,f77aab4d35fa
1775841408866,94420009622973,4.0174704,-11.60709,8.418014,-0.4202753,0.47036624,4.577824,JERKING,f77aab4d35fa
1775841408894,94420029673022,12.799402,-7.2209125,4.735731,1.858252,-0.6743952,4.0146065,JERKING,f77aab4d35fa
1775841408906,94420049723071,11.765107,-1.3623008,4.1539397,2.0048597,0.41172317,3.2669072,JERKING,f77aab4d35fa
1775841408926,94420069803637,5.884948,-0.24660277,7.067683,0.25778514,2.0781636,2.6120598,JERKING,f77aab4d35fa
1775841408949,94420089853686,0.25378537,-1.9560628,7.809886,-1.0836749,2.5094345,1.9071213,JERKING,f77aab4d35fa
1775841408991,94420109903735,-1.9153614,-3.6655228,6.2105594,-0.93951076,1.8069394,1.4648548,JERKING,f77aab4d35fa
1775841409001,94420129953783,-1.091756,-3.7086184,5.0374002,0.017104227,0.8332202,1.1410962,JERKING,f77aab4d35fa
1775841409013,94420150003832,0.6751649,-3.8786068,5.853823,0.35796702,0.29810223,0.829555,JERKING,f77aab4d35fa
1775841409027,94420170053881,1.5442601,-4.8219223,7.0126166,0.11362094,0.24801129,0.4886922,JERKING,f77aab4d35fa
1775841409046,94420190103930,0.78529817,-6.160281,6.6295447,-0.019547688,0.46181414,0.32742378,JERKING,f77aab4d35fa
1775841409072,94420210153979,0.545878,-6.5146227,6.445191,-0.36651915,0.516792,0.27855456,JERKING,f77aab4d35fa
1775841409086,94420230265063,1.9393034,-6.8402343,6.1746464,-0.95905846,0.36651915,0.33964106,JERKING,f77aab4d35fa
1775841409108,94420250315112,2.9233203,-7.0485296,6.4404025,-1.351234,0.32986724,0.48258355,JERKING,f77aab4d35fa
1775841409129,94420270365160,4.3598413,-7.1155677,6.4380083,-1.3231341,0.40317106,0.59498274,JERKING,f77aab4d35fa
1775841409152,94420290415209,3.8714242,-6.9240313,6.129156,-0.95905846,0.6096435,0.90408057,JERKING,f77aab4d35fa
1775841409165,94420310465258,1.7142484,-6.459556,6.0621185,-0.6719518,0.79045963,1.0873401,JERKING,f77aab4d35fa
1775841409192,94420330545824,0.12449849,-6.859388,6.133945,-0.63041294,0.752586,1.2180653,JERKING,f77aab4d35fa
1775841409206,94420350595873,0.019153614,-7.6015906,6.399701,-0.57910025,0.49357912,1.2657127,JERKING,f77aab4d35fa
1775841409226,94420370645922,0.79966336,-7.762002,6.0621185,-0.5522222,0.267559,1.3695599,JERKING,f77aab4d35fa
1775841409248,94420390726488,0.22026655,-8.145074,5.710171,-0.61208695,0.2846632,1.4807373,JERKING,f77aab4d35fa
1775841409272,94420410746020,-0.8355764,-9.631873,6.7253127,-0.8063421,0.3359759,1.5479325,JERKING,f77aab4d35fa
1775841409290,94420430826586,-0.6344634,-10.460267,7.2328835,-1.0482447,0.18203785,1.7482964,JERKING,f77aab4d35fa
1775841409313,94420450907153,-0.9959879,-9.986216,6.8282633,-0.6267477,0.11362094,1.8765781,JERKING,f77aab4d35fa
1775841409328,94420470957201,-2.0111294,-8.966286,6.909666,-0.15393804,0.33964106,1.9865338,JERKING,f77aab4d35fa
1775841409359,94420491037768,-2.7700913,-8.669404,7.074866,-0.052534413,0.49235737,2.0732768,JERKING,f77aab4d35fa
1775841409366,94420511087817,-2.597709,-9.078813,8.183381,-0.1966986,0.49235737,2.1368067,JERKING,f77aab4d35fa
1775841409388,94420531168383,-1.5993267,-8.954314,8.0445175,-0.48502702,0.45081854,2.3652701,JERKING,f77aab4d35fa
1775841409409,94420551218432,-1.1444284,-8.702923,8.305486,-0.20158553,0.61819565,2.533869,JERKING,f77aab4d35fa
1775841409428,94420571298998,-1.7501614,-6.5625067,6.7133417,0.18325958,0.8784242,2.7269025,JERKING,f77aab4d35fa
1775841409452,94420591318529,-2.9257145,-4.510676,5.5737014,0.82833326,0.99204516,2.6780334,JERKING,f77aab4d35fa
1775841409473,94420611368578,-4.0581717,-1.6400281,4.5034933,1.3292428,0.8686504,2.5130997,JERKING,f77aab4d35fa
1775841409490,94420631418627,-6.423643,10.891224,-5.6790466,2.8429668,0.752586,1.7189748,JERKING,f77aab4d35fa
1775841409521,94420651499194,-22.88378,27.78471,-8.887277,6.2442646,1.2473868,-0.35308012,JERKING,f77aab4d35fa
1775841409528,94420671549242,-7.750031,18.38268,7.098808,2.348166,-3.554014,-2.2149973,JERKING,f77aab4d35fa
1775841409544,94420691568774,-0.51954174,23.728933,3.0262709,2.483778,-5.952271,-7.3462653,JERKING,f77aab4d35fa
1775841409564,94420711649340,-3.7708676,6.9838862,1.5514427,1.5467108,-4.266283,-8.2210245,JERKING,f77aab4d35fa
1775841409585,94420731699389,8.796297,0.5722142,-6.0716953,-7.3059483,-6.8013735,-7.865501,JERKING,f77aab4d35fa
1775841409608,94420751810473,78.096466,-78.07731,-12.045229,-8.550892,-9.487959,-2.6181684,JERKING,f77aab4d35fa
1775841409630,94420771830004,15.856798,-18.650831,13.069947,5.1740284,6.872234,-0.6365216,JERKING,f77aab4d35fa
1775841409657,94420791880053,-3.181894,-16.354792,7.5345526,-1.5259414,4.565607,0.19303341,JERKING,f77aab4d35fa
1775841409667,94420811899584,-15.258247,-18.373104,5.386954,-3.1520646,3.0079005,2.4092526,JERKING,f77aab4d35fa
1775841409687,94420831980151,-5.1930237,-5.746084,5.693412,1.4892895,1.3732251,3.0641,JERKING,f77aab4d35fa
1775841409708,94420851999682,0.93613285,0.18435353,4.0462008,2.8674014,-0.28710666,2.6328292,JERKING,f77aab4d35fa
1775841409729,94420872049731,-1.6041151,2.597709,3.775656,2.1832323,1.1007792,1.2156218,JERKING,f77aab4d35fa
1775841409753,94420892130297,-7.285556,1.6639702,4.9320555,0.23457226,2.1111503,0.111177474,JERKING,f77aab4d35fa
1775841409773,94420912180346,-7.240066,-1.4915876,4.4699745,-1.4257594,0.9761627,-0.45570546,JERKING,f77aab4d35fa
1775841409791,94420932199877,-2.4037786,-4.829105,4.477157,-1.7373008,-0.32375857,-0.766025,JERKING,f77aab4d35fa
1775841409808,94420952249926,1.448492,-7.7787614,5.0637364,-1.3451253,-0.6059783,-0.72204274,JERKING,f77aab4d35fa
1775841409842,94420972361010,2.4588451,-9.861717,5.827487,-0.52656585,-0.16615535,-0.68783426,JERKING,f77aab4d35fa
1775841409848,94420992441576,0.9935937,-9.7084875,6.495469,-0.008552114,0.22235495,-0.5155703,JERKING,f77aab4d35fa
1775841409868,94421012461108,-0.45250413,-9.277532,6.7109475,0.10629055,0.27366763,-0.30176744,JERKING,f77aab4d35fa
1775841409890,94421032511156,-0.10534488,-9.028535,6.7923503,-0.17470746,-0.004886922,-0.08674286,JERKING,f77aab4d35fa
1775841409914,94421052591723,0.60094464,-8.561666,6.435614,-0.22968534,-0.16982053,0.07819075,JERKING,f77aab4d35fa
1775841409952,94421072672289,0.1316811,-7.5201874,6.291962,-0.008552114,-0.0720821,0.18325958,JERKING,f77aab4d35fa
1775841409959,94421092722338,-0.7182605,-6.8426285,6.6391215,0.21624629,0.057421334,0.1685988,JERKING,f77aab4d35fa
1775841409973,94421112833422,-1.283292,-6.5936313,6.2704144,0.31031954,0.061086524,0.10995574,JERKING,f77aab4d35fa
1775841409995,94421132883471,-1.6400281,-6.8905125,6.6271505,0.3567453,0.07086037,-0.019547688,JERKING,f77aab4d35fa
1775841410012,94421152964037,-1.5394717,-7.4603324,6.859388,0.087964594,0.04886922,-0.061086524,JERKING,f77aab4d35fa
1775841410032,94421173075121,-0.8690952,-8.348581,6.7324953,-0.13683382,-0.05009095,-0.013439035,JERKING,f77aab4d35fa
1775841410048,94421193125170,-0.15083471,-9.406818,6.909666,-0.17592919,-0.05375614,0.13927728,JERKING,f77aab4d35fa
1775841410072,94421213175219,0.21308395,-10.041282,7.098808,-0.089186326,0.07819075,0.31642818,JERKING,f77aab4d35fa
1775841410091,94421233225268,0.5506664,-9.859323,6.9000893,-0.02687807,0.19425514,0.5448918,JERKING,f77aab4d35fa
1775841410106,94421253305834,0.41180268,-9.141062,6.291962,0.04520403,0.35430184,0.73792523,JERKING,f77aab4d35fa
1775841410124,94421273386401,-0.80684596,-7.699753,5.920861,0.105068825,0.63041294,0.8038987,JERKING,f77aab4d35fa
1775841410147,94421293405932,-2.4660277,-6.531382,5.602432,0.12583824,0.893085,0.70249504,JERKING,f77aab4d35fa
1775841410168,94421313486498,-3.8235402,-5.619191,5.2983685,0.05009095,0.93951076,0.54000485,JERKING,f77aab4d35fa
1775841410189,94421333536547,-4.7860093,-4.891354,5.3558292,0.065973446,0.8344419,0.29077184,JERKING,f77aab4d35fa
1775841410210,94421353617113,-5.753267,-4.5992613,5.8466406,0.13561209,0.6585127,0.040317107,JERKING,f77aab4d35fa
1775841410233,94421373697680,-6.5241995,-3.3135753,5.544971,0.56688297,0.46181414,-0.27122417,JERKING,f77aab4d35fa
1775841410253,94421393717211,-7.678205,0.10534488,3.6870706,1.6896533,0.3848451,-0.8014552,JERKING,f77aab4d35fa
1775841410275,94421413797778,-10.697293,4.8267107,0.5626374,3.0127873,0.3640757,-1.6688838,JERKING,f77aab4d35fa
1775841410290,94421433878344,-13.12262,7.398083,-0.7565677,3.5014796,0.17715092,-2.2504275,JERKING,f77aab4d35fa
1775841410316,94421453958910,-14.312538,9.9550905,1.0702082,3.186273,-2.6340508,-4.5668287,JERKING,f77aab4d35fa
1775841410329,94421474008959,-5.2002063,7.4723034,8.226477,2.8026497,-4.083023,-5.540548,JERKING,f77aab4d35fa
1775841410351,94421494059008,4.783615,5.056554,7.680599,1.5882497,-6.476393,-6.858795,JERKING,f77aab4d35fa
1775841410371,94421514170092,16.191986,6.0046577,-4.948815,0.42760566,-8.196589,-8.073195,JERKING,f77aab4d35fa
1775841410390,94421534189623,75.16117,-8.798691,9.28232,-0.6084218,-9.688323,-8.2246895,JERKING,f77aab4d35fa
1775841410412,94421554239672,28.936321,-33.918655,2.4851813,0.35918877,-0.6768387,-4.2821655,JERKING,f77aab4d35fa
1775841410441,94421574320238,2.9783869,-14.7794075,15.492879,-1.5296066,6.278473,-0.09896017,JERKING,f77aab4d35fa
1775841410450,94421594370287,-2.6862943,-11.580753,10.5680065,-3.1923819,2.605951,3.3084462,JERKING,f77aab4d35fa
1775841410480,94421614450854,10.812215,-11.6908865,7.5824366,-0.42271876,-0.02565634,5.453805,JERKING,f77aab4d35fa
1775841410490,94421634561938,16.522387,-5.7389016,3.217807,2.8527408,-0.81245077,5.126381,JERKING,f77aab4d35fa
1775841410510,94421654642504,14.156915,1.3479356,3.9839516,2.475226,0.8014552,4.541172,JERKING,f77aab4d35fa
1775841410532,94421674692553,6.469133,1.8531121,6.4140663,0.14049901,2.856406,3.739717,JERKING,f77aab4d35fa
1775841410552,94421694773119,0.16759412,0.34955344,7.4866686,-1.7275269,3.037222,3.0298917,JERKING,f77aab4d35fa
1775841410572,94421714853686,-3.3423057,-2.0949266,7.0485296,-2.1587977,2.2455406,2.4984388,JERKING,f77aab4d35fa
1775841410590,94421734873217,-3.4356794,-3.892972,6.9240313,-1.6371188,1.0690142,2.1600194,JERKING,f77aab4d35fa
1775841410610,94421754923266,-1.4413095,-4.948815,7.536947,-0.93584555,0.2724459,1.8985692,JERKING,f77aab4d35fa
1775841410636,94421775003832,-0.5770026,-5.437232,7.6135616,-0.47891834,0.13683382,1.5845845,JERKING,f77aab4d35fa
1775841410650,94421795053881,-2.2816741,-5.427655,7.8027034,-0.11362094,0.43371433,1.2767084,JERKING,f77aab4d35fa
1775841410672,94421815103930,-3.7900212,-6.4906807,7.943961,-0.12950343,0.6218608,1.0543534,JERKING,f77aab4d35fa
1775841410694,94421835184496,-2.9257145,-7.153875,7.4842744,-0.53023106,0.31764993,1.0384709,JERKING,f77aab4d35fa
1775841410713,94421855265063,-1.4796166,-6.1985884,6.8785415,-0.4007276,0.14538592,0.97127575,JERKING,f77aab4d35fa
1775841410759,94421875315112,-1.2378023,-5.1235914,7.0341644,-0.061086524,0.28955013,0.8686504,JERKING,f77aab4d35fa
1775841410768,94421895334643,-2.5187001,-3.7828386,6.9479733,0.087964594,0.43249258,0.70371675,JERKING,f77aab4d35fa
1775841410776,94421915384692,-4.3526587,-1.151611,5.2480903,0.68539083,0.52290064,0.28099802,JERKING,f77aab4d35fa
1775841410794,94421935434740,-7.606379,2.9712043,2.944868,1.9559906,0.6450737,-0.47036624,JERKING,f77aab4d35fa
1775841410816,94421955545824,-12.047623,4.9536033,4.3478703,2.7049112,0.44959682,-1.4159856,JERKING,f77aab4d35fa
1775841410832,94421975595873,-10.802638,3.3925838,6.5337763,1.46852,-1.097114,-2.2186625,JERKING,f77aab4d35fa
1775841410858,94421995706957,-5.3582234,0.58897364,7.261614,0.2443461,-2.77455,-3.1728342,JERKING,f77aab4d35fa
1775841410872,94422015757006,-2.7964275,-0.90500826,5.2600613,0.10751228,-3.2693508,-4.0280457,JERKING,f77aab4d35fa
1775841410904,94422035807055,-0.8523358,2.1380222,2.123657,0.8185594,-3.8289034,-5.054299,JERKING,f77aab4d35fa
1775841410914,94422055887621,7.015011,2.3008277,7.5106106,1.8619173,-5.4550266,-6.1782913,JERKING,f77aab4d35fa
1775841410932,94422075907153,33.336864,1.0175357,15.612589,2.1612413,-6.974859,-7.159341,JERKING,f77aab4d35fa
1775841410954,94422095957201,45.786713,-5.3318872,4.7405195,3.1874948,-4.128227,-7.0970325,JERKING,f77aab4d35fa
1775841410970,94422116037768,20.36029,-27.05448,4.51307,-1.563815,0.31642818,-5.4611354,JERKING,f77aab4d35fa
1775841410991,94422136087817,0.45968673,-19.912575,10.244789,-10.233214,5.436701,0.3921755,JERKING,f77aab4d35fa
1775841411014,94422156137865,-3.8426938,-11.003751,15.919047,-2.9846876,2.324953,2.375044,JERKING,f77aab4d35fa
1775841411033,94422176248949,12.119449,-5.403713,0.82121116,6.5448103,-2.7733283,3.119078,JERKING,f77aab4d35fa
1775841411077,94422196298998,15.71554,2.291251,-0.8619126,9.177639,-1.9278907,1.2290609,JERKING,f77aab4d35fa
1775841411086,94422216349047,8.674192,6.2991447,4.285621,5.575978,1.4990633,1.3035865,JERKING,f77aab4d35fa
1775841411093,94422236429613,2.5785553,2.5067291,6.7372837,0.7086037,2.3445008,2.0561724,JERKING,f77aab4d35fa
1775841411114,94422256479662,3.8714242,-1.3934253,7.9272017,-2.2467623,1.287704,2.2162192,JERKING,f77aab4d35fa
1775841411138,94422276529711,6.8689647,-3.7732618,7.750031,-2.3689353,0.3359759,2.3371704,JERKING,f77aab4d35fa
1775841411153,94422296579760,6.751649,-3.4500446,7.4627266,-0.9663888,0.516792,2.1612413,JERKING,f77aab4d35fa
1775841411172,94422316629809,5.2768207,-2.0733786,7.326257,0.1685988,0.75136423,1.8484782,JERKING,f77aab4d35fa
1775841411194,94422336679858,4.879383,-1.5634137,7.16824,0.21502456,0.63407815,1.7275269,JERKING,f77aab4d35fa
1775841411214,94422356760424,5.2361193,-2.1571758,7.177817,-0.3200934,0.50946164,1.6102408,JERKING,f77aab4d35fa
1775841411237,94422376779955,5.1762643,-3.1268275,7.8170686,-0.72204274,0.56688297,1.5406022,JERKING,f77aab4d35fa
1775841411254,94422396891039,4.7644615,-3.9336734,8.420407,-0.56199604,0.6597345,1.4257594,JERKING,f77aab4d35fa
1775841411276,94422416910571,4.280833,-3.8546648,8.396465,-0.05009095,0.6218608,1.3817772,JERKING,f77aab4d35fa
1775841411292,94422436960619,4.0677485,-3.550601,8.271967,0.28221974,0.52656585,1.3756685,JERKING,f77aab4d35fa
1775841411312,94422456980151,3.8139634,-3.3542767,7.855376,0.23823744,0.47647488,1.351234,JERKING,f77aab4d35fa
1775841411332,94422477060717,3.241749,-3.4883518,7.9463553,-0.018325957,0.52290064,1.2620476,JERKING,f77aab4d35fa
1775841411353,94422497110766,2.4995465,-3.7541082,8.207323,-0.30909783,0.5693264,1.0934488,JERKING,f77aab4d35fa
1775841411390,94422517191332,2.2888567,-4.3885717,8.520964,-0.59742624,0.49235737,0.97249746,JERKING,f77aab4d35fa
1775841411396,94422537241381,2.8754363,-5.221754,8.92319,-0.766025,0.35430184,0.9431759,JERKING,f77aab4d35fa
1775841411414,94422557321947,3.5338416,-5.4180784,8.693346,-0.7171558,0.28344148,1.0445796,JERKING,f77aab4d35fa
1775841411449,94422577371996,3.5745432,-5.3845596,8.429984,-0.43982297,0.3652974,1.142318,JERKING,f77aab4d35fa
1775841411455,94422597391528,3.3039982,-5.616797,8.566454,-0.344528,0.42638394,1.2009611,JERKING,f77aab4d35fa
1775841411476,94422617441576,2.954445,-5.758055,8.805874,-0.32986724,0.5009095,1.3109168,JERKING,f77aab4d35fa
1775841411495,94422637522143,2.765303,-5.499481,8.784326,-0.35063666,0.5143485,1.3866642,JERKING,f77aab4d35fa
1775841411515,94422657541674,2.1859062,-5.2385135,8.197746,-0.43982297,0.5888741,1.4428637,JERKING,f77aab4d35fa
1775841411559,94422677652758,1.4867992,-5.257667,8.1163435,-0.625526,0.7098254,1.4208726,JERKING,f77aab4d35fa
1775841411568,94422697702807,1.2210429,-6.0477533,8.384495,-0.75502944,0.7611381,1.409877,JERKING,f77aab4d35fa
1775841411579,94422717783373,1.2808979,-6.0118403,8.224083,-0.6646214,0.7367035,1.4905112,JERKING,f77aab4d35fa
1775841411595,94422737863940,0.91697925,-5.1259856,7.759608,-0.2846632,0.81489426,1.5173893,JERKING,f77aab4d35fa
1775841411614,94422757883471,-0.20350714,-3.7852328,7.290344,-0.012217305,0.95905846,1.4514158,JERKING,f77aab4d35fa
1775841411637,94422777933520,-1.3551182,-3.0573955,6.4380083,0.1685988,1.0433578,1.2779301,JERKING,f77aab4d35fa
1775841411655,94422797983569,-2.2744915,-2.504335,5.872977,0.38606682,1.0115929,1.065349,JERKING,f77aab4d35fa
1775841411676,94422818064135,-2.8419175,-1.484405,6.3206925,0.8185594,0.874759,0.7501425,JERKING,f77aab4d35fa
1775841411695,94422838114184,-3.5458126,1.103727,5.4085016,1.4721853,0.74036866,0.2321288,JERKING,f77aab4d35fa
1775841411722,94422858133715,-5.959168,6.9958572,0.107739076,2.6816983,0.9101892,-0.7134906,JERKING,f77aab4d35fa
1775841411737,94422878214281,-16.977283,17.173609,-7.965509,4.3640213,1.2266175,-2.3970351,JERKING,f77aab4d35fa
1775841411765,94422898264330,-15.47612,21.899763,2.7126305,3.8398988,-1.7018706,-3.7775908,JERKING,f77aab4d35fa
1775841411771,94422918344897,5.281609,13.716381,9.323022,3.137404,-7.2778487,-6.6804223,JERKING,f77aab4d35fa
1775841411795,94422938394946,7.48188,4.1635165,11.719617,2.886949,-8.405506,-7.643146,JERKING,f77aab4d35fa
1775841411814,94422958444994,15.255854,6.8186865,-3.7684734,0.7464773,-9.5881405,-8.715825,JERKING,f77aab4d35fa
1775841411836,94422978495043,78.07013,24.938005,6.0621185,2.3225098,-11.806804,-11.762821,JERKING,f77aab4d35fa
1775841411879,94422998545092,26.55888,-54.774548,-10.793061,-5.8581977,-0.6927212,-4.710993,JERKING,f77aab4d35fa
1775841411886,94423018595141,-11.786655,-20.958841,30.803799,-15.250862,7.4549994,0.14049901,JERKING,f77aab4d35fa
1775841411897,94423038645190,-6.6391215,-17.678785,17.547104,-5.875302,0.689056,3.5210273,JERKING,f77aab4d35fa
1775841411915,94423058664721,15.253459,-12.5504055,4.1419687,4.43366,-3.1447344,4.3224826,JERKING,f77aab4d35fa
1775841411936,94423078745287,16.927006,-2.468422,-0.5410896,11.046887,-2.0500638,2.4801128,JERKING,f77aab4d35fa
1775841411955,94423098825854,14.920665,5.8322754,3.6415808,10.411587,0.7452556,2.4715607,JERKING,f77aab4d35fa
1775841411974,94423118875903,6.215348,8.724471,6.703765,5.816659,3.1202996,1.8044959,JERKING,f77aab4d35fa
1775841411996,94423138925951,-0.34237084,5.8083334,7.3669586,1.1533136,3.35365,1.813048,JERKING,f77aab4d35fa
1775841412035,94423159006518,-0.14844051,2.3247697,7.7907324,-2.2724187,1.9938642,1.7629571,JERKING,f77aab4d35fa
1775841412041,94423179087084,2.825158,0.50278234,7.350199,-3.3939674,0.6976081,1.6603317,JERKING,f77aab4d35fa
1775841412056,94423199137133,3.8187518,-0.8331822,7.505822,-2.7940977,0.6768387,1.4245378,JERKING,f77aab4d35fa
1775841412082,94423219217699,2.1164744,-1.7286136,8.173804,-1.7507398,1.0861185,0.91874135,JERKING,f77aab4d35fa
1775841412095,94423239267748,0.9696517,-2.1523874,8.559271,-0.91507614,1.0140363,0.6047566,JERKING,f77aab4d35fa
1775841412114,94423259348315,1.9560628,-2.3511062,8.243237,-0.4654793,0.6047566,0.5888741,JERKING,f77aab4d35fa
1775841412134,94423279398363,4.024653,-2.6982653,7.8027034,-0.78801614,0.3567453,0.86132,JERKING,f77aab4d35fa
1775841412158,94423299448412,5.374983,-3.4524388,7.7931266,-1.5039502,0.47647488,1.1533136,JERKING,f77aab4d35fa
1775841412177,94423319498461,5.3821654,-4.015076,8.614338,-1.7776178,0.77824235,1.382999,JERKING,f77aab4d35fa
1775841412198,94423339579028,3.6128504,-3.799598,8.772355,-1.2681563,1.0079277,1.5076154,JERKING,f77aab4d35fa
1775841412223,94423359659594,1.7860745,-3.2393548,8.66701,-0.5681047,1.0519099,1.5430456,JERKING,f77aab4d35fa
1775841412235,94423379709643,0.7469909,-2.645593,8.121132,-0.23701571,0.9505063,1.5198327,JERKING,f77aab4d35fa
1775841412256,94423399759692,0.33039984,-2.719813,8.111555,-0.37140608,0.8344419,1.4465289,JERKING,f77aab4d35fa
1775841412278,94423419840258,0.5602432,-3.3183637,8.394072,-0.82344633,0.71837753,1.3891076,JERKING,f77aab4d35fa
1775841412298,94423439920824,0.60094464,-3.787627,8.911219,-0.9077458,0.59864795,1.2999213,JERKING,f77aab4d35fa
1775841412319,94423459970873,0.51714754,-3.8259344,8.863335,-0.56077427,0.51923543,1.1911873,JERKING,f77aab4d35fa
1775841412354,94423480020922,0.19393034,-3.1268275,8.626308,-0.10873401,0.43249258,1.0616838,JERKING,f77aab4d35fa
1775841412360,94423500101488,-0.090979666,-2.5881321,8.334216,0.22724187,0.37384954,0.8918633,JERKING,f77aab4d35fa
1775841412380,94423520212572,-0.50757074,-2.3678656,8.034941,0.3323107,0.2919936,0.6988298,JERKING,f77aab4d35fa
1775841412396,94423540262621,-0.9888053,-2.1284454,7.587225,0.35185838,0.17837265,0.4728097,JERKING,f77aab4d35fa
1775841412420,94423560312670,-1.376666,-1.2569559,7.3789296,0.43371433,0.009773844,0.18936823,JERKING,f77aab4d35fa
1775841412438,94423580393237,-1.9488802,0.107739076,7.0485296,0.48624873,-0.22479841,-0.15271631,JERKING,f77aab4d35fa
1775841412456,94423600443285,-2.5258827,2.6647465,4.6710877,0.62796944,-0.41905355,-0.6719518,JERKING,f77aab4d35fa
1775841412477,94423620493334,-4.733337,8.195353,0.5410896,1.3707817,-0.5412266,-1.6151277,JERKING,f77aab4d35fa
1775841412525,94423640604418,-8.925584,12.08593,1.1683705,2.2589796,-0.9443977,-3.1105258,JERKING,f77aab4d35fa
1775841412533,94423660654467,-4.8506527,8.295909,9.375694,2.0451767,-3.1154127,-4.5998154,JERKING,f77aab4d35fa
1775841412541,94423680704516,6.5098343,4.915296,12.301409,1.6639969,-6.133087,-5.9266148,JERKING,f77aab4d35fa
1775841412558,94423700785082,15.6317425,4.618415,1.661576,1.5430456,-7.062824,-6.519154,JERKING,f77aab4d35fa
1775841412575,94423720835131,31.610645,9.330204,3.9791632,1.6664404,-7.4097953,-7.8410664,JERKING,f77aab4d35fa
1775841412596,94423740885180,44.139503,-12.945449,8.185776,-1.1948525,-4.808731,-5.6419516,JERKING,f77aab4d35fa
1775841412616,94423760965746,27.868507,-26.594793,4.8338933,-6.400646,2.574186,-2.9394836,JERKING,f77aab4d35fa
1775841412639,94423781015795,2.858677,-11.262324,10.8385515,-9.054245,5.0347514,-0.77213365,JERKING,f77aab4d35fa
1775841412659,94423801065844,-10.172963,-10.223241,17.384298,-7.7750926,3.0360003,1.6102408,JERKING,f77aab4d35fa
1775841412686,94423821146410,4.309563,-9.497798,11.219229,-3.0396655,-1.8093829,4.007276,JERKING,f77aab4d35fa
1775841412697,94423841196459,15.7323,-9.775525,4.6710877,3.196047,-2.7159069,3.4367278,JERKING,f77aab4d35fa
1775841412722,94423861277026,15.739482,-3.4859576,3.6990416,7.7689843,-1.1215485,2.9553661,JERKING,f77aab4d35fa
1775841412739,94423881327074,11.801021,1.6089035,5.221754,7.778758,0.93218035,2.687807,JERKING,f77aab4d35fa
1775841412759,94423901377123,6.184223,3.632004,7.431602,5.440366,2.2589796,2.411696,JERKING,f77aab4d35fa
1775841412777,94423921457690,3.2944214,3.1890767,8.504205,2.406809,2.053729,2.3921483,JERKING,f77aab4d35fa
1775841412799,94423941538256,3.9863458,1.6759412,8.516175,-0.6059783,1.1667526,2.4007003,JERKING,f77aab4d35fa
1775841412819,94423961588305,5.08289,-0.581791,8.568848,-2.4446826,0.85154617,2.2724187,JERKING,f77aab4d35fa
1775841412842,94423981607836,4.084508,-2.6791117,9.124303,-2.4569001,1.1081096,1.9999728,JERKING,f77aab4d35fa
1775841412857,94424001688403,1.9632454,-3.0933087,9.64145,-1.2302825,1.2644911,1.6798794,JERKING,f77aab4d35fa
1775841412890,94424021768969,0.89064306,-2.5187001,9.227253,0.06352998,1.0677924,1.4795157,JERKING,f77aab4d35fa
1775841412897,94424041880053,1.9512744,-1.5682021,8.149862,0.52412236,0.7733554,1.3390167,JERKING,f77aab4d35fa
1775841412918,94424061960619,3.1771057,-1.0845734,7.45315,0.23945917,0.7635816,1.1533136,JERKING,f77aab4d35fa
1775841412938,94424082010668,3.6367924,-1.0079589,7.2544312,-0.37018433,0.9773844,0.98715824,JERKING,f77aab4d35fa
1775841412961,94424102091235,2.96881,-1.0247183,7.1873937,-0.8197812,1.1337659,0.79901177,JERKING,f77aab4d35fa
1775841412992,94424122141283,1.8363527,-1.0510546,7.180211,-0.89675015,1.0995574,0.5876524,JERKING,f77aab4d35fa
1775841412999,94424142221850,0.9504981,-0.22744916,6.603208,-0.7012733,0.90285885,0.35796702,JERKING,f77aab4d35fa
1775841413018,94424162302416,-0.8690952,3.145981,3.2944214,-0.014660766,0.83077675,-0.12950343,JERKING,f77aab4d35fa
1775841413049,94424182352465,-5.0014873,8.248025,0.06464344,1.2131784,1.0152581,-1.237613,JERKING,f77aab4d35fa
1775841413058,94424202463549,-11.446678,14.29099,-0.5602432,1.6566665,0.3640757,-2.7146852,JERKING,f77aab4d35fa
1775841413079,94424222513598,-4.390966,9.653421,9.801862,1.7592919,-2.8209758,-4.454429,JERKING,f77aab4d35fa
1775841413099,94424242563647,8.89446,6.7564373,10.66138,1.3121386,-6.539923,-6.082996,JERKING,f77aab4d35fa
1775841413124,94424262613696,16.175226,5.901707,-1.9297266,0.5375614,-6.8197,-6.4165287,JERKING,f77aab4d35fa
1775841413165,94424282663744,33.825283,7.848193,6.8067155,0.112399206,-6.703635,-7.6419244,JERKING,f77aab4d35fa
1775841413174,94424302683276,37.47644,-21.255722,9.677363,-2.4483478,-3.5906658,-4.8576,JERKING,f77aab4d35fa
1775841413182,94424322733324,8.14268,-15.057135,3.406949,-7.8850484,3.50881,-2.107485,JERKING,f77aab4d35fa
1775841413200,94424342783373,-9.502586,-10.058042,19.15122,-9.9119,4.3090434,1.0629056,JERKING,f77aab4d35fa
1775841413220,94424362833422,0.7685388,-10.697293,11.401189,-5.326745,-0.7293731,3.159395,JERKING,f77aab4d35fa
1775841413241,94424382913988,14.614207,-9.385271,5.9400144,2.0891593,-2.8283062,2.8356364,JERKING,f77aab4d35fa
1775841413259,94424403025072,15.006856,-2.954445,5.12838,7.2790704,-1.1924089,2.5705209,JERKING,f77aab4d35fa
1775841413280,94424423075121,10.58716,1.8004397,5.9543796,7.297396,0.7049385,2.1868975,JERKING,f77aab4d35fa
1775841413325,94424443125170,4.6232033,3.1004913,6.9168487,5.4281487,1.8887954,1.844813,JERKING,f77aab4d35fa
1775841413334,94424463144701,1.6160861,2.7868507,7.419631,3.1264083,1.6371188,1.5919148,JERKING,f77aab4d35fa
1775841413340,94424483194750,2.4827871,2.8754363,7.831434,0.829555,0.6414085,1.2669345,JERKING,f77aab4d35fa
1775841413359,94424503244799,4.0940847,2.0398598,7.8505874,-0.8943067,0.15027285,0.9896017,JERKING,f77aab4d35fa
1775841413385,94424523325365,4.1946416,0.51954174,8.394072,-1.6432275,0.28344148,0.6218608,JERKING,f77aab4d35fa
1775841413401,94424543375414,3.490746,-1.0007763,9.624691,-1.3903292,0.40683624,0.25534168,JERKING,f77aab4d35fa
1775841413420,94424563425463,3.6104562,-1.9919758,9.284714,-0.65484756,0.27122417,0.065973446,JERKING,f77aab4d35fa
1775841413442,94424583506029,4.6686935,-2.135628,8.611943,-0.10262536,0.105068825,0.05009095,JERKING,f77aab4d35fa
1775841413483,94424603586596,6.069301,-1.9321208,8.051701,-0.17592919,0.18936823,0.15271631,JERKING,f77aab4d35fa
1775841413491,94424623636645,6.9527617,-2.135628,7.371747,-0.79534656,0.39461896,0.41538838,JERKING,f77aab4d35fa
1775841413502,94424643686694,6.7253127,-2.4756045,7.3885064,-1.4355333,0.68294734,0.689056,JERKING,f77aab4d35fa
1775841413521,94424663736742,5.4300494,-2.5713725,7.728483,-1.6285667,0.92485,0.86742866,JERKING,f77aab4d35fa
1775841413547,94424683756274,4.237737,-2.918532,7.8888946,-1.382999,0.9431759,1.0030408,JERKING,f77aab4d35fa
1775841413561,94424703836840,3.560178,-2.8921957,7.7787614,-1.0372492,0.784351,1.0616838,JERKING,f77aab4d35fa
1775841413579,94424723886889,3.5051112,-2.9903579,7.9631147,-0.88208944,0.6035349,1.0665708,JERKING,f77aab4d35fa
1775841413602,94424743967455,3.7708676,-3.3973722,8.274361,-0.91629785,0.47403142,1.0629056,JERKING,f77aab4d35fa
1775841413623,94424764017504,4.1419687,-3.6248214,8.9519205,-0.73792523,0.45448375,1.033584,JERKING,f77aab4d35fa
1775841413648,94424784067553,4.3646297,-3.7373488,9.028535,-0.39950588,0.5729916,1.047023,JERKING,f77aab4d35fa
1775841413662,94424804117602,3.9576154,-3.311181,8.772355,-0.29077184,0.75869465,1.0519099,JERKING,f77aab4d35fa
1775841413695,94424824198168,3.2010477,-2.9879637,8.750807,-0.5693264,0.95417154,1.0311406,JERKING,f77aab4d35fa
1775841413701,94424844248217,2.3535004,-3.2609026,8.899248,-1.0140363,1.0152581,1.0177015,JERKING,f77aab4d35fa
1775841413722,94424864298266,1.8028339,-3.5745432,8.779537,-1.1643091,1.0079277,0.9602802,JERKING,f77aab4d35fa
1775841413742,94424884348315,1.4030021,-3.7588966,8.2169,-0.9260717,0.9407325,0.8723156,JERKING,f77aab4d35fa
1775841413764,94424904428881,1.2306197,-3.4739866,8.063671,-0.56321776,0.88697636,0.7770206,JERKING,f77aab4d35fa
1775841413806,94424924478930,0.7350199,-3.3877954,8.063671,-0.40683624,0.87109387,0.7122689,JERKING,f77aab4d35fa
1775841413812,94424944559496,0.24181437,-3.1771057,8.073248,-0.2883284,0.79412484,0.59742624,JERKING,f77aab4d35fa
1775841413825,94424964609545,-0.12210429,-3.0573955,8.305486,-0.2932153,0.6780604,0.44104472,JERKING,f77aab4d35fa
1775841413842,94424984690112,-0.90021986,-1.3958195,7.675811,-0.056199603,0.6169739,0.19303341,JERKING,f77aab4d35fa
1775841413870,94425004740160,-3.4955344,4.699818,0.8619126,1.2608259,0.88697636,-0.52656585,JERKING,f77aab4d35fa
1775841413880,94425024790209,-15.449783,15.765819,-3.8498764,3.8142426,1.5308284,-2.3554964,JERKING,f77aab4d35fa
1775841413902,94425044840258,-14.444219,16.036364,10.278308,4.6352453,-1.0372492,-3.975511,JERKING,f77aab4d35fa
1775841413926,94425064890307,6.8929067,10.168175,9.44752,3.7971385,-6.8160343,-7.2827353,JERKING,f77aab4d35fa
1775841413965,94425084940356,16.563087,8.889671,-7.1610575,0.46792278,-7.606494,-7.444004,JERKING,f77aab4d35fa
1775841413972,94425105020922,64.9092,12.176909,0.8810662,-3.4245105,-7.801971,-8.36641,JERKING,f77aab4d35fa
1775841413985,94425125070971,32.264263,-39.142803,8.099585,-9.177639,-2.575408,-4.9712214,JERKING,f77aab4d35fa
1775841414002,94425145121020,-0.49320555,-23.848642,17.729063,-9.454972,4.9076915,-2.1453588,JERKING,f77aab4d35fa
1775841414023,94425165232104,-6.5481415,-13.582306,15.014039,0.29077184,1.8154916,1.9767599,JERKING,f77aab4d35fa
1775841414042,94425185282153,11.358093,-6.435614,4.173094,5.3206363,-1.5833627,4.0952406,JERKING,f77aab4d35fa
1775841414074,94425205362719,15.825673,-1.4317327,2.60968,6.6132274,-0.95539325,2.8136454,JERKING,f77aab4d35fa
1775841414092,94425225412768,11.532869,2.4157495,5.1116204,4.415334,1.2498302,2.453235,JERKING,f77aab4d35fa
1775841414095,94425245462817,4.7261543,3.7086184,7.503428,1.4941764,2.0195205,2.0683897,JERKING,f77aab4d35fa
1775841414116,94425265543383,1.4341269,1.5705963,7.785944,-0.7098254,1.6945401,1.8252654,JERKING,f77aab4d35fa
1775841414139,94425285593432,2.1619642,-0.93373865,8.02297,-1.7434094,0.752586,1.5222762,JERKING,f77aab4d35fa
1775841414160,94425305704516,3.7541082,-2.3558946,8.544906,-1.0922271,0.14294247,1.0726794,JERKING,f77aab4d35fa
1775841414181,94425325754565,4.0653543,-2.195483,8.578424,0.47158796,0.118507855,0.6719518,JERKING,f77aab4d35fa
1775841414202,94425345835131,4.0653543,-1.7477672,8.686164,1.6200147,0.10262536,0.41905355,JERKING,f77aab4d35fa
1775841414223,94425365915697,4.1611223,-1.3623008,8.942344,1.568702,0.1001819,0.24923302,JERKING,f77aab4d35fa
1775841414244,94425385996264,4.3119574,-1.721431,8.693346,0.7318166,0.15271631,0.2003638,JERKING,f77aab4d35fa
1775841414287,94425406076830,5.044583,-2.504335,8.48984,-0.33475417,0.2932153,0.24923302,JERKING,f77aab4d35fa
1775841414295,94425426126879,5.849035,-3.25372,7.908048,-1.1435398,0.49968776,0.46303585,JERKING,f77aab4d35fa
1775841414303,94425446176928,6.14831,-3.526659,7.9367785,-1.5931365,0.7623598,0.7806858,JERKING,f77aab4d35fa
1775841414323,94425466226977,5.3965306,-3.620033,7.93199,-1.7104226,0.8906415,1.0836749,JERKING,f77aab4d35fa
1775841414355,94425486307543,4.4675803,-3.5170822,8.154651,-1.351234,0.88086766,1.2913691,JERKING,f77aab4d35fa
1775841414363,94425506357592,3.466804,-3.4883518,8.070854,-0.73548174,0.77946407,1.423316,JERKING,f77aab4d35fa
1775841414383,94425526468676,3.064578,-3.667917,8.149862,-0.32498032,0.6218608,1.5063937,JERKING,f77aab4d35fa
1775841414404,94425546518725,3.1842883,-4.0342298,8.441956,-0.23090707,0.45937067,1.5381587,JERKING,f77aab4d35fa
1775841414426,94425566599291,3.5362358,-4.3143516,8.949526,-0.20525073,0.3494149,1.5870279,JERKING,f77aab4d35fa
1775841414453,94425586679858,3.787627,-4.510676,9.196129,-0.039095376,0.3359759,1.6358972,JERKING,f77aab4d35fa
1775841414463,94425606729906,3.5482068,-4.2305546,9.02614,0.17959438,0.4251622,1.6872098,JERKING,f77aab4d35fa
1775841414483,94425626779955,2.8682537,-3.679888,8.863335,0.3042109,0.5338962,1.7055358,JERKING,f77aab4d35fa
1775841414506,94425646860522,2.0470424,-3.1794999,8.9998045,0.22235495,0.6267477,1.6688838,JERKING,f77aab4d35fa
1775841414524,94425666910571,1.3215994,-2.669535,8.74123,0.18081611,0.6768387,1.5564847,JERKING,f77aab4d35fa
1775841414544,94425686960619,0.51954174,-1.9895816,8.463503,0.20891592,0.6805039,1.3976597,JERKING,f77aab4d35fa
1775841414562,94425707010668,-0.090979666,-1.316811,8.343793,0.2003638,0.6267477,1.205848,JERKING,f77aab4d35fa
1775841414586,94425727091235,-0.5626374,-0.82599956,8.133103,0.14538592,0.49480084,0.97249746,JERKING,f77aab4d35fa
1775841414613,94425747141283,-0.93613285,0.6967127,7.0485296,0.25289822,0.36285394,0.6389651,JERKING,f77aab4d35fa
1775841414626,94425767191332,-2.6384103,4.285621,2.956839,0.8906415,0.40561453,-0.029321533,JERKING,f77aab4d35fa
1775841414643,94425787241381,-7.3549876,8.918402,0.6655881,1.5980235,0.3213151,-1.0995574,JERKING,f77aab4d35fa
1775841414671,94425807291430,-7.5848308,9.512163,4.4603977,1.2327261,-1.0873401,-2.39337,JERKING,f77aab4d35fa
1775841414684,94425827341479,-0.06943185,7.5465236,8.480263,0.46792278,-3.6725218,-4.0805798,JERKING,f77aab4d35fa
1775841414707,94425847391528,4.096479,5.21936,6.0860605,-0.19058995,-4.6975536,-4.9309044,JERKING,f77aab4d35fa
1775841414724,94425867441576,9.208099,1.5634137,2.8682537,-1.4709635,-4.8649306,-5.249776,JERKING,f77aab4d35fa
1775841414745,94425887522143,28.847736,-9.7324295,15.95496,-3.159395,-5.137377,-4.9944344,JERKING,f77aab4d35fa
1775841414771,94425907572192,27.485435,-24.05215,7.5680714,-0.7892379,-1.3695599,-1.7739527,JERKING,f77aab4d35fa
1775841414785,94425927622240,10.242394,-11.686098,12.064383,0.029321533,2.6010642,0.204029,JERKING,f77aab4d35fa
1775841414803,94425947672289,3.9719806,-9.835381,11.075577,-1.0067059,1.8924606,1.9413297,JERKING,f77aab4d35fa
1775841414829,94425967691821,6.2249246,-8.480263,9.02614,0.29810223,0.6059783,3.3243287,JERKING,f77aab4d35fa
1775841414844,94425987772387,9.952697,-5.0661306,6.9886746,1.5796975,-0.11728613,3.8081338,JERKING,f77aab4d35fa
1775841414866,94426007791918,10.546458,-2.4037786,6.447585,1.1850786,0.43493605,3.5479054,JERKING,f77aab4d35fa
1775841414886,94426027903002,7.2807674,-1.8243817,8.1402855,-0.080634214,1.3854424,2.982244,JERKING,f77aab4d35fa
1775841414924,94426047953051,3.7373488,-2.7988217,9.904813,-0.9419542,1.8228219,2.574186,JERKING,f77aab4d35fa
1775841414931,94426068033617,2.5187001,-3.3207579,9.888053,-0.8979719,1.5296066,2.4349089,JERKING,f77aab4d35fa
1775841414947,94426088022631,1.2952632,-3.8402996,9.7324295,-0.6084218,1.3231341,2.3823745,JERKING,f77aab4d35fa
1775841414964,94426108103197,0.45010993,-2.7629087,9.01417,0.052534413,1.0445796,2.252871,JERKING,f77aab4d35fa
1775841414990,94426128183764,-1.0773908,-1.6184803,8.887277,0.5925393,1.0348058,1.9816469,JERKING,f77aab4d35fa
1775841415004,94426148233813,-2.44448,-0.641646,8.939949,0.82833326,0.98349303,1.6236799,JERKING,f77aab4d35fa
1775841415025,94426168314379,-2.5498247,-0.016759412,8.652645,0.9468411,0.6414085,1.2632693,JERKING,f77aab4d35fa
1775841415044,94426188364428,-1.4891934,0.29927522,8.307879,0.9138544,0.2919936,0.8784242,JERKING,f77aab4d35fa
1775841415084,94426208444994,-1.1348516,2.099715,6.3589997,0.9016371,0.15515977,0.32986724,JERKING,f77aab4d35fa
1775841415091,94426228495043,-2.743755,5.571307,2.9759927,1.4220943,0.26145032,-0.59986967,JERKING,f77aab4d35fa
1775841415105,94426248575610,-6.517017,10.378864,0.48841715,1.7641789,0.28344148,-1.7898352,JERKING,f77aab4d35fa
1775841415124,94426268625658,-8.7053175,11.015722,2.7605145,1.3903292,-0.6401868,-3.073874,JERKING,f77aab4d35fa
1775841415147,94426288645190,-1.7956513,7.3286514,7.1251445,0.33353242,-3.1239648,-4.4898596,JERKING,f77aab4d35fa
1775841415166,94426308725756,5.5760956,4.156334,9.301474,-0.5717699,-5.13982,-5.5820866,JERKING,f77aab4d35fa
1775841415186,94426328806322,12.284649,4.4603977,0.7757214,-1.6310102,-5.9302797,-6.467841,JERKING,f77aab4d35fa
1775841415206,94426348856371,35.810074,-0.33039984,10.395624,-1.4819591,-6.7696085,-7.4317865,JERKING,f77aab4d35fa
1775841415227,94426368936938,41.606438,-29.75035,6.981492,1.704314,-2.933375,-4.1856484,JERKING,f77aab4d35fa
1775841415250,94426388986987,9.284714,-9.545682,11.291056,1.6884315,3.940081,-2.6364944,JERKING,f77aab4d35fa
1775841415276,94426409067553,-1.3479356,-6.9743094,11.925519,-1.672549,3.1667254,1.0140363,JERKING,f77aab4d35fa
1775841415286,94426429117602,5.7867856,-7.0844426,10.01734,-1.4172074,0.9211848,3.1105258,JERKING,f77aab4d35fa
1775841415311,94426449167651,13.623008,-4.9344497,5.2361193,1.5271631,-0.29810223,3.781256,JERKING,f77aab4d35fa
1775841415325,94426469248217,13.199234,0.7302315,3.976769,2.6511552,0.5534439,3.1752775,JERKING,f77aab4d35fa
1775841415345,94426489298266,7.728483,3.1172507,5.4180784,1.219287,2.0317378,2.6951375,JERKING,f77aab4d35fa
1775841415366,94426509378832,2.5785553,3.122039,6.481104,-0.45937067,2.252871,2.3066273,JERKING,f77aab4d35fa
1775841415402,94426529459399,0.0047884034,2.219425,6.543353,-1.3732251,1.613906,1.9046779,JERKING,f77aab4d35fa
1775841415409,94426549539965,-0.05746084,0.93373865,6.703765,-1.4355333,0.70005155,1.4440855,JERKING,f77aab4d35fa
1775841415424,94426569620531,1.2737153,-0.29209262,7.015011,-0.8454375,0.07696902,1.0323622,JERKING,f77aab4d35fa
1775841415453,94426589670580,2.0614076,-0.92655605,8.540117,0.21135938,-0.095294975,0.63041294,JERKING,f77aab4d35fa
1775841415466,94426609720629,1.9369092,-0.9528923,9.514558,1.2742649,-0.18203785,0.2919936,JERKING,f77aab4d35fa
1775841415486,94426629770678,2.099715,-0.90740246,9.706094,1.7458528,-0.37751472,0.0720821,JERKING,f77aab4d35fa
1775841415506,94426649851244,3.2154129,-1.0175357,9.394848,1.2852604,-0.5656612,0.042760566,JERKING,f77aab4d35fa
1775841415527,94426669901293,5.0038815,-1.8674773,9.512163,0.33353242,-0.59131753,0.09773844,JERKING,f77aab4d35fa
1775841415565,94426689951342,6.9168487,-3.2609026,10.0029745,-0.4129449,-0.32742378,0.204029,JERKING,f77aab4d35fa
1775841415571,94426710001391,7.565677,-4.0773253,9.591172,-0.56688297,0.15027285,0.3640757,JERKING,f77aab4d35fa
1775841415586,94426730051440,6.019023,-3.2321723,9.392453,-0.32986724,0.6047566,0.40683624,JERKING,f77aab4d35fa
1775841415609,94426750132006,4.084508,-2.6288335,8.978256,-0.4092797,0.8063421,0.50335294,JERKING,f77aab4d35fa
1775841415626,94426770243090,3.1364043,-2.8419175,8.892065,-0.7367035,0.72326446,0.61575216,JERKING,f77aab4d35fa
1775841415647,94426790323656,3.4045548,-3.311181,8.662222,-0.8698721,0.48258355,0.67073005,JERKING,f77aab4d35fa
1775841415667,94426810373705,4.003105,-3.4715924,8.240842,-0.5448918,0.2724459,0.7098254,JERKING,f77aab4d35fa
1775841415687,94426830454272,4.2664676,-3.371036,8.317456,0.013439035,0.23823744,0.77579886,JERKING,f77aab4d35fa
1775841415727,94426850473803,4.060566,-3.0142999,8.506598,0.4007276,0.30665436,0.8258898,JERKING,f77aab4d35fa
1775841415733,94426870523852,3.5793316,-2.5785553,8.425196,0.48380527,0.31398472,0.8698721,JERKING,f77aab4d35fa
1775841415751,94426890604418,3.3135753,-2.4708161,8.461109,0.3005457,0.34208453,0.8772025,JERKING,f77aab4d35fa
1775841415767,94426910654467,3.0454245,-2.420538,8.485051,0.056199603,0.40317106,0.8503244,JERKING,f77aab4d35fa
1775841415791,94426930765551,2.815581,-2.743755,8.607155,-0.13683382,0.45814893,0.84421575,JERKING,f77aab4d35fa
1775841415806,94426950815600,2.9376855,-3.6583402,9.062054,-0.34330627,0.5290093,0.8698721,JERKING,f77aab4d35fa
1775841415827,94426970896166,3.1866825,-4.1491513,9.244013,-0.43493605,0.59986967,0.9126327,JERKING,f77aab4d35fa
1775841415848,94426990946215,2.846706,-4.086902,9.045294,-0.32742378,0.73792523,0.93462384,JERKING,f77aab4d35fa
1775841415883,94427010996264,2.27928,-3.7828386,8.734048,-0.3359759,0.86498517,0.96883225,JERKING,f77aab4d35fa
1775841415888,94427031076830,1.508347,-3.122039,8.432379,-0.45570546,0.94806284,0.95172805,JERKING,f77aab4d35fa
1775841415907,94427051096362,0.6967127,-2.585738,8.556877,-0.52290064,0.9334021,0.87598073,JERKING,f77aab4d35fa
1775841415935,94427071146410,-0.11731588,-1.2114661,8.02297,-0.32498032,0.8356637,0.71593404,JERKING,f77aab4d35fa
1775841415948,94427091226977,-1.5442601,1.541866,5.719748,0.6291912,0.95294976,0.27488935,JERKING,f77aab4d35fa
1775841415967,94427111368578,-4.0940847,5.9304376,1.9680338,1.9767599,1.0629056,-0.5546656,JERKING,f77aab4d35fa
1775841415989,94427131449145,-8.111555,11.2312,0.5554548,2.7598891,0.61086524,-1.677436,JERKING,f77aab4d35fa
1775841416009,94427151499194,-8.561666,13.888764,2.3989902,1.9779817,-1.0458013,-2.8441887,JERKING,f77aab4d35fa
1775841416048,94427171610278,-1.0726024,10.613496,7.539341,0.80756384,-3.6114354,-4.5301766,JERKING,f77aab4d35fa
1775841416054,94427191660326,4.560954,7.5680714,8.257602,0.2761111,-5.171585,-5.833763,JERKING,f77aab4d35fa
1775841416069,94427211771410,6.3063273,6.3661823,5.470751,-0.064751714,-5.477018,-6.183178,JERKING,f77aab4d35fa
1775841416089,94427231790942,12.98615,7.642292,1.0630256,-0.9505063,-6.0805526,-6.732957,JERKING,f77aab4d35fa
1775841416114,94427251810473,55.488018,1.2904748,14.539987,-0.8527679,-6.6168923,-7.629707,JERKING,f77aab4d35fa
1775841416129,94427271860522,27.31784,-24.104822,6.8306575,-0.5864306,-1.6554449,-5.018869,JERKING,f77aab4d35fa
1775841416149,94427291941088,8.796297,-13.946225,15.574282,-3.5931094,2.339614,-2.7159069,JERKING,f77aab4d35fa
1775841416171,94427311991137,0.6536171,-14.796166,15.389929,-6.0451226,3.2876768,1.3121386,JERKING,f77aab4d35fa
1775841416211,94427332071703,10.589554,-9.55047,9.911995,0.27488935,0.63529986,3.7849212,JERKING,f77aab4d35fa
1775841416218,94427352121752,16.010027,-3.8187518,5.035006,4.0231586,0.0036651916,4.3395867,JERKING,f77aab4d35fa
1775841416231,94427372171801,13.359646,0.6560113,5.499481,3.2950072,1.6077974,3.7971385,JERKING,f77aab4d35fa
1775841416250,94427392221850,7.2711906,2.4349031,7.61835,1.1618657,2.4727826,3.3890803,JERKING,f77aab4d35fa
1775841416275,94427412271899,3.41892,2.4947581,8.1163435,-0.675617,2.2956316,3.0885346,JERKING,f77aab4d35fa
1775841416289,94427432352465,1.6663644,1.0965444,7.8290396,-1.7385225,1.8887954,2.7855456,JERKING,f77aab4d35fa
1775841416308,94427452433031,1.3455414,-0.6560113,8.178593,-1.8912388,1.4037683,2.4642303,JERKING,f77aab4d35fa
1775841416330,94427472483080,0.9552865,-1.3575124,8.449138,-0.9663888,1.0152581,2.1649065,JERKING,f77aab4d35fa
1775841416370,94427492533129,0.33518824,-0.94331545,8.451532,0.37384954,0.72204274,1.8558086,JERKING,f77aab4d35fa
1775841416376,94427512583178,0.23942018,-0.545878,8.53054,1.1582005,0.47647488,1.536937,JERKING,f77aab4d35fa
1775841416389,94427532633227,0.62249243,-0.7445967,8.813056,1.3634512,0.33108896,1.1972959,JERKING,f77aab4d35fa
1775841416409,94427552652758,1.5682021,-1.4652514,8.556877,1.1643091,0.26145032,0.97127575,JERKING,f77aab4d35fa
1775841416427,94427572733324,2.9975405,-2.099715,8.968679,0.6450737,0.2968805,0.8038987,JERKING,f77aab4d35fa
1775841416450,94427592783373,4.3981485,-2.908955,9.045294,-0.21502456,0.40317106,0.829555,JERKING,f77aab4d35fa
1775841416471,94427612833422,4.807557,-3.7708676,8.7771435,-0.9578367,0.6768387,0.8491027,JERKING,f77aab4d35fa
1775841416493,94427632913988,3.9025488,-4.10845,8.772355,-1.1386528,1.0128145,0.8686504,JERKING,f77aab4d35fa
1775841416529,94427652964037,2.7748797,-4.31914,8.707711,-0.98349303,1.1215485,0.9663888,JERKING,f77aab4d35fa
1775841416537,94427673044604,2.3942018,-4.4843397,8.576031,-0.87964594,1.0213667,1.1398746,JERKING,f77aab4d35fa
1775841416550,94427693125170,2.719813,-4.489128,8.470686,-0.91751957,0.8918633,1.3133603,JERKING,f77aab4d35fa
1775841416571,94427713175219,2.89459,-4.1826706,8.39886,-0.8185594,0.893085,1.391551,JERKING,f77aab4d35fa
1775841416594,94427733255785,2.8921957,-3.6104562,8.736442,-0.4166101,1.0274754,1.3170254,JERKING,f77aab4d35fa
1775841416610,94427753305834,2.7126305,-3.1986535,7.553706,0.204029,1.2339478,1.1435398,JERKING,f77aab4d35fa
1775841416631,94427773386401,1.7956513,-2.3918076,7.299921,0.41905355,1.4453071,0.9492846,JERKING,f77aab4d35fa
1775841416652,94427793466967,0.12449849,-0.92176765,6.9958572,-0.0061086523,1.5247196,0.7855727,JERKING,f77aab4d35fa
1775841416671,94427813486498,-1.7860745,-0.20590134,6.9407907,-0.68294734,1.455081,0.59131753,JERKING,f77aab4d35fa
1775841416692,94427833506029,-2.9352913,-0.34237084,7.120356,-1.1863003,1.1691961,0.40194935,JERKING,f77aab4d35fa
1775841416709,94427853586596,-3.335123,-0.4237737,7.062895,-0.96761054,0.79412484,0.16493362,JERKING,f77aab4d35fa
1775841416730,94427873697680,-3.5865142,0.06703765,7.0940194,-0.25411993,0.5155703,-0.08552113,JERKING,f77aab4d35fa
1775841416750,94427893747729,-4.2640734,2.1499932,6.7971387,0.5119051,0.32620203,-0.44593164,JERKING,f77aab4d35fa
1775841416771,94427913828295,-5.547365,5.267244,5.5282116,1.3414601,0.26389378,-1.0348058,JERKING,f77aab4d35fa
1775841416789,94427933908862,-7.6255326,9.179369,2.6168625,1.9388863,0.1001819,-1.7886134,JERKING,f77aab4d35fa
1775841416812,94427953928393,-9.399636,9.909601,2.9999347,2.1600194,-0.7623598,-2.6755898,JERKING,f77aab4d35fa
1775841416848,94427973978442,-3.406949,6.8881183,4.8506527,1.767844,-2.8429668,-3.8227947,JERKING,f77aab4d35fa
1775841416855,94427993997973,1.8483237,5.602432,7.410054,1.2156218,-4.401895,-4.9614477,JERKING,f77aab4d35fa
1775841416870,94428014048022,3.6463692,5.645528,5.7843914,0.22968534,-5.1117206,-5.8496456,JERKING,f77aab4d35fa
1775841416900,94428034128588,14.204799,-0.6440403,7.7332716,-1.8362609,-6.2124996,-6.3432245,JERKING,f77aab4d35fa
1775841416909,94428054178637,53.077057,-30.10948,17.946936,-3.6517525,-5.2876496,-4.806288,JERKING,f77aab4d35fa
1775841416931,94428074259203,19.622877,-18.365921,15.856798,2.0744984,0.13561209,-2.8124237,JERKING,f77aab4d35fa
1775841416952,94428094339770,6.5505357,-13.623008,13.201628,-0.61941737,2.5008824,0.7257079,JERKING,f77aab4d35fa
1775841416975,94428114389819,7.371747,-11.767501,12.720393,-1.6786577,2.0879374,2.7525587,JERKING,f77aab4d35fa
1775841416992,94428134470385,9.923966,-5.5760956,8.425196,0.27122417,1.2425,3.82646,JERKING,f77aab4d35fa
1775841417015,94428154520434,8.475474,-1.7238252,6.2512608,0.7049385,1.6224581,3.748269,JERKING,f77aab4d35fa
1775841417032,94428174570483,4.8338933,-0.08140286,5.81791,-0.0842994,2.0476203,3.291342,JERKING,f77aab4d35fa
1775841417059,94428194620531,0.9648633,0.038307227,7.091625,-1.0458013,2.0659463,2.819754,JERKING,f77aab4d35fa
1775841417072,94428214670580,-1.4508862,0.21068975,8.073248,-1.2290609,1.6102408,2.420248,JERKING,f77aab4d35fa
1775841417092,94428234720629,-1.9488802,-0.50038815,7.867347,-0.6658431,1.0079277,2.1563544,JERKING,f77aab4d35fa
1775841417112,94428254801196,-2.327164,-1.0630256,7.85777,0.16126843,0.6536258,1.8423696,JERKING,f77aab4d35fa
1775841417134,94428274851244,-3.1172507,-0.6679823,8.293514,1.047023,0.46914452,1.5406022,JERKING,f77aab4d35fa
1775841417154,94428294901293,-3.8379054,0.25139117,8.872911,1.6554449,0.21135938,1.2962561,JERKING,f77aab4d35fa
1775841417178,94428314951342,-3.6774938,0.78050977,8.987833,1.7250835,-0.05131268,1.065349,JERKING,f77aab4d35fa
1775841417191,94428334970873,-2.813187,0.7134721,8.50181,1.4172074,-0.172264,0.7501425,JERKING,f77aab4d35fa
1775841417215,94428355051440,-2.7724855,1.3479356,7.0964136,1.1520919,-0.22357668,0.32620203,JERKING,f77aab4d35fa
1775841417230,94428375101488,-2.8538885,2.2098482,6.679823,0.86742866,-0.3213151,-0.20525073,JERKING,f77aab4d35fa
1775841417249,94428395151537,-2.918532,4.900931,4.185065,0.69027776,-0.39584067,-0.54733527,JERKING,f77aab4d35fa
1775841417270,94428415201586,-6.315904,9.581595,0.37828386,0.49357912,-0.3921755,-1.5418239,JERKING,f77aab4d35fa
1775841417293,94428435312670,-9.65821,11.834539,1.541866,0.13439035,-1.0494665,-2.833193,JERKING,f77aab4d35fa
1775841417312,94428455362719,-2.0254946,8.540117,7.4507556,-0.657291,-3.5845573,-4.681671,JERKING,f77aab4d35fa
1775841417335,94428475412768,6.76362,5.08289,9.457097,-1.2253957,-5.698151,-6.2442646,JERKING,f77aab4d35fa
1775841417351,94428495493334,15.418659,4.5872903,-0.4429273,-1.6994271,-6.455624,-6.8062606,JERKING,f77aab4d35fa
1775841417375,94428515573901,58.531048,6.0238113,6.337452,-0.5693264,-6.6303315,-8.262564,JERKING,f77aab4d35fa
1775841417391,94428535623949,27.538109,-28.002583,9.169792,-2.0134118,-1.3536774,-5.988923,JERKING,f77aab4d35fa
1775841417411,94428555673998,0.9816227,-18.368315,9.674969,-6.4067545,3.1520646,-3.0921998,JERKING,f77aab4d35fa
1775841417432,94428575754565,-7.225701,-16.71871,16.52478,-5.3878317,2.7036896,2.4813347,JERKING,f77aab4d35fa
1775841417453,94428595835131,11.626244,-10.170568,8.032547,1.4819591,-2.1294763,4.106236,JERKING,f77aab4d35fa
1775841417472,94428615885180,15.179238,-4.489128,3.6511576,6.3713245,-1.2082914,3.6224308,JERKING,f77aab4d35fa
1775841417499,94428635965746,11.506534,0.6631939,5.3558292,5.6908207,0.97494096,3.3609805,JERKING,f77aab4d35fa
1775841417511,94428656015795,7.9367785,2.0925324,6.227319,2.8845057,1.4941764,3.2070425,JERKING,f77aab4d35fa
1775841417540,94428676065844,4.8841715,1.436521,7.062895,0.6072,1.5467108,3.0115657,JERKING,f77aab4d35fa
1775841417552,94428696115893,2.8491,0.5243302,7.132327,-0.2687807,1.319469,2.5912905,JERKING,f77aab4d35fa
1775841417572,94428716165942,2.255338,0.3854665,7.668628,-0.1001819,0.7648033,2.098933,JERKING,f77aab4d35fa
1775841417593,94428736246508,2.4732103,0.48362875,7.8146744,0.44348818,0.34208453,1.5992452,JERKING,f77aab4d35fa
1775841417613,94428756327074,2.1499932,0.78290397,7.433996,0.9016371,0.13683382,1.0812315,JERKING,f77aab4d35fa
1775841417635,94428776377123,1.6879122,0.91697925,8.288726,1.2852604,-0.015882496,0.5363397,JERKING,f77aab4d35fa
1775841417658,94428796457690,1.8028339,0.7565677,8.394072,1.4844025,-0.23701571,0.1001819,JERKING,f77aab4d35fa
1775841417672,94428816507738,2.7246015,0.9744401,7.764396,1.287704,-0.45204028,-0.27855456,JERKING,f77aab4d35fa
1775841417699,94428836557787,4.0533834,0.9840169,7.750031,0.32986724,-0.5534439,-0.5656612,JERKING,f77aab4d35fa
1775841417713,94428856638354,5.5617304,0.038307227,7.85777,-0.97249746,-0.51068336,-0.6609562,JERKING,f77aab4d35fa
1775841417733,94428876718920,6.5601125,-1.3239936,7.5225816,-1.7067575,-0.3213151,-0.56077427,JERKING,f77aab4d35fa
1775841417765,94428896768969,6.7229185,-2.3056161,7.4148426,-1.5809193,-0.0842994,-0.4251622,JERKING,f77aab4d35fa
1775841417771,94428916819018,5.9783216,-2.4612393,7.845799,-1.0946705,0.065973446,-0.2406809,JERKING,f77aab4d35fa
1775841417793,94428936838549,5.080496,-2.3056161,8.018182,-0.72204274,0.09407325,-0.0720821,JERKING,f77aab4d35fa
1775841417816,94428956888598,4.817134,-2.8921957,7.929596,-0.6609562,0.017104227,0.13316862,JERKING,f77aab4d35fa
1775841417832,94428976938647,5.683835,-4.0174704,8.604761,-0.73914695,-0.07696902,0.3885103,JERKING,f77aab4d35fa
1775841417854,94428996988696,6.909666,-5.0014873,9.246407,-0.70616025,-0.07452556,0.7611381,JERKING,f77aab4d35fa
1775841417871,94429017008227,7.1873937,-4.8147397,9.660604,-0.43249258,0.13194689,1.2021828,JERKING,f77aab4d35fa
1775841417894,94429037088793,6.38773,-3.7684734,9.320627,-0.2125811,0.36163223,1.5454891,JERKING,f77aab4d35fa
1775841417915,94429057138842,5.48751,-3.5769374,9.198523,-0.3213151,0.5839872,1.7971655,JERKING,f77aab4d35fa
1775841417934,94429077188891,4.572925,-3.3806129,9.299079,-0.5021312,0.75991637,1.8423696,JERKING,f77aab4d35fa
1775841417979,94429097238940,3.478775,-2.5929205,9.126697,-0.33475417,0.8173377,1.7531832,JERKING,f77aab4d35fa
1775841417982,94429117319506,2.1380222,-1.9297266,8.748413,-0.13072516,0.79045963,1.6065756,JERKING,f77aab4d35fa
1775841417988,94429137369555,1.1994951,-1.6759412,8.061277,-0.10873401,0.68539083,1.3414601,JERKING,f77aab4d35fa
1775841418012,94429157419604,0.24899697,-1.4508862,7.702147,-0.19547687,0.4605924,1.0054842,JERKING,f77aab4d35fa
1775841418028,94429177500170,-0.49320555,-0.80924016,8.348581,-0.20769419,0.21868975,0.63529986,JERKING,f77aab4d35fa
1775841418048,94429197550219,-1.091756,0.093373865,7.575254,0.16615535,0.04886922,0.18203785,JERKING,f77aab4d35fa
1775841418068,94429217600268,-2.7126305,3.8642416,4.390966,1.0311406,0.03176499,-0.53878313,JERKING,f77aab4d35fa
1775841418088,94429237680834,-7.249643,9.337387,1.6256629,2.6169467,0.057421334,-1.91323,JERKING,f77aab4d35fa
1775841418107,94429257730883,-9.267955,10.359711,7.2687964,3.12763,-1.1630874,-3.5576792,JERKING,f77aab4d35fa
1775841418133,94429277780932,3.514688,6.55293,12.071565,2.3188446,-5.0237556,-5.3560667,JERKING,f77aab4d35fa
1775841418148,94429297800463,15.495274,4.9895163,4.295198,0.73792523,-6.787935,-6.073222,JERKING,f77aab4d35fa
1775841418170,94429317819994,28.457481,8.39886,-0.8834604,-1.0421361,-6.4531803,-6.764722,JERKING,f77aab4d35fa
1775841418188,94429337900561,38.69269,-15.588647,9.902418,-4.2601743,-3.5503488,-5.213124,JERKING,f77aab4d35fa
1775841418208,94429358011645,9.057265,-22.697033,-0.25378537,-10.263758,4.2858305,-0.7122689,JERKING,f77aab4d35fa
1775841418228,94429378061694,-12.938266,-10.156203,19.203892,-7.9351397,3.9596286,0.3933972,JERKING,f77aab4d35fa
1775841418260,94429398111742,2.3247697,-9.605537,9.617508,-1.0690142,-1.0213667,4.0060544,JERKING,f77aab4d35fa
1775841418270,94429418161791,14.45619,-7.228095,2.8538885,3.8166862,-3.1435125,2.9480357,JERKING,f77aab4d35fa
1775841418288,94429438211840,14.535198,-2.9113493,3.0142999,6.9785247,-0.97005403,2.6719246,JERKING,f77aab4d35fa
1775841418308,94429458322924,10.3214035,0.40222588,4.673482,6.64377,0.6218608,2.5411994,JERKING,f77aab4d35fa
1775841418330,94429478403490,5.875371,1.5753847,6.1076083,5.1935763,1.4013249,2.2858577,JERKING,f77aab4d35fa
1775841418352,94429498453539,3.596091,1.7597382,6.7684083,3.9742892,1.2082914,1.9730947,JERKING,f77aab4d35fa
1775841418375,94429518503588,4.1180267,2.408567,6.8761473,2.6572638,0.64873886,1.7238617,JERKING,f77aab4d35fa
1775841418394,94429538584154,4.5633483,2.7341783,6.5840545,1.1704178,0.49357912,1.3561208,JERKING,f77aab4d35fa
1775841418417,94429558603686,4.462792,3.0669725,7.0940194,0.376293,0.5534439,1.1582005,JERKING,f77aab4d35fa
1775841418450,94429578684252,3.691859,2.5019407,7.991845,-1.4831808,0.58032197,0.5143485,JERKING,f77aab4d35fa
1775841418456,94429598734301,3.454833,0.90740246,8.700529,-1.7837266,0.50335294,0.376293,JERKING,f77aab4d35fa
1775841418477,94429618845385,4.048595,-0.9672575,8.884883,-1.8252654,0.36774087,0.16371189,JERKING,f77aab4d35fa
1775841418498,94429638895434,5.0900726,-1.8531121,8.360553,-1.3866642,0.29443705,0.10262536,JERKING,f77aab4d35fa
1775841418514,94429659006518,6.033388,-1.7884687,8.4347725,-1.0555751,0.3115413,0.2443461,JERKING,f77aab4d35fa
1775841418536,94429679056567,6.739678,-1.9991584,8.413225,-1.1704178,0.43371433,0.5375614,JERKING,f77aab4d35fa
1775841418555,94429699106615,6.931214,-2.6431987,8.422802,-1.4648548,0.58276546,0.8197812,JERKING,f77aab4d35fa
1775841418577,94429719187182,5.81791,-2.4420857,8.39886,-1.3500122,0.77824235,0.93828905,JERKING,f77aab4d35fa
1775841418608,94429739298266,4.213795,-2.384625,8.659827,-1.0910053,0.87109387,1.0201449,JERKING,f77aab4d35fa
1775841418616,94429759348315,3.3446999,-3.1387985,9.076419,-1.0421361,0.8051204,1.0629056,JERKING,f77aab4d35fa
1775841418636,94429779428881,3.526659,-4.010288,9.246407,-0.93951076,0.61086524,1.0763446,JERKING,f77aab4d35fa
1775841418662,94429799478930,3.9121256,-4.2401314,8.736442,-0.57910025,0.43249258,1.1496484,JERKING,f77aab4d35fa
1775841418675,94429819498461,3.6727054,-3.9121256,8.631097,-0.18936823,0.40561453,1.2009611,JERKING,f77aab4d35fa
1775841418695,94429839579028,2.7724855,-3.514688,8.805874,0.112399206,0.4642576,1.1496484,JERKING,f77aab4d35fa
1775841418716,94429859690112,1.9057846,-2.9831753,8.722076,0.29077184,0.41538838,1.070236,JERKING,f77aab4d35fa
1775841418739,94429879740160,1.3694834,-2.3654714,8.485051,0.4129449,0.2602286,0.9285152,JERKING,f77aab4d35fa
1775841418763,94429899820727,0.80205756,-1.8674773,8.085219,0.53878313,0.12950343,0.6585127,JERKING,f77aab4d35fa
1775841418784,94429919901293,0.2753332,-0.93852705,7.489063,0.6414085,0.02321288,0.30543262,JERKING,f77aab4d35fa
1775841418798,94429939951342,-1.079785,3.083732,4.465186,1.1178834,-0.089186326,-0.22479841,JERKING,f77aab4d35fa
1775841418826,94429960031908,-4.596867,7.153875,2.135628,2.13925,-0.021991149,-1.3561208,JERKING,f77aab4d35fa
1775841418835,94429980081957,-7.6255326,6.9360023,2.7389667,1.5992452,-0.74281216,-2.289523,JERKING,f77aab4d35fa
1775841418855,94430000132006,-0.7038953,5.913678,9.267955,1.0201449,-3.5075881,-3.8557813,JERKING,f77aab4d35fa
1775841418877,94430020212572,9.643845,4.757279,10.220847,1.3377949,-5.7348027,-5.0298643,JERKING,f77aab4d35fa
1775841418897,94430040293139,16.82645,4.5657425,1.8483237,1.1215485,-5.924171,-5.6419516,JERKING,f77aab4d35fa
1775841418918,94430060343188,33.638535,0.79966336,8.664616,1.4966198,-5.3658404,-6.7195177,JERKING,f77aab4d35fa
1775841418943,94430080393237,26.149471,-18.772936,8.631097,1.2596041,-1.4880677,-4.206418,JERKING,f77aab4d35fa
1775841418958,94430100443285,2.825158,-7.3885064,10.366894,-3.1618385,3.4562755,-0.9932669,JERKING,f77aab4d35fa
1775841418985,94430120523852,-4.0581717,-5.473145,15.813703,-3.6713002,2.761111,1.8106046,JERKING,f77aab4d35fa
1775841418996,94430140604418,9.610326,-6.0501475,9.718064,-1.2974777,-0.65118235,4.075693,JERKING,f77aab4d35fa
1775841419017,94430160623949,17.269377,-4.6399627,4.405331,2.411696,-0.79534656,3.916868,JERKING,f77aab4d35fa
1775841419037,94430180704516,13.838486,0.8283938,4.9200845,4.04515,1.1533136,3.3695326,JERKING,f77aab4d35fa
1775841419059,94430200785082,9.263166,2.896984,6.519411,2.6438248,2.3383923,3.1435125,JERKING,f77aab4d35fa
1775841419104,94430220804613,6.3206925,2.96881,7.675811,0.49357912,2.2369885,3.0091221,JERKING,f77aab4d35fa
1775841419112,94430240885180,5.1786585,1.4867992,8.305486,-1.3561208,1.9120082,2.7757716,JERKING,f77aab4d35fa
1775841419119,94430260965746,4.345476,-0.34955344,8.614338,-2.035403,1.6358972,2.4959953,JERKING,f77aab4d35fa
1775841419139,94430281015795,3.2010477,-1.1923125,9.040505,-1.5601498,1.4807373,2.2174408,JERKING,f77aab4d35fa
1775841419166,94430301096362,2.1452048,-0.15083471,9.560047,-0.50579643,1.328021,1.8081611,JERKING,f77aab4d35fa
1775841419176,94430321176928,1.2018893,2.1691468,9.287108,0.8051204,1.1911873,1.1728612,JERKING,f77aab4d35fa
1775841419197,94430341196459,0.35434186,2.7844565,8.200141,0.95294976,1.0445796,0.7538077,JERKING,f77aab4d35fa
1775841419219,94430361246508,0.28491,1.4197617,7.6255326,-0.52534413,0.78801614,0.5412266,JERKING,f77aab4d35fa
1775841419240,94430381296557,0.6727707,1.6017209,5.5377884,-1.473407,0.59742624,0.09162979,JERKING,f77aab4d35fa
1775841419271,94430401316088,-2.72939,7.381324,-1.9680338,0.09162979,0.9969321,-1.1117748,JERKING,f77aab4d35fa
1775841419278,94430421427172,-13.893553,16.091429,1.2210429,2.6719246,1.0946705,-3.2058208,JERKING,f77aab4d35fa
1775841419298,94430441477221,-1.7429788,11.420342,9.263166,2.1148155,-3.1606169,-4.500855,JERKING,f77aab4d35fa
1775841419327,94430461557787,10.891224,6.969521,5.602432,0.14660765,-6.739065,-6.597345,JERKING,f77aab4d35fa
1775841419340,94430481607836,19.294872,6.703765,-2.9376855,-2.7256808,-6.631553,-7.191106,JERKING,f77aab4d35fa
1775841419366,94430501688403,51.992485,-0.8571242,5.023035,-4.1758747,-6.3578854,-7.8752747,JERKING,f77aab4d35fa
1775841419378,94430521768969,19.057846,-37.359123,-5.4180784,-6.4153066,1.3231341,-1.8301523,JERKING,f77aab4d35fa
1775841419425,94430541819018,-12.53604,-7.4507556,24.926033,-7.090924,5.9681535,-0.11362094,JERKING,f77aab4d35fa
1775841419435,94430561869067,-2.2170308,-8.003817,12.217611,0.6072,0.25289822,3.739717,JERKING,f77aab4d35fa
1775841419441,94430581949633,12.41633,-4.876989,2.5761611,5.2974234,-3.3878586,2.8136454,JERKING,f77aab4d35fa
1775841419457,94430601999682,15.282189,0.8738836,1.8459295,7.3633695,-1.282817,1.6053538,JERKING,f77aab4d35fa
1775841419482,94430622049731,10.15381,5.3725886,4.5633483,5.39394,1.0189233,1.5601498,JERKING,f77aab4d35fa
1775841419497,94430642130297,3.5673606,4.9440265,6.766014,1.328021,2.0073032,1.5858061,JERKING,f77aab4d35fa
1775841419519,94430662180346,2.0470424,1.9632454,7.3909006,-2.1783454,1.409877,1.5919148,JERKING,f77aab4d35fa
1775841419540,94430682230395,2.8107927,0.48602295,7.9583263,-3.657861,0.376293,1.5076154,JERKING,f77aab4d35fa
1775841419559,94430702280444,5.0996494,-1.9560628,8.214506,-3.522249,0.11728613,1.4453071,JERKING,f77aab4d35fa
1775841419583,94430722361010,5.6646814,-2.5019407,7.687782,-1.9792033,0.105068825,1.2131784,JERKING,f77aab4d35fa
1775841419598,94430742380541,5.0661306,-1.8411411,7.7572136,0.05009095,0.21991149,0.9285152,JERKING,f77aab4d35fa
1775841419622,94430762461108,4.855441,-1.0295067,7.620744,0.9798279,0.105068825,0.7672467,JERKING,f77aab4d35fa
1775841419639,94430782511156,5.2145715,-0.7254431,7.33344,0.75747293,-0.08674286,0.657291,JERKING,f77aab4d35fa
1775841419659,94430802591723,5.695806,-0.9768343,7.6231384,0.062308256,-0.1160644,0.56199604,JERKING,f77aab4d35fa
1775841419680,94430822641772,6.279991,-1.3192052,7.067683,-0.7147123,-0.13805555,0.6084218,JERKING,f77aab4d35fa
1775841419700,94430842691821,7.1059904,-2.0709844,7.4603324,-1.0458013,-0.1001819,0.75136423,JERKING,f77aab4d35fa
1775841419745,94430862741869,7.2424603,-2.9759927,7.8888946,-0.9016371,0.073303826,0.9615019,JERKING,f77aab4d35fa
1775841419753,94430882791918,6.291962,-2.6431987,7.943961,-0.3652974,0.16615535,1.0555751,JERKING,f77aab4d35fa
1775841419760,94430902841967,5.140351,-1.9847932,7.9631147,0.21746802,0.10140363,0.9468411,JERKING,f77aab4d35fa
1775841419779,94430922892016,5.00867,-2.2768857,8.259995,0.3481932,-0.073303826,0.8686504,JERKING,f77aab4d35fa
1775841419808,94430942972582,5.741296,-2.7964275,8.307879,0.22602014,-0.3005457,0.8246681,JERKING,f77aab4d35fa
1775841419818,94430963022631,6.6486983,-3.0023289,8.645462,0.36285394,-0.34697145,0.8258898,JERKING,f77aab4d35fa
1775841419839,94430983072680,7.007828,-3.2585084,9.009381,0.5693264,-0.17837265,0.8539896,JERKING,f77aab4d35fa
1775841419860,94431003153246,6.847417,-3.323152,9.064447,0.51923543,0.017104227,0.90408057,JERKING,f77aab4d35fa
1775841419894,94431023203295,6.6415157,-3.371036,8.971074,0.14782938,0.21380283,0.95172805,JERKING,f77aab4d35fa
1775841419900,94431043314379,6.38773,-4.1395745,8.810662,-0.34574974,0.40439278,1.0189233,JERKING,f77aab4d35fa
1775841419918,94431063364428,6.129156,-4.912902,8.607155,-0.5375614,0.593761,1.105666,JERKING,f77aab4d35fa
1775841419946,94431083444994,5.693412,-5.0134583,8.59279,-0.3359759,0.766025,1.1728612,JERKING,f77aab4d35fa
1775841419961,94431103495043,5.1690817,-4.63278,8.286332,-0.16249016,0.8735373,1.2351695,JERKING,f77aab4d35fa
1775841419981,94431123606127,4.498705,-4.0892963,7.6973586,-0.19181168,0.9370673,1.2705997,JERKING,f77aab4d35fa
1775841420002,94431143656176,3.7445314,-3.8067808,7.0581064,-0.2846632,0.9786061,1.2473868,JERKING,f77aab4d35fa
1775841420024,94431163706225,2.705448,-3.3542767,6.7684083,-0.3640757,0.91751957,1.1569787,JERKING,f77aab4d35fa
1775841420100,94431183786791,1.2186487,-0.6703765,4.4843397,-0.021991149,0.87964594,0.8735373,JERKING,f77aab4d35fa
1775841420105,94431203867358,-4.31914,6.691794,-5.4683566,1.8411479,1.2742649,-0.25289822,JERKING,f77aab4d35fa
1775841420110,94431223886889,-23.81273,11.482592,3.9983168,4.3041563,2.1184807,-2.307849,JERKING,f77aab4d35fa
1775841420117,94431243967455,-7.3549876,10.943896,15.387534,3.6248744,-3.8398988,-3.5283577,JERKING,f77aab4d35fa
1775841420122,94431264048022,7.359776,8.937555,8.085219,3.159395,-7.260744,-5.652947,JERKING,f77aab4d35fa
1775841420136,94431284098071,13.223176,11.255142,-5.877765,0.2443461,-5.9107323,-6.495941,JERKING,f77aab4d35fa
1775841420155,94431304117602,51.516037,2.6886885,15.205575,-2.7733283,-7.072598,-7.161784,JERKING,f77aab4d35fa
1775841420178,94431324167651,29.786263,-42.22414,6.622362,-9.224065,0.111177474,-1.5980235,JERKING,f77aab4d35fa
1775841420199,94431344217699,-2.0709844,-14.386758,14.597447,-6.2528167,5.3084188,-1.6224581,JERKING,f77aab4d35fa
1775841420220,94431364298266,-3.7086184,-8.53054,7.405266,1.0054842,1.2180653,1.3842206,JERKING,f77aab4d35fa
1775841420241,94431384378832,13.51048,-8.274361,4.2784386,3.8093557,-0.97127575,4.3029346,JERKING,f77aab4d35fa
1775841420261,94431404398363,18.29649,-0.260968,2.0805612,5.108055,-0.52534413,2.5986207,JERKING,f77aab4d35fa
1775841420282,94431424478930,13.103466,4.5657425,2.9472623,3.040887,1.690875,2.6621506,JERKING,f77aab4d35fa
1775841420303,94431444528979,6.114791,2.9735985,3.9863458,-0.41172317,2.6230555,2.7305677,JERKING,f77aab4d35fa
1775841420322,94431464548510,3.454833,0.074220255,4.5777135,-2.3176227,2.2088888,2.6132815,JERKING,f77aab4d35fa
1775841420345,94431484598559,3.8857894,-1.4197617,4.855441,-1.971873,1.0897835,2.488665,JERKING,f77aab4d35fa
1775841420364,94431504648608,4.8267107,-0.8475474,4.999093,-0.7171558,0.47647488,2.2247713,JERKING,f77aab4d35fa
1775841420385,94431524729174,4.5298295,0.47405192,4.8267107,0.19914207,0.3371976,1.8362609,JERKING,f77aab4d35fa
1775841420403,94431544809740,4.177882,0.80924016,5.410896,0.47158796,0.16493362,1.5210545,JERKING,f77aab4d35fa
1775841420424,94431564890307,3.8905778,-0.08619126,6.694188,0.48502702,-0.095294975,1.1325442,JERKING,f77aab4d35fa
1775841420444,94431584940356,3.8498764,-0.5243302,7.955932,0.61086524,-0.32253686,0.69027776,JERKING,f77aab4d35fa
1775841420467,94431605020922,4.572925,-0.39743748,8.611943,0.59131753,-0.5204572,0.4166101,JERKING,f77aab4d35fa
1775841420485,94431625101488,6.136339,-0.8355764,8.839393,-0.13439035,-0.5839872,0.3494149,JERKING,f77aab4d35fa
1775841420506,94431645212572,7.714118,-2.3678656,8.74123,-1.1655309,-0.4166101,0.5412266,JERKING,f77aab4d35fa
1775841420530,94431665262621,7.8793178,-3.739743,9.074024,-1.4844025,-0.021991149,0.72692966,JERKING,f77aab4d35fa
1775841420551,94431685282153,6.117185,-4.27365,9.153033,-1.0103711,0.36651915,0.8491027,JERKING,f77aab4d35fa
1775841420620,94431705332201,4.501099,-4.072537,8.686164,-0.44715336,0.3885103,0.86254174,JERKING,f77aab4d35fa
1775841420642,94431725412768,3.9384618,-3.7972038,8.516175,-0.032986723,0.23701571,0.71593404,JERKING,f77aab4d35fa
1775841420648,94431745462817,4.1299977,-3.4859576,8.425196,-0.030543262,0.037873644,0.63407815,JERKING,f77aab4d35fa
1775841420652,94431765512865,4.333505,-3.6032736,8.463503,-0.14049901,-0.021991149,0.56688297,JERKING,f77aab4d35fa
1775841420655,94431785593432,4.3406878,-3.952827,8.470686,-0.04886922,0.02565634,0.5412266,JERKING,f77aab4d35fa
1775841426244,94431805643481,3.7588966,-3.8833952,8.497022,0.22357668,0.05375614,0.5009095,JERKING,f77aab4d35fa
1775841426268,94431825693529,3.6152446,-3.655946,8.549694,0.37140608,0.036651913,0.453262,JERKING,f77aab4d35fa
1775841426271,94431845743578,3.2106245,-3.0358477,8.468291,0.6169739,-0.004886922,0.29565877,JERKING,f77aab4d35fa
1775841426273,94431865824145,2.861071,-2.2768857,8.267179,0.70738196,-0.010995574,0.112399206,JERKING,f77aab4d35fa
1775841426277,94431885904711,2.669535,-1.6328455,8.295909,0.71959925,0.0061086523,-0.0842994,JERKING,f77aab4d35fa
1775841426310,94431905954760,2.753332,-1.6543933,8.485051,0.5717699,0.056199603,-0.22479841,JERKING,f77aab4d35fa
1775841426330,94432297312182,0.38067806,1.8938135,7.9032598,1.1630874,-0.119729586,1.4355333,JERKING,f77aab4d35fa
1775841426359,94437324442309,3.0621839,-1.6472107,8.954314,0.095294975,0.009773844,0.013439035,JERKING,f77aab4d35fa
1775841426399,94437343892358,3.2632968,-1.8243817,8.932767,0.030543262,-0.015882496,0.03176499,JERKING,f77aab4d35fa
1775841426403,94437363911889,3.2585084,-1.8579005,8.899248,0.014660766,-0.014660766,0.02565634,JERKING,f77aab4d35fa
1775841426414,94437383931420,3.4356794,-1.9297266,9.018958,0.034208454,-0.02076942,0.015882496,JERKING,f77aab4d35fa
1775841426420,94437403950951,3.2944214,-1.8531121,8.99741,0.07086037,-0.004886922,-0.013439035,JERKING,f77aab4d35fa
1775841426423,94437424001000,3.181894,-1.7860745,8.968679,0.10873401,-0.0061086523,-0.0012217305,JERKING,f77aab4d35fa
1775841426424,94437444051049,3.2345665,-1.7118542,8.944737,0.10140363,-0.013439035,-0.007330383,JERKING,f77aab4d35fa
1775841426437,94437464070580,3.1962593,-1.769315,8.980651,0.07819075,-0.0036651916,-0.018325957,JERKING,f77aab4d35fa
1775841426442,94437484059594,3.2273839,-1.8052281,9.02614,0.065973446,-0.0036651916,-0.028099801,JERKING,f77aab4d35fa
1775841426447,94437504079125,3.2010477,-1.70946,9.011775,0.05497787,-0.008552114,-0.032986723,JERKING,f77aab4d35fa
1775841426453,94437524098656,3.1316159,-1.6687586,8.9758625,0.05497787,-0.013439035,-0.02687807,JERKING,f77aab4d35fa
1775841426462,94437544118188,3.217807,-1.6472107,8.987833,0.04520403,-0.017104227,-0.029321533,JERKING,f77aab4d35fa
1775841426471,94437564137719,3.145981,-1.7262194,9.050082,0.010995574,-0.014660766,-0.032986723,JERKING,f77aab4d35fa
1775841426484,94437584157250,3.217807,-1.7549498,9.090784,-0.0036651916,-0.030543262,-0.02321288,JERKING,f77aab4d35fa
1775841426499,94437604146264,3.2321723,-1.7764976,9.105149,0.0061086523,-0.029321533,-0.017104227,JERKING,f77aab4d35fa
1775841426505,94437624196313,3.2321723,-1.7429788,9.050082,0.009773844,-0.02565634,-0.013439035,JERKING,f77aab4d35fa
1775841426512,94437644215844,3.25372,-1.8363527,8.985439,0.013439035,-0.012217305,-0.012217305,JERKING,f77aab4d35fa
1775841426516,94437664235375,3.1723173,-1.6903064,8.992621,0.02321288,-0.0012217305,-0.019547688,JERKING,f77aab4d35fa
1775841426554,94437684254906,3.2082303,-1.7046716,8.937555,0.017104227,-0.0012217305,-0.02443461,JERKING,f77aab4d35fa
1775841426557,94437704274438,3.2249897,-1.7669208,8.992621,0.02321288,0.0012217305,-0.018325957,JERKING,f77aab4d35fa
1775841426578,94437724293969,3.2752678,-1.6543933,9.088389,0.043982297,-0.0012217305,-0.015882496,JERKING,f77aab4d35fa
1775841426592,94437744313500,3.1962593,-1.7118542,9.033323,0.043982297,0.0036651916,-0.010995574,JERKING,f77aab4d35fa
1775841426612,94437764333031,3.1962593,-1.7238252,9.107543,0.058643065,-0.0012217305,0.0012217305,JERKING,f77aab4d35fa
1775841426679,94437784352563,3.2273839,-1.6089035,9.040505,0.08307768,0.0036651916,0.010995574,JERKING,f77aab4d35fa
1775841426683,94437804372094,3.1842883,-1.661576,9.112331,0.07574729,0.008552114,0.0061086523,JERKING,f77aab4d35fa
1775841426691,94437824391625,3.2154129,-1.6112977,8.968679,0.07696902,0.010995574,0.009773844,JERKING,f77aab4d35fa
1775841426698,94437844411156,3.2082303,-1.5586253,9.038112,0.0720821,0.010995574,0.015882496,JERKING,f77aab4d35fa
1775841426746,94437864461205,3.2680852,-1.6256629,9.01417,0.052534413,0.008552114,0.013439035,JERKING,f77aab4d35fa
1775841426748,94437884450219,3.205836,-1.5227122,9.0429,0.04642576,0.013439035,0.0061086523,JERKING,f77aab4d35fa
1775841426750,94437904500268,3.2752678,-1.6256629,9.045294,0.042760566,0.010995574,0.008552114,JERKING,f77aab4d35fa
1775841426775,94437924519799,3.2225955,-1.5394717,9.078813,0.052534413,0.015882496,0.002443461,JERKING,f77aab4d35fa
1775841426796,94437944539330,3.2345665,-1.5873557,9.052477,0.04886922,0.013439035,-0.0012217305,JERKING,f77aab4d35fa
1775841426817,94437964558862,3.265691,-1.5490485,9.102755,0.05009095,0.018325957,-0.0061086523,JERKING,f77aab4d35fa
1775841426847,94437984578393,3.2824504,-1.5705963,9.059659,0.034208454,0.012217305,-0.010995574,JERKING,f77aab4d35fa
1775841426861,94438004597924,3.3159695,-1.5227122,9.155427,0.04520403,0.013439035,-0.008552114,JERKING,f77aab4d35fa
1775841426877,94438024586938,3.2465374,-1.4437037,9.107543,0.042760566,0.009773844,-0.0061086523,JERKING,f77aab4d35fa
1775841426902,94438044606469,3.1771057,-1.4987702,9.109938,0.015882496,0.010995574,-0.008552114,JERKING,f77aab4d35fa
1775841426913,94438064656518,3.241749,-1.4149733,9.059659,0.010995574,0.0036651916,-0.009773844,JERKING,f77aab4d35fa
1775841426936,94438084676049,3.1747115,-1.4580688,9.102755,-0.007330383,0.007330383,-0.012217305,JERKING,f77aab4d35fa
1775841426975,94438104695580,3.1675289,-1.5035586,9.179369,-0.02443461,0.009773844,-0.02076942,JERKING,f77aab4d35fa
1775841426979,94438124715112,3.2202013,-1.6950948,9.076419,-0.02443461,0.013439035,-0.014660766,JERKING,f77aab4d35fa
1775841426993,94438144734643,3.2034419,-1.532289,9.124303,0.0012217305,0.02076942,-0.017104227,JERKING,f77aab4d35fa
1775841427012,94438164754174,3.2441432,-1.6208745,9.018958,-0.004886922,0.017104227,-0.015882496,JERKING,f77aab4d35fa
1775841427043,94438184743188,3.2106245,-1.5562311,9.050082,-0.004886922,0.015882496,-0.014660766,JERKING,f77aab4d35fa
1775841427085,94438204762719,3.1842883,-1.541866,9.100361,-0.012217305,0.013439035,-0.02076942,JERKING,f77aab4d35fa
1775841427093,94438224812768,3.2465374,-1.6041151,9.062054,-0.02565634,0.009773844,-0.019547688,JERKING,f77aab4d35fa
1775841427096,94438244832299,3.2345665,-1.541866,9.038112,-0.02565634,0.017104227,-0.034208454,JERKING,f77aab4d35fa
1775841427117,94438264851830,3.2393548,-1.5179238,9.0716305,-0.042760566,0.02076942,-0.04642576,JERKING,f77aab4d35fa
1775841427160,94438284901879,3.2848446,-1.5682021,9.064447,-0.07086037,0.02321288,-0.06352998,JERKING,f77aab4d35fa
1775841427162,94438304951928,3.2106245,-1.5610195,9.035717,-0.08674286,0.021991149,-0.0720821,JERKING,f77aab4d35fa
1775841427173,94438324971459,3.2489316,-1.673547,9.114726,-0.080634214,0.008552114,-0.05009095,JERKING,f77aab4d35fa
1775841427200,94438344990990,3.2489316,-1.7477672,9.141062,-0.034208454,0.017104227,-0.056199603,JERKING,f77aab4d35fa
1775841427211,94438364980004,3.1052797,-1.5490485,9.102755,-0.002443461,0.02321288,-0.059864793,JERKING,f77aab4d35fa
1775841427234,94438385030053,3.1771057,-1.5251064,9.038112,-0.019547688,0.014660766,-0.05009095,JERKING,f77aab4d35fa
1775841427255,94438405049584,3.2465374,-1.6950948,9.0716305,-0.05131268,0.02321288,-0.07452556,JERKING,f77aab4d35fa
1775841427272,94438425069115,3.0765493,-1.6879122,9.167398,-0.015882496,0.032986723,-0.065973446,JERKING,f77aab4d35fa
1775841427304,94438445088647,3.2249897,-1.6424223,9.13388,-0.0061086523,0.0061086523,-0.02687807,JERKING,f77aab4d35fa
1775841427314,94438465108178,3.1986535,-1.5490485,9.124303,0.017104227,0.0061086523,-0.02321288,JERKING,f77aab4d35fa
1775841427339,94438485097192,3.1603463,-1.5442601,9.167398,0.010995574,0.013439035,-0.018325957,JERKING,f77aab4d35fa
1775841427351,94438505116723,3.2728736,-1.6017209,9.13388,-0.015882496,0.0036651916,-0.009773844,JERKING,f77aab4d35fa
1775841427378,94438525166772,3.205836,-1.6232687,9.143456,-0.014660766,0.013439035,-0.021991149,JERKING,f77aab4d35fa
1775841427400,94438545155785,3.277662,-1.5873557,9.109938,0.019547688,0.008552114,-0.0061086523,JERKING,f77aab4d35fa
1775841427423,94438565205834,3.1747115,-1.6424223,9.097966,0.02565634,0.014660766,-0.012217305,JERKING,f77aab4d35fa
1775841427433,94438585255883,3.1411927,-1.5849615,9.138668,0.034208454,0.007330383,-0.007330383,JERKING,f77aab4d35fa
1775841427451,94438605275414,3.1507695,-1.6543933,9.16261,0.021991149,-0.0036651916,0.008552114,JERKING,f77aab4d35fa
1775841427473,94438625294946,3.1483753,-1.5993267,9.121908,0.019547688,-0.009773844,0.018325957,JERKING,f77aab4d35fa
1775841427500,94438645314477,3.1842883,-1.5993267,9.160215,0.019547688,-0.0012217305,0.015882496,JERKING,f77aab4d35fa
1775841427516,94438665303490,3.2082303,-1.5969325,9.126697,0.018325957,-0.0036651916,0.02443461,JERKING,f77aab4d35fa
1775841427531,94438685353539,3.1244333,-1.6400281,9.093178,0.02443461,0.0036651916,0.02321288,JERKING,f77aab4d35fa
1775841427556,94438705373071,3.2130187,-1.6136919,9.062054,0.02321288,0.0,0.019547688,JERKING,f77aab4d35fa
1775841427573,94438725423119,3.1962593,-1.5921441,9.0429,0.008552114,0.008552114,0.015882496,JERKING,f77aab4d35fa
1775841427608,94438745412133,3.1842883,-1.6687586,9.169792,0.0061086523,0.004886922,0.021991149,JERKING,f77aab4d35fa
1775841427614,94438765462182,3.2106245,-1.6136919,9.052477,0.009773844,0.0,0.02443461,JERKING,f77aab4d35fa
1775841427642,94438785481713,3.2585084,-1.6663644,9.0476885,0.015882496,0.002443461,0.015882496,JERKING,f77aab4d35fa
1775841427652,94438805501244,3.1387985,-1.5801731,9.095572,0.02687807,0.007330383,0.012217305,JERKING,f77aab4d35fa
1775841427672,94438825520776,3.2249897,-1.6041151,9.107543,0.018325957,0.0012217305,0.018325957,JERKING,f77aab4d35fa
1775841427705,94438845509789,3.1986535,-1.5586253,9.097966,0.02321288,-0.0012217305,0.018325957,JERKING,f77aab4d35fa
1775841427711,94438865590356,3.1866825,-1.5658079,9.052477,0.008552114,0.0,0.014660766,JERKING,f77aab4d35fa
1775841427742,94438885609887,3.1555579,-1.553837,9.088389,-0.012217305,-0.008552114,0.02321288,JERKING,f77aab4d35fa
1775841427753,94438905629418,2.9879637,-1.5777789,9.141062,-0.02076942,-0.013439035,0.035430185,JERKING,f77aab4d35fa
1775841427780,94438925648949,3.2465374,-1.6065093,9.105149,-0.02565634,-0.02321288,0.04520403,JERKING,f77aab4d35fa
1775841427801,94438945698998,3.1914709,-1.7310078,9.119514,-0.02443461,-0.013439035,0.036651913,JERKING,f77aab4d35fa
1775841427817,94438965718529,3.2225955,-1.6160861,9.107543,-0.014660766,-0.0061086523,0.014660766,JERKING,f77aab4d35fa
1775841427834,94438985738061,3.181894,-1.6112977,9.109938,-0.021991149,0.0061086523,0.008552114,JERKING,f77aab4d35fa
1775841427856,94439005788110,3.1962593,-1.6711528,9.107543,-0.019547688,0.002443461,0.008552114,JERKING,f77aab4d35fa
1775841427872,94439025807641,3.2345665,-1.7190368,9.143456,-0.002443461,0.002443461,0.013439035,JERKING,f77aab4d35fa
1775841427900,94439045827172,3.193865,-1.6376339,9.129091,0.002443461,0.0012217305,0.010995574,JERKING,f77aab4d35fa
1775841427919,94439065877221,3.2082303,-1.5945383,9.131485,0.0036651916,0.0012217305,0.013439035,JERKING,f77aab4d35fa
1775841427931,94439085896752,3.2465374,-1.673547,9.083601,0.0036651916,0.0012217305,0.004886922,JERKING,f77aab4d35fa
1775841427952,94439105946801,3.2202013,-1.7190368,9.102755,0.002443461,0.002443461,0.007330383,JERKING,f77aab4d35fa
1775841427973,94439125966332,3.1771057,-1.6591818,9.109938,0.019547688,-0.002443461,0.004886922,JERKING,f77aab4d35fa
1775841428006,94439146016381,3.157952,-1.6328455,9.083601,0.02076942,0.0,0.0061086523,JERKING,f77aab4d35fa
1775841428013,94439166035912,3.13401,-1.7429788,9.112331,-0.0012217305,0.0012217305,0.0036651916,JERKING,f77aab4d35fa
1775841428038,94439186055444,3.181894,-1.7381904,9.069236,0.009773844,0.0036651916,0.002443461,JERKING,f77aab4d35fa
1775841428052,94439206074975,3.107674,-1.6112977,9.097966,0.04642576,0.004886922,0.010995574,JERKING,f77aab4d35fa
1775841428079,94439226094506,3.2273839,-1.6208745,9.126697,0.06352998,0.004886922,0.014660766,JERKING,f77aab4d35fa
1775841428104,94439246114037,3.3039982,-1.70946,9.136273,0.034208454,-0.002443461,0.008552114,JERKING,f77aab4d35fa
1775841428112,94439266133569,3.1507695,-1.6496049,9.16261,0.02321288,0.002443461,0.0,JERKING,f77aab4d35fa
1775841428139,94439286153100,3.1627405,-1.6136919,9.097966,0.002443461,0.0,0.0061086523,JERKING,f77aab4d35fa
1775841428154,94439306172631,3.1914709,-1.6256629,9.076419,0.0012217305,-0.0036651916,0.007330383,JERKING,f77aab4d35fa
1775841428178,94439326192162,3.2202013,-1.685518,9.131485,0.009773844,-0.0061086523,0.017104227,JERKING,f77aab4d35fa
1775841428205,94439346211694,3.1723173,-1.5227122,9.138668,0.032986723,-0.0061086523,0.017104227,JERKING,f77aab4d35fa
1775841428214,94439366231225,3.1866825,-1.4580688,9.093178,0.002443461,-0.015882496,0.018325957,JERKING,f77aab4d35fa
1775841428239,94439386281274,3.2345665,-1.5945383,9.011775,-0.040317107,-0.015882496,0.012217305,JERKING,f77aab4d35fa
1775841428253,94439406331322,3.2872388,-1.5682021,9.150639,0.004886922,-0.007330383,-0.0061086523,JERKING,f77aab4d35fa
1775841428284,94439426381371,3.0669725,-1.6089035,9.19134,0.010995574,0.004886922,0.008552114,JERKING,f77aab4d35fa
1775841428300,94439446400903,3.4141316,-1.733402,9.165004,0.02443461,-0.0012217305,0.015882496,JERKING,f77aab4d35fa
1775841428327,94439466389916,3.241749,-1.7788919,9.078813,0.062308256,0.02321288,-0.002443461,JERKING,f77aab4d35fa
1775841428334,94439486439965,3.2082303,-1.6424223,9.124303,0.11728613,0.021991149,-0.0012217305,JERKING,f77aab4d35fa
1775841428353,94439506490014,3.3854012,-1.5562311,9.114726,0.10873401,0.018325957,-0.014660766,JERKING,f77aab4d35fa
1775841428373,94439526509545,3.2465374,-1.376666,9.14585,0.064751714,0.04153884,-0.018325957,JERKING,f77aab4d35fa
1775841428402,94439546559594,3.071761,-1.4891934,9.174581,-0.032986723,0.057421334,-0.021991149,JERKING,f77aab4d35fa
1775841428426,94439566609643,2.9376855,-1.6352397,9.13388,-0.07574729,0.017104227,-0.035430185,JERKING,f77aab4d35fa
1775841428433,94439586629174,3.5051112,-1.7166426,9.062054,-0.07452556,-0.030543262,-0.05009095,JERKING,f77aab4d35fa
1775841428466,94439606618188,3.064578,-1.5466543,9.196129,-0.0012217305,0.039095376,-0.02565634,JERKING,f77aab4d35fa
1775841428502,94439626668237,3.217807,-1.6304513,9.126697,0.02076942,0.008552114,0.0012217305,JERKING,f77aab4d35fa
1775841428504,94439646687768,3.0909145,-1.553837,9.172187,0.02321288,0.02565634,0.002443461,JERKING,f77aab4d35fa
